solid ASCII
  facet normal 5.398127e-02 -7.746079e-02 -9.955329e-01
    outer loop
      vertex   6.352974e+00 8.490370e+00 7.992777e+00
      vertex   6.500000e+00 8.500000e+00 8.000000e+00
      vertex   6.361007e+00 8.419475e+00 7.998729e+00
    endloop
  endfacet
  facet normal 8.438517e-02 -1.300606e-01 -9.879086e-01
    outer loop
      vertex   6.361007e+00 8.419475e+00 7.998729e+00
      vertex   6.500000e+00 8.500000e+00 8.000000e+00
      vertex   6.500000e+00 8.370591e+00 8.017037e+00
    endloop
  endfacet
  facet normal 5.125515e-02 -2.191776e-01 -9.743378e-01
    outer loop
      vertex   6.361007e+00 8.419475e+00 7.998729e+00
      vertex   6.500000e+00 8.370591e+00 8.017037e+00
      vertex   6.366097e+00 8.349927e+00 8.014641e+00
    endloop
  endfacet
  facet normal 7.427506e-02 -3.741392e-01 -9.243934e-01
    outer loop
      vertex   6.366097e+00 8.349927e+00 8.014641e+00
      vertex   6.500000e+00 8.370591e+00 8.017037e+00
      vertex   6.370970e+00 8.262940e+00 8.050240e+00
    endloop
  endfacet
  facet normal 1.901491e-01 -3.626995e-01 -9.123006e-01
    outer loop
      vertex   6.366097e+00 8.349927e+00 8.014641e+00
      vertex   6.370970e+00 8.262940e+00 8.050240e+00
      vertex   6.232221e+00 8.325992e+00 7.996254e+00
    endloop
  endfacet
  facet normal 1.855508e-01 -3.708283e-01 -9.099765e-01
    outer loop
      vertex   6.232221e+00 8.325992e+00 7.996254e+00
      vertex   6.370970e+00 8.262940e+00 8.050240e+00
      vertex   6.241359e+00 8.241520e+00 8.032540e+00
    endloop
  endfacet
  facet normal 3.100312e-01 -3.467367e-01 -8.852425e-01
    outer loop
      vertex   6.232221e+00 8.325992e+00 7.996254e+00
      vertex   6.241359e+00 8.241520e+00 8.032540e+00
      vertex   6.099252e+00 8.286075e+00 7.965320e+00
    endloop
  endfacet
  facet normal 3.047676e-01 -3.589377e-01 -8.822020e-01
    outer loop
      vertex   6.099252e+00 8.286075e+00 7.965320e+00
      vertex   6.241359e+00 8.241520e+00 8.032540e+00
      vertex   6.111868e+00 8.205466e+00 8.002475e+00
    endloop
  endfacet
  facet normal 4.206834e-01 -3.246328e-01 -8.471358e-01
    outer loop
      vertex   6.099252e+00 8.286075e+00 7.965320e+00
      vertex   6.111868e+00 8.205466e+00 8.002475e+00
      vertex   5.968072e+00 8.230162e+00 7.921603e+00
    endloop
  endfacet
  facet normal 4.159340e-01 -3.400858e-01 -8.434101e-01
    outer loop
      vertex   5.968072e+00 8.230162e+00 7.921603e+00
      vertex   6.111868e+00 8.205466e+00 8.002475e+00
      vertex   5.983198e+00 8.154485e+00 7.959578e+00
    endloop
  endfacet
  facet normal 5.200815e-01 -2.977550e-01 -8.005356e-01
    outer loop
      vertex   5.968072e+00 8.230162e+00 7.921603e+00
      vertex   5.983198e+00 8.154485e+00 7.959578e+00
      vertex   5.839563e+00 8.158235e+00 7.864868e+00
    endloop
  endfacet
  facet normal 5.164321e-01 -3.163823e-01 -7.957387e-01
    outer loop
      vertex   5.839563e+00 8.158235e+00 7.864868e+00
      vertex   5.983198e+00 8.154485e+00 7.959578e+00
      vertex   5.856051e+00 8.088286e+00 7.903380e+00
    endloop
  endfacet
  facet normal 6.076941e-01 -2.682994e-01 -7.474780e-01
    outer loop
      vertex   5.839563e+00 8.158235e+00 7.864868e+00
      vertex   5.856051e+00 8.088286e+00 7.903380e+00
      vertex   5.714658e+00 8.070296e+00 7.794886e+00
    endloop
  endfacet
  facet normal 6.054582e-01 -2.908660e-01 -7.408221e-01
    outer loop
      vertex   5.714658e+00 8.070296e+00 7.794886e+00
      vertex   5.856051e+00 8.088286e+00 7.903380e+00
      vertex   5.731206e+00 8.006591e+00 7.833422e+00
    endloop
  endfacet
  facet normal 6.848853e-01 -2.385755e-01 -6.884867e-01
    outer loop
      vertex   5.714658e+00 8.070296e+00 7.794886e+00
      vertex   5.731206e+00 8.006591e+00 7.833422e+00
      vertex   5.595117e+00 7.966836e+00 7.711822e+00
    endloop
  endfacet
  facet normal 6.844152e-01 -2.634900e-01 -6.798153e-01
    outer loop
      vertex   5.595117e+00 7.966836e+00 7.711822e+00
      vertex   5.731206e+00 8.006591e+00 7.833422e+00
      vertex   5.610694e+00 7.909623e+00 7.749679e+00
    endloop
  endfacet
  facet normal 7.512902e-01 -2.095540e-01 -6.258195e-01
    outer loop
      vertex   5.595117e+00 7.966836e+00 7.711822e+00
      vertex   5.610694e+00 7.909623e+00 7.749679e+00
      vertex   5.482681e+00 7.848837e+00 7.616355e+00
    endloop
  endfacet
  facet normal 7.524671e-01 -2.359452e-01 -6.149172e-01
    outer loop
      vertex   5.482681e+00 7.848837e+00 7.616355e+00
      vertex   5.610694e+00 7.909623e+00 7.749679e+00
      vertex   5.496572e+00 7.798221e+00 7.652774e+00
    endloop
  endfacet
  facet normal 8.121671e-01 -1.770963e-01 -5.558970e-01
    outer loop
      vertex   5.482681e+00 7.848837e+00 7.616355e+00
      vertex   5.496572e+00 7.798221e+00 7.652774e+00
      vertex   5.362381e+00 7.693799e+00 7.489987e+00
    endloop
  endfacet
  facet normal 8.160413e-01 -2.079868e-01 -5.392756e-01
    outer loop
      vertex   5.362381e+00 7.693799e+00 7.489987e+00
      vertex   5.496572e+00 7.798221e+00 7.652774e+00
      vertex   5.373726e+00 7.650864e+00 7.523713e+00
    endloop
  endfacet
  facet normal 8.675267e-01 -1.446043e-01 -4.759065e-01
    outer loop
      vertex   5.362381e+00 7.693799e+00 7.489987e+00
      vertex   5.373726e+00 7.650864e+00 7.523713e+00
      vertex   5.256427e+00 7.522065e+00 7.349025e+00
    endloop
  endfacet
  facet normal 8.722895e-01 -1.752564e-01 -4.565044e-01
    outer loop
      vertex   5.256427e+00 7.522065e+00 7.349025e+00
      vertex   5.373726e+00 7.650864e+00 7.523713e+00
      vertex   5.264982e+00 7.486651e+00 7.378969e+00
    endloop
  endfacet
  facet normal 9.155345e-01 -1.067348e-01 -3.878198e-01
    outer loop
      vertex   5.256427e+00 7.522065e+00 7.349025e+00
      vertex   5.264982e+00 7.486651e+00 7.378969e+00
      vertex   5.146758e+00 7.286913e+00 7.154846e+00
    endloop
  endfacet
  facet normal 9.224520e-01 -1.440069e-01 -3.582519e-01
    outer loop
      vertex   5.146758e+00 7.286913e+00 7.154846e+00
      vertex   5.264982e+00 7.486651e+00 7.378969e+00
      vertex   5.151935e+00 7.260685e+00 7.178719e+00
    endloop
  endfacet
  facet normal 9.562178e-01 -6.992295e-02 -2.841799e-01
    outer loop
      vertex   5.146758e+00 7.286913e+00 7.154846e+00
      vertex   5.151935e+00 7.260685e+00 7.178719e+00
      vertex   5.066032e+00 7.034454e+00 6.945334e+00
    endloop
  endfacet
  facet normal 9.621360e-01 -1.064994e-01 -2.509029e-01
    outer loop
      vertex   5.066032e+00 7.034454e+00 6.945334e+00
      vertex   5.151935e+00 7.260685e+00 7.178719e+00
      vertex   5.068446e+00 7.017141e+00 6.961942e+00
    endloop
  endfacet
  facet normal 9.832488e-01 -3.454686e-02 -1.789643e-01
    outer loop
      vertex   5.066032e+00 7.034454e+00 6.945334e+00
      vertex   5.068446e+00 7.017141e+00 6.961942e+00
      vertex   5.016700e+00 6.770193e+00 6.725313e+00
    endloop
  endfacet
  facet normal 9.872261e-01 -6.948021e-02 -1.433774e-01
    outer loop
      vertex   5.016700e+00 6.770193e+00 6.725313e+00
      vertex   5.068446e+00 7.017141e+00 6.961942e+00
      vertex   5.017331e+00 6.761590e+00 6.733825e+00
    endloop
  endfacet
  facet normal 9.972652e-01 -8.928515e-06 -7.390655e-02
    outer loop
      vertex   5.016700e+00 6.770193e+00 6.725313e+00
      vertex   5.017331e+00 6.761590e+00 6.733825e+00
      vertex   5.000000e+00 6.500000e+00 6.500000e+00
    endloop
  endfacet
  facet normal 8.126612e-02 -3.814177e-01 -9.208237e-01
    outer loop
      vertex   6.500000e+00 8.370591e+00 8.017037e+00
      vertex   6.500000e+00 8.250000e+00 8.066987e+00
      vertex   6.370970e+00 8.262940e+00 8.050240e+00
    endloop
  endfacet
  facet normal 5.424109e-02 -5.433709e-01 -8.377386e-01
    outer loop
      vertex   6.370970e+00 8.262940e+00 8.050240e+00
      vertex   6.500000e+00 8.250000e+00 8.066987e+00
      vertex   6.373580e+00 8.184092e+00 8.101551e+00
    endloop
  endfacet
  facet normal 2.001016e-01 -5.297427e-01 -8.242160e-01
    outer loop
      vertex   6.370970e+00 8.262940e+00 8.050240e+00
      vertex   6.373580e+00 8.184092e+00 8.101551e+00
      vertex   6.241359e+00 8.241520e+00 8.032540e+00
    endloop
  endfacet
  facet normal 1.974124e-01 -5.336680e-01 -8.223301e-01
    outer loop
      vertex   6.241359e+00 8.241520e+00 8.032540e+00
      vertex   6.373580e+00 8.184092e+00 8.101551e+00
      vertex   6.246251e+00 8.164654e+00 8.083598e+00
    endloop
  endfacet
  facet normal 3.265619e-01 -5.084629e-01 -7.967577e-01
    outer loop
      vertex   6.241359e+00 8.241520e+00 8.032540e+00
      vertex   6.246251e+00 8.164654e+00 8.083598e+00
      vertex   6.111868e+00 8.205466e+00 8.002475e+00
    endloop
  endfacet
  facet normal 3.232783e-01 -5.143798e-01 -7.942950e-01
    outer loop
      vertex   6.111868e+00 8.205466e+00 8.002475e+00
      vertex   6.246251e+00 8.164654e+00 8.083598e+00
      vertex   6.118617e+00 8.131678e+00 8.053006e+00
    endloop
  endfacet
  facet normal 4.425017e-01 -4.787942e-01 -7.582535e-01
    outer loop
      vertex   6.111868e+00 8.205466e+00 8.002475e+00
      vertex   6.118617e+00 8.131678e+00 8.053006e+00
      vertex   5.983198e+00 8.154485e+00 7.959578e+00
    endloop
  endfacet
  facet normal 4.392298e-01 -4.863343e-01 -7.553517e-01
    outer loop
      vertex   5.983198e+00 8.154485e+00 7.959578e+00
      vertex   6.118617e+00 8.131678e+00 8.053006e+00
      vertex   5.991283e+00 8.084684e+00 8.009220e+00
    endloop
  endfacet
  facet normal 5.452070e-01 -4.430043e-01 -7.116857e-01
    outer loop
      vertex   5.983198e+00 8.154485e+00 7.959578e+00
      vertex   5.991283e+00 8.084684e+00 8.009220e+00
      vertex   5.856051e+00 8.088286e+00 7.903380e+00
    endloop
  endfacet
  facet normal 5.422178e-01 -4.521969e-01 -7.081793e-01
    outer loop
      vertex   5.856051e+00 8.088286e+00 7.903380e+00
      vertex   5.991283e+00 8.084684e+00 8.009220e+00
      vertex   5.864855e+00 8.023193e+00 7.951685e+00
    endloop
  endfacet
  facet normal 6.338759e-01 -4.037941e-01 -6.596603e-01
    outer loop
      vertex   5.856051e+00 8.088286e+00 7.903380e+00
      vertex   5.864855e+00 8.023193e+00 7.951685e+00
      vertex   5.731206e+00 8.006591e+00 7.833422e+00
    endloop
  endfacet
  facet normal 6.312628e-01 -4.151262e-01 -6.551164e-01
    outer loop
      vertex   5.731206e+00 8.006591e+00 7.833422e+00
      vertex   5.864855e+00 8.023193e+00 7.951685e+00
      vertex   5.740031e+00 7.946736e+00 7.879854e+00
    endloop
  endfacet
  facet normal 7.107236e-01 -3.627652e-01 -6.027216e-01
    outer loop
      vertex   5.731206e+00 8.006591e+00 7.833422e+00
      vertex   5.740031e+00 7.946736e+00 7.879854e+00
      vertex   5.610694e+00 7.909623e+00 7.749679e+00
    endloop
  endfacet
  facet normal 7.088008e-01 -3.754435e-01 -5.971965e-01
    outer loop
      vertex   5.610694e+00 7.909623e+00 7.749679e+00
      vertex   5.740031e+00 7.946736e+00 7.879854e+00
      vertex   5.618991e+00 7.855343e+00 7.793650e+00
    endloop
  endfacet
  facet normal 7.754096e-01 -3.216714e-01 -5.433853e-01
    outer loop
      vertex   5.610694e+00 7.909623e+00 7.749679e+00
      vertex   5.618991e+00 7.855343e+00 7.793650e+00
      vertex   5.496572e+00 7.798221e+00 7.652774e+00
    endloop
  endfacet
  facet normal 7.742139e-01 -3.352613e-01 -5.368358e-01
    outer loop
      vertex   5.496572e+00 7.798221e+00 7.652774e+00
      vertex   5.618991e+00 7.855343e+00 7.793650e+00
      vertex   5.503960e+00 7.749735e+00 7.693708e+00
    endloop
  endfacet
  facet normal 8.337489e-01 -2.764679e-01 -4.779417e-01
    outer loop
      vertex   5.496572e+00 7.798221e+00 7.652774e+00
      vertex   5.503960e+00 7.749735e+00 7.693708e+00
      vertex   5.373726e+00 7.650864e+00 7.523713e+00
    endloop
  endfacet
  facet normal 8.336240e-01 -2.925594e-01 -4.684870e-01
    outer loop
      vertex   5.373726e+00 7.650864e+00 7.523713e+00
      vertex   5.503960e+00 7.749735e+00 7.693708e+00
      vertex   5.379750e+00 7.609297e+00 7.560391e+00
    endloop
  endfacet
  facet normal 8.851247e-01 -2.291154e-01 -4.050438e-01
    outer loop
      vertex   5.373726e+00 7.650864e+00 7.523713e+00
      vertex   5.379750e+00 7.609297e+00 7.560391e+00
      vertex   5.264982e+00 7.486651e+00 7.378969e+00
    endloop
  endfacet
  facet normal 8.855936e-01 -2.452737e-01 -3.944170e-01
    outer loop
      vertex   5.264982e+00 7.486651e+00 7.378969e+00
      vertex   5.379750e+00 7.609297e+00 7.560391e+00
      vertex   5.269519e+00 7.452041e+00 7.410678e+00
    endloop
  endfacet
  facet normal 9.289768e-01 -1.763696e-01 -3.254165e-01
    outer loop
      vertex   5.264982e+00 7.486651e+00 7.378969e+00
      vertex   5.269519e+00 7.452041e+00 7.410678e+00
      vertex   5.151935e+00 7.260685e+00 7.178719e+00
    endloop
  endfacet
  facet normal 9.303569e-01 -1.962658e-01 -3.097026e-01
    outer loop
      vertex   5.151935e+00 7.260685e+00 7.178719e+00
      vertex   5.269519e+00 7.452041e+00 7.410678e+00
      vertex   5.154676e+00 7.234798e+00 7.203359e+00
    endloop
  endfacet
  facet normal 9.643902e-01 -1.214907e-01 -2.349288e-01
    outer loop
      vertex   5.151935e+00 7.260685e+00 7.178719e+00
      vertex   5.154676e+00 7.234798e+00 7.203359e+00
      vertex   5.068446e+00 7.017141e+00 6.961942e+00
    endloop
  endfacet
  facet normal 9.657620e-01 -1.412434e-01 -2.176101e-01
    outer loop
      vertex   5.068446e+00 7.017141e+00 6.961942e+00
      vertex   5.154676e+00 7.234798e+00 7.203359e+00
      vertex   5.069723e+00 6.999930e+00 6.978780e+00
    endloop
  endfacet
  facet normal 9.871193e-01 -6.830227e-02 -1.446730e-01
    outer loop
      vertex   5.068446e+00 7.017141e+00 6.961942e+00
      vertex   5.069723e+00 6.999930e+00 6.978780e+00
      vertex   5.017331e+00 6.761590e+00 6.733825e+00
    endloop
  endfacet
  facet normal 9.881311e-01 -8.733386e-02 -1.263717e-01
    outer loop
      vertex   5.017331e+00 6.761590e+00 6.733825e+00
      vertex   5.069723e+00 6.999930e+00 6.978780e+00
      vertex   5.017664e+00 6.752999e+00 6.742367e+00
    endloop
  endfacet
  facet normal 9.983203e-01 -1.649923e-02 -5.553638e-02
    outer loop
      vertex   5.017331e+00 6.761590e+00 6.733825e+00
      vertex   5.017664e+00 6.752999e+00 6.742367e+00
      vertex   5.000000e+00 6.500000e+00 6.500000e+00
    endloop
  endfacet
  facet normal 9.996407e-02 -6.057122e-01 -7.893795e-01
    outer loop
      vertex   6.500000e+00 8.250000e+00 8.066987e+00
      vertex   6.500000e+00 8.146447e+00 8.146446e+00
      vertex   6.373580e+00 8.184092e+00 8.101551e+00
    endloop
  endfacet
  facet normal 5.080126e-02 -6.902267e-01 -7.218077e-01
    outer loop
      vertex   6.373580e+00 8.184092e+00 8.101551e+00
      vertex   6.500000e+00 8.146447e+00 8.146446e+00
      vertex   6.373860e+00 8.116044e+00 8.166641e+00
    endloop
  endfacet
  facet normal 2.030789e-01 -6.763880e-01 -7.079960e-01
    outer loop
      vertex   6.373580e+00 8.184092e+00 8.101551e+00
      vertex   6.373860e+00 8.116044e+00 8.166641e+00
      vertex   6.246251e+00 8.164654e+00 8.083598e+00
    endloop
  endfacet
  facet normal 2.027702e-01 -6.767532e-01 -7.077354e-01
    outer loop
      vertex   6.246251e+00 8.164654e+00 8.083598e+00
      vertex   6.373860e+00 8.116044e+00 8.166641e+00
      vertex   6.246776e+00 8.097898e+00 8.147583e+00
    endloop
  endfacet
  facet normal 3.318403e-01 -6.513880e-01 -6.823311e-01
    outer loop
      vertex   6.246251e+00 8.164654e+00 8.083598e+00
      vertex   6.246776e+00 8.097898e+00 8.147583e+00
      vertex   6.118617e+00 8.131678e+00 8.053006e+00
    endloop
  endfacet
  facet normal 3.314420e-01 -6.519467e-01 -6.819910e-01
    outer loop
      vertex   6.118617e+00 8.131678e+00 8.053006e+00
      vertex   6.246776e+00 8.097898e+00 8.147583e+00
      vertex   6.119341e+00 8.066984e+00 8.115203e+00
    endloop
  endfacet
  facet normal 4.497506e-01 -6.163800e-01 -6.463746e-01
    outer loop
      vertex   6.118617e+00 8.131678e+00 8.053006e+00
      vertex   6.119341e+00 8.066984e+00 8.115203e+00
      vertex   5.991283e+00 8.084684e+00 8.009220e+00
    endloop
  endfacet
  facet normal 4.493250e-01 -6.171026e-01 -6.459810e-01
    outer loop
      vertex   5.991283e+00 8.084684e+00 8.009220e+00
      vertex   6.119341e+00 8.066984e+00 8.115203e+00
      vertex   5.992151e+00 8.022745e+00 8.068994e+00
    endloop
  endfacet
  facet normal 5.537212e-01 -5.742120e-01 -6.030534e-01
    outer loop
      vertex   5.991283e+00 8.084684e+00 8.009220e+00
      vertex   5.992151e+00 8.022745e+00 8.068994e+00
      vertex   5.864855e+00 8.023193e+00 7.951685e+00
    endloop
  endfacet
  facet normal 5.532932e-01 -5.751079e-01 -6.025923e-01
    outer loop
      vertex   5.864855e+00 8.023193e+00 7.951685e+00
      vertex   5.992151e+00 8.022745e+00 8.068994e+00
      vertex   5.865801e+00 7.964628e+00 8.008447e+00
    endloop
  endfacet
  facet normal 6.427826e-01 -5.277682e-01 -5.552397e-01
    outer loop
      vertex   5.864855e+00 8.023193e+00 7.951685e+00
      vertex   5.865801e+00 7.964628e+00 8.008447e+00
      vertex   5.740031e+00 7.946736e+00 7.879854e+00
    endloop
  endfacet
  facet normal 6.423542e-01 -5.288940e-01 -5.546641e-01
    outer loop
      vertex   5.740031e+00 7.946736e+00 7.879854e+00
      vertex   5.865801e+00 7.964628e+00 8.008447e+00
      vertex   5.740979e+00 7.892085e+00 7.933064e+00
    endloop
  endfacet
  facet normal 7.196152e-01 -4.779439e-01 -5.037098e-01
    outer loop
      vertex   5.740031e+00 7.946736e+00 7.879854e+00
      vertex   5.740979e+00 7.892085e+00 7.933064e+00
      vertex   5.618991e+00 7.855343e+00 7.793650e+00
    endloop
  endfacet
  facet normal 7.192331e-01 -4.792250e-01 -5.030379e-01
    outer loop
      vertex   5.618991e+00 7.855343e+00 7.793650e+00
      vertex   5.740979e+00 7.892085e+00 7.933064e+00
      vertex   5.619881e+00 7.805046e+00 7.842840e+00
    endloop
  endfacet
  facet normal 7.837989e-01 -4.270583e-01 -4.508665e-01
    outer loop
      vertex   5.618991e+00 7.855343e+00 7.793650e+00
      vertex   5.619881e+00 7.805046e+00 7.842840e+00
      vertex   5.503960e+00 7.749735e+00 7.693708e+00
    endloop
  endfacet
  facet normal 7.834781e-01 -4.284533e-01 -4.500998e-01
    outer loop
      vertex   5.503960e+00 7.749735e+00 7.693708e+00
      vertex   5.619881e+00 7.805046e+00 7.842840e+00
      vertex   5.504753e+00 7.704158e+00 7.738475e+00
    endloop
  endfacet
  facet normal 8.413561e-01 -3.712072e-01 -3.928425e-01
    outer loop
      vertex   5.503960e+00 7.749735e+00 7.693708e+00
      vertex   5.504753e+00 7.704158e+00 7.738475e+00
      vertex   5.379750e+00 7.609297e+00 7.560391e+00
    endloop
  endfacet
  facet normal 8.411111e-01 -3.728843e-01 -3.917772e-01
    outer loop
      vertex   5.379750e+00 7.609297e+00 7.560391e+00
      vertex   5.504753e+00 7.704158e+00 7.738475e+00
      vertex   5.380397e+00 7.569606e+00 7.599557e+00
    endloop
  endfacet
  facet normal 8.914022e-01 -3.108846e-01 -3.297769e-01
    outer loop
      vertex   5.379750e+00 7.609297e+00 7.560391e+00
      vertex   5.380397e+00 7.569606e+00 7.599557e+00
      vertex   5.269519e+00 7.452041e+00 7.410678e+00
    endloop
  endfacet
  facet normal 8.912336e-01 -3.125962e-01 -3.286126e-01
    outer loop
      vertex   5.269519e+00 7.452041e+00 7.410678e+00
      vertex   5.380397e+00 7.569606e+00 7.599557e+00
      vertex   5.270006e+00 7.418540e+00 7.443867e+00
    endloop
  endfacet
  facet normal 9.338454e-01 -2.447864e-01 -2.607920e-01
    outer loop
      vertex   5.269519e+00 7.452041e+00 7.410678e+00
      vertex   5.270006e+00 7.418540e+00 7.443867e+00
      vertex   5.154676e+00 7.234798e+00 7.203359e+00
    endloop
  endfacet
  facet normal 9.337497e-01 -2.469281e-01 -2.591099e-01
    outer loop
      vertex   5.154676e+00 7.234798e+00 7.203359e+00
      vertex   5.270006e+00 7.418540e+00 7.443867e+00
      vertex   5.154970e+00 7.209387e+00 7.228636e+00
    endloop
  endfacet
  facet normal 9.673870e-01 -1.729178e-01 -1.850992e-01
    outer loop
      vertex   5.154676e+00 7.234798e+00 7.203359e+00
      vertex   5.154970e+00 7.209387e+00 7.228636e+00
      vertex   5.069723e+00 6.999930e+00 6.978780e+00
    endloop
  endfacet
  facet normal 9.673460e-01 -1.750756e-01 -1.832763e-01
    outer loop
      vertex   5.069723e+00 6.999930e+00 6.978780e+00
      vertex   5.154970e+00 7.209387e+00 7.228636e+00
      vertex   5.069860e+00 6.982861e+00 6.995809e+00
    endloop
  endfacet
  facet normal 9.885620e-01 -1.024633e-01 -1.106641e-01
    outer loop
      vertex   5.069723e+00 6.999930e+00 6.978780e+00
      vertex   5.069860e+00 6.982861e+00 6.995809e+00
      vertex   5.017664e+00 6.752999e+00 6.742367e+00
    endloop
  endfacet
  facet normal 9.885536e-01 -1.045646e-01 -1.087565e-01
    outer loop
      vertex   5.017664e+00 6.752999e+00 6.742367e+00
      vertex   5.069860e+00 6.982861e+00 6.995809e+00
      vertex   5.017700e+00 6.744427e+00 6.750935e+00
    endloop
  endfacet
  facet normal 9.987233e-01 -3.356239e-02 -3.775410e-02
    outer loop
      vertex   5.017664e+00 6.752999e+00 6.742367e+00
      vertex   5.017700e+00 6.744427e+00 6.750935e+00
      vertex   5.000000e+00 6.500000e+00 6.500000e+00
    endloop
  endfacet
  facet normal 9.334674e-02 -7.898893e-01 -6.061034e-01
    outer loop
      vertex   6.500000e+00 8.146447e+00 8.146446e+00
      vertex   6.500000e+00 8.066987e+00 8.250000e+00
      vertex   6.373860e+00 8.116044e+00 8.166641e+00
    endloop
  endfacet
  facet normal 6.781655e-02 -8.116085e-01 -5.802522e-01
    outer loop
      vertex   6.373860e+00 8.116044e+00 8.166641e+00
      vertex   6.500000e+00 8.066987e+00 8.250000e+00
      vertex   6.371810e+00 8.061201e+00 8.243112e+00
    endloop
  endfacet
  facet normal 1.991866e-01 -7.988565e-01 -5.675852e-01
    outer loop
      vertex   6.373860e+00 8.116044e+00 8.166641e+00
      vertex   6.371810e+00 8.061201e+00 8.243112e+00
      vertex   6.246776e+00 8.097898e+00 8.147583e+00
    endloop
  endfacet
  facet normal 2.016198e-01 -7.965943e-01 -5.699008e-01
    outer loop
      vertex   6.246776e+00 8.097898e+00 8.147583e+00
      vertex   6.371810e+00 8.061201e+00 8.243112e+00
      vertex   6.242934e+00 8.043525e+00 8.222225e+00
    endloop
  endfacet
  facet normal 3.259291e-01 -7.720517e-01 -5.456248e-01
    outer loop
      vertex   6.246776e+00 8.097898e+00 8.147583e+00
      vertex   6.242934e+00 8.043525e+00 8.222225e+00
      vertex   6.119341e+00 8.066984e+00 8.115203e+00
    endloop
  endfacet
  facet normal 3.292336e-01 -7.684902e-01 -5.486602e-01
    outer loop
      vertex   6.119341e+00 8.066984e+00 8.115203e+00
      vertex   6.242934e+00 8.043525e+00 8.222225e+00
      vertex   6.114041e+00 8.013458e+00 8.186994e+00
    endloop
  endfacet
  facet normal 4.424385e-01 -7.343094e-01 -5.148184e-01
    outer loop
      vertex   6.119341e+00 8.066984e+00 8.115203e+00
      vertex   6.114041e+00 8.013458e+00 8.186994e+00
      vertex   5.992151e+00 8.022745e+00 8.068994e+00
    endloop
  endfacet
  facet normal 4.461713e-01 -7.295846e-01 -5.183025e-01
    outer loop
      vertex   5.992151e+00 8.022745e+00 8.068994e+00
      vertex   6.114041e+00 8.013458e+00 8.186994e+00
      vertex   5.985802e+00 7.970500e+00 8.137071e+00
    endloop
  endfacet
  facet normal 5.456116e-01 -6.886287e-01 -4.775966e-01
    outer loop
      vertex   5.992151e+00 8.022745e+00 8.068994e+00
      vertex   5.985802e+00 7.970500e+00 8.137071e+00
      vertex   5.865801e+00 7.964628e+00 8.008447e+00
    endloop
  endfacet
  facet normal 5.495993e-01 -6.826506e-01 -4.815899e-01
    outer loop
      vertex   5.865801e+00 7.964628e+00 8.008447e+00
      vertex   5.985802e+00 7.970500e+00 8.137071e+00
      vertex   5.858886e+00 7.914147e+00 8.072112e+00
    endloop
  endfacet
  facet normal 6.344258e-01 -6.377532e-01 -4.367777e-01
    outer loop
      vertex   5.865801e+00 7.964628e+00 8.008447e+00
      vertex   5.858886e+00 7.914147e+00 8.072112e+00
      vertex   5.740979e+00 7.892085e+00 7.933064e+00
    endloop
  endfacet
  facet normal 6.386960e-01 -6.301173e-01 -4.416103e-01
    outer loop
      vertex   5.740979e+00 7.892085e+00 7.933064e+00
      vertex   5.858886e+00 7.914147e+00 8.072112e+00
      vertex   5.734048e+00 7.843907e+00 7.991783e+00
    endloop
  endfacet
  facet normal 7.115705e-01 -5.820431e-01 -3.935649e-01
    outer loop
      vertex   5.740979e+00 7.892085e+00 7.933064e+00
      vertex   5.734048e+00 7.843907e+00 7.991783e+00
      vertex   5.619881e+00 7.805046e+00 7.842840e+00
    endloop
  endfacet
  facet normal 7.156894e-01 -5.732065e-01 -3.990277e-01
    outer loop
      vertex   5.619881e+00 7.805046e+00 7.842840e+00
      vertex   5.734048e+00 7.843907e+00 7.991783e+00
      vertex   5.613366e+00 7.759729e+00 7.896253e+00
    endloop
  endfacet
  facet normal 7.764648e-01 -5.240732e-01 -3.499281e-01
    outer loop
      vertex   5.619881e+00 7.805046e+00 7.842840e+00
      vertex   5.613366e+00 7.759729e+00 7.896253e+00
      vertex   5.504753e+00 7.704158e+00 7.738475e+00
    endloop
  endfacet
  facet normal 7.802442e-01 -5.142981e-01 -3.559727e-01
    outer loop
      vertex   5.504753e+00 7.704158e+00 7.738475e+00
      vertex   5.613366e+00 7.759729e+00 7.896253e+00
      vertex   5.498951e+00 7.662233e+00 7.786329e+00
    endloop
  endfacet
  facet normal 8.349933e-01 -4.600855e-01 -3.018403e-01
    outer loop
      vertex   5.504753e+00 7.704158e+00 7.738475e+00
      vertex   5.498951e+00 7.662233e+00 7.786329e+00
      vertex   5.380397e+00 7.569606e+00 7.599557e+00
    endloop
  endfacet
  facet normal 8.384922e-01 -4.481577e-01 -3.099767e-01
    outer loop
      vertex   5.380397e+00 7.569606e+00 7.599557e+00
      vertex   5.498951e+00 7.662233e+00 7.786329e+00
      vertex   5.375666e+00 7.532284e+00 7.640718e+00
    endloop
  endfacet
  facet normal 8.863618e-01 -3.890999e-01 -2.509265e-01
    outer loop
      vertex   5.380397e+00 7.569606e+00 7.599557e+00
      vertex   5.375666e+00 7.532284e+00 7.640718e+00
      vertex   5.270006e+00 7.418540e+00 7.443867e+00
    endloop
  endfacet
  facet normal 8.892026e-01 -3.767338e-01 -2.595967e-01
    outer loop
      vertex   5.270006e+00 7.418540e+00 7.443867e+00
      vertex   5.375666e+00 7.532284e+00 7.640718e+00
      vertex   5.266443e+00 7.386447e+00 7.478238e+00
    endloop
  endfacet
  facet normal 9.301422e-01 -3.114953e-01 -1.944383e-01
    outer loop
      vertex   5.270006e+00 7.418540e+00 7.443867e+00
      vertex   5.266443e+00 7.386447e+00 7.478238e+00
      vertex   5.154970e+00 7.209387e+00 7.228636e+00
    endloop
  endfacet
  facet normal 9.326254e-01 -2.957841e-01 -2.066923e-01
    outer loop
      vertex   5.154970e+00 7.209387e+00 7.228636e+00
      vertex   5.266443e+00 7.386447e+00 7.478238e+00
      vertex   5.152818e+00 7.184583e+00 7.254420e+00
    endloop
  endfacet
  facet normal 9.652094e-01 -2.239898e-01 -1.349048e-01
    outer loop
      vertex   5.154970e+00 7.209387e+00 7.228636e+00
      vertex   5.152818e+00 7.184583e+00 7.254420e+00
      vertex   5.069860e+00 6.982861e+00 6.995809e+00
    endloop
  endfacet
  facet normal 9.668861e-01 -2.079376e-01 -1.479637e-01
    outer loop
      vertex   5.069860e+00 6.982861e+00 6.995809e+00
      vertex   5.152818e+00 7.184583e+00 7.254420e+00
      vertex   5.068858e+00 6.965974e+00 7.012989e+00
    endloop
  endfacet
  facet normal 9.875784e-01 -1.369687e-01 -7.699690e-02
    outer loop
      vertex   5.069860e+00 6.982861e+00 6.995809e+00
      vertex   5.068858e+00 6.965974e+00 7.012989e+00
      vertex   5.017700e+00 6.744427e+00 6.750935e+00
    endloop
  endfacet
  facet normal 9.884942e-01 -1.211799e-01 -9.052386e-02
    outer loop
      vertex   5.017700e+00 6.744427e+00 6.750935e+00
      vertex   5.068858e+00 6.965974e+00 7.012989e+00
      vertex   5.017438e+00 6.735878e+00 6.759521e+00
    endloop
  endfacet
  facet normal 9.984767e-01 -5.120481e-02 -2.055185e-02
    outer loop
      vertex   5.017700e+00 6.744427e+00 6.750935e+00
      vertex   5.017438e+00 6.735878e+00 6.759521e+00
      vertex   5.000000e+00 6.500000e+00 6.500000e+00
    endloop
  endfacet
  facet normal 6.419992e-02 -8.937642e-01 -4.439188e-01
    outer loop
      vertex   6.371810e+00 8.061201e+00 8.243112e+00
      vertex   6.500000e+00 8.066987e+00 8.250000e+00
      vertex   6.369108e+00 8.032686e+00 8.300131e+00
    endloop
  endfacet
  facet normal 9.511167e-02 -9.196912e-01 -3.809486e-01
    outer loop
      vertex   6.369108e+00 8.032686e+00 8.300131e+00
      vertex   6.500000e+00 8.066987e+00 8.250000e+00
      vertex   6.500000e+00 8.017037e+00 8.370590e+00
    endloop
  endfacet
  facet normal 4.510681e-02 -9.542088e-01 -2.957212e-01
    outer loop
      vertex   6.369108e+00 8.032686e+00 8.300131e+00
      vertex   6.500000e+00 8.017037e+00 8.370590e+00
      vertex   6.363027e+00 8.003479e+00 8.393448e+00
    endloop
  endfacet
  facet normal 7.613793e-02 -9.885670e-01 -1.301473e-01
    outer loop
      vertex   6.363027e+00 8.003479e+00 8.393448e+00
      vertex   6.500000e+00 8.017037e+00 8.370590e+00
      vertex   6.500000e+00 8.000000e+00 8.500000e+00
    endloop
  endfacet
  facet normal 5.558892e-02 -9.930354e-01 -1.038773e-01
    outer loop
      vertex   6.363027e+00 8.003479e+00 8.393448e+00
      vertex   6.500000e+00 8.000000e+00 8.500000e+00
      vertex   6.352974e+00 7.992777e+00 8.490369e+00
    endloop
  endfacet
  facet normal 1.543422e-01 -9.836684e-01 -9.260085e-02
    outer loop
      vertex   6.363027e+00 8.003479e+00 8.393448e+00
      vertex   6.352974e+00 7.992777e+00 8.490369e+00
      vertex   6.226456e+00 7.984429e+00 8.368182e+00
    endloop
  endfacet
  facet normal 1.662312e-01 -9.804666e-01 -1.051300e-01
    outer loop
      vertex   6.226456e+00 7.984429e+00 8.368182e+00
      vertex   6.352974e+00 7.992777e+00 8.490369e+00
      vertex   6.207365e+00 7.971178e+00 8.461570e+00
    endloop
  endfacet
  facet normal 2.533890e-01 -9.636296e-01 -8.492313e-02
    outer loop
      vertex   6.226456e+00 7.984429e+00 8.368182e+00
      vertex   6.207365e+00 7.971178e+00 8.461570e+00
      vertex   6.091285e+00 7.952582e+00 8.326231e+00
    endloop
  endfacet
  facet normal 2.741379e-01 -9.560768e-01 -1.037571e-01
    outer loop
      vertex   6.091285e+00 7.952582e+00 8.326231e+00
      vertex   6.207365e+00 7.971178e+00 8.461570e+00
      vertex   6.064573e+00 7.935411e+00 8.413881e+00
    endloop
  endfacet
  facet normal 3.484774e-01 -9.341648e-01 -7.680912e-02
    outer loop
      vertex   6.091285e+00 7.952582e+00 8.326231e+00
      vertex   6.064573e+00 7.935411e+00 8.413881e+00
      vertex   5.958507e+00 7.907861e+00 8.267733e+00
    endloop
  endfacet
  facet normal 3.772381e-01 -9.206772e-01 -1.002245e-01
    outer loop
      vertex   5.958507e+00 7.907861e+00 8.267733e+00
      vertex   6.064573e+00 7.935411e+00 8.413881e+00
      vertex   5.925975e+00 7.885819e+00 8.347759e+00
    endloop
  endfacet
  facet normal 4.389116e-01 -8.959279e-01 -6.833658e-02
    outer loop
      vertex   5.958507e+00 7.907861e+00 8.267733e+00
      vertex   5.925975e+00 7.885819e+00 8.347759e+00
      vertex   5.829119e+00 7.850188e+00 8.192824e+00
    endloop
  endfacet
  facet normal 4.739171e-01 -8.754373e-01 -9.493207e-02
    outer loop
      vertex   5.829119e+00 7.850188e+00 8.192824e+00
      vertex   5.925975e+00 7.885819e+00 8.347759e+00
      vertex   5.792905e+00 7.822882e+00 8.263842e+00
    endloop
  endfacet
  facet normal 5.240115e-01 -8.496327e-01 -5.946581e-02
    outer loop
      vertex   5.829119e+00 7.850188e+00 8.192824e+00
      vertex   5.792905e+00 7.822882e+00 8.263842e+00
      vertex   5.704155e+00 7.779497e+00 8.101659e+00
    endloop
  endfacet
  facet normal 5.630757e-01 -8.216721e-01 -8.832222e-02
    outer loop
      vertex   5.704155e+00 7.779497e+00 8.101659e+00
      vertex   5.792905e+00 7.822882e+00 8.263842e+00
      vertex   5.666645e+00 7.747205e+00 8.162939e+00
    endloop
  endfacet
  facet normal 6.032221e-01 -7.959909e-01 -5.021520e-02
    outer loop
      vertex   5.704155e+00 7.779497e+00 8.101659e+00
      vertex   5.666645e+00 7.747205e+00 8.162939e+00
      vertex   5.585209e+00 7.696093e+00 7.994877e+00
    endloop
  endfacet
  facet normal 6.440086e-01 -7.607504e-01 -8.069601e-02
    outer loop
      vertex   5.585209e+00 7.696093e+00 7.994877e+00
      vertex   5.666645e+00 7.747205e+00 8.162939e+00
      vertex   5.548410e+00 7.659516e+00 8.046021e+00
    endloop
  endfacet
  facet normal 6.752221e-01 -7.364808e-01 -4.088037e-02
    outer loop
      vertex   5.585209e+00 7.696093e+00 7.994877e+00
      vertex   5.548410e+00 7.659516e+00 8.046021e+00
      vertex   5.473826e+00 7.600710e+00 7.873534e+00
    endloop
  endfacet
  facet normal 7.173174e-01 -6.928087e-01 -7.397187e-02
    outer loop
      vertex   5.473826e+00 7.600710e+00 7.873534e+00
      vertex   5.548410e+00 7.659516e+00 8.046021e+00
      vertex   5.439340e+00 7.560660e+00 7.914213e+00
    endloop
  endfacet
  facet normal 7.436772e-01 -6.679859e-01 -2.718730e-02
    outer loop
      vertex   5.473826e+00 7.600710e+00 7.873534e+00
      vertex   5.439340e+00 7.560660e+00 7.914213e+00
      vertex   5.355129e+00 7.475030e+00 7.714642e+00
    endloop
  endfacet
  facet normal 7.782010e-01 -6.251288e-01 -6.014358e-02
    outer loop
      vertex   5.355129e+00 7.475030e+00 7.714642e+00
      vertex   5.439340e+00 7.560660e+00 7.914213e+00
      vertex   5.340484e+00 7.451590e+00 7.768786e+00
    endloop
  endfacet
  facet normal 8.193806e-01 -5.726470e-01 -2.628533e-02
    outer loop
      vertex   5.355129e+00 7.475030e+00 7.714642e+00
      vertex   5.340484e+00 7.451590e+00 7.768786e+00
      vertex   5.252796e+00 7.333355e+00 7.611140e+00
    endloop
  endfacet
  facet normal 8.228434e-01 -5.670369e-01 -3.738819e-02
    outer loop
      vertex   5.355129e+00 7.475030e+00 7.714642e+00
      vertex   5.252796e+00 7.333355e+00 7.611140e+00
      vertex   5.250945e+00 7.335416e+00 7.539180e+00
    endloop
  endfacet
  facet normal 8.777370e-01 -4.777700e-01 -3.624394e-02
    outer loop
      vertex   5.250945e+00 7.335416e+00 7.539180e+00
      vertex   5.252796e+00 7.333355e+00 7.611140e+00
      vertex   5.177118e+00 7.207095e+00 7.442793e+00
    endloop
  endfacet
  facet normal 8.583513e-01 -5.124631e-01 2.479197e-02
    outer loop
      vertex   5.250945e+00 7.335416e+00 7.539180e+00
      vertex   5.177118e+00 7.207095e+00 7.442793e+00
      vertex   5.143433e+00 7.143744e+00 7.299529e+00
    endloop
  endfacet
  facet normal 9.304889e-01 -3.615537e-01 -5.890109e-02
    outer loop
      vertex   5.143433e+00 7.143744e+00 7.299529e+00
      vertex   5.177118e+00 7.207095e+00 7.442793e+00
      vertex   5.114181e+00 7.074025e+00 7.265367e+00
    endloop
  endfacet
  facet normal 9.132444e-01 -4.049765e-01 4.448339e-02
    outer loop
      vertex   5.143433e+00 7.143744e+00 7.299529e+00
      vertex   5.114181e+00 7.074025e+00 7.265367e+00
      vertex   5.064478e+00 6.937491e+00 7.042751e+00
    endloop
  endfacet
  facet normal 9.494744e-01 -3.132138e-01 -1.988516e-02
    outer loop
      vertex   5.064478e+00 6.937491e+00 7.042751e+00
      vertex   5.114181e+00 7.074025e+00 7.265367e+00
      vertex   5.064589e+00 6.935427e+00 7.080569e+00
    endloop
  endfacet
  facet normal 9.744779e-01 -2.239758e-01 -1.508866e-02
    outer loop
      vertex   5.064478e+00 6.937491e+00 7.042751e+00
      vertex   5.064589e+00 6.935427e+00 7.080569e+00
      vertex   5.028822e+00 6.792636e+00 6.890180e+00
    endloop
  endfacet
  facet normal 9.295989e-01 -3.501187e-01 1.151641e-01
    outer loop
      vertex   5.064478e+00 6.937491e+00 7.042751e+00
      vertex   5.028822e+00 6.792636e+00 6.890180e+00
      vertex   5.016294e+00 6.721257e+00 6.774307e+00
    endloop
  endfacet
  facet normal 9.953666e-01 -2.324908e-02 -9.329970e-02
    outer loop
      vertex   5.016294e+00 6.721257e+00 6.774307e+00
      vertex   5.028822e+00 6.792636e+00 6.890180e+00
      vertex   5.007223e+00 6.647026e+00 6.696034e+00
    endloop
  endfacet
  facet normal 9.026184e-01 -3.596582e-01 2.364866e-01
    outer loop
      vertex   5.016294e+00 6.721257e+00 6.774307e+00
      vertex   5.007223e+00 6.647026e+00 6.696034e+00
      vertex   5.000000e+00 6.500000e+00 6.500000e+00
    endloop
  endfacet
  facet normal 8.492366e-01 2.964255e-01 -4.369543e-01
    outer loop
      vertex   5.000000e+00 6.500000e+00 6.500000e+00
      vertex   5.007223e+00 6.696034e+00 6.647026e+00
      vertex   5.016022e+00 6.776732e+00 6.718872e+00
    endloop
  endfacet
  facet normal 9.923907e-01 -1.221318e-01 1.563513e-02
    outer loop
      vertex   5.016022e+00 6.776732e+00 6.718872e+00
      vertex   5.007223e+00 6.696034e+00 6.647026e+00
      vertex   5.028822e+00 6.890181e+00 6.792635e+00
    endloop
  endfacet
  facet normal 9.020104e-01 1.591567e-01 -4.013059e-01
    outer loop
      vertex   5.016022e+00 6.776732e+00 6.718872e+00
      vertex   5.028822e+00 6.890181e+00 6.792635e+00
      vertex   5.063442e+00 7.047644e+00 6.932900e+00
    endloop
  endfacet
  facet normal 9.749890e-01 -1.696279e-02 -2.216050e-01
    outer loop
      vertex   5.063442e+00 7.047644e+00 6.932900e+00
      vertex   5.028822e+00 6.890181e+00 6.792635e+00
      vertex   5.064589e+00 7.080570e+00 6.935427e+00
    endloop
  endfacet
  facet normal 9.447572e-01 -7.770571e-03 -3.276788e-01
    outer loop
      vertex   5.063442e+00 7.047644e+00 6.932900e+00
      vertex   5.064589e+00 7.080570e+00 6.935427e+00
      vertex   5.114181e+00 7.265367e+00 7.074025e+00
    endloop
  endfacet
  facet normal 9.002072e-01 6.891729e-02 -4.299737e-01
    outer loop
      vertex   5.063442e+00 7.047644e+00 6.932900e+00
      vertex   5.114181e+00 7.265367e+00 7.074025e+00
      vertex   5.141219e+00 7.306977e+00 7.137303e+00
    endloop
  endfacet
  facet normal 9.320401e-01 -6.298771e-02 -3.568385e-01
    outer loop
      vertex   5.141219e+00 7.306977e+00 7.137303e+00
      vertex   5.114181e+00 7.265367e+00 7.074025e+00
      vertex   5.177118e+00 7.442794e+00 7.207095e+00
    endloop
  endfacet
  facet normal 8.415201e-01 5.379538e-02 -5.375407e-01
    outer loop
      vertex   5.141219e+00 7.306977e+00 7.137303e+00
      vertex   5.177118e+00 7.442794e+00 7.207095e+00
      vertex   5.247301e+00 7.549300e+00 7.327626e+00
    endloop
  endfacet
  facet normal 8.762109e-01 -3.330372e-02 -4.807757e-01
    outer loop
      vertex   5.247301e+00 7.549300e+00 7.327626e+00
      vertex   5.177118e+00 7.442794e+00 7.207095e+00
      vertex   5.252796e+00 7.611141e+00 7.333355e+00
    endloop
  endfacet
  facet normal 8.144645e-01 -1.863238e-02 -5.799141e-01
    outer loop
      vertex   5.247301e+00 7.549300e+00 7.327626e+00
      vertex   5.252796e+00 7.611141e+00 7.333355e+00
      vertex   5.350314e+00 7.726986e+00 7.466594e+00
    endloop
  endfacet
  facet normal 8.138588e-01 -1.709068e-02 -5.808113e-01
    outer loop
      vertex   5.350314e+00 7.726986e+00 7.466594e+00
      vertex   5.252796e+00 7.611141e+00 7.333355e+00
      vertex   5.340484e+00 7.768787e+00 7.451590e+00
    endloop
  endfacet
  facet normal 7.705069e-01 -4.698690e-02 -6.356975e-01
    outer loop
      vertex   5.350314e+00 7.726986e+00 7.466594e+00
      vertex   5.340484e+00 7.768787e+00 7.451590e+00
      vertex   5.439340e+00 7.914214e+00 7.560660e+00
    endloop
  endfacet
  facet normal 7.352858e-01 -9.139304e-03 -6.776955e-01
    outer loop
      vertex   5.350314e+00 7.726986e+00 7.466594e+00
      vertex   5.439340e+00 7.914214e+00 7.560660e+00
      vertex   5.467956e+00 7.888184e+00 7.592059e+00
    endloop
  endfacet
  facet normal 7.110215e-01 -6.311989e-02 -7.003315e-01
    outer loop
      vertex   5.467956e+00 7.888184e+00 7.592059e+00
      vertex   5.439340e+00 7.914214e+00 7.560660e+00
      vertex   5.548410e+00 8.046021e+00 7.659516e+00
    endloop
  endfacet
  facet normal 6.668197e-01 -2.153780e-02 -7.449078e-01
    outer loop
      vertex   5.467956e+00 7.888184e+00 7.592059e+00
      vertex   5.548410e+00 8.046021e+00 7.659516e+00
      vertex   5.578651e+00 8.011535e+00 7.687583e+00
    endloop
  endfacet
  facet normal 6.364302e-01 -6.730064e-02 -7.683926e-01
    outer loop
      vertex   5.578651e+00 8.011535e+00 7.687583e+00
      vertex   5.548410e+00 8.046021e+00 7.659516e+00
      vertex   5.666645e+00 8.162939e+00 7.747204e+00
    endloop
  endfacet
  facet normal 5.948071e-01 -2.935108e-02 -8.033325e-01
    outer loop
      vertex   5.578651e+00 8.011535e+00 7.687583e+00
      vertex   5.666645e+00 8.162939e+00 7.747204e+00
      vertex   5.697213e+00 8.120318e+00 7.771395e+00
    endloop
  endfacet
  facet normal 5.547644e-01 -7.254737e-02 -8.288386e-01
    outer loop
      vertex   5.697213e+00 8.120318e+00 7.771395e+00
      vertex   5.666645e+00 8.162939e+00 7.747204e+00
      vertex   5.792905e+00 8.263843e+00 7.822882e+00
    endloop
  endfacet
  facet normal 5.157815e-01 -3.683867e-02 -8.559278e-01
    outer loop
      vertex   5.697213e+00 8.120318e+00 7.771395e+00
      vertex   5.792905e+00 8.263843e+00 7.822882e+00
      vertex   5.822226e+00 8.213431e+00 7.842720e+00
    endloop
  endfacet
  facet normal 4.652789e-01 -7.641779e-02 -8.818593e-01
    outer loop
      vertex   5.822226e+00 8.213431e+00 7.842720e+00
      vertex   5.792905e+00 8.263843e+00 7.822882e+00
      vertex   5.925975e+00 8.347759e+00 7.885819e+00
    endloop
  endfacet
  facet normal 4.309990e-01 -4.370625e-02 -9.012933e-01
    outer loop
      vertex   5.822226e+00 8.213431e+00 7.842720e+00
      vertex   5.925975e+00 8.347759e+00 7.885819e+00
      vertex   5.952200e+00 8.290146e+00 7.901154e+00
    endloop
  endfacet
  facet normal 3.688784e-01 -7.859817e-02 -9.261485e-01
    outer loop
      vertex   5.952200e+00 8.290146e+00 7.901154e+00
      vertex   5.925975e+00 8.347759e+00 7.885819e+00
      vertex   6.064573e+00 8.413881e+00 7.935410e+00
    endloop
  endfacet
  facet normal 3.417126e-01 -5.052230e-02 -9.384455e-01
    outer loop
      vertex   5.952200e+00 8.290146e+00 7.901154e+00
      vertex   6.064573e+00 8.413881e+00 7.935410e+00
      vertex   6.086035e+00 8.350212e+00 7.946653e+00
    endloop
  endfacet
  facet normal 2.671252e-01 -7.953730e-02 -9.603739e-01
    outer loop
      vertex   6.086035e+00 8.350212e+00 7.946653e+00
      vertex   6.064573e+00 8.413881e+00 7.935410e+00
      vertex   6.207365e+00 8.461571e+00 7.971178e+00
    endloop
  endfacet
  facet normal 2.485329e-01 -5.784414e-02 -9.668948e-01
    outer loop
      vertex   6.086035e+00 8.350212e+00 7.946653e+00
      vertex   6.207365e+00 8.461571e+00 7.971178e+00
      vertex   6.222661e+00 8.393399e+00 7.979188e+00
    endloop
  endfacet
  facet normal 1.616009e-01 -7.932096e-02 -9.836632e-01
    outer loop
      vertex   6.222661e+00 8.393399e+00 7.979188e+00
      vertex   6.207365e+00 8.461571e+00 7.971178e+00
      vertex   6.352974e+00 8.490370e+00 7.992777e+00
    endloop
  endfacet
  facet normal 1.516704e-01 -6.561337e-02 -9.862510e-01
    outer loop
      vertex   6.222661e+00 8.393399e+00 7.979188e+00
      vertex   6.352974e+00 8.490370e+00 7.992777e+00
      vertex   6.361007e+00 8.419475e+00 7.998729e+00
    endloop
  endfacet
  facet normal 9.965637e-01 -8.250327e-02 7.352353e-03
    outer loop
      vertex   5.016294e+00 6.721257e+00 6.774307e+00
      vertex   5.000000e+00 6.500000e+00 6.500000e+00
      vertex   5.017092e+00 6.730102e+00 6.765348e+00
    endloop
  endfacet
  facet normal 9.977650e-01 -6.649336e-02 -6.608330e-03
    outer loop
      vertex   5.017092e+00 6.730102e+00 6.765348e+00
      vertex   5.000000e+00 6.500000e+00 6.500000e+00
      vertex   5.017438e+00 6.735878e+00 6.759521e+00
    endloop
  endfacet
  facet normal 1.908885e-01 -8.815381e-01 -4.318011e-01
    outer loop
      vertex   6.242934e+00 8.043525e+00 8.222225e+00
      vertex   6.371810e+00 8.061201e+00 8.243112e+00
      vertex   6.369108e+00 8.032686e+00 8.300131e+00
    endloop
  endfacet
  facet normal 1.769586e-01 -9.425135e-01 -2.834677e-01
    outer loop
      vertex   6.369108e+00 8.032686e+00 8.300131e+00
      vertex   6.363027e+00 8.003479e+00 8.393448e+00
      vertex   6.237869e+00 8.014802e+00 8.277666e+00
    endloop
  endfacet
  facet normal 1.848609e-01 -9.385018e-01 -2.916175e-01
    outer loop
      vertex   6.237869e+00 8.014802e+00 8.277666e+00
      vertex   6.363027e+00 8.003479e+00 8.393448e+00
      vertex   6.226456e+00 7.984429e+00 8.368182e+00
    endloop
  endfacet
  facet normal 2.904479e-01 -9.176257e-01 -2.712989e-01
    outer loop
      vertex   6.237869e+00 8.014802e+00 8.277666e+00
      vertex   6.226456e+00 7.984429e+00 8.368182e+00
      vertex   6.107052e+00 7.984531e+00 8.240003e+00
    endloop
  endfacet
  facet normal 3.020949e-01 -9.105679e-01 -2.821430e-01
    outer loop
      vertex   6.107052e+00 7.984531e+00 8.240003e+00
      vertex   6.226456e+00 7.984429e+00 8.368182e+00
      vertex   6.091285e+00 7.952582e+00 8.326231e+00
    endloop
  endfacet
  facet normal 3.968796e-01 -8.819652e-01 -2.542125e-01
    outer loop
      vertex   6.107052e+00 7.984531e+00 8.240003e+00
      vertex   6.091285e+00 7.952582e+00 8.326231e+00
      vertex   5.977427e+00 7.941489e+00 8.186962e+00
    endloop
  endfacet
  facet normal 4.110832e-01 -8.717304e-01 -2.666397e-01
    outer loop
      vertex   5.977427e+00 7.941489e+00 8.186962e+00
      vertex   6.091285e+00 7.952582e+00 8.326231e+00
      vertex   5.958507e+00 7.907861e+00 8.267733e+00
    endloop
  endfacet
  facet normal 4.939666e-01 -8.376681e-01 -2.330431e-01
    outer loop
      vertex   5.977427e+00 7.941489e+00 8.186962e+00
      vertex   5.958507e+00 7.907861e+00 8.267733e+00
      vertex   5.849764e+00 7.885291e+00 8.118363e+00
    endloop
  endfacet
  facet normal 5.101864e-01 -8.238513e-01 -2.469392e-01
    outer loop
      vertex   5.849764e+00 7.885291e+00 8.118363e+00
      vertex   5.958507e+00 7.907861e+00 8.267733e+00
      vertex   5.829119e+00 7.850188e+00 8.192824e+00
    endloop
  endfacet
  facet normal 5.808631e-01 -7.865151e-01 -2.097427e-01
    outer loop
      vertex   5.849764e+00 7.885291e+00 8.118363e+00
      vertex   5.829119e+00 7.850188e+00 8.192824e+00
      vertex   5.724900e+00 7.815562e+00 8.034041e+00
    endloop
  endfacet
  facet normal 5.992311e-01 -7.680668e-01 -2.258218e-01
    outer loop
      vertex   5.724900e+00 7.815562e+00 8.034041e+00
      vertex   5.829119e+00 7.850188e+00 8.192824e+00
      vertex   5.704155e+00 7.779497e+00 8.101659e+00
    endloop
  endfacet
  facet normal 6.592477e-01 -7.284823e-01 -1.862955e-01
    outer loop
      vertex   5.724900e+00 7.815562e+00 8.034041e+00
      vertex   5.704155e+00 7.779497e+00 8.101659e+00
      vertex   5.604764e+00 7.732343e+00 7.934328e+00
    endloop
  endfacet
  facet normal 6.780947e-01 -7.061593e-01 -2.037808e-01
    outer loop
      vertex   5.604764e+00 7.732343e+00 7.934328e+00
      vertex   5.704155e+00 7.779497e+00 8.101659e+00
      vertex   5.585209e+00 7.696093e+00 7.994877e+00
    endloop
  endfacet
  facet normal 7.280869e-01 -6.657192e-01 -1.634241e-01
    outer loop
      vertex   5.604764e+00 7.732343e+00 7.934328e+00
      vertex   5.585209e+00 7.696093e+00 7.994877e+00
      vertex   5.491287e+00 7.636271e+00 7.820124e+00
    endloop
  endfacet
  facet normal 7.464653e-01 -6.400234e-01 -1.820979e-01
    outer loop
      vertex   5.491287e+00 7.636271e+00 7.820124e+00
      vertex   5.585209e+00 7.696093e+00 7.994877e+00
      vertex   5.473826e+00 7.600710e+00 7.873534e+00
    endloop
  endfacet
  facet normal 7.922356e-01 -5.946546e-01 -1.369256e-01
    outer loop
      vertex   5.491287e+00 7.636271e+00 7.820124e+00
      vertex   5.473826e+00 7.600710e+00 7.873534e+00
      vertex   5.369414e+00 7.508589e+00 7.669488e+00
    endloop
  endfacet
  facet normal 8.111249e-01 -5.622083e-01 -1.612398e-01
    outer loop
      vertex   5.369414e+00 7.508589e+00 7.669488e+00
      vertex   5.473826e+00 7.600710e+00 7.873534e+00
      vertex   5.355129e+00 7.475030e+00 7.714642e+00
    endloop
  endfacet
  facet normal 8.518904e-01 -5.118415e-01 -1.109097e-01
    outer loop
      vertex   5.369414e+00 7.508589e+00 7.669488e+00
      vertex   5.355129e+00 7.475030e+00 7.714642e+00
      vertex   5.261733e+00 7.365652e+00 7.502045e+00
    endloop
  endfacet
  facet normal 8.683371e-01 -4.769378e-01 -1.360923e-01
    outer loop
      vertex   5.261733e+00 7.365652e+00 7.502045e+00
      vertex   5.355129e+00 7.475030e+00 7.714642e+00
      vertex   5.250945e+00 7.335416e+00 7.539180e+00
    endloop
  endfacet
  facet normal 9.042119e-01 -4.197013e-01 -7.906711e-02
    outer loop
      vertex   5.261733e+00 7.365652e+00 7.502045e+00
      vertex   5.250945e+00 7.335416e+00 7.539180e+00
      vertex   5.149971e+00 7.168187e+00 7.272111e+00
    endloop
  endfacet
  facet normal 9.204449e-01 -3.739172e-01 -1.138729e-01
    outer loop
      vertex   5.149971e+00 7.168187e+00 7.272111e+00
      vertex   5.250945e+00 7.335416e+00 7.539180e+00
      vertex   5.143433e+00 7.143744e+00 7.299529e+00
    endloop
  endfacet
  facet normal 9.496473e-01 -3.094028e-01 -4.939605e-02
    outer loop
      vertex   5.149971e+00 7.168187e+00 7.272111e+00
      vertex   5.143433e+00 7.143744e+00 7.299529e+00
      vertex   5.067531e+00 6.954655e+00 7.024695e+00
    endloop
  endfacet
  facet normal 9.614523e-01 -2.612469e-01 -8.578830e-02
    outer loop
      vertex   5.067531e+00 6.954655e+00 7.024695e+00
      vertex   5.143433e+00 7.143744e+00 7.299529e+00
      vertex   5.064478e+00 6.937491e+00 7.042751e+00
    endloop
  endfacet
  facet normal 9.803413e-01 -1.962127e-01 -2.077258e-02
    outer loop
      vertex   5.067531e+00 6.954655e+00 7.024695e+00
      vertex   5.064478e+00 6.937491e+00 7.042751e+00
      vertex   5.017092e+00 6.730102e+00 6.765348e+00
    endloop
  endfacet
  facet normal 9.872923e-01 -1.479299e-01 -5.805669e-02
    outer loop
      vertex   5.017092e+00 6.730102e+00 6.765348e+00
      vertex   5.064478e+00 6.937491e+00 7.042751e+00
      vertex   5.016294e+00 6.721257e+00 6.774307e+00
    endloop
  endfacet
  facet normal 1.750361e-01 -2.074025e-01 -9.624690e-01
    outer loop
      vertex   6.222661e+00 8.393399e+00 7.979188e+00
      vertex   6.361007e+00 8.419475e+00 7.998729e+00
      vertex   6.366097e+00 8.349927e+00 8.014641e+00
    endloop
  endfacet
  facet normal 1.710835e-01 -2.189383e-01 -9.606229e-01
    outer loop
      vertex   6.222661e+00 8.393399e+00 7.979188e+00
      vertex   6.366097e+00 8.349927e+00 8.014641e+00
      vertex   6.232221e+00 8.325992e+00 7.996254e+00
    endloop
  endfacet
  facet normal 3.126280e-01 -8.547745e-01 -4.142755e-01
    outer loop
      vertex   6.114041e+00 8.013458e+00 8.186994e+00
      vertex   6.242934e+00 8.043525e+00 8.222225e+00
      vertex   6.237869e+00 8.014802e+00 8.277666e+00
    endloop
  endfacet
  facet normal 1.944894e-01 -8.781053e-01 -4.371555e-01
    outer loop
      vertex   6.237869e+00 8.014802e+00 8.277666e+00
      vertex   6.242934e+00 8.043525e+00 8.222225e+00
      vertex   6.369108e+00 8.032686e+00 8.300131e+00
    endloop
  endfacet
  facet normal 3.178837e-01 -8.492694e-01 -4.215346e-01
    outer loop
      vertex   6.114041e+00 8.013458e+00 8.186994e+00
      vertex   6.237869e+00 8.014802e+00 8.277666e+00
      vertex   6.107052e+00 7.984531e+00 8.240003e+00
    endloop
  endfacet
  facet normal 2.855960e-01 -1.969447e-01 -9.378953e-01
    outer loop
      vertex   6.086035e+00 8.350212e+00 7.946653e+00
      vertex   6.222661e+00 8.393399e+00 7.979188e+00
      vertex   6.232221e+00 8.325992e+00 7.996254e+00
    endloop
  endfacet
  facet normal 2.818562e-01 -2.141190e-01 -9.352594e-01
    outer loop
      vertex   6.086035e+00 8.350212e+00 7.946653e+00
      vertex   6.232221e+00 8.325992e+00 7.996254e+00
      vertex   6.099252e+00 8.286075e+00 7.965320e+00
    endloop
  endfacet
  facet normal 4.253316e-01 -8.168505e-01 -3.896772e-01
    outer loop
      vertex   5.985802e+00 7.970500e+00 8.137071e+00
      vertex   6.114041e+00 8.013458e+00 8.186994e+00
      vertex   6.107052e+00 7.984531e+00 8.240003e+00
    endloop
  endfacet
  facet normal 4.316882e-01 -8.093795e-01 -3.981835e-01
    outer loop
      vertex   5.985802e+00 7.970500e+00 8.137071e+00
      vertex   6.107052e+00 7.984531e+00 8.240003e+00
      vertex   5.977427e+00 7.941489e+00 8.186962e+00
    endloop
  endfacet
  facet normal 3.889526e-01 -1.826515e-01 -9.029697e-01
    outer loop
      vertex   5.952200e+00 8.290146e+00 7.901154e+00
      vertex   6.086035e+00 8.350212e+00 7.946653e+00
      vertex   6.099252e+00 8.286075e+00 7.965320e+00
    endloop
  endfacet
  facet normal 3.867469e-01 -2.042408e-01 -8.992844e-01
    outer loop
      vertex   5.952200e+00 8.290146e+00 7.901154e+00
      vertex   6.099252e+00 8.286075e+00 7.965320e+00
      vertex   5.968072e+00 8.230162e+00 7.921603e+00
    endloop
  endfacet
  facet normal 5.262305e-01 -7.705118e-01 -3.597124e-01
    outer loop
      vertex   5.858886e+00 7.914147e+00 8.072112e+00
      vertex   5.985802e+00 7.970500e+00 8.137071e+00
      vertex   5.977427e+00 7.941489e+00 8.186962e+00
    endloop
  endfacet
  facet normal 5.334660e-01 -7.608542e-01 -3.694794e-01
    outer loop
      vertex   5.858886e+00 7.914147e+00 8.072112e+00
      vertex   5.977427e+00 7.941489e+00 8.186962e+00
      vertex   5.849764e+00 7.885291e+00 8.118363e+00
    endloop
  endfacet
  facet normal 4.837928e-01 -1.649940e-01 -8.594891e-01
    outer loop
      vertex   5.822226e+00 8.213431e+00 7.842720e+00
      vertex   5.952200e+00 8.290146e+00 7.901154e+00
      vertex   5.968072e+00 8.230162e+00 7.921603e+00
    endloop
  endfacet
  facet normal 4.838408e-01 -1.907395e-01 -8.541174e-01
    outer loop
      vertex   5.822226e+00 8.213431e+00 7.842720e+00
      vertex   5.968072e+00 8.230162e+00 7.921603e+00
      vertex   5.839563e+00 8.158235e+00 7.864868e+00
    endloop
  endfacet
  facet normal 6.143764e-01 -7.181248e-01 -3.268615e-01
    outer loop
      vertex   5.734048e+00 7.843907e+00 7.991783e+00
      vertex   5.858886e+00 7.914147e+00 8.072112e+00
      vertex   5.849764e+00 7.885291e+00 8.118363e+00
    endloop
  endfacet
  facet normal 6.225921e-01 -7.055562e-01 -3.384812e-01
    outer loop
      vertex   5.734048e+00 7.843907e+00 7.991783e+00
      vertex   5.849764e+00 7.885291e+00 8.118363e+00
      vertex   5.724900e+00 7.815562e+00 8.034041e+00
    endloop
  endfacet
  facet normal 5.698346e-01 -1.455339e-01 -8.087697e-01
    outer loop
      vertex   5.697213e+00 8.120318e+00 7.771395e+00
      vertex   5.822226e+00 8.213431e+00 7.842720e+00
      vertex   5.839563e+00 8.158235e+00 7.864868e+00
    endloop
  endfacet
  facet normal 5.726651e-01 -1.762577e-01 -8.006172e-01
    outer loop
      vertex   5.697213e+00 8.120318e+00 7.771395e+00
      vertex   5.839563e+00 8.158235e+00 7.864868e+00
      vertex   5.714658e+00 8.070296e+00 7.794886e+00
    endloop
  endfacet
  facet normal 6.920181e-01 -6.598384e-01 -2.927869e-01
    outer loop
      vertex   5.613366e+00 7.759729e+00 7.896253e+00
      vertex   5.734048e+00 7.843907e+00 7.991783e+00
      vertex   5.724900e+00 7.815562e+00 8.034041e+00
    endloop
  endfacet
  facet normal 7.004402e-01 -6.449586e-01 -3.056337e-01
    outer loop
      vertex   5.613366e+00 7.759729e+00 7.896253e+00
      vertex   5.724900e+00 7.815562e+00 8.034041e+00
      vertex   5.604764e+00 7.732343e+00 7.934328e+00
    endloop
  endfacet
  facet normal 6.476087e-01 -1.269727e-01 -7.513195e-01
    outer loop
      vertex   5.578651e+00 8.011535e+00 7.687583e+00
      vertex   5.697213e+00 8.120318e+00 7.771395e+00
      vertex   5.714658e+00 8.070296e+00 7.794886e+00
    endloop
  endfacet
  facet normal 6.531876e-01 -1.606221e-01 -7.399638e-01
    outer loop
      vertex   5.578651e+00 8.011535e+00 7.687583e+00
      vertex   5.714658e+00 8.070296e+00 7.794886e+00
      vertex   5.595117e+00 7.966836e+00 7.711822e+00
    endloop
  endfacet
  facet normal 7.584147e-01 -5.981571e-01 -2.588730e-01
    outer loop
      vertex   5.498951e+00 7.662233e+00 7.786329e+00
      vertex   5.613366e+00 7.759729e+00 7.896253e+00
      vertex   5.604764e+00 7.732343e+00 7.934328e+00
    endloop
  endfacet
  facet normal 7.666195e-01 -5.813069e-01 -2.727213e-01
    outer loop
      vertex   5.498951e+00 7.662233e+00 7.786329e+00
      vertex   5.604764e+00 7.732343e+00 7.934328e+00
      vertex   5.491287e+00 7.636271e+00 7.820124e+00
    endloop
  endfacet
  facet normal 7.165580e-01 -1.095708e-01 -6.888679e-01
    outer loop
      vertex   5.467956e+00 7.888184e+00 7.592059e+00
      vertex   5.578651e+00 8.011535e+00 7.687583e+00
      vertex   5.595117e+00 7.966836e+00 7.711822e+00
    endloop
  endfacet
  facet normal 7.244198e-01 -1.450250e-01 -6.739316e-01
    outer loop
      vertex   5.467956e+00 7.888184e+00 7.592059e+00
      vertex   5.595117e+00 7.966836e+00 7.711822e+00
      vertex   5.482681e+00 7.848837e+00 7.616355e+00
    endloop
  endfacet
  facet normal 8.190599e-01 -5.294401e-01 -2.209843e-01
    outer loop
      vertex   5.375666e+00 7.532284e+00 7.640718e+00
      vertex   5.498951e+00 7.662233e+00 7.786329e+00
      vertex   5.491287e+00 7.636271e+00 7.820124e+00
    endloop
  endfacet
  facet normal 8.274903e-01 -5.082017e-01 -2.387276e-01
    outer loop
      vertex   5.375666e+00 7.532284e+00 7.640718e+00
      vertex   5.491287e+00 7.636271e+00 7.820124e+00
      vertex   5.369414e+00 7.508589e+00 7.669488e+00
    endloop
  endfacet
  facet normal 7.811857e-01 -8.917977e-02 -6.178963e-01
    outer loop
      vertex   5.350314e+00 7.726986e+00 7.466594e+00
      vertex   5.467956e+00 7.888184e+00 7.592059e+00
      vertex   5.482681e+00 7.848837e+00 7.616355e+00
    endloop
  endfacet
  facet normal 7.932386e-01 -1.307811e-01 -5.947006e-01
    outer loop
      vertex   5.350314e+00 7.726986e+00 7.466594e+00
      vertex   5.482681e+00 7.848837e+00 7.616355e+00
      vertex   5.362381e+00 7.693799e+00 7.489987e+00
    endloop
  endfacet
  facet normal 8.735340e-01 -4.514620e-01 -1.819902e-01
    outer loop
      vertex   5.266443e+00 7.386447e+00 7.478238e+00
      vertex   5.375666e+00 7.532284e+00 7.640718e+00
      vertex   5.369414e+00 7.508589e+00 7.669488e+00
    endloop
  endfacet
  facet normal 8.808588e-01 -4.288921e-01 -2.003482e-01
    outer loop
      vertex   5.266443e+00 7.386447e+00 7.478238e+00
      vertex   5.369414e+00 7.508589e+00 7.669488e+00
      vertex   5.261733e+00 7.365652e+00 7.502045e+00
    endloop
  endfacet
  facet normal 8.423175e-01 -7.040573e-02 -5.343634e-01
    outer loop
      vertex   5.247301e+00 7.549300e+00 7.327626e+00
      vertex   5.350314e+00 7.726986e+00 7.466594e+00
      vertex   5.362381e+00 7.693799e+00 7.489987e+00
    endloop
  endfacet
  facet normal 8.549166e-01 -1.116180e-01 -5.066153e-01
    outer loop
      vertex   5.247301e+00 7.549300e+00 7.327626e+00
      vertex   5.362381e+00 7.693799e+00 7.489987e+00
      vertex   5.256427e+00 7.522065e+00 7.349025e+00
    endloop
  endfacet
  facet normal 9.204983e-01 -3.657958e-01 -1.373914e-01
    outer loop
      vertex   5.152818e+00 7.184583e+00 7.254420e+00
      vertex   5.266443e+00 7.386447e+00 7.478238e+00
      vertex   5.261733e+00 7.365652e+00 7.502045e+00
    endloop
  endfacet
  facet normal 9.277252e-01 -3.361610e-01 -1.622398e-01
    outer loop
      vertex   5.152818e+00 7.184583e+00 7.254420e+00
      vertex   5.261733e+00 7.365652e+00 7.502045e+00
      vertex   5.149971e+00 7.168187e+00 7.272111e+00
    endloop
  endfacet
  facet normal 8.963651e-01 -4.610667e-02 -4.409124e-01
    outer loop
      vertex   5.141219e+00 7.306977e+00 7.137303e+00
      vertex   5.247301e+00 7.549300e+00 7.327626e+00
      vertex   5.256427e+00 7.522065e+00 7.349025e+00
    endloop
  endfacet
  facet normal 9.121532e-01 -9.647690e-02 -3.983324e-01
    outer loop
      vertex   5.141219e+00 7.306977e+00 7.137303e+00
      vertex   5.256427e+00 7.522065e+00 7.349025e+00
      vertex   5.146758e+00 7.286913e+00 7.154846e+00
    endloop
  endfacet
  facet normal 9.594256e-01 -2.663716e-01 -9.245890e-02
    outer loop
      vertex   5.068858e+00 6.965974e+00 7.012989e+00
      vertex   5.152818e+00 7.184583e+00 7.254420e+00
      vertex   5.149971e+00 7.168187e+00 7.272111e+00
    endloop
  endfacet
  facet normal 9.646756e-01 -2.353987e-01 -1.182729e-01
    outer loop
      vertex   5.068858e+00 6.965974e+00 7.012989e+00
      vertex   5.149971e+00 7.168187e+00 7.272111e+00
      vertex   5.067531e+00 6.954655e+00 7.024695e+00
    endloop
  endfacet
  facet normal 9.445988e-01 -2.536499e-02 -3.272457e-01
    outer loop
      vertex   5.063442e+00 7.047644e+00 6.932900e+00
      vertex   5.141219e+00 7.306977e+00 7.137303e+00
      vertex   5.146758e+00 7.286913e+00 7.154846e+00
    endloop
  endfacet
  facet normal 9.574422e-01 -7.481139e-02 -2.787611e-01
    outer loop
      vertex   5.063442e+00 7.047644e+00 6.932900e+00
      vertex   5.146758e+00 7.286913e+00 7.154846e+00
      vertex   5.066032e+00 7.034454e+00 6.945334e+00
    endloop
  endfacet
  facet normal 9.848876e-01 -1.661196e-01 -4.899640e-02
    outer loop
      vertex   5.017438e+00 6.735878e+00 6.759521e+00
      vertex   5.068858e+00 6.965974e+00 7.012989e+00
      vertex   5.067531e+00 6.954655e+00 7.024695e+00
    endloop
  endfacet
  facet normal 9.879778e-01 -1.350799e-01 -7.518879e-02
    outer loop
      vertex   5.017438e+00 6.735878e+00 6.759521e+00
      vertex   5.067531e+00 6.954655e+00 7.024695e+00
      vertex   5.017092e+00 6.730102e+00 6.765348e+00
    endloop
  endfacet
  facet normal 9.777793e-01 -5.589023e-03 -2.095623e-01
    outer loop
      vertex   5.016022e+00 6.776732e+00 6.718872e+00
      vertex   5.063442e+00 7.047644e+00 6.932900e+00
      vertex   5.066032e+00 7.034454e+00 6.945334e+00
    endloop
  endfacet
  facet normal 9.860956e-01 -5.292909e-02 -1.575243e-01
    outer loop
      vertex   5.016022e+00 6.776732e+00 6.718872e+00
      vertex   5.066032e+00 7.034454e+00 6.945334e+00
      vertex   5.016700e+00 6.770193e+00 6.725313e+00
    endloop
  endfacet
  facet normal 9.957894e-01 1.399878e-02 -9.059509e-02
    outer loop
      vertex   5.000000e+00 6.500000e+00 6.500000e+00
      vertex   5.016022e+00 6.776732e+00 6.718872e+00
      vertex   5.016700e+00 6.770193e+00 6.725313e+00
    endloop
  endfacet
  facet normal -0.000000e+00 -1.305262e-01 -9.914449e-01
    outer loop
      vertex   1.900000e+01 8.370591e+00 8.017037e+00
      vertex   1.650000e+01 8.370591e+00 8.017037e+00
      vertex   1.900000e+01 8.500000e+00 8.000000e+00
    endloop
  endfacet
  facet normal -3.748379e-19 -1.305262e-01 -9.914449e-01
    outer loop
      vertex   1.900000e+01 8.500000e+00 8.000000e+00
      vertex   1.650000e+01 8.370591e+00 8.017037e+00
      vertex   1.400000e+01 8.370591e+00 8.017037e+00
    endloop
  endfacet
  facet normal -3.748379e-19 -1.305262e-01 -9.914449e-01
    outer loop
      vertex   1.900000e+01 8.500000e+00 8.000000e+00
      vertex   1.400000e+01 8.370591e+00 8.017037e+00
      vertex   1.150000e+01 8.370591e+00 8.017037e+00
    endloop
  endfacet
  facet normal 0.000000e+00 -3.826834e-01 -9.238795e-01
    outer loop
      vertex   1.150000e+01 8.370591e+00 8.017037e+00
      vertex   1.400000e+01 8.370591e+00 8.017037e+00
      vertex   1.150000e+01 8.250000e+00 8.066987e+00
    endloop
  endfacet
  facet normal -1.067880e-18 -3.826834e-01 -9.238795e-01
    outer loop
      vertex   1.150000e+01 8.370591e+00 8.017037e+00
      vertex   1.150000e+01 8.250000e+00 8.066987e+00
      vertex   9.000000e+00 8.250000e+00 8.066987e+00
    endloop
  endfacet
  facet normal 0.000000e+00 -6.087614e-01 -7.933533e-01
    outer loop
      vertex   9.000000e+00 8.250000e+00 8.066987e+00
      vertex   1.150000e+01 8.250000e+00 8.066987e+00
      vertex   9.000000e+00 8.146447e+00 8.146446e+00
    endloop
  endfacet
  facet normal 1.441524e-18 -6.087614e-01 -7.933533e-01
    outer loop
      vertex   9.000000e+00 8.250000e+00 8.066987e+00
      vertex   9.000000e+00 8.146447e+00 8.146446e+00
      vertex   6.500000e+00 8.146447e+00 8.146446e+00
    endloop
  endfacet
  facet normal 0.000000e+00 -7.933533e-01 -6.087614e-01
    outer loop
      vertex   6.500000e+00 8.146447e+00 8.146446e+00
      vertex   9.000000e+00 8.146447e+00 8.146446e+00
      vertex   6.500000e+00 8.066987e+00 8.250000e+00
    endloop
  endfacet
  facet normal 0.000000e+00 -7.933533e-01 -6.087614e-01
    outer loop
      vertex   6.500000e+00 8.066987e+00 8.250000e+00
      vertex   9.000000e+00 8.146447e+00 8.146446e+00
      vertex   9.000000e+00 8.066987e+00 8.250000e+00
    endloop
  endfacet
  facet normal 0.000000e+00 -9.238795e-01 -3.826834e-01
    outer loop
      vertex   6.500000e+00 8.066987e+00 8.250000e+00
      vertex   9.000000e+00 8.066987e+00 8.250000e+00
      vertex   6.500000e+00 8.017037e+00 8.370590e+00
    endloop
  endfacet
  facet normal 0.000000e+00 -9.238795e-01 -3.826834e-01
    outer loop
      vertex   6.500000e+00 8.017037e+00 8.370590e+00
      vertex   9.000000e+00 8.066987e+00 8.250000e+00
      vertex   9.000000e+00 8.017037e+00 8.370590e+00
    endloop
  endfacet
  facet normal 0.000000e+00 -9.914449e-01 -1.305262e-01
    outer loop
      vertex   6.500000e+00 8.017037e+00 8.370590e+00
      vertex   9.000000e+00 8.017037e+00 8.370590e+00
      vertex   6.500000e+00 8.000000e+00 8.500000e+00
    endloop
  endfacet
  facet normal -3.748379e-19 -9.914449e-01 -1.305262e-01
    outer loop
      vertex   6.500000e+00 8.000000e+00 8.500000e+00
      vertex   9.000000e+00 8.017037e+00 8.370590e+00
      vertex   1.150000e+01 8.017037e+00 8.370590e+00
    endloop
  endfacet
  facet normal -3.748379e-19 -9.914449e-01 -1.305262e-01
    outer loop
      vertex   6.500000e+00 8.000000e+00 8.500000e+00
      vertex   1.150000e+01 8.017037e+00 8.370590e+00
      vertex   1.400000e+01 8.017037e+00 8.370590e+00
    endloop
  endfacet
  facet normal -0.000000e+00 -9.238795e-01 -3.826834e-01
    outer loop
      vertex   1.400000e+01 8.017037e+00 8.370590e+00
      vertex   1.150000e+01 8.017037e+00 8.370590e+00
      vertex   1.400000e+01 8.066987e+00 8.250000e+00
    endloop
  endfacet
  facet normal -1.067880e-18 -9.238795e-01 -3.826834e-01
    outer loop
      vertex   1.400000e+01 8.017037e+00 8.370590e+00
      vertex   1.400000e+01 8.066987e+00 8.250000e+00
      vertex   1.650000e+01 8.066987e+00 8.250000e+00
    endloop
  endfacet
  facet normal -0.000000e+00 -7.933533e-01 -6.087614e-01
    outer loop
      vertex   1.650000e+01 8.066987e+00 8.250000e+00
      vertex   1.400000e+01 8.066987e+00 8.250000e+00
      vertex   1.650000e+01 8.146447e+00 8.146446e+00
    endloop
  endfacet
  facet normal -7.115298e-19 -7.933533e-01 -6.087614e-01
    outer loop
      vertex   1.650000e+01 8.066987e+00 8.250000e+00
      vertex   1.650000e+01 8.146447e+00 8.146446e+00
      vertex   1.900000e+01 8.146447e+00 8.146446e+00
    endloop
  endfacet
  facet normal -0.000000e+00 -6.087614e-01 -7.933533e-01
    outer loop
      vertex   1.900000e+01 8.146447e+00 8.146446e+00
      vertex   1.650000e+01 8.146447e+00 8.146446e+00
      vertex   1.900000e+01 8.250000e+00 8.066987e+00
    endloop
  endfacet
  facet normal -0.000000e+00 -6.087614e-01 -7.933533e-01
    outer loop
      vertex   1.900000e+01 8.250000e+00 8.066987e+00
      vertex   1.650000e+01 8.146447e+00 8.146446e+00
      vertex   1.650000e+01 8.250000e+00 8.066987e+00
    endloop
  endfacet
  facet normal -0.000000e+00 -3.826834e-01 -9.238795e-01
    outer loop
      vertex   1.900000e+01 8.250000e+00 8.066987e+00
      vertex   1.650000e+01 8.250000e+00 8.066987e+00
      vertex   1.900000e+01 8.370591e+00 8.017037e+00
    endloop
  endfacet
  facet normal -0.000000e+00 -3.826834e-01 -9.238795e-01
    outer loop
      vertex   1.900000e+01 8.370591e+00 8.017037e+00
      vertex   1.650000e+01 8.250000e+00 8.066987e+00
      vertex   1.650000e+01 8.370591e+00 8.017037e+00
    endloop
  endfacet
  facet normal -7.115298e-19 -7.933533e-01 -6.087614e-01
    outer loop
      vertex   1.900000e+01 8.146447e+00 8.146446e+00
      vertex   1.900000e+01 8.066987e+00 8.250000e+00
      vertex   1.650000e+01 8.066987e+00 8.250000e+00
    endloop
  endfacet
  facet normal 0.000000e+00 -9.238795e-01 -3.826834e-01
    outer loop
      vertex   1.650000e+01 8.066987e+00 8.250000e+00
      vertex   1.900000e+01 8.066987e+00 8.250000e+00
      vertex   1.650000e+01 8.017037e+00 8.370590e+00
    endloop
  endfacet
  facet normal -1.067880e-18 -9.238795e-01 -3.826834e-01
    outer loop
      vertex   1.650000e+01 8.066987e+00 8.250000e+00
      vertex   1.650000e+01 8.017037e+00 8.370590e+00
      vertex   1.400000e+01 8.017037e+00 8.370590e+00
    endloop
  endfacet
  facet normal 0.000000e+00 -9.914449e-01 -1.305262e-01
    outer loop
      vertex   1.400000e+01 8.017037e+00 8.370590e+00
      vertex   1.650000e+01 8.017037e+00 8.370590e+00
      vertex   1.900000e+01 8.000000e+00 8.500000e+00
    endloop
  endfacet
  facet normal -7.496757e-20 -9.914449e-01 -1.305262e-01
    outer loop
      vertex   1.400000e+01 8.017037e+00 8.370590e+00
      vertex   1.900000e+01 8.000000e+00 8.500000e+00
      vertex   6.500000e+00 8.000000e+00 8.500000e+00
    endloop
  endfacet
  facet normal -1.067880e-18 -9.238795e-01 -3.826834e-01
    outer loop
      vertex   1.900000e+01 8.066987e+00 8.250000e+00
      vertex   1.900000e+01 8.017037e+00 8.370590e+00
      vertex   1.650000e+01 8.017037e+00 8.370590e+00
    endloop
  endfacet
  facet normal 0.000000e+00 -9.914449e-01 -1.305262e-01
    outer loop
      vertex   1.650000e+01 8.017037e+00 8.370590e+00
      vertex   1.900000e+01 8.017037e+00 8.370590e+00
      vertex   1.900000e+01 8.000000e+00 8.500000e+00
    endloop
  endfacet
  facet normal 1.441524e-18 -6.087614e-01 -7.933533e-01
    outer loop
      vertex   6.500000e+00 8.146447e+00 8.146446e+00
      vertex   6.500000e+00 8.250000e+00 8.066987e+00
      vertex   9.000000e+00 8.250000e+00 8.066987e+00
    endloop
  endfacet
  facet normal -0.000000e+00 -3.826834e-01 -9.238795e-01
    outer loop
      vertex   9.000000e+00 8.250000e+00 8.066987e+00
      vertex   6.500000e+00 8.250000e+00 8.066987e+00
      vertex   9.000000e+00 8.370591e+00 8.017037e+00
    endloop
  endfacet
  facet normal -1.067880e-18 -3.826834e-01 -9.238795e-01
    outer loop
      vertex   9.000000e+00 8.250000e+00 8.066987e+00
      vertex   9.000000e+00 8.370591e+00 8.017037e+00
      vertex   1.150000e+01 8.370591e+00 8.017037e+00
    endloop
  endfacet
  facet normal -0.000000e+00 -1.305262e-01 -9.914449e-01
    outer loop
      vertex   1.150000e+01 8.370591e+00 8.017037e+00
      vertex   9.000000e+00 8.370591e+00 8.017037e+00
      vertex   6.500000e+00 8.500000e+00 8.000000e+00
    endloop
  endfacet
  facet normal -7.496757e-20 -1.305262e-01 -9.914449e-01
    outer loop
      vertex   1.150000e+01 8.370591e+00 8.017037e+00
      vertex   6.500000e+00 8.500000e+00 8.000000e+00
      vertex   1.900000e+01 8.500000e+00 8.000000e+00
    endloop
  endfacet
  facet normal -1.067880e-18 -3.826834e-01 -9.238795e-01
    outer loop
      vertex   6.500000e+00 8.250000e+00 8.066987e+00
      vertex   6.500000e+00 8.370591e+00 8.017037e+00
      vertex   9.000000e+00 8.370591e+00 8.017037e+00
    endloop
  endfacet
  facet normal -0.000000e+00 -1.305262e-01 -9.914449e-01
    outer loop
      vertex   9.000000e+00 8.370591e+00 8.017037e+00
      vertex   6.500000e+00 8.370591e+00 8.017037e+00
      vertex   6.500000e+00 8.500000e+00 8.000000e+00
    endloop
  endfacet
  facet normal 0.000000e+00 -3.826834e-01 -9.238795e-01
    outer loop
      vertex   1.400000e+01 8.370591e+00 8.017037e+00
      vertex   1.650000e+01 8.370591e+00 8.017037e+00
      vertex   1.400000e+01 8.250000e+00 8.066987e+00
    endloop
  endfacet
  facet normal 0.000000e+00 -3.826834e-01 -9.238795e-01
    outer loop
      vertex   1.400000e+01 8.250000e+00 8.066987e+00
      vertex   1.650000e+01 8.370591e+00 8.017037e+00
      vertex   1.650000e+01 8.250000e+00 8.066987e+00
    endloop
  endfacet
  facet normal 0.000000e+00 -6.087614e-01 -7.933533e-01
    outer loop
      vertex   1.400000e+01 8.250000e+00 8.066987e+00
      vertex   1.650000e+01 8.250000e+00 8.066987e+00
      vertex   1.400000e+01 8.146447e+00 8.146446e+00
    endloop
  endfacet
  facet normal 0.000000e+00 -6.087614e-01 -7.933533e-01
    outer loop
      vertex   1.400000e+01 8.146447e+00 8.146446e+00
      vertex   1.650000e+01 8.250000e+00 8.066987e+00
      vertex   1.650000e+01 8.146447e+00 8.146446e+00
    endloop
  endfacet
  facet normal 0.000000e+00 -7.933533e-01 -6.087614e-01
    outer loop
      vertex   1.400000e+01 8.146447e+00 8.146446e+00
      vertex   1.650000e+01 8.146447e+00 8.146446e+00
      vertex   1.400000e+01 8.066987e+00 8.250000e+00
    endloop
  endfacet
  facet normal -1.067880e-18 -3.826834e-01 -9.238795e-01
    outer loop
      vertex   1.400000e+01 8.370591e+00 8.017037e+00
      vertex   1.400000e+01 8.250000e+00 8.066987e+00
      vertex   1.150000e+01 8.250000e+00 8.066987e+00
    endloop
  endfacet
  facet normal 0.000000e+00 -6.087614e-01 -7.933533e-01
    outer loop
      vertex   1.150000e+01 8.250000e+00 8.066987e+00
      vertex   1.400000e+01 8.250000e+00 8.066987e+00
      vertex   1.150000e+01 8.146447e+00 8.146446e+00
    endloop
  endfacet
  facet normal 1.441524e-18 -6.087614e-01 -7.933533e-01
    outer loop
      vertex   1.150000e+01 8.250000e+00 8.066987e+00
      vertex   1.150000e+01 8.146447e+00 8.146446e+00
      vertex   9.000000e+00 8.146447e+00 8.146446e+00
    endloop
  endfacet
  facet normal 0.000000e+00 -7.933533e-01 -6.087614e-01
    outer loop
      vertex   9.000000e+00 8.146447e+00 8.146446e+00
      vertex   1.150000e+01 8.146447e+00 8.146446e+00
      vertex   9.000000e+00 8.066987e+00 8.250000e+00
    endloop
  endfacet
  facet normal 0.000000e+00 -6.087614e-01 -7.933533e-01
    outer loop
      vertex   1.150000e+01 8.146447e+00 8.146446e+00
      vertex   1.400000e+01 8.250000e+00 8.066987e+00
      vertex   1.400000e+01 8.146447e+00 8.146446e+00
    endloop
  endfacet
  facet normal 0.000000e+00 -7.933533e-01 -6.087614e-01
    outer loop
      vertex   1.150000e+01 8.146447e+00 8.146446e+00
      vertex   1.400000e+01 8.146447e+00 8.146446e+00
      vertex   1.150000e+01 8.066987e+00 8.250000e+00
    endloop
  endfacet
  facet normal 0.000000e+00 -7.933533e-01 -6.087614e-01
    outer loop
      vertex   1.150000e+01 8.066987e+00 8.250000e+00
      vertex   1.400000e+01 8.146447e+00 8.146446e+00
      vertex   1.400000e+01 8.066987e+00 8.250000e+00
    endloop
  endfacet
  facet normal 0.000000e+00 -9.238795e-01 -3.826834e-01
    outer loop
      vertex   1.150000e+01 8.066987e+00 8.250000e+00
      vertex   1.400000e+01 8.066987e+00 8.250000e+00
      vertex   1.150000e+01 8.017037e+00 8.370590e+00
    endloop
  endfacet
  facet normal -1.067880e-18 -9.238795e-01 -3.826834e-01
    outer loop
      vertex   9.000000e+00 8.017037e+00 8.370590e+00
      vertex   9.000000e+00 8.066987e+00 8.250000e+00
      vertex   1.150000e+01 8.066987e+00 8.250000e+00
    endloop
  endfacet
  facet normal -0.000000e+00 -7.933533e-01 -6.087614e-01
    outer loop
      vertex   1.150000e+01 8.066987e+00 8.250000e+00
      vertex   9.000000e+00 8.066987e+00 8.250000e+00
      vertex   1.150000e+01 8.146447e+00 8.146446e+00
    endloop
  endfacet
  facet normal 0.000000e+00 -9.238795e-01 -3.826834e-01
    outer loop
      vertex   9.000000e+00 8.017037e+00 8.370590e+00
      vertex   1.150000e+01 8.066987e+00 8.250000e+00
      vertex   1.150000e+01 8.017037e+00 8.370590e+00
    endloop
  endfacet
  facet normal 5.367708e-02 -1.303380e-01 9.900155e-01
    outer loop
      vertex   1.900000e+01 8.500000e+00 1.600000e+01
      vertex   1.900000e+01 8.370591e+00 1.598296e+01
      vertex   1.943248e+01 8.500000e+00 1.597655e+01
    endloop
  endfacet
  facet normal 5.367708e-02 -1.303380e-01 9.900155e-01
    outer loop
      vertex   1.943248e+01 8.500000e+00 1.597655e+01
      vertex   1.900000e+01 8.370591e+00 1.598296e+01
      vertex   1.943063e+01 8.370591e+00 1.595961e+01
    endloop
  endfacet
  facet normal 1.604019e-01 -1.303380e-01 9.784085e-01
    outer loop
      vertex   1.943248e+01 8.500000e+00 1.597655e+01
      vertex   1.943063e+01 8.370591e+00 1.595961e+01
      vertex   1.985988e+01 8.500000e+00 1.590648e+01
    endloop
  endfacet
  facet normal 1.604019e-01 -1.303380e-01 9.784085e-01
    outer loop
      vertex   1.985988e+01 8.500000e+00 1.590648e+01
      vertex   1.943063e+01 8.370591e+00 1.595961e+01
      vertex   1.985622e+01 8.370591e+00 1.588984e+01
    endloop
  endfacet
  facet normal 2.652462e-01 -1.303380e-01 9.553305e-01
    outer loop
      vertex   1.985988e+01 8.500000e+00 1.590648e+01
      vertex   1.985622e+01 8.370591e+00 1.588984e+01
      vertex   2.027721e+01 8.500000e+00 1.579061e+01
    endloop
  endfacet
  facet normal 2.652462e-01 -1.303380e-01 9.553305e-01
    outer loop
      vertex   2.027721e+01 8.500000e+00 1.579061e+01
      vertex   1.985622e+01 8.370591e+00 1.588984e+01
      vertex   2.027177e+01 8.370591e+00 1.577447e+01
    endloop
  endfacet
  facet normal 3.669807e-01 -1.303380e-01 9.210522e-01
    outer loop
      vertex   2.027721e+01 8.500000e+00 1.579061e+01
      vertex   2.027177e+01 8.370591e+00 1.577447e+01
      vertex   2.067956e+01 8.500000e+00 1.563030e+01
    endloop
  endfacet
  facet normal 3.669807e-01 -1.303380e-01 9.210522e-01
    outer loop
      vertex   2.067956e+01 8.500000e+00 1.563030e+01
      vertex   2.027177e+01 8.370591e+00 1.577447e+01
      vertex   2.067240e+01 8.370591e+00 1.561484e+01
    endloop
  endfacet
  facet normal 4.644127e-01 -1.303380e-01 8.759753e-01
    outer loop
      vertex   2.067956e+01 8.500000e+00 1.563030e+01
      vertex   2.067240e+01 8.370591e+00 1.561484e+01
      vertex   2.106222e+01 8.500000e+00 1.542743e+01
    endloop
  endfacet
  facet normal 4.644127e-01 -1.303380e-01 8.759753e-01
    outer loop
      vertex   2.106222e+01 8.500000e+00 1.542743e+01
      vertex   2.067240e+01 8.370591e+00 1.561484e+01
      vertex   2.105343e+01 8.370591e+00 1.541283e+01
    endloop
  endfacet
  facet normal 5.563999e-01 -1.303380e-01 8.206285e-01
    outer loop
      vertex   2.106222e+01 8.500000e+00 1.542743e+01
      vertex   2.105343e+01 8.370591e+00 1.541283e+01
      vertex   2.142070e+01 8.500000e+00 1.518437e+01
    endloop
  endfacet
  facet normal 5.563999e-01 -1.303380e-01 8.206285e-01
    outer loop
      vertex   2.142070e+01 8.500000e+00 1.518437e+01
      vertex   2.105343e+01 8.370591e+00 1.541283e+01
      vertex   2.141039e+01 8.370591e+00 1.517081e+01
    endloop
  endfacet
  facet normal 6.418638e-01 -1.303380e-01 7.556605e-01
    outer loop
      vertex   2.142070e+01 8.500000e+00 1.518437e+01
      vertex   2.141039e+01 8.370591e+00 1.517081e+01
      vertex   2.175080e+01 8.500000e+00 1.490398e+01
    endloop
  endfacet
  facet normal 6.418638e-01 -1.303380e-01 7.556605e-01
    outer loop
      vertex   2.175080e+01 8.500000e+00 1.490398e+01
      vertex   2.141039e+01 8.370591e+00 1.517081e+01
      vertex   2.173908e+01 8.370591e+00 1.489161e+01
    endloop
  endfacet
  facet normal 7.198025e-01 -1.303380e-01 6.818331e-01
    outer loop
      vertex   2.175080e+01 8.500000e+00 1.490398e+01
      vertex   2.173908e+01 8.370591e+00 1.489161e+01
      vertex   2.204865e+01 8.500000e+00 1.458955e+01
    endloop
  endfacet
  facet normal 7.198025e-01 -1.303380e-01 6.818331e-01
    outer loop
      vertex   2.204865e+01 8.500000e+00 1.458955e+01
      vertex   2.173908e+01 8.370591e+00 1.489161e+01
      vertex   2.203566e+01 8.370591e+00 1.457852e+01
    endloop
  endfacet
  facet normal 7.893021e-01 -1.303380e-01 6.000118e-01
    outer loop
      vertex   2.204865e+01 8.500000e+00 1.458955e+01
      vertex   2.203566e+01 8.370591e+00 1.457852e+01
      vertex   2.231076e+01 8.500000e+00 1.424475e+01
    endloop
  endfacet
  facet normal 7.893021e-01 -1.303380e-01 6.000118e-01
    outer loop
      vertex   2.231076e+01 8.500000e+00 1.424475e+01
      vertex   2.203566e+01 8.370591e+00 1.457852e+01
      vertex   2.229665e+01 8.370591e+00 1.423519e+01
    endloop
  endfacet
  facet normal 8.495479e-01 -1.303380e-01 5.111560e-01
    outer loop
      vertex   2.231076e+01 8.500000e+00 1.424475e+01
      vertex   2.229665e+01 8.370591e+00 1.423519e+01
      vertex   2.253405e+01 8.500000e+00 1.387363e+01
    endloop
  endfacet
  facet normal 8.495479e-01 -1.303380e-01 5.111560e-01
    outer loop
      vertex   2.253405e+01 8.500000e+00 1.387363e+01
      vertex   2.229665e+01 8.370591e+00 1.423519e+01
      vertex   2.251900e+01 8.370591e+00 1.386565e+01
    endloop
  endfacet
  facet normal 8.998335e-01 -1.303380e-01 4.163073e-01
    outer loop
      vertex   2.253405e+01 8.500000e+00 1.387363e+01
      vertex   2.251900e+01 8.370591e+00 1.386565e+01
      vertex   2.271591e+01 8.500000e+00 1.348055e+01
    endloop
  endfacet
  facet normal 8.998335e-01 -1.303380e-01 4.163073e-01
    outer loop
      vertex   2.271591e+01 8.500000e+00 1.348055e+01
      vertex   2.251900e+01 8.370591e+00 1.386565e+01
      vertex   2.270008e+01 8.370591e+00 1.347425e+01
    endloop
  endfacet
  facet normal 9.395693e-01 -1.303380e-01 3.165778e-01
    outer loop
      vertex   2.271591e+01 8.500000e+00 1.348055e+01
      vertex   2.270008e+01 8.370591e+00 1.347425e+01
      vertex   2.285420e+01 8.500000e+00 1.307011e+01
    endloop
  endfacet
  facet normal 9.395693e-01 -1.303380e-01 3.165778e-01
    outer loop
      vertex   2.285420e+01 8.500000e+00 1.307011e+01
      vertex   2.270008e+01 8.370591e+00 1.347425e+01
      vertex   2.283778e+01 8.370591e+00 1.306556e+01
    endloop
  endfacet
  facet normal 9.682896e-01 -1.303380e-01 2.131367e-01
    outer loop
      vertex   2.285420e+01 8.500000e+00 1.307011e+01
      vertex   2.283778e+01 8.370591e+00 1.306556e+01
      vertex   2.294731e+01 8.500000e+00 1.264713e+01
    endloop
  endfacet
  facet normal 9.682896e-01 -1.303380e-01 2.131367e-01
    outer loop
      vertex   2.294731e+01 8.500000e+00 1.264713e+01
      vertex   2.283778e+01 8.370591e+00 1.306556e+01
      vertex   2.293049e+01 8.370591e+00 1.264437e+01
    endloop
  endfacet
  facet normal 9.856576e-01 -1.303380e-01 1.071967e-01
    outer loop
      vertex   2.294731e+01 8.500000e+00 1.264713e+01
      vertex   2.293049e+01 8.370591e+00 1.264437e+01
      vertex   2.299413e+01 8.500000e+00 1.221656e+01
    endloop
  endfacet
  facet normal 9.856576e-01 -1.303380e-01 1.071967e-01
    outer loop
      vertex   2.299413e+01 8.500000e+00 1.221656e+01
      vertex   2.293049e+01 8.370591e+00 1.264437e+01
      vertex   2.297712e+01 8.370591e+00 1.221563e+01
    endloop
  endfacet
  facet normal 9.914696e-01 -1.303380e-01 0.000000e+00
    outer loop
      vertex   2.299413e+01 8.500000e+00 1.221656e+01
      vertex   2.297712e+01 8.370591e+00 1.221563e+01
      vertex   2.299413e+01 8.500000e+00 1.178344e+01
    endloop
  endfacet
  facet normal 9.914696e-01 -1.303380e-01 3.861614e-19
    outer loop
      vertex   2.299413e+01 8.500000e+00 1.178344e+01
      vertex   2.297712e+01 8.370591e+00 1.221563e+01
      vertex   2.297712e+01 8.370591e+00 1.178437e+01
    endloop
  endfacet
  facet normal 9.856576e-01 -1.303380e-01 -1.071967e-01
    outer loop
      vertex   2.299413e+01 8.500000e+00 1.178344e+01
      vertex   2.297712e+01 8.370591e+00 1.178437e+01
      vertex   2.294731e+01 8.500000e+00 1.135287e+01
    endloop
  endfacet
  facet normal 9.856576e-01 -1.303380e-01 -1.071967e-01
    outer loop
      vertex   2.294731e+01 8.500000e+00 1.135287e+01
      vertex   2.297712e+01 8.370591e+00 1.178437e+01
      vertex   2.293049e+01 8.370591e+00 1.135563e+01
    endloop
  endfacet
  facet normal 9.682896e-01 -1.303380e-01 -2.131367e-01
    outer loop
      vertex   2.294731e+01 8.500000e+00 1.135287e+01
      vertex   2.293049e+01 8.370591e+00 1.135563e+01
      vertex   2.285420e+01 8.500000e+00 1.092989e+01
    endloop
  endfacet
  facet normal 9.682896e-01 -1.303380e-01 -2.131367e-01
    outer loop
      vertex   2.285420e+01 8.500000e+00 1.092989e+01
      vertex   2.293049e+01 8.370591e+00 1.135563e+01
      vertex   2.283778e+01 8.370591e+00 1.093444e+01
    endloop
  endfacet
  facet normal 9.395693e-01 -1.303380e-01 -3.165778e-01
    outer loop
      vertex   2.285420e+01 8.500000e+00 1.092989e+01
      vertex   2.283778e+01 8.370591e+00 1.093444e+01
      vertex   2.271591e+01 8.500000e+00 1.051945e+01
    endloop
  endfacet
  facet normal 9.395693e-01 -1.303380e-01 -3.165778e-01
    outer loop
      vertex   2.271591e+01 8.500000e+00 1.051945e+01
      vertex   2.283778e+01 8.370591e+00 1.093444e+01
      vertex   2.270008e+01 8.370591e+00 1.052575e+01
    endloop
  endfacet
  facet normal 8.998335e-01 -1.303380e-01 -4.163073e-01
    outer loop
      vertex   2.271591e+01 8.500000e+00 1.051945e+01
      vertex   2.270008e+01 8.370591e+00 1.052575e+01
      vertex   2.253405e+01 8.500000e+00 1.012637e+01
    endloop
  endfacet
  facet normal 8.998335e-01 -1.303380e-01 -4.163073e-01
    outer loop
      vertex   2.253405e+01 8.500000e+00 1.012637e+01
      vertex   2.270008e+01 8.370591e+00 1.052575e+01
      vertex   2.251900e+01 8.370591e+00 1.013435e+01
    endloop
  endfacet
  facet normal 8.495479e-01 -1.303380e-01 -5.111560e-01
    outer loop
      vertex   2.253405e+01 8.500000e+00 1.012637e+01
      vertex   2.251900e+01 8.370591e+00 1.013435e+01
      vertex   2.231076e+01 8.500000e+00 9.755252e+00
    endloop
  endfacet
  facet normal 8.495479e-01 -1.303380e-01 -5.111560e-01
    outer loop
      vertex   2.231076e+01 8.500000e+00 9.755252e+00
      vertex   2.251900e+01 8.370591e+00 1.013435e+01
      vertex   2.229665e+01 8.370591e+00 9.764813e+00
    endloop
  endfacet
  facet normal 7.893021e-01 -1.303380e-01 -6.000118e-01
    outer loop
      vertex   2.231076e+01 8.500000e+00 9.755252e+00
      vertex   2.229665e+01 8.370591e+00 9.764813e+00
      vertex   2.204865e+01 8.500000e+00 9.410455e+00
    endloop
  endfacet
  facet normal 7.893021e-01 -1.303380e-01 -6.000118e-01
    outer loop
      vertex   2.204865e+01 8.500000e+00 9.410455e+00
      vertex   2.229665e+01 8.370591e+00 9.764813e+00
      vertex   2.203566e+01 8.370591e+00 9.421484e+00
    endloop
  endfacet
  facet normal 7.198025e-01 -1.303380e-01 -6.818331e-01
    outer loop
      vertex   2.204865e+01 8.500000e+00 9.410455e+00
      vertex   2.203566e+01 8.370591e+00 9.421484e+00
      vertex   2.175080e+01 8.500000e+00 9.096018e+00
    endloop
  endfacet
  facet normal 7.198025e-01 -1.303380e-01 -6.818331e-01
    outer loop
      vertex   2.175080e+01 8.500000e+00 9.096018e+00
      vertex   2.203566e+01 8.370591e+00 9.421484e+00
      vertex   2.173908e+01 8.370591e+00 9.108387e+00
    endloop
  endfacet
  facet normal 6.418638e-01 -1.303380e-01 -7.556605e-01
    outer loop
      vertex   2.175080e+01 8.500000e+00 9.096018e+00
      vertex   2.173908e+01 8.370591e+00 9.108387e+00
      vertex   2.142070e+01 8.500000e+00 8.815628e+00
    endloop
  endfacet
  facet normal 6.418638e-01 -1.303380e-01 -7.556605e-01
    outer loop
      vertex   2.142070e+01 8.500000e+00 8.815628e+00
      vertex   2.173908e+01 8.370591e+00 9.108387e+00
      vertex   2.141039e+01 8.370591e+00 8.829191e+00
    endloop
  endfacet
  facet normal 5.563999e-01 -1.303380e-01 -8.206285e-01
    outer loop
      vertex   2.142070e+01 8.500000e+00 8.815628e+00
      vertex   2.141039e+01 8.370591e+00 8.829191e+00
      vertex   2.106222e+01 8.500000e+00 8.572571e+00
    endloop
  endfacet
  facet normal 5.563999e-01 -1.303380e-01 -8.206285e-01
    outer loop
      vertex   2.106222e+01 8.500000e+00 8.572571e+00
      vertex   2.141039e+01 8.370591e+00 8.829191e+00
      vertex   2.105343e+01 8.370591e+00 8.587170e+00
    endloop
  endfacet
  facet normal 4.644127e-01 -1.303380e-01 -8.759753e-01
    outer loop
      vertex   2.106222e+01 8.500000e+00 8.572571e+00
      vertex   2.105343e+01 8.370591e+00 8.587170e+00
      vertex   2.067956e+01 8.500000e+00 8.369698e+00
    endloop
  endfacet
  facet normal 4.644127e-01 -1.303380e-01 -8.759753e-01
    outer loop
      vertex   2.067956e+01 8.500000e+00 8.369698e+00
      vertex   2.105343e+01 8.370591e+00 8.587170e+00
      vertex   2.067240e+01 8.370591e+00 8.385161e+00
    endloop
  endfacet
  facet normal 3.669807e-01 -1.303380e-01 -9.210522e-01
    outer loop
      vertex   2.067956e+01 8.500000e+00 8.369698e+00
      vertex   2.067240e+01 8.370591e+00 8.385161e+00
      vertex   2.027721e+01 8.500000e+00 8.209387e+00
    endloop
  endfacet
  facet normal 3.669807e-01 -1.303380e-01 -9.210522e-01
    outer loop
      vertex   2.027721e+01 8.500000e+00 8.209387e+00
      vertex   2.067240e+01 8.370591e+00 8.385161e+00
      vertex   2.027177e+01 8.370591e+00 8.225532e+00
    endloop
  endfacet
  facet normal 2.652462e-01 -1.303380e-01 -9.553305e-01
    outer loop
      vertex   2.027721e+01 8.500000e+00 8.209387e+00
      vertex   2.027177e+01 8.370591e+00 8.225532e+00
      vertex   1.985988e+01 8.500000e+00 8.093518e+00
    endloop
  endfacet
  facet normal 2.652462e-01 -1.303380e-01 -9.553305e-01
    outer loop
      vertex   1.985988e+01 8.500000e+00 8.093518e+00
      vertex   2.027177e+01 8.370591e+00 8.225532e+00
      vertex   1.985622e+01 8.370591e+00 8.110156e+00
    endloop
  endfacet
  facet normal 1.604019e-01 -1.303380e-01 -9.784085e-01
    outer loop
      vertex   1.985988e+01 8.500000e+00 8.093518e+00
      vertex   1.985622e+01 8.370591e+00 8.110156e+00
      vertex   1.943248e+01 8.500000e+00 8.023448e+00
    endloop
  endfacet
  facet normal 1.604019e-01 -1.303380e-01 -9.784085e-01
    outer loop
      vertex   1.943248e+01 8.500000e+00 8.023448e+00
      vertex   1.985622e+01 8.370591e+00 8.110156e+00
      vertex   1.943063e+01 8.370591e+00 8.040385e+00
    endloop
  endfacet
  facet normal 5.367708e-02 -1.303380e-01 -9.900155e-01
    outer loop
      vertex   1.943248e+01 8.500000e+00 8.023448e+00
      vertex   1.943063e+01 8.370591e+00 8.040385e+00
      vertex   1.900000e+01 8.500000e+00 8.000000e+00
    endloop
  endfacet
  facet normal 5.367708e-02 -1.303380e-01 -9.900155e-01
    outer loop
      vertex   1.900000e+01 8.500000e+00 8.000000e+00
      vertex   1.943063e+01 8.370591e+00 8.040385e+00
      vertex   1.900000e+01 8.370591e+00 8.017037e+00
    endloop
  endfacet
  facet normal 5.002857e-02 -3.822042e-01 -9.227226e-01
    outer loop
      vertex   1.900000e+01 8.370591e+00 8.017037e+00
      vertex   1.943063e+01 8.370591e+00 8.040385e+00
      vertex   1.942523e+01 8.250000e+00 8.090043e+00
    endloop
  endfacet
  facet normal 5.002857e-02 -3.822042e-01 -9.227226e-01
    outer loop
      vertex   1.900000e+01 8.370591e+00 8.017037e+00
      vertex   1.942523e+01 8.250000e+00 8.090043e+00
      vertex   1.900000e+01 8.250000e+00 8.066987e+00
    endloop
  endfacet
  facet normal 4.297463e-02 -6.081990e-01 -7.926204e-01
    outer loop
      vertex   1.900000e+01 8.250000e+00 8.066987e+00
      vertex   1.942523e+01 8.250000e+00 8.090043e+00
      vertex   1.941664e+01 8.146447e+00 8.169036e+00
    endloop
  endfacet
  facet normal 4.297463e-02 -6.081990e-01 -7.926204e-01
    outer loop
      vertex   1.900000e+01 8.250000e+00 8.066987e+00
      vertex   1.941664e+01 8.146447e+00 8.169036e+00
      vertex   1.900000e+01 8.146447e+00 8.146446e+00
    endloop
  endfacet
  facet normal 3.298812e-02 -7.929216e-01 -6.084301e-01
    outer loop
      vertex   1.900000e+01 8.146447e+00 8.146446e+00
      vertex   1.941664e+01 8.146447e+00 8.169036e+00
      vertex   1.940545e+01 8.066987e+00 8.271983e+00
    endloop
  endfacet
  facet normal 3.298812e-02 -7.929216e-01 -6.084301e-01
    outer loop
      vertex   1.900000e+01 8.146447e+00 8.146446e+00
      vertex   1.940545e+01 8.066987e+00 8.271983e+00
      vertex   1.900000e+01 8.066987e+00 8.250000e+00
    endloop
  endfacet
  facet normal 2.074403e-02 -9.236807e-01 -3.826011e-01
    outer loop
      vertex   1.900000e+01 8.066987e+00 8.250000e+00
      vertex   1.940545e+01 8.066987e+00 8.271983e+00
      vertex   1.939241e+01 8.017037e+00 8.391866e+00
    endloop
  endfacet
  facet normal 2.074403e-02 -9.236807e-01 -3.826011e-01
    outer loop
      vertex   1.900000e+01 8.066987e+00 8.250000e+00
      vertex   1.939241e+01 8.017037e+00 8.391866e+00
      vertex   1.900000e+01 8.017037e+00 8.370590e+00
    endloop
  endfacet
  facet normal 7.076747e-03 -9.914200e-01 -1.305229e-01
    outer loop
      vertex   1.900000e+01 8.017037e+00 8.370590e+00
      vertex   1.939241e+01 8.017037e+00 8.391866e+00
      vertex   1.900000e+01 8.000000e+00 8.500000e+00
    endloop
  endfacet
  facet normal 7.511941e-03 -9.916194e-01 -1.289751e-01
    outer loop
      vertex   1.900000e+01 8.000000e+00 8.500000e+00
      vertex   1.939241e+01 8.017037e+00 8.391866e+00
      vertex   1.940633e+01 8.000000e+00 8.523666e+00
    endloop
  endfacet
  facet normal 2.137619e-02 -9.912324e-01 -1.303890e-01
    outer loop
      vertex   1.940633e+01 8.000000e+00 8.523666e+00
      vertex   1.939241e+01 8.017037e+00 8.391866e+00
      vertex   1.978022e+01 8.017037e+00 8.455444e+00
    endloop
  endfacet
  facet normal 2.220987e-02 -9.917869e-01 -1.259584e-01
    outer loop
      vertex   1.940633e+01 8.000000e+00 8.523666e+00
      vertex   1.978022e+01 8.017037e+00 8.455444e+00
      vertex   1.980716e+01 8.000000e+00 8.594343e+00
    endloop
  endfacet
  facet normal 3.567276e-02 -9.910701e-01 -1.284817e-01
    outer loop
      vertex   1.980716e+01 8.000000e+00 8.594343e+00
      vertex   1.978022e+01 8.017037e+00 8.455444e+00
      vertex   2.015888e+01 8.017037e+00 8.560578e+00
    endloop
  endfacet
  facet normal 3.638192e-02 -9.919215e-01 -1.215241e-01
    outer loop
      vertex   1.980716e+01 8.000000e+00 8.594343e+00
      vertex   2.015888e+01 8.017037e+00 8.560578e+00
      vertex   2.019707e+01 8.000000e+00 8.711076e+00
    endloop
  endfacet
  facet normal 4.972430e-02 -9.909353e-01 -1.247986e-01
    outer loop
      vertex   2.019707e+01 8.000000e+00 8.711076e+00
      vertex   2.015888e+01 8.017037e+00 8.560578e+00
      vertex   2.052395e+01 8.017037e+00 8.706037e+00
    endloop
  endfacet
  facet normal 4.992091e-02 -9.920255e-01 -1.157297e-01
    outer loop
      vertex   2.019707e+01 8.000000e+00 8.711076e+00
      vertex   2.052395e+01 8.017037e+00 8.706037e+00
      vertex   2.057080e+01 8.000000e+00 8.872286e+00
    endloop
  endfacet
  facet normal 6.328806e-02 -9.908302e-01 -1.193740e-01
    outer loop
      vertex   2.057080e+01 8.000000e+00 8.872286e+00
      vertex   2.052395e+01 8.017037e+00 8.706037e+00
      vertex   2.087116e+01 8.017037e+00 8.890114e+00
    endloop
  endfacet
  facet normal 6.272293e-02 -9.921005e-01 -1.086393e-01
    outer loop
      vertex   2.057080e+01 8.000000e+00 8.872286e+00
      vertex   2.087116e+01 8.017037e+00 8.890114e+00
      vertex   2.092328e+01 8.000000e+00 9.075793e+00
    endloop
  endfacet
  facet normal 7.612697e-02 -9.907563e-01 -1.122789e-01
    outer loop
      vertex   2.092328e+01 8.000000e+00 9.075793e+00
      vertex   2.087116e+01 8.017037e+00 8.890114e+00
      vertex   2.119643e+01 8.017037e+00 9.110652e+00
    endloop
  endfacet
  facet normal 7.468794e-02 -9.921476e-01 -1.003233e-01
    outer loop
      vertex   2.092328e+01 8.000000e+00 9.075793e+00
      vertex   2.119643e+01 8.017037e+00 9.110652e+00
      vertex   2.124976e+01 8.000000e+00 9.318844e+00
    endloop
  endfacet
  facet normal 8.801579e-02 -9.907149e-01 -1.036202e-01
    outer loop
      vertex   2.124976e+01 8.000000e+00 9.318844e+00
      vertex   2.119643e+01 8.017037e+00 9.110652e+00
      vertex   2.149594e+01 8.017037e+00 9.365065e+00
    endloop
  endfacet
  facet normal 8.572031e-02 -9.921677e-01 -9.085822e-02
    outer loop
      vertex   2.124976e+01 8.000000e+00 9.318844e+00
      vertex   2.149594e+01 8.017037e+00 9.365065e+00
      vertex   2.154581e+01 8.000000e+00 9.598154e+00
    endloop
  endfacet
  facet normal 9.874714e-02 -9.907066e-01 -9.353826e-02
    outer loop
      vertex   2.154581e+01 8.000000e+00 9.598154e+00
      vertex   2.149594e+01 8.017037e+00 9.365065e+00
      vertex   2.176620e+01 8.017037e+00 9.650370e+00
    endloop
  endfacet
  facet normal 9.572939e-02 -9.921610e-01 -8.032649e-02
    outer loop
      vertex   2.154581e+01 8.000000e+00 9.598154e+00
      vertex   2.176620e+01 8.017037e+00 9.650370e+00
      vertex   2.180743e+01 8.000000e+00 9.909945e+00
    endloop
  endfacet
  facet normal 1.081370e-01 -9.907315e-01 -8.220359e-02
    outer loop
      vertex   2.180743e+01 8.000000e+00 9.909945e+00
      vertex   2.176620e+01 8.017037e+00 9.650370e+00
      vertex   2.200402e+01 8.017037e+00 9.963222e+00
    endloop
  endfacet
  facet normal 1.046299e-01 -9.921275e-01 -6.881615e-02
    outer loop
      vertex   2.180743e+01 8.000000e+00 9.909945e+00
      vertex   2.200402e+01 8.017037e+00 9.963222e+00
      vertex   2.203109e+01 8.000000e+00 1.025000e+01
    endloop
  endfacet
  facet normal 1.160294e-01 -9.907893e-01 -6.981255e-02
    outer loop
      vertex   2.203109e+01 8.000000e+00 1.025000e+01
      vertex   2.200402e+01 8.017037e+00 9.963222e+00
      vertex   2.220663e+01 8.017037e+00 1.029995e+01
    endloop
  endfacet
  facet normal 1.123422e-01 -9.920665e-01 -5.642039e-02
    outer loop
      vertex   2.203109e+01 8.000000e+00 1.025000e+01
      vertex   2.220663e+01 8.017037e+00 1.029995e+01
      vertex   2.221376e+01 8.000000e+00 1.061372e+01
    endloop
  endfacet
  facet normal 1.223004e-01 -9.908789e-01 -5.658218e-02
    outer loop
      vertex   2.221376e+01 8.000000e+00 1.061372e+01
      vertex   2.220663e+01 8.017037e+00 1.029995e+01
      vertex   2.237164e+01 8.017037e+00 1.065662e+01
    endloop
  endfacet
  facet normal 1.187930e-01 -9.919772e-01 -4.323713e-02
    outer loop
      vertex   2.221376e+01 8.000000e+00 1.061372e+01
      vertex   2.237164e+01 8.017037e+00 1.065662e+01
      vertex   2.235296e+01 8.000000e+00 1.099619e+01
    endloop
  endfacet
  facet normal 1.268608e-01 -9.909991e-01 -4.274439e-02
    outer loop
      vertex   2.235296e+01 8.000000e+00 1.099619e+01
      vertex   2.237164e+01 8.017037e+00 1.065662e+01
      vertex   2.249712e+01 8.017037e+00 1.102903e+01
    endloop
  endfacet
  facet normal 1.239150e-01 -9.918581e-01 -2.936840e-02
    outer loop
      vertex   2.235296e+01 8.000000e+00 1.099619e+01
      vertex   2.249712e+01 8.017037e+00 1.102903e+01
      vertex   2.244683e+01 8.000000e+00 1.139223e+01
    endloop
  endfacet
  facet normal 1.296580e-01 -9.911480e-01 -2.853989e-02
    outer loop
      vertex   2.244683e+01 8.000000e+00 1.139223e+01
      vertex   2.249712e+01 8.017037e+00 1.102903e+01
      vertex   2.258160e+01 8.017037e+00 1.141283e+01
    endloop
  endfacet
  facet normal 1.276473e-01 -9.917074e-01 -1.491983e-02
    outer loop
      vertex   2.244683e+01 8.000000e+00 1.139223e+01
      vertex   2.258160e+01 8.017037e+00 1.141283e+01
      vertex   2.249408e+01 8.000000e+00 1.179649e+01
    endloop
  endfacet
  facet normal 1.306761e-01 -9.913233e-01 -1.421188e-02
    outer loop
      vertex   2.249408e+01 8.000000e+00 1.179649e+01
      vertex   2.258160e+01 8.017037e+00 1.141283e+01
      vertex   2.262409e+01 8.017037e+00 1.180351e+01
    endloop
  endfacet
  facet normal 1.299354e-01 -9.915225e-01 4.329643e-19
    outer loop
      vertex   2.249408e+01 8.000000e+00 1.179649e+01
      vertex   2.262409e+01 8.017037e+00 1.180351e+01
      vertex   2.262409e+01 8.017037e+00 1.219649e+01
    endloop
  endfacet
  facet normal 3.831630e-01 -9.236807e-01 0.000000e+00
    outer loop
      vertex   2.262409e+01 8.017037e+00 1.219649e+01
      vertex   2.262409e+01 8.017037e+00 1.180351e+01
      vertex   2.274450e+01 8.066987e+00 1.179698e+01
    endloop
  endfacet
  facet normal 3.831630e-01 -9.236807e-01 -5.404159e-18
    outer loop
      vertex   2.262409e+01 8.017037e+00 1.219649e+01
      vertex   2.274450e+01 8.066987e+00 1.179698e+01
      vertex   2.274450e+01 8.066987e+00 1.220302e+01
    endloop
  endfacet
  facet normal 6.093237e-01 -7.929216e-01 0.000000e+00
    outer loop
      vertex   2.274450e+01 8.066987e+00 1.220302e+01
      vertex   2.274450e+01 8.066987e+00 1.179698e+01
      vertex   2.284790e+01 8.146447e+00 1.179137e+01
    endloop
  endfacet
  facet normal 6.093237e-01 -7.929216e-01 -1.288122e-17
    outer loop
      vertex   2.274450e+01 8.066987e+00 1.220302e+01
      vertex   2.284790e+01 8.146447e+00 1.179137e+01
      vertex   2.284790e+01 8.146447e+00 1.220863e+01
    endloop
  endfacet
  facet normal 7.937846e-01 -6.081990e-01 0.000000e+00
    outer loop
      vertex   2.284790e+01 8.146447e+00 1.220863e+01
      vertex   2.284790e+01 8.146447e+00 1.179137e+01
      vertex   2.292724e+01 8.250000e+00 1.178707e+01
    endloop
  endfacet
  facet normal 7.937846e-01 -6.081990e-01 -5.035181e-18
    outer loop
      vertex   2.284790e+01 8.146447e+00 1.220863e+01
      vertex   2.292724e+01 8.250000e+00 1.178707e+01
      vertex   2.292724e+01 8.250000e+00 1.221293e+01
    endloop
  endfacet
  facet normal 9.240779e-01 -3.822042e-01 0.000000e+00
    outer loop
      vertex   2.292724e+01 8.250000e+00 1.221293e+01
      vertex   2.292724e+01 8.250000e+00 1.178707e+01
      vertex   2.297712e+01 8.370591e+00 1.178437e+01
    endloop
  endfacet
  facet normal 9.240779e-01 -3.822042e-01 -4.400268e-18
    outer loop
      vertex   2.292724e+01 8.250000e+00 1.221293e+01
      vertex   2.297712e+01 8.370591e+00 1.178437e+01
      vertex   2.297712e+01 8.370591e+00 1.221563e+01
    endloop
  endfacet
  facet normal 5.002857e-02 -3.822042e-01 9.227226e-01
    outer loop
      vertex   1.900000e+01 8.370591e+00 1.598296e+01
      vertex   1.900000e+01 8.250000e+00 1.593301e+01
      vertex   1.943063e+01 8.370591e+00 1.595961e+01
    endloop
  endfacet
  facet normal 5.002857e-02 -3.822042e-01 9.227226e-01
    outer loop
      vertex   1.943063e+01 8.370591e+00 1.595961e+01
      vertex   1.900000e+01 8.250000e+00 1.593301e+01
      vertex   1.942523e+01 8.250000e+00 1.590996e+01
    endloop
  endfacet
  facet normal 1.494992e-01 -3.822042e-01 9.119046e-01
    outer loop
      vertex   1.943063e+01 8.370591e+00 1.595961e+01
      vertex   1.942523e+01 8.250000e+00 1.590996e+01
      vertex   1.985622e+01 8.370591e+00 1.588984e+01
    endloop
  endfacet
  facet normal 1.494992e-01 -3.822042e-01 9.119046e-01
    outer loop
      vertex   1.985622e+01 8.370591e+00 1.588984e+01
      vertex   1.942523e+01 8.250000e+00 1.590996e+01
      vertex   1.984548e+01 8.250000e+00 1.584106e+01
    endloop
  endfacet
  facet normal 2.472170e-01 -3.822042e-01 8.903952e-01
    outer loop
      vertex   1.985622e+01 8.370591e+00 1.588984e+01
      vertex   1.984548e+01 8.250000e+00 1.584106e+01
      vertex   2.027177e+01 8.370591e+00 1.577447e+01
    endloop
  endfacet
  facet normal 2.472170e-01 -3.822042e-01 8.903952e-01
    outer loop
      vertex   2.027177e+01 8.370591e+00 1.577447e+01
      vertex   1.984548e+01 8.250000e+00 1.584106e+01
      vertex   2.025582e+01 8.250000e+00 1.572713e+01
    endloop
  endfacet
  facet normal 3.420365e-01 -3.822042e-01 8.584468e-01
    outer loop
      vertex   2.027177e+01 8.370591e+00 1.577447e+01
      vertex   2.025582e+01 8.250000e+00 1.572713e+01
      vertex   2.067240e+01 8.370591e+00 1.561484e+01
    endloop
  endfacet
  facet normal 3.420365e-01 -3.822042e-01 8.584468e-01
    outer loop
      vertex   2.067240e+01 8.370591e+00 1.561484e+01
      vertex   2.025582e+01 8.250000e+00 1.572713e+01
      vertex   2.065143e+01 8.250000e+00 1.556951e+01
    endloop
  endfacet
  facet normal 4.328459e-01 -3.822042e-01 8.164339e-01
    outer loop
      vertex   2.067240e+01 8.370591e+00 1.561484e+01
      vertex   2.065143e+01 8.250000e+00 1.556951e+01
      vertex   2.105343e+01 8.370591e+00 1.541283e+01
    endloop
  endfacet
  facet normal 4.328459e-01 -3.822042e-01 8.164339e-01
    outer loop
      vertex   2.105343e+01 8.370591e+00 1.541283e+01
      vertex   2.065143e+01 8.250000e+00 1.556951e+01
      vertex   2.102768e+01 8.250000e+00 1.537003e+01
    endloop
  endfacet
  facet normal 5.185806e-01 -3.822042e-01 7.648491e-01
    outer loop
      vertex   2.105343e+01 8.370591e+00 1.541283e+01
      vertex   2.102768e+01 8.250000e+00 1.537003e+01
      vertex   2.141039e+01 8.370591e+00 1.517081e+01
    endloop
  endfacet
  facet normal 5.185806e-01 -3.822042e-01 7.648491e-01
    outer loop
      vertex   2.141039e+01 8.370591e+00 1.517081e+01
      vertex   2.102768e+01 8.250000e+00 1.537003e+01
      vertex   2.138016e+01 8.250000e+00 1.513104e+01
    endloop
  endfacet
  facet normal 5.982353e-01 -3.822042e-01 7.042971e-01
    outer loop
      vertex   2.141039e+01 8.370591e+00 1.517081e+01
      vertex   2.138016e+01 8.250000e+00 1.513104e+01
      vertex   2.173908e+01 8.370591e+00 1.489161e+01
    endloop
  endfacet
  facet normal 5.982353e-01 -3.822042e-01 7.042971e-01
    outer loop
      vertex   2.173908e+01 8.370591e+00 1.489161e+01
      vertex   2.138016e+01 8.250000e+00 1.513104e+01
      vertex   2.170473e+01 8.250000e+00 1.485535e+01
    endloop
  endfacet
  facet normal 6.708764e-01 -3.822042e-01 6.354879e-01
    outer loop
      vertex   2.173908e+01 8.370591e+00 1.489161e+01
      vertex   2.170473e+01 8.250000e+00 1.485535e+01
      vertex   2.203566e+01 8.370591e+00 1.457852e+01
    endloop
  endfacet
  facet normal 6.708764e-01 -3.822042e-01 6.354879e-01
    outer loop
      vertex   2.203566e+01 8.370591e+00 1.457852e+01
      vertex   2.170473e+01 8.250000e+00 1.485535e+01
      vertex   2.199759e+01 8.250000e+00 1.454618e+01
    endloop
  endfacet
  facet normal 7.356520e-01 -3.822042e-01 5.592281e-01
    outer loop
      vertex   2.203566e+01 8.370591e+00 1.457852e+01
      vertex   2.199759e+01 8.250000e+00 1.454618e+01
      vertex   2.229665e+01 8.370591e+00 1.423519e+01
    endloop
  endfacet
  facet normal 7.356520e-01 -3.822042e-01 5.592281e-01
    outer loop
      vertex   2.229665e+01 8.370591e+00 1.423519e+01
      vertex   2.199759e+01 8.250000e+00 1.454618e+01
      vertex   2.225531e+01 8.250000e+00 1.420716e+01
    endloop
  endfacet
  facet normal 7.918028e-01 -3.822042e-01 4.764119e-01
    outer loop
      vertex   2.229665e+01 8.370591e+00 1.423519e+01
      vertex   2.225531e+01 8.250000e+00 1.420716e+01
      vertex   2.251900e+01 8.370591e+00 1.386565e+01
    endloop
  endfacet
  facet normal 7.918028e-01 -3.822042e-01 4.764119e-01
    outer loop
      vertex   2.251900e+01 8.370591e+00 1.386565e+01
      vertex   2.225531e+01 8.250000e+00 1.420716e+01
      vertex   2.247486e+01 8.250000e+00 1.384226e+01
    endloop
  endfacet
  facet normal 8.386704e-01 -3.822042e-01 3.880102e-01
    outer loop
      vertex   2.251900e+01 8.370591e+00 1.386565e+01
      vertex   2.247486e+01 8.250000e+00 1.384226e+01
      vertex   2.270008e+01 8.370591e+00 1.347425e+01
    endloop
  endfacet
  facet normal 8.386704e-01 -3.822042e-01 3.880102e-01
    outer loop
      vertex   2.270008e+01 8.370591e+00 1.347425e+01
      vertex   2.247486e+01 8.250000e+00 1.384226e+01
      vertex   2.265368e+01 8.250000e+00 1.345576e+01
    endloop
  endfacet
  facet normal 8.757053e-01 -3.822042e-01 2.950595e-01
    outer loop
      vertex   2.270008e+01 8.370591e+00 1.347425e+01
      vertex   2.265368e+01 8.250000e+00 1.345576e+01
      vertex   2.283778e+01 8.370591e+00 1.306556e+01
    endloop
  endfacet
  facet normal 8.757053e-01 -3.822042e-01 2.950595e-01
    outer loop
      vertex   2.283778e+01 8.370591e+00 1.306556e+01
      vertex   2.265368e+01 8.250000e+00 1.345576e+01
      vertex   2.278965e+01 8.250000e+00 1.305219e+01
    endloop
  endfacet
  facet normal 9.024735e-01 -3.822042e-01 1.986494e-01
    outer loop
      vertex   2.283778e+01 8.370591e+00 1.306556e+01
      vertex   2.278965e+01 8.250000e+00 1.305219e+01
      vertex   2.293049e+01 8.370591e+00 1.264437e+01
    endloop
  endfacet
  facet normal 9.024735e-01 -3.822042e-01 1.986494e-01
    outer loop
      vertex   2.293049e+01 8.370591e+00 1.264437e+01
      vertex   2.278965e+01 8.250000e+00 1.305219e+01
      vertex   2.288120e+01 8.250000e+00 1.263629e+01
    endloop
  endfacet
  facet normal 9.186609e-01 -3.822042e-01 9.991039e-02
    outer loop
      vertex   2.293049e+01 8.370591e+00 1.264437e+01
      vertex   2.288120e+01 8.250000e+00 1.263629e+01
      vertex   2.297712e+01 8.370591e+00 1.221563e+01
    endloop
  endfacet
  facet normal 9.186609e-01 -3.822042e-01 9.991039e-02
    outer loop
      vertex   2.297712e+01 8.370591e+00 1.221563e+01
      vertex   2.288120e+01 8.250000e+00 1.263629e+01
      vertex   2.292724e+01 8.250000e+00 1.221293e+01
    endloop
  endfacet
  facet normal 4.297463e-02 -6.081990e-01 7.926204e-01
    outer loop
      vertex   1.900000e+01 8.250000e+00 1.593301e+01
      vertex   1.900000e+01 8.146447e+00 1.585355e+01
      vertex   1.942523e+01 8.250000e+00 1.590996e+01
    endloop
  endfacet
  facet normal 4.297463e-02 -6.081990e-01 7.926204e-01
    outer loop
      vertex   1.942523e+01 8.250000e+00 1.590996e+01
      vertex   1.900000e+01 8.146447e+00 1.585355e+01
      vertex   1.941664e+01 8.146447e+00 1.583096e+01
    endloop
  endfacet
  facet normal 1.284201e-01 -6.081990e-01 7.833277e-01
    outer loop
      vertex   1.942523e+01 8.250000e+00 1.590996e+01
      vertex   1.941664e+01 8.146447e+00 1.583096e+01
      vertex   1.984548e+01 8.250000e+00 1.584106e+01
    endloop
  endfacet
  facet normal 1.284201e-01 -6.081990e-01 7.833277e-01
    outer loop
      vertex   1.984548e+01 8.250000e+00 1.584106e+01
      vertex   1.941664e+01 8.146447e+00 1.583096e+01
      vertex   1.982840e+01 8.146447e+00 1.576346e+01
    endloop
  endfacet
  facet normal 2.123599e-01 -6.081990e-01 7.648511e-01
    outer loop
      vertex   1.984548e+01 8.250000e+00 1.584106e+01
      vertex   1.982840e+01 8.146447e+00 1.576346e+01
      vertex   2.025582e+01 8.250000e+00 1.572713e+01
    endloop
  endfacet
  facet normal 2.123599e-01 -6.081990e-01 7.648511e-01
    outer loop
      vertex   2.025582e+01 8.250000e+00 1.572713e+01
      vertex   1.982840e+01 8.146447e+00 1.576346e+01
      vertex   2.023045e+01 8.146447e+00 1.565183e+01
    endloop
  endfacet
  facet normal 2.938100e-01 -6.081990e-01 7.374074e-01
    outer loop
      vertex   2.025582e+01 8.250000e+00 1.572713e+01
      vertex   2.023045e+01 8.146447e+00 1.565183e+01
      vertex   2.065143e+01 8.250000e+00 1.556951e+01
    endloop
  endfacet
  facet normal 2.938100e-01 -6.081990e-01 7.374074e-01
    outer loop
      vertex   2.065143e+01 8.250000e+00 1.556951e+01
      vertex   2.023045e+01 8.146447e+00 1.565183e+01
      vertex   2.061807e+01 8.146447e+00 1.549739e+01
    endloop
  endfacet
  facet normal 3.718154e-01 -6.081990e-01 7.013182e-01
    outer loop
      vertex   2.065143e+01 8.250000e+00 1.556951e+01
      vertex   2.061807e+01 8.146447e+00 1.549739e+01
      vertex   2.102768e+01 8.250000e+00 1.537003e+01
    endloop
  endfacet
  facet normal 3.718154e-01 -6.081990e-01 7.013182e-01
    outer loop
      vertex   2.102768e+01 8.250000e+00 1.537003e+01
      vertex   2.061807e+01 8.146447e+00 1.549739e+01
      vertex   2.098671e+01 8.146447e+00 1.530195e+01
    endloop
  endfacet
  facet normal 4.454616e-01 -6.081990e-01 6.570068e-01
    outer loop
      vertex   2.102768e+01 8.250000e+00 1.537003e+01
      vertex   2.098671e+01 8.146447e+00 1.530195e+01
      vertex   2.138016e+01 8.250000e+00 1.513104e+01
    endloop
  endfacet
  facet normal 4.454616e-01 -6.081990e-01 6.570068e-01
    outer loop
      vertex   2.138016e+01 8.250000e+00 1.513104e+01
      vertex   2.098671e+01 8.146447e+00 1.530195e+01
      vertex   2.133207e+01 8.146447e+00 1.506779e+01
    endloop
  endfacet
  facet normal 5.138852e-01 -6.081990e-01 6.049925e-01
    outer loop
      vertex   2.138016e+01 8.250000e+00 1.513104e+01
      vertex   2.133207e+01 8.146447e+00 1.506779e+01
      vertex   2.170473e+01 8.250000e+00 1.485535e+01
    endloop
  endfacet
  facet normal 5.138852e-01 -6.081990e-01 6.049925e-01
    outer loop
      vertex   2.170473e+01 8.250000e+00 1.485535e+01
      vertex   2.133207e+01 8.146447e+00 1.506779e+01
      vertex   2.165009e+01 8.146447e+00 1.479766e+01
    endloop
  endfacet
  facet normal 5.762840e-01 -6.081990e-01 5.458852e-01
    outer loop
      vertex   2.170473e+01 8.250000e+00 1.485535e+01
      vertex   2.165009e+01 8.146447e+00 1.479766e+01
      vertex   2.199759e+01 8.250000e+00 1.454618e+01
    endloop
  endfacet
  facet normal 5.762840e-01 -6.081990e-01 5.458852e-01
    outer loop
      vertex   2.199759e+01 8.250000e+00 1.454618e+01
      vertex   2.165009e+01 8.146447e+00 1.479766e+01
      vertex   2.193703e+01 8.146447e+00 1.449474e+01
    endloop
  endfacet
  facet normal 6.319264e-01 -6.081990e-01 4.803780e-01
    outer loop
      vertex   2.199759e+01 8.250000e+00 1.454618e+01
      vertex   2.193703e+01 8.146447e+00 1.449474e+01
      vertex   2.225531e+01 8.250000e+00 1.420716e+01
    endloop
  endfacet
  facet normal 6.319264e-01 -6.081990e-01 4.803780e-01
    outer loop
      vertex   2.225531e+01 8.250000e+00 1.420716e+01
      vertex   2.193703e+01 8.146447e+00 1.449474e+01
      vertex   2.218954e+01 8.146447e+00 1.416256e+01
    endloop
  endfacet
  facet normal 6.801600e-01 -6.081990e-01 4.092387e-01
    outer loop
      vertex   2.225531e+01 8.250000e+00 1.420716e+01
      vertex   2.218954e+01 8.146447e+00 1.416256e+01
      vertex   2.247486e+01 8.250000e+00 1.384226e+01
    endloop
  endfacet
  facet normal 6.801600e-01 -6.081990e-01 4.092387e-01
    outer loop
      vertex   2.247486e+01 8.250000e+00 1.384226e+01
      vertex   2.218954e+01 8.146447e+00 1.416256e+01
      vertex   2.240466e+01 8.146447e+00 1.380504e+01
    endloop
  endfacet
  facet normal 7.204194e-01 -6.081990e-01 3.333015e-01
    outer loop
      vertex   2.247486e+01 8.250000e+00 1.384226e+01
      vertex   2.240466e+01 8.146447e+00 1.380504e+01
      vertex   2.265368e+01 8.250000e+00 1.345576e+01
    endloop
  endfacet
  facet normal 7.204194e-01 -6.081990e-01 3.333015e-01
    outer loop
      vertex   2.265368e+01 8.250000e+00 1.345576e+01
      vertex   2.240466e+01 8.146447e+00 1.380504e+01
      vertex   2.257986e+01 8.146447e+00 1.342635e+01
    endloop
  endfacet
  facet normal 7.522325e-01 -6.081990e-01 2.534566e-01
    outer loop
      vertex   2.265368e+01 8.250000e+00 1.345576e+01
      vertex   2.257986e+01 8.146447e+00 1.342635e+01
      vertex   2.278965e+01 8.250000e+00 1.305219e+01
    endloop
  endfacet
  facet normal 7.522325e-01 -6.081990e-01 2.534566e-01
    outer loop
      vertex   2.278965e+01 8.250000e+00 1.305219e+01
      vertex   2.257986e+01 8.146447e+00 1.342635e+01
      vertex   2.271309e+01 8.146447e+00 1.303093e+01
    endloop
  endfacet
  facet normal 7.752263e-01 -6.081990e-01 1.706402e-01
    outer loop
      vertex   2.278965e+01 8.250000e+00 1.305219e+01
      vertex   2.271309e+01 8.146447e+00 1.303093e+01
      vertex   2.288120e+01 8.250000e+00 1.263629e+01
    endloop
  endfacet
  facet normal 7.752263e-01 -6.081990e-01 1.706402e-01
    outer loop
      vertex   2.288120e+01 8.250000e+00 1.263629e+01
      vertex   2.271309e+01 8.146447e+00 1.303093e+01
      vertex   2.280279e+01 8.146447e+00 1.262344e+01
    endloop
  endfacet
  facet normal 7.891314e-01 -6.081990e-01 8.582321e-02
    outer loop
      vertex   2.288120e+01 8.250000e+00 1.263629e+01
      vertex   2.280279e+01 8.146447e+00 1.262344e+01
      vertex   2.292724e+01 8.250000e+00 1.221293e+01
    endloop
  endfacet
  facet normal 7.891314e-01 -6.081990e-01 8.582321e-02
    outer loop
      vertex   2.292724e+01 8.250000e+00 1.221293e+01
      vertex   2.280279e+01 8.146447e+00 1.262344e+01
      vertex   2.284790e+01 8.146447e+00 1.220863e+01
    endloop
  endfacet
  facet normal 3.298812e-02 -7.929216e-01 6.084301e-01
    outer loop
      vertex   1.900000e+01 8.146447e+00 1.585355e+01
      vertex   1.900000e+01 8.066987e+00 1.575000e+01
      vertex   1.941664e+01 8.146447e+00 1.583096e+01
    endloop
  endfacet
  facet normal 3.298812e-02 -7.929216e-01 6.084301e-01
    outer loop
      vertex   1.941664e+01 8.146447e+00 1.583096e+01
      vertex   1.900000e+01 8.066987e+00 1.575000e+01
      vertex   1.940545e+01 8.066987e+00 1.572802e+01
    endloop
  endfacet
  facet normal 9.857761e-02 -7.929216e-01 6.012968e-01
    outer loop
      vertex   1.941664e+01 8.146447e+00 1.583096e+01
      vertex   1.940545e+01 8.066987e+00 1.572802e+01
      vertex   1.982840e+01 8.146447e+00 1.576346e+01
    endloop
  endfacet
  facet normal 9.857761e-02 -7.929216e-01 6.012968e-01
    outer loop
      vertex   1.982840e+01 8.146447e+00 1.576346e+01
      vertex   1.940545e+01 8.066987e+00 1.572802e+01
      vertex   1.980614e+01 8.066987e+00 1.566233e+01
    endloop
  endfacet
  facet normal 1.630114e-01 -7.929216e-01 5.871139e-01
    outer loop
      vertex   1.982840e+01 8.146447e+00 1.576346e+01
      vertex   1.980614e+01 8.066987e+00 1.566233e+01
      vertex   2.023045e+01 8.146447e+00 1.565183e+01
    endloop
  endfacet
  facet normal 1.630114e-01 -7.929216e-01 5.871139e-01
    outer loop
      vertex   2.023045e+01 8.146447e+00 1.565183e+01
      vertex   1.980614e+01 8.066987e+00 1.566233e+01
      vertex   2.019738e+01 8.066987e+00 1.555370e+01
    endloop
  endfacet
  facet normal 2.255340e-01 -7.929216e-01 5.660476e-01
    outer loop
      vertex   2.023045e+01 8.146447e+00 1.565183e+01
      vertex   2.019738e+01 8.066987e+00 1.555370e+01
      vertex   2.061807e+01 8.146447e+00 1.549739e+01
    endloop
  endfacet
  facet normal 2.255340e-01 -7.929216e-01 5.660476e-01
    outer loop
      vertex   2.061807e+01 8.146447e+00 1.549739e+01
      vertex   2.019738e+01 8.066987e+00 1.555370e+01
      vertex   2.057458e+01 8.066987e+00 1.540341e+01
    endloop
  endfacet
  facet normal 2.854124e-01 -7.929216e-01 5.383449e-01
    outer loop
      vertex   2.061807e+01 8.146447e+00 1.549739e+01
      vertex   2.057458e+01 8.066987e+00 1.540341e+01
      vertex   2.098671e+01 8.146447e+00 1.530195e+01
    endloop
  endfacet
  facet normal 2.854124e-01 -7.929216e-01 5.383449e-01
    outer loop
      vertex   2.098671e+01 8.146447e+00 1.530195e+01
      vertex   2.057458e+01 8.066987e+00 1.540341e+01
      vertex   2.093333e+01 8.066987e+00 1.521321e+01
    endloop
  endfacet
  facet normal 3.419446e-01 -7.929216e-01 5.043305e-01
    outer loop
      vertex   2.098671e+01 8.146447e+00 1.530195e+01
      vertex   2.093333e+01 8.066987e+00 1.521321e+01
      vertex   2.133207e+01 8.146447e+00 1.506779e+01
    endloop
  endfacet
  facet normal 3.419446e-01 -7.929216e-01 5.043305e-01
    outer loop
      vertex   2.133207e+01 8.146447e+00 1.506779e+01
      vertex   2.093333e+01 8.066987e+00 1.521321e+01
      vertex   2.126940e+01 8.066987e+00 1.498535e+01
    endloop
  endfacet
  facet normal 3.944678e-01 -7.929216e-01 4.644034e-01
    outer loop
      vertex   2.133207e+01 8.146447e+00 1.506779e+01
      vertex   2.126940e+01 8.066987e+00 1.498535e+01
      vertex   2.165009e+01 8.146447e+00 1.479766e+01
    endloop
  endfacet
  facet normal 3.944678e-01 -7.929216e-01 4.644034e-01
    outer loop
      vertex   2.165009e+01 8.146447e+00 1.479766e+01
      vertex   2.126940e+01 8.066987e+00 1.498535e+01
      vertex   2.157887e+01 8.066987e+00 1.472248e+01
    endloop
  endfacet
  facet normal 4.423663e-01 -7.929216e-01 4.190316e-01
    outer loop
      vertex   2.165009e+01 8.146447e+00 1.479766e+01
      vertex   2.157887e+01 8.066987e+00 1.472248e+01
      vertex   2.193703e+01 8.146447e+00 1.449474e+01
    endloop
  endfacet
  facet normal 4.423663e-01 -7.929216e-01 4.190316e-01
    outer loop
      vertex   2.193703e+01 8.146447e+00 1.449474e+01
      vertex   2.157887e+01 8.066987e+00 1.472248e+01
      vertex   2.185811e+01 8.066987e+00 1.442770e+01
    endloop
  endfacet
  facet normal 4.850784e-01 -7.929216e-01 3.687470e-01
    outer loop
      vertex   2.193703e+01 8.146447e+00 1.449474e+01
      vertex   2.185811e+01 8.066987e+00 1.442770e+01
      vertex   2.218954e+01 8.146447e+00 1.416256e+01
    endloop
  endfacet
  facet normal 4.850784e-01 -7.929216e-01 3.687470e-01
    outer loop
      vertex   2.218954e+01 8.146447e+00 1.416256e+01
      vertex   2.185811e+01 8.066987e+00 1.442770e+01
      vertex   2.210383e+01 8.066987e+00 1.410445e+01
    endloop
  endfacet
  facet normal 5.221034e-01 -7.929216e-01 3.141392e-01
    outer loop
      vertex   2.218954e+01 8.146447e+00 1.416256e+01
      vertex   2.210383e+01 8.066987e+00 1.410445e+01
      vertex   2.240466e+01 8.146447e+00 1.380504e+01
    endloop
  endfacet
  facet normal 5.221034e-01 -7.929216e-01 3.141392e-01
    outer loop
      vertex   2.240466e+01 8.146447e+00 1.380504e+01
      vertex   2.210383e+01 8.066987e+00 1.410445e+01
      vertex   2.231317e+01 8.066987e+00 1.375653e+01
    endloop
  endfacet
  facet normal 5.530072e-01 -7.929216e-01 2.558484e-01
    outer loop
      vertex   2.240466e+01 8.146447e+00 1.380504e+01
      vertex   2.231317e+01 8.066987e+00 1.375653e+01
      vertex   2.257986e+01 8.146447e+00 1.342635e+01
    endloop
  endfacet
  facet normal 5.530072e-01 -7.929216e-01 2.558484e-01
    outer loop
      vertex   2.257986e+01 8.146447e+00 1.342635e+01
      vertex   2.231317e+01 8.066987e+00 1.375653e+01
      vertex   2.248366e+01 8.066987e+00 1.338802e+01
    endloop
  endfacet
  facet normal 5.774276e-01 -7.929216e-01 1.945580e-01
    outer loop
      vertex   2.257986e+01 8.146447e+00 1.342635e+01
      vertex   2.248366e+01 8.066987e+00 1.338802e+01
      vertex   2.271309e+01 8.146447e+00 1.303093e+01
    endloop
  endfacet
  facet normal 5.774276e-01 -7.929216e-01 1.945580e-01
    outer loop
      vertex   2.271309e+01 8.146447e+00 1.303093e+01
      vertex   2.248366e+01 8.066987e+00 1.338802e+01
      vertex   2.261331e+01 8.066987e+00 1.300323e+01
    endloop
  endfacet
  facet normal 5.950781e-01 -7.929216e-01 1.309866e-01
    outer loop
      vertex   2.271309e+01 8.146447e+00 1.303093e+01
      vertex   2.261331e+01 8.066987e+00 1.300323e+01
      vertex   2.280279e+01 8.146447e+00 1.262344e+01
    endloop
  endfacet
  facet normal 5.950781e-01 -7.929216e-01 1.309866e-01
    outer loop
      vertex   2.280279e+01 8.146447e+00 1.262344e+01
      vertex   2.261331e+01 8.066987e+00 1.300323e+01
      vertex   2.270060e+01 8.066987e+00 1.260668e+01
    endloop
  endfacet
  facet normal 6.057519e-01 -7.929216e-01 6.587948e-02
    outer loop
      vertex   2.280279e+01 8.146447e+00 1.262344e+01
      vertex   2.270060e+01 8.066987e+00 1.260668e+01
      vertex   2.284790e+01 8.146447e+00 1.220863e+01
    endloop
  endfacet
  facet normal 6.057519e-01 -7.929216e-01 6.587948e-02
    outer loop
      vertex   2.284790e+01 8.146447e+00 1.220863e+01
      vertex   2.270060e+01 8.066987e+00 1.260668e+01
      vertex   2.274450e+01 8.066987e+00 1.220302e+01
    endloop
  endfacet
  facet normal 2.074403e-02 -9.236807e-01 3.826011e-01
    outer loop
      vertex   1.900000e+01 8.066987e+00 1.575000e+01
      vertex   1.900000e+01 8.017037e+00 1.562941e+01
      vertex   1.940545e+01 8.066987e+00 1.572802e+01
    endloop
  endfacet
  facet normal 2.074403e-02 -9.236807e-01 3.826011e-01
    outer loop
      vertex   1.940545e+01 8.066987e+00 1.572802e+01
      vertex   1.900000e+01 8.017037e+00 1.562941e+01
      vertex   1.939241e+01 8.017037e+00 1.560813e+01
    endloop
  endfacet
  facet normal 6.198888e-02 -9.236807e-01 3.781154e-01
    outer loop
      vertex   1.940545e+01 8.066987e+00 1.572802e+01
      vertex   1.939241e+01 8.017037e+00 1.560813e+01
      vertex   1.980614e+01 8.066987e+00 1.566233e+01
    endloop
  endfacet
  facet normal 6.198888e-02 -9.236807e-01 3.781154e-01
    outer loop
      vertex   1.980614e+01 8.066987e+00 1.566233e+01
      vertex   1.939241e+01 8.017037e+00 1.560813e+01
      vertex   1.978022e+01 8.017037e+00 1.554456e+01
    endloop
  endfacet
  facet normal 1.025070e-01 -9.236807e-01 3.691967e-01
    outer loop
      vertex   1.980614e+01 8.066987e+00 1.566233e+01
      vertex   1.978022e+01 8.017037e+00 1.554456e+01
      vertex   2.019738e+01 8.066987e+00 1.555370e+01
    endloop
  endfacet
  facet normal 1.025070e-01 -9.236807e-01 3.691967e-01
    outer loop
      vertex   2.019738e+01 8.066987e+00 1.555370e+01
      vertex   1.978022e+01 8.017037e+00 1.554456e+01
      vertex   2.015888e+01 8.017037e+00 1.543942e+01
    endloop
  endfacet
  facet normal 1.418233e-01 -9.236807e-01 3.559495e-01
    outer loop
      vertex   2.019738e+01 8.066987e+00 1.555370e+01
      vertex   2.015888e+01 8.017037e+00 1.543942e+01
      vertex   2.057458e+01 8.066987e+00 1.540341e+01
    endloop
  endfacet
  facet normal 1.418233e-01 -9.236807e-01 3.559495e-01
    outer loop
      vertex   2.057458e+01 8.066987e+00 1.540341e+01
      vertex   2.015888e+01 8.017037e+00 1.543942e+01
      vertex   2.052395e+01 8.017037e+00 1.529396e+01
    endloop
  endfacet
  facet normal 1.794768e-01 -9.236807e-01 3.385292e-01
    outer loop
      vertex   2.057458e+01 8.066987e+00 1.540341e+01
      vertex   2.052395e+01 8.017037e+00 1.529396e+01
      vertex   2.093333e+01 8.066987e+00 1.521321e+01
    endloop
  endfacet
  facet normal 1.794768e-01 -9.236807e-01 3.385292e-01
    outer loop
      vertex   2.093333e+01 8.066987e+00 1.521321e+01
      vertex   2.052395e+01 8.017037e+00 1.529396e+01
      vertex   2.087116e+01 8.017037e+00 1.510989e+01
    endloop
  endfacet
  facet normal 2.150261e-01 -9.236807e-01 3.171398e-01
    outer loop
      vertex   2.093333e+01 8.066987e+00 1.521321e+01
      vertex   2.087116e+01 8.017037e+00 1.510989e+01
      vertex   2.126940e+01 8.066987e+00 1.498535e+01
    endloop
  endfacet
  facet normal 2.150261e-01 -9.236807e-01 3.171398e-01
    outer loop
      vertex   2.126940e+01 8.066987e+00 1.498535e+01
      vertex   2.087116e+01 8.017037e+00 1.510989e+01
      vertex   2.119643e+01 8.017037e+00 1.488935e+01
    endloop
  endfacet
  facet normal 2.480545e-01 -9.236807e-01 2.920323e-01
    outer loop
      vertex   2.126940e+01 8.066987e+00 1.498535e+01
      vertex   2.119643e+01 8.017037e+00 1.488935e+01
      vertex   2.157887e+01 8.066987e+00 1.472248e+01
    endloop
  endfacet
  facet normal 2.480545e-01 -9.236807e-01 2.920323e-01
    outer loop
      vertex   2.157887e+01 8.066987e+00 1.472248e+01
      vertex   2.119643e+01 8.017037e+00 1.488935e+01
      vertex   2.149594e+01 8.017037e+00 1.463494e+01
    endloop
  endfacet
  facet normal 2.781746e-01 -9.236807e-01 2.635010e-01
    outer loop
      vertex   2.157887e+01 8.066987e+00 1.472248e+01
      vertex   2.149594e+01 8.017037e+00 1.463494e+01
      vertex   2.185811e+01 8.066987e+00 1.442770e+01
    endloop
  endfacet
  facet normal 2.781746e-01 -9.236807e-01 2.635010e-01
    outer loop
      vertex   2.185811e+01 8.066987e+00 1.442770e+01
      vertex   2.149594e+01 8.017037e+00 1.463494e+01
      vertex   2.176620e+01 8.017037e+00 1.434963e+01
    endloop
  endfacet
  facet normal 3.050334e-01 -9.236807e-01 2.318804e-01
    outer loop
      vertex   2.185811e+01 8.066987e+00 1.442770e+01
      vertex   2.176620e+01 8.017037e+00 1.434963e+01
      vertex   2.210383e+01 8.066987e+00 1.410445e+01
    endloop
  endfacet
  facet normal 3.050334e-01 -9.236807e-01 2.318804e-01
    outer loop
      vertex   2.210383e+01 8.066987e+00 1.410445e+01
      vertex   2.176620e+01 8.017037e+00 1.434963e+01
      vertex   2.200402e+01 8.017037e+00 1.403678e+01
    endloop
  endfacet
  facet normal 3.283160e-01 -9.236807e-01 1.975412e-01
    outer loop
      vertex   2.210383e+01 8.066987e+00 1.410445e+01
      vertex   2.200402e+01 8.017037e+00 1.403678e+01
      vertex   2.231317e+01 8.066987e+00 1.375653e+01
    endloop
  endfacet
  facet normal 3.283160e-01 -9.236807e-01 1.975412e-01
    outer loop
      vertex   2.231317e+01 8.066987e+00 1.375653e+01
      vertex   2.200402e+01 8.017037e+00 1.403678e+01
      vertex   2.220663e+01 8.017037e+00 1.370005e+01
    endloop
  endfacet
  facet normal 3.477493e-01 -9.236807e-01 1.608860e-01
    outer loop
      vertex   2.231317e+01 8.066987e+00 1.375653e+01
      vertex   2.220663e+01 8.017037e+00 1.370005e+01
      vertex   2.248366e+01 8.066987e+00 1.338802e+01
    endloop
  endfacet
  facet normal 3.477493e-01 -9.236807e-01 1.608860e-01
    outer loop
      vertex   2.248366e+01 8.066987e+00 1.338802e+01
      vertex   2.220663e+01 8.017037e+00 1.370005e+01
      vertex   2.237164e+01 8.017037e+00 1.334338e+01
    endloop
  endfacet
  facet normal 3.631057e-01 -9.236807e-01 1.223445e-01
    outer loop
      vertex   2.248366e+01 8.066987e+00 1.338802e+01
      vertex   2.237164e+01 8.017037e+00 1.334338e+01
      vertex   2.261331e+01 8.066987e+00 1.300323e+01
    endloop
  endfacet
  facet normal 3.631057e-01 -9.236807e-01 1.223445e-01
    outer loop
      vertex   2.261331e+01 8.066987e+00 1.300323e+01
      vertex   2.237164e+01 8.017037e+00 1.334338e+01
      vertex   2.249712e+01 8.017037e+00 1.297097e+01
    endloop
  endfacet
  facet normal 3.742049e-01 -9.236807e-01 8.236872e-02
    outer loop
      vertex   2.261331e+01 8.066987e+00 1.300323e+01
      vertex   2.249712e+01 8.017037e+00 1.297097e+01
      vertex   2.270060e+01 8.066987e+00 1.260668e+01
    endloop
  endfacet
  facet normal 3.742049e-01 -9.236807e-01 8.236872e-02
    outer loop
      vertex   2.270060e+01 8.066987e+00 1.260668e+01
      vertex   2.249712e+01 8.017037e+00 1.297097e+01
      vertex   2.258160e+01 8.017037e+00 1.258717e+01
    endloop
  endfacet
  facet normal 3.809169e-01 -9.236807e-01 4.142721e-02
    outer loop
      vertex   2.270060e+01 8.066987e+00 1.260668e+01
      vertex   2.258160e+01 8.017037e+00 1.258717e+01
      vertex   2.274450e+01 8.066987e+00 1.220302e+01
    endloop
  endfacet
  facet normal 3.809169e-01 -9.236807e-01 4.142721e-02
    outer loop
      vertex   2.274450e+01 8.066987e+00 1.220302e+01
      vertex   2.258160e+01 8.017037e+00 1.258717e+01
      vertex   2.262409e+01 8.017037e+00 1.219649e+01
    endloop
  endfacet
  facet normal 7.076747e-03 -9.914200e-01 1.305229e-01
    outer loop
      vertex   1.900000e+01 8.017037e+00 1.562941e+01
      vertex   1.900000e+01 8.000000e+00 1.550000e+01
      vertex   1.939241e+01 8.017037e+00 1.560813e+01
    endloop
  endfacet
  facet normal 7.511941e-03 -9.916194e-01 1.289751e-01
    outer loop
      vertex   1.939241e+01 8.017037e+00 1.560813e+01
      vertex   1.900000e+01 8.000000e+00 1.550000e+01
      vertex   1.940633e+01 8.000000e+00 1.547633e+01
    endloop
  endfacet
  facet normal 2.137619e-02 -9.912324e-01 1.303890e-01
    outer loop
      vertex   1.939241e+01 8.017037e+00 1.560813e+01
      vertex   1.940633e+01 8.000000e+00 1.547633e+01
      vertex   1.978022e+01 8.017037e+00 1.554456e+01
    endloop
  endfacet
  facet normal 2.220987e-02 -9.917869e-01 1.259584e-01
    outer loop
      vertex   1.978022e+01 8.017037e+00 1.554456e+01
      vertex   1.940633e+01 8.000000e+00 1.547633e+01
      vertex   1.980716e+01 8.000000e+00 1.540566e+01
    endloop
  endfacet
  facet normal 3.567276e-02 -9.910701e-01 1.284817e-01
    outer loop
      vertex   1.978022e+01 8.017037e+00 1.554456e+01
      vertex   1.980716e+01 8.000000e+00 1.540566e+01
      vertex   2.015888e+01 8.017037e+00 1.543942e+01
    endloop
  endfacet
  facet normal 3.638192e-02 -9.919215e-01 1.215241e-01
    outer loop
      vertex   2.015888e+01 8.017037e+00 1.543942e+01
      vertex   1.980716e+01 8.000000e+00 1.540566e+01
      vertex   2.019707e+01 8.000000e+00 1.528892e+01
    endloop
  endfacet
  facet normal 4.972430e-02 -9.909353e-01 1.247986e-01
    outer loop
      vertex   2.015888e+01 8.017037e+00 1.543942e+01
      vertex   2.019707e+01 8.000000e+00 1.528892e+01
      vertex   2.052395e+01 8.017037e+00 1.529396e+01
    endloop
  endfacet
  facet normal 4.992091e-02 -9.920255e-01 1.157297e-01
    outer loop
      vertex   2.052395e+01 8.017037e+00 1.529396e+01
      vertex   2.019707e+01 8.000000e+00 1.528892e+01
      vertex   2.057080e+01 8.000000e+00 1.512771e+01
    endloop
  endfacet
  facet normal 6.328806e-02 -9.908302e-01 1.193740e-01
    outer loop
      vertex   2.052395e+01 8.017037e+00 1.529396e+01
      vertex   2.057080e+01 8.000000e+00 1.512771e+01
      vertex   2.087116e+01 8.017037e+00 1.510989e+01
    endloop
  endfacet
  facet normal 6.272293e-02 -9.921005e-01 1.086393e-01
    outer loop
      vertex   2.087116e+01 8.017037e+00 1.510989e+01
      vertex   2.057080e+01 8.000000e+00 1.512771e+01
      vertex   2.092328e+01 8.000000e+00 1.492421e+01
    endloop
  endfacet
  facet normal 7.612697e-02 -9.907563e-01 1.122789e-01
    outer loop
      vertex   2.087116e+01 8.017037e+00 1.510989e+01
      vertex   2.092328e+01 8.000000e+00 1.492421e+01
      vertex   2.119643e+01 8.017037e+00 1.488935e+01
    endloop
  endfacet
  facet normal 7.468794e-02 -9.921476e-01 1.003233e-01
    outer loop
      vertex   2.119643e+01 8.017037e+00 1.488935e+01
      vertex   2.092328e+01 8.000000e+00 1.492421e+01
      vertex   2.124976e+01 8.000000e+00 1.468116e+01
    endloop
  endfacet
  facet normal 8.801579e-02 -9.907149e-01 1.036202e-01
    outer loop
      vertex   2.119643e+01 8.017037e+00 1.488935e+01
      vertex   2.124976e+01 8.000000e+00 1.468116e+01
      vertex   2.149594e+01 8.017037e+00 1.463494e+01
    endloop
  endfacet
  facet normal 8.572031e-02 -9.921677e-01 9.085822e-02
    outer loop
      vertex   2.149594e+01 8.017037e+00 1.463494e+01
      vertex   2.124976e+01 8.000000e+00 1.468116e+01
      vertex   2.154581e+01 8.000000e+00 1.440185e+01
    endloop
  endfacet
  facet normal 9.874714e-02 -9.907066e-01 9.353826e-02
    outer loop
      vertex   2.149594e+01 8.017037e+00 1.463494e+01
      vertex   2.154581e+01 8.000000e+00 1.440185e+01
      vertex   2.176620e+01 8.017037e+00 1.434963e+01
    endloop
  endfacet
  facet normal 9.572939e-02 -9.921610e-01 8.032649e-02
    outer loop
      vertex   2.176620e+01 8.017037e+00 1.434963e+01
      vertex   2.154581e+01 8.000000e+00 1.440185e+01
      vertex   2.180743e+01 8.000000e+00 1.409006e+01
    endloop
  endfacet
  facet normal 1.081370e-01 -9.907315e-01 8.220359e-02
    outer loop
      vertex   2.176620e+01 8.017037e+00 1.434963e+01
      vertex   2.180743e+01 8.000000e+00 1.409006e+01
      vertex   2.200402e+01 8.017037e+00 1.403678e+01
    endloop
  endfacet
  facet normal 1.046299e-01 -9.921275e-01 6.881615e-02
    outer loop
      vertex   2.200402e+01 8.017037e+00 1.403678e+01
      vertex   2.180743e+01 8.000000e+00 1.409006e+01
      vertex   2.203109e+01 8.000000e+00 1.375000e+01
    endloop
  endfacet
  facet normal 1.160294e-01 -9.907893e-01 6.981255e-02
    outer loop
      vertex   2.200402e+01 8.017037e+00 1.403678e+01
      vertex   2.203109e+01 8.000000e+00 1.375000e+01
      vertex   2.220663e+01 8.017037e+00 1.370005e+01
    endloop
  endfacet
  facet normal 1.123422e-01 -9.920665e-01 5.642039e-02
    outer loop
      vertex   2.220663e+01 8.017037e+00 1.370005e+01
      vertex   2.203109e+01 8.000000e+00 1.375000e+01
      vertex   2.221376e+01 8.000000e+00 1.338628e+01
    endloop
  endfacet
  facet normal 1.223004e-01 -9.908789e-01 5.658218e-02
    outer loop
      vertex   2.220663e+01 8.017037e+00 1.370005e+01
      vertex   2.221376e+01 8.000000e+00 1.338628e+01
      vertex   2.237164e+01 8.017037e+00 1.334338e+01
    endloop
  endfacet
  facet normal 1.187930e-01 -9.919772e-01 4.323713e-02
    outer loop
      vertex   2.237164e+01 8.017037e+00 1.334338e+01
      vertex   2.221376e+01 8.000000e+00 1.338628e+01
      vertex   2.235296e+01 8.000000e+00 1.300381e+01
    endloop
  endfacet
  facet normal 1.268608e-01 -9.909991e-01 4.274439e-02
    outer loop
      vertex   2.237164e+01 8.017037e+00 1.334338e+01
      vertex   2.235296e+01 8.000000e+00 1.300381e+01
      vertex   2.249712e+01 8.017037e+00 1.297097e+01
    endloop
  endfacet
  facet normal 1.239150e-01 -9.918581e-01 2.936840e-02
    outer loop
      vertex   2.249712e+01 8.017037e+00 1.297097e+01
      vertex   2.235296e+01 8.000000e+00 1.300381e+01
      vertex   2.244683e+01 8.000000e+00 1.260777e+01
    endloop
  endfacet
  facet normal 1.296580e-01 -9.911480e-01 2.853989e-02
    outer loop
      vertex   2.249712e+01 8.017037e+00 1.297097e+01
      vertex   2.244683e+01 8.000000e+00 1.260777e+01
      vertex   2.258160e+01 8.017037e+00 1.258717e+01
    endloop
  endfacet
  facet normal 1.276473e-01 -9.917074e-01 1.491983e-02
    outer loop
      vertex   2.258160e+01 8.017037e+00 1.258717e+01
      vertex   2.244683e+01 8.000000e+00 1.260777e+01
      vertex   2.249408e+01 8.000000e+00 1.220351e+01
    endloop
  endfacet
  facet normal 1.306761e-01 -9.913233e-01 1.421188e-02
    outer loop
      vertex   2.258160e+01 8.017037e+00 1.258717e+01
      vertex   2.249408e+01 8.000000e+00 1.220351e+01
      vertex   2.262409e+01 8.017037e+00 1.219649e+01
    endloop
  endfacet
  facet normal 1.299354e-01 -9.915225e-01 4.180406e-19
    outer loop
      vertex   2.262409e+01 8.017037e+00 1.219649e+01
      vertex   2.249408e+01 8.000000e+00 1.220351e+01
      vertex   2.249408e+01 8.000000e+00 1.179649e+01
    endloop
  endfacet
  facet normal 3.809169e-01 -9.236807e-01 -4.142721e-02
    outer loop
      vertex   2.274450e+01 8.066987e+00 1.179698e+01
      vertex   2.262409e+01 8.017037e+00 1.180351e+01
      vertex   2.270060e+01 8.066987e+00 1.139332e+01
    endloop
  endfacet
  facet normal 3.809169e-01 -9.236807e-01 -4.142721e-02
    outer loop
      vertex   2.270060e+01 8.066987e+00 1.139332e+01
      vertex   2.262409e+01 8.017037e+00 1.180351e+01
      vertex   2.258160e+01 8.017037e+00 1.141283e+01
    endloop
  endfacet
  facet normal 3.742049e-01 -9.236807e-01 -8.236872e-02
    outer loop
      vertex   2.270060e+01 8.066987e+00 1.139332e+01
      vertex   2.258160e+01 8.017037e+00 1.141283e+01
      vertex   2.261331e+01 8.066987e+00 1.099677e+01
    endloop
  endfacet
  facet normal 3.742049e-01 -9.236807e-01 -8.236872e-02
    outer loop
      vertex   2.261331e+01 8.066987e+00 1.099677e+01
      vertex   2.258160e+01 8.017037e+00 1.141283e+01
      vertex   2.249712e+01 8.017037e+00 1.102903e+01
    endloop
  endfacet
  facet normal 3.631057e-01 -9.236807e-01 -1.223445e-01
    outer loop
      vertex   2.261331e+01 8.066987e+00 1.099677e+01
      vertex   2.249712e+01 8.017037e+00 1.102903e+01
      vertex   2.248366e+01 8.066987e+00 1.061198e+01
    endloop
  endfacet
  facet normal 3.631057e-01 -9.236807e-01 -1.223445e-01
    outer loop
      vertex   2.248366e+01 8.066987e+00 1.061198e+01
      vertex   2.249712e+01 8.017037e+00 1.102903e+01
      vertex   2.237164e+01 8.017037e+00 1.065662e+01
    endloop
  endfacet
  facet normal 3.477493e-01 -9.236807e-01 -1.608860e-01
    outer loop
      vertex   2.248366e+01 8.066987e+00 1.061198e+01
      vertex   2.237164e+01 8.017037e+00 1.065662e+01
      vertex   2.231317e+01 8.066987e+00 1.024347e+01
    endloop
  endfacet
  facet normal 3.477493e-01 -9.236807e-01 -1.608860e-01
    outer loop
      vertex   2.231317e+01 8.066987e+00 1.024347e+01
      vertex   2.237164e+01 8.017037e+00 1.065662e+01
      vertex   2.220663e+01 8.017037e+00 1.029995e+01
    endloop
  endfacet
  facet normal 3.283160e-01 -9.236807e-01 -1.975412e-01
    outer loop
      vertex   2.231317e+01 8.066987e+00 1.024347e+01
      vertex   2.220663e+01 8.017037e+00 1.029995e+01
      vertex   2.210383e+01 8.066987e+00 9.895548e+00
    endloop
  endfacet
  facet normal 3.283160e-01 -9.236807e-01 -1.975412e-01
    outer loop
      vertex   2.210383e+01 8.066987e+00 9.895548e+00
      vertex   2.220663e+01 8.017037e+00 1.029995e+01
      vertex   2.200402e+01 8.017037e+00 9.963222e+00
    endloop
  endfacet
  facet normal 3.050334e-01 -9.236807e-01 -2.318804e-01
    outer loop
      vertex   2.210383e+01 8.066987e+00 9.895548e+00
      vertex   2.200402e+01 8.017037e+00 9.963222e+00
      vertex   2.185811e+01 8.066987e+00 9.572301e+00
    endloop
  endfacet
  facet normal 3.050334e-01 -9.236807e-01 -2.318804e-01
    outer loop
      vertex   2.185811e+01 8.066987e+00 9.572301e+00
      vertex   2.200402e+01 8.017037e+00 9.963222e+00
      vertex   2.176620e+01 8.017037e+00 9.650370e+00
    endloop
  endfacet
  facet normal 2.781746e-01 -9.236807e-01 -2.635010e-01
    outer loop
      vertex   2.185811e+01 8.066987e+00 9.572301e+00
      vertex   2.176620e+01 8.017037e+00 9.650370e+00
      vertex   2.157887e+01 8.066987e+00 9.277517e+00
    endloop
  endfacet
  facet normal 2.781746e-01 -9.236807e-01 -2.635010e-01
    outer loop
      vertex   2.157887e+01 8.066987e+00 9.277517e+00
      vertex   2.176620e+01 8.017037e+00 9.650370e+00
      vertex   2.149594e+01 8.017037e+00 9.365065e+00
    endloop
  endfacet
  facet normal 2.480545e-01 -9.236807e-01 -2.920323e-01
    outer loop
      vertex   2.157887e+01 8.066987e+00 9.277517e+00
      vertex   2.149594e+01 8.017037e+00 9.365065e+00
      vertex   2.126940e+01 8.066987e+00 9.014651e+00
    endloop
  endfacet
  facet normal 2.480545e-01 -9.236807e-01 -2.920323e-01
    outer loop
      vertex   2.126940e+01 8.066987e+00 9.014651e+00
      vertex   2.149594e+01 8.017037e+00 9.365065e+00
      vertex   2.119643e+01 8.017037e+00 9.110652e+00
    endloop
  endfacet
  facet normal 2.150261e-01 -9.236807e-01 -3.171398e-01
    outer loop
      vertex   2.126940e+01 8.066987e+00 9.014651e+00
      vertex   2.119643e+01 8.017037e+00 9.110652e+00
      vertex   2.093333e+01 8.066987e+00 8.786785e+00
    endloop
  endfacet
  facet normal 2.150261e-01 -9.236807e-01 -3.171398e-01
    outer loop
      vertex   2.093333e+01 8.066987e+00 8.786785e+00
      vertex   2.119643e+01 8.017037e+00 9.110652e+00
      vertex   2.087116e+01 8.017037e+00 8.890114e+00
    endloop
  endfacet
  facet normal 1.794768e-01 -9.236807e-01 -3.385292e-01
    outer loop
      vertex   2.093333e+01 8.066987e+00 8.786785e+00
      vertex   2.087116e+01 8.017037e+00 8.890114e+00
      vertex   2.057458e+01 8.066987e+00 8.596592e+00
    endloop
  endfacet
  facet normal 1.794768e-01 -9.236807e-01 -3.385292e-01
    outer loop
      vertex   2.057458e+01 8.066987e+00 8.596592e+00
      vertex   2.087116e+01 8.017037e+00 8.890114e+00
      vertex   2.052395e+01 8.017037e+00 8.706037e+00
    endloop
  endfacet
  facet normal 1.418233e-01 -9.236807e-01 -3.559495e-01
    outer loop
      vertex   2.057458e+01 8.066987e+00 8.596592e+00
      vertex   2.052395e+01 8.017037e+00 8.706037e+00
      vertex   2.019738e+01 8.066987e+00 8.446300e+00
    endloop
  endfacet
  facet normal 1.418233e-01 -9.236807e-01 -3.559495e-01
    outer loop
      vertex   2.019738e+01 8.066987e+00 8.446300e+00
      vertex   2.052395e+01 8.017037e+00 8.706037e+00
      vertex   2.015888e+01 8.017037e+00 8.560578e+00
    endloop
  endfacet
  facet normal 1.025070e-01 -9.236807e-01 -3.691967e-01
    outer loop
      vertex   2.019738e+01 8.066987e+00 8.446300e+00
      vertex   2.015888e+01 8.017037e+00 8.560578e+00
      vertex   1.980614e+01 8.066987e+00 8.337673e+00
    endloop
  endfacet
  facet normal 1.025070e-01 -9.236807e-01 -3.691967e-01
    outer loop
      vertex   1.980614e+01 8.066987e+00 8.337673e+00
      vertex   2.015888e+01 8.017037e+00 8.560578e+00
      vertex   1.978022e+01 8.017037e+00 8.455444e+00
    endloop
  endfacet
  facet normal 6.198888e-02 -9.236807e-01 -3.781154e-01
    outer loop
      vertex   1.980614e+01 8.066987e+00 8.337673e+00
      vertex   1.978022e+01 8.017037e+00 8.455444e+00
      vertex   1.940545e+01 8.066987e+00 8.271983e+00
    endloop
  endfacet
  facet normal 6.198888e-02 -9.236807e-01 -3.781154e-01
    outer loop
      vertex   1.940545e+01 8.066987e+00 8.271983e+00
      vertex   1.978022e+01 8.017037e+00 8.455444e+00
      vertex   1.939241e+01 8.017037e+00 8.391866e+00
    endloop
  endfacet
  facet normal 6.057519e-01 -7.929216e-01 -6.587948e-02
    outer loop
      vertex   2.284790e+01 8.146447e+00 1.179137e+01
      vertex   2.274450e+01 8.066987e+00 1.179698e+01
      vertex   2.280279e+01 8.146447e+00 1.137656e+01
    endloop
  endfacet
  facet normal 6.057519e-01 -7.929216e-01 -6.587948e-02
    outer loop
      vertex   2.280279e+01 8.146447e+00 1.137656e+01
      vertex   2.274450e+01 8.066987e+00 1.179698e+01
      vertex   2.270060e+01 8.066987e+00 1.139332e+01
    endloop
  endfacet
  facet normal 5.950781e-01 -7.929216e-01 -1.309866e-01
    outer loop
      vertex   2.280279e+01 8.146447e+00 1.137656e+01
      vertex   2.270060e+01 8.066987e+00 1.139332e+01
      vertex   2.271309e+01 8.146447e+00 1.096907e+01
    endloop
  endfacet
  facet normal 5.950781e-01 -7.929216e-01 -1.309866e-01
    outer loop
      vertex   2.271309e+01 8.146447e+00 1.096907e+01
      vertex   2.270060e+01 8.066987e+00 1.139332e+01
      vertex   2.261331e+01 8.066987e+00 1.099677e+01
    endloop
  endfacet
  facet normal 5.774276e-01 -7.929216e-01 -1.945580e-01
    outer loop
      vertex   2.271309e+01 8.146447e+00 1.096907e+01
      vertex   2.261331e+01 8.066987e+00 1.099677e+01
      vertex   2.257986e+01 8.146447e+00 1.057365e+01
    endloop
  endfacet
  facet normal 5.774276e-01 -7.929216e-01 -1.945580e-01
    outer loop
      vertex   2.257986e+01 8.146447e+00 1.057365e+01
      vertex   2.261331e+01 8.066987e+00 1.099677e+01
      vertex   2.248366e+01 8.066987e+00 1.061198e+01
    endloop
  endfacet
  facet normal 5.530072e-01 -7.929216e-01 -2.558484e-01
    outer loop
      vertex   2.257986e+01 8.146447e+00 1.057365e+01
      vertex   2.248366e+01 8.066987e+00 1.061198e+01
      vertex   2.240466e+01 8.146447e+00 1.019496e+01
    endloop
  endfacet
  facet normal 5.530072e-01 -7.929216e-01 -2.558484e-01
    outer loop
      vertex   2.240466e+01 8.146447e+00 1.019496e+01
      vertex   2.248366e+01 8.066987e+00 1.061198e+01
      vertex   2.231317e+01 8.066987e+00 1.024347e+01
    endloop
  endfacet
  facet normal 5.221034e-01 -7.929216e-01 -3.141392e-01
    outer loop
      vertex   2.240466e+01 8.146447e+00 1.019496e+01
      vertex   2.231317e+01 8.066987e+00 1.024347e+01
      vertex   2.218954e+01 8.146447e+00 9.837436e+00
    endloop
  endfacet
  facet normal 5.221034e-01 -7.929216e-01 -3.141392e-01
    outer loop
      vertex   2.218954e+01 8.146447e+00 9.837436e+00
      vertex   2.231317e+01 8.066987e+00 1.024347e+01
      vertex   2.210383e+01 8.066987e+00 9.895548e+00
    endloop
  endfacet
  facet normal 4.850784e-01 -7.929216e-01 -3.687470e-01
    outer loop
      vertex   2.218954e+01 8.146447e+00 9.837436e+00
      vertex   2.210383e+01 8.066987e+00 9.895548e+00
      vertex   2.193703e+01 8.146447e+00 9.505262e+00
    endloop
  endfacet
  facet normal 4.850784e-01 -7.929216e-01 -3.687470e-01
    outer loop
      vertex   2.193703e+01 8.146447e+00 9.505262e+00
      vertex   2.210383e+01 8.066987e+00 9.895548e+00
      vertex   2.185811e+01 8.066987e+00 9.572301e+00
    endloop
  endfacet
  facet normal 4.423663e-01 -7.929216e-01 -4.190316e-01
    outer loop
      vertex   2.193703e+01 8.146447e+00 9.505262e+00
      vertex   2.185811e+01 8.066987e+00 9.572301e+00
      vertex   2.165009e+01 8.146447e+00 9.202338e+00
    endloop
  endfacet
  facet normal 4.423663e-01 -7.929216e-01 -4.190316e-01
    outer loop
      vertex   2.165009e+01 8.146447e+00 9.202338e+00
      vertex   2.185811e+01 8.066987e+00 9.572301e+00
      vertex   2.157887e+01 8.066987e+00 9.277517e+00
    endloop
  endfacet
  facet normal 3.944678e-01 -7.929216e-01 -4.644034e-01
    outer loop
      vertex   2.165009e+01 8.146447e+00 9.202338e+00
      vertex   2.157887e+01 8.066987e+00 9.277517e+00
      vertex   2.133207e+01 8.146447e+00 8.932213e+00
    endloop
  endfacet
  facet normal 3.944678e-01 -7.929216e-01 -4.644034e-01
    outer loop
      vertex   2.133207e+01 8.146447e+00 8.932213e+00
      vertex   2.157887e+01 8.066987e+00 9.277517e+00
      vertex   2.126940e+01 8.066987e+00 9.014651e+00
    endloop
  endfacet
  facet normal 3.419446e-01 -7.929216e-01 -5.043305e-01
    outer loop
      vertex   2.133207e+01 8.146447e+00 8.932213e+00
      vertex   2.126940e+01 8.066987e+00 9.014651e+00
      vertex   2.098671e+01 8.146447e+00 8.698055e+00
    endloop
  endfacet
  facet normal 3.419446e-01 -7.929216e-01 -5.043305e-01
    outer loop
      vertex   2.098671e+01 8.146447e+00 8.698055e+00
      vertex   2.126940e+01 8.066987e+00 9.014651e+00
      vertex   2.093333e+01 8.066987e+00 8.786785e+00
    endloop
  endfacet
  facet normal 2.854124e-01 -7.929216e-01 -5.383449e-01
    outer loop
      vertex   2.098671e+01 8.146447e+00 8.698055e+00
      vertex   2.093333e+01 8.066987e+00 8.786785e+00
      vertex   2.061807e+01 8.146447e+00 8.502610e+00
    endloop
  endfacet
  facet normal 2.854124e-01 -7.929216e-01 -5.383449e-01
    outer loop
      vertex   2.061807e+01 8.146447e+00 8.502610e+00
      vertex   2.093333e+01 8.066987e+00 8.786785e+00
      vertex   2.057458e+01 8.066987e+00 8.596592e+00
    endloop
  endfacet
  facet normal 2.255340e-01 -7.929216e-01 -5.660476e-01
    outer loop
      vertex   2.061807e+01 8.146447e+00 8.502610e+00
      vertex   2.057458e+01 8.066987e+00 8.596592e+00
      vertex   2.023045e+01 8.146447e+00 8.348168e+00
    endloop
  endfacet
  facet normal 2.255340e-01 -7.929216e-01 -5.660476e-01
    outer loop
      vertex   2.023045e+01 8.146447e+00 8.348168e+00
      vertex   2.057458e+01 8.066987e+00 8.596592e+00
      vertex   2.019738e+01 8.066987e+00 8.446300e+00
    endloop
  endfacet
  facet normal 1.630114e-01 -7.929216e-01 -5.871139e-01
    outer loop
      vertex   2.023045e+01 8.146447e+00 8.348168e+00
      vertex   2.019738e+01 8.066987e+00 8.446300e+00
      vertex   1.982840e+01 8.146447e+00 8.236540e+00
    endloop
  endfacet
  facet normal 1.630114e-01 -7.929216e-01 -5.871139e-01
    outer loop
      vertex   1.982840e+01 8.146447e+00 8.236540e+00
      vertex   2.019738e+01 8.066987e+00 8.446300e+00
      vertex   1.980614e+01 8.066987e+00 8.337673e+00
    endloop
  endfacet
  facet normal 9.857761e-02 -7.929216e-01 -6.012968e-01
    outer loop
      vertex   1.982840e+01 8.146447e+00 8.236540e+00
      vertex   1.980614e+01 8.066987e+00 8.337673e+00
      vertex   1.941664e+01 8.146447e+00 8.169036e+00
    endloop
  endfacet
  facet normal 9.857761e-02 -7.929216e-01 -6.012968e-01
    outer loop
      vertex   1.941664e+01 8.146447e+00 8.169036e+00
      vertex   1.980614e+01 8.066987e+00 8.337673e+00
      vertex   1.940545e+01 8.066987e+00 8.271983e+00
    endloop
  endfacet
  facet normal 7.891314e-01 -6.081990e-01 -8.582321e-02
    outer loop
      vertex   2.292724e+01 8.250000e+00 1.178707e+01
      vertex   2.284790e+01 8.146447e+00 1.179137e+01
      vertex   2.288120e+01 8.250000e+00 1.136371e+01
    endloop
  endfacet
  facet normal 7.891314e-01 -6.081990e-01 -8.582321e-02
    outer loop
      vertex   2.288120e+01 8.250000e+00 1.136371e+01
      vertex   2.284790e+01 8.146447e+00 1.179137e+01
      vertex   2.280279e+01 8.146447e+00 1.137656e+01
    endloop
  endfacet
  facet normal 7.752263e-01 -6.081990e-01 -1.706402e-01
    outer loop
      vertex   2.288120e+01 8.250000e+00 1.136371e+01
      vertex   2.280279e+01 8.146447e+00 1.137656e+01
      vertex   2.278965e+01 8.250000e+00 1.094781e+01
    endloop
  endfacet
  facet normal 7.752263e-01 -6.081990e-01 -1.706402e-01
    outer loop
      vertex   2.278965e+01 8.250000e+00 1.094781e+01
      vertex   2.280279e+01 8.146447e+00 1.137656e+01
      vertex   2.271309e+01 8.146447e+00 1.096907e+01
    endloop
  endfacet
  facet normal 7.522325e-01 -6.081990e-01 -2.534566e-01
    outer loop
      vertex   2.278965e+01 8.250000e+00 1.094781e+01
      vertex   2.271309e+01 8.146447e+00 1.096907e+01
      vertex   2.265368e+01 8.250000e+00 1.054424e+01
    endloop
  endfacet
  facet normal 7.522325e-01 -6.081990e-01 -2.534566e-01
    outer loop
      vertex   2.265368e+01 8.250000e+00 1.054424e+01
      vertex   2.271309e+01 8.146447e+00 1.096907e+01
      vertex   2.257986e+01 8.146447e+00 1.057365e+01
    endloop
  endfacet
  facet normal 7.204194e-01 -6.081990e-01 -3.333015e-01
    outer loop
      vertex   2.265368e+01 8.250000e+00 1.054424e+01
      vertex   2.257986e+01 8.146447e+00 1.057365e+01
      vertex   2.247486e+01 8.250000e+00 1.015774e+01
    endloop
  endfacet
  facet normal 7.204194e-01 -6.081990e-01 -3.333015e-01
    outer loop
      vertex   2.247486e+01 8.250000e+00 1.015774e+01
      vertex   2.257986e+01 8.146447e+00 1.057365e+01
      vertex   2.240466e+01 8.146447e+00 1.019496e+01
    endloop
  endfacet
  facet normal 6.801600e-01 -6.081990e-01 -4.092387e-01
    outer loop
      vertex   2.247486e+01 8.250000e+00 1.015774e+01
      vertex   2.240466e+01 8.146447e+00 1.019496e+01
      vertex   2.225531e+01 8.250000e+00 9.792844e+00
    endloop
  endfacet
  facet normal 6.801600e-01 -6.081990e-01 -4.092387e-01
    outer loop
      vertex   2.225531e+01 8.250000e+00 9.792844e+00
      vertex   2.240466e+01 8.146447e+00 1.019496e+01
      vertex   2.218954e+01 8.146447e+00 9.837436e+00
    endloop
  endfacet
  facet normal 6.319264e-01 -6.081990e-01 -4.803780e-01
    outer loop
      vertex   2.225531e+01 8.250000e+00 9.792844e+00
      vertex   2.218954e+01 8.146447e+00 9.837436e+00
      vertex   2.199759e+01 8.250000e+00 9.453821e+00
    endloop
  endfacet
  facet normal 6.319264e-01 -6.081990e-01 -4.803780e-01
    outer loop
      vertex   2.199759e+01 8.250000e+00 9.453821e+00
      vertex   2.218954e+01 8.146447e+00 9.837436e+00
      vertex   2.193703e+01 8.146447e+00 9.505262e+00
    endloop
  endfacet
  facet normal 5.762840e-01 -6.081990e-01 -5.458852e-01
    outer loop
      vertex   2.199759e+01 8.250000e+00 9.453821e+00
      vertex   2.193703e+01 8.146447e+00 9.505262e+00
      vertex   2.170473e+01 8.250000e+00 9.144650e+00
    endloop
  endfacet
  facet normal 5.762840e-01 -6.081990e-01 -5.458852e-01
    outer loop
      vertex   2.170473e+01 8.250000e+00 9.144650e+00
      vertex   2.193703e+01 8.146447e+00 9.505262e+00
      vertex   2.165009e+01 8.146447e+00 9.202338e+00
    endloop
  endfacet
  facet normal 5.138852e-01 -6.081990e-01 -6.049925e-01
    outer loop
      vertex   2.170473e+01 8.250000e+00 9.144650e+00
      vertex   2.165009e+01 8.146447e+00 9.202338e+00
      vertex   2.138016e+01 8.250000e+00 8.868956e+00
    endloop
  endfacet
  facet normal 5.138852e-01 -6.081990e-01 -6.049925e-01
    outer loop
      vertex   2.138016e+01 8.250000e+00 8.868956e+00
      vertex   2.165009e+01 8.146447e+00 9.202338e+00
      vertex   2.133207e+01 8.146447e+00 8.932213e+00
    endloop
  endfacet
  facet normal 4.454616e-01 -6.081990e-01 -6.570068e-01
    outer loop
      vertex   2.138016e+01 8.250000e+00 8.868956e+00
      vertex   2.133207e+01 8.146447e+00 8.932213e+00
      vertex   2.102768e+01 8.250000e+00 8.629970e+00
    endloop
  endfacet
  facet normal 4.454616e-01 -6.081990e-01 -6.570068e-01
    outer loop
      vertex   2.102768e+01 8.250000e+00 8.629970e+00
      vertex   2.133207e+01 8.146447e+00 8.932213e+00
      vertex   2.098671e+01 8.146447e+00 8.698055e+00
    endloop
  endfacet
  facet normal 3.718154e-01 -6.081990e-01 -7.013182e-01
    outer loop
      vertex   2.102768e+01 8.250000e+00 8.629970e+00
      vertex   2.098671e+01 8.146447e+00 8.698055e+00
      vertex   2.065143e+01 8.250000e+00 8.430494e+00
    endloop
  endfacet
  facet normal 3.718154e-01 -6.081990e-01 -7.013182e-01
    outer loop
      vertex   2.065143e+01 8.250000e+00 8.430494e+00
      vertex   2.098671e+01 8.146447e+00 8.698055e+00
      vertex   2.061807e+01 8.146447e+00 8.502610e+00
    endloop
  endfacet
  facet normal 2.938100e-01 -6.081990e-01 -7.374074e-01
    outer loop
      vertex   2.065143e+01 8.250000e+00 8.430494e+00
      vertex   2.061807e+01 8.146447e+00 8.502610e+00
      vertex   2.025582e+01 8.250000e+00 8.272868e+00
    endloop
  endfacet
  facet normal 2.938100e-01 -6.081990e-01 -7.374074e-01
    outer loop
      vertex   2.025582e+01 8.250000e+00 8.272868e+00
      vertex   2.061807e+01 8.146447e+00 8.502610e+00
      vertex   2.023045e+01 8.146447e+00 8.348168e+00
    endloop
  endfacet
  facet normal 2.123599e-01 -6.081990e-01 -7.648511e-01
    outer loop
      vertex   2.025582e+01 8.250000e+00 8.272868e+00
      vertex   2.023045e+01 8.146447e+00 8.348168e+00
      vertex   1.984548e+01 8.250000e+00 8.158939e+00
    endloop
  endfacet
  facet normal 2.123599e-01 -6.081990e-01 -7.648511e-01
    outer loop
      vertex   1.984548e+01 8.250000e+00 8.158939e+00
      vertex   2.023045e+01 8.146447e+00 8.348168e+00
      vertex   1.982840e+01 8.146447e+00 8.236540e+00
    endloop
  endfacet
  facet normal 1.284201e-01 -6.081990e-01 -7.833277e-01
    outer loop
      vertex   1.984548e+01 8.250000e+00 8.158939e+00
      vertex   1.982840e+01 8.146447e+00 8.236540e+00
      vertex   1.942523e+01 8.250000e+00 8.090043e+00
    endloop
  endfacet
  facet normal 1.284201e-01 -6.081990e-01 -7.833277e-01
    outer loop
      vertex   1.942523e+01 8.250000e+00 8.090043e+00
      vertex   1.982840e+01 8.146447e+00 8.236540e+00
      vertex   1.941664e+01 8.146447e+00 8.169036e+00
    endloop
  endfacet
  facet normal 9.186609e-01 -3.822042e-01 -9.991039e-02
    outer loop
      vertex   2.297712e+01 8.370591e+00 1.178437e+01
      vertex   2.292724e+01 8.250000e+00 1.178707e+01
      vertex   2.293049e+01 8.370591e+00 1.135563e+01
    endloop
  endfacet
  facet normal 9.186609e-01 -3.822042e-01 -9.991039e-02
    outer loop
      vertex   2.293049e+01 8.370591e+00 1.135563e+01
      vertex   2.292724e+01 8.250000e+00 1.178707e+01
      vertex   2.288120e+01 8.250000e+00 1.136371e+01
    endloop
  endfacet
  facet normal 9.024735e-01 -3.822042e-01 -1.986494e-01
    outer loop
      vertex   2.293049e+01 8.370591e+00 1.135563e+01
      vertex   2.288120e+01 8.250000e+00 1.136371e+01
      vertex   2.283778e+01 8.370591e+00 1.093444e+01
    endloop
  endfacet
  facet normal 9.024735e-01 -3.822042e-01 -1.986494e-01
    outer loop
      vertex   2.283778e+01 8.370591e+00 1.093444e+01
      vertex   2.288120e+01 8.250000e+00 1.136371e+01
      vertex   2.278965e+01 8.250000e+00 1.094781e+01
    endloop
  endfacet
  facet normal 8.757053e-01 -3.822042e-01 -2.950595e-01
    outer loop
      vertex   2.283778e+01 8.370591e+00 1.093444e+01
      vertex   2.278965e+01 8.250000e+00 1.094781e+01
      vertex   2.270008e+01 8.370591e+00 1.052575e+01
    endloop
  endfacet
  facet normal 8.757053e-01 -3.822042e-01 -2.950595e-01
    outer loop
      vertex   2.270008e+01 8.370591e+00 1.052575e+01
      vertex   2.278965e+01 8.250000e+00 1.094781e+01
      vertex   2.265368e+01 8.250000e+00 1.054424e+01
    endloop
  endfacet
  facet normal 8.386704e-01 -3.822042e-01 -3.880102e-01
    outer loop
      vertex   2.270008e+01 8.370591e+00 1.052575e+01
      vertex   2.265368e+01 8.250000e+00 1.054424e+01
      vertex   2.251900e+01 8.370591e+00 1.013435e+01
    endloop
  endfacet
  facet normal 8.386704e-01 -3.822042e-01 -3.880102e-01
    outer loop
      vertex   2.251900e+01 8.370591e+00 1.013435e+01
      vertex   2.265368e+01 8.250000e+00 1.054424e+01
      vertex   2.247486e+01 8.250000e+00 1.015774e+01
    endloop
  endfacet
  facet normal 7.918028e-01 -3.822042e-01 -4.764119e-01
    outer loop
      vertex   2.251900e+01 8.370591e+00 1.013435e+01
      vertex   2.247486e+01 8.250000e+00 1.015774e+01
      vertex   2.229665e+01 8.370591e+00 9.764813e+00
    endloop
  endfacet
  facet normal 7.918028e-01 -3.822042e-01 -4.764119e-01
    outer loop
      vertex   2.229665e+01 8.370591e+00 9.764813e+00
      vertex   2.247486e+01 8.250000e+00 1.015774e+01
      vertex   2.225531e+01 8.250000e+00 9.792844e+00
    endloop
  endfacet
  facet normal 7.356520e-01 -3.822042e-01 -5.592281e-01
    outer loop
      vertex   2.229665e+01 8.370591e+00 9.764813e+00
      vertex   2.225531e+01 8.250000e+00 9.792844e+00
      vertex   2.203566e+01 8.370591e+00 9.421484e+00
    endloop
  endfacet
  facet normal 7.356520e-01 -3.822042e-01 -5.592281e-01
    outer loop
      vertex   2.203566e+01 8.370591e+00 9.421484e+00
      vertex   2.225531e+01 8.250000e+00 9.792844e+00
      vertex   2.199759e+01 8.250000e+00 9.453821e+00
    endloop
  endfacet
  facet normal 6.708764e-01 -3.822042e-01 -6.354879e-01
    outer loop
      vertex   2.203566e+01 8.370591e+00 9.421484e+00
      vertex   2.199759e+01 8.250000e+00 9.453821e+00
      vertex   2.173908e+01 8.370591e+00 9.108387e+00
    endloop
  endfacet
  facet normal 6.708764e-01 -3.822042e-01 -6.354879e-01
    outer loop
      vertex   2.173908e+01 8.370591e+00 9.108387e+00
      vertex   2.199759e+01 8.250000e+00 9.453821e+00
      vertex   2.170473e+01 8.250000e+00 9.144650e+00
    endloop
  endfacet
  facet normal 5.982353e-01 -3.822042e-01 -7.042971e-01
    outer loop
      vertex   2.173908e+01 8.370591e+00 9.108387e+00
      vertex   2.170473e+01 8.250000e+00 9.144650e+00
      vertex   2.141039e+01 8.370591e+00 8.829191e+00
    endloop
  endfacet
  facet normal 5.982353e-01 -3.822042e-01 -7.042971e-01
    outer loop
      vertex   2.141039e+01 8.370591e+00 8.829191e+00
      vertex   2.170473e+01 8.250000e+00 9.144650e+00
      vertex   2.138016e+01 8.250000e+00 8.868956e+00
    endloop
  endfacet
  facet normal 5.185806e-01 -3.822042e-01 -7.648491e-01
    outer loop
      vertex   2.141039e+01 8.370591e+00 8.829191e+00
      vertex   2.138016e+01 8.250000e+00 8.868956e+00
      vertex   2.105343e+01 8.370591e+00 8.587170e+00
    endloop
  endfacet
  facet normal 5.185806e-01 -3.822042e-01 -7.648491e-01
    outer loop
      vertex   2.105343e+01 8.370591e+00 8.587170e+00
      vertex   2.138016e+01 8.250000e+00 8.868956e+00
      vertex   2.102768e+01 8.250000e+00 8.629970e+00
    endloop
  endfacet
  facet normal 4.328459e-01 -3.822042e-01 -8.164339e-01
    outer loop
      vertex   2.105343e+01 8.370591e+00 8.587170e+00
      vertex   2.102768e+01 8.250000e+00 8.629970e+00
      vertex   2.067240e+01 8.370591e+00 8.385161e+00
    endloop
  endfacet
  facet normal 4.328459e-01 -3.822042e-01 -8.164339e-01
    outer loop
      vertex   2.067240e+01 8.370591e+00 8.385161e+00
      vertex   2.102768e+01 8.250000e+00 8.629970e+00
      vertex   2.065143e+01 8.250000e+00 8.430494e+00
    endloop
  endfacet
  facet normal 3.420365e-01 -3.822042e-01 -8.584468e-01
    outer loop
      vertex   2.067240e+01 8.370591e+00 8.385161e+00
      vertex   2.065143e+01 8.250000e+00 8.430494e+00
      vertex   2.027177e+01 8.370591e+00 8.225532e+00
    endloop
  endfacet
  facet normal 3.420365e-01 -3.822042e-01 -8.584468e-01
    outer loop
      vertex   2.027177e+01 8.370591e+00 8.225532e+00
      vertex   2.065143e+01 8.250000e+00 8.430494e+00
      vertex   2.025582e+01 8.250000e+00 8.272868e+00
    endloop
  endfacet
  facet normal 2.472170e-01 -3.822042e-01 -8.903952e-01
    outer loop
      vertex   2.027177e+01 8.370591e+00 8.225532e+00
      vertex   2.025582e+01 8.250000e+00 8.272868e+00
      vertex   1.985622e+01 8.370591e+00 8.110156e+00
    endloop
  endfacet
  facet normal 2.472170e-01 -3.822042e-01 -8.903952e-01
    outer loop
      vertex   1.985622e+01 8.370591e+00 8.110156e+00
      vertex   2.025582e+01 8.250000e+00 8.272868e+00
      vertex   1.984548e+01 8.250000e+00 8.158939e+00
    endloop
  endfacet
  facet normal 1.494992e-01 -3.822042e-01 -9.119046e-01
    outer loop
      vertex   1.985622e+01 8.370591e+00 8.110156e+00
      vertex   1.984548e+01 8.250000e+00 8.158939e+00
      vertex   1.943063e+01 8.370591e+00 8.040385e+00
    endloop
  endfacet
  facet normal 1.494992e-01 -3.822042e-01 -9.119046e-01
    outer loop
      vertex   1.943063e+01 8.370591e+00 8.040385e+00
      vertex   1.984548e+01 8.250000e+00 8.158939e+00
      vertex   1.942523e+01 8.250000e+00 8.090043e+00
    endloop
  endfacet
  facet normal 1.408928e-15 -1.305262e-01 9.914449e-01
    outer loop
      vertex   6.500000e+00 8.370591e+00 1.598296e+01
      vertex   9.000000e+00 8.370591e+00 1.598296e+01
      vertex   6.500000e+00 8.500000e+00 1.600000e+01
    endloop
  endfacet
  facet normal 4.564457e-19 -1.305262e-01 9.914449e-01
    outer loop
      vertex   6.500000e+00 8.500000e+00 1.600000e+01
      vertex   9.000000e+00 8.370591e+00 1.598296e+01
      vertex   1.150000e+01 8.370591e+00 1.598296e+01
    endloop
  endfacet
  facet normal 4.564457e-19 -1.305262e-01 9.914449e-01
    outer loop
      vertex   6.500000e+00 8.500000e+00 1.600000e+01
      vertex   1.150000e+01 8.370591e+00 1.598296e+01
      vertex   1.400000e+01 8.370591e+00 1.598296e+01
    endloop
  endfacet
  facet normal 0.000000e+00 -3.826834e-01 9.238795e-01
    outer loop
      vertex   1.400000e+01 8.370591e+00 1.598296e+01
      vertex   1.150000e+01 8.370591e+00 1.598296e+01
      vertex   1.400000e+01 8.250000e+00 1.593301e+01
    endloop
  endfacet
  facet normal 1.149488e-18 -3.826834e-01 9.238795e-01
    outer loop
      vertex   1.400000e+01 8.370591e+00 1.598296e+01
      vertex   1.400000e+01 8.250000e+00 1.593301e+01
      vertex   1.650000e+01 8.250000e+00 1.593301e+01
    endloop
  endfacet
  facet normal 0.000000e+00 -6.087614e-01 7.933533e-01
    outer loop
      vertex   1.650000e+01 8.250000e+00 1.593301e+01
      vertex   1.400000e+01 8.250000e+00 1.593301e+01
      vertex   1.650000e+01 8.146447e+00 1.585355e+01
    endloop
  endfacet
  facet normal -1.235940e-18 -6.087614e-01 7.933533e-01
    outer loop
      vertex   1.650000e+01 8.250000e+00 1.593301e+01
      vertex   1.650000e+01 8.146447e+00 1.585355e+01
      vertex   1.900000e+01 8.146447e+00 1.585355e+01
    endloop
  endfacet
  facet normal 0.000000e+00 -7.933533e-01 6.087614e-01
    outer loop
      vertex   1.900000e+01 8.146447e+00 1.585355e+01
      vertex   1.650000e+01 8.146447e+00 1.585355e+01
      vertex   1.900000e+01 8.066987e+00 1.575000e+01
    endloop
  endfacet
  facet normal 0.000000e+00 -7.933533e-01 6.087614e-01
    outer loop
      vertex   1.900000e+01 8.066987e+00 1.575000e+01
      vertex   1.650000e+01 8.146447e+00 1.585355e+01
      vertex   1.650000e+01 8.066987e+00 1.575000e+01
    endloop
  endfacet
  facet normal 0.000000e+00 -9.238795e-01 3.826834e-01
    outer loop
      vertex   1.900000e+01 8.066987e+00 1.575000e+01
      vertex   1.650000e+01 8.066987e+00 1.575000e+01
      vertex   1.900000e+01 8.017037e+00 1.562941e+01
    endloop
  endfacet
  facet normal 0.000000e+00 -9.238795e-01 3.826834e-01
    outer loop
      vertex   1.900000e+01 8.017037e+00 1.562941e+01
      vertex   1.650000e+01 8.066987e+00 1.575000e+01
      vertex   1.650000e+01 8.017037e+00 1.562941e+01
    endloop
  endfacet
  facet normal 0.000000e+00 -9.914449e-01 1.305262e-01
    outer loop
      vertex   1.900000e+01 8.017037e+00 1.562941e+01
      vertex   1.650000e+01 8.017037e+00 1.562941e+01
      vertex   1.900000e+01 8.000000e+00 1.550000e+01
    endloop
  endfacet
  facet normal 3.748379e-19 -9.914449e-01 1.305262e-01
    outer loop
      vertex   1.900000e+01 8.000000e+00 1.550000e+01
      vertex   1.650000e+01 8.017037e+00 1.562941e+01
      vertex   1.400000e+01 8.017037e+00 1.562941e+01
    endloop
  endfacet
  facet normal 3.748379e-19 -9.914449e-01 1.305262e-01
    outer loop
      vertex   1.900000e+01 8.000000e+00 1.550000e+01
      vertex   1.400000e+01 8.017037e+00 1.562941e+01
      vertex   1.150000e+01 8.017037e+00 1.562941e+01
    endloop
  endfacet
  facet normal 0.000000e+00 -9.238795e-01 3.826834e-01
    outer loop
      vertex   1.150000e+01 8.017037e+00 1.562941e+01
      vertex   1.400000e+01 8.017037e+00 1.562941e+01
      vertex   1.150000e+01 8.066987e+00 1.575000e+01
    endloop
  endfacet
  facet normal -7.979822e-19 -9.238795e-01 3.826834e-01
    outer loop
      vertex   1.150000e+01 8.017037e+00 1.562941e+01
      vertex   1.150000e+01 8.066987e+00 1.575000e+01
      vertex   9.000000e+00 8.066987e+00 1.575000e+01
    endloop
  endfacet
  facet normal 0.000000e+00 -7.933533e-01 6.087614e-01
    outer loop
      vertex   9.000000e+00 8.066987e+00 1.575000e+01
      vertex   1.150000e+01 8.066987e+00 1.575000e+01
      vertex   9.000000e+00 8.146447e+00 1.585355e+01
    endloop
  endfacet
  facet normal 2.132683e-18 -7.933533e-01 6.087614e-01
    outer loop
      vertex   9.000000e+00 8.066987e+00 1.575000e+01
      vertex   9.000000e+00 8.146447e+00 1.585355e+01
      vertex   6.500000e+00 8.146447e+00 1.585355e+01
    endloop
  endfacet
  facet normal 0.000000e+00 -6.087614e-01 7.933533e-01
    outer loop
      vertex   6.500000e+00 8.146447e+00 1.585355e+01
      vertex   9.000000e+00 8.146447e+00 1.585355e+01
      vertex   6.500000e+00 8.250000e+00 1.593301e+01
    endloop
  endfacet
  facet normal 0.000000e+00 -6.087614e-01 7.933533e-01
    outer loop
      vertex   6.500000e+00 8.250000e+00 1.593301e+01
      vertex   9.000000e+00 8.146447e+00 1.585355e+01
      vertex   9.000000e+00 8.250000e+00 1.593301e+01
    endloop
  endfacet
  facet normal 0.000000e+00 -3.826834e-01 9.238795e-01
    outer loop
      vertex   6.500000e+00 8.250000e+00 1.593301e+01
      vertex   9.000000e+00 8.250000e+00 1.593301e+01
      vertex   6.500000e+00 8.370591e+00 1.598296e+01
    endloop
  endfacet
  facet normal 1.312912e-15 -3.826834e-01 9.238795e-01
    outer loop
      vertex   6.500000e+00 8.370591e+00 1.598296e+01
      vertex   9.000000e+00 8.250000e+00 1.593301e+01
      vertex   9.000000e+00 8.370591e+00 1.598296e+01
    endloop
  endfacet
  facet normal 2.132683e-18 -7.933533e-01 6.087614e-01
    outer loop
      vertex   6.500000e+00 8.146447e+00 1.585355e+01
      vertex   6.500000e+00 8.066987e+00 1.575000e+01
      vertex   9.000000e+00 8.066987e+00 1.575000e+01
    endloop
  endfacet
  facet normal 0.000000e+00 -9.238795e-01 3.826834e-01
    outer loop
      vertex   9.000000e+00 8.066987e+00 1.575000e+01
      vertex   6.500000e+00 8.066987e+00 1.575000e+01
      vertex   9.000000e+00 8.017037e+00 1.562941e+01
    endloop
  endfacet
  facet normal -7.979822e-19 -9.238795e-01 3.826834e-01
    outer loop
      vertex   9.000000e+00 8.066987e+00 1.575000e+01
      vertex   9.000000e+00 8.017037e+00 1.562941e+01
      vertex   1.150000e+01 8.017037e+00 1.562941e+01
    endloop
  endfacet
  facet normal 0.000000e+00 -9.914449e-01 1.305262e-01
    outer loop
      vertex   1.150000e+01 8.017037e+00 1.562941e+01
      vertex   9.000000e+00 8.017037e+00 1.562941e+01
      vertex   6.500000e+00 8.000000e+00 1.550000e+01
    endloop
  endfacet
  facet normal 7.496757e-20 -9.914449e-01 1.305262e-01
    outer loop
      vertex   1.150000e+01 8.017037e+00 1.562941e+01
      vertex   6.500000e+00 8.000000e+00 1.550000e+01
      vertex   1.900000e+01 8.000000e+00 1.550000e+01
    endloop
  endfacet
  facet normal -7.979822e-19 -9.238795e-01 3.826834e-01
    outer loop
      vertex   6.500000e+00 8.066987e+00 1.575000e+01
      vertex   6.500000e+00 8.017037e+00 1.562941e+01
      vertex   9.000000e+00 8.017037e+00 1.562941e+01
    endloop
  endfacet
  facet normal 0.000000e+00 -9.914449e-01 1.305262e-01
    outer loop
      vertex   9.000000e+00 8.017037e+00 1.562941e+01
      vertex   6.500000e+00 8.017037e+00 1.562941e+01
      vertex   6.500000e+00 8.000000e+00 1.550000e+01
    endloop
  endfacet
  facet normal -1.235940e-18 -6.087614e-01 7.933533e-01
    outer loop
      vertex   1.900000e+01 8.146447e+00 1.585355e+01
      vertex   1.900000e+01 8.250000e+00 1.593301e+01
      vertex   1.650000e+01 8.250000e+00 1.593301e+01
    endloop
  endfacet
  facet normal 0.000000e+00 -3.826834e-01 9.238795e-01
    outer loop
      vertex   1.650000e+01 8.250000e+00 1.593301e+01
      vertex   1.900000e+01 8.250000e+00 1.593301e+01
      vertex   1.650000e+01 8.370591e+00 1.598296e+01
    endloop
  endfacet
  facet normal 1.149488e-18 -3.826834e-01 9.238795e-01
    outer loop
      vertex   1.650000e+01 8.250000e+00 1.593301e+01
      vertex   1.650000e+01 8.370591e+00 1.598296e+01
      vertex   1.400000e+01 8.370591e+00 1.598296e+01
    endloop
  endfacet
  facet normal 0.000000e+00 -1.305262e-01 9.914449e-01
    outer loop
      vertex   1.400000e+01 8.370591e+00 1.598296e+01
      vertex   1.650000e+01 8.370591e+00 1.598296e+01
      vertex   1.900000e+01 8.500000e+00 1.600000e+01
    endloop
  endfacet
  facet normal 9.128914e-20 -1.305262e-01 9.914449e-01
    outer loop
      vertex   1.400000e+01 8.370591e+00 1.598296e+01
      vertex   1.900000e+01 8.500000e+00 1.600000e+01
      vertex   6.500000e+00 8.500000e+00 1.600000e+01
    endloop
  endfacet
  facet normal -1.311926e-15 -3.826834e-01 9.238795e-01
    outer loop
      vertex   1.900000e+01 8.250000e+00 1.593301e+01
      vertex   1.900000e+01 8.370591e+00 1.598296e+01
      vertex   1.650000e+01 8.370591e+00 1.598296e+01
    endloop
  endfacet
  facet normal -1.408928e-15 -1.305262e-01 9.914449e-01
    outer loop
      vertex   1.650000e+01 8.370591e+00 1.598296e+01
      vertex   1.900000e+01 8.370591e+00 1.598296e+01
      vertex   1.900000e+01 8.500000e+00 1.600000e+01
    endloop
  endfacet
  facet normal 0.000000e+00 -3.826834e-01 9.238795e-01
    outer loop
      vertex   1.150000e+01 8.370591e+00 1.598296e+01
      vertex   9.000000e+00 8.370591e+00 1.598296e+01
      vertex   1.150000e+01 8.250000e+00 1.593301e+01
    endloop
  endfacet
  facet normal 0.000000e+00 -3.826834e-01 9.238795e-01
    outer loop
      vertex   1.150000e+01 8.250000e+00 1.593301e+01
      vertex   9.000000e+00 8.370591e+00 1.598296e+01
      vertex   9.000000e+00 8.250000e+00 1.593301e+01
    endloop
  endfacet
  facet normal 0.000000e+00 -6.087614e-01 7.933533e-01
    outer loop
      vertex   1.150000e+01 8.250000e+00 1.593301e+01
      vertex   9.000000e+00 8.250000e+00 1.593301e+01
      vertex   1.150000e+01 8.146447e+00 1.585355e+01
    endloop
  endfacet
  facet normal 0.000000e+00 -6.087614e-01 7.933533e-01
    outer loop
      vertex   1.150000e+01 8.146447e+00 1.585355e+01
      vertex   9.000000e+00 8.250000e+00 1.593301e+01
      vertex   9.000000e+00 8.146447e+00 1.585355e+01
    endloop
  endfacet
  facet normal 0.000000e+00 -7.933533e-01 6.087614e-01
    outer loop
      vertex   1.150000e+01 8.146447e+00 1.585355e+01
      vertex   9.000000e+00 8.146447e+00 1.585355e+01
      vertex   1.150000e+01 8.066987e+00 1.575000e+01
    endloop
  endfacet
  facet normal 1.149488e-18 -3.826834e-01 9.238795e-01
    outer loop
      vertex   1.150000e+01 8.370591e+00 1.598296e+01
      vertex   1.150000e+01 8.250000e+00 1.593301e+01
      vertex   1.400000e+01 8.250000e+00 1.593301e+01
    endloop
  endfacet
  facet normal 0.000000e+00 -6.087614e-01 7.933533e-01
    outer loop
      vertex   1.400000e+01 8.250000e+00 1.593301e+01
      vertex   1.150000e+01 8.250000e+00 1.593301e+01
      vertex   1.400000e+01 8.146447e+00 1.585355e+01
    endloop
  endfacet
  facet normal -1.235940e-18 -6.087614e-01 7.933533e-01
    outer loop
      vertex   1.400000e+01 8.250000e+00 1.593301e+01
      vertex   1.400000e+01 8.146447e+00 1.585355e+01
      vertex   1.650000e+01 8.146447e+00 1.585355e+01
    endloop
  endfacet
  facet normal 0.000000e+00 -7.933533e-01 6.087614e-01
    outer loop
      vertex   1.650000e+01 8.146447e+00 1.585355e+01
      vertex   1.400000e+01 8.146447e+00 1.585355e+01
      vertex   1.650000e+01 8.066987e+00 1.575000e+01
    endloop
  endfacet
  facet normal 0.000000e+00 -6.087614e-01 7.933533e-01
    outer loop
      vertex   1.400000e+01 8.146447e+00 1.585355e+01
      vertex   1.150000e+01 8.250000e+00 1.593301e+01
      vertex   1.150000e+01 8.146447e+00 1.585355e+01
    endloop
  endfacet
  facet normal 0.000000e+00 -7.933533e-01 6.087614e-01
    outer loop
      vertex   1.400000e+01 8.146447e+00 1.585355e+01
      vertex   1.150000e+01 8.146447e+00 1.585355e+01
      vertex   1.400000e+01 8.066987e+00 1.575000e+01
    endloop
  endfacet
  facet normal 0.000000e+00 -7.933533e-01 6.087614e-01
    outer loop
      vertex   1.400000e+01 8.066987e+00 1.575000e+01
      vertex   1.150000e+01 8.146447e+00 1.585355e+01
      vertex   1.150000e+01 8.066987e+00 1.575000e+01
    endloop
  endfacet
  facet normal 0.000000e+00 -9.238795e-01 3.826834e-01
    outer loop
      vertex   1.400000e+01 8.066987e+00 1.575000e+01
      vertex   1.150000e+01 8.066987e+00 1.575000e+01
      vertex   1.400000e+01 8.017037e+00 1.562941e+01
    endloop
  endfacet
  facet normal -7.979822e-19 -9.238795e-01 3.826834e-01
    outer loop
      vertex   1.650000e+01 8.017037e+00 1.562941e+01
      vertex   1.650000e+01 8.066987e+00 1.575000e+01
      vertex   1.400000e+01 8.066987e+00 1.575000e+01
    endloop
  endfacet
  facet normal 0.000000e+00 -7.933533e-01 6.087614e-01
    outer loop
      vertex   1.400000e+01 8.066987e+00 1.575000e+01
      vertex   1.650000e+01 8.066987e+00 1.575000e+01
      vertex   1.400000e+01 8.146447e+00 1.585355e+01
    endloop
  endfacet
  facet normal 0.000000e+00 -9.238795e-01 3.826834e-01
    outer loop
      vertex   1.650000e+01 8.017037e+00 1.562941e+01
      vertex   1.400000e+01 8.066987e+00 1.575000e+01
      vertex   1.400000e+01 8.017037e+00 1.562941e+01
    endloop
  endfacet
  facet normal 5.579123e-02 -9.926663e-01 1.072427e-01
    outer loop
      vertex   6.352974e+00 7.992777e+00 1.550963e+01
      vertex   6.500000e+00 8.000000e+00 1.550000e+01
      vertex   6.370158e+00 8.004121e+00 1.560570e+01
    endloop
  endfacet
  facet normal 7.457538e-02 -9.886841e-01 1.301627e-01
    outer loop
      vertex   6.370158e+00 8.004121e+00 1.560570e+01
      vertex   6.500000e+00 8.000000e+00 1.550000e+01
      vertex   6.500000e+00 8.017037e+00 1.562941e+01
    endloop
  endfacet
  facet normal 4.098687e-02 -9.544802e-01 2.954446e-01
    outer loop
      vertex   6.370158e+00 8.004121e+00 1.560570e+01
      vertex   6.500000e+00 8.017037e+00 1.562941e+01
      vertex   6.375940e+00 8.033285e+00 1.569911e+01
    endloop
  endfacet
  facet normal 9.359647e-02 -9.198239e-01 3.810035e-01
    outer loop
      vertex   6.375940e+00 8.033285e+00 1.569911e+01
      vertex   6.500000e+00 8.017037e+00 1.562941e+01
      vertex   6.500000e+00 8.066987e+00 1.575000e+01
    endloop
  endfacet
  facet normal 6.083987e-02 -8.940594e-01 4.437977e-01
    outer loop
      vertex   6.375940e+00 8.033285e+00 1.569911e+01
      vertex   6.500000e+00 8.066987e+00 1.575000e+01
      vertex   6.378509e+00 8.061791e+00 1.575619e+01
    endloop
  endfacet
  facet normal 6.427499e-02 -8.118680e-01 5.802923e-01
    outer loop
      vertex   6.378509e+00 8.061791e+00 1.575619e+01
      vertex   6.500000e+00 8.066987e+00 1.575000e+01
      vertex   6.380457e+00 8.116649e+00 1.583272e+01
    endloop
  endfacet
  facet normal 1.911530e-01 -8.000853e-01 5.686159e-01
    outer loop
      vertex   6.378509e+00 8.061791e+00 1.575619e+01
      vertex   6.380457e+00 8.116649e+00 1.583272e+01
      vertex   6.256370e+00 8.045935e+00 1.577494e+01
    endloop
  endfacet
  facet normal 1.890653e-01 -7.986434e-01 5.713345e-01
    outer loop
      vertex   6.256370e+00 8.045935e+00 1.577494e+01
      vertex   6.380457e+00 8.116649e+00 1.583272e+01
      vertex   6.260039e+00 8.100374e+00 1.584982e+01
    endloop
  endfacet
  facet normal 3.127861e-01 -7.754873e-01 5.484380e-01
    outer loop
      vertex   6.256370e+00 8.045935e+00 1.577494e+01
      vertex   6.260039e+00 8.100374e+00 1.584982e+01
      vertex   6.134152e+00 8.018993e+00 1.580654e+01
    endloop
  endfacet
  facet normal 3.101453e-01 -7.736051e-01 5.525803e-01
    outer loop
      vertex   6.134152e+00 8.018993e+00 1.580654e+01
      vertex   6.260039e+00 8.100374e+00 1.584982e+01
      vertex   6.139250e+00 8.072677e+00 1.587884e+01
    endloop
  endfacet
  facet normal 4.252521e-01 -7.407408e-01 5.200612e-01
    outer loop
      vertex   6.134152e+00 8.018993e+00 1.580654e+01
      vertex   6.139250e+00 8.072677e+00 1.587884e+01
      vertex   6.012428e+00 7.980536e+00 1.585130e+01
    endloop
  endfacet
  facet normal 4.225133e-01 -7.385581e-01 5.253708e-01
    outer loop
      vertex   6.012428e+00 7.980536e+00 1.585130e+01
      vertex   6.139250e+00 8.072677e+00 1.587884e+01
      vertex   6.018596e+00 8.033087e+00 1.592022e+01
    endloop
  endfacet
  facet normal 5.310641e-01 -6.960331e-01 4.832275e-01
    outer loop
      vertex   6.012428e+00 7.980536e+00 1.585130e+01
      vertex   6.018596e+00 8.033087e+00 1.592022e+01
      vertex   5.878600e+00 7.923854e+00 1.591673e+01
    endloop
  endfacet
  facet normal 5.285307e-01 -6.930114e-01 4.902964e-01
    outer loop
      vertex   5.878600e+00 7.923854e+00 1.591673e+01
      vertex   6.018596e+00 8.033087e+00 1.592022e+01
      vertex   5.885461e+00 7.974645e+00 1.598113e+01
    endloop
  endfacet
  facet normal 6.267869e-01 -6.428757e-01 4.402829e-01
    outer loop
      vertex   5.878600e+00 7.923854e+00 1.591673e+01
      vertex   5.885461e+00 7.974645e+00 1.598113e+01
      vertex   5.746902e+00 7.851882e+00 1.599913e+01
    endloop
  endfacet
  facet normal 6.244854e-01 -6.389800e-01 4.491353e-01
    outer loop
      vertex   5.746902e+00 7.851882e+00 1.599913e+01
      vertex   5.885461e+00 7.974645e+00 1.598113e+01
      vertex   5.753854e+00 7.900325e+00 1.605838e+01
    endloop
  endfacet
  facet normal 7.088537e-01 -5.845564e-01 3.947407e-01
    outer loop
      vertex   5.746902e+00 7.851882e+00 1.599913e+01
      vertex   5.753854e+00 7.900325e+00 1.605838e+01
      vertex   5.619513e+00 7.764447e+00 1.609841e+01
    endloop
  endfacet
  facet normal 7.070498e-01 -5.797855e-01 4.048818e-01
    outer loop
      vertex   5.619513e+00 7.764447e+00 1.609841e+01
      vertex   5.753854e+00 7.900325e+00 1.605838e+01
      vertex   5.626058e+00 7.809927e+00 1.615211e+01
    endloop
  endfacet
  facet normal 7.773199e-01 -5.236032e-01 3.487313e-01
    outer loop
      vertex   5.619513e+00 7.764447e+00 1.609841e+01
      vertex   5.626058e+00 7.809927e+00 1.615211e+01
      vertex   5.498951e+00 7.662233e+00 1.621367e+01
    endloop
  endfacet
  facet normal 7.760922e-01 -5.179754e-01 3.596977e-01
    outer loop
      vertex   5.498951e+00 7.662233e+00 1.621367e+01
      vertex   5.626058e+00 7.809927e+00 1.615211e+01
      vertex   5.504753e+00 7.704158e+00 1.626152e+01
    endloop
  endfacet
  facet normal 8.334076e-01 -4.618270e-01 3.035583e-01
    outer loop
      vertex   5.498951e+00 7.662233e+00 1.621367e+01
      vertex   5.504753e+00 7.704158e+00 1.626152e+01
      vertex   5.390131e+00 7.549167e+00 1.634041e+01
    endloop
  endfacet
  facet normal 8.326798e-01 -4.555539e-01 3.148254e-01
    outer loop
      vertex   5.390131e+00 7.549167e+00 1.634041e+01
      vertex   5.504753e+00 7.704158e+00 1.626152e+01
      vertex   5.395002e+00 7.587090e+00 1.638241e+01
    endloop
  endfacet
  facet normal 8.793038e-01 -3.996978e-01 2.589721e-01
    outer loop
      vertex   5.390131e+00 7.549167e+00 1.634041e+01
      vertex   5.395002e+00 7.587090e+00 1.638241e+01
      vertex   5.291880e+00 7.423687e+00 1.648035e+01
    endloop
  endfacet
  facet normal 8.790311e-01 -3.927303e-01 2.703095e-01
    outer loop
      vertex   5.291880e+00 7.423687e+00 1.648035e+01
      vertex   5.395002e+00 7.587090e+00 1.638241e+01
      vertex   5.295732e+00 7.457119e+00 1.651640e+01
    endloop
  endfacet
  facet normal 9.159852e-01 -3.382254e-01 2.158115e-01
    outer loop
      vertex   5.291880e+00 7.423687e+00 1.648035e+01
      vertex   5.295732e+00 7.457119e+00 1.651640e+01
      vertex   5.205811e+00 7.287267e+00 1.663186e+01
    endloop
  endfacet
  facet normal 9.160456e-01 -3.305086e-01 2.272105e-01
    outer loop
      vertex   5.205811e+00 7.287267e+00 1.663186e+01
      vertex   5.295732e+00 7.457119e+00 1.651640e+01
      vertex   5.208645e+00 7.315784e+00 1.666191e+01
    endloop
  endfacet
  facet normal 9.448603e-01 -2.773721e-01 1.740794e-01
    outer loop
      vertex   5.205811e+00 7.287267e+00 1.663186e+01
      vertex   5.208645e+00 7.315784e+00 1.666191e+01
      vertex   5.133293e+00 7.141508e+00 1.679322e+01
    endloop
  endfacet
  facet normal 9.451407e-01 -2.688379e-01 1.855674e-01
    outer loop
      vertex   5.133293e+00 7.141508e+00 1.679322e+01
      vertex   5.208645e+00 7.315784e+00 1.666191e+01
      vertex   5.135185e+00 7.164753e+00 1.681726e+01
    endloop
  endfacet
  facet normal 9.672449e-01 -2.162348e-01 1.329652e-01
    outer loop
      vertex   5.133293e+00 7.141508e+00 1.679322e+01
      vertex   5.135185e+00 7.164753e+00 1.681726e+01
      vertex   5.075682e+00 6.988022e+00 1.696269e+01
    endloop
  endfacet
  facet normal 9.676309e-01 -2.070946e-01 1.442301e-01
    outer loop
      vertex   5.075682e+00 6.988022e+00 1.696269e+01
      vertex   5.135185e+00 7.164753e+00 1.681726e+01
      vertex   5.076781e+00 7.005708e+00 1.698072e+01
    endloop
  endfacet
  facet normal 9.834872e-01 -1.554825e-01 9.261815e-02
    outer loop
      vertex   5.075682e+00 6.988022e+00 1.696269e+01
      vertex   5.076781e+00 7.005708e+00 1.698072e+01
      vertex   5.033943e+00 6.828638e+00 1.713835e+01
    endloop
  endfacet
  facet normal 9.838711e-01 -1.459227e-01 1.034611e-01
    outer loop
      vertex   5.033943e+00 6.828638e+00 1.713835e+01
      vertex   5.076781e+00 7.005708e+00 1.698072e+01
      vertex   5.034446e+00 6.840549e+00 1.715036e+01
    endloop
  endfacet
  facet normal 9.939741e-01 -9.577591e-02 5.331455e-02
    outer loop
      vertex   5.033943e+00 6.828638e+00 1.713835e+01
      vertex   5.034446e+00 6.840549e+00 1.715036e+01
      vertex   5.008562e+00 6.665314e+00 1.731813e+01
    endloop
  endfacet
  facet normal 9.942723e-01 -8.561894e-02 6.396937e-02
    outer loop
      vertex   5.008562e+00 6.665314e+00 1.731813e+01
      vertex   5.034446e+00 6.840549e+00 1.715036e+01
      vertex   5.008692e+00 6.671305e+00 1.732414e+01
    endloop
  endfacet
  facet normal 9.992495e-01 -3.598389e-02 1.433619e-02
    outer loop
      vertex   5.008562e+00 6.665314e+00 1.731813e+01
      vertex   5.008692e+00 6.671305e+00 1.732414e+01
      vertex   5.000000e+00 6.500000e+00 1.750000e+01
    endloop
  endfacet
  facet normal 9.128400e-02 -7.900410e-01 6.062198e-01
    outer loop
      vertex   6.500000e+00 8.066987e+00 1.575000e+01
      vertex   6.500000e+00 8.146447e+00 1.585355e+01
      vertex   6.380457e+00 8.116649e+00 1.583272e+01
    endloop
  endfacet
  facet normal 4.626658e-02 -6.903674e-01 7.219780e-01
    outer loop
      vertex   6.380457e+00 8.116649e+00 1.583272e+01
      vertex   6.500000e+00 8.146447e+00 1.585355e+01
      vertex   6.380191e+00 8.184742e+00 1.589785e+01
    endloop
  endfacet
  facet normal 1.923696e-01 -6.778990e-01 7.095399e-01
    outer loop
      vertex   6.380457e+00 8.116649e+00 1.583272e+01
      vertex   6.380191e+00 8.184742e+00 1.589785e+01
      vertex   6.260039e+00 8.100374e+00 1.584982e+01
    endloop
  endfacet
  facet normal 1.926728e-01 -6.781483e-01 7.092193e-01
    outer loop
      vertex   6.260039e+00 8.100374e+00 1.584982e+01
      vertex   6.380191e+00 8.184742e+00 1.589785e+01
      vertex   6.259537e+00 8.167302e+00 1.591395e+01
    endloop
  endfacet
  facet normal 3.151857e-01 -6.553679e-01 6.864044e-01
    outer loop
      vertex   6.260039e+00 8.100374e+00 1.584982e+01
      vertex   6.259537e+00 8.167302e+00 1.591395e+01
      vertex   6.139250e+00 8.072677e+00 1.587884e+01
    endloop
  endfacet
  facet normal 3.155877e-01 -6.556945e-01 6.859075e-01
    outer loop
      vertex   6.139250e+00 8.072677e+00 1.587884e+01
      vertex   6.259537e+00 8.167302e+00 1.591395e+01
      vertex   6.138553e+00 8.137741e+00 1.594136e+01
    endloop
  endfacet
  facet normal 4.287840e-01 -6.235441e-01 6.537102e-01
    outer loop
      vertex   6.139250e+00 8.072677e+00 1.587884e+01
      vertex   6.138553e+00 8.137741e+00 1.594136e+01
      vertex   6.018596e+00 8.033087e+00 1.592022e+01
    endloop
  endfacet
  facet normal 4.292251e-01 -6.239189e-01 6.530628e-01
    outer loop
      vertex   6.018596e+00 8.033087e+00 1.592022e+01
      vertex   6.138553e+00 8.137741e+00 1.594136e+01
      vertex   6.017753e+00 8.095653e+00 1.598054e+01
    endloop
  endfacet
  facet normal 5.354819e-01 -5.824616e-01 6.115535e-01
    outer loop
      vertex   6.018596e+00 8.033087e+00 1.592022e+01
      vertex   6.017753e+00 8.095653e+00 1.598054e+01
      vertex   5.885461e+00 7.974645e+00 1.598113e+01
    endloop
  endfacet
  facet normal 5.359357e-01 -5.829620e-01 6.106785e-01
    outer loop
      vertex   5.885461e+00 7.974645e+00 1.598113e+01
      vertex   6.017753e+00 8.095653e+00 1.598054e+01
      vertex   5.884523e+00 8.033775e+00 1.603840e+01
    endloop
  endfacet
  facet normal 6.315391e-01 -5.342262e-01 5.619260e-01
    outer loop
      vertex   5.885461e+00 7.974645e+00 1.598113e+01
      vertex   5.884523e+00 8.033775e+00 1.603840e+01
      vertex   5.753854e+00 7.900325e+00 1.605838e+01
    endloop
  endfacet
  facet normal 6.320046e-01 -5.348493e-01 5.608088e-01
    outer loop
      vertex   5.753854e+00 7.900325e+00 1.605838e+01
      vertex   5.884523e+00 8.033775e+00 1.603840e+01
      vertex   5.752904e+00 7.955407e+00 1.611199e+01
    endloop
  endfacet
  facet normal 7.136915e-01 -4.821525e-01 5.081077e-01
    outer loop
      vertex   5.753854e+00 7.900325e+00 1.605838e+01
      vertex   5.752904e+00 7.955407e+00 1.611199e+01
      vertex   5.626058e+00 7.809927e+00 1.615211e+01
    endloop
  endfacet
  facet normal 7.141215e-01 -4.828868e-01 5.068044e-01
    outer loop
      vertex   5.626058e+00 7.809927e+00 1.615211e+01
      vertex   5.752904e+00 7.955407e+00 1.611199e+01
      vertex   5.625163e+00 7.860460e+00 1.620152e+01
    endloop
  endfacet
  facet normal 7.819588e-01 -4.286423e-01 4.525552e-01
    outer loop
      vertex   5.626058e+00 7.809927e+00 1.615211e+01
      vertex   5.625163e+00 7.860460e+00 1.620152e+01
      vertex   5.504753e+00 7.704158e+00 1.626152e+01
    endloop
  endfacet
  facet normal 7.823286e-01 -4.294774e-01 4.511221e-01
    outer loop
      vertex   5.504753e+00 7.704158e+00 1.626152e+01
      vertex   5.625163e+00 7.860460e+00 1.620152e+01
      vertex   5.503960e+00 7.749735e+00 1.630629e+01
    endloop
  endfacet
  facet normal 8.375818e-01 -3.753278e-01 3.969708e-01
    outer loop
      vertex   5.504753e+00 7.704158e+00 1.626152e+01
      vertex   5.503960e+00 7.749735e+00 1.630629e+01
      vertex   5.395002e+00 7.587090e+00 1.638241e+01
    endloop
  endfacet
  facet normal 8.378842e-01 -3.762302e-01 3.954754e-01
    outer loop
      vertex   5.395002e+00 7.587090e+00 1.638241e+01
      vertex   5.503960e+00 7.749735e+00 1.630629e+01
      vertex   5.394336e+00 7.627524e+00 1.642228e+01
    endloop
  endfacet
  facet normal 8.828962e-01 -3.222732e-01 3.415176e-01
    outer loop
      vertex   5.395002e+00 7.587090e+00 1.638241e+01
      vertex   5.394336e+00 7.627524e+00 1.642228e+01
      vertex   5.295732e+00 7.457119e+00 1.651640e+01
    endloop
  endfacet
  facet normal 8.831280e-01 -3.232500e-01 3.399917e-01
    outer loop
      vertex   5.295732e+00 7.457119e+00 1.651640e+01
      vertex   5.394336e+00 7.627524e+00 1.642228e+01
      vertex   5.295205e+00 7.492167e+00 1.655109e+01
    endloop
  endfacet
  facet normal 9.188849e-01 -2.704761e-01 2.872164e-01
    outer loop
      vertex   5.295732e+00 7.457119e+00 1.651640e+01
      vertex   5.295205e+00 7.492167e+00 1.655109e+01
      vertex   5.208645e+00 7.315784e+00 1.666191e+01
    endloop
  endfacet
  facet normal 9.190564e-01 -2.715364e-01 2.856629e-01
    outer loop
      vertex   5.208645e+00 7.315784e+00 1.666191e+01
      vertex   5.295205e+00 7.492167e+00 1.655109e+01
      vertex   5.208257e+00 7.345253e+00 1.669117e+01
    endloop
  endfacet
  facet normal 9.470319e-01 -2.199074e-01 2.340329e-01
    outer loop
      vertex   5.208645e+00 7.315784e+00 1.666191e+01
      vertex   5.208257e+00 7.345253e+00 1.669117e+01
      vertex   5.135185e+00 7.164753e+00 1.681726e+01
    endloop
  endfacet
  facet normal 9.471529e-01 -2.210622e-01 2.324499e-01
    outer loop
      vertex   5.135185e+00 7.164753e+00 1.681726e+01
      vertex   5.208257e+00 7.345253e+00 1.669117e+01
      vertex   5.134926e+00 7.188491e+00 1.684089e+01
    endloop
  endfacet
  facet normal 9.687299e-01 -1.696596e-01 1.810469e-01
    outer loop
      vertex   5.135185e+00 7.164753e+00 1.681726e+01
      vertex   5.134926e+00 7.188491e+00 1.684089e+01
      vertex   5.076781e+00 7.005708e+00 1.698072e+01
    endloop
  endfacet
  facet normal 9.688065e-01 -1.708828e-01 1.794798e-01
    outer loop
      vertex   5.076781e+00 7.005708e+00 1.698072e+01
      vertex   5.134926e+00 7.188491e+00 1.684089e+01
      vertex   5.076631e+00 7.023604e+00 1.699857e+01
    endloop
  endfacet
  facet normal 9.843806e-01 -1.201159e-01 1.287127e-01
    outer loop
      vertex   5.076781e+00 7.005708e+00 1.698072e+01
      vertex   5.076631e+00 7.023604e+00 1.699857e+01
      vertex   5.034446e+00 6.840549e+00 1.715036e+01
    endloop
  endfacet
  facet normal 9.844224e-01 -1.213860e-01 1.271927e-01
    outer loop
      vertex   5.034446e+00 6.840549e+00 1.715036e+01
      vertex   5.076631e+00 7.023604e+00 1.699857e+01
      vertex   5.034377e+00 6.852523e+00 1.716232e+01
    endloop
  endfacet
  facet normal 9.944074e-01 -7.171961e-02 7.752620e-02
    outer loop
      vertex   5.034446e+00 6.840549e+00 1.715036e+01
      vertex   5.034377e+00 6.852523e+00 1.716232e+01
      vertex   5.008692e+00 6.671305e+00 1.732414e+01
    endloop
  endfacet
  facet normal 9.944255e-01 -7.306348e-02 7.602408e-02
    outer loop
      vertex   5.008692e+00 6.671305e+00 1.732414e+01
      vertex   5.034377e+00 6.852523e+00 1.716232e+01
      vertex   5.008674e+00 6.677305e+00 1.733014e+01
    endloop
  endfacet
  facet normal 9.993725e-01 -2.352152e-02 2.648180e-02
    outer loop
      vertex   5.008692e+00 6.671305e+00 1.732414e+01
      vertex   5.008674e+00 6.677305e+00 1.733014e+01
      vertex   5.000000e+00 6.500000e+00 1.750000e+01
    endloop
  endfacet
  facet normal 9.826189e-02 -6.058154e-01 7.895140e-01
    outer loop
      vertex   6.500000e+00 8.146447e+00 1.585355e+01
      vertex   6.500000e+00 8.250000e+00 1.593301e+01
      vertex   6.380191e+00 8.184742e+00 1.589785e+01
    endloop
  endfacet
  facet normal 5.001348e-02 -5.433641e-01 8.380060e-01
    outer loop
      vertex   6.380191e+00 8.184742e+00 1.589785e+01
      vertex   6.500000e+00 8.250000e+00 1.593301e+01
      vertex   6.377710e+00 8.263660e+00 1.594917e+01
    endloop
  endfacet
  facet normal 1.870727e-01 -5.313872e-01 8.262151e-01
    outer loop
      vertex   6.380191e+00 8.184742e+00 1.589785e+01
      vertex   6.377710e+00 8.263660e+00 1.594917e+01
      vertex   6.259537e+00 8.167302e+00 1.591395e+01
    endloop
  endfacet
  facet normal 1.901006e-01 -5.341868e-01 8.237149e-01
    outer loop
      vertex   6.259537e+00 8.167302e+00 1.591395e+01
      vertex   6.377710e+00 8.263660e+00 1.594917e+01
      vertex   6.254865e+00 8.244429e+00 1.596505e+01
    endloop
  endfacet
  facet normal 3.069065e-01 -5.126432e-01 8.018762e-01
    outer loop
      vertex   6.259537e+00 8.167302e+00 1.591395e+01
      vertex   6.254865e+00 8.244429e+00 1.596505e+01
      vertex   6.138553e+00 8.137741e+00 1.594136e+01
    endloop
  endfacet
  facet normal 3.111113e-01 -5.163388e-01 7.978746e-01
    outer loop
      vertex   6.138553e+00 8.137741e+00 1.594136e+01
      vertex   6.254865e+00 8.244429e+00 1.596505e+01
      vertex   6.132062e+00 8.212075e+00 1.599199e+01
    endloop
  endfacet
  facet normal 4.182700e-01 -4.861412e-01 7.672789e-01
    outer loop
      vertex   6.138553e+00 8.137741e+00 1.594136e+01
      vertex   6.132062e+00 8.212075e+00 1.599199e+01
      vertex   6.017753e+00 8.095653e+00 1.598054e+01
    endloop
  endfacet
  facet normal 4.231101e-01 -4.903662e-01 7.619178e-01
    outer loop
      vertex   6.017753e+00 8.095653e+00 1.598054e+01
      vertex   6.132062e+00 8.212075e+00 1.599199e+01
      vertex   6.009899e+00 8.166350e+00 1.603041e+01
    endloop
  endfacet
  facet normal 5.234697e-01 -4.514829e-01 7.225944e-01
    outer loop
      vertex   6.017753e+00 8.095653e+00 1.598054e+01
      vertex   6.009899e+00 8.166350e+00 1.603041e+01
      vertex   5.884523e+00 8.033775e+00 1.603840e+01
    endloop
  endfacet
  facet normal 5.288191e-01 -4.569875e-01 7.152012e-01
    outer loop
      vertex   5.884523e+00 8.033775e+00 1.603840e+01
      vertex   6.009899e+00 8.166350e+00 1.603041e+01
      vertex   5.875787e+00 8.099643e+00 1.608694e+01
    endloop
  endfacet
  facet normal 6.189588e-01 -4.111412e-01 6.692182e-01
    outer loop
      vertex   5.884523e+00 8.033775e+00 1.603840e+01
      vertex   5.875787e+00 8.099643e+00 1.608694e+01
      vertex   5.752904e+00 7.955407e+00 1.611199e+01
    endloop
  endfacet
  facet normal 6.247996e-01 -4.177861e-01 6.596061e-01
    outer loop
      vertex   5.752904e+00 7.955407e+00 1.611199e+01
      vertex   5.875787e+00 8.099643e+00 1.608694e+01
      vertex   5.744051e+00 8.015825e+00 1.615864e+01
    endloop
  endfacet
  facet normal 7.014384e-01 -3.683700e-01 6.101538e-01
    outer loop
      vertex   5.752904e+00 7.955407e+00 1.611199e+01
      vertex   5.744051e+00 8.015825e+00 1.615864e+01
      vertex   5.625163e+00 7.860460e+00 1.620152e+01
    endloop
  endfacet
  facet normal 7.072300e-01 -3.759527e-01 5.987365e-01
    outer loop
      vertex   5.625163e+00 7.860460e+00 1.620152e+01
      vertex   5.744051e+00 8.015825e+00 1.615864e+01
      vertex   5.616828e+00 7.915036e+00 1.624563e+01
    endloop
  endfacet
  facet normal 7.707353e-01 -3.251846e-01 5.479253e-01
    outer loop
      vertex   5.625163e+00 7.860460e+00 1.620152e+01
      vertex   5.616828e+00 7.915036e+00 1.624563e+01
      vertex   5.503960e+00 7.749735e+00 1.630629e+01
    endloop
  endfacet
  facet normal 7.761182e-01 -3.335483e-01 5.351505e-01
    outer loop
      vertex   5.503960e+00 7.749735e+00 1.630629e+01
      vertex   5.616828e+00 7.915036e+00 1.624563e+01
      vertex   5.496572e+00 7.798221e+00 1.634723e+01
    endloop
  endfacet
  facet normal 8.278604e-01 -2.828281e-01 4.844124e-01
    outer loop
      vertex   5.503960e+00 7.749735e+00 1.630629e+01
      vertex   5.496572e+00 7.798221e+00 1.634723e+01
      vertex   5.394336e+00 7.627524e+00 1.642228e+01
    endloop
  endfacet
  facet normal 8.326075e-01 -2.916256e-01 4.708708e-01
    outer loop
      vertex   5.394336e+00 7.627524e+00 1.642228e+01
      vertex   5.496572e+00 7.798221e+00 1.634723e+01
      vertex   5.388133e+00 7.669946e+00 1.645953e+01
    endloop
  endfacet
  facet normal 8.748832e-01 -2.409256e-01 4.201597e-01
    outer loop
      vertex   5.394336e+00 7.627524e+00 1.642228e+01
      vertex   5.388133e+00 7.669946e+00 1.645953e+01
      vertex   5.295205e+00 7.492167e+00 1.655109e+01
    endloop
  endfacet
  facet normal 8.788782e-01 -2.502288e-01 4.061509e-01
    outer loop
      vertex   5.295205e+00 7.492167e+00 1.655109e+01
      vertex   5.388133e+00 7.669946e+00 1.645953e+01
      vertex   5.290300e+00 7.528490e+00 1.658408e+01
    endloop
  endfacet
  facet normal 9.126335e-01 -2.003863e-01 3.562941e-01
    outer loop
      vertex   5.295205e+00 7.492167e+00 1.655109e+01
      vertex   5.290300e+00 7.528490e+00 1.658408e+01
      vertex   5.208257e+00 7.345253e+00 1.669117e+01
    endloop
  endfacet
  facet normal 9.159197e-01 -2.102947e-01 3.418585e-01
    outer loop
      vertex   5.208257e+00 7.345253e+00 1.669117e+01
      vertex   5.290300e+00 7.528490e+00 1.658408e+01
      vertex   5.204648e+00 7.375471e+00 1.671943e+01
    endloop
  endfacet
  facet normal 9.424815e-01 -1.612433e-01 2.927957e-01
    outer loop
      vertex   5.208257e+00 7.345253e+00 1.669117e+01
      vertex   5.204648e+00 7.375471e+00 1.671943e+01
      vertex   5.134926e+00 7.188491e+00 1.684089e+01
    endloop
  endfacet
  facet normal 9.450997e-01 -1.718757e-01 2.779305e-01
    outer loop
      vertex   5.134926e+00 7.188491e+00 1.684089e+01
      vertex   5.204648e+00 7.375471e+00 1.671943e+01
      vertex   5.132517e+00 7.212615e+00 1.686400e+01
    endloop
  endfacet
  facet normal 9.657258e-01 -1.226888e-01 2.287380e-01
    outer loop
      vertex   5.134926e+00 7.188491e+00 1.684089e+01
      vertex   5.132517e+00 7.212615e+00 1.686400e+01
      vertex   5.076631e+00 7.023604e+00 1.699857e+01
    endloop
  endfacet
  facet normal 9.676471e-01 -1.338271e-01 2.138913e-01
    outer loop
      vertex   5.076631e+00 7.023604e+00 1.699857e+01
      vertex   5.132517e+00 7.212615e+00 1.686400e+01
      vertex   5.075232e+00 7.041663e+00 1.701620e+01
    endloop
  endfacet
  facet normal 9.826525e-01 -8.484803e-02 1.649086e-01
    outer loop
      vertex   5.076631e+00 7.023604e+00 1.699857e+01
      vertex   5.075232e+00 7.041663e+00 1.701620e+01
      vertex   5.034377e+00 6.852523e+00 1.716232e+01
    endloop
  endfacet
  facet normal 9.839204e-01 -9.632695e-02 1.504052e-01
    outer loop
      vertex   5.034377e+00 6.852523e+00 1.716232e+01
      vertex   5.075232e+00 7.041663e+00 1.701620e+01
      vertex   5.033736e+00 6.864546e+00 1.717422e+01
    endloop
  endfacet
  facet normal 9.936183e-01 -4.799702e-02 1.020728e-01
    outer loop
      vertex   5.034377e+00 6.852523e+00 1.716232e+01
      vertex   5.033736e+00 6.864546e+00 1.717422e+01
      vertex   5.008674e+00 6.677305e+00 1.733014e+01
    endloop
  endfacet
  facet normal 9.943360e-01 -6.009174e-02 8.766395e-02
    outer loop
      vertex   5.008674e+00 6.677305e+00 1.733014e+01
      vertex   5.033736e+00 6.864546e+00 1.717422e+01
      vertex   5.008509e+00 6.683311e+00 1.733613e+01
    endloop
  endfacet
  facet normal 9.991716e-01 -1.147601e-02 3.904479e-02
    outer loop
      vertex   5.008674e+00 6.677305e+00 1.733014e+01
      vertex   5.008509e+00 6.683311e+00 1.733613e+01
      vertex   5.000000e+00 6.500000e+00 1.750000e+01
    endloop
  endfacet
  facet normal 7.905745e-02 -3.814857e-01 9.209878e-01
    outer loop
      vertex   6.500000e+00 8.250000e+00 1.593301e+01
      vertex   6.500000e+00 8.370591e+00 1.598296e+01
      vertex   6.377710e+00 8.263660e+00 1.594917e+01
    endloop
  endfacet
  facet normal 7.144693e-02 -3.739526e-01 9.246917e-01
    outer loop
      vertex   6.377710e+00 8.263660e+00 1.594917e+01
      vertex   6.500000e+00 8.370591e+00 1.598296e+01
      vertex   6.373077e+00 8.350736e+00 1.598474e+01
    endloop
  endfacet
  facet normal 1.752609e-01 -3.643207e-01 9.146333e-01
    outer loop
      vertex   6.377710e+00 8.263660e+00 1.594917e+01
      vertex   6.373077e+00 8.350736e+00 1.598474e+01
      vertex   6.254865e+00 8.244429e+00 1.596505e+01
    endloop
  endfacet
  facet normal 1.812265e-01 -3.702934e-01 9.110652e-01
    outer loop
      vertex   6.254865e+00 8.244429e+00 1.596505e+01
      vertex   6.373077e+00 8.350736e+00 1.598474e+01
      vertex   6.246137e+00 8.329230e+00 1.600125e+01
    endloop
  endfacet
  facet normal 2.879469e-01 -3.507815e-01 8.910886e-01
    outer loop
      vertex   6.254865e+00 8.244429e+00 1.596505e+01
      vertex   6.246137e+00 8.329230e+00 1.600125e+01
      vertex   6.132062e+00 8.212075e+00 1.599199e+01
    endloop
  endfacet
  facet normal 2.966262e-01 -3.587553e-01 8.850466e-01
    outer loop
      vertex   6.132062e+00 8.212075e+00 1.599199e+01
      vertex   6.246137e+00 8.329230e+00 1.600125e+01
      vertex   6.119931e+00 8.293365e+00 1.602901e+01
    endloop
  endfacet
  facet normal 3.937012e-01 -3.316453e-01 8.573277e-01
    outer loop
      vertex   6.132062e+00 8.212075e+00 1.599199e+01
      vertex   6.119931e+00 8.293365e+00 1.602901e+01
      vertex   6.009899e+00 8.166350e+00 1.603041e+01
    endloop
  endfacet
  facet normal 4.041434e-01 -3.407844e-01 8.488428e-01
    outer loop
      vertex   6.009899e+00 8.166350e+00 1.603041e+01
      vertex   6.119931e+00 8.293365e+00 1.602901e+01
      vertex   5.995207e+00 8.243129e+00 1.606822e+01
    endloop
  endfacet
  facet normal 4.950029e-01 -3.058771e-01 8.132720e-01
    outer loop
      vertex   6.009899e+00 8.166350e+00 1.603041e+01
      vertex   5.995207e+00 8.243129e+00 1.606822e+01
      vertex   5.875787e+00 8.099643e+00 1.608694e+01
    endloop
  endfacet
  facet normal 5.071942e-01 -3.176019e-01 8.011760e-01
    outer loop
      vertex   5.875787e+00 8.099643e+00 1.608694e+01
      vertex   5.995207e+00 8.243129e+00 1.606822e+01
      vertex   5.859428e+00 8.170528e+00 1.612540e+01
    endloop
  endfacet
  facet normal 5.890150e-01 -2.761056e-01 7.594913e-01
    outer loop
      vertex   5.875787e+00 8.099643e+00 1.608694e+01
      vertex   5.859428e+00 8.170528e+00 1.612540e+01
      vertex   5.744051e+00 8.015825e+00 1.615864e+01
    endloop
  endfacet
  facet normal 6.028463e-01 -2.898936e-01 7.433290e-01
    outer loop
      vertex   5.744051e+00 8.015825e+00 1.615864e+01
      vertex   5.859428e+00 8.170528e+00 1.612540e+01
      vertex   5.727453e+00 8.080195e+00 1.619720e+01
    endloop
  endfacet
  facet normal 6.720629e-01 -2.452990e-01 6.986844e-01
    outer loop
      vertex   5.744051e+00 8.015825e+00 1.615864e+01
      vertex   5.727453e+00 8.080195e+00 1.619720e+01
      vertex   5.616828e+00 7.915036e+00 1.624563e+01
    endloop
  endfacet
  facet normal 6.863418e-01 -2.606433e-01 6.789698e-01
    outer loop
      vertex   5.616828e+00 7.915036e+00 1.624563e+01
      vertex   5.727453e+00 8.080195e+00 1.619720e+01
      vertex   5.601181e+00 7.972591e+00 1.628354e+01
    endloop
  endfacet
  facet normal 7.436209e-01 -2.148774e-01 6.331316e-01
    outer loop
      vertex   5.616828e+00 7.915036e+00 1.624563e+01
      vertex   5.601181e+00 7.972591e+00 1.628354e+01
      vertex   5.496572e+00 7.798221e+00 1.634723e+01
    endloop
  endfacet
  facet normal 7.574333e-01 -2.314211e-01 6.105236e-01
    outer loop
      vertex   5.496572e+00 7.798221e+00 1.634723e+01
      vertex   5.601181e+00 7.972591e+00 1.628354e+01
      vertex   5.482681e+00 7.848837e+00 1.638365e+01
    endloop
  endfacet
  facet normal 8.042213e-01 -1.855544e-01 5.646217e-01
    outer loop
      vertex   5.496572e+00 7.798221e+00 1.634723e+01
      vertex   5.482681e+00 7.848837e+00 1.638365e+01
      vertex   5.388133e+00 7.669946e+00 1.645953e+01
    endloop
  endfacet
  facet normal 8.168272e-01 -2.026036e-01 5.401343e-01
    outer loop
      vertex   5.388133e+00 7.669946e+00 1.645953e+01
      vertex   5.482681e+00 7.848837e+00 1.638365e+01
      vertex   5.376454e+00 7.713818e+00 1.649364e+01
    endloop
  endfacet
  facet normal 8.552466e-01 -1.565146e-01 4.940206e-01
    outer loop
      vertex   5.388133e+00 7.669946e+00 1.645953e+01
      vertex   5.376454e+00 7.713818e+00 1.649364e+01
      vertex   5.290300e+00 7.528490e+00 1.658408e+01
    endloop
  endfacet
  facet normal 8.662693e-01 -1.742339e-01 4.682094e-01
    outer loop
      vertex   5.290300e+00 7.528490e+00 1.658408e+01
      vertex   5.376454e+00 7.713818e+00 1.649364e+01
      vertex   5.281054e+00 7.565739e+00 1.661505e+01
    endloop
  endfacet
  facet normal 8.972186e-01 -1.285233e-01 4.224695e-01
    outer loop
      vertex   5.290300e+00 7.528490e+00 1.658408e+01
      vertex   5.281054e+00 7.565739e+00 1.661505e+01
      vertex   5.204648e+00 7.375471e+00 1.671943e+01
    endloop
  endfacet
  facet normal 9.066273e-01 -1.471242e-01 3.954510e-01
    outer loop
      vertex   5.204648e+00 7.375471e+00 1.671943e+01
      vertex   5.281054e+00 7.565739e+00 1.661505e+01
      vertex   5.197838e+00 7.406230e+00 1.674649e+01
    endloop
  endfacet
  facet normal 9.312015e-01 -1.017214e-01 3.500235e-01
    outer loop
      vertex   5.204648e+00 7.375471e+00 1.671943e+01
      vertex   5.197838e+00 7.406230e+00 1.674649e+01
      vertex   5.132517e+00 7.212615e+00 1.686400e+01
    endloop
  endfacet
  facet normal 9.389750e-01 -1.214560e-01 3.218299e-01
    outer loop
      vertex   5.132517e+00 7.212615e+00 1.686400e+01
      vertex   5.197838e+00 7.406230e+00 1.674649e+01
      vertex   5.127965e+00 7.237017e+00 1.688649e+01
    endloop
  endfacet
  facet normal 9.582279e-01 -7.550037e-02 2.758603e-01
    outer loop
      vertex   5.132517e+00 7.212615e+00 1.686400e+01
      vertex   5.127965e+00 7.237017e+00 1.688649e+01
      vertex   5.075232e+00 7.041663e+00 1.701620e+01
    endloop
  endfacet
  facet normal 9.641482e-01 -9.600183e-02 2.473901e-01
    outer loop
      vertex   5.075232e+00 7.041663e+00 1.701620e+01
      vertex   5.127965e+00 7.237017e+00 1.688649e+01
      vertex   5.072586e+00 7.059839e+00 1.703356e+01
    endloop
  endfacet
  facet normal 9.782998e-01 -4.975302e-02 2.011320e-01
    outer loop
      vertex   5.075232e+00 7.041663e+00 1.701620e+01
      vertex   5.072586e+00 7.059839e+00 1.703356e+01
      vertex   5.033736e+00 6.864546e+00 1.717422e+01
    endloop
  endfacet
  facet normal 9.823613e-01 -7.075925e-02 1.730876e-01
    outer loop
      vertex   5.033736e+00 6.864546e+00 1.717422e+01
      vertex   5.072586e+00 7.059839e+00 1.703356e+01
      vertex   5.032524e+00 6.876604e+00 1.718603e+01
    endloop
  endfacet
  facet normal 9.916044e-01 -2.462106e-02 1.269427e-01
    outer loop
      vertex   5.033736e+00 6.864546e+00 1.717422e+01
      vertex   5.032524e+00 6.876604e+00 1.718603e+01
      vertex   5.008509e+00 6.683311e+00 1.733613e+01
    endloop
  endfacet
  facet normal 9.940010e-01 -4.669275e-02 9.890250e-02
    outer loop
      vertex   5.008509e+00 6.683311e+00 1.733613e+01
      vertex   5.032524e+00 6.876604e+00 1.718603e+01
      vertex   5.008197e+00 6.689321e+00 1.734210e+01
    endloop
  endfacet
  facet normal 9.986451e-01 1.637338e-04 5.203779e-02
    outer loop
      vertex   5.008509e+00 6.683311e+00 1.733613e+01
      vertex   5.008197e+00 6.689321e+00 1.734210e+01
      vertex   5.000000e+00 6.500000e+00 1.750000e+01
    endloop
  endfacet
  facet normal 4.787767e-02 -2.188177e-01 9.745904e-01
    outer loop
      vertex   6.373077e+00 8.350736e+00 1.598474e+01
      vertex   6.500000e+00 8.370591e+00 1.598296e+01
      vertex   6.368238e+00 8.420359e+00 1.600061e+01
    endloop
  endfacet
  facet normal 8.319497e-02 -1.300737e-01 9.880078e-01
    outer loop
      vertex   6.368238e+00 8.420359e+00 1.600061e+01
      vertex   6.500000e+00 8.370591e+00 1.598296e+01
      vertex   6.500000e+00 8.500000e+00 1.600000e+01
    endloop
  endfacet
  facet normal 5.427005e-02 -8.216418e-02 9.951401e-01
    outer loop
      vertex   6.368238e+00 8.420359e+00 1.600061e+01
      vertex   6.500000e+00 8.500000e+00 1.600000e+01
      vertex   6.352974e+00 8.490370e+00 1.600722e+01
    endloop
  endfacet
  facet normal 1.432554e-01 -6.206388e-02 9.877378e-01
    outer loop
      vertex   6.368238e+00 8.420359e+00 1.600061e+01
      vertex   6.352974e+00 8.490370e+00 1.600722e+01
      vertex   6.237009e+00 8.396917e+00 1.601817e+01
    endloop
  endfacet
  facet normal 1.630205e-01 -8.717308e-02 9.827640e-01
    outer loop
      vertex   6.237009e+00 8.396917e+00 1.601817e+01
      vertex   6.352974e+00 8.490370e+00 1.600722e+01
      vertex   6.207365e+00 8.461571e+00 1.602882e+01
    endloop
  endfacet
  facet normal 2.343919e-01 -5.246509e-02 9.707254e-01
    outer loop
      vertex   6.237009e+00 8.396917e+00 1.601817e+01
      vertex   6.207365e+00 8.461571e+00 1.602882e+01
      vertex   6.107224e+00 8.358078e+00 1.604741e+01
    endloop
  endfacet
  facet normal 2.698649e-01 -8.893388e-02 9.587824e-01
    outer loop
      vertex   6.107224e+00 8.358078e+00 1.604741e+01
      vertex   6.207365e+00 8.461571e+00 1.602882e+01
      vertex   6.064573e+00 8.413881e+00 1.606459e+01
    endloop
  endfacet
  facet normal 3.223923e-01 -4.471255e-02 9.455496e-01
    outer loop
      vertex   6.107224e+00 8.358078e+00 1.604741e+01
      vertex   6.064573e+00 8.413881e+00 1.606459e+01
      vertex   5.979796e+00 8.304039e+00 1.608830e+01
    endloop
  endfacet
  facet normal 3.725970e-01 -8.815670e-02 9.237965e-01
    outer loop
      vertex   5.979796e+00 8.304039e+00 1.608830e+01
      vertex   6.064573e+00 8.413881e+00 1.606459e+01
      vertex   5.925975e+00 8.347759e+00 1.611418e+01
    endloop
  endfacet
  facet normal 4.102526e-01 -3.441800e-02 9.113223e-01
    outer loop
      vertex   5.979796e+00 8.304039e+00 1.608830e+01
      vertex   5.925975e+00 8.347759e+00 1.611418e+01
      vertex   5.842234e+00 8.226504e+00 1.614730e+01
    endloop
  endfacet
  facet normal 4.685447e-01 -8.336787e-02 8.794974e-01
    outer loop
      vertex   5.842234e+00 8.226504e+00 1.614730e+01
      vertex   5.925975e+00 8.347759e+00 1.611418e+01
      vertex   5.792905e+00 8.263843e+00 1.617712e+01
    endloop
  endfacet
  facet normal 5.006497e-01 -2.949269e-02 8.651474e-01
    outer loop
      vertex   5.842234e+00 8.226504e+00 1.614730e+01
      vertex   5.792905e+00 8.263843e+00 1.617712e+01
      vertex   5.709961e+00 8.130767e+00 1.622058e+01
    endloop
  endfacet
  facet normal 5.573364e-01 -7.739068e-02 8.266721e-01
    outer loop
      vertex   5.709961e+00 8.130767e+00 1.622058e+01
      vertex   5.792905e+00 8.263843e+00 1.617712e+01
      vertex   5.666645e+00 8.162939e+00 1.625280e+01
    endloop
  endfacet
  facet normal 5.852217e-01 -2.368078e-02 8.105275e-01
    outer loop
      vertex   5.709961e+00 8.130767e+00 1.622058e+01
      vertex   5.666645e+00 8.162939e+00 1.625280e+01
      vertex   5.584643e+00 8.017569e+00 1.630776e+01
    endloop
  endfacet
  facet normal 6.378999e-01 -6.987420e-02 7.669428e-01
    outer loop
      vertex   5.584643e+00 8.017569e+00 1.630776e+01
      vertex   5.666645e+00 8.162939e+00 1.625280e+01
      vertex   5.548410e+00 8.046021e+00 1.634048e+01
    endloop
  endfacet
  facet normal 6.625278e-01 -1.767435e-02 7.488288e-01
    outer loop
      vertex   5.584643e+00 8.017569e+00 1.630776e+01
      vertex   5.548410e+00 8.046021e+00 1.634048e+01
      vertex   5.467956e+00 7.888184e+00 1.640794e+01
    endloop
  endfacet
  facet normal 7.110215e-01 -6.311989e-02 7.003315e-01
    outer loop
      vertex   5.467956e+00 7.888184e+00 1.640794e+01
      vertex   5.548410e+00 8.046021e+00 1.634048e+01
      vertex   5.439340e+00 7.914214e+00 1.643934e+01
    endloop
  endfacet
  facet normal 7.333224e-01 -1.376609e-02 6.797417e-01
    outer loop
      vertex   5.467956e+00 7.888184e+00 1.640794e+01
      vertex   5.439340e+00 7.914214e+00 1.643934e+01
      vertex   5.364037e+00 7.747751e+00 1.651721e+01
    endloop
  endfacet
  facet normal 7.773538e-01 -5.867325e-02 6.263214e-01
    outer loop
      vertex   5.364037e+00 7.747751e+00 1.651721e+01
      vertex   5.439340e+00 7.914214e+00 1.643934e+01
      vertex   5.340484e+00 7.768787e+00 1.654841e+01
    endloop
  endfacet
  facet normal 7.954782e-01 -8.127967e-03 6.059277e-01
    outer loop
      vertex   5.364037e+00 7.747751e+00 1.651721e+01
      vertex   5.340484e+00 7.768787e+00 1.654841e+01
      vertex   5.271198e+00 7.594419e+00 1.663703e+01
    endloop
  endfacet
  facet normal 8.345138e-01 -5.285353e-02 5.484462e-01
    outer loop
      vertex   5.271198e+00 7.594419e+00 1.663703e+01
      vertex   5.340484e+00 7.768787e+00 1.654841e+01
      vertex   5.252796e+00 7.611141e+00 1.666664e+01
    endloop
  endfacet
  facet normal 8.489767e-01 -1.485255e-03 5.284282e-01
    outer loop
      vertex   5.271198e+00 7.594419e+00 1.663703e+01
      vertex   5.252796e+00 7.611141e+00 1.666664e+01
      vertex   5.190562e+00 7.429817e+00 1.676612e+01
    endloop
  endfacet
  facet normal 8.833506e-01 -4.735944e-02 4.663141e-01
    outer loop
      vertex   5.190562e+00 7.429817e+00 1.676612e+01
      vertex   5.252796e+00 7.611141e+00 1.666664e+01
      vertex   5.177118e+00 7.442794e+00 1.679291e+01
    endloop
  endfacet
  facet normal 8.946516e-01 4.754495e-03 4.467391e-01
    outer loop
      vertex   5.190562e+00 7.429817e+00 1.676612e+01
      vertex   5.177118e+00 7.442794e+00 1.679291e+01
      vertex   5.123093e+00 7.255666e+00 1.690309e+01
    endloop
  endfacet
  facet normal 9.244968e-01 -4.395561e-02 3.786470e-01
    outer loop
      vertex   5.123093e+00 7.255666e+00 1.690309e+01
      vertex   5.177118e+00 7.442794e+00 1.679291e+01
      vertex   5.114181e+00 7.265367e+00 1.692598e+01
    endloop
  endfacet
  facet normal 9.331759e-01 9.685993e-03 3.592893e-01
    outer loop
      vertex   5.123093e+00 7.255666e+00 1.690309e+01
      vertex   5.114181e+00 7.265367e+00 1.692598e+01
      vertex   5.069750e+00 7.073693e+00 1.704654e+01
    endloop
  endfacet
  facet normal 9.565030e-01 -3.995118e-02 2.889740e-01
    outer loop
      vertex   5.069750e+00 7.073693e+00 1.704654e+01
      vertex   5.114181e+00 7.265367e+00 1.692598e+01
      vertex   5.064589e+00 7.080570e+00 1.706457e+01
    endloop
  endfacet
  facet normal 9.628383e-01 1.551491e-02 2.696324e-01
    outer loop
      vertex   5.069750e+00 7.073693e+00 1.704654e+01
      vertex   5.064589e+00 7.080570e+00 1.706457e+01
      vertex   5.031221e+00 6.885775e+00 1.719494e+01
    endloop
  endfacet
  facet normal 9.790611e-01 -3.331517e-02 2.008218e-01
    outer loop
      vertex   5.031221e+00 6.885775e+00 1.719494e+01
      vertex   5.064589e+00 7.080570e+00 1.706457e+01
      vertex   5.028822e+00 6.890181e+00 1.720736e+01
    endloop
  endfacet
  facet normal 9.831254e-01 2.371257e-02 1.813893e-01
    outer loop
      vertex   5.031221e+00 6.885775e+00 1.719494e+01
      vertex   5.028822e+00 6.890181e+00 1.720736e+01
      vertex   5.007861e+00 6.693888e+00 1.734664e+01
    endloop
  endfacet
  facet normal 9.935744e-01 -2.835977e-02 1.095698e-01
    outer loop
      vertex   5.007861e+00 6.693888e+00 1.734664e+01
      vertex   5.028822e+00 6.890181e+00 1.720736e+01
      vertex   5.007223e+00 6.696034e+00 1.735297e+01
    endloop
  endfacet
  facet normal 9.954904e-01 3.065113e-02 8.977348e-02
    outer loop
      vertex   5.007861e+00 6.693888e+00 1.734664e+01
      vertex   5.007223e+00 6.696034e+00 1.735297e+01
      vertex   5.000000e+00 6.500000e+00 1.750000e+01
    endloop
  endfacet
  facet normal 9.961678e-01 -8.352666e-02 -2.594105e-02
    outer loop
      vertex   5.000000e+00 6.500000e+00 1.750000e+01
      vertex   5.007223e+00 6.647026e+00 1.730397e+01
      vertex   5.007995e+00 6.655043e+00 1.730781e+01
    endloop
  endfacet
  facet normal 9.935928e-01 -1.093621e-01 2.851759e-02
    outer loop
      vertex   5.007995e+00 6.655043e+00 1.730781e+01
      vertex   5.007223e+00 6.647026e+00 1.730397e+01
      vertex   5.028822e+00 6.792636e+00 1.710982e+01
    endloop
  endfacet
  facet normal 9.845574e-01 -1.741869e-01 -1.748362e-02
    outer loop
      vertex   5.007995e+00 6.655043e+00 1.730781e+01
      vertex   5.028822e+00 6.792636e+00 1.710982e+01
      vertex   5.031742e+00 6.808358e+00 1.711763e+01
    endloop
  endfacet
  facet normal 9.793641e-01 -1.991106e-01 3.465550e-02
    outer loop
      vertex   5.031742e+00 6.808358e+00 1.711763e+01
      vertex   5.028822e+00 6.792636e+00 1.710982e+01
      vertex   5.064589e+00 6.935427e+00 1.691943e+01
    endloop
  endfacet
  facet normal 9.650434e-01 -2.619673e-01 -8.017303e-03
    outer loop
      vertex   5.031742e+00 6.808358e+00 1.711763e+01
      vertex   5.064589e+00 6.935427e+00 1.691943e+01
      vertex   5.070884e+00 6.958248e+00 1.693145e+01
    endloop
  endfacet
  facet normal 9.572265e-01 -2.862470e-01 4.219057e-02
    outer loop
      vertex   5.070884e+00 6.958248e+00 1.693145e+01
      vertex   5.064589e+00 6.935427e+00 1.691943e+01
      vertex   5.114181e+00 7.074025e+00 1.673463e+01
    endloop
  endfacet
  facet normal 9.364935e-01 -3.506848e-01 -2.764168e-04
    outer loop
      vertex   5.070884e+00 6.958248e+00 1.693145e+01
      vertex   5.114181e+00 7.074025e+00 1.673463e+01
      vertex   5.125041e+00 7.103014e+00 1.675126e+01
    endloop
  endfacet
  facet normal 9.260682e-01 -3.743220e-01 4.775676e-02
    outer loop
      vertex   5.125041e+00 7.103014e+00 1.675126e+01
      vertex   5.114181e+00 7.074025e+00 1.673463e+01
      vertex   5.177118e+00 7.207095e+00 1.655721e+01
    endloop
  endfacet
  facet normal 8.992993e-01 -4.372808e-01 6.804012e-03
    outer loop
      vertex   5.125041e+00 7.103014e+00 1.675126e+01
      vertex   5.177118e+00 7.207095e+00 1.655721e+01
      vertex   5.193469e+00 7.241060e+00 1.657894e+01
    endloop
  endfacet
  facet normal 8.860927e-01 -4.604709e-01 5.297450e-02
    outer loop
      vertex   5.193469e+00 7.241060e+00 1.657894e+01
      vertex   5.177118e+00 7.207095e+00 1.655721e+01
      vertex   5.252796e+00 7.333355e+00 1.638886e+01
    endloop
  endfacet
  facet normal 8.548149e-01 -5.187182e-01 1.493038e-02
    outer loop
      vertex   5.193469e+00 7.241060e+00 1.657894e+01
      vertex   5.252796e+00 7.333355e+00 1.638886e+01
      vertex   5.275134e+00 7.370955e+00 1.641624e+01
    endloop
  endfacet
  facet normal 8.383776e-01 -5.417771e-01 6.000457e-02
    outer loop
      vertex   5.275134e+00 7.370955e+00 1.641624e+01
      vertex   5.252796e+00 7.333355e+00 1.638886e+01
      vertex   5.340484e+00 7.451590e+00 1.623121e+01
    endloop
  endfacet
  facet normal 8.024127e-01 -5.963051e-01 2.353869e-02
    outer loop
      vertex   5.275134e+00 7.370955e+00 1.641624e+01
      vertex   5.340484e+00 7.451590e+00 1.623121e+01
      vertex   5.368991e+00 7.491279e+00 1.626487e+01
    endloop
  endfacet
  facet normal 7.823676e-01 -6.191530e-01 6.745773e-02
    outer loop
      vertex   5.368991e+00 7.491279e+00 1.626487e+01
      vertex   5.340484e+00 7.451590e+00 1.623121e+01
      vertex   5.439340e+00 7.560660e+00 1.608579e+01
    endloop
  endfacet
  facet normal 7.413561e-01 -6.703720e-01 3.150417e-02
    outer loop
      vertex   5.368991e+00 7.491279e+00 1.626487e+01
      vertex   5.439340e+00 7.560660e+00 1.608579e+01
      vertex   5.473826e+00 7.600710e+00 1.612647e+01
    endloop
  endfacet
  facet normal 7.173174e-01 -6.928087e-01 7.397187e-02
    outer loop
      vertex   5.473826e+00 7.600710e+00 1.612647e+01
      vertex   5.439340e+00 7.560660e+00 1.608579e+01
      vertex   5.548410e+00 7.659516e+00 1.595398e+01
    endloop
  endfacet
  facet normal 6.717747e-01 -7.397663e-01 3.826959e-02
    outer loop
      vertex   5.473826e+00 7.600710e+00 1.612647e+01
      vertex   5.548410e+00 7.659516e+00 1.595398e+01
      vertex   5.591229e+00 7.700738e+00 1.599919e+01
    endloop
  endfacet
  facet normal 6.448226e-01 -7.599043e-01 8.215376e-02
    outer loop
      vertex   5.591229e+00 7.700738e+00 1.599919e+01
      vertex   5.548410e+00 7.659516e+00 1.595398e+01
      vertex   5.666645e+00 7.747205e+00 1.583706e+01
    endloop
  endfacet
  facet normal 5.949958e-01 -8.023646e-01 4.680821e-02
    outer loop
      vertex   5.591229e+00 7.700738e+00 1.599919e+01
      vertex   5.666645e+00 7.747205e+00 1.583706e+01
      vertex   5.716921e+00 7.787464e+00 1.588810e+01
    endloop
  endfacet
  facet normal 5.645024e-01 -8.203925e-01 9.106711e-02
    outer loop
      vertex   5.716921e+00 7.787464e+00 1.588810e+01
      vertex   5.666645e+00 7.747205e+00 1.583706e+01
      vertex   5.792905e+00 7.822882e+00 1.573616e+01
    endloop
  endfacet
  facet normal 5.105586e-01 -8.580622e-01 5.530954e-02
    outer loop
      vertex   5.716921e+00 7.787464e+00 1.588810e+01
      vertex   5.792905e+00 7.822882e+00 1.573616e+01
      vertex   5.849070e+00 7.860055e+00 1.579440e+01
    endloop
  endfacet
  facet normal 4.757872e-01 -8.739715e-01 9.899698e-02
    outer loop
      vertex   5.849070e+00 7.860055e+00 1.579440e+01
      vertex   5.792905e+00 7.822882e+00 1.573616e+01
      vertex   5.925975e+00 7.885819e+00 1.565224e+01
    endloop
  endfacet
  facet normal 4.198224e-01 -9.054156e-01 6.302171e-02
    outer loop
      vertex   5.849070e+00 7.860055e+00 1.579440e+01
      vertex   5.925975e+00 7.885819e+00 1.565224e+01
      vertex   5.985919e+00 7.918242e+00 1.571872e+01
    endloop
  endfacet
  facet normal 3.794690e-01 -9.191029e-01 1.060814e-01
    outer loop
      vertex   5.985919e+00 7.918242e+00 1.571872e+01
      vertex   5.925975e+00 7.885819e+00 1.565224e+01
      vertex   6.064573e+00 7.935411e+00 1.558612e+01
    endloop
  endfacet
  facet normal 3.298796e-01 -9.411327e-01 7.381533e-02
    outer loop
      vertex   5.985919e+00 7.918242e+00 1.571872e+01
      vertex   6.064573e+00 7.935411e+00 1.558612e+01
      vertex   6.112270e+00 7.958404e+00 1.566612e+01
    endloop
  endfacet
  facet normal 2.759040e-01 -9.548764e-01 1.099457e-01
    outer loop
      vertex   6.112270e+00 7.958404e+00 1.566612e+01
      vertex   6.064573e+00 7.935411e+00 1.558612e+01
      vertex   6.207365e+00 7.971178e+00 1.553843e+01
    endloop
  endfacet
  facet normal 2.395704e-01 -9.674412e-01 8.163034e-02
    outer loop
      vertex   6.112270e+00 7.958404e+00 1.566612e+01
      vertex   6.207365e+00 7.971178e+00 1.553843e+01
      vertex   6.240633e+00 7.987008e+00 1.562841e+01
    endloop
  endfacet
  facet normal 1.671906e-01 -9.797071e-01 1.105502e-01
    outer loop
      vertex   6.240633e+00 7.987008e+00 1.562841e+01
      vertex   6.207365e+00 7.971178e+00 1.553843e+01
      vertex   6.352974e+00 7.992777e+00 1.550963e+01
    endloop
  endfacet
  facet normal 1.459805e-01 -9.851646e-01 9.022392e-02
    outer loop
      vertex   6.240633e+00 7.987008e+00 1.562841e+01
      vertex   6.352974e+00 7.992777e+00 1.550963e+01
      vertex   6.370158e+00 8.004121e+00 1.560570e+01
    endloop
  endfacet
  facet normal 9.979078e-01 1.006033e-02 6.386583e-02
    outer loop
      vertex   5.007861e+00 6.693888e+00 1.734664e+01
      vertex   5.000000e+00 6.500000e+00 1.750000e+01
      vertex   5.008197e+00 6.689321e+00 1.734210e+01
    endloop
  endfacet
  facet normal 9.988946e-01 -4.679100e-02 4.495918e-03
    outer loop
      vertex   5.008562e+00 6.665314e+00 1.731813e+01
      vertex   5.000000e+00 6.500000e+00 1.750000e+01
      vertex   5.008391e+00 6.661260e+00 1.731406e+01
    endloop
  endfacet
  facet normal 9.982947e-01 -5.812795e-02 -5.363514e-03
    outer loop
      vertex   5.008391e+00 6.661260e+00 1.731406e+01
      vertex   5.000000e+00 6.500000e+00 1.750000e+01
      vertex   5.007995e+00 6.655043e+00 1.730781e+01
    endloop
  endfacet
  facet normal 1.608217e-01 -2.087058e-01 9.646649e-01
    outer loop
      vertex   6.246137e+00 8.329230e+00 1.600125e+01
      vertex   6.373077e+00 8.350736e+00 1.598474e+01
      vertex   6.368238e+00 8.420359e+00 1.600061e+01
    endloop
  endfacet
  facet normal 1.743101e-01 -9.429674e-01 2.835992e-01
    outer loop
      vertex   6.240633e+00 7.987008e+00 1.562841e+01
      vertex   6.370158e+00 8.004121e+00 1.560570e+01
      vertex   6.375940e+00 8.033285e+00 1.569911e+01
    endloop
  endfacet
  facet normal 1.840121e-01 -8.826337e-01 4.325474e-01
    outer loop
      vertex   6.375940e+00 8.033285e+00 1.569911e+01
      vertex   6.378509e+00 8.061791e+00 1.575619e+01
      vertex   6.251532e+00 8.017236e+00 1.571929e+01
    endloop
  endfacet
  facet normal 1.815556e-01 -8.803374e-01 4.382279e-01
    outer loop
      vertex   6.251532e+00 8.017236e+00 1.571929e+01
      vertex   6.378509e+00 8.061791e+00 1.575619e+01
      vertex   6.256370e+00 8.045935e+00 1.577494e+01
    endloop
  endfacet
  facet normal 3.010824e-01 -8.579373e-01 4.162848e-01
    outer loop
      vertex   6.251532e+00 8.017236e+00 1.571929e+01
      vertex   6.256370e+00 8.045935e+00 1.577494e+01
      vertex   6.127431e+00 7.990092e+00 1.575310e+01
    endloop
  endfacet
  facet normal 2.982749e-01 -8.547637e-01 4.247482e-01
    outer loop
      vertex   6.127431e+00 7.990092e+00 1.575310e+01
      vertex   6.256370e+00 8.045935e+00 1.577494e+01
      vertex   6.134152e+00 8.018993e+00 1.580654e+01
    endloop
  endfacet
  facet normal 4.098598e-01 -8.229111e-01 3.934872e-01
    outer loop
      vertex   6.127431e+00 7.990092e+00 1.575310e+01
      vertex   6.134152e+00 8.018993e+00 1.580654e+01
      vertex   6.004293e+00 7.951527e+00 1.580071e+01
    endloop
  endfacet
  facet normal 4.073458e-01 -8.189920e-01 4.041306e-01
    outer loop
      vertex   6.004293e+00 7.951527e+00 1.580071e+01
      vertex   6.134152e+00 8.018993e+00 1.580654e+01
      vertex   6.012428e+00 7.980536e+00 1.585130e+01
    endloop
  endfacet
  facet normal 5.130574e-01 -7.776275e-01 3.634111e-01
    outer loop
      vertex   6.004293e+00 7.951527e+00 1.580071e+01
      vertex   6.012428e+00 7.980536e+00 1.585130e+01
      vertex   5.869548e+00 7.894953e+00 1.586989e+01
    endloop
  endfacet
  facet normal 5.114900e-01 -7.719702e-01 3.774123e-01
    outer loop
      vertex   5.869548e+00 7.894953e+00 1.586989e+01
      vertex   6.012428e+00 7.980536e+00 1.585130e+01
      vertex   5.878600e+00 7.923854e+00 1.591673e+01
    endloop
  endfacet
  facet normal 6.077975e-01 -7.229351e-01 3.285531e-01
    outer loop
      vertex   5.869548e+00 7.894953e+00 1.586989e+01
      vertex   5.878600e+00 7.923854e+00 1.591673e+01
      vertex   5.737726e+00 7.823463e+00 1.595644e+01
    endloop
  endfacet
  facet normal 6.072381e-01 -7.153591e-01 3.457214e-01
    outer loop
      vertex   5.737726e+00 7.823463e+00 1.595644e+01
      vertex   5.878600e+00 7.923854e+00 1.591673e+01
      vertex   5.746902e+00 7.851882e+00 1.599913e+01
    endloop
  endfacet
  facet normal 6.901377e-01 -6.619899e-01 2.923685e-01
    outer loop
      vertex   5.737726e+00 7.823463e+00 1.595644e+01
      vertex   5.746902e+00 7.851882e+00 1.599913e+01
      vertex   5.610871e+00 7.737000e+00 1.606011e+01
    endloop
  endfacet
  facet normal 6.907551e-01 -6.524413e-01 3.117334e-01
    outer loop
      vertex   5.610871e+00 7.737000e+00 1.606011e+01
      vertex   5.746902e+00 7.851882e+00 1.599913e+01
      vertex   5.619513e+00 7.764447e+00 1.609841e+01
    endloop
  endfacet
  facet normal 7.599591e-01 -5.972059e-01 2.565292e-01
    outer loop
      vertex   5.610871e+00 7.737000e+00 1.606011e+01
      vertex   5.619513e+00 7.764447e+00 1.609841e+01
      vertex   5.491287e+00 7.636271e+00 1.617988e+01
    endloop
  endfacet
  facet normal 7.616287e-01 -5.857138e-01 2.772385e-01
    outer loop
      vertex   5.491287e+00 7.636271e+00 1.617988e+01
      vertex   5.619513e+00 7.764447e+00 1.609841e+01
      vertex   5.498951e+00 7.662233e+00 1.621367e+01
    endloop
  endfacet
  facet normal 8.182099e-01 -5.303732e-01 2.218939e-01
    outer loop
      vertex   5.491287e+00 7.636271e+00 1.617988e+01
      vertex   5.498951e+00 7.662233e+00 1.621367e+01
      vertex   5.383694e+00 7.525158e+00 1.631103e+01
    endloop
  endfacet
  facet normal 8.205456e-01 -5.173709e-01 2.429655e-01
    outer loop
      vertex   5.383694e+00 7.525158e+00 1.631103e+01
      vertex   5.498951e+00 7.662233e+00 1.621367e+01
      vertex   5.390131e+00 7.549167e+00 1.634041e+01
    endloop
  endfacet
  facet normal 8.666161e-01 -4.622653e-01 1.878492e-01
    outer loop
      vertex   5.383694e+00 7.525158e+00 1.631103e+01
      vertex   5.390131e+00 7.549167e+00 1.634041e+01
      vertex   5.286788e+00 7.402124e+00 1.645533e+01
    endloop
  endfacet
  facet normal 8.694066e-01 -4.477477e-01 2.089357e-01
    outer loop
      vertex   5.286788e+00 7.402124e+00 1.645533e+01
      vertex   5.390131e+00 7.549167e+00 1.634041e+01
      vertex   5.291880e+00 7.423687e+00 1.648035e+01
    endloop
  endfacet
  facet normal 9.059856e-01 -3.938820e-01 1.550713e-01
    outer loop
      vertex   5.286788e+00 7.402124e+00 1.645533e+01
      vertex   5.291880e+00 7.423687e+00 1.648035e+01
      vertex   5.202063e+00 7.268589e+00 1.661114e+01
    endloop
  endfacet
  facet normal 9.089703e-01 -3.777909e-01 1.762016e-01
    outer loop
      vertex   5.202063e+00 7.268589e+00 1.661114e+01
      vertex   5.291880e+00 7.423687e+00 1.648035e+01
      vertex   5.205811e+00 7.287267e+00 1.663186e+01
    endloop
  endfacet
  facet normal 9.375184e-01 -3.252267e-01 1.236397e-01
    outer loop
      vertex   5.202063e+00 7.268589e+00 1.661114e+01
      vertex   5.205811e+00 7.287267e+00 1.663186e+01
      vertex   5.130790e+00 7.126091e+00 1.677675e+01
    endloop
  endfacet
  facet normal 9.404581e-01 -3.074728e-01 1.449107e-01
    outer loop
      vertex   5.130790e+00 7.126091e+00 1.677675e+01
      vertex   5.205811e+00 7.287267e+00 1.663186e+01
      vertex   5.133293e+00 7.141508e+00 1.679322e+01
    endloop
  endfacet
  facet normal 9.623424e-01 -2.554712e-01 9.290586e-02
    outer loop
      vertex   5.130790e+00 7.126091e+00 1.677675e+01
      vertex   5.133293e+00 7.141508e+00 1.679322e+01
      vertex   5.074229e+00 6.976180e+00 1.695041e+01
    endloop
  endfacet
  facet normal 9.649347e-01 -2.365457e-01 1.137853e-01
    outer loop
      vertex   5.074229e+00 6.976180e+00 1.695041e+01
      vertex   5.133293e+00 7.141508e+00 1.679322e+01
      vertex   5.075682e+00 6.988022e+00 1.696269e+01
    endloop
  endfacet
  facet normal 9.806234e-01 -1.855634e-01 6.280043e-02
    outer loop
      vertex   5.074229e+00 6.976180e+00 1.695041e+01
      vertex   5.075682e+00 6.988022e+00 1.696269e+01
      vertex   5.033277e+00 6.820611e+00 1.713019e+01
    endloop
  endfacet
  facet normal 9.826461e-01 -1.659030e-01 8.296315e-02
    outer loop
      vertex   5.033277e+00 6.820611e+00 1.713019e+01
      vertex   5.075682e+00 6.988022e+00 1.696269e+01
      vertex   5.033943e+00 6.828638e+00 1.713835e+01
    endloop
  endfacet
  facet normal 9.926378e-01 -1.164058e-01 3.346507e-02
    outer loop
      vertex   5.033277e+00 6.820611e+00 1.713019e+01
      vertex   5.033943e+00 6.828638e+00 1.713835e+01
      vertex   5.008391e+00 6.661260e+00 1.731406e+01
    endloop
  endfacet
  facet normal 9.939781e-01 -9.569082e-02 5.339242e-02
    outer loop
      vertex   5.008391e+00 6.661260e+00 1.731406e+01
      vertex   5.033943e+00 6.828638e+00 1.713835e+01
      vertex   5.008562e+00 6.665314e+00 1.731813e+01
    endloop
  endfacet
  facet normal 2.643987e-01 -2.001689e-01 9.434118e-01
    outer loop
      vertex   6.119931e+00 8.293365e+00 1.602901e+01
      vertex   6.246137e+00 8.329230e+00 1.600125e+01
      vertex   6.237009e+00 8.396917e+00 1.601817e+01
    endloop
  endfacet
  facet normal 1.675583e-01 -2.177540e-01 9.615131e-01
    outer loop
      vertex   6.237009e+00 8.396917e+00 1.601817e+01
      vertex   6.246137e+00 8.329230e+00 1.600125e+01
      vertex   6.368238e+00 8.420359e+00 1.600061e+01
    endloop
  endfacet
  facet normal 2.846761e-01 -9.193337e-01 2.716341e-01
    outer loop
      vertex   6.112270e+00 7.958404e+00 1.566612e+01
      vertex   6.240633e+00 7.987008e+00 1.562841e+01
      vertex   6.251532e+00 8.017236e+00 1.571929e+01
    endloop
  endfacet
  facet normal 1.688926e-01 -9.411472e-01 2.927751e-01
    outer loop
      vertex   6.251532e+00 8.017236e+00 1.571929e+01
      vertex   6.240633e+00 7.987008e+00 1.562841e+01
      vertex   6.375940e+00 8.033285e+00 1.569911e+01
    endloop
  endfacet
  facet normal 2.783885e-01 -9.170360e-01 2.855605e-01
    outer loop
      vertex   6.112270e+00 7.958404e+00 1.566612e+01
      vertex   6.251532e+00 8.017236e+00 1.571929e+01
      vertex   6.127431e+00 7.990092e+00 1.575310e+01
    endloop
  endfacet
  facet normal 3.627686e-01 -1.882408e-01 9.126688e-01
    outer loop
      vertex   5.995207e+00 8.243129e+00 1.606822e+01
      vertex   6.119931e+00 8.293365e+00 1.602901e+01
      vertex   6.107224e+00 8.358078e+00 1.604741e+01
    endloop
  endfacet
  facet normal 2.748720e-01 -2.126105e-01 9.376791e-01
    outer loop
      vertex   6.107224e+00 8.358078e+00 1.604741e+01
      vertex   6.119931e+00 8.293365e+00 1.602901e+01
      vertex   6.237009e+00 8.396917e+00 1.601817e+01
    endloop
  endfacet
  facet normal 3.877535e-01 -8.857591e-01 2.551040e-01
    outer loop
      vertex   5.985919e+00 7.918242e+00 1.571872e+01
      vertex   6.112270e+00 7.958404e+00 1.566612e+01
      vertex   6.127431e+00 7.990092e+00 1.575310e+01
    endloop
  endfacet
  facet normal 3.820221e-01 -8.829586e-01 2.728427e-01
    outer loop
      vertex   5.985919e+00 7.918242e+00 1.571872e+01
      vertex   6.127431e+00 7.990092e+00 1.575310e+01
      vertex   6.004293e+00 7.951527e+00 1.580071e+01
    endloop
  endfacet
  facet normal 4.587515e-01 -1.713089e-01 8.718947e-01
    outer loop
      vertex   5.859428e+00 8.170528e+00 1.612540e+01
      vertex   5.995207e+00 8.243129e+00 1.606822e+01
      vertex   5.979796e+00 8.304039e+00 1.608830e+01
    endloop
  endfacet
  facet normal 3.761395e-01 -2.028239e-01 9.040916e-01
    outer loop
      vertex   5.979796e+00 8.304039e+00 1.608830e+01
      vertex   5.995207e+00 8.243129e+00 1.606822e+01
      vertex   6.107224e+00 8.358078e+00 1.604741e+01
    endloop
  endfacet
  facet normal 4.867075e-01 -8.419878e-01 2.327494e-01
    outer loop
      vertex   5.849070e+00 7.860055e+00 1.579440e+01
      vertex   5.985919e+00 7.918242e+00 1.571872e+01
      vertex   6.004293e+00 7.951527e+00 1.580071e+01
    endloop
  endfacet
  facet normal 4.830160e-01 -8.373330e-01 2.560645e-01
    outer loop
      vertex   5.849070e+00 7.860055e+00 1.579440e+01
      vertex   6.004293e+00 7.951527e+00 1.580071e+01
      vertex   5.869548e+00 7.894953e+00 1.586989e+01
    endloop
  endfacet
  facet normal 5.506060e-01 -1.519798e-01 8.208137e-01
    outer loop
      vertex   5.727453e+00 8.080195e+00 1.619720e+01
      vertex   5.859428e+00 8.170528e+00 1.612540e+01
      vertex   5.842234e+00 8.226504e+00 1.614730e+01
    endloop
  endfacet
  facet normal 4.754798e-01 -1.899827e-01 8.589677e-01
    outer loop
      vertex   5.842234e+00 8.226504e+00 1.614730e+01
      vertex   5.859428e+00 8.170528e+00 1.612540e+01
      vertex   5.979796e+00 8.304039e+00 1.608830e+01
    endloop
  endfacet
  facet normal 5.797134e-01 -7.880725e-01 2.070607e-01
    outer loop
      vertex   5.716921e+00 7.787464e+00 1.588810e+01
      vertex   5.849070e+00 7.860055e+00 1.579440e+01
      vertex   5.869548e+00 7.894953e+00 1.586989e+01
    endloop
  endfacet
  facet normal 5.782333e-01 -7.811631e-01 2.354367e-01
    outer loop
      vertex   5.716921e+00 7.787464e+00 1.588810e+01
      vertex   5.869548e+00 7.894953e+00 1.586989e+01
      vertex   5.737726e+00 7.823463e+00 1.595644e+01
    endloop
  endfacet
  facet normal 6.340475e-01 -1.328166e-01 7.618028e-01
    outer loop
      vertex   5.601181e+00 7.972591e+00 1.628354e+01
      vertex   5.727453e+00 8.080195e+00 1.619720e+01
      vertex   5.709961e+00 8.130767e+00 1.622058e+01
    endloop
  endfacet
  facet normal 5.704682e-01 -1.737284e-01 8.027357e-01
    outer loop
      vertex   5.709961e+00 8.130767e+00 1.622058e+01
      vertex   5.727453e+00 8.080195e+00 1.619720e+01
      vertex   5.842234e+00 8.226504e+00 1.614730e+01
    endloop
  endfacet
  facet normal 6.620883e-01 -7.271281e-01 1.814491e-01
    outer loop
      vertex   5.591229e+00 7.700738e+00 1.599919e+01
      vertex   5.716921e+00 7.787464e+00 1.588810e+01
      vertex   5.737726e+00 7.823463e+00 1.595644e+01
    endloop
  endfacet
  facet normal 6.632184e-01 -7.174168e-01 2.132008e-01
    outer loop
      vertex   5.591229e+00 7.700738e+00 1.599919e+01
      vertex   5.737726e+00 7.823463e+00 1.595644e+01
      vertex   5.610871e+00 7.737000e+00 1.606011e+01
    endloop
  endfacet
  facet normal 7.082154e-01 -1.146442e-01 6.966259e-01
    outer loop
      vertex   5.482681e+00 7.848837e+00 1.638365e+01
      vertex   5.601181e+00 7.972591e+00 1.628354e+01
      vertex   5.584643e+00 8.017569e+00 1.630776e+01
    endloop
  endfacet
  facet normal 6.554812e-01 -1.567246e-01 7.387704e-01
    outer loop
      vertex   5.584643e+00 8.017569e+00 1.630776e+01
      vertex   5.601181e+00 7.972591e+00 1.628354e+01
      vertex   5.709961e+00 8.130767e+00 1.622058e+01
    endloop
  endfacet
  facet normal 7.335921e-01 -6.611953e-01 1.570460e-01
    outer loop
      vertex   5.473826e+00 7.600710e+00 1.612647e+01
      vertex   5.591229e+00 7.700738e+00 1.599919e+01
      vertex   5.610871e+00 7.737000e+00 1.606011e+01
    endloop
  endfacet
  facet normal 7.370904e-01 -6.483312e-01 1.906946e-01
    outer loop
      vertex   5.473826e+00 7.600710e+00 1.612647e+01
      vertex   5.610871e+00 7.737000e+00 1.606011e+01
      vertex   5.491287e+00 7.636271e+00 1.617988e+01
    endloop
  endfacet
  facet normal 7.730981e-01 -9.765712e-02 6.267235e-01
    outer loop
      vertex   5.376454e+00 7.713818e+00 1.649364e+01
      vertex   5.482681e+00 7.848837e+00 1.638365e+01
      vertex   5.467956e+00 7.888184e+00 1.640794e+01
    endloop
  endfacet
  facet normal 7.298122e-01 -1.400532e-01 6.691481e-01
    outer loop
      vertex   5.467956e+00 7.888184e+00 1.640794e+01
      vertex   5.482681e+00 7.848837e+00 1.638365e+01
      vertex   5.584643e+00 8.017569e+00 1.630776e+01
    endloop
  endfacet
  facet normal 7.948529e-01 -5.917855e-01 1.341596e-01
    outer loop
      vertex   5.368991e+00 7.491279e+00 1.626487e+01
      vertex   5.473826e+00 7.600710e+00 1.612647e+01
      vertex   5.491287e+00 7.636271e+00 1.617988e+01
    endloop
  endfacet
  facet normal 7.998816e-01 -5.761398e-01 1.680845e-01
    outer loop
      vertex   5.368991e+00 7.491279e+00 1.626487e+01
      vertex   5.491287e+00 7.636271e+00 1.617988e+01
      vertex   5.383694e+00 7.525158e+00 1.631103e+01
    endloop
  endfacet
  facet normal 8.291681e-01 -8.069745e-02 5.531439e-01
    outer loop
      vertex   5.281054e+00 7.565739e+00 1.661505e+01
      vertex   5.376454e+00 7.713818e+00 1.649364e+01
      vertex   5.364037e+00 7.747751e+00 1.651721e+01
    endloop
  endfacet
  facet normal 7.934756e-01 -1.234787e-01 5.959442e-01
    outer loop
      vertex   5.364037e+00 7.747751e+00 1.651721e+01
      vertex   5.376454e+00 7.713818e+00 1.649364e+01
      vertex   5.467956e+00 7.888184e+00 1.640794e+01
    endloop
  endfacet
  facet normal 8.468728e-01 -5.199023e-01 1.118393e-01
    outer loop
      vertex   5.275134e+00 7.370955e+00 1.641624e+01
      vertex   5.368991e+00 7.491279e+00 1.626487e+01
      vertex   5.383694e+00 7.525158e+00 1.631103e+01
    endloop
  endfacet
  facet normal 8.529733e-01 -5.012899e-01 1.454130e-01
    outer loop
      vertex   5.275134e+00 7.370955e+00 1.641624e+01
      vertex   5.383694e+00 7.525158e+00 1.631103e+01
      vertex   5.286788e+00 7.402124e+00 1.645533e+01
    endloop
  endfacet
  facet normal 8.766001e-01 -6.434369e-02 4.768984e-01
    outer loop
      vertex   5.197838e+00 7.406230e+00 1.674649e+01
      vertex   5.281054e+00 7.565739e+00 1.661505e+01
      vertex   5.271198e+00 7.594419e+00 1.663703e+01
    endloop
  endfacet
  facet normal 8.476210e-01 -1.070981e-01 5.196812e-01
    outer loop
      vertex   5.271198e+00 7.594419e+00 1.663703e+01
      vertex   5.281054e+00 7.565739e+00 1.661505e+01
      vertex   5.364037e+00 7.747751e+00 1.651721e+01
    endloop
  endfacet
  facet normal 8.902654e-01 -4.463619e-01 9.049029e-02
    outer loop
      vertex   5.193469e+00 7.241060e+00 1.657894e+01
      vertex   5.275134e+00 7.370955e+00 1.641624e+01
      vertex   5.286788e+00 7.402124e+00 1.645533e+01
    endloop
  endfacet
  facet normal 8.968506e-01 -4.246825e-01 1.237081e-01
    outer loop
      vertex   5.193469e+00 7.241060e+00 1.657894e+01
      vertex   5.286788e+00 7.402124e+00 1.645533e+01
      vertex   5.202063e+00 7.268589e+00 1.661114e+01
    endloop
  endfacet
  facet normal 9.160215e-01 -4.883686e-02 3.981452e-01
    outer loop
      vertex   5.127965e+00 7.237017e+00 1.688649e+01
      vertex   5.197838e+00 7.406230e+00 1.674649e+01
      vertex   5.190562e+00 7.429817e+00 1.676612e+01
    endloop
  endfacet
  facet normal 8.928535e-01 -9.159760e-02 4.409337e-01
    outer loop
      vertex   5.190562e+00 7.429817e+00 1.676612e+01
      vertex   5.197838e+00 7.406230e+00 1.674649e+01
      vertex   5.271198e+00 7.594419e+00 1.663703e+01
    endloop
  endfacet
  facet normal 9.258756e-01 -3.712367e-01 7.026809e-02
    outer loop
      vertex   5.125041e+00 7.103014e+00 1.675126e+01
      vertex   5.193469e+00 7.241060e+00 1.657894e+01
      vertex   5.202063e+00 7.268589e+00 1.661114e+01
    endloop
  endfacet
  facet normal 9.324021e-01 -3.463595e-01 1.032538e-01
    outer loop
      vertex   5.125041e+00 7.103014e+00 1.675126e+01
      vertex   5.202063e+00 7.268589e+00 1.661114e+01
      vertex   5.130790e+00 7.126091e+00 1.677675e+01
    endloop
  endfacet
  facet normal 9.480718e-01 -3.381430e-02 3.162536e-01
    outer loop
      vertex   5.072586e+00 7.059839e+00 1.703356e+01
      vertex   5.127965e+00 7.237017e+00 1.688649e+01
      vertex   5.123093e+00 7.255666e+00 1.690309e+01
    endloop
  endfacet
  facet normal 9.298417e-01 -7.729469e-02 3.597498e-01
    outer loop
      vertex   5.123093e+00 7.255666e+00 1.690309e+01
      vertex   5.127965e+00 7.237017e+00 1.688649e+01
      vertex   5.190562e+00 7.429817e+00 1.676612e+01
    endloop
  endfacet
  facet normal 9.544927e-01 -2.938810e-01 5.076974e-02
    outer loop
      vertex   5.070884e+00 6.958248e+00 1.693145e+01
      vertex   5.125041e+00 7.103014e+00 1.675126e+01
      vertex   5.130790e+00 7.126091e+00 1.677675e+01
    endloop
  endfacet
  facet normal 9.602748e-01 -2.665227e-01 8.269208e-02
    outer loop
      vertex   5.070884e+00 6.958248e+00 1.693145e+01
      vertex   5.130790e+00 7.126091e+00 1.677675e+01
      vertex   5.074229e+00 6.976180e+00 1.695041e+01
    endloop
  endfacet
  facet normal 9.723613e-01 -1.896178e-02 2.327098e-01
    outer loop
      vertex   5.032524e+00 6.876604e+00 1.718603e+01
      vertex   5.072586e+00 7.059839e+00 1.703356e+01
      vertex   5.069750e+00 7.073693e+00 1.704654e+01
    endloop
  endfacet
  facet normal 9.588894e-01 -6.295117e-02 2.767096e-01
    outer loop
      vertex   5.069750e+00 7.073693e+00 1.704654e+01
      vertex   5.072586e+00 7.059839e+00 1.703356e+01
      vertex   5.123093e+00 7.255666e+00 1.690309e+01
    endloop
  endfacet
  facet normal 9.759861e-01 -2.155168e-01 3.167989e-02
    outer loop
      vertex   5.031742e+00 6.808358e+00 1.711763e+01
      vertex   5.070884e+00 6.958248e+00 1.693145e+01
      vertex   5.074229e+00 6.976180e+00 1.695041e+01
    endloop
  endfacet
  facet normal 9.805119e-01 -1.864041e-01 6.204753e-02
    outer loop
      vertex   5.031742e+00 6.808358e+00 1.711763e+01
      vertex   5.074229e+00 6.976180e+00 1.695041e+01
      vertex   5.033277e+00 6.820611e+00 1.713019e+01
    endloop
  endfacet
  facet normal 9.888304e-01 -4.284971e-03 1.489838e-01
    outer loop
      vertex   5.008197e+00 6.689321e+00 1.734210e+01
      vertex   5.032524e+00 6.876604e+00 1.718603e+01
      vertex   5.031221e+00 6.885775e+00 1.719494e+01
    endloop
  endfacet
  facet normal 9.799789e-01 -4.841635e-02 1.931249e-01
    outer loop
      vertex   5.031221e+00 6.885775e+00 1.719494e+01
      vertex   5.032524e+00 6.876604e+00 1.718603e+01
      vertex   5.069750e+00 7.073693e+00 1.704654e+01
    endloop
  endfacet
  facet normal 9.934466e-01 -3.489909e-02 1.088390e-01
    outer loop
      vertex   5.007861e+00 6.693888e+00 1.734664e+01
      vertex   5.008197e+00 6.689321e+00 1.734210e+01
      vertex   5.031221e+00 6.885775e+00 1.719494e+01
    endloop
  endfacet
  facet normal 9.904410e-01 -1.373259e-01 1.296691e-02
    outer loop
      vertex   5.007995e+00 6.655043e+00 1.730781e+01
      vertex   5.031742e+00 6.808358e+00 1.711763e+01
      vertex   5.033277e+00 6.820611e+00 1.713019e+01
    endloop
  endfacet
  facet normal 9.934501e-01 -1.060482e-01 4.255124e-02
    outer loop
      vertex   5.007995e+00 6.655043e+00 1.730781e+01
      vertex   5.033277e+00 6.820611e+00 1.713019e+01
      vertex   5.008391e+00 6.661260e+00 1.731406e+01
    endloop
  endfacet
  facet normal 9.989885e-01 -3.166197e-03 4.485556e-02
    outer loop
      vertex   5.007223e+00 6.696034e+00 1.735297e+01
      vertex   5.022788e+00 1.000000e+01 1.723953e+01
      vertex   5.000000e+00 6.500000e+00 1.750000e+01
    endloop
  endfacet
  facet normal 9.947179e-01 1.161964e-03 1.026400e-01
    outer loop
      vertex   5.000000e+00 6.500000e+00 1.750000e+01
      vertex   5.022788e+00 1.000000e+01 1.723953e+01
      vertex   5.007223e+00 1.330397e+01 1.735297e+01
    endloop
  endfacet
  facet normal 9.987955e-01 -0.000000e+00 4.906767e-02
    outer loop
      vertex   5.000000e+00 6.500000e+00 1.750000e+01
      vertex   5.007223e+00 1.330397e+01 1.735297e+01
      vertex   5.000000e+00 1.350000e+01 1.750000e+01
    endloop
  endfacet
  facet normal 9.890996e-01 3.961622e-04 1.472473e-01
    outer loop
      vertex   5.007223e+00 6.696034e+00 1.735297e+01
      vertex   5.028822e+00 6.890181e+00 1.720736e+01
      vertex   5.022788e+00 1.000000e+01 1.723953e+01
    endloop
  endfacet
  facet normal 9.702264e-01 -6.224919e-04 2.421991e-01
    outer loop
      vertex   5.022788e+00 1.000000e+01 1.723953e+01
      vertex   5.028822e+00 6.890181e+00 1.720736e+01
      vertex   5.064589e+00 7.080570e+00 1.706457e+01
    endloop
  endfacet
  facet normal 9.659245e-01 -1.680063e-03 2.588187e-01
    outer loop
      vertex   5.022788e+00 1.000000e+01 1.723953e+01
      vertex   5.064589e+00 7.080570e+00 1.706457e+01
      vertex   5.090461e+00 1.000000e+01 1.698697e+01
    endloop
  endfacet
  facet normal 9.412756e-01 6.335304e-04 3.376385e-01
    outer loop
      vertex   5.090461e+00 1.000000e+01 1.698697e+01
      vertex   5.064589e+00 7.080570e+00 1.706457e+01
      vertex   5.114181e+00 7.265367e+00 1.692598e+01
    endloop
  endfacet
  facet normal 9.063067e-01 -1.565212e-03 4.226177e-01
    outer loop
      vertex   5.090461e+00 1.000000e+01 1.698697e+01
      vertex   5.114181e+00 7.265367e+00 1.692598e+01
      vertex   5.200962e+00 1.000000e+01 1.675000e+01
    endloop
  endfacet
  facet normal 9.046497e-01 -1.285068e-03 4.261540e-01
    outer loop
      vertex   5.200962e+00 1.000000e+01 1.675000e+01
      vertex   5.114181e+00 7.265367e+00 1.692598e+01
      vertex   5.177118e+00 7.442794e+00 1.679291e+01
    endloop
  endfacet
  facet normal 8.573507e-01 6.421260e-04 5.147324e-01
    outer loop
      vertex   5.200962e+00 1.000000e+01 1.675000e+01
      vertex   5.177118e+00 7.442794e+00 1.679291e+01
      vertex   5.252796e+00 7.611141e+00 1.666664e+01
    endloop
  endfacet
  facet normal 8.191500e-01 -2.239973e-03 5.735750e-01
    outer loop
      vertex   5.200962e+00 1.000000e+01 1.675000e+01
      vertex   5.252796e+00 7.611141e+00 1.666664e+01
      vertex   5.350933e+00 1.000000e+01 1.653582e+01
    endloop
  endfacet
  facet normal 8.034644e-01 -4.029364e-04 5.953526e-01
    outer loop
      vertex   5.350933e+00 1.000000e+01 1.653582e+01
      vertex   5.252796e+00 7.611141e+00 1.666664e+01
      vertex   5.340484e+00 7.768787e+00 1.654841e+01
    endloop
  endfacet
  facet normal 7.407373e-01 3.222106e-04 6.717947e-01
    outer loop
      vertex   5.350933e+00 1.000000e+01 1.653582e+01
      vertex   5.340484e+00 7.768787e+00 1.654841e+01
      vertex   5.439340e+00 7.914214e+00 1.643934e+01
    endloop
  endfacet
  facet normal 7.071041e-01 -2.736585e-03 7.071041e-01
    outer loop
      vertex   5.350933e+00 1.000000e+01 1.653582e+01
      vertex   5.439340e+00 7.914214e+00 1.643934e+01
      vertex   5.535819e+00 1.000000e+01 1.635093e+01
    endloop
  endfacet
  facet normal 6.713183e-01 3.625475e-04 7.411690e-01
    outer loop
      vertex   5.535819e+00 1.000000e+01 1.635093e+01
      vertex   5.439340e+00 7.914214e+00 1.643934e+01
      vertex   5.548410e+00 8.046021e+00 1.634048e+01
    endloop
  endfacet
  facet normal 5.959885e-01 -4.534860e-04 8.029928e-01
    outer loop
      vertex   5.535819e+00 1.000000e+01 1.635093e+01
      vertex   5.548410e+00 8.046021e+00 1.634048e+01
      vertex   5.666645e+00 8.162939e+00 1.625280e+01
    endloop
  endfacet
  facet normal 5.735740e-01 -2.912789e-03 8.191486e-01
    outer loop
      vertex   5.535819e+00 1.000000e+01 1.635093e+01
      vertex   5.666645e+00 8.162939e+00 1.625280e+01
      vertex   5.750000e+00 1.000000e+01 1.620096e+01
    endloop
  endfacet
  facet normal 5.135689e-01 9.074666e-04 8.580479e-01
    outer loop
      vertex   5.750000e+00 1.000000e+01 1.620096e+01
      vertex   5.666645e+00 8.162939e+00 1.625280e+01
      vertex   5.792905e+00 8.263843e+00 1.617712e+01
    endloop
  endfacet
  facet normal 4.284920e-01 -1.819826e-03 9.035437e-01
    outer loop
      vertex   5.750000e+00 1.000000e+01 1.620096e+01
      vertex   5.792905e+00 8.263843e+00 1.617712e+01
      vertex   5.925975e+00 8.347759e+00 1.611418e+01
    endloop
  endfacet
  facet normal 4.226168e-01 -2.590585e-03 9.063047e-01
    outer loop
      vertex   5.750000e+00 1.000000e+01 1.620096e+01
      vertex   5.925975e+00 8.347759e+00 1.611418e+01
      vertex   5.986970e+00 1.000000e+01 1.609046e+01
    endloop
  endfacet
  facet normal 3.364246e-01 1.099608e-03 9.417098e-01
    outer loop
      vertex   5.986970e+00 1.000000e+01 1.609046e+01
      vertex   5.925975e+00 8.347759e+00 1.611418e+01
      vertex   6.064573e+00 8.413881e+00 1.606459e+01
    endloop
  endfacet
  facet normal 2.588178e-01 -3.092334e-03 9.659212e-01
    outer loop
      vertex   5.986970e+00 1.000000e+01 1.609046e+01
      vertex   6.064573e+00 8.413881e+00 1.606459e+01
      vertex   6.239528e+00 1.000000e+01 1.602279e+01
    endloop
  endfacet
  facet normal 2.433836e-01 -1.284249e-03 9.699293e-01
    outer loop
      vertex   6.239528e+00 1.000000e+01 1.602279e+01
      vertex   6.064573e+00 8.413881e+00 1.606459e+01
      vertex   6.207365e+00 8.461571e+00 1.602882e+01
    endloop
  endfacet
  facet normal 1.465726e-01 8.153085e-04 9.891996e-01
    outer loop
      vertex   6.239528e+00 1.000000e+01 1.602279e+01
      vertex   6.207365e+00 8.461571e+00 1.602882e+01
      vertex   6.352974e+00 8.490370e+00 1.600722e+01
    endloop
  endfacet
  facet normal 4.906767e-02 -1.182811e-15 9.987955e-01
    outer loop
      vertex   6.500000e+00 8.500000e+00 1.600000e+01
      vertex   6.500000e+00 1.150000e+01 1.600000e+01
      vertex   6.352974e+00 8.490370e+00 1.600722e+01
    endloop
  endfacet
  facet normal 4.906767e-02 -0.000000e+00 9.987955e-01
    outer loop
      vertex   6.352974e+00 8.490370e+00 1.600722e+01
      vertex   6.500000e+00 1.150000e+01 1.600000e+01
      vertex   6.352974e+00 1.150963e+01 1.600722e+01
    endloop
  endfacet
  facet normal 1.359317e-01 -0.000000e+00 9.907182e-01
    outer loop
      vertex   6.352974e+00 8.490370e+00 1.600722e+01
      vertex   6.352974e+00 1.150963e+01 1.600722e+01
      vertex   6.239528e+00 1.000000e+01 1.602279e+01
    endloop
  endfacet
  facet normal 1.465726e-01 -8.153085e-04 9.891996e-01
    outer loop
      vertex   6.239528e+00 1.000000e+01 1.602279e+01
      vertex   6.352974e+00 1.150963e+01 1.600722e+01
      vertex   6.207365e+00 1.153843e+01 1.602882e+01
    endloop
  endfacet
  facet normal 2.433836e-01 1.284249e-03 9.699293e-01
    outer loop
      vertex   6.239528e+00 1.000000e+01 1.602279e+01
      vertex   6.207365e+00 1.153843e+01 1.602882e+01
      vertex   6.064573e+00 1.158612e+01 1.606459e+01
    endloop
  endfacet
  facet normal 2.588178e-01 3.092334e-03 9.659212e-01
    outer loop
      vertex   6.239528e+00 1.000000e+01 1.602279e+01
      vertex   6.064573e+00 1.158612e+01 1.606459e+01
      vertex   5.986970e+00 1.000000e+01 1.609046e+01
    endloop
  endfacet
  facet normal 3.364246e-01 -1.099608e-03 9.417098e-01
    outer loop
      vertex   5.986970e+00 1.000000e+01 1.609046e+01
      vertex   6.064573e+00 1.158612e+01 1.606459e+01
      vertex   5.925975e+00 1.165224e+01 1.611418e+01
    endloop
  endfacet
  facet normal 4.226168e-01 2.590585e-03 9.063047e-01
    outer loop
      vertex   5.986970e+00 1.000000e+01 1.609046e+01
      vertex   5.925975e+00 1.165224e+01 1.611418e+01
      vertex   5.750000e+00 1.000000e+01 1.620096e+01
    endloop
  endfacet
  facet normal 4.284920e-01 1.819826e-03 9.035437e-01
    outer loop
      vertex   5.750000e+00 1.000000e+01 1.620096e+01
      vertex   5.925975e+00 1.165224e+01 1.611418e+01
      vertex   5.792905e+00 1.173616e+01 1.617712e+01
    endloop
  endfacet
  facet normal 5.135689e-01 -9.074666e-04 8.580479e-01
    outer loop
      vertex   5.750000e+00 1.000000e+01 1.620096e+01
      vertex   5.792905e+00 1.173616e+01 1.617712e+01
      vertex   5.666645e+00 1.183706e+01 1.625280e+01
    endloop
  endfacet
  facet normal 5.735740e-01 2.912789e-03 8.191486e-01
    outer loop
      vertex   5.750000e+00 1.000000e+01 1.620096e+01
      vertex   5.666645e+00 1.183706e+01 1.625280e+01
      vertex   5.535819e+00 1.000000e+01 1.635093e+01
    endloop
  endfacet
  facet normal 5.959885e-01 4.534860e-04 8.029928e-01
    outer loop
      vertex   5.535819e+00 1.000000e+01 1.635093e+01
      vertex   5.666645e+00 1.183706e+01 1.625280e+01
      vertex   5.548410e+00 1.195398e+01 1.634048e+01
    endloop
  endfacet
  facet normal 6.713183e-01 -3.625475e-04 7.411690e-01
    outer loop
      vertex   5.535819e+00 1.000000e+01 1.635093e+01
      vertex   5.548410e+00 1.195398e+01 1.634048e+01
      vertex   5.439340e+00 1.208579e+01 1.643934e+01
    endloop
  endfacet
  facet normal 7.071041e-01 2.736585e-03 7.071041e-01
    outer loop
      vertex   5.535819e+00 1.000000e+01 1.635093e+01
      vertex   5.439340e+00 1.208579e+01 1.643934e+01
      vertex   5.350933e+00 1.000000e+01 1.653582e+01
    endloop
  endfacet
  facet normal 7.407373e-01 -3.222106e-04 6.717947e-01
    outer loop
      vertex   5.350933e+00 1.000000e+01 1.653582e+01
      vertex   5.439340e+00 1.208579e+01 1.643934e+01
      vertex   5.340484e+00 1.223121e+01 1.654841e+01
    endloop
  endfacet
  facet normal 8.034644e-01 4.029364e-04 5.953526e-01
    outer loop
      vertex   5.350933e+00 1.000000e+01 1.653582e+01
      vertex   5.340484e+00 1.223121e+01 1.654841e+01
      vertex   5.252796e+00 1.238886e+01 1.666664e+01
    endloop
  endfacet
  facet normal 8.191500e-01 2.239973e-03 5.735750e-01
    outer loop
      vertex   5.350933e+00 1.000000e+01 1.653582e+01
      vertex   5.252796e+00 1.238886e+01 1.666664e+01
      vertex   5.200962e+00 1.000000e+01 1.675000e+01
    endloop
  endfacet
  facet normal 8.573507e-01 -6.421260e-04 5.147324e-01
    outer loop
      vertex   5.200962e+00 1.000000e+01 1.675000e+01
      vertex   5.252796e+00 1.238886e+01 1.666664e+01
      vertex   5.177118e+00 1.255721e+01 1.679291e+01
    endloop
  endfacet
  facet normal 9.046497e-01 1.285068e-03 4.261540e-01
    outer loop
      vertex   5.200962e+00 1.000000e+01 1.675000e+01
      vertex   5.177118e+00 1.255721e+01 1.679291e+01
      vertex   5.114181e+00 1.273463e+01 1.692598e+01
    endloop
  endfacet
  facet normal 9.063067e-01 1.565212e-03 4.226177e-01
    outer loop
      vertex   5.200962e+00 1.000000e+01 1.675000e+01
      vertex   5.114181e+00 1.273463e+01 1.692598e+01
      vertex   5.090461e+00 1.000000e+01 1.698697e+01
    endloop
  endfacet
  facet normal 9.412756e-01 -6.335304e-04 3.376385e-01
    outer loop
      vertex   5.090461e+00 1.000000e+01 1.698697e+01
      vertex   5.114181e+00 1.273463e+01 1.692598e+01
      vertex   5.064589e+00 1.291943e+01 1.706457e+01
    endloop
  endfacet
  facet normal 9.659245e-01 1.680063e-03 2.588187e-01
    outer loop
      vertex   5.090461e+00 1.000000e+01 1.698697e+01
      vertex   5.064589e+00 1.291943e+01 1.706457e+01
      vertex   5.022788e+00 1.000000e+01 1.723953e+01
    endloop
  endfacet
  facet normal 9.702264e-01 6.224919e-04 2.421991e-01
    outer loop
      vertex   5.022788e+00 1.000000e+01 1.723953e+01
      vertex   5.064589e+00 1.291943e+01 1.706457e+01
      vertex   5.028822e+00 1.310982e+01 1.720736e+01
    endloop
  endfacet
  facet normal 9.890996e-01 -3.961622e-04 1.472473e-01
    outer loop
      vertex   5.022788e+00 1.000000e+01 1.723953e+01
      vertex   5.028822e+00 1.310982e+01 1.720736e+01
      vertex   5.007223e+00 1.330397e+01 1.735297e+01
    endloop
  endfacet
  facet normal 0.000000e+00 -1.184238e-15 1.000000e+00
    outer loop
      vertex   6.500000e+00 8.500000e+00 1.600000e+01
      vertex   1.900000e+01 8.500000e+00 1.600000e+01
      vertex   6.500000e+00 1.150000e+01 1.600000e+01
    endloop
  endfacet
  facet normal 0.000000e+00 -1.184238e-15 1.000000e+00
    outer loop
      vertex   6.500000e+00 1.150000e+01 1.600000e+01
      vertex   1.900000e+01 8.500000e+00 1.600000e+01
      vertex   1.900000e+01 1.150000e+01 1.600000e+01
    endloop
  endfacet
  facet normal 5.413891e-02 -1.182501e-15 9.985334e-01
    outer loop
      vertex   1.900000e+01 1.150000e+01 1.600000e+01
      vertex   1.900000e+01 8.500000e+00 1.600000e+01
      vertex   1.943248e+01 1.150000e+01 1.597655e+01
    endloop
  endfacet
  facet normal 5.413891e-02 0.000000e+00 9.985334e-01
    outer loop
      vertex   1.943248e+01 1.150000e+01 1.597655e+01
      vertex   1.900000e+01 8.500000e+00 1.600000e+01
      vertex   1.943248e+01 8.500000e+00 1.597655e+01
    endloop
  endfacet
  facet normal 1.617820e-01 0.000000e+00 9.868265e-01
    outer loop
      vertex   1.943248e+01 1.150000e+01 1.597655e+01
      vertex   1.943248e+01 8.500000e+00 1.597655e+01
      vertex   1.985988e+01 1.150000e+01 1.590648e+01
    endloop
  endfacet
  facet normal 1.617820e-01 0.000000e+00 9.868265e-01
    outer loop
      vertex   1.985988e+01 1.150000e+01 1.590648e+01
      vertex   1.943248e+01 8.500000e+00 1.597655e+01
      vertex   1.985988e+01 8.500000e+00 1.590648e+01
    endloop
  endfacet
  facet normal 2.675283e-01 0.000000e+00 9.635500e-01
    outer loop
      vertex   1.985988e+01 1.150000e+01 1.590648e+01
      vertex   1.985988e+01 8.500000e+00 1.590648e+01
      vertex   2.027721e+01 1.150000e+01 1.579061e+01
    endloop
  endfacet
  facet normal 2.675283e-01 5.705362e-16 9.635500e-01
    outer loop
      vertex   2.027721e+01 1.150000e+01 1.579061e+01
      vertex   1.985988e+01 8.500000e+00 1.590648e+01
      vertex   2.027721e+01 8.500000e+00 1.579061e+01
    endloop
  endfacet
  facet normal 3.701382e-01 5.500647e-16 9.289767e-01
    outer loop
      vertex   2.027721e+01 1.150000e+01 1.579061e+01
      vertex   2.027721e+01 8.500000e+00 1.579061e+01
      vertex   2.067956e+01 1.150000e+01 1.563030e+01
    endloop
  endfacet
  facet normal 3.701382e-01 0.000000e+00 9.289767e-01
    outer loop
      vertex   2.067956e+01 1.150000e+01 1.563030e+01
      vertex   2.027721e+01 8.500000e+00 1.579061e+01
      vertex   2.067956e+01 8.500000e+00 1.563030e+01
    endloop
  endfacet
  facet normal 4.684084e-01 0.000000e+00 8.835120e-01
    outer loop
      vertex   2.067956e+01 1.150000e+01 1.563030e+01
      vertex   2.067956e+01 8.500000e+00 1.563030e+01
      vertex   2.106222e+01 1.150000e+01 1.542743e+01
    endloop
  endfacet
  facet normal 4.684084e-01 0.000000e+00 8.835120e-01
    outer loop
      vertex   2.106222e+01 1.150000e+01 1.542743e+01
      vertex   2.067956e+01 8.500000e+00 1.563030e+01
      vertex   2.106222e+01 8.500000e+00 1.542743e+01
    endloop
  endfacet
  facet normal 5.611871e-01 0.000000e+00 8.276890e-01
    outer loop
      vertex   2.106222e+01 1.150000e+01 1.542743e+01
      vertex   2.106222e+01 8.500000e+00 1.542743e+01
      vertex   2.142070e+01 1.150000e+01 1.518437e+01
    endloop
  endfacet
  facet normal 5.611871e-01 0.000000e+00 8.276890e-01
    outer loop
      vertex   2.142070e+01 1.150000e+01 1.518437e+01
      vertex   2.106222e+01 8.500000e+00 1.542743e+01
      vertex   2.142070e+01 8.500000e+00 1.518437e+01
    endloop
  endfacet
  facet normal 6.473863e-01 0.000000e+00 7.621621e-01
    outer loop
      vertex   2.142070e+01 1.150000e+01 1.518437e+01
      vertex   2.142070e+01 8.500000e+00 1.518437e+01
      vertex   2.175080e+01 1.150000e+01 1.490398e+01
    endloop
  endfacet
  facet normal 6.473863e-01 0.000000e+00 7.621621e-01
    outer loop
      vertex   2.175080e+01 1.150000e+01 1.490398e+01
      vertex   2.142070e+01 8.500000e+00 1.518437e+01
      vertex   2.175080e+01 8.500000e+00 1.490398e+01
    endloop
  endfacet
  facet normal 7.259955e-01 0.000000e+00 6.876995e-01
    outer loop
      vertex   2.175080e+01 1.150000e+01 1.490398e+01
      vertex   2.175080e+01 8.500000e+00 1.490398e+01
      vertex   2.204865e+01 1.150000e+01 1.458955e+01
    endloop
  endfacet
  facet normal 7.259955e-01 0.000000e+00 6.876995e-01
    outer loop
      vertex   2.204865e+01 1.150000e+01 1.458955e+01
      vertex   2.175080e+01 8.500000e+00 1.490398e+01
      vertex   2.204865e+01 8.500000e+00 1.458955e+01
    endloop
  endfacet
  facet normal 7.960931e-01 0.000000e+00 6.051742e-01
    outer loop
      vertex   2.204865e+01 1.150000e+01 1.458955e+01
      vertex   2.204865e+01 8.500000e+00 1.458955e+01
      vertex   2.231076e+01 1.150000e+01 1.424475e+01
    endloop
  endfacet
  facet normal 7.960931e-01 0.000000e+00 6.051742e-01
    outer loop
      vertex   2.231076e+01 1.150000e+01 1.424475e+01
      vertex   2.204865e+01 8.500000e+00 1.458955e+01
      vertex   2.231076e+01 8.500000e+00 1.424475e+01
    endloop
  endfacet
  facet normal 8.568572e-01 0.000000e+00 5.155539e-01
    outer loop
      vertex   2.231076e+01 1.150000e+01 1.424475e+01
      vertex   2.231076e+01 8.500000e+00 1.424475e+01
      vertex   2.253405e+01 1.150000e+01 1.387363e+01
    endloop
  endfacet
  facet normal 8.568572e-01 0.000000e+00 5.155539e-01
    outer loop
      vertex   2.253405e+01 1.150000e+01 1.387363e+01
      vertex   2.231076e+01 8.500000e+00 1.424475e+01
      vertex   2.253405e+01 8.500000e+00 1.387363e+01
    endloop
  endfacet
  facet normal 9.075754e-01 0.000000e+00 4.198891e-01
    outer loop
      vertex   2.253405e+01 1.150000e+01 1.387363e+01
      vertex   2.253405e+01 8.500000e+00 1.387363e+01
      vertex   2.271591e+01 1.150000e+01 1.348055e+01
    endloop
  endfacet
  facet normal 9.075754e-01 0.000000e+00 4.198891e-01
    outer loop
      vertex   2.271591e+01 1.150000e+01 1.348055e+01
      vertex   2.253405e+01 8.500000e+00 1.387363e+01
      vertex   2.271591e+01 8.500000e+00 1.348055e+01
    endloop
  endfacet
  facet normal 9.476532e-01 0.000000e+00 3.193015e-01
    outer loop
      vertex   2.271591e+01 1.150000e+01 1.348055e+01
      vertex   2.271591e+01 8.500000e+00 1.348055e+01
      vertex   2.285420e+01 1.150000e+01 1.307011e+01
    endloop
  endfacet
  facet normal 9.476532e-01 3.781290e-16 3.193015e-01
    outer loop
      vertex   2.285420e+01 1.150000e+01 1.307011e+01
      vertex   2.271591e+01 8.500000e+00 1.348055e+01
      vertex   2.285420e+01 8.500000e+00 1.307011e+01
    endloop
  endfacet
  facet normal 9.766206e-01 2.545761e-16 2.149704e-01
    outer loop
      vertex   2.285420e+01 1.150000e+01 1.307011e+01
      vertex   2.285420e+01 8.500000e+00 1.307011e+01
      vertex   2.294731e+01 1.150000e+01 1.264713e+01
    endloop
  endfacet
  facet normal 9.766206e-01 1.272881e-16 2.149704e-01
    outer loop
      vertex   2.294731e+01 1.150000e+01 1.264713e+01
      vertex   2.285420e+01 8.500000e+00 1.307011e+01
      vertex   2.294731e+01 8.500000e+00 1.264713e+01
    endloop
  endfacet
  facet normal 9.941380e-01 6.401932e-17 1.081190e-01
    outer loop
      vertex   2.294731e+01 1.150000e+01 1.264713e+01
      vertex   2.294731e+01 8.500000e+00 1.264713e+01
      vertex   2.299413e+01 1.150000e+01 1.221656e+01
    endloop
  endfacet
  facet normal 9.941380e-01 0.000000e+00 1.081190e-01
    outer loop
      vertex   2.299413e+01 1.150000e+01 1.221656e+01
      vertex   2.294731e+01 8.500000e+00 1.264713e+01
      vertex   2.299413e+01 8.500000e+00 1.221656e+01
    endloop
  endfacet
  facet normal 1.000000e+00 0.000000e+00 0.000000e+00
    outer loop
      vertex   2.299413e+01 1.150000e+01 1.221656e+01
      vertex   2.299413e+01 8.500000e+00 1.221656e+01
      vertex   2.299413e+01 1.150000e+01 1.178344e+01
    endloop
  endfacet
  facet normal 1.000000e+00 0.000000e+00 0.000000e+00
    outer loop
      vertex   2.299413e+01 1.150000e+01 1.178344e+01
      vertex   2.299413e+01 8.500000e+00 1.221656e+01
      vertex   2.299413e+01 8.500000e+00 1.178344e+01
    endloop
  endfacet
  facet normal 9.941380e-01 0.000000e+00 -1.081190e-01
    outer loop
      vertex   2.299413e+01 1.150000e+01 1.178344e+01
      vertex   2.299413e+01 8.500000e+00 1.178344e+01
      vertex   2.294731e+01 1.150000e+01 1.135287e+01
    endloop
  endfacet
  facet normal 9.941380e-01 -6.401932e-17 -1.081190e-01
    outer loop
      vertex   2.294731e+01 1.150000e+01 1.135287e+01
      vertex   2.299413e+01 8.500000e+00 1.178344e+01
      vertex   2.294731e+01 8.500000e+00 1.135287e+01
    endloop
  endfacet
  facet normal 9.766206e-01 -1.272881e-16 -2.149704e-01
    outer loop
      vertex   2.294731e+01 1.150000e+01 1.135287e+01
      vertex   2.294731e+01 8.500000e+00 1.135287e+01
      vertex   2.285420e+01 1.150000e+01 1.092989e+01
    endloop
  endfacet
  facet normal 9.766206e-01 -2.545761e-16 -2.149704e-01
    outer loop
      vertex   2.285420e+01 1.150000e+01 1.092989e+01
      vertex   2.294731e+01 8.500000e+00 1.135287e+01
      vertex   2.285420e+01 8.500000e+00 1.092989e+01
    endloop
  endfacet
  facet normal 9.476532e-01 -3.781290e-16 -3.193015e-01
    outer loop
      vertex   2.285420e+01 1.150000e+01 1.092989e+01
      vertex   2.285420e+01 8.500000e+00 1.092989e+01
      vertex   2.271591e+01 1.150000e+01 1.051945e+01
    endloop
  endfacet
  facet normal 9.476532e-01 0.000000e+00 -3.193015e-01
    outer loop
      vertex   2.271591e+01 1.150000e+01 1.051945e+01
      vertex   2.285420e+01 8.500000e+00 1.092989e+01
      vertex   2.271591e+01 8.500000e+00 1.051945e+01
    endloop
  endfacet
  facet normal 9.075754e-01 0.000000e+00 -4.198891e-01
    outer loop
      vertex   2.271591e+01 1.150000e+01 1.051945e+01
      vertex   2.271591e+01 8.500000e+00 1.051945e+01
      vertex   2.253405e+01 1.150000e+01 1.012637e+01
    endloop
  endfacet
  facet normal 9.075754e-01 0.000000e+00 -4.198891e-01
    outer loop
      vertex   2.253405e+01 1.150000e+01 1.012637e+01
      vertex   2.271591e+01 8.500000e+00 1.051945e+01
      vertex   2.253405e+01 8.500000e+00 1.012637e+01
    endloop
  endfacet
  facet normal 8.568572e-01 0.000000e+00 -5.155539e-01
    outer loop
      vertex   2.253405e+01 1.150000e+01 1.012637e+01
      vertex   2.253405e+01 8.500000e+00 1.012637e+01
      vertex   2.231076e+01 1.150000e+01 9.755252e+00
    endloop
  endfacet
  facet normal 8.568572e-01 -3.052692e-16 -5.155539e-01
    outer loop
      vertex   2.231076e+01 1.150000e+01 9.755252e+00
      vertex   2.253405e+01 8.500000e+00 1.012637e+01
      vertex   2.231076e+01 8.500000e+00 9.755252e+00
    endloop
  endfacet
  facet normal 7.960931e-01 -3.583351e-16 -6.051742e-01
    outer loop
      vertex   2.231076e+01 1.150000e+01 9.755252e+00
      vertex   2.231076e+01 8.500000e+00 9.755252e+00
      vertex   2.204865e+01 1.150000e+01 9.410455e+00
    endloop
  endfacet
  facet normal 7.960931e-01 0.000000e+00 -6.051742e-01
    outer loop
      vertex   2.204865e+01 1.150000e+01 9.410455e+00
      vertex   2.231076e+01 8.500000e+00 9.755252e+00
      vertex   2.204865e+01 8.500000e+00 9.410455e+00
    endloop
  endfacet
  facet normal 7.259955e-01 0.000000e+00 -6.876995e-01
    outer loop
      vertex   2.204865e+01 1.150000e+01 9.410455e+00
      vertex   2.204865e+01 8.500000e+00 9.410455e+00
      vertex   2.175080e+01 1.150000e+01 9.096018e+00
    endloop
  endfacet
  facet normal 7.259955e-01 0.000000e+00 -6.876995e-01
    outer loop
      vertex   2.175080e+01 1.150000e+01 9.096018e+00
      vertex   2.204865e+01 8.500000e+00 9.410455e+00
      vertex   2.175080e+01 8.500000e+00 9.096018e+00
    endloop
  endfacet
  facet normal 6.473863e-01 0.000000e+00 -7.621621e-01
    outer loop
      vertex   2.175080e+01 1.150000e+01 9.096018e+00
      vertex   2.175080e+01 8.500000e+00 9.096018e+00
      vertex   2.142070e+01 1.150000e+01 8.815628e+00
    endloop
  endfacet
  facet normal 6.473863e-01 0.000000e+00 -7.621621e-01
    outer loop
      vertex   2.142070e+01 1.150000e+01 8.815628e+00
      vertex   2.175080e+01 8.500000e+00 9.096018e+00
      vertex   2.142070e+01 8.500000e+00 8.815628e+00
    endloop
  endfacet
  facet normal 5.611871e-01 0.000000e+00 -8.276890e-01
    outer loop
      vertex   2.142070e+01 1.150000e+01 8.815628e+00
      vertex   2.142070e+01 8.500000e+00 8.815628e+00
      vertex   2.106222e+01 1.150000e+01 8.572571e+00
    endloop
  endfacet
  facet normal 5.611871e-01 0.000000e+00 -8.276890e-01
    outer loop
      vertex   2.106222e+01 1.150000e+01 8.572571e+00
      vertex   2.142070e+01 8.500000e+00 8.815628e+00
      vertex   2.106222e+01 8.500000e+00 8.572571e+00
    endloop
  endfacet
  facet normal 4.684084e-01 0.000000e+00 -8.835120e-01
    outer loop
      vertex   2.106222e+01 1.150000e+01 8.572571e+00
      vertex   2.106222e+01 8.500000e+00 8.572571e+00
      vertex   2.067956e+01 1.150000e+01 8.369698e+00
    endloop
  endfacet
  facet normal 4.684084e-01 0.000000e+00 -8.835120e-01
    outer loop
      vertex   2.067956e+01 1.150000e+01 8.369698e+00
      vertex   2.106222e+01 8.500000e+00 8.572571e+00
      vertex   2.067956e+01 8.500000e+00 8.369698e+00
    endloop
  endfacet
  facet normal 3.701382e-01 0.000000e+00 -9.289767e-01
    outer loop
      vertex   2.067956e+01 1.150000e+01 8.369698e+00
      vertex   2.067956e+01 8.500000e+00 8.369698e+00
      vertex   2.027721e+01 1.150000e+01 8.209387e+00
    endloop
  endfacet
  facet normal 3.701382e-01 0.000000e+00 -9.289767e-01
    outer loop
      vertex   2.027721e+01 1.150000e+01 8.209387e+00
      vertex   2.067956e+01 8.500000e+00 8.369698e+00
      vertex   2.027721e+01 8.500000e+00 8.209387e+00
    endloop
  endfacet
  facet normal 2.675283e-01 0.000000e+00 -9.635500e-01
    outer loop
      vertex   2.027721e+01 1.150000e+01 8.209387e+00
      vertex   2.027721e+01 8.500000e+00 8.209387e+00
      vertex   1.985988e+01 1.150000e+01 8.093518e+00
    endloop
  endfacet
  facet normal 2.675283e-01 0.000000e+00 -9.635500e-01
    outer loop
      vertex   1.985988e+01 1.150000e+01 8.093518e+00
      vertex   2.027721e+01 8.500000e+00 8.209387e+00
      vertex   1.985988e+01 8.500000e+00 8.093518e+00
    endloop
  endfacet
  facet normal 1.617820e-01 0.000000e+00 -9.868265e-01
    outer loop
      vertex   1.985988e+01 1.150000e+01 8.093518e+00
      vertex   1.985988e+01 8.500000e+00 8.093518e+00
      vertex   1.943248e+01 1.150000e+01 8.023448e+00
    endloop
  endfacet
  facet normal 1.617820e-01 0.000000e+00 -9.868265e-01
    outer loop
      vertex   1.943248e+01 1.150000e+01 8.023448e+00
      vertex   1.985988e+01 8.500000e+00 8.093518e+00
      vertex   1.943248e+01 8.500000e+00 8.023448e+00
    endloop
  endfacet
  facet normal 5.413891e-02 0.000000e+00 -9.985334e-01
    outer loop
      vertex   1.943248e+01 1.150000e+01 8.023448e+00
      vertex   1.943248e+01 8.500000e+00 8.023448e+00
      vertex   1.900000e+01 1.150000e+01 8.000000e+00
    endloop
  endfacet
  facet normal 5.413891e-02 0.000000e+00 -9.985334e-01
    outer loop
      vertex   1.900000e+01 1.150000e+01 8.000000e+00
      vertex   1.943248e+01 8.500000e+00 8.023448e+00
      vertex   1.900000e+01 8.500000e+00 8.000000e+00
    endloop
  endfacet
  facet normal 0.000000e+00 0.000000e+00 -1.000000e+00
    outer loop
      vertex   1.900000e+01 8.500000e+00 8.000000e+00
      vertex   6.500000e+00 8.500000e+00 8.000000e+00
      vertex   1.900000e+01 1.150000e+01 8.000000e+00
    endloop
  endfacet
  facet normal -0.000000e+00 0.000000e+00 -1.000000e+00
    outer loop
      vertex   1.900000e+01 1.150000e+01 8.000000e+00
      vertex   6.500000e+00 8.500000e+00 8.000000e+00
      vertex   6.500000e+00 1.150000e+01 8.000000e+00
    endloop
  endfacet
  facet normal 4.906767e-02 0.000000e+00 -9.987955e-01
    outer loop
      vertex   6.500000e+00 1.150000e+01 8.000000e+00
      vertex   6.500000e+00 8.500000e+00 8.000000e+00
      vertex   6.352974e+00 1.150963e+01 7.992777e+00
    endloop
  endfacet
  facet normal 4.906767e-02 2.793822e-16 -9.987955e-01
    outer loop
      vertex   6.352974e+00 1.150963e+01 7.992777e+00
      vertex   6.500000e+00 8.500000e+00 8.000000e+00
      vertex   6.352974e+00 8.490370e+00 7.992777e+00
    endloop
  endfacet
  facet normal 1.359317e-01 2.514532e-16 -9.907182e-01
    outer loop
      vertex   6.352974e+00 1.150963e+01 7.992777e+00
      vertex   6.352974e+00 8.490370e+00 7.992777e+00
      vertex   6.239528e+00 1.000000e+01 7.977211e+00
    endloop
  endfacet
  facet normal 1.465726e-01 8.153085e-04 -9.891996e-01
    outer loop
      vertex   6.239528e+00 1.000000e+01 7.977211e+00
      vertex   6.352974e+00 8.490370e+00 7.992777e+00
      vertex   6.207365e+00 8.461571e+00 7.971178e+00
    endloop
  endfacet
  facet normal 2.433836e-01 -1.284249e-03 -9.699293e-01
    outer loop
      vertex   6.239528e+00 1.000000e+01 7.977211e+00
      vertex   6.207365e+00 8.461571e+00 7.971178e+00
      vertex   6.064573e+00 8.413881e+00 7.935410e+00
    endloop
  endfacet
  facet normal 2.588178e-01 -3.092334e-03 -9.659212e-01
    outer loop
      vertex   6.239528e+00 1.000000e+01 7.977211e+00
      vertex   6.064573e+00 8.413881e+00 7.935410e+00
      vertex   5.986970e+00 1.000000e+01 7.909539e+00
    endloop
  endfacet
  facet normal 3.364246e-01 1.099608e-03 -9.417098e-01
    outer loop
      vertex   5.986970e+00 1.000000e+01 7.909539e+00
      vertex   6.064573e+00 8.413881e+00 7.935410e+00
      vertex   5.925975e+00 8.347759e+00 7.885819e+00
    endloop
  endfacet
  facet normal 4.226168e-01 -2.590585e-03 -9.063047e-01
    outer loop
      vertex   5.986970e+00 1.000000e+01 7.909539e+00
      vertex   5.925975e+00 8.347759e+00 7.885819e+00
      vertex   5.750000e+00 1.000000e+01 7.799038e+00
    endloop
  endfacet
  facet normal 4.284920e-01 -1.819826e-03 -9.035437e-01
    outer loop
      vertex   5.750000e+00 1.000000e+01 7.799038e+00
      vertex   5.925975e+00 8.347759e+00 7.885819e+00
      vertex   5.792905e+00 8.263843e+00 7.822882e+00
    endloop
  endfacet
  facet normal 5.135689e-01 9.074666e-04 -8.580479e-01
    outer loop
      vertex   5.750000e+00 1.000000e+01 7.799038e+00
      vertex   5.792905e+00 8.263843e+00 7.822882e+00
      vertex   5.666645e+00 8.162939e+00 7.747204e+00
    endloop
  endfacet
  facet normal 5.735740e-01 -2.912789e-03 -8.191486e-01
    outer loop
      vertex   5.750000e+00 1.000000e+01 7.799038e+00
      vertex   5.666645e+00 8.162939e+00 7.747204e+00
      vertex   5.535819e+00 1.000000e+01 7.649067e+00
    endloop
  endfacet
  facet normal 5.959885e-01 -4.534860e-04 -8.029928e-01
    outer loop
      vertex   5.535819e+00 1.000000e+01 7.649067e+00
      vertex   5.666645e+00 8.162939e+00 7.747204e+00
      vertex   5.548410e+00 8.046021e+00 7.659516e+00
    endloop
  endfacet
  facet normal 6.713183e-01 3.625475e-04 -7.411690e-01
    outer loop
      vertex   5.535819e+00 1.000000e+01 7.649067e+00
      vertex   5.548410e+00 8.046021e+00 7.659516e+00
      vertex   5.439340e+00 7.914214e+00 7.560660e+00
    endloop
  endfacet
  facet normal 7.071041e-01 -2.736585e-03 -7.071041e-01
    outer loop
      vertex   5.535819e+00 1.000000e+01 7.649067e+00
      vertex   5.439340e+00 7.914214e+00 7.560660e+00
      vertex   5.350933e+00 1.000000e+01 7.464181e+00
    endloop
  endfacet
  facet normal 7.407373e-01 3.222106e-04 -6.717947e-01
    outer loop
      vertex   5.350933e+00 1.000000e+01 7.464181e+00
      vertex   5.439340e+00 7.914214e+00 7.560660e+00
      vertex   5.340484e+00 7.768787e+00 7.451590e+00
    endloop
  endfacet
  facet normal 8.034644e-01 -4.029364e-04 -5.953526e-01
    outer loop
      vertex   5.350933e+00 1.000000e+01 7.464181e+00
      vertex   5.340484e+00 7.768787e+00 7.451590e+00
      vertex   5.252796e+00 7.611141e+00 7.333355e+00
    endloop
  endfacet
  facet normal 8.191500e-01 -2.239973e-03 -5.735750e-01
    outer loop
      vertex   5.350933e+00 1.000000e+01 7.464181e+00
      vertex   5.252796e+00 7.611141e+00 7.333355e+00
      vertex   5.200962e+00 1.000000e+01 7.250000e+00
    endloop
  endfacet
  facet normal 8.573507e-01 6.421260e-04 -5.147324e-01
    outer loop
      vertex   5.200962e+00 1.000000e+01 7.250000e+00
      vertex   5.252796e+00 7.611141e+00 7.333355e+00
      vertex   5.177118e+00 7.442794e+00 7.207095e+00
    endloop
  endfacet
  facet normal 9.046497e-01 -1.285068e-03 -4.261540e-01
    outer loop
      vertex   5.200962e+00 1.000000e+01 7.250000e+00
      vertex   5.177118e+00 7.442794e+00 7.207095e+00
      vertex   5.114181e+00 7.265367e+00 7.074025e+00
    endloop
  endfacet
  facet normal 9.063067e-01 -1.565212e-03 -4.226177e-01
    outer loop
      vertex   5.200962e+00 1.000000e+01 7.250000e+00
      vertex   5.114181e+00 7.265367e+00 7.074025e+00
      vertex   5.090461e+00 1.000000e+01 7.013030e+00
    endloop
  endfacet
  facet normal 9.412756e-01 6.335304e-04 -3.376385e-01
    outer loop
      vertex   5.090461e+00 1.000000e+01 7.013030e+00
      vertex   5.114181e+00 7.265367e+00 7.074025e+00
      vertex   5.064589e+00 7.080570e+00 6.935427e+00
    endloop
  endfacet
  facet normal 9.659245e-01 -1.680063e-03 -2.588187e-01
    outer loop
      vertex   5.090461e+00 1.000000e+01 7.013030e+00
      vertex   5.064589e+00 7.080570e+00 6.935427e+00
      vertex   5.022788e+00 1.000000e+01 6.760472e+00
    endloop
  endfacet
  facet normal 9.702264e-01 -6.224919e-04 -2.421991e-01
    outer loop
      vertex   5.022788e+00 1.000000e+01 6.760472e+00
      vertex   5.064589e+00 7.080570e+00 6.935427e+00
      vertex   5.028822e+00 6.890181e+00 6.792635e+00
    endloop
  endfacet
  facet normal 9.890996e-01 3.961622e-04 -1.472473e-01
    outer loop
      vertex   5.022788e+00 1.000000e+01 6.760472e+00
      vertex   5.028822e+00 6.890181e+00 6.792635e+00
      vertex   5.007223e+00 6.696034e+00 6.647026e+00
    endloop
  endfacet
  facet normal 9.987955e-01 1.867751e-17 -4.906767e-02
    outer loop
      vertex   5.000000e+00 6.500000e+00 6.500000e+00
      vertex   5.000000e+00 1.350000e+01 6.500000e+00
      vertex   5.007223e+00 6.696034e+00 6.647026e+00
    endloop
  endfacet
  facet normal 9.947179e-01 -1.161964e-03 -1.026400e-01
    outer loop
      vertex   5.007223e+00 6.696034e+00 6.647026e+00
      vertex   5.000000e+00 1.350000e+01 6.500000e+00
      vertex   5.022788e+00 1.000000e+01 6.760472e+00
    endloop
  endfacet
  facet normal 9.989885e-01 3.166197e-03 -4.485556e-02
    outer loop
      vertex   5.000000e+00 1.350000e+01 6.500000e+00
      vertex   5.007223e+00 1.330397e+01 6.647026e+00
      vertex   5.022788e+00 1.000000e+01 6.760472e+00
    endloop
  endfacet
  facet normal 9.890996e-01 -3.961622e-04 -1.472473e-01
    outer loop
      vertex   5.022788e+00 1.000000e+01 6.760472e+00
      vertex   5.007223e+00 1.330397e+01 6.647026e+00
      vertex   5.028822e+00 1.310982e+01 6.792635e+00
    endloop
  endfacet
  facet normal 9.702264e-01 6.224919e-04 -2.421991e-01
    outer loop
      vertex   5.022788e+00 1.000000e+01 6.760472e+00
      vertex   5.028822e+00 1.310982e+01 6.792635e+00
      vertex   5.064589e+00 1.291943e+01 6.935427e+00
    endloop
  endfacet
  facet normal 9.659245e-01 1.680063e-03 -2.588187e-01
    outer loop
      vertex   5.022788e+00 1.000000e+01 6.760472e+00
      vertex   5.064589e+00 1.291943e+01 6.935427e+00
      vertex   5.090461e+00 1.000000e+01 7.013030e+00
    endloop
  endfacet
  facet normal 9.412756e-01 -6.335304e-04 -3.376385e-01
    outer loop
      vertex   5.090461e+00 1.000000e+01 7.013030e+00
      vertex   5.064589e+00 1.291943e+01 6.935427e+00
      vertex   5.114181e+00 1.273463e+01 7.074025e+00
    endloop
  endfacet
  facet normal 9.063067e-01 1.565212e-03 -4.226177e-01
    outer loop
      vertex   5.090461e+00 1.000000e+01 7.013030e+00
      vertex   5.114181e+00 1.273463e+01 7.074025e+00
      vertex   5.200962e+00 1.000000e+01 7.250000e+00
    endloop
  endfacet
  facet normal 9.046497e-01 1.285068e-03 -4.261540e-01
    outer loop
      vertex   5.200962e+00 1.000000e+01 7.250000e+00
      vertex   5.114181e+00 1.273463e+01 7.074025e+00
      vertex   5.177118e+00 1.255721e+01 7.207095e+00
    endloop
  endfacet
  facet normal 8.573507e-01 -6.421260e-04 -5.147324e-01
    outer loop
      vertex   5.200962e+00 1.000000e+01 7.250000e+00
      vertex   5.177118e+00 1.255721e+01 7.207095e+00
      vertex   5.252796e+00 1.238886e+01 7.333355e+00
    endloop
  endfacet
  facet normal 8.191500e-01 2.239973e-03 -5.735750e-01
    outer loop
      vertex   5.200962e+00 1.000000e+01 7.250000e+00
      vertex   5.252796e+00 1.238886e+01 7.333355e+00
      vertex   5.350933e+00 1.000000e+01 7.464181e+00
    endloop
  endfacet
  facet normal 8.034644e-01 4.029364e-04 -5.953526e-01
    outer loop
      vertex   5.350933e+00 1.000000e+01 7.464181e+00
      vertex   5.252796e+00 1.238886e+01 7.333355e+00
      vertex   5.340484e+00 1.223121e+01 7.451590e+00
    endloop
  endfacet
  facet normal 7.407373e-01 -3.222106e-04 -6.717947e-01
    outer loop
      vertex   5.350933e+00 1.000000e+01 7.464181e+00
      vertex   5.340484e+00 1.223121e+01 7.451590e+00
      vertex   5.439340e+00 1.208579e+01 7.560660e+00
    endloop
  endfacet
  facet normal 7.071041e-01 2.736585e-03 -7.071041e-01
    outer loop
      vertex   5.350933e+00 1.000000e+01 7.464181e+00
      vertex   5.439340e+00 1.208579e+01 7.560660e+00
      vertex   5.535819e+00 1.000000e+01 7.649067e+00
    endloop
  endfacet
  facet normal 6.713183e-01 -3.625475e-04 -7.411690e-01
    outer loop
      vertex   5.535819e+00 1.000000e+01 7.649067e+00
      vertex   5.439340e+00 1.208579e+01 7.560660e+00
      vertex   5.548410e+00 1.195398e+01 7.659516e+00
    endloop
  endfacet
  facet normal 5.959885e-01 4.534860e-04 -8.029928e-01
    outer loop
      vertex   5.535819e+00 1.000000e+01 7.649067e+00
      vertex   5.548410e+00 1.195398e+01 7.659516e+00
      vertex   5.666645e+00 1.183706e+01 7.747204e+00
    endloop
  endfacet
  facet normal 5.735740e-01 2.912789e-03 -8.191486e-01
    outer loop
      vertex   5.535819e+00 1.000000e+01 7.649067e+00
      vertex   5.666645e+00 1.183706e+01 7.747204e+00
      vertex   5.750000e+00 1.000000e+01 7.799038e+00
    endloop
  endfacet
  facet normal 5.135689e-01 -9.074666e-04 -8.580479e-01
    outer loop
      vertex   5.750000e+00 1.000000e+01 7.799038e+00
      vertex   5.666645e+00 1.183706e+01 7.747204e+00
      vertex   5.792905e+00 1.173616e+01 7.822882e+00
    endloop
  endfacet
  facet normal 4.284920e-01 1.819826e-03 -9.035437e-01
    outer loop
      vertex   5.750000e+00 1.000000e+01 7.799038e+00
      vertex   5.792905e+00 1.173616e+01 7.822882e+00
      vertex   5.925975e+00 1.165224e+01 7.885819e+00
    endloop
  endfacet
  facet normal 4.226168e-01 2.590585e-03 -9.063047e-01
    outer loop
      vertex   5.750000e+00 1.000000e+01 7.799038e+00
      vertex   5.925975e+00 1.165224e+01 7.885819e+00
      vertex   5.986970e+00 1.000000e+01 7.909539e+00
    endloop
  endfacet
  facet normal 3.364246e-01 -1.099608e-03 -9.417098e-01
    outer loop
      vertex   5.986970e+00 1.000000e+01 7.909539e+00
      vertex   5.925975e+00 1.165224e+01 7.885819e+00
      vertex   6.064573e+00 1.158612e+01 7.935410e+00
    endloop
  endfacet
  facet normal 2.588178e-01 3.092334e-03 -9.659212e-01
    outer loop
      vertex   5.986970e+00 1.000000e+01 7.909539e+00
      vertex   6.064573e+00 1.158612e+01 7.935410e+00
      vertex   6.239528e+00 1.000000e+01 7.977211e+00
    endloop
  endfacet
  facet normal 2.433836e-01 1.284249e-03 -9.699293e-01
    outer loop
      vertex   6.239528e+00 1.000000e+01 7.977211e+00
      vertex   6.064573e+00 1.158612e+01 7.935410e+00
      vertex   6.207365e+00 1.153843e+01 7.971178e+00
    endloop
  endfacet
  facet normal 1.465726e-01 -8.153085e-04 -9.891996e-01
    outer loop
      vertex   6.239528e+00 1.000000e+01 7.977211e+00
      vertex   6.207365e+00 1.153843e+01 7.971178e+00
      vertex   6.352974e+00 1.150963e+01 7.992777e+00
    endloop
  endfacet
  facet normal 5.398127e-02 9.955329e-01 -7.746079e-02
    outer loop
      vertex   6.352974e+00 1.200722e+01 8.490369e+00
      vertex   6.500000e+00 1.200000e+01 8.500000e+00
      vertex   6.361007e+00 1.200127e+01 8.419474e+00
    endloop
  endfacet
  facet normal 8.438517e-02 9.879086e-01 -1.300606e-01
    outer loop
      vertex   6.361007e+00 1.200127e+01 8.419474e+00
      vertex   6.500000e+00 1.200000e+01 8.500000e+00
      vertex   6.500000e+00 1.198296e+01 8.370590e+00
    endloop
  endfacet
  facet normal 5.125515e-02 9.743378e-01 -2.191776e-01
    outer loop
      vertex   6.361007e+00 1.200127e+01 8.419474e+00
      vertex   6.500000e+00 1.198296e+01 8.370590e+00
      vertex   6.366097e+00 1.198536e+01 8.349927e+00
    endloop
  endfacet
  facet normal 7.427506e-02 9.243934e-01 -3.741392e-01
    outer loop
      vertex   6.366097e+00 1.198536e+01 8.349927e+00
      vertex   6.500000e+00 1.198296e+01 8.370590e+00
      vertex   6.370970e+00 1.194976e+01 8.262939e+00
    endloop
  endfacet
  facet normal 1.901491e-01 9.123006e-01 -3.626995e-01
    outer loop
      vertex   6.366097e+00 1.198536e+01 8.349927e+00
      vertex   6.370970e+00 1.194976e+01 8.262939e+00
      vertex   6.232221e+00 1.200375e+01 8.325991e+00
    endloop
  endfacet
  facet normal 1.855508e-01 9.099765e-01 -3.708283e-01
    outer loop
      vertex   6.232221e+00 1.200375e+01 8.325991e+00
      vertex   6.370970e+00 1.194976e+01 8.262939e+00
      vertex   6.241359e+00 1.196746e+01 8.241520e+00
    endloop
  endfacet
  facet normal 3.100312e-01 8.852425e-01 -3.467367e-01
    outer loop
      vertex   6.232221e+00 1.200375e+01 8.325991e+00
      vertex   6.241359e+00 1.196746e+01 8.241520e+00
      vertex   6.099252e+00 1.203468e+01 8.286075e+00
    endloop
  endfacet
  facet normal 3.047676e-01 8.822020e-01 -3.589377e-01
    outer loop
      vertex   6.099252e+00 1.203468e+01 8.286075e+00
      vertex   6.241359e+00 1.196746e+01 8.241520e+00
      vertex   6.111868e+00 1.199752e+01 8.205466e+00
    endloop
  endfacet
  facet normal 4.206834e-01 8.471358e-01 -3.246328e-01
    outer loop
      vertex   6.099252e+00 1.203468e+01 8.286075e+00
      vertex   6.111868e+00 1.199752e+01 8.205466e+00
      vertex   5.968072e+00 1.207840e+01 8.230162e+00
    endloop
  endfacet
  facet normal 4.159340e-01 8.434101e-01 -3.400858e-01
    outer loop
      vertex   5.968072e+00 1.207840e+01 8.230162e+00
      vertex   6.111868e+00 1.199752e+01 8.205466e+00
      vertex   5.983198e+00 1.204042e+01 8.154485e+00
    endloop
  endfacet
  facet normal 5.200815e-01 8.005356e-01 -2.977550e-01
    outer loop
      vertex   5.968072e+00 1.207840e+01 8.230162e+00
      vertex   5.983198e+00 1.204042e+01 8.154485e+00
      vertex   5.839563e+00 1.213513e+01 8.158235e+00
    endloop
  endfacet
  facet normal 5.164321e-01 7.957387e-01 -3.163823e-01
    outer loop
      vertex   5.839563e+00 1.213513e+01 8.158235e+00
      vertex   5.983198e+00 1.204042e+01 8.154485e+00
      vertex   5.856051e+00 1.209662e+01 8.088286e+00
    endloop
  endfacet
  facet normal 6.076941e-01 7.474780e-01 -2.682994e-01
    outer loop
      vertex   5.839563e+00 1.213513e+01 8.158235e+00
      vertex   5.856051e+00 1.209662e+01 8.088286e+00
      vertex   5.714658e+00 1.220511e+01 8.070295e+00
    endloop
  endfacet
  facet normal 6.054582e-01 7.408221e-01 -2.908660e-01
    outer loop
      vertex   5.714658e+00 1.220511e+01 8.070295e+00
      vertex   5.856051e+00 1.209662e+01 8.088286e+00
      vertex   5.731206e+00 1.216658e+01 8.006590e+00
    endloop
  endfacet
  facet normal 6.848853e-01 6.884867e-01 -2.385755e-01
    outer loop
      vertex   5.714658e+00 1.220511e+01 8.070295e+00
      vertex   5.731206e+00 1.216658e+01 8.006590e+00
      vertex   5.595117e+00 1.228818e+01 7.966835e+00
    endloop
  endfacet
  facet normal 6.844152e-01 6.798153e-01 -2.634900e-01
    outer loop
      vertex   5.595117e+00 1.228818e+01 7.966835e+00
      vertex   5.731206e+00 1.216658e+01 8.006590e+00
      vertex   5.610694e+00 1.225032e+01 7.909622e+00
    endloop
  endfacet
  facet normal 7.512902e-01 6.258195e-01 -2.095540e-01
    outer loop
      vertex   5.595117e+00 1.228818e+01 7.966835e+00
      vertex   5.610694e+00 1.225032e+01 7.909622e+00
      vertex   5.482681e+00 1.238365e+01 7.848837e+00
    endloop
  endfacet
  facet normal 7.524671e-01 6.149172e-01 -2.359452e-01
    outer loop
      vertex   5.482681e+00 1.238365e+01 7.848837e+00
      vertex   5.610694e+00 1.225032e+01 7.909622e+00
      vertex   5.496572e+00 1.234723e+01 7.798220e+00
    endloop
  endfacet
  facet normal 8.121671e-01 5.558970e-01 -1.770963e-01
    outer loop
      vertex   5.482681e+00 1.238365e+01 7.848837e+00
      vertex   5.496572e+00 1.234723e+01 7.798220e+00
      vertex   5.362381e+00 1.251001e+01 7.693799e+00
    endloop
  endfacet
  facet normal 8.160413e-01 5.392756e-01 -2.079868e-01
    outer loop
      vertex   5.362381e+00 1.251001e+01 7.693799e+00
      vertex   5.496572e+00 1.234723e+01 7.798220e+00
      vertex   5.373726e+00 1.247629e+01 7.650864e+00
    endloop
  endfacet
  facet normal 8.675267e-01 4.759065e-01 -1.446043e-01
    outer loop
      vertex   5.362381e+00 1.251001e+01 7.693799e+00
      vertex   5.373726e+00 1.247629e+01 7.650864e+00
      vertex   5.256427e+00 1.265097e+01 7.522065e+00
    endloop
  endfacet
  facet normal 8.722895e-01 4.565044e-01 -1.752564e-01
    outer loop
      vertex   5.256427e+00 1.265097e+01 7.522065e+00
      vertex   5.373726e+00 1.247629e+01 7.650864e+00
      vertex   5.264982e+00 1.262103e+01 7.486650e+00
    endloop
  endfacet
  facet normal 9.155345e-01 3.878198e-01 -1.067348e-01
    outer loop
      vertex   5.256427e+00 1.265097e+01 7.522065e+00
      vertex   5.264982e+00 1.262103e+01 7.486650e+00
      vertex   5.146758e+00 1.284515e+01 7.286913e+00
    endloop
  endfacet
  facet normal 9.224520e-01 3.582519e-01 -1.440069e-01
    outer loop
      vertex   5.146758e+00 1.284515e+01 7.286913e+00
      vertex   5.264982e+00 1.262103e+01 7.486650e+00
      vertex   5.151935e+00 1.282128e+01 7.260684e+00
    endloop
  endfacet
  facet normal 9.562178e-01 2.841799e-01 -6.992295e-02
    outer loop
      vertex   5.146758e+00 1.284515e+01 7.286913e+00
      vertex   5.151935e+00 1.282128e+01 7.260684e+00
      vertex   5.066032e+00 1.305467e+01 7.034453e+00
    endloop
  endfacet
  facet normal 9.621360e-01 2.509029e-01 -1.064994e-01
    outer loop
      vertex   5.066032e+00 1.305467e+01 7.034453e+00
      vertex   5.151935e+00 1.282128e+01 7.260684e+00
      vertex   5.068446e+00 1.303806e+01 7.017141e+00
    endloop
  endfacet
  facet normal 9.832488e-01 1.789643e-01 -3.454686e-02
    outer loop
      vertex   5.066032e+00 1.305467e+01 7.034453e+00
      vertex   5.068446e+00 1.303806e+01 7.017141e+00
      vertex   5.016700e+00 1.327469e+01 6.770193e+00
    endloop
  endfacet
  facet normal 9.872261e-01 1.433774e-01 -6.948021e-02
    outer loop
      vertex   5.016700e+00 1.327469e+01 6.770193e+00
      vertex   5.068446e+00 1.303806e+01 7.017141e+00
      vertex   5.017331e+00 1.326618e+01 6.761590e+00
    endloop
  endfacet
  facet normal 9.972652e-01 7.390655e-02 -8.928515e-06
    outer loop
      vertex   5.016700e+00 1.327469e+01 6.770193e+00
      vertex   5.017331e+00 1.326618e+01 6.761590e+00
      vertex   5.000000e+00 1.350000e+01 6.500000e+00
    endloop
  endfacet
  facet normal 8.126612e-02 9.208237e-01 -3.814177e-01
    outer loop
      vertex   6.500000e+00 1.198296e+01 8.370590e+00
      vertex   6.500000e+00 1.193301e+01 8.250000e+00
      vertex   6.370970e+00 1.194976e+01 8.262939e+00
    endloop
  endfacet
  facet normal 5.424109e-02 8.377386e-01 -5.433709e-01
    outer loop
      vertex   6.370970e+00 1.194976e+01 8.262939e+00
      vertex   6.500000e+00 1.193301e+01 8.250000e+00
      vertex   6.373580e+00 1.189845e+01 8.184091e+00
    endloop
  endfacet
  facet normal 2.001016e-01 8.242160e-01 -5.297427e-01
    outer loop
      vertex   6.370970e+00 1.194976e+01 8.262939e+00
      vertex   6.373580e+00 1.189845e+01 8.184091e+00
      vertex   6.241359e+00 1.196746e+01 8.241520e+00
    endloop
  endfacet
  facet normal 1.974124e-01 8.223301e-01 -5.336680e-01
    outer loop
      vertex   6.241359e+00 1.196746e+01 8.241520e+00
      vertex   6.373580e+00 1.189845e+01 8.184091e+00
      vertex   6.246251e+00 1.191640e+01 8.164654e+00
    endloop
  endfacet
  facet normal 3.265619e-01 7.967577e-01 -5.084629e-01
    outer loop
      vertex   6.241359e+00 1.196746e+01 8.241520e+00
      vertex   6.246251e+00 1.191640e+01 8.164654e+00
      vertex   6.111868e+00 1.199752e+01 8.205466e+00
    endloop
  endfacet
  facet normal 3.232783e-01 7.942950e-01 -5.143798e-01
    outer loop
      vertex   6.111868e+00 1.199752e+01 8.205466e+00
      vertex   6.246251e+00 1.191640e+01 8.164654e+00
      vertex   6.118617e+00 1.194699e+01 8.131677e+00
    endloop
  endfacet
  facet normal 4.425017e-01 7.582535e-01 -4.787942e-01
    outer loop
      vertex   6.111868e+00 1.199752e+01 8.205466e+00
      vertex   6.118617e+00 1.194699e+01 8.131677e+00
      vertex   5.983198e+00 1.204042e+01 8.154485e+00
    endloop
  endfacet
  facet normal 4.392298e-01 7.553517e-01 -4.863343e-01
    outer loop
      vertex   5.983198e+00 1.204042e+01 8.154485e+00
      vertex   6.118617e+00 1.194699e+01 8.131677e+00
      vertex   5.991283e+00 1.199078e+01 8.084684e+00
    endloop
  endfacet
  facet normal 5.452070e-01 7.116857e-01 -4.430043e-01
    outer loop
      vertex   5.983198e+00 1.204042e+01 8.154485e+00
      vertex   5.991283e+00 1.199078e+01 8.084684e+00
      vertex   5.856051e+00 1.209662e+01 8.088286e+00
    endloop
  endfacet
  facet normal 5.422178e-01 7.081793e-01 -4.521969e-01
    outer loop
      vertex   5.856051e+00 1.209662e+01 8.088286e+00
      vertex   5.991283e+00 1.199078e+01 8.084684e+00
      vertex   5.864855e+00 1.204832e+01 8.023193e+00
    endloop
  endfacet
  facet normal 6.338759e-01 6.596603e-01 -4.037941e-01
    outer loop
      vertex   5.856051e+00 1.209662e+01 8.088286e+00
      vertex   5.864855e+00 1.204832e+01 8.023193e+00
      vertex   5.731206e+00 1.216658e+01 8.006590e+00
    endloop
  endfacet
  facet normal 6.312628e-01 6.551164e-01 -4.151262e-01
    outer loop
      vertex   5.731206e+00 1.216658e+01 8.006590e+00
      vertex   5.864855e+00 1.204832e+01 8.023193e+00
      vertex   5.740031e+00 1.212015e+01 7.946736e+00
    endloop
  endfacet
  facet normal 7.107236e-01 6.027216e-01 -3.627652e-01
    outer loop
      vertex   5.731206e+00 1.216658e+01 8.006590e+00
      vertex   5.740031e+00 1.212015e+01 7.946736e+00
      vertex   5.610694e+00 1.225032e+01 7.909622e+00
    endloop
  endfacet
  facet normal 7.088008e-01 5.971965e-01 -3.754435e-01
    outer loop
      vertex   5.610694e+00 1.225032e+01 7.909622e+00
      vertex   5.740031e+00 1.212015e+01 7.946736e+00
      vertex   5.618991e+00 1.220635e+01 7.855343e+00
    endloop
  endfacet
  facet normal 7.754096e-01 5.433853e-01 -3.216714e-01
    outer loop
      vertex   5.610694e+00 1.225032e+01 7.909622e+00
      vertex   5.618991e+00 1.220635e+01 7.855343e+00
      vertex   5.496572e+00 1.234723e+01 7.798220e+00
    endloop
  endfacet
  facet normal 7.742139e-01 5.368358e-01 -3.352613e-01
    outer loop
      vertex   5.496572e+00 1.234723e+01 7.798220e+00
      vertex   5.618991e+00 1.220635e+01 7.855343e+00
      vertex   5.503960e+00 1.230629e+01 7.749735e+00
    endloop
  endfacet
  facet normal 8.337489e-01 4.779417e-01 -2.764679e-01
    outer loop
      vertex   5.496572e+00 1.234723e+01 7.798220e+00
      vertex   5.503960e+00 1.230629e+01 7.749735e+00
      vertex   5.373726e+00 1.247629e+01 7.650864e+00
    endloop
  endfacet
  facet normal 8.336240e-01 4.684870e-01 -2.925594e-01
    outer loop
      vertex   5.373726e+00 1.247629e+01 7.650864e+00
      vertex   5.503960e+00 1.230629e+01 7.749735e+00
      vertex   5.379750e+00 1.243961e+01 7.609297e+00
    endloop
  endfacet
  facet normal 8.851247e-01 4.050438e-01 -2.291154e-01
    outer loop
      vertex   5.373726e+00 1.247629e+01 7.650864e+00
      vertex   5.379750e+00 1.243961e+01 7.609297e+00
      vertex   5.264982e+00 1.262103e+01 7.486650e+00
    endloop
  endfacet
  facet normal 8.855936e-01 3.944170e-01 -2.452737e-01
    outer loop
      vertex   5.264982e+00 1.262103e+01 7.486650e+00
      vertex   5.379750e+00 1.243961e+01 7.609297e+00
      vertex   5.269519e+00 1.258932e+01 7.452040e+00
    endloop
  endfacet
  facet normal 9.289768e-01 3.254165e-01 -1.763696e-01
    outer loop
      vertex   5.264982e+00 1.262103e+01 7.486650e+00
      vertex   5.269519e+00 1.258932e+01 7.452040e+00
      vertex   5.151935e+00 1.282128e+01 7.260684e+00
    endloop
  endfacet
  facet normal 9.303569e-01 3.097026e-01 -1.962658e-01
    outer loop
      vertex   5.151935e+00 1.282128e+01 7.260684e+00
      vertex   5.269519e+00 1.258932e+01 7.452040e+00
      vertex   5.154676e+00 1.279664e+01 7.234798e+00
    endloop
  endfacet
  facet normal 9.643902e-01 2.349288e-01 -1.214907e-01
    outer loop
      vertex   5.151935e+00 1.282128e+01 7.260684e+00
      vertex   5.154676e+00 1.279664e+01 7.234798e+00
      vertex   5.068446e+00 1.303806e+01 7.017141e+00
    endloop
  endfacet
  facet normal 9.657620e-01 2.176101e-01 -1.412434e-01
    outer loop
      vertex   5.068446e+00 1.303806e+01 7.017141e+00
      vertex   5.154676e+00 1.279664e+01 7.234798e+00
      vertex   5.069723e+00 1.302122e+01 6.999930e+00
    endloop
  endfacet
  facet normal 9.871193e-01 1.446730e-01 -6.830227e-02
    outer loop
      vertex   5.068446e+00 1.303806e+01 7.017141e+00
      vertex   5.069723e+00 1.302122e+01 6.999930e+00
      vertex   5.017331e+00 1.326618e+01 6.761590e+00
    endloop
  endfacet
  facet normal 9.881311e-01 1.263717e-01 -8.733386e-02
    outer loop
      vertex   5.017331e+00 1.326618e+01 6.761590e+00
      vertex   5.069723e+00 1.302122e+01 6.999930e+00
      vertex   5.017664e+00 1.325763e+01 6.752999e+00
    endloop
  endfacet
  facet normal 9.983203e-01 5.553638e-02 -1.649923e-02
    outer loop
      vertex   5.017331e+00 1.326618e+01 6.761590e+00
      vertex   5.017664e+00 1.325763e+01 6.752999e+00
      vertex   5.000000e+00 1.350000e+01 6.500000e+00
    endloop
  endfacet
  facet normal 9.996407e-02 7.893795e-01 -6.057122e-01
    outer loop
      vertex   6.500000e+00 1.193301e+01 8.250000e+00
      vertex   6.500000e+00 1.185355e+01 8.146446e+00
      vertex   6.373580e+00 1.189845e+01 8.184091e+00
    endloop
  endfacet
  facet normal 5.080126e-02 7.218077e-01 -6.902267e-01
    outer loop
      vertex   6.373580e+00 1.189845e+01 8.184091e+00
      vertex   6.500000e+00 1.185355e+01 8.146446e+00
      vertex   6.373860e+00 1.183336e+01 8.116043e+00
    endloop
  endfacet
  facet normal 2.030789e-01 7.079960e-01 -6.763880e-01
    outer loop
      vertex   6.373580e+00 1.189845e+01 8.184091e+00
      vertex   6.373860e+00 1.183336e+01 8.116043e+00
      vertex   6.246251e+00 1.191640e+01 8.164654e+00
    endloop
  endfacet
  facet normal 2.027702e-01 7.077354e-01 -6.767532e-01
    outer loop
      vertex   6.246251e+00 1.191640e+01 8.164654e+00
      vertex   6.373860e+00 1.183336e+01 8.116043e+00
      vertex   6.246776e+00 1.185242e+01 8.097898e+00
    endloop
  endfacet
  facet normal 3.318403e-01 6.823311e-01 -6.513880e-01
    outer loop
      vertex   6.246251e+00 1.191640e+01 8.164654e+00
      vertex   6.246776e+00 1.185242e+01 8.097898e+00
      vertex   6.118617e+00 1.194699e+01 8.131677e+00
    endloop
  endfacet
  facet normal 3.314420e-01 6.819910e-01 -6.519467e-01
    outer loop
      vertex   6.118617e+00 1.194699e+01 8.131677e+00
      vertex   6.246776e+00 1.185242e+01 8.097898e+00
      vertex   6.119341e+00 1.188480e+01 8.066983e+00
    endloop
  endfacet
  facet normal 4.497506e-01 6.463746e-01 -6.163800e-01
    outer loop
      vertex   6.118617e+00 1.194699e+01 8.131677e+00
      vertex   6.119341e+00 1.188480e+01 8.066983e+00
      vertex   5.991283e+00 1.199078e+01 8.084684e+00
    endloop
  endfacet
  facet normal 4.493250e-01 6.459810e-01 -6.171026e-01
    outer loop
      vertex   5.991283e+00 1.199078e+01 8.084684e+00
      vertex   6.119341e+00 1.188480e+01 8.066983e+00
      vertex   5.992151e+00 1.193101e+01 8.022745e+00
    endloop
  endfacet
  facet normal 5.537212e-01 6.030534e-01 -5.742120e-01
    outer loop
      vertex   5.991283e+00 1.199078e+01 8.084684e+00
      vertex   5.992151e+00 1.193101e+01 8.022745e+00
      vertex   5.864855e+00 1.204832e+01 8.023193e+00
    endloop
  endfacet
  facet normal 5.532932e-01 6.025923e-01 -5.751079e-01
    outer loop
      vertex   5.864855e+00 1.204832e+01 8.023193e+00
      vertex   5.992151e+00 1.193101e+01 8.022745e+00
      vertex   5.865801e+00 1.199155e+01 7.964628e+00
    endloop
  endfacet
  facet normal 6.427826e-01 5.552397e-01 -5.277682e-01
    outer loop
      vertex   5.864855e+00 1.204832e+01 8.023193e+00
      vertex   5.865801e+00 1.199155e+01 7.964628e+00
      vertex   5.740031e+00 1.212015e+01 7.946736e+00
    endloop
  endfacet
  facet normal 6.423542e-01 5.546641e-01 -5.288940e-01
    outer loop
      vertex   5.740031e+00 1.212015e+01 7.946736e+00
      vertex   5.865801e+00 1.199155e+01 7.964628e+00
      vertex   5.740979e+00 1.206694e+01 7.892084e+00
    endloop
  endfacet
  facet normal 7.196152e-01 5.037098e-01 -4.779439e-01
    outer loop
      vertex   5.740031e+00 1.212015e+01 7.946736e+00
      vertex   5.740979e+00 1.206694e+01 7.892084e+00
      vertex   5.618991e+00 1.220635e+01 7.855343e+00
    endloop
  endfacet
  facet normal 7.192331e-01 5.030379e-01 -4.792250e-01
    outer loop
      vertex   5.618991e+00 1.220635e+01 7.855343e+00
      vertex   5.740979e+00 1.206694e+01 7.892084e+00
      vertex   5.619881e+00 1.215716e+01 7.805046e+00
    endloop
  endfacet
  facet normal 7.837989e-01 4.508665e-01 -4.270583e-01
    outer loop
      vertex   5.618991e+00 1.220635e+01 7.855343e+00
      vertex   5.619881e+00 1.215716e+01 7.805046e+00
      vertex   5.503960e+00 1.230629e+01 7.749735e+00
    endloop
  endfacet
  facet normal 7.834781e-01 4.500998e-01 -4.284533e-01
    outer loop
      vertex   5.503960e+00 1.230629e+01 7.749735e+00
      vertex   5.619881e+00 1.215716e+01 7.805046e+00
      vertex   5.504753e+00 1.226152e+01 7.704157e+00
    endloop
  endfacet
  facet normal 8.413561e-01 3.928425e-01 -3.712072e-01
    outer loop
      vertex   5.503960e+00 1.230629e+01 7.749735e+00
      vertex   5.504753e+00 1.226152e+01 7.704157e+00
      vertex   5.379750e+00 1.243961e+01 7.609297e+00
    endloop
  endfacet
  facet normal 8.411111e-01 3.917772e-01 -3.728843e-01
    outer loop
      vertex   5.379750e+00 1.243961e+01 7.609297e+00
      vertex   5.504753e+00 1.226152e+01 7.704157e+00
      vertex   5.380397e+00 1.240044e+01 7.569605e+00
    endloop
  endfacet
  facet normal 8.914022e-01 3.297769e-01 -3.108846e-01
    outer loop
      vertex   5.379750e+00 1.243961e+01 7.609297e+00
      vertex   5.380397e+00 1.240044e+01 7.569605e+00
      vertex   5.269519e+00 1.258932e+01 7.452040e+00
    endloop
  endfacet
  facet normal 8.912336e-01 3.286126e-01 -3.125962e-01
    outer loop
      vertex   5.269519e+00 1.258932e+01 7.452040e+00
      vertex   5.380397e+00 1.240044e+01 7.569605e+00
      vertex   5.270006e+00 1.255613e+01 7.418539e+00
    endloop
  endfacet
  facet normal 9.338454e-01 2.607920e-01 -2.447864e-01
    outer loop
      vertex   5.269519e+00 1.258932e+01 7.452040e+00
      vertex   5.270006e+00 1.255613e+01 7.418539e+00
      vertex   5.154676e+00 1.279664e+01 7.234798e+00
    endloop
  endfacet
  facet normal 9.337497e-01 2.591099e-01 -2.469281e-01
    outer loop
      vertex   5.154676e+00 1.279664e+01 7.234798e+00
      vertex   5.270006e+00 1.255613e+01 7.418539e+00
      vertex   5.154970e+00 1.277136e+01 7.209387e+00
    endloop
  endfacet
  facet normal 9.673870e-01 1.850992e-01 -1.729178e-01
    outer loop
      vertex   5.154676e+00 1.279664e+01 7.234798e+00
      vertex   5.154970e+00 1.277136e+01 7.209387e+00
      vertex   5.069723e+00 1.302122e+01 6.999930e+00
    endloop
  endfacet
  facet normal 9.673460e-01 1.832763e-01 -1.750756e-01
    outer loop
      vertex   5.069723e+00 1.302122e+01 6.999930e+00
      vertex   5.154970e+00 1.277136e+01 7.209387e+00
      vertex   5.069860e+00 1.300419e+01 6.982861e+00
    endloop
  endfacet
  facet normal 9.885620e-01 1.106641e-01 -1.024633e-01
    outer loop
      vertex   5.069723e+00 1.302122e+01 6.999930e+00
      vertex   5.069860e+00 1.300419e+01 6.982861e+00
      vertex   5.017664e+00 1.325763e+01 6.752999e+00
    endloop
  endfacet
  facet normal 9.885536e-01 1.087565e-01 -1.045646e-01
    outer loop
      vertex   5.017664e+00 1.325763e+01 6.752999e+00
      vertex   5.069860e+00 1.300419e+01 6.982861e+00
      vertex   5.017700e+00 1.324907e+01 6.744427e+00
    endloop
  endfacet
  facet normal 9.987233e-01 3.775410e-02 -3.356239e-02
    outer loop
      vertex   5.017664e+00 1.325763e+01 6.752999e+00
      vertex   5.017700e+00 1.324907e+01 6.744427e+00
      vertex   5.000000e+00 1.350000e+01 6.500000e+00
    endloop
  endfacet
  facet normal 9.334674e-02 6.061034e-01 -7.898893e-01
    outer loop
      vertex   6.500000e+00 1.185355e+01 8.146446e+00
      vertex   6.500000e+00 1.175000e+01 8.066987e+00
      vertex   6.373860e+00 1.183336e+01 8.116043e+00
    endloop
  endfacet
  facet normal 6.781655e-02 5.802522e-01 -8.116085e-01
    outer loop
      vertex   6.373860e+00 1.183336e+01 8.116043e+00
      vertex   6.500000e+00 1.175000e+01 8.066987e+00
      vertex   6.371810e+00 1.175689e+01 8.061200e+00
    endloop
  endfacet
  facet normal 1.991866e-01 5.675852e-01 -7.988565e-01
    outer loop
      vertex   6.373860e+00 1.183336e+01 8.116043e+00
      vertex   6.371810e+00 1.175689e+01 8.061200e+00
      vertex   6.246776e+00 1.185242e+01 8.097898e+00
    endloop
  endfacet
  facet normal 2.016198e-01 5.699008e-01 -7.965943e-01
    outer loop
      vertex   6.246776e+00 1.185242e+01 8.097898e+00
      vertex   6.371810e+00 1.175689e+01 8.061200e+00
      vertex   6.242934e+00 1.177777e+01 8.043524e+00
    endloop
  endfacet
  facet normal 3.259291e-01 5.456248e-01 -7.720517e-01
    outer loop
      vertex   6.246776e+00 1.185242e+01 8.097898e+00
      vertex   6.242934e+00 1.177777e+01 8.043524e+00
      vertex   6.119341e+00 1.188480e+01 8.066983e+00
    endloop
  endfacet
  facet normal 3.292336e-01 5.486602e-01 -7.684902e-01
    outer loop
      vertex   6.119341e+00 1.188480e+01 8.066983e+00
      vertex   6.242934e+00 1.177777e+01 8.043524e+00
      vertex   6.114041e+00 1.181301e+01 8.013458e+00
    endloop
  endfacet
  facet normal 4.424385e-01 5.148184e-01 -7.343094e-01
    outer loop
      vertex   6.119341e+00 1.188480e+01 8.066983e+00
      vertex   6.114041e+00 1.181301e+01 8.013458e+00
      vertex   5.992151e+00 1.193101e+01 8.022745e+00
    endloop
  endfacet
  facet normal 4.461713e-01 5.183025e-01 -7.295846e-01
    outer loop
      vertex   5.992151e+00 1.193101e+01 8.022745e+00
      vertex   6.114041e+00 1.181301e+01 8.013458e+00
      vertex   5.985802e+00 1.186293e+01 7.970499e+00
    endloop
  endfacet
  facet normal 5.456116e-01 4.775966e-01 -6.886287e-01
    outer loop
      vertex   5.992151e+00 1.193101e+01 8.022745e+00
      vertex   5.985802e+00 1.186293e+01 7.970499e+00
      vertex   5.865801e+00 1.199155e+01 7.964628e+00
    endloop
  endfacet
  facet normal 5.495993e-01 4.815899e-01 -6.826506e-01
    outer loop
      vertex   5.865801e+00 1.199155e+01 7.964628e+00
      vertex   5.985802e+00 1.186293e+01 7.970499e+00
      vertex   5.858886e+00 1.192789e+01 7.914147e+00
    endloop
  endfacet
  facet normal 6.344258e-01 4.367777e-01 -6.377532e-01
    outer loop
      vertex   5.865801e+00 1.199155e+01 7.964628e+00
      vertex   5.858886e+00 1.192789e+01 7.914147e+00
      vertex   5.740979e+00 1.206694e+01 7.892084e+00
    endloop
  endfacet
  facet normal 6.386960e-01 4.416103e-01 -6.301173e-01
    outer loop
      vertex   5.740979e+00 1.206694e+01 7.892084e+00
      vertex   5.858886e+00 1.192789e+01 7.914147e+00
      vertex   5.734048e+00 1.200822e+01 7.843907e+00
    endloop
  endfacet
  facet normal 7.115705e-01 3.935649e-01 -5.820431e-01
    outer loop
      vertex   5.740979e+00 1.206694e+01 7.892084e+00
      vertex   5.734048e+00 1.200822e+01 7.843907e+00
      vertex   5.619881e+00 1.215716e+01 7.805046e+00
    endloop
  endfacet
  facet normal 7.156894e-01 3.990277e-01 -5.732065e-01
    outer loop
      vertex   5.619881e+00 1.215716e+01 7.805046e+00
      vertex   5.734048e+00 1.200822e+01 7.843907e+00
      vertex   5.613366e+00 1.210375e+01 7.759729e+00
    endloop
  endfacet
  facet normal 7.764648e-01 3.499281e-01 -5.240732e-01
    outer loop
      vertex   5.619881e+00 1.215716e+01 7.805046e+00
      vertex   5.613366e+00 1.210375e+01 7.759729e+00
      vertex   5.504753e+00 1.226152e+01 7.704157e+00
    endloop
  endfacet
  facet normal 7.802442e-01 3.559727e-01 -5.142981e-01
    outer loop
      vertex   5.504753e+00 1.226152e+01 7.704157e+00
      vertex   5.613366e+00 1.210375e+01 7.759729e+00
      vertex   5.498951e+00 1.221367e+01 7.662233e+00
    endloop
  endfacet
  facet normal 8.349933e-01 3.018403e-01 -4.600855e-01
    outer loop
      vertex   5.504753e+00 1.226152e+01 7.704157e+00
      vertex   5.498951e+00 1.221367e+01 7.662233e+00
      vertex   5.380397e+00 1.240044e+01 7.569605e+00
    endloop
  endfacet
  facet normal 8.384922e-01 3.099767e-01 -4.481577e-01
    outer loop
      vertex   5.380397e+00 1.240044e+01 7.569605e+00
      vertex   5.498951e+00 1.221367e+01 7.662233e+00
      vertex   5.375666e+00 1.235928e+01 7.532284e+00
    endloop
  endfacet
  facet normal 8.863618e-01 2.509265e-01 -3.890999e-01
    outer loop
      vertex   5.380397e+00 1.240044e+01 7.569605e+00
      vertex   5.375666e+00 1.235928e+01 7.532284e+00
      vertex   5.270006e+00 1.255613e+01 7.418539e+00
    endloop
  endfacet
  facet normal 8.892026e-01 2.595967e-01 -3.767338e-01
    outer loop
      vertex   5.270006e+00 1.255613e+01 7.418539e+00
      vertex   5.375666e+00 1.235928e+01 7.532284e+00
      vertex   5.266443e+00 1.252176e+01 7.386447e+00
    endloop
  endfacet
  facet normal 9.301422e-01 1.944383e-01 -3.114953e-01
    outer loop
      vertex   5.270006e+00 1.255613e+01 7.418539e+00
      vertex   5.266443e+00 1.252176e+01 7.386447e+00
      vertex   5.154970e+00 1.277136e+01 7.209387e+00
    endloop
  endfacet
  facet normal 9.326254e-01 2.066923e-01 -2.957841e-01
    outer loop
      vertex   5.154970e+00 1.277136e+01 7.209387e+00
      vertex   5.266443e+00 1.252176e+01 7.386447e+00
      vertex   5.152818e+00 1.274558e+01 7.184582e+00
    endloop
  endfacet
  facet normal 9.652094e-01 1.349048e-01 -2.239898e-01
    outer loop
      vertex   5.154970e+00 1.277136e+01 7.209387e+00
      vertex   5.152818e+00 1.274558e+01 7.184582e+00
      vertex   5.069860e+00 1.300419e+01 6.982861e+00
    endloop
  endfacet
  facet normal 9.668861e-01 1.479637e-01 -2.079376e-01
    outer loop
      vertex   5.069860e+00 1.300419e+01 6.982861e+00
      vertex   5.152818e+00 1.274558e+01 7.184582e+00
      vertex   5.068858e+00 1.298701e+01 6.965973e+00
    endloop
  endfacet
  facet normal 9.875784e-01 7.699690e-02 -1.369687e-01
    outer loop
      vertex   5.069860e+00 1.300419e+01 6.982861e+00
      vertex   5.068858e+00 1.298701e+01 6.965973e+00
      vertex   5.017700e+00 1.324907e+01 6.744427e+00
    endloop
  endfacet
  facet normal 9.884942e-01 9.052386e-02 -1.211799e-01
    outer loop
      vertex   5.017700e+00 1.324907e+01 6.744427e+00
      vertex   5.068858e+00 1.298701e+01 6.965973e+00
      vertex   5.017438e+00 1.324048e+01 6.735878e+00
    endloop
  endfacet
  facet normal 9.984767e-01 2.055185e-02 -5.120481e-02
    outer loop
      vertex   5.017700e+00 1.324907e+01 6.744427e+00
      vertex   5.017438e+00 1.324048e+01 6.735878e+00
      vertex   5.000000e+00 1.350000e+01 6.500000e+00
    endloop
  endfacet
  facet normal 6.419992e-02 4.439188e-01 -8.937642e-01
    outer loop
      vertex   6.371810e+00 1.175689e+01 8.061200e+00
      vertex   6.500000e+00 1.175000e+01 8.066987e+00
      vertex   6.369108e+00 1.169987e+01 8.032686e+00
    endloop
  endfacet
  facet normal 9.511167e-02 3.809486e-01 -9.196912e-01
    outer loop
      vertex   6.369108e+00 1.169987e+01 8.032686e+00
      vertex   6.500000e+00 1.175000e+01 8.066987e+00
      vertex   6.500000e+00 1.162941e+01 8.017037e+00
    endloop
  endfacet
  facet normal 4.510681e-02 2.957212e-01 -9.542088e-01
    outer loop
      vertex   6.369108e+00 1.169987e+01 8.032686e+00
      vertex   6.500000e+00 1.162941e+01 8.017037e+00
      vertex   6.363027e+00 1.160655e+01 8.003478e+00
    endloop
  endfacet
  facet normal 7.613793e-02 1.301473e-01 -9.885670e-01
    outer loop
      vertex   6.363027e+00 1.160655e+01 8.003478e+00
      vertex   6.500000e+00 1.162941e+01 8.017037e+00
      vertex   6.500000e+00 1.150000e+01 8.000000e+00
    endloop
  endfacet
  facet normal 5.558892e-02 1.038773e-01 -9.930354e-01
    outer loop
      vertex   6.363027e+00 1.160655e+01 8.003478e+00
      vertex   6.500000e+00 1.150000e+01 8.000000e+00
      vertex   6.352974e+00 1.150963e+01 7.992777e+00
    endloop
  endfacet
  facet normal 1.543422e-01 9.260085e-02 -9.836684e-01
    outer loop
      vertex   6.363027e+00 1.160655e+01 8.003478e+00
      vertex   6.352974e+00 1.150963e+01 7.992777e+00
      vertex   6.226456e+00 1.163182e+01 7.984428e+00
    endloop
  endfacet
  facet normal 1.662312e-01 1.051300e-01 -9.804666e-01
    outer loop
      vertex   6.226456e+00 1.163182e+01 7.984428e+00
      vertex   6.352974e+00 1.150963e+01 7.992777e+00
      vertex   6.207365e+00 1.153843e+01 7.971178e+00
    endloop
  endfacet
  facet normal 2.533890e-01 8.492313e-02 -9.636296e-01
    outer loop
      vertex   6.226456e+00 1.163182e+01 7.984428e+00
      vertex   6.207365e+00 1.153843e+01 7.971178e+00
      vertex   6.091285e+00 1.167377e+01 7.952581e+00
    endloop
  endfacet
  facet normal 2.741379e-01 1.037571e-01 -9.560768e-01
    outer loop
      vertex   6.091285e+00 1.167377e+01 7.952581e+00
      vertex   6.207365e+00 1.153843e+01 7.971178e+00
      vertex   6.064573e+00 1.158612e+01 7.935410e+00
    endloop
  endfacet
  facet normal 3.484774e-01 7.680912e-02 -9.341648e-01
    outer loop
      vertex   6.091285e+00 1.167377e+01 7.952581e+00
      vertex   6.064573e+00 1.158612e+01 7.935410e+00
      vertex   5.958507e+00 1.173227e+01 7.907860e+00
    endloop
  endfacet
  facet normal 3.772381e-01 1.002245e-01 -9.206772e-01
    outer loop
      vertex   5.958507e+00 1.173227e+01 7.907860e+00
      vertex   6.064573e+00 1.158612e+01 7.935410e+00
      vertex   5.925975e+00 1.165224e+01 7.885819e+00
    endloop
  endfacet
  facet normal 4.389116e-01 6.833658e-02 -8.959279e-01
    outer loop
      vertex   5.958507e+00 1.173227e+01 7.907860e+00
      vertex   5.925975e+00 1.165224e+01 7.885819e+00
      vertex   5.829119e+00 1.180718e+01 7.850188e+00
    endloop
  endfacet
  facet normal 4.739171e-01 9.493207e-02 -8.754373e-01
    outer loop
      vertex   5.829119e+00 1.180718e+01 7.850188e+00
      vertex   5.925975e+00 1.165224e+01 7.885819e+00
      vertex   5.792905e+00 1.173616e+01 7.822882e+00
    endloop
  endfacet
  facet normal 5.240115e-01 5.946581e-02 -8.496327e-01
    outer loop
      vertex   5.829119e+00 1.180718e+01 7.850188e+00
      vertex   5.792905e+00 1.173616e+01 7.822882e+00
      vertex   5.704155e+00 1.189834e+01 7.779496e+00
    endloop
  endfacet
  facet normal 5.630757e-01 8.832222e-02 -8.216721e-01
    outer loop
      vertex   5.704155e+00 1.189834e+01 7.779496e+00
      vertex   5.792905e+00 1.173616e+01 7.822882e+00
      vertex   5.666645e+00 1.183706e+01 7.747204e+00
    endloop
  endfacet
  facet normal 6.032221e-01 5.021520e-02 -7.959909e-01
    outer loop
      vertex   5.704155e+00 1.189834e+01 7.779496e+00
      vertex   5.666645e+00 1.183706e+01 7.747204e+00
      vertex   5.585209e+00 1.200512e+01 7.696093e+00
    endloop
  endfacet
  facet normal 6.440086e-01 8.069601e-02 -7.607504e-01
    outer loop
      vertex   5.585209e+00 1.200512e+01 7.696093e+00
      vertex   5.666645e+00 1.183706e+01 7.747204e+00
      vertex   5.548410e+00 1.195398e+01 7.659516e+00
    endloop
  endfacet
  facet normal 6.752221e-01 4.088037e-02 -7.364808e-01
    outer loop
      vertex   5.585209e+00 1.200512e+01 7.696093e+00
      vertex   5.548410e+00 1.195398e+01 7.659516e+00
      vertex   5.473826e+00 1.212647e+01 7.600709e+00
    endloop
  endfacet
  facet normal 7.173174e-01 7.397187e-02 -6.928087e-01
    outer loop
      vertex   5.473826e+00 1.212647e+01 7.600709e+00
      vertex   5.548410e+00 1.195398e+01 7.659516e+00
      vertex   5.439340e+00 1.208579e+01 7.560660e+00
    endloop
  endfacet
  facet normal 7.436772e-01 2.718730e-02 -6.679859e-01
    outer loop
      vertex   5.473826e+00 1.212647e+01 7.600709e+00
      vertex   5.439340e+00 1.208579e+01 7.560660e+00
      vertex   5.355129e+00 1.228536e+01 7.475030e+00
    endloop
  endfacet
  facet normal 7.782010e-01 6.014358e-02 -6.251288e-01
    outer loop
      vertex   5.355129e+00 1.228536e+01 7.475030e+00
      vertex   5.439340e+00 1.208579e+01 7.560660e+00
      vertex   5.340484e+00 1.223121e+01 7.451590e+00
    endloop
  endfacet
  facet normal 8.193806e-01 2.628533e-02 -5.726470e-01
    outer loop
      vertex   5.355129e+00 1.228536e+01 7.475030e+00
      vertex   5.340484e+00 1.223121e+01 7.451590e+00
      vertex   5.252796e+00 1.238886e+01 7.333355e+00
    endloop
  endfacet
  facet normal 8.228434e-01 3.738819e-02 -5.670369e-01
    outer loop
      vertex   5.355129e+00 1.228536e+01 7.475030e+00
      vertex   5.252796e+00 1.238886e+01 7.333355e+00
      vertex   5.250945e+00 1.246082e+01 7.335415e+00
    endloop
  endfacet
  facet normal 8.777370e-01 3.624394e-02 -4.777700e-01
    outer loop
      vertex   5.250945e+00 1.246082e+01 7.335415e+00
      vertex   5.252796e+00 1.238886e+01 7.333355e+00
      vertex   5.177118e+00 1.255721e+01 7.207095e+00
    endloop
  endfacet
  facet normal 8.583513e-01 -2.479197e-02 -5.124631e-01
    outer loop
      vertex   5.250945e+00 1.246082e+01 7.335415e+00
      vertex   5.177118e+00 1.255721e+01 7.207095e+00
      vertex   5.143433e+00 1.270047e+01 7.143744e+00
    endloop
  endfacet
  facet normal 9.304889e-01 5.890109e-02 -3.615537e-01
    outer loop
      vertex   5.143433e+00 1.270047e+01 7.143744e+00
      vertex   5.177118e+00 1.255721e+01 7.207095e+00
      vertex   5.114181e+00 1.273463e+01 7.074025e+00
    endloop
  endfacet
  facet normal 9.132444e-01 -4.448339e-02 -4.049765e-01
    outer loop
      vertex   5.143433e+00 1.270047e+01 7.143744e+00
      vertex   5.114181e+00 1.273463e+01 7.074025e+00
      vertex   5.064478e+00 1.295725e+01 6.937491e+00
    endloop
  endfacet
  facet normal 9.494744e-01 1.988516e-02 -3.132138e-01
    outer loop
      vertex   5.064478e+00 1.295725e+01 6.937491e+00
      vertex   5.114181e+00 1.273463e+01 7.074025e+00
      vertex   5.064589e+00 1.291943e+01 6.935427e+00
    endloop
  endfacet
  facet normal 9.744779e-01 1.508866e-02 -2.239758e-01
    outer loop
      vertex   5.064478e+00 1.295725e+01 6.937491e+00
      vertex   5.064589e+00 1.291943e+01 6.935427e+00
      vertex   5.028822e+00 1.310982e+01 6.792635e+00
    endloop
  endfacet
  facet normal 9.295989e-01 -1.151641e-01 -3.501187e-01
    outer loop
      vertex   5.064478e+00 1.295725e+01 6.937491e+00
      vertex   5.028822e+00 1.310982e+01 6.792635e+00
      vertex   5.016294e+00 1.322569e+01 6.721257e+00
    endloop
  endfacet
  facet normal 9.953666e-01 9.329970e-02 -2.324908e-02
    outer loop
      vertex   5.016294e+00 1.322569e+01 6.721257e+00
      vertex   5.028822e+00 1.310982e+01 6.792635e+00
      vertex   5.007223e+00 1.330397e+01 6.647026e+00
    endloop
  endfacet
  facet normal 9.026184e-01 -2.364866e-01 -3.596582e-01
    outer loop
      vertex   5.016294e+00 1.322569e+01 6.721257e+00
      vertex   5.007223e+00 1.330397e+01 6.647026e+00
      vertex   5.000000e+00 1.350000e+01 6.500000e+00
    endloop
  endfacet
  facet normal 8.492366e-01 4.369543e-01 2.964255e-01
    outer loop
      vertex   5.000000e+00 1.350000e+01 6.500000e+00
      vertex   5.007223e+00 1.335297e+01 6.696034e+00
      vertex   5.016022e+00 1.328113e+01 6.776732e+00
    endloop
  endfacet
  facet normal 9.923907e-01 -1.563513e-02 -1.221318e-01
    outer loop
      vertex   5.016022e+00 1.328113e+01 6.776732e+00
      vertex   5.007223e+00 1.335297e+01 6.696034e+00
      vertex   5.028822e+00 1.320736e+01 6.890180e+00
    endloop
  endfacet
  facet normal 9.020104e-01 4.013059e-01 1.591567e-01
    outer loop
      vertex   5.016022e+00 1.328113e+01 6.776732e+00
      vertex   5.028822e+00 1.320736e+01 6.890180e+00
      vertex   5.063442e+00 1.306710e+01 7.047644e+00
    endloop
  endfacet
  facet normal 9.749890e-01 2.216050e-01 -1.696279e-02
    outer loop
      vertex   5.063442e+00 1.306710e+01 7.047644e+00
      vertex   5.028822e+00 1.320736e+01 6.890180e+00
      vertex   5.064589e+00 1.306457e+01 7.080569e+00
    endloop
  endfacet
  facet normal 9.447572e-01 3.276788e-01 -7.770571e-03
    outer loop
      vertex   5.063442e+00 1.306710e+01 7.047644e+00
      vertex   5.064589e+00 1.306457e+01 7.080569e+00
      vertex   5.114181e+00 1.292598e+01 7.265367e+00
    endloop
  endfacet
  facet normal 9.002072e-01 4.299737e-01 6.891729e-02
    outer loop
      vertex   5.063442e+00 1.306710e+01 7.047644e+00
      vertex   5.114181e+00 1.292598e+01 7.265367e+00
      vertex   5.141219e+00 1.286270e+01 7.306977e+00
    endloop
  endfacet
  facet normal 9.320401e-01 3.568385e-01 -6.298771e-02
    outer loop
      vertex   5.141219e+00 1.286270e+01 7.306977e+00
      vertex   5.114181e+00 1.292598e+01 7.265367e+00
      vertex   5.177118e+00 1.279291e+01 7.442793e+00
    endloop
  endfacet
  facet normal 8.415201e-01 5.375407e-01 5.379538e-02
    outer loop
      vertex   5.141219e+00 1.286270e+01 7.306977e+00
      vertex   5.177118e+00 1.279291e+01 7.442793e+00
      vertex   5.247301e+00 1.267237e+01 7.549300e+00
    endloop
  endfacet
  facet normal 8.762109e-01 4.807757e-01 -3.330372e-02
    outer loop
      vertex   5.247301e+00 1.267237e+01 7.549300e+00
      vertex   5.177118e+00 1.279291e+01 7.442793e+00
      vertex   5.252796e+00 1.266664e+01 7.611140e+00
    endloop
  endfacet
  facet normal 8.144645e-01 5.799141e-01 -1.863238e-02
    outer loop
      vertex   5.247301e+00 1.267237e+01 7.549300e+00
      vertex   5.252796e+00 1.266664e+01 7.611140e+00
      vertex   5.350314e+00 1.253341e+01 7.726985e+00
    endloop
  endfacet
  facet normal 8.138588e-01 5.808113e-01 -1.709068e-02
    outer loop
      vertex   5.350314e+00 1.253341e+01 7.726985e+00
      vertex   5.252796e+00 1.266664e+01 7.611140e+00
      vertex   5.340484e+00 1.254841e+01 7.768786e+00
    endloop
  endfacet
  facet normal 7.705069e-01 6.356975e-01 -4.698690e-02
    outer loop
      vertex   5.350314e+00 1.253341e+01 7.726985e+00
      vertex   5.340484e+00 1.254841e+01 7.768786e+00
      vertex   5.439340e+00 1.243934e+01 7.914213e+00
    endloop
  endfacet
  facet normal 7.352858e-01 6.776955e-01 -9.139304e-03
    outer loop
      vertex   5.350314e+00 1.253341e+01 7.726985e+00
      vertex   5.439340e+00 1.243934e+01 7.914213e+00
      vertex   5.467956e+00 1.240794e+01 7.888184e+00
    endloop
  endfacet
  facet normal 7.110215e-01 7.003315e-01 -6.311989e-02
    outer loop
      vertex   5.467956e+00 1.240794e+01 7.888184e+00
      vertex   5.439340e+00 1.243934e+01 7.914213e+00
      vertex   5.548410e+00 1.234048e+01 8.046021e+00
    endloop
  endfacet
  facet normal 6.668197e-01 7.449078e-01 -2.153780e-02
    outer loop
      vertex   5.467956e+00 1.240794e+01 7.888184e+00
      vertex   5.548410e+00 1.234048e+01 8.046021e+00
      vertex   5.578651e+00 1.231242e+01 8.011535e+00
    endloop
  endfacet
  facet normal 6.364302e-01 7.683926e-01 -6.730064e-02
    outer loop
      vertex   5.578651e+00 1.231242e+01 8.011535e+00
      vertex   5.548410e+00 1.234048e+01 8.046021e+00
      vertex   5.666645e+00 1.225280e+01 8.162939e+00
    endloop
  endfacet
  facet normal 5.948071e-01 8.033325e-01 -2.935108e-02
    outer loop
      vertex   5.578651e+00 1.231242e+01 8.011535e+00
      vertex   5.666645e+00 1.225280e+01 8.162939e+00
      vertex   5.697213e+00 1.222860e+01 8.120318e+00
    endloop
  endfacet
  facet normal 5.547644e-01 8.288386e-01 -7.254737e-02
    outer loop
      vertex   5.697213e+00 1.222860e+01 8.120318e+00
      vertex   5.666645e+00 1.225280e+01 8.162939e+00
      vertex   5.792905e+00 1.217712e+01 8.263842e+00
    endloop
  endfacet
  facet normal 5.157815e-01 8.559278e-01 -3.683867e-02
    outer loop
      vertex   5.697213e+00 1.222860e+01 8.120318e+00
      vertex   5.792905e+00 1.217712e+01 8.263842e+00
      vertex   5.822226e+00 1.215728e+01 8.213431e+00
    endloop
  endfacet
  facet normal 4.652789e-01 8.818593e-01 -7.641779e-02
    outer loop
      vertex   5.822226e+00 1.215728e+01 8.213431e+00
      vertex   5.792905e+00 1.217712e+01 8.263842e+00
      vertex   5.925975e+00 1.211418e+01 8.347759e+00
    endloop
  endfacet
  facet normal 4.309990e-01 9.012933e-01 -4.370625e-02
    outer loop
      vertex   5.822226e+00 1.215728e+01 8.213431e+00
      vertex   5.925975e+00 1.211418e+01 8.347759e+00
      vertex   5.952200e+00 1.209885e+01 8.290145e+00
    endloop
  endfacet
  facet normal 3.688784e-01 9.261485e-01 -7.859817e-02
    outer loop
      vertex   5.952200e+00 1.209885e+01 8.290145e+00
      vertex   5.925975e+00 1.211418e+01 8.347759e+00
      vertex   6.064573e+00 1.206459e+01 8.413881e+00
    endloop
  endfacet
  facet normal 3.417126e-01 9.384455e-01 -5.052230e-02
    outer loop
      vertex   5.952200e+00 1.209885e+01 8.290145e+00
      vertex   6.064573e+00 1.206459e+01 8.413881e+00
      vertex   6.086035e+00 1.205335e+01 8.350212e+00
    endloop
  endfacet
  facet normal 2.671252e-01 9.603739e-01 -7.953730e-02
    outer loop
      vertex   6.086035e+00 1.205335e+01 8.350212e+00
      vertex   6.064573e+00 1.206459e+01 8.413881e+00
      vertex   6.207365e+00 1.202882e+01 8.461570e+00
    endloop
  endfacet
  facet normal 2.485329e-01 9.668948e-01 -5.784414e-02
    outer loop
      vertex   6.086035e+00 1.205335e+01 8.350212e+00
      vertex   6.207365e+00 1.202882e+01 8.461570e+00
      vertex   6.222661e+00 1.202081e+01 8.393399e+00
    endloop
  endfacet
  facet normal 1.616009e-01 9.836632e-01 -7.932096e-02
    outer loop
      vertex   6.222661e+00 1.202081e+01 8.393399e+00
      vertex   6.207365e+00 1.202882e+01 8.461570e+00
      vertex   6.352974e+00 1.200722e+01 8.490369e+00
    endloop
  endfacet
  facet normal 1.516704e-01 9.862510e-01 -6.561337e-02
    outer loop
      vertex   6.222661e+00 1.202081e+01 8.393399e+00
      vertex   6.352974e+00 1.200722e+01 8.490369e+00
      vertex   6.361007e+00 1.200127e+01 8.419474e+00
    endloop
  endfacet
  facet normal 9.965637e-01 -7.352353e-03 -8.250327e-02
    outer loop
      vertex   5.016294e+00 1.322569e+01 6.721257e+00
      vertex   5.000000e+00 1.350000e+01 6.500000e+00
      vertex   5.017092e+00 1.323465e+01 6.730101e+00
    endloop
  endfacet
  facet normal 9.977650e-01 6.608330e-03 -6.649336e-02
    outer loop
      vertex   5.017092e+00 1.323465e+01 6.730101e+00
      vertex   5.000000e+00 1.350000e+01 6.500000e+00
      vertex   5.017438e+00 1.324048e+01 6.735878e+00
    endloop
  endfacet
  facet normal 1.908885e-01 4.318011e-01 -8.815381e-01
    outer loop
      vertex   6.242934e+00 1.177777e+01 8.043524e+00
      vertex   6.371810e+00 1.175689e+01 8.061200e+00
      vertex   6.369108e+00 1.169987e+01 8.032686e+00
    endloop
  endfacet
  facet normal 1.769586e-01 2.834677e-01 -9.425135e-01
    outer loop
      vertex   6.369108e+00 1.169987e+01 8.032686e+00
      vertex   6.363027e+00 1.160655e+01 8.003478e+00
      vertex   6.237869e+00 1.172233e+01 8.014802e+00
    endloop
  endfacet
  facet normal 1.848609e-01 2.916175e-01 -9.385018e-01
    outer loop
      vertex   6.237869e+00 1.172233e+01 8.014802e+00
      vertex   6.363027e+00 1.160655e+01 8.003478e+00
      vertex   6.226456e+00 1.163182e+01 7.984428e+00
    endloop
  endfacet
  facet normal 2.904479e-01 2.712989e-01 -9.176257e-01
    outer loop
      vertex   6.237869e+00 1.172233e+01 8.014802e+00
      vertex   6.226456e+00 1.163182e+01 7.984428e+00
      vertex   6.107052e+00 1.176000e+01 7.984531e+00
    endloop
  endfacet
  facet normal 3.020949e-01 2.821430e-01 -9.105679e-01
    outer loop
      vertex   6.107052e+00 1.176000e+01 7.984531e+00
      vertex   6.226456e+00 1.163182e+01 7.984428e+00
      vertex   6.091285e+00 1.167377e+01 7.952581e+00
    endloop
  endfacet
  facet normal 3.968796e-01 2.542125e-01 -8.819652e-01
    outer loop
      vertex   6.107052e+00 1.176000e+01 7.984531e+00
      vertex   6.091285e+00 1.167377e+01 7.952581e+00
      vertex   5.977427e+00 1.181304e+01 7.941488e+00
    endloop
  endfacet
  facet normal 4.110832e-01 2.666397e-01 -8.717304e-01
    outer loop
      vertex   5.977427e+00 1.181304e+01 7.941488e+00
      vertex   6.091285e+00 1.167377e+01 7.952581e+00
      vertex   5.958507e+00 1.173227e+01 7.907860e+00
    endloop
  endfacet
  facet normal 4.939666e-01 2.330431e-01 -8.376681e-01
    outer loop
      vertex   5.977427e+00 1.181304e+01 7.941488e+00
      vertex   5.958507e+00 1.173227e+01 7.907860e+00
      vertex   5.849764e+00 1.188164e+01 7.885291e+00
    endloop
  endfacet
  facet normal 5.101864e-01 2.469392e-01 -8.238513e-01
    outer loop
      vertex   5.849764e+00 1.188164e+01 7.885291e+00
      vertex   5.958507e+00 1.173227e+01 7.907860e+00
      vertex   5.829119e+00 1.180718e+01 7.850188e+00
    endloop
  endfacet
  facet normal 5.808631e-01 2.097427e-01 -7.865151e-01
    outer loop
      vertex   5.849764e+00 1.188164e+01 7.885291e+00
      vertex   5.829119e+00 1.180718e+01 7.850188e+00
      vertex   5.724900e+00 1.196596e+01 7.815562e+00
    endloop
  endfacet
  facet normal 5.992311e-01 2.258218e-01 -7.680668e-01
    outer loop
      vertex   5.724900e+00 1.196596e+01 7.815562e+00
      vertex   5.829119e+00 1.180718e+01 7.850188e+00
      vertex   5.704155e+00 1.189834e+01 7.779496e+00
    endloop
  endfacet
  facet normal 6.592477e-01 1.862955e-01 -7.284823e-01
    outer loop
      vertex   5.724900e+00 1.196596e+01 7.815562e+00
      vertex   5.704155e+00 1.189834e+01 7.779496e+00
      vertex   5.604764e+00 1.206567e+01 7.732343e+00
    endloop
  endfacet
  facet normal 6.780947e-01 2.037808e-01 -7.061593e-01
    outer loop
      vertex   5.604764e+00 1.206567e+01 7.732343e+00
      vertex   5.704155e+00 1.189834e+01 7.779496e+00
      vertex   5.585209e+00 1.200512e+01 7.696093e+00
    endloop
  endfacet
  facet normal 7.280869e-01 1.634241e-01 -6.657192e-01
    outer loop
      vertex   5.604764e+00 1.206567e+01 7.732343e+00
      vertex   5.585209e+00 1.200512e+01 7.696093e+00
      vertex   5.491287e+00 1.217988e+01 7.636271e+00
    endloop
  endfacet
  facet normal 7.464653e-01 1.820979e-01 -6.400234e-01
    outer loop
      vertex   5.491287e+00 1.217988e+01 7.636271e+00
      vertex   5.585209e+00 1.200512e+01 7.696093e+00
      vertex   5.473826e+00 1.212647e+01 7.600709e+00
    endloop
  endfacet
  facet normal 7.922356e-01 1.369256e-01 -5.946546e-01
    outer loop
      vertex   5.491287e+00 1.217988e+01 7.636271e+00
      vertex   5.473826e+00 1.212647e+01 7.600709e+00
      vertex   5.369414e+00 1.233051e+01 7.508589e+00
    endloop
  endfacet
  facet normal 8.111249e-01 1.612398e-01 -5.622083e-01
    outer loop
      vertex   5.369414e+00 1.233051e+01 7.508589e+00
      vertex   5.473826e+00 1.212647e+01 7.600709e+00
      vertex   5.355129e+00 1.228536e+01 7.475030e+00
    endloop
  endfacet
  facet normal 8.518904e-01 1.109097e-01 -5.118415e-01
    outer loop
      vertex   5.369414e+00 1.233051e+01 7.508589e+00
      vertex   5.355129e+00 1.228536e+01 7.475030e+00
      vertex   5.261733e+00 1.249796e+01 7.365652e+00
    endloop
  endfacet
  facet normal 8.683371e-01 1.360923e-01 -4.769378e-01
    outer loop
      vertex   5.261733e+00 1.249796e+01 7.365652e+00
      vertex   5.355129e+00 1.228536e+01 7.475030e+00
      vertex   5.250945e+00 1.246082e+01 7.335415e+00
    endloop
  endfacet
  facet normal 9.042119e-01 7.906711e-02 -4.197013e-01
    outer loop
      vertex   5.261733e+00 1.249796e+01 7.365652e+00
      vertex   5.250945e+00 1.246082e+01 7.335415e+00
      vertex   5.149971e+00 1.272789e+01 7.168186e+00
    endloop
  endfacet
  facet normal 9.204449e-01 1.138729e-01 -3.739172e-01
    outer loop
      vertex   5.149971e+00 1.272789e+01 7.168186e+00
      vertex   5.250945e+00 1.246082e+01 7.335415e+00
      vertex   5.143433e+00 1.270047e+01 7.143744e+00
    endloop
  endfacet
  facet normal 9.496473e-01 4.939605e-02 -3.094028e-01
    outer loop
      vertex   5.149971e+00 1.272789e+01 7.168186e+00
      vertex   5.143433e+00 1.270047e+01 7.143744e+00
      vertex   5.067531e+00 1.297530e+01 6.954654e+00
    endloop
  endfacet
  facet normal 9.614523e-01 8.578830e-02 -2.612469e-01
    outer loop
      vertex   5.067531e+00 1.297530e+01 6.954654e+00
      vertex   5.143433e+00 1.270047e+01 7.143744e+00
      vertex   5.064478e+00 1.295725e+01 6.937491e+00
    endloop
  endfacet
  facet normal 9.803413e-01 2.077258e-02 -1.962127e-01
    outer loop
      vertex   5.067531e+00 1.297530e+01 6.954654e+00
      vertex   5.064478e+00 1.295725e+01 6.937491e+00
      vertex   5.017092e+00 1.323465e+01 6.730101e+00
    endloop
  endfacet
  facet normal 9.872923e-01 5.805669e-02 -1.479299e-01
    outer loop
      vertex   5.017092e+00 1.323465e+01 6.730101e+00
      vertex   5.064478e+00 1.295725e+01 6.937491e+00
      vertex   5.016294e+00 1.322569e+01 6.721257e+00
    endloop
  endfacet
  facet normal 1.750361e-01 9.624690e-01 -2.074025e-01
    outer loop
      vertex   6.222661e+00 1.202081e+01 8.393399e+00
      vertex   6.361007e+00 1.200127e+01 8.419474e+00
      vertex   6.366097e+00 1.198536e+01 8.349927e+00
    endloop
  endfacet
  facet normal 1.710835e-01 9.606229e-01 -2.189383e-01
    outer loop
      vertex   6.222661e+00 1.202081e+01 8.393399e+00
      vertex   6.366097e+00 1.198536e+01 8.349927e+00
      vertex   6.232221e+00 1.200375e+01 8.325991e+00
    endloop
  endfacet
  facet normal 3.126280e-01 4.142755e-01 -8.547745e-01
    outer loop
      vertex   6.114041e+00 1.181301e+01 8.013458e+00
      vertex   6.242934e+00 1.177777e+01 8.043524e+00
      vertex   6.237869e+00 1.172233e+01 8.014802e+00
    endloop
  endfacet
  facet normal 1.944894e-01 4.371555e-01 -8.781053e-01
    outer loop
      vertex   6.237869e+00 1.172233e+01 8.014802e+00
      vertex   6.242934e+00 1.177777e+01 8.043524e+00
      vertex   6.369108e+00 1.169987e+01 8.032686e+00
    endloop
  endfacet
  facet normal 3.178837e-01 4.215346e-01 -8.492694e-01
    outer loop
      vertex   6.114041e+00 1.181301e+01 8.013458e+00
      vertex   6.237869e+00 1.172233e+01 8.014802e+00
      vertex   6.107052e+00 1.176000e+01 7.984531e+00
    endloop
  endfacet
  facet normal 2.855960e-01 9.378953e-01 -1.969447e-01
    outer loop
      vertex   6.086035e+00 1.205335e+01 8.350212e+00
      vertex   6.222661e+00 1.202081e+01 8.393399e+00
      vertex   6.232221e+00 1.200375e+01 8.325991e+00
    endloop
  endfacet
  facet normal 2.818562e-01 9.352594e-01 -2.141190e-01
    outer loop
      vertex   6.086035e+00 1.205335e+01 8.350212e+00
      vertex   6.232221e+00 1.200375e+01 8.325991e+00
      vertex   6.099252e+00 1.203468e+01 8.286075e+00
    endloop
  endfacet
  facet normal 4.253316e-01 3.896772e-01 -8.168505e-01
    outer loop
      vertex   5.985802e+00 1.186293e+01 7.970499e+00
      vertex   6.114041e+00 1.181301e+01 8.013458e+00
      vertex   6.107052e+00 1.176000e+01 7.984531e+00
    endloop
  endfacet
  facet normal 4.316882e-01 3.981835e-01 -8.093795e-01
    outer loop
      vertex   5.985802e+00 1.186293e+01 7.970499e+00
      vertex   6.107052e+00 1.176000e+01 7.984531e+00
      vertex   5.977427e+00 1.181304e+01 7.941488e+00
    endloop
  endfacet
  facet normal 3.889526e-01 9.029697e-01 -1.826515e-01
    outer loop
      vertex   5.952200e+00 1.209885e+01 8.290145e+00
      vertex   6.086035e+00 1.205335e+01 8.350212e+00
      vertex   6.099252e+00 1.203468e+01 8.286075e+00
    endloop
  endfacet
  facet normal 3.867469e-01 8.992844e-01 -2.042408e-01
    outer loop
      vertex   5.952200e+00 1.209885e+01 8.290145e+00
      vertex   6.099252e+00 1.203468e+01 8.286075e+00
      vertex   5.968072e+00 1.207840e+01 8.230162e+00
    endloop
  endfacet
  facet normal 5.262305e-01 3.597124e-01 -7.705118e-01
    outer loop
      vertex   5.858886e+00 1.192789e+01 7.914147e+00
      vertex   5.985802e+00 1.186293e+01 7.970499e+00
      vertex   5.977427e+00 1.181304e+01 7.941488e+00
    endloop
  endfacet
  facet normal 5.334660e-01 3.694794e-01 -7.608542e-01
    outer loop
      vertex   5.858886e+00 1.192789e+01 7.914147e+00
      vertex   5.977427e+00 1.181304e+01 7.941488e+00
      vertex   5.849764e+00 1.188164e+01 7.885291e+00
    endloop
  endfacet
  facet normal 4.837928e-01 8.594891e-01 -1.649940e-01
    outer loop
      vertex   5.822226e+00 1.215728e+01 8.213431e+00
      vertex   5.952200e+00 1.209885e+01 8.290145e+00
      vertex   5.968072e+00 1.207840e+01 8.230162e+00
    endloop
  endfacet
  facet normal 4.838408e-01 8.541174e-01 -1.907395e-01
    outer loop
      vertex   5.822226e+00 1.215728e+01 8.213431e+00
      vertex   5.968072e+00 1.207840e+01 8.230162e+00
      vertex   5.839563e+00 1.213513e+01 8.158235e+00
    endloop
  endfacet
  facet normal 6.143764e-01 3.268615e-01 -7.181248e-01
    outer loop
      vertex   5.734048e+00 1.200822e+01 7.843907e+00
      vertex   5.858886e+00 1.192789e+01 7.914147e+00
      vertex   5.849764e+00 1.188164e+01 7.885291e+00
    endloop
  endfacet
  facet normal 6.225921e-01 3.384812e-01 -7.055562e-01
    outer loop
      vertex   5.734048e+00 1.200822e+01 7.843907e+00
      vertex   5.849764e+00 1.188164e+01 7.885291e+00
      vertex   5.724900e+00 1.196596e+01 7.815562e+00
    endloop
  endfacet
  facet normal 5.698346e-01 8.087697e-01 -1.455339e-01
    outer loop
      vertex   5.697213e+00 1.222860e+01 8.120318e+00
      vertex   5.822226e+00 1.215728e+01 8.213431e+00
      vertex   5.839563e+00 1.213513e+01 8.158235e+00
    endloop
  endfacet
  facet normal 5.726651e-01 8.006172e-01 -1.762577e-01
    outer loop
      vertex   5.697213e+00 1.222860e+01 8.120318e+00
      vertex   5.839563e+00 1.213513e+01 8.158235e+00
      vertex   5.714658e+00 1.220511e+01 8.070295e+00
    endloop
  endfacet
  facet normal 6.920181e-01 2.927869e-01 -6.598384e-01
    outer loop
      vertex   5.613366e+00 1.210375e+01 7.759729e+00
      vertex   5.734048e+00 1.200822e+01 7.843907e+00
      vertex   5.724900e+00 1.196596e+01 7.815562e+00
    endloop
  endfacet
  facet normal 7.004402e-01 3.056337e-01 -6.449586e-01
    outer loop
      vertex   5.613366e+00 1.210375e+01 7.759729e+00
      vertex   5.724900e+00 1.196596e+01 7.815562e+00
      vertex   5.604764e+00 1.206567e+01 7.732343e+00
    endloop
  endfacet
  facet normal 6.476087e-01 7.513195e-01 -1.269727e-01
    outer loop
      vertex   5.578651e+00 1.231242e+01 8.011535e+00
      vertex   5.697213e+00 1.222860e+01 8.120318e+00
      vertex   5.714658e+00 1.220511e+01 8.070295e+00
    endloop
  endfacet
  facet normal 6.531876e-01 7.399638e-01 -1.606221e-01
    outer loop
      vertex   5.578651e+00 1.231242e+01 8.011535e+00
      vertex   5.714658e+00 1.220511e+01 8.070295e+00
      vertex   5.595117e+00 1.228818e+01 7.966835e+00
    endloop
  endfacet
  facet normal 7.584147e-01 2.588730e-01 -5.981571e-01
    outer loop
      vertex   5.498951e+00 1.221367e+01 7.662233e+00
      vertex   5.613366e+00 1.210375e+01 7.759729e+00
      vertex   5.604764e+00 1.206567e+01 7.732343e+00
    endloop
  endfacet
  facet normal 7.666195e-01 2.727213e-01 -5.813069e-01
    outer loop
      vertex   5.498951e+00 1.221367e+01 7.662233e+00
      vertex   5.604764e+00 1.206567e+01 7.732343e+00
      vertex   5.491287e+00 1.217988e+01 7.636271e+00
    endloop
  endfacet
  facet normal 7.165580e-01 6.888679e-01 -1.095708e-01
    outer loop
      vertex   5.467956e+00 1.240794e+01 7.888184e+00
      vertex   5.578651e+00 1.231242e+01 8.011535e+00
      vertex   5.595117e+00 1.228818e+01 7.966835e+00
    endloop
  endfacet
  facet normal 7.244198e-01 6.739316e-01 -1.450250e-01
    outer loop
      vertex   5.467956e+00 1.240794e+01 7.888184e+00
      vertex   5.595117e+00 1.228818e+01 7.966835e+00
      vertex   5.482681e+00 1.238365e+01 7.848837e+00
    endloop
  endfacet
  facet normal 8.190599e-01 2.209843e-01 -5.294401e-01
    outer loop
      vertex   5.375666e+00 1.235928e+01 7.532284e+00
      vertex   5.498951e+00 1.221367e+01 7.662233e+00
      vertex   5.491287e+00 1.217988e+01 7.636271e+00
    endloop
  endfacet
  facet normal 8.274903e-01 2.387276e-01 -5.082017e-01
    outer loop
      vertex   5.375666e+00 1.235928e+01 7.532284e+00
      vertex   5.491287e+00 1.217988e+01 7.636271e+00
      vertex   5.369414e+00 1.233051e+01 7.508589e+00
    endloop
  endfacet
  facet normal 7.811857e-01 6.178963e-01 -8.917977e-02
    outer loop
      vertex   5.350314e+00 1.253341e+01 7.726985e+00
      vertex   5.467956e+00 1.240794e+01 7.888184e+00
      vertex   5.482681e+00 1.238365e+01 7.848837e+00
    endloop
  endfacet
  facet normal 7.932386e-01 5.947006e-01 -1.307811e-01
    outer loop
      vertex   5.350314e+00 1.253341e+01 7.726985e+00
      vertex   5.482681e+00 1.238365e+01 7.848837e+00
      vertex   5.362381e+00 1.251001e+01 7.693799e+00
    endloop
  endfacet
  facet normal 8.735340e-01 1.819902e-01 -4.514620e-01
    outer loop
      vertex   5.266443e+00 1.252176e+01 7.386447e+00
      vertex   5.375666e+00 1.235928e+01 7.532284e+00
      vertex   5.369414e+00 1.233051e+01 7.508589e+00
    endloop
  endfacet
  facet normal 8.808588e-01 2.003482e-01 -4.288921e-01
    outer loop
      vertex   5.266443e+00 1.252176e+01 7.386447e+00
      vertex   5.369414e+00 1.233051e+01 7.508589e+00
      vertex   5.261733e+00 1.249796e+01 7.365652e+00
    endloop
  endfacet
  facet normal 8.423175e-01 5.343634e-01 -7.040573e-02
    outer loop
      vertex   5.247301e+00 1.267237e+01 7.549300e+00
      vertex   5.350314e+00 1.253341e+01 7.726985e+00
      vertex   5.362381e+00 1.251001e+01 7.693799e+00
    endloop
  endfacet
  facet normal 8.549166e-01 5.066153e-01 -1.116180e-01
    outer loop
      vertex   5.247301e+00 1.267237e+01 7.549300e+00
      vertex   5.362381e+00 1.251001e+01 7.693799e+00
      vertex   5.256427e+00 1.265097e+01 7.522065e+00
    endloop
  endfacet
  facet normal 9.204983e-01 1.373914e-01 -3.657958e-01
    outer loop
      vertex   5.152818e+00 1.274558e+01 7.184582e+00
      vertex   5.266443e+00 1.252176e+01 7.386447e+00
      vertex   5.261733e+00 1.249796e+01 7.365652e+00
    endloop
  endfacet
  facet normal 9.277252e-01 1.622398e-01 -3.361610e-01
    outer loop
      vertex   5.152818e+00 1.274558e+01 7.184582e+00
      vertex   5.261733e+00 1.249796e+01 7.365652e+00
      vertex   5.149971e+00 1.272789e+01 7.168186e+00
    endloop
  endfacet
  facet normal 8.963651e-01 4.409124e-01 -4.610667e-02
    outer loop
      vertex   5.141219e+00 1.286270e+01 7.306977e+00
      vertex   5.247301e+00 1.267237e+01 7.549300e+00
      vertex   5.256427e+00 1.265097e+01 7.522065e+00
    endloop
  endfacet
  facet normal 9.121532e-01 3.983324e-01 -9.647690e-02
    outer loop
      vertex   5.141219e+00 1.286270e+01 7.306977e+00
      vertex   5.256427e+00 1.265097e+01 7.522065e+00
      vertex   5.146758e+00 1.284515e+01 7.286913e+00
    endloop
  endfacet
  facet normal 9.594256e-01 9.245890e-02 -2.663716e-01
    outer loop
      vertex   5.068858e+00 1.298701e+01 6.965973e+00
      vertex   5.152818e+00 1.274558e+01 7.184582e+00
      vertex   5.149971e+00 1.272789e+01 7.168186e+00
    endloop
  endfacet
  facet normal 9.646756e-01 1.182729e-01 -2.353987e-01
    outer loop
      vertex   5.068858e+00 1.298701e+01 6.965973e+00
      vertex   5.149971e+00 1.272789e+01 7.168186e+00
      vertex   5.067531e+00 1.297530e+01 6.954654e+00
    endloop
  endfacet
  facet normal 9.445988e-01 3.272457e-01 -2.536499e-02
    outer loop
      vertex   5.063442e+00 1.306710e+01 7.047644e+00
      vertex   5.141219e+00 1.286270e+01 7.306977e+00
      vertex   5.146758e+00 1.284515e+01 7.286913e+00
    endloop
  endfacet
  facet normal 9.574422e-01 2.787611e-01 -7.481139e-02
    outer loop
      vertex   5.063442e+00 1.306710e+01 7.047644e+00
      vertex   5.146758e+00 1.284515e+01 7.286913e+00
      vertex   5.066032e+00 1.305467e+01 7.034453e+00
    endloop
  endfacet
  facet normal 9.848876e-01 4.899640e-02 -1.661196e-01
    outer loop
      vertex   5.017438e+00 1.324048e+01 6.735878e+00
      vertex   5.068858e+00 1.298701e+01 6.965973e+00
      vertex   5.067531e+00 1.297530e+01 6.954654e+00
    endloop
  endfacet
  facet normal 9.879778e-01 7.518879e-02 -1.350799e-01
    outer loop
      vertex   5.017438e+00 1.324048e+01 6.735878e+00
      vertex   5.067531e+00 1.297530e+01 6.954654e+00
      vertex   5.017092e+00 1.323465e+01 6.730101e+00
    endloop
  endfacet
  facet normal 9.777793e-01 2.095623e-01 -5.589023e-03
    outer loop
      vertex   5.016022e+00 1.328113e+01 6.776732e+00
      vertex   5.063442e+00 1.306710e+01 7.047644e+00
      vertex   5.066032e+00 1.305467e+01 7.034453e+00
    endloop
  endfacet
  facet normal 9.860956e-01 1.575243e-01 -5.292909e-02
    outer loop
      vertex   5.016022e+00 1.328113e+01 6.776732e+00
      vertex   5.066032e+00 1.305467e+01 7.034453e+00
      vertex   5.016700e+00 1.327469e+01 6.770193e+00
    endloop
  endfacet
  facet normal 9.957894e-01 9.059509e-02 1.399878e-02
    outer loop
      vertex   5.000000e+00 1.350000e+01 6.500000e+00
      vertex   5.016022e+00 1.328113e+01 6.776732e+00
      vertex   5.016700e+00 1.327469e+01 6.770193e+00
    endloop
  endfacet
  facet normal -7.044639e-16 9.914449e-01 -1.305262e-01
    outer loop
      vertex   1.900000e+01 1.198296e+01 8.370590e+00
      vertex   1.650000e+01 1.198296e+01 8.370590e+00
      vertex   1.900000e+01 1.200000e+01 8.500000e+00
    endloop
  endfacet
  facet normal 4.564457e-19 9.914449e-01 -1.305262e-01
    outer loop
      vertex   1.900000e+01 1.200000e+01 8.500000e+00
      vertex   1.650000e+01 1.198296e+01 8.370590e+00
      vertex   1.400000e+01 1.198296e+01 8.370590e+00
    endloop
  endfacet
  facet normal 4.564457e-19 9.914449e-01 -1.305262e-01
    outer loop
      vertex   1.900000e+01 1.200000e+01 8.500000e+00
      vertex   1.400000e+01 1.198296e+01 8.370590e+00
      vertex   1.150000e+01 1.198296e+01 8.370590e+00
    endloop
  endfacet
  facet normal 0.000000e+00 9.238795e-01 -3.826834e-01
    outer loop
      vertex   1.150000e+01 1.198296e+01 8.370590e+00
      vertex   1.400000e+01 1.198296e+01 8.370590e+00
      vertex   1.150000e+01 1.193301e+01 8.250000e+00
    endloop
  endfacet
  facet normal 1.042230e-15 9.238795e-01 -3.826834e-01
    outer loop
      vertex   1.150000e+01 1.198296e+01 8.370590e+00
      vertex   1.150000e+01 1.193301e+01 8.250000e+00
      vertex   9.000000e+00 1.193301e+01 8.250000e+00
    endloop
  endfacet
  facet normal 6.948719e-16 7.933533e-01 -6.087614e-01
    outer loop
      vertex   9.000000e+00 1.193301e+01 8.250000e+00
      vertex   1.150000e+01 1.193301e+01 8.250000e+00
      vertex   9.000000e+00 1.185355e+01 8.146446e+00
    endloop
  endfacet
  facet normal -4.316339e-16 7.933533e-01 -6.087614e-01
    outer loop
      vertex   9.000000e+00 1.193301e+01 8.250000e+00
      vertex   9.000000e+00 1.185355e+01 8.146446e+00
      vertex   6.500000e+00 1.185355e+01 8.146446e+00
    endloop
  endfacet
  facet normal -5.637115e-16 6.087614e-01 -7.933533e-01
    outer loop
      vertex   6.500000e+00 1.185355e+01 8.146446e+00
      vertex   9.000000e+00 1.185355e+01 8.146446e+00
      vertex   6.500000e+00 1.175000e+01 8.066987e+00
    endloop
  endfacet
  facet normal -5.637115e-16 6.087614e-01 -7.933533e-01
    outer loop
      vertex   6.500000e+00 1.175000e+01 8.066987e+00
      vertex   9.000000e+00 1.185355e+01 8.146446e+00
      vertex   9.000000e+00 1.175000e+01 8.066987e+00
    endloop
  endfacet
  facet normal -6.564559e-16 3.826834e-01 -9.238795e-01
    outer loop
      vertex   6.500000e+00 1.175000e+01 8.066987e+00
      vertex   9.000000e+00 1.175000e+01 8.066987e+00
      vertex   6.500000e+00 1.162941e+01 8.017037e+00
    endloop
  endfacet
  facet normal 0.000000e+00 3.826834e-01 -9.238795e-01
    outer loop
      vertex   6.500000e+00 1.162941e+01 8.017037e+00
      vertex   9.000000e+00 1.175000e+01 8.066987e+00
      vertex   9.000000e+00 1.162941e+01 8.017037e+00
    endloop
  endfacet
  facet normal 0.000000e+00 1.305262e-01 -9.914449e-01
    outer loop
      vertex   6.500000e+00 1.162941e+01 8.017037e+00
      vertex   9.000000e+00 1.162941e+01 8.017037e+00
      vertex   6.500000e+00 1.150000e+01 8.000000e+00
    endloop
  endfacet
  facet normal 1.692541e-19 1.305262e-01 -9.914449e-01
    outer loop
      vertex   6.500000e+00 1.150000e+01 8.000000e+00
      vertex   9.000000e+00 1.162941e+01 8.017037e+00
      vertex   1.150000e+01 1.162941e+01 8.017037e+00
    endloop
  endfacet
  facet normal 9.320088e-17 1.305262e-01 -9.914449e-01
    outer loop
      vertex   6.500000e+00 1.150000e+01 8.000000e+00
      vertex   1.150000e+01 1.162941e+01 8.017037e+00
      vertex   1.400000e+01 1.162941e+01 8.017037e+00
    endloop
  endfacet
  facet normal 2.719129e-16 3.826834e-01 -9.238795e-01
    outer loop
      vertex   1.400000e+01 1.162941e+01 8.017037e+00
      vertex   1.150000e+01 1.162941e+01 8.017037e+00
      vertex   1.400000e+01 1.175000e+01 8.066987e+00
    endloop
  endfacet
  facet normal 1.149488e-18 3.826834e-01 -9.238795e-01
    outer loop
      vertex   1.400000e+01 1.162941e+01 8.017037e+00
      vertex   1.400000e+01 1.175000e+01 8.066987e+00
      vertex   1.650000e+01 1.175000e+01 8.066987e+00
    endloop
  endfacet
  facet normal 0.000000e+00 6.087614e-01 -7.933533e-01
    outer loop
      vertex   1.650000e+01 1.175000e+01 8.066987e+00
      vertex   1.400000e+01 1.175000e+01 8.066987e+00
      vertex   1.650000e+01 1.185355e+01 8.146446e+00
    endloop
  endfacet
  facet normal 1.927100e-18 6.087614e-01 -7.933533e-01
    outer loop
      vertex   1.650000e+01 1.175000e+01 8.066987e+00
      vertex   1.650000e+01 1.185355e+01 8.146446e+00
      vertex   1.900000e+01 1.185355e+01 8.146446e+00
    endloop
  endfacet
  facet normal 0.000000e+00 7.933533e-01 -6.087614e-01
    outer loop
      vertex   1.900000e+01 1.185355e+01 8.146446e+00
      vertex   1.650000e+01 1.185355e+01 8.146446e+00
      vertex   1.900000e+01 1.193301e+01 8.250000e+00
    endloop
  endfacet
  facet normal 0.000000e+00 7.933533e-01 -6.087614e-01
    outer loop
      vertex   1.900000e+01 1.193301e+01 8.250000e+00
      vertex   1.650000e+01 1.185355e+01 8.146446e+00
      vertex   1.650000e+01 1.193301e+01 8.250000e+00
    endloop
  endfacet
  facet normal 0.000000e+00 9.238795e-01 -3.826834e-01
    outer loop
      vertex   1.900000e+01 1.193301e+01 8.250000e+00
      vertex   1.650000e+01 1.193301e+01 8.250000e+00
      vertex   1.900000e+01 1.198296e+01 8.370590e+00
    endloop
  endfacet
  facet normal -6.564559e-16 9.238795e-01 -3.826834e-01
    outer loop
      vertex   1.900000e+01 1.198296e+01 8.370590e+00
      vertex   1.650000e+01 1.193301e+01 8.250000e+00
      vertex   1.650000e+01 1.198296e+01 8.370590e+00
    endloop
  endfacet
  facet normal 1.927100e-18 6.087614e-01 -7.933533e-01
    outer loop
      vertex   1.900000e+01 1.185355e+01 8.146446e+00
      vertex   1.900000e+01 1.175000e+01 8.066987e+00
      vertex   1.650000e+01 1.175000e+01 8.066987e+00
    endloop
  endfacet
  facet normal 0.000000e+00 3.826834e-01 -9.238795e-01
    outer loop
      vertex   1.650000e+01 1.175000e+01 8.066987e+00
      vertex   1.900000e+01 1.175000e+01 8.066987e+00
      vertex   1.650000e+01 1.162941e+01 8.017037e+00
    endloop
  endfacet
  facet normal 1.149488e-18 3.826834e-01 -9.238795e-01
    outer loop
      vertex   1.650000e+01 1.175000e+01 8.066987e+00
      vertex   1.650000e+01 1.162941e+01 8.017037e+00
      vertex   1.400000e+01 1.162941e+01 8.017037e+00
    endloop
  endfacet
  facet normal 0.000000e+00 1.305262e-01 -9.914449e-01
    outer loop
      vertex   1.400000e+01 1.162941e+01 8.017037e+00
      vertex   1.650000e+01 1.162941e+01 8.017037e+00
      vertex   1.900000e+01 1.150000e+01 8.000000e+00
    endloop
  endfacet
  facet normal 1.864018e-17 1.305262e-01 -9.914449e-01
    outer loop
      vertex   1.400000e+01 1.162941e+01 8.017037e+00
      vertex   1.900000e+01 1.150000e+01 8.000000e+00
      vertex   6.500000e+00 1.150000e+01 8.000000e+00
    endloop
  endfacet
  facet normal -6.553880e-16 3.826834e-01 -9.238795e-01
    outer loop
      vertex   1.900000e+01 1.175000e+01 8.066987e+00
      vertex   1.900000e+01 1.162941e+01 8.017037e+00
      vertex   1.650000e+01 1.162941e+01 8.017037e+00
    endloop
  endfacet
  facet normal -7.044639e-16 1.305262e-01 -9.914449e-01
    outer loop
      vertex   1.650000e+01 1.162941e+01 8.017037e+00
      vertex   1.900000e+01 1.162941e+01 8.017037e+00
      vertex   1.900000e+01 1.150000e+01 8.000000e+00
    endloop
  endfacet
  facet normal -1.030356e-18 7.933533e-01 -6.087614e-01
    outer loop
      vertex   6.500000e+00 1.185355e+01 8.146446e+00
      vertex   6.500000e+00 1.193301e+01 8.250000e+00
      vertex   9.000000e+00 1.193301e+01 8.250000e+00
    endloop
  endfacet
  facet normal 0.000000e+00 9.238795e-01 -3.826834e-01
    outer loop
      vertex   9.000000e+00 1.193301e+01 8.250000e+00
      vertex   6.500000e+00 1.193301e+01 8.250000e+00
      vertex   9.000000e+00 1.198296e+01 8.370590e+00
    endloop
  endfacet
  facet normal 4.389108e-19 9.238795e-01 -3.826834e-01
    outer loop
      vertex   9.000000e+00 1.193301e+01 8.250000e+00
      vertex   9.000000e+00 1.198296e+01 8.370590e+00
      vertex   1.150000e+01 1.198296e+01 8.370590e+00
    endloop
  endfacet
  facet normal 0.000000e+00 9.914449e-01 -1.305262e-01
    outer loop
      vertex   1.150000e+01 1.198296e+01 8.370590e+00
      vertex   9.000000e+00 1.198296e+01 8.370590e+00
      vertex   6.500000e+00 1.200000e+01 8.500000e+00
    endloop
  endfacet
  facet normal -1.851504e-17 9.914449e-01 -1.305262e-01
    outer loop
      vertex   1.150000e+01 1.198296e+01 8.370590e+00
      vertex   6.500000e+00 1.200000e+01 8.500000e+00
      vertex   1.900000e+01 1.200000e+01 8.500000e+00
    endloop
  endfacet
  facet normal -2.706818e-16 9.238795e-01 -3.826834e-01
    outer loop
      vertex   6.500000e+00 1.193301e+01 8.250000e+00
      vertex   6.500000e+00 1.198296e+01 8.370590e+00
      vertex   9.000000e+00 1.198296e+01 8.370590e+00
    endloop
  endfacet
  facet normal -9.274444e-17 9.914449e-01 -1.305262e-01
    outer loop
      vertex   9.000000e+00 1.198296e+01 8.370590e+00
      vertex   6.500000e+00 1.198296e+01 8.370590e+00
      vertex   6.500000e+00 1.200000e+01 8.500000e+00
    endloop
  endfacet
  facet normal 0.000000e+00 9.238795e-01 -3.826834e-01
    outer loop
      vertex   1.400000e+01 1.198296e+01 8.370590e+00
      vertex   1.650000e+01 1.198296e+01 8.370590e+00
      vertex   1.400000e+01 1.193301e+01 8.250000e+00
    endloop
  endfacet
  facet normal 0.000000e+00 9.238795e-01 -3.826834e-01
    outer loop
      vertex   1.400000e+01 1.193301e+01 8.250000e+00
      vertex   1.650000e+01 1.198296e+01 8.370590e+00
      vertex   1.650000e+01 1.193301e+01 8.250000e+00
    endloop
  endfacet
  facet normal 0.000000e+00 7.933533e-01 -6.087614e-01
    outer loop
      vertex   1.400000e+01 1.193301e+01 8.250000e+00
      vertex   1.650000e+01 1.193301e+01 8.250000e+00
      vertex   1.400000e+01 1.185355e+01 8.146446e+00
    endloop
  endfacet
  facet normal -4.325510e-16 7.933533e-01 -6.087614e-01
    outer loop
      vertex   1.400000e+01 1.185355e+01 8.146446e+00
      vertex   1.650000e+01 1.193301e+01 8.250000e+00
      vertex   1.650000e+01 1.185355e+01 8.146446e+00
    endloop
  endfacet
  facet normal -5.637115e-16 6.087614e-01 -7.933533e-01
    outer loop
      vertex   1.400000e+01 1.185355e+01 8.146446e+00
      vertex   1.650000e+01 1.185355e+01 8.146446e+00
      vertex   1.400000e+01 1.175000e+01 8.066987e+00
    endloop
  endfacet
  facet normal 1.067880e-18 9.238795e-01 -3.826834e-01
    outer loop
      vertex   1.400000e+01 1.198296e+01 8.370590e+00
      vertex   1.400000e+01 1.193301e+01 8.250000e+00
      vertex   1.150000e+01 1.193301e+01 8.250000e+00
    endloop
  endfacet
  facet normal 0.000000e+00 7.933533e-01 -6.087614e-01
    outer loop
      vertex   1.150000e+01 1.193301e+01 8.250000e+00
      vertex   1.400000e+01 1.193301e+01 8.250000e+00
      vertex   1.150000e+01 1.185355e+01 8.146446e+00
    endloop
  endfacet
  facet normal -1.441524e-18 7.933533e-01 -6.087614e-01
    outer loop
      vertex   1.150000e+01 1.193301e+01 8.250000e+00
      vertex   1.150000e+01 1.185355e+01 8.146446e+00
      vertex   9.000000e+00 1.185355e+01 8.146446e+00
    endloop
  endfacet
  facet normal 0.000000e+00 6.087614e-01 -7.933533e-01
    outer loop
      vertex   9.000000e+00 1.185355e+01 8.146446e+00
      vertex   1.150000e+01 1.185355e+01 8.146446e+00
      vertex   9.000000e+00 1.175000e+01 8.066987e+00
    endloop
  endfacet
  facet normal 5.637115e-16 7.933533e-01 -6.087614e-01
    outer loop
      vertex   1.150000e+01 1.185355e+01 8.146446e+00
      vertex   1.400000e+01 1.193301e+01 8.250000e+00
      vertex   1.400000e+01 1.185355e+01 8.146446e+00
    endloop
  endfacet
  facet normal 4.325510e-16 6.087614e-01 -7.933533e-01
    outer loop
      vertex   1.150000e+01 1.185355e+01 8.146446e+00
      vertex   1.400000e+01 1.185355e+01 8.146446e+00
      vertex   1.150000e+01 1.175000e+01 8.066987e+00
    endloop
  endfacet
  facet normal 0.000000e+00 6.087614e-01 -7.933533e-01
    outer loop
      vertex   1.150000e+01 1.175000e+01 8.066987e+00
      vertex   1.400000e+01 1.185355e+01 8.146446e+00
      vertex   1.400000e+01 1.175000e+01 8.066987e+00
    endloop
  endfacet
  facet normal 0.000000e+00 3.826834e-01 -9.238795e-01
    outer loop
      vertex   1.150000e+01 1.175000e+01 8.066987e+00
      vertex   1.400000e+01 1.175000e+01 8.066987e+00
      vertex   1.150000e+01 1.162941e+01 8.017037e+00
    endloop
  endfacet
  facet normal 3.573029e-19 3.826834e-01 -9.238795e-01
    outer loop
      vertex   9.000000e+00 1.162941e+01 8.017037e+00
      vertex   9.000000e+00 1.175000e+01 8.066987e+00
      vertex   1.150000e+01 1.175000e+01 8.066987e+00
    endloop
  endfacet
  facet normal 0.000000e+00 6.087614e-01 -7.933533e-01
    outer loop
      vertex   1.150000e+01 1.175000e+01 8.066987e+00
      vertex   9.000000e+00 1.175000e+01 8.066987e+00
      vertex   1.150000e+01 1.185355e+01 8.146446e+00
    endloop
  endfacet
  facet normal 0.000000e+00 3.826834e-01 -9.238795e-01
    outer loop
      vertex   9.000000e+00 1.162941e+01 8.017037e+00
      vertex   1.150000e+01 1.175000e+01 8.066987e+00
      vertex   1.150000e+01 1.162941e+01 8.017037e+00
    endloop
  endfacet
  facet normal 7.511941e-03 9.916194e-01 1.289751e-01
    outer loop
      vertex   1.940633e+01 1.200000e+01 1.547633e+01
      vertex   1.900000e+01 1.200000e+01 1.550000e+01
      vertex   1.939241e+01 1.198296e+01 1.560813e+01
    endloop
  endfacet
  facet normal 7.076747e-03 9.914200e-01 1.305229e-01
    outer loop
      vertex   1.939241e+01 1.198296e+01 1.560813e+01
      vertex   1.900000e+01 1.200000e+01 1.550000e+01
      vertex   1.900000e+01 1.198296e+01 1.562941e+01
    endloop
  endfacet
  facet normal 2.074403e-02 9.236807e-01 3.826011e-01
    outer loop
      vertex   1.939241e+01 1.198296e+01 1.560813e+01
      vertex   1.900000e+01 1.198296e+01 1.562941e+01
      vertex   1.900000e+01 1.193301e+01 1.575000e+01
    endloop
  endfacet
  facet normal 2.074403e-02 9.236807e-01 3.826011e-01
    outer loop
      vertex   1.939241e+01 1.198296e+01 1.560813e+01
      vertex   1.900000e+01 1.193301e+01 1.575000e+01
      vertex   1.940545e+01 1.193301e+01 1.572802e+01
    endloop
  endfacet
  facet normal 3.298812e-02 7.929216e-01 6.084301e-01
    outer loop
      vertex   1.940545e+01 1.193301e+01 1.572802e+01
      vertex   1.900000e+01 1.193301e+01 1.575000e+01
      vertex   1.900000e+01 1.185355e+01 1.585355e+01
    endloop
  endfacet
  facet normal 3.298812e-02 7.929216e-01 6.084301e-01
    outer loop
      vertex   1.940545e+01 1.193301e+01 1.572802e+01
      vertex   1.900000e+01 1.185355e+01 1.585355e+01
      vertex   1.941664e+01 1.185355e+01 1.583096e+01
    endloop
  endfacet
  facet normal 4.297463e-02 6.081990e-01 7.926204e-01
    outer loop
      vertex   1.941664e+01 1.185355e+01 1.583096e+01
      vertex   1.900000e+01 1.185355e+01 1.585355e+01
      vertex   1.900000e+01 1.175000e+01 1.593301e+01
    endloop
  endfacet
  facet normal 4.297463e-02 6.081990e-01 7.926204e-01
    outer loop
      vertex   1.941664e+01 1.185355e+01 1.583096e+01
      vertex   1.900000e+01 1.175000e+01 1.593301e+01
      vertex   1.942523e+01 1.175000e+01 1.590996e+01
    endloop
  endfacet
  facet normal 5.002857e-02 3.822042e-01 9.227226e-01
    outer loop
      vertex   1.942523e+01 1.175000e+01 1.590996e+01
      vertex   1.900000e+01 1.175000e+01 1.593301e+01
      vertex   1.900000e+01 1.162941e+01 1.598296e+01
    endloop
  endfacet
  facet normal 5.002857e-02 3.822042e-01 9.227226e-01
    outer loop
      vertex   1.942523e+01 1.175000e+01 1.590996e+01
      vertex   1.900000e+01 1.162941e+01 1.598296e+01
      vertex   1.943063e+01 1.162941e+01 1.595961e+01
    endloop
  endfacet
  facet normal 5.367708e-02 1.303380e-01 9.900155e-01
    outer loop
      vertex   1.943063e+01 1.162941e+01 1.595961e+01
      vertex   1.900000e+01 1.162941e+01 1.598296e+01
      vertex   1.900000e+01 1.150000e+01 1.600000e+01
    endloop
  endfacet
  facet normal 5.367708e-02 1.303380e-01 9.900155e-01
    outer loop
      vertex   1.943063e+01 1.162941e+01 1.595961e+01
      vertex   1.900000e+01 1.150000e+01 1.600000e+01
      vertex   1.943248e+01 1.150000e+01 1.597655e+01
    endloop
  endfacet
  facet normal 1.604019e-01 1.303380e-01 9.784085e-01
    outer loop
      vertex   1.943063e+01 1.162941e+01 1.595961e+01
      vertex   1.943248e+01 1.150000e+01 1.597655e+01
      vertex   1.985622e+01 1.162941e+01 1.588984e+01
    endloop
  endfacet
  facet normal 1.604019e-01 1.303380e-01 9.784085e-01
    outer loop
      vertex   1.985622e+01 1.162941e+01 1.588984e+01
      vertex   1.943248e+01 1.150000e+01 1.597655e+01
      vertex   1.985988e+01 1.150000e+01 1.590648e+01
    endloop
  endfacet
  facet normal 2.652462e-01 1.303380e-01 9.553305e-01
    outer loop
      vertex   1.985622e+01 1.162941e+01 1.588984e+01
      vertex   1.985988e+01 1.150000e+01 1.590648e+01
      vertex   2.027177e+01 1.162941e+01 1.577447e+01
    endloop
  endfacet
  facet normal 2.652462e-01 1.303380e-01 9.553305e-01
    outer loop
      vertex   2.027177e+01 1.162941e+01 1.577447e+01
      vertex   1.985988e+01 1.150000e+01 1.590648e+01
      vertex   2.027721e+01 1.150000e+01 1.579061e+01
    endloop
  endfacet
  facet normal 3.669807e-01 1.303380e-01 9.210522e-01
    outer loop
      vertex   2.027177e+01 1.162941e+01 1.577447e+01
      vertex   2.027721e+01 1.150000e+01 1.579061e+01
      vertex   2.067240e+01 1.162941e+01 1.561484e+01
    endloop
  endfacet
  facet normal 3.669807e-01 1.303380e-01 9.210522e-01
    outer loop
      vertex   2.067240e+01 1.162941e+01 1.561484e+01
      vertex   2.027721e+01 1.150000e+01 1.579061e+01
      vertex   2.067956e+01 1.150000e+01 1.563030e+01
    endloop
  endfacet
  facet normal 4.644127e-01 1.303380e-01 8.759753e-01
    outer loop
      vertex   2.067240e+01 1.162941e+01 1.561484e+01
      vertex   2.067956e+01 1.150000e+01 1.563030e+01
      vertex   2.105343e+01 1.162941e+01 1.541283e+01
    endloop
  endfacet
  facet normal 4.644127e-01 1.303380e-01 8.759753e-01
    outer loop
      vertex   2.105343e+01 1.162941e+01 1.541283e+01
      vertex   2.067956e+01 1.150000e+01 1.563030e+01
      vertex   2.106222e+01 1.150000e+01 1.542743e+01
    endloop
  endfacet
  facet normal 5.563999e-01 1.303380e-01 8.206285e-01
    outer loop
      vertex   2.105343e+01 1.162941e+01 1.541283e+01
      vertex   2.106222e+01 1.150000e+01 1.542743e+01
      vertex   2.141039e+01 1.162941e+01 1.517081e+01
    endloop
  endfacet
  facet normal 5.563999e-01 1.303380e-01 8.206285e-01
    outer loop
      vertex   2.141039e+01 1.162941e+01 1.517081e+01
      vertex   2.106222e+01 1.150000e+01 1.542743e+01
      vertex   2.142070e+01 1.150000e+01 1.518437e+01
    endloop
  endfacet
  facet normal 6.418638e-01 1.303380e-01 7.556605e-01
    outer loop
      vertex   2.141039e+01 1.162941e+01 1.517081e+01
      vertex   2.142070e+01 1.150000e+01 1.518437e+01
      vertex   2.173908e+01 1.162941e+01 1.489161e+01
    endloop
  endfacet
  facet normal 6.418638e-01 1.303380e-01 7.556605e-01
    outer loop
      vertex   2.173908e+01 1.162941e+01 1.489161e+01
      vertex   2.142070e+01 1.150000e+01 1.518437e+01
      vertex   2.175080e+01 1.150000e+01 1.490398e+01
    endloop
  endfacet
  facet normal 7.198025e-01 1.303380e-01 6.818331e-01
    outer loop
      vertex   2.173908e+01 1.162941e+01 1.489161e+01
      vertex   2.175080e+01 1.150000e+01 1.490398e+01
      vertex   2.203566e+01 1.162941e+01 1.457852e+01
    endloop
  endfacet
  facet normal 7.198025e-01 1.303380e-01 6.818331e-01
    outer loop
      vertex   2.203566e+01 1.162941e+01 1.457852e+01
      vertex   2.175080e+01 1.150000e+01 1.490398e+01
      vertex   2.204865e+01 1.150000e+01 1.458955e+01
    endloop
  endfacet
  facet normal 7.893021e-01 1.303380e-01 6.000118e-01
    outer loop
      vertex   2.203566e+01 1.162941e+01 1.457852e+01
      vertex   2.204865e+01 1.150000e+01 1.458955e+01
      vertex   2.229665e+01 1.162941e+01 1.423519e+01
    endloop
  endfacet
  facet normal 7.893021e-01 1.303380e-01 6.000118e-01
    outer loop
      vertex   2.229665e+01 1.162941e+01 1.423519e+01
      vertex   2.204865e+01 1.150000e+01 1.458955e+01
      vertex   2.231076e+01 1.150000e+01 1.424475e+01
    endloop
  endfacet
  facet normal 8.495479e-01 1.303380e-01 5.111560e-01
    outer loop
      vertex   2.229665e+01 1.162941e+01 1.423519e+01
      vertex   2.231076e+01 1.150000e+01 1.424475e+01
      vertex   2.251900e+01 1.162941e+01 1.386565e+01
    endloop
  endfacet
  facet normal 8.495479e-01 1.303380e-01 5.111560e-01
    outer loop
      vertex   2.251900e+01 1.162941e+01 1.386565e+01
      vertex   2.231076e+01 1.150000e+01 1.424475e+01
      vertex   2.253405e+01 1.150000e+01 1.387363e+01
    endloop
  endfacet
  facet normal 8.998335e-01 1.303380e-01 4.163073e-01
    outer loop
      vertex   2.251900e+01 1.162941e+01 1.386565e+01
      vertex   2.253405e+01 1.150000e+01 1.387363e+01
      vertex   2.270008e+01 1.162941e+01 1.347425e+01
    endloop
  endfacet
  facet normal 8.998335e-01 1.303380e-01 4.163073e-01
    outer loop
      vertex   2.270008e+01 1.162941e+01 1.347425e+01
      vertex   2.253405e+01 1.150000e+01 1.387363e+01
      vertex   2.271591e+01 1.150000e+01 1.348055e+01
    endloop
  endfacet
  facet normal 9.395693e-01 1.303380e-01 3.165778e-01
    outer loop
      vertex   2.270008e+01 1.162941e+01 1.347425e+01
      vertex   2.271591e+01 1.150000e+01 1.348055e+01
      vertex   2.283778e+01 1.162941e+01 1.306556e+01
    endloop
  endfacet
  facet normal 9.395693e-01 1.303380e-01 3.165778e-01
    outer loop
      vertex   2.283778e+01 1.162941e+01 1.306556e+01
      vertex   2.271591e+01 1.150000e+01 1.348055e+01
      vertex   2.285420e+01 1.150000e+01 1.307011e+01
    endloop
  endfacet
  facet normal 9.682896e-01 1.303380e-01 2.131367e-01
    outer loop
      vertex   2.283778e+01 1.162941e+01 1.306556e+01
      vertex   2.285420e+01 1.150000e+01 1.307011e+01
      vertex   2.293049e+01 1.162941e+01 1.264437e+01
    endloop
  endfacet
  facet normal 9.682896e-01 1.303380e-01 2.131367e-01
    outer loop
      vertex   2.293049e+01 1.162941e+01 1.264437e+01
      vertex   2.285420e+01 1.150000e+01 1.307011e+01
      vertex   2.294731e+01 1.150000e+01 1.264713e+01
    endloop
  endfacet
  facet normal 9.856576e-01 1.303380e-01 1.071967e-01
    outer loop
      vertex   2.293049e+01 1.162941e+01 1.264437e+01
      vertex   2.294731e+01 1.150000e+01 1.264713e+01
      vertex   2.297712e+01 1.162941e+01 1.221563e+01
    endloop
  endfacet
  facet normal 9.856576e-01 1.303380e-01 1.071967e-01
    outer loop
      vertex   2.297712e+01 1.162941e+01 1.221563e+01
      vertex   2.294731e+01 1.150000e+01 1.264713e+01
      vertex   2.299413e+01 1.150000e+01 1.221656e+01
    endloop
  endfacet
  facet normal 9.914696e-01 1.303380e-01 0.000000e+00
    outer loop
      vertex   2.297712e+01 1.162941e+01 1.221563e+01
      vertex   2.299413e+01 1.150000e+01 1.221656e+01
      vertex   2.297712e+01 1.162941e+01 1.178437e+01
    endloop
  endfacet
  facet normal 9.914696e-01 1.303380e-01 2.058388e-18
    outer loop
      vertex   2.297712e+01 1.162941e+01 1.178437e+01
      vertex   2.299413e+01 1.150000e+01 1.221656e+01
      vertex   2.299413e+01 1.150000e+01 1.178344e+01
    endloop
  endfacet
  facet normal 9.856576e-01 1.303380e-01 -1.071967e-01
    outer loop
      vertex   2.297712e+01 1.162941e+01 1.178437e+01
      vertex   2.299413e+01 1.150000e+01 1.178344e+01
      vertex   2.293049e+01 1.162941e+01 1.135563e+01
    endloop
  endfacet
  facet normal 9.856576e-01 1.303380e-01 -1.071967e-01
    outer loop
      vertex   2.293049e+01 1.162941e+01 1.135563e+01
      vertex   2.299413e+01 1.150000e+01 1.178344e+01
      vertex   2.294731e+01 1.150000e+01 1.135287e+01
    endloop
  endfacet
  facet normal 9.682896e-01 1.303380e-01 -2.131367e-01
    outer loop
      vertex   2.293049e+01 1.162941e+01 1.135563e+01
      vertex   2.294731e+01 1.150000e+01 1.135287e+01
      vertex   2.283778e+01 1.162941e+01 1.093444e+01
    endloop
  endfacet
  facet normal 9.682896e-01 1.303380e-01 -2.131367e-01
    outer loop
      vertex   2.283778e+01 1.162941e+01 1.093444e+01
      vertex   2.294731e+01 1.150000e+01 1.135287e+01
      vertex   2.285420e+01 1.150000e+01 1.092989e+01
    endloop
  endfacet
  facet normal 9.395693e-01 1.303380e-01 -3.165778e-01
    outer loop
      vertex   2.283778e+01 1.162941e+01 1.093444e+01
      vertex   2.285420e+01 1.150000e+01 1.092989e+01
      vertex   2.270008e+01 1.162941e+01 1.052575e+01
    endloop
  endfacet
  facet normal 9.395693e-01 1.303380e-01 -3.165778e-01
    outer loop
      vertex   2.270008e+01 1.162941e+01 1.052575e+01
      vertex   2.285420e+01 1.150000e+01 1.092989e+01
      vertex   2.271591e+01 1.150000e+01 1.051945e+01
    endloop
  endfacet
  facet normal 8.998335e-01 1.303380e-01 -4.163073e-01
    outer loop
      vertex   2.270008e+01 1.162941e+01 1.052575e+01
      vertex   2.271591e+01 1.150000e+01 1.051945e+01
      vertex   2.251900e+01 1.162941e+01 1.013435e+01
    endloop
  endfacet
  facet normal 8.998335e-01 1.303380e-01 -4.163073e-01
    outer loop
      vertex   2.251900e+01 1.162941e+01 1.013435e+01
      vertex   2.271591e+01 1.150000e+01 1.051945e+01
      vertex   2.253405e+01 1.150000e+01 1.012637e+01
    endloop
  endfacet
  facet normal 8.495479e-01 1.303380e-01 -5.111560e-01
    outer loop
      vertex   2.251900e+01 1.162941e+01 1.013435e+01
      vertex   2.253405e+01 1.150000e+01 1.012637e+01
      vertex   2.229665e+01 1.162941e+01 9.764813e+00
    endloop
  endfacet
  facet normal 8.495479e-01 1.303380e-01 -5.111560e-01
    outer loop
      vertex   2.229665e+01 1.162941e+01 9.764813e+00
      vertex   2.253405e+01 1.150000e+01 1.012637e+01
      vertex   2.231076e+01 1.150000e+01 9.755252e+00
    endloop
  endfacet
  facet normal 7.893021e-01 1.303380e-01 -6.000118e-01
    outer loop
      vertex   2.229665e+01 1.162941e+01 9.764813e+00
      vertex   2.231076e+01 1.150000e+01 9.755252e+00
      vertex   2.203566e+01 1.162941e+01 9.421484e+00
    endloop
  endfacet
  facet normal 7.893021e-01 1.303380e-01 -6.000118e-01
    outer loop
      vertex   2.203566e+01 1.162941e+01 9.421484e+00
      vertex   2.231076e+01 1.150000e+01 9.755252e+00
      vertex   2.204865e+01 1.150000e+01 9.410455e+00
    endloop
  endfacet
  facet normal 7.198025e-01 1.303380e-01 -6.818331e-01
    outer loop
      vertex   2.203566e+01 1.162941e+01 9.421484e+00
      vertex   2.204865e+01 1.150000e+01 9.410455e+00
      vertex   2.173908e+01 1.162941e+01 9.108387e+00
    endloop
  endfacet
  facet normal 7.198025e-01 1.303380e-01 -6.818331e-01
    outer loop
      vertex   2.173908e+01 1.162941e+01 9.108387e+00
      vertex   2.204865e+01 1.150000e+01 9.410455e+00
      vertex   2.175080e+01 1.150000e+01 9.096018e+00
    endloop
  endfacet
  facet normal 6.418638e-01 1.303380e-01 -7.556605e-01
    outer loop
      vertex   2.173908e+01 1.162941e+01 9.108387e+00
      vertex   2.175080e+01 1.150000e+01 9.096018e+00
      vertex   2.141039e+01 1.162941e+01 8.829191e+00
    endloop
  endfacet
  facet normal 6.418638e-01 1.303380e-01 -7.556605e-01
    outer loop
      vertex   2.141039e+01 1.162941e+01 8.829191e+00
      vertex   2.175080e+01 1.150000e+01 9.096018e+00
      vertex   2.142070e+01 1.150000e+01 8.815628e+00
    endloop
  endfacet
  facet normal 5.563999e-01 1.303380e-01 -8.206285e-01
    outer loop
      vertex   2.141039e+01 1.162941e+01 8.829191e+00
      vertex   2.142070e+01 1.150000e+01 8.815628e+00
      vertex   2.105343e+01 1.162941e+01 8.587170e+00
    endloop
  endfacet
  facet normal 5.563999e-01 1.303380e-01 -8.206285e-01
    outer loop
      vertex   2.105343e+01 1.162941e+01 8.587170e+00
      vertex   2.142070e+01 1.150000e+01 8.815628e+00
      vertex   2.106222e+01 1.150000e+01 8.572571e+00
    endloop
  endfacet
  facet normal 4.644127e-01 1.303380e-01 -8.759753e-01
    outer loop
      vertex   2.105343e+01 1.162941e+01 8.587170e+00
      vertex   2.106222e+01 1.150000e+01 8.572571e+00
      vertex   2.067240e+01 1.162941e+01 8.385161e+00
    endloop
  endfacet
  facet normal 4.644127e-01 1.303380e-01 -8.759753e-01
    outer loop
      vertex   2.067240e+01 1.162941e+01 8.385161e+00
      vertex   2.106222e+01 1.150000e+01 8.572571e+00
      vertex   2.067956e+01 1.150000e+01 8.369698e+00
    endloop
  endfacet
  facet normal 3.669807e-01 1.303380e-01 -9.210522e-01
    outer loop
      vertex   2.067240e+01 1.162941e+01 8.385161e+00
      vertex   2.067956e+01 1.150000e+01 8.369698e+00
      vertex   2.027177e+01 1.162941e+01 8.225532e+00
    endloop
  endfacet
  facet normal 3.669807e-01 1.303380e-01 -9.210522e-01
    outer loop
      vertex   2.027177e+01 1.162941e+01 8.225532e+00
      vertex   2.067956e+01 1.150000e+01 8.369698e+00
      vertex   2.027721e+01 1.150000e+01 8.209387e+00
    endloop
  endfacet
  facet normal 2.652462e-01 1.303380e-01 -9.553305e-01
    outer loop
      vertex   2.027177e+01 1.162941e+01 8.225532e+00
      vertex   2.027721e+01 1.150000e+01 8.209387e+00
      vertex   1.985622e+01 1.162941e+01 8.110156e+00
    endloop
  endfacet
  facet normal 2.652462e-01 1.303380e-01 -9.553305e-01
    outer loop
      vertex   1.985622e+01 1.162941e+01 8.110156e+00
      vertex   2.027721e+01 1.150000e+01 8.209387e+00
      vertex   1.985988e+01 1.150000e+01 8.093518e+00
    endloop
  endfacet
  facet normal 1.604019e-01 1.303380e-01 -9.784085e-01
    outer loop
      vertex   1.985622e+01 1.162941e+01 8.110156e+00
      vertex   1.985988e+01 1.150000e+01 8.093518e+00
      vertex   1.943063e+01 1.162941e+01 8.040385e+00
    endloop
  endfacet
  facet normal 1.604019e-01 1.303380e-01 -9.784085e-01
    outer loop
      vertex   1.943063e+01 1.162941e+01 8.040385e+00
      vertex   1.985988e+01 1.150000e+01 8.093518e+00
      vertex   1.943248e+01 1.150000e+01 8.023448e+00
    endloop
  endfacet
  facet normal 5.367708e-02 1.303380e-01 -9.900155e-01
    outer loop
      vertex   1.943063e+01 1.162941e+01 8.040385e+00
      vertex   1.943248e+01 1.150000e+01 8.023448e+00
      vertex   1.900000e+01 1.162941e+01 8.017037e+00
    endloop
  endfacet
  facet normal 5.367708e-02 1.303380e-01 -9.900155e-01
    outer loop
      vertex   1.900000e+01 1.162941e+01 8.017037e+00
      vertex   1.943248e+01 1.150000e+01 8.023448e+00
      vertex   1.900000e+01 1.150000e+01 8.000000e+00
    endloop
  endfacet
  facet normal 5.002857e-02 3.822042e-01 -9.227226e-01
    outer loop
      vertex   1.900000e+01 1.162941e+01 8.017037e+00
      vertex   1.900000e+01 1.175000e+01 8.066987e+00
      vertex   1.943063e+01 1.162941e+01 8.040385e+00
    endloop
  endfacet
  facet normal 5.002857e-02 3.822042e-01 -9.227226e-01
    outer loop
      vertex   1.943063e+01 1.162941e+01 8.040385e+00
      vertex   1.900000e+01 1.175000e+01 8.066987e+00
      vertex   1.942523e+01 1.175000e+01 8.090043e+00
    endloop
  endfacet
  facet normal 1.494992e-01 3.822042e-01 -9.119046e-01
    outer loop
      vertex   1.943063e+01 1.162941e+01 8.040385e+00
      vertex   1.942523e+01 1.175000e+01 8.090043e+00
      vertex   1.985622e+01 1.162941e+01 8.110156e+00
    endloop
  endfacet
  facet normal 1.494992e-01 3.822042e-01 -9.119046e-01
    outer loop
      vertex   1.985622e+01 1.162941e+01 8.110156e+00
      vertex   1.942523e+01 1.175000e+01 8.090043e+00
      vertex   1.984548e+01 1.175000e+01 8.158939e+00
    endloop
  endfacet
  facet normal 2.472170e-01 3.822042e-01 -8.903952e-01
    outer loop
      vertex   1.985622e+01 1.162941e+01 8.110156e+00
      vertex   1.984548e+01 1.175000e+01 8.158939e+00
      vertex   2.027177e+01 1.162941e+01 8.225532e+00
    endloop
  endfacet
  facet normal 2.472170e-01 3.822042e-01 -8.903952e-01
    outer loop
      vertex   2.027177e+01 1.162941e+01 8.225532e+00
      vertex   1.984548e+01 1.175000e+01 8.158939e+00
      vertex   2.025582e+01 1.175000e+01 8.272868e+00
    endloop
  endfacet
  facet normal 3.420365e-01 3.822042e-01 -8.584468e-01
    outer loop
      vertex   2.027177e+01 1.162941e+01 8.225532e+00
      vertex   2.025582e+01 1.175000e+01 8.272868e+00
      vertex   2.067240e+01 1.162941e+01 8.385161e+00
    endloop
  endfacet
  facet normal 3.420365e-01 3.822042e-01 -8.584468e-01
    outer loop
      vertex   2.067240e+01 1.162941e+01 8.385161e+00
      vertex   2.025582e+01 1.175000e+01 8.272868e+00
      vertex   2.065143e+01 1.175000e+01 8.430494e+00
    endloop
  endfacet
  facet normal 4.328459e-01 3.822042e-01 -8.164339e-01
    outer loop
      vertex   2.067240e+01 1.162941e+01 8.385161e+00
      vertex   2.065143e+01 1.175000e+01 8.430494e+00
      vertex   2.105343e+01 1.162941e+01 8.587170e+00
    endloop
  endfacet
  facet normal 4.328459e-01 3.822042e-01 -8.164339e-01
    outer loop
      vertex   2.105343e+01 1.162941e+01 8.587170e+00
      vertex   2.065143e+01 1.175000e+01 8.430494e+00
      vertex   2.102768e+01 1.175000e+01 8.629970e+00
    endloop
  endfacet
  facet normal 5.185806e-01 3.822042e-01 -7.648491e-01
    outer loop
      vertex   2.105343e+01 1.162941e+01 8.587170e+00
      vertex   2.102768e+01 1.175000e+01 8.629970e+00
      vertex   2.141039e+01 1.162941e+01 8.829191e+00
    endloop
  endfacet
  facet normal 5.185806e-01 3.822042e-01 -7.648491e-01
    outer loop
      vertex   2.141039e+01 1.162941e+01 8.829191e+00
      vertex   2.102768e+01 1.175000e+01 8.629970e+00
      vertex   2.138016e+01 1.175000e+01 8.868956e+00
    endloop
  endfacet
  facet normal 5.982353e-01 3.822042e-01 -7.042971e-01
    outer loop
      vertex   2.141039e+01 1.162941e+01 8.829191e+00
      vertex   2.138016e+01 1.175000e+01 8.868956e+00
      vertex   2.173908e+01 1.162941e+01 9.108387e+00
    endloop
  endfacet
  facet normal 5.982353e-01 3.822042e-01 -7.042971e-01
    outer loop
      vertex   2.173908e+01 1.162941e+01 9.108387e+00
      vertex   2.138016e+01 1.175000e+01 8.868956e+00
      vertex   2.170473e+01 1.175000e+01 9.144650e+00
    endloop
  endfacet
  facet normal 6.708764e-01 3.822042e-01 -6.354879e-01
    outer loop
      vertex   2.173908e+01 1.162941e+01 9.108387e+00
      vertex   2.170473e+01 1.175000e+01 9.144650e+00
      vertex   2.203566e+01 1.162941e+01 9.421484e+00
    endloop
  endfacet
  facet normal 6.708764e-01 3.822042e-01 -6.354879e-01
    outer loop
      vertex   2.203566e+01 1.162941e+01 9.421484e+00
      vertex   2.170473e+01 1.175000e+01 9.144650e+00
      vertex   2.199759e+01 1.175000e+01 9.453821e+00
    endloop
  endfacet
  facet normal 7.356520e-01 3.822042e-01 -5.592281e-01
    outer loop
      vertex   2.203566e+01 1.162941e+01 9.421484e+00
      vertex   2.199759e+01 1.175000e+01 9.453821e+00
      vertex   2.229665e+01 1.162941e+01 9.764813e+00
    endloop
  endfacet
  facet normal 7.356520e-01 3.822042e-01 -5.592281e-01
    outer loop
      vertex   2.229665e+01 1.162941e+01 9.764813e+00
      vertex   2.199759e+01 1.175000e+01 9.453821e+00
      vertex   2.225531e+01 1.175000e+01 9.792844e+00
    endloop
  endfacet
  facet normal 7.918028e-01 3.822042e-01 -4.764119e-01
    outer loop
      vertex   2.229665e+01 1.162941e+01 9.764813e+00
      vertex   2.225531e+01 1.175000e+01 9.792844e+00
      vertex   2.251900e+01 1.162941e+01 1.013435e+01
    endloop
  endfacet
  facet normal 7.918028e-01 3.822042e-01 -4.764119e-01
    outer loop
      vertex   2.251900e+01 1.162941e+01 1.013435e+01
      vertex   2.225531e+01 1.175000e+01 9.792844e+00
      vertex   2.247486e+01 1.175000e+01 1.015774e+01
    endloop
  endfacet
  facet normal 8.386704e-01 3.822042e-01 -3.880102e-01
    outer loop
      vertex   2.251900e+01 1.162941e+01 1.013435e+01
      vertex   2.247486e+01 1.175000e+01 1.015774e+01
      vertex   2.270008e+01 1.162941e+01 1.052575e+01
    endloop
  endfacet
  facet normal 8.386704e-01 3.822042e-01 -3.880102e-01
    outer loop
      vertex   2.270008e+01 1.162941e+01 1.052575e+01
      vertex   2.247486e+01 1.175000e+01 1.015774e+01
      vertex   2.265368e+01 1.175000e+01 1.054424e+01
    endloop
  endfacet
  facet normal 8.757053e-01 3.822042e-01 -2.950595e-01
    outer loop
      vertex   2.270008e+01 1.162941e+01 1.052575e+01
      vertex   2.265368e+01 1.175000e+01 1.054424e+01
      vertex   2.283778e+01 1.162941e+01 1.093444e+01
    endloop
  endfacet
  facet normal 8.757053e-01 3.822042e-01 -2.950595e-01
    outer loop
      vertex   2.283778e+01 1.162941e+01 1.093444e+01
      vertex   2.265368e+01 1.175000e+01 1.054424e+01
      vertex   2.278965e+01 1.175000e+01 1.094781e+01
    endloop
  endfacet
  facet normal 9.024735e-01 3.822042e-01 -1.986494e-01
    outer loop
      vertex   2.283778e+01 1.162941e+01 1.093444e+01
      vertex   2.278965e+01 1.175000e+01 1.094781e+01
      vertex   2.293049e+01 1.162941e+01 1.135563e+01
    endloop
  endfacet
  facet normal 9.024735e-01 3.822042e-01 -1.986494e-01
    outer loop
      vertex   2.293049e+01 1.162941e+01 1.135563e+01
      vertex   2.278965e+01 1.175000e+01 1.094781e+01
      vertex   2.288120e+01 1.175000e+01 1.136371e+01
    endloop
  endfacet
  facet normal 9.186609e-01 3.822042e-01 -9.991039e-02
    outer loop
      vertex   2.293049e+01 1.162941e+01 1.135563e+01
      vertex   2.288120e+01 1.175000e+01 1.136371e+01
      vertex   2.297712e+01 1.162941e+01 1.178437e+01
    endloop
  endfacet
  facet normal 9.186609e-01 3.822042e-01 -9.991039e-02
    outer loop
      vertex   2.297712e+01 1.162941e+01 1.178437e+01
      vertex   2.288120e+01 1.175000e+01 1.136371e+01
      vertex   2.292724e+01 1.175000e+01 1.178707e+01
    endloop
  endfacet
  facet normal 9.240779e-01 3.822042e-01 -0.000000e+00
    outer loop
      vertex   2.297712e+01 1.162941e+01 1.178437e+01
      vertex   2.292724e+01 1.175000e+01 1.178707e+01
      vertex   2.297712e+01 1.162941e+01 1.221563e+01
    endloop
  endfacet
  facet normal 9.240779e-01 3.822042e-01 6.766108e-18
    outer loop
      vertex   2.297712e+01 1.162941e+01 1.221563e+01
      vertex   2.292724e+01 1.175000e+01 1.178707e+01
      vertex   2.292724e+01 1.175000e+01 1.221293e+01
    endloop
  endfacet
  facet normal 9.186609e-01 3.822042e-01 9.991039e-02
    outer loop
      vertex   2.297712e+01 1.162941e+01 1.221563e+01
      vertex   2.292724e+01 1.175000e+01 1.221293e+01
      vertex   2.293049e+01 1.162941e+01 1.264437e+01
    endloop
  endfacet
  facet normal 9.186609e-01 3.822042e-01 9.991039e-02
    outer loop
      vertex   2.293049e+01 1.162941e+01 1.264437e+01
      vertex   2.292724e+01 1.175000e+01 1.221293e+01
      vertex   2.288120e+01 1.175000e+01 1.263629e+01
    endloop
  endfacet
  facet normal 9.024735e-01 3.822042e-01 1.986494e-01
    outer loop
      vertex   2.293049e+01 1.162941e+01 1.264437e+01
      vertex   2.288120e+01 1.175000e+01 1.263629e+01
      vertex   2.283778e+01 1.162941e+01 1.306556e+01
    endloop
  endfacet
  facet normal 9.024735e-01 3.822042e-01 1.986494e-01
    outer loop
      vertex   2.283778e+01 1.162941e+01 1.306556e+01
      vertex   2.288120e+01 1.175000e+01 1.263629e+01
      vertex   2.278965e+01 1.175000e+01 1.305219e+01
    endloop
  endfacet
  facet normal 8.757053e-01 3.822042e-01 2.950595e-01
    outer loop
      vertex   2.283778e+01 1.162941e+01 1.306556e+01
      vertex   2.278965e+01 1.175000e+01 1.305219e+01
      vertex   2.270008e+01 1.162941e+01 1.347425e+01
    endloop
  endfacet
  facet normal 8.757053e-01 3.822042e-01 2.950595e-01
    outer loop
      vertex   2.270008e+01 1.162941e+01 1.347425e+01
      vertex   2.278965e+01 1.175000e+01 1.305219e+01
      vertex   2.265368e+01 1.175000e+01 1.345576e+01
    endloop
  endfacet
  facet normal 8.386704e-01 3.822042e-01 3.880102e-01
    outer loop
      vertex   2.270008e+01 1.162941e+01 1.347425e+01
      vertex   2.265368e+01 1.175000e+01 1.345576e+01
      vertex   2.251900e+01 1.162941e+01 1.386565e+01
    endloop
  endfacet
  facet normal 8.386704e-01 3.822042e-01 3.880102e-01
    outer loop
      vertex   2.251900e+01 1.162941e+01 1.386565e+01
      vertex   2.265368e+01 1.175000e+01 1.345576e+01
      vertex   2.247486e+01 1.175000e+01 1.384226e+01
    endloop
  endfacet
  facet normal 7.918028e-01 3.822042e-01 4.764119e-01
    outer loop
      vertex   2.251900e+01 1.162941e+01 1.386565e+01
      vertex   2.247486e+01 1.175000e+01 1.384226e+01
      vertex   2.229665e+01 1.162941e+01 1.423519e+01
    endloop
  endfacet
  facet normal 7.918028e-01 3.822042e-01 4.764119e-01
    outer loop
      vertex   2.229665e+01 1.162941e+01 1.423519e+01
      vertex   2.247486e+01 1.175000e+01 1.384226e+01
      vertex   2.225531e+01 1.175000e+01 1.420716e+01
    endloop
  endfacet
  facet normal 7.356520e-01 3.822042e-01 5.592281e-01
    outer loop
      vertex   2.229665e+01 1.162941e+01 1.423519e+01
      vertex   2.225531e+01 1.175000e+01 1.420716e+01
      vertex   2.203566e+01 1.162941e+01 1.457852e+01
    endloop
  endfacet
  facet normal 7.356520e-01 3.822042e-01 5.592281e-01
    outer loop
      vertex   2.203566e+01 1.162941e+01 1.457852e+01
      vertex   2.225531e+01 1.175000e+01 1.420716e+01
      vertex   2.199759e+01 1.175000e+01 1.454618e+01
    endloop
  endfacet
  facet normal 6.708764e-01 3.822042e-01 6.354879e-01
    outer loop
      vertex   2.203566e+01 1.162941e+01 1.457852e+01
      vertex   2.199759e+01 1.175000e+01 1.454618e+01
      vertex   2.173908e+01 1.162941e+01 1.489161e+01
    endloop
  endfacet
  facet normal 6.708764e-01 3.822042e-01 6.354879e-01
    outer loop
      vertex   2.173908e+01 1.162941e+01 1.489161e+01
      vertex   2.199759e+01 1.175000e+01 1.454618e+01
      vertex   2.170473e+01 1.175000e+01 1.485535e+01
    endloop
  endfacet
  facet normal 5.982353e-01 3.822042e-01 7.042971e-01
    outer loop
      vertex   2.173908e+01 1.162941e+01 1.489161e+01
      vertex   2.170473e+01 1.175000e+01 1.485535e+01
      vertex   2.141039e+01 1.162941e+01 1.517081e+01
    endloop
  endfacet
  facet normal 5.982353e-01 3.822042e-01 7.042971e-01
    outer loop
      vertex   2.141039e+01 1.162941e+01 1.517081e+01
      vertex   2.170473e+01 1.175000e+01 1.485535e+01
      vertex   2.138016e+01 1.175000e+01 1.513104e+01
    endloop
  endfacet
  facet normal 5.185806e-01 3.822042e-01 7.648491e-01
    outer loop
      vertex   2.141039e+01 1.162941e+01 1.517081e+01
      vertex   2.138016e+01 1.175000e+01 1.513104e+01
      vertex   2.105343e+01 1.162941e+01 1.541283e+01
    endloop
  endfacet
  facet normal 5.185806e-01 3.822042e-01 7.648491e-01
    outer loop
      vertex   2.105343e+01 1.162941e+01 1.541283e+01
      vertex   2.138016e+01 1.175000e+01 1.513104e+01
      vertex   2.102768e+01 1.175000e+01 1.537003e+01
    endloop
  endfacet
  facet normal 4.328459e-01 3.822042e-01 8.164339e-01
    outer loop
      vertex   2.105343e+01 1.162941e+01 1.541283e+01
      vertex   2.102768e+01 1.175000e+01 1.537003e+01
      vertex   2.067240e+01 1.162941e+01 1.561484e+01
    endloop
  endfacet
  facet normal 4.328459e-01 3.822042e-01 8.164339e-01
    outer loop
      vertex   2.067240e+01 1.162941e+01 1.561484e+01
      vertex   2.102768e+01 1.175000e+01 1.537003e+01
      vertex   2.065143e+01 1.175000e+01 1.556951e+01
    endloop
  endfacet
  facet normal 3.420365e-01 3.822042e-01 8.584468e-01
    outer loop
      vertex   2.067240e+01 1.162941e+01 1.561484e+01
      vertex   2.065143e+01 1.175000e+01 1.556951e+01
      vertex   2.027177e+01 1.162941e+01 1.577447e+01
    endloop
  endfacet
  facet normal 3.420365e-01 3.822042e-01 8.584468e-01
    outer loop
      vertex   2.027177e+01 1.162941e+01 1.577447e+01
      vertex   2.065143e+01 1.175000e+01 1.556951e+01
      vertex   2.025582e+01 1.175000e+01 1.572713e+01
    endloop
  endfacet
  facet normal 2.472170e-01 3.822042e-01 8.903952e-01
    outer loop
      vertex   2.027177e+01 1.162941e+01 1.577447e+01
      vertex   2.025582e+01 1.175000e+01 1.572713e+01
      vertex   1.985622e+01 1.162941e+01 1.588984e+01
    endloop
  endfacet
  facet normal 2.472170e-01 3.822042e-01 8.903952e-01
    outer loop
      vertex   1.985622e+01 1.162941e+01 1.588984e+01
      vertex   2.025582e+01 1.175000e+01 1.572713e+01
      vertex   1.984548e+01 1.175000e+01 1.584106e+01
    endloop
  endfacet
  facet normal 1.494992e-01 3.822042e-01 9.119046e-01
    outer loop
      vertex   1.985622e+01 1.162941e+01 1.588984e+01
      vertex   1.984548e+01 1.175000e+01 1.584106e+01
      vertex   1.943063e+01 1.162941e+01 1.595961e+01
    endloop
  endfacet
  facet normal 1.494992e-01 3.822042e-01 9.119046e-01
    outer loop
      vertex   1.943063e+01 1.162941e+01 1.595961e+01
      vertex   1.984548e+01 1.175000e+01 1.584106e+01
      vertex   1.942523e+01 1.175000e+01 1.590996e+01
    endloop
  endfacet
  facet normal 4.297463e-02 6.081990e-01 -7.926204e-01
    outer loop
      vertex   1.900000e+01 1.175000e+01 8.066987e+00
      vertex   1.900000e+01 1.185355e+01 8.146446e+00
      vertex   1.942523e+01 1.175000e+01 8.090043e+00
    endloop
  endfacet
  facet normal 4.297463e-02 6.081990e-01 -7.926204e-01
    outer loop
      vertex   1.942523e+01 1.175000e+01 8.090043e+00
      vertex   1.900000e+01 1.185355e+01 8.146446e+00
      vertex   1.941664e+01 1.185355e+01 8.169036e+00
    endloop
  endfacet
  facet normal 1.284201e-01 6.081990e-01 -7.833277e-01
    outer loop
      vertex   1.942523e+01 1.175000e+01 8.090043e+00
      vertex   1.941664e+01 1.185355e+01 8.169036e+00
      vertex   1.984548e+01 1.175000e+01 8.158939e+00
    endloop
  endfacet
  facet normal 1.284201e-01 6.081990e-01 -7.833277e-01
    outer loop
      vertex   1.984548e+01 1.175000e+01 8.158939e+00
      vertex   1.941664e+01 1.185355e+01 8.169036e+00
      vertex   1.982840e+01 1.185355e+01 8.236540e+00
    endloop
  endfacet
  facet normal 2.123599e-01 6.081990e-01 -7.648511e-01
    outer loop
      vertex   1.984548e+01 1.175000e+01 8.158939e+00
      vertex   1.982840e+01 1.185355e+01 8.236540e+00
      vertex   2.025582e+01 1.175000e+01 8.272868e+00
    endloop
  endfacet
  facet normal 2.123599e-01 6.081990e-01 -7.648511e-01
    outer loop
      vertex   2.025582e+01 1.175000e+01 8.272868e+00
      vertex   1.982840e+01 1.185355e+01 8.236540e+00
      vertex   2.023045e+01 1.185355e+01 8.348168e+00
    endloop
  endfacet
  facet normal 2.938100e-01 6.081990e-01 -7.374074e-01
    outer loop
      vertex   2.025582e+01 1.175000e+01 8.272868e+00
      vertex   2.023045e+01 1.185355e+01 8.348168e+00
      vertex   2.065143e+01 1.175000e+01 8.430494e+00
    endloop
  endfacet
  facet normal 2.938100e-01 6.081990e-01 -7.374074e-01
    outer loop
      vertex   2.065143e+01 1.175000e+01 8.430494e+00
      vertex   2.023045e+01 1.185355e+01 8.348168e+00
      vertex   2.061807e+01 1.185355e+01 8.502610e+00
    endloop
  endfacet
  facet normal 3.718154e-01 6.081990e-01 -7.013182e-01
    outer loop
      vertex   2.065143e+01 1.175000e+01 8.430494e+00
      vertex   2.061807e+01 1.185355e+01 8.502610e+00
      vertex   2.102768e+01 1.175000e+01 8.629970e+00
    endloop
  endfacet
  facet normal 3.718154e-01 6.081990e-01 -7.013182e-01
    outer loop
      vertex   2.102768e+01 1.175000e+01 8.629970e+00
      vertex   2.061807e+01 1.185355e+01 8.502610e+00
      vertex   2.098671e+01 1.185355e+01 8.698055e+00
    endloop
  endfacet
  facet normal 4.454616e-01 6.081990e-01 -6.570068e-01
    outer loop
      vertex   2.102768e+01 1.175000e+01 8.629970e+00
      vertex   2.098671e+01 1.185355e+01 8.698055e+00
      vertex   2.138016e+01 1.175000e+01 8.868956e+00
    endloop
  endfacet
  facet normal 4.454616e-01 6.081990e-01 -6.570068e-01
    outer loop
      vertex   2.138016e+01 1.175000e+01 8.868956e+00
      vertex   2.098671e+01 1.185355e+01 8.698055e+00
      vertex   2.133207e+01 1.185355e+01 8.932213e+00
    endloop
  endfacet
  facet normal 5.138852e-01 6.081990e-01 -6.049925e-01
    outer loop
      vertex   2.138016e+01 1.175000e+01 8.868956e+00
      vertex   2.133207e+01 1.185355e+01 8.932213e+00
      vertex   2.170473e+01 1.175000e+01 9.144650e+00
    endloop
  endfacet
  facet normal 5.138852e-01 6.081990e-01 -6.049925e-01
    outer loop
      vertex   2.170473e+01 1.175000e+01 9.144650e+00
      vertex   2.133207e+01 1.185355e+01 8.932213e+00
      vertex   2.165009e+01 1.185355e+01 9.202338e+00
    endloop
  endfacet
  facet normal 5.762840e-01 6.081990e-01 -5.458852e-01
    outer loop
      vertex   2.170473e+01 1.175000e+01 9.144650e+00
      vertex   2.165009e+01 1.185355e+01 9.202338e+00
      vertex   2.199759e+01 1.175000e+01 9.453821e+00
    endloop
  endfacet
  facet normal 5.762840e-01 6.081990e-01 -5.458852e-01
    outer loop
      vertex   2.199759e+01 1.175000e+01 9.453821e+00
      vertex   2.165009e+01 1.185355e+01 9.202338e+00
      vertex   2.193703e+01 1.185355e+01 9.505262e+00
    endloop
  endfacet
  facet normal 6.319264e-01 6.081990e-01 -4.803780e-01
    outer loop
      vertex   2.199759e+01 1.175000e+01 9.453821e+00
      vertex   2.193703e+01 1.185355e+01 9.505262e+00
      vertex   2.225531e+01 1.175000e+01 9.792844e+00
    endloop
  endfacet
  facet normal 6.319264e-01 6.081990e-01 -4.803780e-01
    outer loop
      vertex   2.225531e+01 1.175000e+01 9.792844e+00
      vertex   2.193703e+01 1.185355e+01 9.505262e+00
      vertex   2.218954e+01 1.185355e+01 9.837436e+00
    endloop
  endfacet
  facet normal 6.801600e-01 6.081990e-01 -4.092387e-01
    outer loop
      vertex   2.225531e+01 1.175000e+01 9.792844e+00
      vertex   2.218954e+01 1.185355e+01 9.837436e+00
      vertex   2.247486e+01 1.175000e+01 1.015774e+01
    endloop
  endfacet
  facet normal 6.801600e-01 6.081990e-01 -4.092387e-01
    outer loop
      vertex   2.247486e+01 1.175000e+01 1.015774e+01
      vertex   2.218954e+01 1.185355e+01 9.837436e+00
      vertex   2.240466e+01 1.185355e+01 1.019496e+01
    endloop
  endfacet
  facet normal 7.204194e-01 6.081990e-01 -3.333015e-01
    outer loop
      vertex   2.247486e+01 1.175000e+01 1.015774e+01
      vertex   2.240466e+01 1.185355e+01 1.019496e+01
      vertex   2.265368e+01 1.175000e+01 1.054424e+01
    endloop
  endfacet
  facet normal 7.204194e-01 6.081990e-01 -3.333015e-01
    outer loop
      vertex   2.265368e+01 1.175000e+01 1.054424e+01
      vertex   2.240466e+01 1.185355e+01 1.019496e+01
      vertex   2.257986e+01 1.185355e+01 1.057365e+01
    endloop
  endfacet
  facet normal 7.522325e-01 6.081990e-01 -2.534566e-01
    outer loop
      vertex   2.265368e+01 1.175000e+01 1.054424e+01
      vertex   2.257986e+01 1.185355e+01 1.057365e+01
      vertex   2.278965e+01 1.175000e+01 1.094781e+01
    endloop
  endfacet
  facet normal 7.522325e-01 6.081990e-01 -2.534566e-01
    outer loop
      vertex   2.278965e+01 1.175000e+01 1.094781e+01
      vertex   2.257986e+01 1.185355e+01 1.057365e+01
      vertex   2.271309e+01 1.185355e+01 1.096907e+01
    endloop
  endfacet
  facet normal 7.752263e-01 6.081990e-01 -1.706402e-01
    outer loop
      vertex   2.278965e+01 1.175000e+01 1.094781e+01
      vertex   2.271309e+01 1.185355e+01 1.096907e+01
      vertex   2.288120e+01 1.175000e+01 1.136371e+01
    endloop
  endfacet
  facet normal 7.752263e-01 6.081990e-01 -1.706402e-01
    outer loop
      vertex   2.288120e+01 1.175000e+01 1.136371e+01
      vertex   2.271309e+01 1.185355e+01 1.096907e+01
      vertex   2.280279e+01 1.185355e+01 1.137656e+01
    endloop
  endfacet
  facet normal 7.891314e-01 6.081990e-01 -8.582321e-02
    outer loop
      vertex   2.288120e+01 1.175000e+01 1.136371e+01
      vertex   2.280279e+01 1.185355e+01 1.137656e+01
      vertex   2.292724e+01 1.175000e+01 1.178707e+01
    endloop
  endfacet
  facet normal 7.891314e-01 6.081990e-01 -8.582321e-02
    outer loop
      vertex   2.292724e+01 1.175000e+01 1.178707e+01
      vertex   2.280279e+01 1.185355e+01 1.137656e+01
      vertex   2.284790e+01 1.185355e+01 1.179137e+01
    endloop
  endfacet
  facet normal 7.937846e-01 6.081990e-01 -0.000000e+00
    outer loop
      vertex   2.292724e+01 1.175000e+01 1.178707e+01
      vertex   2.284790e+01 1.185355e+01 1.179137e+01
      vertex   2.292724e+01 1.175000e+01 1.221293e+01
    endloop
  endfacet
  facet normal 7.937846e-01 6.081990e-01 -2.732753e-18
    outer loop
      vertex   2.292724e+01 1.175000e+01 1.221293e+01
      vertex   2.284790e+01 1.185355e+01 1.179137e+01
      vertex   2.284790e+01 1.185355e+01 1.220863e+01
    endloop
  endfacet
  facet normal 7.891314e-01 6.081990e-01 8.582321e-02
    outer loop
      vertex   2.292724e+01 1.175000e+01 1.221293e+01
      vertex   2.284790e+01 1.185355e+01 1.220863e+01
      vertex   2.288120e+01 1.175000e+01 1.263629e+01
    endloop
  endfacet
  facet normal 7.891314e-01 6.081990e-01 8.582321e-02
    outer loop
      vertex   2.288120e+01 1.175000e+01 1.263629e+01
      vertex   2.284790e+01 1.185355e+01 1.220863e+01
      vertex   2.280279e+01 1.185355e+01 1.262344e+01
    endloop
  endfacet
  facet normal 7.752263e-01 6.081990e-01 1.706402e-01
    outer loop
      vertex   2.288120e+01 1.175000e+01 1.263629e+01
      vertex   2.280279e+01 1.185355e+01 1.262344e+01
      vertex   2.278965e+01 1.175000e+01 1.305219e+01
    endloop
  endfacet
  facet normal 7.752263e-01 6.081990e-01 1.706402e-01
    outer loop
      vertex   2.278965e+01 1.175000e+01 1.305219e+01
      vertex   2.280279e+01 1.185355e+01 1.262344e+01
      vertex   2.271309e+01 1.185355e+01 1.303093e+01
    endloop
  endfacet
  facet normal 7.522325e-01 6.081990e-01 2.534566e-01
    outer loop
      vertex   2.278965e+01 1.175000e+01 1.305219e+01
      vertex   2.271309e+01 1.185355e+01 1.303093e+01
      vertex   2.265368e+01 1.175000e+01 1.345576e+01
    endloop
  endfacet
  facet normal 7.522325e-01 6.081990e-01 2.534566e-01
    outer loop
      vertex   2.265368e+01 1.175000e+01 1.345576e+01
      vertex   2.271309e+01 1.185355e+01 1.303093e+01
      vertex   2.257986e+01 1.185355e+01 1.342635e+01
    endloop
  endfacet
  facet normal 7.204194e-01 6.081990e-01 3.333015e-01
    outer loop
      vertex   2.265368e+01 1.175000e+01 1.345576e+01
      vertex   2.257986e+01 1.185355e+01 1.342635e+01
      vertex   2.247486e+01 1.175000e+01 1.384226e+01
    endloop
  endfacet
  facet normal 7.204194e-01 6.081990e-01 3.333015e-01
    outer loop
      vertex   2.247486e+01 1.175000e+01 1.384226e+01
      vertex   2.257986e+01 1.185355e+01 1.342635e+01
      vertex   2.240466e+01 1.185355e+01 1.380504e+01
    endloop
  endfacet
  facet normal 6.801600e-01 6.081990e-01 4.092387e-01
    outer loop
      vertex   2.247486e+01 1.175000e+01 1.384226e+01
      vertex   2.240466e+01 1.185355e+01 1.380504e+01
      vertex   2.225531e+01 1.175000e+01 1.420716e+01
    endloop
  endfacet
  facet normal 6.801600e-01 6.081990e-01 4.092387e-01
    outer loop
      vertex   2.225531e+01 1.175000e+01 1.420716e+01
      vertex   2.240466e+01 1.185355e+01 1.380504e+01
      vertex   2.218954e+01 1.185355e+01 1.416256e+01
    endloop
  endfacet
  facet normal 6.319264e-01 6.081990e-01 4.803780e-01
    outer loop
      vertex   2.225531e+01 1.175000e+01 1.420716e+01
      vertex   2.218954e+01 1.185355e+01 1.416256e+01
      vertex   2.199759e+01 1.175000e+01 1.454618e+01
    endloop
  endfacet
  facet normal 6.319264e-01 6.081990e-01 4.803780e-01
    outer loop
      vertex   2.199759e+01 1.175000e+01 1.454618e+01
      vertex   2.218954e+01 1.185355e+01 1.416256e+01
      vertex   2.193703e+01 1.185355e+01 1.449474e+01
    endloop
  endfacet
  facet normal 5.762840e-01 6.081990e-01 5.458852e-01
    outer loop
      vertex   2.199759e+01 1.175000e+01 1.454618e+01
      vertex   2.193703e+01 1.185355e+01 1.449474e+01
      vertex   2.170473e+01 1.175000e+01 1.485535e+01
    endloop
  endfacet
  facet normal 5.762840e-01 6.081990e-01 5.458852e-01
    outer loop
      vertex   2.170473e+01 1.175000e+01 1.485535e+01
      vertex   2.193703e+01 1.185355e+01 1.449474e+01
      vertex   2.165009e+01 1.185355e+01 1.479766e+01
    endloop
  endfacet
  facet normal 5.138852e-01 6.081990e-01 6.049925e-01
    outer loop
      vertex   2.170473e+01 1.175000e+01 1.485535e+01
      vertex   2.165009e+01 1.185355e+01 1.479766e+01
      vertex   2.138016e+01 1.175000e+01 1.513104e+01
    endloop
  endfacet
  facet normal 5.138852e-01 6.081990e-01 6.049925e-01
    outer loop
      vertex   2.138016e+01 1.175000e+01 1.513104e+01
      vertex   2.165009e+01 1.185355e+01 1.479766e+01
      vertex   2.133207e+01 1.185355e+01 1.506779e+01
    endloop
  endfacet
  facet normal 4.454616e-01 6.081990e-01 6.570068e-01
    outer loop
      vertex   2.138016e+01 1.175000e+01 1.513104e+01
      vertex   2.133207e+01 1.185355e+01 1.506779e+01
      vertex   2.102768e+01 1.175000e+01 1.537003e+01
    endloop
  endfacet
  facet normal 4.454616e-01 6.081990e-01 6.570068e-01
    outer loop
      vertex   2.102768e+01 1.175000e+01 1.537003e+01
      vertex   2.133207e+01 1.185355e+01 1.506779e+01
      vertex   2.098671e+01 1.185355e+01 1.530195e+01
    endloop
  endfacet
  facet normal 3.718154e-01 6.081990e-01 7.013182e-01
    outer loop
      vertex   2.102768e+01 1.175000e+01 1.537003e+01
      vertex   2.098671e+01 1.185355e+01 1.530195e+01
      vertex   2.065143e+01 1.175000e+01 1.556951e+01
    endloop
  endfacet
  facet normal 3.718154e-01 6.081990e-01 7.013182e-01
    outer loop
      vertex   2.065143e+01 1.175000e+01 1.556951e+01
      vertex   2.098671e+01 1.185355e+01 1.530195e+01
      vertex   2.061807e+01 1.185355e+01 1.549739e+01
    endloop
  endfacet
  facet normal 2.938100e-01 6.081990e-01 7.374074e-01
    outer loop
      vertex   2.065143e+01 1.175000e+01 1.556951e+01
      vertex   2.061807e+01 1.185355e+01 1.549739e+01
      vertex   2.025582e+01 1.175000e+01 1.572713e+01
    endloop
  endfacet
  facet normal 2.938100e-01 6.081990e-01 7.374074e-01
    outer loop
      vertex   2.025582e+01 1.175000e+01 1.572713e+01
      vertex   2.061807e+01 1.185355e+01 1.549739e+01
      vertex   2.023045e+01 1.185355e+01 1.565183e+01
    endloop
  endfacet
  facet normal 2.123599e-01 6.081990e-01 7.648511e-01
    outer loop
      vertex   2.025582e+01 1.175000e+01 1.572713e+01
      vertex   2.023045e+01 1.185355e+01 1.565183e+01
      vertex   1.984548e+01 1.175000e+01 1.584106e+01
    endloop
  endfacet
  facet normal 2.123599e-01 6.081990e-01 7.648511e-01
    outer loop
      vertex   1.984548e+01 1.175000e+01 1.584106e+01
      vertex   2.023045e+01 1.185355e+01 1.565183e+01
      vertex   1.982840e+01 1.185355e+01 1.576346e+01
    endloop
  endfacet
  facet normal 1.284201e-01 6.081990e-01 7.833277e-01
    outer loop
      vertex   1.984548e+01 1.175000e+01 1.584106e+01
      vertex   1.982840e+01 1.185355e+01 1.576346e+01
      vertex   1.942523e+01 1.175000e+01 1.590996e+01
    endloop
  endfacet
  facet normal 1.284201e-01 6.081990e-01 7.833277e-01
    outer loop
      vertex   1.942523e+01 1.175000e+01 1.590996e+01
      vertex   1.982840e+01 1.185355e+01 1.576346e+01
      vertex   1.941664e+01 1.185355e+01 1.583096e+01
    endloop
  endfacet
  facet normal 3.298812e-02 7.929216e-01 -6.084301e-01
    outer loop
      vertex   1.900000e+01 1.185355e+01 8.146446e+00
      vertex   1.900000e+01 1.193301e+01 8.250000e+00
      vertex   1.941664e+01 1.185355e+01 8.169036e+00
    endloop
  endfacet
  facet normal 3.298812e-02 7.929216e-01 -6.084301e-01
    outer loop
      vertex   1.941664e+01 1.185355e+01 8.169036e+00
      vertex   1.900000e+01 1.193301e+01 8.250000e+00
      vertex   1.940545e+01 1.193301e+01 8.271983e+00
    endloop
  endfacet
  facet normal 9.857761e-02 7.929216e-01 -6.012968e-01
    outer loop
      vertex   1.941664e+01 1.185355e+01 8.169036e+00
      vertex   1.940545e+01 1.193301e+01 8.271983e+00
      vertex   1.982840e+01 1.185355e+01 8.236540e+00
    endloop
  endfacet
  facet normal 9.857761e-02 7.929216e-01 -6.012968e-01
    outer loop
      vertex   1.982840e+01 1.185355e+01 8.236540e+00
      vertex   1.940545e+01 1.193301e+01 8.271983e+00
      vertex   1.980614e+01 1.193301e+01 8.337673e+00
    endloop
  endfacet
  facet normal 1.630114e-01 7.929216e-01 -5.871139e-01
    outer loop
      vertex   1.982840e+01 1.185355e+01 8.236540e+00
      vertex   1.980614e+01 1.193301e+01 8.337673e+00
      vertex   2.023045e+01 1.185355e+01 8.348168e+00
    endloop
  endfacet
  facet normal 1.630114e-01 7.929216e-01 -5.871139e-01
    outer loop
      vertex   2.023045e+01 1.185355e+01 8.348168e+00
      vertex   1.980614e+01 1.193301e+01 8.337673e+00
      vertex   2.019738e+01 1.193301e+01 8.446300e+00
    endloop
  endfacet
  facet normal 2.255340e-01 7.929216e-01 -5.660476e-01
    outer loop
      vertex   2.023045e+01 1.185355e+01 8.348168e+00
      vertex   2.019738e+01 1.193301e+01 8.446300e+00
      vertex   2.061807e+01 1.185355e+01 8.502610e+00
    endloop
  endfacet
  facet normal 2.255340e-01 7.929216e-01 -5.660476e-01
    outer loop
      vertex   2.061807e+01 1.185355e+01 8.502610e+00
      vertex   2.019738e+01 1.193301e+01 8.446300e+00
      vertex   2.057458e+01 1.193301e+01 8.596592e+00
    endloop
  endfacet
  facet normal 2.854124e-01 7.929216e-01 -5.383449e-01
    outer loop
      vertex   2.061807e+01 1.185355e+01 8.502610e+00
      vertex   2.057458e+01 1.193301e+01 8.596592e+00
      vertex   2.098671e+01 1.185355e+01 8.698055e+00
    endloop
  endfacet
  facet normal 2.854124e-01 7.929216e-01 -5.383449e-01
    outer loop
      vertex   2.098671e+01 1.185355e+01 8.698055e+00
      vertex   2.057458e+01 1.193301e+01 8.596592e+00
      vertex   2.093333e+01 1.193301e+01 8.786785e+00
    endloop
  endfacet
  facet normal 3.419446e-01 7.929216e-01 -5.043305e-01
    outer loop
      vertex   2.098671e+01 1.185355e+01 8.698055e+00
      vertex   2.093333e+01 1.193301e+01 8.786785e+00
      vertex   2.133207e+01 1.185355e+01 8.932213e+00
    endloop
  endfacet
  facet normal 3.419446e-01 7.929216e-01 -5.043305e-01
    outer loop
      vertex   2.133207e+01 1.185355e+01 8.932213e+00
      vertex   2.093333e+01 1.193301e+01 8.786785e+00
      vertex   2.126940e+01 1.193301e+01 9.014651e+00
    endloop
  endfacet
  facet normal 3.944678e-01 7.929216e-01 -4.644034e-01
    outer loop
      vertex   2.133207e+01 1.185355e+01 8.932213e+00
      vertex   2.126940e+01 1.193301e+01 9.014651e+00
      vertex   2.165009e+01 1.185355e+01 9.202338e+00
    endloop
  endfacet
  facet normal 3.944678e-01 7.929216e-01 -4.644034e-01
    outer loop
      vertex   2.165009e+01 1.185355e+01 9.202338e+00
      vertex   2.126940e+01 1.193301e+01 9.014651e+00
      vertex   2.157887e+01 1.193301e+01 9.277517e+00
    endloop
  endfacet
  facet normal 4.423663e-01 7.929216e-01 -4.190316e-01
    outer loop
      vertex   2.165009e+01 1.185355e+01 9.202338e+00
      vertex   2.157887e+01 1.193301e+01 9.277517e+00
      vertex   2.193703e+01 1.185355e+01 9.505262e+00
    endloop
  endfacet
  facet normal 4.423663e-01 7.929216e-01 -4.190316e-01
    outer loop
      vertex   2.193703e+01 1.185355e+01 9.505262e+00
      vertex   2.157887e+01 1.193301e+01 9.277517e+00
      vertex   2.185811e+01 1.193301e+01 9.572301e+00
    endloop
  endfacet
  facet normal 4.850784e-01 7.929216e-01 -3.687470e-01
    outer loop
      vertex   2.193703e+01 1.185355e+01 9.505262e+00
      vertex   2.185811e+01 1.193301e+01 9.572301e+00
      vertex   2.218954e+01 1.185355e+01 9.837436e+00
    endloop
  endfacet
  facet normal 4.850784e-01 7.929216e-01 -3.687470e-01
    outer loop
      vertex   2.218954e+01 1.185355e+01 9.837436e+00
      vertex   2.185811e+01 1.193301e+01 9.572301e+00
      vertex   2.210383e+01 1.193301e+01 9.895548e+00
    endloop
  endfacet
  facet normal 5.221034e-01 7.929216e-01 -3.141392e-01
    outer loop
      vertex   2.218954e+01 1.185355e+01 9.837436e+00
      vertex   2.210383e+01 1.193301e+01 9.895548e+00
      vertex   2.240466e+01 1.185355e+01 1.019496e+01
    endloop
  endfacet
  facet normal 5.221034e-01 7.929216e-01 -3.141392e-01
    outer loop
      vertex   2.240466e+01 1.185355e+01 1.019496e+01
      vertex   2.210383e+01 1.193301e+01 9.895548e+00
      vertex   2.231317e+01 1.193301e+01 1.024347e+01
    endloop
  endfacet
  facet normal 5.530072e-01 7.929216e-01 -2.558484e-01
    outer loop
      vertex   2.240466e+01 1.185355e+01 1.019496e+01
      vertex   2.231317e+01 1.193301e+01 1.024347e+01
      vertex   2.257986e+01 1.185355e+01 1.057365e+01
    endloop
  endfacet
  facet normal 5.530072e-01 7.929216e-01 -2.558484e-01
    outer loop
      vertex   2.257986e+01 1.185355e+01 1.057365e+01
      vertex   2.231317e+01 1.193301e+01 1.024347e+01
      vertex   2.248366e+01 1.193301e+01 1.061198e+01
    endloop
  endfacet
  facet normal 5.774276e-01 7.929216e-01 -1.945580e-01
    outer loop
      vertex   2.257986e+01 1.185355e+01 1.057365e+01
      vertex   2.248366e+01 1.193301e+01 1.061198e+01
      vertex   2.271309e+01 1.185355e+01 1.096907e+01
    endloop
  endfacet
  facet normal 5.774276e-01 7.929216e-01 -1.945580e-01
    outer loop
      vertex   2.271309e+01 1.185355e+01 1.096907e+01
      vertex   2.248366e+01 1.193301e+01 1.061198e+01
      vertex   2.261331e+01 1.193301e+01 1.099677e+01
    endloop
  endfacet
  facet normal 5.950781e-01 7.929216e-01 -1.309866e-01
    outer loop
      vertex   2.271309e+01 1.185355e+01 1.096907e+01
      vertex   2.261331e+01 1.193301e+01 1.099677e+01
      vertex   2.280279e+01 1.185355e+01 1.137656e+01
    endloop
  endfacet
  facet normal 5.950781e-01 7.929216e-01 -1.309866e-01
    outer loop
      vertex   2.280279e+01 1.185355e+01 1.137656e+01
      vertex   2.261331e+01 1.193301e+01 1.099677e+01
      vertex   2.270060e+01 1.193301e+01 1.139332e+01
    endloop
  endfacet
  facet normal 6.057519e-01 7.929216e-01 -6.587948e-02
    outer loop
      vertex   2.280279e+01 1.185355e+01 1.137656e+01
      vertex   2.270060e+01 1.193301e+01 1.139332e+01
      vertex   2.284790e+01 1.185355e+01 1.179137e+01
    endloop
  endfacet
  facet normal 6.057519e-01 7.929216e-01 -6.587948e-02
    outer loop
      vertex   2.284790e+01 1.185355e+01 1.179137e+01
      vertex   2.270060e+01 1.193301e+01 1.139332e+01
      vertex   2.274450e+01 1.193301e+01 1.179698e+01
    endloop
  endfacet
  facet normal 6.093237e-01 7.929216e-01 -0.000000e+00
    outer loop
      vertex   2.284790e+01 1.185355e+01 1.179137e+01
      vertex   2.274450e+01 1.193301e+01 1.179698e+01
      vertex   2.284790e+01 1.185355e+01 1.220863e+01
    endloop
  endfacet
  facet normal 6.093237e-01 7.929216e-01 5.581048e-18
    outer loop
      vertex   2.284790e+01 1.185355e+01 1.220863e+01
      vertex   2.274450e+01 1.193301e+01 1.179698e+01
      vertex   2.274450e+01 1.193301e+01 1.220302e+01
    endloop
  endfacet
  facet normal 6.057519e-01 7.929216e-01 6.587948e-02
    outer loop
      vertex   2.284790e+01 1.185355e+01 1.220863e+01
      vertex   2.274450e+01 1.193301e+01 1.220302e+01
      vertex   2.280279e+01 1.185355e+01 1.262344e+01
    endloop
  endfacet
  facet normal 6.057519e-01 7.929216e-01 6.587948e-02
    outer loop
      vertex   2.280279e+01 1.185355e+01 1.262344e+01
      vertex   2.274450e+01 1.193301e+01 1.220302e+01
      vertex   2.270060e+01 1.193301e+01 1.260668e+01
    endloop
  endfacet
  facet normal 5.950781e-01 7.929216e-01 1.309866e-01
    outer loop
      vertex   2.280279e+01 1.185355e+01 1.262344e+01
      vertex   2.270060e+01 1.193301e+01 1.260668e+01
      vertex   2.271309e+01 1.185355e+01 1.303093e+01
    endloop
  endfacet
  facet normal 5.950781e-01 7.929216e-01 1.309866e-01
    outer loop
      vertex   2.271309e+01 1.185355e+01 1.303093e+01
      vertex   2.270060e+01 1.193301e+01 1.260668e+01
      vertex   2.261331e+01 1.193301e+01 1.300323e+01
    endloop
  endfacet
  facet normal 5.774276e-01 7.929216e-01 1.945580e-01
    outer loop
      vertex   2.271309e+01 1.185355e+01 1.303093e+01
      vertex   2.261331e+01 1.193301e+01 1.300323e+01
      vertex   2.257986e+01 1.185355e+01 1.342635e+01
    endloop
  endfacet
  facet normal 5.774276e-01 7.929216e-01 1.945580e-01
    outer loop
      vertex   2.257986e+01 1.185355e+01 1.342635e+01
      vertex   2.261331e+01 1.193301e+01 1.300323e+01
      vertex   2.248366e+01 1.193301e+01 1.338802e+01
    endloop
  endfacet
  facet normal 5.530072e-01 7.929216e-01 2.558484e-01
    outer loop
      vertex   2.257986e+01 1.185355e+01 1.342635e+01
      vertex   2.248366e+01 1.193301e+01 1.338802e+01
      vertex   2.240466e+01 1.185355e+01 1.380504e+01
    endloop
  endfacet
  facet normal 5.530072e-01 7.929216e-01 2.558484e-01
    outer loop
      vertex   2.240466e+01 1.185355e+01 1.380504e+01
      vertex   2.248366e+01 1.193301e+01 1.338802e+01
      vertex   2.231317e+01 1.193301e+01 1.375653e+01
    endloop
  endfacet
  facet normal 5.221034e-01 7.929216e-01 3.141392e-01
    outer loop
      vertex   2.240466e+01 1.185355e+01 1.380504e+01
      vertex   2.231317e+01 1.193301e+01 1.375653e+01
      vertex   2.218954e+01 1.185355e+01 1.416256e+01
    endloop
  endfacet
  facet normal 5.221034e-01 7.929216e-01 3.141392e-01
    outer loop
      vertex   2.218954e+01 1.185355e+01 1.416256e+01
      vertex   2.231317e+01 1.193301e+01 1.375653e+01
      vertex   2.210383e+01 1.193301e+01 1.410445e+01
    endloop
  endfacet
  facet normal 4.850784e-01 7.929216e-01 3.687470e-01
    outer loop
      vertex   2.218954e+01 1.185355e+01 1.416256e+01
      vertex   2.210383e+01 1.193301e+01 1.410445e+01
      vertex   2.193703e+01 1.185355e+01 1.449474e+01
    endloop
  endfacet
  facet normal 4.850784e-01 7.929216e-01 3.687470e-01
    outer loop
      vertex   2.193703e+01 1.185355e+01 1.449474e+01
      vertex   2.210383e+01 1.193301e+01 1.410445e+01
      vertex   2.185811e+01 1.193301e+01 1.442770e+01
    endloop
  endfacet
  facet normal 4.423663e-01 7.929216e-01 4.190316e-01
    outer loop
      vertex   2.193703e+01 1.185355e+01 1.449474e+01
      vertex   2.185811e+01 1.193301e+01 1.442770e+01
      vertex   2.165009e+01 1.185355e+01 1.479766e+01
    endloop
  endfacet
  facet normal 4.423663e-01 7.929216e-01 4.190316e-01
    outer loop
      vertex   2.165009e+01 1.185355e+01 1.479766e+01
      vertex   2.185811e+01 1.193301e+01 1.442770e+01
      vertex   2.157887e+01 1.193301e+01 1.472248e+01
    endloop
  endfacet
  facet normal 3.944678e-01 7.929216e-01 4.644034e-01
    outer loop
      vertex   2.165009e+01 1.185355e+01 1.479766e+01
      vertex   2.157887e+01 1.193301e+01 1.472248e+01
      vertex   2.133207e+01 1.185355e+01 1.506779e+01
    endloop
  endfacet
  facet normal 3.944678e-01 7.929216e-01 4.644034e-01
    outer loop
      vertex   2.133207e+01 1.185355e+01 1.506779e+01
      vertex   2.157887e+01 1.193301e+01 1.472248e+01
      vertex   2.126940e+01 1.193301e+01 1.498535e+01
    endloop
  endfacet
  facet normal 3.419446e-01 7.929216e-01 5.043305e-01
    outer loop
      vertex   2.133207e+01 1.185355e+01 1.506779e+01
      vertex   2.126940e+01 1.193301e+01 1.498535e+01
      vertex   2.098671e+01 1.185355e+01 1.530195e+01
    endloop
  endfacet
  facet normal 3.419446e-01 7.929216e-01 5.043305e-01
    outer loop
      vertex   2.098671e+01 1.185355e+01 1.530195e+01
      vertex   2.126940e+01 1.193301e+01 1.498535e+01
      vertex   2.093333e+01 1.193301e+01 1.521321e+01
    endloop
  endfacet
  facet normal 2.854124e-01 7.929216e-01 5.383449e-01
    outer loop
      vertex   2.098671e+01 1.185355e+01 1.530195e+01
      vertex   2.093333e+01 1.193301e+01 1.521321e+01
      vertex   2.061807e+01 1.185355e+01 1.549739e+01
    endloop
  endfacet
  facet normal 2.854124e-01 7.929216e-01 5.383449e-01
    outer loop
      vertex   2.061807e+01 1.185355e+01 1.549739e+01
      vertex   2.093333e+01 1.193301e+01 1.521321e+01
      vertex   2.057458e+01 1.193301e+01 1.540341e+01
    endloop
  endfacet
  facet normal 2.255340e-01 7.929216e-01 5.660476e-01
    outer loop
      vertex   2.061807e+01 1.185355e+01 1.549739e+01
      vertex   2.057458e+01 1.193301e+01 1.540341e+01
      vertex   2.023045e+01 1.185355e+01 1.565183e+01
    endloop
  endfacet
  facet normal 2.255340e-01 7.929216e-01 5.660476e-01
    outer loop
      vertex   2.023045e+01 1.185355e+01 1.565183e+01
      vertex   2.057458e+01 1.193301e+01 1.540341e+01
      vertex   2.019738e+01 1.193301e+01 1.555370e+01
    endloop
  endfacet
  facet normal 1.630114e-01 7.929216e-01 5.871139e-01
    outer loop
      vertex   2.023045e+01 1.185355e+01 1.565183e+01
      vertex   2.019738e+01 1.193301e+01 1.555370e+01
      vertex   1.982840e+01 1.185355e+01 1.576346e+01
    endloop
  endfacet
  facet normal 1.630114e-01 7.929216e-01 5.871139e-01
    outer loop
      vertex   1.982840e+01 1.185355e+01 1.576346e+01
      vertex   2.019738e+01 1.193301e+01 1.555370e+01
      vertex   1.980614e+01 1.193301e+01 1.566233e+01
    endloop
  endfacet
  facet normal 9.857761e-02 7.929216e-01 6.012968e-01
    outer loop
      vertex   1.982840e+01 1.185355e+01 1.576346e+01
      vertex   1.980614e+01 1.193301e+01 1.566233e+01
      vertex   1.941664e+01 1.185355e+01 1.583096e+01
    endloop
  endfacet
  facet normal 9.857761e-02 7.929216e-01 6.012968e-01
    outer loop
      vertex   1.941664e+01 1.185355e+01 1.583096e+01
      vertex   1.980614e+01 1.193301e+01 1.566233e+01
      vertex   1.940545e+01 1.193301e+01 1.572802e+01
    endloop
  endfacet
  facet normal 2.074403e-02 9.236807e-01 -3.826011e-01
    outer loop
      vertex   1.900000e+01 1.193301e+01 8.250000e+00
      vertex   1.900000e+01 1.198296e+01 8.370590e+00
      vertex   1.940545e+01 1.193301e+01 8.271983e+00
    endloop
  endfacet
  facet normal 2.074403e-02 9.236807e-01 -3.826011e-01
    outer loop
      vertex   1.940545e+01 1.193301e+01 8.271983e+00
      vertex   1.900000e+01 1.198296e+01 8.370590e+00
      vertex   1.939241e+01 1.198296e+01 8.391866e+00
    endloop
  endfacet
  facet normal 6.198888e-02 9.236807e-01 -3.781154e-01
    outer loop
      vertex   1.940545e+01 1.193301e+01 8.271983e+00
      vertex   1.939241e+01 1.198296e+01 8.391866e+00
      vertex   1.980614e+01 1.193301e+01 8.337673e+00
    endloop
  endfacet
  facet normal 6.198888e-02 9.236807e-01 -3.781154e-01
    outer loop
      vertex   1.980614e+01 1.193301e+01 8.337673e+00
      vertex   1.939241e+01 1.198296e+01 8.391866e+00
      vertex   1.978022e+01 1.198296e+01 8.455444e+00
    endloop
  endfacet
  facet normal 1.025070e-01 9.236807e-01 -3.691967e-01
    outer loop
      vertex   1.980614e+01 1.193301e+01 8.337673e+00
      vertex   1.978022e+01 1.198296e+01 8.455444e+00
      vertex   2.019738e+01 1.193301e+01 8.446300e+00
    endloop
  endfacet
  facet normal 1.025070e-01 9.236807e-01 -3.691967e-01
    outer loop
      vertex   2.019738e+01 1.193301e+01 8.446300e+00
      vertex   1.978022e+01 1.198296e+01 8.455444e+00
      vertex   2.015888e+01 1.198296e+01 8.560578e+00
    endloop
  endfacet
  facet normal 1.418233e-01 9.236807e-01 -3.559495e-01
    outer loop
      vertex   2.019738e+01 1.193301e+01 8.446300e+00
      vertex   2.015888e+01 1.198296e+01 8.560578e+00
      vertex   2.057458e+01 1.193301e+01 8.596592e+00
    endloop
  endfacet
  facet normal 1.418233e-01 9.236807e-01 -3.559495e-01
    outer loop
      vertex   2.057458e+01 1.193301e+01 8.596592e+00
      vertex   2.015888e+01 1.198296e+01 8.560578e+00
      vertex   2.052395e+01 1.198296e+01 8.706037e+00
    endloop
  endfacet
  facet normal 1.794768e-01 9.236807e-01 -3.385292e-01
    outer loop
      vertex   2.057458e+01 1.193301e+01 8.596592e+00
      vertex   2.052395e+01 1.198296e+01 8.706037e+00
      vertex   2.093333e+01 1.193301e+01 8.786785e+00
    endloop
  endfacet
  facet normal 1.794768e-01 9.236807e-01 -3.385292e-01
    outer loop
      vertex   2.093333e+01 1.193301e+01 8.786785e+00
      vertex   2.052395e+01 1.198296e+01 8.706037e+00
      vertex   2.087116e+01 1.198296e+01 8.890114e+00
    endloop
  endfacet
  facet normal 2.150261e-01 9.236807e-01 -3.171398e-01
    outer loop
      vertex   2.093333e+01 1.193301e+01 8.786785e+00
      vertex   2.087116e+01 1.198296e+01 8.890114e+00
      vertex   2.126940e+01 1.193301e+01 9.014651e+00
    endloop
  endfacet
  facet normal 2.150261e-01 9.236807e-01 -3.171398e-01
    outer loop
      vertex   2.126940e+01 1.193301e+01 9.014651e+00
      vertex   2.087116e+01 1.198296e+01 8.890114e+00
      vertex   2.119643e+01 1.198296e+01 9.110652e+00
    endloop
  endfacet
  facet normal 2.480545e-01 9.236807e-01 -2.920323e-01
    outer loop
      vertex   2.126940e+01 1.193301e+01 9.014651e+00
      vertex   2.119643e+01 1.198296e+01 9.110652e+00
      vertex   2.157887e+01 1.193301e+01 9.277517e+00
    endloop
  endfacet
  facet normal 2.480545e-01 9.236807e-01 -2.920323e-01
    outer loop
      vertex   2.157887e+01 1.193301e+01 9.277517e+00
      vertex   2.119643e+01 1.198296e+01 9.110652e+00
      vertex   2.149594e+01 1.198296e+01 9.365065e+00
    endloop
  endfacet
  facet normal 2.781746e-01 9.236807e-01 -2.635010e-01
    outer loop
      vertex   2.157887e+01 1.193301e+01 9.277517e+00
      vertex   2.149594e+01 1.198296e+01 9.365065e+00
      vertex   2.185811e+01 1.193301e+01 9.572301e+00
    endloop
  endfacet
  facet normal 2.781746e-01 9.236807e-01 -2.635010e-01
    outer loop
      vertex   2.185811e+01 1.193301e+01 9.572301e+00
      vertex   2.149594e+01 1.198296e+01 9.365065e+00
      vertex   2.176620e+01 1.198296e+01 9.650370e+00
    endloop
  endfacet
  facet normal 3.050334e-01 9.236807e-01 -2.318804e-01
    outer loop
      vertex   2.185811e+01 1.193301e+01 9.572301e+00
      vertex   2.176620e+01 1.198296e+01 9.650370e+00
      vertex   2.210383e+01 1.193301e+01 9.895548e+00
    endloop
  endfacet
  facet normal 3.050334e-01 9.236807e-01 -2.318804e-01
    outer loop
      vertex   2.210383e+01 1.193301e+01 9.895548e+00
      vertex   2.176620e+01 1.198296e+01 9.650370e+00
      vertex   2.200402e+01 1.198296e+01 9.963222e+00
    endloop
  endfacet
  facet normal 3.283160e-01 9.236807e-01 -1.975412e-01
    outer loop
      vertex   2.210383e+01 1.193301e+01 9.895548e+00
      vertex   2.200402e+01 1.198296e+01 9.963222e+00
      vertex   2.231317e+01 1.193301e+01 1.024347e+01
    endloop
  endfacet
  facet normal 3.283160e-01 9.236807e-01 -1.975412e-01
    outer loop
      vertex   2.231317e+01 1.193301e+01 1.024347e+01
      vertex   2.200402e+01 1.198296e+01 9.963222e+00
      vertex   2.220663e+01 1.198296e+01 1.029995e+01
    endloop
  endfacet
  facet normal 3.477493e-01 9.236807e-01 -1.608860e-01
    outer loop
      vertex   2.231317e+01 1.193301e+01 1.024347e+01
      vertex   2.220663e+01 1.198296e+01 1.029995e+01
      vertex   2.248366e+01 1.193301e+01 1.061198e+01
    endloop
  endfacet
  facet normal 3.477493e-01 9.236807e-01 -1.608860e-01
    outer loop
      vertex   2.248366e+01 1.193301e+01 1.061198e+01
      vertex   2.220663e+01 1.198296e+01 1.029995e+01
      vertex   2.237164e+01 1.198296e+01 1.065662e+01
    endloop
  endfacet
  facet normal 3.631057e-01 9.236807e-01 -1.223445e-01
    outer loop
      vertex   2.248366e+01 1.193301e+01 1.061198e+01
      vertex   2.237164e+01 1.198296e+01 1.065662e+01
      vertex   2.261331e+01 1.193301e+01 1.099677e+01
    endloop
  endfacet
  facet normal 3.631057e-01 9.236807e-01 -1.223445e-01
    outer loop
      vertex   2.261331e+01 1.193301e+01 1.099677e+01
      vertex   2.237164e+01 1.198296e+01 1.065662e+01
      vertex   2.249712e+01 1.198296e+01 1.102903e+01
    endloop
  endfacet
  facet normal 3.742049e-01 9.236807e-01 -8.236872e-02
    outer loop
      vertex   2.261331e+01 1.193301e+01 1.099677e+01
      vertex   2.249712e+01 1.198296e+01 1.102903e+01
      vertex   2.270060e+01 1.193301e+01 1.139332e+01
    endloop
  endfacet
  facet normal 3.742049e-01 9.236807e-01 -8.236872e-02
    outer loop
      vertex   2.270060e+01 1.193301e+01 1.139332e+01
      vertex   2.249712e+01 1.198296e+01 1.102903e+01
      vertex   2.258160e+01 1.198296e+01 1.141283e+01
    endloop
  endfacet
  facet normal 3.809169e-01 9.236807e-01 -4.142721e-02
    outer loop
      vertex   2.270060e+01 1.193301e+01 1.139332e+01
      vertex   2.258160e+01 1.198296e+01 1.141283e+01
      vertex   2.274450e+01 1.193301e+01 1.179698e+01
    endloop
  endfacet
  facet normal 3.809169e-01 9.236807e-01 -4.142721e-02
    outer loop
      vertex   2.274450e+01 1.193301e+01 1.179698e+01
      vertex   2.258160e+01 1.198296e+01 1.141283e+01
      vertex   2.262409e+01 1.198296e+01 1.180351e+01
    endloop
  endfacet
  facet normal 3.831630e-01 9.236807e-01 -0.000000e+00
    outer loop
      vertex   2.274450e+01 1.193301e+01 1.179698e+01
      vertex   2.262409e+01 1.198296e+01 1.180351e+01
      vertex   2.274450e+01 1.193301e+01 1.220302e+01
    endloop
  endfacet
  facet normal 3.831630e-01 9.236807e-01 1.957327e-18
    outer loop
      vertex   2.274450e+01 1.193301e+01 1.220302e+01
      vertex   2.262409e+01 1.198296e+01 1.180351e+01
      vertex   2.262409e+01 1.198296e+01 1.219649e+01
    endloop
  endfacet
  facet normal 3.809169e-01 9.236807e-01 4.142721e-02
    outer loop
      vertex   2.274450e+01 1.193301e+01 1.220302e+01
      vertex   2.262409e+01 1.198296e+01 1.219649e+01
      vertex   2.270060e+01 1.193301e+01 1.260668e+01
    endloop
  endfacet
  facet normal 3.809169e-01 9.236807e-01 4.142721e-02
    outer loop
      vertex   2.270060e+01 1.193301e+01 1.260668e+01
      vertex   2.262409e+01 1.198296e+01 1.219649e+01
      vertex   2.258160e+01 1.198296e+01 1.258717e+01
    endloop
  endfacet
  facet normal 3.742049e-01 9.236807e-01 8.236872e-02
    outer loop
      vertex   2.270060e+01 1.193301e+01 1.260668e+01
      vertex   2.258160e+01 1.198296e+01 1.258717e+01
      vertex   2.261331e+01 1.193301e+01 1.300323e+01
    endloop
  endfacet
  facet normal 3.742049e-01 9.236807e-01 8.236872e-02
    outer loop
      vertex   2.261331e+01 1.193301e+01 1.300323e+01
      vertex   2.258160e+01 1.198296e+01 1.258717e+01
      vertex   2.249712e+01 1.198296e+01 1.297097e+01
    endloop
  endfacet
  facet normal 3.631057e-01 9.236807e-01 1.223445e-01
    outer loop
      vertex   2.261331e+01 1.193301e+01 1.300323e+01
      vertex   2.249712e+01 1.198296e+01 1.297097e+01
      vertex   2.248366e+01 1.193301e+01 1.338802e+01
    endloop
  endfacet
  facet normal 3.631057e-01 9.236807e-01 1.223445e-01
    outer loop
      vertex   2.248366e+01 1.193301e+01 1.338802e+01
      vertex   2.249712e+01 1.198296e+01 1.297097e+01
      vertex   2.237164e+01 1.198296e+01 1.334338e+01
    endloop
  endfacet
  facet normal 3.477493e-01 9.236807e-01 1.608860e-01
    outer loop
      vertex   2.248366e+01 1.193301e+01 1.338802e+01
      vertex   2.237164e+01 1.198296e+01 1.334338e+01
      vertex   2.231317e+01 1.193301e+01 1.375653e+01
    endloop
  endfacet
  facet normal 3.477493e-01 9.236807e-01 1.608860e-01
    outer loop
      vertex   2.231317e+01 1.193301e+01 1.375653e+01
      vertex   2.237164e+01 1.198296e+01 1.334338e+01
      vertex   2.220663e+01 1.198296e+01 1.370005e+01
    endloop
  endfacet
  facet normal 3.283160e-01 9.236807e-01 1.975412e-01
    outer loop
      vertex   2.231317e+01 1.193301e+01 1.375653e+01
      vertex   2.220663e+01 1.198296e+01 1.370005e+01
      vertex   2.210383e+01 1.193301e+01 1.410445e+01
    endloop
  endfacet
  facet normal 3.283160e-01 9.236807e-01 1.975412e-01
    outer loop
      vertex   2.210383e+01 1.193301e+01 1.410445e+01
      vertex   2.220663e+01 1.198296e+01 1.370005e+01
      vertex   2.200402e+01 1.198296e+01 1.403678e+01
    endloop
  endfacet
  facet normal 3.050334e-01 9.236807e-01 2.318804e-01
    outer loop
      vertex   2.210383e+01 1.193301e+01 1.410445e+01
      vertex   2.200402e+01 1.198296e+01 1.403678e+01
      vertex   2.185811e+01 1.193301e+01 1.442770e+01
    endloop
  endfacet
  facet normal 3.050334e-01 9.236807e-01 2.318804e-01
    outer loop
      vertex   2.185811e+01 1.193301e+01 1.442770e+01
      vertex   2.200402e+01 1.198296e+01 1.403678e+01
      vertex   2.176620e+01 1.198296e+01 1.434963e+01
    endloop
  endfacet
  facet normal 2.781746e-01 9.236807e-01 2.635010e-01
    outer loop
      vertex   2.185811e+01 1.193301e+01 1.442770e+01
      vertex   2.176620e+01 1.198296e+01 1.434963e+01
      vertex   2.157887e+01 1.193301e+01 1.472248e+01
    endloop
  endfacet
  facet normal 2.781746e-01 9.236807e-01 2.635010e-01
    outer loop
      vertex   2.157887e+01 1.193301e+01 1.472248e+01
      vertex   2.176620e+01 1.198296e+01 1.434963e+01
      vertex   2.149594e+01 1.198296e+01 1.463494e+01
    endloop
  endfacet
  facet normal 2.480545e-01 9.236807e-01 2.920323e-01
    outer loop
      vertex   2.157887e+01 1.193301e+01 1.472248e+01
      vertex   2.149594e+01 1.198296e+01 1.463494e+01
      vertex   2.126940e+01 1.193301e+01 1.498535e+01
    endloop
  endfacet
  facet normal 2.480545e-01 9.236807e-01 2.920323e-01
    outer loop
      vertex   2.126940e+01 1.193301e+01 1.498535e+01
      vertex   2.149594e+01 1.198296e+01 1.463494e+01
      vertex   2.119643e+01 1.198296e+01 1.488935e+01
    endloop
  endfacet
  facet normal 2.150261e-01 9.236807e-01 3.171398e-01
    outer loop
      vertex   2.126940e+01 1.193301e+01 1.498535e+01
      vertex   2.119643e+01 1.198296e+01 1.488935e+01
      vertex   2.093333e+01 1.193301e+01 1.521321e+01
    endloop
  endfacet
  facet normal 2.150261e-01 9.236807e-01 3.171398e-01
    outer loop
      vertex   2.093333e+01 1.193301e+01 1.521321e+01
      vertex   2.119643e+01 1.198296e+01 1.488935e+01
      vertex   2.087116e+01 1.198296e+01 1.510989e+01
    endloop
  endfacet
  facet normal 1.794768e-01 9.236807e-01 3.385292e-01
    outer loop
      vertex   2.093333e+01 1.193301e+01 1.521321e+01
      vertex   2.087116e+01 1.198296e+01 1.510989e+01
      vertex   2.057458e+01 1.193301e+01 1.540341e+01
    endloop
  endfacet
  facet normal 1.794768e-01 9.236807e-01 3.385292e-01
    outer loop
      vertex   2.057458e+01 1.193301e+01 1.540341e+01
      vertex   2.087116e+01 1.198296e+01 1.510989e+01
      vertex   2.052395e+01 1.198296e+01 1.529396e+01
    endloop
  endfacet
  facet normal 1.418233e-01 9.236807e-01 3.559495e-01
    outer loop
      vertex   2.057458e+01 1.193301e+01 1.540341e+01
      vertex   2.052395e+01 1.198296e+01 1.529396e+01
      vertex   2.019738e+01 1.193301e+01 1.555370e+01
    endloop
  endfacet
  facet normal 1.418233e-01 9.236807e-01 3.559495e-01
    outer loop
      vertex   2.019738e+01 1.193301e+01 1.555370e+01
      vertex   2.052395e+01 1.198296e+01 1.529396e+01
      vertex   2.015888e+01 1.198296e+01 1.543942e+01
    endloop
  endfacet
  facet normal 1.025070e-01 9.236807e-01 3.691967e-01
    outer loop
      vertex   2.019738e+01 1.193301e+01 1.555370e+01
      vertex   2.015888e+01 1.198296e+01 1.543942e+01
      vertex   1.980614e+01 1.193301e+01 1.566233e+01
    endloop
  endfacet
  facet normal 1.025070e-01 9.236807e-01 3.691967e-01
    outer loop
      vertex   1.980614e+01 1.193301e+01 1.566233e+01
      vertex   2.015888e+01 1.198296e+01 1.543942e+01
      vertex   1.978022e+01 1.198296e+01 1.554456e+01
    endloop
  endfacet
  facet normal 6.198888e-02 9.236807e-01 3.781154e-01
    outer loop
      vertex   1.980614e+01 1.193301e+01 1.566233e+01
      vertex   1.978022e+01 1.198296e+01 1.554456e+01
      vertex   1.940545e+01 1.193301e+01 1.572802e+01
    endloop
  endfacet
  facet normal 6.198888e-02 9.236807e-01 3.781154e-01
    outer loop
      vertex   1.940545e+01 1.193301e+01 1.572802e+01
      vertex   1.978022e+01 1.198296e+01 1.554456e+01
      vertex   1.939241e+01 1.198296e+01 1.560813e+01
    endloop
  endfacet
  facet normal 7.076747e-03 9.914200e-01 -1.305229e-01
    outer loop
      vertex   1.900000e+01 1.198296e+01 8.370590e+00
      vertex   1.900000e+01 1.200000e+01 8.500000e+00
      vertex   1.939241e+01 1.198296e+01 8.391866e+00
    endloop
  endfacet
  facet normal 7.511941e-03 9.916194e-01 -1.289751e-01
    outer loop
      vertex   1.939241e+01 1.198296e+01 8.391866e+00
      vertex   1.900000e+01 1.200000e+01 8.500000e+00
      vertex   1.940633e+01 1.200000e+01 8.523666e+00
    endloop
  endfacet
  facet normal 2.137619e-02 9.912324e-01 -1.303890e-01
    outer loop
      vertex   1.939241e+01 1.198296e+01 8.391866e+00
      vertex   1.940633e+01 1.200000e+01 8.523666e+00
      vertex   1.978022e+01 1.198296e+01 8.455444e+00
    endloop
  endfacet
  facet normal 2.220987e-02 9.917869e-01 -1.259584e-01
    outer loop
      vertex   1.978022e+01 1.198296e+01 8.455444e+00
      vertex   1.940633e+01 1.200000e+01 8.523666e+00
      vertex   1.980716e+01 1.200000e+01 8.594343e+00
    endloop
  endfacet
  facet normal 3.567276e-02 9.910701e-01 -1.284817e-01
    outer loop
      vertex   1.978022e+01 1.198296e+01 8.455444e+00
      vertex   1.980716e+01 1.200000e+01 8.594343e+00
      vertex   2.015888e+01 1.198296e+01 8.560578e+00
    endloop
  endfacet
  facet normal 3.638192e-02 9.919215e-01 -1.215241e-01
    outer loop
      vertex   2.015888e+01 1.198296e+01 8.560578e+00
      vertex   1.980716e+01 1.200000e+01 8.594343e+00
      vertex   2.019707e+01 1.200000e+01 8.711076e+00
    endloop
  endfacet
  facet normal 4.972430e-02 9.909353e-01 -1.247986e-01
    outer loop
      vertex   2.015888e+01 1.198296e+01 8.560578e+00
      vertex   2.019707e+01 1.200000e+01 8.711076e+00
      vertex   2.052395e+01 1.198296e+01 8.706037e+00
    endloop
  endfacet
  facet normal 4.992091e-02 9.920255e-01 -1.157297e-01
    outer loop
      vertex   2.052395e+01 1.198296e+01 8.706037e+00
      vertex   2.019707e+01 1.200000e+01 8.711076e+00
      vertex   2.057080e+01 1.200000e+01 8.872286e+00
    endloop
  endfacet
  facet normal 6.328806e-02 9.908302e-01 -1.193740e-01
    outer loop
      vertex   2.052395e+01 1.198296e+01 8.706037e+00
      vertex   2.057080e+01 1.200000e+01 8.872286e+00
      vertex   2.087116e+01 1.198296e+01 8.890114e+00
    endloop
  endfacet
  facet normal 6.272293e-02 9.921005e-01 -1.086393e-01
    outer loop
      vertex   2.087116e+01 1.198296e+01 8.890114e+00
      vertex   2.057080e+01 1.200000e+01 8.872286e+00
      vertex   2.092328e+01 1.200000e+01 9.075793e+00
    endloop
  endfacet
  facet normal 7.612697e-02 9.907563e-01 -1.122789e-01
    outer loop
      vertex   2.087116e+01 1.198296e+01 8.890114e+00
      vertex   2.092328e+01 1.200000e+01 9.075793e+00
      vertex   2.119643e+01 1.198296e+01 9.110652e+00
    endloop
  endfacet
  facet normal 7.468794e-02 9.921476e-01 -1.003233e-01
    outer loop
      vertex   2.119643e+01 1.198296e+01 9.110652e+00
      vertex   2.092328e+01 1.200000e+01 9.075793e+00
      vertex   2.124976e+01 1.200000e+01 9.318844e+00
    endloop
  endfacet
  facet normal 8.801579e-02 9.907149e-01 -1.036202e-01
    outer loop
      vertex   2.119643e+01 1.198296e+01 9.110652e+00
      vertex   2.124976e+01 1.200000e+01 9.318844e+00
      vertex   2.149594e+01 1.198296e+01 9.365065e+00
    endloop
  endfacet
  facet normal 8.572031e-02 9.921677e-01 -9.085822e-02
    outer loop
      vertex   2.149594e+01 1.198296e+01 9.365065e+00
      vertex   2.124976e+01 1.200000e+01 9.318844e+00
      vertex   2.154581e+01 1.200000e+01 9.598154e+00
    endloop
  endfacet
  facet normal 9.874714e-02 9.907066e-01 -9.353826e-02
    outer loop
      vertex   2.149594e+01 1.198296e+01 9.365065e+00
      vertex   2.154581e+01 1.200000e+01 9.598154e+00
      vertex   2.176620e+01 1.198296e+01 9.650370e+00
    endloop
  endfacet
  facet normal 9.572939e-02 9.921610e-01 -8.032649e-02
    outer loop
      vertex   2.176620e+01 1.198296e+01 9.650370e+00
      vertex   2.154581e+01 1.200000e+01 9.598154e+00
      vertex   2.180743e+01 1.200000e+01 9.909945e+00
    endloop
  endfacet
  facet normal 1.081370e-01 9.907315e-01 -8.220359e-02
    outer loop
      vertex   2.176620e+01 1.198296e+01 9.650370e+00
      vertex   2.180743e+01 1.200000e+01 9.909945e+00
      vertex   2.200402e+01 1.198296e+01 9.963222e+00
    endloop
  endfacet
  facet normal 1.046299e-01 9.921275e-01 -6.881615e-02
    outer loop
      vertex   2.200402e+01 1.198296e+01 9.963222e+00
      vertex   2.180743e+01 1.200000e+01 9.909945e+00
      vertex   2.203109e+01 1.200000e+01 1.025000e+01
    endloop
  endfacet
  facet normal 1.160294e-01 9.907893e-01 -6.981255e-02
    outer loop
      vertex   2.200402e+01 1.198296e+01 9.963222e+00
      vertex   2.203109e+01 1.200000e+01 1.025000e+01
      vertex   2.220663e+01 1.198296e+01 1.029995e+01
    endloop
  endfacet
  facet normal 1.123422e-01 9.920665e-01 -5.642039e-02
    outer loop
      vertex   2.220663e+01 1.198296e+01 1.029995e+01
      vertex   2.203109e+01 1.200000e+01 1.025000e+01
      vertex   2.221376e+01 1.200000e+01 1.061372e+01
    endloop
  endfacet
  facet normal 1.223004e-01 9.908789e-01 -5.658218e-02
    outer loop
      vertex   2.220663e+01 1.198296e+01 1.029995e+01
      vertex   2.221376e+01 1.200000e+01 1.061372e+01
      vertex   2.237164e+01 1.198296e+01 1.065662e+01
    endloop
  endfacet
  facet normal 1.187930e-01 9.919772e-01 -4.323713e-02
    outer loop
      vertex   2.237164e+01 1.198296e+01 1.065662e+01
      vertex   2.221376e+01 1.200000e+01 1.061372e+01
      vertex   2.235296e+01 1.200000e+01 1.099619e+01
    endloop
  endfacet
  facet normal 1.268608e-01 9.909991e-01 -4.274439e-02
    outer loop
      vertex   2.237164e+01 1.198296e+01 1.065662e+01
      vertex   2.235296e+01 1.200000e+01 1.099619e+01
      vertex   2.249712e+01 1.198296e+01 1.102903e+01
    endloop
  endfacet
  facet normal 1.239150e-01 9.918581e-01 -2.936840e-02
    outer loop
      vertex   2.249712e+01 1.198296e+01 1.102903e+01
      vertex   2.235296e+01 1.200000e+01 1.099619e+01
      vertex   2.244683e+01 1.200000e+01 1.139223e+01
    endloop
  endfacet
  facet normal 1.296580e-01 9.911480e-01 -2.853989e-02
    outer loop
      vertex   2.249712e+01 1.198296e+01 1.102903e+01
      vertex   2.244683e+01 1.200000e+01 1.139223e+01
      vertex   2.258160e+01 1.198296e+01 1.141283e+01
    endloop
  endfacet
  facet normal 1.276473e-01 9.917074e-01 -1.491983e-02
    outer loop
      vertex   2.258160e+01 1.198296e+01 1.141283e+01
      vertex   2.244683e+01 1.200000e+01 1.139223e+01
      vertex   2.249408e+01 1.200000e+01 1.179649e+01
    endloop
  endfacet
  facet normal 1.306761e-01 9.913233e-01 -1.421188e-02
    outer loop
      vertex   2.258160e+01 1.198296e+01 1.141283e+01
      vertex   2.249408e+01 1.200000e+01 1.179649e+01
      vertex   2.262409e+01 1.198296e+01 1.180351e+01
    endloop
  endfacet
  facet normal 1.299354e-01 9.915225e-01 -4.180406e-19
    outer loop
      vertex   2.262409e+01 1.198296e+01 1.180351e+01
      vertex   2.249408e+01 1.200000e+01 1.179649e+01
      vertex   2.249408e+01 1.200000e+01 1.220351e+01
    endloop
  endfacet
  facet normal 1.299354e-01 9.915225e-01 -0.000000e+00
    outer loop
      vertex   2.262409e+01 1.198296e+01 1.180351e+01
      vertex   2.249408e+01 1.200000e+01 1.220351e+01
      vertex   2.262409e+01 1.198296e+01 1.219649e+01
    endloop
  endfacet
  facet normal 1.306761e-01 9.913233e-01 1.421188e-02
    outer loop
      vertex   2.262409e+01 1.198296e+01 1.219649e+01
      vertex   2.249408e+01 1.200000e+01 1.220351e+01
      vertex   2.258160e+01 1.198296e+01 1.258717e+01
    endloop
  endfacet
  facet normal 1.276473e-01 9.917074e-01 1.491983e-02
    outer loop
      vertex   2.249408e+01 1.200000e+01 1.220351e+01
      vertex   2.244683e+01 1.200000e+01 1.260777e+01
      vertex   2.258160e+01 1.198296e+01 1.258717e+01
    endloop
  endfacet
  facet normal 1.296580e-01 9.911480e-01 2.853989e-02
    outer loop
      vertex   2.258160e+01 1.198296e+01 1.258717e+01
      vertex   2.244683e+01 1.200000e+01 1.260777e+01
      vertex   2.249712e+01 1.198296e+01 1.297097e+01
    endloop
  endfacet
  facet normal 1.239150e-01 9.918581e-01 2.936840e-02
    outer loop
      vertex   2.244683e+01 1.200000e+01 1.260777e+01
      vertex   2.235296e+01 1.200000e+01 1.300381e+01
      vertex   2.249712e+01 1.198296e+01 1.297097e+01
    endloop
  endfacet
  facet normal 1.268608e-01 9.909991e-01 4.274439e-02
    outer loop
      vertex   2.249712e+01 1.198296e+01 1.297097e+01
      vertex   2.235296e+01 1.200000e+01 1.300381e+01
      vertex   2.237164e+01 1.198296e+01 1.334338e+01
    endloop
  endfacet
  facet normal 1.187930e-01 9.919772e-01 4.323713e-02
    outer loop
      vertex   2.235296e+01 1.200000e+01 1.300381e+01
      vertex   2.221376e+01 1.200000e+01 1.338628e+01
      vertex   2.237164e+01 1.198296e+01 1.334338e+01
    endloop
  endfacet
  facet normal 1.223004e-01 9.908789e-01 5.658218e-02
    outer loop
      vertex   2.237164e+01 1.198296e+01 1.334338e+01
      vertex   2.221376e+01 1.200000e+01 1.338628e+01
      vertex   2.220663e+01 1.198296e+01 1.370005e+01
    endloop
  endfacet
  facet normal 1.123422e-01 9.920665e-01 5.642039e-02
    outer loop
      vertex   2.221376e+01 1.200000e+01 1.338628e+01
      vertex   2.203109e+01 1.200000e+01 1.375000e+01
      vertex   2.220663e+01 1.198296e+01 1.370005e+01
    endloop
  endfacet
  facet normal 1.160294e-01 9.907893e-01 6.981255e-02
    outer loop
      vertex   2.220663e+01 1.198296e+01 1.370005e+01
      vertex   2.203109e+01 1.200000e+01 1.375000e+01
      vertex   2.200402e+01 1.198296e+01 1.403678e+01
    endloop
  endfacet
  facet normal 1.046299e-01 9.921275e-01 6.881615e-02
    outer loop
      vertex   2.203109e+01 1.200000e+01 1.375000e+01
      vertex   2.180743e+01 1.200000e+01 1.409006e+01
      vertex   2.200402e+01 1.198296e+01 1.403678e+01
    endloop
  endfacet
  facet normal 1.081370e-01 9.907315e-01 8.220359e-02
    outer loop
      vertex   2.200402e+01 1.198296e+01 1.403678e+01
      vertex   2.180743e+01 1.200000e+01 1.409006e+01
      vertex   2.176620e+01 1.198296e+01 1.434963e+01
    endloop
  endfacet
  facet normal 9.572939e-02 9.921610e-01 8.032649e-02
    outer loop
      vertex   2.180743e+01 1.200000e+01 1.409006e+01
      vertex   2.154581e+01 1.200000e+01 1.440185e+01
      vertex   2.176620e+01 1.198296e+01 1.434963e+01
    endloop
  endfacet
  facet normal 9.874714e-02 9.907066e-01 9.353826e-02
    outer loop
      vertex   2.176620e+01 1.198296e+01 1.434963e+01
      vertex   2.154581e+01 1.200000e+01 1.440185e+01
      vertex   2.149594e+01 1.198296e+01 1.463494e+01
    endloop
  endfacet
  facet normal 8.572031e-02 9.921677e-01 9.085822e-02
    outer loop
      vertex   2.154581e+01 1.200000e+01 1.440185e+01
      vertex   2.124976e+01 1.200000e+01 1.468116e+01
      vertex   2.149594e+01 1.198296e+01 1.463494e+01
    endloop
  endfacet
  facet normal 8.801579e-02 9.907149e-01 1.036202e-01
    outer loop
      vertex   2.149594e+01 1.198296e+01 1.463494e+01
      vertex   2.124976e+01 1.200000e+01 1.468116e+01
      vertex   2.119643e+01 1.198296e+01 1.488935e+01
    endloop
  endfacet
  facet normal 7.468794e-02 9.921476e-01 1.003233e-01
    outer loop
      vertex   2.124976e+01 1.200000e+01 1.468116e+01
      vertex   2.092328e+01 1.200000e+01 1.492421e+01
      vertex   2.119643e+01 1.198296e+01 1.488935e+01
    endloop
  endfacet
  facet normal 7.612697e-02 9.907563e-01 1.122789e-01
    outer loop
      vertex   2.119643e+01 1.198296e+01 1.488935e+01
      vertex   2.092328e+01 1.200000e+01 1.492421e+01
      vertex   2.087116e+01 1.198296e+01 1.510989e+01
    endloop
  endfacet
  facet normal 6.272293e-02 9.921005e-01 1.086393e-01
    outer loop
      vertex   2.092328e+01 1.200000e+01 1.492421e+01
      vertex   2.057080e+01 1.200000e+01 1.512771e+01
      vertex   2.087116e+01 1.198296e+01 1.510989e+01
    endloop
  endfacet
  facet normal 6.328806e-02 9.908302e-01 1.193740e-01
    outer loop
      vertex   2.087116e+01 1.198296e+01 1.510989e+01
      vertex   2.057080e+01 1.200000e+01 1.512771e+01
      vertex   2.052395e+01 1.198296e+01 1.529396e+01
    endloop
  endfacet
  facet normal 4.992091e-02 9.920255e-01 1.157297e-01
    outer loop
      vertex   2.057080e+01 1.200000e+01 1.512771e+01
      vertex   2.019707e+01 1.200000e+01 1.528892e+01
      vertex   2.052395e+01 1.198296e+01 1.529396e+01
    endloop
  endfacet
  facet normal 4.972430e-02 9.909353e-01 1.247986e-01
    outer loop
      vertex   2.052395e+01 1.198296e+01 1.529396e+01
      vertex   2.019707e+01 1.200000e+01 1.528892e+01
      vertex   2.015888e+01 1.198296e+01 1.543942e+01
    endloop
  endfacet
  facet normal 3.638192e-02 9.919215e-01 1.215241e-01
    outer loop
      vertex   2.019707e+01 1.200000e+01 1.528892e+01
      vertex   1.980716e+01 1.200000e+01 1.540566e+01
      vertex   2.015888e+01 1.198296e+01 1.543942e+01
    endloop
  endfacet
  facet normal 3.567276e-02 9.910701e-01 1.284817e-01
    outer loop
      vertex   2.015888e+01 1.198296e+01 1.543942e+01
      vertex   1.980716e+01 1.200000e+01 1.540566e+01
      vertex   1.978022e+01 1.198296e+01 1.554456e+01
    endloop
  endfacet
  facet normal 2.220987e-02 9.917869e-01 1.259584e-01
    outer loop
      vertex   1.980716e+01 1.200000e+01 1.540566e+01
      vertex   1.940633e+01 1.200000e+01 1.547633e+01
      vertex   1.978022e+01 1.198296e+01 1.554456e+01
    endloop
  endfacet
  facet normal 2.137619e-02 9.912324e-01 1.303890e-01
    outer loop
      vertex   1.978022e+01 1.198296e+01 1.554456e+01
      vertex   1.940633e+01 1.200000e+01 1.547633e+01
      vertex   1.939241e+01 1.198296e+01 1.560813e+01
    endloop
  endfacet
  facet normal 7.044639e-16 9.914449e-01 1.305262e-01
    outer loop
      vertex   6.500000e+00 1.198296e+01 1.562941e+01
      vertex   9.000000e+00 1.198296e+01 1.562941e+01
      vertex   6.500000e+00 1.200000e+01 1.550000e+01
    endloop
  endfacet
  facet normal -4.564457e-19 9.914449e-01 1.305262e-01
    outer loop
      vertex   6.500000e+00 1.200000e+01 1.550000e+01
      vertex   9.000000e+00 1.198296e+01 1.562941e+01
      vertex   1.150000e+01 1.198296e+01 1.562941e+01
    endloop
  endfacet
  facet normal -4.564457e-19 9.914449e-01 1.305262e-01
    outer loop
      vertex   6.500000e+00 1.200000e+01 1.550000e+01
      vertex   1.150000e+01 1.198296e+01 1.562941e+01
      vertex   1.400000e+01 1.198296e+01 1.562941e+01
    endloop
  endfacet
  facet normal 0.000000e+00 9.238795e-01 3.826834e-01
    outer loop
      vertex   1.400000e+01 1.198296e+01 1.562941e+01
      vertex   1.150000e+01 1.198296e+01 1.562941e+01
      vertex   1.400000e+01 1.193301e+01 1.575000e+01
    endloop
  endfacet
  facet normal -1.067880e-18 9.238795e-01 3.826834e-01
    outer loop
      vertex   1.400000e+01 1.198296e+01 1.562941e+01
      vertex   1.400000e+01 1.193301e+01 1.575000e+01
      vertex   1.650000e+01 1.193301e+01 1.575000e+01
    endloop
  endfacet
  facet normal 0.000000e+00 7.933533e-01 6.087614e-01
    outer loop
      vertex   1.650000e+01 1.193301e+01 1.575000e+01
      vertex   1.400000e+01 1.193301e+01 1.575000e+01
      vertex   1.650000e+01 1.185355e+01 1.585355e+01
    endloop
  endfacet
  facet normal 1.235940e-18 7.933533e-01 6.087614e-01
    outer loop
      vertex   1.650000e+01 1.193301e+01 1.575000e+01
      vertex   1.650000e+01 1.185355e+01 1.585355e+01
      vertex   1.900000e+01 1.185355e+01 1.585355e+01
    endloop
  endfacet
  facet normal 0.000000e+00 6.087614e-01 7.933533e-01
    outer loop
      vertex   1.900000e+01 1.185355e+01 1.585355e+01
      vertex   1.650000e+01 1.185355e+01 1.585355e+01
      vertex   1.900000e+01 1.175000e+01 1.593301e+01
    endloop
  endfacet
  facet normal 0.000000e+00 6.087614e-01 7.933533e-01
    outer loop
      vertex   1.900000e+01 1.175000e+01 1.593301e+01
      vertex   1.650000e+01 1.185355e+01 1.585355e+01
      vertex   1.650000e+01 1.175000e+01 1.593301e+01
    endloop
  endfacet
  facet normal 0.000000e+00 3.826834e-01 9.238795e-01
    outer loop
      vertex   1.900000e+01 1.175000e+01 1.593301e+01
      vertex   1.650000e+01 1.175000e+01 1.593301e+01
      vertex   1.900000e+01 1.162941e+01 1.598296e+01
    endloop
  endfacet
  facet normal -1.312912e-15 3.826834e-01 9.238795e-01
    outer loop
      vertex   1.900000e+01 1.162941e+01 1.598296e+01
      vertex   1.650000e+01 1.175000e+01 1.593301e+01
      vertex   1.650000e+01 1.162941e+01 1.598296e+01
    endloop
  endfacet
  facet normal -1.408928e-15 1.305262e-01 9.914449e-01
    outer loop
      vertex   1.900000e+01 1.162941e+01 1.598296e+01
      vertex   1.650000e+01 1.162941e+01 1.598296e+01
      vertex   1.900000e+01 1.150000e+01 1.600000e+01
    endloop
  endfacet
  facet normal -3.324698e-19 1.305262e-01 9.914449e-01
    outer loop
      vertex   1.900000e+01 1.150000e+01 1.600000e+01
      vertex   1.650000e+01 1.162941e+01 1.598296e+01
      vertex   1.400000e+01 1.162941e+01 1.598296e+01
    endloop
  endfacet
  facet normal -3.324698e-19 1.305262e-01 9.914449e-01
    outer loop
      vertex   1.900000e+01 1.150000e+01 1.600000e+01
      vertex   1.400000e+01 1.162941e+01 1.598296e+01
      vertex   1.150000e+01 1.162941e+01 1.598296e+01
    endloop
  endfacet
  facet normal -0.000000e+00 3.826834e-01 9.238795e-01
    outer loop
      vertex   1.150000e+01 1.162941e+01 1.598296e+01
      vertex   1.400000e+01 1.162941e+01 1.598296e+01
      vertex   1.150000e+01 1.175000e+01 1.593301e+01
    endloop
  endfacet
  facet normal -1.149488e-18 3.826834e-01 9.238795e-01
    outer loop
      vertex   1.150000e+01 1.162941e+01 1.598296e+01
      vertex   1.150000e+01 1.175000e+01 1.593301e+01
      vertex   9.000000e+00 1.175000e+01 1.593301e+01
    endloop
  endfacet
  facet normal -0.000000e+00 6.087614e-01 7.933533e-01
    outer loop
      vertex   9.000000e+00 1.175000e+01 1.593301e+01
      vertex   1.150000e+01 1.175000e+01 1.593301e+01
      vertex   9.000000e+00 1.185355e+01 1.585355e+01
    endloop
  endfacet
  facet normal -2.132683e-18 6.087614e-01 7.933533e-01
    outer loop
      vertex   9.000000e+00 1.175000e+01 1.593301e+01
      vertex   9.000000e+00 1.185355e+01 1.585355e+01
      vertex   6.500000e+00 1.185355e+01 1.585355e+01
    endloop
  endfacet
  facet normal -0.000000e+00 7.933533e-01 6.087614e-01
    outer loop
      vertex   6.500000e+00 1.185355e+01 1.585355e+01
      vertex   9.000000e+00 1.185355e+01 1.585355e+01
      vertex   6.500000e+00 1.193301e+01 1.575000e+01
    endloop
  endfacet
  facet normal -0.000000e+00 7.933533e-01 6.087614e-01
    outer loop
      vertex   6.500000e+00 1.193301e+01 1.575000e+01
      vertex   9.000000e+00 1.185355e+01 1.585355e+01
      vertex   9.000000e+00 1.193301e+01 1.575000e+01
    endloop
  endfacet
  facet normal -0.000000e+00 9.238795e-01 3.826834e-01
    outer loop
      vertex   6.500000e+00 1.193301e+01 1.575000e+01
      vertex   9.000000e+00 1.193301e+01 1.575000e+01
      vertex   6.500000e+00 1.198296e+01 1.562941e+01
    endloop
  endfacet
  facet normal 6.564559e-16 9.238795e-01 3.826834e-01
    outer loop
      vertex   6.500000e+00 1.198296e+01 1.562941e+01
      vertex   9.000000e+00 1.193301e+01 1.575000e+01
      vertex   9.000000e+00 1.198296e+01 1.562941e+01
    endloop
  endfacet
  facet normal -2.132683e-18 6.087614e-01 7.933533e-01
    outer loop
      vertex   6.500000e+00 1.185355e+01 1.585355e+01
      vertex   6.500000e+00 1.175000e+01 1.593301e+01
      vertex   9.000000e+00 1.175000e+01 1.593301e+01
    endloop
  endfacet
  facet normal 0.000000e+00 3.826834e-01 9.238795e-01
    outer loop
      vertex   9.000000e+00 1.175000e+01 1.593301e+01
      vertex   6.500000e+00 1.175000e+01 1.593301e+01
      vertex   9.000000e+00 1.162941e+01 1.598296e+01
    endloop
  endfacet
  facet normal -1.149488e-18 3.826834e-01 9.238795e-01
    outer loop
      vertex   9.000000e+00 1.175000e+01 1.593301e+01
      vertex   9.000000e+00 1.162941e+01 1.598296e+01
      vertex   1.150000e+01 1.162941e+01 1.598296e+01
    endloop
  endfacet
  facet normal 0.000000e+00 1.305262e-01 9.914449e-01
    outer loop
      vertex   1.150000e+01 1.162941e+01 1.598296e+01
      vertex   9.000000e+00 1.162941e+01 1.598296e+01
      vertex   6.500000e+00 1.150000e+01 1.600000e+01
    endloop
  endfacet
  facet normal -6.649395e-20 1.305262e-01 9.914449e-01
    outer loop
      vertex   1.150000e+01 1.162941e+01 1.598296e+01
      vertex   6.500000e+00 1.150000e+01 1.600000e+01
      vertex   1.900000e+01 1.150000e+01 1.600000e+01
    endloop
  endfacet
  facet normal 1.311926e-15 3.826834e-01 9.238795e-01
    outer loop
      vertex   6.500000e+00 1.175000e+01 1.593301e+01
      vertex   6.500000e+00 1.162941e+01 1.598296e+01
      vertex   9.000000e+00 1.162941e+01 1.598296e+01
    endloop
  endfacet
  facet normal 1.408928e-15 1.305262e-01 9.914449e-01
    outer loop
      vertex   9.000000e+00 1.162941e+01 1.598296e+01
      vertex   6.500000e+00 1.162941e+01 1.598296e+01
      vertex   6.500000e+00 1.150000e+01 1.600000e+01
    endloop
  endfacet
  facet normal 1.235940e-18 7.933533e-01 6.087614e-01
    outer loop
      vertex   1.900000e+01 1.185355e+01 1.585355e+01
      vertex   1.900000e+01 1.193301e+01 1.575000e+01
      vertex   1.650000e+01 1.193301e+01 1.575000e+01
    endloop
  endfacet
  facet normal -0.000000e+00 9.238795e-01 3.826834e-01
    outer loop
      vertex   1.650000e+01 1.193301e+01 1.575000e+01
      vertex   1.900000e+01 1.193301e+01 1.575000e+01
      vertex   1.650000e+01 1.198296e+01 1.562941e+01
    endloop
  endfacet
  facet normal -1.067880e-18 9.238795e-01 3.826834e-01
    outer loop
      vertex   1.650000e+01 1.193301e+01 1.575000e+01
      vertex   1.650000e+01 1.198296e+01 1.562941e+01
      vertex   1.400000e+01 1.198296e+01 1.562941e+01
    endloop
  endfacet
  facet normal -0.000000e+00 9.914449e-01 1.305262e-01
    outer loop
      vertex   1.400000e+01 1.198296e+01 1.562941e+01
      vertex   1.650000e+01 1.198296e+01 1.562941e+01
      vertex   1.900000e+01 1.200000e+01 1.550000e+01
    endloop
  endfacet
  facet normal -9.128914e-20 9.914449e-01 1.305262e-01
    outer loop
      vertex   1.400000e+01 1.198296e+01 1.562941e+01
      vertex   1.900000e+01 1.200000e+01 1.550000e+01
      vertex   6.500000e+00 1.200000e+01 1.550000e+01
    endloop
  endfacet
  facet normal -6.575238e-16 9.238795e-01 3.826834e-01
    outer loop
      vertex   1.900000e+01 1.193301e+01 1.575000e+01
      vertex   1.900000e+01 1.198296e+01 1.562941e+01
      vertex   1.650000e+01 1.198296e+01 1.562941e+01
    endloop
  endfacet
  facet normal -7.044639e-16 9.914449e-01 1.305262e-01
    outer loop
      vertex   1.650000e+01 1.198296e+01 1.562941e+01
      vertex   1.900000e+01 1.198296e+01 1.562941e+01
      vertex   1.900000e+01 1.200000e+01 1.550000e+01
    endloop
  endfacet
  facet normal 0.000000e+00 9.238795e-01 3.826834e-01
    outer loop
      vertex   1.150000e+01 1.198296e+01 1.562941e+01
      vertex   9.000000e+00 1.198296e+01 1.562941e+01
      vertex   1.150000e+01 1.193301e+01 1.575000e+01
    endloop
  endfacet
  facet normal 0.000000e+00 9.238795e-01 3.826834e-01
    outer loop
      vertex   1.150000e+01 1.193301e+01 1.575000e+01
      vertex   9.000000e+00 1.198296e+01 1.562941e+01
      vertex   9.000000e+00 1.193301e+01 1.575000e+01
    endloop
  endfacet
  facet normal 0.000000e+00 7.933533e-01 6.087614e-01
    outer loop
      vertex   1.150000e+01 1.193301e+01 1.575000e+01
      vertex   9.000000e+00 1.193301e+01 1.575000e+01
      vertex   1.150000e+01 1.185355e+01 1.585355e+01
    endloop
  endfacet
  facet normal 0.000000e+00 7.933533e-01 6.087614e-01
    outer loop
      vertex   1.150000e+01 1.185355e+01 1.585355e+01
      vertex   9.000000e+00 1.193301e+01 1.575000e+01
      vertex   9.000000e+00 1.185355e+01 1.585355e+01
    endloop
  endfacet
  facet normal 0.000000e+00 6.087614e-01 7.933533e-01
    outer loop
      vertex   1.150000e+01 1.185355e+01 1.585355e+01
      vertex   9.000000e+00 1.185355e+01 1.585355e+01
      vertex   1.150000e+01 1.175000e+01 1.593301e+01
    endloop
  endfacet
  facet normal -1.067880e-18 9.238795e-01 3.826834e-01
    outer loop
      vertex   1.150000e+01 1.198296e+01 1.562941e+01
      vertex   1.150000e+01 1.193301e+01 1.575000e+01
      vertex   1.400000e+01 1.193301e+01 1.575000e+01
    endloop
  endfacet
  facet normal 0.000000e+00 7.933533e-01 6.087614e-01
    outer loop
      vertex   1.400000e+01 1.193301e+01 1.575000e+01
      vertex   1.150000e+01 1.193301e+01 1.575000e+01
      vertex   1.400000e+01 1.185355e+01 1.585355e+01
    endloop
  endfacet
  facet normal 1.235940e-18 7.933533e-01 6.087614e-01
    outer loop
      vertex   1.400000e+01 1.193301e+01 1.575000e+01
      vertex   1.400000e+01 1.185355e+01 1.585355e+01
      vertex   1.650000e+01 1.185355e+01 1.585355e+01
    endloop
  endfacet
  facet normal 0.000000e+00 6.087614e-01 7.933533e-01
    outer loop
      vertex   1.650000e+01 1.185355e+01 1.585355e+01
      vertex   1.400000e+01 1.185355e+01 1.585355e+01
      vertex   1.650000e+01 1.175000e+01 1.593301e+01
    endloop
  endfacet
  facet normal 0.000000e+00 7.933533e-01 6.087614e-01
    outer loop
      vertex   1.400000e+01 1.185355e+01 1.585355e+01
      vertex   1.150000e+01 1.193301e+01 1.575000e+01
      vertex   1.150000e+01 1.185355e+01 1.585355e+01
    endloop
  endfacet
  facet normal 0.000000e+00 6.087614e-01 7.933533e-01
    outer loop
      vertex   1.400000e+01 1.185355e+01 1.585355e+01
      vertex   1.150000e+01 1.185355e+01 1.585355e+01
      vertex   1.400000e+01 1.175000e+01 1.593301e+01
    endloop
  endfacet
  facet normal 0.000000e+00 6.087614e-01 7.933533e-01
    outer loop
      vertex   1.400000e+01 1.175000e+01 1.593301e+01
      vertex   1.150000e+01 1.185355e+01 1.585355e+01
      vertex   1.150000e+01 1.175000e+01 1.593301e+01
    endloop
  endfacet
  facet normal 0.000000e+00 3.826834e-01 9.238795e-01
    outer loop
      vertex   1.400000e+01 1.175000e+01 1.593301e+01
      vertex   1.150000e+01 1.175000e+01 1.593301e+01
      vertex   1.400000e+01 1.162941e+01 1.598296e+01
    endloop
  endfacet
  facet normal -1.149488e-18 3.826834e-01 9.238795e-01
    outer loop
      vertex   1.650000e+01 1.162941e+01 1.598296e+01
      vertex   1.650000e+01 1.175000e+01 1.593301e+01
      vertex   1.400000e+01 1.175000e+01 1.593301e+01
    endloop
  endfacet
  facet normal -0.000000e+00 6.087614e-01 7.933533e-01
    outer loop
      vertex   1.400000e+01 1.175000e+01 1.593301e+01
      vertex   1.650000e+01 1.175000e+01 1.593301e+01
      vertex   1.400000e+01 1.185355e+01 1.585355e+01
    endloop
  endfacet
  facet normal 0.000000e+00 3.826834e-01 9.238795e-01
    outer loop
      vertex   1.650000e+01 1.162941e+01 1.598296e+01
      vertex   1.400000e+01 1.175000e+01 1.593301e+01
      vertex   1.400000e+01 1.162941e+01 1.598296e+01
    endloop
  endfacet
  facet normal 5.579123e-02 1.072427e-01 9.926663e-01
    outer loop
      vertex   6.352974e+00 1.150963e+01 1.600722e+01
      vertex   6.500000e+00 1.150000e+01 1.600000e+01
      vertex   6.370158e+00 1.160570e+01 1.599588e+01
    endloop
  endfacet
  facet normal 7.457538e-02 1.301627e-01 9.886841e-01
    outer loop
      vertex   6.370158e+00 1.160570e+01 1.599588e+01
      vertex   6.500000e+00 1.150000e+01 1.600000e+01
      vertex   6.500000e+00 1.162941e+01 1.598296e+01
    endloop
  endfacet
  facet normal 4.098687e-02 2.954446e-01 9.544802e-01
    outer loop
      vertex   6.370158e+00 1.160570e+01 1.599588e+01
      vertex   6.500000e+00 1.162941e+01 1.598296e+01
      vertex   6.375940e+00 1.169911e+01 1.596672e+01
    endloop
  endfacet
  facet normal 9.359647e-02 3.810035e-01 9.198239e-01
    outer loop
      vertex   6.375940e+00 1.169911e+01 1.596672e+01
      vertex   6.500000e+00 1.162941e+01 1.598296e+01
      vertex   6.500000e+00 1.175000e+01 1.593301e+01
    endloop
  endfacet
  facet normal 6.083987e-02 4.437977e-01 8.940594e-01
    outer loop
      vertex   6.375940e+00 1.169911e+01 1.596672e+01
      vertex   6.500000e+00 1.175000e+01 1.593301e+01
      vertex   6.378509e+00 1.175619e+01 1.593821e+01
    endloop
  endfacet
  facet normal 6.427499e-02 5.802923e-01 8.118680e-01
    outer loop
      vertex   6.378509e+00 1.175619e+01 1.593821e+01
      vertex   6.500000e+00 1.175000e+01 1.593301e+01
      vertex   6.380457e+00 1.183272e+01 1.588335e+01
    endloop
  endfacet
  facet normal 1.911530e-01 5.686159e-01 8.000853e-01
    outer loop
      vertex   6.378509e+00 1.175619e+01 1.593821e+01
      vertex   6.380457e+00 1.183272e+01 1.588335e+01
      vertex   6.256370e+00 1.177494e+01 1.595407e+01
    endloop
  endfacet
  facet normal 1.890653e-01 5.713345e-01 7.986434e-01
    outer loop
      vertex   6.256370e+00 1.177494e+01 1.595407e+01
      vertex   6.380457e+00 1.183272e+01 1.588335e+01
      vertex   6.260039e+00 1.184982e+01 1.589963e+01
    endloop
  endfacet
  facet normal 3.127861e-01 5.484380e-01 7.754873e-01
    outer loop
      vertex   6.256370e+00 1.177494e+01 1.595407e+01
      vertex   6.260039e+00 1.184982e+01 1.589963e+01
      vertex   6.134152e+00 1.180654e+01 1.598101e+01
    endloop
  endfacet
  facet normal 3.101453e-01 5.525803e-01 7.736051e-01
    outer loop
      vertex   6.134152e+00 1.180654e+01 1.598101e+01
      vertex   6.260039e+00 1.184982e+01 1.589963e+01
      vertex   6.139250e+00 1.187884e+01 1.592732e+01
    endloop
  endfacet
  facet normal 4.252521e-01 5.200612e-01 7.407408e-01
    outer loop
      vertex   6.134152e+00 1.180654e+01 1.598101e+01
      vertex   6.139250e+00 1.187884e+01 1.592732e+01
      vertex   6.012428e+00 1.185130e+01 1.601946e+01
    endloop
  endfacet
  facet normal 4.225133e-01 5.253708e-01 7.385581e-01
    outer loop
      vertex   6.012428e+00 1.185130e+01 1.601946e+01
      vertex   6.139250e+00 1.187884e+01 1.592732e+01
      vertex   6.018596e+00 1.192022e+01 1.596691e+01
    endloop
  endfacet
  facet normal 5.310641e-01 4.832275e-01 6.960331e-01
    outer loop
      vertex   6.012428e+00 1.185130e+01 1.601946e+01
      vertex   6.018596e+00 1.192022e+01 1.596691e+01
      vertex   5.878600e+00 1.191673e+01 1.607615e+01
    endloop
  endfacet
  facet normal 5.285307e-01 4.902964e-01 6.930114e-01
    outer loop
      vertex   5.878600e+00 1.191673e+01 1.607615e+01
      vertex   6.018596e+00 1.192022e+01 1.596691e+01
      vertex   5.885461e+00 1.198113e+01 1.602536e+01
    endloop
  endfacet
  facet normal 6.267869e-01 4.402829e-01 6.428757e-01
    outer loop
      vertex   5.878600e+00 1.191673e+01 1.607615e+01
      vertex   5.885461e+00 1.198113e+01 1.602536e+01
      vertex   5.746902e+00 1.199913e+01 1.614812e+01
    endloop
  endfacet
  facet normal 6.244854e-01 4.491353e-01 6.389800e-01
    outer loop
      vertex   5.746902e+00 1.199913e+01 1.614812e+01
      vertex   5.885461e+00 1.198113e+01 1.602536e+01
      vertex   5.753854e+00 1.205838e+01 1.609967e+01
    endloop
  endfacet
  facet normal 7.088537e-01 3.947407e-01 5.845564e-01
    outer loop
      vertex   5.746902e+00 1.199913e+01 1.614812e+01
      vertex   5.753854e+00 1.205838e+01 1.609967e+01
      vertex   5.619513e+00 1.209841e+01 1.623555e+01
    endloop
  endfacet
  facet normal 7.070498e-01 4.048818e-01 5.797855e-01
    outer loop
      vertex   5.619513e+00 1.209841e+01 1.623555e+01
      vertex   5.753854e+00 1.205838e+01 1.609967e+01
      vertex   5.626058e+00 1.215211e+01 1.619007e+01
    endloop
  endfacet
  facet normal 7.773199e-01 3.487313e-01 5.236032e-01
    outer loop
      vertex   5.619513e+00 1.209841e+01 1.623555e+01
      vertex   5.626058e+00 1.215211e+01 1.619007e+01
      vertex   5.498951e+00 1.221367e+01 1.633777e+01
    endloop
  endfacet
  facet normal 7.760922e-01 3.596977e-01 5.179754e-01
    outer loop
      vertex   5.498951e+00 1.221367e+01 1.633777e+01
      vertex   5.626058e+00 1.215211e+01 1.619007e+01
      vertex   5.504753e+00 1.226152e+01 1.629584e+01
    endloop
  endfacet
  facet normal 8.334076e-01 3.035583e-01 4.618270e-01
    outer loop
      vertex   5.498951e+00 1.221367e+01 1.633777e+01
      vertex   5.504753e+00 1.226152e+01 1.629584e+01
      vertex   5.390131e+00 1.234041e+01 1.645083e+01
    endloop
  endfacet
  facet normal 8.326798e-01 3.148254e-01 4.555539e-01
    outer loop
      vertex   5.390131e+00 1.234041e+01 1.645083e+01
      vertex   5.504753e+00 1.226152e+01 1.629584e+01
      vertex   5.395002e+00 1.238241e+01 1.641291e+01
    endloop
  endfacet
  facet normal 8.793038e-01 2.589721e-01 3.996978e-01
    outer loop
      vertex   5.390131e+00 1.234041e+01 1.645083e+01
      vertex   5.395002e+00 1.238241e+01 1.641291e+01
      vertex   5.291880e+00 1.248035e+01 1.657631e+01
    endloop
  endfacet
  facet normal 8.790311e-01 2.703095e-01 3.927303e-01
    outer loop
      vertex   5.291880e+00 1.248035e+01 1.657631e+01
      vertex   5.395002e+00 1.238241e+01 1.641291e+01
      vertex   5.295732e+00 1.251640e+01 1.654288e+01
    endloop
  endfacet
  facet normal 9.159852e-01 2.158115e-01 3.382254e-01
    outer loop
      vertex   5.291880e+00 1.248035e+01 1.657631e+01
      vertex   5.295732e+00 1.251640e+01 1.654288e+01
      vertex   5.205811e+00 1.263186e+01 1.671273e+01
    endloop
  endfacet
  facet normal 9.160456e-01 2.272105e-01 3.305086e-01
    outer loop
      vertex   5.205811e+00 1.263186e+01 1.671273e+01
      vertex   5.295732e+00 1.251640e+01 1.654288e+01
      vertex   5.208645e+00 1.266191e+01 1.668422e+01
    endloop
  endfacet
  facet normal 9.448603e-01 1.740794e-01 2.773721e-01
    outer loop
      vertex   5.205811e+00 1.263186e+01 1.671273e+01
      vertex   5.208645e+00 1.266191e+01 1.668422e+01
      vertex   5.133293e+00 1.279322e+01 1.685849e+01
    endloop
  endfacet
  facet normal 9.451407e-01 1.855674e-01 2.688379e-01
    outer loop
      vertex   5.133293e+00 1.279322e+01 1.685849e+01
      vertex   5.208645e+00 1.266191e+01 1.668422e+01
      vertex   5.135185e+00 1.281726e+01 1.683525e+01
    endloop
  endfacet
  facet normal 9.672449e-01 1.329652e-01 2.162348e-01
    outer loop
      vertex   5.133293e+00 1.279322e+01 1.685849e+01
      vertex   5.135185e+00 1.281726e+01 1.683525e+01
      vertex   5.075682e+00 1.296269e+01 1.701198e+01
    endloop
  endfacet
  facet normal 9.676309e-01 1.442301e-01 2.070946e-01
    outer loop
      vertex   5.075682e+00 1.296269e+01 1.701198e+01
      vertex   5.135185e+00 1.281726e+01 1.683525e+01
      vertex   5.076781e+00 1.298072e+01 1.699429e+01
    endloop
  endfacet
  facet normal 9.834872e-01 9.261815e-02 1.554825e-01
    outer loop
      vertex   5.075682e+00 1.296269e+01 1.701198e+01
      vertex   5.076781e+00 1.298072e+01 1.699429e+01
      vertex   5.033943e+00 1.313835e+01 1.717136e+01
    endloop
  endfacet
  facet normal 9.838711e-01 1.034611e-01 1.459227e-01
    outer loop
      vertex   5.033943e+00 1.313835e+01 1.717136e+01
      vertex   5.076781e+00 1.298072e+01 1.699429e+01
      vertex   5.034446e+00 1.315036e+01 1.715945e+01
    endloop
  endfacet
  facet normal 9.939741e-01 5.331455e-02 9.577591e-02
    outer loop
      vertex   5.033943e+00 1.313835e+01 1.717136e+01
      vertex   5.034446e+00 1.315036e+01 1.715945e+01
      vertex   5.008562e+00 1.331813e+01 1.733469e+01
    endloop
  endfacet
  facet normal 9.942723e-01 6.396937e-02 8.561894e-02
    outer loop
      vertex   5.008562e+00 1.331813e+01 1.733469e+01
      vertex   5.034446e+00 1.315036e+01 1.715945e+01
      vertex   5.008692e+00 1.332414e+01 1.732870e+01
    endloop
  endfacet
  facet normal 9.992495e-01 1.433619e-02 3.598389e-02
    outer loop
      vertex   5.008562e+00 1.331813e+01 1.733469e+01
      vertex   5.008692e+00 1.332414e+01 1.732870e+01
      vertex   5.000000e+00 1.350000e+01 1.750000e+01
    endloop
  endfacet
  facet normal 9.128400e-02 6.062198e-01 7.900410e-01
    outer loop
      vertex   6.500000e+00 1.175000e+01 1.593301e+01
      vertex   6.500000e+00 1.185355e+01 1.585355e+01
      vertex   6.380457e+00 1.183272e+01 1.588335e+01
    endloop
  endfacet
  facet normal 4.626658e-02 7.219780e-01 6.903674e-01
    outer loop
      vertex   6.380457e+00 1.183272e+01 1.588335e+01
      vertex   6.500000e+00 1.185355e+01 1.585355e+01
      vertex   6.380191e+00 1.189785e+01 1.581526e+01
    endloop
  endfacet
  facet normal 1.923696e-01 7.095399e-01 6.778990e-01
    outer loop
      vertex   6.380457e+00 1.183272e+01 1.588335e+01
      vertex   6.380191e+00 1.189785e+01 1.581526e+01
      vertex   6.260039e+00 1.184982e+01 1.589963e+01
    endloop
  endfacet
  facet normal 1.926728e-01 7.092193e-01 6.781483e-01
    outer loop
      vertex   6.260039e+00 1.184982e+01 1.589963e+01
      vertex   6.380191e+00 1.189785e+01 1.581526e+01
      vertex   6.259537e+00 1.191395e+01 1.583270e+01
    endloop
  endfacet
  facet normal 3.151857e-01 6.864044e-01 6.553679e-01
    outer loop
      vertex   6.260039e+00 1.184982e+01 1.589963e+01
      vertex   6.259537e+00 1.191395e+01 1.583270e+01
      vertex   6.139250e+00 1.187884e+01 1.592732e+01
    endloop
  endfacet
  facet normal 3.155877e-01 6.859075e-01 6.556945e-01
    outer loop
      vertex   6.139250e+00 1.187884e+01 1.592732e+01
      vertex   6.259537e+00 1.191395e+01 1.583270e+01
      vertex   6.138553e+00 1.194136e+01 1.586226e+01
    endloop
  endfacet
  facet normal 4.287840e-01 6.537102e-01 6.235441e-01
    outer loop
      vertex   6.139250e+00 1.187884e+01 1.592732e+01
      vertex   6.138553e+00 1.194136e+01 1.586226e+01
      vertex   6.018596e+00 1.192022e+01 1.596691e+01
    endloop
  endfacet
  facet normal 4.292251e-01 6.530628e-01 6.239189e-01
    outer loop
      vertex   6.018596e+00 1.192022e+01 1.596691e+01
      vertex   6.138553e+00 1.194136e+01 1.586226e+01
      vertex   6.017753e+00 1.198054e+01 1.590435e+01
    endloop
  endfacet
  facet normal 5.354819e-01 6.115535e-01 5.824616e-01
    outer loop
      vertex   6.018596e+00 1.192022e+01 1.596691e+01
      vertex   6.017753e+00 1.198054e+01 1.590435e+01
      vertex   5.885461e+00 1.198113e+01 1.602536e+01
    endloop
  endfacet
  facet normal 5.359357e-01 6.106785e-01 5.829620e-01
    outer loop
      vertex   5.885461e+00 1.198113e+01 1.602536e+01
      vertex   6.017753e+00 1.198054e+01 1.590435e+01
      vertex   5.884523e+00 1.203840e+01 1.596623e+01
    endloop
  endfacet
  facet normal 6.315391e-01 5.619260e-01 5.342262e-01
    outer loop
      vertex   5.885461e+00 1.198113e+01 1.602536e+01
      vertex   5.884523e+00 1.203840e+01 1.596623e+01
      vertex   5.753854e+00 1.205838e+01 1.609967e+01
    endloop
  endfacet
  facet normal 6.320046e-01 5.608088e-01 5.348493e-01
    outer loop
      vertex   5.753854e+00 1.205838e+01 1.609967e+01
      vertex   5.884523e+00 1.203840e+01 1.596623e+01
      vertex   5.752904e+00 1.211199e+01 1.604459e+01
    endloop
  endfacet
  facet normal 7.136915e-01 5.081077e-01 4.821525e-01
    outer loop
      vertex   5.753854e+00 1.205838e+01 1.609967e+01
      vertex   5.752904e+00 1.211199e+01 1.604459e+01
      vertex   5.626058e+00 1.215211e+01 1.619007e+01
    endloop
  endfacet
  facet normal 7.141215e-01 5.068044e-01 4.828868e-01
    outer loop
      vertex   5.626058e+00 1.215211e+01 1.619007e+01
      vertex   5.752904e+00 1.211199e+01 1.604459e+01
      vertex   5.625163e+00 1.220152e+01 1.613954e+01
    endloop
  endfacet
  facet normal 7.819588e-01 4.525552e-01 4.286423e-01
    outer loop
      vertex   5.626058e+00 1.215211e+01 1.619007e+01
      vertex   5.625163e+00 1.220152e+01 1.613954e+01
      vertex   5.504753e+00 1.226152e+01 1.629584e+01
    endloop
  endfacet
  facet normal 7.823286e-01 4.511221e-01 4.294774e-01
    outer loop
      vertex   5.504753e+00 1.226152e+01 1.629584e+01
      vertex   5.625163e+00 1.220152e+01 1.613954e+01
      vertex   5.503960e+00 1.230629e+01 1.625027e+01
    endloop
  endfacet
  facet normal 8.375818e-01 3.969708e-01 3.753278e-01
    outer loop
      vertex   5.504753e+00 1.226152e+01 1.629584e+01
      vertex   5.503960e+00 1.230629e+01 1.625027e+01
      vertex   5.395002e+00 1.238241e+01 1.641291e+01
    endloop
  endfacet
  facet normal 8.378842e-01 3.954754e-01 3.762302e-01
    outer loop
      vertex   5.395002e+00 1.238241e+01 1.641291e+01
      vertex   5.503960e+00 1.230629e+01 1.625027e+01
      vertex   5.394336e+00 1.242228e+01 1.637248e+01
    endloop
  endfacet
  facet normal 8.828962e-01 3.415176e-01 3.222732e-01
    outer loop
      vertex   5.395002e+00 1.238241e+01 1.641291e+01
      vertex   5.394336e+00 1.242228e+01 1.637248e+01
      vertex   5.295732e+00 1.251640e+01 1.654288e+01
    endloop
  endfacet
  facet normal 8.831280e-01 3.399917e-01 3.232500e-01
    outer loop
      vertex   5.295732e+00 1.251640e+01 1.654288e+01
      vertex   5.394336e+00 1.242228e+01 1.637248e+01
      vertex   5.295205e+00 1.255109e+01 1.650783e+01
    endloop
  endfacet
  facet normal 9.188849e-01 2.872164e-01 2.704761e-01
    outer loop
      vertex   5.295732e+00 1.251640e+01 1.654288e+01
      vertex   5.295205e+00 1.255109e+01 1.650783e+01
      vertex   5.208645e+00 1.266191e+01 1.668422e+01
    endloop
  endfacet
  facet normal 9.190564e-01 2.856629e-01 2.715364e-01
    outer loop
      vertex   5.208645e+00 1.266191e+01 1.668422e+01
      vertex   5.295205e+00 1.255109e+01 1.650783e+01
      vertex   5.208257e+00 1.269117e+01 1.665475e+01
    endloop
  endfacet
  facet normal 9.470319e-01 2.340329e-01 2.199074e-01
    outer loop
      vertex   5.208645e+00 1.266191e+01 1.668422e+01
      vertex   5.208257e+00 1.269117e+01 1.665475e+01
      vertex   5.135185e+00 1.281726e+01 1.683525e+01
    endloop
  endfacet
  facet normal 9.471529e-01 2.324499e-01 2.210622e-01
    outer loop
      vertex   5.135185e+00 1.281726e+01 1.683525e+01
      vertex   5.208257e+00 1.269117e+01 1.665475e+01
      vertex   5.134926e+00 1.284089e+01 1.681151e+01
    endloop
  endfacet
  facet normal 9.687299e-01 1.810469e-01 1.696596e-01
    outer loop
      vertex   5.135185e+00 1.281726e+01 1.683525e+01
      vertex   5.134926e+00 1.284089e+01 1.681151e+01
      vertex   5.076781e+00 1.298072e+01 1.699429e+01
    endloop
  endfacet
  facet normal 9.688065e-01 1.794798e-01 1.708828e-01
    outer loop
      vertex   5.076781e+00 1.298072e+01 1.699429e+01
      vertex   5.134926e+00 1.284089e+01 1.681151e+01
      vertex   5.076631e+00 1.299857e+01 1.697640e+01
    endloop
  endfacet
  facet normal 9.843806e-01 1.287127e-01 1.201159e-01
    outer loop
      vertex   5.076781e+00 1.298072e+01 1.699429e+01
      vertex   5.076631e+00 1.299857e+01 1.697640e+01
      vertex   5.034446e+00 1.315036e+01 1.715945e+01
    endloop
  endfacet
  facet normal 9.844224e-01 1.271927e-01 1.213860e-01
    outer loop
      vertex   5.034446e+00 1.315036e+01 1.715945e+01
      vertex   5.076631e+00 1.299857e+01 1.697640e+01
      vertex   5.034377e+00 1.316232e+01 1.714748e+01
    endloop
  endfacet
  facet normal 9.944074e-01 7.752620e-02 7.171961e-02
    outer loop
      vertex   5.034446e+00 1.315036e+01 1.715945e+01
      vertex   5.034377e+00 1.316232e+01 1.714748e+01
      vertex   5.008692e+00 1.332414e+01 1.732870e+01
    endloop
  endfacet
  facet normal 9.944255e-01 7.602408e-02 7.306348e-02
    outer loop
      vertex   5.008692e+00 1.332414e+01 1.732870e+01
      vertex   5.034377e+00 1.316232e+01 1.714748e+01
      vertex   5.008674e+00 1.333014e+01 1.732270e+01
    endloop
  endfacet
  facet normal 9.993725e-01 2.648180e-02 2.352152e-02
    outer loop
      vertex   5.008692e+00 1.332414e+01 1.732870e+01
      vertex   5.008674e+00 1.333014e+01 1.732270e+01
      vertex   5.000000e+00 1.350000e+01 1.750000e+01
    endloop
  endfacet
  facet normal 9.826189e-02 7.895140e-01 6.058154e-01
    outer loop
      vertex   6.500000e+00 1.185355e+01 1.585355e+01
      vertex   6.500000e+00 1.193301e+01 1.575000e+01
      vertex   6.380191e+00 1.189785e+01 1.581526e+01
    endloop
  endfacet
  facet normal 5.001348e-02 8.380060e-01 5.433641e-01
    outer loop
      vertex   6.380191e+00 1.189785e+01 1.581526e+01
      vertex   6.500000e+00 1.193301e+01 1.575000e+01
      vertex   6.377710e+00 1.194917e+01 1.573634e+01
    endloop
  endfacet
  facet normal 1.870727e-01 8.262151e-01 5.313872e-01
    outer loop
      vertex   6.380191e+00 1.189785e+01 1.581526e+01
      vertex   6.377710e+00 1.194917e+01 1.573634e+01
      vertex   6.259537e+00 1.191395e+01 1.583270e+01
    endloop
  endfacet
  facet normal 1.901006e-01 8.237149e-01 5.341868e-01
    outer loop
      vertex   6.259537e+00 1.191395e+01 1.583270e+01
      vertex   6.377710e+00 1.194917e+01 1.573634e+01
      vertex   6.254865e+00 1.196505e+01 1.575557e+01
    endloop
  endfacet
  facet normal 3.069065e-01 8.018762e-01 5.126432e-01
    outer loop
      vertex   6.259537e+00 1.191395e+01 1.583270e+01
      vertex   6.254865e+00 1.196505e+01 1.575557e+01
      vertex   6.138553e+00 1.194136e+01 1.586226e+01
    endloop
  endfacet
  facet normal 3.111113e-01 7.978746e-01 5.163388e-01
    outer loop
      vertex   6.138553e+00 1.194136e+01 1.586226e+01
      vertex   6.254865e+00 1.196505e+01 1.575557e+01
      vertex   6.132062e+00 1.199199e+01 1.578793e+01
    endloop
  endfacet
  facet normal 4.182700e-01 7.672789e-01 4.861412e-01
    outer loop
      vertex   6.138553e+00 1.194136e+01 1.586226e+01
      vertex   6.132062e+00 1.199199e+01 1.578793e+01
      vertex   6.017753e+00 1.198054e+01 1.590435e+01
    endloop
  endfacet
  facet normal 4.231101e-01 7.619178e-01 4.903662e-01
    outer loop
      vertex   6.017753e+00 1.198054e+01 1.590435e+01
      vertex   6.132062e+00 1.199199e+01 1.578793e+01
      vertex   6.009899e+00 1.203041e+01 1.583365e+01
    endloop
  endfacet
  facet normal 5.234697e-01 7.225944e-01 4.514829e-01
    outer loop
      vertex   6.017753e+00 1.198054e+01 1.590435e+01
      vertex   6.009899e+00 1.203041e+01 1.583365e+01
      vertex   5.884523e+00 1.203840e+01 1.596623e+01
    endloop
  endfacet
  facet normal 5.288191e-01 7.152012e-01 4.569875e-01
    outer loop
      vertex   5.884523e+00 1.203840e+01 1.596623e+01
      vertex   6.009899e+00 1.203041e+01 1.583365e+01
      vertex   5.875787e+00 1.208694e+01 1.590036e+01
    endloop
  endfacet
  facet normal 6.189588e-01 6.692182e-01 4.111412e-01
    outer loop
      vertex   5.884523e+00 1.203840e+01 1.596623e+01
      vertex   5.875787e+00 1.208694e+01 1.590036e+01
      vertex   5.752904e+00 1.211199e+01 1.604459e+01
    endloop
  endfacet
  facet normal 6.247996e-01 6.596061e-01 4.177861e-01
    outer loop
      vertex   5.752904e+00 1.211199e+01 1.604459e+01
      vertex   5.875787e+00 1.208694e+01 1.590036e+01
      vertex   5.744051e+00 1.215864e+01 1.598418e+01
    endloop
  endfacet
  facet normal 7.014384e-01 6.101538e-01 3.683700e-01
    outer loop
      vertex   5.752904e+00 1.211199e+01 1.604459e+01
      vertex   5.744051e+00 1.215864e+01 1.598418e+01
      vertex   5.625163e+00 1.220152e+01 1.613954e+01
    endloop
  endfacet
  facet normal 7.072300e-01 5.987365e-01 3.759527e-01
    outer loop
      vertex   5.625163e+00 1.220152e+01 1.613954e+01
      vertex   5.744051e+00 1.215864e+01 1.598418e+01
      vertex   5.616828e+00 1.224563e+01 1.608496e+01
    endloop
  endfacet
  facet normal 7.707353e-01 5.479253e-01 3.251846e-01
    outer loop
      vertex   5.625163e+00 1.220152e+01 1.613954e+01
      vertex   5.616828e+00 1.224563e+01 1.608496e+01
      vertex   5.503960e+00 1.230629e+01 1.625027e+01
    endloop
  endfacet
  facet normal 7.761182e-01 5.351505e-01 3.335483e-01
    outer loop
      vertex   5.503960e+00 1.230629e+01 1.625027e+01
      vertex   5.616828e+00 1.224563e+01 1.608496e+01
      vertex   5.496572e+00 1.234723e+01 1.620178e+01
    endloop
  endfacet
  facet normal 8.278604e-01 4.844124e-01 2.828281e-01
    outer loop
      vertex   5.503960e+00 1.230629e+01 1.625027e+01
      vertex   5.496572e+00 1.234723e+01 1.620178e+01
      vertex   5.394336e+00 1.242228e+01 1.637248e+01
    endloop
  endfacet
  facet normal 8.326075e-01 4.708708e-01 2.916256e-01
    outer loop
      vertex   5.394336e+00 1.242228e+01 1.637248e+01
      vertex   5.496572e+00 1.234723e+01 1.620178e+01
      vertex   5.388133e+00 1.245953e+01 1.633005e+01
    endloop
  endfacet
  facet normal 8.748832e-01 4.201597e-01 2.409256e-01
    outer loop
      vertex   5.394336e+00 1.242228e+01 1.637248e+01
      vertex   5.388133e+00 1.245953e+01 1.633005e+01
      vertex   5.295205e+00 1.255109e+01 1.650783e+01
    endloop
  endfacet
  facet normal 8.788782e-01 4.061509e-01 2.502288e-01
    outer loop
      vertex   5.295205e+00 1.255109e+01 1.650783e+01
      vertex   5.388133e+00 1.245953e+01 1.633005e+01
      vertex   5.290300e+00 1.258408e+01 1.647151e+01
    endloop
  endfacet
  facet normal 9.126335e-01 3.562941e-01 2.003863e-01
    outer loop
      vertex   5.295205e+00 1.255109e+01 1.650783e+01
      vertex   5.290300e+00 1.258408e+01 1.647151e+01
      vertex   5.208257e+00 1.269117e+01 1.665475e+01
    endloop
  endfacet
  facet normal 9.159197e-01 3.418585e-01 2.102947e-01
    outer loop
      vertex   5.208257e+00 1.269117e+01 1.665475e+01
      vertex   5.290300e+00 1.258408e+01 1.647151e+01
      vertex   5.204648e+00 1.271943e+01 1.662453e+01
    endloop
  endfacet
  facet normal 9.424815e-01 2.927957e-01 1.612433e-01
    outer loop
      vertex   5.208257e+00 1.269117e+01 1.665475e+01
      vertex   5.204648e+00 1.271943e+01 1.662453e+01
      vertex   5.134926e+00 1.284089e+01 1.681151e+01
    endloop
  endfacet
  facet normal 9.450997e-01 2.779305e-01 1.718757e-01
    outer loop
      vertex   5.134926e+00 1.284089e+01 1.681151e+01
      vertex   5.204648e+00 1.271943e+01 1.662453e+01
      vertex   5.132517e+00 1.286400e+01 1.678739e+01
    endloop
  endfacet
  facet normal 9.657258e-01 2.287380e-01 1.226888e-01
    outer loop
      vertex   5.134926e+00 1.284089e+01 1.681151e+01
      vertex   5.132517e+00 1.286400e+01 1.678739e+01
      vertex   5.076631e+00 1.299857e+01 1.697640e+01
    endloop
  endfacet
  facet normal 9.676471e-01 2.138913e-01 1.338271e-01
    outer loop
      vertex   5.076631e+00 1.299857e+01 1.697640e+01
      vertex   5.132517e+00 1.286400e+01 1.678739e+01
      vertex   5.075232e+00 1.301620e+01 1.695834e+01
    endloop
  endfacet
  facet normal 9.826525e-01 1.649086e-01 8.484803e-02
    outer loop
      vertex   5.076631e+00 1.299857e+01 1.697640e+01
      vertex   5.075232e+00 1.301620e+01 1.695834e+01
      vertex   5.034377e+00 1.316232e+01 1.714748e+01
    endloop
  endfacet
  facet normal 9.839204e-01 1.504052e-01 9.632695e-02
    outer loop
      vertex   5.034377e+00 1.316232e+01 1.714748e+01
      vertex   5.075232e+00 1.301620e+01 1.695834e+01
      vertex   5.033736e+00 1.317422e+01 1.713545e+01
    endloop
  endfacet
  facet normal 9.936183e-01 1.020728e-01 4.799702e-02
    outer loop
      vertex   5.034377e+00 1.316232e+01 1.714748e+01
      vertex   5.033736e+00 1.317422e+01 1.713545e+01
      vertex   5.008674e+00 1.333014e+01 1.732270e+01
    endloop
  endfacet
  facet normal 9.943360e-01 8.766395e-02 6.009174e-02
    outer loop
      vertex   5.008674e+00 1.333014e+01 1.732270e+01
      vertex   5.033736e+00 1.317422e+01 1.713545e+01
      vertex   5.008509e+00 1.333613e+01 1.731669e+01
    endloop
  endfacet
  facet normal 9.991716e-01 3.904479e-02 1.147601e-02
    outer loop
      vertex   5.008674e+00 1.333014e+01 1.732270e+01
      vertex   5.008509e+00 1.333613e+01 1.731669e+01
      vertex   5.000000e+00 1.350000e+01 1.750000e+01
    endloop
  endfacet
  facet normal 7.905745e-02 9.209878e-01 3.814857e-01
    outer loop
      vertex   6.500000e+00 1.193301e+01 1.575000e+01
      vertex   6.500000e+00 1.198296e+01 1.562941e+01
      vertex   6.377710e+00 1.194917e+01 1.573634e+01
    endloop
  endfacet
  facet normal 7.144693e-02 9.246917e-01 3.739526e-01
    outer loop
      vertex   6.377710e+00 1.194917e+01 1.573634e+01
      vertex   6.500000e+00 1.198296e+01 1.562941e+01
      vertex   6.373077e+00 1.198474e+01 1.564926e+01
    endloop
  endfacet
  facet normal 1.752609e-01 9.146333e-01 3.643207e-01
    outer loop
      vertex   6.377710e+00 1.194917e+01 1.573634e+01
      vertex   6.373077e+00 1.198474e+01 1.564926e+01
      vertex   6.254865e+00 1.196505e+01 1.575557e+01
    endloop
  endfacet
  facet normal 1.812265e-01 9.110652e-01 3.702934e-01
    outer loop
      vertex   6.254865e+00 1.196505e+01 1.575557e+01
      vertex   6.373077e+00 1.198474e+01 1.564926e+01
      vertex   6.246137e+00 1.200125e+01 1.567077e+01
    endloop
  endfacet
  facet normal 2.879469e-01 8.910886e-01 3.507815e-01
    outer loop
      vertex   6.254865e+00 1.196505e+01 1.575557e+01
      vertex   6.246137e+00 1.200125e+01 1.567077e+01
      vertex   6.132062e+00 1.199199e+01 1.578793e+01
    endloop
  endfacet
  facet normal 2.966262e-01 8.850466e-01 3.587553e-01
    outer loop
      vertex   6.132062e+00 1.199199e+01 1.578793e+01
      vertex   6.246137e+00 1.200125e+01 1.567077e+01
      vertex   6.119931e+00 1.202901e+01 1.570663e+01
    endloop
  endfacet
  facet normal 3.937012e-01 8.573277e-01 3.316453e-01
    outer loop
      vertex   6.132062e+00 1.199199e+01 1.578793e+01
      vertex   6.119931e+00 1.202901e+01 1.570663e+01
      vertex   6.009899e+00 1.203041e+01 1.583365e+01
    endloop
  endfacet
  facet normal 4.041434e-01 8.488428e-01 3.407844e-01
    outer loop
      vertex   6.009899e+00 1.203041e+01 1.583365e+01
      vertex   6.119931e+00 1.202901e+01 1.570663e+01
      vertex   5.995207e+00 1.206822e+01 1.575687e+01
    endloop
  endfacet
  facet normal 4.950029e-01 8.132720e-01 3.058771e-01
    outer loop
      vertex   6.009899e+00 1.203041e+01 1.583365e+01
      vertex   5.995207e+00 1.206822e+01 1.575687e+01
      vertex   5.875787e+00 1.208694e+01 1.590036e+01
    endloop
  endfacet
  facet normal 5.071942e-01 8.011760e-01 3.176019e-01
    outer loop
      vertex   5.875787e+00 1.208694e+01 1.590036e+01
      vertex   5.995207e+00 1.206822e+01 1.575687e+01
      vertex   5.859428e+00 1.212540e+01 1.582947e+01
    endloop
  endfacet
  facet normal 5.890150e-01 7.594913e-01 2.761056e-01
    outer loop
      vertex   5.875787e+00 1.208694e+01 1.590036e+01
      vertex   5.859428e+00 1.212540e+01 1.582947e+01
      vertex   5.744051e+00 1.215864e+01 1.598418e+01
    endloop
  endfacet
  facet normal 6.028463e-01 7.433290e-01 2.898936e-01
    outer loop
      vertex   5.744051e+00 1.215864e+01 1.598418e+01
      vertex   5.859428e+00 1.212540e+01 1.582947e+01
      vertex   5.727453e+00 1.219720e+01 1.591980e+01
    endloop
  endfacet
  facet normal 6.720629e-01 6.986844e-01 2.452990e-01
    outer loop
      vertex   5.744051e+00 1.215864e+01 1.598418e+01
      vertex   5.727453e+00 1.219720e+01 1.591980e+01
      vertex   5.616828e+00 1.224563e+01 1.608496e+01
    endloop
  endfacet
  facet normal 6.863418e-01 6.789698e-01 2.606433e-01
    outer loop
      vertex   5.616828e+00 1.224563e+01 1.608496e+01
      vertex   5.727453e+00 1.219720e+01 1.591980e+01
      vertex   5.601181e+00 1.228354e+01 1.602741e+01
    endloop
  endfacet
  facet normal 7.436209e-01 6.331316e-01 2.148774e-01
    outer loop
      vertex   5.616828e+00 1.224563e+01 1.608496e+01
      vertex   5.601181e+00 1.228354e+01 1.602741e+01
      vertex   5.496572e+00 1.234723e+01 1.620178e+01
    endloop
  endfacet
  facet normal 7.574333e-01 6.105236e-01 2.314211e-01
    outer loop
      vertex   5.496572e+00 1.234723e+01 1.620178e+01
      vertex   5.601181e+00 1.228354e+01 1.602741e+01
      vertex   5.482681e+00 1.238365e+01 1.615116e+01
    endloop
  endfacet
  facet normal 8.042213e-01 5.646217e-01 1.855544e-01
    outer loop
      vertex   5.496572e+00 1.234723e+01 1.620178e+01
      vertex   5.482681e+00 1.238365e+01 1.615116e+01
      vertex   5.388133e+00 1.245953e+01 1.633005e+01
    endloop
  endfacet
  facet normal 8.168272e-01 5.401343e-01 2.026036e-01
    outer loop
      vertex   5.388133e+00 1.245953e+01 1.633005e+01
      vertex   5.482681e+00 1.238365e+01 1.615116e+01
      vertex   5.376454e+00 1.249364e+01 1.628618e+01
    endloop
  endfacet
  facet normal 8.552466e-01 4.940206e-01 1.565146e-01
    outer loop
      vertex   5.388133e+00 1.245953e+01 1.633005e+01
      vertex   5.376454e+00 1.249364e+01 1.628618e+01
      vertex   5.290300e+00 1.258408e+01 1.647151e+01
    endloop
  endfacet
  facet normal 8.662693e-01 4.682094e-01 1.742339e-01
    outer loop
      vertex   5.290300e+00 1.258408e+01 1.647151e+01
      vertex   5.376454e+00 1.249364e+01 1.628618e+01
      vertex   5.281054e+00 1.261505e+01 1.643426e+01
    endloop
  endfacet
  facet normal 8.972186e-01 4.224695e-01 1.285233e-01
    outer loop
      vertex   5.290300e+00 1.258408e+01 1.647151e+01
      vertex   5.281054e+00 1.261505e+01 1.643426e+01
      vertex   5.204648e+00 1.271943e+01 1.662453e+01
    endloop
  endfacet
  facet normal 9.066273e-01 3.954510e-01 1.471242e-01
    outer loop
      vertex   5.204648e+00 1.271943e+01 1.662453e+01
      vertex   5.281054e+00 1.261505e+01 1.643426e+01
      vertex   5.197838e+00 1.274649e+01 1.659377e+01
    endloop
  endfacet
  facet normal 9.312015e-01 3.500235e-01 1.017214e-01
    outer loop
      vertex   5.204648e+00 1.271943e+01 1.662453e+01
      vertex   5.197838e+00 1.274649e+01 1.659377e+01
      vertex   5.132517e+00 1.286400e+01 1.678739e+01
    endloop
  endfacet
  facet normal 9.389750e-01 3.218299e-01 1.214560e-01
    outer loop
      vertex   5.132517e+00 1.286400e+01 1.678739e+01
      vertex   5.197838e+00 1.274649e+01 1.659377e+01
      vertex   5.127965e+00 1.288649e+01 1.676298e+01
    endloop
  endfacet
  facet normal 9.582279e-01 2.758603e-01 7.550037e-02
    outer loop
      vertex   5.132517e+00 1.286400e+01 1.678739e+01
      vertex   5.127965e+00 1.288649e+01 1.676298e+01
      vertex   5.075232e+00 1.301620e+01 1.695834e+01
    endloop
  endfacet
  facet normal 9.641482e-01 2.473901e-01 9.600183e-02
    outer loop
      vertex   5.075232e+00 1.301620e+01 1.695834e+01
      vertex   5.127965e+00 1.288649e+01 1.676298e+01
      vertex   5.072586e+00 1.303356e+01 1.694016e+01
    endloop
  endfacet
  facet normal 9.782998e-01 2.011320e-01 4.975302e-02
    outer loop
      vertex   5.075232e+00 1.301620e+01 1.695834e+01
      vertex   5.072586e+00 1.303356e+01 1.694016e+01
      vertex   5.033736e+00 1.317422e+01 1.713545e+01
    endloop
  endfacet
  facet normal 9.823613e-01 1.730876e-01 7.075925e-02
    outer loop
      vertex   5.033736e+00 1.317422e+01 1.713545e+01
      vertex   5.072586e+00 1.303356e+01 1.694016e+01
      vertex   5.032524e+00 1.318603e+01 1.712340e+01
    endloop
  endfacet
  facet normal 9.916044e-01 1.269427e-01 2.462106e-02
    outer loop
      vertex   5.033736e+00 1.317422e+01 1.713545e+01
      vertex   5.032524e+00 1.318603e+01 1.712340e+01
      vertex   5.008509e+00 1.333613e+01 1.731669e+01
    endloop
  endfacet
  facet normal 9.940010e-01 9.890250e-02 4.669275e-02
    outer loop
      vertex   5.008509e+00 1.333613e+01 1.731669e+01
      vertex   5.032524e+00 1.318603e+01 1.712340e+01
      vertex   5.008197e+00 1.334210e+01 1.731068e+01
    endloop
  endfacet
  facet normal 9.986451e-01 5.203779e-02 -1.637338e-04
    outer loop
      vertex   5.008509e+00 1.333613e+01 1.731669e+01
      vertex   5.008197e+00 1.334210e+01 1.731068e+01
      vertex   5.000000e+00 1.350000e+01 1.750000e+01
    endloop
  endfacet
  facet normal 4.787767e-02 9.745904e-01 2.188177e-01
    outer loop
      vertex   6.373077e+00 1.198474e+01 1.564926e+01
      vertex   6.500000e+00 1.198296e+01 1.562941e+01
      vertex   6.368238e+00 1.200061e+01 1.557964e+01
    endloop
  endfacet
  facet normal 8.319497e-02 9.880078e-01 1.300737e-01
    outer loop
      vertex   6.368238e+00 1.200061e+01 1.557964e+01
      vertex   6.500000e+00 1.198296e+01 1.562941e+01
      vertex   6.500000e+00 1.200000e+01 1.550000e+01
    endloop
  endfacet
  facet normal 5.427005e-02 9.951401e-01 8.216418e-02
    outer loop
      vertex   6.368238e+00 1.200061e+01 1.557964e+01
      vertex   6.500000e+00 1.200000e+01 1.550000e+01
      vertex   6.352974e+00 1.200722e+01 1.550963e+01
    endloop
  endfacet
  facet normal 1.432554e-01 9.877378e-01 6.206388e-02
    outer loop
      vertex   6.368238e+00 1.200061e+01 1.557964e+01
      vertex   6.352974e+00 1.200722e+01 1.550963e+01
      vertex   6.237009e+00 1.201817e+01 1.560308e+01
    endloop
  endfacet
  facet normal 1.630205e-01 9.827640e-01 8.717308e-02
    outer loop
      vertex   6.237009e+00 1.201817e+01 1.560308e+01
      vertex   6.352974e+00 1.200722e+01 1.550963e+01
      vertex   6.207365e+00 1.202882e+01 1.553843e+01
    endloop
  endfacet
  facet normal 2.343919e-01 9.707254e-01 5.246509e-02
    outer loop
      vertex   6.237009e+00 1.201817e+01 1.560308e+01
      vertex   6.207365e+00 1.202882e+01 1.553843e+01
      vertex   6.107224e+00 1.204741e+01 1.564192e+01
    endloop
  endfacet
  facet normal 2.698649e-01 9.587824e-01 8.893388e-02
    outer loop
      vertex   6.107224e+00 1.204741e+01 1.564192e+01
      vertex   6.207365e+00 1.202882e+01 1.553843e+01
      vertex   6.064573e+00 1.206459e+01 1.558612e+01
    endloop
  endfacet
  facet normal 3.223923e-01 9.455496e-01 4.471255e-02
    outer loop
      vertex   6.107224e+00 1.204741e+01 1.564192e+01
      vertex   6.064573e+00 1.206459e+01 1.558612e+01
      vertex   5.979796e+00 1.208830e+01 1.569596e+01
    endloop
  endfacet
  facet normal 3.725970e-01 9.237965e-01 8.815670e-02
    outer loop
      vertex   5.979796e+00 1.208830e+01 1.569596e+01
      vertex   6.064573e+00 1.206459e+01 1.558612e+01
      vertex   5.925975e+00 1.211418e+01 1.565224e+01
    endloop
  endfacet
  facet normal 4.102526e-01 9.113223e-01 3.441800e-02
    outer loop
      vertex   5.979796e+00 1.208830e+01 1.569596e+01
      vertex   5.925975e+00 1.211418e+01 1.565224e+01
      vertex   5.842234e+00 1.214730e+01 1.577350e+01
    endloop
  endfacet
  facet normal 4.685447e-01 8.794974e-01 8.336787e-02
    outer loop
      vertex   5.842234e+00 1.214730e+01 1.577350e+01
      vertex   5.925975e+00 1.211418e+01 1.565224e+01
      vertex   5.792905e+00 1.217712e+01 1.573616e+01
    endloop
  endfacet
  facet normal 5.006497e-01 8.651474e-01 2.949269e-02
    outer loop
      vertex   5.842234e+00 1.214730e+01 1.577350e+01
      vertex   5.792905e+00 1.217712e+01 1.573616e+01
      vertex   5.709961e+00 1.222058e+01 1.586923e+01
    endloop
  endfacet
  facet normal 5.573364e-01 8.266721e-01 7.739068e-02
    outer loop
      vertex   5.709961e+00 1.222058e+01 1.586923e+01
      vertex   5.792905e+00 1.217712e+01 1.573616e+01
      vertex   5.666645e+00 1.225280e+01 1.583706e+01
    endloop
  endfacet
  facet normal 5.852217e-01 8.105275e-01 2.368078e-02
    outer loop
      vertex   5.709961e+00 1.222058e+01 1.586923e+01
      vertex   5.666645e+00 1.225280e+01 1.583706e+01
      vertex   5.584643e+00 1.230776e+01 1.598243e+01
    endloop
  endfacet
  facet normal 6.378999e-01 7.669428e-01 6.987420e-02
    outer loop
      vertex   5.584643e+00 1.230776e+01 1.598243e+01
      vertex   5.666645e+00 1.225280e+01 1.583706e+01
      vertex   5.548410e+00 1.234048e+01 1.595398e+01
    endloop
  endfacet
  facet normal 6.625278e-01 7.488288e-01 1.767435e-02
    outer loop
      vertex   5.584643e+00 1.230776e+01 1.598243e+01
      vertex   5.548410e+00 1.234048e+01 1.595398e+01
      vertex   5.467956e+00 1.240794e+01 1.611182e+01
    endloop
  endfacet
  facet normal 7.110215e-01 7.003315e-01 6.311989e-02
    outer loop
      vertex   5.467956e+00 1.240794e+01 1.611182e+01
      vertex   5.548410e+00 1.234048e+01 1.595398e+01
      vertex   5.439340e+00 1.243934e+01 1.608579e+01
    endloop
  endfacet
  facet normal 7.333224e-01 6.797417e-01 1.376609e-02
    outer loop
      vertex   5.467956e+00 1.240794e+01 1.611182e+01
      vertex   5.439340e+00 1.243934e+01 1.608579e+01
      vertex   5.364037e+00 1.251721e+01 1.625225e+01
    endloop
  endfacet
  facet normal 7.773538e-01 6.263214e-01 5.867325e-02
    outer loop
      vertex   5.364037e+00 1.251721e+01 1.625225e+01
      vertex   5.439340e+00 1.243934e+01 1.608579e+01
      vertex   5.340484e+00 1.254841e+01 1.623121e+01
    endloop
  endfacet
  facet normal 7.954782e-01 6.059277e-01 8.127967e-03
    outer loop
      vertex   5.364037e+00 1.251721e+01 1.625225e+01
      vertex   5.340484e+00 1.254841e+01 1.623121e+01
      vertex   5.271198e+00 1.263703e+01 1.640558e+01
    endloop
  endfacet
  facet normal 8.345138e-01 5.484462e-01 5.285353e-02
    outer loop
      vertex   5.271198e+00 1.263703e+01 1.640558e+01
      vertex   5.340484e+00 1.254841e+01 1.623121e+01
      vertex   5.252796e+00 1.266664e+01 1.638886e+01
    endloop
  endfacet
  facet normal 8.489767e-01 5.284282e-01 1.485255e-03
    outer loop
      vertex   5.271198e+00 1.263703e+01 1.640558e+01
      vertex   5.252796e+00 1.266664e+01 1.638886e+01
      vertex   5.190562e+00 1.276612e+01 1.657018e+01
    endloop
  endfacet
  facet normal 8.833506e-01 4.663141e-01 4.735944e-02
    outer loop
      vertex   5.190562e+00 1.276612e+01 1.657018e+01
      vertex   5.252796e+00 1.266664e+01 1.638886e+01
      vertex   5.177118e+00 1.279291e+01 1.655721e+01
    endloop
  endfacet
  facet normal 8.946516e-01 4.467391e-01 -4.754495e-03
    outer loop
      vertex   5.190562e+00 1.276612e+01 1.657018e+01
      vertex   5.177118e+00 1.279291e+01 1.655721e+01
      vertex   5.123093e+00 1.290309e+01 1.674433e+01
    endloop
  endfacet
  facet normal 9.244968e-01 3.786470e-01 4.395561e-02
    outer loop
      vertex   5.123093e+00 1.290309e+01 1.674433e+01
      vertex   5.177118e+00 1.279291e+01 1.655721e+01
      vertex   5.114181e+00 1.292598e+01 1.673463e+01
    endloop
  endfacet
  facet normal 9.331759e-01 3.592893e-01 -9.685993e-03
    outer loop
      vertex   5.123093e+00 1.290309e+01 1.674433e+01
      vertex   5.114181e+00 1.292598e+01 1.673463e+01
      vertex   5.069750e+00 1.304654e+01 1.692631e+01
    endloop
  endfacet
  facet normal 9.565030e-01 2.889740e-01 3.995118e-02
    outer loop
      vertex   5.069750e+00 1.304654e+01 1.692631e+01
      vertex   5.114181e+00 1.292598e+01 1.673463e+01
      vertex   5.064589e+00 1.306457e+01 1.691943e+01
    endloop
  endfacet
  facet normal 9.628383e-01 2.696324e-01 -1.551491e-02
    outer loop
      vertex   5.069750e+00 1.304654e+01 1.692631e+01
      vertex   5.064589e+00 1.306457e+01 1.691943e+01
      vertex   5.031221e+00 1.319494e+01 1.711422e+01
    endloop
  endfacet
  facet normal 9.790611e-01 2.008218e-01 3.331517e-02
    outer loop
      vertex   5.031221e+00 1.319494e+01 1.711422e+01
      vertex   5.064589e+00 1.306457e+01 1.691943e+01
      vertex   5.028822e+00 1.320736e+01 1.710982e+01
    endloop
  endfacet
  facet normal 9.831254e-01 1.813893e-01 -2.371257e-02
    outer loop
      vertex   5.031221e+00 1.319494e+01 1.711422e+01
      vertex   5.028822e+00 1.320736e+01 1.710982e+01
      vertex   5.007861e+00 1.334664e+01 1.730611e+01
    endloop
  endfacet
  facet normal 9.935744e-01 1.095698e-01 2.835977e-02
    outer loop
      vertex   5.007861e+00 1.334664e+01 1.730611e+01
      vertex   5.028822e+00 1.320736e+01 1.710982e+01
      vertex   5.007223e+00 1.335297e+01 1.730397e+01
    endloop
  endfacet
  facet normal 9.954904e-01 8.977348e-02 -3.065113e-02
    outer loop
      vertex   5.007861e+00 1.334664e+01 1.730611e+01
      vertex   5.007223e+00 1.335297e+01 1.730397e+01
      vertex   5.000000e+00 1.350000e+01 1.750000e+01
    endloop
  endfacet
  facet normal 9.961678e-01 -2.594105e-02 8.352666e-02
    outer loop
      vertex   5.000000e+00 1.350000e+01 1.750000e+01
      vertex   5.007223e+00 1.330397e+01 1.735297e+01
      vertex   5.007995e+00 1.330781e+01 1.734496e+01
    endloop
  endfacet
  facet normal 9.935928e-01 2.851759e-02 1.093621e-01
    outer loop
      vertex   5.007995e+00 1.330781e+01 1.734496e+01
      vertex   5.007223e+00 1.330397e+01 1.735297e+01
      vertex   5.028822e+00 1.310982e+01 1.720736e+01
    endloop
  endfacet
  facet normal 9.845574e-01 -1.748362e-02 1.741869e-01
    outer loop
      vertex   5.007995e+00 1.330781e+01 1.734496e+01
      vertex   5.028822e+00 1.310982e+01 1.720736e+01
      vertex   5.031742e+00 1.311763e+01 1.719164e+01
    endloop
  endfacet
  facet normal 9.793641e-01 3.465550e-02 1.991106e-01
    outer loop
      vertex   5.031742e+00 1.311763e+01 1.719164e+01
      vertex   5.028822e+00 1.310982e+01 1.720736e+01
      vertex   5.064589e+00 1.291943e+01 1.706457e+01
    endloop
  endfacet
  facet normal 9.650434e-01 -8.017303e-03 2.619673e-01
    outer loop
      vertex   5.031742e+00 1.311763e+01 1.719164e+01
      vertex   5.064589e+00 1.291943e+01 1.706457e+01
      vertex   5.070884e+00 1.293145e+01 1.704175e+01
    endloop
  endfacet
  facet normal 9.572265e-01 4.219057e-02 2.862470e-01
    outer loop
      vertex   5.070884e+00 1.293145e+01 1.704175e+01
      vertex   5.064589e+00 1.291943e+01 1.706457e+01
      vertex   5.114181e+00 1.273463e+01 1.692598e+01
    endloop
  endfacet
  facet normal 9.364935e-01 -2.764168e-04 3.506848e-01
    outer loop
      vertex   5.070884e+00 1.293145e+01 1.704175e+01
      vertex   5.114181e+00 1.273463e+01 1.692598e+01
      vertex   5.125041e+00 1.275126e+01 1.689699e+01
    endloop
  endfacet
  facet normal 9.260682e-01 4.775676e-02 3.743220e-01
    outer loop
      vertex   5.125041e+00 1.275126e+01 1.689699e+01
      vertex   5.114181e+00 1.273463e+01 1.692598e+01
      vertex   5.177118e+00 1.255721e+01 1.679291e+01
    endloop
  endfacet
  facet normal 8.992993e-01 6.804012e-03 4.372808e-01
    outer loop
      vertex   5.125041e+00 1.275126e+01 1.689699e+01
      vertex   5.177118e+00 1.255721e+01 1.679291e+01
      vertex   5.193469e+00 1.257894e+01 1.675894e+01
    endloop
  endfacet
  facet normal 8.860927e-01 5.297450e-02 4.604709e-01
    outer loop
      vertex   5.193469e+00 1.257894e+01 1.675894e+01
      vertex   5.177118e+00 1.255721e+01 1.679291e+01
      vertex   5.252796e+00 1.238886e+01 1.666664e+01
    endloop
  endfacet
  facet normal 8.548149e-01 1.493038e-02 5.187182e-01
    outer loop
      vertex   5.193469e+00 1.257894e+01 1.675894e+01
      vertex   5.252796e+00 1.238886e+01 1.666664e+01
      vertex   5.275134e+00 1.241624e+01 1.662905e+01
    endloop
  endfacet
  facet normal 8.383776e-01 6.000457e-02 5.417771e-01
    outer loop
      vertex   5.275134e+00 1.241624e+01 1.662905e+01
      vertex   5.252796e+00 1.238886e+01 1.666664e+01
      vertex   5.340484e+00 1.223121e+01 1.654841e+01
    endloop
  endfacet
  facet normal 8.024127e-01 2.353869e-02 5.963051e-01
    outer loop
      vertex   5.275134e+00 1.241624e+01 1.662905e+01
      vertex   5.340484e+00 1.223121e+01 1.654841e+01
      vertex   5.368991e+00 1.226487e+01 1.650872e+01
    endloop
  endfacet
  facet normal 7.823676e-01 6.745773e-02 6.191530e-01
    outer loop
      vertex   5.368991e+00 1.226487e+01 1.650872e+01
      vertex   5.340484e+00 1.223121e+01 1.654841e+01
      vertex   5.439340e+00 1.208579e+01 1.643934e+01
    endloop
  endfacet
  facet normal 7.413561e-01 3.150417e-02 6.703720e-01
    outer loop
      vertex   5.368991e+00 1.226487e+01 1.650872e+01
      vertex   5.439340e+00 1.208579e+01 1.643934e+01
      vertex   5.473826e+00 1.212647e+01 1.639929e+01
    endloop
  endfacet
  facet normal 7.173174e-01 7.397187e-02 6.928087e-01
    outer loop
      vertex   5.473826e+00 1.212647e+01 1.639929e+01
      vertex   5.439340e+00 1.208579e+01 1.643934e+01
      vertex   5.548410e+00 1.195398e+01 1.634048e+01
    endloop
  endfacet
  facet normal 6.717747e-01 3.826959e-02 7.397663e-01
    outer loop
      vertex   5.473826e+00 1.212647e+01 1.639929e+01
      vertex   5.548410e+00 1.195398e+01 1.634048e+01
      vertex   5.591229e+00 1.199919e+01 1.629926e+01
    endloop
  endfacet
  facet normal 6.448226e-01 8.215376e-02 7.599043e-01
    outer loop
      vertex   5.591229e+00 1.199919e+01 1.629926e+01
      vertex   5.548410e+00 1.195398e+01 1.634048e+01
      vertex   5.666645e+00 1.183706e+01 1.625280e+01
    endloop
  endfacet
  facet normal 5.949958e-01 4.680821e-02 8.023646e-01
    outer loop
      vertex   5.591229e+00 1.199919e+01 1.629926e+01
      vertex   5.666645e+00 1.183706e+01 1.625280e+01
      vertex   5.716921e+00 1.188810e+01 1.621254e+01
    endloop
  endfacet
  facet normal 5.645024e-01 9.106711e-02 8.203925e-01
    outer loop
      vertex   5.716921e+00 1.188810e+01 1.621254e+01
      vertex   5.666645e+00 1.183706e+01 1.625280e+01
      vertex   5.792905e+00 1.173616e+01 1.617712e+01
    endloop
  endfacet
  facet normal 5.105586e-01 5.530954e-02 8.580622e-01
    outer loop
      vertex   5.716921e+00 1.188810e+01 1.621254e+01
      vertex   5.792905e+00 1.173616e+01 1.617712e+01
      vertex   5.849070e+00 1.179440e+01 1.613995e+01
    endloop
  endfacet
  facet normal 4.757872e-01 9.899698e-02 8.739715e-01
    outer loop
      vertex   5.849070e+00 1.179440e+01 1.613995e+01
      vertex   5.792905e+00 1.173616e+01 1.617712e+01
      vertex   5.925975e+00 1.165224e+01 1.611418e+01
    endloop
  endfacet
  facet normal 4.198224e-01 6.302171e-02 9.054156e-01
    outer loop
      vertex   5.849070e+00 1.179440e+01 1.613995e+01
      vertex   5.925975e+00 1.165224e+01 1.611418e+01
      vertex   5.985919e+00 1.171872e+01 1.608176e+01
    endloop
  endfacet
  facet normal 3.794690e-01 1.060814e-01 9.191029e-01
    outer loop
      vertex   5.985919e+00 1.171872e+01 1.608176e+01
      vertex   5.925975e+00 1.165224e+01 1.611418e+01
      vertex   6.064573e+00 1.158612e+01 1.606459e+01
    endloop
  endfacet
  facet normal 3.298796e-01 7.381533e-02 9.411327e-01
    outer loop
      vertex   5.985919e+00 1.171872e+01 1.608176e+01
      vertex   6.064573e+00 1.158612e+01 1.606459e+01
      vertex   6.112270e+00 1.166612e+01 1.604160e+01
    endloop
  endfacet
  facet normal 2.759040e-01 1.099457e-01 9.548764e-01
    outer loop
      vertex   6.112270e+00 1.166612e+01 1.604160e+01
      vertex   6.064573e+00 1.158612e+01 1.606459e+01
      vertex   6.207365e+00 1.153843e+01 1.602882e+01
    endloop
  endfacet
  facet normal 2.395704e-01 8.163034e-02 9.674412e-01
    outer loop
      vertex   6.112270e+00 1.166612e+01 1.604160e+01
      vertex   6.207365e+00 1.153843e+01 1.602882e+01
      vertex   6.240633e+00 1.162841e+01 1.601299e+01
    endloop
  endfacet
  facet normal 1.671906e-01 1.105502e-01 9.797071e-01
    outer loop
      vertex   6.240633e+00 1.162841e+01 1.601299e+01
      vertex   6.207365e+00 1.153843e+01 1.602882e+01
      vertex   6.352974e+00 1.150963e+01 1.600722e+01
    endloop
  endfacet
  facet normal 1.459805e-01 9.022392e-02 9.851646e-01
    outer loop
      vertex   6.240633e+00 1.162841e+01 1.601299e+01
      vertex   6.352974e+00 1.150963e+01 1.600722e+01
      vertex   6.370158e+00 1.160570e+01 1.599588e+01
    endloop
  endfacet
  facet normal 9.979078e-01 6.386583e-02 -1.006033e-02
    outer loop
      vertex   5.007861e+00 1.334664e+01 1.730611e+01
      vertex   5.000000e+00 1.350000e+01 1.750000e+01
      vertex   5.008197e+00 1.334210e+01 1.731068e+01
    endloop
  endfacet
  facet normal 9.988946e-01 4.495918e-03 4.679100e-02
    outer loop
      vertex   5.008562e+00 1.331813e+01 1.733469e+01
      vertex   5.000000e+00 1.350000e+01 1.750000e+01
      vertex   5.008391e+00 1.331406e+01 1.733874e+01
    endloop
  endfacet
  facet normal 9.982947e-01 -5.363514e-03 5.812795e-02
    outer loop
      vertex   5.008391e+00 1.331406e+01 1.733874e+01
      vertex   5.000000e+00 1.350000e+01 1.750000e+01
      vertex   5.007995e+00 1.330781e+01 1.734496e+01
    endloop
  endfacet
  facet normal 1.608217e-01 9.646649e-01 2.087058e-01
    outer loop
      vertex   6.246137e+00 1.200125e+01 1.567077e+01
      vertex   6.373077e+00 1.198474e+01 1.564926e+01
      vertex   6.368238e+00 1.200061e+01 1.557964e+01
    endloop
  endfacet
  facet normal 1.743101e-01 2.835992e-01 9.429674e-01
    outer loop
      vertex   6.240633e+00 1.162841e+01 1.601299e+01
      vertex   6.370158e+00 1.160570e+01 1.599588e+01
      vertex   6.375940e+00 1.169911e+01 1.596672e+01
    endloop
  endfacet
  facet normal 1.840121e-01 4.325474e-01 8.826337e-01
    outer loop
      vertex   6.375940e+00 1.169911e+01 1.596672e+01
      vertex   6.378509e+00 1.175619e+01 1.593821e+01
      vertex   6.251532e+00 1.171929e+01 1.598276e+01
    endloop
  endfacet
  facet normal 1.815556e-01 4.382279e-01 8.803374e-01
    outer loop
      vertex   6.251532e+00 1.171929e+01 1.598276e+01
      vertex   6.378509e+00 1.175619e+01 1.593821e+01
      vertex   6.256370e+00 1.177494e+01 1.595407e+01
    endloop
  endfacet
  facet normal 3.010824e-01 4.162848e-01 8.579373e-01
    outer loop
      vertex   6.251532e+00 1.171929e+01 1.598276e+01
      vertex   6.256370e+00 1.177494e+01 1.595407e+01
      vertex   6.127431e+00 1.175310e+01 1.600991e+01
    endloop
  endfacet
  facet normal 2.982749e-01 4.247482e-01 8.547637e-01
    outer loop
      vertex   6.127431e+00 1.175310e+01 1.600991e+01
      vertex   6.256370e+00 1.177494e+01 1.595407e+01
      vertex   6.134152e+00 1.180654e+01 1.598101e+01
    endloop
  endfacet
  facet normal 4.098598e-01 3.934872e-01 8.229111e-01
    outer loop
      vertex   6.127431e+00 1.175310e+01 1.600991e+01
      vertex   6.134152e+00 1.180654e+01 1.598101e+01
      vertex   6.004293e+00 1.180071e+01 1.604847e+01
    endloop
  endfacet
  facet normal 4.073458e-01 4.041306e-01 8.189920e-01
    outer loop
      vertex   6.004293e+00 1.180071e+01 1.604847e+01
      vertex   6.134152e+00 1.180654e+01 1.598101e+01
      vertex   6.012428e+00 1.185130e+01 1.601946e+01
    endloop
  endfacet
  facet normal 5.130574e-01 3.634111e-01 7.776275e-01
    outer loop
      vertex   6.004293e+00 1.180071e+01 1.604847e+01
      vertex   6.012428e+00 1.185130e+01 1.601946e+01
      vertex   5.869548e+00 1.186989e+01 1.610505e+01
    endloop
  endfacet
  facet normal 5.114900e-01 3.774123e-01 7.719702e-01
    outer loop
      vertex   5.869548e+00 1.186989e+01 1.610505e+01
      vertex   6.012428e+00 1.185130e+01 1.601946e+01
      vertex   5.878600e+00 1.191673e+01 1.607615e+01
    endloop
  endfacet
  facet normal 6.077975e-01 3.285531e-01 7.229351e-01
    outer loop
      vertex   5.869548e+00 1.186989e+01 1.610505e+01
      vertex   5.878600e+00 1.191673e+01 1.607615e+01
      vertex   5.737726e+00 1.195644e+01 1.617654e+01
    endloop
  endfacet
  facet normal 6.072381e-01 3.457214e-01 7.153591e-01
    outer loop
      vertex   5.737726e+00 1.195644e+01 1.617654e+01
      vertex   5.878600e+00 1.191673e+01 1.607615e+01
      vertex   5.746902e+00 1.199913e+01 1.614812e+01
    endloop
  endfacet
  facet normal 6.901377e-01 2.923685e-01 6.619899e-01
    outer loop
      vertex   5.737726e+00 1.195644e+01 1.617654e+01
      vertex   5.746902e+00 1.199913e+01 1.614812e+01
      vertex   5.610871e+00 1.206011e+01 1.626300e+01
    endloop
  endfacet
  facet normal 6.907551e-01 3.117334e-01 6.524413e-01
    outer loop
      vertex   5.610871e+00 1.206011e+01 1.626300e+01
      vertex   5.746902e+00 1.199913e+01 1.614812e+01
      vertex   5.619513e+00 1.209841e+01 1.623555e+01
    endloop
  endfacet
  facet normal 7.599591e-01 2.565292e-01 5.972059e-01
    outer loop
      vertex   5.610871e+00 1.206011e+01 1.626300e+01
      vertex   5.619513e+00 1.209841e+01 1.623555e+01
      vertex   5.491287e+00 1.217988e+01 1.636373e+01
    endloop
  endfacet
  facet normal 7.616287e-01 2.772385e-01 5.857138e-01
    outer loop
      vertex   5.491287e+00 1.217988e+01 1.636373e+01
      vertex   5.619513e+00 1.209841e+01 1.623555e+01
      vertex   5.498951e+00 1.221367e+01 1.633777e+01
    endloop
  endfacet
  facet normal 8.182099e-01 2.218939e-01 5.303732e-01
    outer loop
      vertex   5.491287e+00 1.217988e+01 1.636373e+01
      vertex   5.498951e+00 1.221367e+01 1.633777e+01
      vertex   5.383694e+00 1.231103e+01 1.647484e+01
    endloop
  endfacet
  facet normal 8.205456e-01 2.429655e-01 5.173709e-01
    outer loop
      vertex   5.383694e+00 1.231103e+01 1.647484e+01
      vertex   5.498951e+00 1.221367e+01 1.633777e+01
      vertex   5.390131e+00 1.234041e+01 1.645083e+01
    endloop
  endfacet
  facet normal 8.666161e-01 1.878492e-01 4.622653e-01
    outer loop
      vertex   5.383694e+00 1.231103e+01 1.647484e+01
      vertex   5.390131e+00 1.234041e+01 1.645083e+01
      vertex   5.286788e+00 1.245533e+01 1.659788e+01
    endloop
  endfacet
  facet normal 8.694066e-01 2.089357e-01 4.477477e-01
    outer loop
      vertex   5.286788e+00 1.245533e+01 1.659788e+01
      vertex   5.390131e+00 1.234041e+01 1.645083e+01
      vertex   5.291880e+00 1.248035e+01 1.657631e+01
    endloop
  endfacet
  facet normal 9.059856e-01 1.550713e-01 3.938820e-01
    outer loop
      vertex   5.286788e+00 1.245533e+01 1.659788e+01
      vertex   5.291880e+00 1.248035e+01 1.657631e+01
      vertex   5.202063e+00 1.261114e+01 1.673141e+01
    endloop
  endfacet
  facet normal 9.089703e-01 1.762016e-01 3.777909e-01
    outer loop
      vertex   5.202063e+00 1.261114e+01 1.673141e+01
      vertex   5.291880e+00 1.248035e+01 1.657631e+01
      vertex   5.205811e+00 1.263186e+01 1.671273e+01
    endloop
  endfacet
  facet normal 9.375184e-01 1.236397e-01 3.252267e-01
    outer loop
      vertex   5.202063e+00 1.261114e+01 1.673141e+01
      vertex   5.205811e+00 1.263186e+01 1.671273e+01
      vertex   5.130790e+00 1.277675e+01 1.687391e+01
    endloop
  endfacet
  facet normal 9.404581e-01 1.449107e-01 3.074728e-01
    outer loop
      vertex   5.130790e+00 1.277675e+01 1.687391e+01
      vertex   5.205811e+00 1.263186e+01 1.671273e+01
      vertex   5.133293e+00 1.279322e+01 1.685849e+01
    endloop
  endfacet
  facet normal 9.623424e-01 9.290586e-02 2.554712e-01
    outer loop
      vertex   5.130790e+00 1.277675e+01 1.687391e+01
      vertex   5.133293e+00 1.279322e+01 1.685849e+01
      vertex   5.074229e+00 1.295041e+01 1.702382e+01
    endloop
  endfacet
  facet normal 9.649347e-01 1.137853e-01 2.365457e-01
    outer loop
      vertex   5.074229e+00 1.295041e+01 1.702382e+01
      vertex   5.133293e+00 1.279322e+01 1.685849e+01
      vertex   5.075682e+00 1.296269e+01 1.701198e+01
    endloop
  endfacet
  facet normal 9.806234e-01 6.280043e-02 1.855634e-01
    outer loop
      vertex   5.074229e+00 1.295041e+01 1.702382e+01
      vertex   5.075682e+00 1.296269e+01 1.701198e+01
      vertex   5.033277e+00 1.313019e+01 1.717939e+01
    endloop
  endfacet
  facet normal 9.826461e-01 8.296315e-02 1.659030e-01
    outer loop
      vertex   5.033277e+00 1.313019e+01 1.717939e+01
      vertex   5.075682e+00 1.296269e+01 1.701198e+01
      vertex   5.033943e+00 1.313835e+01 1.717136e+01
    endloop
  endfacet
  facet normal 9.926378e-01 3.346507e-02 1.164058e-01
    outer loop
      vertex   5.033277e+00 1.313019e+01 1.717939e+01
      vertex   5.033943e+00 1.313835e+01 1.717136e+01
      vertex   5.008391e+00 1.331406e+01 1.733874e+01
    endloop
  endfacet
  facet normal 9.939781e-01 5.339242e-02 9.569082e-02
    outer loop
      vertex   5.008391e+00 1.331406e+01 1.733874e+01
      vertex   5.033943e+00 1.313835e+01 1.717136e+01
      vertex   5.008562e+00 1.331813e+01 1.733469e+01
    endloop
  endfacet
  facet normal 2.643987e-01 9.434118e-01 2.001689e-01
    outer loop
      vertex   6.119931e+00 1.202901e+01 1.570663e+01
      vertex   6.246137e+00 1.200125e+01 1.567077e+01
      vertex   6.237009e+00 1.201817e+01 1.560308e+01
    endloop
  endfacet
  facet normal 1.675583e-01 9.615131e-01 2.177540e-01
    outer loop
      vertex   6.237009e+00 1.201817e+01 1.560308e+01
      vertex   6.246137e+00 1.200125e+01 1.567077e+01
      vertex   6.368238e+00 1.200061e+01 1.557964e+01
    endloop
  endfacet
  facet normal 2.846761e-01 2.716341e-01 9.193337e-01
    outer loop
      vertex   6.112270e+00 1.166612e+01 1.604160e+01
      vertex   6.240633e+00 1.162841e+01 1.601299e+01
      vertex   6.251532e+00 1.171929e+01 1.598276e+01
    endloop
  endfacet
  facet normal 1.688926e-01 2.927751e-01 9.411472e-01
    outer loop
      vertex   6.251532e+00 1.171929e+01 1.598276e+01
      vertex   6.240633e+00 1.162841e+01 1.601299e+01
      vertex   6.375940e+00 1.169911e+01 1.596672e+01
    endloop
  endfacet
  facet normal 2.783885e-01 2.855605e-01 9.170360e-01
    outer loop
      vertex   6.112270e+00 1.166612e+01 1.604160e+01
      vertex   6.251532e+00 1.171929e+01 1.598276e+01
      vertex   6.127431e+00 1.175310e+01 1.600991e+01
    endloop
  endfacet
  facet normal 3.627686e-01 9.126688e-01 1.882408e-01
    outer loop
      vertex   5.995207e+00 1.206822e+01 1.575687e+01
      vertex   6.119931e+00 1.202901e+01 1.570663e+01
      vertex   6.107224e+00 1.204741e+01 1.564192e+01
    endloop
  endfacet
  facet normal 2.748720e-01 9.376791e-01 2.126105e-01
    outer loop
      vertex   6.107224e+00 1.204741e+01 1.564192e+01
      vertex   6.119931e+00 1.202901e+01 1.570663e+01
      vertex   6.237009e+00 1.201817e+01 1.560308e+01
    endloop
  endfacet
  facet normal 3.877535e-01 2.551040e-01 8.857591e-01
    outer loop
      vertex   5.985919e+00 1.171872e+01 1.608176e+01
      vertex   6.112270e+00 1.166612e+01 1.604160e+01
      vertex   6.127431e+00 1.175310e+01 1.600991e+01
    endloop
  endfacet
  facet normal 3.820221e-01 2.728427e-01 8.829586e-01
    outer loop
      vertex   5.985919e+00 1.171872e+01 1.608176e+01
      vertex   6.127431e+00 1.175310e+01 1.600991e+01
      vertex   6.004293e+00 1.180071e+01 1.604847e+01
    endloop
  endfacet
  facet normal 4.587515e-01 8.718947e-01 1.713089e-01
    outer loop
      vertex   5.859428e+00 1.212540e+01 1.582947e+01
      vertex   5.995207e+00 1.206822e+01 1.575687e+01
      vertex   5.979796e+00 1.208830e+01 1.569596e+01
    endloop
  endfacet
  facet normal 3.761395e-01 9.040916e-01 2.028239e-01
    outer loop
      vertex   5.979796e+00 1.208830e+01 1.569596e+01
      vertex   5.995207e+00 1.206822e+01 1.575687e+01
      vertex   6.107224e+00 1.204741e+01 1.564192e+01
    endloop
  endfacet
  facet normal 4.867075e-01 2.327494e-01 8.419878e-01
    outer loop
      vertex   5.849070e+00 1.179440e+01 1.613995e+01
      vertex   5.985919e+00 1.171872e+01 1.608176e+01
      vertex   6.004293e+00 1.180071e+01 1.604847e+01
    endloop
  endfacet
  facet normal 4.830160e-01 2.560645e-01 8.373330e-01
    outer loop
      vertex   5.849070e+00 1.179440e+01 1.613995e+01
      vertex   6.004293e+00 1.180071e+01 1.604847e+01
      vertex   5.869548e+00 1.186989e+01 1.610505e+01
    endloop
  endfacet
  facet normal 5.506060e-01 8.208137e-01 1.519798e-01
    outer loop
      vertex   5.727453e+00 1.219720e+01 1.591980e+01
      vertex   5.859428e+00 1.212540e+01 1.582947e+01
      vertex   5.842234e+00 1.214730e+01 1.577350e+01
    endloop
  endfacet
  facet normal 4.754798e-01 8.589677e-01 1.899827e-01
    outer loop
      vertex   5.842234e+00 1.214730e+01 1.577350e+01
      vertex   5.859428e+00 1.212540e+01 1.582947e+01
      vertex   5.979796e+00 1.208830e+01 1.569596e+01
    endloop
  endfacet
  facet normal 5.797134e-01 2.070607e-01 7.880725e-01
    outer loop
      vertex   5.716921e+00 1.188810e+01 1.621254e+01
      vertex   5.849070e+00 1.179440e+01 1.613995e+01
      vertex   5.869548e+00 1.186989e+01 1.610505e+01
    endloop
  endfacet
  facet normal 5.782333e-01 2.354367e-01 7.811631e-01
    outer loop
      vertex   5.716921e+00 1.188810e+01 1.621254e+01
      vertex   5.869548e+00 1.186989e+01 1.610505e+01
      vertex   5.737726e+00 1.195644e+01 1.617654e+01
    endloop
  endfacet
  facet normal 6.340475e-01 7.618028e-01 1.328166e-01
    outer loop
      vertex   5.601181e+00 1.228354e+01 1.602741e+01
      vertex   5.727453e+00 1.219720e+01 1.591980e+01
      vertex   5.709961e+00 1.222058e+01 1.586923e+01
    endloop
  endfacet
  facet normal 5.704682e-01 8.027357e-01 1.737284e-01
    outer loop
      vertex   5.709961e+00 1.222058e+01 1.586923e+01
      vertex   5.727453e+00 1.219720e+01 1.591980e+01
      vertex   5.842234e+00 1.214730e+01 1.577350e+01
    endloop
  endfacet
  facet normal 6.620883e-01 1.814491e-01 7.271281e-01
    outer loop
      vertex   5.591229e+00 1.199919e+01 1.629926e+01
      vertex   5.716921e+00 1.188810e+01 1.621254e+01
      vertex   5.737726e+00 1.195644e+01 1.617654e+01
    endloop
  endfacet
  facet normal 6.632184e-01 2.132008e-01 7.174168e-01
    outer loop
      vertex   5.591229e+00 1.199919e+01 1.629926e+01
      vertex   5.737726e+00 1.195644e+01 1.617654e+01
      vertex   5.610871e+00 1.206011e+01 1.626300e+01
    endloop
  endfacet
  facet normal 7.082154e-01 6.966259e-01 1.146442e-01
    outer loop
      vertex   5.482681e+00 1.238365e+01 1.615116e+01
      vertex   5.601181e+00 1.228354e+01 1.602741e+01
      vertex   5.584643e+00 1.230776e+01 1.598243e+01
    endloop
  endfacet
  facet normal 6.554812e-01 7.387704e-01 1.567246e-01
    outer loop
      vertex   5.584643e+00 1.230776e+01 1.598243e+01
      vertex   5.601181e+00 1.228354e+01 1.602741e+01
      vertex   5.709961e+00 1.222058e+01 1.586923e+01
    endloop
  endfacet
  facet normal 7.335921e-01 1.570460e-01 6.611953e-01
    outer loop
      vertex   5.473826e+00 1.212647e+01 1.639929e+01
      vertex   5.591229e+00 1.199919e+01 1.629926e+01
      vertex   5.610871e+00 1.206011e+01 1.626300e+01
    endloop
  endfacet
  facet normal 7.370904e-01 1.906946e-01 6.483312e-01
    outer loop
      vertex   5.473826e+00 1.212647e+01 1.639929e+01
      vertex   5.610871e+00 1.206011e+01 1.626300e+01
      vertex   5.491287e+00 1.217988e+01 1.636373e+01
    endloop
  endfacet
  facet normal 7.730981e-01 6.267235e-01 9.765712e-02
    outer loop
      vertex   5.376454e+00 1.249364e+01 1.628618e+01
      vertex   5.482681e+00 1.238365e+01 1.615116e+01
      vertex   5.467956e+00 1.240794e+01 1.611182e+01
    endloop
  endfacet
  facet normal 7.298122e-01 6.691481e-01 1.400532e-01
    outer loop
      vertex   5.467956e+00 1.240794e+01 1.611182e+01
      vertex   5.482681e+00 1.238365e+01 1.615116e+01
      vertex   5.584643e+00 1.230776e+01 1.598243e+01
    endloop
  endfacet
  facet normal 7.948529e-01 1.341596e-01 5.917855e-01
    outer loop
      vertex   5.368991e+00 1.226487e+01 1.650872e+01
      vertex   5.473826e+00 1.212647e+01 1.639929e+01
      vertex   5.491287e+00 1.217988e+01 1.636373e+01
    endloop
  endfacet
  facet normal 7.998816e-01 1.680845e-01 5.761398e-01
    outer loop
      vertex   5.368991e+00 1.226487e+01 1.650872e+01
      vertex   5.491287e+00 1.217988e+01 1.636373e+01
      vertex   5.383694e+00 1.231103e+01 1.647484e+01
    endloop
  endfacet
  facet normal 8.291681e-01 5.531439e-01 8.069745e-02
    outer loop
      vertex   5.281054e+00 1.261505e+01 1.643426e+01
      vertex   5.376454e+00 1.249364e+01 1.628618e+01
      vertex   5.364037e+00 1.251721e+01 1.625225e+01
    endloop
  endfacet
  facet normal 7.934756e-01 5.959442e-01 1.234787e-01
    outer loop
      vertex   5.364037e+00 1.251721e+01 1.625225e+01
      vertex   5.376454e+00 1.249364e+01 1.628618e+01
      vertex   5.467956e+00 1.240794e+01 1.611182e+01
    endloop
  endfacet
  facet normal 8.468728e-01 1.118393e-01 5.199023e-01
    outer loop
      vertex   5.275134e+00 1.241624e+01 1.662905e+01
      vertex   5.368991e+00 1.226487e+01 1.650872e+01
      vertex   5.383694e+00 1.231103e+01 1.647484e+01
    endloop
  endfacet
  facet normal 8.529733e-01 1.454130e-01 5.012899e-01
    outer loop
      vertex   5.275134e+00 1.241624e+01 1.662905e+01
      vertex   5.383694e+00 1.231103e+01 1.647484e+01
      vertex   5.286788e+00 1.245533e+01 1.659788e+01
    endloop
  endfacet
  facet normal 8.766001e-01 4.768984e-01 6.434369e-02
    outer loop
      vertex   5.197838e+00 1.274649e+01 1.659377e+01
      vertex   5.281054e+00 1.261505e+01 1.643426e+01
      vertex   5.271198e+00 1.263703e+01 1.640558e+01
    endloop
  endfacet
  facet normal 8.476210e-01 5.196812e-01 1.070981e-01
    outer loop
      vertex   5.271198e+00 1.263703e+01 1.640558e+01
      vertex   5.281054e+00 1.261505e+01 1.643426e+01
      vertex   5.364037e+00 1.251721e+01 1.625225e+01
    endloop
  endfacet
  facet normal 8.902654e-01 9.049029e-02 4.463619e-01
    outer loop
      vertex   5.193469e+00 1.257894e+01 1.675894e+01
      vertex   5.275134e+00 1.241624e+01 1.662905e+01
      vertex   5.286788e+00 1.245533e+01 1.659788e+01
    endloop
  endfacet
  facet normal 8.968506e-01 1.237081e-01 4.246825e-01
    outer loop
      vertex   5.193469e+00 1.257894e+01 1.675894e+01
      vertex   5.286788e+00 1.245533e+01 1.659788e+01
      vertex   5.202063e+00 1.261114e+01 1.673141e+01
    endloop
  endfacet
  facet normal 9.160215e-01 3.981452e-01 4.883686e-02
    outer loop
      vertex   5.127965e+00 1.288649e+01 1.676298e+01
      vertex   5.197838e+00 1.274649e+01 1.659377e+01
      vertex   5.190562e+00 1.276612e+01 1.657018e+01
    endloop
  endfacet
  facet normal 8.928535e-01 4.409337e-01 9.159760e-02
    outer loop
      vertex   5.190562e+00 1.276612e+01 1.657018e+01
      vertex   5.197838e+00 1.274649e+01 1.659377e+01
      vertex   5.271198e+00 1.263703e+01 1.640558e+01
    endloop
  endfacet
  facet normal 9.258756e-01 7.026809e-02 3.712367e-01
    outer loop
      vertex   5.125041e+00 1.275126e+01 1.689699e+01
      vertex   5.193469e+00 1.257894e+01 1.675894e+01
      vertex   5.202063e+00 1.261114e+01 1.673141e+01
    endloop
  endfacet
  facet normal 9.324021e-01 1.032538e-01 3.463595e-01
    outer loop
      vertex   5.125041e+00 1.275126e+01 1.689699e+01
      vertex   5.202063e+00 1.261114e+01 1.673141e+01
      vertex   5.130790e+00 1.277675e+01 1.687391e+01
    endloop
  endfacet
  facet normal 9.480718e-01 3.162536e-01 3.381430e-02
    outer loop
      vertex   5.072586e+00 1.303356e+01 1.694016e+01
      vertex   5.127965e+00 1.288649e+01 1.676298e+01
      vertex   5.123093e+00 1.290309e+01 1.674433e+01
    endloop
  endfacet
  facet normal 9.298417e-01 3.597498e-01 7.729469e-02
    outer loop
      vertex   5.123093e+00 1.290309e+01 1.674433e+01
      vertex   5.127965e+00 1.288649e+01 1.676298e+01
      vertex   5.190562e+00 1.276612e+01 1.657018e+01
    endloop
  endfacet
  facet normal 9.544927e-01 5.076974e-02 2.938810e-01
    outer loop
      vertex   5.070884e+00 1.293145e+01 1.704175e+01
      vertex   5.125041e+00 1.275126e+01 1.689699e+01
      vertex   5.130790e+00 1.277675e+01 1.687391e+01
    endloop
  endfacet
  facet normal 9.602748e-01 8.269208e-02 2.665227e-01
    outer loop
      vertex   5.070884e+00 1.293145e+01 1.704175e+01
      vertex   5.130790e+00 1.277675e+01 1.687391e+01
      vertex   5.074229e+00 1.295041e+01 1.702382e+01
    endloop
  endfacet
  facet normal 9.723613e-01 2.327098e-01 1.896178e-02
    outer loop
      vertex   5.032524e+00 1.318603e+01 1.712340e+01
      vertex   5.072586e+00 1.303356e+01 1.694016e+01
      vertex   5.069750e+00 1.304654e+01 1.692631e+01
    endloop
  endfacet
  facet normal 9.588894e-01 2.767096e-01 6.295117e-02
    outer loop
      vertex   5.069750e+00 1.304654e+01 1.692631e+01
      vertex   5.072586e+00 1.303356e+01 1.694016e+01
      vertex   5.123093e+00 1.290309e+01 1.674433e+01
    endloop
  endfacet
  facet normal 9.759861e-01 3.167989e-02 2.155168e-01
    outer loop
      vertex   5.031742e+00 1.311763e+01 1.719164e+01
      vertex   5.070884e+00 1.293145e+01 1.704175e+01
      vertex   5.074229e+00 1.295041e+01 1.702382e+01
    endloop
  endfacet
  facet normal 9.805119e-01 6.204753e-02 1.864041e-01
    outer loop
      vertex   5.031742e+00 1.311763e+01 1.719164e+01
      vertex   5.074229e+00 1.295041e+01 1.702382e+01
      vertex   5.033277e+00 1.313019e+01 1.717939e+01
    endloop
  endfacet
  facet normal 9.888304e-01 1.489838e-01 4.284971e-03
    outer loop
      vertex   5.008197e+00 1.334210e+01 1.731068e+01
      vertex   5.032524e+00 1.318603e+01 1.712340e+01
      vertex   5.031221e+00 1.319494e+01 1.711422e+01
    endloop
  endfacet
  facet normal 9.799789e-01 1.931249e-01 4.841635e-02
    outer loop
      vertex   5.031221e+00 1.319494e+01 1.711422e+01
      vertex   5.032524e+00 1.318603e+01 1.712340e+01
      vertex   5.069750e+00 1.304654e+01 1.692631e+01
    endloop
  endfacet
  facet normal 9.934466e-01 1.088390e-01 3.489909e-02
    outer loop
      vertex   5.007861e+00 1.334664e+01 1.730611e+01
      vertex   5.008197e+00 1.334210e+01 1.731068e+01
      vertex   5.031221e+00 1.319494e+01 1.711422e+01
    endloop
  endfacet
  facet normal 9.904410e-01 1.296691e-02 1.373259e-01
    outer loop
      vertex   5.007995e+00 1.330781e+01 1.734496e+01
      vertex   5.031742e+00 1.311763e+01 1.719164e+01
      vertex   5.033277e+00 1.313019e+01 1.717939e+01
    endloop
  endfacet
  facet normal 9.934501e-01 4.255124e-02 1.060482e-01
    outer loop
      vertex   5.007995e+00 1.330781e+01 1.734496e+01
      vertex   5.033277e+00 1.313019e+01 1.717939e+01
      vertex   5.008391e+00 1.331406e+01 1.733874e+01
    endloop
  endfacet
  facet normal 0.000000e+00 1.000000e+00 0.000000e+00
    outer loop
      vertex   1.900000e+01 1.200000e+01 1.550000e+01
      vertex   1.813489e+01 1.200000e+01 1.340502e+01
      vertex   6.500000e+00 1.200000e+01 1.550000e+01
    endloop
  endfacet
  facet normal 0.000000e+00 1.000000e+00 0.000000e+00
    outer loop
      vertex   6.500000e+00 1.200000e+01 1.550000e+01
      vertex   1.813489e+01 1.200000e+01 1.340502e+01
      vertex   1.790989e+01 1.200000e+01 1.323861e+01
    endloop
  endfacet
  facet normal 0.000000e+00 1.000000e+00 0.000000e+00
    outer loop
      vertex   6.500000e+00 1.200000e+01 1.550000e+01
      vertex   1.790989e+01 1.200000e+01 1.323861e+01
      vertex   1.771624e+01 1.200000e+01 1.303656e+01
    endloop
  endfacet
  facet normal 0.000000e+00 1.000000e+00 0.000000e+00
    outer loop
      vertex   1.940633e+01 1.200000e+01 1.547633e+01
      vertex   1.892997e+01 1.200000e+01 1.364851e+01
      vertex   1.900000e+01 1.200000e+01 1.550000e+01
    endloop
  endfacet
  facet normal 0.000000e+00 1.000000e+00 0.000000e+00
    outer loop
      vertex   1.900000e+01 1.200000e+01 1.550000e+01
      vertex   1.892997e+01 1.200000e+01 1.364851e+01
      vertex   1.865238e+01 1.200000e+01 1.361297e+01
    endloop
  endfacet
  facet normal 0.000000e+00 1.000000e+00 0.000000e+00
    outer loop
      vertex   1.900000e+01 1.200000e+01 1.550000e+01
      vertex   1.865238e+01 1.200000e+01 1.361297e+01
      vertex   1.838479e+01 1.200000e+01 1.353102e+01
    endloop
  endfacet
  facet normal 0.000000e+00 1.000000e+00 0.000000e+00
    outer loop
      vertex   1.940633e+01 1.200000e+01 1.547633e+01
      vertex   1.980716e+01 1.200000e+01 1.540566e+01
      vertex   1.892997e+01 1.200000e+01 1.364851e+01
    endloop
  endfacet
  facet normal 0.000000e+00 1.000000e+00 0.000000e+00
    outer loop
      vertex   1.892997e+01 1.200000e+01 1.364851e+01
      vertex   1.980716e+01 1.200000e+01 1.540566e+01
      vertex   2.019707e+01 1.200000e+01 1.528892e+01
    endloop
  endfacet
  facet normal 0.000000e+00 1.000000e+00 0.000000e+00
    outer loop
      vertex   1.892997e+01 1.200000e+01 1.364851e+01
      vertex   2.019707e+01 1.200000e+01 1.528892e+01
      vertex   2.057080e+01 1.200000e+01 1.512771e+01
    endloop
  endfacet
  facet normal 0.000000e+00 1.000000e+00 0.000000e+00
    outer loop
      vertex   2.057080e+01 1.200000e+01 1.512771e+01
      vertex   2.092328e+01 1.200000e+01 1.492421e+01
      vertex   1.892997e+01 1.200000e+01 1.364851e+01
    endloop
  endfacet
  facet normal -0.000000e+00 1.000000e+00 0.000000e+00
    outer loop
      vertex   1.892997e+01 1.200000e+01 1.364851e+01
      vertex   2.092328e+01 1.200000e+01 1.492421e+01
      vertex   1.920958e+01 1.200000e+01 1.363664e+01
    endloop
  endfacet
  facet normal 0.000000e+00 1.000000e+00 0.000000e+00
    outer loop
      vertex   1.920958e+01 1.200000e+01 1.363664e+01
      vertex   2.092328e+01 1.200000e+01 1.492421e+01
      vertex   2.124976e+01 1.200000e+01 1.468116e+01
    endloop
  endfacet
  facet normal 0.000000e+00 1.000000e+00 0.000000e+00
    outer loop
      vertex   1.920958e+01 1.200000e+01 1.363664e+01
      vertex   2.124976e+01 1.200000e+01 1.468116e+01
      vertex   2.154581e+01 1.200000e+01 1.440185e+01
    endloop
  endfacet
  facet normal -0.000000e+00 1.000000e+00 0.000000e+00
    outer loop
      vertex   1.920958e+01 1.200000e+01 1.363664e+01
      vertex   2.154581e+01 1.200000e+01 1.440185e+01
      vertex   1.948316e+01 1.200000e+01 1.357768e+01
    endloop
  endfacet
  facet normal 0.000000e+00 1.000000e+00 0.000000e+00
    outer loop
      vertex   1.948316e+01 1.200000e+01 1.357768e+01
      vertex   2.154581e+01 1.200000e+01 1.440185e+01
      vertex   2.180743e+01 1.200000e+01 1.409006e+01
    endloop
  endfacet
  facet normal -0.000000e+00 1.000000e+00 0.000000e+00
    outer loop
      vertex   1.948316e+01 1.200000e+01 1.357768e+01
      vertex   2.180743e+01 1.200000e+01 1.409006e+01
      vertex   1.974284e+01 1.200000e+01 1.347333e+01
    endloop
  endfacet
  facet normal 0.000000e+00 1.000000e+00 0.000000e+00
    outer loop
      vertex   1.974284e+01 1.200000e+01 1.347333e+01
      vertex   2.180743e+01 1.200000e+01 1.409006e+01
      vertex   2.203109e+01 1.200000e+01 1.375000e+01
    endloop
  endfacet
  facet normal -0.000000e+00 1.000000e+00 0.000000e+00
    outer loop
      vertex   1.974284e+01 1.200000e+01 1.347333e+01
      vertex   2.203109e+01 1.200000e+01 1.375000e+01
      vertex   1.998114e+01 1.200000e+01 1.332660e+01
    endloop
  endfacet
  facet normal 0.000000e+00 1.000000e+00 0.000000e+00
    outer loop
      vertex   1.998114e+01 1.200000e+01 1.332660e+01
      vertex   2.203109e+01 1.200000e+01 1.375000e+01
      vertex   2.221376e+01 1.200000e+01 1.338628e+01
    endloop
  endfacet
  facet normal -0.000000e+00 1.000000e+00 0.000000e+00
    outer loop
      vertex   1.998114e+01 1.200000e+01 1.332660e+01
      vertex   2.221376e+01 1.200000e+01 1.338628e+01
      vertex   2.019123e+01 1.200000e+01 1.314170e+01
    endloop
  endfacet
  facet normal -0.000000e+00 1.000000e+00 0.000000e+00
    outer loop
      vertex   2.019123e+01 1.200000e+01 1.314170e+01
      vertex   2.221376e+01 1.200000e+01 1.338628e+01
      vertex   2.036704e+01 1.200000e+01 1.292396e+01
    endloop
  endfacet
  facet normal 0.000000e+00 1.000000e+00 0.000000e+00
    outer loop
      vertex   2.036704e+01 1.200000e+01 1.292396e+01
      vertex   2.221376e+01 1.200000e+01 1.338628e+01
      vertex   2.235296e+01 1.200000e+01 1.300381e+01
    endloop
  endfacet
  facet normal -0.000000e+00 1.000000e+00 0.000000e+00
    outer loop
      vertex   2.036704e+01 1.200000e+01 1.292396e+01
      vertex   2.235296e+01 1.200000e+01 1.300381e+01
      vertex   2.050353e+01 1.200000e+01 1.267964e+01
    endloop
  endfacet
  facet normal -0.000000e+00 1.000000e+00 0.000000e+00
    outer loop
      vertex   2.050353e+01 1.200000e+01 1.267964e+01
      vertex   2.235296e+01 1.200000e+01 1.300381e+01
      vertex   2.244683e+01 1.200000e+01 1.260777e+01
    endloop
  endfacet
  facet normal 0.000000e+00 1.000000e+00 0.000000e+00
    outer loop
      vertex   2.050353e+01 1.200000e+01 1.267964e+01
      vertex   2.244683e+01 1.200000e+01 1.260777e+01
      vertex   2.059676e+01 1.200000e+01 1.241576e+01
    endloop
  endfacet
  facet normal -0.000000e+00 1.000000e+00 0.000000e+00
    outer loop
      vertex   2.059676e+01 1.200000e+01 1.241576e+01
      vertex   2.244683e+01 1.200000e+01 1.260777e+01
      vertex   2.249408e+01 1.200000e+01 1.220351e+01
    endloop
  endfacet
  facet normal 0.000000e+00 1.000000e+00 0.000000e+00
    outer loop
      vertex   2.059676e+01 1.200000e+01 1.241576e+01
      vertex   2.249408e+01 1.200000e+01 1.220351e+01
      vertex   2.064406e+01 1.200000e+01 1.213993e+01
    endloop
  endfacet
  facet normal -0.000000e+00 1.000000e+00 0.000000e+00
    outer loop
      vertex   2.064406e+01 1.200000e+01 1.213993e+01
      vertex   2.249408e+01 1.200000e+01 1.220351e+01
      vertex   2.064406e+01 1.200000e+01 1.186007e+01
    endloop
  endfacet
  facet normal -0.000000e+00 1.000000e+00 0.000000e+00
    outer loop
      vertex   2.064406e+01 1.200000e+01 1.186007e+01
      vertex   2.249408e+01 1.200000e+01 1.220351e+01
      vertex   2.249408e+01 1.200000e+01 1.179649e+01
    endloop
  endfacet
  facet normal 0.000000e+00 1.000000e+00 0.000000e+00
    outer loop
      vertex   2.064406e+01 1.200000e+01 1.186007e+01
      vertex   2.249408e+01 1.200000e+01 1.179649e+01
      vertex   2.059676e+01 1.200000e+01 1.158424e+01
    endloop
  endfacet
  facet normal -0.000000e+00 1.000000e+00 0.000000e+00
    outer loop
      vertex   2.059676e+01 1.200000e+01 1.158424e+01
      vertex   2.249408e+01 1.200000e+01 1.179649e+01
      vertex   2.244683e+01 1.200000e+01 1.139223e+01
    endloop
  endfacet
  facet normal 0.000000e+00 1.000000e+00 0.000000e+00
    outer loop
      vertex   2.059676e+01 1.200000e+01 1.158424e+01
      vertex   2.244683e+01 1.200000e+01 1.139223e+01
      vertex   2.050353e+01 1.200000e+01 1.132036e+01
    endloop
  endfacet
  facet normal -0.000000e+00 1.000000e+00 0.000000e+00
    outer loop
      vertex   2.050353e+01 1.200000e+01 1.132036e+01
      vertex   2.244683e+01 1.200000e+01 1.139223e+01
      vertex   2.235296e+01 1.200000e+01 1.099619e+01
    endloop
  endfacet
  facet normal 0.000000e+00 1.000000e+00 0.000000e+00
    outer loop
      vertex   2.050353e+01 1.200000e+01 1.132036e+01
      vertex   2.235296e+01 1.200000e+01 1.099619e+01
      vertex   2.036704e+01 1.200000e+01 1.107604e+01
    endloop
  endfacet
  facet normal 0.000000e+00 1.000000e+00 0.000000e+00
    outer loop
      vertex   2.036704e+01 1.200000e+01 1.107604e+01
      vertex   2.235296e+01 1.200000e+01 1.099619e+01
      vertex   2.221376e+01 1.200000e+01 1.061372e+01
    endloop
  endfacet
  facet normal 0.000000e+00 1.000000e+00 0.000000e+00
    outer loop
      vertex   2.036704e+01 1.200000e+01 1.107604e+01
      vertex   2.221376e+01 1.200000e+01 1.061372e+01
      vertex   2.019123e+01 1.200000e+01 1.085830e+01
    endloop
  endfacet
  facet normal 0.000000e+00 1.000000e+00 0.000000e+00
    outer loop
      vertex   2.019123e+01 1.200000e+01 1.085830e+01
      vertex   2.221376e+01 1.200000e+01 1.061372e+01
      vertex   1.998114e+01 1.200000e+01 1.067340e+01
    endloop
  endfacet
  facet normal 0.000000e+00 1.000000e+00 0.000000e+00
    outer loop
      vertex   1.998114e+01 1.200000e+01 1.067340e+01
      vertex   2.221376e+01 1.200000e+01 1.061372e+01
      vertex   2.203109e+01 1.200000e+01 1.025000e+01
    endloop
  endfacet
  facet normal 0.000000e+00 1.000000e+00 0.000000e+00
    outer loop
      vertex   1.998114e+01 1.200000e+01 1.067340e+01
      vertex   2.203109e+01 1.200000e+01 1.025000e+01
      vertex   1.974284e+01 1.200000e+01 1.052667e+01
    endloop
  endfacet
  facet normal 0.000000e+00 1.000000e+00 0.000000e+00
    outer loop
      vertex   1.974284e+01 1.200000e+01 1.052667e+01
      vertex   2.203109e+01 1.200000e+01 1.025000e+01
      vertex   2.180743e+01 1.200000e+01 9.909945e+00
    endloop
  endfacet
  facet normal 0.000000e+00 1.000000e+00 0.000000e+00
    outer loop
      vertex   1.974284e+01 1.200000e+01 1.052667e+01
      vertex   2.180743e+01 1.200000e+01 9.909945e+00
      vertex   1.948316e+01 1.200000e+01 1.042232e+01
    endloop
  endfacet
  facet normal 0.000000e+00 1.000000e+00 0.000000e+00
    outer loop
      vertex   1.948316e+01 1.200000e+01 1.042232e+01
      vertex   2.180743e+01 1.200000e+01 9.909945e+00
      vertex   2.154581e+01 1.200000e+01 9.598154e+00
    endloop
  endfacet
  facet normal 0.000000e+00 1.000000e+00 0.000000e+00
    outer loop
      vertex   1.948316e+01 1.200000e+01 1.042232e+01
      vertex   2.154581e+01 1.200000e+01 9.598154e+00
      vertex   1.920958e+01 1.200000e+01 1.036336e+01
    endloop
  endfacet
  facet normal 0.000000e+00 1.000000e+00 0.000000e+00
    outer loop
      vertex   1.920958e+01 1.200000e+01 1.036336e+01
      vertex   2.154581e+01 1.200000e+01 9.598154e+00
      vertex   2.124976e+01 1.200000e+01 9.318844e+00
    endloop
  endfacet
  facet normal 0.000000e+00 1.000000e+00 0.000000e+00
    outer loop
      vertex   1.920958e+01 1.200000e+01 1.036336e+01
      vertex   2.124976e+01 1.200000e+01 9.318844e+00
      vertex   2.092328e+01 1.200000e+01 9.075793e+00
    endloop
  endfacet
  facet normal 0.000000e+00 1.000000e+00 0.000000e+00
    outer loop
      vertex   1.920958e+01 1.200000e+01 1.036336e+01
      vertex   2.092328e+01 1.200000e+01 9.075793e+00
      vertex   1.892997e+01 1.200000e+01 1.035149e+01
    endloop
  endfacet
  facet normal 0.000000e+00 1.000000e+00 0.000000e+00
    outer loop
      vertex   1.892997e+01 1.200000e+01 1.035149e+01
      vertex   2.092328e+01 1.200000e+01 9.075793e+00
      vertex   2.057080e+01 1.200000e+01 8.872286e+00
    endloop
  endfacet
  facet normal 0.000000e+00 1.000000e+00 0.000000e+00
    outer loop
      vertex   1.892997e+01 1.200000e+01 1.035149e+01
      vertex   2.057080e+01 1.200000e+01 8.872286e+00
      vertex   2.019707e+01 1.200000e+01 8.711076e+00
    endloop
  endfacet
  facet normal 0.000000e+00 1.000000e+00 0.000000e+00
    outer loop
      vertex   2.019707e+01 1.200000e+01 8.711076e+00
      vertex   1.980716e+01 1.200000e+01 8.594343e+00
      vertex   1.892997e+01 1.200000e+01 1.035149e+01
    endloop
  endfacet
  facet normal 0.000000e+00 1.000000e+00 0.000000e+00
    outer loop
      vertex   1.892997e+01 1.200000e+01 1.035149e+01
      vertex   1.980716e+01 1.200000e+01 8.594343e+00
      vertex   1.940633e+01 1.200000e+01 8.523666e+00
    endloop
  endfacet
  facet normal 0.000000e+00 1.000000e+00 0.000000e+00
    outer loop
      vertex   1.892997e+01 1.200000e+01 1.035149e+01
      vertex   1.940633e+01 1.200000e+01 8.523666e+00
      vertex   1.900000e+01 1.200000e+01 8.500000e+00
    endloop
  endfacet
  facet normal -0.000000e+00 1.000000e+00 0.000000e+00
    outer loop
      vertex   6.500000e+00 1.200000e+01 8.500000e+00
      vertex   1.813489e+01 1.200000e+01 1.059498e+01
      vertex   1.900000e+01 1.200000e+01 8.500000e+00
    endloop
  endfacet
  facet normal 0.000000e+00 1.000000e+00 0.000000e+00
    outer loop
      vertex   1.900000e+01 1.200000e+01 8.500000e+00
      vertex   1.813489e+01 1.200000e+01 1.059498e+01
      vertex   1.838479e+01 1.200000e+01 1.046898e+01
    endloop
  endfacet
  facet normal 0.000000e+00 1.000000e+00 0.000000e+00
    outer loop
      vertex   1.900000e+01 1.200000e+01 8.500000e+00
      vertex   1.838479e+01 1.200000e+01 1.046898e+01
      vertex   1.865238e+01 1.200000e+01 1.038703e+01
    endloop
  endfacet
  facet normal 0.000000e+00 1.000000e+00 0.000000e+00
    outer loop
      vertex   6.500000e+00 1.200000e+01 1.550000e+01
      vertex   1.735000e+01 1.200000e+01 1.200000e+01
      vertex   6.500000e+00 1.200000e+01 8.500000e+00
    endloop
  endfacet
  facet normal 0.000000e+00 1.000000e+00 0.000000e+00
    outer loop
      vertex   6.500000e+00 1.200000e+01 8.500000e+00
      vertex   1.735000e+01 1.200000e+01 1.200000e+01
      vertex   1.737373e+01 1.200000e+01 1.172115e+01
    endloop
  endfacet
  facet normal 0.000000e+00 1.000000e+00 0.000000e+00
    outer loop
      vertex   6.500000e+00 1.200000e+01 8.500000e+00
      vertex   1.737373e+01 1.200000e+01 1.172115e+01
      vertex   1.744425e+01 1.200000e+01 1.145032e+01
    endloop
  endfacet
  facet normal 0.000000e+00 1.000000e+00 0.000000e+00
    outer loop
      vertex   1.744425e+01 1.200000e+01 1.145032e+01
      vertex   1.755953e+01 1.200000e+01 1.119530e+01
      vertex   6.500000e+00 1.200000e+01 8.500000e+00
    endloop
  endfacet
  facet normal 0.000000e+00 1.000000e+00 0.000000e+00
    outer loop
      vertex   6.500000e+00 1.200000e+01 8.500000e+00
      vertex   1.755953e+01 1.200000e+01 1.119530e+01
      vertex   1.771624e+01 1.200000e+01 1.096344e+01
    endloop
  endfacet
  facet normal 0.000000e+00 1.000000e+00 0.000000e+00
    outer loop
      vertex   6.500000e+00 1.200000e+01 8.500000e+00
      vertex   1.771624e+01 1.200000e+01 1.096344e+01
      vertex   1.790989e+01 1.200000e+01 1.076139e+01
    endloop
  endfacet
  facet normal 0.000000e+00 1.000000e+00 0.000000e+00
    outer loop
      vertex   1.790989e+01 1.200000e+01 1.076139e+01
      vertex   1.813489e+01 1.200000e+01 1.059498e+01
      vertex   6.500000e+00 1.200000e+01 8.500000e+00
    endloop
  endfacet
  facet normal 0.000000e+00 1.000000e+00 0.000000e+00
    outer loop
      vertex   1.865238e+01 1.200000e+01 1.038703e+01
      vertex   1.892997e+01 1.200000e+01 1.035149e+01
      vertex   1.900000e+01 1.200000e+01 8.500000e+00
    endloop
  endfacet
  facet normal 0.000000e+00 1.000000e+00 -0.000000e+00
    outer loop
      vertex   1.838479e+01 1.200000e+01 1.353102e+01
      vertex   1.813489e+01 1.200000e+01 1.340502e+01
      vertex   1.900000e+01 1.200000e+01 1.550000e+01
    endloop
  endfacet
  facet normal 0.000000e+00 1.000000e+00 0.000000e+00
    outer loop
      vertex   1.771624e+01 1.200000e+01 1.303656e+01
      vertex   1.755953e+01 1.200000e+01 1.280470e+01
      vertex   6.500000e+00 1.200000e+01 1.550000e+01
    endloop
  endfacet
  facet normal 0.000000e+00 1.000000e+00 0.000000e+00
    outer loop
      vertex   6.500000e+00 1.200000e+01 1.550000e+01
      vertex   1.755953e+01 1.200000e+01 1.280470e+01
      vertex   1.744425e+01 1.200000e+01 1.254968e+01
    endloop
  endfacet
  facet normal 0.000000e+00 1.000000e+00 0.000000e+00
    outer loop
      vertex   6.500000e+00 1.200000e+01 1.550000e+01
      vertex   1.744425e+01 1.200000e+01 1.254968e+01
      vertex   1.737373e+01 1.200000e+01 1.227885e+01
    endloop
  endfacet
  facet normal 0.000000e+00 1.000000e+00 0.000000e+00
    outer loop
      vertex   1.737373e+01 1.200000e+01 1.227885e+01
      vertex   1.735000e+01 1.200000e+01 1.200000e+01
      vertex   6.500000e+00 1.200000e+01 1.550000e+01
    endloop
  endfacet
  facet normal 9.963975e-01 -3.766140e-17 8.480592e-02
    outer loop
      vertex   1.737373e+01 8.000000e+00 1.172115e+01
      vertex   1.737373e+01 1.200000e+01 1.172115e+01
      vertex   1.735000e+01 8.000000e+00 1.200000e+01
    endloop
  endfacet
  facet normal 9.963975e-01 -0.000000e+00 8.480592e-02
    outer loop
      vertex   1.735000e+01 8.000000e+00 1.200000e+01
      vertex   1.737373e+01 1.200000e+01 1.172115e+01
      vertex   1.735000e+01 1.200000e+01 1.200000e+01
    endloop
  endfacet
  facet normal 9.963975e-01 0.000000e+00 -8.480592e-02
    outer loop
      vertex   1.735000e+01 8.000000e+00 1.200000e+01
      vertex   1.735000e+01 1.200000e+01 1.200000e+01
      vertex   1.737373e+01 8.000000e+00 1.227885e+01
    endloop
  endfacet
  facet normal 9.963975e-01 3.766140e-17 -8.480592e-02
    outer loop
      vertex   1.737373e+01 8.000000e+00 1.227885e+01
      vertex   1.735000e+01 1.200000e+01 1.200000e+01
      vertex   1.737373e+01 1.200000e+01 1.227885e+01
    endloop
  endfacet
  facet normal 9.677329e-01 1.119007e-16 -2.519781e-01
    outer loop
      vertex   1.737373e+01 8.000000e+00 1.227885e+01
      vertex   1.737373e+01 1.200000e+01 1.227885e+01
      vertex   1.744425e+01 8.000000e+00 1.254968e+01
    endloop
  endfacet
  facet normal 9.677329e-01 0.000000e+00 -2.519781e-01
    outer loop
      vertex   1.744425e+01 8.000000e+00 1.254968e+01
      vertex   1.737373e+01 1.200000e+01 1.227885e+01
      vertex   1.744425e+01 1.200000e+01 1.254968e+01
    endloop
  endfacet
  facet normal 9.112285e-01 0.000000e+00 -4.119012e-01
    outer loop
      vertex   1.744425e+01 8.000000e+00 1.254968e+01
      vertex   1.744425e+01 1.200000e+01 1.254968e+01
      vertex   1.755953e+01 8.000000e+00 1.280470e+01
    endloop
  endfacet
  facet normal 9.112285e-01 0.000000e+00 -4.119012e-01
    outer loop
      vertex   1.755953e+01 8.000000e+00 1.280470e+01
      vertex   1.744425e+01 1.200000e+01 1.254968e+01
      vertex   1.755953e+01 1.200000e+01 1.280470e+01
    endloop
  endfacet
  facet normal 8.285096e-01 0.000000e+00 -5.599748e-01
    outer loop
      vertex   1.755953e+01 8.000000e+00 1.280470e+01
      vertex   1.755953e+01 1.200000e+01 1.280470e+01
      vertex   1.771624e+01 8.000000e+00 1.303656e+01
    endloop
  endfacet
  facet normal 8.285096e-01 0.000000e+00 -5.599748e-01
    outer loop
      vertex   1.771624e+01 8.000000e+00 1.303656e+01
      vertex   1.755953e+01 1.200000e+01 1.280470e+01
      vertex   1.771624e+01 1.200000e+01 1.303656e+01
    endloop
  endfacet
  facet normal 7.219561e-01 0.000000e+00 -6.919389e-01
    outer loop
      vertex   1.771624e+01 8.000000e+00 1.303656e+01
      vertex   1.771624e+01 1.200000e+01 1.303656e+01
      vertex   1.790989e+01 8.000000e+00 1.323861e+01
    endloop
  endfacet
  facet normal 7.219561e-01 0.000000e+00 -6.919389e-01
    outer loop
      vertex   1.790989e+01 8.000000e+00 1.323861e+01
      vertex   1.771624e+01 1.200000e+01 1.303656e+01
      vertex   1.790989e+01 1.200000e+01 1.323861e+01
    endloop
  endfacet
  facet normal 5.946332e-01 0.000000e+00 -8.039971e-01
    outer loop
      vertex   1.790989e+01 8.000000e+00 1.323861e+01
      vertex   1.790989e+01 1.200000e+01 1.323861e+01
      vertex   1.813489e+01 8.000000e+00 1.340502e+01
    endloop
  endfacet
  facet normal 5.946332e-01 0.000000e+00 -8.039971e-01
    outer loop
      vertex   1.813489e+01 8.000000e+00 1.340502e+01
      vertex   1.790989e+01 1.200000e+01 1.323861e+01
      vertex   1.813489e+01 1.200000e+01 1.340502e+01
    endloop
  endfacet
  facet normal 4.502037e-01 0.000000e+00 -8.929259e-01
    outer loop
      vertex   1.813489e+01 8.000000e+00 1.340502e+01
      vertex   1.813489e+01 1.200000e+01 1.340502e+01
      vertex   1.838479e+01 8.000000e+00 1.353102e+01
    endloop
  endfacet
  facet normal 4.502037e-01 0.000000e+00 -8.929259e-01
    outer loop
      vertex   1.838479e+01 8.000000e+00 1.353102e+01
      vertex   1.813489e+01 1.200000e+01 1.340502e+01
      vertex   1.838479e+01 1.200000e+01 1.353102e+01
    endloop
  endfacet
  facet normal 2.928228e-01 0.000000e+00 -9.561667e-01
    outer loop
      vertex   1.838479e+01 8.000000e+00 1.353102e+01
      vertex   1.838479e+01 1.200000e+01 1.353102e+01
      vertex   1.865238e+01 8.000000e+00 1.361297e+01
    endloop
  endfacet
  facet normal 2.928228e-01 0.000000e+00 -9.561667e-01
    outer loop
      vertex   1.865238e+01 8.000000e+00 1.361297e+01
      vertex   1.838479e+01 1.200000e+01 1.353102e+01
      vertex   1.865238e+01 1.200000e+01 1.361297e+01
    endloop
  endfacet
  facet normal 1.270178e-01 0.000000e+00 -9.919004e-01
    outer loop
      vertex   1.865238e+01 8.000000e+00 1.361297e+01
      vertex   1.865238e+01 1.200000e+01 1.361297e+01
      vertex   1.892997e+01 8.000000e+00 1.364851e+01
    endloop
  endfacet
  facet normal 1.270178e-01 0.000000e+00 -9.919004e-01
    outer loop
      vertex   1.892997e+01 8.000000e+00 1.364851e+01
      vertex   1.865238e+01 1.200000e+01 1.361297e+01
      vertex   1.892997e+01 1.200000e+01 1.364851e+01
    endloop
  endfacet
  facet normal -4.244120e-02 0.000000e+00 -9.990990e-01
    outer loop
      vertex   1.892997e+01 8.000000e+00 1.364851e+01
      vertex   1.892997e+01 1.200000e+01 1.364851e+01
      vertex   1.920958e+01 8.000000e+00 1.363664e+01
    endloop
  endfacet
  facet normal -4.244120e-02 -8.496828e-16 -9.990990e-01
    outer loop
      vertex   1.920958e+01 8.000000e+00 1.363664e+01
      vertex   1.892997e+01 1.200000e+01 1.364851e+01
      vertex   1.920958e+01 1.200000e+01 1.363664e+01
    endloop
  endfacet
  facet normal -2.106793e-01 -6.811227e-16 -9.775552e-01
    outer loop
      vertex   1.920958e+01 8.000000e+00 1.363664e+01
      vertex   1.920958e+01 1.200000e+01 1.363664e+01
      vertex   1.948316e+01 8.000000e+00 1.357768e+01
    endloop
  endfacet
  facet normal -2.106793e-01 0.000000e+00 -9.775552e-01
    outer loop
      vertex   1.948316e+01 8.000000e+00 1.357768e+01
      vertex   1.920958e+01 1.200000e+01 1.363664e+01
      vertex   1.948316e+01 1.200000e+01 1.357768e+01
    endloop
  endfacet
  facet normal -3.728565e-01 0.000000e+00 -9.278890e-01
    outer loop
      vertex   1.948316e+01 8.000000e+00 1.357768e+01
      vertex   1.948316e+01 1.200000e+01 1.357768e+01
      vertex   1.974284e+01 8.000000e+00 1.347333e+01
    endloop
  endfacet
  facet normal -3.728565e-01 0.000000e+00 -9.278890e-01
    outer loop
      vertex   1.974284e+01 8.000000e+00 1.347333e+01
      vertex   1.948316e+01 1.200000e+01 1.357768e+01
      vertex   1.974284e+01 1.200000e+01 1.347333e+01
    endloop
  endfacet
  facet normal -5.243073e-01 0.000000e+00 -8.515291e-01
    outer loop
      vertex   1.974284e+01 8.000000e+00 1.347333e+01
      vertex   1.974284e+01 1.200000e+01 1.347333e+01
      vertex   1.998114e+01 8.000000e+00 1.332660e+01
    endloop
  endfacet
  facet normal -5.243073e-01 -4.656784e-16 -8.515291e-01
    outer loop
      vertex   1.998114e+01 8.000000e+00 1.332660e+01
      vertex   1.974284e+01 1.200000e+01 1.347333e+01
      vertex   1.998114e+01 1.200000e+01 1.332660e+01
    endloop
  endfacet
  facet normal -6.606747e-01 -5.867970e-16 -7.506723e-01
    outer loop
      vertex   1.998114e+01 8.000000e+00 1.332660e+01
      vertex   1.998114e+01 1.200000e+01 1.332660e+01
      vertex   2.019123e+01 8.000000e+00 1.314170e+01
    endloop
  endfacet
  facet normal -6.606747e-01 0.000000e+00 -7.506723e-01
    outer loop
      vertex   2.019123e+01 8.000000e+00 1.314170e+01
      vertex   1.998114e+01 1.200000e+01 1.332660e+01
      vertex   2.019123e+01 1.200000e+01 1.314170e+01
    endloop
  endfacet
  facet normal -7.780358e-01 0.000000e+00 -6.282200e-01
    outer loop
      vertex   2.019123e+01 8.000000e+00 1.314170e+01
      vertex   2.019123e+01 1.200000e+01 1.314170e+01
      vertex   2.036704e+01 8.000000e+00 1.292396e+01
    endloop
  endfacet
  facet normal -7.780358e-01 0.000000e+00 -6.282200e-01
    outer loop
      vertex   2.036704e+01 8.000000e+00 1.292396e+01
      vertex   2.019123e+01 1.200000e+01 1.314170e+01
      vertex   2.036704e+01 1.200000e+01 1.292396e+01
    endloop
  endfacet
  facet normal -8.730141e-01 0.000000e+00 -4.876949e-01
    outer loop
      vertex   2.036704e+01 8.000000e+00 1.292396e+01
      vertex   2.036704e+01 1.200000e+01 1.292396e+01
      vertex   2.050353e+01 8.000000e+00 1.267964e+01
    endloop
  endfacet
  facet normal -8.730141e-01 0.000000e+00 -4.876949e-01
    outer loop
      vertex   2.050353e+01 8.000000e+00 1.267964e+01
      vertex   2.036704e+01 1.200000e+01 1.292396e+01
      vertex   2.050353e+01 1.200000e+01 1.267964e+01
    endloop
  endfacet
  facet normal -9.428774e-01 0.000000e+00 -3.331398e-01
    outer loop
      vertex   2.050353e+01 8.000000e+00 1.267964e+01
      vertex   2.050353e+01 1.200000e+01 1.267964e+01
      vertex   2.059676e+01 8.000000e+00 1.241576e+01
    endloop
  endfacet
  facet normal -9.428774e-01 -1.479438e-16 -3.331398e-01
    outer loop
      vertex   2.059676e+01 8.000000e+00 1.241576e+01
      vertex   2.050353e+01 1.200000e+01 1.267964e+01
      vertex   2.059676e+01 1.200000e+01 1.241576e+01
    endloop
  endfacet
  facet normal -9.856159e-01 -7.505144e-17 -1.690008e-01
    outer loop
      vertex   2.059676e+01 8.000000e+00 1.241576e+01
      vertex   2.059676e+01 1.200000e+01 1.241576e+01
      vertex   2.064406e+01 8.000000e+00 1.213993e+01
    endloop
  endfacet
  facet normal -9.856159e-01 0.000000e+00 -1.690008e-01
    outer loop
      vertex   2.064406e+01 8.000000e+00 1.213993e+01
      vertex   2.059676e+01 1.200000e+01 1.241576e+01
      vertex   2.064406e+01 1.200000e+01 1.213993e+01
    endloop
  endfacet
  facet normal -1.000000e+00 0.000000e+00 0.000000e+00
    outer loop
      vertex   2.064406e+01 8.000000e+00 1.213993e+01
      vertex   2.064406e+01 1.200000e+01 1.213993e+01
      vertex   2.064406e+01 8.000000e+00 1.186007e+01
    endloop
  endfacet
  facet normal -1.000000e+00 0.000000e+00 0.000000e+00
    outer loop
      vertex   2.064406e+01 8.000000e+00 1.186007e+01
      vertex   2.064406e+01 1.200000e+01 1.213993e+01
      vertex   2.064406e+01 1.200000e+01 1.186007e+01
    endloop
  endfacet
  facet normal -9.856159e-01 0.000000e+00 1.690008e-01
    outer loop
      vertex   2.064406e+01 8.000000e+00 1.186007e+01
      vertex   2.064406e+01 1.200000e+01 1.186007e+01
      vertex   2.059676e+01 8.000000e+00 1.158424e+01
    endloop
  endfacet
  facet normal -9.856159e-01 7.505144e-17 1.690008e-01
    outer loop
      vertex   2.059676e+01 8.000000e+00 1.158424e+01
      vertex   2.064406e+01 1.200000e+01 1.186007e+01
      vertex   2.059676e+01 1.200000e+01 1.158424e+01
    endloop
  endfacet
  facet normal -9.428774e-01 1.479438e-16 3.331398e-01
    outer loop
      vertex   2.059676e+01 8.000000e+00 1.158424e+01
      vertex   2.059676e+01 1.200000e+01 1.158424e+01
      vertex   2.050353e+01 8.000000e+00 1.132036e+01
    endloop
  endfacet
  facet normal -9.428774e-01 0.000000e+00 3.331398e-01
    outer loop
      vertex   2.050353e+01 8.000000e+00 1.132036e+01
      vertex   2.059676e+01 1.200000e+01 1.158424e+01
      vertex   2.050353e+01 1.200000e+01 1.132036e+01
    endloop
  endfacet
  facet normal -8.730141e-01 0.000000e+00 4.876949e-01
    outer loop
      vertex   2.050353e+01 8.000000e+00 1.132036e+01
      vertex   2.050353e+01 1.200000e+01 1.132036e+01
      vertex   2.036704e+01 8.000000e+00 1.107604e+01
    endloop
  endfacet
  facet normal -8.730141e-01 0.000000e+00 4.876949e-01
    outer loop
      vertex   2.036704e+01 8.000000e+00 1.107604e+01
      vertex   2.050353e+01 1.200000e+01 1.132036e+01
      vertex   2.036704e+01 1.200000e+01 1.107604e+01
    endloop
  endfacet
  facet normal -7.780358e-01 0.000000e+00 6.282200e-01
    outer loop
      vertex   2.036704e+01 8.000000e+00 1.107604e+01
      vertex   2.036704e+01 1.200000e+01 1.107604e+01
      vertex   2.019123e+01 8.000000e+00 1.085830e+01
    endloop
  endfacet
  facet normal -7.780358e-01 0.000000e+00 6.282200e-01
    outer loop
      vertex   2.019123e+01 8.000000e+00 1.085830e+01
      vertex   2.036704e+01 1.200000e+01 1.107604e+01
      vertex   2.019123e+01 1.200000e+01 1.085830e+01
    endloop
  endfacet
  facet normal -6.606747e-01 0.000000e+00 7.506723e-01
    outer loop
      vertex   2.019123e+01 8.000000e+00 1.085830e+01
      vertex   2.019123e+01 1.200000e+01 1.085830e+01
      vertex   1.998114e+01 8.000000e+00 1.067340e+01
    endloop
  endfacet
  facet normal -6.606747e-01 5.867970e-16 7.506723e-01
    outer loop
      vertex   1.998114e+01 8.000000e+00 1.067340e+01
      vertex   2.019123e+01 1.200000e+01 1.085830e+01
      vertex   1.998114e+01 1.200000e+01 1.067340e+01
    endloop
  endfacet
  facet normal -5.243073e-01 4.656784e-16 8.515291e-01
    outer loop
      vertex   1.998114e+01 8.000000e+00 1.067340e+01
      vertex   1.998114e+01 1.200000e+01 1.067340e+01
      vertex   1.974284e+01 8.000000e+00 1.052667e+01
    endloop
  endfacet
  facet normal -5.243073e-01 0.000000e+00 8.515291e-01
    outer loop
      vertex   1.974284e+01 8.000000e+00 1.052667e+01
      vertex   1.998114e+01 1.200000e+01 1.067340e+01
      vertex   1.974284e+01 1.200000e+01 1.052667e+01
    endloop
  endfacet
  facet normal -3.728565e-01 0.000000e+00 9.278890e-01
    outer loop
      vertex   1.974284e+01 8.000000e+00 1.052667e+01
      vertex   1.974284e+01 1.200000e+01 1.052667e+01
      vertex   1.948316e+01 8.000000e+00 1.042232e+01
    endloop
  endfacet
  facet normal -3.728565e-01 0.000000e+00 9.278890e-01
    outer loop
      vertex   1.948316e+01 8.000000e+00 1.042232e+01
      vertex   1.974284e+01 1.200000e+01 1.052667e+01
      vertex   1.948316e+01 1.200000e+01 1.042232e+01
    endloop
  endfacet
  facet normal -2.106793e-01 0.000000e+00 9.775552e-01
    outer loop
      vertex   1.948316e+01 8.000000e+00 1.042232e+01
      vertex   1.948316e+01 1.200000e+01 1.042232e+01
      vertex   1.920958e+01 8.000000e+00 1.036336e+01
    endloop
  endfacet
  facet normal -2.106793e-01 6.811227e-16 9.775552e-01
    outer loop
      vertex   1.920958e+01 8.000000e+00 1.036336e+01
      vertex   1.948316e+01 1.200000e+01 1.042232e+01
      vertex   1.920958e+01 1.200000e+01 1.036336e+01
    endloop
  endfacet
  facet normal -4.244120e-02 8.496828e-16 9.990990e-01
    outer loop
      vertex   1.920958e+01 8.000000e+00 1.036336e+01
      vertex   1.920958e+01 1.200000e+01 1.036336e+01
      vertex   1.892997e+01 8.000000e+00 1.035149e+01
    endloop
  endfacet
  facet normal -4.244120e-02 0.000000e+00 9.990990e-01
    outer loop
      vertex   1.892997e+01 8.000000e+00 1.035149e+01
      vertex   1.920958e+01 1.200000e+01 1.036336e+01
      vertex   1.892997e+01 1.200000e+01 1.035149e+01
    endloop
  endfacet
  facet normal 1.270178e-01 -0.000000e+00 9.919004e-01
    outer loop
      vertex   1.892997e+01 8.000000e+00 1.035149e+01
      vertex   1.892997e+01 1.200000e+01 1.035149e+01
      vertex   1.865238e+01 8.000000e+00 1.038703e+01
    endloop
  endfacet
  facet normal 1.270178e-01 -0.000000e+00 9.919004e-01
    outer loop
      vertex   1.865238e+01 8.000000e+00 1.038703e+01
      vertex   1.892997e+01 1.200000e+01 1.035149e+01
      vertex   1.865238e+01 1.200000e+01 1.038703e+01
    endloop
  endfacet
  facet normal 2.928228e-01 -0.000000e+00 9.561667e-01
    outer loop
      vertex   1.865238e+01 8.000000e+00 1.038703e+01
      vertex   1.865238e+01 1.200000e+01 1.038703e+01
      vertex   1.838479e+01 8.000000e+00 1.046898e+01
    endloop
  endfacet
  facet normal 2.928228e-01 -0.000000e+00 9.561667e-01
    outer loop
      vertex   1.838479e+01 8.000000e+00 1.046898e+01
      vertex   1.865238e+01 1.200000e+01 1.038703e+01
      vertex   1.838479e+01 1.200000e+01 1.046898e+01
    endloop
  endfacet
  facet normal 4.502037e-01 -0.000000e+00 8.929259e-01
    outer loop
      vertex   1.838479e+01 8.000000e+00 1.046898e+01
      vertex   1.838479e+01 1.200000e+01 1.046898e+01
      vertex   1.813489e+01 8.000000e+00 1.059498e+01
    endloop
  endfacet
  facet normal 4.502037e-01 -0.000000e+00 8.929259e-01
    outer loop
      vertex   1.813489e+01 8.000000e+00 1.059498e+01
      vertex   1.838479e+01 1.200000e+01 1.046898e+01
      vertex   1.813489e+01 1.200000e+01 1.059498e+01
    endloop
  endfacet
  facet normal 5.946332e-01 -0.000000e+00 8.039971e-01
    outer loop
      vertex   1.813489e+01 8.000000e+00 1.059498e+01
      vertex   1.813489e+01 1.200000e+01 1.059498e+01
      vertex   1.790989e+01 8.000000e+00 1.076139e+01
    endloop
  endfacet
  facet normal 5.946332e-01 -0.000000e+00 8.039971e-01
    outer loop
      vertex   1.790989e+01 8.000000e+00 1.076139e+01
      vertex   1.813489e+01 1.200000e+01 1.059498e+01
      vertex   1.790989e+01 1.200000e+01 1.076139e+01
    endloop
  endfacet
  facet normal 7.219561e-01 -0.000000e+00 6.919389e-01
    outer loop
      vertex   1.790989e+01 8.000000e+00 1.076139e+01
      vertex   1.790989e+01 1.200000e+01 1.076139e+01
      vertex   1.771624e+01 8.000000e+00 1.096344e+01
    endloop
  endfacet
  facet normal 7.219561e-01 -0.000000e+00 6.919389e-01
    outer loop
      vertex   1.771624e+01 8.000000e+00 1.096344e+01
      vertex   1.790989e+01 1.200000e+01 1.076139e+01
      vertex   1.771624e+01 1.200000e+01 1.096344e+01
    endloop
  endfacet
  facet normal 8.285096e-01 -0.000000e+00 5.599748e-01
    outer loop
      vertex   1.771624e+01 8.000000e+00 1.096344e+01
      vertex   1.771624e+01 1.200000e+01 1.096344e+01
      vertex   1.755953e+01 8.000000e+00 1.119530e+01
    endloop
  endfacet
  facet normal 8.285096e-01 -0.000000e+00 5.599748e-01
    outer loop
      vertex   1.755953e+01 8.000000e+00 1.119530e+01
      vertex   1.771624e+01 1.200000e+01 1.096344e+01
      vertex   1.755953e+01 1.200000e+01 1.119530e+01
    endloop
  endfacet
  facet normal 9.112285e-01 -0.000000e+00 4.119012e-01
    outer loop
      vertex   1.755953e+01 8.000000e+00 1.119530e+01
      vertex   1.755953e+01 1.200000e+01 1.119530e+01
      vertex   1.744425e+01 8.000000e+00 1.145032e+01
    endloop
  endfacet
  facet normal 9.112285e-01 -0.000000e+00 4.119012e-01
    outer loop
      vertex   1.744425e+01 8.000000e+00 1.145032e+01
      vertex   1.755953e+01 1.200000e+01 1.119530e+01
      vertex   1.744425e+01 1.200000e+01 1.145032e+01
    endloop
  endfacet
  facet normal 9.677329e-01 -0.000000e+00 2.519781e-01
    outer loop
      vertex   1.744425e+01 8.000000e+00 1.145032e+01
      vertex   1.744425e+01 1.200000e+01 1.145032e+01
      vertex   1.737373e+01 8.000000e+00 1.172115e+01
    endloop
  endfacet
  facet normal 9.677329e-01 -1.119007e-16 2.519781e-01
    outer loop
      vertex   1.737373e+01 8.000000e+00 1.172115e+01
      vertex   1.744425e+01 1.200000e+01 1.145032e+01
      vertex   1.737373e+01 1.200000e+01 1.172115e+01
    endloop
  endfacet
  facet normal 4.906767e-02 -9.987955e-01 0.000000e+00
    outer loop
      vertex   6.500000e+00 8.000000e+00 8.500000e+00
      vertex   6.500000e+00 8.000000e+00 1.550000e+01
      vertex   6.352974e+00 7.992777e+00 8.490369e+00
    endloop
  endfacet
  facet normal 4.906767e-02 -9.987955e-01 -2.527641e-16
    outer loop
      vertex   6.352974e+00 7.992777e+00 8.490369e+00
      vertex   6.500000e+00 8.000000e+00 1.550000e+01
      vertex   6.352974e+00 7.992777e+00 1.550963e+01
    endloop
  endfacet
  facet normal 1.359317e-01 -9.907182e-01 -2.507200e-16
    outer loop
      vertex   6.352974e+00 7.992777e+00 8.490369e+00
      vertex   6.352974e+00 7.992777e+00 1.550963e+01
      vertex   6.239528e+00 7.977212e+00 1.200000e+01
    endloop
  endfacet
  facet normal 1.466620e-01 -9.891866e-01 -3.536432e-04
    outer loop
      vertex   6.239528e+00 7.977212e+00 1.200000e+01
      vertex   6.352974e+00 7.992777e+00 1.550963e+01
      vertex   6.207365e+00 7.971178e+00 1.553843e+01
    endloop
  endfacet
  facet normal 2.431549e-01 -9.699873e-01 5.561856e-04
    outer loop
      vertex   6.239528e+00 7.977212e+00 1.200000e+01
      vertex   6.207365e+00 7.971178e+00 1.553843e+01
      vertex   6.064573e+00 7.935411e+00 1.558612e+01
    endloop
  endfacet
  facet normal 2.588188e-01 -9.659249e-01 1.367726e-03
    outer loop
      vertex   6.239528e+00 7.977212e+00 1.200000e+01
      vertex   6.064573e+00 7.935411e+00 1.558612e+01
      vertex   5.986970e+00 7.909539e+00 1.200000e+01
    endloop
  endfacet
  facet normal 3.366815e-01 -9.416185e-01 -4.925686e-04
    outer loop
      vertex   5.986970e+00 7.909539e+00 1.200000e+01
      vertex   6.064573e+00 7.935411e+00 1.558612e+01
      vertex   5.925975e+00 7.885819e+00 1.565224e+01
    endloop
  endfacet
  facet normal 4.226180e-01 -9.063072e-01 1.171961e-03
    outer loop
      vertex   5.986970e+00 7.909539e+00 1.200000e+01
      vertex   5.925975e+00 7.885819e+00 1.565224e+01
      vertex   5.750000e+00 7.799038e+00 1.200000e+01
    endloop
  endfacet
  facet normal 4.279944e-01 -9.037810e-01 8.528841e-04
    outer loop
      vertex   5.750000e+00 7.799038e+00 1.200000e+01
      vertex   5.925975e+00 7.885819e+00 1.565224e+01
      vertex   5.792905e+00 7.822882e+00 1.573616e+01
    endloop
  endfacet
  facet normal 5.138522e-01 -8.578786e-01 -4.260248e-04
    outer loop
      vertex   5.750000e+00 7.799038e+00 1.200000e+01
      vertex   5.792905e+00 7.822882e+00 1.573616e+01
      vertex   5.666645e+00 7.747205e+00 1.583706e+01
    endloop
  endfacet
  facet normal 5.735759e-01 -8.191512e-01 1.394554e-03
    outer loop
      vertex   5.750000e+00 7.799038e+00 1.200000e+01
      vertex   5.666645e+00 7.747205e+00 1.583706e+01
      vertex   5.535819e+00 7.649067e+00 1.200000e+01
    endloop
  endfacet
  facet normal 5.958427e-01 -8.031011e-01 2.248543e-04
    outer loop
      vertex   5.535819e+00 7.649067e+00 1.200000e+01
      vertex   5.666645e+00 7.747205e+00 1.583706e+01
      vertex   5.548410e+00 7.659516e+00 1.595398e+01
    endloop
  endfacet
  facet normal 6.714396e-01 -7.410592e-01 -1.798403e-04
    outer loop
      vertex   5.535819e+00 7.649067e+00 1.200000e+01
      vertex   5.548410e+00 7.659516e+00 1.595398e+01
      vertex   5.439340e+00 7.560660e+00 1.608579e+01
    endloop
  endfacet
  facet normal 7.071061e-01 -7.071061e-01 1.397025e-03
    outer loop
      vertex   5.535819e+00 7.649067e+00 1.200000e+01
      vertex   5.439340e+00 7.560660e+00 1.608579e+01
      vertex   5.350933e+00 7.464182e+00 1.200000e+01
    endloop
  endfacet
  facet normal 7.408388e-01 -6.716829e-01 -1.693253e-04
    outer loop
      vertex   5.350933e+00 7.464182e+00 1.200000e+01
      vertex   5.439340e+00 7.560660e+00 1.608579e+01
      vertex   5.340484e+00 7.451590e+00 1.623121e+01
    endloop
  endfacet
  facet normal 8.033425e-01 -5.955172e-01 2.116865e-04
    outer loop
      vertex   5.350933e+00 7.464182e+00 1.200000e+01
      vertex   5.340484e+00 7.451590e+00 1.623121e+01
      vertex   5.252796e+00 7.333355e+00 1.638886e+01
    endloop
  endfacet
  facet normal 8.191514e-01 -5.735760e-01 1.219221e-03
    outer loop
      vertex   5.350933e+00 7.464182e+00 1.200000e+01
      vertex   5.252796e+00 7.333355e+00 1.638886e+01
      vertex   5.200962e+00 7.250000e+00 1.200000e+01
    endloop
  endfacet
  facet normal 8.575187e-01 -5.144527e-01 -3.568065e-04
    outer loop
      vertex   5.200962e+00 7.250000e+00 1.200000e+01
      vertex   5.252796e+00 7.333355e+00 1.638886e+01
      vertex   5.177118e+00 7.207095e+00 1.655721e+01
    endloop
  endfacet
  facet normal 9.043565e-01 -4.267772e-01 7.136954e-04
    outer loop
      vertex   5.200962e+00 7.250000e+00 1.200000e+01
      vertex   5.177118e+00 7.207095e+00 1.655721e+01
      vertex   5.114181e+00 7.074025e+00 1.673463e+01
    endloop
  endfacet
  facet normal 9.063074e-01 -4.226181e-01 9.040370e-04
    outer loop
      vertex   5.200962e+00 7.250000e+00 1.200000e+01
      vertex   5.114181e+00 7.074025e+00 1.673463e+01
      vertex   5.090461e+00 7.013030e+00 1.200000e+01
    endloop
  endfacet
  facet normal 9.413872e-01 -3.373277e-01 -3.704781e-04
    outer loop
      vertex   5.090461e+00 7.013030e+00 1.200000e+01
      vertex   5.114181e+00 7.074025e+00 1.673463e+01
      vertex   5.064589e+00 6.935427e+00 1.691943e+01
    endloop
  endfacet
  facet normal 9.659253e-01 -2.588189e-01 9.970323e-04
    outer loop
      vertex   5.090461e+00 7.013030e+00 1.200000e+01
      vertex   5.064589e+00 6.935427e+00 1.691943e+01
      vertex   5.022788e+00 6.760472e+00 1.200000e+01
    endloop
  endfacet
  facet normal 9.701508e-01 -2.425023e-01 3.808446e-04
    outer loop
      vertex   5.022788e+00 6.760472e+00 1.200000e+01
      vertex   5.064589e+00 6.935427e+00 1.691943e+01
      vertex   5.028822e+00 6.792636e+00 1.710982e+01
    endloop
  endfacet
  facet normal 9.891295e-01 -1.470467e-01 -2.424008e-04
    outer loop
      vertex   5.022788e+00 6.760472e+00 1.200000e+01
      vertex   5.028822e+00 6.792636e+00 1.710982e+01
      vertex   5.007223e+00 6.647026e+00 1.730397e+01
    endloop
  endfacet
  facet normal 9.987955e-01 -4.906767e-02 -1.188569e-17
    outer loop
      vertex   5.000000e+00 6.500000e+00 1.750000e+01
      vertex   5.000000e+00 6.500000e+00 6.500000e+00
      vertex   5.007223e+00 6.647026e+00 1.730397e+01
    endloop
  endfacet
  facet normal 9.947415e-01 -1.024153e-01 7.286906e-04
    outer loop
      vertex   5.007223e+00 6.647026e+00 1.730397e+01
      vertex   5.000000e+00 6.500000e+00 6.500000e+00
      vertex   5.022788e+00 6.760472e+00 1.200000e+01
    endloop
  endfacet
  facet normal 9.989168e-01 -4.649082e-02 -1.937112e-03
    outer loop
      vertex   5.000000e+00 6.500000e+00 6.500000e+00
      vertex   5.007223e+00 6.647026e+00 6.696034e+00
      vertex   5.022788e+00 6.760472e+00 1.200000e+01
    endloop
  endfacet
  facet normal 9.891295e-01 -1.470467e-01 2.424008e-04
    outer loop
      vertex   5.022788e+00 6.760472e+00 1.200000e+01
      vertex   5.007223e+00 6.647026e+00 6.696034e+00
      vertex   5.028822e+00 6.792636e+00 6.890180e+00
    endloop
  endfacet
  facet normal 9.701508e-01 -2.425023e-01 -3.808446e-04
    outer loop
      vertex   5.022788e+00 6.760472e+00 1.200000e+01
      vertex   5.028822e+00 6.792636e+00 6.890180e+00
      vertex   5.064589e+00 6.935427e+00 7.080569e+00
    endloop
  endfacet
  facet normal 9.659253e-01 -2.588189e-01 -9.970323e-04
    outer loop
      vertex   5.022788e+00 6.760472e+00 1.200000e+01
      vertex   5.064589e+00 6.935427e+00 7.080569e+00
      vertex   5.090461e+00 7.013030e+00 1.200000e+01
    endloop
  endfacet
  facet normal 9.413872e-01 -3.373277e-01 3.704781e-04
    outer loop
      vertex   5.090461e+00 7.013030e+00 1.200000e+01
      vertex   5.064589e+00 6.935427e+00 7.080569e+00
      vertex   5.114181e+00 7.074025e+00 7.265367e+00
    endloop
  endfacet
  facet normal 9.063074e-01 -4.226181e-01 -9.040370e-04
    outer loop
      vertex   5.090461e+00 7.013030e+00 1.200000e+01
      vertex   5.114181e+00 7.074025e+00 7.265367e+00
      vertex   5.200962e+00 7.250000e+00 1.200000e+01
    endloop
  endfacet
  facet normal 9.043565e-01 -4.267772e-01 -7.136954e-04
    outer loop
      vertex   5.200962e+00 7.250000e+00 1.200000e+01
      vertex   5.114181e+00 7.074025e+00 7.265367e+00
      vertex   5.177118e+00 7.207095e+00 7.442793e+00
    endloop
  endfacet
  facet normal 8.575187e-01 -5.144527e-01 3.568065e-04
    outer loop
      vertex   5.200962e+00 7.250000e+00 1.200000e+01
      vertex   5.177118e+00 7.207095e+00 7.442793e+00
      vertex   5.252796e+00 7.333355e+00 7.611140e+00
    endloop
  endfacet
  facet normal 8.191514e-01 -5.735760e-01 -1.219221e-03
    outer loop
      vertex   5.200962e+00 7.250000e+00 1.200000e+01
      vertex   5.252796e+00 7.333355e+00 7.611140e+00
      vertex   5.350933e+00 7.464182e+00 1.200000e+01
    endloop
  endfacet
  facet normal 8.033425e-01 -5.955172e-01 -2.116865e-04
    outer loop
      vertex   5.350933e+00 7.464182e+00 1.200000e+01
      vertex   5.252796e+00 7.333355e+00 7.611140e+00
      vertex   5.340484e+00 7.451590e+00 7.768786e+00
    endloop
  endfacet
  facet normal 7.408388e-01 -6.716829e-01 1.693253e-04
    outer loop
      vertex   5.350933e+00 7.464182e+00 1.200000e+01
      vertex   5.340484e+00 7.451590e+00 7.768786e+00
      vertex   5.439340e+00 7.560660e+00 7.914213e+00
    endloop
  endfacet
  facet normal 7.071061e-01 -7.071061e-01 -1.397025e-03
    outer loop
      vertex   5.350933e+00 7.464182e+00 1.200000e+01
      vertex   5.439340e+00 7.560660e+00 7.914213e+00
      vertex   5.535819e+00 7.649067e+00 1.200000e+01
    endloop
  endfacet
  facet normal 6.714396e-01 -7.410592e-01 1.798403e-04
    outer loop
      vertex   5.535819e+00 7.649067e+00 1.200000e+01
      vertex   5.439340e+00 7.560660e+00 7.914213e+00
      vertex   5.548410e+00 7.659516e+00 8.046021e+00
    endloop
  endfacet
  facet normal 5.958427e-01 -8.031011e-01 -2.248543e-04
    outer loop
      vertex   5.535819e+00 7.649067e+00 1.200000e+01
      vertex   5.548410e+00 7.659516e+00 8.046021e+00
      vertex   5.666645e+00 7.747205e+00 8.162939e+00
    endloop
  endfacet
  facet normal 5.735759e-01 -8.191512e-01 -1.394554e-03
    outer loop
      vertex   5.535819e+00 7.649067e+00 1.200000e+01
      vertex   5.666645e+00 7.747205e+00 8.162939e+00
      vertex   5.750000e+00 7.799038e+00 1.200000e+01
    endloop
  endfacet
  facet normal 5.138522e-01 -8.578786e-01 4.260248e-04
    outer loop
      vertex   5.750000e+00 7.799038e+00 1.200000e+01
      vertex   5.666645e+00 7.747205e+00 8.162939e+00
      vertex   5.792905e+00 7.822882e+00 8.263842e+00
    endloop
  endfacet
  facet normal 4.279944e-01 -9.037810e-01 -8.528841e-04
    outer loop
      vertex   5.750000e+00 7.799038e+00 1.200000e+01
      vertex   5.792905e+00 7.822882e+00 8.263842e+00
      vertex   5.925975e+00 7.885819e+00 8.347759e+00
    endloop
  endfacet
  facet normal 4.226180e-01 -9.063072e-01 -1.171961e-03
    outer loop
      vertex   5.750000e+00 7.799038e+00 1.200000e+01
      vertex   5.925975e+00 7.885819e+00 8.347759e+00
      vertex   5.986970e+00 7.909539e+00 1.200000e+01
    endloop
  endfacet
  facet normal 3.366815e-01 -9.416185e-01 4.925686e-04
    outer loop
      vertex   5.986970e+00 7.909539e+00 1.200000e+01
      vertex   5.925975e+00 7.885819e+00 8.347759e+00
      vertex   6.064573e+00 7.935411e+00 8.413881e+00
    endloop
  endfacet
  facet normal 2.588188e-01 -9.659249e-01 -1.367726e-03
    outer loop
      vertex   5.986970e+00 7.909539e+00 1.200000e+01
      vertex   6.064573e+00 7.935411e+00 8.413881e+00
      vertex   6.239528e+00 7.977212e+00 1.200000e+01
    endloop
  endfacet
  facet normal 2.431549e-01 -9.699873e-01 -5.561856e-04
    outer loop
      vertex   6.239528e+00 7.977212e+00 1.200000e+01
      vertex   6.064573e+00 7.935411e+00 8.413881e+00
      vertex   6.207365e+00 7.971178e+00 8.461570e+00
    endloop
  endfacet
  facet normal 1.466620e-01 -9.891866e-01 3.536432e-04
    outer loop
      vertex   6.239528e+00 7.977212e+00 1.200000e+01
      vertex   6.207365e+00 7.971178e+00 8.461570e+00
      vertex   6.352974e+00 7.992777e+00 8.490369e+00
    endloop
  endfacet
  facet normal 9.989168e-01 4.649082e-02 1.937112e-03
    outer loop
      vertex   5.007223e+00 1.335297e+01 1.730397e+01
      vertex   5.022788e+00 1.323953e+01 1.200000e+01
      vertex   5.000000e+00 1.350000e+01 1.750000e+01
    endloop
  endfacet
  facet normal 9.947415e-01 1.024153e-01 -7.286906e-04
    outer loop
      vertex   5.000000e+00 1.350000e+01 1.750000e+01
      vertex   5.022788e+00 1.323953e+01 1.200000e+01
      vertex   5.007223e+00 1.335297e+01 6.696034e+00
    endloop
  endfacet
  facet normal 9.987955e-01 4.906767e-02 2.377137e-17
    outer loop
      vertex   5.000000e+00 1.350000e+01 1.750000e+01
      vertex   5.007223e+00 1.335297e+01 6.696034e+00
      vertex   5.000000e+00 1.350000e+01 6.500000e+00
    endloop
  endfacet
  facet normal 9.891295e-01 1.470467e-01 -2.424008e-04
    outer loop
      vertex   5.007223e+00 1.335297e+01 1.730397e+01
      vertex   5.028822e+00 1.320736e+01 1.710982e+01
      vertex   5.022788e+00 1.323953e+01 1.200000e+01
    endloop
  endfacet
  facet normal 9.701508e-01 2.425023e-01 3.808446e-04
    outer loop
      vertex   5.022788e+00 1.323953e+01 1.200000e+01
      vertex   5.028822e+00 1.320736e+01 1.710982e+01
      vertex   5.064589e+00 1.306457e+01 1.691943e+01
    endloop
  endfacet
  facet normal 9.659253e-01 2.588189e-01 9.970323e-04
    outer loop
      vertex   5.022788e+00 1.323953e+01 1.200000e+01
      vertex   5.064589e+00 1.306457e+01 1.691943e+01
      vertex   5.090461e+00 1.298697e+01 1.200000e+01
    endloop
  endfacet
  facet normal 9.413872e-01 3.373277e-01 -3.704781e-04
    outer loop
      vertex   5.090461e+00 1.298697e+01 1.200000e+01
      vertex   5.064589e+00 1.306457e+01 1.691943e+01
      vertex   5.114181e+00 1.292598e+01 1.673463e+01
    endloop
  endfacet
  facet normal 9.063074e-01 4.226181e-01 9.040370e-04
    outer loop
      vertex   5.090461e+00 1.298697e+01 1.200000e+01
      vertex   5.114181e+00 1.292598e+01 1.673463e+01
      vertex   5.200962e+00 1.275000e+01 1.200000e+01
    endloop
  endfacet
  facet normal 9.043565e-01 4.267772e-01 7.136954e-04
    outer loop
      vertex   5.200962e+00 1.275000e+01 1.200000e+01
      vertex   5.114181e+00 1.292598e+01 1.673463e+01
      vertex   5.177118e+00 1.279291e+01 1.655721e+01
    endloop
  endfacet
  facet normal 8.575187e-01 5.144527e-01 -3.568065e-04
    outer loop
      vertex   5.200962e+00 1.275000e+01 1.200000e+01
      vertex   5.177118e+00 1.279291e+01 1.655721e+01
      vertex   5.252796e+00 1.266664e+01 1.638886e+01
    endloop
  endfacet
  facet normal 8.191514e-01 5.735760e-01 1.219221e-03
    outer loop
      vertex   5.200962e+00 1.275000e+01 1.200000e+01
      vertex   5.252796e+00 1.266664e+01 1.638886e+01
      vertex   5.350933e+00 1.253582e+01 1.200000e+01
    endloop
  endfacet
  facet normal 8.033425e-01 5.955172e-01 2.116865e-04
    outer loop
      vertex   5.350933e+00 1.253582e+01 1.200000e+01
      vertex   5.252796e+00 1.266664e+01 1.638886e+01
      vertex   5.340484e+00 1.254841e+01 1.623121e+01
    endloop
  endfacet
  facet normal 7.408388e-01 6.716829e-01 -1.693253e-04
    outer loop
      vertex   5.350933e+00 1.253582e+01 1.200000e+01
      vertex   5.340484e+00 1.254841e+01 1.623121e+01
      vertex   5.439340e+00 1.243934e+01 1.608579e+01
    endloop
  endfacet
  facet normal 7.071061e-01 7.071061e-01 1.397025e-03
    outer loop
      vertex   5.350933e+00 1.253582e+01 1.200000e+01
      vertex   5.439340e+00 1.243934e+01 1.608579e+01
      vertex   5.535819e+00 1.235093e+01 1.200000e+01
    endloop
  endfacet
  facet normal 6.714396e-01 7.410592e-01 -1.798403e-04
    outer loop
      vertex   5.535819e+00 1.235093e+01 1.200000e+01
      vertex   5.439340e+00 1.243934e+01 1.608579e+01
      vertex   5.548410e+00 1.234048e+01 1.595398e+01
    endloop
  endfacet
  facet normal 5.958427e-01 8.031011e-01 2.248543e-04
    outer loop
      vertex   5.535819e+00 1.235093e+01 1.200000e+01
      vertex   5.548410e+00 1.234048e+01 1.595398e+01
      vertex   5.666645e+00 1.225280e+01 1.583706e+01
    endloop
  endfacet
  facet normal 5.735759e-01 8.191512e-01 1.394554e-03
    outer loop
      vertex   5.535819e+00 1.235093e+01 1.200000e+01
      vertex   5.666645e+00 1.225280e+01 1.583706e+01
      vertex   5.750000e+00 1.220096e+01 1.200000e+01
    endloop
  endfacet
  facet normal 5.138522e-01 8.578786e-01 -4.260248e-04
    outer loop
      vertex   5.750000e+00 1.220096e+01 1.200000e+01
      vertex   5.666645e+00 1.225280e+01 1.583706e+01
      vertex   5.792905e+00 1.217712e+01 1.573616e+01
    endloop
  endfacet
  facet normal 4.279944e-01 9.037810e-01 8.528841e-04
    outer loop
      vertex   5.750000e+00 1.220096e+01 1.200000e+01
      vertex   5.792905e+00 1.217712e+01 1.573616e+01
      vertex   5.925975e+00 1.211418e+01 1.565224e+01
    endloop
  endfacet
  facet normal 4.226180e-01 9.063072e-01 1.171961e-03
    outer loop
      vertex   5.750000e+00 1.220096e+01 1.200000e+01
      vertex   5.925975e+00 1.211418e+01 1.565224e+01
      vertex   5.986970e+00 1.209046e+01 1.200000e+01
    endloop
  endfacet
  facet normal 3.366815e-01 9.416185e-01 -4.925686e-04
    outer loop
      vertex   5.986970e+00 1.209046e+01 1.200000e+01
      vertex   5.925975e+00 1.211418e+01 1.565224e+01
      vertex   6.064573e+00 1.206459e+01 1.558612e+01
    endloop
  endfacet
  facet normal 2.588188e-01 9.659249e-01 1.367726e-03
    outer loop
      vertex   5.986970e+00 1.209046e+01 1.200000e+01
      vertex   6.064573e+00 1.206459e+01 1.558612e+01
      vertex   6.239528e+00 1.202279e+01 1.200000e+01
    endloop
  endfacet
  facet normal 2.431549e-01 9.699873e-01 5.561856e-04
    outer loop
      vertex   6.239528e+00 1.202279e+01 1.200000e+01
      vertex   6.064573e+00 1.206459e+01 1.558612e+01
      vertex   6.207365e+00 1.202882e+01 1.553843e+01
    endloop
  endfacet
  facet normal 1.466620e-01 9.891866e-01 -3.536432e-04
    outer loop
      vertex   6.239528e+00 1.202279e+01 1.200000e+01
      vertex   6.207365e+00 1.202882e+01 1.553843e+01
      vertex   6.352974e+00 1.200722e+01 1.550963e+01
    endloop
  endfacet
  facet normal 4.906767e-02 9.987955e-01 0.000000e+00
    outer loop
      vertex   6.500000e+00 1.200000e+01 1.550000e+01
      vertex   6.500000e+00 1.200000e+01 8.500000e+00
      vertex   6.352974e+00 1.200722e+01 1.550963e+01
    endloop
  endfacet
  facet normal 4.906767e-02 9.987955e-01 5.055282e-16
    outer loop
      vertex   6.352974e+00 1.200722e+01 1.550963e+01
      vertex   6.500000e+00 1.200000e+01 8.500000e+00
      vertex   6.352974e+00 1.200722e+01 8.490369e+00
    endloop
  endfacet
  facet normal 1.359317e-01 9.907182e-01 5.014400e-16
    outer loop
      vertex   6.352974e+00 1.200722e+01 1.550963e+01
      vertex   6.352974e+00 1.200722e+01 8.490369e+00
      vertex   6.239528e+00 1.202279e+01 1.200000e+01
    endloop
  endfacet
  facet normal 1.466620e-01 9.891866e-01 3.536432e-04
    outer loop
      vertex   6.239528e+00 1.202279e+01 1.200000e+01
      vertex   6.352974e+00 1.200722e+01 8.490369e+00
      vertex   6.207365e+00 1.202882e+01 8.461570e+00
    endloop
  endfacet
  facet normal 2.431549e-01 9.699873e-01 -5.561856e-04
    outer loop
      vertex   6.239528e+00 1.202279e+01 1.200000e+01
      vertex   6.207365e+00 1.202882e+01 8.461570e+00
      vertex   6.064573e+00 1.206459e+01 8.413881e+00
    endloop
  endfacet
  facet normal 2.588188e-01 9.659249e-01 -1.367726e-03
    outer loop
      vertex   6.239528e+00 1.202279e+01 1.200000e+01
      vertex   6.064573e+00 1.206459e+01 8.413881e+00
      vertex   5.986970e+00 1.209046e+01 1.200000e+01
    endloop
  endfacet
  facet normal 3.366815e-01 9.416185e-01 4.925686e-04
    outer loop
      vertex   5.986970e+00 1.209046e+01 1.200000e+01
      vertex   6.064573e+00 1.206459e+01 8.413881e+00
      vertex   5.925975e+00 1.211418e+01 8.347759e+00
    endloop
  endfacet
  facet normal 4.226180e-01 9.063072e-01 -1.171961e-03
    outer loop
      vertex   5.986970e+00 1.209046e+01 1.200000e+01
      vertex   5.925975e+00 1.211418e+01 8.347759e+00
      vertex   5.750000e+00 1.220096e+01 1.200000e+01
    endloop
  endfacet
  facet normal 4.279944e-01 9.037810e-01 -8.528841e-04
    outer loop
      vertex   5.750000e+00 1.220096e+01 1.200000e+01
      vertex   5.925975e+00 1.211418e+01 8.347759e+00
      vertex   5.792905e+00 1.217712e+01 8.263842e+00
    endloop
  endfacet
  facet normal 5.138522e-01 8.578786e-01 4.260248e-04
    outer loop
      vertex   5.750000e+00 1.220096e+01 1.200000e+01
      vertex   5.792905e+00 1.217712e+01 8.263842e+00
      vertex   5.666645e+00 1.225280e+01 8.162939e+00
    endloop
  endfacet
  facet normal 5.735759e-01 8.191512e-01 -1.394554e-03
    outer loop
      vertex   5.750000e+00 1.220096e+01 1.200000e+01
      vertex   5.666645e+00 1.225280e+01 8.162939e+00
      vertex   5.535819e+00 1.235093e+01 1.200000e+01
    endloop
  endfacet
  facet normal 5.958427e-01 8.031011e-01 -2.248543e-04
    outer loop
      vertex   5.535819e+00 1.235093e+01 1.200000e+01
      vertex   5.666645e+00 1.225280e+01 8.162939e+00
      vertex   5.548410e+00 1.234048e+01 8.046021e+00
    endloop
  endfacet
  facet normal 6.714396e-01 7.410592e-01 1.798403e-04
    outer loop
      vertex   5.535819e+00 1.235093e+01 1.200000e+01
      vertex   5.548410e+00 1.234048e+01 8.046021e+00
      vertex   5.439340e+00 1.243934e+01 7.914213e+00
    endloop
  endfacet
  facet normal 7.071061e-01 7.071061e-01 -1.397025e-03
    outer loop
      vertex   5.535819e+00 1.235093e+01 1.200000e+01
      vertex   5.439340e+00 1.243934e+01 7.914213e+00
      vertex   5.350933e+00 1.253582e+01 1.200000e+01
    endloop
  endfacet
  facet normal 7.408388e-01 6.716829e-01 1.693253e-04
    outer loop
      vertex   5.350933e+00 1.253582e+01 1.200000e+01
      vertex   5.439340e+00 1.243934e+01 7.914213e+00
      vertex   5.340484e+00 1.254841e+01 7.768786e+00
    endloop
  endfacet
  facet normal 8.033425e-01 5.955172e-01 -2.116865e-04
    outer loop
      vertex   5.350933e+00 1.253582e+01 1.200000e+01
      vertex   5.340484e+00 1.254841e+01 7.768786e+00
      vertex   5.252796e+00 1.266664e+01 7.611140e+00
    endloop
  endfacet
  facet normal 8.191514e-01 5.735760e-01 -1.219221e-03
    outer loop
      vertex   5.350933e+00 1.253582e+01 1.200000e+01
      vertex   5.252796e+00 1.266664e+01 7.611140e+00
      vertex   5.200962e+00 1.275000e+01 1.200000e+01
    endloop
  endfacet
  facet normal 8.575187e-01 5.144527e-01 3.568065e-04
    outer loop
      vertex   5.200962e+00 1.275000e+01 1.200000e+01
      vertex   5.252796e+00 1.266664e+01 7.611140e+00
      vertex   5.177118e+00 1.279291e+01 7.442793e+00
    endloop
  endfacet
  facet normal 9.043565e-01 4.267772e-01 -7.136954e-04
    outer loop
      vertex   5.200962e+00 1.275000e+01 1.200000e+01
      vertex   5.177118e+00 1.279291e+01 7.442793e+00
      vertex   5.114181e+00 1.292598e+01 7.265367e+00
    endloop
  endfacet
  facet normal 9.063074e-01 4.226181e-01 -9.040370e-04
    outer loop
      vertex   5.200962e+00 1.275000e+01 1.200000e+01
      vertex   5.114181e+00 1.292598e+01 7.265367e+00
      vertex   5.090461e+00 1.298697e+01 1.200000e+01
    endloop
  endfacet
  facet normal 9.413872e-01 3.373277e-01 3.704781e-04
    outer loop
      vertex   5.090461e+00 1.298697e+01 1.200000e+01
      vertex   5.114181e+00 1.292598e+01 7.265367e+00
      vertex   5.064589e+00 1.306457e+01 7.080569e+00
    endloop
  endfacet
  facet normal 9.659253e-01 2.588189e-01 -9.970323e-04
    outer loop
      vertex   5.090461e+00 1.298697e+01 1.200000e+01
      vertex   5.064589e+00 1.306457e+01 7.080569e+00
      vertex   5.022788e+00 1.323953e+01 1.200000e+01
    endloop
  endfacet
  facet normal 9.701508e-01 2.425023e-01 -3.808446e-04
    outer loop
      vertex   5.022788e+00 1.323953e+01 1.200000e+01
      vertex   5.064589e+00 1.306457e+01 7.080569e+00
      vertex   5.028822e+00 1.320736e+01 6.890180e+00
    endloop
  endfacet
  facet normal 9.891295e-01 1.470467e-01 2.424008e-04
    outer loop
      vertex   5.022788e+00 1.323953e+01 1.200000e+01
      vertex   5.028822e+00 1.320736e+01 6.890180e+00
      vertex   5.007223e+00 1.335297e+01 6.696034e+00
    endloop
  endfacet
  facet normal 0.000000e+00 -1.000000e+00 0.000000e+00
    outer loop
      vertex   6.500000e+00 8.000000e+00 1.550000e+01
      vertex   1.813489e+01 8.000000e+00 1.340502e+01
      vertex   1.900000e+01 8.000000e+00 1.550000e+01
    endloop
  endfacet
  facet normal 0.000000e+00 -1.000000e+00 0.000000e+00
    outer loop
      vertex   1.900000e+01 8.000000e+00 1.550000e+01
      vertex   1.813489e+01 8.000000e+00 1.340502e+01
      vertex   1.838479e+01 8.000000e+00 1.353102e+01
    endloop
  endfacet
  facet normal 0.000000e+00 -1.000000e+00 0.000000e+00
    outer loop
      vertex   1.900000e+01 8.000000e+00 1.550000e+01
      vertex   1.838479e+01 8.000000e+00 1.353102e+01
      vertex   1.865238e+01 8.000000e+00 1.361297e+01
    endloop
  endfacet
  facet normal 0.000000e+00 -1.000000e+00 0.000000e+00
    outer loop
      vertex   6.500000e+00 8.000000e+00 8.500000e+00
      vertex   1.735000e+01 8.000000e+00 1.200000e+01
      vertex   6.500000e+00 8.000000e+00 1.550000e+01
    endloop
  endfacet
  facet normal 0.000000e+00 -1.000000e+00 0.000000e+00
    outer loop
      vertex   6.500000e+00 8.000000e+00 1.550000e+01
      vertex   1.735000e+01 8.000000e+00 1.200000e+01
      vertex   1.737373e+01 8.000000e+00 1.227885e+01
    endloop
  endfacet
  facet normal 0.000000e+00 -1.000000e+00 0.000000e+00
    outer loop
      vertex   6.500000e+00 8.000000e+00 1.550000e+01
      vertex   1.737373e+01 8.000000e+00 1.227885e+01
      vertex   1.744425e+01 8.000000e+00 1.254968e+01
    endloop
  endfacet
  facet normal 0.000000e+00 -1.000000e+00 0.000000e+00
    outer loop
      vertex   1.900000e+01 8.000000e+00 8.500000e+00
      vertex   1.813489e+01 8.000000e+00 1.059498e+01
      vertex   6.500000e+00 8.000000e+00 8.500000e+00
    endloop
  endfacet
  facet normal 0.000000e+00 -1.000000e+00 0.000000e+00
    outer loop
      vertex   6.500000e+00 8.000000e+00 8.500000e+00
      vertex   1.813489e+01 8.000000e+00 1.059498e+01
      vertex   1.790989e+01 8.000000e+00 1.076139e+01
    endloop
  endfacet
  facet normal 0.000000e+00 -1.000000e+00 0.000000e+00
    outer loop
      vertex   6.500000e+00 8.000000e+00 8.500000e+00
      vertex   1.790989e+01 8.000000e+00 1.076139e+01
      vertex   1.771624e+01 8.000000e+00 1.096344e+01
    endloop
  endfacet
  facet normal 4.362152e-15 -1.000000e+00 1.649878e-16
    outer loop
      vertex   1.940633e+01 8.000000e+00 8.523666e+00
      vertex   1.892997e+01 8.000000e+00 1.035149e+01
      vertex   1.900000e+01 8.000000e+00 8.500000e+00
    endloop
  endfacet
  facet normal 0.000000e+00 -1.000000e+00 0.000000e+00
    outer loop
      vertex   1.900000e+01 8.000000e+00 8.500000e+00
      vertex   1.892997e+01 8.000000e+00 1.035149e+01
      vertex   1.865238e+01 8.000000e+00 1.038703e+01
    endloop
  endfacet
  facet normal 0.000000e+00 -1.000000e+00 0.000000e+00
    outer loop
      vertex   1.900000e+01 8.000000e+00 8.500000e+00
      vertex   1.865238e+01 8.000000e+00 1.038703e+01
      vertex   1.838479e+01 8.000000e+00 1.046898e+01
    endloop
  endfacet
  facet normal 1.638337e-16 -1.000000e+00 -9.291468e-16
    outer loop
      vertex   1.940633e+01 8.000000e+00 8.523666e+00
      vertex   1.980716e+01 8.000000e+00 8.594343e+00
      vertex   1.892997e+01 8.000000e+00 1.035149e+01
    endloop
  endfacet
  facet normal 2.633023e-16 -1.000000e+00 -8.794911e-16
    outer loop
      vertex   1.892997e+01 8.000000e+00 1.035149e+01
      vertex   1.980716e+01 8.000000e+00 8.594343e+00
      vertex   2.019707e+01 8.000000e+00 8.711076e+00
    endloop
  endfacet
  facet normal 3.503663e-16 -1.000000e+00 -8.122404e-16
    outer loop
      vertex   1.892997e+01 8.000000e+00 1.035149e+01
      vertex   2.019707e+01 8.000000e+00 8.711076e+00
      vertex   2.057080e+01 8.000000e+00 8.872286e+00
    endloop
  endfacet
  facet normal 4.226526e-16 -1.000000e+00 -7.320558e-16
    outer loop
      vertex   2.057080e+01 8.000000e+00 8.872286e+00
      vertex   2.092328e+01 8.000000e+00 9.075793e+00
      vertex   1.892997e+01 8.000000e+00 1.035149e+01
    endloop
  endfacet
  facet normal 5.546930e-17 -1.000000e+00 -1.305791e-15
    outer loop
      vertex   1.892997e+01 8.000000e+00 1.035149e+01
      vertex   2.092328e+01 8.000000e+00 9.075793e+00
      vertex   1.920958e+01 8.000000e+00 1.036336e+01
    endloop
  endfacet
  facet normal 5.159012e-16 -1.000000e+00 -6.929756e-16
    outer loop
      vertex   1.920958e+01 8.000000e+00 1.036336e+01
      vertex   2.092328e+01 8.000000e+00 9.075793e+00
      vertex   2.124976e+01 8.000000e+00 9.318844e+00
    endloop
  endfacet
  facet normal -1.546272e-15 -1.000000e+00 -4.720855e-15
    outer loop
      vertex   1.920958e+01 8.000000e+00 1.036336e+01
      vertex   2.124976e+01 8.000000e+00 9.318844e+00
      vertex   2.154581e+01 8.000000e+00 9.598154e+00
    endloop
  endfacet
  facet normal 0.000000e+00 -1.000000e+00 0.000000e+00
    outer loop
      vertex   1.920958e+01 8.000000e+00 1.036336e+01
      vertex   2.154581e+01 8.000000e+00 9.598154e+00
      vertex   1.948316e+01 8.000000e+00 1.042232e+01
    endloop
  endfacet
  facet normal 0.000000e+00 -1.000000e+00 0.000000e+00
    outer loop
      vertex   1.948316e+01 8.000000e+00 1.042232e+01
      vertex   2.154581e+01 8.000000e+00 9.598154e+00
      vertex   2.180743e+01 8.000000e+00 9.909945e+00
    endloop
  endfacet
  facet normal 0.000000e+00 -1.000000e+00 0.000000e+00
    outer loop
      vertex   1.948316e+01 8.000000e+00 1.042232e+01
      vertex   2.180743e+01 8.000000e+00 9.909945e+00
      vertex   1.974284e+01 8.000000e+00 1.052667e+01
    endloop
  endfacet
  facet normal 0.000000e+00 -1.000000e+00 0.000000e+00
    outer loop
      vertex   1.974284e+01 8.000000e+00 1.052667e+01
      vertex   2.180743e+01 8.000000e+00 9.909945e+00
      vertex   2.203109e+01 8.000000e+00 1.025000e+01
    endloop
  endfacet
  facet normal 0.000000e+00 -1.000000e+00 0.000000e+00
    outer loop
      vertex   1.974284e+01 8.000000e+00 1.052667e+01
      vertex   2.203109e+01 8.000000e+00 1.025000e+01
      vertex   1.998114e+01 8.000000e+00 1.067340e+01
    endloop
  endfacet
  facet normal 0.000000e+00 -1.000000e+00 0.000000e+00
    outer loop
      vertex   1.998114e+01 8.000000e+00 1.067340e+01
      vertex   2.203109e+01 8.000000e+00 1.025000e+01
      vertex   2.221376e+01 8.000000e+00 1.061372e+01
    endloop
  endfacet
  facet normal 0.000000e+00 -1.000000e+00 0.000000e+00
    outer loop
      vertex   1.998114e+01 8.000000e+00 1.067340e+01
      vertex   2.221376e+01 8.000000e+00 1.061372e+01
      vertex   2.019123e+01 8.000000e+00 1.085830e+01
    endloop
  endfacet
  facet normal 0.000000e+00 -1.000000e+00 0.000000e+00
    outer loop
      vertex   2.019123e+01 8.000000e+00 1.085830e+01
      vertex   2.221376e+01 8.000000e+00 1.061372e+01
      vertex   2.036704e+01 8.000000e+00 1.107604e+01
    endloop
  endfacet
  facet normal 0.000000e+00 -1.000000e+00 0.000000e+00
    outer loop
      vertex   2.036704e+01 8.000000e+00 1.107604e+01
      vertex   2.221376e+01 8.000000e+00 1.061372e+01
      vertex   2.235296e+01 8.000000e+00 1.099619e+01
    endloop
  endfacet
  facet normal 0.000000e+00 -1.000000e+00 0.000000e+00
    outer loop
      vertex   2.036704e+01 8.000000e+00 1.107604e+01
      vertex   2.235296e+01 8.000000e+00 1.099619e+01
      vertex   2.050353e+01 8.000000e+00 1.132036e+01
    endloop
  endfacet
  facet normal 0.000000e+00 -1.000000e+00 0.000000e+00
    outer loop
      vertex   2.050353e+01 8.000000e+00 1.132036e+01
      vertex   2.235296e+01 8.000000e+00 1.099619e+01
      vertex   2.244683e+01 8.000000e+00 1.139223e+01
    endloop
  endfacet
  facet normal 0.000000e+00 -1.000000e+00 0.000000e+00
    outer loop
      vertex   2.050353e+01 8.000000e+00 1.132036e+01
      vertex   2.244683e+01 8.000000e+00 1.139223e+01
      vertex   2.059676e+01 8.000000e+00 1.158424e+01
    endloop
  endfacet
  facet normal 0.000000e+00 -1.000000e+00 0.000000e+00
    outer loop
      vertex   2.059676e+01 8.000000e+00 1.158424e+01
      vertex   2.244683e+01 8.000000e+00 1.139223e+01
      vertex   2.249408e+01 8.000000e+00 1.179649e+01
    endloop
  endfacet
  facet normal 0.000000e+00 -1.000000e+00 0.000000e+00
    outer loop
      vertex   2.059676e+01 8.000000e+00 1.158424e+01
      vertex   2.249408e+01 8.000000e+00 1.179649e+01
      vertex   2.064406e+01 8.000000e+00 1.186007e+01
    endloop
  endfacet
  facet normal 0.000000e+00 -1.000000e+00 0.000000e+00
    outer loop
      vertex   2.064406e+01 8.000000e+00 1.186007e+01
      vertex   2.249408e+01 8.000000e+00 1.179649e+01
      vertex   2.249408e+01 8.000000e+00 1.220351e+01
    endloop
  endfacet
  facet normal 0.000000e+00 -1.000000e+00 0.000000e+00
    outer loop
      vertex   2.064406e+01 8.000000e+00 1.186007e+01
      vertex   2.249408e+01 8.000000e+00 1.220351e+01
      vertex   2.064406e+01 8.000000e+00 1.213993e+01
    endloop
  endfacet
  facet normal 0.000000e+00 -1.000000e+00 0.000000e+00
    outer loop
      vertex   2.064406e+01 8.000000e+00 1.213993e+01
      vertex   2.249408e+01 8.000000e+00 1.220351e+01
      vertex   2.059676e+01 8.000000e+00 1.241576e+01
    endloop
  endfacet
  facet normal 0.000000e+00 -1.000000e+00 0.000000e+00
    outer loop
      vertex   2.059676e+01 8.000000e+00 1.241576e+01
      vertex   2.249408e+01 8.000000e+00 1.220351e+01
      vertex   2.244683e+01 8.000000e+00 1.260777e+01
    endloop
  endfacet
  facet normal 0.000000e+00 -1.000000e+00 0.000000e+00
    outer loop
      vertex   2.059676e+01 8.000000e+00 1.241576e+01
      vertex   2.244683e+01 8.000000e+00 1.260777e+01
      vertex   2.050353e+01 8.000000e+00 1.267964e+01
    endloop
  endfacet
  facet normal 0.000000e+00 -1.000000e+00 0.000000e+00
    outer loop
      vertex   2.050353e+01 8.000000e+00 1.267964e+01
      vertex   2.244683e+01 8.000000e+00 1.260777e+01
      vertex   2.235296e+01 8.000000e+00 1.300381e+01
    endloop
  endfacet
  facet normal 0.000000e+00 -1.000000e+00 0.000000e+00
    outer loop
      vertex   2.050353e+01 8.000000e+00 1.267964e+01
      vertex   2.235296e+01 8.000000e+00 1.300381e+01
      vertex   2.036704e+01 8.000000e+00 1.292396e+01
    endloop
  endfacet
  facet normal 0.000000e+00 -1.000000e+00 0.000000e+00
    outer loop
      vertex   2.036704e+01 8.000000e+00 1.292396e+01
      vertex   2.235296e+01 8.000000e+00 1.300381e+01
      vertex   2.221376e+01 8.000000e+00 1.338628e+01
    endloop
  endfacet
  facet normal 0.000000e+00 -1.000000e+00 0.000000e+00
    outer loop
      vertex   2.036704e+01 8.000000e+00 1.292396e+01
      vertex   2.221376e+01 8.000000e+00 1.338628e+01
      vertex   2.019123e+01 8.000000e+00 1.314170e+01
    endloop
  endfacet
  facet normal 0.000000e+00 -1.000000e+00 0.000000e+00
    outer loop
      vertex   2.019123e+01 8.000000e+00 1.314170e+01
      vertex   2.221376e+01 8.000000e+00 1.338628e+01
      vertex   1.998114e+01 8.000000e+00 1.332660e+01
    endloop
  endfacet
  facet normal 0.000000e+00 -1.000000e+00 0.000000e+00
    outer loop
      vertex   1.998114e+01 8.000000e+00 1.332660e+01
      vertex   2.221376e+01 8.000000e+00 1.338628e+01
      vertex   2.203109e+01 8.000000e+00 1.375000e+01
    endloop
  endfacet
  facet normal 0.000000e+00 -1.000000e+00 0.000000e+00
    outer loop
      vertex   1.998114e+01 8.000000e+00 1.332660e+01
      vertex   2.203109e+01 8.000000e+00 1.375000e+01
      vertex   1.974284e+01 8.000000e+00 1.347333e+01
    endloop
  endfacet
  facet normal 0.000000e+00 -1.000000e+00 0.000000e+00
    outer loop
      vertex   1.974284e+01 8.000000e+00 1.347333e+01
      vertex   2.203109e+01 8.000000e+00 1.375000e+01
      vertex   2.180743e+01 8.000000e+00 1.409006e+01
    endloop
  endfacet
  facet normal 0.000000e+00 -1.000000e+00 0.000000e+00
    outer loop
      vertex   1.974284e+01 8.000000e+00 1.347333e+01
      vertex   2.180743e+01 8.000000e+00 1.409006e+01
      vertex   1.948316e+01 8.000000e+00 1.357768e+01
    endloop
  endfacet
  facet normal 0.000000e+00 -1.000000e+00 0.000000e+00
    outer loop
      vertex   1.948316e+01 8.000000e+00 1.357768e+01
      vertex   2.180743e+01 8.000000e+00 1.409006e+01
      vertex   2.154581e+01 8.000000e+00 1.440185e+01
    endloop
  endfacet
  facet normal 0.000000e+00 -1.000000e+00 0.000000e+00
    outer loop
      vertex   1.948316e+01 8.000000e+00 1.357768e+01
      vertex   2.154581e+01 8.000000e+00 1.440185e+01
      vertex   1.920958e+01 8.000000e+00 1.363664e+01
    endloop
  endfacet
  facet normal 1.546272e-15 -1.000000e+00 -4.720855e-15
    outer loop
      vertex   1.920958e+01 8.000000e+00 1.363664e+01
      vertex   2.154581e+01 8.000000e+00 1.440185e+01
      vertex   2.124976e+01 8.000000e+00 1.468116e+01
    endloop
  endfacet
  facet normal -5.159012e-16 -1.000000e+00 -6.929756e-16
    outer loop
      vertex   1.920958e+01 8.000000e+00 1.363664e+01
      vertex   2.124976e+01 8.000000e+00 1.468116e+01
      vertex   2.092328e+01 8.000000e+00 1.492421e+01
    endloop
  endfacet
  facet normal -5.546930e-17 -1.000000e+00 -1.305791e-15
    outer loop
      vertex   1.920958e+01 8.000000e+00 1.363664e+01
      vertex   2.092328e+01 8.000000e+00 1.492421e+01
      vertex   1.892997e+01 8.000000e+00 1.364851e+01
    endloop
  endfacet
  facet normal -4.226526e-16 -1.000000e+00 -7.320558e-16
    outer loop
      vertex   1.892997e+01 8.000000e+00 1.364851e+01
      vertex   2.092328e+01 8.000000e+00 1.492421e+01
      vertex   2.057080e+01 8.000000e+00 1.512771e+01
    endloop
  endfacet
  facet normal -3.503663e-16 -1.000000e+00 -8.122404e-16
    outer loop
      vertex   1.892997e+01 8.000000e+00 1.364851e+01
      vertex   2.057080e+01 8.000000e+00 1.512771e+01
      vertex   2.019707e+01 8.000000e+00 1.528892e+01
    endloop
  endfacet
  facet normal -2.633023e-16 -1.000000e+00 -8.794911e-16
    outer loop
      vertex   2.019707e+01 8.000000e+00 1.528892e+01
      vertex   1.980716e+01 8.000000e+00 1.540566e+01
      vertex   1.892997e+01 8.000000e+00 1.364851e+01
    endloop
  endfacet
  facet normal -1.638337e-16 -1.000000e+00 -9.291468e-16
    outer loop
      vertex   1.892997e+01 8.000000e+00 1.364851e+01
      vertex   1.980716e+01 8.000000e+00 1.540566e+01
      vertex   1.940633e+01 8.000000e+00 1.547633e+01
    endloop
  endfacet
  facet normal -4.362152e-15 -1.000000e+00 1.649878e-16
    outer loop
      vertex   1.892997e+01 8.000000e+00 1.364851e+01
      vertex   1.940633e+01 8.000000e+00 1.547633e+01
      vertex   1.900000e+01 8.000000e+00 1.550000e+01
    endloop
  endfacet
  facet normal 0.000000e+00 -1.000000e+00 0.000000e+00
    outer loop
      vertex   1.744425e+01 8.000000e+00 1.254968e+01
      vertex   1.755953e+01 8.000000e+00 1.280470e+01
      vertex   6.500000e+00 8.000000e+00 1.550000e+01
    endloop
  endfacet
  facet normal 0.000000e+00 -1.000000e+00 0.000000e+00
    outer loop
      vertex   6.500000e+00 8.000000e+00 1.550000e+01
      vertex   1.755953e+01 8.000000e+00 1.280470e+01
      vertex   1.771624e+01 8.000000e+00 1.303656e+01
    endloop
  endfacet
  facet normal 0.000000e+00 -1.000000e+00 0.000000e+00
    outer loop
      vertex   6.500000e+00 8.000000e+00 1.550000e+01
      vertex   1.771624e+01 8.000000e+00 1.303656e+01
      vertex   1.790989e+01 8.000000e+00 1.323861e+01
    endloop
  endfacet
  facet normal 0.000000e+00 -1.000000e+00 0.000000e+00
    outer loop
      vertex   1.790989e+01 8.000000e+00 1.323861e+01
      vertex   1.813489e+01 8.000000e+00 1.340502e+01
      vertex   6.500000e+00 8.000000e+00 1.550000e+01
    endloop
  endfacet
  facet normal 0.000000e+00 -1.000000e+00 0.000000e+00
    outer loop
      vertex   1.865238e+01 8.000000e+00 1.361297e+01
      vertex   1.892997e+01 8.000000e+00 1.364851e+01
      vertex   1.900000e+01 8.000000e+00 1.550000e+01
    endloop
  endfacet
  facet normal -0.000000e+00 -1.000000e+00 -0.000000e+00
    outer loop
      vertex   1.838479e+01 8.000000e+00 1.046898e+01
      vertex   1.813489e+01 8.000000e+00 1.059498e+01
      vertex   1.900000e+01 8.000000e+00 8.500000e+00
    endloop
  endfacet
  facet normal -0.000000e+00 -1.000000e+00 0.000000e+00
    outer loop
      vertex   1.771624e+01 8.000000e+00 1.096344e+01
      vertex   1.755953e+01 8.000000e+00 1.119530e+01
      vertex   6.500000e+00 8.000000e+00 8.500000e+00
    endloop
  endfacet
  facet normal 0.000000e+00 -1.000000e+00 0.000000e+00
    outer loop
      vertex   6.500000e+00 8.000000e+00 8.500000e+00
      vertex   1.755953e+01 8.000000e+00 1.119530e+01
      vertex   1.744425e+01 8.000000e+00 1.145032e+01
    endloop
  endfacet
  facet normal 0.000000e+00 -1.000000e+00 0.000000e+00
    outer loop
      vertex   6.500000e+00 8.000000e+00 8.500000e+00
      vertex   1.744425e+01 8.000000e+00 1.145032e+01
      vertex   1.737373e+01 8.000000e+00 1.172115e+01
    endloop
  endfacet
  facet normal -0.000000e+00 -1.000000e+00 0.000000e+00
    outer loop
      vertex   1.737373e+01 8.000000e+00 1.172115e+01
      vertex   1.735000e+01 8.000000e+00 1.200000e+01
      vertex   6.500000e+00 8.000000e+00 8.500000e+00
    endloop
  endfacet
  facet normal 1.000000e+00 0.000000e+00 0.000000e+00
    outer loop
      vertex   5.000000e+00 1.879289e+01 5.000000e-01
      vertex   5.000000e+00 1.492849e+01 2.413137e+00
      vertex   5.000000e+00 1.207107e+00 5.000000e-01
    endloop
  endfacet
  facet normal 1.000000e+00 0.000000e+00 0.000000e+00
    outer loop
      vertex   5.000000e+00 1.207107e+00 5.000000e-01
      vertex   5.000000e+00 1.492849e+01 2.413137e+00
      vertex   5.000000e+00 5.071514e+00 2.413137e+00
    endloop
  endfacet
  facet normal 1.000000e+00 0.000000e+00 0.000000e+00
    outer loop
      vertex   5.000000e+00 1.207107e+00 5.000000e-01
      vertex   5.000000e+00 5.071514e+00 2.413137e+00
      vertex   5.000000e+00 4.724693e+00 2.295408e+00
    endloop
  endfacet
  facet normal 1.000000e+00 0.000000e+00 0.000000e+00
    outer loop
      vertex   5.000000e+00 1.950000e+01 1.207107e+00
      vertex   5.000000e+00 1.797990e+01 3.020101e+00
      vertex   5.000000e+00 1.879289e+01 5.000000e-01
    endloop
  endfacet
  facet normal 1.000000e+00 0.000000e+00 0.000000e+00
    outer loop
      vertex   5.000000e+00 1.879289e+01 5.000000e-01
      vertex   5.000000e+00 1.797990e+01 3.020101e+00
      vertex   5.000000e+00 1.770453e+01 2.778611e+00
    endloop
  endfacet
  facet normal 1.000000e+00 0.000000e+00 0.000000e+00
    outer loop
      vertex   5.000000e+00 1.879289e+01 5.000000e-01
      vertex   5.000000e+00 1.770453e+01 2.778611e+00
      vertex   5.000000e+00 1.740000e+01 2.575129e+00
    endloop
  endfacet
  facet normal 1.000000e+00 0.000000e+00 0.000000e+00
    outer loop
      vertex   5.000000e+00 1.950000e+01 2.279289e+01
      vertex   5.000000e+00 1.877605e+01 5.365473e+00
      vertex   5.000000e+00 1.950000e+01 1.207107e+00
    endloop
  endfacet
  facet normal 1.000000e+00 0.000000e+00 0.000000e+00
    outer loop
      vertex   5.000000e+00 1.950000e+01 1.207107e+00
      vertex   5.000000e+00 1.877605e+01 5.365473e+00
      vertex   5.000000e+00 1.880000e+01 5.000000e+00
    endloop
  endfacet
  facet normal 1.000000e+00 0.000000e+00 0.000000e+00
    outer loop
      vertex   5.000000e+00 1.950000e+01 1.207107e+00
      vertex   5.000000e+00 1.880000e+01 5.000000e+00
      vertex   5.000000e+00 1.877605e+01 4.634527e+00
    endloop
  endfacet
  facet normal 1.000000e+00 0.000000e+00 0.000000e+00
    outer loop
      vertex   5.000000e+00 1.879289e+01 2.350000e+01
      vertex   5.000000e+00 1.797990e+01 2.097990e+01
      vertex   5.000000e+00 1.950000e+01 2.279289e+01
    endloop
  endfacet
  facet normal 1.000000e+00 0.000000e+00 0.000000e+00
    outer loop
      vertex   5.000000e+00 1.950000e+01 2.279289e+01
      vertex   5.000000e+00 1.797990e+01 2.097990e+01
      vertex   5.000000e+00 1.822139e+01 2.070453e+01
    endloop
  endfacet
  facet normal 1.000000e+00 0.000000e+00 0.000000e+00
    outer loop
      vertex   5.000000e+00 1.950000e+01 2.279289e+01
      vertex   5.000000e+00 1.822139e+01 2.070453e+01
      vertex   5.000000e+00 1.842487e+01 2.040000e+01
    endloop
  endfacet
  facet normal 1.000000e+00 -0.000000e+00 0.000000e+00
    outer loop
      vertex   5.000000e+00 1.207107e+00 2.350000e+01
      vertex   5.000000e+00 1.492849e+01 2.158686e+01
      vertex   5.000000e+00 1.879289e+01 2.350000e+01
    endloop
  endfacet
  facet normal 1.000000e+00 0.000000e+00 0.000000e+00
    outer loop
      vertex   5.000000e+00 1.879289e+01 2.350000e+01
      vertex   5.000000e+00 1.492849e+01 2.158686e+01
      vertex   5.000000e+00 1.527531e+01 2.170459e+01
    endloop
  endfacet
  facet normal 1.000000e+00 0.000000e+00 0.000000e+00
    outer loop
      vertex   5.000000e+00 1.879289e+01 2.350000e+01
      vertex   5.000000e+00 1.527531e+01 2.170459e+01
      vertex   5.000000e+00 1.563453e+01 2.177605e+01
    endloop
  endfacet
  facet normal 1.000000e+00 -0.000000e+00 0.000000e+00
    outer loop
      vertex   5.000000e+00 5.000000e-01 2.279289e+01
      vertex   5.000000e+00 2.020101e+00 2.097990e+01
      vertex   5.000000e+00 1.207107e+00 2.350000e+01
    endloop
  endfacet
  facet normal 1.000000e+00 0.000000e+00 0.000000e+00
    outer loop
      vertex   5.000000e+00 1.207107e+00 2.350000e+01
      vertex   5.000000e+00 2.020101e+00 2.097990e+01
      vertex   5.000000e+00 2.295468e+00 2.122139e+01
    endloop
  endfacet
  facet normal 1.000000e+00 0.000000e+00 0.000000e+00
    outer loop
      vertex   5.000000e+00 1.207107e+00 2.350000e+01
      vertex   5.000000e+00 2.295468e+00 2.122139e+01
      vertex   5.000000e+00 2.600000e+00 2.142487e+01
    endloop
  endfacet
  facet normal 1.000000e+00 0.000000e+00 -0.000000e+00
    outer loop
      vertex   5.000000e+00 5.000000e-01 1.207107e+00
      vertex   5.000000e+00 1.223954e+00 1.863453e+01
      vertex   5.000000e+00 5.000000e-01 2.279289e+01
    endloop
  endfacet
  facet normal 1.000000e+00 0.000000e+00 0.000000e+00
    outer loop
      vertex   5.000000e+00 5.000000e-01 2.279289e+01
      vertex   5.000000e+00 1.223954e+00 1.863453e+01
      vertex   5.000000e+00 1.200000e+00 1.900000e+01
    endloop
  endfacet
  facet normal 1.000000e+00 0.000000e+00 0.000000e+00
    outer loop
      vertex   5.000000e+00 5.000000e-01 2.279289e+01
      vertex   5.000000e+00 1.200000e+00 1.900000e+01
      vertex   5.000000e+00 1.223954e+00 1.936547e+01
    endloop
  endfacet
  facet normal 1.000000e+00 0.000000e+00 -0.000000e+00
    outer loop
      vertex   5.000000e+00 1.207107e+00 5.000000e-01
      vertex   5.000000e+00 2.020101e+00 3.020101e+00
      vertex   5.000000e+00 5.000000e-01 1.207107e+00
    endloop
  endfacet
  facet normal 1.000000e+00 0.000000e+00 0.000000e+00
    outer loop
      vertex   5.000000e+00 5.000000e-01 1.207107e+00
      vertex   5.000000e+00 2.020101e+00 3.020101e+00
      vertex   5.000000e+00 1.778611e+00 3.295468e+00
    endloop
  endfacet
  facet normal 1.000000e+00 0.000000e+00 0.000000e+00
    outer loop
      vertex   5.000000e+00 5.000000e-01 1.207107e+00
      vertex   5.000000e+00 1.778611e+00 3.295468e+00
      vertex   5.000000e+00 1.575129e+00 3.600000e+00
    endloop
  endfacet
  facet normal 1.000000e+00 0.000000e+00 -0.000000e+00
    outer loop
      vertex   5.000000e+00 1.636547e+01 7.776046e+00
      vertex   5.000000e+00 1.636547e+01 1.622395e+01
      vertex   5.000000e+00 1.600000e+01 7.800000e+00
    endloop
  endfacet
  facet normal 1.000000e+00 0.000000e+00 0.000000e+00
    outer loop
      vertex   5.000000e+00 1.600000e+01 7.800000e+00
      vertex   5.000000e+00 1.636547e+01 1.622395e+01
      vertex   5.000000e+00 1.600000e+01 1.620000e+01
    endloop
  endfacet
  facet normal 1.000000e+00 0.000000e+00 -0.000000e+00
    outer loop
      vertex   5.000000e+00 1.600000e+01 7.800000e+00
      vertex   5.000000e+00 1.600000e+01 1.620000e+01
      vertex   5.000000e+00 1.563453e+01 7.776046e+00
    endloop
  endfacet
  facet normal 1.000000e+00 0.000000e+00 0.000000e+00
    outer loop
      vertex   5.000000e+00 1.563453e+01 7.776046e+00
      vertex   5.000000e+00 1.600000e+01 1.620000e+01
      vertex   5.000000e+00 1.563453e+01 1.622395e+01
    endloop
  endfacet
  facet normal 1.000000e+00 0.000000e+00 -0.000000e+00
    outer loop
      vertex   5.000000e+00 1.563453e+01 7.776046e+00
      vertex   5.000000e+00 1.563453e+01 1.622395e+01
      vertex   5.000000e+00 1.527531e+01 7.704592e+00
    endloop
  endfacet
  facet normal 1.000000e+00 0.000000e+00 0.000000e+00
    outer loop
      vertex   5.000000e+00 1.527531e+01 7.704592e+00
      vertex   5.000000e+00 1.563453e+01 1.622395e+01
      vertex   5.000000e+00 1.527531e+01 1.629541e+01
    endloop
  endfacet
  facet normal 1.000000e+00 0.000000e+00 -0.000000e+00
    outer loop
      vertex   5.000000e+00 1.527531e+01 7.704592e+00
      vertex   5.000000e+00 1.527531e+01 1.629541e+01
      vertex   5.000000e+00 1.492849e+01 7.586863e+00
    endloop
  endfacet
  facet normal 1.000000e+00 0.000000e+00 0.000000e+00
    outer loop
      vertex   5.000000e+00 1.492849e+01 7.586863e+00
      vertex   5.000000e+00 1.527531e+01 1.629541e+01
      vertex   5.000000e+00 1.492849e+01 1.641314e+01
    endloop
  endfacet
  facet normal 1.000000e+00 0.000000e+00 -0.000000e+00
    outer loop
      vertex   5.000000e+00 1.492849e+01 7.586863e+00
      vertex   5.000000e+00 1.492849e+01 1.641314e+01
      vertex   5.000000e+00 1.460000e+01 7.424871e+00
    endloop
  endfacet
  facet normal 1.000000e+00 0.000000e+00 0.000000e+00
    outer loop
      vertex   5.000000e+00 1.460000e+01 7.424871e+00
      vertex   5.000000e+00 1.492849e+01 1.641314e+01
      vertex   5.000000e+00 1.460000e+01 1.657513e+01
    endloop
  endfacet
  facet normal 1.000000e+00 0.000000e+00 -0.000000e+00
    outer loop
      vertex   5.000000e+00 1.460000e+01 7.424871e+00
      vertex   5.000000e+00 1.460000e+01 1.657513e+01
      vertex   5.000000e+00 1.429547e+01 7.221389e+00
    endloop
  endfacet
  facet normal 1.000000e+00 0.000000e+00 0.000000e+00
    outer loop
      vertex   5.000000e+00 1.429547e+01 7.221389e+00
      vertex   5.000000e+00 1.460000e+01 1.657513e+01
      vertex   5.000000e+00 1.429547e+01 1.677861e+01
    endloop
  endfacet
  facet normal 1.000000e+00 0.000000e+00 -0.000000e+00
    outer loop
      vertex   5.000000e+00 1.429547e+01 7.221389e+00
      vertex   5.000000e+00 1.429547e+01 1.677861e+01
      vertex   5.000000e+00 1.402010e+01 6.979899e+00
    endloop
  endfacet
  facet normal 1.000000e+00 0.000000e+00 0.000000e+00
    outer loop
      vertex   5.000000e+00 1.402010e+01 6.979899e+00
      vertex   5.000000e+00 1.429547e+01 1.677861e+01
      vertex   5.000000e+00 1.402010e+01 1.702010e+01
    endloop
  endfacet
  facet normal 1.000000e+00 0.000000e+00 -0.000000e+00
    outer loop
      vertex   5.000000e+00 1.402010e+01 6.979899e+00
      vertex   5.000000e+00 1.402010e+01 1.702010e+01
      vertex   5.000000e+00 1.350000e+01 6.500000e+00
    endloop
  endfacet
  facet normal 1.000000e+00 0.000000e+00 -0.000000e+00
    outer loop
      vertex   5.000000e+00 1.350000e+01 6.500000e+00
      vertex   5.000000e+00 1.402010e+01 1.702010e+01
      vertex   5.000000e+00 1.350000e+01 1.750000e+01
    endloop
  endfacet
  facet normal 1.000000e+00 0.000000e+00 0.000000e+00
    outer loop
      vertex   5.000000e+00 1.350000e+01 1.750000e+01
      vertex   5.000000e+00 1.402010e+01 1.702010e+01
      vertex   5.000000e+00 1.377861e+01 1.729547e+01
    endloop
  endfacet
  facet normal 1.000000e+00 -0.000000e+00 0.000000e+00
    outer loop
      vertex   5.000000e+00 1.350000e+01 1.750000e+01
      vertex   5.000000e+00 1.377861e+01 1.729547e+01
      vertex   5.000000e+00 1.357513e+01 1.760000e+01
    endloop
  endfacet
  facet normal 1.000000e+00 -0.000000e+00 0.000000e+00
    outer loop
      vertex   5.000000e+00 1.636547e+01 1.622395e+01
      vertex   5.000000e+00 1.636547e+01 7.776046e+00
      vertex   5.000000e+00 1.672469e+01 1.629541e+01
    endloop
  endfacet
  facet normal 1.000000e+00 0.000000e+00 0.000000e+00
    outer loop
      vertex   5.000000e+00 1.672469e+01 1.629541e+01
      vertex   5.000000e+00 1.636547e+01 7.776046e+00
      vertex   5.000000e+00 1.672469e+01 7.704592e+00
    endloop
  endfacet
  facet normal 1.000000e+00 -0.000000e+00 0.000000e+00
    outer loop
      vertex   5.000000e+00 1.672469e+01 1.629541e+01
      vertex   5.000000e+00 1.672469e+01 7.704592e+00
      vertex   5.000000e+00 1.707151e+01 1.641314e+01
    endloop
  endfacet
  facet normal 1.000000e+00 0.000000e+00 0.000000e+00
    outer loop
      vertex   5.000000e+00 1.707151e+01 1.641314e+01
      vertex   5.000000e+00 1.672469e+01 7.704592e+00
      vertex   5.000000e+00 1.707151e+01 7.586863e+00
    endloop
  endfacet
  facet normal 1.000000e+00 -0.000000e+00 0.000000e+00
    outer loop
      vertex   5.000000e+00 1.707151e+01 1.641314e+01
      vertex   5.000000e+00 1.707151e+01 7.586863e+00
      vertex   5.000000e+00 1.740000e+01 1.657513e+01
    endloop
  endfacet
  facet normal 1.000000e+00 0.000000e+00 0.000000e+00
    outer loop
      vertex   5.000000e+00 1.740000e+01 1.657513e+01
      vertex   5.000000e+00 1.707151e+01 7.586863e+00
      vertex   5.000000e+00 1.740000e+01 7.424871e+00
    endloop
  endfacet
  facet normal 1.000000e+00 -0.000000e+00 0.000000e+00
    outer loop
      vertex   5.000000e+00 1.740000e+01 1.657513e+01
      vertex   5.000000e+00 1.740000e+01 7.424871e+00
      vertex   5.000000e+00 1.770453e+01 1.677861e+01
    endloop
  endfacet
  facet normal 1.000000e+00 0.000000e+00 0.000000e+00
    outer loop
      vertex   5.000000e+00 1.770453e+01 1.677861e+01
      vertex   5.000000e+00 1.740000e+01 7.424871e+00
      vertex   5.000000e+00 1.770453e+01 7.221389e+00
    endloop
  endfacet
  facet normal 1.000000e+00 -0.000000e+00 0.000000e+00
    outer loop
      vertex   5.000000e+00 1.770453e+01 1.677861e+01
      vertex   5.000000e+00 1.770453e+01 7.221389e+00
      vertex   5.000000e+00 1.797990e+01 1.702010e+01
    endloop
  endfacet
  facet normal 1.000000e+00 0.000000e+00 0.000000e+00
    outer loop
      vertex   5.000000e+00 1.797990e+01 1.702010e+01
      vertex   5.000000e+00 1.770453e+01 7.221389e+00
      vertex   5.000000e+00 1.797990e+01 6.979899e+00
    endloop
  endfacet
  facet normal 1.000000e+00 -0.000000e+00 0.000000e+00
    outer loop
      vertex   5.000000e+00 1.797990e+01 1.702010e+01
      vertex   5.000000e+00 1.797990e+01 6.979899e+00
      vertex   5.000000e+00 1.822139e+01 1.729547e+01
    endloop
  endfacet
  facet normal 1.000000e+00 0.000000e+00 0.000000e+00
    outer loop
      vertex   5.000000e+00 1.822139e+01 1.729547e+01
      vertex   5.000000e+00 1.797990e+01 6.979899e+00
      vertex   5.000000e+00 1.822139e+01 6.704532e+00
    endloop
  endfacet
  facet normal 1.000000e+00 -0.000000e+00 0.000000e+00
    outer loop
      vertex   5.000000e+00 1.822139e+01 1.729547e+01
      vertex   5.000000e+00 1.822139e+01 6.704532e+00
      vertex   5.000000e+00 1.842487e+01 1.760000e+01
    endloop
  endfacet
  facet normal 1.000000e+00 0.000000e+00 0.000000e+00
    outer loop
      vertex   5.000000e+00 1.842487e+01 1.760000e+01
      vertex   5.000000e+00 1.822139e+01 6.704532e+00
      vertex   5.000000e+00 1.842487e+01 6.400000e+00
    endloop
  endfacet
  facet normal 1.000000e+00 -0.000000e+00 0.000000e+00
    outer loop
      vertex   5.000000e+00 1.842487e+01 1.760000e+01
      vertex   5.000000e+00 1.842487e+01 6.400000e+00
      vertex   5.000000e+00 1.858686e+01 1.792849e+01
    endloop
  endfacet
  facet normal 1.000000e+00 0.000000e+00 0.000000e+00
    outer loop
      vertex   5.000000e+00 1.858686e+01 1.792849e+01
      vertex   5.000000e+00 1.842487e+01 6.400000e+00
      vertex   5.000000e+00 1.858686e+01 6.071514e+00
    endloop
  endfacet
  facet normal 1.000000e+00 -0.000000e+00 0.000000e+00
    outer loop
      vertex   5.000000e+00 1.858686e+01 1.792849e+01
      vertex   5.000000e+00 1.858686e+01 6.071514e+00
      vertex   5.000000e+00 1.870459e+01 1.827531e+01
    endloop
  endfacet
  facet normal 1.000000e+00 0.000000e+00 0.000000e+00
    outer loop
      vertex   5.000000e+00 1.870459e+01 1.827531e+01
      vertex   5.000000e+00 1.858686e+01 6.071514e+00
      vertex   5.000000e+00 1.870459e+01 5.724693e+00
    endloop
  endfacet
  facet normal 1.000000e+00 -0.000000e+00 0.000000e+00
    outer loop
      vertex   5.000000e+00 1.870459e+01 1.827531e+01
      vertex   5.000000e+00 1.870459e+01 5.724693e+00
      vertex   5.000000e+00 1.877605e+01 1.863453e+01
    endloop
  endfacet
  facet normal 1.000000e+00 0.000000e+00 0.000000e+00
    outer loop
      vertex   5.000000e+00 1.877605e+01 1.863453e+01
      vertex   5.000000e+00 1.870459e+01 5.724693e+00
      vertex   5.000000e+00 1.877605e+01 5.365473e+00
    endloop
  endfacet
  facet normal 1.000000e+00 -0.000000e+00 0.000000e+00
    outer loop
      vertex   5.000000e+00 1.877605e+01 1.863453e+01
      vertex   5.000000e+00 1.877605e+01 5.365473e+00
      vertex   5.000000e+00 1.950000e+01 2.279289e+01
    endloop
  endfacet
  facet normal 1.000000e+00 0.000000e+00 0.000000e+00
    outer loop
      vertex   5.000000e+00 1.877605e+01 4.634527e+00
      vertex   5.000000e+00 1.870459e+01 4.275307e+00
      vertex   5.000000e+00 1.950000e+01 1.207107e+00
    endloop
  endfacet
  facet normal 1.000000e+00 0.000000e+00 0.000000e+00
    outer loop
      vertex   5.000000e+00 1.950000e+01 1.207107e+00
      vertex   5.000000e+00 1.870459e+01 4.275307e+00
      vertex   5.000000e+00 1.858686e+01 3.928486e+00
    endloop
  endfacet
  facet normal 1.000000e+00 0.000000e+00 0.000000e+00
    outer loop
      vertex   5.000000e+00 1.950000e+01 1.207107e+00
      vertex   5.000000e+00 1.858686e+01 3.928486e+00
      vertex   5.000000e+00 1.842487e+01 3.600000e+00
    endloop
  endfacet
  facet normal 1.000000e+00 0.000000e+00 0.000000e+00
    outer loop
      vertex   5.000000e+00 1.842487e+01 3.600000e+00
      vertex   5.000000e+00 1.822139e+01 3.295468e+00
      vertex   5.000000e+00 1.950000e+01 1.207107e+00
    endloop
  endfacet
  facet normal 1.000000e+00 0.000000e+00 0.000000e+00
    outer loop
      vertex   5.000000e+00 1.950000e+01 1.207107e+00
      vertex   5.000000e+00 1.822139e+01 3.295468e+00
      vertex   5.000000e+00 1.797990e+01 3.020101e+00
    endloop
  endfacet
  facet normal 1.000000e+00 0.000000e+00 0.000000e+00
    outer loop
      vertex   5.000000e+00 1.740000e+01 2.575129e+00
      vertex   5.000000e+00 1.707151e+01 2.413137e+00
      vertex   5.000000e+00 1.879289e+01 5.000000e-01
    endloop
  endfacet
  facet normal 1.000000e+00 0.000000e+00 0.000000e+00
    outer loop
      vertex   5.000000e+00 1.879289e+01 5.000000e-01
      vertex   5.000000e+00 1.707151e+01 2.413137e+00
      vertex   5.000000e+00 1.672469e+01 2.295408e+00
    endloop
  endfacet
  facet normal 1.000000e+00 0.000000e+00 0.000000e+00
    outer loop
      vertex   5.000000e+00 1.879289e+01 5.000000e-01
      vertex   5.000000e+00 1.672469e+01 2.295408e+00
      vertex   5.000000e+00 1.636547e+01 2.223954e+00
    endloop
  endfacet
  facet normal 1.000000e+00 0.000000e+00 0.000000e+00
    outer loop
      vertex   5.000000e+00 1.636547e+01 2.223954e+00
      vertex   5.000000e+00 1.600000e+01 2.200000e+00
      vertex   5.000000e+00 1.879289e+01 5.000000e-01
    endloop
  endfacet
  facet normal 1.000000e+00 0.000000e+00 0.000000e+00
    outer loop
      vertex   5.000000e+00 1.879289e+01 5.000000e-01
      vertex   5.000000e+00 1.600000e+01 2.200000e+00
      vertex   5.000000e+00 1.563453e+01 2.223954e+00
    endloop
  endfacet
  facet normal 1.000000e+00 0.000000e+00 0.000000e+00
    outer loop
      vertex   5.000000e+00 1.879289e+01 5.000000e-01
      vertex   5.000000e+00 1.563453e+01 2.223954e+00
      vertex   5.000000e+00 1.527531e+01 2.295408e+00
    endloop
  endfacet
  facet normal 1.000000e+00 0.000000e+00 0.000000e+00
    outer loop
      vertex   5.000000e+00 1.527531e+01 2.295408e+00
      vertex   5.000000e+00 1.492849e+01 2.413137e+00
      vertex   5.000000e+00 1.879289e+01 5.000000e-01
    endloop
  endfacet
  facet normal 1.000000e+00 -0.000000e+00 0.000000e+00
    outer loop
      vertex   5.000000e+00 5.071514e+00 2.413137e+00
      vertex   5.000000e+00 1.492849e+01 2.413137e+00
      vertex   5.000000e+00 5.400000e+00 2.575129e+00
    endloop
  endfacet
  facet normal 1.000000e+00 0.000000e+00 0.000000e+00
    outer loop
      vertex   5.000000e+00 5.400000e+00 2.575129e+00
      vertex   5.000000e+00 1.492849e+01 2.413137e+00
      vertex   5.000000e+00 1.460000e+01 2.575129e+00
    endloop
  endfacet
  facet normal 1.000000e+00 -0.000000e+00 0.000000e+00
    outer loop
      vertex   5.000000e+00 5.400000e+00 2.575129e+00
      vertex   5.000000e+00 1.460000e+01 2.575129e+00
      vertex   5.000000e+00 1.429547e+01 2.778611e+00
    endloop
  endfacet
  facet normal 1.000000e+00 0.000000e+00 0.000000e+00
    outer loop
      vertex   5.000000e+00 5.400000e+00 2.575129e+00
      vertex   5.000000e+00 1.429547e+01 2.778611e+00
      vertex   5.000000e+00 5.704532e+00 2.778611e+00
    endloop
  endfacet
  facet normal 1.000000e+00 -0.000000e+00 0.000000e+00
    outer loop
      vertex   5.000000e+00 5.704532e+00 2.778611e+00
      vertex   5.000000e+00 1.429547e+01 2.778611e+00
      vertex   5.000000e+00 1.402010e+01 3.020101e+00
    endloop
  endfacet
  facet normal 1.000000e+00 0.000000e+00 0.000000e+00
    outer loop
      vertex   5.000000e+00 5.704532e+00 2.778611e+00
      vertex   5.000000e+00 1.402010e+01 3.020101e+00
      vertex   5.000000e+00 5.979899e+00 3.020101e+00
    endloop
  endfacet
  facet normal 1.000000e+00 -0.000000e+00 0.000000e+00
    outer loop
      vertex   5.000000e+00 5.979899e+00 3.020101e+00
      vertex   5.000000e+00 1.402010e+01 3.020101e+00
      vertex   5.000000e+00 1.377861e+01 3.295468e+00
    endloop
  endfacet
  facet normal 1.000000e+00 0.000000e+00 0.000000e+00
    outer loop
      vertex   5.000000e+00 5.979899e+00 3.020101e+00
      vertex   5.000000e+00 1.377861e+01 3.295468e+00
      vertex   5.000000e+00 6.221389e+00 3.295468e+00
    endloop
  endfacet
  facet normal 1.000000e+00 -0.000000e+00 0.000000e+00
    outer loop
      vertex   5.000000e+00 6.221389e+00 3.295468e+00
      vertex   5.000000e+00 1.377861e+01 3.295468e+00
      vertex   5.000000e+00 1.357513e+01 3.600000e+00
    endloop
  endfacet
  facet normal 1.000000e+00 0.000000e+00 0.000000e+00
    outer loop
      vertex   5.000000e+00 6.221389e+00 3.295468e+00
      vertex   5.000000e+00 1.357513e+01 3.600000e+00
      vertex   5.000000e+00 6.424871e+00 3.600000e+00
    endloop
  endfacet
  facet normal 1.000000e+00 -0.000000e+00 0.000000e+00
    outer loop
      vertex   5.000000e+00 6.424871e+00 3.600000e+00
      vertex   5.000000e+00 1.357513e+01 3.600000e+00
      vertex   5.000000e+00 1.341314e+01 3.928486e+00
    endloop
  endfacet
  facet normal 1.000000e+00 0.000000e+00 0.000000e+00
    outer loop
      vertex   5.000000e+00 6.424871e+00 3.600000e+00
      vertex   5.000000e+00 1.341314e+01 3.928486e+00
      vertex   5.000000e+00 6.586863e+00 3.928486e+00
    endloop
  endfacet
  facet normal 1.000000e+00 -0.000000e+00 0.000000e+00
    outer loop
      vertex   5.000000e+00 6.586863e+00 3.928486e+00
      vertex   5.000000e+00 1.341314e+01 3.928486e+00
      vertex   5.000000e+00 1.329541e+01 4.275307e+00
    endloop
  endfacet
  facet normal 1.000000e+00 0.000000e+00 0.000000e+00
    outer loop
      vertex   5.000000e+00 6.586863e+00 3.928486e+00
      vertex   5.000000e+00 1.329541e+01 4.275307e+00
      vertex   5.000000e+00 6.704592e+00 4.275307e+00
    endloop
  endfacet
  facet normal 1.000000e+00 -0.000000e+00 0.000000e+00
    outer loop
      vertex   5.000000e+00 6.704592e+00 4.275307e+00
      vertex   5.000000e+00 1.329541e+01 4.275307e+00
      vertex   5.000000e+00 1.322395e+01 4.634527e+00
    endloop
  endfacet
  facet normal 1.000000e+00 0.000000e+00 0.000000e+00
    outer loop
      vertex   5.000000e+00 6.704592e+00 4.275307e+00
      vertex   5.000000e+00 1.322395e+01 4.634527e+00
      vertex   5.000000e+00 6.776046e+00 4.634527e+00
    endloop
  endfacet
  facet normal 1.000000e+00 -0.000000e+00 0.000000e+00
    outer loop
      vertex   5.000000e+00 6.776046e+00 4.634527e+00
      vertex   5.000000e+00 1.322395e+01 4.634527e+00
      vertex   5.000000e+00 1.320000e+01 5.000000e+00
    endloop
  endfacet
  facet normal 1.000000e+00 0.000000e+00 0.000000e+00
    outer loop
      vertex   5.000000e+00 6.776046e+00 4.634527e+00
      vertex   5.000000e+00 1.320000e+01 5.000000e+00
      vertex   5.000000e+00 6.800000e+00 5.000000e+00
    endloop
  endfacet
  facet normal 1.000000e+00 0.000000e+00 -0.000000e+00
    outer loop
      vertex   5.000000e+00 6.800000e+00 5.000000e+00
      vertex   5.000000e+00 1.320000e+01 5.000000e+00
      vertex   5.000000e+00 6.776046e+00 5.365473e+00
    endloop
  endfacet
  facet normal 1.000000e+00 0.000000e+00 0.000000e+00
    outer loop
      vertex   5.000000e+00 6.776046e+00 5.365473e+00
      vertex   5.000000e+00 1.320000e+01 5.000000e+00
      vertex   5.000000e+00 1.322395e+01 5.365473e+00
    endloop
  endfacet
  facet normal 1.000000e+00 -0.000000e+00 -0.000000e+00
    outer loop
      vertex   5.000000e+00 6.776046e+00 5.365473e+00
      vertex   5.000000e+00 1.322395e+01 5.365473e+00
      vertex   5.000000e+00 6.704592e+00 5.724693e+00
    endloop
  endfacet
  facet normal 1.000000e+00 0.000000e+00 0.000000e+00
    outer loop
      vertex   5.000000e+00 6.704592e+00 5.724693e+00
      vertex   5.000000e+00 1.322395e+01 5.365473e+00
      vertex   5.000000e+00 1.329541e+01 5.724693e+00
    endloop
  endfacet
  facet normal 1.000000e+00 -0.000000e+00 -0.000000e+00
    outer loop
      vertex   5.000000e+00 6.704592e+00 5.724693e+00
      vertex   5.000000e+00 1.329541e+01 5.724693e+00
      vertex   5.000000e+00 6.500000e+00 6.500000e+00
    endloop
  endfacet
  facet normal 1.000000e+00 -0.000000e+00 0.000000e+00
    outer loop
      vertex   5.000000e+00 6.500000e+00 6.500000e+00
      vertex   5.000000e+00 1.329541e+01 5.724693e+00
      vertex   5.000000e+00 1.350000e+01 6.500000e+00
    endloop
  endfacet
  facet normal 1.000000e+00 0.000000e+00 0.000000e+00
    outer loop
      vertex   5.000000e+00 1.350000e+01 6.500000e+00
      vertex   5.000000e+00 1.329541e+01 5.724693e+00
      vertex   5.000000e+00 1.341314e+01 6.071514e+00
    endloop
  endfacet
  facet normal 1.000000e+00 0.000000e+00 0.000000e+00
    outer loop
      vertex   5.000000e+00 1.350000e+01 6.500000e+00
      vertex   5.000000e+00 1.341314e+01 6.071514e+00
      vertex   5.000000e+00 1.357513e+01 6.400000e+00
    endloop
  endfacet
  facet normal 1.000000e+00 0.000000e+00 -0.000000e+00
    outer loop
      vertex   5.000000e+00 1.357513e+01 6.400000e+00
      vertex   5.000000e+00 1.377861e+01 6.704532e+00
      vertex   5.000000e+00 1.350000e+01 6.500000e+00
    endloop
  endfacet
  facet normal 1.000000e+00 0.000000e+00 0.000000e+00
    outer loop
      vertex   5.000000e+00 1.350000e+01 6.500000e+00
      vertex   5.000000e+00 1.377861e+01 6.704532e+00
      vertex   5.000000e+00 1.402010e+01 6.979899e+00
    endloop
  endfacet
  facet normal 1.000000e+00 0.000000e+00 -0.000000e+00
    outer loop
      vertex   5.000000e+00 4.365473e+00 7.776046e+00
      vertex   5.000000e+00 4.365473e+00 1.622395e+01
      vertex   5.000000e+00 4.000000e+00 7.800000e+00
    endloop
  endfacet
  facet normal 1.000000e+00 0.000000e+00 0.000000e+00
    outer loop
      vertex   5.000000e+00 4.000000e+00 7.800000e+00
      vertex   5.000000e+00 4.365473e+00 1.622395e+01
      vertex   5.000000e+00 4.000000e+00 1.620000e+01
    endloop
  endfacet
  facet normal 1.000000e+00 0.000000e+00 -0.000000e+00
    outer loop
      vertex   5.000000e+00 4.000000e+00 7.800000e+00
      vertex   5.000000e+00 4.000000e+00 1.620000e+01
      vertex   5.000000e+00 3.634527e+00 7.776046e+00
    endloop
  endfacet
  facet normal 1.000000e+00 0.000000e+00 0.000000e+00
    outer loop
      vertex   5.000000e+00 3.634527e+00 7.776046e+00
      vertex   5.000000e+00 4.000000e+00 1.620000e+01
      vertex   5.000000e+00 3.634527e+00 1.622395e+01
    endloop
  endfacet
  facet normal 1.000000e+00 0.000000e+00 -0.000000e+00
    outer loop
      vertex   5.000000e+00 3.634527e+00 7.776046e+00
      vertex   5.000000e+00 3.634527e+00 1.622395e+01
      vertex   5.000000e+00 3.275307e+00 7.704592e+00
    endloop
  endfacet
  facet normal 1.000000e+00 0.000000e+00 0.000000e+00
    outer loop
      vertex   5.000000e+00 3.275307e+00 7.704592e+00
      vertex   5.000000e+00 3.634527e+00 1.622395e+01
      vertex   5.000000e+00 3.275307e+00 1.629541e+01
    endloop
  endfacet
  facet normal 1.000000e+00 0.000000e+00 -0.000000e+00
    outer loop
      vertex   5.000000e+00 3.275307e+00 7.704592e+00
      vertex   5.000000e+00 3.275307e+00 1.629541e+01
      vertex   5.000000e+00 2.928486e+00 7.586863e+00
    endloop
  endfacet
  facet normal 1.000000e+00 0.000000e+00 0.000000e+00
    outer loop
      vertex   5.000000e+00 2.928486e+00 7.586863e+00
      vertex   5.000000e+00 3.275307e+00 1.629541e+01
      vertex   5.000000e+00 2.928486e+00 1.641314e+01
    endloop
  endfacet
  facet normal 1.000000e+00 0.000000e+00 -0.000000e+00
    outer loop
      vertex   5.000000e+00 2.928486e+00 7.586863e+00
      vertex   5.000000e+00 2.928486e+00 1.641314e+01
      vertex   5.000000e+00 2.600000e+00 7.424871e+00
    endloop
  endfacet
  facet normal 1.000000e+00 0.000000e+00 0.000000e+00
    outer loop
      vertex   5.000000e+00 2.600000e+00 7.424871e+00
      vertex   5.000000e+00 2.928486e+00 1.641314e+01
      vertex   5.000000e+00 2.600000e+00 1.657513e+01
    endloop
  endfacet
  facet normal 1.000000e+00 0.000000e+00 -0.000000e+00
    outer loop
      vertex   5.000000e+00 2.600000e+00 7.424871e+00
      vertex   5.000000e+00 2.600000e+00 1.657513e+01
      vertex   5.000000e+00 2.295468e+00 7.221389e+00
    endloop
  endfacet
  facet normal 1.000000e+00 0.000000e+00 0.000000e+00
    outer loop
      vertex   5.000000e+00 2.295468e+00 7.221389e+00
      vertex   5.000000e+00 2.600000e+00 1.657513e+01
      vertex   5.000000e+00 2.295468e+00 1.677861e+01
    endloop
  endfacet
  facet normal 1.000000e+00 0.000000e+00 -0.000000e+00
    outer loop
      vertex   5.000000e+00 2.295468e+00 7.221389e+00
      vertex   5.000000e+00 2.295468e+00 1.677861e+01
      vertex   5.000000e+00 2.020101e+00 6.979899e+00
    endloop
  endfacet
  facet normal 1.000000e+00 0.000000e+00 0.000000e+00
    outer loop
      vertex   5.000000e+00 2.020101e+00 6.979899e+00
      vertex   5.000000e+00 2.295468e+00 1.677861e+01
      vertex   5.000000e+00 2.020101e+00 1.702010e+01
    endloop
  endfacet
  facet normal 1.000000e+00 0.000000e+00 -0.000000e+00
    outer loop
      vertex   5.000000e+00 2.020101e+00 6.979899e+00
      vertex   5.000000e+00 2.020101e+00 1.702010e+01
      vertex   5.000000e+00 1.778611e+00 6.704532e+00
    endloop
  endfacet
  facet normal 1.000000e+00 0.000000e+00 0.000000e+00
    outer loop
      vertex   5.000000e+00 1.778611e+00 6.704532e+00
      vertex   5.000000e+00 2.020101e+00 1.702010e+01
      vertex   5.000000e+00 1.778611e+00 1.729547e+01
    endloop
  endfacet
  facet normal 1.000000e+00 0.000000e+00 -0.000000e+00
    outer loop
      vertex   5.000000e+00 1.778611e+00 6.704532e+00
      vertex   5.000000e+00 1.778611e+00 1.729547e+01
      vertex   5.000000e+00 1.575129e+00 6.400000e+00
    endloop
  endfacet
  facet normal 1.000000e+00 0.000000e+00 0.000000e+00
    outer loop
      vertex   5.000000e+00 1.575129e+00 6.400000e+00
      vertex   5.000000e+00 1.778611e+00 1.729547e+01
      vertex   5.000000e+00 1.575129e+00 1.760000e+01
    endloop
  endfacet
  facet normal 1.000000e+00 0.000000e+00 -0.000000e+00
    outer loop
      vertex   5.000000e+00 1.575129e+00 6.400000e+00
      vertex   5.000000e+00 1.575129e+00 1.760000e+01
      vertex   5.000000e+00 1.413137e+00 6.071514e+00
    endloop
  endfacet
  facet normal 1.000000e+00 0.000000e+00 0.000000e+00
    outer loop
      vertex   5.000000e+00 1.413137e+00 6.071514e+00
      vertex   5.000000e+00 1.575129e+00 1.760000e+01
      vertex   5.000000e+00 1.413137e+00 1.792849e+01
    endloop
  endfacet
  facet normal 1.000000e+00 0.000000e+00 -0.000000e+00
    outer loop
      vertex   5.000000e+00 1.413137e+00 6.071514e+00
      vertex   5.000000e+00 1.413137e+00 1.792849e+01
      vertex   5.000000e+00 1.295408e+00 5.724693e+00
    endloop
  endfacet
  facet normal 1.000000e+00 0.000000e+00 0.000000e+00
    outer loop
      vertex   5.000000e+00 1.295408e+00 5.724693e+00
      vertex   5.000000e+00 1.413137e+00 1.792849e+01
      vertex   5.000000e+00 1.295408e+00 1.827531e+01
    endloop
  endfacet
  facet normal 1.000000e+00 0.000000e+00 -0.000000e+00
    outer loop
      vertex   5.000000e+00 1.295408e+00 5.724693e+00
      vertex   5.000000e+00 1.295408e+00 1.827531e+01
      vertex   5.000000e+00 1.223954e+00 5.365473e+00
    endloop
  endfacet
  facet normal 1.000000e+00 0.000000e+00 0.000000e+00
    outer loop
      vertex   5.000000e+00 1.223954e+00 5.365473e+00
      vertex   5.000000e+00 1.295408e+00 1.827531e+01
      vertex   5.000000e+00 1.223954e+00 1.863453e+01
    endloop
  endfacet
  facet normal 1.000000e+00 0.000000e+00 -0.000000e+00
    outer loop
      vertex   5.000000e+00 1.223954e+00 5.365473e+00
      vertex   5.000000e+00 1.223954e+00 1.863453e+01
      vertex   5.000000e+00 5.000000e-01 1.207107e+00
    endloop
  endfacet
  facet normal 1.000000e+00 -0.000000e+00 0.000000e+00
    outer loop
      vertex   5.000000e+00 4.365473e+00 1.622395e+01
      vertex   5.000000e+00 4.365473e+00 7.776046e+00
      vertex   5.000000e+00 4.724693e+00 1.629541e+01
    endloop
  endfacet
  facet normal 1.000000e+00 0.000000e+00 0.000000e+00
    outer loop
      vertex   5.000000e+00 4.724693e+00 1.629541e+01
      vertex   5.000000e+00 4.365473e+00 7.776046e+00
      vertex   5.000000e+00 4.724693e+00 7.704592e+00
    endloop
  endfacet
  facet normal 1.000000e+00 -0.000000e+00 0.000000e+00
    outer loop
      vertex   5.000000e+00 4.724693e+00 1.629541e+01
      vertex   5.000000e+00 4.724693e+00 7.704592e+00
      vertex   5.000000e+00 5.071514e+00 1.641314e+01
    endloop
  endfacet
  facet normal 1.000000e+00 0.000000e+00 0.000000e+00
    outer loop
      vertex   5.000000e+00 5.071514e+00 1.641314e+01
      vertex   5.000000e+00 4.724693e+00 7.704592e+00
      vertex   5.000000e+00 5.071514e+00 7.586863e+00
    endloop
  endfacet
  facet normal 1.000000e+00 -0.000000e+00 0.000000e+00
    outer loop
      vertex   5.000000e+00 5.071514e+00 1.641314e+01
      vertex   5.000000e+00 5.071514e+00 7.586863e+00
      vertex   5.000000e+00 5.400000e+00 1.657513e+01
    endloop
  endfacet
  facet normal 1.000000e+00 0.000000e+00 0.000000e+00
    outer loop
      vertex   5.000000e+00 5.400000e+00 1.657513e+01
      vertex   5.000000e+00 5.071514e+00 7.586863e+00
      vertex   5.000000e+00 5.400000e+00 7.424871e+00
    endloop
  endfacet
  facet normal 1.000000e+00 -0.000000e+00 0.000000e+00
    outer loop
      vertex   5.000000e+00 5.400000e+00 1.657513e+01
      vertex   5.000000e+00 5.400000e+00 7.424871e+00
      vertex   5.000000e+00 5.704532e+00 1.677861e+01
    endloop
  endfacet
  facet normal 1.000000e+00 0.000000e+00 0.000000e+00
    outer loop
      vertex   5.000000e+00 5.704532e+00 1.677861e+01
      vertex   5.000000e+00 5.400000e+00 7.424871e+00
      vertex   5.000000e+00 5.704532e+00 7.221389e+00
    endloop
  endfacet
  facet normal 1.000000e+00 -0.000000e+00 0.000000e+00
    outer loop
      vertex   5.000000e+00 5.704532e+00 1.677861e+01
      vertex   5.000000e+00 5.704532e+00 7.221389e+00
      vertex   5.000000e+00 5.979899e+00 1.702010e+01
    endloop
  endfacet
  facet normal 1.000000e+00 0.000000e+00 0.000000e+00
    outer loop
      vertex   5.000000e+00 5.979899e+00 1.702010e+01
      vertex   5.000000e+00 5.704532e+00 7.221389e+00
      vertex   5.000000e+00 5.979899e+00 6.979899e+00
    endloop
  endfacet
  facet normal 1.000000e+00 -0.000000e+00 0.000000e+00
    outer loop
      vertex   5.000000e+00 5.979899e+00 1.702010e+01
      vertex   5.000000e+00 5.979899e+00 6.979899e+00
      vertex   5.000000e+00 6.500000e+00 1.750000e+01
    endloop
  endfacet
  facet normal 1.000000e+00 0.000000e+00 0.000000e+00
    outer loop
      vertex   5.000000e+00 6.500000e+00 1.750000e+01
      vertex   5.000000e+00 5.979899e+00 6.979899e+00
      vertex   5.000000e+00 6.500000e+00 6.500000e+00
    endloop
  endfacet
  facet normal 1.000000e+00 0.000000e+00 0.000000e+00
    outer loop
      vertex   5.000000e+00 6.500000e+00 6.500000e+00
      vertex   5.000000e+00 5.979899e+00 6.979899e+00
      vertex   5.000000e+00 6.221389e+00 6.704532e+00
    endloop
  endfacet
  facet normal 1.000000e+00 0.000000e+00 0.000000e+00
    outer loop
      vertex   5.000000e+00 6.500000e+00 6.500000e+00
      vertex   5.000000e+00 6.221389e+00 6.704532e+00
      vertex   5.000000e+00 6.424871e+00 6.400000e+00
    endloop
  endfacet
  facet normal 1.000000e+00 -0.000000e+00 0.000000e+00
    outer loop
      vertex   5.000000e+00 6.424871e+00 6.400000e+00
      vertex   5.000000e+00 6.586863e+00 6.071514e+00
      vertex   5.000000e+00 6.500000e+00 6.500000e+00
    endloop
  endfacet
  facet normal 1.000000e+00 0.000000e+00 0.000000e+00
    outer loop
      vertex   5.000000e+00 6.500000e+00 6.500000e+00
      vertex   5.000000e+00 6.586863e+00 6.071514e+00
      vertex   5.000000e+00 6.704592e+00 5.724693e+00
    endloop
  endfacet
  facet normal 1.000000e+00 0.000000e+00 0.000000e+00
    outer loop
      vertex   5.000000e+00 4.724693e+00 2.295408e+00
      vertex   5.000000e+00 4.365473e+00 2.223954e+00
      vertex   5.000000e+00 1.207107e+00 5.000000e-01
    endloop
  endfacet
  facet normal 1.000000e+00 0.000000e+00 0.000000e+00
    outer loop
      vertex   5.000000e+00 1.207107e+00 5.000000e-01
      vertex   5.000000e+00 4.365473e+00 2.223954e+00
      vertex   5.000000e+00 4.000000e+00 2.200000e+00
    endloop
  endfacet
  facet normal 1.000000e+00 0.000000e+00 0.000000e+00
    outer loop
      vertex   5.000000e+00 1.207107e+00 5.000000e-01
      vertex   5.000000e+00 4.000000e+00 2.200000e+00
      vertex   5.000000e+00 3.634527e+00 2.223954e+00
    endloop
  endfacet
  facet normal 1.000000e+00 0.000000e+00 0.000000e+00
    outer loop
      vertex   5.000000e+00 3.634527e+00 2.223954e+00
      vertex   5.000000e+00 3.275307e+00 2.295408e+00
      vertex   5.000000e+00 1.207107e+00 5.000000e-01
    endloop
  endfacet
  facet normal 1.000000e+00 0.000000e+00 0.000000e+00
    outer loop
      vertex   5.000000e+00 1.207107e+00 5.000000e-01
      vertex   5.000000e+00 3.275307e+00 2.295408e+00
      vertex   5.000000e+00 2.928486e+00 2.413137e+00
    endloop
  endfacet
  facet normal 1.000000e+00 0.000000e+00 0.000000e+00
    outer loop
      vertex   5.000000e+00 1.207107e+00 5.000000e-01
      vertex   5.000000e+00 2.928486e+00 2.413137e+00
      vertex   5.000000e+00 2.600000e+00 2.575129e+00
    endloop
  endfacet
  facet normal 1.000000e+00 0.000000e+00 0.000000e+00
    outer loop
      vertex   5.000000e+00 2.600000e+00 2.575129e+00
      vertex   5.000000e+00 2.295468e+00 2.778611e+00
      vertex   5.000000e+00 1.207107e+00 5.000000e-01
    endloop
  endfacet
  facet normal 1.000000e+00 0.000000e+00 0.000000e+00
    outer loop
      vertex   5.000000e+00 1.207107e+00 5.000000e-01
      vertex   5.000000e+00 2.295468e+00 2.778611e+00
      vertex   5.000000e+00 2.020101e+00 3.020101e+00
    endloop
  endfacet
  facet normal 1.000000e+00 0.000000e+00 0.000000e+00
    outer loop
      vertex   5.000000e+00 1.575129e+00 3.600000e+00
      vertex   5.000000e+00 1.413137e+00 3.928486e+00
      vertex   5.000000e+00 5.000000e-01 1.207107e+00
    endloop
  endfacet
  facet normal 1.000000e+00 0.000000e+00 0.000000e+00
    outer loop
      vertex   5.000000e+00 5.000000e-01 1.207107e+00
      vertex   5.000000e+00 1.413137e+00 3.928486e+00
      vertex   5.000000e+00 1.295408e+00 4.275307e+00
    endloop
  endfacet
  facet normal 1.000000e+00 0.000000e+00 0.000000e+00
    outer loop
      vertex   5.000000e+00 5.000000e-01 1.207107e+00
      vertex   5.000000e+00 1.295408e+00 4.275307e+00
      vertex   5.000000e+00 1.223954e+00 4.634527e+00
    endloop
  endfacet
  facet normal 1.000000e+00 0.000000e+00 0.000000e+00
    outer loop
      vertex   5.000000e+00 1.223954e+00 4.634527e+00
      vertex   5.000000e+00 1.200000e+00 5.000000e+00
      vertex   5.000000e+00 5.000000e-01 1.207107e+00
    endloop
  endfacet
  facet normal 1.000000e+00 0.000000e+00 0.000000e+00
    outer loop
      vertex   5.000000e+00 5.000000e-01 1.207107e+00
      vertex   5.000000e+00 1.200000e+00 5.000000e+00
      vertex   5.000000e+00 1.223954e+00 5.365473e+00
    endloop
  endfacet
  facet normal 1.000000e+00 0.000000e+00 0.000000e+00
    outer loop
      vertex   5.000000e+00 1.563453e+01 2.177605e+01
      vertex   5.000000e+00 1.600000e+01 2.180000e+01
      vertex   5.000000e+00 1.879289e+01 2.350000e+01
    endloop
  endfacet
  facet normal 1.000000e+00 0.000000e+00 0.000000e+00
    outer loop
      vertex   5.000000e+00 1.879289e+01 2.350000e+01
      vertex   5.000000e+00 1.600000e+01 2.180000e+01
      vertex   5.000000e+00 1.636547e+01 2.177605e+01
    endloop
  endfacet
  facet normal 1.000000e+00 0.000000e+00 0.000000e+00
    outer loop
      vertex   5.000000e+00 1.879289e+01 2.350000e+01
      vertex   5.000000e+00 1.636547e+01 2.177605e+01
      vertex   5.000000e+00 1.672469e+01 2.170459e+01
    endloop
  endfacet
  facet normal 1.000000e+00 -0.000000e+00 0.000000e+00
    outer loop
      vertex   5.000000e+00 1.672469e+01 2.170459e+01
      vertex   5.000000e+00 1.707151e+01 2.158686e+01
      vertex   5.000000e+00 1.879289e+01 2.350000e+01
    endloop
  endfacet
  facet normal 1.000000e+00 0.000000e+00 0.000000e+00
    outer loop
      vertex   5.000000e+00 1.879289e+01 2.350000e+01
      vertex   5.000000e+00 1.707151e+01 2.158686e+01
      vertex   5.000000e+00 1.740000e+01 2.142487e+01
    endloop
  endfacet
  facet normal 1.000000e+00 0.000000e+00 0.000000e+00
    outer loop
      vertex   5.000000e+00 1.879289e+01 2.350000e+01
      vertex   5.000000e+00 1.740000e+01 2.142487e+01
      vertex   5.000000e+00 1.770453e+01 2.122139e+01
    endloop
  endfacet
  facet normal 1.000000e+00 -0.000000e+00 0.000000e+00
    outer loop
      vertex   5.000000e+00 1.770453e+01 2.122139e+01
      vertex   5.000000e+00 1.797990e+01 2.097990e+01
      vertex   5.000000e+00 1.879289e+01 2.350000e+01
    endloop
  endfacet
  facet normal 1.000000e+00 -0.000000e+00 0.000000e+00
    outer loop
      vertex   5.000000e+00 1.842487e+01 2.040000e+01
      vertex   5.000000e+00 1.858686e+01 2.007151e+01
      vertex   5.000000e+00 1.950000e+01 2.279289e+01
    endloop
  endfacet
  facet normal 1.000000e+00 0.000000e+00 0.000000e+00
    outer loop
      vertex   5.000000e+00 1.950000e+01 2.279289e+01
      vertex   5.000000e+00 1.858686e+01 2.007151e+01
      vertex   5.000000e+00 1.870459e+01 1.972469e+01
    endloop
  endfacet
  facet normal 1.000000e+00 0.000000e+00 0.000000e+00
    outer loop
      vertex   5.000000e+00 1.950000e+01 2.279289e+01
      vertex   5.000000e+00 1.870459e+01 1.972469e+01
      vertex   5.000000e+00 1.877605e+01 1.936547e+01
    endloop
  endfacet
  facet normal 1.000000e+00 -0.000000e+00 0.000000e+00
    outer loop
      vertex   5.000000e+00 1.877605e+01 1.936547e+01
      vertex   5.000000e+00 1.880000e+01 1.900000e+01
      vertex   5.000000e+00 1.950000e+01 2.279289e+01
    endloop
  endfacet
  facet normal 1.000000e+00 0.000000e+00 0.000000e+00
    outer loop
      vertex   5.000000e+00 1.950000e+01 2.279289e+01
      vertex   5.000000e+00 1.880000e+01 1.900000e+01
      vertex   5.000000e+00 1.877605e+01 1.863453e+01
    endloop
  endfacet
  facet normal 1.000000e+00 0.000000e+00 0.000000e+00
    outer loop
      vertex   5.000000e+00 1.357513e+01 1.760000e+01
      vertex   5.000000e+00 1.341314e+01 1.792849e+01
      vertex   5.000000e+00 1.350000e+01 1.750000e+01
    endloop
  endfacet
  facet normal 1.000000e+00 0.000000e+00 0.000000e+00
    outer loop
      vertex   5.000000e+00 1.350000e+01 1.750000e+01
      vertex   5.000000e+00 1.341314e+01 1.792849e+01
      vertex   5.000000e+00 1.329541e+01 1.827531e+01
    endloop
  endfacet
  facet normal 1.000000e+00 0.000000e+00 0.000000e+00
    outer loop
      vertex   5.000000e+00 1.350000e+01 1.750000e+01
      vertex   5.000000e+00 1.329541e+01 1.827531e+01
      vertex   5.000000e+00 6.500000e+00 1.750000e+01
    endloop
  endfacet
  facet normal 1.000000e+00 0.000000e+00 0.000000e+00
    outer loop
      vertex   5.000000e+00 6.500000e+00 1.750000e+01
      vertex   5.000000e+00 1.329541e+01 1.827531e+01
      vertex   5.000000e+00 6.704592e+00 1.827531e+01
    endloop
  endfacet
  facet normal 1.000000e+00 0.000000e+00 0.000000e+00
    outer loop
      vertex   5.000000e+00 6.500000e+00 1.750000e+01
      vertex   5.000000e+00 6.704592e+00 1.827531e+01
      vertex   5.000000e+00 6.586863e+00 1.792849e+01
    endloop
  endfacet
  facet normal 1.000000e+00 0.000000e+00 0.000000e+00
    outer loop
      vertex   5.000000e+00 1.329541e+01 1.827531e+01
      vertex   5.000000e+00 1.322395e+01 1.863453e+01
      vertex   5.000000e+00 6.704592e+00 1.827531e+01
    endloop
  endfacet
  facet normal 1.000000e+00 0.000000e+00 0.000000e+00
    outer loop
      vertex   5.000000e+00 6.704592e+00 1.827531e+01
      vertex   5.000000e+00 1.322395e+01 1.863453e+01
      vertex   5.000000e+00 6.776046e+00 1.863453e+01
    endloop
  endfacet
  facet normal 1.000000e+00 -0.000000e+00 0.000000e+00
    outer loop
      vertex   5.000000e+00 6.776046e+00 1.863453e+01
      vertex   5.000000e+00 1.322395e+01 1.863453e+01
      vertex   5.000000e+00 1.320000e+01 1.900000e+01
    endloop
  endfacet
  facet normal 1.000000e+00 0.000000e+00 0.000000e+00
    outer loop
      vertex   5.000000e+00 6.776046e+00 1.863453e+01
      vertex   5.000000e+00 1.320000e+01 1.900000e+01
      vertex   5.000000e+00 6.800000e+00 1.900000e+01
    endloop
  endfacet
  facet normal 1.000000e+00 0.000000e+00 -0.000000e+00
    outer loop
      vertex   5.000000e+00 6.800000e+00 1.900000e+01
      vertex   5.000000e+00 1.320000e+01 1.900000e+01
      vertex   5.000000e+00 6.776046e+00 1.936547e+01
    endloop
  endfacet
  facet normal 1.000000e+00 -0.000000e+00 0.000000e+00
    outer loop
      vertex   5.000000e+00 6.776046e+00 1.936547e+01
      vertex   5.000000e+00 1.320000e+01 1.900000e+01
      vertex   5.000000e+00 1.322395e+01 1.936547e+01
    endloop
  endfacet
  facet normal 1.000000e+00 0.000000e+00 -0.000000e+00
    outer loop
      vertex   5.000000e+00 6.776046e+00 1.936547e+01
      vertex   5.000000e+00 1.322395e+01 1.936547e+01
      vertex   5.000000e+00 6.704592e+00 1.972469e+01
    endloop
  endfacet
  facet normal 1.000000e+00 -0.000000e+00 0.000000e+00
    outer loop
      vertex   5.000000e+00 6.704592e+00 1.972469e+01
      vertex   5.000000e+00 1.322395e+01 1.936547e+01
      vertex   5.000000e+00 1.329541e+01 1.972469e+01
    endloop
  endfacet
  facet normal 1.000000e+00 0.000000e+00 -0.000000e+00
    outer loop
      vertex   5.000000e+00 6.704592e+00 1.972469e+01
      vertex   5.000000e+00 1.329541e+01 1.972469e+01
      vertex   5.000000e+00 6.586863e+00 2.007151e+01
    endloop
  endfacet
  facet normal 1.000000e+00 -0.000000e+00 0.000000e+00
    outer loop
      vertex   5.000000e+00 6.586863e+00 2.007151e+01
      vertex   5.000000e+00 1.329541e+01 1.972469e+01
      vertex   5.000000e+00 1.341314e+01 2.007151e+01
    endloop
  endfacet
  facet normal 1.000000e+00 0.000000e+00 -0.000000e+00
    outer loop
      vertex   5.000000e+00 6.586863e+00 2.007151e+01
      vertex   5.000000e+00 1.341314e+01 2.007151e+01
      vertex   5.000000e+00 6.424871e+00 2.040000e+01
    endloop
  endfacet
  facet normal 1.000000e+00 0.000000e+00 0.000000e+00
    outer loop
      vertex   5.000000e+00 6.424871e+00 2.040000e+01
      vertex   5.000000e+00 1.341314e+01 2.007151e+01
      vertex   5.000000e+00 1.357513e+01 2.040000e+01
    endloop
  endfacet
  facet normal 1.000000e+00 -0.000000e+00 -0.000000e+00
    outer loop
      vertex   5.000000e+00 6.424871e+00 2.040000e+01
      vertex   5.000000e+00 1.357513e+01 2.040000e+01
      vertex   5.000000e+00 6.221389e+00 2.070453e+01
    endloop
  endfacet
  facet normal 1.000000e+00 0.000000e+00 0.000000e+00
    outer loop
      vertex   5.000000e+00 6.221389e+00 2.070453e+01
      vertex   5.000000e+00 1.357513e+01 2.040000e+01
      vertex   5.000000e+00 1.377861e+01 2.070453e+01
    endloop
  endfacet
  facet normal 1.000000e+00 -0.000000e+00 -0.000000e+00
    outer loop
      vertex   5.000000e+00 6.221389e+00 2.070453e+01
      vertex   5.000000e+00 1.377861e+01 2.070453e+01
      vertex   5.000000e+00 5.979899e+00 2.097990e+01
    endloop
  endfacet
  facet normal 1.000000e+00 -0.000000e+00 0.000000e+00
    outer loop
      vertex   5.000000e+00 5.979899e+00 2.097990e+01
      vertex   5.000000e+00 1.377861e+01 2.070453e+01
      vertex   5.000000e+00 1.402010e+01 2.097990e+01
    endloop
  endfacet
  facet normal 1.000000e+00 0.000000e+00 -0.000000e+00
    outer loop
      vertex   5.000000e+00 5.979899e+00 2.097990e+01
      vertex   5.000000e+00 1.402010e+01 2.097990e+01
      vertex   5.000000e+00 5.704532e+00 2.122139e+01
    endloop
  endfacet
  facet normal 1.000000e+00 -0.000000e+00 0.000000e+00
    outer loop
      vertex   5.000000e+00 5.704532e+00 2.122139e+01
      vertex   5.000000e+00 1.402010e+01 2.097990e+01
      vertex   5.000000e+00 1.429547e+01 2.122139e+01
    endloop
  endfacet
  facet normal 1.000000e+00 0.000000e+00 -0.000000e+00
    outer loop
      vertex   5.000000e+00 5.704532e+00 2.122139e+01
      vertex   5.000000e+00 1.429547e+01 2.122139e+01
      vertex   5.000000e+00 5.400000e+00 2.142487e+01
    endloop
  endfacet
  facet normal 1.000000e+00 -0.000000e+00 0.000000e+00
    outer loop
      vertex   5.000000e+00 5.400000e+00 2.142487e+01
      vertex   5.000000e+00 1.429547e+01 2.122139e+01
      vertex   5.000000e+00 1.460000e+01 2.142487e+01
    endloop
  endfacet
  facet normal 1.000000e+00 0.000000e+00 0.000000e+00
    outer loop
      vertex   5.000000e+00 5.400000e+00 2.142487e+01
      vertex   5.000000e+00 1.460000e+01 2.142487e+01
      vertex   5.000000e+00 1.492849e+01 2.158686e+01
    endloop
  endfacet
  facet normal 1.000000e+00 0.000000e+00 -0.000000e+00
    outer loop
      vertex   5.000000e+00 3.634527e+00 2.177605e+01
      vertex   5.000000e+00 4.000000e+00 2.180000e+01
      vertex   5.000000e+00 1.207107e+00 2.350000e+01
    endloop
  endfacet
  facet normal 1.000000e+00 0.000000e+00 0.000000e+00
    outer loop
      vertex   5.000000e+00 1.207107e+00 2.350000e+01
      vertex   5.000000e+00 4.000000e+00 2.180000e+01
      vertex   5.000000e+00 4.365473e+00 2.177605e+01
    endloop
  endfacet
  facet normal 1.000000e+00 0.000000e+00 0.000000e+00
    outer loop
      vertex   5.000000e+00 1.207107e+00 2.350000e+01
      vertex   5.000000e+00 4.365473e+00 2.177605e+01
      vertex   5.000000e+00 4.724693e+00 2.170459e+01
    endloop
  endfacet
  facet normal 1.000000e+00 -0.000000e+00 -0.000000e+00
    outer loop
      vertex   5.000000e+00 4.724693e+00 2.170459e+01
      vertex   5.000000e+00 5.071514e+00 2.158686e+01
      vertex   5.000000e+00 1.207107e+00 2.350000e+01
    endloop
  endfacet
  facet normal 1.000000e+00 0.000000e+00 0.000000e+00
    outer loop
      vertex   5.000000e+00 1.207107e+00 2.350000e+01
      vertex   5.000000e+00 5.071514e+00 2.158686e+01
      vertex   5.000000e+00 1.492849e+01 2.158686e+01
    endloop
  endfacet
  facet normal 1.000000e+00 -0.000000e+00 0.000000e+00
    outer loop
      vertex   5.000000e+00 5.071514e+00 2.158686e+01
      vertex   5.000000e+00 5.400000e+00 2.142487e+01
      vertex   5.000000e+00 1.492849e+01 2.158686e+01
    endloop
  endfacet
  facet normal 1.000000e+00 0.000000e+00 0.000000e+00
    outer loop
      vertex   5.000000e+00 6.586863e+00 1.792849e+01
      vertex   5.000000e+00 6.424871e+00 1.760000e+01
      vertex   5.000000e+00 6.500000e+00 1.750000e+01
    endloop
  endfacet
  facet normal 1.000000e+00 0.000000e+00 0.000000e+00
    outer loop
      vertex   5.000000e+00 6.500000e+00 1.750000e+01
      vertex   5.000000e+00 6.424871e+00 1.760000e+01
      vertex   5.000000e+00 6.221389e+00 1.729547e+01
    endloop
  endfacet
  facet normal 1.000000e+00 0.000000e+00 0.000000e+00
    outer loop
      vertex   5.000000e+00 6.500000e+00 1.750000e+01
      vertex   5.000000e+00 6.221389e+00 1.729547e+01
      vertex   5.000000e+00 5.979899e+00 1.702010e+01
    endloop
  endfacet
  facet normal 1.000000e+00 0.000000e+00 -0.000000e+00
    outer loop
      vertex   5.000000e+00 1.223954e+00 1.936547e+01
      vertex   5.000000e+00 1.295408e+00 1.972469e+01
      vertex   5.000000e+00 5.000000e-01 2.279289e+01
    endloop
  endfacet
  facet normal 1.000000e+00 0.000000e+00 0.000000e+00
    outer loop
      vertex   5.000000e+00 5.000000e-01 2.279289e+01
      vertex   5.000000e+00 1.295408e+00 1.972469e+01
      vertex   5.000000e+00 1.413137e+00 2.007151e+01
    endloop
  endfacet
  facet normal 1.000000e+00 0.000000e+00 0.000000e+00
    outer loop
      vertex   5.000000e+00 5.000000e-01 2.279289e+01
      vertex   5.000000e+00 1.413137e+00 2.007151e+01
      vertex   5.000000e+00 1.575129e+00 2.040000e+01
    endloop
  endfacet
  facet normal 1.000000e+00 0.000000e+00 -0.000000e+00
    outer loop
      vertex   5.000000e+00 1.575129e+00 2.040000e+01
      vertex   5.000000e+00 1.778611e+00 2.070453e+01
      vertex   5.000000e+00 5.000000e-01 2.279289e+01
    endloop
  endfacet
  facet normal 1.000000e+00 0.000000e+00 0.000000e+00
    outer loop
      vertex   5.000000e+00 5.000000e-01 2.279289e+01
      vertex   5.000000e+00 1.778611e+00 2.070453e+01
      vertex   5.000000e+00 2.020101e+00 2.097990e+01
    endloop
  endfacet
  facet normal 1.000000e+00 0.000000e+00 -0.000000e+00
    outer loop
      vertex   5.000000e+00 2.600000e+00 2.142487e+01
      vertex   5.000000e+00 2.928486e+00 2.158686e+01
      vertex   5.000000e+00 1.207107e+00 2.350000e+01
    endloop
  endfacet
  facet normal 1.000000e+00 0.000000e+00 0.000000e+00
    outer loop
      vertex   5.000000e+00 1.207107e+00 2.350000e+01
      vertex   5.000000e+00 2.928486e+00 2.158686e+01
      vertex   5.000000e+00 3.275307e+00 2.170459e+01
    endloop
  endfacet
  facet normal 1.000000e+00 0.000000e+00 0.000000e+00
    outer loop
      vertex   5.000000e+00 1.207107e+00 2.350000e+01
      vertex   5.000000e+00 3.275307e+00 2.170459e+01
      vertex   5.000000e+00 3.634527e+00 2.177605e+01
    endloop
  endfacet
  facet normal -1.000000e+00 0.000000e+00 0.000000e+00
    outer loop
      vertex   0.000000e+00 3.722163e+00 6.575692e+00
      vertex   0.000000e+00 3.722163e+00 1.742431e+01
      vertex   0.000000e+00 4.000000e+00 6.600000e+00
    endloop
  endfacet
  facet normal -1.000000e+00 0.000000e+00 0.000000e+00
    outer loop
      vertex   0.000000e+00 4.000000e+00 6.600000e+00
      vertex   0.000000e+00 3.722163e+00 1.742431e+01
      vertex   0.000000e+00 4.000000e+00 1.740000e+01
    endloop
  endfacet
  facet normal -1.000000e+00 0.000000e+00 0.000000e+00
    outer loop
      vertex   0.000000e+00 4.000000e+00 6.600000e+00
      vertex   0.000000e+00 4.000000e+00 1.740000e+01
      vertex   0.000000e+00 4.277837e+00 6.575692e+00
    endloop
  endfacet
  facet normal -1.000000e+00 0.000000e+00 0.000000e+00
    outer loop
      vertex   0.000000e+00 4.277837e+00 6.575692e+00
      vertex   0.000000e+00 4.000000e+00 1.740000e+01
      vertex   0.000000e+00 4.277837e+00 1.742431e+01
    endloop
  endfacet
  facet normal -1.000000e+00 0.000000e+00 0.000000e+00
    outer loop
      vertex   0.000000e+00 4.277837e+00 6.575692e+00
      vertex   0.000000e+00 4.277837e+00 1.742431e+01
      vertex   0.000000e+00 4.547232e+00 6.503508e+00
    endloop
  endfacet
  facet normal -1.000000e+00 0.000000e+00 0.000000e+00
    outer loop
      vertex   0.000000e+00 4.547232e+00 6.503508e+00
      vertex   0.000000e+00 4.277837e+00 1.742431e+01
      vertex   0.000000e+00 4.547232e+00 1.749649e+01
    endloop
  endfacet
  facet normal -1.000000e+00 0.000000e+00 0.000000e+00
    outer loop
      vertex   0.000000e+00 4.547232e+00 6.503508e+00
      vertex   0.000000e+00 4.547232e+00 1.749649e+01
      vertex   0.000000e+00 4.800000e+00 6.385641e+00
    endloop
  endfacet
  facet normal -1.000000e+00 0.000000e+00 0.000000e+00
    outer loop
      vertex   0.000000e+00 4.800000e+00 6.385641e+00
      vertex   0.000000e+00 4.547232e+00 1.749649e+01
      vertex   0.000000e+00 4.800000e+00 1.761436e+01
    endloop
  endfacet
  facet normal -1.000000e+00 0.000000e+00 0.000000e+00
    outer loop
      vertex   0.000000e+00 4.800000e+00 6.385641e+00
      vertex   0.000000e+00 4.800000e+00 1.761436e+01
      vertex   0.000000e+00 5.028460e+00 6.225671e+00
    endloop
  endfacet
  facet normal -1.000000e+00 0.000000e+00 0.000000e+00
    outer loop
      vertex   0.000000e+00 5.028460e+00 6.225671e+00
      vertex   0.000000e+00 4.800000e+00 1.761436e+01
      vertex   0.000000e+00 5.028460e+00 1.777433e+01
    endloop
  endfacet
  facet normal -1.000000e+00 0.000000e+00 0.000000e+00
    outer loop
      vertex   0.000000e+00 5.028460e+00 6.225671e+00
      vertex   0.000000e+00 5.028460e+00 1.777433e+01
      vertex   0.000000e+00 5.225671e+00 6.028460e+00
    endloop
  endfacet
  facet normal -1.000000e+00 0.000000e+00 0.000000e+00
    outer loop
      vertex   0.000000e+00 5.225671e+00 6.028460e+00
      vertex   0.000000e+00 5.028460e+00 1.777433e+01
      vertex   0.000000e+00 5.225671e+00 1.797154e+01
    endloop
  endfacet
  facet normal -1.000000e+00 0.000000e+00 0.000000e+00
    outer loop
      vertex   0.000000e+00 5.225671e+00 6.028460e+00
      vertex   0.000000e+00 5.225671e+00 1.797154e+01
      vertex   0.000000e+00 1.477433e+01 6.028460e+00
    endloop
  endfacet
  facet normal -1.000000e+00 0.000000e+00 0.000000e+00
    outer loop
      vertex   0.000000e+00 1.477433e+01 6.028460e+00
      vertex   0.000000e+00 5.225671e+00 1.797154e+01
      vertex   0.000000e+00 1.477433e+01 1.797154e+01
    endloop
  endfacet
  facet normal -1.000000e+00 0.000000e+00 0.000000e+00
    outer loop
      vertex   0.000000e+00 1.477433e+01 6.028460e+00
      vertex   0.000000e+00 1.477433e+01 1.797154e+01
      vertex   0.000000e+00 1.497154e+01 6.225671e+00
    endloop
  endfacet
  facet normal -1.000000e+00 0.000000e+00 0.000000e+00
    outer loop
      vertex   0.000000e+00 1.497154e+01 6.225671e+00
      vertex   0.000000e+00 1.477433e+01 1.797154e+01
      vertex   0.000000e+00 1.497154e+01 1.777433e+01
    endloop
  endfacet
  facet normal -1.000000e+00 0.000000e+00 0.000000e+00
    outer loop
      vertex   0.000000e+00 1.497154e+01 6.225671e+00
      vertex   0.000000e+00 1.497154e+01 1.777433e+01
      vertex   0.000000e+00 1.520000e+01 6.385641e+00
    endloop
  endfacet
  facet normal -1.000000e+00 0.000000e+00 0.000000e+00
    outer loop
      vertex   0.000000e+00 1.520000e+01 6.385641e+00
      vertex   0.000000e+00 1.497154e+01 1.777433e+01
      vertex   0.000000e+00 1.520000e+01 1.761436e+01
    endloop
  endfacet
  facet normal -1.000000e+00 0.000000e+00 0.000000e+00
    outer loop
      vertex   0.000000e+00 1.520000e+01 6.385641e+00
      vertex   0.000000e+00 1.520000e+01 1.761436e+01
      vertex   0.000000e+00 1.545277e+01 6.503508e+00
    endloop
  endfacet
  facet normal -1.000000e+00 0.000000e+00 0.000000e+00
    outer loop
      vertex   0.000000e+00 1.545277e+01 6.503508e+00
      vertex   0.000000e+00 1.520000e+01 1.761436e+01
      vertex   0.000000e+00 1.545277e+01 1.749649e+01
    endloop
  endfacet
  facet normal -1.000000e+00 0.000000e+00 0.000000e+00
    outer loop
      vertex   0.000000e+00 1.545277e+01 6.503508e+00
      vertex   0.000000e+00 1.545277e+01 1.749649e+01
      vertex   0.000000e+00 1.572216e+01 6.575692e+00
    endloop
  endfacet
  facet normal -1.000000e+00 0.000000e+00 0.000000e+00
    outer loop
      vertex   0.000000e+00 1.572216e+01 6.575692e+00
      vertex   0.000000e+00 1.545277e+01 1.749649e+01
      vertex   0.000000e+00 1.572216e+01 1.742431e+01
    endloop
  endfacet
  facet normal -1.000000e+00 0.000000e+00 0.000000e+00
    outer loop
      vertex   0.000000e+00 1.572216e+01 6.575692e+00
      vertex   0.000000e+00 1.572216e+01 1.742431e+01
      vertex   0.000000e+00 1.600000e+01 6.600000e+00
    endloop
  endfacet
  facet normal -1.000000e+00 0.000000e+00 0.000000e+00
    outer loop
      vertex   0.000000e+00 1.600000e+01 6.600000e+00
      vertex   0.000000e+00 1.572216e+01 1.742431e+01
      vertex   0.000000e+00 1.600000e+01 1.740000e+01
    endloop
  endfacet
  facet normal -1.000000e+00 0.000000e+00 0.000000e+00
    outer loop
      vertex   0.000000e+00 1.600000e+01 6.600000e+00
      vertex   0.000000e+00 1.600000e+01 1.740000e+01
      vertex   0.000000e+00 1.627784e+01 6.575692e+00
    endloop
  endfacet
  facet normal -1.000000e+00 0.000000e+00 0.000000e+00
    outer loop
      vertex   0.000000e+00 1.627784e+01 6.575692e+00
      vertex   0.000000e+00 1.600000e+01 1.740000e+01
      vertex   0.000000e+00 1.627784e+01 1.742431e+01
    endloop
  endfacet
  facet normal -1.000000e+00 0.000000e+00 0.000000e+00
    outer loop
      vertex   0.000000e+00 1.627784e+01 6.575692e+00
      vertex   0.000000e+00 1.627784e+01 1.742431e+01
      vertex   0.000000e+00 1.654723e+01 6.503508e+00
    endloop
  endfacet
  facet normal -1.000000e+00 0.000000e+00 0.000000e+00
    outer loop
      vertex   0.000000e+00 1.654723e+01 6.503508e+00
      vertex   0.000000e+00 1.627784e+01 1.742431e+01
      vertex   0.000000e+00 1.654723e+01 1.749649e+01
    endloop
  endfacet
  facet normal -1.000000e+00 0.000000e+00 0.000000e+00
    outer loop
      vertex   0.000000e+00 1.654723e+01 6.503508e+00
      vertex   0.000000e+00 1.654723e+01 1.749649e+01
      vertex   0.000000e+00 1.680000e+01 6.385641e+00
    endloop
  endfacet
  facet normal -1.000000e+00 0.000000e+00 0.000000e+00
    outer loop
      vertex   0.000000e+00 1.680000e+01 6.385641e+00
      vertex   0.000000e+00 1.654723e+01 1.749649e+01
      vertex   0.000000e+00 1.680000e+01 1.761436e+01
    endloop
  endfacet
  facet normal -1.000000e+00 0.000000e+00 0.000000e+00
    outer loop
      vertex   0.000000e+00 1.680000e+01 6.385641e+00
      vertex   0.000000e+00 1.680000e+01 1.761436e+01
      vertex   0.000000e+00 1.702846e+01 6.225671e+00
    endloop
  endfacet
  facet normal -1.000000e+00 0.000000e+00 0.000000e+00
    outer loop
      vertex   0.000000e+00 1.702846e+01 6.225671e+00
      vertex   0.000000e+00 1.680000e+01 1.761436e+01
      vertex   0.000000e+00 1.702846e+01 1.777433e+01
    endloop
  endfacet
  facet normal -1.000000e+00 0.000000e+00 0.000000e+00
    outer loop
      vertex   0.000000e+00 1.702846e+01 6.225671e+00
      vertex   0.000000e+00 1.702846e+01 1.777433e+01
      vertex   0.000000e+00 1.722567e+01 6.028460e+00
    endloop
  endfacet
  facet normal -1.000000e+00 0.000000e+00 0.000000e+00
    outer loop
      vertex   0.000000e+00 1.722567e+01 6.028460e+00
      vertex   0.000000e+00 1.702846e+01 1.777433e+01
      vertex   0.000000e+00 1.722567e+01 1.797154e+01
    endloop
  endfacet
  facet normal -1.000000e+00 0.000000e+00 0.000000e+00
    outer loop
      vertex   0.000000e+00 1.722567e+01 6.028460e+00
      vertex   0.000000e+00 1.722567e+01 1.797154e+01
      vertex   0.000000e+00 1.738564e+01 5.800000e+00
    endloop
  endfacet
  facet normal -1.000000e+00 0.000000e+00 0.000000e+00
    outer loop
      vertex   0.000000e+00 1.738564e+01 5.800000e+00
      vertex   0.000000e+00 1.722567e+01 1.797154e+01
      vertex   0.000000e+00 1.738564e+01 1.820000e+01
    endloop
  endfacet
  facet normal -1.000000e+00 0.000000e+00 0.000000e+00
    outer loop
      vertex   0.000000e+00 1.738564e+01 5.800000e+00
      vertex   0.000000e+00 1.738564e+01 1.820000e+01
      vertex   0.000000e+00 1.750351e+01 5.547232e+00
    endloop
  endfacet
  facet normal -1.000000e+00 0.000000e+00 0.000000e+00
    outer loop
      vertex   0.000000e+00 1.750351e+01 5.547232e+00
      vertex   0.000000e+00 1.738564e+01 1.820000e+01
      vertex   0.000000e+00 1.750351e+01 1.845277e+01
    endloop
  endfacet
  facet normal -1.000000e+00 0.000000e+00 0.000000e+00
    outer loop
      vertex   0.000000e+00 1.750351e+01 5.547232e+00
      vertex   0.000000e+00 1.750351e+01 1.845277e+01
      vertex   0.000000e+00 2.000000e+01 1.000000e+00
    endloop
  endfacet
  facet normal -1.000000e+00 0.000000e+00 0.000000e+00
    outer loop
      vertex   0.000000e+00 2.000000e+01 1.000000e+00
      vertex   0.000000e+00 1.750351e+01 1.845277e+01
      vertex   0.000000e+00 2.000000e+01 2.300000e+01
    endloop
  endfacet
  facet normal -1.000000e+00 0.000000e+00 0.000000e+00
    outer loop
      vertex   0.000000e+00 2.000000e+01 2.300000e+01
      vertex   0.000000e+00 1.750351e+01 1.845277e+01
      vertex   0.000000e+00 1.757569e+01 1.872216e+01
    endloop
  endfacet
  facet normal -1.000000e+00 0.000000e+00 0.000000e+00
    outer loop
      vertex   0.000000e+00 2.000000e+01 2.300000e+01
      vertex   0.000000e+00 1.757569e+01 1.872216e+01
      vertex   0.000000e+00 1.760000e+01 1.900000e+01
    endloop
  endfacet
  facet normal -1.000000e+00 -0.000000e+00 -0.000000e+00
    outer loop
      vertex   0.000000e+00 3.722163e+00 1.742431e+01
      vertex   0.000000e+00 3.722163e+00 6.575692e+00
      vertex   0.000000e+00 3.452768e+00 1.749649e+01
    endloop
  endfacet
  facet normal -1.000000e+00 0.000000e+00 0.000000e+00
    outer loop
      vertex   0.000000e+00 3.452768e+00 1.749649e+01
      vertex   0.000000e+00 3.722163e+00 6.575692e+00
      vertex   0.000000e+00 3.452768e+00 6.503508e+00
    endloop
  endfacet
  facet normal -1.000000e+00 -0.000000e+00 -0.000000e+00
    outer loop
      vertex   0.000000e+00 3.452768e+00 1.749649e+01
      vertex   0.000000e+00 3.452768e+00 6.503508e+00
      vertex   0.000000e+00 3.200000e+00 1.761436e+01
    endloop
  endfacet
  facet normal -1.000000e+00 0.000000e+00 0.000000e+00
    outer loop
      vertex   0.000000e+00 3.200000e+00 1.761436e+01
      vertex   0.000000e+00 3.452768e+00 6.503508e+00
      vertex   0.000000e+00 3.200000e+00 6.385641e+00
    endloop
  endfacet
  facet normal -1.000000e+00 -0.000000e+00 -0.000000e+00
    outer loop
      vertex   0.000000e+00 3.200000e+00 1.761436e+01
      vertex   0.000000e+00 3.200000e+00 6.385641e+00
      vertex   0.000000e+00 2.971540e+00 1.777433e+01
    endloop
  endfacet
  facet normal -1.000000e+00 0.000000e+00 0.000000e+00
    outer loop
      vertex   0.000000e+00 2.971540e+00 1.777433e+01
      vertex   0.000000e+00 3.200000e+00 6.385641e+00
      vertex   0.000000e+00 2.971540e+00 6.225671e+00
    endloop
  endfacet
  facet normal -1.000000e+00 -0.000000e+00 -0.000000e+00
    outer loop
      vertex   0.000000e+00 2.971540e+00 1.777433e+01
      vertex   0.000000e+00 2.971540e+00 6.225671e+00
      vertex   0.000000e+00 2.774329e+00 1.797154e+01
    endloop
  endfacet
  facet normal -1.000000e+00 0.000000e+00 0.000000e+00
    outer loop
      vertex   0.000000e+00 2.774329e+00 1.797154e+01
      vertex   0.000000e+00 2.971540e+00 6.225671e+00
      vertex   0.000000e+00 2.774329e+00 6.028460e+00
    endloop
  endfacet
  facet normal -1.000000e+00 -0.000000e+00 -0.000000e+00
    outer loop
      vertex   0.000000e+00 2.774329e+00 1.797154e+01
      vertex   0.000000e+00 2.774329e+00 6.028460e+00
      vertex   0.000000e+00 2.614359e+00 1.820000e+01
    endloop
  endfacet
  facet normal -1.000000e+00 0.000000e+00 0.000000e+00
    outer loop
      vertex   0.000000e+00 2.614359e+00 1.820000e+01
      vertex   0.000000e+00 2.774329e+00 6.028460e+00
      vertex   0.000000e+00 2.614359e+00 5.800000e+00
    endloop
  endfacet
  facet normal -1.000000e+00 -0.000000e+00 -0.000000e+00
    outer loop
      vertex   0.000000e+00 2.614359e+00 1.820000e+01
      vertex   0.000000e+00 2.614359e+00 5.800000e+00
      vertex   0.000000e+00 2.496492e+00 1.845277e+01
    endloop
  endfacet
  facet normal -1.000000e+00 0.000000e+00 0.000000e+00
    outer loop
      vertex   0.000000e+00 2.496492e+00 1.845277e+01
      vertex   0.000000e+00 2.614359e+00 5.800000e+00
      vertex   0.000000e+00 2.496492e+00 5.547232e+00
    endloop
  endfacet
  facet normal -1.000000e+00 -0.000000e+00 -0.000000e+00
    outer loop
      vertex   0.000000e+00 2.496492e+00 1.845277e+01
      vertex   0.000000e+00 2.496492e+00 5.547232e+00
      vertex   0.000000e+00 1.387779e-16 2.300000e+01
    endloop
  endfacet
  facet normal -1.000000e+00 0.000000e+00 -0.000000e+00
    outer loop
      vertex   0.000000e+00 1.387779e-16 2.300000e+01
      vertex   0.000000e+00 2.496492e+00 5.547232e+00
      vertex   0.000000e+00 0.000000e+00 1.000000e+00
    endloop
  endfacet
  facet normal -1.000000e+00 0.000000e+00 0.000000e+00
    outer loop
      vertex   0.000000e+00 0.000000e+00 1.000000e+00
      vertex   0.000000e+00 2.496492e+00 5.547232e+00
      vertex   0.000000e+00 2.424308e+00 5.277837e+00
    endloop
  endfacet
  facet normal -1.000000e+00 0.000000e+00 0.000000e+00
    outer loop
      vertex   0.000000e+00 0.000000e+00 1.000000e+00
      vertex   0.000000e+00 2.424308e+00 5.277837e+00
      vertex   0.000000e+00 2.400000e+00 5.000000e+00
    endloop
  endfacet
  facet normal -1.000000e+00 0.000000e+00 -0.000000e+00
    outer loop
      vertex   0.000000e+00 2.400000e+00 5.000000e+00
      vertex   0.000000e+00 2.424308e+00 4.722163e+00
      vertex   0.000000e+00 0.000000e+00 1.000000e+00
    endloop
  endfacet
  facet normal -1.000000e+00 0.000000e+00 0.000000e+00
    outer loop
      vertex   0.000000e+00 0.000000e+00 1.000000e+00
      vertex   0.000000e+00 2.424308e+00 4.722163e+00
      vertex   0.000000e+00 2.496492e+00 4.452768e+00
    endloop
  endfacet
  facet normal -1.000000e+00 0.000000e+00 0.000000e+00
    outer loop
      vertex   0.000000e+00 0.000000e+00 1.000000e+00
      vertex   0.000000e+00 2.496492e+00 4.452768e+00
      vertex   0.000000e+00 2.614359e+00 4.200000e+00
    endloop
  endfacet
  facet normal -1.000000e+00 0.000000e+00 -0.000000e+00
    outer loop
      vertex   0.000000e+00 2.614359e+00 4.200000e+00
      vertex   0.000000e+00 2.774329e+00 3.971540e+00
      vertex   0.000000e+00 0.000000e+00 1.000000e+00
    endloop
  endfacet
  facet normal -1.000000e+00 0.000000e+00 0.000000e+00
    outer loop
      vertex   0.000000e+00 0.000000e+00 1.000000e+00
      vertex   0.000000e+00 2.774329e+00 3.971540e+00
      vertex   0.000000e+00 1.000000e+00 0.000000e+00
    endloop
  endfacet
  facet normal -1.000000e+00 0.000000e+00 0.000000e+00
    outer loop
      vertex   0.000000e+00 1.000000e+00 0.000000e+00
      vertex   0.000000e+00 2.774329e+00 3.971540e+00
      vertex   0.000000e+00 2.971540e+00 3.774329e+00
    endloop
  endfacet
  facet normal -1.000000e+00 0.000000e+00 0.000000e+00
    outer loop
      vertex   0.000000e+00 1.000000e+00 0.000000e+00
      vertex   0.000000e+00 2.971540e+00 3.774329e+00
      vertex   0.000000e+00 3.200000e+00 3.614359e+00
    endloop
  endfacet
  facet normal -1.000000e+00 0.000000e+00 -0.000000e+00
    outer loop
      vertex   0.000000e+00 3.200000e+00 3.614359e+00
      vertex   0.000000e+00 3.452768e+00 3.496492e+00
      vertex   0.000000e+00 1.000000e+00 0.000000e+00
    endloop
  endfacet
  facet normal -1.000000e+00 0.000000e+00 0.000000e+00
    outer loop
      vertex   0.000000e+00 1.000000e+00 0.000000e+00
      vertex   0.000000e+00 3.452768e+00 3.496492e+00
      vertex   0.000000e+00 3.722163e+00 3.424308e+00
    endloop
  endfacet
  facet normal -1.000000e+00 0.000000e+00 0.000000e+00
    outer loop
      vertex   0.000000e+00 1.000000e+00 0.000000e+00
      vertex   0.000000e+00 3.722163e+00 3.424308e+00
      vertex   0.000000e+00 4.000000e+00 3.400000e+00
    endloop
  endfacet
  facet normal -1.000000e+00 0.000000e+00 -0.000000e+00
    outer loop
      vertex   0.000000e+00 4.000000e+00 3.400000e+00
      vertex   0.000000e+00 4.277837e+00 3.424308e+00
      vertex   0.000000e+00 1.000000e+00 0.000000e+00
    endloop
  endfacet
  facet normal -1.000000e+00 0.000000e+00 0.000000e+00
    outer loop
      vertex   0.000000e+00 1.000000e+00 0.000000e+00
      vertex   0.000000e+00 4.277837e+00 3.424308e+00
      vertex   0.000000e+00 4.547232e+00 3.496492e+00
    endloop
  endfacet
  facet normal -1.000000e+00 0.000000e+00 0.000000e+00
    outer loop
      vertex   0.000000e+00 1.000000e+00 0.000000e+00
      vertex   0.000000e+00 4.547232e+00 3.496492e+00
      vertex   0.000000e+00 4.800000e+00 3.614359e+00
    endloop
  endfacet
  facet normal -1.000000e+00 0.000000e+00 0.000000e+00
    outer loop
      vertex   0.000000e+00 1.000000e+00 0.000000e+00
      vertex   0.000000e+00 4.800000e+00 3.614359e+00
      vertex   0.000000e+00 1.520000e+01 3.614359e+00
    endloop
  endfacet
  facet normal -1.000000e+00 0.000000e+00 0.000000e+00
    outer loop
      vertex   0.000000e+00 1.520000e+01 3.614359e+00
      vertex   0.000000e+00 4.800000e+00 3.614359e+00
      vertex   0.000000e+00 5.028460e+00 3.774329e+00
    endloop
  endfacet
  facet normal -1.000000e+00 0.000000e+00 0.000000e+00
    outer loop
      vertex   0.000000e+00 1.520000e+01 3.614359e+00
      vertex   0.000000e+00 5.028460e+00 3.774329e+00
      vertex   0.000000e+00 1.497154e+01 3.774329e+00
    endloop
  endfacet
  facet normal -1.000000e+00 0.000000e+00 0.000000e+00
    outer loop
      vertex   0.000000e+00 1.497154e+01 3.774329e+00
      vertex   0.000000e+00 5.028460e+00 3.774329e+00
      vertex   0.000000e+00 1.477433e+01 3.971540e+00
    endloop
  endfacet
  facet normal -1.000000e+00 -0.000000e+00 0.000000e+00
    outer loop
      vertex   0.000000e+00 1.477433e+01 3.971540e+00
      vertex   0.000000e+00 5.028460e+00 3.774329e+00
      vertex   0.000000e+00 5.225671e+00 3.971540e+00
    endloop
  endfacet
  facet normal -1.000000e+00 0.000000e+00 0.000000e+00
    outer loop
      vertex   0.000000e+00 1.477433e+01 3.971540e+00
      vertex   0.000000e+00 5.225671e+00 3.971540e+00
      vertex   0.000000e+00 1.461436e+01 4.200000e+00
    endloop
  endfacet
  facet normal -1.000000e+00 -0.000000e+00 0.000000e+00
    outer loop
      vertex   0.000000e+00 1.461436e+01 4.200000e+00
      vertex   0.000000e+00 5.225671e+00 3.971540e+00
      vertex   0.000000e+00 5.385641e+00 4.200000e+00
    endloop
  endfacet
  facet normal -1.000000e+00 0.000000e+00 0.000000e+00
    outer loop
      vertex   0.000000e+00 1.461436e+01 4.200000e+00
      vertex   0.000000e+00 5.385641e+00 4.200000e+00
      vertex   0.000000e+00 1.449649e+01 4.452768e+00
    endloop
  endfacet
  facet normal -1.000000e+00 -0.000000e+00 0.000000e+00
    outer loop
      vertex   0.000000e+00 1.449649e+01 4.452768e+00
      vertex   0.000000e+00 5.385641e+00 4.200000e+00
      vertex   0.000000e+00 5.503508e+00 4.452768e+00
    endloop
  endfacet
  facet normal -1.000000e+00 0.000000e+00 0.000000e+00
    outer loop
      vertex   0.000000e+00 1.449649e+01 4.452768e+00
      vertex   0.000000e+00 5.503508e+00 4.452768e+00
      vertex   0.000000e+00 1.442431e+01 4.722163e+00
    endloop
  endfacet
  facet normal -1.000000e+00 -0.000000e+00 0.000000e+00
    outer loop
      vertex   0.000000e+00 1.442431e+01 4.722163e+00
      vertex   0.000000e+00 5.503508e+00 4.452768e+00
      vertex   0.000000e+00 5.575692e+00 4.722163e+00
    endloop
  endfacet
  facet normal -1.000000e+00 0.000000e+00 0.000000e+00
    outer loop
      vertex   0.000000e+00 1.442431e+01 4.722163e+00
      vertex   0.000000e+00 5.575692e+00 4.722163e+00
      vertex   0.000000e+00 1.440000e+01 5.000000e+00
    endloop
  endfacet
  facet normal -1.000000e+00 -0.000000e+00 0.000000e+00
    outer loop
      vertex   0.000000e+00 1.440000e+01 5.000000e+00
      vertex   0.000000e+00 5.575692e+00 4.722163e+00
      vertex   0.000000e+00 5.600000e+00 5.000000e+00
    endloop
  endfacet
  facet normal -1.000000e+00 0.000000e+00 0.000000e+00
    outer loop
      vertex   0.000000e+00 1.440000e+01 5.000000e+00
      vertex   0.000000e+00 5.600000e+00 5.000000e+00
      vertex   0.000000e+00 5.575692e+00 5.277837e+00
    endloop
  endfacet
  facet normal -1.000000e+00 0.000000e+00 0.000000e+00
    outer loop
      vertex   0.000000e+00 1.440000e+01 5.000000e+00
      vertex   0.000000e+00 5.575692e+00 5.277837e+00
      vertex   0.000000e+00 1.442431e+01 5.277837e+00
    endloop
  endfacet
  facet normal -1.000000e+00 0.000000e+00 0.000000e+00
    outer loop
      vertex   0.000000e+00 1.442431e+01 5.277837e+00
      vertex   0.000000e+00 5.575692e+00 5.277837e+00
      vertex   0.000000e+00 5.503508e+00 5.547232e+00
    endloop
  endfacet
  facet normal -1.000000e+00 0.000000e+00 0.000000e+00
    outer loop
      vertex   0.000000e+00 1.442431e+01 5.277837e+00
      vertex   0.000000e+00 5.503508e+00 5.547232e+00
      vertex   0.000000e+00 1.449649e+01 5.547232e+00
    endloop
  endfacet
  facet normal -1.000000e+00 0.000000e+00 0.000000e+00
    outer loop
      vertex   0.000000e+00 1.449649e+01 5.547232e+00
      vertex   0.000000e+00 5.503508e+00 5.547232e+00
      vertex   0.000000e+00 5.385641e+00 5.800000e+00
    endloop
  endfacet
  facet normal -1.000000e+00 0.000000e+00 0.000000e+00
    outer loop
      vertex   0.000000e+00 1.449649e+01 5.547232e+00
      vertex   0.000000e+00 5.385641e+00 5.800000e+00
      vertex   0.000000e+00 1.461436e+01 5.800000e+00
    endloop
  endfacet
  facet normal -1.000000e+00 0.000000e+00 0.000000e+00
    outer loop
      vertex   0.000000e+00 1.461436e+01 5.800000e+00
      vertex   0.000000e+00 5.385641e+00 5.800000e+00
      vertex   0.000000e+00 5.225671e+00 6.028460e+00
    endloop
  endfacet
  facet normal -1.000000e+00 0.000000e+00 0.000000e+00
    outer loop
      vertex   0.000000e+00 1.461436e+01 5.800000e+00
      vertex   0.000000e+00 5.225671e+00 6.028460e+00
      vertex   0.000000e+00 1.477433e+01 6.028460e+00
    endloop
  endfacet
  facet normal -1.000000e+00 0.000000e+00 0.000000e+00
    outer loop
      vertex   0.000000e+00 4.277837e+00 2.057569e+01
      vertex   0.000000e+00 4.000000e+00 2.060000e+01
      vertex   0.000000e+00 1.000000e+00 2.400000e+01
    endloop
  endfacet
  facet normal -1.000000e+00 0.000000e+00 0.000000e+00
    outer loop
      vertex   0.000000e+00 1.000000e+00 2.400000e+01
      vertex   0.000000e+00 4.000000e+00 2.060000e+01
      vertex   0.000000e+00 3.722163e+00 2.057569e+01
    endloop
  endfacet
  facet normal -1.000000e+00 0.000000e+00 0.000000e+00
    outer loop
      vertex   0.000000e+00 1.000000e+00 2.400000e+01
      vertex   0.000000e+00 3.722163e+00 2.057569e+01
      vertex   0.000000e+00 3.452768e+00 2.050351e+01
    endloop
  endfacet
  facet normal -1.000000e+00 -0.000000e+00 0.000000e+00
    outer loop
      vertex   0.000000e+00 3.452768e+00 2.050351e+01
      vertex   0.000000e+00 3.200000e+00 2.038564e+01
      vertex   0.000000e+00 1.000000e+00 2.400000e+01
    endloop
  endfacet
  facet normal -1.000000e+00 0.000000e+00 0.000000e+00
    outer loop
      vertex   0.000000e+00 1.000000e+00 2.400000e+01
      vertex   0.000000e+00 3.200000e+00 2.038564e+01
      vertex   0.000000e+00 2.971540e+00 2.022567e+01
    endloop
  endfacet
  facet normal -1.000000e+00 0.000000e+00 0.000000e+00
    outer loop
      vertex   0.000000e+00 1.000000e+00 2.400000e+01
      vertex   0.000000e+00 2.971540e+00 2.022567e+01
      vertex   0.000000e+00 2.774329e+00 2.002846e+01
    endloop
  endfacet
  facet normal -1.000000e+00 0.000000e+00 -0.000000e+00
    outer loop
      vertex   0.000000e+00 1.000000e+00 2.400000e+01
      vertex   0.000000e+00 2.774329e+00 2.002846e+01
      vertex   0.000000e+00 1.387779e-16 2.300000e+01
    endloop
  endfacet
  facet normal -1.000000e+00 0.000000e+00 0.000000e+00
    outer loop
      vertex   0.000000e+00 1.387779e-16 2.300000e+01
      vertex   0.000000e+00 2.774329e+00 2.002846e+01
      vertex   0.000000e+00 2.614359e+00 1.980000e+01
    endloop
  endfacet
  facet normal -1.000000e+00 0.000000e+00 0.000000e+00
    outer loop
      vertex   0.000000e+00 1.387779e-16 2.300000e+01
      vertex   0.000000e+00 2.614359e+00 1.980000e+01
      vertex   0.000000e+00 2.496492e+00 1.954723e+01
    endloop
  endfacet
  facet normal -1.000000e+00 -0.000000e+00 0.000000e+00
    outer loop
      vertex   0.000000e+00 2.496492e+00 1.954723e+01
      vertex   0.000000e+00 2.424308e+00 1.927784e+01
      vertex   0.000000e+00 1.387779e-16 2.300000e+01
    endloop
  endfacet
  facet normal -1.000000e+00 0.000000e+00 0.000000e+00
    outer loop
      vertex   0.000000e+00 1.387779e-16 2.300000e+01
      vertex   0.000000e+00 2.424308e+00 1.927784e+01
      vertex   0.000000e+00 2.400000e+00 1.900000e+01
    endloop
  endfacet
  facet normal -1.000000e+00 0.000000e+00 0.000000e+00
    outer loop
      vertex   0.000000e+00 1.387779e-16 2.300000e+01
      vertex   0.000000e+00 2.400000e+00 1.900000e+01
      vertex   0.000000e+00 2.424308e+00 1.872216e+01
    endloop
  endfacet
  facet normal -1.000000e+00 -0.000000e+00 -0.000000e+00
    outer loop
      vertex   0.000000e+00 2.424308e+00 1.872216e+01
      vertex   0.000000e+00 2.496492e+00 1.845277e+01
      vertex   0.000000e+00 1.387779e-16 2.300000e+01
    endloop
  endfacet
  facet normal -1.000000e+00 0.000000e+00 0.000000e+00
    outer loop
      vertex   0.000000e+00 1.477433e+01 1.797154e+01
      vertex   0.000000e+00 5.225671e+00 1.797154e+01
      vertex   0.000000e+00 1.461436e+01 1.820000e+01
    endloop
  endfacet
  facet normal -1.000000e+00 -0.000000e+00 0.000000e+00
    outer loop
      vertex   0.000000e+00 1.461436e+01 1.820000e+01
      vertex   0.000000e+00 5.225671e+00 1.797154e+01
      vertex   0.000000e+00 5.385641e+00 1.820000e+01
    endloop
  endfacet
  facet normal -1.000000e+00 0.000000e+00 0.000000e+00
    outer loop
      vertex   0.000000e+00 1.461436e+01 1.820000e+01
      vertex   0.000000e+00 5.385641e+00 1.820000e+01
      vertex   0.000000e+00 1.449649e+01 1.845277e+01
    endloop
  endfacet
  facet normal -1.000000e+00 -0.000000e+00 0.000000e+00
    outer loop
      vertex   0.000000e+00 1.449649e+01 1.845277e+01
      vertex   0.000000e+00 5.385641e+00 1.820000e+01
      vertex   0.000000e+00 5.503508e+00 1.845277e+01
    endloop
  endfacet
  facet normal -1.000000e+00 0.000000e+00 0.000000e+00
    outer loop
      vertex   0.000000e+00 1.449649e+01 1.845277e+01
      vertex   0.000000e+00 5.503508e+00 1.845277e+01
      vertex   0.000000e+00 1.442431e+01 1.872216e+01
    endloop
  endfacet
  facet normal -1.000000e+00 -0.000000e+00 0.000000e+00
    outer loop
      vertex   0.000000e+00 1.442431e+01 1.872216e+01
      vertex   0.000000e+00 5.503508e+00 1.845277e+01
      vertex   0.000000e+00 5.575692e+00 1.872216e+01
    endloop
  endfacet
  facet normal -1.000000e+00 0.000000e+00 0.000000e+00
    outer loop
      vertex   0.000000e+00 1.442431e+01 1.872216e+01
      vertex   0.000000e+00 5.575692e+00 1.872216e+01
      vertex   0.000000e+00 1.440000e+01 1.900000e+01
    endloop
  endfacet
  facet normal -1.000000e+00 -0.000000e+00 0.000000e+00
    outer loop
      vertex   0.000000e+00 1.440000e+01 1.900000e+01
      vertex   0.000000e+00 5.575692e+00 1.872216e+01
      vertex   0.000000e+00 5.600000e+00 1.900000e+01
    endloop
  endfacet
  facet normal -1.000000e+00 0.000000e+00 0.000000e+00
    outer loop
      vertex   0.000000e+00 1.440000e+01 1.900000e+01
      vertex   0.000000e+00 5.600000e+00 1.900000e+01
      vertex   0.000000e+00 5.575692e+00 1.927784e+01
    endloop
  endfacet
  facet normal -1.000000e+00 0.000000e+00 0.000000e+00
    outer loop
      vertex   0.000000e+00 1.440000e+01 1.900000e+01
      vertex   0.000000e+00 5.575692e+00 1.927784e+01
      vertex   0.000000e+00 1.442431e+01 1.927784e+01
    endloop
  endfacet
  facet normal -1.000000e+00 0.000000e+00 0.000000e+00
    outer loop
      vertex   0.000000e+00 1.442431e+01 1.927784e+01
      vertex   0.000000e+00 5.575692e+00 1.927784e+01
      vertex   0.000000e+00 5.503508e+00 1.954723e+01
    endloop
  endfacet
  facet normal -1.000000e+00 0.000000e+00 0.000000e+00
    outer loop
      vertex   0.000000e+00 1.442431e+01 1.927784e+01
      vertex   0.000000e+00 5.503508e+00 1.954723e+01
      vertex   0.000000e+00 1.449649e+01 1.954723e+01
    endloop
  endfacet
  facet normal -1.000000e+00 0.000000e+00 0.000000e+00
    outer loop
      vertex   0.000000e+00 1.449649e+01 1.954723e+01
      vertex   0.000000e+00 5.503508e+00 1.954723e+01
      vertex   0.000000e+00 5.385641e+00 1.980000e+01
    endloop
  endfacet
  facet normal -1.000000e+00 0.000000e+00 0.000000e+00
    outer loop
      vertex   0.000000e+00 1.449649e+01 1.954723e+01
      vertex   0.000000e+00 5.385641e+00 1.980000e+01
      vertex   0.000000e+00 1.461436e+01 1.980000e+01
    endloop
  endfacet
  facet normal -1.000000e+00 0.000000e+00 0.000000e+00
    outer loop
      vertex   0.000000e+00 1.461436e+01 1.980000e+01
      vertex   0.000000e+00 5.385641e+00 1.980000e+01
      vertex   0.000000e+00 5.225671e+00 2.002846e+01
    endloop
  endfacet
  facet normal -1.000000e+00 0.000000e+00 0.000000e+00
    outer loop
      vertex   0.000000e+00 1.461436e+01 1.980000e+01
      vertex   0.000000e+00 5.225671e+00 2.002846e+01
      vertex   0.000000e+00 1.477433e+01 2.002846e+01
    endloop
  endfacet
  facet normal -1.000000e+00 0.000000e+00 0.000000e+00
    outer loop
      vertex   0.000000e+00 1.477433e+01 2.002846e+01
      vertex   0.000000e+00 5.225671e+00 2.002846e+01
      vertex   0.000000e+00 5.028460e+00 2.022567e+01
    endloop
  endfacet
  facet normal -1.000000e+00 0.000000e+00 0.000000e+00
    outer loop
      vertex   0.000000e+00 1.477433e+01 2.002846e+01
      vertex   0.000000e+00 5.028460e+00 2.022567e+01
      vertex   0.000000e+00 1.497154e+01 2.022567e+01
    endloop
  endfacet
  facet normal -1.000000e+00 0.000000e+00 0.000000e+00
    outer loop
      vertex   0.000000e+00 1.497154e+01 2.022567e+01
      vertex   0.000000e+00 5.028460e+00 2.022567e+01
      vertex   0.000000e+00 1.520000e+01 2.038564e+01
    endloop
  endfacet
  facet normal -1.000000e+00 -0.000000e+00 0.000000e+00
    outer loop
      vertex   0.000000e+00 1.520000e+01 2.038564e+01
      vertex   0.000000e+00 5.028460e+00 2.022567e+01
      vertex   0.000000e+00 4.800000e+00 2.038564e+01
    endloop
  endfacet
  facet normal -1.000000e+00 0.000000e+00 0.000000e+00
    outer loop
      vertex   0.000000e+00 1.520000e+01 2.038564e+01
      vertex   0.000000e+00 4.800000e+00 2.038564e+01
      vertex   0.000000e+00 1.000000e+00 2.400000e+01
    endloop
  endfacet
  facet normal -1.000000e+00 0.000000e+00 0.000000e+00
    outer loop
      vertex   0.000000e+00 1.000000e+00 2.400000e+01
      vertex   0.000000e+00 4.800000e+00 2.038564e+01
      vertex   0.000000e+00 4.547232e+00 2.050351e+01
    endloop
  endfacet
  facet normal -1.000000e+00 0.000000e+00 0.000000e+00
    outer loop
      vertex   0.000000e+00 1.000000e+00 2.400000e+01
      vertex   0.000000e+00 4.547232e+00 2.050351e+01
      vertex   0.000000e+00 4.277837e+00 2.057569e+01
    endloop
  endfacet
  facet normal -1.000000e+00 0.000000e+00 0.000000e+00
    outer loop
      vertex   0.000000e+00 1.000000e+00 0.000000e+00
      vertex   0.000000e+00 1.520000e+01 3.614359e+00
      vertex   0.000000e+00 1.900000e+01 0.000000e+00
    endloop
  endfacet
  facet normal -1.000000e+00 0.000000e+00 0.000000e+00
    outer loop
      vertex   0.000000e+00 1.900000e+01 0.000000e+00
      vertex   0.000000e+00 1.520000e+01 3.614359e+00
      vertex   0.000000e+00 1.545277e+01 3.496492e+00
    endloop
  endfacet
  facet normal -1.000000e+00 0.000000e+00 0.000000e+00
    outer loop
      vertex   0.000000e+00 1.900000e+01 0.000000e+00
      vertex   0.000000e+00 1.545277e+01 3.496492e+00
      vertex   0.000000e+00 1.572216e+01 3.424308e+00
    endloop
  endfacet
  facet normal -1.000000e+00 0.000000e+00 0.000000e+00
    outer loop
      vertex   0.000000e+00 1.572216e+01 3.424308e+00
      vertex   0.000000e+00 1.600000e+01 3.400000e+00
      vertex   0.000000e+00 1.900000e+01 0.000000e+00
    endloop
  endfacet
  facet normal -1.000000e+00 0.000000e+00 0.000000e+00
    outer loop
      vertex   0.000000e+00 1.900000e+01 0.000000e+00
      vertex   0.000000e+00 1.600000e+01 3.400000e+00
      vertex   0.000000e+00 1.627784e+01 3.424308e+00
    endloop
  endfacet
  facet normal -1.000000e+00 0.000000e+00 0.000000e+00
    outer loop
      vertex   0.000000e+00 1.900000e+01 0.000000e+00
      vertex   0.000000e+00 1.627784e+01 3.424308e+00
      vertex   0.000000e+00 1.654723e+01 3.496492e+00
    endloop
  endfacet
  facet normal -1.000000e+00 0.000000e+00 0.000000e+00
    outer loop
      vertex   0.000000e+00 1.654723e+01 3.496492e+00
      vertex   0.000000e+00 1.680000e+01 3.614359e+00
      vertex   0.000000e+00 1.900000e+01 0.000000e+00
    endloop
  endfacet
  facet normal -1.000000e+00 0.000000e+00 0.000000e+00
    outer loop
      vertex   0.000000e+00 1.900000e+01 0.000000e+00
      vertex   0.000000e+00 1.680000e+01 3.614359e+00
      vertex   0.000000e+00 1.702846e+01 3.774329e+00
    endloop
  endfacet
  facet normal -1.000000e+00 0.000000e+00 0.000000e+00
    outer loop
      vertex   0.000000e+00 1.900000e+01 0.000000e+00
      vertex   0.000000e+00 1.702846e+01 3.774329e+00
      vertex   0.000000e+00 1.722567e+01 3.971540e+00
    endloop
  endfacet
  facet normal -1.000000e+00 0.000000e+00 0.000000e+00
    outer loop
      vertex   0.000000e+00 1.900000e+01 0.000000e+00
      vertex   0.000000e+00 1.722567e+01 3.971540e+00
      vertex   0.000000e+00 2.000000e+01 1.000000e+00
    endloop
  endfacet
  facet normal -1.000000e+00 0.000000e+00 0.000000e+00
    outer loop
      vertex   0.000000e+00 2.000000e+01 1.000000e+00
      vertex   0.000000e+00 1.722567e+01 3.971540e+00
      vertex   0.000000e+00 1.738564e+01 4.200000e+00
    endloop
  endfacet
  facet normal -1.000000e+00 0.000000e+00 0.000000e+00
    outer loop
      vertex   0.000000e+00 2.000000e+01 1.000000e+00
      vertex   0.000000e+00 1.738564e+01 4.200000e+00
      vertex   0.000000e+00 1.750351e+01 4.452768e+00
    endloop
  endfacet
  facet normal -1.000000e+00 0.000000e+00 0.000000e+00
    outer loop
      vertex   0.000000e+00 1.750351e+01 4.452768e+00
      vertex   0.000000e+00 1.757569e+01 4.722163e+00
      vertex   0.000000e+00 2.000000e+01 1.000000e+00
    endloop
  endfacet
  facet normal -1.000000e+00 0.000000e+00 0.000000e+00
    outer loop
      vertex   0.000000e+00 2.000000e+01 1.000000e+00
      vertex   0.000000e+00 1.757569e+01 4.722163e+00
      vertex   0.000000e+00 1.760000e+01 5.000000e+00
    endloop
  endfacet
  facet normal -1.000000e+00 0.000000e+00 0.000000e+00
    outer loop
      vertex   0.000000e+00 2.000000e+01 1.000000e+00
      vertex   0.000000e+00 1.760000e+01 5.000000e+00
      vertex   0.000000e+00 1.757569e+01 5.277837e+00
    endloop
  endfacet
  facet normal -1.000000e+00 0.000000e+00 0.000000e+00
    outer loop
      vertex   0.000000e+00 1.757569e+01 5.277837e+00
      vertex   0.000000e+00 1.750351e+01 5.547232e+00
      vertex   0.000000e+00 2.000000e+01 1.000000e+00
    endloop
  endfacet
  facet normal -1.000000e+00 0.000000e+00 0.000000e+00
    outer loop
      vertex   0.000000e+00 1.627784e+01 2.057569e+01
      vertex   0.000000e+00 1.600000e+01 2.060000e+01
      vertex   0.000000e+00 1.900000e+01 2.400000e+01
    endloop
  endfacet
  facet normal -1.000000e+00 0.000000e+00 0.000000e+00
    outer loop
      vertex   0.000000e+00 1.900000e+01 2.400000e+01
      vertex   0.000000e+00 1.600000e+01 2.060000e+01
      vertex   0.000000e+00 1.572216e+01 2.057569e+01
    endloop
  endfacet
  facet normal -1.000000e+00 0.000000e+00 0.000000e+00
    outer loop
      vertex   0.000000e+00 1.900000e+01 2.400000e+01
      vertex   0.000000e+00 1.572216e+01 2.057569e+01
      vertex   0.000000e+00 1.545277e+01 2.050351e+01
    endloop
  endfacet
  facet normal -1.000000e+00 -0.000000e+00 0.000000e+00
    outer loop
      vertex   0.000000e+00 1.545277e+01 2.050351e+01
      vertex   0.000000e+00 1.520000e+01 2.038564e+01
      vertex   0.000000e+00 1.900000e+01 2.400000e+01
    endloop
  endfacet
  facet normal -1.000000e+00 -0.000000e+00 0.000000e+00
    outer loop
      vertex   0.000000e+00 1.900000e+01 2.400000e+01
      vertex   0.000000e+00 1.520000e+01 2.038564e+01
      vertex   0.000000e+00 1.000000e+00 2.400000e+01
    endloop
  endfacet
  facet normal -1.000000e+00 0.000000e+00 0.000000e+00
    outer loop
      vertex   0.000000e+00 1.760000e+01 1.900000e+01
      vertex   0.000000e+00 1.757569e+01 1.927784e+01
      vertex   0.000000e+00 2.000000e+01 2.300000e+01
    endloop
  endfacet
  facet normal -1.000000e+00 0.000000e+00 0.000000e+00
    outer loop
      vertex   0.000000e+00 2.000000e+01 2.300000e+01
      vertex   0.000000e+00 1.757569e+01 1.927784e+01
      vertex   0.000000e+00 1.750351e+01 1.954723e+01
    endloop
  endfacet
  facet normal -1.000000e+00 0.000000e+00 0.000000e+00
    outer loop
      vertex   0.000000e+00 2.000000e+01 2.300000e+01
      vertex   0.000000e+00 1.750351e+01 1.954723e+01
      vertex   0.000000e+00 1.738564e+01 1.980000e+01
    endloop
  endfacet
  facet normal -1.000000e+00 0.000000e+00 0.000000e+00
    outer loop
      vertex   0.000000e+00 1.738564e+01 1.980000e+01
      vertex   0.000000e+00 1.722567e+01 2.002846e+01
      vertex   0.000000e+00 2.000000e+01 2.300000e+01
    endloop
  endfacet
  facet normal -1.000000e+00 -0.000000e+00 0.000000e+00
    outer loop
      vertex   0.000000e+00 2.000000e+01 2.300000e+01
      vertex   0.000000e+00 1.722567e+01 2.002846e+01
      vertex   0.000000e+00 1.900000e+01 2.400000e+01
    endloop
  endfacet
  facet normal -1.000000e+00 0.000000e+00 0.000000e+00
    outer loop
      vertex   0.000000e+00 1.900000e+01 2.400000e+01
      vertex   0.000000e+00 1.722567e+01 2.002846e+01
      vertex   0.000000e+00 1.702846e+01 2.022567e+01
    endloop
  endfacet
  facet normal -1.000000e+00 0.000000e+00 0.000000e+00
    outer loop
      vertex   0.000000e+00 1.900000e+01 2.400000e+01
      vertex   0.000000e+00 1.702846e+01 2.022567e+01
      vertex   0.000000e+00 1.680000e+01 2.038564e+01
    endloop
  endfacet
  facet normal -1.000000e+00 0.000000e+00 0.000000e+00
    outer loop
      vertex   0.000000e+00 1.680000e+01 2.038564e+01
      vertex   0.000000e+00 1.654723e+01 2.050351e+01
      vertex   0.000000e+00 1.900000e+01 2.400000e+01
    endloop
  endfacet
  facet normal -1.000000e+00 0.000000e+00 0.000000e+00
    outer loop
      vertex   0.000000e+00 1.900000e+01 2.400000e+01
      vertex   0.000000e+00 1.654723e+01 2.050351e+01
      vertex   0.000000e+00 1.627784e+01 2.057569e+01
    endloop
  endfacet
  facet normal 0.000000e+00 -7.071068e-01 7.071068e-01
    outer loop
      vertex   4.500000e+00 1.387779e-16 2.300000e+01
      vertex   4.500000e+00 1.000000e+00 2.400000e+01
      vertex   0.000000e+00 1.387779e-16 2.300000e+01
    endloop
  endfacet
  facet normal 0.000000e+00 -7.071068e-01 7.071068e-01
    outer loop
      vertex   0.000000e+00 1.387779e-16 2.300000e+01
      vertex   4.500000e+00 1.000000e+00 2.400000e+01
      vertex   0.000000e+00 1.000000e+00 2.400000e+01
    endloop
  endfacet
  facet normal 0.000000e+00 -1.000000e+00 6.308085e-18
    outer loop
      vertex   4.500000e+00 0.000000e+00 1.000000e+00
      vertex   4.500000e+00 1.387779e-16 2.300000e+01
      vertex   0.000000e+00 0.000000e+00 1.000000e+00
    endloop
  endfacet
  facet normal 9.960365e-34 -1.000000e+00 6.308085e-18
    outer loop
      vertex   0.000000e+00 0.000000e+00 1.000000e+00
      vertex   4.500000e+00 1.387779e-16 2.300000e+01
      vertex   0.000000e+00 1.387779e-16 2.300000e+01
    endloop
  endfacet
  facet normal -0.000000e+00 -7.071068e-01 -7.071068e-01
    outer loop
      vertex   4.500000e+00 1.000000e+00 0.000000e+00
      vertex   4.500000e+00 0.000000e+00 1.000000e+00
      vertex   0.000000e+00 1.000000e+00 0.000000e+00
    endloop
  endfacet
  facet normal 0.000000e+00 -7.071068e-01 -7.071068e-01
    outer loop
      vertex   0.000000e+00 1.000000e+00 0.000000e+00
      vertex   4.500000e+00 0.000000e+00 1.000000e+00
      vertex   0.000000e+00 0.000000e+00 1.000000e+00
    endloop
  endfacet
  facet normal 0.000000e+00 -0.000000e+00 1.000000e+00
    outer loop
      vertex   4.500000e+00 1.000000e+00 2.400000e+01
      vertex   4.500000e+00 1.900000e+01 2.400000e+01
      vertex   0.000000e+00 1.000000e+00 2.400000e+01
    endloop
  endfacet
  facet normal 0.000000e+00 0.000000e+00 1.000000e+00
    outer loop
      vertex   0.000000e+00 1.000000e+00 2.400000e+01
      vertex   4.500000e+00 1.900000e+01 2.400000e+01
      vertex   0.000000e+00 1.900000e+01 2.400000e+01
    endloop
  endfacet
  facet normal 0.000000e+00 8.715574e-02 -9.961947e-01
    outer loop
      vertex   3.000000e+00 3.722163e+00 6.575692e+00
      vertex   0.000000e+00 3.722163e+00 6.575692e+00
      vertex   3.000000e+00 4.000000e+00 6.600000e+00
    endloop
  endfacet
  facet normal 0.000000e+00 8.715574e-02 -9.961947e-01
    outer loop
      vertex   3.000000e+00 4.000000e+00 6.600000e+00
      vertex   0.000000e+00 3.722163e+00 6.575692e+00
      vertex   0.000000e+00 4.000000e+00 6.600000e+00
    endloop
  endfacet
  facet normal -0.000000e+00 -8.715574e-02 -9.961947e-01
    outer loop
      vertex   3.000000e+00 4.000000e+00 6.600000e+00
      vertex   0.000000e+00 4.000000e+00 6.600000e+00
      vertex   3.000000e+00 4.277837e+00 6.575692e+00
    endloop
  endfacet
  facet normal -0.000000e+00 -8.715574e-02 -9.961947e-01
    outer loop
      vertex   3.000000e+00 4.277837e+00 6.575692e+00
      vertex   0.000000e+00 4.000000e+00 6.600000e+00
      vertex   0.000000e+00 4.277837e+00 6.575692e+00
    endloop
  endfacet
  facet normal -0.000000e+00 -2.588190e-01 -9.659258e-01
    outer loop
      vertex   3.000000e+00 4.277837e+00 6.575692e+00
      vertex   0.000000e+00 4.277837e+00 6.575692e+00
      vertex   3.000000e+00 4.547232e+00 6.503508e+00
    endloop
  endfacet
  facet normal 7.662583e-17 -2.588190e-01 -9.659258e-01
    outer loop
      vertex   3.000000e+00 4.547232e+00 6.503508e+00
      vertex   0.000000e+00 4.277837e+00 6.575692e+00
      vertex   0.000000e+00 4.547232e+00 6.503508e+00
    endloop
  endfacet
  facet normal 1.251201e-16 -4.226183e-01 -9.063078e-01
    outer loop
      vertex   3.000000e+00 4.547232e+00 6.503508e+00
      vertex   0.000000e+00 4.547232e+00 6.503508e+00
      vertex   3.000000e+00 4.800000e+00 6.385641e+00
    endloop
  endfacet
  facet normal 1.251201e-16 -4.226183e-01 -9.063078e-01
    outer loop
      vertex   3.000000e+00 4.800000e+00 6.385641e+00
      vertex   0.000000e+00 4.547232e+00 6.503508e+00
      vertex   0.000000e+00 4.800000e+00 6.385641e+00
    endloop
  endfacet
  facet normal 1.698127e-16 -5.735764e-01 -8.191520e-01
    outer loop
      vertex   3.000000e+00 4.800000e+00 6.385641e+00
      vertex   0.000000e+00 4.800000e+00 6.385641e+00
      vertex   3.000000e+00 5.028460e+00 6.225671e+00
    endloop
  endfacet
  facet normal -0.000000e+00 -5.735764e-01 -8.191520e-01
    outer loop
      vertex   3.000000e+00 5.028460e+00 6.225671e+00
      vertex   0.000000e+00 4.800000e+00 6.385641e+00
      vertex   0.000000e+00 5.028460e+00 6.225671e+00
    endloop
  endfacet
  facet normal -0.000000e+00 -7.071068e-01 -7.071068e-01
    outer loop
      vertex   3.000000e+00 5.028460e+00 6.225671e+00
      vertex   0.000000e+00 5.028460e+00 6.225671e+00
      vertex   3.000000e+00 5.225671e+00 6.028460e+00
    endloop
  endfacet
  facet normal -0.000000e+00 -7.071068e-01 -7.071068e-01
    outer loop
      vertex   3.000000e+00 5.225671e+00 6.028460e+00
      vertex   0.000000e+00 5.028460e+00 6.225671e+00
      vertex   0.000000e+00 5.225671e+00 6.028460e+00
    endloop
  endfacet
  facet normal -0.000000e+00 -8.191520e-01 -5.735764e-01
    outer loop
      vertex   3.000000e+00 5.225671e+00 6.028460e+00
      vertex   0.000000e+00 5.225671e+00 6.028460e+00
      vertex   3.000000e+00 5.385641e+00 5.800000e+00
    endloop
  endfacet
  facet normal -0.000000e+00 -8.191520e-01 -5.735764e-01
    outer loop
      vertex   3.000000e+00 5.385641e+00 5.800000e+00
      vertex   0.000000e+00 5.225671e+00 6.028460e+00
      vertex   0.000000e+00 5.385641e+00 5.800000e+00
    endloop
  endfacet
  facet normal -0.000000e+00 -9.063078e-01 -4.226183e-01
    outer loop
      vertex   3.000000e+00 5.385641e+00 5.800000e+00
      vertex   0.000000e+00 5.385641e+00 5.800000e+00
      vertex   3.000000e+00 5.503508e+00 5.547232e+00
    endloop
  endfacet
  facet normal 2.683210e-16 -9.063078e-01 -4.226183e-01
    outer loop
      vertex   3.000000e+00 5.503508e+00 5.547232e+00
      vertex   0.000000e+00 5.385641e+00 5.800000e+00
      vertex   0.000000e+00 5.503508e+00 5.547232e+00
    endloop
  endfacet
  facet normal 2.859715e-16 -9.659258e-01 -2.588190e-01
    outer loop
      vertex   3.000000e+00 5.503508e+00 5.547232e+00
      vertex   0.000000e+00 5.503508e+00 5.547232e+00
      vertex   3.000000e+00 5.575692e+00 5.277837e+00
    endloop
  endfacet
  facet normal -0.000000e+00 -9.659258e-01 -2.588190e-01
    outer loop
      vertex   3.000000e+00 5.575692e+00 5.277837e+00
      vertex   0.000000e+00 5.503508e+00 5.547232e+00
      vertex   0.000000e+00 5.575692e+00 5.277837e+00
    endloop
  endfacet
  facet normal -0.000000e+00 -9.961947e-01 -8.715574e-02
    outer loop
      vertex   3.000000e+00 5.575692e+00 5.277837e+00
      vertex   0.000000e+00 5.575692e+00 5.277837e+00
      vertex   3.000000e+00 5.600000e+00 5.000000e+00
    endloop
  endfacet
  facet normal -0.000000e+00 -9.961947e-01 -8.715574e-02
    outer loop
      vertex   3.000000e+00 5.600000e+00 5.000000e+00
      vertex   0.000000e+00 5.575692e+00 5.277837e+00
      vertex   0.000000e+00 5.600000e+00 5.000000e+00
    endloop
  endfacet
  facet normal 0.000000e+00 -9.961947e-01 8.715574e-02
    outer loop
      vertex   3.000000e+00 5.600000e+00 5.000000e+00
      vertex   0.000000e+00 5.600000e+00 5.000000e+00
      vertex   3.000000e+00 5.575692e+00 4.722163e+00
    endloop
  endfacet
  facet normal 0.000000e+00 -9.961947e-01 8.715574e-02
    outer loop
      vertex   3.000000e+00 5.575692e+00 4.722163e+00
      vertex   0.000000e+00 5.600000e+00 5.000000e+00
      vertex   0.000000e+00 5.575692e+00 4.722163e+00
    endloop
  endfacet
  facet normal 0.000000e+00 -9.659258e-01 2.588190e-01
    outer loop
      vertex   3.000000e+00 5.575692e+00 4.722163e+00
      vertex   0.000000e+00 5.575692e+00 4.722163e+00
      vertex   3.000000e+00 5.503508e+00 4.452768e+00
    endloop
  endfacet
  facet normal 7.662583e-17 -9.659258e-01 2.588190e-01
    outer loop
      vertex   3.000000e+00 5.503508e+00 4.452768e+00
      vertex   0.000000e+00 5.575692e+00 4.722163e+00
      vertex   0.000000e+00 5.503508e+00 4.452768e+00
    endloop
  endfacet
  facet normal 1.251201e-16 -9.063078e-01 4.226183e-01
    outer loop
      vertex   3.000000e+00 5.503508e+00 4.452768e+00
      vertex   0.000000e+00 5.503508e+00 4.452768e+00
      vertex   3.000000e+00 5.385641e+00 4.200000e+00
    endloop
  endfacet
  facet normal 1.251201e-16 -9.063078e-01 4.226183e-01
    outer loop
      vertex   3.000000e+00 5.385641e+00 4.200000e+00
      vertex   0.000000e+00 5.503508e+00 4.452768e+00
      vertex   0.000000e+00 5.385641e+00 4.200000e+00
    endloop
  endfacet
  facet normal 1.698127e-16 -8.191520e-01 5.735764e-01
    outer loop
      vertex   3.000000e+00 5.385641e+00 4.200000e+00
      vertex   0.000000e+00 5.385641e+00 4.200000e+00
      vertex   3.000000e+00 5.225671e+00 3.971540e+00
    endloop
  endfacet
  facet normal 0.000000e+00 -8.191520e-01 5.735764e-01
    outer loop
      vertex   3.000000e+00 5.225671e+00 3.971540e+00
      vertex   0.000000e+00 5.385641e+00 4.200000e+00
      vertex   0.000000e+00 5.225671e+00 3.971540e+00
    endloop
  endfacet
  facet normal 0.000000e+00 -7.071068e-01 7.071068e-01
    outer loop
      vertex   3.000000e+00 5.225671e+00 3.971540e+00
      vertex   0.000000e+00 5.225671e+00 3.971540e+00
      vertex   3.000000e+00 5.028460e+00 3.774329e+00
    endloop
  endfacet
  facet normal 0.000000e+00 -7.071068e-01 7.071068e-01
    outer loop
      vertex   3.000000e+00 5.028460e+00 3.774329e+00
      vertex   0.000000e+00 5.225671e+00 3.971540e+00
      vertex   0.000000e+00 5.028460e+00 3.774329e+00
    endloop
  endfacet
  facet normal 0.000000e+00 -5.735764e-01 8.191520e-01
    outer loop
      vertex   3.000000e+00 5.028460e+00 3.774329e+00
      vertex   0.000000e+00 5.028460e+00 3.774329e+00
      vertex   3.000000e+00 4.800000e+00 3.614359e+00
    endloop
  endfacet
  facet normal 0.000000e+00 -5.735764e-01 8.191520e-01
    outer loop
      vertex   3.000000e+00 4.800000e+00 3.614359e+00
      vertex   0.000000e+00 5.028460e+00 3.774329e+00
      vertex   0.000000e+00 4.800000e+00 3.614359e+00
    endloop
  endfacet
  facet normal 0.000000e+00 -4.226183e-01 9.063078e-01
    outer loop
      vertex   3.000000e+00 4.800000e+00 3.614359e+00
      vertex   0.000000e+00 4.800000e+00 3.614359e+00
      vertex   3.000000e+00 4.547232e+00 3.496492e+00
    endloop
  endfacet
  facet normal 0.000000e+00 -4.226183e-01 9.063078e-01
    outer loop
      vertex   3.000000e+00 4.547232e+00 3.496492e+00
      vertex   0.000000e+00 4.800000e+00 3.614359e+00
      vertex   0.000000e+00 4.547232e+00 3.496492e+00
    endloop
  endfacet
  facet normal 0.000000e+00 -2.588190e-01 9.659258e-01
    outer loop
      vertex   3.000000e+00 4.547232e+00 3.496492e+00
      vertex   0.000000e+00 4.547232e+00 3.496492e+00
      vertex   3.000000e+00 4.277837e+00 3.424308e+00
    endloop
  endfacet
  facet normal -7.662583e-17 -2.588190e-01 9.659258e-01
    outer loop
      vertex   3.000000e+00 4.277837e+00 3.424308e+00
      vertex   0.000000e+00 4.547232e+00 3.496492e+00
      vertex   0.000000e+00 4.277837e+00 3.424308e+00
    endloop
  endfacet
  facet normal -2.580328e-17 -8.715574e-02 9.961947e-01
    outer loop
      vertex   3.000000e+00 4.277837e+00 3.424308e+00
      vertex   0.000000e+00 4.277837e+00 3.424308e+00
      vertex   3.000000e+00 4.000000e+00 3.400000e+00
    endloop
  endfacet
  facet normal 0.000000e+00 -8.715574e-02 9.961947e-01
    outer loop
      vertex   3.000000e+00 4.000000e+00 3.400000e+00
      vertex   0.000000e+00 4.277837e+00 3.424308e+00
      vertex   0.000000e+00 4.000000e+00 3.400000e+00
    endloop
  endfacet
  facet normal 0.000000e+00 8.715574e-02 9.961947e-01
    outer loop
      vertex   3.000000e+00 4.000000e+00 3.400000e+00
      vertex   0.000000e+00 4.000000e+00 3.400000e+00
      vertex   3.000000e+00 3.722163e+00 3.424308e+00
    endloop
  endfacet
  facet normal 2.580328e-17 8.715574e-02 9.961947e-01
    outer loop
      vertex   3.000000e+00 3.722163e+00 3.424308e+00
      vertex   0.000000e+00 4.000000e+00 3.400000e+00
      vertex   0.000000e+00 3.722163e+00 3.424308e+00
    endloop
  endfacet
  facet normal 7.662583e-17 2.588190e-01 9.659258e-01
    outer loop
      vertex   3.000000e+00 3.722163e+00 3.424308e+00
      vertex   0.000000e+00 3.722163e+00 3.424308e+00
      vertex   3.000000e+00 3.452768e+00 3.496492e+00
    endloop
  endfacet
  facet normal 0.000000e+00 2.588190e-01 9.659258e-01
    outer loop
      vertex   3.000000e+00 3.452768e+00 3.496492e+00
      vertex   0.000000e+00 3.722163e+00 3.424308e+00
      vertex   0.000000e+00 3.452768e+00 3.496492e+00
    endloop
  endfacet
  facet normal 0.000000e+00 4.226183e-01 9.063078e-01
    outer loop
      vertex   3.000000e+00 3.452768e+00 3.496492e+00
      vertex   0.000000e+00 3.452768e+00 3.496492e+00
      vertex   3.000000e+00 3.200000e+00 3.614359e+00
    endloop
  endfacet
  facet normal 0.000000e+00 4.226183e-01 9.063078e-01
    outer loop
      vertex   3.000000e+00 3.200000e+00 3.614359e+00
      vertex   0.000000e+00 3.452768e+00 3.496492e+00
      vertex   0.000000e+00 3.200000e+00 3.614359e+00
    endloop
  endfacet
  facet normal 0.000000e+00 5.735764e-01 8.191520e-01
    outer loop
      vertex   3.000000e+00 3.200000e+00 3.614359e+00
      vertex   0.000000e+00 3.200000e+00 3.614359e+00
      vertex   3.000000e+00 2.971540e+00 3.774329e+00
    endloop
  endfacet
  facet normal 0.000000e+00 5.735764e-01 8.191520e-01
    outer loop
      vertex   3.000000e+00 2.971540e+00 3.774329e+00
      vertex   0.000000e+00 3.200000e+00 3.614359e+00
      vertex   0.000000e+00 2.971540e+00 3.774329e+00
    endloop
  endfacet
  facet normal 0.000000e+00 7.071068e-01 7.071068e-01
    outer loop
      vertex   3.000000e+00 2.971540e+00 3.774329e+00
      vertex   0.000000e+00 2.971540e+00 3.774329e+00
      vertex   3.000000e+00 2.774329e+00 3.971540e+00
    endloop
  endfacet
  facet normal 0.000000e+00 7.071068e-01 7.071068e-01
    outer loop
      vertex   3.000000e+00 2.774329e+00 3.971540e+00
      vertex   0.000000e+00 2.971540e+00 3.774329e+00
      vertex   0.000000e+00 2.774329e+00 3.971540e+00
    endloop
  endfacet
  facet normal 0.000000e+00 8.191520e-01 5.735764e-01
    outer loop
      vertex   3.000000e+00 2.774329e+00 3.971540e+00
      vertex   0.000000e+00 2.774329e+00 3.971540e+00
      vertex   3.000000e+00 2.614359e+00 4.200000e+00
    endloop
  endfacet
  facet normal -1.698127e-16 8.191520e-01 5.735764e-01
    outer loop
      vertex   3.000000e+00 2.614359e+00 4.200000e+00
      vertex   0.000000e+00 2.774329e+00 3.971540e+00
      vertex   0.000000e+00 2.614359e+00 4.200000e+00
    endloop
  endfacet
  facet normal -1.251201e-16 9.063078e-01 4.226183e-01
    outer loop
      vertex   3.000000e+00 2.614359e+00 4.200000e+00
      vertex   0.000000e+00 2.614359e+00 4.200000e+00
      vertex   3.000000e+00 2.496492e+00 4.452768e+00
    endloop
  endfacet
  facet normal -1.251201e-16 9.063078e-01 4.226183e-01
    outer loop
      vertex   3.000000e+00 2.496492e+00 4.452768e+00
      vertex   0.000000e+00 2.614359e+00 4.200000e+00
      vertex   0.000000e+00 2.496492e+00 4.452768e+00
    endloop
  endfacet
  facet normal -7.662583e-17 9.659258e-01 2.588190e-01
    outer loop
      vertex   3.000000e+00 2.496492e+00 4.452768e+00
      vertex   0.000000e+00 2.496492e+00 4.452768e+00
      vertex   3.000000e+00 2.424308e+00 4.722163e+00
    endloop
  endfacet
  facet normal -1.429857e-16 9.659258e-01 2.588190e-01
    outer loop
      vertex   3.000000e+00 2.424308e+00 4.722163e+00
      vertex   0.000000e+00 2.496492e+00 4.452768e+00
      vertex   0.000000e+00 2.424308e+00 4.722163e+00
    endloop
  endfacet
  facet normal -1.474664e-16 9.961947e-01 8.715574e-02
    outer loop
      vertex   3.000000e+00 2.424308e+00 4.722163e+00
      vertex   0.000000e+00 2.424308e+00 4.722163e+00
      vertex   3.000000e+00 2.400000e+00 5.000000e+00
    endloop
  endfacet
  facet normal 0.000000e+00 9.961947e-01 8.715574e-02
    outer loop
      vertex   3.000000e+00 2.400000e+00 5.000000e+00
      vertex   0.000000e+00 2.424308e+00 4.722163e+00
      vertex   0.000000e+00 2.400000e+00 5.000000e+00
    endloop
  endfacet
  facet normal 0.000000e+00 9.961947e-01 -8.715574e-02
    outer loop
      vertex   3.000000e+00 2.400000e+00 5.000000e+00
      vertex   0.000000e+00 2.400000e+00 5.000000e+00
      vertex   3.000000e+00 2.424308e+00 5.277837e+00
    endloop
  endfacet
  facet normal -1.474664e-16 9.961947e-01 -8.715574e-02
    outer loop
      vertex   3.000000e+00 2.424308e+00 5.277837e+00
      vertex   0.000000e+00 2.400000e+00 5.000000e+00
      vertex   0.000000e+00 2.424308e+00 5.277837e+00
    endloop
  endfacet
  facet normal -1.429857e-16 9.659258e-01 -2.588190e-01
    outer loop
      vertex   3.000000e+00 2.424308e+00 5.277837e+00
      vertex   0.000000e+00 2.424308e+00 5.277837e+00
      vertex   3.000000e+00 2.496492e+00 5.547232e+00
    endloop
  endfacet
  facet normal -1.429857e-16 9.659258e-01 -2.588190e-01
    outer loop
      vertex   3.000000e+00 2.496492e+00 5.547232e+00
      vertex   0.000000e+00 2.424308e+00 5.277837e+00
      vertex   0.000000e+00 2.496492e+00 5.547232e+00
    endloop
  endfacet
  facet normal -1.341605e-16 9.063078e-01 -4.226183e-01
    outer loop
      vertex   3.000000e+00 2.496492e+00 5.547232e+00
      vertex   0.000000e+00 2.496492e+00 5.547232e+00
      vertex   3.000000e+00 2.614359e+00 5.800000e+00
    endloop
  endfacet
  facet normal 0.000000e+00 9.063078e-01 -4.226183e-01
    outer loop
      vertex   3.000000e+00 2.614359e+00 5.800000e+00
      vertex   0.000000e+00 2.496492e+00 5.547232e+00
      vertex   0.000000e+00 2.614359e+00 5.800000e+00
    endloop
  endfacet
  facet normal 0.000000e+00 8.191520e-01 -5.735764e-01
    outer loop
      vertex   3.000000e+00 2.614359e+00 5.800000e+00
      vertex   0.000000e+00 2.614359e+00 5.800000e+00
      vertex   3.000000e+00 2.774329e+00 6.028460e+00
    endloop
  endfacet
  facet normal 0.000000e+00 8.191520e-01 -5.735764e-01
    outer loop
      vertex   3.000000e+00 2.774329e+00 6.028460e+00
      vertex   0.000000e+00 2.614359e+00 5.800000e+00
      vertex   0.000000e+00 2.774329e+00 6.028460e+00
    endloop
  endfacet
  facet normal 0.000000e+00 7.071068e-01 -7.071068e-01
    outer loop
      vertex   3.000000e+00 2.774329e+00 6.028460e+00
      vertex   0.000000e+00 2.774329e+00 6.028460e+00
      vertex   3.000000e+00 2.971540e+00 6.225671e+00
    endloop
  endfacet
  facet normal 0.000000e+00 7.071068e-01 -7.071068e-01
    outer loop
      vertex   3.000000e+00 2.971540e+00 6.225671e+00
      vertex   0.000000e+00 2.774329e+00 6.028460e+00
      vertex   0.000000e+00 2.971540e+00 6.225671e+00
    endloop
  endfacet
  facet normal 0.000000e+00 5.735764e-01 -8.191520e-01
    outer loop
      vertex   3.000000e+00 2.971540e+00 6.225671e+00
      vertex   0.000000e+00 2.971540e+00 6.225671e+00
      vertex   3.000000e+00 3.200000e+00 6.385641e+00
    endloop
  endfacet
  facet normal -8.490637e-17 5.735764e-01 -8.191520e-01
    outer loop
      vertex   3.000000e+00 3.200000e+00 6.385641e+00
      vertex   0.000000e+00 2.971540e+00 6.225671e+00
      vertex   0.000000e+00 3.200000e+00 6.385641e+00
    endloop
  endfacet
  facet normal -6.256007e-17 4.226183e-01 -9.063078e-01
    outer loop
      vertex   3.000000e+00 3.200000e+00 6.385641e+00
      vertex   0.000000e+00 3.200000e+00 6.385641e+00
      vertex   3.000000e+00 3.452768e+00 6.503508e+00
    endloop
  endfacet
  facet normal -6.256007e-17 4.226183e-01 -9.063078e-01
    outer loop
      vertex   3.000000e+00 3.452768e+00 6.503508e+00
      vertex   0.000000e+00 3.200000e+00 6.385641e+00
      vertex   0.000000e+00 3.452768e+00 6.503508e+00
    endloop
  endfacet
  facet normal -3.831292e-17 2.588190e-01 -9.659258e-01
    outer loop
      vertex   3.000000e+00 3.452768e+00 6.503508e+00
      vertex   0.000000e+00 3.452768e+00 6.503508e+00
      vertex   3.000000e+00 3.722163e+00 6.575692e+00
    endloop
  endfacet
  facet normal 0.000000e+00 2.588190e-01 -9.659258e-01
    outer loop
      vertex   3.000000e+00 3.722163e+00 6.575692e+00
      vertex   0.000000e+00 3.452768e+00 6.503508e+00
      vertex   0.000000e+00 3.722163e+00 6.575692e+00
    endloop
  endfacet
  facet normal 0.000000e+00 8.715574e-02 -9.961947e-01
    outer loop
      vertex   3.000000e+00 3.722163e+00 2.057569e+01
      vertex   0.000000e+00 3.722163e+00 2.057569e+01
      vertex   3.000000e+00 4.000000e+00 2.060000e+01
    endloop
  endfacet
  facet normal 0.000000e+00 8.715574e-02 -9.961947e-01
    outer loop
      vertex   3.000000e+00 4.000000e+00 2.060000e+01
      vertex   0.000000e+00 3.722163e+00 2.057569e+01
      vertex   0.000000e+00 4.000000e+00 2.060000e+01
    endloop
  endfacet
  facet normal -0.000000e+00 -8.715574e-02 -9.961947e-01
    outer loop
      vertex   3.000000e+00 4.000000e+00 2.060000e+01
      vertex   0.000000e+00 4.000000e+00 2.060000e+01
      vertex   3.000000e+00 4.277837e+00 2.057569e+01
    endloop
  endfacet
  facet normal -0.000000e+00 -8.715574e-02 -9.961947e-01
    outer loop
      vertex   3.000000e+00 4.277837e+00 2.057569e+01
      vertex   0.000000e+00 4.000000e+00 2.060000e+01
      vertex   0.000000e+00 4.277837e+00 2.057569e+01
    endloop
  endfacet
  facet normal -0.000000e+00 -2.588190e-01 -9.659258e-01
    outer loop
      vertex   3.000000e+00 4.277837e+00 2.057569e+01
      vertex   0.000000e+00 4.277837e+00 2.057569e+01
      vertex   3.000000e+00 4.547232e+00 2.050351e+01
    endloop
  endfacet
  facet normal 7.662583e-17 -2.588190e-01 -9.659258e-01
    outer loop
      vertex   3.000000e+00 4.547232e+00 2.050351e+01
      vertex   0.000000e+00 4.277837e+00 2.057569e+01
      vertex   0.000000e+00 4.547232e+00 2.050351e+01
    endloop
  endfacet
  facet normal 1.251201e-16 -4.226183e-01 -9.063078e-01
    outer loop
      vertex   3.000000e+00 4.547232e+00 2.050351e+01
      vertex   0.000000e+00 4.547232e+00 2.050351e+01
      vertex   3.000000e+00 4.800000e+00 2.038564e+01
    endloop
  endfacet
  facet normal 1.251201e-16 -4.226183e-01 -9.063078e-01
    outer loop
      vertex   3.000000e+00 4.800000e+00 2.038564e+01
      vertex   0.000000e+00 4.547232e+00 2.050351e+01
      vertex   0.000000e+00 4.800000e+00 2.038564e+01
    endloop
  endfacet
  facet normal 1.698127e-16 -5.735764e-01 -8.191520e-01
    outer loop
      vertex   3.000000e+00 4.800000e+00 2.038564e+01
      vertex   0.000000e+00 4.800000e+00 2.038564e+01
      vertex   3.000000e+00 5.028460e+00 2.022567e+01
    endloop
  endfacet
  facet normal -0.000000e+00 -5.735764e-01 -8.191520e-01
    outer loop
      vertex   3.000000e+00 5.028460e+00 2.022567e+01
      vertex   0.000000e+00 4.800000e+00 2.038564e+01
      vertex   0.000000e+00 5.028460e+00 2.022567e+01
    endloop
  endfacet
  facet normal -0.000000e+00 -7.071068e-01 -7.071068e-01
    outer loop
      vertex   3.000000e+00 5.028460e+00 2.022567e+01
      vertex   0.000000e+00 5.028460e+00 2.022567e+01
      vertex   3.000000e+00 5.225671e+00 2.002846e+01
    endloop
  endfacet
  facet normal -0.000000e+00 -7.071068e-01 -7.071068e-01
    outer loop
      vertex   3.000000e+00 5.225671e+00 2.002846e+01
      vertex   0.000000e+00 5.028460e+00 2.022567e+01
      vertex   0.000000e+00 5.225671e+00 2.002846e+01
    endloop
  endfacet
  facet normal -0.000000e+00 -8.191520e-01 -5.735764e-01
    outer loop
      vertex   3.000000e+00 5.225671e+00 2.002846e+01
      vertex   0.000000e+00 5.225671e+00 2.002846e+01
      vertex   3.000000e+00 5.385641e+00 1.980000e+01
    endloop
  endfacet
  facet normal -0.000000e+00 -8.191520e-01 -5.735764e-01
    outer loop
      vertex   3.000000e+00 5.385641e+00 1.980000e+01
      vertex   0.000000e+00 5.225671e+00 2.002846e+01
      vertex   0.000000e+00 5.385641e+00 1.980000e+01
    endloop
  endfacet
  facet normal -0.000000e+00 -9.063078e-01 -4.226183e-01
    outer loop
      vertex   3.000000e+00 5.385641e+00 1.980000e+01
      vertex   0.000000e+00 5.385641e+00 1.980000e+01
      vertex   3.000000e+00 5.503508e+00 1.954723e+01
    endloop
  endfacet
  facet normal -0.000000e+00 -9.063078e-01 -4.226183e-01
    outer loop
      vertex   3.000000e+00 5.503508e+00 1.954723e+01
      vertex   0.000000e+00 5.385641e+00 1.980000e+01
      vertex   0.000000e+00 5.503508e+00 1.954723e+01
    endloop
  endfacet
  facet normal -0.000000e+00 -9.659258e-01 -2.588190e-01
    outer loop
      vertex   3.000000e+00 5.503508e+00 1.954723e+01
      vertex   0.000000e+00 5.503508e+00 1.954723e+01
      vertex   3.000000e+00 5.575692e+00 1.927784e+01
    endloop
  endfacet
  facet normal -3.065033e-16 -9.659258e-01 -2.588190e-01
    outer loop
      vertex   3.000000e+00 5.575692e+00 1.927784e+01
      vertex   0.000000e+00 5.503508e+00 1.954723e+01
      vertex   0.000000e+00 5.575692e+00 1.927784e+01
    endloop
  endfacet
  facet normal -1.032131e-16 -9.961947e-01 -8.715574e-02
    outer loop
      vertex   3.000000e+00 5.575692e+00 1.927784e+01
      vertex   0.000000e+00 5.575692e+00 1.927784e+01
      vertex   3.000000e+00 5.600000e+00 1.900000e+01
    endloop
  endfacet
  facet normal -0.000000e+00 -9.961947e-01 -8.715574e-02
    outer loop
      vertex   3.000000e+00 5.600000e+00 1.900000e+01
      vertex   0.000000e+00 5.575692e+00 1.927784e+01
      vertex   0.000000e+00 5.600000e+00 1.900000e+01
    endloop
  endfacet
  facet normal 0.000000e+00 -9.961947e-01 8.715574e-02
    outer loop
      vertex   3.000000e+00 5.600000e+00 1.900000e+01
      vertex   0.000000e+00 5.600000e+00 1.900000e+01
      vertex   3.000000e+00 5.575692e+00 1.872216e+01
    endloop
  endfacet
  facet normal 0.000000e+00 -9.961947e-01 8.715574e-02
    outer loop
      vertex   3.000000e+00 5.575692e+00 1.872216e+01
      vertex   0.000000e+00 5.600000e+00 1.900000e+01
      vertex   0.000000e+00 5.575692e+00 1.872216e+01
    endloop
  endfacet
  facet normal 0.000000e+00 -9.659258e-01 2.588190e-01
    outer loop
      vertex   3.000000e+00 5.575692e+00 1.872216e+01
      vertex   0.000000e+00 5.575692e+00 1.872216e+01
      vertex   3.000000e+00 5.503508e+00 1.845277e+01
    endloop
  endfacet
  facet normal 0.000000e+00 -9.659258e-01 2.588190e-01
    outer loop
      vertex   3.000000e+00 5.503508e+00 1.845277e+01
      vertex   0.000000e+00 5.575692e+00 1.872216e+01
      vertex   0.000000e+00 5.503508e+00 1.845277e+01
    endloop
  endfacet
  facet normal 0.000000e+00 -9.063078e-01 4.226183e-01
    outer loop
      vertex   3.000000e+00 5.503508e+00 1.845277e+01
      vertex   0.000000e+00 5.503508e+00 1.845277e+01
      vertex   3.000000e+00 5.385641e+00 1.820000e+01
    endloop
  endfacet
  facet normal 0.000000e+00 -9.063078e-01 4.226183e-01
    outer loop
      vertex   3.000000e+00 5.385641e+00 1.820000e+01
      vertex   0.000000e+00 5.503508e+00 1.845277e+01
      vertex   0.000000e+00 5.385641e+00 1.820000e+01
    endloop
  endfacet
  facet normal 0.000000e+00 -8.191520e-01 5.735764e-01
    outer loop
      vertex   3.000000e+00 5.385641e+00 1.820000e+01
      vertex   0.000000e+00 5.385641e+00 1.820000e+01
      vertex   3.000000e+00 5.225671e+00 1.797154e+01
    endloop
  endfacet
  facet normal 0.000000e+00 -8.191520e-01 5.735764e-01
    outer loop
      vertex   3.000000e+00 5.225671e+00 1.797154e+01
      vertex   0.000000e+00 5.385641e+00 1.820000e+01
      vertex   0.000000e+00 5.225671e+00 1.797154e+01
    endloop
  endfacet
  facet normal 0.000000e+00 -7.071068e-01 7.071068e-01
    outer loop
      vertex   3.000000e+00 5.225671e+00 1.797154e+01
      vertex   0.000000e+00 5.225671e+00 1.797154e+01
      vertex   3.000000e+00 5.028460e+00 1.777433e+01
    endloop
  endfacet
  facet normal 0.000000e+00 -7.071068e-01 7.071068e-01
    outer loop
      vertex   3.000000e+00 5.028460e+00 1.777433e+01
      vertex   0.000000e+00 5.225671e+00 1.797154e+01
      vertex   0.000000e+00 5.028460e+00 1.777433e+01
    endloop
  endfacet
  facet normal 0.000000e+00 -5.735764e-01 8.191520e-01
    outer loop
      vertex   3.000000e+00 5.028460e+00 1.777433e+01
      vertex   0.000000e+00 5.028460e+00 1.777433e+01
      vertex   3.000000e+00 4.800000e+00 1.761436e+01
    endloop
  endfacet
  facet normal 0.000000e+00 -5.735764e-01 8.191520e-01
    outer loop
      vertex   3.000000e+00 4.800000e+00 1.761436e+01
      vertex   0.000000e+00 5.028460e+00 1.777433e+01
      vertex   0.000000e+00 4.800000e+00 1.761436e+01
    endloop
  endfacet
  facet normal 0.000000e+00 -4.226183e-01 9.063078e-01
    outer loop
      vertex   3.000000e+00 4.800000e+00 1.761436e+01
      vertex   0.000000e+00 4.800000e+00 1.761436e+01
      vertex   3.000000e+00 4.547232e+00 1.749649e+01
    endloop
  endfacet
  facet normal 0.000000e+00 -4.226183e-01 9.063078e-01
    outer loop
      vertex   3.000000e+00 4.547232e+00 1.749649e+01
      vertex   0.000000e+00 4.800000e+00 1.761436e+01
      vertex   0.000000e+00 4.547232e+00 1.749649e+01
    endloop
  endfacet
  facet normal 0.000000e+00 -2.588190e-01 9.659258e-01
    outer loop
      vertex   3.000000e+00 4.547232e+00 1.749649e+01
      vertex   0.000000e+00 4.547232e+00 1.749649e+01
      vertex   3.000000e+00 4.277837e+00 1.742431e+01
    endloop
  endfacet
  facet normal -7.662583e-17 -2.588190e-01 9.659258e-01
    outer loop
      vertex   3.000000e+00 4.277837e+00 1.742431e+01
      vertex   0.000000e+00 4.547232e+00 1.749649e+01
      vertex   0.000000e+00 4.277837e+00 1.742431e+01
    endloop
  endfacet
  facet normal -2.580328e-17 -8.715574e-02 9.961947e-01
    outer loop
      vertex   3.000000e+00 4.277837e+00 1.742431e+01
      vertex   0.000000e+00 4.277837e+00 1.742431e+01
      vertex   3.000000e+00 4.000000e+00 1.740000e+01
    endloop
  endfacet
  facet normal 0.000000e+00 -8.715574e-02 9.961947e-01
    outer loop
      vertex   3.000000e+00 4.000000e+00 1.740000e+01
      vertex   0.000000e+00 4.277837e+00 1.742431e+01
      vertex   0.000000e+00 4.000000e+00 1.740000e+01
    endloop
  endfacet
  facet normal 0.000000e+00 8.715574e-02 9.961947e-01
    outer loop
      vertex   3.000000e+00 4.000000e+00 1.740000e+01
      vertex   0.000000e+00 4.000000e+00 1.740000e+01
      vertex   3.000000e+00 3.722163e+00 1.742431e+01
    endloop
  endfacet
  facet normal 2.580328e-17 8.715574e-02 9.961947e-01
    outer loop
      vertex   3.000000e+00 3.722163e+00 1.742431e+01
      vertex   0.000000e+00 4.000000e+00 1.740000e+01
      vertex   0.000000e+00 3.722163e+00 1.742431e+01
    endloop
  endfacet
  facet normal 7.662583e-17 2.588190e-01 9.659258e-01
    outer loop
      vertex   3.000000e+00 3.722163e+00 1.742431e+01
      vertex   0.000000e+00 3.722163e+00 1.742431e+01
      vertex   3.000000e+00 3.452768e+00 1.749649e+01
    endloop
  endfacet
  facet normal 0.000000e+00 2.588190e-01 9.659258e-01
    outer loop
      vertex   3.000000e+00 3.452768e+00 1.749649e+01
      vertex   0.000000e+00 3.722163e+00 1.742431e+01
      vertex   0.000000e+00 3.452768e+00 1.749649e+01
    endloop
  endfacet
  facet normal 0.000000e+00 4.226183e-01 9.063078e-01
    outer loop
      vertex   3.000000e+00 3.452768e+00 1.749649e+01
      vertex   0.000000e+00 3.452768e+00 1.749649e+01
      vertex   3.000000e+00 3.200000e+00 1.761436e+01
    endloop
  endfacet
  facet normal 0.000000e+00 4.226183e-01 9.063078e-01
    outer loop
      vertex   3.000000e+00 3.200000e+00 1.761436e+01
      vertex   0.000000e+00 3.452768e+00 1.749649e+01
      vertex   0.000000e+00 3.200000e+00 1.761436e+01
    endloop
  endfacet
  facet normal 0.000000e+00 5.735764e-01 8.191520e-01
    outer loop
      vertex   3.000000e+00 3.200000e+00 1.761436e+01
      vertex   0.000000e+00 3.200000e+00 1.761436e+01
      vertex   3.000000e+00 2.971540e+00 1.777433e+01
    endloop
  endfacet
  facet normal 0.000000e+00 5.735764e-01 8.191520e-01
    outer loop
      vertex   3.000000e+00 2.971540e+00 1.777433e+01
      vertex   0.000000e+00 3.200000e+00 1.761436e+01
      vertex   0.000000e+00 2.971540e+00 1.777433e+01
    endloop
  endfacet
  facet normal 0.000000e+00 7.071068e-01 7.071068e-01
    outer loop
      vertex   3.000000e+00 2.971540e+00 1.777433e+01
      vertex   0.000000e+00 2.971540e+00 1.777433e+01
      vertex   3.000000e+00 2.774329e+00 1.797154e+01
    endloop
  endfacet
  facet normal 0.000000e+00 7.071068e-01 7.071068e-01
    outer loop
      vertex   3.000000e+00 2.774329e+00 1.797154e+01
      vertex   0.000000e+00 2.971540e+00 1.777433e+01
      vertex   0.000000e+00 2.774329e+00 1.797154e+01
    endloop
  endfacet
  facet normal 0.000000e+00 8.191520e-01 5.735764e-01
    outer loop
      vertex   3.000000e+00 2.774329e+00 1.797154e+01
      vertex   0.000000e+00 2.774329e+00 1.797154e+01
      vertex   3.000000e+00 2.614359e+00 1.820000e+01
    endloop
  endfacet
  facet normal 0.000000e+00 8.191520e-01 5.735764e-01
    outer loop
      vertex   3.000000e+00 2.614359e+00 1.820000e+01
      vertex   0.000000e+00 2.774329e+00 1.797154e+01
      vertex   0.000000e+00 2.614359e+00 1.820000e+01
    endloop
  endfacet
  facet normal 0.000000e+00 9.063078e-01 4.226183e-01
    outer loop
      vertex   3.000000e+00 2.614359e+00 1.820000e+01
      vertex   0.000000e+00 2.614359e+00 1.820000e+01
      vertex   3.000000e+00 2.496492e+00 1.845277e+01
    endloop
  endfacet
  facet normal 0.000000e+00 9.063078e-01 4.226183e-01
    outer loop
      vertex   3.000000e+00 2.496492e+00 1.845277e+01
      vertex   0.000000e+00 2.614359e+00 1.820000e+01
      vertex   0.000000e+00 2.496492e+00 1.845277e+01
    endloop
  endfacet
  facet normal 0.000000e+00 9.659258e-01 2.588190e-01
    outer loop
      vertex   3.000000e+00 2.496492e+00 1.845277e+01
      vertex   0.000000e+00 2.496492e+00 1.845277e+01
      vertex   3.000000e+00 2.424308e+00 1.872216e+01
    endloop
  endfacet
  facet normal 0.000000e+00 9.659258e-01 2.588190e-01
    outer loop
      vertex   3.000000e+00 2.424308e+00 1.872216e+01
      vertex   0.000000e+00 2.496492e+00 1.845277e+01
      vertex   0.000000e+00 2.424308e+00 1.872216e+01
    endloop
  endfacet
  facet normal 0.000000e+00 9.961947e-01 8.715574e-02
    outer loop
      vertex   3.000000e+00 2.424308e+00 1.872216e+01
      vertex   0.000000e+00 2.424308e+00 1.872216e+01
      vertex   3.000000e+00 2.400000e+00 1.900000e+01
    endloop
  endfacet
  facet normal 0.000000e+00 9.961947e-01 8.715574e-02
    outer loop
      vertex   3.000000e+00 2.400000e+00 1.900000e+01
      vertex   0.000000e+00 2.424308e+00 1.872216e+01
      vertex   0.000000e+00 2.400000e+00 1.900000e+01
    endloop
  endfacet
  facet normal 0.000000e+00 9.961947e-01 -8.715574e-02
    outer loop
      vertex   3.000000e+00 2.400000e+00 1.900000e+01
      vertex   0.000000e+00 2.400000e+00 1.900000e+01
      vertex   3.000000e+00 2.424308e+00 1.927784e+01
    endloop
  endfacet
  facet normal 1.032131e-16 9.961947e-01 -8.715574e-02
    outer loop
      vertex   3.000000e+00 2.424308e+00 1.927784e+01
      vertex   0.000000e+00 2.400000e+00 1.900000e+01
      vertex   0.000000e+00 2.424308e+00 1.927784e+01
    endloop
  endfacet
  facet normal 3.065033e-16 9.659258e-01 -2.588190e-01
    outer loop
      vertex   3.000000e+00 2.424308e+00 1.927784e+01
      vertex   0.000000e+00 2.424308e+00 1.927784e+01
      vertex   3.000000e+00 2.496492e+00 1.954723e+01
    endloop
  endfacet
  facet normal 0.000000e+00 9.659258e-01 -2.588190e-01
    outer loop
      vertex   3.000000e+00 2.496492e+00 1.954723e+01
      vertex   0.000000e+00 2.424308e+00 1.927784e+01
      vertex   0.000000e+00 2.496492e+00 1.954723e+01
    endloop
  endfacet
  facet normal 0.000000e+00 9.063078e-01 -4.226183e-01
    outer loop
      vertex   3.000000e+00 2.496492e+00 1.954723e+01
      vertex   0.000000e+00 2.496492e+00 1.954723e+01
      vertex   3.000000e+00 2.614359e+00 1.980000e+01
    endloop
  endfacet
  facet normal 0.000000e+00 9.063078e-01 -4.226183e-01
    outer loop
      vertex   3.000000e+00 2.614359e+00 1.980000e+01
      vertex   0.000000e+00 2.496492e+00 1.954723e+01
      vertex   0.000000e+00 2.614359e+00 1.980000e+01
    endloop
  endfacet
  facet normal 0.000000e+00 8.191520e-01 -5.735764e-01
    outer loop
      vertex   3.000000e+00 2.614359e+00 1.980000e+01
      vertex   0.000000e+00 2.614359e+00 1.980000e+01
      vertex   3.000000e+00 2.774329e+00 2.002846e+01
    endloop
  endfacet
  facet normal 0.000000e+00 8.191520e-01 -5.735764e-01
    outer loop
      vertex   3.000000e+00 2.774329e+00 2.002846e+01
      vertex   0.000000e+00 2.614359e+00 1.980000e+01
      vertex   0.000000e+00 2.774329e+00 2.002846e+01
    endloop
  endfacet
  facet normal 0.000000e+00 7.071068e-01 -7.071068e-01
    outer loop
      vertex   3.000000e+00 2.774329e+00 2.002846e+01
      vertex   0.000000e+00 2.774329e+00 2.002846e+01
      vertex   3.000000e+00 2.971540e+00 2.022567e+01
    endloop
  endfacet
  facet normal 0.000000e+00 7.071068e-01 -7.071068e-01
    outer loop
      vertex   3.000000e+00 2.971540e+00 2.022567e+01
      vertex   0.000000e+00 2.774329e+00 2.002846e+01
      vertex   0.000000e+00 2.971540e+00 2.022567e+01
    endloop
  endfacet
  facet normal 0.000000e+00 5.735764e-01 -8.191520e-01
    outer loop
      vertex   3.000000e+00 2.971540e+00 2.022567e+01
      vertex   0.000000e+00 2.971540e+00 2.022567e+01
      vertex   3.000000e+00 3.200000e+00 2.038564e+01
    endloop
  endfacet
  facet normal -8.490637e-17 5.735764e-01 -8.191520e-01
    outer loop
      vertex   3.000000e+00 3.200000e+00 2.038564e+01
      vertex   0.000000e+00 2.971540e+00 2.022567e+01
      vertex   0.000000e+00 3.200000e+00 2.038564e+01
    endloop
  endfacet
  facet normal -6.256007e-17 4.226183e-01 -9.063078e-01
    outer loop
      vertex   3.000000e+00 3.200000e+00 2.038564e+01
      vertex   0.000000e+00 3.200000e+00 2.038564e+01
      vertex   3.000000e+00 3.452768e+00 2.050351e+01
    endloop
  endfacet
  facet normal -6.256007e-17 4.226183e-01 -9.063078e-01
    outer loop
      vertex   3.000000e+00 3.452768e+00 2.050351e+01
      vertex   0.000000e+00 3.200000e+00 2.038564e+01
      vertex   0.000000e+00 3.452768e+00 2.050351e+01
    endloop
  endfacet
  facet normal -3.831292e-17 2.588190e-01 -9.659258e-01
    outer loop
      vertex   3.000000e+00 3.452768e+00 2.050351e+01
      vertex   0.000000e+00 3.452768e+00 2.050351e+01
      vertex   3.000000e+00 3.722163e+00 2.057569e+01
    endloop
  endfacet
  facet normal 0.000000e+00 2.588190e-01 -9.659258e-01
    outer loop
      vertex   3.000000e+00 3.722163e+00 2.057569e+01
      vertex   0.000000e+00 3.452768e+00 2.050351e+01
      vertex   0.000000e+00 3.722163e+00 2.057569e+01
    endloop
  endfacet
  facet normal 0.000000e+00 8.715574e-02 -9.961947e-01
    outer loop
      vertex   3.000000e+00 1.572216e+01 6.575692e+00
      vertex   0.000000e+00 1.572216e+01 6.575692e+00
      vertex   3.000000e+00 1.600000e+01 6.600000e+00
    endloop
  endfacet
  facet normal 0.000000e+00 8.715574e-02 -9.961947e-01
    outer loop
      vertex   3.000000e+00 1.600000e+01 6.600000e+00
      vertex   0.000000e+00 1.572216e+01 6.575692e+00
      vertex   0.000000e+00 1.600000e+01 6.600000e+00
    endloop
  endfacet
  facet normal -0.000000e+00 -8.715574e-02 -9.961947e-01
    outer loop
      vertex   3.000000e+00 1.600000e+01 6.600000e+00
      vertex   0.000000e+00 1.600000e+01 6.600000e+00
      vertex   3.000000e+00 1.627784e+01 6.575692e+00
    endloop
  endfacet
  facet normal -0.000000e+00 -8.715574e-02 -9.961947e-01
    outer loop
      vertex   3.000000e+00 1.627784e+01 6.575692e+00
      vertex   0.000000e+00 1.600000e+01 6.600000e+00
      vertex   0.000000e+00 1.627784e+01 6.575692e+00
    endloop
  endfacet
  facet normal -0.000000e+00 -2.588190e-01 -9.659258e-01
    outer loop
      vertex   3.000000e+00 1.627784e+01 6.575692e+00
      vertex   0.000000e+00 1.627784e+01 6.575692e+00
      vertex   3.000000e+00 1.654723e+01 6.503508e+00
    endloop
  endfacet
  facet normal -0.000000e+00 -2.588190e-01 -9.659258e-01
    outer loop
      vertex   3.000000e+00 1.654723e+01 6.503508e+00
      vertex   0.000000e+00 1.627784e+01 6.575692e+00
      vertex   0.000000e+00 1.654723e+01 6.503508e+00
    endloop
  endfacet
  facet normal -0.000000e+00 -4.226183e-01 -9.063078e-01
    outer loop
      vertex   3.000000e+00 1.654723e+01 6.503508e+00
      vertex   0.000000e+00 1.654723e+01 6.503508e+00
      vertex   3.000000e+00 1.680000e+01 6.385641e+00
    endloop
  endfacet
  facet normal -0.000000e+00 -4.226183e-01 -9.063078e-01
    outer loop
      vertex   3.000000e+00 1.680000e+01 6.385641e+00
      vertex   0.000000e+00 1.654723e+01 6.503508e+00
      vertex   0.000000e+00 1.680000e+01 6.385641e+00
    endloop
  endfacet
  facet normal -0.000000e+00 -5.735764e-01 -8.191520e-01
    outer loop
      vertex   3.000000e+00 1.680000e+01 6.385641e+00
      vertex   0.000000e+00 1.680000e+01 6.385641e+00
      vertex   3.000000e+00 1.702846e+01 6.225671e+00
    endloop
  endfacet
  facet normal -0.000000e+00 -5.735764e-01 -8.191520e-01
    outer loop
      vertex   3.000000e+00 1.702846e+01 6.225671e+00
      vertex   0.000000e+00 1.680000e+01 6.385641e+00
      vertex   0.000000e+00 1.702846e+01 6.225671e+00
    endloop
  endfacet
  facet normal -0.000000e+00 -7.071068e-01 -7.071068e-01
    outer loop
      vertex   3.000000e+00 1.702846e+01 6.225671e+00
      vertex   0.000000e+00 1.702846e+01 6.225671e+00
      vertex   3.000000e+00 1.722567e+01 6.028460e+00
    endloop
  endfacet
  facet normal -0.000000e+00 -7.071068e-01 -7.071068e-01
    outer loop
      vertex   3.000000e+00 1.722567e+01 6.028460e+00
      vertex   0.000000e+00 1.702846e+01 6.225671e+00
      vertex   0.000000e+00 1.722567e+01 6.028460e+00
    endloop
  endfacet
  facet normal -0.000000e+00 -8.191520e-01 -5.735764e-01
    outer loop
      vertex   3.000000e+00 1.722567e+01 6.028460e+00
      vertex   0.000000e+00 1.722567e+01 6.028460e+00
      vertex   3.000000e+00 1.738564e+01 5.800000e+00
    endloop
  endfacet
  facet normal -0.000000e+00 -8.191520e-01 -5.735764e-01
    outer loop
      vertex   3.000000e+00 1.738564e+01 5.800000e+00
      vertex   0.000000e+00 1.722567e+01 6.028460e+00
      vertex   0.000000e+00 1.738564e+01 5.800000e+00
    endloop
  endfacet
  facet normal -0.000000e+00 -9.063078e-01 -4.226183e-01
    outer loop
      vertex   3.000000e+00 1.738564e+01 5.800000e+00
      vertex   0.000000e+00 1.738564e+01 5.800000e+00
      vertex   3.000000e+00 1.750351e+01 5.547232e+00
    endloop
  endfacet
  facet normal -0.000000e+00 -9.063078e-01 -4.226183e-01
    outer loop
      vertex   3.000000e+00 1.750351e+01 5.547232e+00
      vertex   0.000000e+00 1.738564e+01 5.800000e+00
      vertex   0.000000e+00 1.750351e+01 5.547232e+00
    endloop
  endfacet
  facet normal -0.000000e+00 -9.659258e-01 -2.588190e-01
    outer loop
      vertex   3.000000e+00 1.750351e+01 5.547232e+00
      vertex   0.000000e+00 1.750351e+01 5.547232e+00
      vertex   3.000000e+00 1.757569e+01 5.277837e+00
    endloop
  endfacet
  facet normal -0.000000e+00 -9.659258e-01 -2.588190e-01
    outer loop
      vertex   3.000000e+00 1.757569e+01 5.277837e+00
      vertex   0.000000e+00 1.750351e+01 5.547232e+00
      vertex   0.000000e+00 1.757569e+01 5.277837e+00
    endloop
  endfacet
  facet normal -0.000000e+00 -9.961947e-01 -8.715574e-02
    outer loop
      vertex   3.000000e+00 1.757569e+01 5.277837e+00
      vertex   0.000000e+00 1.757569e+01 5.277837e+00
      vertex   3.000000e+00 1.760000e+01 5.000000e+00
    endloop
  endfacet
  facet normal -0.000000e+00 -9.961947e-01 -8.715574e-02
    outer loop
      vertex   3.000000e+00 1.760000e+01 5.000000e+00
      vertex   0.000000e+00 1.757569e+01 5.277837e+00
      vertex   0.000000e+00 1.760000e+01 5.000000e+00
    endloop
  endfacet
  facet normal 0.000000e+00 -9.961947e-01 8.715574e-02
    outer loop
      vertex   3.000000e+00 1.760000e+01 5.000000e+00
      vertex   0.000000e+00 1.760000e+01 5.000000e+00
      vertex   3.000000e+00 1.757569e+01 4.722163e+00
    endloop
  endfacet
  facet normal 0.000000e+00 -9.961947e-01 8.715574e-02
    outer loop
      vertex   3.000000e+00 1.757569e+01 4.722163e+00
      vertex   0.000000e+00 1.760000e+01 5.000000e+00
      vertex   0.000000e+00 1.757569e+01 4.722163e+00
    endloop
  endfacet
  facet normal 0.000000e+00 -9.659258e-01 2.588190e-01
    outer loop
      vertex   3.000000e+00 1.757569e+01 4.722163e+00
      vertex   0.000000e+00 1.757569e+01 4.722163e+00
      vertex   3.000000e+00 1.750351e+01 4.452768e+00
    endloop
  endfacet
  facet normal 7.662583e-17 -9.659258e-01 2.588190e-01
    outer loop
      vertex   3.000000e+00 1.750351e+01 4.452768e+00
      vertex   0.000000e+00 1.757569e+01 4.722163e+00
      vertex   0.000000e+00 1.750351e+01 4.452768e+00
    endloop
  endfacet
  facet normal 1.251201e-16 -9.063078e-01 4.226183e-01
    outer loop
      vertex   3.000000e+00 1.750351e+01 4.452768e+00
      vertex   0.000000e+00 1.750351e+01 4.452768e+00
      vertex   3.000000e+00 1.738564e+01 4.200000e+00
    endloop
  endfacet
  facet normal 1.251201e-16 -9.063078e-01 4.226183e-01
    outer loop
      vertex   3.000000e+00 1.738564e+01 4.200000e+00
      vertex   0.000000e+00 1.750351e+01 4.452768e+00
      vertex   0.000000e+00 1.738564e+01 4.200000e+00
    endloop
  endfacet
  facet normal 1.698127e-16 -8.191520e-01 5.735764e-01
    outer loop
      vertex   3.000000e+00 1.738564e+01 4.200000e+00
      vertex   0.000000e+00 1.738564e+01 4.200000e+00
      vertex   3.000000e+00 1.722567e+01 3.971540e+00
    endloop
  endfacet
  facet normal 0.000000e+00 -8.191520e-01 5.735764e-01
    outer loop
      vertex   3.000000e+00 1.722567e+01 3.971540e+00
      vertex   0.000000e+00 1.738564e+01 4.200000e+00
      vertex   0.000000e+00 1.722567e+01 3.971540e+00
    endloop
  endfacet
  facet normal 0.000000e+00 -7.071068e-01 7.071068e-01
    outer loop
      vertex   3.000000e+00 1.722567e+01 3.971540e+00
      vertex   0.000000e+00 1.722567e+01 3.971540e+00
      vertex   3.000000e+00 1.702846e+01 3.774329e+00
    endloop
  endfacet
  facet normal 0.000000e+00 -7.071068e-01 7.071068e-01
    outer loop
      vertex   3.000000e+00 1.702846e+01 3.774329e+00
      vertex   0.000000e+00 1.722567e+01 3.971540e+00
      vertex   0.000000e+00 1.702846e+01 3.774329e+00
    endloop
  endfacet
  facet normal 0.000000e+00 -5.735764e-01 8.191520e-01
    outer loop
      vertex   3.000000e+00 1.702846e+01 3.774329e+00
      vertex   0.000000e+00 1.702846e+01 3.774329e+00
      vertex   3.000000e+00 1.680000e+01 3.614359e+00
    endloop
  endfacet
  facet normal 0.000000e+00 -5.735764e-01 8.191520e-01
    outer loop
      vertex   3.000000e+00 1.680000e+01 3.614359e+00
      vertex   0.000000e+00 1.702846e+01 3.774329e+00
      vertex   0.000000e+00 1.680000e+01 3.614359e+00
    endloop
  endfacet
  facet normal 0.000000e+00 -4.226183e-01 9.063078e-01
    outer loop
      vertex   3.000000e+00 1.680000e+01 3.614359e+00
      vertex   0.000000e+00 1.680000e+01 3.614359e+00
      vertex   3.000000e+00 1.654723e+01 3.496492e+00
    endloop
  endfacet
  facet normal 0.000000e+00 -4.226183e-01 9.063078e-01
    outer loop
      vertex   3.000000e+00 1.654723e+01 3.496492e+00
      vertex   0.000000e+00 1.680000e+01 3.614359e+00
      vertex   0.000000e+00 1.654723e+01 3.496492e+00
    endloop
  endfacet
  facet normal 0.000000e+00 -2.588190e-01 9.659258e-01
    outer loop
      vertex   3.000000e+00 1.654723e+01 3.496492e+00
      vertex   0.000000e+00 1.654723e+01 3.496492e+00
      vertex   3.000000e+00 1.627784e+01 3.424308e+00
    endloop
  endfacet
  facet normal -3.065033e-16 -2.588190e-01 9.659258e-01
    outer loop
      vertex   3.000000e+00 1.627784e+01 3.424308e+00
      vertex   0.000000e+00 1.654723e+01 3.496492e+00
      vertex   0.000000e+00 1.627784e+01 3.424308e+00
    endloop
  endfacet
  facet normal -1.032131e-16 -8.715574e-02 9.961947e-01
    outer loop
      vertex   3.000000e+00 1.627784e+01 3.424308e+00
      vertex   0.000000e+00 1.627784e+01 3.424308e+00
      vertex   3.000000e+00 1.600000e+01 3.400000e+00
    endloop
  endfacet
  facet normal 0.000000e+00 -8.715574e-02 9.961947e-01
    outer loop
      vertex   3.000000e+00 1.600000e+01 3.400000e+00
      vertex   0.000000e+00 1.627784e+01 3.424308e+00
      vertex   0.000000e+00 1.600000e+01 3.400000e+00
    endloop
  endfacet
  facet normal 0.000000e+00 8.715574e-02 9.961947e-01
    outer loop
      vertex   3.000000e+00 1.600000e+01 3.400000e+00
      vertex   0.000000e+00 1.600000e+01 3.400000e+00
      vertex   3.000000e+00 1.572216e+01 3.424308e+00
    endloop
  endfacet
  facet normal 5.160657e-17 8.715574e-02 9.961947e-01
    outer loop
      vertex   3.000000e+00 1.572216e+01 3.424308e+00
      vertex   0.000000e+00 1.600000e+01 3.400000e+00
      vertex   0.000000e+00 1.572216e+01 3.424308e+00
    endloop
  endfacet
  facet normal 1.532517e-16 2.588190e-01 9.659258e-01
    outer loop
      vertex   3.000000e+00 1.572216e+01 3.424308e+00
      vertex   0.000000e+00 1.572216e+01 3.424308e+00
      vertex   3.000000e+00 1.545277e+01 3.496492e+00
    endloop
  endfacet
  facet normal 0.000000e+00 2.588190e-01 9.659258e-01
    outer loop
      vertex   3.000000e+00 1.545277e+01 3.496492e+00
      vertex   0.000000e+00 1.572216e+01 3.424308e+00
      vertex   0.000000e+00 1.545277e+01 3.496492e+00
    endloop
  endfacet
  facet normal 0.000000e+00 4.226183e-01 9.063078e-01
    outer loop
      vertex   3.000000e+00 1.545277e+01 3.496492e+00
      vertex   0.000000e+00 1.545277e+01 3.496492e+00
      vertex   3.000000e+00 1.520000e+01 3.614359e+00
    endloop
  endfacet
  facet normal 0.000000e+00 4.226183e-01 9.063078e-01
    outer loop
      vertex   3.000000e+00 1.520000e+01 3.614359e+00
      vertex   0.000000e+00 1.545277e+01 3.496492e+00
      vertex   0.000000e+00 1.520000e+01 3.614359e+00
    endloop
  endfacet
  facet normal 0.000000e+00 5.735764e-01 8.191520e-01
    outer loop
      vertex   3.000000e+00 1.520000e+01 3.614359e+00
      vertex   0.000000e+00 1.520000e+01 3.614359e+00
      vertex   3.000000e+00 1.497154e+01 3.774329e+00
    endloop
  endfacet
  facet normal 0.000000e+00 5.735764e-01 8.191520e-01
    outer loop
      vertex   3.000000e+00 1.497154e+01 3.774329e+00
      vertex   0.000000e+00 1.520000e+01 3.614359e+00
      vertex   0.000000e+00 1.497154e+01 3.774329e+00
    endloop
  endfacet
  facet normal 0.000000e+00 7.071068e-01 7.071068e-01
    outer loop
      vertex   3.000000e+00 1.497154e+01 3.774329e+00
      vertex   0.000000e+00 1.497154e+01 3.774329e+00
      vertex   3.000000e+00 1.477433e+01 3.971540e+00
    endloop
  endfacet
  facet normal 0.000000e+00 7.071068e-01 7.071068e-01
    outer loop
      vertex   3.000000e+00 1.477433e+01 3.971540e+00
      vertex   0.000000e+00 1.497154e+01 3.774329e+00
      vertex   0.000000e+00 1.477433e+01 3.971540e+00
    endloop
  endfacet
  facet normal 0.000000e+00 8.191520e-01 5.735764e-01
    outer loop
      vertex   3.000000e+00 1.477433e+01 3.971540e+00
      vertex   0.000000e+00 1.477433e+01 3.971540e+00
      vertex   3.000000e+00 1.461436e+01 4.200000e+00
    endloop
  endfacet
  facet normal -1.698127e-16 8.191520e-01 5.735764e-01
    outer loop
      vertex   3.000000e+00 1.461436e+01 4.200000e+00
      vertex   0.000000e+00 1.477433e+01 3.971540e+00
      vertex   0.000000e+00 1.461436e+01 4.200000e+00
    endloop
  endfacet
  facet normal -1.251201e-16 9.063078e-01 4.226183e-01
    outer loop
      vertex   3.000000e+00 1.461436e+01 4.200000e+00
      vertex   0.000000e+00 1.461436e+01 4.200000e+00
      vertex   3.000000e+00 1.449649e+01 4.452768e+00
    endloop
  endfacet
  facet normal -1.251201e-16 9.063078e-01 4.226183e-01
    outer loop
      vertex   3.000000e+00 1.449649e+01 4.452768e+00
      vertex   0.000000e+00 1.461436e+01 4.200000e+00
      vertex   0.000000e+00 1.449649e+01 4.452768e+00
    endloop
  endfacet
  facet normal -7.662583e-17 9.659258e-01 2.588190e-01
    outer loop
      vertex   3.000000e+00 1.449649e+01 4.452768e+00
      vertex   0.000000e+00 1.449649e+01 4.452768e+00
      vertex   3.000000e+00 1.442431e+01 4.722163e+00
    endloop
  endfacet
  facet normal 0.000000e+00 9.659258e-01 2.588190e-01
    outer loop
      vertex   3.000000e+00 1.442431e+01 4.722163e+00
      vertex   0.000000e+00 1.449649e+01 4.452768e+00
      vertex   0.000000e+00 1.442431e+01 4.722163e+00
    endloop
  endfacet
  facet normal 0.000000e+00 9.961947e-01 8.715574e-02
    outer loop
      vertex   3.000000e+00 1.442431e+01 4.722163e+00
      vertex   0.000000e+00 1.442431e+01 4.722163e+00
      vertex   3.000000e+00 1.440000e+01 5.000000e+00
    endloop
  endfacet
  facet normal 0.000000e+00 9.961947e-01 8.715574e-02
    outer loop
      vertex   3.000000e+00 1.440000e+01 5.000000e+00
      vertex   0.000000e+00 1.442431e+01 4.722163e+00
      vertex   0.000000e+00 1.440000e+01 5.000000e+00
    endloop
  endfacet
  facet normal 0.000000e+00 9.961947e-01 -8.715574e-02
    outer loop
      vertex   3.000000e+00 1.440000e+01 5.000000e+00
      vertex   0.000000e+00 1.440000e+01 5.000000e+00
      vertex   3.000000e+00 1.442431e+01 5.277837e+00
    endloop
  endfacet
  facet normal 0.000000e+00 9.961947e-01 -8.715574e-02
    outer loop
      vertex   3.000000e+00 1.442431e+01 5.277837e+00
      vertex   0.000000e+00 1.440000e+01 5.000000e+00
      vertex   0.000000e+00 1.442431e+01 5.277837e+00
    endloop
  endfacet
  facet normal 0.000000e+00 9.659258e-01 -2.588190e-01
    outer loop
      vertex   3.000000e+00 1.442431e+01 5.277837e+00
      vertex   0.000000e+00 1.442431e+01 5.277837e+00
      vertex   3.000000e+00 1.449649e+01 5.547232e+00
    endloop
  endfacet
  facet normal 0.000000e+00 9.659258e-01 -2.588190e-01
    outer loop
      vertex   3.000000e+00 1.449649e+01 5.547232e+00
      vertex   0.000000e+00 1.442431e+01 5.277837e+00
      vertex   0.000000e+00 1.449649e+01 5.547232e+00
    endloop
  endfacet
  facet normal 0.000000e+00 9.063078e-01 -4.226183e-01
    outer loop
      vertex   3.000000e+00 1.449649e+01 5.547232e+00
      vertex   0.000000e+00 1.449649e+01 5.547232e+00
      vertex   3.000000e+00 1.461436e+01 5.800000e+00
    endloop
  endfacet
  facet normal 0.000000e+00 9.063078e-01 -4.226183e-01
    outer loop
      vertex   3.000000e+00 1.461436e+01 5.800000e+00
      vertex   0.000000e+00 1.449649e+01 5.547232e+00
      vertex   0.000000e+00 1.461436e+01 5.800000e+00
    endloop
  endfacet
  facet normal 0.000000e+00 8.191520e-01 -5.735764e-01
    outer loop
      vertex   3.000000e+00 1.461436e+01 5.800000e+00
      vertex   0.000000e+00 1.461436e+01 5.800000e+00
      vertex   3.000000e+00 1.477433e+01 6.028460e+00
    endloop
  endfacet
  facet normal 0.000000e+00 8.191520e-01 -5.735764e-01
    outer loop
      vertex   3.000000e+00 1.477433e+01 6.028460e+00
      vertex   0.000000e+00 1.461436e+01 5.800000e+00
      vertex   0.000000e+00 1.477433e+01 6.028460e+00
    endloop
  endfacet
  facet normal 0.000000e+00 7.071068e-01 -7.071068e-01
    outer loop
      vertex   3.000000e+00 1.477433e+01 6.028460e+00
      vertex   0.000000e+00 1.477433e+01 6.028460e+00
      vertex   3.000000e+00 1.497154e+01 6.225671e+00
    endloop
  endfacet
  facet normal 0.000000e+00 7.071068e-01 -7.071068e-01
    outer loop
      vertex   3.000000e+00 1.497154e+01 6.225671e+00
      vertex   0.000000e+00 1.477433e+01 6.028460e+00
      vertex   0.000000e+00 1.497154e+01 6.225671e+00
    endloop
  endfacet
  facet normal 0.000000e+00 5.735764e-01 -8.191520e-01
    outer loop
      vertex   3.000000e+00 1.497154e+01 6.225671e+00
      vertex   0.000000e+00 1.497154e+01 6.225671e+00
      vertex   3.000000e+00 1.520000e+01 6.385641e+00
    endloop
  endfacet
  facet normal 0.000000e+00 5.735764e-01 -8.191520e-01
    outer loop
      vertex   3.000000e+00 1.520000e+01 6.385641e+00
      vertex   0.000000e+00 1.497154e+01 6.225671e+00
      vertex   0.000000e+00 1.520000e+01 6.385641e+00
    endloop
  endfacet
  facet normal 0.000000e+00 4.226183e-01 -9.063078e-01
    outer loop
      vertex   3.000000e+00 1.520000e+01 6.385641e+00
      vertex   0.000000e+00 1.520000e+01 6.385641e+00
      vertex   3.000000e+00 1.545277e+01 6.503508e+00
    endloop
  endfacet
  facet normal 0.000000e+00 4.226183e-01 -9.063078e-01
    outer loop
      vertex   3.000000e+00 1.545277e+01 6.503508e+00
      vertex   0.000000e+00 1.520000e+01 6.385641e+00
      vertex   0.000000e+00 1.545277e+01 6.503508e+00
    endloop
  endfacet
  facet normal 0.000000e+00 2.588190e-01 -9.659258e-01
    outer loop
      vertex   3.000000e+00 1.545277e+01 6.503508e+00
      vertex   0.000000e+00 1.545277e+01 6.503508e+00
      vertex   3.000000e+00 1.572216e+01 6.575692e+00
    endloop
  endfacet
  facet normal 0.000000e+00 2.588190e-01 -9.659258e-01
    outer loop
      vertex   3.000000e+00 1.572216e+01 6.575692e+00
      vertex   0.000000e+00 1.545277e+01 6.503508e+00
      vertex   0.000000e+00 1.572216e+01 6.575692e+00
    endloop
  endfacet
  facet normal 0.000000e+00 8.715574e-02 -9.961947e-01
    outer loop
      vertex   3.000000e+00 1.572216e+01 2.057569e+01
      vertex   0.000000e+00 1.572216e+01 2.057569e+01
      vertex   3.000000e+00 1.600000e+01 2.060000e+01
    endloop
  endfacet
  facet normal 0.000000e+00 8.715574e-02 -9.961947e-01
    outer loop
      vertex   3.000000e+00 1.600000e+01 2.060000e+01
      vertex   0.000000e+00 1.572216e+01 2.057569e+01
      vertex   0.000000e+00 1.600000e+01 2.060000e+01
    endloop
  endfacet
  facet normal -0.000000e+00 -8.715574e-02 -9.961947e-01
    outer loop
      vertex   3.000000e+00 1.600000e+01 2.060000e+01
      vertex   0.000000e+00 1.600000e+01 2.060000e+01
      vertex   3.000000e+00 1.627784e+01 2.057569e+01
    endloop
  endfacet
  facet normal -0.000000e+00 -8.715574e-02 -9.961947e-01
    outer loop
      vertex   3.000000e+00 1.627784e+01 2.057569e+01
      vertex   0.000000e+00 1.600000e+01 2.060000e+01
      vertex   0.000000e+00 1.627784e+01 2.057569e+01
    endloop
  endfacet
  facet normal -0.000000e+00 -2.588190e-01 -9.659258e-01
    outer loop
      vertex   3.000000e+00 1.627784e+01 2.057569e+01
      vertex   0.000000e+00 1.627784e+01 2.057569e+01
      vertex   3.000000e+00 1.654723e+01 2.050351e+01
    endloop
  endfacet
  facet normal -0.000000e+00 -2.588190e-01 -9.659258e-01
    outer loop
      vertex   3.000000e+00 1.654723e+01 2.050351e+01
      vertex   0.000000e+00 1.627784e+01 2.057569e+01
      vertex   0.000000e+00 1.654723e+01 2.050351e+01
    endloop
  endfacet
  facet normal -0.000000e+00 -4.226183e-01 -9.063078e-01
    outer loop
      vertex   3.000000e+00 1.654723e+01 2.050351e+01
      vertex   0.000000e+00 1.654723e+01 2.050351e+01
      vertex   3.000000e+00 1.680000e+01 2.038564e+01
    endloop
  endfacet
  facet normal -0.000000e+00 -4.226183e-01 -9.063078e-01
    outer loop
      vertex   3.000000e+00 1.680000e+01 2.038564e+01
      vertex   0.000000e+00 1.654723e+01 2.050351e+01
      vertex   0.000000e+00 1.680000e+01 2.038564e+01
    endloop
  endfacet
  facet normal -0.000000e+00 -5.735764e-01 -8.191520e-01
    outer loop
      vertex   3.000000e+00 1.680000e+01 2.038564e+01
      vertex   0.000000e+00 1.680000e+01 2.038564e+01
      vertex   3.000000e+00 1.702846e+01 2.022567e+01
    endloop
  endfacet
  facet normal -0.000000e+00 -5.735764e-01 -8.191520e-01
    outer loop
      vertex   3.000000e+00 1.702846e+01 2.022567e+01
      vertex   0.000000e+00 1.680000e+01 2.038564e+01
      vertex   0.000000e+00 1.702846e+01 2.022567e+01
    endloop
  endfacet
  facet normal -0.000000e+00 -7.071068e-01 -7.071068e-01
    outer loop
      vertex   3.000000e+00 1.702846e+01 2.022567e+01
      vertex   0.000000e+00 1.702846e+01 2.022567e+01
      vertex   3.000000e+00 1.722567e+01 2.002846e+01
    endloop
  endfacet
  facet normal -0.000000e+00 -7.071068e-01 -7.071068e-01
    outer loop
      vertex   3.000000e+00 1.722567e+01 2.002846e+01
      vertex   0.000000e+00 1.702846e+01 2.022567e+01
      vertex   0.000000e+00 1.722567e+01 2.002846e+01
    endloop
  endfacet
  facet normal -0.000000e+00 -8.191520e-01 -5.735764e-01
    outer loop
      vertex   3.000000e+00 1.722567e+01 2.002846e+01
      vertex   0.000000e+00 1.722567e+01 2.002846e+01
      vertex   3.000000e+00 1.738564e+01 1.980000e+01
    endloop
  endfacet
  facet normal -0.000000e+00 -8.191520e-01 -5.735764e-01
    outer loop
      vertex   3.000000e+00 1.738564e+01 1.980000e+01
      vertex   0.000000e+00 1.722567e+01 2.002846e+01
      vertex   0.000000e+00 1.738564e+01 1.980000e+01
    endloop
  endfacet
  facet normal -0.000000e+00 -9.063078e-01 -4.226183e-01
    outer loop
      vertex   3.000000e+00 1.738564e+01 1.980000e+01
      vertex   0.000000e+00 1.738564e+01 1.980000e+01
      vertex   3.000000e+00 1.750351e+01 1.954723e+01
    endloop
  endfacet
  facet normal -0.000000e+00 -9.063078e-01 -4.226183e-01
    outer loop
      vertex   3.000000e+00 1.750351e+01 1.954723e+01
      vertex   0.000000e+00 1.738564e+01 1.980000e+01
      vertex   0.000000e+00 1.750351e+01 1.954723e+01
    endloop
  endfacet
  facet normal -0.000000e+00 -9.659258e-01 -2.588190e-01
    outer loop
      vertex   3.000000e+00 1.750351e+01 1.954723e+01
      vertex   0.000000e+00 1.750351e+01 1.954723e+01
      vertex   3.000000e+00 1.757569e+01 1.927784e+01
    endloop
  endfacet
  facet normal -3.065033e-16 -9.659258e-01 -2.588190e-01
    outer loop
      vertex   3.000000e+00 1.757569e+01 1.927784e+01
      vertex   0.000000e+00 1.750351e+01 1.954723e+01
      vertex   0.000000e+00 1.757569e+01 1.927784e+01
    endloop
  endfacet
  facet normal -1.032131e-16 -9.961947e-01 -8.715574e-02
    outer loop
      vertex   3.000000e+00 1.757569e+01 1.927784e+01
      vertex   0.000000e+00 1.757569e+01 1.927784e+01
      vertex   3.000000e+00 1.760000e+01 1.900000e+01
    endloop
  endfacet
  facet normal -0.000000e+00 -9.961947e-01 -8.715574e-02
    outer loop
      vertex   3.000000e+00 1.760000e+01 1.900000e+01
      vertex   0.000000e+00 1.757569e+01 1.927784e+01
      vertex   0.000000e+00 1.760000e+01 1.900000e+01
    endloop
  endfacet
  facet normal 0.000000e+00 -9.961947e-01 8.715574e-02
    outer loop
      vertex   3.000000e+00 1.760000e+01 1.900000e+01
      vertex   0.000000e+00 1.760000e+01 1.900000e+01
      vertex   3.000000e+00 1.757569e+01 1.872216e+01
    endloop
  endfacet
  facet normal 0.000000e+00 -9.961947e-01 8.715574e-02
    outer loop
      vertex   3.000000e+00 1.757569e+01 1.872216e+01
      vertex   0.000000e+00 1.760000e+01 1.900000e+01
      vertex   0.000000e+00 1.757569e+01 1.872216e+01
    endloop
  endfacet
  facet normal 0.000000e+00 -9.659258e-01 2.588190e-01
    outer loop
      vertex   3.000000e+00 1.757569e+01 1.872216e+01
      vertex   0.000000e+00 1.757569e+01 1.872216e+01
      vertex   3.000000e+00 1.750351e+01 1.845277e+01
    endloop
  endfacet
  facet normal 0.000000e+00 -9.659258e-01 2.588190e-01
    outer loop
      vertex   3.000000e+00 1.750351e+01 1.845277e+01
      vertex   0.000000e+00 1.757569e+01 1.872216e+01
      vertex   0.000000e+00 1.750351e+01 1.845277e+01
    endloop
  endfacet
  facet normal 0.000000e+00 -9.063078e-01 4.226183e-01
    outer loop
      vertex   3.000000e+00 1.750351e+01 1.845277e+01
      vertex   0.000000e+00 1.750351e+01 1.845277e+01
      vertex   3.000000e+00 1.738564e+01 1.820000e+01
    endloop
  endfacet
  facet normal -1.073284e-15 -9.063078e-01 4.226183e-01
    outer loop
      vertex   3.000000e+00 1.738564e+01 1.820000e+01
      vertex   0.000000e+00 1.750351e+01 1.845277e+01
      vertex   0.000000e+00 1.738564e+01 1.820000e+01
    endloop
  endfacet
  facet normal -9.700709e-16 -8.191520e-01 5.735764e-01
    outer loop
      vertex   3.000000e+00 1.738564e+01 1.820000e+01
      vertex   0.000000e+00 1.738564e+01 1.820000e+01
      vertex   3.000000e+00 1.722567e+01 1.797154e+01
    endloop
  endfacet
  facet normal 0.000000e+00 -8.191520e-01 5.735764e-01
    outer loop
      vertex   3.000000e+00 1.722567e+01 1.797154e+01
      vertex   0.000000e+00 1.738564e+01 1.820000e+01
      vertex   0.000000e+00 1.722567e+01 1.797154e+01
    endloop
  endfacet
  facet normal 0.000000e+00 -7.071068e-01 7.071068e-01
    outer loop
      vertex   3.000000e+00 1.722567e+01 1.797154e+01
      vertex   0.000000e+00 1.722567e+01 1.797154e+01
      vertex   3.000000e+00 1.702846e+01 1.777433e+01
    endloop
  endfacet
  facet normal 0.000000e+00 -7.071068e-01 7.071068e-01
    outer loop
      vertex   3.000000e+00 1.702846e+01 1.777433e+01
      vertex   0.000000e+00 1.722567e+01 1.797154e+01
      vertex   0.000000e+00 1.702846e+01 1.777433e+01
    endloop
  endfacet
  facet normal 0.000000e+00 -5.735764e-01 8.191520e-01
    outer loop
      vertex   3.000000e+00 1.702846e+01 1.777433e+01
      vertex   0.000000e+00 1.702846e+01 1.777433e+01
      vertex   3.000000e+00 1.680000e+01 1.761436e+01
    endloop
  endfacet
  facet normal 0.000000e+00 -5.735764e-01 8.191520e-01
    outer loop
      vertex   3.000000e+00 1.680000e+01 1.761436e+01
      vertex   0.000000e+00 1.702846e+01 1.777433e+01
      vertex   0.000000e+00 1.680000e+01 1.761436e+01
    endloop
  endfacet
  facet normal 0.000000e+00 -4.226183e-01 9.063078e-01
    outer loop
      vertex   3.000000e+00 1.680000e+01 1.761436e+01
      vertex   0.000000e+00 1.680000e+01 1.761436e+01
      vertex   3.000000e+00 1.654723e+01 1.749649e+01
    endloop
  endfacet
  facet normal 0.000000e+00 -4.226183e-01 9.063078e-01
    outer loop
      vertex   3.000000e+00 1.654723e+01 1.749649e+01
      vertex   0.000000e+00 1.680000e+01 1.761436e+01
      vertex   0.000000e+00 1.654723e+01 1.749649e+01
    endloop
  endfacet
  facet normal 0.000000e+00 -2.588190e-01 9.659258e-01
    outer loop
      vertex   3.000000e+00 1.654723e+01 1.749649e+01
      vertex   0.000000e+00 1.654723e+01 1.749649e+01
      vertex   3.000000e+00 1.627784e+01 1.742431e+01
    endloop
  endfacet
  facet normal -3.065033e-16 -2.588190e-01 9.659258e-01
    outer loop
      vertex   3.000000e+00 1.627784e+01 1.742431e+01
      vertex   0.000000e+00 1.654723e+01 1.749649e+01
      vertex   0.000000e+00 1.627784e+01 1.742431e+01
    endloop
  endfacet
  facet normal -1.032131e-16 -8.715574e-02 9.961947e-01
    outer loop
      vertex   3.000000e+00 1.627784e+01 1.742431e+01
      vertex   0.000000e+00 1.627784e+01 1.742431e+01
      vertex   3.000000e+00 1.600000e+01 1.740000e+01
    endloop
  endfacet
  facet normal 0.000000e+00 -8.715574e-02 9.961947e-01
    outer loop
      vertex   3.000000e+00 1.600000e+01 1.740000e+01
      vertex   0.000000e+00 1.627784e+01 1.742431e+01
      vertex   0.000000e+00 1.600000e+01 1.740000e+01
    endloop
  endfacet
  facet normal 0.000000e+00 8.715574e-02 9.961947e-01
    outer loop
      vertex   3.000000e+00 1.600000e+01 1.740000e+01
      vertex   0.000000e+00 1.600000e+01 1.740000e+01
      vertex   3.000000e+00 1.572216e+01 1.742431e+01
    endloop
  endfacet
  facet normal 5.160657e-17 8.715574e-02 9.961947e-01
    outer loop
      vertex   3.000000e+00 1.572216e+01 1.742431e+01
      vertex   0.000000e+00 1.600000e+01 1.740000e+01
      vertex   0.000000e+00 1.572216e+01 1.742431e+01
    endloop
  endfacet
  facet normal 1.532517e-16 2.588190e-01 9.659258e-01
    outer loop
      vertex   3.000000e+00 1.572216e+01 1.742431e+01
      vertex   0.000000e+00 1.572216e+01 1.742431e+01
      vertex   3.000000e+00 1.545277e+01 1.749649e+01
    endloop
  endfacet
  facet normal 0.000000e+00 2.588190e-01 9.659258e-01
    outer loop
      vertex   3.000000e+00 1.545277e+01 1.749649e+01
      vertex   0.000000e+00 1.572216e+01 1.742431e+01
      vertex   0.000000e+00 1.545277e+01 1.749649e+01
    endloop
  endfacet
  facet normal 0.000000e+00 4.226183e-01 9.063078e-01
    outer loop
      vertex   3.000000e+00 1.545277e+01 1.749649e+01
      vertex   0.000000e+00 1.545277e+01 1.749649e+01
      vertex   3.000000e+00 1.520000e+01 1.761436e+01
    endloop
  endfacet
  facet normal 0.000000e+00 4.226183e-01 9.063078e-01
    outer loop
      vertex   3.000000e+00 1.520000e+01 1.761436e+01
      vertex   0.000000e+00 1.545277e+01 1.749649e+01
      vertex   0.000000e+00 1.520000e+01 1.761436e+01
    endloop
  endfacet
  facet normal 0.000000e+00 5.735764e-01 8.191520e-01
    outer loop
      vertex   3.000000e+00 1.520000e+01 1.761436e+01
      vertex   0.000000e+00 1.520000e+01 1.761436e+01
      vertex   3.000000e+00 1.497154e+01 1.777433e+01
    endloop
  endfacet
  facet normal 0.000000e+00 5.735764e-01 8.191520e-01
    outer loop
      vertex   3.000000e+00 1.497154e+01 1.777433e+01
      vertex   0.000000e+00 1.520000e+01 1.761436e+01
      vertex   0.000000e+00 1.497154e+01 1.777433e+01
    endloop
  endfacet
  facet normal 0.000000e+00 7.071068e-01 7.071068e-01
    outer loop
      vertex   3.000000e+00 1.497154e+01 1.777433e+01
      vertex   0.000000e+00 1.497154e+01 1.777433e+01
      vertex   3.000000e+00 1.477433e+01 1.797154e+01
    endloop
  endfacet
  facet normal 0.000000e+00 7.071068e-01 7.071068e-01
    outer loop
      vertex   3.000000e+00 1.477433e+01 1.797154e+01
      vertex   0.000000e+00 1.497154e+01 1.777433e+01
      vertex   0.000000e+00 1.477433e+01 1.797154e+01
    endloop
  endfacet
  facet normal 0.000000e+00 8.191520e-01 5.735764e-01
    outer loop
      vertex   3.000000e+00 1.477433e+01 1.797154e+01
      vertex   0.000000e+00 1.477433e+01 1.797154e+01
      vertex   3.000000e+00 1.461436e+01 1.820000e+01
    endloop
  endfacet
  facet normal 9.700709e-16 8.191520e-01 5.735764e-01
    outer loop
      vertex   3.000000e+00 1.461436e+01 1.820000e+01
      vertex   0.000000e+00 1.477433e+01 1.797154e+01
      vertex   0.000000e+00 1.461436e+01 1.820000e+01
    endloop
  endfacet
  facet normal 1.073284e-15 9.063078e-01 4.226183e-01
    outer loop
      vertex   3.000000e+00 1.461436e+01 1.820000e+01
      vertex   0.000000e+00 1.461436e+01 1.820000e+01
      vertex   3.000000e+00 1.449649e+01 1.845277e+01
    endloop
  endfacet
  facet normal 0.000000e+00 9.063078e-01 4.226183e-01
    outer loop
      vertex   3.000000e+00 1.449649e+01 1.845277e+01
      vertex   0.000000e+00 1.461436e+01 1.820000e+01
      vertex   0.000000e+00 1.449649e+01 1.845277e+01
    endloop
  endfacet
  facet normal 0.000000e+00 9.659258e-01 2.588190e-01
    outer loop
      vertex   3.000000e+00 1.449649e+01 1.845277e+01
      vertex   0.000000e+00 1.449649e+01 1.845277e+01
      vertex   3.000000e+00 1.442431e+01 1.872216e+01
    endloop
  endfacet
  facet normal 0.000000e+00 9.659258e-01 2.588190e-01
    outer loop
      vertex   3.000000e+00 1.442431e+01 1.872216e+01
      vertex   0.000000e+00 1.449649e+01 1.845277e+01
      vertex   0.000000e+00 1.442431e+01 1.872216e+01
    endloop
  endfacet
  facet normal 0.000000e+00 9.961947e-01 8.715574e-02
    outer loop
      vertex   3.000000e+00 1.442431e+01 1.872216e+01
      vertex   0.000000e+00 1.442431e+01 1.872216e+01
      vertex   3.000000e+00 1.440000e+01 1.900000e+01
    endloop
  endfacet
  facet normal 0.000000e+00 9.961947e-01 8.715574e-02
    outer loop
      vertex   3.000000e+00 1.440000e+01 1.900000e+01
      vertex   0.000000e+00 1.442431e+01 1.872216e+01
      vertex   0.000000e+00 1.440000e+01 1.900000e+01
    endloop
  endfacet
  facet normal 0.000000e+00 9.961947e-01 -8.715574e-02
    outer loop
      vertex   3.000000e+00 1.440000e+01 1.900000e+01
      vertex   0.000000e+00 1.440000e+01 1.900000e+01
      vertex   3.000000e+00 1.442431e+01 1.927784e+01
    endloop
  endfacet
  facet normal 1.032131e-16 9.961947e-01 -8.715574e-02
    outer loop
      vertex   3.000000e+00 1.442431e+01 1.927784e+01
      vertex   0.000000e+00 1.440000e+01 1.900000e+01
      vertex   0.000000e+00 1.442431e+01 1.927784e+01
    endloop
  endfacet
  facet normal 3.065033e-16 9.659258e-01 -2.588190e-01
    outer loop
      vertex   3.000000e+00 1.442431e+01 1.927784e+01
      vertex   0.000000e+00 1.442431e+01 1.927784e+01
      vertex   3.000000e+00 1.449649e+01 1.954723e+01
    endloop
  endfacet
  facet normal 0.000000e+00 9.659258e-01 -2.588190e-01
    outer loop
      vertex   3.000000e+00 1.449649e+01 1.954723e+01
      vertex   0.000000e+00 1.442431e+01 1.927784e+01
      vertex   0.000000e+00 1.449649e+01 1.954723e+01
    endloop
  endfacet
  facet normal 0.000000e+00 9.063078e-01 -4.226183e-01
    outer loop
      vertex   3.000000e+00 1.449649e+01 1.954723e+01
      vertex   0.000000e+00 1.449649e+01 1.954723e+01
      vertex   3.000000e+00 1.461436e+01 1.980000e+01
    endloop
  endfacet
  facet normal 0.000000e+00 9.063078e-01 -4.226183e-01
    outer loop
      vertex   3.000000e+00 1.461436e+01 1.980000e+01
      vertex   0.000000e+00 1.449649e+01 1.954723e+01
      vertex   0.000000e+00 1.461436e+01 1.980000e+01
    endloop
  endfacet
  facet normal 0.000000e+00 8.191520e-01 -5.735764e-01
    outer loop
      vertex   3.000000e+00 1.461436e+01 1.980000e+01
      vertex   0.000000e+00 1.461436e+01 1.980000e+01
      vertex   3.000000e+00 1.477433e+01 2.002846e+01
    endloop
  endfacet
  facet normal 0.000000e+00 8.191520e-01 -5.735764e-01
    outer loop
      vertex   3.000000e+00 1.477433e+01 2.002846e+01
      vertex   0.000000e+00 1.461436e+01 1.980000e+01
      vertex   0.000000e+00 1.477433e+01 2.002846e+01
    endloop
  endfacet
  facet normal 0.000000e+00 7.071068e-01 -7.071068e-01
    outer loop
      vertex   3.000000e+00 1.477433e+01 2.002846e+01
      vertex   0.000000e+00 1.477433e+01 2.002846e+01
      vertex   3.000000e+00 1.497154e+01 2.022567e+01
    endloop
  endfacet
  facet normal 0.000000e+00 7.071068e-01 -7.071068e-01
    outer loop
      vertex   3.000000e+00 1.497154e+01 2.022567e+01
      vertex   0.000000e+00 1.477433e+01 2.002846e+01
      vertex   0.000000e+00 1.497154e+01 2.022567e+01
    endloop
  endfacet
  facet normal 0.000000e+00 5.735764e-01 -8.191520e-01
    outer loop
      vertex   3.000000e+00 1.497154e+01 2.022567e+01
      vertex   0.000000e+00 1.497154e+01 2.022567e+01
      vertex   3.000000e+00 1.520000e+01 2.038564e+01
    endloop
  endfacet
  facet normal 0.000000e+00 5.735764e-01 -8.191520e-01
    outer loop
      vertex   3.000000e+00 1.520000e+01 2.038564e+01
      vertex   0.000000e+00 1.497154e+01 2.022567e+01
      vertex   0.000000e+00 1.520000e+01 2.038564e+01
    endloop
  endfacet
  facet normal 0.000000e+00 4.226183e-01 -9.063078e-01
    outer loop
      vertex   3.000000e+00 1.520000e+01 2.038564e+01
      vertex   0.000000e+00 1.520000e+01 2.038564e+01
      vertex   3.000000e+00 1.545277e+01 2.050351e+01
    endloop
  endfacet
  facet normal 0.000000e+00 4.226183e-01 -9.063078e-01
    outer loop
      vertex   3.000000e+00 1.545277e+01 2.050351e+01
      vertex   0.000000e+00 1.520000e+01 2.038564e+01
      vertex   0.000000e+00 1.545277e+01 2.050351e+01
    endloop
  endfacet
  facet normal 0.000000e+00 2.588190e-01 -9.659258e-01
    outer loop
      vertex   3.000000e+00 1.545277e+01 2.050351e+01
      vertex   0.000000e+00 1.545277e+01 2.050351e+01
      vertex   3.000000e+00 1.572216e+01 2.057569e+01
    endloop
  endfacet
  facet normal 0.000000e+00 2.588190e-01 -9.659258e-01
    outer loop
      vertex   3.000000e+00 1.572216e+01 2.057569e+01
      vertex   0.000000e+00 1.545277e+01 2.050351e+01
      vertex   0.000000e+00 1.572216e+01 2.057569e+01
    endloop
  endfacet
  facet normal 1.000000e+00 0.000000e+00 -0.000000e+00
    outer loop
      vertex   3.000000e+00 4.277837e+00 2.057569e+01
      vertex   3.000000e+00 4.365473e+00 2.177605e+01
      vertex   3.000000e+00 4.000000e+00 2.060000e+01
    endloop
  endfacet
  facet normal 1.000000e+00 0.000000e+00 -0.000000e+00
    outer loop
      vertex   3.000000e+00 4.000000e+00 2.060000e+01
      vertex   3.000000e+00 4.365473e+00 2.177605e+01
      vertex   3.000000e+00 4.000000e+00 2.180000e+01
    endloop
  endfacet
  facet normal 1.000000e+00 0.000000e+00 0.000000e+00
    outer loop
      vertex   3.000000e+00 4.000000e+00 2.060000e+01
      vertex   3.000000e+00 4.000000e+00 2.180000e+01
      vertex   3.000000e+00 3.634527e+00 2.177605e+01
    endloop
  endfacet
  facet normal 1.000000e+00 0.000000e+00 0.000000e+00
    outer loop
      vertex   3.000000e+00 4.365473e+00 2.177605e+01
      vertex   3.000000e+00 4.277837e+00 2.057569e+01
      vertex   3.000000e+00 4.724693e+00 2.170459e+01
    endloop
  endfacet
  facet normal 1.000000e+00 0.000000e+00 0.000000e+00
    outer loop
      vertex   3.000000e+00 4.724693e+00 2.170459e+01
      vertex   3.000000e+00 4.277837e+00 2.057569e+01
      vertex   3.000000e+00 4.547232e+00 2.050351e+01
    endloop
  endfacet
  facet normal 1.000000e+00 0.000000e+00 0.000000e+00
    outer loop
      vertex   3.000000e+00 4.724693e+00 2.170459e+01
      vertex   3.000000e+00 4.547232e+00 2.050351e+01
      vertex   3.000000e+00 5.071514e+00 2.158686e+01
    endloop
  endfacet
  facet normal 1.000000e+00 0.000000e+00 0.000000e+00
    outer loop
      vertex   3.000000e+00 5.071514e+00 2.158686e+01
      vertex   3.000000e+00 4.547232e+00 2.050351e+01
      vertex   3.000000e+00 4.800000e+00 2.038564e+01
    endloop
  endfacet
  facet normal 1.000000e+00 0.000000e+00 0.000000e+00
    outer loop
      vertex   3.000000e+00 5.071514e+00 2.158686e+01
      vertex   3.000000e+00 4.800000e+00 2.038564e+01
      vertex   3.000000e+00 5.400000e+00 2.142487e+01
    endloop
  endfacet
  facet normal 1.000000e+00 0.000000e+00 0.000000e+00
    outer loop
      vertex   3.000000e+00 5.400000e+00 2.142487e+01
      vertex   3.000000e+00 4.800000e+00 2.038564e+01
      vertex   3.000000e+00 5.704532e+00 2.122139e+01
    endloop
  endfacet
  facet normal 1.000000e+00 0.000000e+00 0.000000e+00
    outer loop
      vertex   3.000000e+00 5.704532e+00 2.122139e+01
      vertex   3.000000e+00 4.800000e+00 2.038564e+01
      vertex   3.000000e+00 5.028460e+00 2.022567e+01
    endloop
  endfacet
  facet normal 1.000000e+00 0.000000e+00 0.000000e+00
    outer loop
      vertex   3.000000e+00 5.704532e+00 2.122139e+01
      vertex   3.000000e+00 5.028460e+00 2.022567e+01
      vertex   3.000000e+00 5.979899e+00 2.097990e+01
    endloop
  endfacet
  facet normal 1.000000e+00 0.000000e+00 0.000000e+00
    outer loop
      vertex   3.000000e+00 5.979899e+00 2.097990e+01
      vertex   3.000000e+00 5.028460e+00 2.022567e+01
      vertex   3.000000e+00 5.225671e+00 2.002846e+01
    endloop
  endfacet
  facet normal 1.000000e+00 0.000000e+00 0.000000e+00
    outer loop
      vertex   3.000000e+00 5.979899e+00 2.097990e+01
      vertex   3.000000e+00 5.225671e+00 2.002846e+01
      vertex   3.000000e+00 6.221389e+00 2.070453e+01
    endloop
  endfacet
  facet normal 1.000000e+00 0.000000e+00 0.000000e+00
    outer loop
      vertex   3.000000e+00 6.221389e+00 2.070453e+01
      vertex   3.000000e+00 5.225671e+00 2.002846e+01
      vertex   3.000000e+00 5.385641e+00 1.980000e+01
    endloop
  endfacet
  facet normal 1.000000e+00 0.000000e+00 0.000000e+00
    outer loop
      vertex   3.000000e+00 6.221389e+00 2.070453e+01
      vertex   3.000000e+00 5.385641e+00 1.980000e+01
      vertex   3.000000e+00 6.424871e+00 2.040000e+01
    endloop
  endfacet
  facet normal 1.000000e+00 0.000000e+00 0.000000e+00
    outer loop
      vertex   3.000000e+00 6.424871e+00 2.040000e+01
      vertex   3.000000e+00 5.385641e+00 1.980000e+01
      vertex   3.000000e+00 6.586863e+00 2.007151e+01
    endloop
  endfacet
  facet normal 1.000000e+00 0.000000e+00 0.000000e+00
    outer loop
      vertex   3.000000e+00 6.586863e+00 2.007151e+01
      vertex   3.000000e+00 5.385641e+00 1.980000e+01
      vertex   3.000000e+00 5.503508e+00 1.954723e+01
    endloop
  endfacet
  facet normal 1.000000e+00 0.000000e+00 0.000000e+00
    outer loop
      vertex   3.000000e+00 6.586863e+00 2.007151e+01
      vertex   3.000000e+00 5.503508e+00 1.954723e+01
      vertex   3.000000e+00 6.704592e+00 1.972469e+01
    endloop
  endfacet
  facet normal 1.000000e+00 0.000000e+00 0.000000e+00
    outer loop
      vertex   3.000000e+00 6.704592e+00 1.972469e+01
      vertex   3.000000e+00 5.503508e+00 1.954723e+01
      vertex   3.000000e+00 5.575692e+00 1.927784e+01
    endloop
  endfacet
  facet normal 1.000000e+00 0.000000e+00 0.000000e+00
    outer loop
      vertex   3.000000e+00 6.704592e+00 1.972469e+01
      vertex   3.000000e+00 5.575692e+00 1.927784e+01
      vertex   3.000000e+00 6.776046e+00 1.936547e+01
    endloop
  endfacet
  facet normal 1.000000e+00 0.000000e+00 0.000000e+00
    outer loop
      vertex   3.000000e+00 6.776046e+00 1.936547e+01
      vertex   3.000000e+00 5.575692e+00 1.927784e+01
      vertex   3.000000e+00 5.600000e+00 1.900000e+01
    endloop
  endfacet
  facet normal 1.000000e+00 0.000000e+00 0.000000e+00
    outer loop
      vertex   3.000000e+00 6.776046e+00 1.936547e+01
      vertex   3.000000e+00 5.600000e+00 1.900000e+01
      vertex   3.000000e+00 6.800000e+00 1.900000e+01
    endloop
  endfacet
  facet normal 1.000000e+00 0.000000e+00 0.000000e+00
    outer loop
      vertex   3.000000e+00 6.800000e+00 1.900000e+01
      vertex   3.000000e+00 5.600000e+00 1.900000e+01
      vertex   3.000000e+00 6.776046e+00 1.863453e+01
    endloop
  endfacet
  facet normal 1.000000e+00 0.000000e+00 0.000000e+00
    outer loop
      vertex   3.000000e+00 6.776046e+00 1.863453e+01
      vertex   3.000000e+00 5.600000e+00 1.900000e+01
      vertex   3.000000e+00 5.575692e+00 1.872216e+01
    endloop
  endfacet
  facet normal 1.000000e+00 0.000000e+00 0.000000e+00
    outer loop
      vertex   3.000000e+00 6.776046e+00 1.863453e+01
      vertex   3.000000e+00 5.575692e+00 1.872216e+01
      vertex   3.000000e+00 6.704592e+00 1.827531e+01
    endloop
  endfacet
  facet normal 1.000000e+00 0.000000e+00 0.000000e+00
    outer loop
      vertex   3.000000e+00 6.704592e+00 1.827531e+01
      vertex   3.000000e+00 5.575692e+00 1.872216e+01
      vertex   3.000000e+00 5.503508e+00 1.845277e+01
    endloop
  endfacet
  facet normal 1.000000e+00 0.000000e+00 0.000000e+00
    outer loop
      vertex   3.000000e+00 6.704592e+00 1.827531e+01
      vertex   3.000000e+00 5.503508e+00 1.845277e+01
      vertex   3.000000e+00 6.586863e+00 1.792849e+01
    endloop
  endfacet
  facet normal 1.000000e+00 0.000000e+00 0.000000e+00
    outer loop
      vertex   3.000000e+00 6.586863e+00 1.792849e+01
      vertex   3.000000e+00 5.503508e+00 1.845277e+01
      vertex   3.000000e+00 5.385641e+00 1.820000e+01
    endloop
  endfacet
  facet normal 1.000000e+00 0.000000e+00 0.000000e+00
    outer loop
      vertex   3.000000e+00 6.586863e+00 1.792849e+01
      vertex   3.000000e+00 5.385641e+00 1.820000e+01
      vertex   3.000000e+00 6.424871e+00 1.760000e+01
    endloop
  endfacet
  facet normal 1.000000e+00 0.000000e+00 0.000000e+00
    outer loop
      vertex   3.000000e+00 6.424871e+00 1.760000e+01
      vertex   3.000000e+00 5.385641e+00 1.820000e+01
      vertex   3.000000e+00 6.221389e+00 1.729547e+01
    endloop
  endfacet
  facet normal 1.000000e+00 0.000000e+00 0.000000e+00
    outer loop
      vertex   3.000000e+00 6.221389e+00 1.729547e+01
      vertex   3.000000e+00 5.385641e+00 1.820000e+01
      vertex   3.000000e+00 5.225671e+00 1.797154e+01
    endloop
  endfacet
  facet normal 1.000000e+00 0.000000e+00 0.000000e+00
    outer loop
      vertex   3.000000e+00 6.221389e+00 1.729547e+01
      vertex   3.000000e+00 5.225671e+00 1.797154e+01
      vertex   3.000000e+00 5.979899e+00 1.702010e+01
    endloop
  endfacet
  facet normal 1.000000e+00 0.000000e+00 0.000000e+00
    outer loop
      vertex   3.000000e+00 5.979899e+00 1.702010e+01
      vertex   3.000000e+00 5.225671e+00 1.797154e+01
      vertex   3.000000e+00 5.028460e+00 1.777433e+01
    endloop
  endfacet
  facet normal 1.000000e+00 0.000000e+00 0.000000e+00
    outer loop
      vertex   3.000000e+00 5.979899e+00 1.702010e+01
      vertex   3.000000e+00 5.028460e+00 1.777433e+01
      vertex   3.000000e+00 5.704532e+00 1.677861e+01
    endloop
  endfacet
  facet normal 1.000000e+00 0.000000e+00 0.000000e+00
    outer loop
      vertex   3.000000e+00 5.704532e+00 1.677861e+01
      vertex   3.000000e+00 5.028460e+00 1.777433e+01
      vertex   3.000000e+00 4.800000e+00 1.761436e+01
    endloop
  endfacet
  facet normal 1.000000e+00 0.000000e+00 0.000000e+00
    outer loop
      vertex   3.000000e+00 5.704532e+00 1.677861e+01
      vertex   3.000000e+00 4.800000e+00 1.761436e+01
      vertex   3.000000e+00 5.400000e+00 1.657513e+01
    endloop
  endfacet
  facet normal 1.000000e+00 0.000000e+00 0.000000e+00
    outer loop
      vertex   3.000000e+00 5.400000e+00 1.657513e+01
      vertex   3.000000e+00 4.800000e+00 1.761436e+01
      vertex   3.000000e+00 5.071514e+00 1.641314e+01
    endloop
  endfacet
  facet normal 1.000000e+00 0.000000e+00 0.000000e+00
    outer loop
      vertex   3.000000e+00 5.071514e+00 1.641314e+01
      vertex   3.000000e+00 4.800000e+00 1.761436e+01
      vertex   3.000000e+00 4.547232e+00 1.749649e+01
    endloop
  endfacet
  facet normal 1.000000e+00 0.000000e+00 0.000000e+00
    outer loop
      vertex   3.000000e+00 5.071514e+00 1.641314e+01
      vertex   3.000000e+00 4.547232e+00 1.749649e+01
      vertex   3.000000e+00 4.724693e+00 1.629541e+01
    endloop
  endfacet
  facet normal 1.000000e+00 0.000000e+00 0.000000e+00
    outer loop
      vertex   3.000000e+00 4.724693e+00 1.629541e+01
      vertex   3.000000e+00 4.547232e+00 1.749649e+01
      vertex   3.000000e+00 4.277837e+00 1.742431e+01
    endloop
  endfacet
  facet normal 1.000000e+00 0.000000e+00 0.000000e+00
    outer loop
      vertex   3.000000e+00 4.724693e+00 1.629541e+01
      vertex   3.000000e+00 4.277837e+00 1.742431e+01
      vertex   3.000000e+00 4.365473e+00 1.622395e+01
    endloop
  endfacet
  facet normal 1.000000e+00 0.000000e+00 0.000000e+00
    outer loop
      vertex   3.000000e+00 4.365473e+00 1.622395e+01
      vertex   3.000000e+00 4.277837e+00 1.742431e+01
      vertex   3.000000e+00 4.000000e+00 1.740000e+01
    endloop
  endfacet
  facet normal 1.000000e+00 0.000000e+00 0.000000e+00
    outer loop
      vertex   3.000000e+00 4.365473e+00 1.622395e+01
      vertex   3.000000e+00 4.000000e+00 1.740000e+01
      vertex   3.000000e+00 4.000000e+00 1.620000e+01
    endloop
  endfacet
  facet normal 1.000000e+00 0.000000e+00 -0.000000e+00
    outer loop
      vertex   3.000000e+00 4.000000e+00 1.620000e+01
      vertex   3.000000e+00 4.000000e+00 1.740000e+01
      vertex   3.000000e+00 3.634527e+00 1.622395e+01
    endloop
  endfacet
  facet normal 1.000000e+00 0.000000e+00 0.000000e+00
    outer loop
      vertex   3.000000e+00 3.634527e+00 1.622395e+01
      vertex   3.000000e+00 4.000000e+00 1.740000e+01
      vertex   3.000000e+00 3.722163e+00 1.742431e+01
    endloop
  endfacet
  facet normal 1.000000e+00 0.000000e+00 -0.000000e+00
    outer loop
      vertex   3.000000e+00 3.634527e+00 1.622395e+01
      vertex   3.000000e+00 3.722163e+00 1.742431e+01
      vertex   3.000000e+00 3.275307e+00 1.629541e+01
    endloop
  endfacet
  facet normal 1.000000e+00 0.000000e+00 0.000000e+00
    outer loop
      vertex   3.000000e+00 3.275307e+00 1.629541e+01
      vertex   3.000000e+00 3.722163e+00 1.742431e+01
      vertex   3.000000e+00 3.452768e+00 1.749649e+01
    endloop
  endfacet
  facet normal 1.000000e+00 0.000000e+00 -0.000000e+00
    outer loop
      vertex   3.000000e+00 3.275307e+00 1.629541e+01
      vertex   3.000000e+00 3.452768e+00 1.749649e+01
      vertex   3.000000e+00 2.928486e+00 1.641314e+01
    endloop
  endfacet
  facet normal 1.000000e+00 0.000000e+00 0.000000e+00
    outer loop
      vertex   3.000000e+00 2.928486e+00 1.641314e+01
      vertex   3.000000e+00 3.452768e+00 1.749649e+01
      vertex   3.000000e+00 3.200000e+00 1.761436e+01
    endloop
  endfacet
  facet normal 1.000000e+00 0.000000e+00 -0.000000e+00
    outer loop
      vertex   3.000000e+00 2.928486e+00 1.641314e+01
      vertex   3.000000e+00 3.200000e+00 1.761436e+01
      vertex   3.000000e+00 2.600000e+00 1.657513e+01
    endloop
  endfacet
  facet normal 1.000000e+00 0.000000e+00 -0.000000e+00
    outer loop
      vertex   3.000000e+00 2.600000e+00 1.657513e+01
      vertex   3.000000e+00 3.200000e+00 1.761436e+01
      vertex   3.000000e+00 2.295468e+00 1.677861e+01
    endloop
  endfacet
  facet normal 1.000000e+00 0.000000e+00 0.000000e+00
    outer loop
      vertex   3.000000e+00 2.295468e+00 1.677861e+01
      vertex   3.000000e+00 3.200000e+00 1.761436e+01
      vertex   3.000000e+00 2.971540e+00 1.777433e+01
    endloop
  endfacet
  facet normal 1.000000e+00 0.000000e+00 -0.000000e+00
    outer loop
      vertex   3.000000e+00 2.295468e+00 1.677861e+01
      vertex   3.000000e+00 2.971540e+00 1.777433e+01
      vertex   3.000000e+00 2.020101e+00 1.702010e+01
    endloop
  endfacet
  facet normal 1.000000e+00 0.000000e+00 0.000000e+00
    outer loop
      vertex   3.000000e+00 2.020101e+00 1.702010e+01
      vertex   3.000000e+00 2.971540e+00 1.777433e+01
      vertex   3.000000e+00 2.774329e+00 1.797154e+01
    endloop
  endfacet
  facet normal 1.000000e+00 0.000000e+00 -0.000000e+00
    outer loop
      vertex   3.000000e+00 2.020101e+00 1.702010e+01
      vertex   3.000000e+00 2.774329e+00 1.797154e+01
      vertex   3.000000e+00 1.778611e+00 1.729547e+01
    endloop
  endfacet
  facet normal 1.000000e+00 0.000000e+00 0.000000e+00
    outer loop
      vertex   3.000000e+00 1.778611e+00 1.729547e+01
      vertex   3.000000e+00 2.774329e+00 1.797154e+01
      vertex   3.000000e+00 2.614359e+00 1.820000e+01
    endloop
  endfacet
  facet normal 1.000000e+00 0.000000e+00 -0.000000e+00
    outer loop
      vertex   3.000000e+00 1.778611e+00 1.729547e+01
      vertex   3.000000e+00 2.614359e+00 1.820000e+01
      vertex   3.000000e+00 1.575129e+00 1.760000e+01
    endloop
  endfacet
  facet normal 1.000000e+00 0.000000e+00 -0.000000e+00
    outer loop
      vertex   3.000000e+00 1.575129e+00 1.760000e+01
      vertex   3.000000e+00 2.614359e+00 1.820000e+01
      vertex   3.000000e+00 1.413137e+00 1.792849e+01
    endloop
  endfacet
  facet normal 1.000000e+00 0.000000e+00 0.000000e+00
    outer loop
      vertex   3.000000e+00 1.413137e+00 1.792849e+01
      vertex   3.000000e+00 2.614359e+00 1.820000e+01
      vertex   3.000000e+00 2.496492e+00 1.845277e+01
    endloop
  endfacet
  facet normal 1.000000e+00 0.000000e+00 -0.000000e+00
    outer loop
      vertex   3.000000e+00 1.413137e+00 1.792849e+01
      vertex   3.000000e+00 2.496492e+00 1.845277e+01
      vertex   3.000000e+00 1.295408e+00 1.827531e+01
    endloop
  endfacet
  facet normal 1.000000e+00 0.000000e+00 0.000000e+00
    outer loop
      vertex   3.000000e+00 1.295408e+00 1.827531e+01
      vertex   3.000000e+00 2.496492e+00 1.845277e+01
      vertex   3.000000e+00 2.424308e+00 1.872216e+01
    endloop
  endfacet
  facet normal 1.000000e+00 0.000000e+00 -0.000000e+00
    outer loop
      vertex   3.000000e+00 1.295408e+00 1.827531e+01
      vertex   3.000000e+00 2.424308e+00 1.872216e+01
      vertex   3.000000e+00 1.223954e+00 1.863453e+01
    endloop
  endfacet
  facet normal 1.000000e+00 0.000000e+00 0.000000e+00
    outer loop
      vertex   3.000000e+00 1.223954e+00 1.863453e+01
      vertex   3.000000e+00 2.424308e+00 1.872216e+01
      vertex   3.000000e+00 2.400000e+00 1.900000e+01
    endloop
  endfacet
  facet normal 1.000000e+00 0.000000e+00 -0.000000e+00
    outer loop
      vertex   3.000000e+00 1.223954e+00 1.863453e+01
      vertex   3.000000e+00 2.400000e+00 1.900000e+01
      vertex   3.000000e+00 1.200000e+00 1.900000e+01
    endloop
  endfacet
  facet normal 1.000000e+00 0.000000e+00 0.000000e+00
    outer loop
      vertex   3.000000e+00 1.200000e+00 1.900000e+01
      vertex   3.000000e+00 2.400000e+00 1.900000e+01
      vertex   3.000000e+00 1.223954e+00 1.936547e+01
    endloop
  endfacet
  facet normal 1.000000e+00 0.000000e+00 0.000000e+00
    outer loop
      vertex   3.000000e+00 1.223954e+00 1.936547e+01
      vertex   3.000000e+00 2.400000e+00 1.900000e+01
      vertex   3.000000e+00 2.424308e+00 1.927784e+01
    endloop
  endfacet
  facet normal 1.000000e+00 -0.000000e+00 0.000000e+00
    outer loop
      vertex   3.000000e+00 1.223954e+00 1.936547e+01
      vertex   3.000000e+00 2.424308e+00 1.927784e+01
      vertex   3.000000e+00 1.295408e+00 1.972469e+01
    endloop
  endfacet
  facet normal 1.000000e+00 0.000000e+00 0.000000e+00
    outer loop
      vertex   3.000000e+00 1.295408e+00 1.972469e+01
      vertex   3.000000e+00 2.424308e+00 1.927784e+01
      vertex   3.000000e+00 2.496492e+00 1.954723e+01
    endloop
  endfacet
  facet normal 1.000000e+00 -0.000000e+00 0.000000e+00
    outer loop
      vertex   3.000000e+00 1.295408e+00 1.972469e+01
      vertex   3.000000e+00 2.496492e+00 1.954723e+01
      vertex   3.000000e+00 1.413137e+00 2.007151e+01
    endloop
  endfacet
  facet normal 1.000000e+00 0.000000e+00 0.000000e+00
    outer loop
      vertex   3.000000e+00 1.413137e+00 2.007151e+01
      vertex   3.000000e+00 2.496492e+00 1.954723e+01
      vertex   3.000000e+00 2.614359e+00 1.980000e+01
    endloop
  endfacet
  facet normal 1.000000e+00 -0.000000e+00 0.000000e+00
    outer loop
      vertex   3.000000e+00 1.413137e+00 2.007151e+01
      vertex   3.000000e+00 2.614359e+00 1.980000e+01
      vertex   3.000000e+00 1.575129e+00 2.040000e+01
    endloop
  endfacet
  facet normal 1.000000e+00 -0.000000e+00 0.000000e+00
    outer loop
      vertex   3.000000e+00 1.575129e+00 2.040000e+01
      vertex   3.000000e+00 2.614359e+00 1.980000e+01
      vertex   3.000000e+00 1.778611e+00 2.070453e+01
    endloop
  endfacet
  facet normal 1.000000e+00 0.000000e+00 0.000000e+00
    outer loop
      vertex   3.000000e+00 1.778611e+00 2.070453e+01
      vertex   3.000000e+00 2.614359e+00 1.980000e+01
      vertex   3.000000e+00 2.774329e+00 2.002846e+01
    endloop
  endfacet
  facet normal 1.000000e+00 -0.000000e+00 0.000000e+00
    outer loop
      vertex   3.000000e+00 1.778611e+00 2.070453e+01
      vertex   3.000000e+00 2.774329e+00 2.002846e+01
      vertex   3.000000e+00 2.020101e+00 2.097990e+01
    endloop
  endfacet
  facet normal 1.000000e+00 0.000000e+00 0.000000e+00
    outer loop
      vertex   3.000000e+00 2.020101e+00 2.097990e+01
      vertex   3.000000e+00 2.774329e+00 2.002846e+01
      vertex   3.000000e+00 2.971540e+00 2.022567e+01
    endloop
  endfacet
  facet normal 1.000000e+00 -0.000000e+00 0.000000e+00
    outer loop
      vertex   3.000000e+00 2.020101e+00 2.097990e+01
      vertex   3.000000e+00 2.971540e+00 2.022567e+01
      vertex   3.000000e+00 2.295468e+00 2.122139e+01
    endloop
  endfacet
  facet normal 1.000000e+00 0.000000e+00 0.000000e+00
    outer loop
      vertex   3.000000e+00 2.295468e+00 2.122139e+01
      vertex   3.000000e+00 2.971540e+00 2.022567e+01
      vertex   3.000000e+00 3.200000e+00 2.038564e+01
    endloop
  endfacet
  facet normal 1.000000e+00 -0.000000e+00 0.000000e+00
    outer loop
      vertex   3.000000e+00 2.295468e+00 2.122139e+01
      vertex   3.000000e+00 3.200000e+00 2.038564e+01
      vertex   3.000000e+00 2.600000e+00 2.142487e+01
    endloop
  endfacet
  facet normal 1.000000e+00 -0.000000e+00 0.000000e+00
    outer loop
      vertex   3.000000e+00 2.600000e+00 2.142487e+01
      vertex   3.000000e+00 3.200000e+00 2.038564e+01
      vertex   3.000000e+00 2.928486e+00 2.158686e+01
    endloop
  endfacet
  facet normal 1.000000e+00 0.000000e+00 0.000000e+00
    outer loop
      vertex   3.000000e+00 2.928486e+00 2.158686e+01
      vertex   3.000000e+00 3.200000e+00 2.038564e+01
      vertex   3.000000e+00 3.452768e+00 2.050351e+01
    endloop
  endfacet
  facet normal 1.000000e+00 -0.000000e+00 0.000000e+00
    outer loop
      vertex   3.000000e+00 2.928486e+00 2.158686e+01
      vertex   3.000000e+00 3.452768e+00 2.050351e+01
      vertex   3.000000e+00 3.275307e+00 2.170459e+01
    endloop
  endfacet
  facet normal 1.000000e+00 0.000000e+00 0.000000e+00
    outer loop
      vertex   3.000000e+00 3.275307e+00 2.170459e+01
      vertex   3.000000e+00 3.452768e+00 2.050351e+01
      vertex   3.000000e+00 3.722163e+00 2.057569e+01
    endloop
  endfacet
  facet normal 1.000000e+00 -0.000000e+00 0.000000e+00
    outer loop
      vertex   3.000000e+00 3.275307e+00 2.170459e+01
      vertex   3.000000e+00 3.722163e+00 2.057569e+01
      vertex   3.000000e+00 3.634527e+00 2.177605e+01
    endloop
  endfacet
  facet normal 1.000000e+00 0.000000e+00 0.000000e+00
    outer loop
      vertex   3.000000e+00 3.634527e+00 2.177605e+01
      vertex   3.000000e+00 3.722163e+00 2.057569e+01
      vertex   3.000000e+00 4.000000e+00 2.060000e+01
    endloop
  endfacet
  facet normal 0.000000e+00 -6.540313e-02 -9.978589e-01
    outer loop
      vertex   3.000000e+00 4.365473e+00 2.177605e+01
      vertex   5.000000e+00 4.365473e+00 2.177605e+01
      vertex   3.000000e+00 4.000000e+00 2.180000e+01
    endloop
  endfacet
  facet normal 0.000000e+00 -6.540313e-02 -9.978589e-01
    outer loop
      vertex   3.000000e+00 4.000000e+00 2.180000e+01
      vertex   5.000000e+00 4.365473e+00 2.177605e+01
      vertex   5.000000e+00 4.000000e+00 2.180000e+01
    endloop
  endfacet
  facet normal 0.000000e+00 6.540313e-02 -9.978589e-01
    outer loop
      vertex   3.000000e+00 4.000000e+00 2.180000e+01
      vertex   5.000000e+00 4.000000e+00 2.180000e+01
      vertex   3.000000e+00 3.634527e+00 2.177605e+01
    endloop
  endfacet
  facet normal 0.000000e+00 6.540313e-02 -9.978589e-01
    outer loop
      vertex   3.000000e+00 3.634527e+00 2.177605e+01
      vertex   5.000000e+00 4.000000e+00 2.180000e+01
      vertex   5.000000e+00 3.634527e+00 2.177605e+01
    endloop
  endfacet
  facet normal 0.000000e+00 1.950903e-01 -9.807853e-01
    outer loop
      vertex   3.000000e+00 3.634527e+00 2.177605e+01
      vertex   5.000000e+00 3.634527e+00 2.177605e+01
      vertex   3.000000e+00 3.275307e+00 2.170459e+01
    endloop
  endfacet
  facet normal 0.000000e+00 1.950903e-01 -9.807853e-01
    outer loop
      vertex   3.000000e+00 3.275307e+00 2.170459e+01
      vertex   5.000000e+00 3.634527e+00 2.177605e+01
      vertex   5.000000e+00 3.275307e+00 2.170459e+01
    endloop
  endfacet
  facet normal 0.000000e+00 3.214395e-01 -9.469301e-01
    outer loop
      vertex   3.000000e+00 3.275307e+00 2.170459e+01
      vertex   5.000000e+00 3.275307e+00 2.170459e+01
      vertex   3.000000e+00 2.928486e+00 2.158686e+01
    endloop
  endfacet
  facet normal 0.000000e+00 3.214395e-01 -9.469301e-01
    outer loop
      vertex   3.000000e+00 2.928486e+00 2.158686e+01
      vertex   5.000000e+00 3.275307e+00 2.170459e+01
      vertex   5.000000e+00 2.928486e+00 2.158686e+01
    endloop
  endfacet
  facet normal 0.000000e+00 4.422887e-01 -8.968727e-01
    outer loop
      vertex   3.000000e+00 2.928486e+00 2.158686e+01
      vertex   5.000000e+00 2.928486e+00 2.158686e+01
      vertex   3.000000e+00 2.600000e+00 2.142487e+01
    endloop
  endfacet
  facet normal 0.000000e+00 4.422887e-01 -8.968727e-01
    outer loop
      vertex   3.000000e+00 2.600000e+00 2.142487e+01
      vertex   5.000000e+00 2.928486e+00 2.158686e+01
      vertex   5.000000e+00 2.600000e+00 2.142487e+01
    endloop
  endfacet
  facet normal 0.000000e+00 5.555702e-01 -8.314696e-01
    outer loop
      vertex   3.000000e+00 2.600000e+00 2.142487e+01
      vertex   5.000000e+00 2.600000e+00 2.142487e+01
      vertex   3.000000e+00 2.295468e+00 2.122139e+01
    endloop
  endfacet
  facet normal 0.000000e+00 5.555702e-01 -8.314696e-01
    outer loop
      vertex   3.000000e+00 2.295468e+00 2.122139e+01
      vertex   5.000000e+00 2.600000e+00 2.142487e+01
      vertex   5.000000e+00 2.295468e+00 2.122139e+01
    endloop
  endfacet
  facet normal 0.000000e+00 6.593458e-01 -7.518398e-01
    outer loop
      vertex   3.000000e+00 2.295468e+00 2.122139e+01
      vertex   5.000000e+00 2.295468e+00 2.122139e+01
      vertex   3.000000e+00 2.020101e+00 2.097990e+01
    endloop
  endfacet
  facet normal 0.000000e+00 6.593458e-01 -7.518398e-01
    outer loop
      vertex   3.000000e+00 2.020101e+00 2.097990e+01
      vertex   5.000000e+00 2.295468e+00 2.122139e+01
      vertex   5.000000e+00 2.020101e+00 2.097990e+01
    endloop
  endfacet
  facet normal 0.000000e+00 7.518398e-01 -6.593458e-01
    outer loop
      vertex   3.000000e+00 2.020101e+00 2.097990e+01
      vertex   5.000000e+00 2.020101e+00 2.097990e+01
      vertex   3.000000e+00 1.778611e+00 2.070453e+01
    endloop
  endfacet
  facet normal 0.000000e+00 7.518398e-01 -6.593458e-01
    outer loop
      vertex   3.000000e+00 1.778611e+00 2.070453e+01
      vertex   5.000000e+00 2.020101e+00 2.097990e+01
      vertex   5.000000e+00 1.778611e+00 2.070453e+01
    endloop
  endfacet
  facet normal 0.000000e+00 8.314696e-01 -5.555702e-01
    outer loop
      vertex   3.000000e+00 1.778611e+00 2.070453e+01
      vertex   5.000000e+00 1.778611e+00 2.070453e+01
      vertex   3.000000e+00 1.575129e+00 2.040000e+01
    endloop
  endfacet
  facet normal 0.000000e+00 8.314696e-01 -5.555702e-01
    outer loop
      vertex   3.000000e+00 1.575129e+00 2.040000e+01
      vertex   5.000000e+00 1.778611e+00 2.070453e+01
      vertex   5.000000e+00 1.575129e+00 2.040000e+01
    endloop
  endfacet
  facet normal 0.000000e+00 8.968727e-01 -4.422887e-01
    outer loop
      vertex   3.000000e+00 1.575129e+00 2.040000e+01
      vertex   5.000000e+00 1.575129e+00 2.040000e+01
      vertex   3.000000e+00 1.413137e+00 2.007151e+01
    endloop
  endfacet
  facet normal 0.000000e+00 8.968727e-01 -4.422887e-01
    outer loop
      vertex   3.000000e+00 1.413137e+00 2.007151e+01
      vertex   5.000000e+00 1.575129e+00 2.040000e+01
      vertex   5.000000e+00 1.413137e+00 2.007151e+01
    endloop
  endfacet
  facet normal 0.000000e+00 9.469301e-01 -3.214395e-01
    outer loop
      vertex   3.000000e+00 1.413137e+00 2.007151e+01
      vertex   5.000000e+00 1.413137e+00 2.007151e+01
      vertex   3.000000e+00 1.295408e+00 1.972469e+01
    endloop
  endfacet
  facet normal 0.000000e+00 9.469301e-01 -3.214395e-01
    outer loop
      vertex   3.000000e+00 1.295408e+00 1.972469e+01
      vertex   5.000000e+00 1.413137e+00 2.007151e+01
      vertex   5.000000e+00 1.295408e+00 1.972469e+01
    endloop
  endfacet
  facet normal 0.000000e+00 9.807853e-01 -1.950903e-01
    outer loop
      vertex   3.000000e+00 1.295408e+00 1.972469e+01
      vertex   5.000000e+00 1.295408e+00 1.972469e+01
      vertex   3.000000e+00 1.223954e+00 1.936547e+01
    endloop
  endfacet
  facet normal 0.000000e+00 9.807853e-01 -1.950903e-01
    outer loop
      vertex   3.000000e+00 1.223954e+00 1.936547e+01
      vertex   5.000000e+00 1.295408e+00 1.972469e+01
      vertex   5.000000e+00 1.223954e+00 1.936547e+01
    endloop
  endfacet
  facet normal 0.000000e+00 9.978589e-01 -6.540313e-02
    outer loop
      vertex   3.000000e+00 1.223954e+00 1.936547e+01
      vertex   5.000000e+00 1.223954e+00 1.936547e+01
      vertex   3.000000e+00 1.200000e+00 1.900000e+01
    endloop
  endfacet
  facet normal 0.000000e+00 9.978589e-01 -6.540313e-02
    outer loop
      vertex   3.000000e+00 1.200000e+00 1.900000e+01
      vertex   5.000000e+00 1.223954e+00 1.936547e+01
      vertex   5.000000e+00 1.200000e+00 1.900000e+01
    endloop
  endfacet
  facet normal -0.000000e+00 9.978589e-01 6.540313e-02
    outer loop
      vertex   3.000000e+00 1.200000e+00 1.900000e+01
      vertex   5.000000e+00 1.200000e+00 1.900000e+01
      vertex   3.000000e+00 1.223954e+00 1.863453e+01
    endloop
  endfacet
  facet normal -0.000000e+00 9.978589e-01 6.540313e-02
    outer loop
      vertex   3.000000e+00 1.223954e+00 1.863453e+01
      vertex   5.000000e+00 1.200000e+00 1.900000e+01
      vertex   5.000000e+00 1.223954e+00 1.863453e+01
    endloop
  endfacet
  facet normal -0.000000e+00 9.807853e-01 1.950903e-01
    outer loop
      vertex   3.000000e+00 1.223954e+00 1.863453e+01
      vertex   5.000000e+00 1.223954e+00 1.863453e+01
      vertex   3.000000e+00 1.295408e+00 1.827531e+01
    endloop
  endfacet
  facet normal -0.000000e+00 9.807853e-01 1.950903e-01
    outer loop
      vertex   3.000000e+00 1.295408e+00 1.827531e+01
      vertex   5.000000e+00 1.223954e+00 1.863453e+01
      vertex   5.000000e+00 1.295408e+00 1.827531e+01
    endloop
  endfacet
  facet normal -0.000000e+00 9.469301e-01 3.214395e-01
    outer loop
      vertex   3.000000e+00 1.295408e+00 1.827531e+01
      vertex   5.000000e+00 1.295408e+00 1.827531e+01
      vertex   3.000000e+00 1.413137e+00 1.792849e+01
    endloop
  endfacet
  facet normal -0.000000e+00 9.469301e-01 3.214395e-01
    outer loop
      vertex   3.000000e+00 1.413137e+00 1.792849e+01
      vertex   5.000000e+00 1.295408e+00 1.827531e+01
      vertex   5.000000e+00 1.413137e+00 1.792849e+01
    endloop
  endfacet
  facet normal -0.000000e+00 8.968727e-01 4.422887e-01
    outer loop
      vertex   3.000000e+00 1.413137e+00 1.792849e+01
      vertex   5.000000e+00 1.413137e+00 1.792849e+01
      vertex   3.000000e+00 1.575129e+00 1.760000e+01
    endloop
  endfacet
  facet normal -0.000000e+00 8.968727e-01 4.422887e-01
    outer loop
      vertex   3.000000e+00 1.575129e+00 1.760000e+01
      vertex   5.000000e+00 1.413137e+00 1.792849e+01
      vertex   5.000000e+00 1.575129e+00 1.760000e+01
    endloop
  endfacet
  facet normal -0.000000e+00 8.314696e-01 5.555702e-01
    outer loop
      vertex   3.000000e+00 1.575129e+00 1.760000e+01
      vertex   5.000000e+00 1.575129e+00 1.760000e+01
      vertex   3.000000e+00 1.778611e+00 1.729547e+01
    endloop
  endfacet
  facet normal -0.000000e+00 8.314696e-01 5.555702e-01
    outer loop
      vertex   3.000000e+00 1.778611e+00 1.729547e+01
      vertex   5.000000e+00 1.575129e+00 1.760000e+01
      vertex   5.000000e+00 1.778611e+00 1.729547e+01
    endloop
  endfacet
  facet normal -0.000000e+00 7.518398e-01 6.593458e-01
    outer loop
      vertex   3.000000e+00 1.778611e+00 1.729547e+01
      vertex   5.000000e+00 1.778611e+00 1.729547e+01
      vertex   3.000000e+00 2.020101e+00 1.702010e+01
    endloop
  endfacet
  facet normal -0.000000e+00 7.518398e-01 6.593458e-01
    outer loop
      vertex   3.000000e+00 2.020101e+00 1.702010e+01
      vertex   5.000000e+00 1.778611e+00 1.729547e+01
      vertex   5.000000e+00 2.020101e+00 1.702010e+01
    endloop
  endfacet
  facet normal -0.000000e+00 6.593458e-01 7.518398e-01
    outer loop
      vertex   3.000000e+00 2.020101e+00 1.702010e+01
      vertex   5.000000e+00 2.020101e+00 1.702010e+01
      vertex   3.000000e+00 2.295468e+00 1.677861e+01
    endloop
  endfacet
  facet normal -0.000000e+00 6.593458e-01 7.518398e-01
    outer loop
      vertex   3.000000e+00 2.295468e+00 1.677861e+01
      vertex   5.000000e+00 2.020101e+00 1.702010e+01
      vertex   5.000000e+00 2.295468e+00 1.677861e+01
    endloop
  endfacet
  facet normal -0.000000e+00 5.555702e-01 8.314696e-01
    outer loop
      vertex   3.000000e+00 2.295468e+00 1.677861e+01
      vertex   5.000000e+00 2.295468e+00 1.677861e+01
      vertex   3.000000e+00 2.600000e+00 1.657513e+01
    endloop
  endfacet
  facet normal -0.000000e+00 5.555702e-01 8.314696e-01
    outer loop
      vertex   3.000000e+00 2.600000e+00 1.657513e+01
      vertex   5.000000e+00 2.295468e+00 1.677861e+01
      vertex   5.000000e+00 2.600000e+00 1.657513e+01
    endloop
  endfacet
  facet normal -0.000000e+00 4.422887e-01 8.968727e-01
    outer loop
      vertex   3.000000e+00 2.600000e+00 1.657513e+01
      vertex   5.000000e+00 2.600000e+00 1.657513e+01
      vertex   3.000000e+00 2.928486e+00 1.641314e+01
    endloop
  endfacet
  facet normal -0.000000e+00 4.422887e-01 8.968727e-01
    outer loop
      vertex   3.000000e+00 2.928486e+00 1.641314e+01
      vertex   5.000000e+00 2.600000e+00 1.657513e+01
      vertex   5.000000e+00 2.928486e+00 1.641314e+01
    endloop
  endfacet
  facet normal -0.000000e+00 3.214395e-01 9.469301e-01
    outer loop
      vertex   3.000000e+00 2.928486e+00 1.641314e+01
      vertex   5.000000e+00 2.928486e+00 1.641314e+01
      vertex   3.000000e+00 3.275307e+00 1.629541e+01
    endloop
  endfacet
  facet normal -0.000000e+00 3.214395e-01 9.469301e-01
    outer loop
      vertex   3.000000e+00 3.275307e+00 1.629541e+01
      vertex   5.000000e+00 2.928486e+00 1.641314e+01
      vertex   5.000000e+00 3.275307e+00 1.629541e+01
    endloop
  endfacet
  facet normal -0.000000e+00 1.950903e-01 9.807853e-01
    outer loop
      vertex   3.000000e+00 3.275307e+00 1.629541e+01
      vertex   5.000000e+00 3.275307e+00 1.629541e+01
      vertex   3.000000e+00 3.634527e+00 1.622395e+01
    endloop
  endfacet
  facet normal -0.000000e+00 1.950903e-01 9.807853e-01
    outer loop
      vertex   3.000000e+00 3.634527e+00 1.622395e+01
      vertex   5.000000e+00 3.275307e+00 1.629541e+01
      vertex   5.000000e+00 3.634527e+00 1.622395e+01
    endloop
  endfacet
  facet normal -0.000000e+00 6.540313e-02 9.978589e-01
    outer loop
      vertex   3.000000e+00 3.634527e+00 1.622395e+01
      vertex   5.000000e+00 3.634527e+00 1.622395e+01
      vertex   3.000000e+00 4.000000e+00 1.620000e+01
    endloop
  endfacet
  facet normal -0.000000e+00 6.540313e-02 9.978589e-01
    outer loop
      vertex   3.000000e+00 4.000000e+00 1.620000e+01
      vertex   5.000000e+00 3.634527e+00 1.622395e+01
      vertex   5.000000e+00 4.000000e+00 1.620000e+01
    endloop
  endfacet
  facet normal 0.000000e+00 -6.540313e-02 9.978589e-01
    outer loop
      vertex   3.000000e+00 4.000000e+00 1.620000e+01
      vertex   5.000000e+00 4.000000e+00 1.620000e+01
      vertex   3.000000e+00 4.365473e+00 1.622395e+01
    endloop
  endfacet
  facet normal 0.000000e+00 -6.540313e-02 9.978589e-01
    outer loop
      vertex   3.000000e+00 4.365473e+00 1.622395e+01
      vertex   5.000000e+00 4.000000e+00 1.620000e+01
      vertex   5.000000e+00 4.365473e+00 1.622395e+01
    endloop
  endfacet
  facet normal 0.000000e+00 -1.950903e-01 9.807853e-01
    outer loop
      vertex   3.000000e+00 4.365473e+00 1.622395e+01
      vertex   5.000000e+00 4.365473e+00 1.622395e+01
      vertex   3.000000e+00 4.724693e+00 1.629541e+01
    endloop
  endfacet
  facet normal 0.000000e+00 -1.950903e-01 9.807853e-01
    outer loop
      vertex   3.000000e+00 4.724693e+00 1.629541e+01
      vertex   5.000000e+00 4.365473e+00 1.622395e+01
      vertex   5.000000e+00 4.724693e+00 1.629541e+01
    endloop
  endfacet
  facet normal 0.000000e+00 -3.214395e-01 9.469301e-01
    outer loop
      vertex   3.000000e+00 4.724693e+00 1.629541e+01
      vertex   5.000000e+00 4.724693e+00 1.629541e+01
      vertex   3.000000e+00 5.071514e+00 1.641314e+01
    endloop
  endfacet
  facet normal 0.000000e+00 -3.214395e-01 9.469301e-01
    outer loop
      vertex   3.000000e+00 5.071514e+00 1.641314e+01
      vertex   5.000000e+00 4.724693e+00 1.629541e+01
      vertex   5.000000e+00 5.071514e+00 1.641314e+01
    endloop
  endfacet
  facet normal 0.000000e+00 -4.422887e-01 8.968727e-01
    outer loop
      vertex   3.000000e+00 5.071514e+00 1.641314e+01
      vertex   5.000000e+00 5.071514e+00 1.641314e+01
      vertex   3.000000e+00 5.400000e+00 1.657513e+01
    endloop
  endfacet
  facet normal 0.000000e+00 -4.422887e-01 8.968727e-01
    outer loop
      vertex   3.000000e+00 5.400000e+00 1.657513e+01
      vertex   5.000000e+00 5.071514e+00 1.641314e+01
      vertex   5.000000e+00 5.400000e+00 1.657513e+01
    endloop
  endfacet
  facet normal 0.000000e+00 -5.555702e-01 8.314696e-01
    outer loop
      vertex   3.000000e+00 5.400000e+00 1.657513e+01
      vertex   5.000000e+00 5.400000e+00 1.657513e+01
      vertex   3.000000e+00 5.704532e+00 1.677861e+01
    endloop
  endfacet
  facet normal 0.000000e+00 -5.555702e-01 8.314696e-01
    outer loop
      vertex   3.000000e+00 5.704532e+00 1.677861e+01
      vertex   5.000000e+00 5.400000e+00 1.657513e+01
      vertex   5.000000e+00 5.704532e+00 1.677861e+01
    endloop
  endfacet
  facet normal 0.000000e+00 -6.593458e-01 7.518398e-01
    outer loop
      vertex   3.000000e+00 5.704532e+00 1.677861e+01
      vertex   5.000000e+00 5.704532e+00 1.677861e+01
      vertex   3.000000e+00 5.979899e+00 1.702010e+01
    endloop
  endfacet
  facet normal 0.000000e+00 -6.593458e-01 7.518398e-01
    outer loop
      vertex   3.000000e+00 5.979899e+00 1.702010e+01
      vertex   5.000000e+00 5.704532e+00 1.677861e+01
      vertex   5.000000e+00 5.979899e+00 1.702010e+01
    endloop
  endfacet
  facet normal 0.000000e+00 -7.518398e-01 6.593458e-01
    outer loop
      vertex   3.000000e+00 5.979899e+00 1.702010e+01
      vertex   5.000000e+00 5.979899e+00 1.702010e+01
      vertex   3.000000e+00 6.221389e+00 1.729547e+01
    endloop
  endfacet
  facet normal 0.000000e+00 -7.518398e-01 6.593458e-01
    outer loop
      vertex   3.000000e+00 6.221389e+00 1.729547e+01
      vertex   5.000000e+00 5.979899e+00 1.702010e+01
      vertex   5.000000e+00 6.221389e+00 1.729547e+01
    endloop
  endfacet
  facet normal 0.000000e+00 -8.314696e-01 5.555702e-01
    outer loop
      vertex   3.000000e+00 6.221389e+00 1.729547e+01
      vertex   5.000000e+00 6.221389e+00 1.729547e+01
      vertex   3.000000e+00 6.424871e+00 1.760000e+01
    endloop
  endfacet
  facet normal 0.000000e+00 -8.314696e-01 5.555702e-01
    outer loop
      vertex   3.000000e+00 6.424871e+00 1.760000e+01
      vertex   5.000000e+00 6.221389e+00 1.729547e+01
      vertex   5.000000e+00 6.424871e+00 1.760000e+01
    endloop
  endfacet
  facet normal 0.000000e+00 -8.968727e-01 4.422887e-01
    outer loop
      vertex   3.000000e+00 6.424871e+00 1.760000e+01
      vertex   5.000000e+00 6.424871e+00 1.760000e+01
      vertex   3.000000e+00 6.586863e+00 1.792849e+01
    endloop
  endfacet
  facet normal 0.000000e+00 -8.968727e-01 4.422887e-01
    outer loop
      vertex   3.000000e+00 6.586863e+00 1.792849e+01
      vertex   5.000000e+00 6.424871e+00 1.760000e+01
      vertex   5.000000e+00 6.586863e+00 1.792849e+01
    endloop
  endfacet
  facet normal 0.000000e+00 -9.469301e-01 3.214395e-01
    outer loop
      vertex   3.000000e+00 6.586863e+00 1.792849e+01
      vertex   5.000000e+00 6.586863e+00 1.792849e+01
      vertex   3.000000e+00 6.704592e+00 1.827531e+01
    endloop
  endfacet
  facet normal 0.000000e+00 -9.469301e-01 3.214395e-01
    outer loop
      vertex   3.000000e+00 6.704592e+00 1.827531e+01
      vertex   5.000000e+00 6.586863e+00 1.792849e+01
      vertex   5.000000e+00 6.704592e+00 1.827531e+01
    endloop
  endfacet
  facet normal 0.000000e+00 -9.807853e-01 1.950903e-01
    outer loop
      vertex   3.000000e+00 6.704592e+00 1.827531e+01
      vertex   5.000000e+00 6.704592e+00 1.827531e+01
      vertex   3.000000e+00 6.776046e+00 1.863453e+01
    endloop
  endfacet
  facet normal 0.000000e+00 -9.807853e-01 1.950903e-01
    outer loop
      vertex   3.000000e+00 6.776046e+00 1.863453e+01
      vertex   5.000000e+00 6.704592e+00 1.827531e+01
      vertex   5.000000e+00 6.776046e+00 1.863453e+01
    endloop
  endfacet
  facet normal 0.000000e+00 -9.978589e-01 6.540313e-02
    outer loop
      vertex   3.000000e+00 6.776046e+00 1.863453e+01
      vertex   5.000000e+00 6.776046e+00 1.863453e+01
      vertex   3.000000e+00 6.800000e+00 1.900000e+01
    endloop
  endfacet
  facet normal 0.000000e+00 -9.978589e-01 6.540313e-02
    outer loop
      vertex   3.000000e+00 6.800000e+00 1.900000e+01
      vertex   5.000000e+00 6.776046e+00 1.863453e+01
      vertex   5.000000e+00 6.800000e+00 1.900000e+01
    endloop
  endfacet
  facet normal 0.000000e+00 -9.978589e-01 -6.540313e-02
    outer loop
      vertex   3.000000e+00 6.800000e+00 1.900000e+01
      vertex   5.000000e+00 6.800000e+00 1.900000e+01
      vertex   3.000000e+00 6.776046e+00 1.936547e+01
    endloop
  endfacet
  facet normal 0.000000e+00 -9.978589e-01 -6.540313e-02
    outer loop
      vertex   3.000000e+00 6.776046e+00 1.936547e+01
      vertex   5.000000e+00 6.800000e+00 1.900000e+01
      vertex   5.000000e+00 6.776046e+00 1.936547e+01
    endloop
  endfacet
  facet normal 0.000000e+00 -9.807853e-01 -1.950903e-01
    outer loop
      vertex   3.000000e+00 6.776046e+00 1.936547e+01
      vertex   5.000000e+00 6.776046e+00 1.936547e+01
      vertex   3.000000e+00 6.704592e+00 1.972469e+01
    endloop
  endfacet
  facet normal 0.000000e+00 -9.807853e-01 -1.950903e-01
    outer loop
      vertex   3.000000e+00 6.704592e+00 1.972469e+01
      vertex   5.000000e+00 6.776046e+00 1.936547e+01
      vertex   5.000000e+00 6.704592e+00 1.972469e+01
    endloop
  endfacet
  facet normal 0.000000e+00 -9.469301e-01 -3.214395e-01
    outer loop
      vertex   3.000000e+00 6.704592e+00 1.972469e+01
      vertex   5.000000e+00 6.704592e+00 1.972469e+01
      vertex   3.000000e+00 6.586863e+00 2.007151e+01
    endloop
  endfacet
  facet normal 0.000000e+00 -9.469301e-01 -3.214395e-01
    outer loop
      vertex   3.000000e+00 6.586863e+00 2.007151e+01
      vertex   5.000000e+00 6.704592e+00 1.972469e+01
      vertex   5.000000e+00 6.586863e+00 2.007151e+01
    endloop
  endfacet
  facet normal 0.000000e+00 -8.968727e-01 -4.422887e-01
    outer loop
      vertex   3.000000e+00 6.586863e+00 2.007151e+01
      vertex   5.000000e+00 6.586863e+00 2.007151e+01
      vertex   3.000000e+00 6.424871e+00 2.040000e+01
    endloop
  endfacet
  facet normal 0.000000e+00 -8.968727e-01 -4.422887e-01
    outer loop
      vertex   3.000000e+00 6.424871e+00 2.040000e+01
      vertex   5.000000e+00 6.586863e+00 2.007151e+01
      vertex   5.000000e+00 6.424871e+00 2.040000e+01
    endloop
  endfacet
  facet normal 0.000000e+00 -8.314696e-01 -5.555702e-01
    outer loop
      vertex   3.000000e+00 6.424871e+00 2.040000e+01
      vertex   5.000000e+00 6.424871e+00 2.040000e+01
      vertex   3.000000e+00 6.221389e+00 2.070453e+01
    endloop
  endfacet
  facet normal 0.000000e+00 -8.314696e-01 -5.555702e-01
    outer loop
      vertex   3.000000e+00 6.221389e+00 2.070453e+01
      vertex   5.000000e+00 6.424871e+00 2.040000e+01
      vertex   5.000000e+00 6.221389e+00 2.070453e+01
    endloop
  endfacet
  facet normal 0.000000e+00 -7.518398e-01 -6.593458e-01
    outer loop
      vertex   3.000000e+00 6.221389e+00 2.070453e+01
      vertex   5.000000e+00 6.221389e+00 2.070453e+01
      vertex   3.000000e+00 5.979899e+00 2.097990e+01
    endloop
  endfacet
  facet normal 0.000000e+00 -7.518398e-01 -6.593458e-01
    outer loop
      vertex   3.000000e+00 5.979899e+00 2.097990e+01
      vertex   5.000000e+00 6.221389e+00 2.070453e+01
      vertex   5.000000e+00 5.979899e+00 2.097990e+01
    endloop
  endfacet
  facet normal 0.000000e+00 -6.593458e-01 -7.518398e-01
    outer loop
      vertex   3.000000e+00 5.979899e+00 2.097990e+01
      vertex   5.000000e+00 5.979899e+00 2.097990e+01
      vertex   3.000000e+00 5.704532e+00 2.122139e+01
    endloop
  endfacet
  facet normal 0.000000e+00 -6.593458e-01 -7.518398e-01
    outer loop
      vertex   3.000000e+00 5.704532e+00 2.122139e+01
      vertex   5.000000e+00 5.979899e+00 2.097990e+01
      vertex   5.000000e+00 5.704532e+00 2.122139e+01
    endloop
  endfacet
  facet normal 0.000000e+00 -5.555702e-01 -8.314696e-01
    outer loop
      vertex   3.000000e+00 5.704532e+00 2.122139e+01
      vertex   5.000000e+00 5.704532e+00 2.122139e+01
      vertex   3.000000e+00 5.400000e+00 2.142487e+01
    endloop
  endfacet
  facet normal 0.000000e+00 -5.555702e-01 -8.314696e-01
    outer loop
      vertex   3.000000e+00 5.400000e+00 2.142487e+01
      vertex   5.000000e+00 5.704532e+00 2.122139e+01
      vertex   5.000000e+00 5.400000e+00 2.142487e+01
    endloop
  endfacet
  facet normal 0.000000e+00 -4.422887e-01 -8.968727e-01
    outer loop
      vertex   3.000000e+00 5.400000e+00 2.142487e+01
      vertex   5.000000e+00 5.400000e+00 2.142487e+01
      vertex   3.000000e+00 5.071514e+00 2.158686e+01
    endloop
  endfacet
  facet normal 0.000000e+00 -4.422887e-01 -8.968727e-01
    outer loop
      vertex   3.000000e+00 5.071514e+00 2.158686e+01
      vertex   5.000000e+00 5.400000e+00 2.142487e+01
      vertex   5.000000e+00 5.071514e+00 2.158686e+01
    endloop
  endfacet
  facet normal 0.000000e+00 -3.214395e-01 -9.469301e-01
    outer loop
      vertex   3.000000e+00 5.071514e+00 2.158686e+01
      vertex   5.000000e+00 5.071514e+00 2.158686e+01
      vertex   3.000000e+00 4.724693e+00 2.170459e+01
    endloop
  endfacet
  facet normal 0.000000e+00 -3.214395e-01 -9.469301e-01
    outer loop
      vertex   3.000000e+00 4.724693e+00 2.170459e+01
      vertex   5.000000e+00 5.071514e+00 2.158686e+01
      vertex   5.000000e+00 4.724693e+00 2.170459e+01
    endloop
  endfacet
  facet normal 0.000000e+00 -1.950903e-01 -9.807853e-01
    outer loop
      vertex   3.000000e+00 4.724693e+00 2.170459e+01
      vertex   5.000000e+00 4.724693e+00 2.170459e+01
      vertex   3.000000e+00 4.365473e+00 2.177605e+01
    endloop
  endfacet
  facet normal 0.000000e+00 -1.950903e-01 -9.807853e-01
    outer loop
      vertex   3.000000e+00 4.365473e+00 2.177605e+01
      vertex   5.000000e+00 4.724693e+00 2.170459e+01
      vertex   5.000000e+00 4.365473e+00 2.177605e+01
    endloop
  endfacet
  facet normal 1.000000e+00 0.000000e+00 -0.000000e+00
    outer loop
      vertex   3.000000e+00 1.627784e+01 2.057569e+01
      vertex   3.000000e+00 1.636547e+01 2.177605e+01
      vertex   3.000000e+00 1.600000e+01 2.060000e+01
    endloop
  endfacet
  facet normal 1.000000e+00 0.000000e+00 0.000000e+00
    outer loop
      vertex   3.000000e+00 1.600000e+01 2.060000e+01
      vertex   3.000000e+00 1.636547e+01 2.177605e+01
      vertex   3.000000e+00 1.600000e+01 2.180000e+01
    endloop
  endfacet
  facet normal 1.000000e+00 0.000000e+00 -0.000000e+00
    outer loop
      vertex   3.000000e+00 1.600000e+01 2.060000e+01
      vertex   3.000000e+00 1.600000e+01 2.180000e+01
      vertex   3.000000e+00 1.563453e+01 2.177605e+01
    endloop
  endfacet
  facet normal 1.000000e+00 0.000000e+00 0.000000e+00
    outer loop
      vertex   3.000000e+00 1.636547e+01 2.177605e+01
      vertex   3.000000e+00 1.627784e+01 2.057569e+01
      vertex   3.000000e+00 1.672469e+01 2.170459e+01
    endloop
  endfacet
  facet normal 1.000000e+00 0.000000e+00 0.000000e+00
    outer loop
      vertex   3.000000e+00 1.672469e+01 2.170459e+01
      vertex   3.000000e+00 1.627784e+01 2.057569e+01
      vertex   3.000000e+00 1.654723e+01 2.050351e+01
    endloop
  endfacet
  facet normal 1.000000e+00 0.000000e+00 0.000000e+00
    outer loop
      vertex   3.000000e+00 1.672469e+01 2.170459e+01
      vertex   3.000000e+00 1.654723e+01 2.050351e+01
      vertex   3.000000e+00 1.707151e+01 2.158686e+01
    endloop
  endfacet
  facet normal 1.000000e+00 0.000000e+00 0.000000e+00
    outer loop
      vertex   3.000000e+00 1.707151e+01 2.158686e+01
      vertex   3.000000e+00 1.654723e+01 2.050351e+01
      vertex   3.000000e+00 1.680000e+01 2.038564e+01
    endloop
  endfacet
  facet normal 1.000000e+00 0.000000e+00 0.000000e+00
    outer loop
      vertex   3.000000e+00 1.707151e+01 2.158686e+01
      vertex   3.000000e+00 1.680000e+01 2.038564e+01
      vertex   3.000000e+00 1.740000e+01 2.142487e+01
    endloop
  endfacet
  facet normal 1.000000e+00 0.000000e+00 0.000000e+00
    outer loop
      vertex   3.000000e+00 1.740000e+01 2.142487e+01
      vertex   3.000000e+00 1.680000e+01 2.038564e+01
      vertex   3.000000e+00 1.770453e+01 2.122139e+01
    endloop
  endfacet
  facet normal 1.000000e+00 0.000000e+00 0.000000e+00
    outer loop
      vertex   3.000000e+00 1.770453e+01 2.122139e+01
      vertex   3.000000e+00 1.680000e+01 2.038564e+01
      vertex   3.000000e+00 1.702846e+01 2.022567e+01
    endloop
  endfacet
  facet normal 1.000000e+00 0.000000e+00 0.000000e+00
    outer loop
      vertex   3.000000e+00 1.770453e+01 2.122139e+01
      vertex   3.000000e+00 1.702846e+01 2.022567e+01
      vertex   3.000000e+00 1.797990e+01 2.097990e+01
    endloop
  endfacet
  facet normal 1.000000e+00 0.000000e+00 0.000000e+00
    outer loop
      vertex   3.000000e+00 1.797990e+01 2.097990e+01
      vertex   3.000000e+00 1.702846e+01 2.022567e+01
      vertex   3.000000e+00 1.722567e+01 2.002846e+01
    endloop
  endfacet
  facet normal 1.000000e+00 0.000000e+00 0.000000e+00
    outer loop
      vertex   3.000000e+00 1.797990e+01 2.097990e+01
      vertex   3.000000e+00 1.722567e+01 2.002846e+01
      vertex   3.000000e+00 1.822139e+01 2.070453e+01
    endloop
  endfacet
  facet normal 1.000000e+00 0.000000e+00 0.000000e+00
    outer loop
      vertex   3.000000e+00 1.822139e+01 2.070453e+01
      vertex   3.000000e+00 1.722567e+01 2.002846e+01
      vertex   3.000000e+00 1.738564e+01 1.980000e+01
    endloop
  endfacet
  facet normal 1.000000e+00 0.000000e+00 0.000000e+00
    outer loop
      vertex   3.000000e+00 1.822139e+01 2.070453e+01
      vertex   3.000000e+00 1.738564e+01 1.980000e+01
      vertex   3.000000e+00 1.842487e+01 2.040000e+01
    endloop
  endfacet
  facet normal 1.000000e+00 0.000000e+00 0.000000e+00
    outer loop
      vertex   3.000000e+00 1.842487e+01 2.040000e+01
      vertex   3.000000e+00 1.738564e+01 1.980000e+01
      vertex   3.000000e+00 1.858686e+01 2.007151e+01
    endloop
  endfacet
  facet normal 1.000000e+00 0.000000e+00 0.000000e+00
    outer loop
      vertex   3.000000e+00 1.858686e+01 2.007151e+01
      vertex   3.000000e+00 1.738564e+01 1.980000e+01
      vertex   3.000000e+00 1.750351e+01 1.954723e+01
    endloop
  endfacet
  facet normal 1.000000e+00 0.000000e+00 0.000000e+00
    outer loop
      vertex   3.000000e+00 1.858686e+01 2.007151e+01
      vertex   3.000000e+00 1.750351e+01 1.954723e+01
      vertex   3.000000e+00 1.870459e+01 1.972469e+01
    endloop
  endfacet
  facet normal 1.000000e+00 0.000000e+00 0.000000e+00
    outer loop
      vertex   3.000000e+00 1.870459e+01 1.972469e+01
      vertex   3.000000e+00 1.750351e+01 1.954723e+01
      vertex   3.000000e+00 1.757569e+01 1.927784e+01
    endloop
  endfacet
  facet normal 1.000000e+00 0.000000e+00 0.000000e+00
    outer loop
      vertex   3.000000e+00 1.870459e+01 1.972469e+01
      vertex   3.000000e+00 1.757569e+01 1.927784e+01
      vertex   3.000000e+00 1.877605e+01 1.936547e+01
    endloop
  endfacet
  facet normal 1.000000e+00 0.000000e+00 0.000000e+00
    outer loop
      vertex   3.000000e+00 1.877605e+01 1.936547e+01
      vertex   3.000000e+00 1.757569e+01 1.927784e+01
      vertex   3.000000e+00 1.760000e+01 1.900000e+01
    endloop
  endfacet
  facet normal 1.000000e+00 0.000000e+00 0.000000e+00
    outer loop
      vertex   3.000000e+00 1.877605e+01 1.936547e+01
      vertex   3.000000e+00 1.760000e+01 1.900000e+01
      vertex   3.000000e+00 1.880000e+01 1.900000e+01
    endloop
  endfacet
  facet normal 1.000000e+00 0.000000e+00 0.000000e+00
    outer loop
      vertex   3.000000e+00 1.880000e+01 1.900000e+01
      vertex   3.000000e+00 1.760000e+01 1.900000e+01
      vertex   3.000000e+00 1.877605e+01 1.863453e+01
    endloop
  endfacet
  facet normal 1.000000e+00 0.000000e+00 0.000000e+00
    outer loop
      vertex   3.000000e+00 1.877605e+01 1.863453e+01
      vertex   3.000000e+00 1.760000e+01 1.900000e+01
      vertex   3.000000e+00 1.757569e+01 1.872216e+01
    endloop
  endfacet
  facet normal 1.000000e+00 0.000000e+00 0.000000e+00
    outer loop
      vertex   3.000000e+00 1.877605e+01 1.863453e+01
      vertex   3.000000e+00 1.757569e+01 1.872216e+01
      vertex   3.000000e+00 1.870459e+01 1.827531e+01
    endloop
  endfacet
  facet normal 1.000000e+00 0.000000e+00 0.000000e+00
    outer loop
      vertex   3.000000e+00 1.870459e+01 1.827531e+01
      vertex   3.000000e+00 1.757569e+01 1.872216e+01
      vertex   3.000000e+00 1.750351e+01 1.845277e+01
    endloop
  endfacet
  facet normal 1.000000e+00 0.000000e+00 0.000000e+00
    outer loop
      vertex   3.000000e+00 1.870459e+01 1.827531e+01
      vertex   3.000000e+00 1.750351e+01 1.845277e+01
      vertex   3.000000e+00 1.858686e+01 1.792849e+01
    endloop
  endfacet
  facet normal 1.000000e+00 0.000000e+00 0.000000e+00
    outer loop
      vertex   3.000000e+00 1.858686e+01 1.792849e+01
      vertex   3.000000e+00 1.750351e+01 1.845277e+01
      vertex   3.000000e+00 1.738564e+01 1.820000e+01
    endloop
  endfacet
  facet normal 1.000000e+00 0.000000e+00 0.000000e+00
    outer loop
      vertex   3.000000e+00 1.858686e+01 1.792849e+01
      vertex   3.000000e+00 1.738564e+01 1.820000e+01
      vertex   3.000000e+00 1.842487e+01 1.760000e+01
    endloop
  endfacet
  facet normal 1.000000e+00 0.000000e+00 0.000000e+00
    outer loop
      vertex   3.000000e+00 1.842487e+01 1.760000e+01
      vertex   3.000000e+00 1.738564e+01 1.820000e+01
      vertex   3.000000e+00 1.822139e+01 1.729547e+01
    endloop
  endfacet
  facet normal 1.000000e+00 0.000000e+00 0.000000e+00
    outer loop
      vertex   3.000000e+00 1.822139e+01 1.729547e+01
      vertex   3.000000e+00 1.738564e+01 1.820000e+01
      vertex   3.000000e+00 1.722567e+01 1.797154e+01
    endloop
  endfacet
  facet normal 1.000000e+00 0.000000e+00 0.000000e+00
    outer loop
      vertex   3.000000e+00 1.822139e+01 1.729547e+01
      vertex   3.000000e+00 1.722567e+01 1.797154e+01
      vertex   3.000000e+00 1.797990e+01 1.702010e+01
    endloop
  endfacet
  facet normal 1.000000e+00 0.000000e+00 0.000000e+00
    outer loop
      vertex   3.000000e+00 1.797990e+01 1.702010e+01
      vertex   3.000000e+00 1.722567e+01 1.797154e+01
      vertex   3.000000e+00 1.702846e+01 1.777433e+01
    endloop
  endfacet
  facet normal 1.000000e+00 0.000000e+00 0.000000e+00
    outer loop
      vertex   3.000000e+00 1.797990e+01 1.702010e+01
      vertex   3.000000e+00 1.702846e+01 1.777433e+01
      vertex   3.000000e+00 1.770453e+01 1.677861e+01
    endloop
  endfacet
  facet normal 1.000000e+00 0.000000e+00 0.000000e+00
    outer loop
      vertex   3.000000e+00 1.770453e+01 1.677861e+01
      vertex   3.000000e+00 1.702846e+01 1.777433e+01
      vertex   3.000000e+00 1.680000e+01 1.761436e+01
    endloop
  endfacet
  facet normal 1.000000e+00 0.000000e+00 0.000000e+00
    outer loop
      vertex   3.000000e+00 1.770453e+01 1.677861e+01
      vertex   3.000000e+00 1.680000e+01 1.761436e+01
      vertex   3.000000e+00 1.740000e+01 1.657513e+01
    endloop
  endfacet
  facet normal 1.000000e+00 0.000000e+00 0.000000e+00
    outer loop
      vertex   3.000000e+00 1.740000e+01 1.657513e+01
      vertex   3.000000e+00 1.680000e+01 1.761436e+01
      vertex   3.000000e+00 1.707151e+01 1.641314e+01
    endloop
  endfacet
  facet normal 1.000000e+00 0.000000e+00 0.000000e+00
    outer loop
      vertex   3.000000e+00 1.707151e+01 1.641314e+01
      vertex   3.000000e+00 1.680000e+01 1.761436e+01
      vertex   3.000000e+00 1.654723e+01 1.749649e+01
    endloop
  endfacet
  facet normal 1.000000e+00 0.000000e+00 0.000000e+00
    outer loop
      vertex   3.000000e+00 1.707151e+01 1.641314e+01
      vertex   3.000000e+00 1.654723e+01 1.749649e+01
      vertex   3.000000e+00 1.672469e+01 1.629541e+01
    endloop
  endfacet
  facet normal 1.000000e+00 0.000000e+00 0.000000e+00
    outer loop
      vertex   3.000000e+00 1.672469e+01 1.629541e+01
      vertex   3.000000e+00 1.654723e+01 1.749649e+01
      vertex   3.000000e+00 1.627784e+01 1.742431e+01
    endloop
  endfacet
  facet normal 1.000000e+00 0.000000e+00 0.000000e+00
    outer loop
      vertex   3.000000e+00 1.672469e+01 1.629541e+01
      vertex   3.000000e+00 1.627784e+01 1.742431e+01
      vertex   3.000000e+00 1.636547e+01 1.622395e+01
    endloop
  endfacet
  facet normal 1.000000e+00 0.000000e+00 0.000000e+00
    outer loop
      vertex   3.000000e+00 1.636547e+01 1.622395e+01
      vertex   3.000000e+00 1.627784e+01 1.742431e+01
      vertex   3.000000e+00 1.600000e+01 1.740000e+01
    endloop
  endfacet
  facet normal 1.000000e+00 0.000000e+00 0.000000e+00
    outer loop
      vertex   3.000000e+00 1.636547e+01 1.622395e+01
      vertex   3.000000e+00 1.600000e+01 1.740000e+01
      vertex   3.000000e+00 1.600000e+01 1.620000e+01
    endloop
  endfacet
  facet normal 1.000000e+00 0.000000e+00 -0.000000e+00
    outer loop
      vertex   3.000000e+00 1.600000e+01 1.620000e+01
      vertex   3.000000e+00 1.600000e+01 1.740000e+01
      vertex   3.000000e+00 1.563453e+01 1.622395e+01
    endloop
  endfacet
  facet normal 1.000000e+00 0.000000e+00 0.000000e+00
    outer loop
      vertex   3.000000e+00 1.563453e+01 1.622395e+01
      vertex   3.000000e+00 1.600000e+01 1.740000e+01
      vertex   3.000000e+00 1.572216e+01 1.742431e+01
    endloop
  endfacet
  facet normal 1.000000e+00 0.000000e+00 -0.000000e+00
    outer loop
      vertex   3.000000e+00 1.563453e+01 1.622395e+01
      vertex   3.000000e+00 1.572216e+01 1.742431e+01
      vertex   3.000000e+00 1.527531e+01 1.629541e+01
    endloop
  endfacet
  facet normal 1.000000e+00 0.000000e+00 0.000000e+00
    outer loop
      vertex   3.000000e+00 1.527531e+01 1.629541e+01
      vertex   3.000000e+00 1.572216e+01 1.742431e+01
      vertex   3.000000e+00 1.545277e+01 1.749649e+01
    endloop
  endfacet
  facet normal 1.000000e+00 0.000000e+00 -0.000000e+00
    outer loop
      vertex   3.000000e+00 1.527531e+01 1.629541e+01
      vertex   3.000000e+00 1.545277e+01 1.749649e+01
      vertex   3.000000e+00 1.492849e+01 1.641314e+01
    endloop
  endfacet
  facet normal 1.000000e+00 0.000000e+00 0.000000e+00
    outer loop
      vertex   3.000000e+00 1.492849e+01 1.641314e+01
      vertex   3.000000e+00 1.545277e+01 1.749649e+01
      vertex   3.000000e+00 1.520000e+01 1.761436e+01
    endloop
  endfacet
  facet normal 1.000000e+00 0.000000e+00 -0.000000e+00
    outer loop
      vertex   3.000000e+00 1.492849e+01 1.641314e+01
      vertex   3.000000e+00 1.520000e+01 1.761436e+01
      vertex   3.000000e+00 1.460000e+01 1.657513e+01
    endloop
  endfacet
  facet normal 1.000000e+00 0.000000e+00 -0.000000e+00
    outer loop
      vertex   3.000000e+00 1.460000e+01 1.657513e+01
      vertex   3.000000e+00 1.520000e+01 1.761436e+01
      vertex   3.000000e+00 1.429547e+01 1.677861e+01
    endloop
  endfacet
  facet normal 1.000000e+00 0.000000e+00 0.000000e+00
    outer loop
      vertex   3.000000e+00 1.429547e+01 1.677861e+01
      vertex   3.000000e+00 1.520000e+01 1.761436e+01
      vertex   3.000000e+00 1.497154e+01 1.777433e+01
    endloop
  endfacet
  facet normal 1.000000e+00 0.000000e+00 -0.000000e+00
    outer loop
      vertex   3.000000e+00 1.429547e+01 1.677861e+01
      vertex   3.000000e+00 1.497154e+01 1.777433e+01
      vertex   3.000000e+00 1.402010e+01 1.702010e+01
    endloop
  endfacet
  facet normal 1.000000e+00 0.000000e+00 0.000000e+00
    outer loop
      vertex   3.000000e+00 1.402010e+01 1.702010e+01
      vertex   3.000000e+00 1.497154e+01 1.777433e+01
      vertex   3.000000e+00 1.477433e+01 1.797154e+01
    endloop
  endfacet
  facet normal 1.000000e+00 0.000000e+00 -0.000000e+00
    outer loop
      vertex   3.000000e+00 1.402010e+01 1.702010e+01
      vertex   3.000000e+00 1.477433e+01 1.797154e+01
      vertex   3.000000e+00 1.377861e+01 1.729547e+01
    endloop
  endfacet
  facet normal 1.000000e+00 0.000000e+00 0.000000e+00
    outer loop
      vertex   3.000000e+00 1.377861e+01 1.729547e+01
      vertex   3.000000e+00 1.477433e+01 1.797154e+01
      vertex   3.000000e+00 1.461436e+01 1.820000e+01
    endloop
  endfacet
  facet normal 1.000000e+00 0.000000e+00 -0.000000e+00
    outer loop
      vertex   3.000000e+00 1.377861e+01 1.729547e+01
      vertex   3.000000e+00 1.461436e+01 1.820000e+01
      vertex   3.000000e+00 1.357513e+01 1.760000e+01
    endloop
  endfacet
  facet normal 1.000000e+00 0.000000e+00 -0.000000e+00
    outer loop
      vertex   3.000000e+00 1.357513e+01 1.760000e+01
      vertex   3.000000e+00 1.461436e+01 1.820000e+01
      vertex   3.000000e+00 1.341314e+01 1.792849e+01
    endloop
  endfacet
  facet normal 1.000000e+00 0.000000e+00 0.000000e+00
    outer loop
      vertex   3.000000e+00 1.341314e+01 1.792849e+01
      vertex   3.000000e+00 1.461436e+01 1.820000e+01
      vertex   3.000000e+00 1.449649e+01 1.845277e+01
    endloop
  endfacet
  facet normal 1.000000e+00 0.000000e+00 -0.000000e+00
    outer loop
      vertex   3.000000e+00 1.341314e+01 1.792849e+01
      vertex   3.000000e+00 1.449649e+01 1.845277e+01
      vertex   3.000000e+00 1.329541e+01 1.827531e+01
    endloop
  endfacet
  facet normal 1.000000e+00 0.000000e+00 0.000000e+00
    outer loop
      vertex   3.000000e+00 1.329541e+01 1.827531e+01
      vertex   3.000000e+00 1.449649e+01 1.845277e+01
      vertex   3.000000e+00 1.442431e+01 1.872216e+01
    endloop
  endfacet
  facet normal 1.000000e+00 0.000000e+00 -0.000000e+00
    outer loop
      vertex   3.000000e+00 1.329541e+01 1.827531e+01
      vertex   3.000000e+00 1.442431e+01 1.872216e+01
      vertex   3.000000e+00 1.322395e+01 1.863453e+01
    endloop
  endfacet
  facet normal 1.000000e+00 0.000000e+00 0.000000e+00
    outer loop
      vertex   3.000000e+00 1.322395e+01 1.863453e+01
      vertex   3.000000e+00 1.442431e+01 1.872216e+01
      vertex   3.000000e+00 1.440000e+01 1.900000e+01
    endloop
  endfacet
  facet normal 1.000000e+00 0.000000e+00 -0.000000e+00
    outer loop
      vertex   3.000000e+00 1.322395e+01 1.863453e+01
      vertex   3.000000e+00 1.440000e+01 1.900000e+01
      vertex   3.000000e+00 1.320000e+01 1.900000e+01
    endloop
  endfacet
  facet normal 1.000000e+00 0.000000e+00 0.000000e+00
    outer loop
      vertex   3.000000e+00 1.320000e+01 1.900000e+01
      vertex   3.000000e+00 1.440000e+01 1.900000e+01
      vertex   3.000000e+00 1.322395e+01 1.936547e+01
    endloop
  endfacet
  facet normal 1.000000e+00 0.000000e+00 0.000000e+00
    outer loop
      vertex   3.000000e+00 1.322395e+01 1.936547e+01
      vertex   3.000000e+00 1.440000e+01 1.900000e+01
      vertex   3.000000e+00 1.442431e+01 1.927784e+01
    endloop
  endfacet
  facet normal 1.000000e+00 -0.000000e+00 0.000000e+00
    outer loop
      vertex   3.000000e+00 1.322395e+01 1.936547e+01
      vertex   3.000000e+00 1.442431e+01 1.927784e+01
      vertex   3.000000e+00 1.329541e+01 1.972469e+01
    endloop
  endfacet
  facet normal 1.000000e+00 0.000000e+00 0.000000e+00
    outer loop
      vertex   3.000000e+00 1.329541e+01 1.972469e+01
      vertex   3.000000e+00 1.442431e+01 1.927784e+01
      vertex   3.000000e+00 1.449649e+01 1.954723e+01
    endloop
  endfacet
  facet normal 1.000000e+00 -0.000000e+00 0.000000e+00
    outer loop
      vertex   3.000000e+00 1.329541e+01 1.972469e+01
      vertex   3.000000e+00 1.449649e+01 1.954723e+01
      vertex   3.000000e+00 1.341314e+01 2.007151e+01
    endloop
  endfacet
  facet normal 1.000000e+00 0.000000e+00 0.000000e+00
    outer loop
      vertex   3.000000e+00 1.341314e+01 2.007151e+01
      vertex   3.000000e+00 1.449649e+01 1.954723e+01
      vertex   3.000000e+00 1.461436e+01 1.980000e+01
    endloop
  endfacet
  facet normal 1.000000e+00 -0.000000e+00 0.000000e+00
    outer loop
      vertex   3.000000e+00 1.341314e+01 2.007151e+01
      vertex   3.000000e+00 1.461436e+01 1.980000e+01
      vertex   3.000000e+00 1.357513e+01 2.040000e+01
    endloop
  endfacet
  facet normal 1.000000e+00 -0.000000e+00 0.000000e+00
    outer loop
      vertex   3.000000e+00 1.357513e+01 2.040000e+01
      vertex   3.000000e+00 1.461436e+01 1.980000e+01
      vertex   3.000000e+00 1.377861e+01 2.070453e+01
    endloop
  endfacet
  facet normal 1.000000e+00 0.000000e+00 0.000000e+00
    outer loop
      vertex   3.000000e+00 1.377861e+01 2.070453e+01
      vertex   3.000000e+00 1.461436e+01 1.980000e+01
      vertex   3.000000e+00 1.477433e+01 2.002846e+01
    endloop
  endfacet
  facet normal 1.000000e+00 -0.000000e+00 0.000000e+00
    outer loop
      vertex   3.000000e+00 1.377861e+01 2.070453e+01
      vertex   3.000000e+00 1.477433e+01 2.002846e+01
      vertex   3.000000e+00 1.402010e+01 2.097990e+01
    endloop
  endfacet
  facet normal 1.000000e+00 0.000000e+00 0.000000e+00
    outer loop
      vertex   3.000000e+00 1.402010e+01 2.097990e+01
      vertex   3.000000e+00 1.477433e+01 2.002846e+01
      vertex   3.000000e+00 1.497154e+01 2.022567e+01
    endloop
  endfacet
  facet normal 1.000000e+00 -0.000000e+00 0.000000e+00
    outer loop
      vertex   3.000000e+00 1.402010e+01 2.097990e+01
      vertex   3.000000e+00 1.497154e+01 2.022567e+01
      vertex   3.000000e+00 1.429547e+01 2.122139e+01
    endloop
  endfacet
  facet normal 1.000000e+00 0.000000e+00 0.000000e+00
    outer loop
      vertex   3.000000e+00 1.429547e+01 2.122139e+01
      vertex   3.000000e+00 1.497154e+01 2.022567e+01
      vertex   3.000000e+00 1.520000e+01 2.038564e+01
    endloop
  endfacet
  facet normal 1.000000e+00 -0.000000e+00 0.000000e+00
    outer loop
      vertex   3.000000e+00 1.429547e+01 2.122139e+01
      vertex   3.000000e+00 1.520000e+01 2.038564e+01
      vertex   3.000000e+00 1.460000e+01 2.142487e+01
    endloop
  endfacet
  facet normal 1.000000e+00 -0.000000e+00 0.000000e+00
    outer loop
      vertex   3.000000e+00 1.460000e+01 2.142487e+01
      vertex   3.000000e+00 1.520000e+01 2.038564e+01
      vertex   3.000000e+00 1.492849e+01 2.158686e+01
    endloop
  endfacet
  facet normal 1.000000e+00 0.000000e+00 0.000000e+00
    outer loop
      vertex   3.000000e+00 1.492849e+01 2.158686e+01
      vertex   3.000000e+00 1.520000e+01 2.038564e+01
      vertex   3.000000e+00 1.545277e+01 2.050351e+01
    endloop
  endfacet
  facet normal 1.000000e+00 -0.000000e+00 0.000000e+00
    outer loop
      vertex   3.000000e+00 1.492849e+01 2.158686e+01
      vertex   3.000000e+00 1.545277e+01 2.050351e+01
      vertex   3.000000e+00 1.527531e+01 2.170459e+01
    endloop
  endfacet
  facet normal 1.000000e+00 0.000000e+00 0.000000e+00
    outer loop
      vertex   3.000000e+00 1.527531e+01 2.170459e+01
      vertex   3.000000e+00 1.545277e+01 2.050351e+01
      vertex   3.000000e+00 1.572216e+01 2.057569e+01
    endloop
  endfacet
  facet normal 1.000000e+00 -0.000000e+00 0.000000e+00
    outer loop
      vertex   3.000000e+00 1.527531e+01 2.170459e+01
      vertex   3.000000e+00 1.572216e+01 2.057569e+01
      vertex   3.000000e+00 1.563453e+01 2.177605e+01
    endloop
  endfacet
  facet normal 1.000000e+00 0.000000e+00 0.000000e+00
    outer loop
      vertex   3.000000e+00 1.563453e+01 2.177605e+01
      vertex   3.000000e+00 1.572216e+01 2.057569e+01
      vertex   3.000000e+00 1.600000e+01 2.060000e+01
    endloop
  endfacet
  facet normal 0.000000e+00 -6.540313e-02 -9.978589e-01
    outer loop
      vertex   3.000000e+00 1.636547e+01 2.177605e+01
      vertex   5.000000e+00 1.636547e+01 2.177605e+01
      vertex   3.000000e+00 1.600000e+01 2.180000e+01
    endloop
  endfacet
  facet normal 0.000000e+00 -6.540313e-02 -9.978589e-01
    outer loop
      vertex   3.000000e+00 1.600000e+01 2.180000e+01
      vertex   5.000000e+00 1.636547e+01 2.177605e+01
      vertex   5.000000e+00 1.600000e+01 2.180000e+01
    endloop
  endfacet
  facet normal 0.000000e+00 6.540313e-02 -9.978589e-01
    outer loop
      vertex   3.000000e+00 1.600000e+01 2.180000e+01
      vertex   5.000000e+00 1.600000e+01 2.180000e+01
      vertex   3.000000e+00 1.563453e+01 2.177605e+01
    endloop
  endfacet
  facet normal 0.000000e+00 6.540313e-02 -9.978589e-01
    outer loop
      vertex   3.000000e+00 1.563453e+01 2.177605e+01
      vertex   5.000000e+00 1.600000e+01 2.180000e+01
      vertex   5.000000e+00 1.563453e+01 2.177605e+01
    endloop
  endfacet
  facet normal 0.000000e+00 1.950903e-01 -9.807853e-01
    outer loop
      vertex   3.000000e+00 1.563453e+01 2.177605e+01
      vertex   5.000000e+00 1.563453e+01 2.177605e+01
      vertex   3.000000e+00 1.527531e+01 2.170459e+01
    endloop
  endfacet
  facet normal 0.000000e+00 1.950903e-01 -9.807853e-01
    outer loop
      vertex   3.000000e+00 1.527531e+01 2.170459e+01
      vertex   5.000000e+00 1.563453e+01 2.177605e+01
      vertex   5.000000e+00 1.527531e+01 2.170459e+01
    endloop
  endfacet
  facet normal 0.000000e+00 3.214395e-01 -9.469301e-01
    outer loop
      vertex   3.000000e+00 1.527531e+01 2.170459e+01
      vertex   5.000000e+00 1.527531e+01 2.170459e+01
      vertex   3.000000e+00 1.492849e+01 2.158686e+01
    endloop
  endfacet
  facet normal 0.000000e+00 3.214395e-01 -9.469301e-01
    outer loop
      vertex   3.000000e+00 1.492849e+01 2.158686e+01
      vertex   5.000000e+00 1.527531e+01 2.170459e+01
      vertex   5.000000e+00 1.492849e+01 2.158686e+01
    endloop
  endfacet
  facet normal 0.000000e+00 4.422887e-01 -8.968727e-01
    outer loop
      vertex   3.000000e+00 1.492849e+01 2.158686e+01
      vertex   5.000000e+00 1.492849e+01 2.158686e+01
      vertex   3.000000e+00 1.460000e+01 2.142487e+01
    endloop
  endfacet
  facet normal 0.000000e+00 4.422887e-01 -8.968727e-01
    outer loop
      vertex   3.000000e+00 1.460000e+01 2.142487e+01
      vertex   5.000000e+00 1.492849e+01 2.158686e+01
      vertex   5.000000e+00 1.460000e+01 2.142487e+01
    endloop
  endfacet
  facet normal 0.000000e+00 5.555702e-01 -8.314696e-01
    outer loop
      vertex   3.000000e+00 1.460000e+01 2.142487e+01
      vertex   5.000000e+00 1.460000e+01 2.142487e+01
      vertex   3.000000e+00 1.429547e+01 2.122139e+01
    endloop
  endfacet
  facet normal 0.000000e+00 5.555702e-01 -8.314696e-01
    outer loop
      vertex   3.000000e+00 1.429547e+01 2.122139e+01
      vertex   5.000000e+00 1.460000e+01 2.142487e+01
      vertex   5.000000e+00 1.429547e+01 2.122139e+01
    endloop
  endfacet
  facet normal 0.000000e+00 6.593458e-01 -7.518398e-01
    outer loop
      vertex   3.000000e+00 1.429547e+01 2.122139e+01
      vertex   5.000000e+00 1.429547e+01 2.122139e+01
      vertex   3.000000e+00 1.402010e+01 2.097990e+01
    endloop
  endfacet
  facet normal 0.000000e+00 6.593458e-01 -7.518398e-01
    outer loop
      vertex   3.000000e+00 1.402010e+01 2.097990e+01
      vertex   5.000000e+00 1.429547e+01 2.122139e+01
      vertex   5.000000e+00 1.402010e+01 2.097990e+01
    endloop
  endfacet
  facet normal 0.000000e+00 7.518398e-01 -6.593458e-01
    outer loop
      vertex   3.000000e+00 1.402010e+01 2.097990e+01
      vertex   5.000000e+00 1.402010e+01 2.097990e+01
      vertex   3.000000e+00 1.377861e+01 2.070453e+01
    endloop
  endfacet
  facet normal 0.000000e+00 7.518398e-01 -6.593458e-01
    outer loop
      vertex   3.000000e+00 1.377861e+01 2.070453e+01
      vertex   5.000000e+00 1.402010e+01 2.097990e+01
      vertex   5.000000e+00 1.377861e+01 2.070453e+01
    endloop
  endfacet
  facet normal 0.000000e+00 8.314696e-01 -5.555702e-01
    outer loop
      vertex   3.000000e+00 1.377861e+01 2.070453e+01
      vertex   5.000000e+00 1.377861e+01 2.070453e+01
      vertex   3.000000e+00 1.357513e+01 2.040000e+01
    endloop
  endfacet
  facet normal 0.000000e+00 8.314696e-01 -5.555702e-01
    outer loop
      vertex   3.000000e+00 1.357513e+01 2.040000e+01
      vertex   5.000000e+00 1.377861e+01 2.070453e+01
      vertex   5.000000e+00 1.357513e+01 2.040000e+01
    endloop
  endfacet
  facet normal 0.000000e+00 8.968727e-01 -4.422887e-01
    outer loop
      vertex   3.000000e+00 1.357513e+01 2.040000e+01
      vertex   5.000000e+00 1.357513e+01 2.040000e+01
      vertex   3.000000e+00 1.341314e+01 2.007151e+01
    endloop
  endfacet
  facet normal 0.000000e+00 8.968727e-01 -4.422887e-01
    outer loop
      vertex   3.000000e+00 1.341314e+01 2.007151e+01
      vertex   5.000000e+00 1.357513e+01 2.040000e+01
      vertex   5.000000e+00 1.341314e+01 2.007151e+01
    endloop
  endfacet
  facet normal 0.000000e+00 9.469301e-01 -3.214395e-01
    outer loop
      vertex   3.000000e+00 1.341314e+01 2.007151e+01
      vertex   5.000000e+00 1.341314e+01 2.007151e+01
      vertex   3.000000e+00 1.329541e+01 1.972469e+01
    endloop
  endfacet
  facet normal 0.000000e+00 9.469301e-01 -3.214395e-01
    outer loop
      vertex   3.000000e+00 1.329541e+01 1.972469e+01
      vertex   5.000000e+00 1.341314e+01 2.007151e+01
      vertex   5.000000e+00 1.329541e+01 1.972469e+01
    endloop
  endfacet
  facet normal 0.000000e+00 9.807853e-01 -1.950903e-01
    outer loop
      vertex   3.000000e+00 1.329541e+01 1.972469e+01
      vertex   5.000000e+00 1.329541e+01 1.972469e+01
      vertex   3.000000e+00 1.322395e+01 1.936547e+01
    endloop
  endfacet
  facet normal 0.000000e+00 9.807853e-01 -1.950903e-01
    outer loop
      vertex   3.000000e+00 1.322395e+01 1.936547e+01
      vertex   5.000000e+00 1.329541e+01 1.972469e+01
      vertex   5.000000e+00 1.322395e+01 1.936547e+01
    endloop
  endfacet
  facet normal 0.000000e+00 9.978589e-01 -6.540313e-02
    outer loop
      vertex   3.000000e+00 1.322395e+01 1.936547e+01
      vertex   5.000000e+00 1.322395e+01 1.936547e+01
      vertex   3.000000e+00 1.320000e+01 1.900000e+01
    endloop
  endfacet
  facet normal 0.000000e+00 9.978589e-01 -6.540313e-02
    outer loop
      vertex   3.000000e+00 1.320000e+01 1.900000e+01
      vertex   5.000000e+00 1.322395e+01 1.936547e+01
      vertex   5.000000e+00 1.320000e+01 1.900000e+01
    endloop
  endfacet
  facet normal -0.000000e+00 9.978589e-01 6.540313e-02
    outer loop
      vertex   3.000000e+00 1.320000e+01 1.900000e+01
      vertex   5.000000e+00 1.320000e+01 1.900000e+01
      vertex   3.000000e+00 1.322395e+01 1.863453e+01
    endloop
  endfacet
  facet normal -0.000000e+00 9.978589e-01 6.540313e-02
    outer loop
      vertex   3.000000e+00 1.322395e+01 1.863453e+01
      vertex   5.000000e+00 1.320000e+01 1.900000e+01
      vertex   5.000000e+00 1.322395e+01 1.863453e+01
    endloop
  endfacet
  facet normal -0.000000e+00 9.807853e-01 1.950903e-01
    outer loop
      vertex   3.000000e+00 1.322395e+01 1.863453e+01
      vertex   5.000000e+00 1.322395e+01 1.863453e+01
      vertex   3.000000e+00 1.329541e+01 1.827531e+01
    endloop
  endfacet
  facet normal -0.000000e+00 9.807853e-01 1.950903e-01
    outer loop
      vertex   3.000000e+00 1.329541e+01 1.827531e+01
      vertex   5.000000e+00 1.322395e+01 1.863453e+01
      vertex   5.000000e+00 1.329541e+01 1.827531e+01
    endloop
  endfacet
  facet normal -0.000000e+00 9.469301e-01 3.214395e-01
    outer loop
      vertex   3.000000e+00 1.329541e+01 1.827531e+01
      vertex   5.000000e+00 1.329541e+01 1.827531e+01
      vertex   3.000000e+00 1.341314e+01 1.792849e+01
    endloop
  endfacet
  facet normal -0.000000e+00 9.469301e-01 3.214395e-01
    outer loop
      vertex   3.000000e+00 1.341314e+01 1.792849e+01
      vertex   5.000000e+00 1.329541e+01 1.827531e+01
      vertex   5.000000e+00 1.341314e+01 1.792849e+01
    endloop
  endfacet
  facet normal -0.000000e+00 8.968727e-01 4.422887e-01
    outer loop
      vertex   3.000000e+00 1.341314e+01 1.792849e+01
      vertex   5.000000e+00 1.341314e+01 1.792849e+01
      vertex   3.000000e+00 1.357513e+01 1.760000e+01
    endloop
  endfacet
  facet normal -0.000000e+00 8.968727e-01 4.422887e-01
    outer loop
      vertex   3.000000e+00 1.357513e+01 1.760000e+01
      vertex   5.000000e+00 1.341314e+01 1.792849e+01
      vertex   5.000000e+00 1.357513e+01 1.760000e+01
    endloop
  endfacet
  facet normal -0.000000e+00 8.314696e-01 5.555702e-01
    outer loop
      vertex   3.000000e+00 1.357513e+01 1.760000e+01
      vertex   5.000000e+00 1.357513e+01 1.760000e+01
      vertex   3.000000e+00 1.377861e+01 1.729547e+01
    endloop
  endfacet
  facet normal -0.000000e+00 8.314696e-01 5.555702e-01
    outer loop
      vertex   3.000000e+00 1.377861e+01 1.729547e+01
      vertex   5.000000e+00 1.357513e+01 1.760000e+01
      vertex   5.000000e+00 1.377861e+01 1.729547e+01
    endloop
  endfacet
  facet normal -0.000000e+00 7.518398e-01 6.593458e-01
    outer loop
      vertex   3.000000e+00 1.377861e+01 1.729547e+01
      vertex   5.000000e+00 1.377861e+01 1.729547e+01
      vertex   3.000000e+00 1.402010e+01 1.702010e+01
    endloop
  endfacet
  facet normal -0.000000e+00 7.518398e-01 6.593458e-01
    outer loop
      vertex   3.000000e+00 1.402010e+01 1.702010e+01
      vertex   5.000000e+00 1.377861e+01 1.729547e+01
      vertex   5.000000e+00 1.402010e+01 1.702010e+01
    endloop
  endfacet
  facet normal -0.000000e+00 6.593458e-01 7.518398e-01
    outer loop
      vertex   3.000000e+00 1.402010e+01 1.702010e+01
      vertex   5.000000e+00 1.402010e+01 1.702010e+01
      vertex   3.000000e+00 1.429547e+01 1.677861e+01
    endloop
  endfacet
  facet normal -0.000000e+00 6.593458e-01 7.518398e-01
    outer loop
      vertex   3.000000e+00 1.429547e+01 1.677861e+01
      vertex   5.000000e+00 1.402010e+01 1.702010e+01
      vertex   5.000000e+00 1.429547e+01 1.677861e+01
    endloop
  endfacet
  facet normal -0.000000e+00 5.555702e-01 8.314696e-01
    outer loop
      vertex   3.000000e+00 1.429547e+01 1.677861e+01
      vertex   5.000000e+00 1.429547e+01 1.677861e+01
      vertex   3.000000e+00 1.460000e+01 1.657513e+01
    endloop
  endfacet
  facet normal -0.000000e+00 5.555702e-01 8.314696e-01
    outer loop
      vertex   3.000000e+00 1.460000e+01 1.657513e+01
      vertex   5.000000e+00 1.429547e+01 1.677861e+01
      vertex   5.000000e+00 1.460000e+01 1.657513e+01
    endloop
  endfacet
  facet normal -0.000000e+00 4.422887e-01 8.968727e-01
    outer loop
      vertex   3.000000e+00 1.460000e+01 1.657513e+01
      vertex   5.000000e+00 1.460000e+01 1.657513e+01
      vertex   3.000000e+00 1.492849e+01 1.641314e+01
    endloop
  endfacet
  facet normal -0.000000e+00 4.422887e-01 8.968727e-01
    outer loop
      vertex   3.000000e+00 1.492849e+01 1.641314e+01
      vertex   5.000000e+00 1.460000e+01 1.657513e+01
      vertex   5.000000e+00 1.492849e+01 1.641314e+01
    endloop
  endfacet
  facet normal -0.000000e+00 3.214395e-01 9.469301e-01
    outer loop
      vertex   3.000000e+00 1.492849e+01 1.641314e+01
      vertex   5.000000e+00 1.492849e+01 1.641314e+01
      vertex   3.000000e+00 1.527531e+01 1.629541e+01
    endloop
  endfacet
  facet normal -0.000000e+00 3.214395e-01 9.469301e-01
    outer loop
      vertex   3.000000e+00 1.527531e+01 1.629541e+01
      vertex   5.000000e+00 1.492849e+01 1.641314e+01
      vertex   5.000000e+00 1.527531e+01 1.629541e+01
    endloop
  endfacet
  facet normal -0.000000e+00 1.950903e-01 9.807853e-01
    outer loop
      vertex   3.000000e+00 1.527531e+01 1.629541e+01
      vertex   5.000000e+00 1.527531e+01 1.629541e+01
      vertex   3.000000e+00 1.563453e+01 1.622395e+01
    endloop
  endfacet
  facet normal -0.000000e+00 1.950903e-01 9.807853e-01
    outer loop
      vertex   3.000000e+00 1.563453e+01 1.622395e+01
      vertex   5.000000e+00 1.527531e+01 1.629541e+01
      vertex   5.000000e+00 1.563453e+01 1.622395e+01
    endloop
  endfacet
  facet normal -0.000000e+00 6.540313e-02 9.978589e-01
    outer loop
      vertex   3.000000e+00 1.563453e+01 1.622395e+01
      vertex   5.000000e+00 1.563453e+01 1.622395e+01
      vertex   3.000000e+00 1.600000e+01 1.620000e+01
    endloop
  endfacet
  facet normal -0.000000e+00 6.540313e-02 9.978589e-01
    outer loop
      vertex   3.000000e+00 1.600000e+01 1.620000e+01
      vertex   5.000000e+00 1.563453e+01 1.622395e+01
      vertex   5.000000e+00 1.600000e+01 1.620000e+01
    endloop
  endfacet
  facet normal 0.000000e+00 -6.540313e-02 9.978589e-01
    outer loop
      vertex   3.000000e+00 1.600000e+01 1.620000e+01
      vertex   5.000000e+00 1.600000e+01 1.620000e+01
      vertex   3.000000e+00 1.636547e+01 1.622395e+01
    endloop
  endfacet
  facet normal 0.000000e+00 -6.540313e-02 9.978589e-01
    outer loop
      vertex   3.000000e+00 1.636547e+01 1.622395e+01
      vertex   5.000000e+00 1.600000e+01 1.620000e+01
      vertex   5.000000e+00 1.636547e+01 1.622395e+01
    endloop
  endfacet
  facet normal 0.000000e+00 -1.950903e-01 9.807853e-01
    outer loop
      vertex   3.000000e+00 1.636547e+01 1.622395e+01
      vertex   5.000000e+00 1.636547e+01 1.622395e+01
      vertex   3.000000e+00 1.672469e+01 1.629541e+01
    endloop
  endfacet
  facet normal 0.000000e+00 -1.950903e-01 9.807853e-01
    outer loop
      vertex   3.000000e+00 1.672469e+01 1.629541e+01
      vertex   5.000000e+00 1.636547e+01 1.622395e+01
      vertex   5.000000e+00 1.672469e+01 1.629541e+01
    endloop
  endfacet
  facet normal 0.000000e+00 -3.214395e-01 9.469301e-01
    outer loop
      vertex   3.000000e+00 1.672469e+01 1.629541e+01
      vertex   5.000000e+00 1.672469e+01 1.629541e+01
      vertex   3.000000e+00 1.707151e+01 1.641314e+01
    endloop
  endfacet
  facet normal 0.000000e+00 -3.214395e-01 9.469301e-01
    outer loop
      vertex   3.000000e+00 1.707151e+01 1.641314e+01
      vertex   5.000000e+00 1.672469e+01 1.629541e+01
      vertex   5.000000e+00 1.707151e+01 1.641314e+01
    endloop
  endfacet
  facet normal 0.000000e+00 -4.422887e-01 8.968727e-01
    outer loop
      vertex   3.000000e+00 1.707151e+01 1.641314e+01
      vertex   5.000000e+00 1.707151e+01 1.641314e+01
      vertex   3.000000e+00 1.740000e+01 1.657513e+01
    endloop
  endfacet
  facet normal 0.000000e+00 -4.422887e-01 8.968727e-01
    outer loop
      vertex   3.000000e+00 1.740000e+01 1.657513e+01
      vertex   5.000000e+00 1.707151e+01 1.641314e+01
      vertex   5.000000e+00 1.740000e+01 1.657513e+01
    endloop
  endfacet
  facet normal 0.000000e+00 -5.555702e-01 8.314696e-01
    outer loop
      vertex   3.000000e+00 1.740000e+01 1.657513e+01
      vertex   5.000000e+00 1.740000e+01 1.657513e+01
      vertex   3.000000e+00 1.770453e+01 1.677861e+01
    endloop
  endfacet
  facet normal 0.000000e+00 -5.555702e-01 8.314696e-01
    outer loop
      vertex   3.000000e+00 1.770453e+01 1.677861e+01
      vertex   5.000000e+00 1.740000e+01 1.657513e+01
      vertex   5.000000e+00 1.770453e+01 1.677861e+01
    endloop
  endfacet
  facet normal 0.000000e+00 -6.593458e-01 7.518398e-01
    outer loop
      vertex   3.000000e+00 1.770453e+01 1.677861e+01
      vertex   5.000000e+00 1.770453e+01 1.677861e+01
      vertex   3.000000e+00 1.797990e+01 1.702010e+01
    endloop
  endfacet
  facet normal 0.000000e+00 -6.593458e-01 7.518398e-01
    outer loop
      vertex   3.000000e+00 1.797990e+01 1.702010e+01
      vertex   5.000000e+00 1.770453e+01 1.677861e+01
      vertex   5.000000e+00 1.797990e+01 1.702010e+01
    endloop
  endfacet
  facet normal 0.000000e+00 -7.518398e-01 6.593458e-01
    outer loop
      vertex   3.000000e+00 1.797990e+01 1.702010e+01
      vertex   5.000000e+00 1.797990e+01 1.702010e+01
      vertex   3.000000e+00 1.822139e+01 1.729547e+01
    endloop
  endfacet
  facet normal 0.000000e+00 -7.518398e-01 6.593458e-01
    outer loop
      vertex   3.000000e+00 1.822139e+01 1.729547e+01
      vertex   5.000000e+00 1.797990e+01 1.702010e+01
      vertex   5.000000e+00 1.822139e+01 1.729547e+01
    endloop
  endfacet
  facet normal 0.000000e+00 -8.314696e-01 5.555702e-01
    outer loop
      vertex   3.000000e+00 1.822139e+01 1.729547e+01
      vertex   5.000000e+00 1.822139e+01 1.729547e+01
      vertex   3.000000e+00 1.842487e+01 1.760000e+01
    endloop
  endfacet
  facet normal 0.000000e+00 -8.314696e-01 5.555702e-01
    outer loop
      vertex   3.000000e+00 1.842487e+01 1.760000e+01
      vertex   5.000000e+00 1.822139e+01 1.729547e+01
      vertex   5.000000e+00 1.842487e+01 1.760000e+01
    endloop
  endfacet
  facet normal 0.000000e+00 -8.968727e-01 4.422887e-01
    outer loop
      vertex   3.000000e+00 1.842487e+01 1.760000e+01
      vertex   5.000000e+00 1.842487e+01 1.760000e+01
      vertex   3.000000e+00 1.858686e+01 1.792849e+01
    endloop
  endfacet
  facet normal 0.000000e+00 -8.968727e-01 4.422887e-01
    outer loop
      vertex   3.000000e+00 1.858686e+01 1.792849e+01
      vertex   5.000000e+00 1.842487e+01 1.760000e+01
      vertex   5.000000e+00 1.858686e+01 1.792849e+01
    endloop
  endfacet
  facet normal 0.000000e+00 -9.469301e-01 3.214395e-01
    outer loop
      vertex   3.000000e+00 1.858686e+01 1.792849e+01
      vertex   5.000000e+00 1.858686e+01 1.792849e+01
      vertex   3.000000e+00 1.870459e+01 1.827531e+01
    endloop
  endfacet
  facet normal 0.000000e+00 -9.469301e-01 3.214395e-01
    outer loop
      vertex   3.000000e+00 1.870459e+01 1.827531e+01
      vertex   5.000000e+00 1.858686e+01 1.792849e+01
      vertex   5.000000e+00 1.870459e+01 1.827531e+01
    endloop
  endfacet
  facet normal 0.000000e+00 -9.807853e-01 1.950903e-01
    outer loop
      vertex   3.000000e+00 1.870459e+01 1.827531e+01
      vertex   5.000000e+00 1.870459e+01 1.827531e+01
      vertex   3.000000e+00 1.877605e+01 1.863453e+01
    endloop
  endfacet
  facet normal 0.000000e+00 -9.807853e-01 1.950903e-01
    outer loop
      vertex   3.000000e+00 1.877605e+01 1.863453e+01
      vertex   5.000000e+00 1.870459e+01 1.827531e+01
      vertex   5.000000e+00 1.877605e+01 1.863453e+01
    endloop
  endfacet
  facet normal 0.000000e+00 -9.978589e-01 6.540313e-02
    outer loop
      vertex   3.000000e+00 1.877605e+01 1.863453e+01
      vertex   5.000000e+00 1.877605e+01 1.863453e+01
      vertex   3.000000e+00 1.880000e+01 1.900000e+01
    endloop
  endfacet
  facet normal 0.000000e+00 -9.978589e-01 6.540313e-02
    outer loop
      vertex   3.000000e+00 1.880000e+01 1.900000e+01
      vertex   5.000000e+00 1.877605e+01 1.863453e+01
      vertex   5.000000e+00 1.880000e+01 1.900000e+01
    endloop
  endfacet
  facet normal 0.000000e+00 -9.978589e-01 -6.540313e-02
    outer loop
      vertex   3.000000e+00 1.880000e+01 1.900000e+01
      vertex   5.000000e+00 1.880000e+01 1.900000e+01
      vertex   3.000000e+00 1.877605e+01 1.936547e+01
    endloop
  endfacet
  facet normal 0.000000e+00 -9.978589e-01 -6.540313e-02
    outer loop
      vertex   3.000000e+00 1.877605e+01 1.936547e+01
      vertex   5.000000e+00 1.880000e+01 1.900000e+01
      vertex   5.000000e+00 1.877605e+01 1.936547e+01
    endloop
  endfacet
  facet normal 0.000000e+00 -9.807853e-01 -1.950903e-01
    outer loop
      vertex   3.000000e+00 1.877605e+01 1.936547e+01
      vertex   5.000000e+00 1.877605e+01 1.936547e+01
      vertex   3.000000e+00 1.870459e+01 1.972469e+01
    endloop
  endfacet
  facet normal 0.000000e+00 -9.807853e-01 -1.950903e-01
    outer loop
      vertex   3.000000e+00 1.870459e+01 1.972469e+01
      vertex   5.000000e+00 1.877605e+01 1.936547e+01
      vertex   5.000000e+00 1.870459e+01 1.972469e+01
    endloop
  endfacet
  facet normal 0.000000e+00 -9.469301e-01 -3.214395e-01
    outer loop
      vertex   3.000000e+00 1.870459e+01 1.972469e+01
      vertex   5.000000e+00 1.870459e+01 1.972469e+01
      vertex   3.000000e+00 1.858686e+01 2.007151e+01
    endloop
  endfacet
  facet normal 0.000000e+00 -9.469301e-01 -3.214395e-01
    outer loop
      vertex   3.000000e+00 1.858686e+01 2.007151e+01
      vertex   5.000000e+00 1.870459e+01 1.972469e+01
      vertex   5.000000e+00 1.858686e+01 2.007151e+01
    endloop
  endfacet
  facet normal 0.000000e+00 -8.968727e-01 -4.422887e-01
    outer loop
      vertex   3.000000e+00 1.858686e+01 2.007151e+01
      vertex   5.000000e+00 1.858686e+01 2.007151e+01
      vertex   3.000000e+00 1.842487e+01 2.040000e+01
    endloop
  endfacet
  facet normal 0.000000e+00 -8.968727e-01 -4.422887e-01
    outer loop
      vertex   3.000000e+00 1.842487e+01 2.040000e+01
      vertex   5.000000e+00 1.858686e+01 2.007151e+01
      vertex   5.000000e+00 1.842487e+01 2.040000e+01
    endloop
  endfacet
  facet normal 0.000000e+00 -8.314696e-01 -5.555702e-01
    outer loop
      vertex   3.000000e+00 1.842487e+01 2.040000e+01
      vertex   5.000000e+00 1.842487e+01 2.040000e+01
      vertex   3.000000e+00 1.822139e+01 2.070453e+01
    endloop
  endfacet
  facet normal 0.000000e+00 -8.314696e-01 -5.555702e-01
    outer loop
      vertex   3.000000e+00 1.822139e+01 2.070453e+01
      vertex   5.000000e+00 1.842487e+01 2.040000e+01
      vertex   5.000000e+00 1.822139e+01 2.070453e+01
    endloop
  endfacet
  facet normal 0.000000e+00 -7.518398e-01 -6.593458e-01
    outer loop
      vertex   3.000000e+00 1.822139e+01 2.070453e+01
      vertex   5.000000e+00 1.822139e+01 2.070453e+01
      vertex   3.000000e+00 1.797990e+01 2.097990e+01
    endloop
  endfacet
  facet normal 0.000000e+00 -7.518398e-01 -6.593458e-01
    outer loop
      vertex   3.000000e+00 1.797990e+01 2.097990e+01
      vertex   5.000000e+00 1.822139e+01 2.070453e+01
      vertex   5.000000e+00 1.797990e+01 2.097990e+01
    endloop
  endfacet
  facet normal 0.000000e+00 -6.593458e-01 -7.518398e-01
    outer loop
      vertex   3.000000e+00 1.797990e+01 2.097990e+01
      vertex   5.000000e+00 1.797990e+01 2.097990e+01
      vertex   3.000000e+00 1.770453e+01 2.122139e+01
    endloop
  endfacet
  facet normal 0.000000e+00 -6.593458e-01 -7.518398e-01
    outer loop
      vertex   3.000000e+00 1.770453e+01 2.122139e+01
      vertex   5.000000e+00 1.797990e+01 2.097990e+01
      vertex   5.000000e+00 1.770453e+01 2.122139e+01
    endloop
  endfacet
  facet normal 0.000000e+00 -5.555702e-01 -8.314696e-01
    outer loop
      vertex   3.000000e+00 1.770453e+01 2.122139e+01
      vertex   5.000000e+00 1.770453e+01 2.122139e+01
      vertex   3.000000e+00 1.740000e+01 2.142487e+01
    endloop
  endfacet
  facet normal 0.000000e+00 -5.555702e-01 -8.314696e-01
    outer loop
      vertex   3.000000e+00 1.740000e+01 2.142487e+01
      vertex   5.000000e+00 1.770453e+01 2.122139e+01
      vertex   5.000000e+00 1.740000e+01 2.142487e+01
    endloop
  endfacet
  facet normal 0.000000e+00 -4.422887e-01 -8.968727e-01
    outer loop
      vertex   3.000000e+00 1.740000e+01 2.142487e+01
      vertex   5.000000e+00 1.740000e+01 2.142487e+01
      vertex   3.000000e+00 1.707151e+01 2.158686e+01
    endloop
  endfacet
  facet normal 0.000000e+00 -4.422887e-01 -8.968727e-01
    outer loop
      vertex   3.000000e+00 1.707151e+01 2.158686e+01
      vertex   5.000000e+00 1.740000e+01 2.142487e+01
      vertex   5.000000e+00 1.707151e+01 2.158686e+01
    endloop
  endfacet
  facet normal 0.000000e+00 -3.214395e-01 -9.469301e-01
    outer loop
      vertex   3.000000e+00 1.707151e+01 2.158686e+01
      vertex   5.000000e+00 1.707151e+01 2.158686e+01
      vertex   3.000000e+00 1.672469e+01 2.170459e+01
    endloop
  endfacet
  facet normal 0.000000e+00 -3.214395e-01 -9.469301e-01
    outer loop
      vertex   3.000000e+00 1.672469e+01 2.170459e+01
      vertex   5.000000e+00 1.707151e+01 2.158686e+01
      vertex   5.000000e+00 1.672469e+01 2.170459e+01
    endloop
  endfacet
  facet normal 0.000000e+00 -1.950903e-01 -9.807853e-01
    outer loop
      vertex   3.000000e+00 1.672469e+01 2.170459e+01
      vertex   5.000000e+00 1.672469e+01 2.170459e+01
      vertex   3.000000e+00 1.636547e+01 2.177605e+01
    endloop
  endfacet
  facet normal 0.000000e+00 -1.950903e-01 -9.807853e-01
    outer loop
      vertex   3.000000e+00 1.636547e+01 2.177605e+01
      vertex   5.000000e+00 1.672469e+01 2.170459e+01
      vertex   5.000000e+00 1.636547e+01 2.177605e+01
    endloop
  endfacet
  facet normal 1.000000e+00 0.000000e+00 -0.000000e+00
    outer loop
      vertex   3.000000e+00 4.277837e+00 6.575692e+00
      vertex   3.000000e+00 4.365473e+00 7.776046e+00
      vertex   3.000000e+00 4.000000e+00 6.600000e+00
    endloop
  endfacet
  facet normal 1.000000e+00 0.000000e+00 -0.000000e+00
    outer loop
      vertex   3.000000e+00 4.000000e+00 6.600000e+00
      vertex   3.000000e+00 4.365473e+00 7.776046e+00
      vertex   3.000000e+00 4.000000e+00 7.800000e+00
    endloop
  endfacet
  facet normal 1.000000e+00 0.000000e+00 0.000000e+00
    outer loop
      vertex   3.000000e+00 4.000000e+00 6.600000e+00
      vertex   3.000000e+00 4.000000e+00 7.800000e+00
      vertex   3.000000e+00 3.634527e+00 7.776046e+00
    endloop
  endfacet
  facet normal 1.000000e+00 0.000000e+00 0.000000e+00
    outer loop
      vertex   3.000000e+00 4.365473e+00 7.776046e+00
      vertex   3.000000e+00 4.277837e+00 6.575692e+00
      vertex   3.000000e+00 4.724693e+00 7.704592e+00
    endloop
  endfacet
  facet normal 1.000000e+00 0.000000e+00 0.000000e+00
    outer loop
      vertex   3.000000e+00 4.724693e+00 7.704592e+00
      vertex   3.000000e+00 4.277837e+00 6.575692e+00
      vertex   3.000000e+00 4.547232e+00 6.503508e+00
    endloop
  endfacet
  facet normal 1.000000e+00 0.000000e+00 0.000000e+00
    outer loop
      vertex   3.000000e+00 4.724693e+00 7.704592e+00
      vertex   3.000000e+00 4.547232e+00 6.503508e+00
      vertex   3.000000e+00 5.071514e+00 7.586863e+00
    endloop
  endfacet
  facet normal 1.000000e+00 0.000000e+00 0.000000e+00
    outer loop
      vertex   3.000000e+00 5.071514e+00 7.586863e+00
      vertex   3.000000e+00 4.547232e+00 6.503508e+00
      vertex   3.000000e+00 4.800000e+00 6.385641e+00
    endloop
  endfacet
  facet normal 1.000000e+00 0.000000e+00 0.000000e+00
    outer loop
      vertex   3.000000e+00 5.071514e+00 7.586863e+00
      vertex   3.000000e+00 4.800000e+00 6.385641e+00
      vertex   3.000000e+00 5.400000e+00 7.424871e+00
    endloop
  endfacet
  facet normal 1.000000e+00 0.000000e+00 0.000000e+00
    outer loop
      vertex   3.000000e+00 5.400000e+00 7.424871e+00
      vertex   3.000000e+00 4.800000e+00 6.385641e+00
      vertex   3.000000e+00 5.704532e+00 7.221389e+00
    endloop
  endfacet
  facet normal 1.000000e+00 0.000000e+00 0.000000e+00
    outer loop
      vertex   3.000000e+00 5.704532e+00 7.221389e+00
      vertex   3.000000e+00 4.800000e+00 6.385641e+00
      vertex   3.000000e+00 5.028460e+00 6.225671e+00
    endloop
  endfacet
  facet normal 1.000000e+00 0.000000e+00 0.000000e+00
    outer loop
      vertex   3.000000e+00 5.704532e+00 7.221389e+00
      vertex   3.000000e+00 5.028460e+00 6.225671e+00
      vertex   3.000000e+00 5.979899e+00 6.979899e+00
    endloop
  endfacet
  facet normal 1.000000e+00 0.000000e+00 0.000000e+00
    outer loop
      vertex   3.000000e+00 5.979899e+00 6.979899e+00
      vertex   3.000000e+00 5.028460e+00 6.225671e+00
      vertex   3.000000e+00 5.225671e+00 6.028460e+00
    endloop
  endfacet
  facet normal 1.000000e+00 0.000000e+00 0.000000e+00
    outer loop
      vertex   3.000000e+00 5.979899e+00 6.979899e+00
      vertex   3.000000e+00 5.225671e+00 6.028460e+00
      vertex   3.000000e+00 6.221389e+00 6.704532e+00
    endloop
  endfacet
  facet normal 1.000000e+00 0.000000e+00 0.000000e+00
    outer loop
      vertex   3.000000e+00 6.221389e+00 6.704532e+00
      vertex   3.000000e+00 5.225671e+00 6.028460e+00
      vertex   3.000000e+00 5.385641e+00 5.800000e+00
    endloop
  endfacet
  facet normal 1.000000e+00 0.000000e+00 0.000000e+00
    outer loop
      vertex   3.000000e+00 6.221389e+00 6.704532e+00
      vertex   3.000000e+00 5.385641e+00 5.800000e+00
      vertex   3.000000e+00 6.424871e+00 6.400000e+00
    endloop
  endfacet
  facet normal 1.000000e+00 0.000000e+00 0.000000e+00
    outer loop
      vertex   3.000000e+00 6.424871e+00 6.400000e+00
      vertex   3.000000e+00 5.385641e+00 5.800000e+00
      vertex   3.000000e+00 6.586863e+00 6.071514e+00
    endloop
  endfacet
  facet normal 1.000000e+00 0.000000e+00 0.000000e+00
    outer loop
      vertex   3.000000e+00 6.586863e+00 6.071514e+00
      vertex   3.000000e+00 5.385641e+00 5.800000e+00
      vertex   3.000000e+00 5.503508e+00 5.547232e+00
    endloop
  endfacet
  facet normal 1.000000e+00 0.000000e+00 0.000000e+00
    outer loop
      vertex   3.000000e+00 6.586863e+00 6.071514e+00
      vertex   3.000000e+00 5.503508e+00 5.547232e+00
      vertex   3.000000e+00 6.704592e+00 5.724693e+00
    endloop
  endfacet
  facet normal 1.000000e+00 0.000000e+00 0.000000e+00
    outer loop
      vertex   3.000000e+00 6.704592e+00 5.724693e+00
      vertex   3.000000e+00 5.503508e+00 5.547232e+00
      vertex   3.000000e+00 5.575692e+00 5.277837e+00
    endloop
  endfacet
  facet normal 1.000000e+00 0.000000e+00 0.000000e+00
    outer loop
      vertex   3.000000e+00 6.704592e+00 5.724693e+00
      vertex   3.000000e+00 5.575692e+00 5.277837e+00
      vertex   3.000000e+00 6.776046e+00 5.365473e+00
    endloop
  endfacet
  facet normal 1.000000e+00 0.000000e+00 0.000000e+00
    outer loop
      vertex   3.000000e+00 6.776046e+00 5.365473e+00
      vertex   3.000000e+00 5.575692e+00 5.277837e+00
      vertex   3.000000e+00 5.600000e+00 5.000000e+00
    endloop
  endfacet
  facet normal 1.000000e+00 0.000000e+00 0.000000e+00
    outer loop
      vertex   3.000000e+00 6.776046e+00 5.365473e+00
      vertex   3.000000e+00 5.600000e+00 5.000000e+00
      vertex   3.000000e+00 6.800000e+00 5.000000e+00
    endloop
  endfacet
  facet normal 1.000000e+00 0.000000e+00 0.000000e+00
    outer loop
      vertex   3.000000e+00 6.800000e+00 5.000000e+00
      vertex   3.000000e+00 5.600000e+00 5.000000e+00
      vertex   3.000000e+00 6.776046e+00 4.634527e+00
    endloop
  endfacet
  facet normal 1.000000e+00 0.000000e+00 0.000000e+00
    outer loop
      vertex   3.000000e+00 6.776046e+00 4.634527e+00
      vertex   3.000000e+00 5.600000e+00 5.000000e+00
      vertex   3.000000e+00 5.575692e+00 4.722163e+00
    endloop
  endfacet
  facet normal 1.000000e+00 0.000000e+00 0.000000e+00
    outer loop
      vertex   3.000000e+00 6.776046e+00 4.634527e+00
      vertex   3.000000e+00 5.575692e+00 4.722163e+00
      vertex   3.000000e+00 6.704592e+00 4.275307e+00
    endloop
  endfacet
  facet normal 1.000000e+00 0.000000e+00 0.000000e+00
    outer loop
      vertex   3.000000e+00 6.704592e+00 4.275307e+00
      vertex   3.000000e+00 5.575692e+00 4.722163e+00
      vertex   3.000000e+00 5.503508e+00 4.452768e+00
    endloop
  endfacet
  facet normal 1.000000e+00 0.000000e+00 0.000000e+00
    outer loop
      vertex   3.000000e+00 6.704592e+00 4.275307e+00
      vertex   3.000000e+00 5.503508e+00 4.452768e+00
      vertex   3.000000e+00 6.586863e+00 3.928486e+00
    endloop
  endfacet
  facet normal 1.000000e+00 0.000000e+00 0.000000e+00
    outer loop
      vertex   3.000000e+00 6.586863e+00 3.928486e+00
      vertex   3.000000e+00 5.503508e+00 4.452768e+00
      vertex   3.000000e+00 5.385641e+00 4.200000e+00
    endloop
  endfacet
  facet normal 1.000000e+00 0.000000e+00 0.000000e+00
    outer loop
      vertex   3.000000e+00 6.586863e+00 3.928486e+00
      vertex   3.000000e+00 5.385641e+00 4.200000e+00
      vertex   3.000000e+00 6.424871e+00 3.600000e+00
    endloop
  endfacet
  facet normal 1.000000e+00 0.000000e+00 0.000000e+00
    outer loop
      vertex   3.000000e+00 6.424871e+00 3.600000e+00
      vertex   3.000000e+00 5.385641e+00 4.200000e+00
      vertex   3.000000e+00 6.221389e+00 3.295468e+00
    endloop
  endfacet
  facet normal 1.000000e+00 0.000000e+00 0.000000e+00
    outer loop
      vertex   3.000000e+00 6.221389e+00 3.295468e+00
      vertex   3.000000e+00 5.385641e+00 4.200000e+00
      vertex   3.000000e+00 5.225671e+00 3.971540e+00
    endloop
  endfacet
  facet normal 1.000000e+00 0.000000e+00 0.000000e+00
    outer loop
      vertex   3.000000e+00 6.221389e+00 3.295468e+00
      vertex   3.000000e+00 5.225671e+00 3.971540e+00
      vertex   3.000000e+00 5.979899e+00 3.020101e+00
    endloop
  endfacet
  facet normal 1.000000e+00 0.000000e+00 0.000000e+00
    outer loop
      vertex   3.000000e+00 5.979899e+00 3.020101e+00
      vertex   3.000000e+00 5.225671e+00 3.971540e+00
      vertex   3.000000e+00 5.028460e+00 3.774329e+00
    endloop
  endfacet
  facet normal 1.000000e+00 0.000000e+00 0.000000e+00
    outer loop
      vertex   3.000000e+00 5.979899e+00 3.020101e+00
      vertex   3.000000e+00 5.028460e+00 3.774329e+00
      vertex   3.000000e+00 5.704532e+00 2.778611e+00
    endloop
  endfacet
  facet normal 1.000000e+00 0.000000e+00 0.000000e+00
    outer loop
      vertex   3.000000e+00 5.704532e+00 2.778611e+00
      vertex   3.000000e+00 5.028460e+00 3.774329e+00
      vertex   3.000000e+00 4.800000e+00 3.614359e+00
    endloop
  endfacet
  facet normal 1.000000e+00 0.000000e+00 0.000000e+00
    outer loop
      vertex   3.000000e+00 5.704532e+00 2.778611e+00
      vertex   3.000000e+00 4.800000e+00 3.614359e+00
      vertex   3.000000e+00 5.400000e+00 2.575129e+00
    endloop
  endfacet
  facet normal 1.000000e+00 0.000000e+00 0.000000e+00
    outer loop
      vertex   3.000000e+00 5.400000e+00 2.575129e+00
      vertex   3.000000e+00 4.800000e+00 3.614359e+00
      vertex   3.000000e+00 5.071514e+00 2.413137e+00
    endloop
  endfacet
  facet normal 1.000000e+00 0.000000e+00 0.000000e+00
    outer loop
      vertex   3.000000e+00 5.071514e+00 2.413137e+00
      vertex   3.000000e+00 4.800000e+00 3.614359e+00
      vertex   3.000000e+00 4.547232e+00 3.496492e+00
    endloop
  endfacet
  facet normal 1.000000e+00 0.000000e+00 0.000000e+00
    outer loop
      vertex   3.000000e+00 5.071514e+00 2.413137e+00
      vertex   3.000000e+00 4.547232e+00 3.496492e+00
      vertex   3.000000e+00 4.724693e+00 2.295408e+00
    endloop
  endfacet
  facet normal 1.000000e+00 0.000000e+00 0.000000e+00
    outer loop
      vertex   3.000000e+00 4.724693e+00 2.295408e+00
      vertex   3.000000e+00 4.547232e+00 3.496492e+00
      vertex   3.000000e+00 4.277837e+00 3.424308e+00
    endloop
  endfacet
  facet normal 1.000000e+00 0.000000e+00 0.000000e+00
    outer loop
      vertex   3.000000e+00 4.724693e+00 2.295408e+00
      vertex   3.000000e+00 4.277837e+00 3.424308e+00
      vertex   3.000000e+00 4.365473e+00 2.223954e+00
    endloop
  endfacet
  facet normal 1.000000e+00 0.000000e+00 0.000000e+00
    outer loop
      vertex   3.000000e+00 4.365473e+00 2.223954e+00
      vertex   3.000000e+00 4.277837e+00 3.424308e+00
      vertex   3.000000e+00 4.000000e+00 3.400000e+00
    endloop
  endfacet
  facet normal 1.000000e+00 0.000000e+00 0.000000e+00
    outer loop
      vertex   3.000000e+00 4.365473e+00 2.223954e+00
      vertex   3.000000e+00 4.000000e+00 3.400000e+00
      vertex   3.000000e+00 4.000000e+00 2.200000e+00
    endloop
  endfacet
  facet normal 1.000000e+00 0.000000e+00 -0.000000e+00
    outer loop
      vertex   3.000000e+00 4.000000e+00 2.200000e+00
      vertex   3.000000e+00 4.000000e+00 3.400000e+00
      vertex   3.000000e+00 3.634527e+00 2.223954e+00
    endloop
  endfacet
  facet normal 1.000000e+00 0.000000e+00 0.000000e+00
    outer loop
      vertex   3.000000e+00 3.634527e+00 2.223954e+00
      vertex   3.000000e+00 4.000000e+00 3.400000e+00
      vertex   3.000000e+00 3.722163e+00 3.424308e+00
    endloop
  endfacet
  facet normal 1.000000e+00 0.000000e+00 -0.000000e+00
    outer loop
      vertex   3.000000e+00 3.634527e+00 2.223954e+00
      vertex   3.000000e+00 3.722163e+00 3.424308e+00
      vertex   3.000000e+00 3.275307e+00 2.295408e+00
    endloop
  endfacet
  facet normal 1.000000e+00 0.000000e+00 0.000000e+00
    outer loop
      vertex   3.000000e+00 3.275307e+00 2.295408e+00
      vertex   3.000000e+00 3.722163e+00 3.424308e+00
      vertex   3.000000e+00 3.452768e+00 3.496492e+00
    endloop
  endfacet
  facet normal 1.000000e+00 0.000000e+00 -0.000000e+00
    outer loop
      vertex   3.000000e+00 3.275307e+00 2.295408e+00
      vertex   3.000000e+00 3.452768e+00 3.496492e+00
      vertex   3.000000e+00 2.928486e+00 2.413137e+00
    endloop
  endfacet
  facet normal 1.000000e+00 0.000000e+00 0.000000e+00
    outer loop
      vertex   3.000000e+00 2.928486e+00 2.413137e+00
      vertex   3.000000e+00 3.452768e+00 3.496492e+00
      vertex   3.000000e+00 3.200000e+00 3.614359e+00
    endloop
  endfacet
  facet normal 1.000000e+00 0.000000e+00 -0.000000e+00
    outer loop
      vertex   3.000000e+00 2.928486e+00 2.413137e+00
      vertex   3.000000e+00 3.200000e+00 3.614359e+00
      vertex   3.000000e+00 2.600000e+00 2.575129e+00
    endloop
  endfacet
  facet normal 1.000000e+00 0.000000e+00 -0.000000e+00
    outer loop
      vertex   3.000000e+00 2.600000e+00 2.575129e+00
      vertex   3.000000e+00 3.200000e+00 3.614359e+00
      vertex   3.000000e+00 2.295468e+00 2.778611e+00
    endloop
  endfacet
  facet normal 1.000000e+00 0.000000e+00 0.000000e+00
    outer loop
      vertex   3.000000e+00 2.295468e+00 2.778611e+00
      vertex   3.000000e+00 3.200000e+00 3.614359e+00
      vertex   3.000000e+00 2.971540e+00 3.774329e+00
    endloop
  endfacet
  facet normal 1.000000e+00 0.000000e+00 -0.000000e+00
    outer loop
      vertex   3.000000e+00 2.295468e+00 2.778611e+00
      vertex   3.000000e+00 2.971540e+00 3.774329e+00
      vertex   3.000000e+00 2.020101e+00 3.020101e+00
    endloop
  endfacet
  facet normal 1.000000e+00 0.000000e+00 0.000000e+00
    outer loop
      vertex   3.000000e+00 2.020101e+00 3.020101e+00
      vertex   3.000000e+00 2.971540e+00 3.774329e+00
      vertex   3.000000e+00 2.774329e+00 3.971540e+00
    endloop
  endfacet
  facet normal 1.000000e+00 0.000000e+00 -0.000000e+00
    outer loop
      vertex   3.000000e+00 2.020101e+00 3.020101e+00
      vertex   3.000000e+00 2.774329e+00 3.971540e+00
      vertex   3.000000e+00 1.778611e+00 3.295468e+00
    endloop
  endfacet
  facet normal 1.000000e+00 0.000000e+00 0.000000e+00
    outer loop
      vertex   3.000000e+00 1.778611e+00 3.295468e+00
      vertex   3.000000e+00 2.774329e+00 3.971540e+00
      vertex   3.000000e+00 2.614359e+00 4.200000e+00
    endloop
  endfacet
  facet normal 1.000000e+00 0.000000e+00 -0.000000e+00
    outer loop
      vertex   3.000000e+00 1.778611e+00 3.295468e+00
      vertex   3.000000e+00 2.614359e+00 4.200000e+00
      vertex   3.000000e+00 1.575129e+00 3.600000e+00
    endloop
  endfacet
  facet normal 1.000000e+00 0.000000e+00 -0.000000e+00
    outer loop
      vertex   3.000000e+00 1.575129e+00 3.600000e+00
      vertex   3.000000e+00 2.614359e+00 4.200000e+00
      vertex   3.000000e+00 1.413137e+00 3.928486e+00
    endloop
  endfacet
  facet normal 1.000000e+00 0.000000e+00 0.000000e+00
    outer loop
      vertex   3.000000e+00 1.413137e+00 3.928486e+00
      vertex   3.000000e+00 2.614359e+00 4.200000e+00
      vertex   3.000000e+00 2.496492e+00 4.452768e+00
    endloop
  endfacet
  facet normal 1.000000e+00 0.000000e+00 -0.000000e+00
    outer loop
      vertex   3.000000e+00 1.413137e+00 3.928486e+00
      vertex   3.000000e+00 2.496492e+00 4.452768e+00
      vertex   3.000000e+00 1.295408e+00 4.275307e+00
    endloop
  endfacet
  facet normal 1.000000e+00 0.000000e+00 0.000000e+00
    outer loop
      vertex   3.000000e+00 1.295408e+00 4.275307e+00
      vertex   3.000000e+00 2.496492e+00 4.452768e+00
      vertex   3.000000e+00 2.424308e+00 4.722163e+00
    endloop
  endfacet
  facet normal 1.000000e+00 0.000000e+00 -0.000000e+00
    outer loop
      vertex   3.000000e+00 1.295408e+00 4.275307e+00
      vertex   3.000000e+00 2.424308e+00 4.722163e+00
      vertex   3.000000e+00 1.223954e+00 4.634527e+00
    endloop
  endfacet
  facet normal 1.000000e+00 0.000000e+00 0.000000e+00
    outer loop
      vertex   3.000000e+00 1.223954e+00 4.634527e+00
      vertex   3.000000e+00 2.424308e+00 4.722163e+00
      vertex   3.000000e+00 2.400000e+00 5.000000e+00
    endloop
  endfacet
  facet normal 1.000000e+00 0.000000e+00 -0.000000e+00
    outer loop
      vertex   3.000000e+00 1.223954e+00 4.634527e+00
      vertex   3.000000e+00 2.400000e+00 5.000000e+00
      vertex   3.000000e+00 1.200000e+00 5.000000e+00
    endloop
  endfacet
  facet normal 1.000000e+00 0.000000e+00 0.000000e+00
    outer loop
      vertex   3.000000e+00 1.200000e+00 5.000000e+00
      vertex   3.000000e+00 2.400000e+00 5.000000e+00
      vertex   3.000000e+00 1.223954e+00 5.365473e+00
    endloop
  endfacet
  facet normal 1.000000e+00 0.000000e+00 0.000000e+00
    outer loop
      vertex   3.000000e+00 1.223954e+00 5.365473e+00
      vertex   3.000000e+00 2.400000e+00 5.000000e+00
      vertex   3.000000e+00 2.424308e+00 5.277837e+00
    endloop
  endfacet
  facet normal 1.000000e+00 -0.000000e+00 0.000000e+00
    outer loop
      vertex   3.000000e+00 1.223954e+00 5.365473e+00
      vertex   3.000000e+00 2.424308e+00 5.277837e+00
      vertex   3.000000e+00 1.295408e+00 5.724693e+00
    endloop
  endfacet
  facet normal 1.000000e+00 0.000000e+00 0.000000e+00
    outer loop
      vertex   3.000000e+00 1.295408e+00 5.724693e+00
      vertex   3.000000e+00 2.424308e+00 5.277837e+00
      vertex   3.000000e+00 2.496492e+00 5.547232e+00
    endloop
  endfacet
  facet normal 1.000000e+00 -0.000000e+00 0.000000e+00
    outer loop
      vertex   3.000000e+00 1.295408e+00 5.724693e+00
      vertex   3.000000e+00 2.496492e+00 5.547232e+00
      vertex   3.000000e+00 1.413137e+00 6.071514e+00
    endloop
  endfacet
  facet normal 1.000000e+00 0.000000e+00 0.000000e+00
    outer loop
      vertex   3.000000e+00 1.413137e+00 6.071514e+00
      vertex   3.000000e+00 2.496492e+00 5.547232e+00
      vertex   3.000000e+00 2.614359e+00 5.800000e+00
    endloop
  endfacet
  facet normal 1.000000e+00 -0.000000e+00 0.000000e+00
    outer loop
      vertex   3.000000e+00 1.413137e+00 6.071514e+00
      vertex   3.000000e+00 2.614359e+00 5.800000e+00
      vertex   3.000000e+00 1.575129e+00 6.400000e+00
    endloop
  endfacet
  facet normal 1.000000e+00 -0.000000e+00 0.000000e+00
    outer loop
      vertex   3.000000e+00 1.575129e+00 6.400000e+00
      vertex   3.000000e+00 2.614359e+00 5.800000e+00
      vertex   3.000000e+00 1.778611e+00 6.704532e+00
    endloop
  endfacet
  facet normal 1.000000e+00 0.000000e+00 0.000000e+00
    outer loop
      vertex   3.000000e+00 1.778611e+00 6.704532e+00
      vertex   3.000000e+00 2.614359e+00 5.800000e+00
      vertex   3.000000e+00 2.774329e+00 6.028460e+00
    endloop
  endfacet
  facet normal 1.000000e+00 -0.000000e+00 0.000000e+00
    outer loop
      vertex   3.000000e+00 1.778611e+00 6.704532e+00
      vertex   3.000000e+00 2.774329e+00 6.028460e+00
      vertex   3.000000e+00 2.020101e+00 6.979899e+00
    endloop
  endfacet
  facet normal 1.000000e+00 0.000000e+00 0.000000e+00
    outer loop
      vertex   3.000000e+00 2.020101e+00 6.979899e+00
      vertex   3.000000e+00 2.774329e+00 6.028460e+00
      vertex   3.000000e+00 2.971540e+00 6.225671e+00
    endloop
  endfacet
  facet normal 1.000000e+00 -0.000000e+00 0.000000e+00
    outer loop
      vertex   3.000000e+00 2.020101e+00 6.979899e+00
      vertex   3.000000e+00 2.971540e+00 6.225671e+00
      vertex   3.000000e+00 2.295468e+00 7.221389e+00
    endloop
  endfacet
  facet normal 1.000000e+00 0.000000e+00 0.000000e+00
    outer loop
      vertex   3.000000e+00 2.295468e+00 7.221389e+00
      vertex   3.000000e+00 2.971540e+00 6.225671e+00
      vertex   3.000000e+00 3.200000e+00 6.385641e+00
    endloop
  endfacet
  facet normal 1.000000e+00 -0.000000e+00 0.000000e+00
    outer loop
      vertex   3.000000e+00 2.295468e+00 7.221389e+00
      vertex   3.000000e+00 3.200000e+00 6.385641e+00
      vertex   3.000000e+00 2.600000e+00 7.424871e+00
    endloop
  endfacet
  facet normal 1.000000e+00 -0.000000e+00 0.000000e+00
    outer loop
      vertex   3.000000e+00 2.600000e+00 7.424871e+00
      vertex   3.000000e+00 3.200000e+00 6.385641e+00
      vertex   3.000000e+00 2.928486e+00 7.586863e+00
    endloop
  endfacet
  facet normal 1.000000e+00 0.000000e+00 0.000000e+00
    outer loop
      vertex   3.000000e+00 2.928486e+00 7.586863e+00
      vertex   3.000000e+00 3.200000e+00 6.385641e+00
      vertex   3.000000e+00 3.452768e+00 6.503508e+00
    endloop
  endfacet
  facet normal 1.000000e+00 -0.000000e+00 0.000000e+00
    outer loop
      vertex   3.000000e+00 2.928486e+00 7.586863e+00
      vertex   3.000000e+00 3.452768e+00 6.503508e+00
      vertex   3.000000e+00 3.275307e+00 7.704592e+00
    endloop
  endfacet
  facet normal 1.000000e+00 0.000000e+00 0.000000e+00
    outer loop
      vertex   3.000000e+00 3.275307e+00 7.704592e+00
      vertex   3.000000e+00 3.452768e+00 6.503508e+00
      vertex   3.000000e+00 3.722163e+00 6.575692e+00
    endloop
  endfacet
  facet normal 1.000000e+00 -0.000000e+00 0.000000e+00
    outer loop
      vertex   3.000000e+00 3.275307e+00 7.704592e+00
      vertex   3.000000e+00 3.722163e+00 6.575692e+00
      vertex   3.000000e+00 3.634527e+00 7.776046e+00
    endloop
  endfacet
  facet normal 1.000000e+00 0.000000e+00 0.000000e+00
    outer loop
      vertex   3.000000e+00 3.634527e+00 7.776046e+00
      vertex   3.000000e+00 3.722163e+00 6.575692e+00
      vertex   3.000000e+00 4.000000e+00 6.600000e+00
    endloop
  endfacet
  facet normal 0.000000e+00 -6.540313e-02 -9.978589e-01
    outer loop
      vertex   3.000000e+00 4.365473e+00 7.776046e+00
      vertex   5.000000e+00 4.365473e+00 7.776046e+00
      vertex   3.000000e+00 4.000000e+00 7.800000e+00
    endloop
  endfacet
  facet normal 0.000000e+00 -6.540313e-02 -9.978589e-01
    outer loop
      vertex   3.000000e+00 4.000000e+00 7.800000e+00
      vertex   5.000000e+00 4.365473e+00 7.776046e+00
      vertex   5.000000e+00 4.000000e+00 7.800000e+00
    endloop
  endfacet
  facet normal 0.000000e+00 6.540313e-02 -9.978589e-01
    outer loop
      vertex   3.000000e+00 4.000000e+00 7.800000e+00
      vertex   5.000000e+00 4.000000e+00 7.800000e+00
      vertex   3.000000e+00 3.634527e+00 7.776046e+00
    endloop
  endfacet
  facet normal 0.000000e+00 6.540313e-02 -9.978589e-01
    outer loop
      vertex   3.000000e+00 3.634527e+00 7.776046e+00
      vertex   5.000000e+00 4.000000e+00 7.800000e+00
      vertex   5.000000e+00 3.634527e+00 7.776046e+00
    endloop
  endfacet
  facet normal 0.000000e+00 1.950903e-01 -9.807853e-01
    outer loop
      vertex   3.000000e+00 3.634527e+00 7.776046e+00
      vertex   5.000000e+00 3.634527e+00 7.776046e+00
      vertex   3.000000e+00 3.275307e+00 7.704592e+00
    endloop
  endfacet
  facet normal 0.000000e+00 1.950903e-01 -9.807853e-01
    outer loop
      vertex   3.000000e+00 3.275307e+00 7.704592e+00
      vertex   5.000000e+00 3.634527e+00 7.776046e+00
      vertex   5.000000e+00 3.275307e+00 7.704592e+00
    endloop
  endfacet
  facet normal 0.000000e+00 3.214395e-01 -9.469301e-01
    outer loop
      vertex   3.000000e+00 3.275307e+00 7.704592e+00
      vertex   5.000000e+00 3.275307e+00 7.704592e+00
      vertex   3.000000e+00 2.928486e+00 7.586863e+00
    endloop
  endfacet
  facet normal 0.000000e+00 3.214395e-01 -9.469301e-01
    outer loop
      vertex   3.000000e+00 2.928486e+00 7.586863e+00
      vertex   5.000000e+00 3.275307e+00 7.704592e+00
      vertex   5.000000e+00 2.928486e+00 7.586863e+00
    endloop
  endfacet
  facet normal 0.000000e+00 4.422887e-01 -8.968727e-01
    outer loop
      vertex   3.000000e+00 2.928486e+00 7.586863e+00
      vertex   5.000000e+00 2.928486e+00 7.586863e+00
      vertex   3.000000e+00 2.600000e+00 7.424871e+00
    endloop
  endfacet
  facet normal 0.000000e+00 4.422887e-01 -8.968727e-01
    outer loop
      vertex   3.000000e+00 2.600000e+00 7.424871e+00
      vertex   5.000000e+00 2.928486e+00 7.586863e+00
      vertex   5.000000e+00 2.600000e+00 7.424871e+00
    endloop
  endfacet
  facet normal 0.000000e+00 5.555702e-01 -8.314696e-01
    outer loop
      vertex   3.000000e+00 2.600000e+00 7.424871e+00
      vertex   5.000000e+00 2.600000e+00 7.424871e+00
      vertex   3.000000e+00 2.295468e+00 7.221389e+00
    endloop
  endfacet
  facet normal 0.000000e+00 5.555702e-01 -8.314696e-01
    outer loop
      vertex   3.000000e+00 2.295468e+00 7.221389e+00
      vertex   5.000000e+00 2.600000e+00 7.424871e+00
      vertex   5.000000e+00 2.295468e+00 7.221389e+00
    endloop
  endfacet
  facet normal 0.000000e+00 6.593458e-01 -7.518398e-01
    outer loop
      vertex   3.000000e+00 2.295468e+00 7.221389e+00
      vertex   5.000000e+00 2.295468e+00 7.221389e+00
      vertex   3.000000e+00 2.020101e+00 6.979899e+00
    endloop
  endfacet
  facet normal 0.000000e+00 6.593458e-01 -7.518398e-01
    outer loop
      vertex   3.000000e+00 2.020101e+00 6.979899e+00
      vertex   5.000000e+00 2.295468e+00 7.221389e+00
      vertex   5.000000e+00 2.020101e+00 6.979899e+00
    endloop
  endfacet
  facet normal 0.000000e+00 7.518398e-01 -6.593458e-01
    outer loop
      vertex   3.000000e+00 2.020101e+00 6.979899e+00
      vertex   5.000000e+00 2.020101e+00 6.979899e+00
      vertex   3.000000e+00 1.778611e+00 6.704532e+00
    endloop
  endfacet
  facet normal 0.000000e+00 7.518398e-01 -6.593458e-01
    outer loop
      vertex   3.000000e+00 1.778611e+00 6.704532e+00
      vertex   5.000000e+00 2.020101e+00 6.979899e+00
      vertex   5.000000e+00 1.778611e+00 6.704532e+00
    endloop
  endfacet
  facet normal 0.000000e+00 8.314696e-01 -5.555702e-01
    outer loop
      vertex   3.000000e+00 1.778611e+00 6.704532e+00
      vertex   5.000000e+00 1.778611e+00 6.704532e+00
      vertex   3.000000e+00 1.575129e+00 6.400000e+00
    endloop
  endfacet
  facet normal 0.000000e+00 8.314696e-01 -5.555702e-01
    outer loop
      vertex   3.000000e+00 1.575129e+00 6.400000e+00
      vertex   5.000000e+00 1.778611e+00 6.704532e+00
      vertex   5.000000e+00 1.575129e+00 6.400000e+00
    endloop
  endfacet
  facet normal 0.000000e+00 8.968727e-01 -4.422887e-01
    outer loop
      vertex   3.000000e+00 1.575129e+00 6.400000e+00
      vertex   5.000000e+00 1.575129e+00 6.400000e+00
      vertex   3.000000e+00 1.413137e+00 6.071514e+00
    endloop
  endfacet
  facet normal 0.000000e+00 8.968727e-01 -4.422887e-01
    outer loop
      vertex   3.000000e+00 1.413137e+00 6.071514e+00
      vertex   5.000000e+00 1.575129e+00 6.400000e+00
      vertex   5.000000e+00 1.413137e+00 6.071514e+00
    endloop
  endfacet
  facet normal 0.000000e+00 9.469301e-01 -3.214395e-01
    outer loop
      vertex   3.000000e+00 1.413137e+00 6.071514e+00
      vertex   5.000000e+00 1.413137e+00 6.071514e+00
      vertex   3.000000e+00 1.295408e+00 5.724693e+00
    endloop
  endfacet
  facet normal 0.000000e+00 9.469301e-01 -3.214395e-01
    outer loop
      vertex   3.000000e+00 1.295408e+00 5.724693e+00
      vertex   5.000000e+00 1.413137e+00 6.071514e+00
      vertex   5.000000e+00 1.295408e+00 5.724693e+00
    endloop
  endfacet
  facet normal 0.000000e+00 9.807853e-01 -1.950903e-01
    outer loop
      vertex   3.000000e+00 1.295408e+00 5.724693e+00
      vertex   5.000000e+00 1.295408e+00 5.724693e+00
      vertex   3.000000e+00 1.223954e+00 5.365473e+00
    endloop
  endfacet
  facet normal 0.000000e+00 9.807853e-01 -1.950903e-01
    outer loop
      vertex   3.000000e+00 1.223954e+00 5.365473e+00
      vertex   5.000000e+00 1.295408e+00 5.724693e+00
      vertex   5.000000e+00 1.223954e+00 5.365473e+00
    endloop
  endfacet
  facet normal 0.000000e+00 9.978589e-01 -6.540313e-02
    outer loop
      vertex   3.000000e+00 1.223954e+00 5.365473e+00
      vertex   5.000000e+00 1.223954e+00 5.365473e+00
      vertex   3.000000e+00 1.200000e+00 5.000000e+00
    endloop
  endfacet
  facet normal 0.000000e+00 9.978589e-01 -6.540313e-02
    outer loop
      vertex   3.000000e+00 1.200000e+00 5.000000e+00
      vertex   5.000000e+00 1.223954e+00 5.365473e+00
      vertex   5.000000e+00 1.200000e+00 5.000000e+00
    endloop
  endfacet
  facet normal -0.000000e+00 9.978589e-01 6.540313e-02
    outer loop
      vertex   3.000000e+00 1.200000e+00 5.000000e+00
      vertex   5.000000e+00 1.200000e+00 5.000000e+00
      vertex   3.000000e+00 1.223954e+00 4.634527e+00
    endloop
  endfacet
  facet normal -0.000000e+00 9.978589e-01 6.540313e-02
    outer loop
      vertex   3.000000e+00 1.223954e+00 4.634527e+00
      vertex   5.000000e+00 1.200000e+00 5.000000e+00
      vertex   5.000000e+00 1.223954e+00 4.634527e+00
    endloop
  endfacet
  facet normal -0.000000e+00 9.807853e-01 1.950903e-01
    outer loop
      vertex   3.000000e+00 1.223954e+00 4.634527e+00
      vertex   5.000000e+00 1.223954e+00 4.634527e+00
      vertex   3.000000e+00 1.295408e+00 4.275307e+00
    endloop
  endfacet
  facet normal -0.000000e+00 9.807853e-01 1.950903e-01
    outer loop
      vertex   3.000000e+00 1.295408e+00 4.275307e+00
      vertex   5.000000e+00 1.223954e+00 4.634527e+00
      vertex   5.000000e+00 1.295408e+00 4.275307e+00
    endloop
  endfacet
  facet normal -0.000000e+00 9.469301e-01 3.214395e-01
    outer loop
      vertex   3.000000e+00 1.295408e+00 4.275307e+00
      vertex   5.000000e+00 1.295408e+00 4.275307e+00
      vertex   3.000000e+00 1.413137e+00 3.928486e+00
    endloop
  endfacet
  facet normal -0.000000e+00 9.469301e-01 3.214395e-01
    outer loop
      vertex   3.000000e+00 1.413137e+00 3.928486e+00
      vertex   5.000000e+00 1.295408e+00 4.275307e+00
      vertex   5.000000e+00 1.413137e+00 3.928486e+00
    endloop
  endfacet
  facet normal -0.000000e+00 8.968727e-01 4.422887e-01
    outer loop
      vertex   3.000000e+00 1.413137e+00 3.928486e+00
      vertex   5.000000e+00 1.413137e+00 3.928486e+00
      vertex   3.000000e+00 1.575129e+00 3.600000e+00
    endloop
  endfacet
  facet normal -0.000000e+00 8.968727e-01 4.422887e-01
    outer loop
      vertex   3.000000e+00 1.575129e+00 3.600000e+00
      vertex   5.000000e+00 1.413137e+00 3.928486e+00
      vertex   5.000000e+00 1.575129e+00 3.600000e+00
    endloop
  endfacet
  facet normal -0.000000e+00 8.314696e-01 5.555702e-01
    outer loop
      vertex   3.000000e+00 1.575129e+00 3.600000e+00
      vertex   5.000000e+00 1.575129e+00 3.600000e+00
      vertex   3.000000e+00 1.778611e+00 3.295468e+00
    endloop
  endfacet
  facet normal -0.000000e+00 8.314696e-01 5.555702e-01
    outer loop
      vertex   3.000000e+00 1.778611e+00 3.295468e+00
      vertex   5.000000e+00 1.575129e+00 3.600000e+00
      vertex   5.000000e+00 1.778611e+00 3.295468e+00
    endloop
  endfacet
  facet normal -0.000000e+00 7.518398e-01 6.593458e-01
    outer loop
      vertex   3.000000e+00 1.778611e+00 3.295468e+00
      vertex   5.000000e+00 1.778611e+00 3.295468e+00
      vertex   3.000000e+00 2.020101e+00 3.020101e+00
    endloop
  endfacet
  facet normal -0.000000e+00 7.518398e-01 6.593458e-01
    outer loop
      vertex   3.000000e+00 2.020101e+00 3.020101e+00
      vertex   5.000000e+00 1.778611e+00 3.295468e+00
      vertex   5.000000e+00 2.020101e+00 3.020101e+00
    endloop
  endfacet
  facet normal -0.000000e+00 6.593458e-01 7.518398e-01
    outer loop
      vertex   3.000000e+00 2.020101e+00 3.020101e+00
      vertex   5.000000e+00 2.020101e+00 3.020101e+00
      vertex   3.000000e+00 2.295468e+00 2.778611e+00
    endloop
  endfacet
  facet normal -0.000000e+00 6.593458e-01 7.518398e-01
    outer loop
      vertex   3.000000e+00 2.295468e+00 2.778611e+00
      vertex   5.000000e+00 2.020101e+00 3.020101e+00
      vertex   5.000000e+00 2.295468e+00 2.778611e+00
    endloop
  endfacet
  facet normal -0.000000e+00 5.555702e-01 8.314696e-01
    outer loop
      vertex   3.000000e+00 2.295468e+00 2.778611e+00
      vertex   5.000000e+00 2.295468e+00 2.778611e+00
      vertex   3.000000e+00 2.600000e+00 2.575129e+00
    endloop
  endfacet
  facet normal -0.000000e+00 5.555702e-01 8.314696e-01
    outer loop
      vertex   3.000000e+00 2.600000e+00 2.575129e+00
      vertex   5.000000e+00 2.295468e+00 2.778611e+00
      vertex   5.000000e+00 2.600000e+00 2.575129e+00
    endloop
  endfacet
  facet normal -0.000000e+00 4.422887e-01 8.968727e-01
    outer loop
      vertex   3.000000e+00 2.600000e+00 2.575129e+00
      vertex   5.000000e+00 2.600000e+00 2.575129e+00
      vertex   3.000000e+00 2.928486e+00 2.413137e+00
    endloop
  endfacet
  facet normal -0.000000e+00 4.422887e-01 8.968727e-01
    outer loop
      vertex   3.000000e+00 2.928486e+00 2.413137e+00
      vertex   5.000000e+00 2.600000e+00 2.575129e+00
      vertex   5.000000e+00 2.928486e+00 2.413137e+00
    endloop
  endfacet
  facet normal -0.000000e+00 3.214395e-01 9.469301e-01
    outer loop
      vertex   3.000000e+00 2.928486e+00 2.413137e+00
      vertex   5.000000e+00 2.928486e+00 2.413137e+00
      vertex   3.000000e+00 3.275307e+00 2.295408e+00
    endloop
  endfacet
  facet normal -0.000000e+00 3.214395e-01 9.469301e-01
    outer loop
      vertex   3.000000e+00 3.275307e+00 2.295408e+00
      vertex   5.000000e+00 2.928486e+00 2.413137e+00
      vertex   5.000000e+00 3.275307e+00 2.295408e+00
    endloop
  endfacet
  facet normal -0.000000e+00 1.950903e-01 9.807853e-01
    outer loop
      vertex   3.000000e+00 3.275307e+00 2.295408e+00
      vertex   5.000000e+00 3.275307e+00 2.295408e+00
      vertex   3.000000e+00 3.634527e+00 2.223954e+00
    endloop
  endfacet
  facet normal -0.000000e+00 1.950903e-01 9.807853e-01
    outer loop
      vertex   3.000000e+00 3.634527e+00 2.223954e+00
      vertex   5.000000e+00 3.275307e+00 2.295408e+00
      vertex   5.000000e+00 3.634527e+00 2.223954e+00
    endloop
  endfacet
  facet normal -0.000000e+00 6.540313e-02 9.978589e-01
    outer loop
      vertex   3.000000e+00 3.634527e+00 2.223954e+00
      vertex   5.000000e+00 3.634527e+00 2.223954e+00
      vertex   3.000000e+00 4.000000e+00 2.200000e+00
    endloop
  endfacet
  facet normal -0.000000e+00 6.540313e-02 9.978589e-01
    outer loop
      vertex   3.000000e+00 4.000000e+00 2.200000e+00
      vertex   5.000000e+00 3.634527e+00 2.223954e+00
      vertex   5.000000e+00 4.000000e+00 2.200000e+00
    endloop
  endfacet
  facet normal 0.000000e+00 -6.540313e-02 9.978589e-01
    outer loop
      vertex   3.000000e+00 4.000000e+00 2.200000e+00
      vertex   5.000000e+00 4.000000e+00 2.200000e+00
      vertex   3.000000e+00 4.365473e+00 2.223954e+00
    endloop
  endfacet
  facet normal 0.000000e+00 -6.540313e-02 9.978589e-01
    outer loop
      vertex   3.000000e+00 4.365473e+00 2.223954e+00
      vertex   5.000000e+00 4.000000e+00 2.200000e+00
      vertex   5.000000e+00 4.365473e+00 2.223954e+00
    endloop
  endfacet
  facet normal 0.000000e+00 -1.950903e-01 9.807853e-01
    outer loop
      vertex   3.000000e+00 4.365473e+00 2.223954e+00
      vertex   5.000000e+00 4.365473e+00 2.223954e+00
      vertex   3.000000e+00 4.724693e+00 2.295408e+00
    endloop
  endfacet
  facet normal 0.000000e+00 -1.950903e-01 9.807853e-01
    outer loop
      vertex   3.000000e+00 4.724693e+00 2.295408e+00
      vertex   5.000000e+00 4.365473e+00 2.223954e+00
      vertex   5.000000e+00 4.724693e+00 2.295408e+00
    endloop
  endfacet
  facet normal 0.000000e+00 -3.214395e-01 9.469301e-01
    outer loop
      vertex   3.000000e+00 4.724693e+00 2.295408e+00
      vertex   5.000000e+00 4.724693e+00 2.295408e+00
      vertex   3.000000e+00 5.071514e+00 2.413137e+00
    endloop
  endfacet
  facet normal 0.000000e+00 -3.214395e-01 9.469301e-01
    outer loop
      vertex   3.000000e+00 5.071514e+00 2.413137e+00
      vertex   5.000000e+00 4.724693e+00 2.295408e+00
      vertex   5.000000e+00 5.071514e+00 2.413137e+00
    endloop
  endfacet
  facet normal 0.000000e+00 -4.422887e-01 8.968727e-01
    outer loop
      vertex   3.000000e+00 5.071514e+00 2.413137e+00
      vertex   5.000000e+00 5.071514e+00 2.413137e+00
      vertex   3.000000e+00 5.400000e+00 2.575129e+00
    endloop
  endfacet
  facet normal 0.000000e+00 -4.422887e-01 8.968727e-01
    outer loop
      vertex   3.000000e+00 5.400000e+00 2.575129e+00
      vertex   5.000000e+00 5.071514e+00 2.413137e+00
      vertex   5.000000e+00 5.400000e+00 2.575129e+00
    endloop
  endfacet
  facet normal 0.000000e+00 -5.555702e-01 8.314696e-01
    outer loop
      vertex   3.000000e+00 5.400000e+00 2.575129e+00
      vertex   5.000000e+00 5.400000e+00 2.575129e+00
      vertex   3.000000e+00 5.704532e+00 2.778611e+00
    endloop
  endfacet
  facet normal 0.000000e+00 -5.555702e-01 8.314696e-01
    outer loop
      vertex   3.000000e+00 5.704532e+00 2.778611e+00
      vertex   5.000000e+00 5.400000e+00 2.575129e+00
      vertex   5.000000e+00 5.704532e+00 2.778611e+00
    endloop
  endfacet
  facet normal 0.000000e+00 -6.593458e-01 7.518398e-01
    outer loop
      vertex   3.000000e+00 5.704532e+00 2.778611e+00
      vertex   5.000000e+00 5.704532e+00 2.778611e+00
      vertex   3.000000e+00 5.979899e+00 3.020101e+00
    endloop
  endfacet
  facet normal 0.000000e+00 -6.593458e-01 7.518398e-01
    outer loop
      vertex   3.000000e+00 5.979899e+00 3.020101e+00
      vertex   5.000000e+00 5.704532e+00 2.778611e+00
      vertex   5.000000e+00 5.979899e+00 3.020101e+00
    endloop
  endfacet
  facet normal 0.000000e+00 -7.518398e-01 6.593458e-01
    outer loop
      vertex   3.000000e+00 5.979899e+00 3.020101e+00
      vertex   5.000000e+00 5.979899e+00 3.020101e+00
      vertex   3.000000e+00 6.221389e+00 3.295468e+00
    endloop
  endfacet
  facet normal 0.000000e+00 -7.518398e-01 6.593458e-01
    outer loop
      vertex   3.000000e+00 6.221389e+00 3.295468e+00
      vertex   5.000000e+00 5.979899e+00 3.020101e+00
      vertex   5.000000e+00 6.221389e+00 3.295468e+00
    endloop
  endfacet
  facet normal 0.000000e+00 -8.314696e-01 5.555702e-01
    outer loop
      vertex   3.000000e+00 6.221389e+00 3.295468e+00
      vertex   5.000000e+00 6.221389e+00 3.295468e+00
      vertex   3.000000e+00 6.424871e+00 3.600000e+00
    endloop
  endfacet
  facet normal 0.000000e+00 -8.314696e-01 5.555702e-01
    outer loop
      vertex   3.000000e+00 6.424871e+00 3.600000e+00
      vertex   5.000000e+00 6.221389e+00 3.295468e+00
      vertex   5.000000e+00 6.424871e+00 3.600000e+00
    endloop
  endfacet
  facet normal 0.000000e+00 -8.968727e-01 4.422887e-01
    outer loop
      vertex   3.000000e+00 6.424871e+00 3.600000e+00
      vertex   5.000000e+00 6.424871e+00 3.600000e+00
      vertex   3.000000e+00 6.586863e+00 3.928486e+00
    endloop
  endfacet
  facet normal 0.000000e+00 -8.968727e-01 4.422887e-01
    outer loop
      vertex   3.000000e+00 6.586863e+00 3.928486e+00
      vertex   5.000000e+00 6.424871e+00 3.600000e+00
      vertex   5.000000e+00 6.586863e+00 3.928486e+00
    endloop
  endfacet
  facet normal 0.000000e+00 -9.469301e-01 3.214395e-01
    outer loop
      vertex   3.000000e+00 6.586863e+00 3.928486e+00
      vertex   5.000000e+00 6.586863e+00 3.928486e+00
      vertex   3.000000e+00 6.704592e+00 4.275307e+00
    endloop
  endfacet
  facet normal 0.000000e+00 -9.469301e-01 3.214395e-01
    outer loop
      vertex   3.000000e+00 6.704592e+00 4.275307e+00
      vertex   5.000000e+00 6.586863e+00 3.928486e+00
      vertex   5.000000e+00 6.704592e+00 4.275307e+00
    endloop
  endfacet
  facet normal 0.000000e+00 -9.807853e-01 1.950903e-01
    outer loop
      vertex   3.000000e+00 6.704592e+00 4.275307e+00
      vertex   5.000000e+00 6.704592e+00 4.275307e+00
      vertex   3.000000e+00 6.776046e+00 4.634527e+00
    endloop
  endfacet
  facet normal 0.000000e+00 -9.807853e-01 1.950903e-01
    outer loop
      vertex   3.000000e+00 6.776046e+00 4.634527e+00
      vertex   5.000000e+00 6.704592e+00 4.275307e+00
      vertex   5.000000e+00 6.776046e+00 4.634527e+00
    endloop
  endfacet
  facet normal 0.000000e+00 -9.978589e-01 6.540313e-02
    outer loop
      vertex   3.000000e+00 6.776046e+00 4.634527e+00
      vertex   5.000000e+00 6.776046e+00 4.634527e+00
      vertex   3.000000e+00 6.800000e+00 5.000000e+00
    endloop
  endfacet
  facet normal 0.000000e+00 -9.978589e-01 6.540313e-02
    outer loop
      vertex   3.000000e+00 6.800000e+00 5.000000e+00
      vertex   5.000000e+00 6.776046e+00 4.634527e+00
      vertex   5.000000e+00 6.800000e+00 5.000000e+00
    endloop
  endfacet
  facet normal 0.000000e+00 -9.978589e-01 -6.540313e-02
    outer loop
      vertex   3.000000e+00 6.800000e+00 5.000000e+00
      vertex   5.000000e+00 6.800000e+00 5.000000e+00
      vertex   3.000000e+00 6.776046e+00 5.365473e+00
    endloop
  endfacet
  facet normal 0.000000e+00 -9.978589e-01 -6.540313e-02
    outer loop
      vertex   3.000000e+00 6.776046e+00 5.365473e+00
      vertex   5.000000e+00 6.800000e+00 5.000000e+00
      vertex   5.000000e+00 6.776046e+00 5.365473e+00
    endloop
  endfacet
  facet normal 0.000000e+00 -9.807853e-01 -1.950903e-01
    outer loop
      vertex   3.000000e+00 6.776046e+00 5.365473e+00
      vertex   5.000000e+00 6.776046e+00 5.365473e+00
      vertex   3.000000e+00 6.704592e+00 5.724693e+00
    endloop
  endfacet
  facet normal 0.000000e+00 -9.807853e-01 -1.950903e-01
    outer loop
      vertex   3.000000e+00 6.704592e+00 5.724693e+00
      vertex   5.000000e+00 6.776046e+00 5.365473e+00
      vertex   5.000000e+00 6.704592e+00 5.724693e+00
    endloop
  endfacet
  facet normal 0.000000e+00 -9.469301e-01 -3.214395e-01
    outer loop
      vertex   3.000000e+00 6.704592e+00 5.724693e+00
      vertex   5.000000e+00 6.704592e+00 5.724693e+00
      vertex   3.000000e+00 6.586863e+00 6.071514e+00
    endloop
  endfacet
  facet normal 0.000000e+00 -9.469301e-01 -3.214395e-01
    outer loop
      vertex   3.000000e+00 6.586863e+00 6.071514e+00
      vertex   5.000000e+00 6.704592e+00 5.724693e+00
      vertex   5.000000e+00 6.586863e+00 6.071514e+00
    endloop
  endfacet
  facet normal 0.000000e+00 -8.968727e-01 -4.422887e-01
    outer loop
      vertex   3.000000e+00 6.586863e+00 6.071514e+00
      vertex   5.000000e+00 6.586863e+00 6.071514e+00
      vertex   3.000000e+00 6.424871e+00 6.400000e+00
    endloop
  endfacet
  facet normal 0.000000e+00 -8.968727e-01 -4.422887e-01
    outer loop
      vertex   3.000000e+00 6.424871e+00 6.400000e+00
      vertex   5.000000e+00 6.586863e+00 6.071514e+00
      vertex   5.000000e+00 6.424871e+00 6.400000e+00
    endloop
  endfacet
  facet normal 0.000000e+00 -8.314696e-01 -5.555702e-01
    outer loop
      vertex   3.000000e+00 6.424871e+00 6.400000e+00
      vertex   5.000000e+00 6.424871e+00 6.400000e+00
      vertex   3.000000e+00 6.221389e+00 6.704532e+00
    endloop
  endfacet
  facet normal 0.000000e+00 -8.314696e-01 -5.555702e-01
    outer loop
      vertex   3.000000e+00 6.221389e+00 6.704532e+00
      vertex   5.000000e+00 6.424871e+00 6.400000e+00
      vertex   5.000000e+00 6.221389e+00 6.704532e+00
    endloop
  endfacet
  facet normal 0.000000e+00 -7.518398e-01 -6.593458e-01
    outer loop
      vertex   3.000000e+00 6.221389e+00 6.704532e+00
      vertex   5.000000e+00 6.221389e+00 6.704532e+00
      vertex   3.000000e+00 5.979899e+00 6.979899e+00
    endloop
  endfacet
  facet normal 0.000000e+00 -7.518398e-01 -6.593458e-01
    outer loop
      vertex   3.000000e+00 5.979899e+00 6.979899e+00
      vertex   5.000000e+00 6.221389e+00 6.704532e+00
      vertex   5.000000e+00 5.979899e+00 6.979899e+00
    endloop
  endfacet
  facet normal 0.000000e+00 -6.593458e-01 -7.518398e-01
    outer loop
      vertex   3.000000e+00 5.979899e+00 6.979899e+00
      vertex   5.000000e+00 5.979899e+00 6.979899e+00
      vertex   3.000000e+00 5.704532e+00 7.221389e+00
    endloop
  endfacet
  facet normal 0.000000e+00 -6.593458e-01 -7.518398e-01
    outer loop
      vertex   3.000000e+00 5.704532e+00 7.221389e+00
      vertex   5.000000e+00 5.979899e+00 6.979899e+00
      vertex   5.000000e+00 5.704532e+00 7.221389e+00
    endloop
  endfacet
  facet normal 0.000000e+00 -5.555702e-01 -8.314696e-01
    outer loop
      vertex   3.000000e+00 5.704532e+00 7.221389e+00
      vertex   5.000000e+00 5.704532e+00 7.221389e+00
      vertex   3.000000e+00 5.400000e+00 7.424871e+00
    endloop
  endfacet
  facet normal 0.000000e+00 -5.555702e-01 -8.314696e-01
    outer loop
      vertex   3.000000e+00 5.400000e+00 7.424871e+00
      vertex   5.000000e+00 5.704532e+00 7.221389e+00
      vertex   5.000000e+00 5.400000e+00 7.424871e+00
    endloop
  endfacet
  facet normal 0.000000e+00 -4.422887e-01 -8.968727e-01
    outer loop
      vertex   3.000000e+00 5.400000e+00 7.424871e+00
      vertex   5.000000e+00 5.400000e+00 7.424871e+00
      vertex   3.000000e+00 5.071514e+00 7.586863e+00
    endloop
  endfacet
  facet normal 0.000000e+00 -4.422887e-01 -8.968727e-01
    outer loop
      vertex   3.000000e+00 5.071514e+00 7.586863e+00
      vertex   5.000000e+00 5.400000e+00 7.424871e+00
      vertex   5.000000e+00 5.071514e+00 7.586863e+00
    endloop
  endfacet
  facet normal 0.000000e+00 -3.214395e-01 -9.469301e-01
    outer loop
      vertex   3.000000e+00 5.071514e+00 7.586863e+00
      vertex   5.000000e+00 5.071514e+00 7.586863e+00
      vertex   3.000000e+00 4.724693e+00 7.704592e+00
    endloop
  endfacet
  facet normal 0.000000e+00 -3.214395e-01 -9.469301e-01
    outer loop
      vertex   3.000000e+00 4.724693e+00 7.704592e+00
      vertex   5.000000e+00 5.071514e+00 7.586863e+00
      vertex   5.000000e+00 4.724693e+00 7.704592e+00
    endloop
  endfacet
  facet normal 0.000000e+00 -1.950903e-01 -9.807853e-01
    outer loop
      vertex   3.000000e+00 4.724693e+00 7.704592e+00
      vertex   5.000000e+00 4.724693e+00 7.704592e+00
      vertex   3.000000e+00 4.365473e+00 7.776046e+00
    endloop
  endfacet
  facet normal 0.000000e+00 -1.950903e-01 -9.807853e-01
    outer loop
      vertex   3.000000e+00 4.365473e+00 7.776046e+00
      vertex   5.000000e+00 4.724693e+00 7.704592e+00
      vertex   5.000000e+00 4.365473e+00 7.776046e+00
    endloop
  endfacet
  facet normal 1.000000e+00 0.000000e+00 -0.000000e+00
    outer loop
      vertex   3.000000e+00 1.627784e+01 6.575692e+00
      vertex   3.000000e+00 1.636547e+01 7.776046e+00
      vertex   3.000000e+00 1.600000e+01 6.600000e+00
    endloop
  endfacet
  facet normal 1.000000e+00 0.000000e+00 0.000000e+00
    outer loop
      vertex   3.000000e+00 1.600000e+01 6.600000e+00
      vertex   3.000000e+00 1.636547e+01 7.776046e+00
      vertex   3.000000e+00 1.600000e+01 7.800000e+00
    endloop
  endfacet
  facet normal 1.000000e+00 0.000000e+00 -0.000000e+00
    outer loop
      vertex   3.000000e+00 1.600000e+01 6.600000e+00
      vertex   3.000000e+00 1.600000e+01 7.800000e+00
      vertex   3.000000e+00 1.563453e+01 7.776046e+00
    endloop
  endfacet
  facet normal 1.000000e+00 0.000000e+00 0.000000e+00
    outer loop
      vertex   3.000000e+00 1.636547e+01 7.776046e+00
      vertex   3.000000e+00 1.627784e+01 6.575692e+00
      vertex   3.000000e+00 1.672469e+01 7.704592e+00
    endloop
  endfacet
  facet normal 1.000000e+00 0.000000e+00 0.000000e+00
    outer loop
      vertex   3.000000e+00 1.672469e+01 7.704592e+00
      vertex   3.000000e+00 1.627784e+01 6.575692e+00
      vertex   3.000000e+00 1.654723e+01 6.503508e+00
    endloop
  endfacet
  facet normal 1.000000e+00 0.000000e+00 0.000000e+00
    outer loop
      vertex   3.000000e+00 1.672469e+01 7.704592e+00
      vertex   3.000000e+00 1.654723e+01 6.503508e+00
      vertex   3.000000e+00 1.707151e+01 7.586863e+00
    endloop
  endfacet
  facet normal 1.000000e+00 0.000000e+00 0.000000e+00
    outer loop
      vertex   3.000000e+00 1.707151e+01 7.586863e+00
      vertex   3.000000e+00 1.654723e+01 6.503508e+00
      vertex   3.000000e+00 1.680000e+01 6.385641e+00
    endloop
  endfacet
  facet normal 1.000000e+00 0.000000e+00 0.000000e+00
    outer loop
      vertex   3.000000e+00 1.707151e+01 7.586863e+00
      vertex   3.000000e+00 1.680000e+01 6.385641e+00
      vertex   3.000000e+00 1.740000e+01 7.424871e+00
    endloop
  endfacet
  facet normal 1.000000e+00 0.000000e+00 0.000000e+00
    outer loop
      vertex   3.000000e+00 1.740000e+01 7.424871e+00
      vertex   3.000000e+00 1.680000e+01 6.385641e+00
      vertex   3.000000e+00 1.770453e+01 7.221389e+00
    endloop
  endfacet
  facet normal 1.000000e+00 0.000000e+00 0.000000e+00
    outer loop
      vertex   3.000000e+00 1.770453e+01 7.221389e+00
      vertex   3.000000e+00 1.680000e+01 6.385641e+00
      vertex   3.000000e+00 1.702846e+01 6.225671e+00
    endloop
  endfacet
  facet normal 1.000000e+00 0.000000e+00 0.000000e+00
    outer loop
      vertex   3.000000e+00 1.770453e+01 7.221389e+00
      vertex   3.000000e+00 1.702846e+01 6.225671e+00
      vertex   3.000000e+00 1.797990e+01 6.979899e+00
    endloop
  endfacet
  facet normal 1.000000e+00 0.000000e+00 0.000000e+00
    outer loop
      vertex   3.000000e+00 1.797990e+01 6.979899e+00
      vertex   3.000000e+00 1.702846e+01 6.225671e+00
      vertex   3.000000e+00 1.722567e+01 6.028460e+00
    endloop
  endfacet
  facet normal 1.000000e+00 0.000000e+00 0.000000e+00
    outer loop
      vertex   3.000000e+00 1.797990e+01 6.979899e+00
      vertex   3.000000e+00 1.722567e+01 6.028460e+00
      vertex   3.000000e+00 1.822139e+01 6.704532e+00
    endloop
  endfacet
  facet normal 1.000000e+00 0.000000e+00 0.000000e+00
    outer loop
      vertex   3.000000e+00 1.822139e+01 6.704532e+00
      vertex   3.000000e+00 1.722567e+01 6.028460e+00
      vertex   3.000000e+00 1.738564e+01 5.800000e+00
    endloop
  endfacet
  facet normal 1.000000e+00 0.000000e+00 0.000000e+00
    outer loop
      vertex   3.000000e+00 1.822139e+01 6.704532e+00
      vertex   3.000000e+00 1.738564e+01 5.800000e+00
      vertex   3.000000e+00 1.842487e+01 6.400000e+00
    endloop
  endfacet
  facet normal 1.000000e+00 0.000000e+00 0.000000e+00
    outer loop
      vertex   3.000000e+00 1.842487e+01 6.400000e+00
      vertex   3.000000e+00 1.738564e+01 5.800000e+00
      vertex   3.000000e+00 1.858686e+01 6.071514e+00
    endloop
  endfacet
  facet normal 1.000000e+00 0.000000e+00 0.000000e+00
    outer loop
      vertex   3.000000e+00 1.858686e+01 6.071514e+00
      vertex   3.000000e+00 1.738564e+01 5.800000e+00
      vertex   3.000000e+00 1.750351e+01 5.547232e+00
    endloop
  endfacet
  facet normal 1.000000e+00 0.000000e+00 0.000000e+00
    outer loop
      vertex   3.000000e+00 1.858686e+01 6.071514e+00
      vertex   3.000000e+00 1.750351e+01 5.547232e+00
      vertex   3.000000e+00 1.870459e+01 5.724693e+00
    endloop
  endfacet
  facet normal 1.000000e+00 0.000000e+00 0.000000e+00
    outer loop
      vertex   3.000000e+00 1.870459e+01 5.724693e+00
      vertex   3.000000e+00 1.750351e+01 5.547232e+00
      vertex   3.000000e+00 1.757569e+01 5.277837e+00
    endloop
  endfacet
  facet normal 1.000000e+00 0.000000e+00 0.000000e+00
    outer loop
      vertex   3.000000e+00 1.870459e+01 5.724693e+00
      vertex   3.000000e+00 1.757569e+01 5.277837e+00
      vertex   3.000000e+00 1.877605e+01 5.365473e+00
    endloop
  endfacet
  facet normal 1.000000e+00 0.000000e+00 0.000000e+00
    outer loop
      vertex   3.000000e+00 1.877605e+01 5.365473e+00
      vertex   3.000000e+00 1.757569e+01 5.277837e+00
      vertex   3.000000e+00 1.760000e+01 5.000000e+00
    endloop
  endfacet
  facet normal 1.000000e+00 0.000000e+00 0.000000e+00
    outer loop
      vertex   3.000000e+00 1.877605e+01 5.365473e+00
      vertex   3.000000e+00 1.760000e+01 5.000000e+00
      vertex   3.000000e+00 1.880000e+01 5.000000e+00
    endloop
  endfacet
  facet normal 1.000000e+00 0.000000e+00 0.000000e+00
    outer loop
      vertex   3.000000e+00 1.880000e+01 5.000000e+00
      vertex   3.000000e+00 1.760000e+01 5.000000e+00
      vertex   3.000000e+00 1.877605e+01 4.634527e+00
    endloop
  endfacet
  facet normal 1.000000e+00 0.000000e+00 0.000000e+00
    outer loop
      vertex   3.000000e+00 1.877605e+01 4.634527e+00
      vertex   3.000000e+00 1.760000e+01 5.000000e+00
      vertex   3.000000e+00 1.757569e+01 4.722163e+00
    endloop
  endfacet
  facet normal 1.000000e+00 0.000000e+00 0.000000e+00
    outer loop
      vertex   3.000000e+00 1.877605e+01 4.634527e+00
      vertex   3.000000e+00 1.757569e+01 4.722163e+00
      vertex   3.000000e+00 1.870459e+01 4.275307e+00
    endloop
  endfacet
  facet normal 1.000000e+00 0.000000e+00 0.000000e+00
    outer loop
      vertex   3.000000e+00 1.870459e+01 4.275307e+00
      vertex   3.000000e+00 1.757569e+01 4.722163e+00
      vertex   3.000000e+00 1.750351e+01 4.452768e+00
    endloop
  endfacet
  facet normal 1.000000e+00 0.000000e+00 0.000000e+00
    outer loop
      vertex   3.000000e+00 1.870459e+01 4.275307e+00
      vertex   3.000000e+00 1.750351e+01 4.452768e+00
      vertex   3.000000e+00 1.858686e+01 3.928486e+00
    endloop
  endfacet
  facet normal 1.000000e+00 0.000000e+00 0.000000e+00
    outer loop
      vertex   3.000000e+00 1.858686e+01 3.928486e+00
      vertex   3.000000e+00 1.750351e+01 4.452768e+00
      vertex   3.000000e+00 1.738564e+01 4.200000e+00
    endloop
  endfacet
  facet normal 1.000000e+00 0.000000e+00 0.000000e+00
    outer loop
      vertex   3.000000e+00 1.858686e+01 3.928486e+00
      vertex   3.000000e+00 1.738564e+01 4.200000e+00
      vertex   3.000000e+00 1.842487e+01 3.600000e+00
    endloop
  endfacet
  facet normal 1.000000e+00 0.000000e+00 0.000000e+00
    outer loop
      vertex   3.000000e+00 1.842487e+01 3.600000e+00
      vertex   3.000000e+00 1.738564e+01 4.200000e+00
      vertex   3.000000e+00 1.822139e+01 3.295468e+00
    endloop
  endfacet
  facet normal 1.000000e+00 0.000000e+00 0.000000e+00
    outer loop
      vertex   3.000000e+00 1.822139e+01 3.295468e+00
      vertex   3.000000e+00 1.738564e+01 4.200000e+00
      vertex   3.000000e+00 1.722567e+01 3.971540e+00
    endloop
  endfacet
  facet normal 1.000000e+00 0.000000e+00 0.000000e+00
    outer loop
      vertex   3.000000e+00 1.822139e+01 3.295468e+00
      vertex   3.000000e+00 1.722567e+01 3.971540e+00
      vertex   3.000000e+00 1.797990e+01 3.020101e+00
    endloop
  endfacet
  facet normal 1.000000e+00 0.000000e+00 0.000000e+00
    outer loop
      vertex   3.000000e+00 1.797990e+01 3.020101e+00
      vertex   3.000000e+00 1.722567e+01 3.971540e+00
      vertex   3.000000e+00 1.702846e+01 3.774329e+00
    endloop
  endfacet
  facet normal 1.000000e+00 0.000000e+00 0.000000e+00
    outer loop
      vertex   3.000000e+00 1.797990e+01 3.020101e+00
      vertex   3.000000e+00 1.702846e+01 3.774329e+00
      vertex   3.000000e+00 1.770453e+01 2.778611e+00
    endloop
  endfacet
  facet normal 1.000000e+00 0.000000e+00 0.000000e+00
    outer loop
      vertex   3.000000e+00 1.770453e+01 2.778611e+00
      vertex   3.000000e+00 1.702846e+01 3.774329e+00
      vertex   3.000000e+00 1.680000e+01 3.614359e+00
    endloop
  endfacet
  facet normal 1.000000e+00 0.000000e+00 0.000000e+00
    outer loop
      vertex   3.000000e+00 1.770453e+01 2.778611e+00
      vertex   3.000000e+00 1.680000e+01 3.614359e+00
      vertex   3.000000e+00 1.740000e+01 2.575129e+00
    endloop
  endfacet
  facet normal 1.000000e+00 0.000000e+00 0.000000e+00
    outer loop
      vertex   3.000000e+00 1.740000e+01 2.575129e+00
      vertex   3.000000e+00 1.680000e+01 3.614359e+00
      vertex   3.000000e+00 1.707151e+01 2.413137e+00
    endloop
  endfacet
  facet normal 1.000000e+00 0.000000e+00 0.000000e+00
    outer loop
      vertex   3.000000e+00 1.707151e+01 2.413137e+00
      vertex   3.000000e+00 1.680000e+01 3.614359e+00
      vertex   3.000000e+00 1.654723e+01 3.496492e+00
    endloop
  endfacet
  facet normal 1.000000e+00 0.000000e+00 0.000000e+00
    outer loop
      vertex   3.000000e+00 1.707151e+01 2.413137e+00
      vertex   3.000000e+00 1.654723e+01 3.496492e+00
      vertex   3.000000e+00 1.672469e+01 2.295408e+00
    endloop
  endfacet
  facet normal 1.000000e+00 0.000000e+00 0.000000e+00
    outer loop
      vertex   3.000000e+00 1.672469e+01 2.295408e+00
      vertex   3.000000e+00 1.654723e+01 3.496492e+00
      vertex   3.000000e+00 1.627784e+01 3.424308e+00
    endloop
  endfacet
  facet normal 1.000000e+00 0.000000e+00 0.000000e+00
    outer loop
      vertex   3.000000e+00 1.672469e+01 2.295408e+00
      vertex   3.000000e+00 1.627784e+01 3.424308e+00
      vertex   3.000000e+00 1.636547e+01 2.223954e+00
    endloop
  endfacet
  facet normal 1.000000e+00 0.000000e+00 0.000000e+00
    outer loop
      vertex   3.000000e+00 1.636547e+01 2.223954e+00
      vertex   3.000000e+00 1.627784e+01 3.424308e+00
      vertex   3.000000e+00 1.600000e+01 3.400000e+00
    endloop
  endfacet
  facet normal 1.000000e+00 0.000000e+00 0.000000e+00
    outer loop
      vertex   3.000000e+00 1.636547e+01 2.223954e+00
      vertex   3.000000e+00 1.600000e+01 3.400000e+00
      vertex   3.000000e+00 1.600000e+01 2.200000e+00
    endloop
  endfacet
  facet normal 1.000000e+00 0.000000e+00 -0.000000e+00
    outer loop
      vertex   3.000000e+00 1.600000e+01 2.200000e+00
      vertex   3.000000e+00 1.600000e+01 3.400000e+00
      vertex   3.000000e+00 1.563453e+01 2.223954e+00
    endloop
  endfacet
  facet normal 1.000000e+00 0.000000e+00 0.000000e+00
    outer loop
      vertex   3.000000e+00 1.563453e+01 2.223954e+00
      vertex   3.000000e+00 1.600000e+01 3.400000e+00
      vertex   3.000000e+00 1.572216e+01 3.424308e+00
    endloop
  endfacet
  facet normal 1.000000e+00 0.000000e+00 -0.000000e+00
    outer loop
      vertex   3.000000e+00 1.563453e+01 2.223954e+00
      vertex   3.000000e+00 1.572216e+01 3.424308e+00
      vertex   3.000000e+00 1.527531e+01 2.295408e+00
    endloop
  endfacet
  facet normal 1.000000e+00 0.000000e+00 0.000000e+00
    outer loop
      vertex   3.000000e+00 1.527531e+01 2.295408e+00
      vertex   3.000000e+00 1.572216e+01 3.424308e+00
      vertex   3.000000e+00 1.545277e+01 3.496492e+00
    endloop
  endfacet
  facet normal 1.000000e+00 0.000000e+00 -0.000000e+00
    outer loop
      vertex   3.000000e+00 1.527531e+01 2.295408e+00
      vertex   3.000000e+00 1.545277e+01 3.496492e+00
      vertex   3.000000e+00 1.492849e+01 2.413137e+00
    endloop
  endfacet
  facet normal 1.000000e+00 0.000000e+00 0.000000e+00
    outer loop
      vertex   3.000000e+00 1.492849e+01 2.413137e+00
      vertex   3.000000e+00 1.545277e+01 3.496492e+00
      vertex   3.000000e+00 1.520000e+01 3.614359e+00
    endloop
  endfacet
  facet normal 1.000000e+00 0.000000e+00 -0.000000e+00
    outer loop
      vertex   3.000000e+00 1.492849e+01 2.413137e+00
      vertex   3.000000e+00 1.520000e+01 3.614359e+00
      vertex   3.000000e+00 1.460000e+01 2.575129e+00
    endloop
  endfacet
  facet normal 1.000000e+00 0.000000e+00 -0.000000e+00
    outer loop
      vertex   3.000000e+00 1.460000e+01 2.575129e+00
      vertex   3.000000e+00 1.520000e+01 3.614359e+00
      vertex   3.000000e+00 1.429547e+01 2.778611e+00
    endloop
  endfacet
  facet normal 1.000000e+00 0.000000e+00 0.000000e+00
    outer loop
      vertex   3.000000e+00 1.429547e+01 2.778611e+00
      vertex   3.000000e+00 1.520000e+01 3.614359e+00
      vertex   3.000000e+00 1.497154e+01 3.774329e+00
    endloop
  endfacet
  facet normal 1.000000e+00 0.000000e+00 -0.000000e+00
    outer loop
      vertex   3.000000e+00 1.429547e+01 2.778611e+00
      vertex   3.000000e+00 1.497154e+01 3.774329e+00
      vertex   3.000000e+00 1.402010e+01 3.020101e+00
    endloop
  endfacet
  facet normal 1.000000e+00 0.000000e+00 0.000000e+00
    outer loop
      vertex   3.000000e+00 1.402010e+01 3.020101e+00
      vertex   3.000000e+00 1.497154e+01 3.774329e+00
      vertex   3.000000e+00 1.477433e+01 3.971540e+00
    endloop
  endfacet
  facet normal 1.000000e+00 0.000000e+00 -0.000000e+00
    outer loop
      vertex   3.000000e+00 1.402010e+01 3.020101e+00
      vertex   3.000000e+00 1.477433e+01 3.971540e+00
      vertex   3.000000e+00 1.377861e+01 3.295468e+00
    endloop
  endfacet
  facet normal 1.000000e+00 0.000000e+00 0.000000e+00
    outer loop
      vertex   3.000000e+00 1.377861e+01 3.295468e+00
      vertex   3.000000e+00 1.477433e+01 3.971540e+00
      vertex   3.000000e+00 1.461436e+01 4.200000e+00
    endloop
  endfacet
  facet normal 1.000000e+00 0.000000e+00 -0.000000e+00
    outer loop
      vertex   3.000000e+00 1.377861e+01 3.295468e+00
      vertex   3.000000e+00 1.461436e+01 4.200000e+00
      vertex   3.000000e+00 1.357513e+01 3.600000e+00
    endloop
  endfacet
  facet normal 1.000000e+00 0.000000e+00 -0.000000e+00
    outer loop
      vertex   3.000000e+00 1.357513e+01 3.600000e+00
      vertex   3.000000e+00 1.461436e+01 4.200000e+00
      vertex   3.000000e+00 1.341314e+01 3.928486e+00
    endloop
  endfacet
  facet normal 1.000000e+00 0.000000e+00 0.000000e+00
    outer loop
      vertex   3.000000e+00 1.341314e+01 3.928486e+00
      vertex   3.000000e+00 1.461436e+01 4.200000e+00
      vertex   3.000000e+00 1.449649e+01 4.452768e+00
    endloop
  endfacet
  facet normal 1.000000e+00 0.000000e+00 -0.000000e+00
    outer loop
      vertex   3.000000e+00 1.341314e+01 3.928486e+00
      vertex   3.000000e+00 1.449649e+01 4.452768e+00
      vertex   3.000000e+00 1.329541e+01 4.275307e+00
    endloop
  endfacet
  facet normal 1.000000e+00 0.000000e+00 0.000000e+00
    outer loop
      vertex   3.000000e+00 1.329541e+01 4.275307e+00
      vertex   3.000000e+00 1.449649e+01 4.452768e+00
      vertex   3.000000e+00 1.442431e+01 4.722163e+00
    endloop
  endfacet
  facet normal 1.000000e+00 0.000000e+00 -0.000000e+00
    outer loop
      vertex   3.000000e+00 1.329541e+01 4.275307e+00
      vertex   3.000000e+00 1.442431e+01 4.722163e+00
      vertex   3.000000e+00 1.322395e+01 4.634527e+00
    endloop
  endfacet
  facet normal 1.000000e+00 0.000000e+00 0.000000e+00
    outer loop
      vertex   3.000000e+00 1.322395e+01 4.634527e+00
      vertex   3.000000e+00 1.442431e+01 4.722163e+00
      vertex   3.000000e+00 1.440000e+01 5.000000e+00
    endloop
  endfacet
  facet normal 1.000000e+00 0.000000e+00 -0.000000e+00
    outer loop
      vertex   3.000000e+00 1.322395e+01 4.634527e+00
      vertex   3.000000e+00 1.440000e+01 5.000000e+00
      vertex   3.000000e+00 1.320000e+01 5.000000e+00
    endloop
  endfacet
  facet normal 1.000000e+00 0.000000e+00 0.000000e+00
    outer loop
      vertex   3.000000e+00 1.320000e+01 5.000000e+00
      vertex   3.000000e+00 1.440000e+01 5.000000e+00
      vertex   3.000000e+00 1.322395e+01 5.365473e+00
    endloop
  endfacet
  facet normal 1.000000e+00 0.000000e+00 0.000000e+00
    outer loop
      vertex   3.000000e+00 1.322395e+01 5.365473e+00
      vertex   3.000000e+00 1.440000e+01 5.000000e+00
      vertex   3.000000e+00 1.442431e+01 5.277837e+00
    endloop
  endfacet
  facet normal 1.000000e+00 -0.000000e+00 0.000000e+00
    outer loop
      vertex   3.000000e+00 1.322395e+01 5.365473e+00
      vertex   3.000000e+00 1.442431e+01 5.277837e+00
      vertex   3.000000e+00 1.329541e+01 5.724693e+00
    endloop
  endfacet
  facet normal 1.000000e+00 0.000000e+00 0.000000e+00
    outer loop
      vertex   3.000000e+00 1.329541e+01 5.724693e+00
      vertex   3.000000e+00 1.442431e+01 5.277837e+00
      vertex   3.000000e+00 1.449649e+01 5.547232e+00
    endloop
  endfacet
  facet normal 1.000000e+00 -0.000000e+00 0.000000e+00
    outer loop
      vertex   3.000000e+00 1.329541e+01 5.724693e+00
      vertex   3.000000e+00 1.449649e+01 5.547232e+00
      vertex   3.000000e+00 1.341314e+01 6.071514e+00
    endloop
  endfacet
  facet normal 1.000000e+00 0.000000e+00 0.000000e+00
    outer loop
      vertex   3.000000e+00 1.341314e+01 6.071514e+00
      vertex   3.000000e+00 1.449649e+01 5.547232e+00
      vertex   3.000000e+00 1.461436e+01 5.800000e+00
    endloop
  endfacet
  facet normal 1.000000e+00 -0.000000e+00 0.000000e+00
    outer loop
      vertex   3.000000e+00 1.341314e+01 6.071514e+00
      vertex   3.000000e+00 1.461436e+01 5.800000e+00
      vertex   3.000000e+00 1.357513e+01 6.400000e+00
    endloop
  endfacet
  facet normal 1.000000e+00 -0.000000e+00 0.000000e+00
    outer loop
      vertex   3.000000e+00 1.357513e+01 6.400000e+00
      vertex   3.000000e+00 1.461436e+01 5.800000e+00
      vertex   3.000000e+00 1.377861e+01 6.704532e+00
    endloop
  endfacet
  facet normal 1.000000e+00 0.000000e+00 0.000000e+00
    outer loop
      vertex   3.000000e+00 1.377861e+01 6.704532e+00
      vertex   3.000000e+00 1.461436e+01 5.800000e+00
      vertex   3.000000e+00 1.477433e+01 6.028460e+00
    endloop
  endfacet
  facet normal 1.000000e+00 -0.000000e+00 0.000000e+00
    outer loop
      vertex   3.000000e+00 1.377861e+01 6.704532e+00
      vertex   3.000000e+00 1.477433e+01 6.028460e+00
      vertex   3.000000e+00 1.402010e+01 6.979899e+00
    endloop
  endfacet
  facet normal 1.000000e+00 0.000000e+00 0.000000e+00
    outer loop
      vertex   3.000000e+00 1.402010e+01 6.979899e+00
      vertex   3.000000e+00 1.477433e+01 6.028460e+00
      vertex   3.000000e+00 1.497154e+01 6.225671e+00
    endloop
  endfacet
  facet normal 1.000000e+00 -0.000000e+00 0.000000e+00
    outer loop
      vertex   3.000000e+00 1.402010e+01 6.979899e+00
      vertex   3.000000e+00 1.497154e+01 6.225671e+00
      vertex   3.000000e+00 1.429547e+01 7.221389e+00
    endloop
  endfacet
  facet normal 1.000000e+00 0.000000e+00 0.000000e+00
    outer loop
      vertex   3.000000e+00 1.429547e+01 7.221389e+00
      vertex   3.000000e+00 1.497154e+01 6.225671e+00
      vertex   3.000000e+00 1.520000e+01 6.385641e+00
    endloop
  endfacet
  facet normal 1.000000e+00 -0.000000e+00 0.000000e+00
    outer loop
      vertex   3.000000e+00 1.429547e+01 7.221389e+00
      vertex   3.000000e+00 1.520000e+01 6.385641e+00
      vertex   3.000000e+00 1.460000e+01 7.424871e+00
    endloop
  endfacet
  facet normal 1.000000e+00 -0.000000e+00 0.000000e+00
    outer loop
      vertex   3.000000e+00 1.460000e+01 7.424871e+00
      vertex   3.000000e+00 1.520000e+01 6.385641e+00
      vertex   3.000000e+00 1.492849e+01 7.586863e+00
    endloop
  endfacet
  facet normal 1.000000e+00 0.000000e+00 0.000000e+00
    outer loop
      vertex   3.000000e+00 1.492849e+01 7.586863e+00
      vertex   3.000000e+00 1.520000e+01 6.385641e+00
      vertex   3.000000e+00 1.545277e+01 6.503508e+00
    endloop
  endfacet
  facet normal 1.000000e+00 -0.000000e+00 0.000000e+00
    outer loop
      vertex   3.000000e+00 1.492849e+01 7.586863e+00
      vertex   3.000000e+00 1.545277e+01 6.503508e+00
      vertex   3.000000e+00 1.527531e+01 7.704592e+00
    endloop
  endfacet
  facet normal 1.000000e+00 0.000000e+00 0.000000e+00
    outer loop
      vertex   3.000000e+00 1.527531e+01 7.704592e+00
      vertex   3.000000e+00 1.545277e+01 6.503508e+00
      vertex   3.000000e+00 1.572216e+01 6.575692e+00
    endloop
  endfacet
  facet normal 1.000000e+00 -0.000000e+00 0.000000e+00
    outer loop
      vertex   3.000000e+00 1.527531e+01 7.704592e+00
      vertex   3.000000e+00 1.572216e+01 6.575692e+00
      vertex   3.000000e+00 1.563453e+01 7.776046e+00
    endloop
  endfacet
  facet normal 1.000000e+00 0.000000e+00 0.000000e+00
    outer loop
      vertex   3.000000e+00 1.563453e+01 7.776046e+00
      vertex   3.000000e+00 1.572216e+01 6.575692e+00
      vertex   3.000000e+00 1.600000e+01 6.600000e+00
    endloop
  endfacet
  facet normal 0.000000e+00 -6.540313e-02 -9.978589e-01
    outer loop
      vertex   3.000000e+00 1.636547e+01 7.776046e+00
      vertex   5.000000e+00 1.636547e+01 7.776046e+00
      vertex   3.000000e+00 1.600000e+01 7.800000e+00
    endloop
  endfacet
  facet normal 0.000000e+00 -6.540313e-02 -9.978589e-01
    outer loop
      vertex   3.000000e+00 1.600000e+01 7.800000e+00
      vertex   5.000000e+00 1.636547e+01 7.776046e+00
      vertex   5.000000e+00 1.600000e+01 7.800000e+00
    endloop
  endfacet
  facet normal 0.000000e+00 6.540313e-02 -9.978589e-01
    outer loop
      vertex   3.000000e+00 1.600000e+01 7.800000e+00
      vertex   5.000000e+00 1.600000e+01 7.800000e+00
      vertex   3.000000e+00 1.563453e+01 7.776046e+00
    endloop
  endfacet
  facet normal 0.000000e+00 6.540313e-02 -9.978589e-01
    outer loop
      vertex   3.000000e+00 1.563453e+01 7.776046e+00
      vertex   5.000000e+00 1.600000e+01 7.800000e+00
      vertex   5.000000e+00 1.563453e+01 7.776046e+00
    endloop
  endfacet
  facet normal 0.000000e+00 1.950903e-01 -9.807853e-01
    outer loop
      vertex   3.000000e+00 1.563453e+01 7.776046e+00
      vertex   5.000000e+00 1.563453e+01 7.776046e+00
      vertex   3.000000e+00 1.527531e+01 7.704592e+00
    endloop
  endfacet
  facet normal 0.000000e+00 1.950903e-01 -9.807853e-01
    outer loop
      vertex   3.000000e+00 1.527531e+01 7.704592e+00
      vertex   5.000000e+00 1.563453e+01 7.776046e+00
      vertex   5.000000e+00 1.527531e+01 7.704592e+00
    endloop
  endfacet
  facet normal 0.000000e+00 3.214395e-01 -9.469301e-01
    outer loop
      vertex   3.000000e+00 1.527531e+01 7.704592e+00
      vertex   5.000000e+00 1.527531e+01 7.704592e+00
      vertex   3.000000e+00 1.492849e+01 7.586863e+00
    endloop
  endfacet
  facet normal 0.000000e+00 3.214395e-01 -9.469301e-01
    outer loop
      vertex   3.000000e+00 1.492849e+01 7.586863e+00
      vertex   5.000000e+00 1.527531e+01 7.704592e+00
      vertex   5.000000e+00 1.492849e+01 7.586863e+00
    endloop
  endfacet
  facet normal 0.000000e+00 4.422887e-01 -8.968727e-01
    outer loop
      vertex   3.000000e+00 1.492849e+01 7.586863e+00
      vertex   5.000000e+00 1.492849e+01 7.586863e+00
      vertex   3.000000e+00 1.460000e+01 7.424871e+00
    endloop
  endfacet
  facet normal 0.000000e+00 4.422887e-01 -8.968727e-01
    outer loop
      vertex   3.000000e+00 1.460000e+01 7.424871e+00
      vertex   5.000000e+00 1.492849e+01 7.586863e+00
      vertex   5.000000e+00 1.460000e+01 7.424871e+00
    endloop
  endfacet
  facet normal 0.000000e+00 5.555702e-01 -8.314696e-01
    outer loop
      vertex   3.000000e+00 1.460000e+01 7.424871e+00
      vertex   5.000000e+00 1.460000e+01 7.424871e+00
      vertex   3.000000e+00 1.429547e+01 7.221389e+00
    endloop
  endfacet
  facet normal 0.000000e+00 5.555702e-01 -8.314696e-01
    outer loop
      vertex   3.000000e+00 1.429547e+01 7.221389e+00
      vertex   5.000000e+00 1.460000e+01 7.424871e+00
      vertex   5.000000e+00 1.429547e+01 7.221389e+00
    endloop
  endfacet
  facet normal 0.000000e+00 6.593458e-01 -7.518398e-01
    outer loop
      vertex   3.000000e+00 1.429547e+01 7.221389e+00
      vertex   5.000000e+00 1.429547e+01 7.221389e+00
      vertex   3.000000e+00 1.402010e+01 6.979899e+00
    endloop
  endfacet
  facet normal 0.000000e+00 6.593458e-01 -7.518398e-01
    outer loop
      vertex   3.000000e+00 1.402010e+01 6.979899e+00
      vertex   5.000000e+00 1.429547e+01 7.221389e+00
      vertex   5.000000e+00 1.402010e+01 6.979899e+00
    endloop
  endfacet
  facet normal 0.000000e+00 7.518398e-01 -6.593458e-01
    outer loop
      vertex   3.000000e+00 1.402010e+01 6.979899e+00
      vertex   5.000000e+00 1.402010e+01 6.979899e+00
      vertex   3.000000e+00 1.377861e+01 6.704532e+00
    endloop
  endfacet
  facet normal 0.000000e+00 7.518398e-01 -6.593458e-01
    outer loop
      vertex   3.000000e+00 1.377861e+01 6.704532e+00
      vertex   5.000000e+00 1.402010e+01 6.979899e+00
      vertex   5.000000e+00 1.377861e+01 6.704532e+00
    endloop
  endfacet
  facet normal 0.000000e+00 8.314696e-01 -5.555702e-01
    outer loop
      vertex   3.000000e+00 1.377861e+01 6.704532e+00
      vertex   5.000000e+00 1.377861e+01 6.704532e+00
      vertex   3.000000e+00 1.357513e+01 6.400000e+00
    endloop
  endfacet
  facet normal 0.000000e+00 8.314696e-01 -5.555702e-01
    outer loop
      vertex   3.000000e+00 1.357513e+01 6.400000e+00
      vertex   5.000000e+00 1.377861e+01 6.704532e+00
      vertex   5.000000e+00 1.357513e+01 6.400000e+00
    endloop
  endfacet
  facet normal 0.000000e+00 8.968727e-01 -4.422887e-01
    outer loop
      vertex   3.000000e+00 1.357513e+01 6.400000e+00
      vertex   5.000000e+00 1.357513e+01 6.400000e+00
      vertex   3.000000e+00 1.341314e+01 6.071514e+00
    endloop
  endfacet
  facet normal 0.000000e+00 8.968727e-01 -4.422887e-01
    outer loop
      vertex   3.000000e+00 1.341314e+01 6.071514e+00
      vertex   5.000000e+00 1.357513e+01 6.400000e+00
      vertex   5.000000e+00 1.341314e+01 6.071514e+00
    endloop
  endfacet
  facet normal 0.000000e+00 9.469301e-01 -3.214395e-01
    outer loop
      vertex   3.000000e+00 1.341314e+01 6.071514e+00
      vertex   5.000000e+00 1.341314e+01 6.071514e+00
      vertex   3.000000e+00 1.329541e+01 5.724693e+00
    endloop
  endfacet
  facet normal 0.000000e+00 9.469301e-01 -3.214395e-01
    outer loop
      vertex   3.000000e+00 1.329541e+01 5.724693e+00
      vertex   5.000000e+00 1.341314e+01 6.071514e+00
      vertex   5.000000e+00 1.329541e+01 5.724693e+00
    endloop
  endfacet
  facet normal 0.000000e+00 9.807853e-01 -1.950903e-01
    outer loop
      vertex   3.000000e+00 1.329541e+01 5.724693e+00
      vertex   5.000000e+00 1.329541e+01 5.724693e+00
      vertex   3.000000e+00 1.322395e+01 5.365473e+00
    endloop
  endfacet
  facet normal 0.000000e+00 9.807853e-01 -1.950903e-01
    outer loop
      vertex   3.000000e+00 1.322395e+01 5.365473e+00
      vertex   5.000000e+00 1.329541e+01 5.724693e+00
      vertex   5.000000e+00 1.322395e+01 5.365473e+00
    endloop
  endfacet
  facet normal 0.000000e+00 9.978589e-01 -6.540313e-02
    outer loop
      vertex   3.000000e+00 1.322395e+01 5.365473e+00
      vertex   5.000000e+00 1.322395e+01 5.365473e+00
      vertex   3.000000e+00 1.320000e+01 5.000000e+00
    endloop
  endfacet
  facet normal 0.000000e+00 9.978589e-01 -6.540313e-02
    outer loop
      vertex   3.000000e+00 1.320000e+01 5.000000e+00
      vertex   5.000000e+00 1.322395e+01 5.365473e+00
      vertex   5.000000e+00 1.320000e+01 5.000000e+00
    endloop
  endfacet
  facet normal -0.000000e+00 9.978589e-01 6.540313e-02
    outer loop
      vertex   3.000000e+00 1.320000e+01 5.000000e+00
      vertex   5.000000e+00 1.320000e+01 5.000000e+00
      vertex   3.000000e+00 1.322395e+01 4.634527e+00
    endloop
  endfacet
  facet normal -0.000000e+00 9.978589e-01 6.540313e-02
    outer loop
      vertex   3.000000e+00 1.322395e+01 4.634527e+00
      vertex   5.000000e+00 1.320000e+01 5.000000e+00
      vertex   5.000000e+00 1.322395e+01 4.634527e+00
    endloop
  endfacet
  facet normal -0.000000e+00 9.807853e-01 1.950903e-01
    outer loop
      vertex   3.000000e+00 1.322395e+01 4.634527e+00
      vertex   5.000000e+00 1.322395e+01 4.634527e+00
      vertex   3.000000e+00 1.329541e+01 4.275307e+00
    endloop
  endfacet
  facet normal -0.000000e+00 9.807853e-01 1.950903e-01
    outer loop
      vertex   3.000000e+00 1.329541e+01 4.275307e+00
      vertex   5.000000e+00 1.322395e+01 4.634527e+00
      vertex   5.000000e+00 1.329541e+01 4.275307e+00
    endloop
  endfacet
  facet normal -0.000000e+00 9.469301e-01 3.214395e-01
    outer loop
      vertex   3.000000e+00 1.329541e+01 4.275307e+00
      vertex   5.000000e+00 1.329541e+01 4.275307e+00
      vertex   3.000000e+00 1.341314e+01 3.928486e+00
    endloop
  endfacet
  facet normal -0.000000e+00 9.469301e-01 3.214395e-01
    outer loop
      vertex   3.000000e+00 1.341314e+01 3.928486e+00
      vertex   5.000000e+00 1.329541e+01 4.275307e+00
      vertex   5.000000e+00 1.341314e+01 3.928486e+00
    endloop
  endfacet
  facet normal -0.000000e+00 8.968727e-01 4.422887e-01
    outer loop
      vertex   3.000000e+00 1.341314e+01 3.928486e+00
      vertex   5.000000e+00 1.341314e+01 3.928486e+00
      vertex   3.000000e+00 1.357513e+01 3.600000e+00
    endloop
  endfacet
  facet normal -0.000000e+00 8.968727e-01 4.422887e-01
    outer loop
      vertex   3.000000e+00 1.357513e+01 3.600000e+00
      vertex   5.000000e+00 1.341314e+01 3.928486e+00
      vertex   5.000000e+00 1.357513e+01 3.600000e+00
    endloop
  endfacet
  facet normal -0.000000e+00 8.314696e-01 5.555702e-01
    outer loop
      vertex   3.000000e+00 1.357513e+01 3.600000e+00
      vertex   5.000000e+00 1.357513e+01 3.600000e+00
      vertex   3.000000e+00 1.377861e+01 3.295468e+00
    endloop
  endfacet
  facet normal -0.000000e+00 8.314696e-01 5.555702e-01
    outer loop
      vertex   3.000000e+00 1.377861e+01 3.295468e+00
      vertex   5.000000e+00 1.357513e+01 3.600000e+00
      vertex   5.000000e+00 1.377861e+01 3.295468e+00
    endloop
  endfacet
  facet normal -0.000000e+00 7.518398e-01 6.593458e-01
    outer loop
      vertex   3.000000e+00 1.377861e+01 3.295468e+00
      vertex   5.000000e+00 1.377861e+01 3.295468e+00
      vertex   3.000000e+00 1.402010e+01 3.020101e+00
    endloop
  endfacet
  facet normal -0.000000e+00 7.518398e-01 6.593458e-01
    outer loop
      vertex   3.000000e+00 1.402010e+01 3.020101e+00
      vertex   5.000000e+00 1.377861e+01 3.295468e+00
      vertex   5.000000e+00 1.402010e+01 3.020101e+00
    endloop
  endfacet
  facet normal -0.000000e+00 6.593458e-01 7.518398e-01
    outer loop
      vertex   3.000000e+00 1.402010e+01 3.020101e+00
      vertex   5.000000e+00 1.402010e+01 3.020101e+00
      vertex   3.000000e+00 1.429547e+01 2.778611e+00
    endloop
  endfacet
  facet normal -0.000000e+00 6.593458e-01 7.518398e-01
    outer loop
      vertex   3.000000e+00 1.429547e+01 2.778611e+00
      vertex   5.000000e+00 1.402010e+01 3.020101e+00
      vertex   5.000000e+00 1.429547e+01 2.778611e+00
    endloop
  endfacet
  facet normal -0.000000e+00 5.555702e-01 8.314696e-01
    outer loop
      vertex   3.000000e+00 1.429547e+01 2.778611e+00
      vertex   5.000000e+00 1.429547e+01 2.778611e+00
      vertex   3.000000e+00 1.460000e+01 2.575129e+00
    endloop
  endfacet
  facet normal -0.000000e+00 5.555702e-01 8.314696e-01
    outer loop
      vertex   3.000000e+00 1.460000e+01 2.575129e+00
      vertex   5.000000e+00 1.429547e+01 2.778611e+00
      vertex   5.000000e+00 1.460000e+01 2.575129e+00
    endloop
  endfacet
  facet normal -0.000000e+00 4.422887e-01 8.968727e-01
    outer loop
      vertex   3.000000e+00 1.460000e+01 2.575129e+00
      vertex   5.000000e+00 1.460000e+01 2.575129e+00
      vertex   3.000000e+00 1.492849e+01 2.413137e+00
    endloop
  endfacet
  facet normal -0.000000e+00 4.422887e-01 8.968727e-01
    outer loop
      vertex   3.000000e+00 1.492849e+01 2.413137e+00
      vertex   5.000000e+00 1.460000e+01 2.575129e+00
      vertex   5.000000e+00 1.492849e+01 2.413137e+00
    endloop
  endfacet
  facet normal -0.000000e+00 3.214395e-01 9.469301e-01
    outer loop
      vertex   3.000000e+00 1.492849e+01 2.413137e+00
      vertex   5.000000e+00 1.492849e+01 2.413137e+00
      vertex   3.000000e+00 1.527531e+01 2.295408e+00
    endloop
  endfacet
  facet normal -0.000000e+00 3.214395e-01 9.469301e-01
    outer loop
      vertex   3.000000e+00 1.527531e+01 2.295408e+00
      vertex   5.000000e+00 1.492849e+01 2.413137e+00
      vertex   5.000000e+00 1.527531e+01 2.295408e+00
    endloop
  endfacet
  facet normal -0.000000e+00 1.950903e-01 9.807853e-01
    outer loop
      vertex   3.000000e+00 1.527531e+01 2.295408e+00
      vertex   5.000000e+00 1.527531e+01 2.295408e+00
      vertex   3.000000e+00 1.563453e+01 2.223954e+00
    endloop
  endfacet
  facet normal -0.000000e+00 1.950903e-01 9.807853e-01
    outer loop
      vertex   3.000000e+00 1.563453e+01 2.223954e+00
      vertex   5.000000e+00 1.527531e+01 2.295408e+00
      vertex   5.000000e+00 1.563453e+01 2.223954e+00
    endloop
  endfacet
  facet normal -0.000000e+00 6.540313e-02 9.978589e-01
    outer loop
      vertex   3.000000e+00 1.563453e+01 2.223954e+00
      vertex   5.000000e+00 1.563453e+01 2.223954e+00
      vertex   3.000000e+00 1.600000e+01 2.200000e+00
    endloop
  endfacet
  facet normal -0.000000e+00 6.540313e-02 9.978589e-01
    outer loop
      vertex   3.000000e+00 1.600000e+01 2.200000e+00
      vertex   5.000000e+00 1.563453e+01 2.223954e+00
      vertex   5.000000e+00 1.600000e+01 2.200000e+00
    endloop
  endfacet
  facet normal 0.000000e+00 -6.540313e-02 9.978589e-01
    outer loop
      vertex   3.000000e+00 1.600000e+01 2.200000e+00
      vertex   5.000000e+00 1.600000e+01 2.200000e+00
      vertex   3.000000e+00 1.636547e+01 2.223954e+00
    endloop
  endfacet
  facet normal 0.000000e+00 -6.540313e-02 9.978589e-01
    outer loop
      vertex   3.000000e+00 1.636547e+01 2.223954e+00
      vertex   5.000000e+00 1.600000e+01 2.200000e+00
      vertex   5.000000e+00 1.636547e+01 2.223954e+00
    endloop
  endfacet
  facet normal 0.000000e+00 -1.950903e-01 9.807853e-01
    outer loop
      vertex   3.000000e+00 1.636547e+01 2.223954e+00
      vertex   5.000000e+00 1.636547e+01 2.223954e+00
      vertex   3.000000e+00 1.672469e+01 2.295408e+00
    endloop
  endfacet
  facet normal 0.000000e+00 -1.950903e-01 9.807853e-01
    outer loop
      vertex   3.000000e+00 1.672469e+01 2.295408e+00
      vertex   5.000000e+00 1.636547e+01 2.223954e+00
      vertex   5.000000e+00 1.672469e+01 2.295408e+00
    endloop
  endfacet
  facet normal 0.000000e+00 -3.214395e-01 9.469301e-01
    outer loop
      vertex   3.000000e+00 1.672469e+01 2.295408e+00
      vertex   5.000000e+00 1.672469e+01 2.295408e+00
      vertex   3.000000e+00 1.707151e+01 2.413137e+00
    endloop
  endfacet
  facet normal 0.000000e+00 -3.214395e-01 9.469301e-01
    outer loop
      vertex   3.000000e+00 1.707151e+01 2.413137e+00
      vertex   5.000000e+00 1.672469e+01 2.295408e+00
      vertex   5.000000e+00 1.707151e+01 2.413137e+00
    endloop
  endfacet
  facet normal 0.000000e+00 -4.422887e-01 8.968727e-01
    outer loop
      vertex   3.000000e+00 1.707151e+01 2.413137e+00
      vertex   5.000000e+00 1.707151e+01 2.413137e+00
      vertex   3.000000e+00 1.740000e+01 2.575129e+00
    endloop
  endfacet
  facet normal 0.000000e+00 -4.422887e-01 8.968727e-01
    outer loop
      vertex   3.000000e+00 1.740000e+01 2.575129e+00
      vertex   5.000000e+00 1.707151e+01 2.413137e+00
      vertex   5.000000e+00 1.740000e+01 2.575129e+00
    endloop
  endfacet
  facet normal 0.000000e+00 -5.555702e-01 8.314696e-01
    outer loop
      vertex   3.000000e+00 1.740000e+01 2.575129e+00
      vertex   5.000000e+00 1.740000e+01 2.575129e+00
      vertex   3.000000e+00 1.770453e+01 2.778611e+00
    endloop
  endfacet
  facet normal 0.000000e+00 -5.555702e-01 8.314696e-01
    outer loop
      vertex   3.000000e+00 1.770453e+01 2.778611e+00
      vertex   5.000000e+00 1.740000e+01 2.575129e+00
      vertex   5.000000e+00 1.770453e+01 2.778611e+00
    endloop
  endfacet
  facet normal 0.000000e+00 -6.593458e-01 7.518398e-01
    outer loop
      vertex   3.000000e+00 1.770453e+01 2.778611e+00
      vertex   5.000000e+00 1.770453e+01 2.778611e+00
      vertex   3.000000e+00 1.797990e+01 3.020101e+00
    endloop
  endfacet
  facet normal 0.000000e+00 -6.593458e-01 7.518398e-01
    outer loop
      vertex   3.000000e+00 1.797990e+01 3.020101e+00
      vertex   5.000000e+00 1.770453e+01 2.778611e+00
      vertex   5.000000e+00 1.797990e+01 3.020101e+00
    endloop
  endfacet
  facet normal 0.000000e+00 -7.518398e-01 6.593458e-01
    outer loop
      vertex   3.000000e+00 1.797990e+01 3.020101e+00
      vertex   5.000000e+00 1.797990e+01 3.020101e+00
      vertex   3.000000e+00 1.822139e+01 3.295468e+00
    endloop
  endfacet
  facet normal 0.000000e+00 -7.518398e-01 6.593458e-01
    outer loop
      vertex   3.000000e+00 1.822139e+01 3.295468e+00
      vertex   5.000000e+00 1.797990e+01 3.020101e+00
      vertex   5.000000e+00 1.822139e+01 3.295468e+00
    endloop
  endfacet
  facet normal 0.000000e+00 -8.314696e-01 5.555702e-01
    outer loop
      vertex   3.000000e+00 1.822139e+01 3.295468e+00
      vertex   5.000000e+00 1.822139e+01 3.295468e+00
      vertex   3.000000e+00 1.842487e+01 3.600000e+00
    endloop
  endfacet
  facet normal 0.000000e+00 -8.314696e-01 5.555702e-01
    outer loop
      vertex   3.000000e+00 1.842487e+01 3.600000e+00
      vertex   5.000000e+00 1.822139e+01 3.295468e+00
      vertex   5.000000e+00 1.842487e+01 3.600000e+00
    endloop
  endfacet
  facet normal 0.000000e+00 -8.968727e-01 4.422887e-01
    outer loop
      vertex   3.000000e+00 1.842487e+01 3.600000e+00
      vertex   5.000000e+00 1.842487e+01 3.600000e+00
      vertex   3.000000e+00 1.858686e+01 3.928486e+00
    endloop
  endfacet
  facet normal 0.000000e+00 -8.968727e-01 4.422887e-01
    outer loop
      vertex   3.000000e+00 1.858686e+01 3.928486e+00
      vertex   5.000000e+00 1.842487e+01 3.600000e+00
      vertex   5.000000e+00 1.858686e+01 3.928486e+00
    endloop
  endfacet
  facet normal 0.000000e+00 -9.469301e-01 3.214395e-01
    outer loop
      vertex   3.000000e+00 1.858686e+01 3.928486e+00
      vertex   5.000000e+00 1.858686e+01 3.928486e+00
      vertex   3.000000e+00 1.870459e+01 4.275307e+00
    endloop
  endfacet
  facet normal 0.000000e+00 -9.469301e-01 3.214395e-01
    outer loop
      vertex   3.000000e+00 1.870459e+01 4.275307e+00
      vertex   5.000000e+00 1.858686e+01 3.928486e+00
      vertex   5.000000e+00 1.870459e+01 4.275307e+00
    endloop
  endfacet
  facet normal 0.000000e+00 -9.807853e-01 1.950903e-01
    outer loop
      vertex   3.000000e+00 1.870459e+01 4.275307e+00
      vertex   5.000000e+00 1.870459e+01 4.275307e+00
      vertex   3.000000e+00 1.877605e+01 4.634527e+00
    endloop
  endfacet
  facet normal 0.000000e+00 -9.807853e-01 1.950903e-01
    outer loop
      vertex   3.000000e+00 1.877605e+01 4.634527e+00
      vertex   5.000000e+00 1.870459e+01 4.275307e+00
      vertex   5.000000e+00 1.877605e+01 4.634527e+00
    endloop
  endfacet
  facet normal 0.000000e+00 -9.978589e-01 6.540313e-02
    outer loop
      vertex   3.000000e+00 1.877605e+01 4.634527e+00
      vertex   5.000000e+00 1.877605e+01 4.634527e+00
      vertex   3.000000e+00 1.880000e+01 5.000000e+00
    endloop
  endfacet
  facet normal 0.000000e+00 -9.978589e-01 6.540313e-02
    outer loop
      vertex   3.000000e+00 1.880000e+01 5.000000e+00
      vertex   5.000000e+00 1.877605e+01 4.634527e+00
      vertex   5.000000e+00 1.880000e+01 5.000000e+00
    endloop
  endfacet
  facet normal 0.000000e+00 -9.978589e-01 -6.540313e-02
    outer loop
      vertex   3.000000e+00 1.880000e+01 5.000000e+00
      vertex   5.000000e+00 1.880000e+01 5.000000e+00
      vertex   3.000000e+00 1.877605e+01 5.365473e+00
    endloop
  endfacet
  facet normal 0.000000e+00 -9.978589e-01 -6.540313e-02
    outer loop
      vertex   3.000000e+00 1.877605e+01 5.365473e+00
      vertex   5.000000e+00 1.880000e+01 5.000000e+00
      vertex   5.000000e+00 1.877605e+01 5.365473e+00
    endloop
  endfacet
  facet normal 0.000000e+00 -9.807853e-01 -1.950903e-01
    outer loop
      vertex   3.000000e+00 1.877605e+01 5.365473e+00
      vertex   5.000000e+00 1.877605e+01 5.365473e+00
      vertex   3.000000e+00 1.870459e+01 5.724693e+00
    endloop
  endfacet
  facet normal 0.000000e+00 -9.807853e-01 -1.950903e-01
    outer loop
      vertex   3.000000e+00 1.870459e+01 5.724693e+00
      vertex   5.000000e+00 1.877605e+01 5.365473e+00
      vertex   5.000000e+00 1.870459e+01 5.724693e+00
    endloop
  endfacet
  facet normal 0.000000e+00 -9.469301e-01 -3.214395e-01
    outer loop
      vertex   3.000000e+00 1.870459e+01 5.724693e+00
      vertex   5.000000e+00 1.870459e+01 5.724693e+00
      vertex   3.000000e+00 1.858686e+01 6.071514e+00
    endloop
  endfacet
  facet normal 0.000000e+00 -9.469301e-01 -3.214395e-01
    outer loop
      vertex   3.000000e+00 1.858686e+01 6.071514e+00
      vertex   5.000000e+00 1.870459e+01 5.724693e+00
      vertex   5.000000e+00 1.858686e+01 6.071514e+00
    endloop
  endfacet
  facet normal 0.000000e+00 -8.968727e-01 -4.422887e-01
    outer loop
      vertex   3.000000e+00 1.858686e+01 6.071514e+00
      vertex   5.000000e+00 1.858686e+01 6.071514e+00
      vertex   3.000000e+00 1.842487e+01 6.400000e+00
    endloop
  endfacet
  facet normal 0.000000e+00 -8.968727e-01 -4.422887e-01
    outer loop
      vertex   3.000000e+00 1.842487e+01 6.400000e+00
      vertex   5.000000e+00 1.858686e+01 6.071514e+00
      vertex   5.000000e+00 1.842487e+01 6.400000e+00
    endloop
  endfacet
  facet normal 0.000000e+00 -8.314696e-01 -5.555702e-01
    outer loop
      vertex   3.000000e+00 1.842487e+01 6.400000e+00
      vertex   5.000000e+00 1.842487e+01 6.400000e+00
      vertex   3.000000e+00 1.822139e+01 6.704532e+00
    endloop
  endfacet
  facet normal 0.000000e+00 -8.314696e-01 -5.555702e-01
    outer loop
      vertex   3.000000e+00 1.822139e+01 6.704532e+00
      vertex   5.000000e+00 1.842487e+01 6.400000e+00
      vertex   5.000000e+00 1.822139e+01 6.704532e+00
    endloop
  endfacet
  facet normal 0.000000e+00 -7.518398e-01 -6.593458e-01
    outer loop
      vertex   3.000000e+00 1.822139e+01 6.704532e+00
      vertex   5.000000e+00 1.822139e+01 6.704532e+00
      vertex   3.000000e+00 1.797990e+01 6.979899e+00
    endloop
  endfacet
  facet normal 0.000000e+00 -7.518398e-01 -6.593458e-01
    outer loop
      vertex   3.000000e+00 1.797990e+01 6.979899e+00
      vertex   5.000000e+00 1.822139e+01 6.704532e+00
      vertex   5.000000e+00 1.797990e+01 6.979899e+00
    endloop
  endfacet
  facet normal 0.000000e+00 -6.593458e-01 -7.518398e-01
    outer loop
      vertex   3.000000e+00 1.797990e+01 6.979899e+00
      vertex   5.000000e+00 1.797990e+01 6.979899e+00
      vertex   3.000000e+00 1.770453e+01 7.221389e+00
    endloop
  endfacet
  facet normal 0.000000e+00 -6.593458e-01 -7.518398e-01
    outer loop
      vertex   3.000000e+00 1.770453e+01 7.221389e+00
      vertex   5.000000e+00 1.797990e+01 6.979899e+00
      vertex   5.000000e+00 1.770453e+01 7.221389e+00
    endloop
  endfacet
  facet normal 0.000000e+00 -5.555702e-01 -8.314696e-01
    outer loop
      vertex   3.000000e+00 1.770453e+01 7.221389e+00
      vertex   5.000000e+00 1.770453e+01 7.221389e+00
      vertex   3.000000e+00 1.740000e+01 7.424871e+00
    endloop
  endfacet
  facet normal 0.000000e+00 -5.555702e-01 -8.314696e-01
    outer loop
      vertex   3.000000e+00 1.740000e+01 7.424871e+00
      vertex   5.000000e+00 1.770453e+01 7.221389e+00
      vertex   5.000000e+00 1.740000e+01 7.424871e+00
    endloop
  endfacet
  facet normal 0.000000e+00 -4.422887e-01 -8.968727e-01
    outer loop
      vertex   3.000000e+00 1.740000e+01 7.424871e+00
      vertex   5.000000e+00 1.740000e+01 7.424871e+00
      vertex   3.000000e+00 1.707151e+01 7.586863e+00
    endloop
  endfacet
  facet normal 0.000000e+00 -4.422887e-01 -8.968727e-01
    outer loop
      vertex   3.000000e+00 1.707151e+01 7.586863e+00
      vertex   5.000000e+00 1.740000e+01 7.424871e+00
      vertex   5.000000e+00 1.707151e+01 7.586863e+00
    endloop
  endfacet
  facet normal 0.000000e+00 -3.214395e-01 -9.469301e-01
    outer loop
      vertex   3.000000e+00 1.707151e+01 7.586863e+00
      vertex   5.000000e+00 1.707151e+01 7.586863e+00
      vertex   3.000000e+00 1.672469e+01 7.704592e+00
    endloop
  endfacet
  facet normal 0.000000e+00 -3.214395e-01 -9.469301e-01
    outer loop
      vertex   3.000000e+00 1.672469e+01 7.704592e+00
      vertex   5.000000e+00 1.707151e+01 7.586863e+00
      vertex   5.000000e+00 1.672469e+01 7.704592e+00
    endloop
  endfacet
  facet normal 0.000000e+00 -1.950903e-01 -9.807853e-01
    outer loop
      vertex   3.000000e+00 1.672469e+01 7.704592e+00
      vertex   5.000000e+00 1.672469e+01 7.704592e+00
      vertex   3.000000e+00 1.636547e+01 7.776046e+00
    endloop
  endfacet
  facet normal 0.000000e+00 -1.950903e-01 -9.807853e-01
    outer loop
      vertex   3.000000e+00 1.636547e+01 7.776046e+00
      vertex   5.000000e+00 1.672469e+01 7.704592e+00
      vertex   5.000000e+00 1.636547e+01 7.776046e+00
    endloop
  endfacet
  facet normal -0.000000e+00 -0.000000e+00 -1.000000e+00
    outer loop
      vertex   4.500000e+00 1.900000e+01 0.000000e+00
      vertex   4.500000e+00 1.000000e+00 0.000000e+00
      vertex   0.000000e+00 1.900000e+01 0.000000e+00
    endloop
  endfacet
  facet normal 0.000000e+00 0.000000e+00 -1.000000e+00
    outer loop
      vertex   0.000000e+00 1.900000e+01 0.000000e+00
      vertex   4.500000e+00 1.000000e+00 0.000000e+00
      vertex   0.000000e+00 1.000000e+00 0.000000e+00
    endloop
  endfacet
  facet normal 0.000000e+00 7.071068e-01 -7.071068e-01
    outer loop
      vertex   4.500000e+00 2.000000e+01 1.000000e+00
      vertex   4.500000e+00 1.900000e+01 0.000000e+00
      vertex   0.000000e+00 2.000000e+01 1.000000e+00
    endloop
  endfacet
  facet normal 0.000000e+00 7.071068e-01 -7.071068e-01
    outer loop
      vertex   0.000000e+00 2.000000e+01 1.000000e+00
      vertex   4.500000e+00 1.900000e+01 0.000000e+00
      vertex   0.000000e+00 1.900000e+01 0.000000e+00
    endloop
  endfacet
  facet normal 0.000000e+00 1.000000e+00 0.000000e+00
    outer loop
      vertex   4.500000e+00 2.000000e+01 2.300000e+01
      vertex   4.500000e+00 2.000000e+01 1.000000e+00
      vertex   0.000000e+00 2.000000e+01 2.300000e+01
    endloop
  endfacet
  facet normal 0.000000e+00 1.000000e+00 0.000000e+00
    outer loop
      vertex   0.000000e+00 2.000000e+01 2.300000e+01
      vertex   4.500000e+00 2.000000e+01 1.000000e+00
      vertex   0.000000e+00 2.000000e+01 1.000000e+00
    endloop
  endfacet
  facet normal 0.000000e+00 7.071068e-01 7.071068e-01
    outer loop
      vertex   4.500000e+00 1.900000e+01 2.400000e+01
      vertex   4.500000e+00 2.000000e+01 2.300000e+01
      vertex   0.000000e+00 1.900000e+01 2.400000e+01
    endloop
  endfacet
  facet normal 0.000000e+00 7.071068e-01 7.071068e-01
    outer loop
      vertex   0.000000e+00 1.900000e+01 2.400000e+01
      vertex   4.500000e+00 2.000000e+01 2.300000e+01
      vertex   0.000000e+00 2.000000e+01 2.300000e+01
    endloop
  endfacet
  facet normal 7.071068e-01 5.000000e-01 -5.000000e-01
    outer loop
      vertex   4.500000e+00 1.900000e+01 0.000000e+00
      vertex   4.500000e+00 2.000000e+01 1.000000e+00
      vertex   5.000000e+00 1.879289e+01 5.000000e-01
    endloop
  endfacet
  facet normal 7.071068e-01 5.000000e-01 -5.000000e-01
    outer loop
      vertex   5.000000e+00 1.879289e+01 5.000000e-01
      vertex   4.500000e+00 2.000000e+01 1.000000e+00
      vertex   5.000000e+00 1.950000e+01 1.207107e+00
    endloop
  endfacet
  facet normal 7.071068e-01 7.071068e-01 -0.000000e+00
    outer loop
      vertex   4.500000e+00 2.000000e+01 1.000000e+00
      vertex   4.500000e+00 2.000000e+01 2.300000e+01
      vertex   5.000000e+00 1.950000e+01 1.207107e+00
    endloop
  endfacet
  facet normal 7.071068e-01 7.071068e-01 -0.000000e+00
    outer loop
      vertex   5.000000e+00 1.950000e+01 1.207107e+00
      vertex   4.500000e+00 2.000000e+01 2.300000e+01
      vertex   5.000000e+00 1.950000e+01 2.279289e+01
    endloop
  endfacet
  facet normal 7.071068e-01 5.000000e-01 5.000000e-01
    outer loop
      vertex   4.500000e+00 1.900000e+01 2.400000e+01
      vertex   5.000000e+00 1.879289e+01 2.350000e+01
      vertex   4.500000e+00 2.000000e+01 2.300000e+01
    endloop
  endfacet
  facet normal 7.071068e-01 5.000000e-01 5.000000e-01
    outer loop
      vertex   4.500000e+00 2.000000e+01 2.300000e+01
      vertex   5.000000e+00 1.879289e+01 2.350000e+01
      vertex   5.000000e+00 1.950000e+01 2.279289e+01
    endloop
  endfacet
  facet normal 7.071068e-01 -0.000000e+00 7.071068e-01
    outer loop
      vertex   5.000000e+00 1.207107e+00 2.350000e+01
      vertex   5.000000e+00 1.879289e+01 2.350000e+01
      vertex   4.500000e+00 1.000000e+00 2.400000e+01
    endloop
  endfacet
  facet normal 7.071068e-01 -0.000000e+00 7.071068e-01
    outer loop
      vertex   4.500000e+00 1.000000e+00 2.400000e+01
      vertex   5.000000e+00 1.879289e+01 2.350000e+01
      vertex   4.500000e+00 1.900000e+01 2.400000e+01
    endloop
  endfacet
  facet normal 7.071068e-01 -5.000000e-01 5.000000e-01
    outer loop
      vertex   5.000000e+00 5.000000e-01 2.279289e+01
      vertex   5.000000e+00 1.207107e+00 2.350000e+01
      vertex   4.500000e+00 1.387779e-16 2.300000e+01
    endloop
  endfacet
  facet normal 7.071068e-01 -5.000000e-01 5.000000e-01
    outer loop
      vertex   4.500000e+00 1.387779e-16 2.300000e+01
      vertex   5.000000e+00 1.207107e+00 2.350000e+01
      vertex   4.500000e+00 1.000000e+00 2.400000e+01
    endloop
  endfacet
  facet normal 7.071068e-01 -7.071068e-01 -1.091060e-17
    outer loop
      vertex   5.000000e+00 5.000000e-01 1.207107e+00
      vertex   5.000000e+00 5.000000e-01 2.279289e+01
      vertex   4.500000e+00 0.000000e+00 1.000000e+00
    endloop
  endfacet
  facet normal 7.071068e-01 -7.071068e-01 4.460490e-18
    outer loop
      vertex   4.500000e+00 0.000000e+00 1.000000e+00
      vertex   5.000000e+00 5.000000e-01 2.279289e+01
      vertex   4.500000e+00 1.387779e-16 2.300000e+01
    endloop
  endfacet
  facet normal 7.071068e-01 -5.000000e-01 -5.000000e-01
    outer loop
      vertex   5.000000e+00 5.000000e-01 1.207107e+00
      vertex   4.500000e+00 0.000000e+00 1.000000e+00
      vertex   5.000000e+00 1.207107e+00 5.000000e-01
    endloop
  endfacet
  facet normal 7.071068e-01 -5.000000e-01 -5.000000e-01
    outer loop
      vertex   5.000000e+00 1.207107e+00 5.000000e-01
      vertex   4.500000e+00 0.000000e+00 1.000000e+00
      vertex   4.500000e+00 1.000000e+00 0.000000e+00
    endloop
  endfacet
  facet normal 7.071068e-01 8.928190e-18 -7.071068e-01
    outer loop
      vertex   5.000000e+00 1.207107e+00 5.000000e-01
      vertex   4.500000e+00 1.000000e+00 0.000000e+00
      vertex   5.000000e+00 1.879289e+01 5.000000e-01
    endloop
  endfacet
  facet normal 7.071068e-01 0.000000e+00 -7.071068e-01
    outer loop
      vertex   5.000000e+00 1.879289e+01 5.000000e-01
      vertex   4.500000e+00 1.000000e+00 0.000000e+00
      vertex   4.500000e+00 1.900000e+01 0.000000e+00
    endloop
  endfacet
endsolid
