solid ASCII
  facet normal -0.000000e+00 -7.071068e-01 -7.071068e-01
    outer loop
      vertex   -2.329182e-15 1.000000e+00 -1.200000e+01
      vertex   0.000000e+00 0.000000e+00 -1.100000e+01
      vertex   -9.500000e+01 1.000000e+00 -1.200000e+01
    endloop
  endfacet
  facet normal -5.265773e-17 -7.071068e-01 -7.071068e-01
    outer loop
      vertex   -9.500000e+01 1.000000e+00 -1.200000e+01
      vertex   0.000000e+00 0.000000e+00 -1.100000e+01
      vertex   -9.541421e+01 0.000000e+00 -1.100000e+01
    endloop
  endfacet
  facet normal -5.000000e-01 -7.071068e-01 5.000000e-01
    outer loop
      vertex   -1.470000e+02 1.000000e+00 1.500000e+01
      vertex   -1.500000e+02 1.000000e+00 1.200000e+01
      vertex   -1.465858e+02 0.000000e+00 1.400000e+01
    endloop
  endfacet
  facet normal -5.000000e-01 -7.071068e-01 5.000000e-01
    outer loop
      vertex   -1.465858e+02 0.000000e+00 1.400000e+01
      vertex   -1.500000e+02 1.000000e+00 1.200000e+01
      vertex   -1.490000e+02 0.000000e+00 1.158579e+01
    endloop
  endfacet
  facet normal -7.071068e-01 -7.071068e-01 -0.000000e+00
    outer loop
      vertex   -1.500000e+02 1.000000e+00 1.200000e+01
      vertex   -1.500000e+02 1.000000e+00 -1.200000e+01
      vertex   -1.490000e+02 0.000000e+00 1.158579e+01
    endloop
  endfacet
  facet normal -7.071068e-01 -7.071068e-01 -0.000000e+00
    outer loop
      vertex   -1.490000e+02 0.000000e+00 1.158579e+01
      vertex   -1.500000e+02 1.000000e+00 -1.200000e+01
      vertex   -1.490000e+02 0.000000e+00 -1.158579e+01
    endloop
  endfacet
  facet normal -5.000000e-01 -7.071068e-01 -5.000000e-01
    outer loop
      vertex   -1.500000e+02 1.000000e+00 -1.200000e+01
      vertex   -1.470000e+02 1.000000e+00 -1.500000e+01
      vertex   -1.490000e+02 0.000000e+00 -1.158579e+01
    endloop
  endfacet
  facet normal -5.000000e-01 -7.071068e-01 -5.000000e-01
    outer loop
      vertex   -1.490000e+02 0.000000e+00 -1.158579e+01
      vertex   -1.470000e+02 1.000000e+00 -1.500000e+01
      vertex   -1.465858e+02 0.000000e+00 -1.400000e+01
    endloop
  endfacet
  facet normal 1.303750e-16 -7.071068e-01 -7.071068e-01
    outer loop
      vertex   -9.841421e+01 0.000000e+00 -1.400000e+01
      vertex   -1.465858e+02 0.000000e+00 -1.400000e+01
      vertex   -9.800000e+01 1.000000e+00 -1.500000e+01
    endloop
  endfacet
  facet normal 1.009345e-16 -7.071068e-01 -7.071068e-01
    outer loop
      vertex   -9.800000e+01 1.000000e+00 -1.500000e+01
      vertex   -1.465858e+02 0.000000e+00 -1.400000e+01
      vertex   -1.470000e+02 1.000000e+00 -1.500000e+01
    endloop
  endfacet
  facet normal 5.000000e-01 -7.071067e-01 -5.000000e-01
    outer loop
      vertex   -9.541421e+01 0.000000e+00 -1.100000e+01
      vertex   -9.841421e+01 0.000000e+00 -1.400000e+01
      vertex   -9.500000e+01 1.000000e+00 -1.200000e+01
    endloop
  endfacet
  facet normal 5.000000e-01 -7.071068e-01 -5.000000e-01
    outer loop
      vertex   -9.500000e+01 1.000000e+00 -1.200000e+01
      vertex   -9.841421e+01 0.000000e+00 -1.400000e+01
      vertex   -9.800000e+01 1.000000e+00 -1.500000e+01
    endloop
  endfacet
  facet normal 4.629653e-02 -7.063486e-01 -7.063486e-01
    outer loop
      vertex   -2.329182e-15 1.000000e+00 -1.200000e+01
      vertex   1.566314e+00 1.000000e+00 -1.189734e+01
      vertex   0.000000e+00 0.000000e+00 -1.100000e+01
    endloop
  endfacet
  facet normal 4.820318e-02 -7.078606e-01 -7.047055e-01
    outer loop
      vertex   0.000000e+00 0.000000e+00 -1.100000e+01
      vertex   1.566314e+00 1.000000e+00 -1.189734e+01
      vertex   1.497833e+00 0.000000e+00 -1.089755e+01
    endloop
  endfacet
  facet normal 1.383682e-01 -7.049553e-01 -6.956237e-01
    outer loop
      vertex   1.497833e+00 0.000000e+00 -1.089755e+01
      vertex   1.566314e+00 1.000000e+00 -1.189734e+01
      vertex   3.105829e+00 1.000000e+00 -1.159111e+01
    endloop
  endfacet
  facet normal 1.434188e-01 -7.092937e-01 -6.901692e-01
    outer loop
      vertex   1.497833e+00 0.000000e+00 -1.089755e+01
      vertex   3.105829e+00 1.000000e+00 -1.159111e+01
      vertex   2.967764e+00 0.000000e+00 -1.059209e+01
    endloop
  endfacet
  facet normal 2.283878e-01 -7.036813e-01 -6.728087e-01
    outer loop
      vertex   2.967764e+00 0.000000e+00 -1.059209e+01
      vertex   3.105829e+00 1.000000e+00 -1.159111e+01
      vertex   4.592201e+00 1.000000e+00 -1.108655e+01
    endloop
  endfacet
  facet normal 2.356258e-01 -7.105829e-01 -6.629875e-01
    outer loop
      vertex   2.967764e+00 0.000000e+00 -1.059209e+01
      vertex   4.592201e+00 1.000000e+00 -1.108655e+01
      vertex   4.382412e+00 0.000000e+00 -1.008932e+01
    endloop
  endfacet
  facet normal 3.147571e-01 -7.025289e-01 -6.382642e-01
    outer loop
      vertex   4.382412e+00 0.000000e+00 -1.008932e+01
      vertex   4.592201e+00 1.000000e+00 -1.108655e+01
      vertex   6.000000e+00 1.000000e+00 -1.039230e+01
    endloop
  endfacet
  facet normal 3.231739e-01 -7.117304e-01 -6.236974e-01
    outer loop
      vertex   4.382412e+00 0.000000e+00 -1.008932e+01
      vertex   6.000000e+00 1.000000e+00 -1.039230e+01
      vertex   5.715423e+00 0.000000e+00 -9.398613e+00
    endloop
  endfacet
  facet normal 3.959381e-01 -7.014997e-01 -5.925632e-01
    outer loop
      vertex   5.715423e+00 0.000000e+00 -9.398613e+00
      vertex   6.000000e+00 1.000000e+00 -1.039230e+01
      vertex   7.305137e+00 1.000000e+00 -9.520240e+00
    endloop
  endfacet
  facet normal 4.045009e-01 -7.127384e-01 -5.730472e-01
    outer loop
      vertex   5.715423e+00 0.000000e+00 -9.398613e+00
      vertex   7.305137e+00 1.000000e+00 -9.520240e+00
      vertex   6.941967e+00 0.000000e+00 -8.532824e+00
    endloop
  endfacet
  facet normal 4.704819e-01 -7.005955e-01 -5.364818e-01
    outer loop
      vertex   6.941967e+00 0.000000e+00 -8.532824e+00
      vertex   7.305137e+00 1.000000e+00 -9.520240e+00
      vertex   8.485281e+00 1.000000e+00 -8.485281e+00
    endloop
  endfacet
  facet normal 4.781591e-01 -7.136084e-01 -5.119833e-01
    outer loop
      vertex   6.941967e+00 0.000000e+00 -8.532824e+00
      vertex   8.485281e+00 1.000000e+00 -8.485281e+00
      vertex   8.039196e+00 0.000000e+00 -7.508085e+00
    endloop
  endfacet
  facet normal 5.370553e-01 -6.998177e-01 -4.709849e-01
    outer loop
      vertex   8.039196e+00 0.000000e+00 -7.508085e+00
      vertex   8.485281e+00 1.000000e+00 -8.485281e+00
      vertex   9.520240e+00 1.000000e+00 -7.305137e+00
    endloop
  endfacet
  facet normal 5.428402e-01 -7.143421e-01 -4.416332e-01
    outer loop
      vertex   8.039196e+00 0.000000e+00 -7.508085e+00
      vertex   9.520240e+00 1.000000e+00 -7.305137e+00
      vertex   8.986669e+00 0.000000e+00 -6.343484e+00
    endloop
  endfacet
  facet normal 5.944657e-01 -6.991676e-01 -3.972093e-01
    outer loop
      vertex   8.986669e+00 0.000000e+00 -6.343484e+00
      vertex   9.520240e+00 1.000000e+00 -7.305137e+00
      vertex   1.039230e+01 1.000000e+00 -6.000000e+00
    endloop
  endfacet
  facet normal 5.973973e-01 -7.149407e-01 -3.632854e-01
    outer loop
      vertex   8.986669e+00 0.000000e+00 -6.343484e+00
      vertex   1.039230e+01 1.000000e+00 -6.000000e+00
      vertex   9.766737e+00 0.000000e+00 -5.060715e+00
    endloop
  endfacet
  facet normal 6.416831e-01 -6.986462e-01 -3.164431e-01
    outer loop
      vertex   9.766737e+00 0.000000e+00 -5.060715e+00
      vertex   1.039230e+01 1.000000e+00 -6.000000e+00
      vertex   1.108655e+01 1.000000e+00 -4.592201e+00
    endloop
  endfacet
  facet normal 6.408646e-01 -7.154052e-01 -2.783668e-01
    outer loop
      vertex   9.766737e+00 0.000000e+00 -5.060715e+00
      vertex   1.108655e+01 1.000000e+00 -4.592201e+00
      vertex   1.036487e+01 0.000000e+00 -3.683676e+00
    endloop
  endfacet
  facet normal 6.778596e-01 -6.982544e-01 -2.301023e-01
    outer loop
      vertex   1.036487e+01 0.000000e+00 -3.683676e+00
      vertex   1.108655e+01 1.000000e+00 -4.592201e+00
      vertex   1.159111e+01 1.000000e+00 -3.105829e+00
    endloop
  endfacet
  facet normal 6.724731e-01 -7.157364e-01 -1.884181e-01
    outer loop
      vertex   1.036487e+01 0.000000e+00 -3.683676e+00
      vertex   1.159111e+01 1.000000e+00 -3.105829e+00
      vertex   1.076992e+01 0.000000e+00 -2.238016e+00
    endloop
  endfacet
  facet normal 7.023449e-01 -6.979929e-01 -1.397051e-01
    outer loop
      vertex   1.076992e+01 0.000000e+00 -2.238016e+00
      vertex   1.159111e+01 1.000000e+00 -3.105829e+00
      vertex   1.189734e+01 1.000000e+00 -1.566314e+00
    endloop
  endfacet
  facet normal 6.916643e-01 -7.159349e-01 -9.506707e-02
    outer loop
      vertex   1.076992e+01 0.000000e+00 -2.238016e+00
      vertex   1.189734e+01 1.000000e+00 -1.566314e+00
      vertex   1.097436e+01 0.000000e+00 -7.506665e-01
    endloop
  endfacet
  facet normal 7.146987e-01 -6.978620e-01 -4.684383e-02
    outer loop
      vertex   1.097436e+01 0.000000e+00 -7.506665e-01
      vertex   1.189734e+01 1.000000e+00 -1.566314e+00
      vertex   1.200000e+01 1.000000e+00 -2.664535e-15
    endloop
  endfacet
  facet normal 6.980993e-01 -7.160010e-01 -8.259815e-16
    outer loop
      vertex   1.097436e+01 0.000000e+00 -7.506665e-01
      vertex   1.200000e+01 1.000000e+00 -2.664535e-15
      vertex   1.097436e+01 0.000000e+00 7.506665e-01
    endloop
  endfacet
  facet normal 7.146987e-01 -6.978620e-01 4.684383e-02
    outer loop
      vertex   1.097436e+01 0.000000e+00 7.506665e-01
      vertex   1.200000e+01 1.000000e+00 -2.664535e-15
      vertex   1.189734e+01 1.000000e+00 1.566314e+00
    endloop
  endfacet
  facet normal 6.916643e-01 -7.159349e-01 9.506707e-02
    outer loop
      vertex   1.097436e+01 0.000000e+00 7.506665e-01
      vertex   1.189734e+01 1.000000e+00 1.566314e+00
      vertex   1.076992e+01 0.000000e+00 2.238016e+00
    endloop
  endfacet
  facet normal 7.023449e-01 -6.979929e-01 1.397051e-01
    outer loop
      vertex   1.076992e+01 0.000000e+00 2.238016e+00
      vertex   1.189734e+01 1.000000e+00 1.566314e+00
      vertex   1.159111e+01 1.000000e+00 3.105829e+00
    endloop
  endfacet
  facet normal 6.724731e-01 -7.157364e-01 1.884181e-01
    outer loop
      vertex   1.076992e+01 0.000000e+00 2.238016e+00
      vertex   1.159111e+01 1.000000e+00 3.105829e+00
      vertex   1.036487e+01 0.000000e+00 3.683676e+00
    endloop
  endfacet
  facet normal 6.778596e-01 -6.982544e-01 2.301023e-01
    outer loop
      vertex   1.036487e+01 0.000000e+00 3.683676e+00
      vertex   1.159111e+01 1.000000e+00 3.105829e+00
      vertex   1.108655e+01 1.000000e+00 4.592201e+00
    endloop
  endfacet
  facet normal 6.408646e-01 -7.154052e-01 2.783668e-01
    outer loop
      vertex   1.036487e+01 0.000000e+00 3.683676e+00
      vertex   1.108655e+01 1.000000e+00 4.592201e+00
      vertex   9.766737e+00 0.000000e+00 5.060715e+00
    endloop
  endfacet
  facet normal 6.416831e-01 -6.986462e-01 3.164431e-01
    outer loop
      vertex   9.766737e+00 0.000000e+00 5.060715e+00
      vertex   1.108655e+01 1.000000e+00 4.592201e+00
      vertex   1.039230e+01 1.000000e+00 6.000000e+00
    endloop
  endfacet
  facet normal 5.973973e-01 -7.149407e-01 3.632854e-01
    outer loop
      vertex   9.766737e+00 0.000000e+00 5.060715e+00
      vertex   1.039230e+01 1.000000e+00 6.000000e+00
      vertex   8.986669e+00 0.000000e+00 6.343484e+00
    endloop
  endfacet
  facet normal 5.944657e-01 -6.991676e-01 3.972093e-01
    outer loop
      vertex   8.986669e+00 0.000000e+00 6.343484e+00
      vertex   1.039230e+01 1.000000e+00 6.000000e+00
      vertex   9.520240e+00 1.000000e+00 7.305137e+00
    endloop
  endfacet
  facet normal 5.428402e-01 -7.143421e-01 4.416332e-01
    outer loop
      vertex   8.986669e+00 0.000000e+00 6.343484e+00
      vertex   9.520240e+00 1.000000e+00 7.305137e+00
      vertex   8.039196e+00 0.000000e+00 7.508085e+00
    endloop
  endfacet
  facet normal 5.370553e-01 -6.998177e-01 4.709849e-01
    outer loop
      vertex   8.039196e+00 0.000000e+00 7.508085e+00
      vertex   9.520240e+00 1.000000e+00 7.305137e+00
      vertex   8.485281e+00 1.000000e+00 8.485281e+00
    endloop
  endfacet
  facet normal 4.781591e-01 -7.136084e-01 5.119833e-01
    outer loop
      vertex   8.039196e+00 0.000000e+00 7.508085e+00
      vertex   8.485281e+00 1.000000e+00 8.485281e+00
      vertex   6.941967e+00 0.000000e+00 8.532824e+00
    endloop
  endfacet
  facet normal 4.704819e-01 -7.005955e-01 5.364818e-01
    outer loop
      vertex   6.941967e+00 0.000000e+00 8.532824e+00
      vertex   8.485281e+00 1.000000e+00 8.485281e+00
      vertex   7.305137e+00 1.000000e+00 9.520240e+00
    endloop
  endfacet
  facet normal 4.045009e-01 -7.127384e-01 5.730472e-01
    outer loop
      vertex   6.941967e+00 0.000000e+00 8.532824e+00
      vertex   7.305137e+00 1.000000e+00 9.520240e+00
      vertex   5.715423e+00 0.000000e+00 9.398613e+00
    endloop
  endfacet
  facet normal 3.959381e-01 -7.014997e-01 5.925632e-01
    outer loop
      vertex   5.715423e+00 0.000000e+00 9.398613e+00
      vertex   7.305137e+00 1.000000e+00 9.520240e+00
      vertex   6.000000e+00 1.000000e+00 1.039230e+01
    endloop
  endfacet
  facet normal 3.231739e-01 -7.117304e-01 6.236974e-01
    outer loop
      vertex   5.715423e+00 0.000000e+00 9.398613e+00
      vertex   6.000000e+00 1.000000e+00 1.039230e+01
      vertex   4.382412e+00 0.000000e+00 1.008932e+01
    endloop
  endfacet
  facet normal 3.147571e-01 -7.025289e-01 6.382642e-01
    outer loop
      vertex   4.382412e+00 0.000000e+00 1.008932e+01
      vertex   6.000000e+00 1.000000e+00 1.039230e+01
      vertex   4.592201e+00 1.000000e+00 1.108655e+01
    endloop
  endfacet
  facet normal 2.356258e-01 -7.105829e-01 6.629875e-01
    outer loop
      vertex   4.382412e+00 0.000000e+00 1.008932e+01
      vertex   4.592201e+00 1.000000e+00 1.108655e+01
      vertex   2.967764e+00 0.000000e+00 1.059209e+01
    endloop
  endfacet
  facet normal 2.283878e-01 -7.036813e-01 6.728087e-01
    outer loop
      vertex   2.967764e+00 0.000000e+00 1.059209e+01
      vertex   4.592201e+00 1.000000e+00 1.108655e+01
      vertex   3.105829e+00 1.000000e+00 1.159111e+01
    endloop
  endfacet
  facet normal 1.434188e-01 -7.092937e-01 6.901692e-01
    outer loop
      vertex   2.967764e+00 0.000000e+00 1.059209e+01
      vertex   3.105829e+00 1.000000e+00 1.159111e+01
      vertex   1.497833e+00 0.000000e+00 1.089755e+01
    endloop
  endfacet
  facet normal 1.383682e-01 -7.049553e-01 6.956237e-01
    outer loop
      vertex   1.497833e+00 0.000000e+00 1.089755e+01
      vertex   3.105829e+00 1.000000e+00 1.159111e+01
      vertex   1.566314e+00 1.000000e+00 1.189734e+01
    endloop
  endfacet
  facet normal 4.820318e-02 -7.078606e-01 7.047055e-01
    outer loop
      vertex   1.497833e+00 0.000000e+00 1.089755e+01
      vertex   1.566314e+00 1.000000e+00 1.189734e+01
      vertex   3.116046e-15 0.000000e+00 1.100000e+01
    endloop
  endfacet
  facet normal 4.629653e-02 -7.063486e-01 7.063486e-01
    outer loop
      vertex   3.116046e-15 0.000000e+00 1.100000e+01
      vertex   1.566314e+00 1.000000e+00 1.189734e+01
      vertex   2.099015e-15 1.000000e+00 1.200000e+01
    endloop
  endfacet
  facet normal -1.316443e-17 -7.071068e-01 7.071068e-01
    outer loop
      vertex   -9.541421e+01 0.000000e+00 1.100000e+01
      vertex   3.116046e-15 0.000000e+00 1.100000e+01
      vertex   -9.500000e+01 1.000000e+00 1.200000e+01
    endloop
  endfacet
  facet normal -3.966549e-17 -7.071068e-01 7.071068e-01
    outer loop
      vertex   -9.500000e+01 1.000000e+00 1.200000e+01
      vertex   3.116046e-15 0.000000e+00 1.100000e+01
      vertex   2.099015e-15 1.000000e+00 1.200000e+01
    endloop
  endfacet
  facet normal 0.000000e+00 -7.071068e-01 7.071068e-01
    outer loop
      vertex   -9.800000e+01 1.000000e+00 1.500000e+01
      vertex   -1.470000e+02 1.000000e+00 1.500000e+01
      vertex   -9.841421e+01 0.000000e+00 1.400000e+01
    endloop
  endfacet
  facet normal -5.215001e-17 -7.071068e-01 7.071068e-01
    outer loop
      vertex   -9.841421e+01 0.000000e+00 1.400000e+01
      vertex   -1.470000e+02 1.000000e+00 1.500000e+01
      vertex   -1.465858e+02 0.000000e+00 1.400000e+01
    endloop
  endfacet
  facet normal 5.000000e-01 -7.071068e-01 5.000000e-01
    outer loop
      vertex   -9.800000e+01 1.000000e+00 1.500000e+01
      vertex   -9.841421e+01 0.000000e+00 1.400000e+01
      vertex   -9.500000e+01 1.000000e+00 1.200000e+01
    endloop
  endfacet
  facet normal 5.000000e-01 -7.071067e-01 5.000000e-01
    outer loop
      vertex   -9.500000e+01 1.000000e+00 1.200000e+01
      vertex   -9.841421e+01 0.000000e+00 1.400000e+01
      vertex   -9.541421e+01 0.000000e+00 1.100000e+01
    endloop
  endfacet
  facet normal 7.071068e-01 0.000000e+00 -7.071068e-01
    outer loop
      vertex   -9.500000e+01 1.000000e+00 -1.200000e+01
      vertex   -9.800000e+01 1.000000e+00 -1.500000e+01
      vertex   -9.500000e+01 1.100000e+01 -1.200000e+01
    endloop
  endfacet
  facet normal 7.071068e-01 0.000000e+00 -7.071068e-01
    outer loop
      vertex   -9.500000e+01 1.100000e+01 -1.200000e+01
      vertex   -9.800000e+01 1.000000e+00 -1.500000e+01
      vertex   -9.800000e+01 1.100000e+01 -1.500000e+01
    endloop
  endfacet
  facet normal 1.450087e-16 0.000000e+00 -1.000000e+00
    outer loop
      vertex   -9.800000e+01 1.000000e+00 -1.500000e+01
      vertex   -1.470000e+02 1.000000e+00 -1.500000e+01
      vertex   -9.800000e+01 1.100000e+01 -1.500000e+01
    endloop
  endfacet
  facet normal 1.450087e-16 0.000000e+00 -1.000000e+00
    outer loop
      vertex   -9.800000e+01 1.100000e+01 -1.500000e+01
      vertex   -1.470000e+02 1.000000e+00 -1.500000e+01
      vertex   -1.470000e+02 1.100000e+01 -1.500000e+01
    endloop
  endfacet
  facet normal -7.071068e-01 0.000000e+00 -7.071068e-01
    outer loop
      vertex   -1.470000e+02 1.000000e+00 -1.500000e+01
      vertex   -1.500000e+02 1.000000e+00 -1.200000e+01
      vertex   -1.470000e+02 1.100000e+01 -1.500000e+01
    endloop
  endfacet
  facet normal -7.071068e-01 0.000000e+00 -7.071068e-01
    outer loop
      vertex   -1.470000e+02 1.100000e+01 -1.500000e+01
      vertex   -1.500000e+02 1.000000e+00 -1.200000e+01
      vertex   -1.500000e+02 1.100000e+01 -1.200000e+01
    endloop
  endfacet
  facet normal -1.000000e+00 0.000000e+00 0.000000e+00
    outer loop
      vertex   -1.500000e+02 1.000000e+00 -1.200000e+01
      vertex   -1.500000e+02 1.000000e+00 1.200000e+01
      vertex   -1.500000e+02 1.100000e+01 -1.200000e+01
    endloop
  endfacet
  facet normal -1.000000e+00 0.000000e+00 0.000000e+00
    outer loop
      vertex   -1.500000e+02 1.100000e+01 -1.200000e+01
      vertex   -1.500000e+02 1.000000e+00 1.200000e+01
      vertex   -1.500000e+02 1.100000e+01 1.200000e+01
    endloop
  endfacet
  facet normal -7.071068e-01 0.000000e+00 7.071068e-01
    outer loop
      vertex   -1.500000e+02 1.000000e+00 1.200000e+01
      vertex   -1.470000e+02 1.000000e+00 1.500000e+01
      vertex   -1.500000e+02 1.100000e+01 1.200000e+01
    endloop
  endfacet
  facet normal -7.071068e-01 0.000000e+00 7.071068e-01
    outer loop
      vertex   -1.500000e+02 1.100000e+01 1.200000e+01
      vertex   -1.470000e+02 1.000000e+00 1.500000e+01
      vertex   -1.470000e+02 1.100000e+01 1.500000e+01
    endloop
  endfacet
  facet normal -6.963964e-01 -7.159269e-01 4.980725e-02
    outer loop
      vertex   9.898214e+00 1.000000e+00 -1.423148e+00
      vertex   1.097436e+01 0.000000e+00 -7.506665e-01
      vertex   1.000000e+01 1.000000e+00 -1.224647e-15
    endloop
  endfacet
  facet normal -7.162305e-01 -6.978638e-01 8.474341e-16
    outer loop
      vertex   1.000000e+01 1.000000e+00 -1.224647e-15
      vertex   1.097436e+01 0.000000e+00 -7.506665e-01
      vertex   1.097436e+01 0.000000e+00 7.506665e-01
    endloop
  endfacet
  facet normal -6.963964e-01 -7.159269e-01 -4.980725e-02
    outer loop
      vertex   1.000000e+01 1.000000e+00 -1.224647e-15
      vertex   1.097436e+01 0.000000e+00 7.506665e-01
      vertex   9.898214e+00 1.000000e+00 1.423148e+00
    endloop
  endfacet
  facet normal -7.094911e-01 -6.979346e-01 -9.751731e-02
    outer loop
      vertex   9.898214e+00 1.000000e+00 1.423148e+00
      vertex   1.097436e+01 0.000000e+00 7.506665e-01
      vertex   1.076992e+01 0.000000e+00 2.238016e+00
    endloop
  endfacet
  facet normal -6.823643e-01 -7.157826e-01 -1.484393e-01
    outer loop
      vertex   9.898214e+00 1.000000e+00 1.423148e+00
      vertex   1.076992e+01 0.000000e+00 2.238016e+00
      vertex   9.594930e+00 1.000000e+00 2.817326e+00
    endloop
  endfacet
  facet normal -6.894050e-01 -6.981469e-01 -1.931622e-01
    outer loop
      vertex   9.594930e+00 1.000000e+00 2.817326e+00
      vertex   1.076992e+01 0.000000e+00 2.238016e+00
      vertex   1.036487e+01 0.000000e+00 3.683676e+00
    endloop
  endfacet
  facet normal -6.545711e-01 -7.154936e-01 -2.441424e-01
    outer loop
      vertex   9.594930e+00 1.000000e+00 2.817326e+00
      vertex   1.036487e+01 0.000000e+00 3.683676e+00
      vertex   9.096320e+00 1.000000e+00 4.154150e+00
    endloop
  endfacet
  facet normal -6.563654e-01 -6.985003e-01 -2.850997e-01
    outer loop
      vertex   9.096320e+00 1.000000e+00 4.154150e+00
      vertex   1.036487e+01 0.000000e+00 3.683676e+00
      vertex   9.766737e+00 0.000000e+00 5.060715e+00
    endloop
  endfacet
  facet normal -6.135535e-01 -7.150595e-01 -3.350255e-01
    outer loop
      vertex   9.096320e+00 1.000000e+00 4.154150e+00
      vertex   9.766737e+00 0.000000e+00 5.060715e+00
      vertex   8.412535e+00 1.000000e+00 5.406408e+00
    endloop
  endfacet
  facet normal -6.110187e-01 -6.989942e-01 -3.715687e-01
    outer loop
      vertex   8.412535e+00 1.000000e+00 5.406408e+00
      vertex   9.766737e+00 0.000000e+00 5.060715e+00
      vertex   8.986669e+00 0.000000e+00 6.343484e+00
    endloop
  endfacet
  facet normal -5.601039e-01 -7.144794e-01 -4.192885e-01
    outer loop
      vertex   8.412535e+00 1.000000e+00 5.406408e+00
      vertex   8.986669e+00 0.000000e+00 6.343484e+00
      vertex   7.557496e+00 1.000000e+00 6.548607e+00
    endloop
  endfacet
  facet normal -5.542516e-01 -6.996277e-01 -4.509171e-01
    outer loop
      vertex   7.557496e+00 1.000000e+00 6.548607e+00
      vertex   8.986669e+00 0.000000e+00 6.343484e+00
      vertex   8.039196e+00 0.000000e+00 7.508085e+00
    endloop
  endfacet
  facet normal -4.952564e-01 -7.137522e-01 -4.952564e-01
    outer loop
      vertex   7.557496e+00 1.000000e+00 6.548607e+00
      vertex   8.039196e+00 0.000000e+00 7.508085e+00
      vertex   6.548607e+00 1.000000e+00 7.557496e+00
    endloop
  endfacet
  facet normal -4.871729e-01 -7.003996e-01 -5.216348e-01
    outer loop
      vertex   6.548607e+00 1.000000e+00 7.557496e+00
      vertex   8.039196e+00 0.000000e+00 7.508085e+00
      vertex   6.941967e+00 0.000000e+00 8.532824e+00
    endloop
  endfacet
  facet normal -4.202671e-01 -7.128766e-01 -5.614112e-01
    outer loop
      vertex   6.548607e+00 1.000000e+00 7.557496e+00
      vertex   6.941967e+00 0.000000e+00 8.532824e+00
      vertex   5.406408e+00 1.000000e+00 8.412535e+00
    endloop
  endfacet
  facet normal -4.110910e-01 -7.013088e-01 -5.823832e-01
    outer loop
      vertex   5.406408e+00 1.000000e+00 8.412535e+00
      vertex   6.941967e+00 0.000000e+00 8.532824e+00
      vertex   5.715423e+00 0.000000e+00 9.398613e+00
    endloop
  endfacet
  facet normal -3.365912e-01 -7.118509e-01 -6.164208e-01
    outer loop
      vertex   5.406408e+00 1.000000e+00 8.412535e+00
      vertex   5.715423e+00 0.000000e+00 9.398613e+00
      vertex   4.154150e+00 1.000000e+00 9.096320e+00
    endloop
  endfacet
  facet normal -3.274874e-01 -7.023534e-01 -6.320219e-01
    outer loop
      vertex   4.154150e+00 1.000000e+00 9.096320e+00
      vertex   5.715423e+00 0.000000e+00 9.398613e+00
      vertex   4.382412e+00 0.000000e+00 1.008932e+01
    endloop
  endfacet
  facet normal -2.458558e-01 -7.106732e-01 -6.591650e-01
    outer loop
      vertex   4.154150e+00 1.000000e+00 9.096320e+00
      vertex   4.382412e+00 0.000000e+00 1.008932e+01
      vertex   2.817326e+00 1.000000e+00 9.594930e+00
    endloop
  endfacet
  facet normal -2.379868e-01 -7.035318e-01 -6.696307e-01
    outer loop
      vertex   2.817326e+00 1.000000e+00 9.594930e+00
      vertex   4.382412e+00 0.000000e+00 1.008932e+01
      vertex   2.967764e+00 0.000000e+00 1.059209e+01
    endloop
  endfacet
  facet normal -1.498299e-01 -7.093413e-01 -6.887568e-01
    outer loop
      vertex   2.817326e+00 1.000000e+00 9.594930e+00
      vertex   2.967764e+00 0.000000e+00 1.059209e+01
      vertex   1.423148e+00 1.000000e+00 9.898214e+00
    endloop
  endfacet
  facet normal -1.443245e-01 -7.048418e-01 -6.945276e-01
    outer loop
      vertex   1.423148e+00 1.000000e+00 9.898214e+00
      vertex   2.967764e+00 0.000000e+00 1.059209e+01
      vertex   1.497833e+00 0.000000e+00 1.089755e+01
    endloop
  endfacet
  facet normal -5.039116e-02 -7.078526e-01 -7.045605e-01
    outer loop
      vertex   1.423148e+00 1.000000e+00 9.898214e+00
      vertex   1.497833e+00 0.000000e+00 1.089755e+01
      vertex   -6.123234e-16 1.000000e+00 1.000000e+01
    endloop
  endfacet
  facet normal -4.831095e-02 -7.062811e-01 -7.062811e-01
    outer loop
      vertex   -6.123234e-16 1.000000e+00 1.000000e+01
      vertex   1.497833e+00 0.000000e+00 1.089755e+01
      vertex   3.116046e-15 0.000000e+00 1.100000e+01
    endloop
  endfacet
  facet normal 4.831095e-02 -7.062811e-01 -7.062811e-01
    outer loop
      vertex   -6.123234e-16 1.000000e+00 1.000000e+01
      vertex   3.116046e-15 0.000000e+00 1.100000e+01
      vertex   -1.497833e+00 0.000000e+00 1.089755e+01
    endloop
  endfacet
  facet normal -7.094911e-01 -6.979346e-01 9.751731e-02
    outer loop
      vertex   1.097436e+01 0.000000e+00 -7.506665e-01
      vertex   9.898214e+00 1.000000e+00 -1.423148e+00
      vertex   1.076992e+01 0.000000e+00 -2.238016e+00
    endloop
  endfacet
  facet normal -6.823643e-01 -7.157826e-01 1.484393e-01
    outer loop
      vertex   1.076992e+01 0.000000e+00 -2.238016e+00
      vertex   9.898214e+00 1.000000e+00 -1.423148e+00
      vertex   9.594930e+00 1.000000e+00 -2.817326e+00
    endloop
  endfacet
  facet normal -6.894050e-01 -6.981469e-01 1.931622e-01
    outer loop
      vertex   1.076992e+01 0.000000e+00 -2.238016e+00
      vertex   9.594930e+00 1.000000e+00 -2.817326e+00
      vertex   1.036487e+01 0.000000e+00 -3.683676e+00
    endloop
  endfacet
  facet normal -6.545711e-01 -7.154936e-01 2.441424e-01
    outer loop
      vertex   1.036487e+01 0.000000e+00 -3.683676e+00
      vertex   9.594930e+00 1.000000e+00 -2.817326e+00
      vertex   9.096320e+00 1.000000e+00 -4.154150e+00
    endloop
  endfacet
  facet normal -6.563654e-01 -6.985003e-01 2.850997e-01
    outer loop
      vertex   1.036487e+01 0.000000e+00 -3.683676e+00
      vertex   9.096320e+00 1.000000e+00 -4.154150e+00
      vertex   9.766737e+00 0.000000e+00 -5.060715e+00
    endloop
  endfacet
  facet normal -6.135535e-01 -7.150595e-01 3.350255e-01
    outer loop
      vertex   9.766737e+00 0.000000e+00 -5.060715e+00
      vertex   9.096320e+00 1.000000e+00 -4.154150e+00
      vertex   8.412535e+00 1.000000e+00 -5.406408e+00
    endloop
  endfacet
  facet normal -6.110187e-01 -6.989942e-01 3.715687e-01
    outer loop
      vertex   9.766737e+00 0.000000e+00 -5.060715e+00
      vertex   8.412535e+00 1.000000e+00 -5.406408e+00
      vertex   8.986669e+00 0.000000e+00 -6.343484e+00
    endloop
  endfacet
  facet normal -5.601039e-01 -7.144794e-01 4.192885e-01
    outer loop
      vertex   8.986669e+00 0.000000e+00 -6.343484e+00
      vertex   8.412535e+00 1.000000e+00 -5.406408e+00
      vertex   7.557496e+00 1.000000e+00 -6.548607e+00
    endloop
  endfacet
  facet normal -5.542516e-01 -6.996277e-01 4.509171e-01
    outer loop
      vertex   8.986669e+00 0.000000e+00 -6.343484e+00
      vertex   7.557496e+00 1.000000e+00 -6.548607e+00
      vertex   8.039196e+00 0.000000e+00 -7.508085e+00
    endloop
  endfacet
  facet normal -4.952564e-01 -7.137522e-01 4.952564e-01
    outer loop
      vertex   8.039196e+00 0.000000e+00 -7.508085e+00
      vertex   7.557496e+00 1.000000e+00 -6.548607e+00
      vertex   6.548607e+00 1.000000e+00 -7.557496e+00
    endloop
  endfacet
  facet normal -4.871729e-01 -7.003996e-01 5.216348e-01
    outer loop
      vertex   8.039196e+00 0.000000e+00 -7.508085e+00
      vertex   6.548607e+00 1.000000e+00 -7.557496e+00
      vertex   6.941967e+00 0.000000e+00 -8.532824e+00
    endloop
  endfacet
  facet normal -4.202671e-01 -7.128766e-01 5.614112e-01
    outer loop
      vertex   6.941967e+00 0.000000e+00 -8.532824e+00
      vertex   6.548607e+00 1.000000e+00 -7.557496e+00
      vertex   5.406408e+00 1.000000e+00 -8.412535e+00
    endloop
  endfacet
  facet normal -4.110910e-01 -7.013088e-01 5.823832e-01
    outer loop
      vertex   6.941967e+00 0.000000e+00 -8.532824e+00
      vertex   5.406408e+00 1.000000e+00 -8.412535e+00
      vertex   5.715423e+00 0.000000e+00 -9.398613e+00
    endloop
  endfacet
  facet normal -3.365912e-01 -7.118509e-01 6.164208e-01
    outer loop
      vertex   5.715423e+00 0.000000e+00 -9.398613e+00
      vertex   5.406408e+00 1.000000e+00 -8.412535e+00
      vertex   4.154150e+00 1.000000e+00 -9.096320e+00
    endloop
  endfacet
  facet normal -3.274874e-01 -7.023534e-01 6.320219e-01
    outer loop
      vertex   5.715423e+00 0.000000e+00 -9.398613e+00
      vertex   4.154150e+00 1.000000e+00 -9.096320e+00
      vertex   4.382412e+00 0.000000e+00 -1.008932e+01
    endloop
  endfacet
  facet normal -2.458558e-01 -7.106732e-01 6.591650e-01
    outer loop
      vertex   4.382412e+00 0.000000e+00 -1.008932e+01
      vertex   4.154150e+00 1.000000e+00 -9.096320e+00
      vertex   2.817326e+00 1.000000e+00 -9.594930e+00
    endloop
  endfacet
  facet normal -2.379868e-01 -7.035318e-01 6.696307e-01
    outer loop
      vertex   4.382412e+00 0.000000e+00 -1.008932e+01
      vertex   2.817326e+00 1.000000e+00 -9.594930e+00
      vertex   2.967764e+00 0.000000e+00 -1.059209e+01
    endloop
  endfacet
  facet normal -1.498299e-01 -7.093413e-01 6.887568e-01
    outer loop
      vertex   2.967764e+00 0.000000e+00 -1.059209e+01
      vertex   2.817326e+00 1.000000e+00 -9.594930e+00
      vertex   1.423148e+00 1.000000e+00 -9.898214e+00
    endloop
  endfacet
  facet normal -1.443245e-01 -7.048418e-01 6.945276e-01
    outer loop
      vertex   2.967764e+00 0.000000e+00 -1.059209e+01
      vertex   1.423148e+00 1.000000e+00 -9.898214e+00
      vertex   1.497833e+00 0.000000e+00 -1.089755e+01
    endloop
  endfacet
  facet normal -5.039116e-02 -7.078526e-01 7.045605e-01
    outer loop
      vertex   1.497833e+00 0.000000e+00 -1.089755e+01
      vertex   1.423148e+00 1.000000e+00 -9.898214e+00
      vertex   -6.123234e-16 1.000000e+00 -1.000000e+01
    endloop
  endfacet
  facet normal -4.831095e-02 -7.062811e-01 7.062811e-01
    outer loop
      vertex   1.497833e+00 0.000000e+00 -1.089755e+01
      vertex   -6.123234e-16 1.000000e+00 -1.000000e+01
      vertex   0.000000e+00 0.000000e+00 -1.100000e+01
    endloop
  endfacet
  facet normal 4.831095e-02 -7.062811e-01 7.062811e-01
    outer loop
      vertex   0.000000e+00 0.000000e+00 -1.100000e+01
      vertex   -6.123234e-16 1.000000e+00 -1.000000e+01
      vertex   -1.497833e+00 0.000000e+00 -1.089755e+01
    endloop
  endfacet
  facet normal 5.039116e-02 -7.078526e-01 7.045605e-01
    outer loop
      vertex   -1.497833e+00 0.000000e+00 -1.089755e+01
      vertex   -6.123234e-16 1.000000e+00 -1.000000e+01
      vertex   -1.423148e+00 1.000000e+00 -9.898214e+00
    endloop
  endfacet
  facet normal 1.443245e-01 -7.048418e-01 6.945276e-01
    outer loop
      vertex   -1.497833e+00 0.000000e+00 -1.089755e+01
      vertex   -1.423148e+00 1.000000e+00 -9.898214e+00
      vertex   -2.967764e+00 0.000000e+00 -1.059209e+01
    endloop
  endfacet
  facet normal 1.498299e-01 -7.093413e-01 6.887568e-01
    outer loop
      vertex   -2.967764e+00 0.000000e+00 -1.059209e+01
      vertex   -1.423148e+00 1.000000e+00 -9.898214e+00
      vertex   -2.817326e+00 1.000000e+00 -9.594930e+00
    endloop
  endfacet
  facet normal 2.379868e-01 -7.035318e-01 6.696307e-01
    outer loop
      vertex   -2.967764e+00 0.000000e+00 -1.059209e+01
      vertex   -2.817326e+00 1.000000e+00 -9.594930e+00
      vertex   -4.382412e+00 0.000000e+00 -1.008932e+01
    endloop
  endfacet
  facet normal 2.458558e-01 -7.106732e-01 6.591650e-01
    outer loop
      vertex   -4.382412e+00 0.000000e+00 -1.008932e+01
      vertex   -2.817326e+00 1.000000e+00 -9.594930e+00
      vertex   -4.154150e+00 1.000000e+00 -9.096320e+00
    endloop
  endfacet
  facet normal 3.274874e-01 -7.023534e-01 6.320219e-01
    outer loop
      vertex   -4.382412e+00 0.000000e+00 -1.008932e+01
      vertex   -4.154150e+00 1.000000e+00 -9.096320e+00
      vertex   -5.715423e+00 0.000000e+00 -9.398613e+00
    endloop
  endfacet
  facet normal 3.365912e-01 -7.118509e-01 6.164208e-01
    outer loop
      vertex   -5.715423e+00 0.000000e+00 -9.398613e+00
      vertex   -4.154150e+00 1.000000e+00 -9.096320e+00
      vertex   -5.406408e+00 1.000000e+00 -8.412535e+00
    endloop
  endfacet
  facet normal 4.110910e-01 -7.013088e-01 5.823832e-01
    outer loop
      vertex   -5.715423e+00 0.000000e+00 -9.398613e+00
      vertex   -5.406408e+00 1.000000e+00 -8.412535e+00
      vertex   -6.941967e+00 0.000000e+00 -8.532824e+00
    endloop
  endfacet
  facet normal 4.202671e-01 -7.128766e-01 5.614112e-01
    outer loop
      vertex   -6.941967e+00 0.000000e+00 -8.532824e+00
      vertex   -5.406408e+00 1.000000e+00 -8.412535e+00
      vertex   -6.548607e+00 1.000000e+00 -7.557496e+00
    endloop
  endfacet
  facet normal 4.871729e-01 -7.003996e-01 5.216348e-01
    outer loop
      vertex   -6.941967e+00 0.000000e+00 -8.532824e+00
      vertex   -6.548607e+00 1.000000e+00 -7.557496e+00
      vertex   -8.039196e+00 0.000000e+00 -7.508085e+00
    endloop
  endfacet
  facet normal 4.952564e-01 -7.137522e-01 4.952564e-01
    outer loop
      vertex   -8.039196e+00 0.000000e+00 -7.508085e+00
      vertex   -6.548607e+00 1.000000e+00 -7.557496e+00
      vertex   -7.557496e+00 1.000000e+00 -6.548607e+00
    endloop
  endfacet
  facet normal 5.542516e-01 -6.996277e-01 4.509171e-01
    outer loop
      vertex   -8.039196e+00 0.000000e+00 -7.508085e+00
      vertex   -7.557496e+00 1.000000e+00 -6.548607e+00
      vertex   -8.986669e+00 0.000000e+00 -6.343484e+00
    endloop
  endfacet
  facet normal 5.601039e-01 -7.144794e-01 4.192885e-01
    outer loop
      vertex   -8.986669e+00 0.000000e+00 -6.343484e+00
      vertex   -7.557496e+00 1.000000e+00 -6.548607e+00
      vertex   -8.412535e+00 1.000000e+00 -5.406408e+00
    endloop
  endfacet
  facet normal 6.110187e-01 -6.989942e-01 3.715687e-01
    outer loop
      vertex   -8.986669e+00 0.000000e+00 -6.343484e+00
      vertex   -8.412535e+00 1.000000e+00 -5.406408e+00
      vertex   -9.766737e+00 0.000000e+00 -5.060715e+00
    endloop
  endfacet
  facet normal 6.135535e-01 -7.150595e-01 3.350255e-01
    outer loop
      vertex   -9.766737e+00 0.000000e+00 -5.060715e+00
      vertex   -8.412535e+00 1.000000e+00 -5.406408e+00
      vertex   -9.096320e+00 1.000000e+00 -4.154150e+00
    endloop
  endfacet
  facet normal 6.563654e-01 -6.985003e-01 2.850997e-01
    outer loop
      vertex   -9.766737e+00 0.000000e+00 -5.060715e+00
      vertex   -9.096320e+00 1.000000e+00 -4.154150e+00
      vertex   -1.036487e+01 0.000000e+00 -3.683676e+00
    endloop
  endfacet
  facet normal 6.545711e-01 -7.154936e-01 2.441424e-01
    outer loop
      vertex   -1.036487e+01 0.000000e+00 -3.683676e+00
      vertex   -9.096320e+00 1.000000e+00 -4.154150e+00
      vertex   -9.594930e+00 1.000000e+00 -2.817326e+00
    endloop
  endfacet
  facet normal 6.894050e-01 -6.981469e-01 1.931622e-01
    outer loop
      vertex   -1.036487e+01 0.000000e+00 -3.683676e+00
      vertex   -9.594930e+00 1.000000e+00 -2.817326e+00
      vertex   -1.076992e+01 0.000000e+00 -2.238016e+00
    endloop
  endfacet
  facet normal 6.823643e-01 -7.157826e-01 1.484393e-01
    outer loop
      vertex   -1.076992e+01 0.000000e+00 -2.238016e+00
      vertex   -9.594930e+00 1.000000e+00 -2.817326e+00
      vertex   -9.898214e+00 1.000000e+00 -1.423148e+00
    endloop
  endfacet
  facet normal 7.094911e-01 -6.979346e-01 9.751731e-02
    outer loop
      vertex   -1.076992e+01 0.000000e+00 -2.238016e+00
      vertex   -9.898214e+00 1.000000e+00 -1.423148e+00
      vertex   -1.097436e+01 0.000000e+00 -7.506665e-01
    endloop
  endfacet
  facet normal 6.963964e-01 -7.159269e-01 4.980725e-02
    outer loop
      vertex   -1.097436e+01 0.000000e+00 -7.506665e-01
      vertex   -9.898214e+00 1.000000e+00 -1.423148e+00
      vertex   -1.000000e+01 1.000000e+00 0.000000e+00
    endloop
  endfacet
  facet normal 7.162305e-01 -6.978638e-01 -8.474341e-16
    outer loop
      vertex   -1.097436e+01 0.000000e+00 -7.506665e-01
      vertex   -1.000000e+01 1.000000e+00 0.000000e+00
      vertex   -1.097436e+01 0.000000e+00 7.506665e-01
    endloop
  endfacet
  facet normal 6.963964e-01 -7.159269e-01 -4.980725e-02
    outer loop
      vertex   -1.097436e+01 0.000000e+00 7.506665e-01
      vertex   -1.000000e+01 1.000000e+00 0.000000e+00
      vertex   -9.898214e+00 1.000000e+00 1.423148e+00
    endloop
  endfacet
  facet normal 7.094911e-01 -6.979346e-01 -9.751731e-02
    outer loop
      vertex   -1.097436e+01 0.000000e+00 7.506665e-01
      vertex   -9.898214e+00 1.000000e+00 1.423148e+00
      vertex   -1.076992e+01 0.000000e+00 2.238016e+00
    endloop
  endfacet
  facet normal 6.823643e-01 -7.157826e-01 -1.484393e-01
    outer loop
      vertex   -1.076992e+01 0.000000e+00 2.238016e+00
      vertex   -9.898214e+00 1.000000e+00 1.423148e+00
      vertex   -9.594930e+00 1.000000e+00 2.817326e+00
    endloop
  endfacet
  facet normal 6.894050e-01 -6.981469e-01 -1.931622e-01
    outer loop
      vertex   -1.076992e+01 0.000000e+00 2.238016e+00
      vertex   -9.594930e+00 1.000000e+00 2.817326e+00
      vertex   -1.036487e+01 0.000000e+00 3.683676e+00
    endloop
  endfacet
  facet normal 6.545711e-01 -7.154936e-01 -2.441424e-01
    outer loop
      vertex   -1.036487e+01 0.000000e+00 3.683676e+00
      vertex   -9.594930e+00 1.000000e+00 2.817326e+00
      vertex   -9.096320e+00 1.000000e+00 4.154150e+00
    endloop
  endfacet
  facet normal 6.563654e-01 -6.985003e-01 -2.850997e-01
    outer loop
      vertex   -1.036487e+01 0.000000e+00 3.683676e+00
      vertex   -9.096320e+00 1.000000e+00 4.154150e+00
      vertex   -9.766737e+00 0.000000e+00 5.060715e+00
    endloop
  endfacet
  facet normal 6.135535e-01 -7.150595e-01 -3.350255e-01
    outer loop
      vertex   -9.766737e+00 0.000000e+00 5.060715e+00
      vertex   -9.096320e+00 1.000000e+00 4.154150e+00
      vertex   -8.412535e+00 1.000000e+00 5.406408e+00
    endloop
  endfacet
  facet normal 6.110187e-01 -6.989942e-01 -3.715687e-01
    outer loop
      vertex   -9.766737e+00 0.000000e+00 5.060715e+00
      vertex   -8.412535e+00 1.000000e+00 5.406408e+00
      vertex   -8.986669e+00 0.000000e+00 6.343484e+00
    endloop
  endfacet
  facet normal 5.601039e-01 -7.144794e-01 -4.192885e-01
    outer loop
      vertex   -8.986669e+00 0.000000e+00 6.343484e+00
      vertex   -8.412535e+00 1.000000e+00 5.406408e+00
      vertex   -7.557496e+00 1.000000e+00 6.548607e+00
    endloop
  endfacet
  facet normal 5.542516e-01 -6.996277e-01 -4.509171e-01
    outer loop
      vertex   -8.986669e+00 0.000000e+00 6.343484e+00
      vertex   -7.557496e+00 1.000000e+00 6.548607e+00
      vertex   -8.039196e+00 0.000000e+00 7.508085e+00
    endloop
  endfacet
  facet normal 4.952564e-01 -7.137522e-01 -4.952564e-01
    outer loop
      vertex   -8.039196e+00 0.000000e+00 7.508085e+00
      vertex   -7.557496e+00 1.000000e+00 6.548607e+00
      vertex   -6.548607e+00 1.000000e+00 7.557496e+00
    endloop
  endfacet
  facet normal 4.871729e-01 -7.003996e-01 -5.216348e-01
    outer loop
      vertex   -8.039196e+00 0.000000e+00 7.508085e+00
      vertex   -6.548607e+00 1.000000e+00 7.557496e+00
      vertex   -6.941967e+00 0.000000e+00 8.532824e+00
    endloop
  endfacet
  facet normal 4.202671e-01 -7.128766e-01 -5.614112e-01
    outer loop
      vertex   -6.941967e+00 0.000000e+00 8.532824e+00
      vertex   -6.548607e+00 1.000000e+00 7.557496e+00
      vertex   -5.406408e+00 1.000000e+00 8.412535e+00
    endloop
  endfacet
  facet normal 4.110910e-01 -7.013088e-01 -5.823832e-01
    outer loop
      vertex   -6.941967e+00 0.000000e+00 8.532824e+00
      vertex   -5.406408e+00 1.000000e+00 8.412535e+00
      vertex   -5.715423e+00 0.000000e+00 9.398613e+00
    endloop
  endfacet
  facet normal 3.365912e-01 -7.118509e-01 -6.164208e-01
    outer loop
      vertex   -5.715423e+00 0.000000e+00 9.398613e+00
      vertex   -5.406408e+00 1.000000e+00 8.412535e+00
      vertex   -4.154150e+00 1.000000e+00 9.096320e+00
    endloop
  endfacet
  facet normal 3.274874e-01 -7.023534e-01 -6.320219e-01
    outer loop
      vertex   -5.715423e+00 0.000000e+00 9.398613e+00
      vertex   -4.154150e+00 1.000000e+00 9.096320e+00
      vertex   -4.382412e+00 0.000000e+00 1.008932e+01
    endloop
  endfacet
  facet normal 2.458558e-01 -7.106732e-01 -6.591650e-01
    outer loop
      vertex   -4.382412e+00 0.000000e+00 1.008932e+01
      vertex   -4.154150e+00 1.000000e+00 9.096320e+00
      vertex   -2.817326e+00 1.000000e+00 9.594930e+00
    endloop
  endfacet
  facet normal 2.379868e-01 -7.035318e-01 -6.696307e-01
    outer loop
      vertex   -4.382412e+00 0.000000e+00 1.008932e+01
      vertex   -2.817326e+00 1.000000e+00 9.594930e+00
      vertex   -2.967764e+00 0.000000e+00 1.059209e+01
    endloop
  endfacet
  facet normal 1.498299e-01 -7.093413e-01 -6.887568e-01
    outer loop
      vertex   -2.967764e+00 0.000000e+00 1.059209e+01
      vertex   -2.817326e+00 1.000000e+00 9.594930e+00
      vertex   -1.423148e+00 1.000000e+00 9.898214e+00
    endloop
  endfacet
  facet normal 1.443245e-01 -7.048418e-01 -6.945276e-01
    outer loop
      vertex   -2.967764e+00 0.000000e+00 1.059209e+01
      vertex   -1.423148e+00 1.000000e+00 9.898214e+00
      vertex   -1.497833e+00 0.000000e+00 1.089755e+01
    endloop
  endfacet
  facet normal 5.039116e-02 -7.078526e-01 -7.045605e-01
    outer loop
      vertex   -1.497833e+00 0.000000e+00 1.089755e+01
      vertex   -1.423148e+00 1.000000e+00 9.898214e+00
      vertex   -6.123234e-16 1.000000e+00 1.000000e+01
    endloop
  endfacet
  facet normal 0.000000e+00 -1.000000e+00 0.000000e+00
    outer loop
      vertex   0.000000e+00 0.000000e+00 -1.100000e+01
      vertex   -1.497833e+00 0.000000e+00 -1.089755e+01
      vertex   -9.541421e+01 0.000000e+00 -1.100000e+01
    endloop
  endfacet
  facet normal 0.000000e+00 -1.000000e+00 0.000000e+00
    outer loop
      vertex   -9.541421e+01 0.000000e+00 -1.100000e+01
      vertex   -1.497833e+00 0.000000e+00 -1.089755e+01
      vertex   -2.967764e+00 0.000000e+00 -1.059209e+01
    endloop
  endfacet
  facet normal 0.000000e+00 -1.000000e+00 0.000000e+00
    outer loop
      vertex   -9.541421e+01 0.000000e+00 -1.100000e+01
      vertex   -2.967764e+00 0.000000e+00 -1.059209e+01
      vertex   -4.382412e+00 0.000000e+00 -1.008932e+01
    endloop
  endfacet
  facet normal -0.000000e+00 -1.000000e+00 0.000000e+00
    outer loop
      vertex   -4.382412e+00 0.000000e+00 -1.008932e+01
      vertex   -5.715423e+00 0.000000e+00 -9.398613e+00
      vertex   -9.541421e+01 0.000000e+00 -1.100000e+01
    endloop
  endfacet
  facet normal 0.000000e+00 -1.000000e+00 0.000000e+00
    outer loop
      vertex   -9.541421e+01 0.000000e+00 -1.100000e+01
      vertex   -5.715423e+00 0.000000e+00 -9.398613e+00
      vertex   -6.941967e+00 0.000000e+00 -8.532824e+00
    endloop
  endfacet
  facet normal 0.000000e+00 -1.000000e+00 0.000000e+00
    outer loop
      vertex   -9.541421e+01 0.000000e+00 -1.100000e+01
      vertex   -6.941967e+00 0.000000e+00 -8.532824e+00
      vertex   -8.039196e+00 0.000000e+00 -7.508085e+00
    endloop
  endfacet
  facet normal -0.000000e+00 -1.000000e+00 0.000000e+00
    outer loop
      vertex   -8.039196e+00 0.000000e+00 -7.508085e+00
      vertex   -8.986669e+00 0.000000e+00 -6.343484e+00
      vertex   -9.541421e+01 0.000000e+00 -1.100000e+01
    endloop
  endfacet
  facet normal 0.000000e+00 -1.000000e+00 0.000000e+00
    outer loop
      vertex   -9.541421e+01 0.000000e+00 -1.100000e+01
      vertex   -8.986669e+00 0.000000e+00 -6.343484e+00
      vertex   -9.766737e+00 0.000000e+00 -5.060715e+00
    endloop
  endfacet
  facet normal 0.000000e+00 -1.000000e+00 0.000000e+00
    outer loop
      vertex   -9.541421e+01 0.000000e+00 -1.100000e+01
      vertex   -9.766737e+00 0.000000e+00 -5.060715e+00
      vertex   -1.036487e+01 0.000000e+00 -3.683676e+00
    endloop
  endfacet
  facet normal -0.000000e+00 -1.000000e+00 0.000000e+00
    outer loop
      vertex   -1.036487e+01 0.000000e+00 -3.683676e+00
      vertex   -1.076992e+01 0.000000e+00 -2.238016e+00
      vertex   -9.541421e+01 0.000000e+00 -1.100000e+01
    endloop
  endfacet
  facet normal 0.000000e+00 -1.000000e+00 0.000000e+00
    outer loop
      vertex   -9.541421e+01 0.000000e+00 -1.100000e+01
      vertex   -1.076992e+01 0.000000e+00 -2.238016e+00
      vertex   -1.097436e+01 0.000000e+00 -7.506665e-01
    endloop
  endfacet
  facet normal 0.000000e+00 -1.000000e+00 0.000000e+00
    outer loop
      vertex   -9.541421e+01 0.000000e+00 -1.100000e+01
      vertex   -1.097436e+01 0.000000e+00 -7.506665e-01
      vertex   -1.097436e+01 0.000000e+00 7.506665e-01
    endloop
  endfacet
  facet normal 0.000000e+00 -1.000000e+00 0.000000e+00
    outer loop
      vertex   -9.541421e+01 0.000000e+00 -1.100000e+01
      vertex   -1.097436e+01 0.000000e+00 7.506665e-01
      vertex   -9.541421e+01 0.000000e+00 1.100000e+01
    endloop
  endfacet
  facet normal 0.000000e+00 -1.000000e+00 0.000000e+00
    outer loop
      vertex   -9.541421e+01 0.000000e+00 1.100000e+01
      vertex   -1.097436e+01 0.000000e+00 7.506665e-01
      vertex   -1.076992e+01 0.000000e+00 2.238016e+00
    endloop
  endfacet
  facet normal 0.000000e+00 -1.000000e+00 0.000000e+00
    outer loop
      vertex   -9.541421e+01 0.000000e+00 1.100000e+01
      vertex   -1.076992e+01 0.000000e+00 2.238016e+00
      vertex   -1.036487e+01 0.000000e+00 3.683676e+00
    endloop
  endfacet
  facet normal 0.000000e+00 -1.000000e+00 0.000000e+00
    outer loop
      vertex   -1.036487e+01 0.000000e+00 3.683676e+00
      vertex   -9.766737e+00 0.000000e+00 5.060715e+00
      vertex   -9.541421e+01 0.000000e+00 1.100000e+01
    endloop
  endfacet
  facet normal 0.000000e+00 -1.000000e+00 0.000000e+00
    outer loop
      vertex   -9.541421e+01 0.000000e+00 1.100000e+01
      vertex   -9.766737e+00 0.000000e+00 5.060715e+00
      vertex   -8.986669e+00 0.000000e+00 6.343484e+00
    endloop
  endfacet
  facet normal 0.000000e+00 -1.000000e+00 0.000000e+00
    outer loop
      vertex   -9.541421e+01 0.000000e+00 1.100000e+01
      vertex   -8.986669e+00 0.000000e+00 6.343484e+00
      vertex   -8.039196e+00 0.000000e+00 7.508085e+00
    endloop
  endfacet
  facet normal 0.000000e+00 -1.000000e+00 0.000000e+00
    outer loop
      vertex   -8.039196e+00 0.000000e+00 7.508085e+00
      vertex   -6.941967e+00 0.000000e+00 8.532824e+00
      vertex   -9.541421e+01 0.000000e+00 1.100000e+01
    endloop
  endfacet
  facet normal 0.000000e+00 -1.000000e+00 0.000000e+00
    outer loop
      vertex   -9.541421e+01 0.000000e+00 1.100000e+01
      vertex   -6.941967e+00 0.000000e+00 8.532824e+00
      vertex   -5.715423e+00 0.000000e+00 9.398613e+00
    endloop
  endfacet
  facet normal 0.000000e+00 -1.000000e+00 0.000000e+00
    outer loop
      vertex   -9.541421e+01 0.000000e+00 1.100000e+01
      vertex   -5.715423e+00 0.000000e+00 9.398613e+00
      vertex   -4.382412e+00 0.000000e+00 1.008932e+01
    endloop
  endfacet
  facet normal 0.000000e+00 -1.000000e+00 0.000000e+00
    outer loop
      vertex   -4.382412e+00 0.000000e+00 1.008932e+01
      vertex   -2.967764e+00 0.000000e+00 1.059209e+01
      vertex   -9.541421e+01 0.000000e+00 1.100000e+01
    endloop
  endfacet
  facet normal 0.000000e+00 -1.000000e+00 0.000000e+00
    outer loop
      vertex   -9.541421e+01 0.000000e+00 1.100000e+01
      vertex   -2.967764e+00 0.000000e+00 1.059209e+01
      vertex   -1.497833e+00 0.000000e+00 1.089755e+01
    endloop
  endfacet
  facet normal 0.000000e+00 -1.000000e+00 0.000000e+00
    outer loop
      vertex   -9.541421e+01 0.000000e+00 1.100000e+01
      vertex   -1.497833e+00 0.000000e+00 1.089755e+01
      vertex   3.116046e-15 0.000000e+00 1.100000e+01
    endloop
  endfacet
  facet normal 0.000000e+00 -1.000000e+00 0.000000e+00
    outer loop
      vertex   -9.541421e+01 0.000000e+00 -1.100000e+01
      vertex   -9.541421e+01 0.000000e+00 1.100000e+01
      vertex   -1.040000e+02 0.000000e+00 1.130000e+01
    endloop
  endfacet
  facet normal 0.000000e+00 -1.000000e+00 0.000000e+00
    outer loop
      vertex   -1.040000e+02 0.000000e+00 1.130000e+01
      vertex   -9.541421e+01 0.000000e+00 1.100000e+01
      vertex   -9.841421e+01 0.000000e+00 1.400000e+01
    endloop
  endfacet
  facet normal 0.000000e+00 -1.000000e+00 0.000000e+00
    outer loop
      vertex   -1.040000e+02 0.000000e+00 1.130000e+01
      vertex   -9.841421e+01 0.000000e+00 1.400000e+01
      vertex   -1.465858e+02 0.000000e+00 1.400000e+01
    endloop
  endfacet
  facet normal -0.000000e+00 -1.000000e+00 0.000000e+00
    outer loop
      vertex   -1.040000e+02 0.000000e+00 1.130000e+01
      vertex   -1.465858e+02 0.000000e+00 1.400000e+01
      vertex   -1.460000e+02 0.000000e+00 1.130000e+01
    endloop
  endfacet
  facet normal 0.000000e+00 -1.000000e+00 0.000000e+00
    outer loop
      vertex   -1.460000e+02 0.000000e+00 1.130000e+01
      vertex   -1.465858e+02 0.000000e+00 1.400000e+01
      vertex   -1.490000e+02 0.000000e+00 1.158579e+01
    endloop
  endfacet
  facet normal -0.000000e+00 -1.000000e+00 -0.000000e+00
    outer loop
      vertex   -1.460000e+02 0.000000e+00 1.130000e+01
      vertex   -1.490000e+02 0.000000e+00 1.158579e+01
      vertex   -1.460000e+02 0.000000e+00 -1.130000e+01
    endloop
  endfacet
  facet normal -0.000000e+00 -1.000000e+00 0.000000e+00
    outer loop
      vertex   -1.460000e+02 0.000000e+00 -1.130000e+01
      vertex   -1.490000e+02 0.000000e+00 1.158579e+01
      vertex   -1.490000e+02 0.000000e+00 -1.158579e+01
    endloop
  endfacet
  facet normal 0.000000e+00 -1.000000e+00 0.000000e+00
    outer loop
      vertex   -1.460000e+02 0.000000e+00 -1.130000e+01
      vertex   -1.490000e+02 0.000000e+00 -1.158579e+01
      vertex   -1.465858e+02 0.000000e+00 -1.400000e+01
    endloop
  endfacet
  facet normal 0.000000e+00 -1.000000e+00 -0.000000e+00
    outer loop
      vertex   -1.460000e+02 0.000000e+00 -1.130000e+01
      vertex   -1.465858e+02 0.000000e+00 -1.400000e+01
      vertex   -1.040000e+02 0.000000e+00 -1.130000e+01
    endloop
  endfacet
  facet normal 0.000000e+00 -1.000000e+00 -0.000000e+00
    outer loop
      vertex   -1.040000e+02 0.000000e+00 -1.130000e+01
      vertex   -1.465858e+02 0.000000e+00 -1.400000e+01
      vertex   -9.841421e+01 0.000000e+00 -1.400000e+01
    endloop
  endfacet
  facet normal 0.000000e+00 -1.000000e+00 0.000000e+00
    outer loop
      vertex   -1.040000e+02 0.000000e+00 -1.130000e+01
      vertex   -9.841421e+01 0.000000e+00 -1.400000e+01
      vertex   -9.541421e+01 0.000000e+00 -1.100000e+01
    endloop
  endfacet
  facet normal 0.000000e+00 -1.000000e+00 0.000000e+00
    outer loop
      vertex   -1.040000e+02 0.000000e+00 1.130000e+01
      vertex   -1.040000e+02 0.000000e+00 -1.130000e+01
      vertex   -9.541421e+01 0.000000e+00 -1.100000e+01
    endloop
  endfacet
  facet normal -9.974521e-01 0.000000e+00 7.133918e-02
    outer loop
      vertex   9.898214e+00 2.000000e+00 -1.423148e+00
      vertex   9.898214e+00 1.000000e+00 -1.423148e+00
      vertex   1.000000e+01 2.000000e+00 -1.224647e-15
    endloop
  endfacet
  facet normal -9.974521e-01 0.000000e+00 7.133918e-02
    outer loop
      vertex   1.000000e+01 2.000000e+00 -1.224647e-15
      vertex   9.898214e+00 1.000000e+00 -1.423148e+00
      vertex   1.000000e+01 1.000000e+00 -1.224647e-15
    endloop
  endfacet
  facet normal -9.974521e-01 -0.000000e+00 -7.133918e-02
    outer loop
      vertex   1.000000e+01 2.000000e+00 -1.224647e-15
      vertex   1.000000e+01 1.000000e+00 -1.224647e-15
      vertex   9.898214e+00 2.000000e+00 1.423148e+00
    endloop
  endfacet
  facet normal -9.974521e-01 -0.000000e+00 -7.133918e-02
    outer loop
      vertex   9.898214e+00 2.000000e+00 1.423148e+00
      vertex   1.000000e+01 1.000000e+00 -1.224647e-15
      vertex   9.898214e+00 1.000000e+00 1.423148e+00
    endloop
  endfacet
  facet normal -9.771469e-01 -0.000000e+00 -2.125653e-01
    outer loop
      vertex   9.898214e+00 2.000000e+00 1.423148e+00
      vertex   9.898214e+00 1.000000e+00 1.423148e+00
      vertex   9.594930e+00 2.000000e+00 2.817326e+00
    endloop
  endfacet
  facet normal -9.771469e-01 -0.000000e+00 -2.125653e-01
    outer loop
      vertex   9.594930e+00 2.000000e+00 2.817326e+00
      vertex   9.898214e+00 1.000000e+00 1.423148e+00
      vertex   9.594930e+00 1.000000e+00 2.817326e+00
    endloop
  endfacet
  facet normal -9.369497e-01 -0.000000e+00 -3.494642e-01
    outer loop
      vertex   9.594930e+00 2.000000e+00 2.817326e+00
      vertex   9.594930e+00 1.000000e+00 2.817326e+00
      vertex   9.096320e+00 2.000000e+00 4.154150e+00
    endloop
  endfacet
  facet normal -9.369497e-01 -0.000000e+00 -3.494642e-01
    outer loop
      vertex   9.096320e+00 2.000000e+00 4.154150e+00
      vertex   9.594930e+00 1.000000e+00 2.817326e+00
      vertex   9.096320e+00 1.000000e+00 4.154150e+00
    endloop
  endfacet
  facet normal -8.776790e-01 -0.000000e+00 -4.792490e-01
    outer loop
      vertex   9.096320e+00 2.000000e+00 4.154150e+00
      vertex   9.096320e+00 1.000000e+00 4.154150e+00
      vertex   8.412535e+00 2.000000e+00 5.406408e+00
    endloop
  endfacet
  facet normal -8.776790e-01 -1.415508e-15 -4.792490e-01
    outer loop
      vertex   8.412535e+00 2.000000e+00 5.406408e+00
      vertex   9.096320e+00 1.000000e+00 4.154150e+00
      vertex   8.412535e+00 1.000000e+00 5.406408e+00
    endloop
  endfacet
  facet normal -8.005412e-01 -7.150319e-16 -5.992777e-01
    outer loop
      vertex   8.412535e+00 2.000000e+00 5.406408e+00
      vertex   8.412535e+00 1.000000e+00 5.406408e+00
      vertex   7.557496e+00 2.000000e+00 6.548607e+00
    endloop
  endfacet
  facet normal -8.005412e-01 -7.150319e-16 -5.992777e-01
    outer loop
      vertex   7.557496e+00 2.000000e+00 6.548607e+00
      vertex   8.412535e+00 1.000000e+00 5.406408e+00
      vertex   7.557496e+00 1.000000e+00 6.548607e+00
    endloop
  endfacet
  facet normal -7.071068e-01 0.000000e+00 -7.071068e-01
    outer loop
      vertex   7.557496e+00 2.000000e+00 6.548607e+00
      vertex   7.557496e+00 1.000000e+00 6.548607e+00
      vertex   6.548607e+00 2.000000e+00 7.557496e+00
    endloop
  endfacet
  facet normal -7.071068e-01 -6.280370e-16 -7.071068e-01
    outer loop
      vertex   6.548607e+00 2.000000e+00 7.557496e+00
      vertex   7.557496e+00 1.000000e+00 6.548607e+00
      vertex   6.548607e+00 1.000000e+00 7.557496e+00
    endloop
  endfacet
  facet normal -5.992777e-01 -1.747496e-16 -8.005412e-01
    outer loop
      vertex   6.548607e+00 2.000000e+00 7.557496e+00
      vertex   6.548607e+00 1.000000e+00 7.557496e+00
      vertex   5.406408e+00 2.000000e+00 8.412535e+00
    endloop
  endfacet
  facet normal -5.992777e-01 -1.827664e-16 -8.005412e-01
    outer loop
      vertex   5.406408e+00 2.000000e+00 8.412535e+00
      vertex   6.548607e+00 1.000000e+00 7.557496e+00
      vertex   5.406408e+00 1.000000e+00 8.412535e+00
    endloop
  endfacet
  facet normal -4.792490e-01 -9.898491e-16 -8.776790e-01
    outer loop
      vertex   5.406408e+00 2.000000e+00 8.412535e+00
      vertex   5.406408e+00 1.000000e+00 8.412535e+00
      vertex   4.154150e+00 2.000000e+00 9.096320e+00
    endloop
  endfacet
  facet normal -4.792490e-01 4.256586e-16 -8.776790e-01
    outer loop
      vertex   4.154150e+00 2.000000e+00 9.096320e+00
      vertex   5.406408e+00 1.000000e+00 8.412535e+00
      vertex   4.154150e+00 1.000000e+00 9.096320e+00
    endloop
  endfacet
  facet normal -3.494642e-01 3.103865e-16 -9.369497e-01
    outer loop
      vertex   4.154150e+00 2.000000e+00 9.096320e+00
      vertex   4.154150e+00 1.000000e+00 9.096320e+00
      vertex   2.817326e+00 2.000000e+00 9.594930e+00
    endloop
  endfacet
  facet normal -3.494642e-01 -8.883907e-16 -9.369497e-01
    outer loop
      vertex   2.817326e+00 2.000000e+00 9.594930e+00
      vertex   4.154150e+00 1.000000e+00 9.096320e+00
      vertex   2.817326e+00 1.000000e+00 9.594930e+00
    endloop
  endfacet
  facet normal -2.125653e-01 -1.263772e-15 -9.771469e-01
    outer loop
      vertex   2.817326e+00 2.000000e+00 9.594930e+00
      vertex   2.817326e+00 1.000000e+00 9.594930e+00
      vertex   1.423148e+00 2.000000e+00 9.898214e+00
    endloop
  endfacet
  facet normal -2.125653e-01 -0.000000e+00 -9.771469e-01
    outer loop
      vertex   1.423148e+00 2.000000e+00 9.898214e+00
      vertex   2.817326e+00 1.000000e+00 9.594930e+00
      vertex   1.423148e+00 1.000000e+00 9.898214e+00
    endloop
  endfacet
  facet normal -7.133918e-02 -0.000000e+00 -9.974521e-01
    outer loop
      vertex   1.423148e+00 2.000000e+00 9.898214e+00
      vertex   1.423148e+00 1.000000e+00 9.898214e+00
      vertex   -6.123234e-16 2.000000e+00 1.000000e+01
    endloop
  endfacet
  facet normal -7.133918e-02 -0.000000e+00 -9.974521e-01
    outer loop
      vertex   -6.123234e-16 2.000000e+00 1.000000e+01
      vertex   1.423148e+00 1.000000e+00 9.898214e+00
      vertex   -6.123234e-16 1.000000e+00 1.000000e+01
    endloop
  endfacet
  facet normal 7.133918e-02 0.000000e+00 -9.974521e-01
    outer loop
      vertex   -6.123234e-16 2.000000e+00 1.000000e+01
      vertex   -6.123234e-16 1.000000e+00 1.000000e+01
      vertex   -1.423148e+00 2.000000e+00 9.898214e+00
    endloop
  endfacet
  facet normal 7.133918e-02 0.000000e+00 -9.974521e-01
    outer loop
      vertex   -1.423148e+00 2.000000e+00 9.898214e+00
      vertex   -6.123234e-16 1.000000e+00 1.000000e+01
      vertex   -1.423148e+00 1.000000e+00 9.898214e+00
    endloop
  endfacet
  facet normal 2.125653e-01 0.000000e+00 -9.771469e-01
    outer loop
      vertex   -1.423148e+00 2.000000e+00 9.898214e+00
      vertex   -1.423148e+00 1.000000e+00 9.898214e+00
      vertex   -2.817326e+00 2.000000e+00 9.594930e+00
    endloop
  endfacet
  facet normal 2.125653e-01 2.831939e-16 -9.771469e-01
    outer loop
      vertex   -2.817326e+00 2.000000e+00 9.594930e+00
      vertex   -1.423148e+00 1.000000e+00 9.898214e+00
      vertex   -2.817326e+00 1.000000e+00 9.594930e+00
    endloop
  endfacet
  facet normal 3.494642e-01 4.655798e-16 -9.369497e-01
    outer loop
      vertex   -2.817326e+00 2.000000e+00 9.594930e+00
      vertex   -2.817326e+00 1.000000e+00 9.594930e+00
      vertex   -4.154150e+00 2.000000e+00 9.096320e+00
    endloop
  endfacet
  facet normal 3.494642e-01 6.207731e-16 -9.369497e-01
    outer loop
      vertex   -4.154150e+00 2.000000e+00 9.096320e+00
      vertex   -2.817326e+00 1.000000e+00 9.594930e+00
      vertex   -4.154150e+00 1.000000e+00 9.096320e+00
    endloop
  endfacet
  facet normal 4.792490e-01 8.513172e-16 -8.776790e-01
    outer loop
      vertex   -4.154150e+00 2.000000e+00 9.096320e+00
      vertex   -4.154150e+00 1.000000e+00 9.096320e+00
      vertex   -5.406408e+00 2.000000e+00 8.412535e+00
    endloop
  endfacet
  facet normal 4.792490e-01 1.435634e-16 -8.776790e-01
    outer loop
      vertex   -5.406408e+00 2.000000e+00 8.412535e+00
      vertex   -4.154150e+00 1.000000e+00 9.096320e+00
      vertex   -5.406408e+00 1.000000e+00 8.412535e+00
    endloop
  endfacet
  facet normal 5.992777e-01 7.070151e-16 -8.005412e-01
    outer loop
      vertex   -5.406408e+00 2.000000e+00 8.412535e+00
      vertex   -5.406408e+00 1.000000e+00 8.412535e+00
      vertex   -6.548607e+00 2.000000e+00 7.557496e+00
    endloop
  endfacet
  facet normal 5.992777e-01 0.000000e+00 -8.005412e-01
    outer loop
      vertex   -6.548607e+00 2.000000e+00 7.557496e+00
      vertex   -5.406408e+00 1.000000e+00 8.412535e+00
      vertex   -6.548607e+00 1.000000e+00 7.557496e+00
    endloop
  endfacet
  facet normal 7.071068e-01 0.000000e+00 -7.071068e-01
    outer loop
      vertex   -6.548607e+00 2.000000e+00 7.557496e+00
      vertex   -6.548607e+00 1.000000e+00 7.557496e+00
      vertex   -7.557496e+00 2.000000e+00 6.548607e+00
    endloop
  endfacet
  facet normal 7.071068e-01 0.000000e+00 -7.071068e-01
    outer loop
      vertex   -7.557496e+00 2.000000e+00 6.548607e+00
      vertex   -6.548607e+00 1.000000e+00 7.557496e+00
      vertex   -7.557496e+00 1.000000e+00 6.548607e+00
    endloop
  endfacet
  facet normal 8.005412e-01 0.000000e+00 -5.992777e-01
    outer loop
      vertex   -7.557496e+00 2.000000e+00 6.548607e+00
      vertex   -7.557496e+00 1.000000e+00 6.548607e+00
      vertex   -8.412535e+00 2.000000e+00 5.406408e+00
    endloop
  endfacet
  facet normal 8.005412e-01 0.000000e+00 -5.992777e-01
    outer loop
      vertex   -8.412535e+00 2.000000e+00 5.406408e+00
      vertex   -7.557496e+00 1.000000e+00 6.548607e+00
      vertex   -8.412535e+00 1.000000e+00 5.406408e+00
    endloop
  endfacet
  facet normal 8.776790e-01 0.000000e+00 -4.792490e-01
    outer loop
      vertex   -8.412535e+00 2.000000e+00 5.406408e+00
      vertex   -8.412535e+00 1.000000e+00 5.406408e+00
      vertex   -9.096320e+00 2.000000e+00 4.154150e+00
    endloop
  endfacet
  facet normal 8.776790e-01 -2.128293e-15 -4.792490e-01
    outer loop
      vertex   -9.096320e+00 2.000000e+00 4.154150e+00
      vertex   -8.412535e+00 1.000000e+00 5.406408e+00
      vertex   -9.096320e+00 1.000000e+00 4.154150e+00
    endloop
  endfacet
  facet normal 9.369497e-01 -1.551933e-15 -3.494642e-01
    outer loop
      vertex   -9.096320e+00 2.000000e+00 4.154150e+00
      vertex   -9.096320e+00 1.000000e+00 4.154150e+00
      vertex   -9.594930e+00 2.000000e+00 2.817326e+00
    endloop
  endfacet
  facet normal 9.369497e-01 0.000000e+00 -3.494642e-01
    outer loop
      vertex   -9.594930e+00 2.000000e+00 2.817326e+00
      vertex   -9.096320e+00 1.000000e+00 4.154150e+00
      vertex   -9.594930e+00 1.000000e+00 2.817326e+00
    endloop
  endfacet
  facet normal 9.771469e-01 0.000000e+00 -2.125653e-01
    outer loop
      vertex   -9.594930e+00 2.000000e+00 2.817326e+00
      vertex   -9.594930e+00 1.000000e+00 2.817326e+00
      vertex   -9.898214e+00 2.000000e+00 1.423148e+00
    endloop
  endfacet
  facet normal 9.771469e-01 0.000000e+00 -2.125653e-01
    outer loop
      vertex   -9.898214e+00 2.000000e+00 1.423148e+00
      vertex   -9.594930e+00 1.000000e+00 2.817326e+00
      vertex   -9.898214e+00 1.000000e+00 1.423148e+00
    endloop
  endfacet
  facet normal 9.974521e-01 0.000000e+00 -7.133918e-02
    outer loop
      vertex   -9.898214e+00 2.000000e+00 1.423148e+00
      vertex   -9.898214e+00 1.000000e+00 1.423148e+00
      vertex   -1.000000e+01 2.000000e+00 0.000000e+00
    endloop
  endfacet
  facet normal 9.974521e-01 0.000000e+00 -7.133918e-02
    outer loop
      vertex   -1.000000e+01 2.000000e+00 0.000000e+00
      vertex   -9.898214e+00 1.000000e+00 1.423148e+00
      vertex   -1.000000e+01 1.000000e+00 0.000000e+00
    endloop
  endfacet
  facet normal 9.974521e-01 0.000000e+00 7.133918e-02
    outer loop
      vertex   -1.000000e+01 2.000000e+00 0.000000e+00
      vertex   -1.000000e+01 1.000000e+00 0.000000e+00
      vertex   -9.898214e+00 2.000000e+00 -1.423148e+00
    endloop
  endfacet
  facet normal 9.974521e-01 0.000000e+00 7.133918e-02
    outer loop
      vertex   -9.898214e+00 2.000000e+00 -1.423148e+00
      vertex   -1.000000e+01 1.000000e+00 0.000000e+00
      vertex   -9.898214e+00 1.000000e+00 -1.423148e+00
    endloop
  endfacet
  facet normal 9.771469e-01 0.000000e+00 2.125653e-01
    outer loop
      vertex   -9.898214e+00 2.000000e+00 -1.423148e+00
      vertex   -9.898214e+00 1.000000e+00 -1.423148e+00
      vertex   -9.594930e+00 2.000000e+00 -2.817326e+00
    endloop
  endfacet
  facet normal 9.771469e-01 0.000000e+00 2.125653e-01
    outer loop
      vertex   -9.594930e+00 2.000000e+00 -2.817326e+00
      vertex   -9.898214e+00 1.000000e+00 -1.423148e+00
      vertex   -9.594930e+00 1.000000e+00 -2.817326e+00
    endloop
  endfacet
  facet normal 9.369497e-01 0.000000e+00 3.494642e-01
    outer loop
      vertex   -9.594930e+00 2.000000e+00 -2.817326e+00
      vertex   -9.594930e+00 1.000000e+00 -2.817326e+00
      vertex   -9.096320e+00 2.000000e+00 -4.154150e+00
    endloop
  endfacet
  facet normal 9.369497e-01 1.551933e-15 3.494642e-01
    outer loop
      vertex   -9.096320e+00 2.000000e+00 -4.154150e+00
      vertex   -9.594930e+00 1.000000e+00 -2.817326e+00
      vertex   -9.096320e+00 1.000000e+00 -4.154150e+00
    endloop
  endfacet
  facet normal 8.776790e-01 2.128293e-15 4.792490e-01
    outer loop
      vertex   -9.096320e+00 2.000000e+00 -4.154150e+00
      vertex   -9.096320e+00 1.000000e+00 -4.154150e+00
      vertex   -8.412535e+00 2.000000e+00 -5.406408e+00
    endloop
  endfacet
  facet normal 8.776790e-01 0.000000e+00 4.792490e-01
    outer loop
      vertex   -8.412535e+00 2.000000e+00 -5.406408e+00
      vertex   -9.096320e+00 1.000000e+00 -4.154150e+00
      vertex   -8.412535e+00 1.000000e+00 -5.406408e+00
    endloop
  endfacet
  facet normal 8.005412e-01 0.000000e+00 5.992777e-01
    outer loop
      vertex   -8.412535e+00 2.000000e+00 -5.406408e+00
      vertex   -8.412535e+00 1.000000e+00 -5.406408e+00
      vertex   -7.557496e+00 2.000000e+00 -6.548607e+00
    endloop
  endfacet
  facet normal 8.005412e-01 0.000000e+00 5.992777e-01
    outer loop
      vertex   -7.557496e+00 2.000000e+00 -6.548607e+00
      vertex   -8.412535e+00 1.000000e+00 -5.406408e+00
      vertex   -7.557496e+00 1.000000e+00 -6.548607e+00
    endloop
  endfacet
  facet normal 7.071068e-01 0.000000e+00 7.071068e-01
    outer loop
      vertex   -7.557496e+00 2.000000e+00 -6.548607e+00
      vertex   -7.557496e+00 1.000000e+00 -6.548607e+00
      vertex   -6.548607e+00 2.000000e+00 -7.557496e+00
    endloop
  endfacet
  facet normal 7.071068e-01 0.000000e+00 7.071068e-01
    outer loop
      vertex   -6.548607e+00 2.000000e+00 -7.557496e+00
      vertex   -7.557496e+00 1.000000e+00 -6.548607e+00
      vertex   -6.548607e+00 1.000000e+00 -7.557496e+00
    endloop
  endfacet
  facet normal 5.992777e-01 0.000000e+00 8.005412e-01
    outer loop
      vertex   -6.548607e+00 2.000000e+00 -7.557496e+00
      vertex   -6.548607e+00 1.000000e+00 -7.557496e+00
      vertex   -5.406408e+00 2.000000e+00 -8.412535e+00
    endloop
  endfacet
  facet normal 5.992777e-01 -7.070151e-16 8.005412e-01
    outer loop
      vertex   -5.406408e+00 2.000000e+00 -8.412535e+00
      vertex   -6.548607e+00 1.000000e+00 -7.557496e+00
      vertex   -5.406408e+00 1.000000e+00 -8.412535e+00
    endloop
  endfacet
  facet normal 4.792490e-01 -1.435634e-16 8.776790e-01
    outer loop
      vertex   -5.406408e+00 2.000000e+00 -8.412535e+00
      vertex   -5.406408e+00 1.000000e+00 -8.412535e+00
      vertex   -4.154150e+00 2.000000e+00 -9.096320e+00
    endloop
  endfacet
  facet normal 4.792490e-01 -8.513172e-16 8.776790e-01
    outer loop
      vertex   -4.154150e+00 2.000000e+00 -9.096320e+00
      vertex   -5.406408e+00 1.000000e+00 -8.412535e+00
      vertex   -4.154150e+00 1.000000e+00 -9.096320e+00
    endloop
  endfacet
  facet normal 3.494642e-01 -6.207731e-16 9.369497e-01
    outer loop
      vertex   -4.154150e+00 2.000000e+00 -9.096320e+00
      vertex   -4.154150e+00 1.000000e+00 -9.096320e+00
      vertex   -2.817326e+00 2.000000e+00 -9.594930e+00
    endloop
  endfacet
  facet normal 3.494642e-01 -4.655798e-16 9.369497e-01
    outer loop
      vertex   -2.817326e+00 2.000000e+00 -9.594930e+00
      vertex   -4.154150e+00 1.000000e+00 -9.096320e+00
      vertex   -2.817326e+00 1.000000e+00 -9.594930e+00
    endloop
  endfacet
  facet normal 2.125653e-01 -2.831939e-16 9.771469e-01
    outer loop
      vertex   -2.817326e+00 2.000000e+00 -9.594930e+00
      vertex   -2.817326e+00 1.000000e+00 -9.594930e+00
      vertex   -1.423148e+00 2.000000e+00 -9.898214e+00
    endloop
  endfacet
  facet normal 2.125653e-01 0.000000e+00 9.771469e-01
    outer loop
      vertex   -1.423148e+00 2.000000e+00 -9.898214e+00
      vertex   -2.817326e+00 1.000000e+00 -9.594930e+00
      vertex   -1.423148e+00 1.000000e+00 -9.898214e+00
    endloop
  endfacet
  facet normal 7.133918e-02 0.000000e+00 9.974521e-01
    outer loop
      vertex   -1.423148e+00 2.000000e+00 -9.898214e+00
      vertex   -1.423148e+00 1.000000e+00 -9.898214e+00
      vertex   -6.123234e-16 2.000000e+00 -1.000000e+01
    endloop
  endfacet
  facet normal 7.133918e-02 0.000000e+00 9.974521e-01
    outer loop
      vertex   -6.123234e-16 2.000000e+00 -1.000000e+01
      vertex   -1.423148e+00 1.000000e+00 -9.898214e+00
      vertex   -6.123234e-16 1.000000e+00 -1.000000e+01
    endloop
  endfacet
  facet normal -7.133918e-02 0.000000e+00 9.974521e-01
    outer loop
      vertex   -6.123234e-16 2.000000e+00 -1.000000e+01
      vertex   -6.123234e-16 1.000000e+00 -1.000000e+01
      vertex   1.423148e+00 2.000000e+00 -9.898214e+00
    endloop
  endfacet
  facet normal -7.133918e-02 0.000000e+00 9.974521e-01
    outer loop
      vertex   1.423148e+00 2.000000e+00 -9.898214e+00
      vertex   -6.123234e-16 1.000000e+00 -1.000000e+01
      vertex   1.423148e+00 1.000000e+00 -9.898214e+00
    endloop
  endfacet
  facet normal -2.125653e-01 0.000000e+00 9.771469e-01
    outer loop
      vertex   1.423148e+00 2.000000e+00 -9.898214e+00
      vertex   1.423148e+00 1.000000e+00 -9.898214e+00
      vertex   2.817326e+00 2.000000e+00 -9.594930e+00
    endloop
  endfacet
  facet normal -2.125653e-01 1.263772e-15 9.771469e-01
    outer loop
      vertex   2.817326e+00 2.000000e+00 -9.594930e+00
      vertex   1.423148e+00 1.000000e+00 -9.898214e+00
      vertex   2.817326e+00 1.000000e+00 -9.594930e+00
    endloop
  endfacet
  facet normal -3.494642e-01 8.883907e-16 9.369497e-01
    outer loop
      vertex   2.817326e+00 2.000000e+00 -9.594930e+00
      vertex   2.817326e+00 1.000000e+00 -9.594930e+00
      vertex   4.154150e+00 2.000000e+00 -9.096320e+00
    endloop
  endfacet
  facet normal -3.494642e-01 -3.103865e-16 9.369497e-01
    outer loop
      vertex   4.154150e+00 2.000000e+00 -9.096320e+00
      vertex   2.817326e+00 1.000000e+00 -9.594930e+00
      vertex   4.154150e+00 1.000000e+00 -9.096320e+00
    endloop
  endfacet
  facet normal -4.792490e-01 -4.256586e-16 8.776790e-01
    outer loop
      vertex   4.154150e+00 2.000000e+00 -9.096320e+00
      vertex   4.154150e+00 1.000000e+00 -9.096320e+00
      vertex   5.406408e+00 2.000000e+00 -8.412535e+00
    endloop
  endfacet
  facet normal -4.792490e-01 9.898491e-16 8.776790e-01
    outer loop
      vertex   5.406408e+00 2.000000e+00 -8.412535e+00
      vertex   4.154150e+00 1.000000e+00 -9.096320e+00
      vertex   5.406408e+00 1.000000e+00 -8.412535e+00
    endloop
  endfacet
  facet normal -5.992777e-01 1.827664e-16 8.005412e-01
    outer loop
      vertex   5.406408e+00 2.000000e+00 -8.412535e+00
      vertex   5.406408e+00 1.000000e+00 -8.412535e+00
      vertex   6.548607e+00 2.000000e+00 -7.557496e+00
    endloop
  endfacet
  facet normal -5.992777e-01 1.747496e-16 8.005412e-01
    outer loop
      vertex   6.548607e+00 2.000000e+00 -7.557496e+00
      vertex   5.406408e+00 1.000000e+00 -8.412535e+00
      vertex   6.548607e+00 1.000000e+00 -7.557496e+00
    endloop
  endfacet
  facet normal -7.071068e-01 6.280370e-16 7.071068e-01
    outer loop
      vertex   6.548607e+00 2.000000e+00 -7.557496e+00
      vertex   6.548607e+00 1.000000e+00 -7.557496e+00
      vertex   7.557496e+00 2.000000e+00 -6.548607e+00
    endloop
  endfacet
  facet normal -7.071068e-01 0.000000e+00 7.071068e-01
    outer loop
      vertex   7.557496e+00 2.000000e+00 -6.548607e+00
      vertex   6.548607e+00 1.000000e+00 -7.557496e+00
      vertex   7.557496e+00 1.000000e+00 -6.548607e+00
    endloop
  endfacet
  facet normal -8.005412e-01 7.150319e-16 5.992777e-01
    outer loop
      vertex   7.557496e+00 2.000000e+00 -6.548607e+00
      vertex   7.557496e+00 1.000000e+00 -6.548607e+00
      vertex   8.412535e+00 2.000000e+00 -5.406408e+00
    endloop
  endfacet
  facet normal -8.005412e-01 7.150319e-16 5.992777e-01
    outer loop
      vertex   8.412535e+00 2.000000e+00 -5.406408e+00
      vertex   7.557496e+00 1.000000e+00 -6.548607e+00
      vertex   8.412535e+00 1.000000e+00 -5.406408e+00
    endloop
  endfacet
  facet normal -8.776790e-01 1.415508e-15 4.792490e-01
    outer loop
      vertex   8.412535e+00 2.000000e+00 -5.406408e+00
      vertex   8.412535e+00 1.000000e+00 -5.406408e+00
      vertex   9.096320e+00 2.000000e+00 -4.154150e+00
    endloop
  endfacet
  facet normal -8.776790e-01 0.000000e+00 4.792490e-01
    outer loop
      vertex   9.096320e+00 2.000000e+00 -4.154150e+00
      vertex   8.412535e+00 1.000000e+00 -5.406408e+00
      vertex   9.096320e+00 1.000000e+00 -4.154150e+00
    endloop
  endfacet
  facet normal -9.369497e-01 0.000000e+00 3.494642e-01
    outer loop
      vertex   9.096320e+00 2.000000e+00 -4.154150e+00
      vertex   9.096320e+00 1.000000e+00 -4.154150e+00
      vertex   9.594930e+00 2.000000e+00 -2.817326e+00
    endloop
  endfacet
  facet normal -9.369497e-01 0.000000e+00 3.494642e-01
    outer loop
      vertex   9.594930e+00 2.000000e+00 -2.817326e+00
      vertex   9.096320e+00 1.000000e+00 -4.154150e+00
      vertex   9.594930e+00 1.000000e+00 -2.817326e+00
    endloop
  endfacet
  facet normal -9.771469e-01 0.000000e+00 2.125653e-01
    outer loop
      vertex   9.594930e+00 2.000000e+00 -2.817326e+00
      vertex   9.594930e+00 1.000000e+00 -2.817326e+00
      vertex   9.898214e+00 2.000000e+00 -1.423148e+00
    endloop
  endfacet
  facet normal -9.771469e-01 0.000000e+00 2.125653e-01
    outer loop
      vertex   9.898214e+00 2.000000e+00 -1.423148e+00
      vertex   9.594930e+00 1.000000e+00 -2.817326e+00
      vertex   9.898214e+00 1.000000e+00 -1.423148e+00
    endloop
  endfacet
  facet normal -7.071068e-01 -7.071068e-01 0.000000e+00
    outer loop
      vertex   -1.040000e+02 0.000000e+00 -1.130000e+01
      vertex   -1.040000e+02 0.000000e+00 1.130000e+01
      vertex   -1.050000e+02 1.000000e+00 -1.030000e+01
    endloop
  endfacet
  facet normal -7.071068e-01 -7.071068e-01 0.000000e+00
    outer loop
      vertex   -1.050000e+02 1.000000e+00 -1.030000e+01
      vertex   -1.040000e+02 0.000000e+00 1.130000e+01
      vertex   -1.050000e+02 1.000000e+00 1.030000e+01
    endloop
  endfacet
  facet normal 1.884111e-16 -7.071068e-01 -7.071068e-01
    outer loop
      vertex   -1.450000e+02 1.000000e+00 1.030000e+01
      vertex   -1.050000e+02 1.000000e+00 1.030000e+01
      vertex   -1.460000e+02 0.000000e+00 1.130000e+01
    endloop
  endfacet
  facet normal 1.495326e-16 -7.071068e-01 -7.071068e-01
    outer loop
      vertex   -1.460000e+02 0.000000e+00 1.130000e+01
      vertex   -1.050000e+02 1.000000e+00 1.030000e+01
      vertex   -1.040000e+02 0.000000e+00 1.130000e+01
    endloop
  endfacet
  facet normal 0.000000e+00 -7.071068e-01 7.071068e-01
    outer loop
      vertex   -1.460000e+02 0.000000e+00 -1.130000e+01
      vertex   -1.040000e+02 0.000000e+00 -1.130000e+01
      vertex   -1.450000e+02 1.000000e+00 -1.030000e+01
    endloop
  endfacet
  facet normal 0.000000e+00 -7.071068e-01 7.071068e-01
    outer loop
      vertex   -1.450000e+02 1.000000e+00 -1.030000e+01
      vertex   -1.040000e+02 0.000000e+00 -1.130000e+01
      vertex   -1.050000e+02 1.000000e+00 -1.030000e+01
    endloop
  endfacet
  facet normal 7.071068e-01 -7.071068e-01 0.000000e+00
    outer loop
      vertex   -1.460000e+02 0.000000e+00 1.130000e+01
      vertex   -1.460000e+02 0.000000e+00 -1.130000e+01
      vertex   -1.450000e+02 1.000000e+00 1.030000e+01
    endloop
  endfacet
  facet normal 7.071068e-01 -7.071068e-01 0.000000e+00
    outer loop
      vertex   -1.450000e+02 1.000000e+00 1.030000e+01
      vertex   -1.460000e+02 0.000000e+00 -1.130000e+01
      vertex   -1.450000e+02 1.000000e+00 -1.030000e+01
    endloop
  endfacet
  facet normal 0.000000e+00 0.000000e+00 1.000000e+00
    outer loop
      vertex   -1.450000e+02 1.000000e+00 -1.030000e+01
      vertex   -1.050000e+02 1.000000e+00 -1.030000e+01
      vertex   -1.450000e+02 1.100000e+01 -1.030000e+01
    endloop
  endfacet
  facet normal -0.000000e+00 0.000000e+00 1.000000e+00
    outer loop
      vertex   -1.450000e+02 1.100000e+01 -1.030000e+01
      vertex   -1.050000e+02 1.000000e+00 -1.030000e+01
      vertex   -1.050000e+02 1.100000e+01 -1.030000e+01
    endloop
  endfacet
  facet normal -1.000000e+00 0.000000e+00 0.000000e+00
    outer loop
      vertex   -1.050000e+02 1.000000e+00 -1.030000e+01
      vertex   -1.050000e+02 1.000000e+00 1.030000e+01
      vertex   -1.050000e+02 1.100000e+01 -1.030000e+01
    endloop
  endfacet
  facet normal -1.000000e+00 0.000000e+00 0.000000e+00
    outer loop
      vertex   -1.050000e+02 1.100000e+01 -1.030000e+01
      vertex   -1.050000e+02 1.000000e+00 1.030000e+01
      vertex   -1.050000e+02 1.100000e+01 1.030000e+01
    endloop
  endfacet
  facet normal -6.963964e-01 7.159269e-01 -4.980725e-02
    outer loop
      vertex   9.898214e+00 1.800000e+01 1.423148e+00
      vertex   1.097436e+01 1.900000e+01 7.506665e-01
      vertex   1.000000e+01 1.800000e+01 1.224647e-15
    endloop
  endfacet
  facet normal -7.162305e-01 6.978638e-01 8.474341e-16
    outer loop
      vertex   1.000000e+01 1.800000e+01 1.224647e-15
      vertex   1.097436e+01 1.900000e+01 7.506665e-01
      vertex   1.097436e+01 1.900000e+01 -7.506665e-01
    endloop
  endfacet
  facet normal -6.963964e-01 7.159269e-01 4.980725e-02
    outer loop
      vertex   1.000000e+01 1.800000e+01 1.224647e-15
      vertex   1.097436e+01 1.900000e+01 -7.506665e-01
      vertex   9.898214e+00 1.800000e+01 -1.423148e+00
    endloop
  endfacet
  facet normal -7.094911e-01 6.979346e-01 9.751731e-02
    outer loop
      vertex   9.898214e+00 1.800000e+01 -1.423148e+00
      vertex   1.097436e+01 1.900000e+01 -7.506665e-01
      vertex   1.076992e+01 1.900000e+01 -2.238016e+00
    endloop
  endfacet
  facet normal -6.823643e-01 7.157826e-01 1.484393e-01
    outer loop
      vertex   9.898214e+00 1.800000e+01 -1.423148e+00
      vertex   1.076992e+01 1.900000e+01 -2.238016e+00
      vertex   9.594930e+00 1.800000e+01 -2.817326e+00
    endloop
  endfacet
  facet normal -6.894050e-01 6.981469e-01 1.931622e-01
    outer loop
      vertex   9.594930e+00 1.800000e+01 -2.817326e+00
      vertex   1.076992e+01 1.900000e+01 -2.238016e+00
      vertex   1.036487e+01 1.900000e+01 -3.683676e+00
    endloop
  endfacet
  facet normal -6.545711e-01 7.154936e-01 2.441424e-01
    outer loop
      vertex   9.594930e+00 1.800000e+01 -2.817326e+00
      vertex   1.036487e+01 1.900000e+01 -3.683676e+00
      vertex   9.096320e+00 1.800000e+01 -4.154150e+00
    endloop
  endfacet
  facet normal -6.563654e-01 6.985003e-01 2.850997e-01
    outer loop
      vertex   9.096320e+00 1.800000e+01 -4.154150e+00
      vertex   1.036487e+01 1.900000e+01 -3.683676e+00
      vertex   9.766737e+00 1.900000e+01 -5.060715e+00
    endloop
  endfacet
  facet normal -6.135535e-01 7.150595e-01 3.350255e-01
    outer loop
      vertex   9.096320e+00 1.800000e+01 -4.154150e+00
      vertex   9.766737e+00 1.900000e+01 -5.060715e+00
      vertex   8.412535e+00 1.800000e+01 -5.406408e+00
    endloop
  endfacet
  facet normal -6.110187e-01 6.989942e-01 3.715687e-01
    outer loop
      vertex   8.412535e+00 1.800000e+01 -5.406408e+00
      vertex   9.766737e+00 1.900000e+01 -5.060715e+00
      vertex   8.986669e+00 1.900000e+01 -6.343484e+00
    endloop
  endfacet
  facet normal -5.601039e-01 7.144794e-01 4.192885e-01
    outer loop
      vertex   8.412535e+00 1.800000e+01 -5.406408e+00
      vertex   8.986669e+00 1.900000e+01 -6.343484e+00
      vertex   7.557496e+00 1.800000e+01 -6.548607e+00
    endloop
  endfacet
  facet normal -5.542516e-01 6.996277e-01 4.509171e-01
    outer loop
      vertex   7.557496e+00 1.800000e+01 -6.548607e+00
      vertex   8.986669e+00 1.900000e+01 -6.343484e+00
      vertex   8.039196e+00 1.900000e+01 -7.508085e+00
    endloop
  endfacet
  facet normal -4.952564e-01 7.137522e-01 4.952564e-01
    outer loop
      vertex   7.557496e+00 1.800000e+01 -6.548607e+00
      vertex   8.039196e+00 1.900000e+01 -7.508085e+00
      vertex   6.548607e+00 1.800000e+01 -7.557496e+00
    endloop
  endfacet
  facet normal -4.871729e-01 7.003996e-01 5.216348e-01
    outer loop
      vertex   6.548607e+00 1.800000e+01 -7.557496e+00
      vertex   8.039196e+00 1.900000e+01 -7.508085e+00
      vertex   6.941967e+00 1.900000e+01 -8.532824e+00
    endloop
  endfacet
  facet normal -4.202671e-01 7.128766e-01 5.614112e-01
    outer loop
      vertex   6.548607e+00 1.800000e+01 -7.557496e+00
      vertex   6.941967e+00 1.900000e+01 -8.532824e+00
      vertex   5.406408e+00 1.800000e+01 -8.412535e+00
    endloop
  endfacet
  facet normal -4.110910e-01 7.013088e-01 5.823832e-01
    outer loop
      vertex   5.406408e+00 1.800000e+01 -8.412535e+00
      vertex   6.941967e+00 1.900000e+01 -8.532824e+00
      vertex   5.715423e+00 1.900000e+01 -9.398613e+00
    endloop
  endfacet
  facet normal -3.365912e-01 7.118509e-01 6.164208e-01
    outer loop
      vertex   5.406408e+00 1.800000e+01 -8.412535e+00
      vertex   5.715423e+00 1.900000e+01 -9.398613e+00
      vertex   4.154150e+00 1.800000e+01 -9.096320e+00
    endloop
  endfacet
  facet normal -3.274874e-01 7.023534e-01 6.320219e-01
    outer loop
      vertex   4.154150e+00 1.800000e+01 -9.096320e+00
      vertex   5.715423e+00 1.900000e+01 -9.398613e+00
      vertex   4.382412e+00 1.900000e+01 -1.008932e+01
    endloop
  endfacet
  facet normal -2.458558e-01 7.106732e-01 6.591650e-01
    outer loop
      vertex   4.154150e+00 1.800000e+01 -9.096320e+00
      vertex   4.382412e+00 1.900000e+01 -1.008932e+01
      vertex   2.817326e+00 1.800000e+01 -9.594930e+00
    endloop
  endfacet
  facet normal -2.379868e-01 7.035318e-01 6.696307e-01
    outer loop
      vertex   2.817326e+00 1.800000e+01 -9.594930e+00
      vertex   4.382412e+00 1.900000e+01 -1.008932e+01
      vertex   2.967764e+00 1.900000e+01 -1.059209e+01
    endloop
  endfacet
  facet normal -1.498299e-01 7.093413e-01 6.887568e-01
    outer loop
      vertex   2.817326e+00 1.800000e+01 -9.594930e+00
      vertex   2.967764e+00 1.900000e+01 -1.059209e+01
      vertex   1.423148e+00 1.800000e+01 -9.898214e+00
    endloop
  endfacet
  facet normal -1.443245e-01 7.048418e-01 6.945276e-01
    outer loop
      vertex   1.423148e+00 1.800000e+01 -9.898214e+00
      vertex   2.967764e+00 1.900000e+01 -1.059209e+01
      vertex   1.497833e+00 1.900000e+01 -1.089755e+01
    endloop
  endfacet
  facet normal -5.039116e-02 7.078526e-01 7.045605e-01
    outer loop
      vertex   1.423148e+00 1.800000e+01 -9.898214e+00
      vertex   1.497833e+00 1.900000e+01 -1.089755e+01
      vertex   -6.123234e-16 1.800000e+01 -1.000000e+01
    endloop
  endfacet
  facet normal -4.831095e-02 7.062811e-01 7.062811e-01
    outer loop
      vertex   -6.123234e-16 1.800000e+01 -1.000000e+01
      vertex   1.497833e+00 1.900000e+01 -1.089755e+01
      vertex   -1.768935e-15 1.900000e+01 -1.100000e+01
    endloop
  endfacet
  facet normal 4.831095e-02 7.062811e-01 7.062811e-01
    outer loop
      vertex   -6.123234e-16 1.800000e+01 -1.000000e+01
      vertex   -1.768935e-15 1.900000e+01 -1.100000e+01
      vertex   -1.497833e+00 1.900000e+01 -1.089755e+01
    endloop
  endfacet
  facet normal -7.094911e-01 6.979346e-01 -9.751731e-02
    outer loop
      vertex   1.097436e+01 1.900000e+01 7.506665e-01
      vertex   9.898214e+00 1.800000e+01 1.423148e+00
      vertex   1.076992e+01 1.900000e+01 2.238016e+00
    endloop
  endfacet
  facet normal -6.823643e-01 7.157826e-01 -1.484393e-01
    outer loop
      vertex   1.076992e+01 1.900000e+01 2.238016e+00
      vertex   9.898214e+00 1.800000e+01 1.423148e+00
      vertex   9.594930e+00 1.800000e+01 2.817326e+00
    endloop
  endfacet
  facet normal -6.894050e-01 6.981469e-01 -1.931622e-01
    outer loop
      vertex   1.076992e+01 1.900000e+01 2.238016e+00
      vertex   9.594930e+00 1.800000e+01 2.817326e+00
      vertex   1.036487e+01 1.900000e+01 3.683676e+00
    endloop
  endfacet
  facet normal -6.545711e-01 7.154936e-01 -2.441424e-01
    outer loop
      vertex   1.036487e+01 1.900000e+01 3.683676e+00
      vertex   9.594930e+00 1.800000e+01 2.817326e+00
      vertex   9.096320e+00 1.800000e+01 4.154150e+00
    endloop
  endfacet
  facet normal -6.563654e-01 6.985003e-01 -2.850997e-01
    outer loop
      vertex   1.036487e+01 1.900000e+01 3.683676e+00
      vertex   9.096320e+00 1.800000e+01 4.154150e+00
      vertex   9.766737e+00 1.900000e+01 5.060715e+00
    endloop
  endfacet
  facet normal -6.135535e-01 7.150595e-01 -3.350255e-01
    outer loop
      vertex   9.766737e+00 1.900000e+01 5.060715e+00
      vertex   9.096320e+00 1.800000e+01 4.154150e+00
      vertex   8.412535e+00 1.800000e+01 5.406408e+00
    endloop
  endfacet
  facet normal -6.110187e-01 6.989942e-01 -3.715687e-01
    outer loop
      vertex   9.766737e+00 1.900000e+01 5.060715e+00
      vertex   8.412535e+00 1.800000e+01 5.406408e+00
      vertex   8.986669e+00 1.900000e+01 6.343484e+00
    endloop
  endfacet
  facet normal -5.601039e-01 7.144794e-01 -4.192885e-01
    outer loop
      vertex   8.986669e+00 1.900000e+01 6.343484e+00
      vertex   8.412535e+00 1.800000e+01 5.406408e+00
      vertex   7.557496e+00 1.800000e+01 6.548607e+00
    endloop
  endfacet
  facet normal -5.542516e-01 6.996277e-01 -4.509171e-01
    outer loop
      vertex   8.986669e+00 1.900000e+01 6.343484e+00
      vertex   7.557496e+00 1.800000e+01 6.548607e+00
      vertex   8.039196e+00 1.900000e+01 7.508085e+00
    endloop
  endfacet
  facet normal -4.952564e-01 7.137522e-01 -4.952564e-01
    outer loop
      vertex   8.039196e+00 1.900000e+01 7.508085e+00
      vertex   7.557496e+00 1.800000e+01 6.548607e+00
      vertex   6.548607e+00 1.800000e+01 7.557496e+00
    endloop
  endfacet
  facet normal -4.871729e-01 7.003996e-01 -5.216348e-01
    outer loop
      vertex   8.039196e+00 1.900000e+01 7.508085e+00
      vertex   6.548607e+00 1.800000e+01 7.557496e+00
      vertex   6.941967e+00 1.900000e+01 8.532824e+00
    endloop
  endfacet
  facet normal -4.202671e-01 7.128766e-01 -5.614112e-01
    outer loop
      vertex   6.941967e+00 1.900000e+01 8.532824e+00
      vertex   6.548607e+00 1.800000e+01 7.557496e+00
      vertex   5.406408e+00 1.800000e+01 8.412535e+00
    endloop
  endfacet
  facet normal -4.110910e-01 7.013088e-01 -5.823832e-01
    outer loop
      vertex   6.941967e+00 1.900000e+01 8.532824e+00
      vertex   5.406408e+00 1.800000e+01 8.412535e+00
      vertex   5.715423e+00 1.900000e+01 9.398613e+00
    endloop
  endfacet
  facet normal -3.365912e-01 7.118509e-01 -6.164208e-01
    outer loop
      vertex   5.715423e+00 1.900000e+01 9.398613e+00
      vertex   5.406408e+00 1.800000e+01 8.412535e+00
      vertex   4.154150e+00 1.800000e+01 9.096320e+00
    endloop
  endfacet
  facet normal -3.274874e-01 7.023534e-01 -6.320219e-01
    outer loop
      vertex   5.715423e+00 1.900000e+01 9.398613e+00
      vertex   4.154150e+00 1.800000e+01 9.096320e+00
      vertex   4.382412e+00 1.900000e+01 1.008932e+01
    endloop
  endfacet
  facet normal -2.458558e-01 7.106732e-01 -6.591650e-01
    outer loop
      vertex   4.382412e+00 1.900000e+01 1.008932e+01
      vertex   4.154150e+00 1.800000e+01 9.096320e+00
      vertex   2.817326e+00 1.800000e+01 9.594930e+00
    endloop
  endfacet
  facet normal -2.379868e-01 7.035318e-01 -6.696307e-01
    outer loop
      vertex   4.382412e+00 1.900000e+01 1.008932e+01
      vertex   2.817326e+00 1.800000e+01 9.594930e+00
      vertex   2.967764e+00 1.900000e+01 1.059209e+01
    endloop
  endfacet
  facet normal -1.498299e-01 7.093413e-01 -6.887568e-01
    outer loop
      vertex   2.967764e+00 1.900000e+01 1.059209e+01
      vertex   2.817326e+00 1.800000e+01 9.594930e+00
      vertex   1.423148e+00 1.800000e+01 9.898214e+00
    endloop
  endfacet
  facet normal -1.443245e-01 7.048418e-01 -6.945276e-01
    outer loop
      vertex   2.967764e+00 1.900000e+01 1.059209e+01
      vertex   1.423148e+00 1.800000e+01 9.898214e+00
      vertex   1.497833e+00 1.900000e+01 1.089755e+01
    endloop
  endfacet
  facet normal -5.039116e-02 7.078526e-01 -7.045605e-01
    outer loop
      vertex   1.497833e+00 1.900000e+01 1.089755e+01
      vertex   1.423148e+00 1.800000e+01 9.898214e+00
      vertex   -6.123234e-16 1.800000e+01 1.000000e+01
    endloop
  endfacet
  facet normal -4.831095e-02 7.062811e-01 -7.062811e-01
    outer loop
      vertex   1.497833e+00 1.900000e+01 1.089755e+01
      vertex   -6.123234e-16 1.800000e+01 1.000000e+01
      vertex   0.000000e+00 1.900000e+01 1.100000e+01
    endloop
  endfacet
  facet normal 4.831095e-02 7.062811e-01 -7.062811e-01
    outer loop
      vertex   0.000000e+00 1.900000e+01 1.100000e+01
      vertex   -6.123234e-16 1.800000e+01 1.000000e+01
      vertex   -1.497833e+00 1.900000e+01 1.089755e+01
    endloop
  endfacet
  facet normal 5.039116e-02 7.078526e-01 -7.045605e-01
    outer loop
      vertex   -1.497833e+00 1.900000e+01 1.089755e+01
      vertex   -6.123234e-16 1.800000e+01 1.000000e+01
      vertex   -1.423148e+00 1.800000e+01 9.898214e+00
    endloop
  endfacet
  facet normal 1.443245e-01 7.048418e-01 -6.945276e-01
    outer loop
      vertex   -1.497833e+00 1.900000e+01 1.089755e+01
      vertex   -1.423148e+00 1.800000e+01 9.898214e+00
      vertex   -2.967764e+00 1.900000e+01 1.059209e+01
    endloop
  endfacet
  facet normal 1.498299e-01 7.093413e-01 -6.887568e-01
    outer loop
      vertex   -2.967764e+00 1.900000e+01 1.059209e+01
      vertex   -1.423148e+00 1.800000e+01 9.898214e+00
      vertex   -2.817326e+00 1.800000e+01 9.594930e+00
    endloop
  endfacet
  facet normal 2.379868e-01 7.035318e-01 -6.696307e-01
    outer loop
      vertex   -2.967764e+00 1.900000e+01 1.059209e+01
      vertex   -2.817326e+00 1.800000e+01 9.594930e+00
      vertex   -4.382412e+00 1.900000e+01 1.008932e+01
    endloop
  endfacet
  facet normal 2.458558e-01 7.106732e-01 -6.591650e-01
    outer loop
      vertex   -4.382412e+00 1.900000e+01 1.008932e+01
      vertex   -2.817326e+00 1.800000e+01 9.594930e+00
      vertex   -4.154150e+00 1.800000e+01 9.096320e+00
    endloop
  endfacet
  facet normal 3.274874e-01 7.023534e-01 -6.320219e-01
    outer loop
      vertex   -4.382412e+00 1.900000e+01 1.008932e+01
      vertex   -4.154150e+00 1.800000e+01 9.096320e+00
      vertex   -5.715423e+00 1.900000e+01 9.398613e+00
    endloop
  endfacet
  facet normal 3.365912e-01 7.118509e-01 -6.164208e-01
    outer loop
      vertex   -5.715423e+00 1.900000e+01 9.398613e+00
      vertex   -4.154150e+00 1.800000e+01 9.096320e+00
      vertex   -5.406408e+00 1.800000e+01 8.412535e+00
    endloop
  endfacet
  facet normal 4.110910e-01 7.013088e-01 -5.823832e-01
    outer loop
      vertex   -5.715423e+00 1.900000e+01 9.398613e+00
      vertex   -5.406408e+00 1.800000e+01 8.412535e+00
      vertex   -6.941967e+00 1.900000e+01 8.532824e+00
    endloop
  endfacet
  facet normal 4.202671e-01 7.128766e-01 -5.614112e-01
    outer loop
      vertex   -6.941967e+00 1.900000e+01 8.532824e+00
      vertex   -5.406408e+00 1.800000e+01 8.412535e+00
      vertex   -6.548607e+00 1.800000e+01 7.557496e+00
    endloop
  endfacet
  facet normal 4.871729e-01 7.003996e-01 -5.216348e-01
    outer loop
      vertex   -6.941967e+00 1.900000e+01 8.532824e+00
      vertex   -6.548607e+00 1.800000e+01 7.557496e+00
      vertex   -8.039196e+00 1.900000e+01 7.508085e+00
    endloop
  endfacet
  facet normal 4.952564e-01 7.137522e-01 -4.952564e-01
    outer loop
      vertex   -8.039196e+00 1.900000e+01 7.508085e+00
      vertex   -6.548607e+00 1.800000e+01 7.557496e+00
      vertex   -7.557496e+00 1.800000e+01 6.548607e+00
    endloop
  endfacet
  facet normal 5.542516e-01 6.996277e-01 -4.509171e-01
    outer loop
      vertex   -8.039196e+00 1.900000e+01 7.508085e+00
      vertex   -7.557496e+00 1.800000e+01 6.548607e+00
      vertex   -8.986669e+00 1.900000e+01 6.343484e+00
    endloop
  endfacet
  facet normal 5.601039e-01 7.144794e-01 -4.192885e-01
    outer loop
      vertex   -8.986669e+00 1.900000e+01 6.343484e+00
      vertex   -7.557496e+00 1.800000e+01 6.548607e+00
      vertex   -8.412535e+00 1.800000e+01 5.406408e+00
    endloop
  endfacet
  facet normal 6.110187e-01 6.989942e-01 -3.715687e-01
    outer loop
      vertex   -8.986669e+00 1.900000e+01 6.343484e+00
      vertex   -8.412535e+00 1.800000e+01 5.406408e+00
      vertex   -9.766737e+00 1.900000e+01 5.060715e+00
    endloop
  endfacet
  facet normal 6.135535e-01 7.150595e-01 -3.350255e-01
    outer loop
      vertex   -9.766737e+00 1.900000e+01 5.060715e+00
      vertex   -8.412535e+00 1.800000e+01 5.406408e+00
      vertex   -9.096320e+00 1.800000e+01 4.154150e+00
    endloop
  endfacet
  facet normal 6.563654e-01 6.985003e-01 -2.850997e-01
    outer loop
      vertex   -9.766737e+00 1.900000e+01 5.060715e+00
      vertex   -9.096320e+00 1.800000e+01 4.154150e+00
      vertex   -1.036487e+01 1.900000e+01 3.683676e+00
    endloop
  endfacet
  facet normal 6.545711e-01 7.154936e-01 -2.441424e-01
    outer loop
      vertex   -1.036487e+01 1.900000e+01 3.683676e+00
      vertex   -9.096320e+00 1.800000e+01 4.154150e+00
      vertex   -9.594930e+00 1.800000e+01 2.817326e+00
    endloop
  endfacet
  facet normal 6.894050e-01 6.981469e-01 -1.931622e-01
    outer loop
      vertex   -1.036487e+01 1.900000e+01 3.683676e+00
      vertex   -9.594930e+00 1.800000e+01 2.817326e+00
      vertex   -1.076992e+01 1.900000e+01 2.238016e+00
    endloop
  endfacet
  facet normal 6.823643e-01 7.157826e-01 -1.484393e-01
    outer loop
      vertex   -1.076992e+01 1.900000e+01 2.238016e+00
      vertex   -9.594930e+00 1.800000e+01 2.817326e+00
      vertex   -9.898214e+00 1.800000e+01 1.423148e+00
    endloop
  endfacet
  facet normal 7.094911e-01 6.979346e-01 -9.751731e-02
    outer loop
      vertex   -1.076992e+01 1.900000e+01 2.238016e+00
      vertex   -9.898214e+00 1.800000e+01 1.423148e+00
      vertex   -1.097436e+01 1.900000e+01 7.506665e-01
    endloop
  endfacet
  facet normal 6.963964e-01 7.159269e-01 -4.980725e-02
    outer loop
      vertex   -1.097436e+01 1.900000e+01 7.506665e-01
      vertex   -9.898214e+00 1.800000e+01 1.423148e+00
      vertex   -1.000000e+01 1.800000e+01 0.000000e+00
    endloop
  endfacet
  facet normal 7.162305e-01 6.978638e-01 0.000000e+00
    outer loop
      vertex   -1.097436e+01 1.900000e+01 7.506665e-01
      vertex   -1.000000e+01 1.800000e+01 0.000000e+00
      vertex   -1.097436e+01 1.900000e+01 -7.506665e-01
    endloop
  endfacet
  facet normal 6.963964e-01 7.159269e-01 4.980725e-02
    outer loop
      vertex   -1.097436e+01 1.900000e+01 -7.506665e-01
      vertex   -1.000000e+01 1.800000e+01 0.000000e+00
      vertex   -9.898214e+00 1.800000e+01 -1.423148e+00
    endloop
  endfacet
  facet normal 7.094911e-01 6.979346e-01 9.751731e-02
    outer loop
      vertex   -1.097436e+01 1.900000e+01 -7.506665e-01
      vertex   -9.898214e+00 1.800000e+01 -1.423148e+00
      vertex   -1.076992e+01 1.900000e+01 -2.238016e+00
    endloop
  endfacet
  facet normal 6.823643e-01 7.157826e-01 1.484393e-01
    outer loop
      vertex   -1.076992e+01 1.900000e+01 -2.238016e+00
      vertex   -9.898214e+00 1.800000e+01 -1.423148e+00
      vertex   -9.594930e+00 1.800000e+01 -2.817326e+00
    endloop
  endfacet
  facet normal 6.894050e-01 6.981469e-01 1.931622e-01
    outer loop
      vertex   -1.076992e+01 1.900000e+01 -2.238016e+00
      vertex   -9.594930e+00 1.800000e+01 -2.817326e+00
      vertex   -1.036487e+01 1.900000e+01 -3.683676e+00
    endloop
  endfacet
  facet normal 6.545711e-01 7.154936e-01 2.441424e-01
    outer loop
      vertex   -1.036487e+01 1.900000e+01 -3.683676e+00
      vertex   -9.594930e+00 1.800000e+01 -2.817326e+00
      vertex   -9.096320e+00 1.800000e+01 -4.154150e+00
    endloop
  endfacet
  facet normal 6.563654e-01 6.985003e-01 2.850997e-01
    outer loop
      vertex   -1.036487e+01 1.900000e+01 -3.683676e+00
      vertex   -9.096320e+00 1.800000e+01 -4.154150e+00
      vertex   -9.766737e+00 1.900000e+01 -5.060715e+00
    endloop
  endfacet
  facet normal 6.135535e-01 7.150595e-01 3.350255e-01
    outer loop
      vertex   -9.766737e+00 1.900000e+01 -5.060715e+00
      vertex   -9.096320e+00 1.800000e+01 -4.154150e+00
      vertex   -8.412535e+00 1.800000e+01 -5.406408e+00
    endloop
  endfacet
  facet normal 6.110187e-01 6.989942e-01 3.715687e-01
    outer loop
      vertex   -9.766737e+00 1.900000e+01 -5.060715e+00
      vertex   -8.412535e+00 1.800000e+01 -5.406408e+00
      vertex   -8.986669e+00 1.900000e+01 -6.343484e+00
    endloop
  endfacet
  facet normal 5.601039e-01 7.144794e-01 4.192885e-01
    outer loop
      vertex   -8.986669e+00 1.900000e+01 -6.343484e+00
      vertex   -8.412535e+00 1.800000e+01 -5.406408e+00
      vertex   -7.557496e+00 1.800000e+01 -6.548607e+00
    endloop
  endfacet
  facet normal 5.542516e-01 6.996277e-01 4.509171e-01
    outer loop
      vertex   -8.986669e+00 1.900000e+01 -6.343484e+00
      vertex   -7.557496e+00 1.800000e+01 -6.548607e+00
      vertex   -8.039196e+00 1.900000e+01 -7.508085e+00
    endloop
  endfacet
  facet normal 4.952564e-01 7.137522e-01 4.952564e-01
    outer loop
      vertex   -8.039196e+00 1.900000e+01 -7.508085e+00
      vertex   -7.557496e+00 1.800000e+01 -6.548607e+00
      vertex   -6.548607e+00 1.800000e+01 -7.557496e+00
    endloop
  endfacet
  facet normal 4.871729e-01 7.003996e-01 5.216348e-01
    outer loop
      vertex   -8.039196e+00 1.900000e+01 -7.508085e+00
      vertex   -6.548607e+00 1.800000e+01 -7.557496e+00
      vertex   -6.941967e+00 1.900000e+01 -8.532824e+00
    endloop
  endfacet
  facet normal 4.202671e-01 7.128766e-01 5.614112e-01
    outer loop
      vertex   -6.941967e+00 1.900000e+01 -8.532824e+00
      vertex   -6.548607e+00 1.800000e+01 -7.557496e+00
      vertex   -5.406408e+00 1.800000e+01 -8.412535e+00
    endloop
  endfacet
  facet normal 4.110910e-01 7.013088e-01 5.823832e-01
    outer loop
      vertex   -6.941967e+00 1.900000e+01 -8.532824e+00
      vertex   -5.406408e+00 1.800000e+01 -8.412535e+00
      vertex   -5.715423e+00 1.900000e+01 -9.398613e+00
    endloop
  endfacet
  facet normal 3.365912e-01 7.118509e-01 6.164208e-01
    outer loop
      vertex   -5.715423e+00 1.900000e+01 -9.398613e+00
      vertex   -5.406408e+00 1.800000e+01 -8.412535e+00
      vertex   -4.154150e+00 1.800000e+01 -9.096320e+00
    endloop
  endfacet
  facet normal 3.274874e-01 7.023534e-01 6.320219e-01
    outer loop
      vertex   -5.715423e+00 1.900000e+01 -9.398613e+00
      vertex   -4.154150e+00 1.800000e+01 -9.096320e+00
      vertex   -4.382412e+00 1.900000e+01 -1.008932e+01
    endloop
  endfacet
  facet normal 2.458558e-01 7.106732e-01 6.591650e-01
    outer loop
      vertex   -4.382412e+00 1.900000e+01 -1.008932e+01
      vertex   -4.154150e+00 1.800000e+01 -9.096320e+00
      vertex   -2.817326e+00 1.800000e+01 -9.594930e+00
    endloop
  endfacet
  facet normal 2.379868e-01 7.035318e-01 6.696307e-01
    outer loop
      vertex   -4.382412e+00 1.900000e+01 -1.008932e+01
      vertex   -2.817326e+00 1.800000e+01 -9.594930e+00
      vertex   -2.967764e+00 1.900000e+01 -1.059209e+01
    endloop
  endfacet
  facet normal 1.498299e-01 7.093413e-01 6.887568e-01
    outer loop
      vertex   -2.967764e+00 1.900000e+01 -1.059209e+01
      vertex   -2.817326e+00 1.800000e+01 -9.594930e+00
      vertex   -1.423148e+00 1.800000e+01 -9.898214e+00
    endloop
  endfacet
  facet normal 1.443245e-01 7.048418e-01 6.945276e-01
    outer loop
      vertex   -2.967764e+00 1.900000e+01 -1.059209e+01
      vertex   -1.423148e+00 1.800000e+01 -9.898214e+00
      vertex   -1.497833e+00 1.900000e+01 -1.089755e+01
    endloop
  endfacet
  facet normal 5.039116e-02 7.078526e-01 7.045605e-01
    outer loop
      vertex   -1.497833e+00 1.900000e+01 -1.089755e+01
      vertex   -1.423148e+00 1.800000e+01 -9.898214e+00
      vertex   -6.123234e-16 1.800000e+01 -1.000000e+01
    endloop
  endfacet
  facet normal -9.974521e-01 0.000000e+00 -7.133918e-02
    outer loop
      vertex   9.898214e+00 1.700000e+01 1.423148e+00
      vertex   9.898214e+00 1.800000e+01 1.423148e+00
      vertex   1.000000e+01 1.700000e+01 -1.224647e-15
    endloop
  endfacet
  facet normal -9.974521e-01 1.747306e-16 -7.133918e-02
    outer loop
      vertex   1.000000e+01 1.700000e+01 -1.224647e-15
      vertex   9.898214e+00 1.800000e+01 1.423148e+00
      vertex   1.000000e+01 1.800000e+01 1.224647e-15
    endloop
  endfacet
  facet normal -9.974521e-01 -1.747306e-16 7.133918e-02
    outer loop
      vertex   1.000000e+01 1.700000e+01 -1.224647e-15
      vertex   1.000000e+01 1.800000e+01 1.224647e-15
      vertex   9.898214e+00 1.700000e+01 -1.423148e+00
    endloop
  endfacet
  facet normal -9.974521e-01 0.000000e+00 7.133918e-02
    outer loop
      vertex   9.898214e+00 1.700000e+01 -1.423148e+00
      vertex   1.000000e+01 1.800000e+01 1.224647e-15
      vertex   9.898214e+00 1.800000e+01 -1.423148e+00
    endloop
  endfacet
  facet normal -9.771469e-01 0.000000e+00 2.125653e-01
    outer loop
      vertex   9.898214e+00 1.700000e+01 -1.423148e+00
      vertex   9.898214e+00 1.800000e+01 -1.423148e+00
      vertex   9.594930e+00 1.700000e+01 -2.817326e+00
    endloop
  endfacet
  facet normal -9.771469e-01 0.000000e+00 2.125653e-01
    outer loop
      vertex   9.594930e+00 1.700000e+01 -2.817326e+00
      vertex   9.898214e+00 1.800000e+01 -1.423148e+00
      vertex   9.594930e+00 1.800000e+01 -2.817326e+00
    endloop
  endfacet
  facet normal -9.369497e-01 0.000000e+00 3.494642e-01
    outer loop
      vertex   9.594930e+00 1.700000e+01 -2.817326e+00
      vertex   9.594930e+00 1.800000e+01 -2.817326e+00
      vertex   9.096320e+00 1.700000e+01 -4.154150e+00
    endloop
  endfacet
  facet normal -9.369497e-01 0.000000e+00 3.494642e-01
    outer loop
      vertex   9.096320e+00 1.700000e+01 -4.154150e+00
      vertex   9.594930e+00 1.800000e+01 -2.817326e+00
      vertex   9.096320e+00 1.800000e+01 -4.154150e+00
    endloop
  endfacet
  facet normal -8.776790e-01 0.000000e+00 4.792490e-01
    outer loop
      vertex   9.096320e+00 1.700000e+01 -4.154150e+00
      vertex   9.096320e+00 1.800000e+01 -4.154150e+00
      vertex   8.412535e+00 1.700000e+01 -5.406408e+00
    endloop
  endfacet
  facet normal -8.776790e-01 0.000000e+00 4.792490e-01
    outer loop
      vertex   8.412535e+00 1.700000e+01 -5.406408e+00
      vertex   9.096320e+00 1.800000e+01 -4.154150e+00
      vertex   8.412535e+00 1.800000e+01 -5.406408e+00
    endloop
  endfacet
  facet normal -8.005412e-01 0.000000e+00 5.992777e-01
    outer loop
      vertex   8.412535e+00 1.700000e+01 -5.406408e+00
      vertex   8.412535e+00 1.800000e+01 -5.406408e+00
      vertex   7.557496e+00 1.700000e+01 -6.548607e+00
    endloop
  endfacet
  facet normal -8.005412e-01 0.000000e+00 5.992777e-01
    outer loop
      vertex   7.557496e+00 1.700000e+01 -6.548607e+00
      vertex   8.412535e+00 1.800000e+01 -5.406408e+00
      vertex   7.557496e+00 1.800000e+01 -6.548607e+00
    endloop
  endfacet
  facet normal -7.071068e-01 0.000000e+00 7.071068e-01
    outer loop
      vertex   7.557496e+00 1.700000e+01 -6.548607e+00
      vertex   7.557496e+00 1.800000e+01 -6.548607e+00
      vertex   6.548607e+00 1.700000e+01 -7.557496e+00
    endloop
  endfacet
  facet normal -7.071068e-01 0.000000e+00 7.071068e-01
    outer loop
      vertex   6.548607e+00 1.700000e+01 -7.557496e+00
      vertex   7.557496e+00 1.800000e+01 -6.548607e+00
      vertex   6.548607e+00 1.800000e+01 -7.557496e+00
    endloop
  endfacet
  facet normal -5.992777e-01 0.000000e+00 8.005412e-01
    outer loop
      vertex   6.548607e+00 1.700000e+01 -7.557496e+00
      vertex   6.548607e+00 1.800000e+01 -7.557496e+00
      vertex   5.406408e+00 1.700000e+01 -8.412535e+00
    endloop
  endfacet
  facet normal -5.992777e-01 0.000000e+00 8.005412e-01
    outer loop
      vertex   5.406408e+00 1.700000e+01 -8.412535e+00
      vertex   6.548607e+00 1.800000e+01 -7.557496e+00
      vertex   5.406408e+00 1.800000e+01 -8.412535e+00
    endloop
  endfacet
  facet normal -4.792490e-01 0.000000e+00 8.776790e-01
    outer loop
      vertex   5.406408e+00 1.700000e+01 -8.412535e+00
      vertex   5.406408e+00 1.800000e+01 -8.412535e+00
      vertex   4.154150e+00 1.700000e+01 -9.096320e+00
    endloop
  endfacet
  facet normal -4.792490e-01 0.000000e+00 8.776790e-01
    outer loop
      vertex   4.154150e+00 1.700000e+01 -9.096320e+00
      vertex   5.406408e+00 1.800000e+01 -8.412535e+00
      vertex   4.154150e+00 1.800000e+01 -9.096320e+00
    endloop
  endfacet
  facet normal -3.494642e-01 0.000000e+00 9.369497e-01
    outer loop
      vertex   4.154150e+00 1.700000e+01 -9.096320e+00
      vertex   4.154150e+00 1.800000e+01 -9.096320e+00
      vertex   2.817326e+00 1.700000e+01 -9.594930e+00
    endloop
  endfacet
  facet normal -3.494642e-01 0.000000e+00 9.369497e-01
    outer loop
      vertex   2.817326e+00 1.700000e+01 -9.594930e+00
      vertex   4.154150e+00 1.800000e+01 -9.096320e+00
      vertex   2.817326e+00 1.800000e+01 -9.594930e+00
    endloop
  endfacet
  facet normal -2.125653e-01 0.000000e+00 9.771469e-01
    outer loop
      vertex   2.817326e+00 1.700000e+01 -9.594930e+00
      vertex   2.817326e+00 1.800000e+01 -9.594930e+00
      vertex   1.423148e+00 1.700000e+01 -9.898214e+00
    endloop
  endfacet
  facet normal -2.125653e-01 0.000000e+00 9.771469e-01
    outer loop
      vertex   1.423148e+00 1.700000e+01 -9.898214e+00
      vertex   2.817326e+00 1.800000e+01 -9.594930e+00
      vertex   1.423148e+00 1.800000e+01 -9.898214e+00
    endloop
  endfacet
  facet normal -7.133918e-02 0.000000e+00 9.974521e-01
    outer loop
      vertex   1.423148e+00 1.700000e+01 -9.898214e+00
      vertex   1.423148e+00 1.800000e+01 -9.898214e+00
      vertex   -6.123234e-16 1.700000e+01 -1.000000e+01
    endloop
  endfacet
  facet normal -7.133918e-02 0.000000e+00 9.974521e-01
    outer loop
      vertex   -6.123234e-16 1.700000e+01 -1.000000e+01
      vertex   1.423148e+00 1.800000e+01 -9.898214e+00
      vertex   -6.123234e-16 1.800000e+01 -1.000000e+01
    endloop
  endfacet
  facet normal 7.133918e-02 -0.000000e+00 9.974521e-01
    outer loop
      vertex   -6.123234e-16 1.700000e+01 -1.000000e+01
      vertex   -6.123234e-16 1.800000e+01 -1.000000e+01
      vertex   -1.423148e+00 1.700000e+01 -9.898214e+00
    endloop
  endfacet
  facet normal 7.133918e-02 -0.000000e+00 9.974521e-01
    outer loop
      vertex   -1.423148e+00 1.700000e+01 -9.898214e+00
      vertex   -6.123234e-16 1.800000e+01 -1.000000e+01
      vertex   -1.423148e+00 1.800000e+01 -9.898214e+00
    endloop
  endfacet
  facet normal 2.125653e-01 -0.000000e+00 9.771469e-01
    outer loop
      vertex   -1.423148e+00 1.700000e+01 -9.898214e+00
      vertex   -1.423148e+00 1.800000e+01 -9.898214e+00
      vertex   -2.817326e+00 1.700000e+01 -9.594930e+00
    endloop
  endfacet
  facet normal 2.125653e-01 -0.000000e+00 9.771469e-01
    outer loop
      vertex   -2.817326e+00 1.700000e+01 -9.594930e+00
      vertex   -1.423148e+00 1.800000e+01 -9.898214e+00
      vertex   -2.817326e+00 1.800000e+01 -9.594930e+00
    endloop
  endfacet
  facet normal 3.494642e-01 -0.000000e+00 9.369497e-01
    outer loop
      vertex   -2.817326e+00 1.700000e+01 -9.594930e+00
      vertex   -2.817326e+00 1.800000e+01 -9.594930e+00
      vertex   -4.154150e+00 1.700000e+01 -9.096320e+00
    endloop
  endfacet
  facet normal 3.494642e-01 -0.000000e+00 9.369497e-01
    outer loop
      vertex   -4.154150e+00 1.700000e+01 -9.096320e+00
      vertex   -2.817326e+00 1.800000e+01 -9.594930e+00
      vertex   -4.154150e+00 1.800000e+01 -9.096320e+00
    endloop
  endfacet
  facet normal 4.792490e-01 -0.000000e+00 8.776790e-01
    outer loop
      vertex   -4.154150e+00 1.700000e+01 -9.096320e+00
      vertex   -4.154150e+00 1.800000e+01 -9.096320e+00
      vertex   -5.406408e+00 1.700000e+01 -8.412535e+00
    endloop
  endfacet
  facet normal 4.792490e-01 -0.000000e+00 8.776790e-01
    outer loop
      vertex   -5.406408e+00 1.700000e+01 -8.412535e+00
      vertex   -4.154150e+00 1.800000e+01 -9.096320e+00
      vertex   -5.406408e+00 1.800000e+01 -8.412535e+00
    endloop
  endfacet
  facet normal 5.992777e-01 -0.000000e+00 8.005412e-01
    outer loop
      vertex   -5.406408e+00 1.700000e+01 -8.412535e+00
      vertex   -5.406408e+00 1.800000e+01 -8.412535e+00
      vertex   -6.548607e+00 1.700000e+01 -7.557496e+00
    endloop
  endfacet
  facet normal 5.992777e-01 -0.000000e+00 8.005412e-01
    outer loop
      vertex   -6.548607e+00 1.700000e+01 -7.557496e+00
      vertex   -5.406408e+00 1.800000e+01 -8.412535e+00
      vertex   -6.548607e+00 1.800000e+01 -7.557496e+00
    endloop
  endfacet
  facet normal 7.071068e-01 -0.000000e+00 7.071068e-01
    outer loop
      vertex   -6.548607e+00 1.700000e+01 -7.557496e+00
      vertex   -6.548607e+00 1.800000e+01 -7.557496e+00
      vertex   -7.557496e+00 1.700000e+01 -6.548607e+00
    endloop
  endfacet
  facet normal 7.071068e-01 -0.000000e+00 7.071068e-01
    outer loop
      vertex   -7.557496e+00 1.700000e+01 -6.548607e+00
      vertex   -6.548607e+00 1.800000e+01 -7.557496e+00
      vertex   -7.557496e+00 1.800000e+01 -6.548607e+00
    endloop
  endfacet
  facet normal 8.005412e-01 -0.000000e+00 5.992777e-01
    outer loop
      vertex   -7.557496e+00 1.700000e+01 -6.548607e+00
      vertex   -7.557496e+00 1.800000e+01 -6.548607e+00
      vertex   -8.412535e+00 1.700000e+01 -5.406408e+00
    endloop
  endfacet
  facet normal 8.005412e-01 -0.000000e+00 5.992777e-01
    outer loop
      vertex   -8.412535e+00 1.700000e+01 -5.406408e+00
      vertex   -7.557496e+00 1.800000e+01 -6.548607e+00
      vertex   -8.412535e+00 1.800000e+01 -5.406408e+00
    endloop
  endfacet
  facet normal 8.776790e-01 -0.000000e+00 4.792490e-01
    outer loop
      vertex   -8.412535e+00 1.700000e+01 -5.406408e+00
      vertex   -8.412535e+00 1.800000e+01 -5.406408e+00
      vertex   -9.096320e+00 1.700000e+01 -4.154150e+00
    endloop
  endfacet
  facet normal 8.776790e-01 -0.000000e+00 4.792490e-01
    outer loop
      vertex   -9.096320e+00 1.700000e+01 -4.154150e+00
      vertex   -8.412535e+00 1.800000e+01 -5.406408e+00
      vertex   -9.096320e+00 1.800000e+01 -4.154150e+00
    endloop
  endfacet
  facet normal 9.369497e-01 -0.000000e+00 3.494642e-01
    outer loop
      vertex   -9.096320e+00 1.700000e+01 -4.154150e+00
      vertex   -9.096320e+00 1.800000e+01 -4.154150e+00
      vertex   -9.594930e+00 1.700000e+01 -2.817326e+00
    endloop
  endfacet
  facet normal 9.369497e-01 -0.000000e+00 3.494642e-01
    outer loop
      vertex   -9.594930e+00 1.700000e+01 -2.817326e+00
      vertex   -9.096320e+00 1.800000e+01 -4.154150e+00
      vertex   -9.594930e+00 1.800000e+01 -2.817326e+00
    endloop
  endfacet
  facet normal 9.771469e-01 -0.000000e+00 2.125653e-01
    outer loop
      vertex   -9.594930e+00 1.700000e+01 -2.817326e+00
      vertex   -9.594930e+00 1.800000e+01 -2.817326e+00
      vertex   -9.898214e+00 1.700000e+01 -1.423148e+00
    endloop
  endfacet
  facet normal 9.771469e-01 -0.000000e+00 2.125653e-01
    outer loop
      vertex   -9.898214e+00 1.700000e+01 -1.423148e+00
      vertex   -9.594930e+00 1.800000e+01 -2.817326e+00
      vertex   -9.898214e+00 1.800000e+01 -1.423148e+00
    endloop
  endfacet
  facet normal 9.974521e-01 -0.000000e+00 7.133918e-02
    outer loop
      vertex   -9.898214e+00 1.700000e+01 -1.423148e+00
      vertex   -9.898214e+00 1.800000e+01 -1.423148e+00
      vertex   -1.000000e+01 1.700000e+01 0.000000e+00
    endloop
  endfacet
  facet normal 9.974521e-01 -0.000000e+00 7.133918e-02
    outer loop
      vertex   -1.000000e+01 1.700000e+01 0.000000e+00
      vertex   -9.898214e+00 1.800000e+01 -1.423148e+00
      vertex   -1.000000e+01 1.800000e+01 0.000000e+00
    endloop
  endfacet
  facet normal 9.974521e-01 0.000000e+00 -7.133918e-02
    outer loop
      vertex   -1.000000e+01 1.700000e+01 0.000000e+00
      vertex   -1.000000e+01 1.800000e+01 0.000000e+00
      vertex   -9.898214e+00 1.700000e+01 1.423148e+00
    endloop
  endfacet
  facet normal 9.974521e-01 0.000000e+00 -7.133918e-02
    outer loop
      vertex   -9.898214e+00 1.700000e+01 1.423148e+00
      vertex   -1.000000e+01 1.800000e+01 0.000000e+00
      vertex   -9.898214e+00 1.800000e+01 1.423148e+00
    endloop
  endfacet
  facet normal 9.771469e-01 0.000000e+00 -2.125653e-01
    outer loop
      vertex   -9.898214e+00 1.700000e+01 1.423148e+00
      vertex   -9.898214e+00 1.800000e+01 1.423148e+00
      vertex   -9.594930e+00 1.700000e+01 2.817326e+00
    endloop
  endfacet
  facet normal 9.771469e-01 0.000000e+00 -2.125653e-01
    outer loop
      vertex   -9.594930e+00 1.700000e+01 2.817326e+00
      vertex   -9.898214e+00 1.800000e+01 1.423148e+00
      vertex   -9.594930e+00 1.800000e+01 2.817326e+00
    endloop
  endfacet
  facet normal 9.369497e-01 0.000000e+00 -3.494642e-01
    outer loop
      vertex   -9.594930e+00 1.700000e+01 2.817326e+00
      vertex   -9.594930e+00 1.800000e+01 2.817326e+00
      vertex   -9.096320e+00 1.700000e+01 4.154150e+00
    endloop
  endfacet
  facet normal 9.369497e-01 0.000000e+00 -3.494642e-01
    outer loop
      vertex   -9.096320e+00 1.700000e+01 4.154150e+00
      vertex   -9.594930e+00 1.800000e+01 2.817326e+00
      vertex   -9.096320e+00 1.800000e+01 4.154150e+00
    endloop
  endfacet
  facet normal 8.776790e-01 0.000000e+00 -4.792490e-01
    outer loop
      vertex   -9.096320e+00 1.700000e+01 4.154150e+00
      vertex   -9.096320e+00 1.800000e+01 4.154150e+00
      vertex   -8.412535e+00 1.700000e+01 5.406408e+00
    endloop
  endfacet
  facet normal 8.776790e-01 0.000000e+00 -4.792490e-01
    outer loop
      vertex   -8.412535e+00 1.700000e+01 5.406408e+00
      vertex   -9.096320e+00 1.800000e+01 4.154150e+00
      vertex   -8.412535e+00 1.800000e+01 5.406408e+00
    endloop
  endfacet
  facet normal 8.005412e-01 0.000000e+00 -5.992777e-01
    outer loop
      vertex   -8.412535e+00 1.700000e+01 5.406408e+00
      vertex   -8.412535e+00 1.800000e+01 5.406408e+00
      vertex   -7.557496e+00 1.700000e+01 6.548607e+00
    endloop
  endfacet
  facet normal 8.005412e-01 0.000000e+00 -5.992777e-01
    outer loop
      vertex   -7.557496e+00 1.700000e+01 6.548607e+00
      vertex   -8.412535e+00 1.800000e+01 5.406408e+00
      vertex   -7.557496e+00 1.800000e+01 6.548607e+00
    endloop
  endfacet
  facet normal 7.071068e-01 0.000000e+00 -7.071068e-01
    outer loop
      vertex   -7.557496e+00 1.700000e+01 6.548607e+00
      vertex   -7.557496e+00 1.800000e+01 6.548607e+00
      vertex   -6.548607e+00 1.700000e+01 7.557496e+00
    endloop
  endfacet
  facet normal 7.071068e-01 0.000000e+00 -7.071068e-01
    outer loop
      vertex   -6.548607e+00 1.700000e+01 7.557496e+00
      vertex   -7.557496e+00 1.800000e+01 6.548607e+00
      vertex   -6.548607e+00 1.800000e+01 7.557496e+00
    endloop
  endfacet
  facet normal 5.992777e-01 0.000000e+00 -8.005412e-01
    outer loop
      vertex   -6.548607e+00 1.700000e+01 7.557496e+00
      vertex   -6.548607e+00 1.800000e+01 7.557496e+00
      vertex   -5.406408e+00 1.700000e+01 8.412535e+00
    endloop
  endfacet
  facet normal 5.992777e-01 0.000000e+00 -8.005412e-01
    outer loop
      vertex   -5.406408e+00 1.700000e+01 8.412535e+00
      vertex   -6.548607e+00 1.800000e+01 7.557496e+00
      vertex   -5.406408e+00 1.800000e+01 8.412535e+00
    endloop
  endfacet
  facet normal 4.792490e-01 0.000000e+00 -8.776790e-01
    outer loop
      vertex   -5.406408e+00 1.700000e+01 8.412535e+00
      vertex   -5.406408e+00 1.800000e+01 8.412535e+00
      vertex   -4.154150e+00 1.700000e+01 9.096320e+00
    endloop
  endfacet
  facet normal 4.792490e-01 0.000000e+00 -8.776790e-01
    outer loop
      vertex   -4.154150e+00 1.700000e+01 9.096320e+00
      vertex   -5.406408e+00 1.800000e+01 8.412535e+00
      vertex   -4.154150e+00 1.800000e+01 9.096320e+00
    endloop
  endfacet
  facet normal 3.494642e-01 0.000000e+00 -9.369497e-01
    outer loop
      vertex   -4.154150e+00 1.700000e+01 9.096320e+00
      vertex   -4.154150e+00 1.800000e+01 9.096320e+00
      vertex   -2.817326e+00 1.700000e+01 9.594930e+00
    endloop
  endfacet
  facet normal 3.494642e-01 0.000000e+00 -9.369497e-01
    outer loop
      vertex   -2.817326e+00 1.700000e+01 9.594930e+00
      vertex   -4.154150e+00 1.800000e+01 9.096320e+00
      vertex   -2.817326e+00 1.800000e+01 9.594930e+00
    endloop
  endfacet
  facet normal 2.125653e-01 0.000000e+00 -9.771469e-01
    outer loop
      vertex   -2.817326e+00 1.700000e+01 9.594930e+00
      vertex   -2.817326e+00 1.800000e+01 9.594930e+00
      vertex   -1.423148e+00 1.700000e+01 9.898214e+00
    endloop
  endfacet
  facet normal 2.125653e-01 0.000000e+00 -9.771469e-01
    outer loop
      vertex   -1.423148e+00 1.700000e+01 9.898214e+00
      vertex   -2.817326e+00 1.800000e+01 9.594930e+00
      vertex   -1.423148e+00 1.800000e+01 9.898214e+00
    endloop
  endfacet
  facet normal 7.133918e-02 0.000000e+00 -9.974521e-01
    outer loop
      vertex   -1.423148e+00 1.700000e+01 9.898214e+00
      vertex   -1.423148e+00 1.800000e+01 9.898214e+00
      vertex   -6.123234e-16 1.700000e+01 1.000000e+01
    endloop
  endfacet
  facet normal 7.133918e-02 0.000000e+00 -9.974521e-01
    outer loop
      vertex   -6.123234e-16 1.700000e+01 1.000000e+01
      vertex   -1.423148e+00 1.800000e+01 9.898214e+00
      vertex   -6.123234e-16 1.800000e+01 1.000000e+01
    endloop
  endfacet
  facet normal -7.133918e-02 0.000000e+00 -9.974521e-01
    outer loop
      vertex   -6.123234e-16 1.700000e+01 1.000000e+01
      vertex   -6.123234e-16 1.800000e+01 1.000000e+01
      vertex   1.423148e+00 1.700000e+01 9.898214e+00
    endloop
  endfacet
  facet normal -7.133918e-02 0.000000e+00 -9.974521e-01
    outer loop
      vertex   1.423148e+00 1.700000e+01 9.898214e+00
      vertex   -6.123234e-16 1.800000e+01 1.000000e+01
      vertex   1.423148e+00 1.800000e+01 9.898214e+00
    endloop
  endfacet
  facet normal -2.125653e-01 0.000000e+00 -9.771469e-01
    outer loop
      vertex   1.423148e+00 1.700000e+01 9.898214e+00
      vertex   1.423148e+00 1.800000e+01 9.898214e+00
      vertex   2.817326e+00 1.700000e+01 9.594930e+00
    endloop
  endfacet
  facet normal -2.125653e-01 0.000000e+00 -9.771469e-01
    outer loop
      vertex   2.817326e+00 1.700000e+01 9.594930e+00
      vertex   1.423148e+00 1.800000e+01 9.898214e+00
      vertex   2.817326e+00 1.800000e+01 9.594930e+00
    endloop
  endfacet
  facet normal -3.494642e-01 0.000000e+00 -9.369497e-01
    outer loop
      vertex   2.817326e+00 1.700000e+01 9.594930e+00
      vertex   2.817326e+00 1.800000e+01 9.594930e+00
      vertex   4.154150e+00 1.700000e+01 9.096320e+00
    endloop
  endfacet
  facet normal -3.494642e-01 0.000000e+00 -9.369497e-01
    outer loop
      vertex   4.154150e+00 1.700000e+01 9.096320e+00
      vertex   2.817326e+00 1.800000e+01 9.594930e+00
      vertex   4.154150e+00 1.800000e+01 9.096320e+00
    endloop
  endfacet
  facet normal -4.792490e-01 0.000000e+00 -8.776790e-01
    outer loop
      vertex   4.154150e+00 1.700000e+01 9.096320e+00
      vertex   4.154150e+00 1.800000e+01 9.096320e+00
      vertex   5.406408e+00 1.700000e+01 8.412535e+00
    endloop
  endfacet
  facet normal -4.792490e-01 0.000000e+00 -8.776790e-01
    outer loop
      vertex   5.406408e+00 1.700000e+01 8.412535e+00
      vertex   4.154150e+00 1.800000e+01 9.096320e+00
      vertex   5.406408e+00 1.800000e+01 8.412535e+00
    endloop
  endfacet
  facet normal -5.992777e-01 0.000000e+00 -8.005412e-01
    outer loop
      vertex   5.406408e+00 1.700000e+01 8.412535e+00
      vertex   5.406408e+00 1.800000e+01 8.412535e+00
      vertex   6.548607e+00 1.700000e+01 7.557496e+00
    endloop
  endfacet
  facet normal -5.992777e-01 0.000000e+00 -8.005412e-01
    outer loop
      vertex   6.548607e+00 1.700000e+01 7.557496e+00
      vertex   5.406408e+00 1.800000e+01 8.412535e+00
      vertex   6.548607e+00 1.800000e+01 7.557496e+00
    endloop
  endfacet
  facet normal -7.071068e-01 0.000000e+00 -7.071068e-01
    outer loop
      vertex   6.548607e+00 1.700000e+01 7.557496e+00
      vertex   6.548607e+00 1.800000e+01 7.557496e+00
      vertex   7.557496e+00 1.700000e+01 6.548607e+00
    endloop
  endfacet
  facet normal -7.071068e-01 0.000000e+00 -7.071068e-01
    outer loop
      vertex   7.557496e+00 1.700000e+01 6.548607e+00
      vertex   6.548607e+00 1.800000e+01 7.557496e+00
      vertex   7.557496e+00 1.800000e+01 6.548607e+00
    endloop
  endfacet
  facet normal -8.005412e-01 0.000000e+00 -5.992777e-01
    outer loop
      vertex   7.557496e+00 1.700000e+01 6.548607e+00
      vertex   7.557496e+00 1.800000e+01 6.548607e+00
      vertex   8.412535e+00 1.700000e+01 5.406408e+00
    endloop
  endfacet
  facet normal -8.005412e-01 0.000000e+00 -5.992777e-01
    outer loop
      vertex   8.412535e+00 1.700000e+01 5.406408e+00
      vertex   7.557496e+00 1.800000e+01 6.548607e+00
      vertex   8.412535e+00 1.800000e+01 5.406408e+00
    endloop
  endfacet
  facet normal -8.776790e-01 0.000000e+00 -4.792490e-01
    outer loop
      vertex   8.412535e+00 1.700000e+01 5.406408e+00
      vertex   8.412535e+00 1.800000e+01 5.406408e+00
      vertex   9.096320e+00 1.700000e+01 4.154150e+00
    endloop
  endfacet
  facet normal -8.776790e-01 0.000000e+00 -4.792490e-01
    outer loop
      vertex   9.096320e+00 1.700000e+01 4.154150e+00
      vertex   8.412535e+00 1.800000e+01 5.406408e+00
      vertex   9.096320e+00 1.800000e+01 4.154150e+00
    endloop
  endfacet
  facet normal -9.369497e-01 0.000000e+00 -3.494642e-01
    outer loop
      vertex   9.096320e+00 1.700000e+01 4.154150e+00
      vertex   9.096320e+00 1.800000e+01 4.154150e+00
      vertex   9.594930e+00 1.700000e+01 2.817326e+00
    endloop
  endfacet
  facet normal -9.369497e-01 0.000000e+00 -3.494642e-01
    outer loop
      vertex   9.594930e+00 1.700000e+01 2.817326e+00
      vertex   9.096320e+00 1.800000e+01 4.154150e+00
      vertex   9.594930e+00 1.800000e+01 2.817326e+00
    endloop
  endfacet
  facet normal -9.771469e-01 0.000000e+00 -2.125653e-01
    outer loop
      vertex   9.594930e+00 1.700000e+01 2.817326e+00
      vertex   9.594930e+00 1.800000e+01 2.817326e+00
      vertex   9.898214e+00 1.700000e+01 1.423148e+00
    endloop
  endfacet
  facet normal -9.771469e-01 0.000000e+00 -2.125653e-01
    outer loop
      vertex   9.898214e+00 1.700000e+01 1.423148e+00
      vertex   9.594930e+00 1.800000e+01 2.817326e+00
      vertex   9.898214e+00 1.800000e+01 1.423148e+00
    endloop
  endfacet
  facet normal 7.071068e-01 7.071068e-01 -0.000000e+00
    outer loop
      vertex   -1.460000e+02 1.200000e+01 -1.130000e+01
      vertex   -1.460000e+02 1.200000e+01 1.130000e+01
      vertex   -1.450000e+02 1.100000e+01 -1.030000e+01
    endloop
  endfacet
  facet normal 7.071068e-01 7.071068e-01 -0.000000e+00
    outer loop
      vertex   -1.450000e+02 1.100000e+01 -1.030000e+01
      vertex   -1.460000e+02 1.200000e+01 1.130000e+01
      vertex   -1.450000e+02 1.100000e+01 1.030000e+01
    endloop
  endfacet
  facet normal -7.071068e-01 7.071068e-01 0.000000e+00
    outer loop
      vertex   -1.040000e+02 1.200000e+01 1.130000e+01
      vertex   -1.040000e+02 1.200000e+01 -1.130000e+01
      vertex   -1.050000e+02 1.100000e+01 1.030000e+01
    endloop
  endfacet
  facet normal -7.071068e-01 7.071068e-01 0.000000e+00
    outer loop
      vertex   -1.050000e+02 1.100000e+01 1.030000e+01
      vertex   -1.040000e+02 1.200000e+01 -1.130000e+01
      vertex   -1.050000e+02 1.100000e+01 -1.030000e+01
    endloop
  endfacet
  facet normal -0.000000e+00 7.071068e-01 7.071068e-01
    outer loop
      vertex   -1.450000e+02 1.100000e+01 -1.030000e+01
      vertex   -1.050000e+02 1.100000e+01 -1.030000e+01
      vertex   -1.460000e+02 1.200000e+01 -1.130000e+01
    endloop
  endfacet
  facet normal -0.000000e+00 7.071068e-01 7.071068e-01
    outer loop
      vertex   -1.460000e+02 1.200000e+01 -1.130000e+01
      vertex   -1.050000e+02 1.100000e+01 -1.030000e+01
      vertex   -1.040000e+02 1.200000e+01 -1.130000e+01
    endloop
  endfacet
  facet normal 1.495326e-16 7.071068e-01 -7.071068e-01
    outer loop
      vertex   -1.460000e+02 1.200000e+01 1.130000e+01
      vertex   -1.040000e+02 1.200000e+01 1.130000e+01
      vertex   -1.450000e+02 1.100000e+01 1.030000e+01
    endloop
  endfacet
  facet normal 1.884111e-16 7.071068e-01 -7.071068e-01
    outer loop
      vertex   -1.450000e+02 1.100000e+01 1.030000e+01
      vertex   -1.040000e+02 1.200000e+01 1.130000e+01
      vertex   -1.050000e+02 1.100000e+01 1.030000e+01
    endloop
  endfacet
  facet normal 2.664535e-16 0.000000e+00 -1.000000e+00
    outer loop
      vertex   -1.050000e+02 1.000000e+00 1.030000e+01
      vertex   -1.450000e+02 1.000000e+00 1.030000e+01
      vertex   -1.050000e+02 1.100000e+01 1.030000e+01
    endloop
  endfacet
  facet normal 2.664535e-16 0.000000e+00 -1.000000e+00
    outer loop
      vertex   -1.050000e+02 1.100000e+01 1.030000e+01
      vertex   -1.450000e+02 1.000000e+00 1.030000e+01
      vertex   -1.450000e+02 1.100000e+01 1.030000e+01
    endloop
  endfacet
  facet normal 0.000000e+00 1.000000e+00 0.000000e+00
    outer loop
      vertex   -4.300000e+01 1.200000e+01 -1.100000e+01
      vertex   -9.541421e+01 1.200000e+01 -1.100000e+01
      vertex   -4.300000e+01 1.200000e+01 1.100000e+01
    endloop
  endfacet
  facet normal 0.000000e+00 1.000000e+00 0.000000e+00
    outer loop
      vertex   -4.300000e+01 1.200000e+01 1.100000e+01
      vertex   -9.541421e+01 1.200000e+01 -1.100000e+01
      vertex   -9.541421e+01 1.200000e+01 1.100000e+01
    endloop
  endfacet
  facet normal 0.000000e+00 1.000000e+00 0.000000e+00
    outer loop
      vertex   -9.541421e+01 1.200000e+01 1.100000e+01
      vertex   -9.541421e+01 1.200000e+01 -1.100000e+01
      vertex   -1.040000e+02 1.200000e+01 1.130000e+01
    endloop
  endfacet
  facet normal 0.000000e+00 1.000000e+00 0.000000e+00
    outer loop
      vertex   -9.541421e+01 1.200000e+01 1.100000e+01
      vertex   -1.040000e+02 1.200000e+01 1.130000e+01
      vertex   -9.841421e+01 1.200000e+01 1.400000e+01
    endloop
  endfacet
  facet normal 0.000000e+00 1.000000e+00 0.000000e+00
    outer loop
      vertex   -9.841421e+01 1.200000e+01 1.400000e+01
      vertex   -1.040000e+02 1.200000e+01 1.130000e+01
      vertex   -1.465858e+02 1.200000e+01 1.400000e+01
    endloop
  endfacet
  facet normal 0.000000e+00 1.000000e+00 0.000000e+00
    outer loop
      vertex   -1.465858e+02 1.200000e+01 1.400000e+01
      vertex   -1.040000e+02 1.200000e+01 1.130000e+01
      vertex   -1.460000e+02 1.200000e+01 1.130000e+01
    endloop
  endfacet
  facet normal 0.000000e+00 1.000000e+00 0.000000e+00
    outer loop
      vertex   -1.465858e+02 1.200000e+01 1.400000e+01
      vertex   -1.460000e+02 1.200000e+01 1.130000e+01
      vertex   -1.490000e+02 1.200000e+01 1.158579e+01
    endloop
  endfacet
  facet normal 0.000000e+00 1.000000e+00 0.000000e+00
    outer loop
      vertex   -1.490000e+02 1.200000e+01 1.158579e+01
      vertex   -1.460000e+02 1.200000e+01 1.130000e+01
      vertex   -1.460000e+02 1.200000e+01 -1.130000e+01
    endloop
  endfacet
  facet normal 0.000000e+00 1.000000e+00 0.000000e+00
    outer loop
      vertex   -1.490000e+02 1.200000e+01 1.158579e+01
      vertex   -1.460000e+02 1.200000e+01 -1.130000e+01
      vertex   -1.490000e+02 1.200000e+01 -1.158579e+01
    endloop
  endfacet
  facet normal -0.000000e+00 1.000000e+00 0.000000e+00
    outer loop
      vertex   -1.490000e+02 1.200000e+01 -1.158579e+01
      vertex   -1.460000e+02 1.200000e+01 -1.130000e+01
      vertex   -1.465858e+02 1.200000e+01 -1.400000e+01
    endloop
  endfacet
  facet normal 0.000000e+00 1.000000e+00 0.000000e+00
    outer loop
      vertex   -1.465858e+02 1.200000e+01 -1.400000e+01
      vertex   -1.460000e+02 1.200000e+01 -1.130000e+01
      vertex   -1.040000e+02 1.200000e+01 -1.130000e+01
    endloop
  endfacet
  facet normal 0.000000e+00 1.000000e+00 0.000000e+00
    outer loop
      vertex   -1.465858e+02 1.200000e+01 -1.400000e+01
      vertex   -1.040000e+02 1.200000e+01 -1.130000e+01
      vertex   -9.841421e+01 1.200000e+01 -1.400000e+01
    endloop
  endfacet
  facet normal 0.000000e+00 1.000000e+00 -0.000000e+00
    outer loop
      vertex   -9.841421e+01 1.200000e+01 -1.400000e+01
      vertex   -1.040000e+02 1.200000e+01 -1.130000e+01
      vertex   -9.541421e+01 1.200000e+01 -1.100000e+01
    endloop
  endfacet
  facet normal 0.000000e+00 1.000000e+00 0.000000e+00
    outer loop
      vertex   -9.541421e+01 1.200000e+01 -1.100000e+01
      vertex   -1.040000e+02 1.200000e+01 -1.130000e+01
      vertex   -1.040000e+02 1.200000e+01 1.130000e+01
    endloop
  endfacet
  facet normal 5.215001e-17 7.071068e-01 7.071068e-01
    outer loop
      vertex   -9.841421e+01 1.200000e+01 1.400000e+01
      vertex   -1.465858e+02 1.200000e+01 1.400000e+01
      vertex   -9.800000e+01 1.100000e+01 1.500000e+01
    endloop
  endfacet
  facet normal 0.000000e+00 7.071068e-01 7.071068e-01
    outer loop
      vertex   -9.800000e+01 1.100000e+01 1.500000e+01
      vertex   -1.465858e+02 1.200000e+01 1.400000e+01
      vertex   -1.470000e+02 1.100000e+01 1.500000e+01
    endloop
  endfacet
  facet normal 1.025367e-16 7.071068e-01 -7.071068e-01
    outer loop
      vertex   -9.800000e+01 1.100000e+01 -1.500000e+01
      vertex   -1.470000e+02 1.100000e+01 -1.500000e+01
      vertex   -9.841421e+01 1.200000e+01 -1.400000e+01
    endloop
  endfacet
  facet normal 2.086000e-16 7.071068e-01 -7.071068e-01
    outer loop
      vertex   -9.841421e+01 1.200000e+01 -1.400000e+01
      vertex   -1.470000e+02 1.100000e+01 -1.500000e+01
      vertex   -1.465858e+02 1.200000e+01 -1.400000e+01
    endloop
  endfacet
  facet normal -7.071068e-01 7.071068e-01 0.000000e+00
    outer loop
      vertex   -1.490000e+02 1.200000e+01 1.158579e+01
      vertex   -1.490000e+02 1.200000e+01 -1.158579e+01
      vertex   -1.500000e+02 1.100000e+01 1.200000e+01
    endloop
  endfacet
  facet normal -7.071068e-01 7.071068e-01 0.000000e+00
    outer loop
      vertex   -1.500000e+02 1.100000e+01 1.200000e+01
      vertex   -1.490000e+02 1.200000e+01 -1.158579e+01
      vertex   -1.500000e+02 1.100000e+01 -1.200000e+01
    endloop
  endfacet
  facet normal -5.000000e-01 7.071068e-01 -5.000000e-01
    outer loop
      vertex   -1.470000e+02 1.100000e+01 -1.500000e+01
      vertex   -1.500000e+02 1.100000e+01 -1.200000e+01
      vertex   -1.465858e+02 1.200000e+01 -1.400000e+01
    endloop
  endfacet
  facet normal -5.000000e-01 7.071068e-01 -5.000000e-01
    outer loop
      vertex   -1.465858e+02 1.200000e+01 -1.400000e+01
      vertex   -1.500000e+02 1.100000e+01 -1.200000e+01
      vertex   -1.490000e+02 1.200000e+01 -1.158579e+01
    endloop
  endfacet
  facet normal -5.000000e-01 7.071068e-01 5.000000e-01
    outer loop
      vertex   -1.465858e+02 1.200000e+01 1.400000e+01
      vertex   -1.490000e+02 1.200000e+01 1.158579e+01
      vertex   -1.470000e+02 1.100000e+01 1.500000e+01
    endloop
  endfacet
  facet normal -5.000000e-01 7.071068e-01 5.000000e-01
    outer loop
      vertex   -1.470000e+02 1.100000e+01 1.500000e+01
      vertex   -1.490000e+02 1.200000e+01 1.158579e+01
      vertex   -1.500000e+02 1.100000e+01 1.200000e+01
    endloop
  endfacet
  facet normal 5.000000e-01 7.071068e-01 -5.000000e-01
    outer loop
      vertex   -9.800000e+01 1.100000e+01 -1.500000e+01
      vertex   -9.841421e+01 1.200000e+01 -1.400000e+01
      vertex   -9.500000e+01 1.100000e+01 -1.200000e+01
    endloop
  endfacet
  facet normal 5.000000e-01 7.071067e-01 -5.000000e-01
    outer loop
      vertex   -9.500000e+01 1.100000e+01 -1.200000e+01
      vertex   -9.841421e+01 1.200000e+01 -1.400000e+01
      vertex   -9.541421e+01 1.200000e+01 -1.100000e+01
    endloop
  endfacet
  facet normal -2.415527e-17 7.071068e-01 7.071068e-01
    outer loop
      vertex   -4.300000e+01 1.100000e+01 1.200000e+01
      vertex   -4.300000e+01 1.200000e+01 1.100000e+01
      vertex   -9.500000e+01 1.100000e+01 1.200000e+01
    endloop
  endfacet
  facet normal 8.513857e-32 7.071068e-01 7.071068e-01
    outer loop
      vertex   -9.500000e+01 1.100000e+01 1.200000e+01
      vertex   -4.300000e+01 1.200000e+01 1.100000e+01
      vertex   -9.541421e+01 1.200000e+01 1.100000e+01
    endloop
  endfacet
  facet normal -7.048732e-01 7.942014e-02 7.048732e-01
    outer loop
      vertex   -3.900000e+01 1.500000e+01 1.200000e+01
      vertex   -4.000000e+01 1.500000e+01 1.100000e+01
      vertex   -3.910029e+01 1.410992e+01 1.200000e+01
    endloop
  endfacet
  facet normal -6.981912e-01 9.191861e-02 7.099860e-01
    outer loop
      vertex   -3.910029e+01 1.410992e+01 1.200000e+01
      vertex   -4.000000e+01 1.500000e+01 1.100000e+01
      vertex   -4.010222e+01 1.422354e+01 1.100000e+01
    endloop
  endfacet
  facet normal -6.730434e-01 2.355081e-01 7.011052e-01
    outer loop
      vertex   -3.910029e+01 1.410992e+01 1.200000e+01
      vertex   -4.010222e+01 1.422354e+01 1.100000e+01
      vertex   -3.939612e+01 1.326447e+01 1.200000e+01
    endloop
  endfacet
  facet normal -6.469845e-01 2.679898e-01 7.138575e-01
    outer loop
      vertex   -3.939612e+01 1.326447e+01 1.200000e+01
      vertex   -4.010222e+01 1.422354e+01 1.100000e+01
      vertex   -4.040192e+01 1.350000e+01 1.100000e+01
    endloop
  endfacet
  facet normal -6.056650e-01 3.805645e-01 6.988137e-01
    outer loop
      vertex   -3.939612e+01 1.326447e+01 1.200000e+01
      vertex   -4.040192e+01 1.350000e+01 1.100000e+01
      vertex   -3.987267e+01 1.250604e+01 1.200000e+01
    endloop
  endfacet
  facet normal -5.540270e-01 4.251198e-01 7.157704e-01
    outer loop
      vertex   -3.987267e+01 1.250604e+01 1.200000e+01
      vertex   -4.040192e+01 1.350000e+01 1.100000e+01
      vertex   -4.087868e+01 1.287868e+01 1.100000e+01
    endloop
  endfacet
  facet normal -5.063268e-01 5.063268e-01 6.980446e-01
    outer loop
      vertex   -3.987267e+01 1.250604e+01 1.200000e+01
      vertex   -4.087868e+01 1.287868e+01 1.100000e+01
      vertex   -4.050604e+01 1.187267e+01 1.200000e+01
    endloop
  endfacet
  facet normal -4.251198e-01 5.540270e-01 7.157704e-01
    outer loop
      vertex   -4.050604e+01 1.187267e+01 1.200000e+01
      vertex   -4.087868e+01 1.287868e+01 1.100000e+01
      vertex   -4.150000e+01 1.240192e+01 1.100000e+01
    endloop
  endfacet
  facet normal -3.805645e-01 6.056650e-01 6.988137e-01
    outer loop
      vertex   -4.050604e+01 1.187267e+01 1.200000e+01
      vertex   -4.150000e+01 1.240192e+01 1.100000e+01
      vertex   -4.126447e+01 1.139612e+01 1.200000e+01
    endloop
  endfacet
  facet normal -2.679898e-01 6.469845e-01 7.138575e-01
    outer loop
      vertex   -4.126447e+01 1.139612e+01 1.200000e+01
      vertex   -4.150000e+01 1.240192e+01 1.100000e+01
      vertex   -4.222354e+01 1.210222e+01 1.100000e+01
    endloop
  endfacet
  facet normal -2.355081e-01 6.730434e-01 7.011052e-01
    outer loop
      vertex   -4.126447e+01 1.139612e+01 1.200000e+01
      vertex   -4.222354e+01 1.210222e+01 1.100000e+01
      vertex   -4.210992e+01 1.110029e+01 1.200000e+01
    endloop
  endfacet
  facet normal -9.191861e-02 6.981912e-01 7.099860e-01
    outer loop
      vertex   -4.210992e+01 1.110029e+01 1.200000e+01
      vertex   -4.222354e+01 1.210222e+01 1.100000e+01
      vertex   -4.300000e+01 1.200000e+01 1.100000e+01
    endloop
  endfacet
  facet normal -7.942014e-02 7.048732e-01 7.048732e-01
    outer loop
      vertex   -4.210992e+01 1.110029e+01 1.200000e+01
      vertex   -4.300000e+01 1.200000e+01 1.100000e+01
      vertex   -4.300000e+01 1.100000e+01 1.200000e+01
    endloop
  endfacet
  facet normal -7.071068e-01 3.311363e-10 7.071068e-01
    outer loop
      vertex   -4.000000e+01 1.600000e+01 1.100000e+01
      vertex   -4.000000e+01 1.500000e+01 1.100000e+01
      vertex   -3.900000e+01 1.600000e+01 1.200000e+01
    endloop
  endfacet
  facet normal -7.071068e-01 -1.371583e-10 7.071068e-01
    outer loop
      vertex   -3.900000e+01 1.600000e+01 1.200000e+01
      vertex   -4.000000e+01 1.500000e+01 1.100000e+01
      vertex   -3.900000e+01 1.500000e+01 1.200000e+01
    endloop
  endfacet
  facet normal -9.269160e-02 7.040626e-01 7.040626e-01
    outer loop
      vertex   -3.700000e+01 1.800000e+01 1.200000e+01
      vertex   -3.700000e+01 1.900000e+01 1.100000e+01
      vertex   -3.751764e+01 1.793185e+01 1.200000e+01
    endloop
  endfacet
  facet normal -9.269160e-02 7.040626e-01 7.040626e-01
    outer loop
      vertex   -3.751764e+01 1.793185e+01 1.200000e+01
      vertex   -3.700000e+01 1.900000e+01 1.100000e+01
      vertex   -3.777646e+01 1.889778e+01 1.100000e+01
    endloop
  endfacet
  facet normal -2.717580e-01 6.560819e-01 7.040626e-01
    outer loop
      vertex   -3.751764e+01 1.793185e+01 1.200000e+01
      vertex   -3.777646e+01 1.889778e+01 1.100000e+01
      vertex   -3.800000e+01 1.773205e+01 1.200000e+01
    endloop
  endfacet
  facet normal -2.717580e-01 6.560819e-01 7.040626e-01
    outer loop
      vertex   -3.800000e+01 1.773205e+01 1.200000e+01
      vertex   -3.777646e+01 1.889778e+01 1.100000e+01
      vertex   -3.850000e+01 1.859808e+01 1.100000e+01
    endloop
  endfacet
  facet normal -4.323046e-01 5.633903e-01 7.040626e-01
    outer loop
      vertex   -3.800000e+01 1.773205e+01 1.200000e+01
      vertex   -3.850000e+01 1.859808e+01 1.100000e+01
      vertex   -3.841421e+01 1.741421e+01 1.200000e+01
    endloop
  endfacet
  facet normal -4.323046e-01 5.633903e-01 7.040626e-01
    outer loop
      vertex   -3.841421e+01 1.741421e+01 1.200000e+01
      vertex   -3.850000e+01 1.859808e+01 1.100000e+01
      vertex   -3.912132e+01 1.812132e+01 1.100000e+01
    endloop
  endfacet
  facet normal -5.633903e-01 4.323046e-01 7.040626e-01
    outer loop
      vertex   -3.841421e+01 1.741421e+01 1.200000e+01
      vertex   -3.912132e+01 1.812132e+01 1.100000e+01
      vertex   -3.873205e+01 1.700000e+01 1.200000e+01
    endloop
  endfacet
  facet normal -5.633903e-01 4.323046e-01 7.040626e-01
    outer loop
      vertex   -3.873205e+01 1.700000e+01 1.200000e+01
      vertex   -3.912132e+01 1.812132e+01 1.100000e+01
      vertex   -3.959808e+01 1.750000e+01 1.100000e+01
    endloop
  endfacet
  facet normal -6.560819e-01 2.717580e-01 7.040626e-01
    outer loop
      vertex   -3.873205e+01 1.700000e+01 1.200000e+01
      vertex   -3.959808e+01 1.750000e+01 1.100000e+01
      vertex   -3.893185e+01 1.651764e+01 1.200000e+01
    endloop
  endfacet
  facet normal -6.560819e-01 2.717580e-01 7.040626e-01
    outer loop
      vertex   -3.893185e+01 1.651764e+01 1.200000e+01
      vertex   -3.959808e+01 1.750000e+01 1.100000e+01
      vertex   -3.989778e+01 1.677646e+01 1.100000e+01
    endloop
  endfacet
  facet normal -7.040626e-01 9.269160e-02 7.040626e-01
    outer loop
      vertex   -3.893185e+01 1.651764e+01 1.200000e+01
      vertex   -3.989778e+01 1.677646e+01 1.100000e+01
      vertex   -3.900000e+01 1.600000e+01 1.200000e+01
    endloop
  endfacet
  facet normal -7.040626e-01 9.269160e-02 7.040626e-01
    outer loop
      vertex   -3.900000e+01 1.600000e+01 1.200000e+01
      vertex   -3.989778e+01 1.677646e+01 1.100000e+01
      vertex   -4.000000e+01 1.600000e+01 1.100000e+01
    endloop
  endfacet
  facet normal 8.949663e-12 7.071068e-01 7.071068e-01
    outer loop
      vertex   0.000000e+00 1.900000e+01 1.100000e+01
      vertex   -3.700000e+01 1.900000e+01 1.100000e+01
      vertex   2.099015e-15 1.800000e+01 1.200000e+01
    endloop
  endfacet
  facet normal 8.949765e-12 7.071068e-01 7.071068e-01
    outer loop
      vertex   2.099015e-15 1.800000e+01 1.200000e+01
      vertex   -3.700000e+01 1.900000e+01 1.100000e+01
      vertex   -3.700000e+01 1.800000e+01 1.200000e+01
    endloop
  endfacet
  facet normal 4.629653e-02 7.063486e-01 -7.063486e-01
    outer loop
      vertex   -2.329182e-15 1.800000e+01 -1.200000e+01
      vertex   -1.768935e-15 1.900000e+01 -1.100000e+01
      vertex   1.566314e+00 1.800000e+01 -1.189734e+01
    endloop
  endfacet
  facet normal 4.820318e-02 7.078606e-01 -7.047055e-01
    outer loop
      vertex   1.566314e+00 1.800000e+01 -1.189734e+01
      vertex   -1.768935e-15 1.900000e+01 -1.100000e+01
      vertex   1.497833e+00 1.900000e+01 -1.089755e+01
    endloop
  endfacet
  facet normal 1.383682e-01 7.049553e-01 -6.956237e-01
    outer loop
      vertex   1.566314e+00 1.800000e+01 -1.189734e+01
      vertex   1.497833e+00 1.900000e+01 -1.089755e+01
      vertex   3.105829e+00 1.800000e+01 -1.159111e+01
    endloop
  endfacet
  facet normal 1.434188e-01 7.092937e-01 -6.901692e-01
    outer loop
      vertex   3.105829e+00 1.800000e+01 -1.159111e+01
      vertex   1.497833e+00 1.900000e+01 -1.089755e+01
      vertex   2.967764e+00 1.900000e+01 -1.059209e+01
    endloop
  endfacet
  facet normal 2.283878e-01 7.036813e-01 -6.728087e-01
    outer loop
      vertex   3.105829e+00 1.800000e+01 -1.159111e+01
      vertex   2.967764e+00 1.900000e+01 -1.059209e+01
      vertex   4.592201e+00 1.800000e+01 -1.108655e+01
    endloop
  endfacet
  facet normal 2.356258e-01 7.105829e-01 -6.629875e-01
    outer loop
      vertex   4.592201e+00 1.800000e+01 -1.108655e+01
      vertex   2.967764e+00 1.900000e+01 -1.059209e+01
      vertex   4.382412e+00 1.900000e+01 -1.008932e+01
    endloop
  endfacet
  facet normal 3.147571e-01 7.025289e-01 -6.382642e-01
    outer loop
      vertex   4.592201e+00 1.800000e+01 -1.108655e+01
      vertex   4.382412e+00 1.900000e+01 -1.008932e+01
      vertex   6.000000e+00 1.800000e+01 -1.039230e+01
    endloop
  endfacet
  facet normal 3.231739e-01 7.117304e-01 -6.236974e-01
    outer loop
      vertex   6.000000e+00 1.800000e+01 -1.039230e+01
      vertex   4.382412e+00 1.900000e+01 -1.008932e+01
      vertex   5.715423e+00 1.900000e+01 -9.398613e+00
    endloop
  endfacet
  facet normal 3.959381e-01 7.014997e-01 -5.925632e-01
    outer loop
      vertex   6.000000e+00 1.800000e+01 -1.039230e+01
      vertex   5.715423e+00 1.900000e+01 -9.398613e+00
      vertex   7.305137e+00 1.800000e+01 -9.520240e+00
    endloop
  endfacet
  facet normal 4.045009e-01 7.127384e-01 -5.730472e-01
    outer loop
      vertex   7.305137e+00 1.800000e+01 -9.520240e+00
      vertex   5.715423e+00 1.900000e+01 -9.398613e+00
      vertex   6.941967e+00 1.900000e+01 -8.532824e+00
    endloop
  endfacet
  facet normal 4.704819e-01 7.005955e-01 -5.364818e-01
    outer loop
      vertex   7.305137e+00 1.800000e+01 -9.520240e+00
      vertex   6.941967e+00 1.900000e+01 -8.532824e+00
      vertex   8.485281e+00 1.800000e+01 -8.485281e+00
    endloop
  endfacet
  facet normal 4.781591e-01 7.136084e-01 -5.119833e-01
    outer loop
      vertex   8.485281e+00 1.800000e+01 -8.485281e+00
      vertex   6.941967e+00 1.900000e+01 -8.532824e+00
      vertex   8.039196e+00 1.900000e+01 -7.508085e+00
    endloop
  endfacet
  facet normal 5.370553e-01 6.998177e-01 -4.709849e-01
    outer loop
      vertex   8.485281e+00 1.800000e+01 -8.485281e+00
      vertex   8.039196e+00 1.900000e+01 -7.508085e+00
      vertex   9.520240e+00 1.800000e+01 -7.305137e+00
    endloop
  endfacet
  facet normal 5.428402e-01 7.143421e-01 -4.416332e-01
    outer loop
      vertex   9.520240e+00 1.800000e+01 -7.305137e+00
      vertex   8.039196e+00 1.900000e+01 -7.508085e+00
      vertex   8.986669e+00 1.900000e+01 -6.343484e+00
    endloop
  endfacet
  facet normal 5.944657e-01 6.991676e-01 -3.972093e-01
    outer loop
      vertex   9.520240e+00 1.800000e+01 -7.305137e+00
      vertex   8.986669e+00 1.900000e+01 -6.343484e+00
      vertex   1.039230e+01 1.800000e+01 -6.000000e+00
    endloop
  endfacet
  facet normal 5.973973e-01 7.149407e-01 -3.632854e-01
    outer loop
      vertex   1.039230e+01 1.800000e+01 -6.000000e+00
      vertex   8.986669e+00 1.900000e+01 -6.343484e+00
      vertex   9.766737e+00 1.900000e+01 -5.060715e+00
    endloop
  endfacet
  facet normal 6.416831e-01 6.986462e-01 -3.164431e-01
    outer loop
      vertex   1.039230e+01 1.800000e+01 -6.000000e+00
      vertex   9.766737e+00 1.900000e+01 -5.060715e+00
      vertex   1.108655e+01 1.800000e+01 -4.592201e+00
    endloop
  endfacet
  facet normal 6.408646e-01 7.154052e-01 -2.783668e-01
    outer loop
      vertex   1.108655e+01 1.800000e+01 -4.592201e+00
      vertex   9.766737e+00 1.900000e+01 -5.060715e+00
      vertex   1.036487e+01 1.900000e+01 -3.683676e+00
    endloop
  endfacet
  facet normal 6.778596e-01 6.982544e-01 -2.301023e-01
    outer loop
      vertex   1.108655e+01 1.800000e+01 -4.592201e+00
      vertex   1.036487e+01 1.900000e+01 -3.683676e+00
      vertex   1.159111e+01 1.800000e+01 -3.105829e+00
    endloop
  endfacet
  facet normal 6.724731e-01 7.157364e-01 -1.884181e-01
    outer loop
      vertex   1.159111e+01 1.800000e+01 -3.105829e+00
      vertex   1.036487e+01 1.900000e+01 -3.683676e+00
      vertex   1.076992e+01 1.900000e+01 -2.238016e+00
    endloop
  endfacet
  facet normal 7.023449e-01 6.979929e-01 -1.397051e-01
    outer loop
      vertex   1.159111e+01 1.800000e+01 -3.105829e+00
      vertex   1.076992e+01 1.900000e+01 -2.238016e+00
      vertex   1.189734e+01 1.800000e+01 -1.566314e+00
    endloop
  endfacet
  facet normal 6.916643e-01 7.159349e-01 -9.506707e-02
    outer loop
      vertex   1.189734e+01 1.800000e+01 -1.566314e+00
      vertex   1.076992e+01 1.900000e+01 -2.238016e+00
      vertex   1.097436e+01 1.900000e+01 -7.506665e-01
    endloop
  endfacet
  facet normal 7.146987e-01 6.978620e-01 -4.684383e-02
    outer loop
      vertex   1.189734e+01 1.800000e+01 -1.566314e+00
      vertex   1.097436e+01 1.900000e+01 -7.506665e-01
      vertex   1.200000e+01 1.800000e+01 -2.664535e-15
    endloop
  endfacet
  facet normal 6.980993e-01 7.160010e-01 -8.259815e-16
    outer loop
      vertex   1.200000e+01 1.800000e+01 -2.664535e-15
      vertex   1.097436e+01 1.900000e+01 -7.506665e-01
      vertex   1.097436e+01 1.900000e+01 7.506665e-01
    endloop
  endfacet
  facet normal 7.146987e-01 6.978620e-01 4.684383e-02
    outer loop
      vertex   1.200000e+01 1.800000e+01 -2.664535e-15
      vertex   1.097436e+01 1.900000e+01 7.506665e-01
      vertex   1.189734e+01 1.800000e+01 1.566314e+00
    endloop
  endfacet
  facet normal 6.916643e-01 7.159349e-01 9.506707e-02
    outer loop
      vertex   1.189734e+01 1.800000e+01 1.566314e+00
      vertex   1.097436e+01 1.900000e+01 7.506665e-01
      vertex   1.076992e+01 1.900000e+01 2.238016e+00
    endloop
  endfacet
  facet normal 7.023449e-01 6.979929e-01 1.397051e-01
    outer loop
      vertex   1.189734e+01 1.800000e+01 1.566314e+00
      vertex   1.076992e+01 1.900000e+01 2.238016e+00
      vertex   1.159111e+01 1.800000e+01 3.105829e+00
    endloop
  endfacet
  facet normal 6.724731e-01 7.157364e-01 1.884181e-01
    outer loop
      vertex   1.159111e+01 1.800000e+01 3.105829e+00
      vertex   1.076992e+01 1.900000e+01 2.238016e+00
      vertex   1.036487e+01 1.900000e+01 3.683676e+00
    endloop
  endfacet
  facet normal 6.778596e-01 6.982544e-01 2.301023e-01
    outer loop
      vertex   1.159111e+01 1.800000e+01 3.105829e+00
      vertex   1.036487e+01 1.900000e+01 3.683676e+00
      vertex   1.108655e+01 1.800000e+01 4.592201e+00
    endloop
  endfacet
  facet normal 6.408646e-01 7.154052e-01 2.783668e-01
    outer loop
      vertex   1.108655e+01 1.800000e+01 4.592201e+00
      vertex   1.036487e+01 1.900000e+01 3.683676e+00
      vertex   9.766737e+00 1.900000e+01 5.060715e+00
    endloop
  endfacet
  facet normal 6.416831e-01 6.986462e-01 3.164431e-01
    outer loop
      vertex   1.108655e+01 1.800000e+01 4.592201e+00
      vertex   9.766737e+00 1.900000e+01 5.060715e+00
      vertex   1.039230e+01 1.800000e+01 6.000000e+00
    endloop
  endfacet
  facet normal 5.973973e-01 7.149407e-01 3.632854e-01
    outer loop
      vertex   1.039230e+01 1.800000e+01 6.000000e+00
      vertex   9.766737e+00 1.900000e+01 5.060715e+00
      vertex   8.986669e+00 1.900000e+01 6.343484e+00
    endloop
  endfacet
  facet normal 5.944657e-01 6.991676e-01 3.972093e-01
    outer loop
      vertex   1.039230e+01 1.800000e+01 6.000000e+00
      vertex   8.986669e+00 1.900000e+01 6.343484e+00
      vertex   9.520240e+00 1.800000e+01 7.305137e+00
    endloop
  endfacet
  facet normal 5.428402e-01 7.143421e-01 4.416332e-01
    outer loop
      vertex   9.520240e+00 1.800000e+01 7.305137e+00
      vertex   8.986669e+00 1.900000e+01 6.343484e+00
      vertex   8.039196e+00 1.900000e+01 7.508085e+00
    endloop
  endfacet
  facet normal 5.370553e-01 6.998177e-01 4.709849e-01
    outer loop
      vertex   9.520240e+00 1.800000e+01 7.305137e+00
      vertex   8.039196e+00 1.900000e+01 7.508085e+00
      vertex   8.485281e+00 1.800000e+01 8.485281e+00
    endloop
  endfacet
  facet normal 4.781591e-01 7.136084e-01 5.119833e-01
    outer loop
      vertex   8.485281e+00 1.800000e+01 8.485281e+00
      vertex   8.039196e+00 1.900000e+01 7.508085e+00
      vertex   6.941967e+00 1.900000e+01 8.532824e+00
    endloop
  endfacet
  facet normal 4.704819e-01 7.005955e-01 5.364818e-01
    outer loop
      vertex   8.485281e+00 1.800000e+01 8.485281e+00
      vertex   6.941967e+00 1.900000e+01 8.532824e+00
      vertex   7.305137e+00 1.800000e+01 9.520240e+00
    endloop
  endfacet
  facet normal 4.045009e-01 7.127384e-01 5.730472e-01
    outer loop
      vertex   7.305137e+00 1.800000e+01 9.520240e+00
      vertex   6.941967e+00 1.900000e+01 8.532824e+00
      vertex   5.715423e+00 1.900000e+01 9.398613e+00
    endloop
  endfacet
  facet normal 3.959381e-01 7.014997e-01 5.925632e-01
    outer loop
      vertex   7.305137e+00 1.800000e+01 9.520240e+00
      vertex   5.715423e+00 1.900000e+01 9.398613e+00
      vertex   6.000000e+00 1.800000e+01 1.039230e+01
    endloop
  endfacet
  facet normal 3.231739e-01 7.117304e-01 6.236974e-01
    outer loop
      vertex   6.000000e+00 1.800000e+01 1.039230e+01
      vertex   5.715423e+00 1.900000e+01 9.398613e+00
      vertex   4.382412e+00 1.900000e+01 1.008932e+01
    endloop
  endfacet
  facet normal 3.147571e-01 7.025289e-01 6.382642e-01
    outer loop
      vertex   6.000000e+00 1.800000e+01 1.039230e+01
      vertex   4.382412e+00 1.900000e+01 1.008932e+01
      vertex   4.592201e+00 1.800000e+01 1.108655e+01
    endloop
  endfacet
  facet normal 2.356258e-01 7.105829e-01 6.629875e-01
    outer loop
      vertex   4.592201e+00 1.800000e+01 1.108655e+01
      vertex   4.382412e+00 1.900000e+01 1.008932e+01
      vertex   2.967764e+00 1.900000e+01 1.059209e+01
    endloop
  endfacet
  facet normal 2.283878e-01 7.036813e-01 6.728087e-01
    outer loop
      vertex   4.592201e+00 1.800000e+01 1.108655e+01
      vertex   2.967764e+00 1.900000e+01 1.059209e+01
      vertex   3.105829e+00 1.800000e+01 1.159111e+01
    endloop
  endfacet
  facet normal 1.434188e-01 7.092937e-01 6.901692e-01
    outer loop
      vertex   3.105829e+00 1.800000e+01 1.159111e+01
      vertex   2.967764e+00 1.900000e+01 1.059209e+01
      vertex   1.497833e+00 1.900000e+01 1.089755e+01
    endloop
  endfacet
  facet normal 1.383682e-01 7.049553e-01 6.956237e-01
    outer loop
      vertex   3.105829e+00 1.800000e+01 1.159111e+01
      vertex   1.497833e+00 1.900000e+01 1.089755e+01
      vertex   1.566314e+00 1.800000e+01 1.189734e+01
    endloop
  endfacet
  facet normal 4.820318e-02 7.078606e-01 7.047055e-01
    outer loop
      vertex   1.566314e+00 1.800000e+01 1.189734e+01
      vertex   1.497833e+00 1.900000e+01 1.089755e+01
      vertex   0.000000e+00 1.900000e+01 1.100000e+01
    endloop
  endfacet
  facet normal 4.629653e-02 7.063486e-01 7.063486e-01
    outer loop
      vertex   1.566314e+00 1.800000e+01 1.189734e+01
      vertex   0.000000e+00 1.900000e+01 1.100000e+01
      vertex   2.099015e-15 1.800000e+01 1.200000e+01
    endloop
  endfacet
  facet normal 0.000000e+00 7.071068e-01 -7.071068e-01
    outer loop
      vertex   -3.700000e+01 1.900000e+01 -1.100000e+01
      vertex   -1.768935e-15 1.900000e+01 -1.100000e+01
      vertex   -3.700000e+01 1.800000e+01 -1.200000e+01
    endloop
  endfacet
  facet normal 0.000000e+00 7.071068e-01 -7.071068e-01
    outer loop
      vertex   -3.700000e+01 1.800000e+01 -1.200000e+01
      vertex   -1.768935e-15 1.900000e+01 -1.100000e+01
      vertex   -2.329182e-15 1.800000e+01 -1.200000e+01
    endloop
  endfacet
  facet normal -7.040626e-01 9.269160e-02 -7.040626e-01
    outer loop
      vertex   -3.900000e+01 1.600000e+01 -1.200000e+01
      vertex   -4.000000e+01 1.600000e+01 -1.100000e+01
      vertex   -3.893185e+01 1.651764e+01 -1.200000e+01
    endloop
  endfacet
  facet normal -7.040626e-01 9.269160e-02 -7.040626e-01
    outer loop
      vertex   -3.893185e+01 1.651764e+01 -1.200000e+01
      vertex   -4.000000e+01 1.600000e+01 -1.100000e+01
      vertex   -3.989778e+01 1.677646e+01 -1.100000e+01
    endloop
  endfacet
  facet normal -6.560819e-01 2.717580e-01 -7.040626e-01
    outer loop
      vertex   -3.893185e+01 1.651764e+01 -1.200000e+01
      vertex   -3.989778e+01 1.677646e+01 -1.100000e+01
      vertex   -3.873205e+01 1.700000e+01 -1.200000e+01
    endloop
  endfacet
  facet normal -6.560819e-01 2.717580e-01 -7.040626e-01
    outer loop
      vertex   -3.873205e+01 1.700000e+01 -1.200000e+01
      vertex   -3.989778e+01 1.677646e+01 -1.100000e+01
      vertex   -3.959808e+01 1.750000e+01 -1.100000e+01
    endloop
  endfacet
  facet normal -5.633903e-01 4.323046e-01 -7.040626e-01
    outer loop
      vertex   -3.873205e+01 1.700000e+01 -1.200000e+01
      vertex   -3.959808e+01 1.750000e+01 -1.100000e+01
      vertex   -3.841421e+01 1.741421e+01 -1.200000e+01
    endloop
  endfacet
  facet normal -5.633903e-01 4.323046e-01 -7.040626e-01
    outer loop
      vertex   -3.841421e+01 1.741421e+01 -1.200000e+01
      vertex   -3.959808e+01 1.750000e+01 -1.100000e+01
      vertex   -3.912132e+01 1.812132e+01 -1.100000e+01
    endloop
  endfacet
  facet normal -4.323046e-01 5.633903e-01 -7.040626e-01
    outer loop
      vertex   -3.841421e+01 1.741421e+01 -1.200000e+01
      vertex   -3.912132e+01 1.812132e+01 -1.100000e+01
      vertex   -3.800000e+01 1.773205e+01 -1.200000e+01
    endloop
  endfacet
  facet normal -4.323046e-01 5.633903e-01 -7.040626e-01
    outer loop
      vertex   -3.800000e+01 1.773205e+01 -1.200000e+01
      vertex   -3.912132e+01 1.812132e+01 -1.100000e+01
      vertex   -3.850000e+01 1.859808e+01 -1.100000e+01
    endloop
  endfacet
  facet normal -2.717580e-01 6.560819e-01 -7.040626e-01
    outer loop
      vertex   -3.800000e+01 1.773205e+01 -1.200000e+01
      vertex   -3.850000e+01 1.859808e+01 -1.100000e+01
      vertex   -3.751764e+01 1.793185e+01 -1.200000e+01
    endloop
  endfacet
  facet normal -2.717580e-01 6.560819e-01 -7.040626e-01
    outer loop
      vertex   -3.751764e+01 1.793185e+01 -1.200000e+01
      vertex   -3.850000e+01 1.859808e+01 -1.100000e+01
      vertex   -3.777646e+01 1.889778e+01 -1.100000e+01
    endloop
  endfacet
  facet normal -9.269160e-02 7.040626e-01 -7.040626e-01
    outer loop
      vertex   -3.751764e+01 1.793185e+01 -1.200000e+01
      vertex   -3.777646e+01 1.889778e+01 -1.100000e+01
      vertex   -3.700000e+01 1.800000e+01 -1.200000e+01
    endloop
  endfacet
  facet normal -9.269160e-02 7.040626e-01 -7.040626e-01
    outer loop
      vertex   -3.700000e+01 1.800000e+01 -1.200000e+01
      vertex   -3.777646e+01 1.889778e+01 -1.100000e+01
      vertex   -3.700000e+01 1.900000e+01 -1.100000e+01
    endloop
  endfacet
  facet normal -7.071068e-01 3.311363e-10 -7.071068e-01
    outer loop
      vertex   -4.000000e+01 1.600000e+01 -1.100000e+01
      vertex   -3.900000e+01 1.600000e+01 -1.200000e+01
      vertex   -4.000000e+01 1.500000e+01 -1.100000e+01
    endloop
  endfacet
  facet normal -7.071068e-01 -1.371532e-10 -7.071068e-01
    outer loop
      vertex   -4.000000e+01 1.500000e+01 -1.100000e+01
      vertex   -3.900000e+01 1.600000e+01 -1.200000e+01
      vertex   -3.900000e+01 1.500000e+01 -1.200000e+01
    endloop
  endfacet
  facet normal -7.942014e-02 7.048732e-01 -7.048732e-01
    outer loop
      vertex   -4.300000e+01 1.100000e+01 -1.200000e+01
      vertex   -4.300000e+01 1.200000e+01 -1.100000e+01
      vertex   -4.210992e+01 1.110029e+01 -1.200000e+01
    endloop
  endfacet
  facet normal -9.191861e-02 6.981912e-01 -7.099860e-01
    outer loop
      vertex   -4.210992e+01 1.110029e+01 -1.200000e+01
      vertex   -4.300000e+01 1.200000e+01 -1.100000e+01
      vertex   -4.222354e+01 1.210222e+01 -1.100000e+01
    endloop
  endfacet
  facet normal -2.355081e-01 6.730434e-01 -7.011052e-01
    outer loop
      vertex   -4.210992e+01 1.110029e+01 -1.200000e+01
      vertex   -4.222354e+01 1.210222e+01 -1.100000e+01
      vertex   -4.126447e+01 1.139612e+01 -1.200000e+01
    endloop
  endfacet
  facet normal -2.679898e-01 6.469845e-01 -7.138575e-01
    outer loop
      vertex   -4.126447e+01 1.139612e+01 -1.200000e+01
      vertex   -4.222354e+01 1.210222e+01 -1.100000e+01
      vertex   -4.150000e+01 1.240192e+01 -1.100000e+01
    endloop
  endfacet
  facet normal -3.805645e-01 6.056650e-01 -6.988137e-01
    outer loop
      vertex   -4.126447e+01 1.139612e+01 -1.200000e+01
      vertex   -4.150000e+01 1.240192e+01 -1.100000e+01
      vertex   -4.050604e+01 1.187267e+01 -1.200000e+01
    endloop
  endfacet
  facet normal -4.251198e-01 5.540270e-01 -7.157704e-01
    outer loop
      vertex   -4.050604e+01 1.187267e+01 -1.200000e+01
      vertex   -4.150000e+01 1.240192e+01 -1.100000e+01
      vertex   -4.087868e+01 1.287868e+01 -1.100000e+01
    endloop
  endfacet
  facet normal -5.063268e-01 5.063268e-01 -6.980446e-01
    outer loop
      vertex   -4.050604e+01 1.187267e+01 -1.200000e+01
      vertex   -4.087868e+01 1.287868e+01 -1.100000e+01
      vertex   -3.987267e+01 1.250604e+01 -1.200000e+01
    endloop
  endfacet
  facet normal -5.540270e-01 4.251198e-01 -7.157704e-01
    outer loop
      vertex   -3.987267e+01 1.250604e+01 -1.200000e+01
      vertex   -4.087868e+01 1.287868e+01 -1.100000e+01
      vertex   -4.040192e+01 1.350000e+01 -1.100000e+01
    endloop
  endfacet
  facet normal -6.056650e-01 3.805645e-01 -6.988137e-01
    outer loop
      vertex   -3.987267e+01 1.250604e+01 -1.200000e+01
      vertex   -4.040192e+01 1.350000e+01 -1.100000e+01
      vertex   -3.939612e+01 1.326447e+01 -1.200000e+01
    endloop
  endfacet
  facet normal -6.469845e-01 2.679898e-01 -7.138575e-01
    outer loop
      vertex   -3.939612e+01 1.326447e+01 -1.200000e+01
      vertex   -4.040192e+01 1.350000e+01 -1.100000e+01
      vertex   -4.010222e+01 1.422354e+01 -1.100000e+01
    endloop
  endfacet
  facet normal -6.730434e-01 2.355081e-01 -7.011052e-01
    outer loop
      vertex   -3.939612e+01 1.326447e+01 -1.200000e+01
      vertex   -4.010222e+01 1.422354e+01 -1.100000e+01
      vertex   -3.910029e+01 1.410992e+01 -1.200000e+01
    endloop
  endfacet
  facet normal -6.981912e-01 9.191861e-02 -7.099860e-01
    outer loop
      vertex   -3.910029e+01 1.410992e+01 -1.200000e+01
      vertex   -4.010222e+01 1.422354e+01 -1.100000e+01
      vertex   -4.000000e+01 1.500000e+01 -1.100000e+01
    endloop
  endfacet
  facet normal -7.048732e-01 7.942014e-02 -7.048732e-01
    outer loop
      vertex   -3.910029e+01 1.410992e+01 -1.200000e+01
      vertex   -4.000000e+01 1.500000e+01 -1.100000e+01
      vertex   -3.900000e+01 1.500000e+01 -1.200000e+01
    endloop
  endfacet
  facet normal 6.317752e-12 7.071068e-01 -7.071068e-01
    outer loop
      vertex   -9.541421e+01 1.200000e+01 -1.100000e+01
      vertex   -4.300000e+01 1.200000e+01 -1.100000e+01
      vertex   -9.500000e+01 1.100000e+01 -1.200000e+01
    endloop
  endfacet
  facet normal 6.368053e-12 7.071068e-01 -7.071068e-01
    outer loop
      vertex   -9.500000e+01 1.100000e+01 -1.200000e+01
      vertex   -4.300000e+01 1.200000e+01 -1.100000e+01
      vertex   -4.300000e+01 1.100000e+01 -1.200000e+01
    endloop
  endfacet
  facet normal 5.000000e-01 7.071068e-01 5.000000e-01
    outer loop
      vertex   -9.800000e+01 1.100000e+01 1.500000e+01
      vertex   -9.500000e+01 1.100000e+01 1.200000e+01
      vertex   -9.841421e+01 1.200000e+01 1.400000e+01
    endloop
  endfacet
  facet normal 5.000000e-01 7.071067e-01 5.000000e-01
    outer loop
      vertex   -9.841421e+01 1.200000e+01 1.400000e+01
      vertex   -9.500000e+01 1.100000e+01 1.200000e+01
      vertex   -9.541421e+01 1.200000e+01 1.100000e+01
    endloop
  endfacet
  facet normal -0.000000e+00 -4.470348e-08 -1.000000e+00
    outer loop
      vertex   0.000000e+00 5.000000e+00 -1.200000e+01
      vertex   -2.329182e-15 1.000000e+00 -1.200000e+01
      vertex   -1.300000e+01 5.000000e+00 -1.200000e+01
    endloop
  endfacet
  facet normal 0.000000e+00 -4.470348e-08 -1.000000e+00
    outer loop
      vertex   -1.300000e+01 5.000000e+00 -1.200000e+01
      vertex   -2.329182e-15 1.000000e+00 -1.200000e+01
      vertex   -9.500000e+01 1.000000e+00 -1.200000e+01
    endloop
  endfacet
  facet normal -2.921796e-09 1.519334e-08 -1.000000e+00
    outer loop
      vertex   -1.300000e+01 5.000000e+00 -1.200000e+01
      vertex   -9.500000e+01 1.000000e+00 -1.200000e+01
      vertex   -4.300000e+01 1.100000e+01 -1.200000e+01
    endloop
  endfacet
  facet normal -0.000000e+00 0.000000e+00 -1.000000e+00
    outer loop
      vertex   -4.300000e+01 1.100000e+01 -1.200000e+01
      vertex   -9.500000e+01 1.000000e+00 -1.200000e+01
      vertex   -9.500000e+01 1.100000e+01 -1.200000e+01
    endloop
  endfacet
  facet normal -2.147877e-09 1.906294e-08 -1.000000e+00
    outer loop
      vertex   -4.300000e+01 1.100000e+01 -1.200000e+01
      vertex   -4.210992e+01 1.110029e+01 -1.200000e+01
      vertex   -1.300000e+01 5.000000e+00 -1.200000e+01
    endloop
  endfacet
  facet normal -3.841864e-09 1.097942e-08 -1.000000e+00
    outer loop
      vertex   -1.300000e+01 5.000000e+00 -1.200000e+01
      vertex   -4.210992e+01 1.110029e+01 -1.200000e+01
      vertex   -4.126447e+01 1.139612e+01 -1.200000e+01
    endloop
  endfacet
  facet normal -6.326457e-09 0.000000e+00 -1.000000e+00
    outer loop
      vertex   -1.300000e+01 5.000000e+00 -1.200000e+01
      vertex   -4.126447e+01 1.139612e+01 -1.200000e+01
      vertex   -1.300000e+01 1.500000e+01 -1.200000e+01
    endloop
  endfacet
  facet normal -7.937081e-09 1.263179e-08 -1.000000e+00
    outer loop
      vertex   -1.300000e+01 1.500000e+01 -1.200000e+01
      vertex   -4.126447e+01 1.139612e+01 -1.200000e+01
      vertex   -4.050604e+01 1.187267e+01 -1.200000e+01
    endloop
  endfacet
  facet normal -7.334838e-09 7.334838e-09 -1.000000e+00
    outer loop
      vertex   -1.300000e+01 1.500000e+01 -1.200000e+01
      vertex   -4.050604e+01 1.187267e+01 -1.200000e+01
      vertex   -3.987267e+01 1.250604e+01 -1.200000e+01
    endloop
  endfacet
  facet normal -7.066176e-09 4.439973e-09 -1.000000e+00
    outer loop
      vertex   -3.987267e+01 1.250604e+01 -1.200000e+01
      vertex   -3.939612e+01 1.326447e+01 -1.200000e+01
      vertex   -1.300000e+01 1.500000e+01 -1.200000e+01
    endloop
  endfacet
  facet normal -6.933773e-09 2.426232e-09 -1.000000e+00
    outer loop
      vertex   -1.300000e+01 1.500000e+01 -1.200000e+01
      vertex   -3.939612e+01 1.326447e+01 -1.200000e+01
      vertex   -3.910029e+01 1.410992e+01 -1.200000e+01
    endloop
  endfacet
  facet normal -6.877459e-09 7.749035e-10 -1.000000e+00
    outer loop
      vertex   -1.300000e+01 1.500000e+01 -1.200000e+01
      vertex   -3.910029e+01 1.410992e+01 -1.200000e+01
      vertex   -3.900000e+01 1.500000e+01 -1.200000e+01
    endloop
  endfacet
  facet normal -6.877459e-09 -1.333979e-18 -1.000000e+00
    outer loop
      vertex   -3.900000e+01 1.500000e+01 -1.200000e+01
      vertex   -3.900000e+01 1.600000e+01 -1.200000e+01
      vertex   -1.300000e+01 1.500000e+01 -1.200000e+01
    endloop
  endfacet
  facet normal -6.842810e-09 9.008730e-10 -1.000000e+00
    outer loop
      vertex   -1.300000e+01 1.500000e+01 -1.200000e+01
      vertex   -3.900000e+01 1.600000e+01 -1.200000e+01
      vertex   -3.893185e+01 1.651764e+01 -1.200000e+01
    endloop
  endfacet
  facet normal -6.732331e-09 2.788623e-09 -1.000000e+00
    outer loop
      vertex   -1.300000e+01 1.500000e+01 -1.200000e+01
      vertex   -3.893185e+01 1.651764e+01 -1.200000e+01
      vertex   -3.873205e+01 1.700000e+01 -1.200000e+01
    endloop
  endfacet
  facet normal -6.124572e-09 1.060807e-08 -1.000000e+00
    outer loop
      vertex   -1.300000e+01 1.500000e+01 -1.200000e+01
      vertex   -3.873205e+01 1.700000e+01 -1.200000e+01
      vertex   -3.700000e+01 1.800000e+01 -1.200000e+01
    endloop
  endfacet
  facet normal 0.000000e+00 0.000000e+00 -1.000000e+00
    outer loop
      vertex   -3.700000e+01 1.800000e+01 -1.200000e+01
      vertex   -3.873205e+01 1.700000e+01 -1.200000e+01
      vertex   -3.841421e+01 1.741421e+01 -1.200000e+01
    endloop
  endfacet
  facet normal 0.000000e+00 0.000000e+00 -1.000000e+00
    outer loop
      vertex   -3.700000e+01 1.800000e+01 -1.200000e+01
      vertex   -3.841421e+01 1.741421e+01 -1.200000e+01
      vertex   -3.800000e+01 1.773205e+01 -1.200000e+01
    endloop
  endfacet
  facet normal 0.000000e+00 0.000000e+00 -1.000000e+00
    outer loop
      vertex   -3.800000e+01 1.773205e+01 -1.200000e+01
      vertex   -3.751764e+01 1.793185e+01 -1.200000e+01
      vertex   -3.700000e+01 1.800000e+01 -1.200000e+01
    endloop
  endfacet
  facet normal 0.000000e+00 5.960465e-08 -1.000000e+00
    outer loop
      vertex   -3.700000e+01 1.800000e+01 -1.200000e+01
      vertex   -2.329182e-15 1.800000e+01 -1.200000e+01
      vertex   -1.300000e+01 1.500000e+01 -1.200000e+01
    endloop
  endfacet
  facet normal 0.000000e+00 5.960465e-08 -1.000000e+00
    outer loop
      vertex   -1.300000e+01 1.500000e+01 -1.200000e+01
      vertex   -2.329182e-15 1.800000e+01 -1.200000e+01
      vertex   0.000000e+00 1.500000e+01 -1.200000e+01
    endloop
  endfacet
  facet normal 6.540324e-02 5.947703e-08 -9.978589e-01
    outer loop
      vertex   0.000000e+00 1.500000e+01 -1.200000e+01
      vertex   -2.329182e-15 1.800000e+01 -1.200000e+01
      vertex   1.566314e+00 1.500000e+01 -1.189734e+01
    endloop
  endfacet
  facet normal 6.540313e-02 6.293046e-17 -9.978589e-01
    outer loop
      vertex   1.566314e+00 1.500000e+01 -1.189734e+01
      vertex   -2.329182e-15 1.800000e+01 -1.200000e+01
      vertex   1.566314e+00 1.800000e+01 -1.189734e+01
    endloop
  endfacet
  facet normal 1.950903e-01 1.877146e-16 -9.807853e-01
    outer loop
      vertex   1.566314e+00 1.500000e+01 -1.189734e+01
      vertex   1.566314e+00 1.800000e+01 -1.189734e+01
      vertex   3.105829e+00 1.500000e+01 -1.159111e+01
    endloop
  endfacet
  facet normal 1.950903e-01 -3.785874e-16 -9.807853e-01
    outer loop
      vertex   3.105829e+00 1.500000e+01 -1.159111e+01
      vertex   1.566314e+00 1.800000e+01 -1.189734e+01
      vertex   3.105829e+00 1.800000e+01 -1.159111e+01
    endloop
  endfacet
  facet normal 3.214395e-01 -2.276171e-16 -9.469301e-01
    outer loop
      vertex   3.105829e+00 1.500000e+01 -1.159111e+01
      vertex   3.105829e+00 1.800000e+01 -1.159111e+01
      vertex   4.592201e+00 1.500000e+01 -1.108655e+01
    endloop
  endfacet
  facet normal 3.214395e-01 2.854956e-16 -9.469301e-01
    outer loop
      vertex   4.592201e+00 1.500000e+01 -1.108655e+01
      vertex   3.105829e+00 1.800000e+01 -1.159111e+01
      vertex   4.592201e+00 1.800000e+01 -1.108655e+01
    endloop
  endfacet
  facet normal 4.422887e-01 3.928313e-16 -8.968727e-01
    outer loop
      vertex   4.592201e+00 1.500000e+01 -1.108655e+01
      vertex   4.592201e+00 1.800000e+01 -1.108655e+01
      vertex   6.000000e+00 1.500000e+01 -1.039230e+01
    endloop
  endfacet
  facet normal 4.422887e-01 -7.280317e-18 -8.968727e-01
    outer loop
      vertex   6.000000e+00 1.500000e+01 -1.039230e+01
      vertex   4.592201e+00 1.800000e+01 -1.108655e+01
      vertex   6.000000e+00 1.800000e+01 -1.039230e+01
    endloop
  endfacet
  facet normal 5.555702e-01 1.655984e-16 -8.314696e-01
    outer loop
      vertex   6.000000e+00 1.500000e+01 -1.039230e+01
      vertex   6.000000e+00 1.800000e+01 -1.039230e+01
      vertex   7.305137e+00 1.500000e+01 -9.520240e+00
    endloop
  endfacet
  facet normal 5.555702e-01 3.289637e-16 -8.314696e-01
    outer loop
      vertex   7.305137e+00 1.500000e+01 -9.520240e+00
      vertex   6.000000e+00 1.800000e+01 -1.039230e+01
      vertex   7.305137e+00 1.800000e+01 -9.520240e+00
    endloop
  endfacet
  facet normal 6.593458e-01 3.904112e-16 -7.518398e-01
    outer loop
      vertex   7.305137e+00 1.500000e+01 -9.520240e+00
      vertex   7.305137e+00 1.800000e+01 -9.520240e+00
      vertex   8.485281e+00 1.500000e+01 -8.485281e+00
    endloop
  endfacet
  facet normal 6.593458e-01 3.356437e-16 -7.518398e-01
    outer loop
      vertex   8.485281e+00 1.500000e+01 -8.485281e+00
      vertex   7.305137e+00 1.800000e+01 -9.520240e+00
      vertex   8.485281e+00 1.800000e+01 -8.485281e+00
    endloop
  endfacet
  facet normal 7.518398e-01 4.999461e-16 -6.593458e-01
    outer loop
      vertex   8.485281e+00 1.500000e+01 -8.485281e+00
      vertex   8.485281e+00 1.800000e+01 -8.485281e+00
      vertex   9.520240e+00 1.500000e+01 -7.305137e+00
    endloop
  endfacet
  facet normal 7.518398e-01 2.499730e-16 -6.593458e-01
    outer loop
      vertex   9.520240e+00 1.500000e+01 -7.305137e+00
      vertex   8.485281e+00 1.800000e+01 -8.485281e+00
      vertex   9.520240e+00 1.800000e+01 -7.305137e+00
    endloop
  endfacet
  facet normal 8.314696e-01 3.278471e-16 -5.555702e-01
    outer loop
      vertex   9.520240e+00 1.500000e+01 -7.305137e+00
      vertex   9.520240e+00 1.800000e+01 -7.305137e+00
      vertex   1.039230e+01 1.500000e+01 -6.000000e+00
    endloop
  endfacet
  facet normal 8.314696e-01 -4.934455e-16 -5.555702e-01
    outer loop
      vertex   1.039230e+01 1.500000e+01 -6.000000e+00
      vertex   9.520240e+00 1.800000e+01 -7.305137e+00
      vertex   1.039230e+01 1.800000e+01 -6.000000e+00
    endloop
  endfacet
  facet normal 8.968727e-01 -3.928313e-16 -4.422887e-01
    outer loop
      vertex   1.039230e+01 1.500000e+01 -6.000000e+00
      vertex   1.039230e+01 1.800000e+01 -6.000000e+00
      vertex   1.108655e+01 1.500000e+01 -4.592201e+00
    endloop
  endfacet
  facet normal 8.968727e-01 -3.928313e-16 -4.422887e-01
    outer loop
      vertex   1.108655e+01 1.500000e+01 -4.592201e+00
      vertex   1.039230e+01 1.800000e+01 -6.000000e+00
      vertex   1.108655e+01 1.800000e+01 -4.592201e+00
    endloop
  endfacet
  facet normal 9.469301e-01 -2.854956e-16 -3.214395e-01
    outer loop
      vertex   1.108655e+01 1.500000e+01 -4.592201e+00
      vertex   1.108655e+01 1.800000e+01 -4.592201e+00
      vertex   1.159111e+01 1.500000e+01 -3.105829e+00
    endloop
  endfacet
  facet normal 9.469301e-01 3.227823e-16 -3.214395e-01
    outer loop
      vertex   1.159111e+01 1.500000e+01 -3.105829e+00
      vertex   1.108655e+01 1.800000e+01 -4.592201e+00
      vertex   1.159111e+01 1.800000e+01 -3.105829e+00
    endloop
  endfacet
  facet normal 9.807853e-01 4.363457e-16 -1.950903e-01
    outer loop
      vertex   1.159111e+01 1.500000e+01 -3.105829e+00
      vertex   1.159111e+01 1.800000e+01 -3.105829e+00
      vertex   1.189734e+01 1.500000e+01 -1.566314e+00
    endloop
  endfacet
  facet normal 9.807853e-01 -1.877146e-16 -1.950903e-01
    outer loop
      vertex   1.189734e+01 1.500000e+01 -1.566314e+00
      vertex   1.159111e+01 1.800000e+01 -3.105829e+00
      vertex   1.189734e+01 1.800000e+01 -1.566314e+00
    endloop
  endfacet
  facet normal 9.978589e-01 -6.293046e-17 -6.540313e-02
    outer loop
      vertex   1.189734e+01 1.500000e+01 -1.566314e+00
      vertex   1.189734e+01 1.800000e+01 -1.566314e+00
      vertex   1.200000e+01 1.500000e+01 0.000000e+00
    endloop
  endfacet
  facet normal 9.978589e-01 -5.808965e-17 -6.540313e-02
    outer loop
      vertex   1.200000e+01 1.500000e+01 0.000000e+00
      vertex   1.189734e+01 1.800000e+01 -1.566314e+00
      vertex   1.200000e+01 1.800000e+01 -2.664535e-15
    endloop
  endfacet
  facet normal 9.978589e-01 5.808965e-17 6.540313e-02
    outer loop
      vertex   1.200000e+01 1.500000e+01 0.000000e+00
      vertex   1.200000e+01 1.800000e+01 -2.664535e-15
      vertex   1.189734e+01 1.500000e+01 1.566314e+00
    endloop
  endfacet
  facet normal 9.978589e-01 6.293046e-17 6.540313e-02
    outer loop
      vertex   1.189734e+01 1.500000e+01 1.566314e+00
      vertex   1.200000e+01 1.800000e+01 -2.664535e-15
      vertex   1.189734e+01 1.800000e+01 1.566314e+00
    endloop
  endfacet
  facet normal 9.807853e-01 1.877146e-16 1.950903e-01
    outer loop
      vertex   1.189734e+01 1.500000e+01 1.566314e+00
      vertex   1.189734e+01 1.800000e+01 1.566314e+00
      vertex   1.159111e+01 1.500000e+01 3.105829e+00
    endloop
  endfacet
  facet normal 9.807853e-01 -4.363457e-16 1.950903e-01
    outer loop
      vertex   1.159111e+01 1.500000e+01 3.105829e+00
      vertex   1.189734e+01 1.800000e+01 1.566314e+00
      vertex   1.159111e+01 1.800000e+01 3.105829e+00
    endloop
  endfacet
  facet normal 9.469301e-01 -3.227823e-16 3.214395e-01
    outer loop
      vertex   1.159111e+01 1.500000e+01 3.105829e+00
      vertex   1.159111e+01 1.800000e+01 3.105829e+00
      vertex   1.108655e+01 1.500000e+01 4.592201e+00
    endloop
  endfacet
  facet normal 9.469301e-01 2.854956e-16 3.214395e-01
    outer loop
      vertex   1.108655e+01 1.500000e+01 4.592201e+00
      vertex   1.159111e+01 1.800000e+01 3.105829e+00
      vertex   1.108655e+01 1.800000e+01 4.592201e+00
    endloop
  endfacet
  facet normal 8.968727e-01 3.928313e-16 4.422887e-01
    outer loop
      vertex   1.108655e+01 1.500000e+01 4.592201e+00
      vertex   1.108655e+01 1.800000e+01 4.592201e+00
      vertex   1.039230e+01 1.500000e+01 6.000000e+00
    endloop
  endfacet
  facet normal 8.968727e-01 3.928313e-16 4.422887e-01
    outer loop
      vertex   1.039230e+01 1.500000e+01 6.000000e+00
      vertex   1.108655e+01 1.800000e+01 4.592201e+00
      vertex   1.039230e+01 1.800000e+01 6.000000e+00
    endloop
  endfacet
  facet normal 8.314696e-01 4.934455e-16 5.555702e-01
    outer loop
      vertex   1.039230e+01 1.500000e+01 6.000000e+00
      vertex   1.039230e+01 1.800000e+01 6.000000e+00
      vertex   9.520240e+00 1.500000e+01 7.305137e+00
    endloop
  endfacet
  facet normal 8.314696e-01 -1.633653e-16 5.555702e-01
    outer loop
      vertex   9.520240e+00 1.500000e+01 7.305137e+00
      vertex   1.039230e+01 1.800000e+01 6.000000e+00
      vertex   9.520240e+00 1.800000e+01 7.305137e+00
    endloop
  endfacet
  facet normal 7.518398e-01 -5.476745e-17 6.593458e-01
    outer loop
      vertex   9.520240e+00 1.500000e+01 7.305137e+00
      vertex   9.520240e+00 1.800000e+01 7.305137e+00
      vertex   8.485281e+00 1.500000e+01 8.485281e+00
    endloop
  endfacet
  facet normal 7.518398e-01 3.904112e-16 6.593458e-01
    outer loop
      vertex   8.485281e+00 1.500000e+01 8.485281e+00
      vertex   9.520240e+00 1.800000e+01 7.305137e+00
      vertex   8.485281e+00 1.800000e+01 8.485281e+00
    endloop
  endfacet
  facet normal 6.593458e-01 4.451786e-16 7.518398e-01
    outer loop
      vertex   8.485281e+00 1.500000e+01 8.485281e+00
      vertex   8.485281e+00 1.800000e+01 8.485281e+00
      vertex   7.305137e+00 1.500000e+01 9.520240e+00
    endloop
  endfacet
  facet normal 6.593458e-01 -3.904112e-16 7.518398e-01
    outer loop
      vertex   7.305137e+00 1.500000e+01 9.520240e+00
      vertex   8.485281e+00 1.800000e+01 8.485281e+00
      vertex   7.305137e+00 1.800000e+01 9.520240e+00
    endloop
  endfacet
  facet normal 5.555702e-01 -3.289637e-16 8.314696e-01
    outer loop
      vertex   7.305137e+00 1.500000e+01 9.520240e+00
      vertex   7.305137e+00 1.800000e+01 9.520240e+00
      vertex   6.000000e+00 1.500000e+01 1.039230e+01
    endloop
  endfacet
  facet normal 5.555702e-01 -4.945621e-16 8.314696e-01
    outer loop
      vertex   6.000000e+00 1.500000e+01 1.039230e+01
      vertex   7.305137e+00 1.800000e+01 9.520240e+00
      vertex   6.000000e+00 1.800000e+01 1.039230e+01
    endloop
  endfacet
  facet normal 4.422887e-01 -2.546072e-16 8.968727e-01
    outer loop
      vertex   6.000000e+00 1.500000e+01 1.039230e+01
      vertex   6.000000e+00 1.800000e+01 1.039230e+01
      vertex   4.592201e+00 1.500000e+01 1.108655e+01
    endloop
  endfacet
  facet normal 4.422887e-01 2.691678e-16 8.968727e-01
    outer loop
      vertex   4.592201e+00 1.500000e+01 1.108655e+01
      vertex   6.000000e+00 1.800000e+01 1.039230e+01
      vertex   4.592201e+00 1.800000e+01 1.108655e+01
    endloop
  endfacet
  facet normal 3.214395e-01 3.703649e-16 9.469301e-01
    outer loop
      vertex   4.592201e+00 1.500000e+01 1.108655e+01
      vertex   4.592201e+00 1.800000e+01 1.108655e+01
      vertex   3.105829e+00 1.500000e+01 1.159111e+01
    endloop
  endfacet
  facet normal 3.214395e-01 2.276171e-16 9.469301e-01
    outer loop
      vertex   3.105829e+00 1.500000e+01 1.159111e+01
      vertex   4.592201e+00 1.800000e+01 1.108655e+01
      vertex   3.105829e+00 1.800000e+01 1.159111e+01
    endloop
  endfacet
  facet normal 1.950903e-01 3.785874e-16 9.807853e-01
    outer loop
      vertex   3.105829e+00 1.500000e+01 1.159111e+01
      vertex   3.105829e+00 1.800000e+01 1.159111e+01
      vertex   1.566314e+00 1.500000e+01 1.189734e+01
    endloop
  endfacet
  facet normal 1.950903e-01 -1.877146e-16 9.807853e-01
    outer loop
      vertex   1.566314e+00 1.500000e+01 1.189734e+01
      vertex   3.105829e+00 1.800000e+01 1.159111e+01
      vertex   1.566314e+00 1.800000e+01 1.189734e+01
    endloop
  endfacet
  facet normal 6.540324e-02 -6.293057e-17 9.978589e-01
    outer loop
      vertex   1.566314e+00 1.500000e+01 1.189734e+01
      vertex   1.566314e+00 1.800000e+01 1.189734e+01
      vertex   0.000000e+00 1.500000e+01 1.200000e+01
    endloop
  endfacet
  facet normal 6.540313e-02 5.947703e-08 9.978589e-01
    outer loop
      vertex   0.000000e+00 1.500000e+01 1.200000e+01
      vertex   1.566314e+00 1.800000e+01 1.189734e+01
      vertex   2.099015e-15 1.800000e+01 1.200000e+01
    endloop
  endfacet
  facet normal -5.609548e-17 -4.470348e-08 1.000000e+00
    outer loop
      vertex   2.099015e-15 1.000000e+00 1.200000e+01
      vertex   -1.300000e+01 5.000000e+00 1.200000e+01
      vertex   -9.500000e+01 1.000000e+00 1.200000e+01
    endloop
  endfacet
  facet normal -2.921796e-09 1.519334e-08 1.000000e+00
    outer loop
      vertex   -9.500000e+01 1.000000e+00 1.200000e+01
      vertex   -1.300000e+01 5.000000e+00 1.200000e+01
      vertex   -4.300000e+01 1.100000e+01 1.200000e+01
    endloop
  endfacet
  facet normal -3.416071e-17 0.000000e+00 1.000000e+00
    outer loop
      vertex   -9.500000e+01 1.000000e+00 1.200000e+01
      vertex   -4.300000e+01 1.100000e+01 1.200000e+01
      vertex   -9.500000e+01 1.100000e+01 1.200000e+01
    endloop
  endfacet
  facet normal 0.000000e+00 -4.470348e-08 1.000000e+00
    outer loop
      vertex   2.099015e-15 1.000000e+00 1.200000e+01
      vertex   0.000000e+00 5.000000e+00 1.200000e+01
      vertex   -1.300000e+01 5.000000e+00 1.200000e+01
    endloop
  endfacet
  facet normal -6.326457e-09 0.000000e+00 1.000000e+00
    outer loop
      vertex   -1.300000e+01 1.500000e+01 1.200000e+01
      vertex   -4.126447e+01 1.139612e+01 1.200000e+01
      vertex   -1.300000e+01 5.000000e+00 1.200000e+01
    endloop
  endfacet
  facet normal -3.841864e-09 1.097942e-08 1.000000e+00
    outer loop
      vertex   -1.300000e+01 5.000000e+00 1.200000e+01
      vertex   -4.126447e+01 1.139612e+01 1.200000e+01
      vertex   -4.210992e+01 1.110029e+01 1.200000e+01
    endloop
  endfacet
  facet normal -2.147877e-09 1.906294e-08 1.000000e+00
    outer loop
      vertex   -1.300000e+01 5.000000e+00 1.200000e+01
      vertex   -4.210992e+01 1.110029e+01 1.200000e+01
      vertex   -4.300000e+01 1.100000e+01 1.200000e+01
    endloop
  endfacet
  facet normal 0.000000e+00 5.960465e-08 1.000000e+00
    outer loop
      vertex   0.000000e+00 1.500000e+01 1.200000e+01
      vertex   2.099015e-15 1.800000e+01 1.200000e+01
      vertex   -1.300000e+01 1.500000e+01 1.200000e+01
    endloop
  endfacet
  facet normal -9.526487e-17 5.960465e-08 1.000000e+00
    outer loop
      vertex   -1.300000e+01 1.500000e+01 1.200000e+01
      vertex   2.099015e-15 1.800000e+01 1.200000e+01
      vertex   -3.700000e+01 1.800000e+01 1.200000e+01
    endloop
  endfacet
  facet normal -6.124572e-09 1.060807e-08 1.000000e+00
    outer loop
      vertex   -1.300000e+01 1.500000e+01 1.200000e+01
      vertex   -3.700000e+01 1.800000e+01 1.200000e+01
      vertex   -3.873205e+01 1.700000e+01 1.200000e+01
    endloop
  endfacet
  facet normal 0.000000e+00 0.000000e+00 1.000000e+00
    outer loop
      vertex   -3.873205e+01 1.700000e+01 1.200000e+01
      vertex   -3.700000e+01 1.800000e+01 1.200000e+01
      vertex   -3.841421e+01 1.741421e+01 1.200000e+01
    endloop
  endfacet
  facet normal 0.000000e+00 0.000000e+00 1.000000e+00
    outer loop
      vertex   -3.841421e+01 1.741421e+01 1.200000e+01
      vertex   -3.700000e+01 1.800000e+01 1.200000e+01
      vertex   -3.800000e+01 1.773205e+01 1.200000e+01
    endloop
  endfacet
  facet normal 0.000000e+00 0.000000e+00 1.000000e+00
    outer loop
      vertex   -3.800000e+01 1.773205e+01 1.200000e+01
      vertex   -3.700000e+01 1.800000e+01 1.200000e+01
      vertex   -3.751764e+01 1.793185e+01 1.200000e+01
    endloop
  endfacet
  facet normal -6.732331e-09 2.788623e-09 1.000000e+00
    outer loop
      vertex   -3.873205e+01 1.700000e+01 1.200000e+01
      vertex   -3.893185e+01 1.651764e+01 1.200000e+01
      vertex   -1.300000e+01 1.500000e+01 1.200000e+01
    endloop
  endfacet
  facet normal -6.842810e-09 9.008730e-10 1.000000e+00
    outer loop
      vertex   -1.300000e+01 1.500000e+01 1.200000e+01
      vertex   -3.893185e+01 1.651764e+01 1.200000e+01
      vertex   -3.900000e+01 1.600000e+01 1.200000e+01
    endloop
  endfacet
  facet normal -6.877459e-09 -1.334029e-18 1.000000e+00
    outer loop
      vertex   -1.300000e+01 1.500000e+01 1.200000e+01
      vertex   -3.900000e+01 1.600000e+01 1.200000e+01
      vertex   -3.900000e+01 1.500000e+01 1.200000e+01
    endloop
  endfacet
  facet normal -6.877459e-09 7.749035e-10 1.000000e+00
    outer loop
      vertex   -3.900000e+01 1.500000e+01 1.200000e+01
      vertex   -3.910029e+01 1.410992e+01 1.200000e+01
      vertex   -1.300000e+01 1.500000e+01 1.200000e+01
    endloop
  endfacet
  facet normal -6.933773e-09 2.426232e-09 1.000000e+00
    outer loop
      vertex   -1.300000e+01 1.500000e+01 1.200000e+01
      vertex   -3.910029e+01 1.410992e+01 1.200000e+01
      vertex   -3.939612e+01 1.326447e+01 1.200000e+01
    endloop
  endfacet
  facet normal -7.066176e-09 4.439973e-09 1.000000e+00
    outer loop
      vertex   -1.300000e+01 1.500000e+01 1.200000e+01
      vertex   -3.939612e+01 1.326447e+01 1.200000e+01
      vertex   -3.987267e+01 1.250604e+01 1.200000e+01
    endloop
  endfacet
  facet normal -7.334838e-09 7.334838e-09 1.000000e+00
    outer loop
      vertex   -3.987267e+01 1.250604e+01 1.200000e+01
      vertex   -4.050604e+01 1.187267e+01 1.200000e+01
      vertex   -1.300000e+01 1.500000e+01 1.200000e+01
    endloop
  endfacet
  facet normal -7.937081e-09 1.263179e-08 1.000000e+00
    outer loop
      vertex   -1.300000e+01 1.500000e+01 1.200000e+01
      vertex   -4.050604e+01 1.187267e+01 1.200000e+01
      vertex   -4.126447e+01 1.139612e+01 1.200000e+01
    endloop
  endfacet
  facet normal 0.000000e+00 0.000000e+00 1.000000e+00
    outer loop
      vertex   -1.470000e+02 1.000000e+00 1.500000e+01
      vertex   -9.800000e+01 1.000000e+00 1.500000e+01
      vertex   -1.470000e+02 1.100000e+01 1.500000e+01
    endloop
  endfacet
  facet normal -0.000000e+00 0.000000e+00 1.000000e+00
    outer loop
      vertex   -1.470000e+02 1.100000e+01 1.500000e+01
      vertex   -9.800000e+01 1.000000e+00 1.500000e+01
      vertex   -9.800000e+01 1.100000e+01 1.500000e+01
    endloop
  endfacet
  facet normal 7.071068e-01 -0.000000e+00 7.071068e-01
    outer loop
      vertex   -9.800000e+01 1.000000e+00 1.500000e+01
      vertex   -9.500000e+01 1.000000e+00 1.200000e+01
      vertex   -9.800000e+01 1.100000e+01 1.500000e+01
    endloop
  endfacet
  facet normal 7.071068e-01 0.000000e+00 7.071068e-01
    outer loop
      vertex   -9.800000e+01 1.100000e+01 1.500000e+01
      vertex   -9.500000e+01 1.000000e+00 1.200000e+01
      vertex   -9.500000e+01 1.100000e+01 1.200000e+01
    endloop
  endfacet
  facet normal 1.000000e+00 -0.000000e+00 0.000000e+00
    outer loop
      vertex   -1.450000e+02 1.000000e+00 1.030000e+01
      vertex   -1.450000e+02 1.000000e+00 -1.030000e+01
      vertex   -1.450000e+02 1.100000e+01 1.030000e+01
    endloop
  endfacet
  facet normal 1.000000e+00 0.000000e+00 0.000000e+00
    outer loop
      vertex   -1.450000e+02 1.100000e+01 1.030000e+01
      vertex   -1.450000e+02 1.000000e+00 -1.030000e+01
      vertex   -1.450000e+02 1.100000e+01 -1.030000e+01
    endloop
  endfacet
  facet normal 9.914449e-01 0.000000e+00 -1.305262e-01
    outer loop
      vertex   4.488593e+00 1.600000e+01 6.729295e-01
      vertex   4.488593e+00 1.500000e+01 6.729295e-01
      vertex   4.400000e+00 1.600000e+01 1.235904e-15
    endloop
  endfacet
  facet normal 9.914449e-01 0.000000e+00 -1.305262e-01
    outer loop
      vertex   4.400000e+00 1.600000e+01 1.235904e-15
      vertex   4.488593e+00 1.500000e+01 6.729295e-01
      vertex   4.400000e+00 1.500000e+01 1.235904e-15
    endloop
  endfacet
  facet normal 9.914449e-01 0.000000e+00 1.305262e-01
    outer loop
      vertex   4.400000e+00 1.600000e+01 1.235904e-15
      vertex   4.400000e+00 1.500000e+01 1.235904e-15
      vertex   4.488593e+00 1.600000e+01 -6.729295e-01
    endloop
  endfacet
  facet normal 9.914449e-01 0.000000e+00 1.305262e-01
    outer loop
      vertex   4.488593e+00 1.600000e+01 -6.729295e-01
      vertex   4.400000e+00 1.500000e+01 1.235904e-15
      vertex   4.488593e+00 1.500000e+01 -6.729295e-01
    endloop
  endfacet
  facet normal 9.238795e-01 0.000000e+00 3.826834e-01
    outer loop
      vertex   4.488593e+00 1.600000e+01 -6.729295e-01
      vertex   4.488593e+00 1.500000e+01 -6.729295e-01
      vertex   4.748334e+00 1.600000e+01 -1.300000e+00
    endloop
  endfacet
  facet normal 9.238795e-01 0.000000e+00 3.826834e-01
    outer loop
      vertex   4.748334e+00 1.600000e+01 -1.300000e+00
      vertex   4.488593e+00 1.500000e+01 -6.729295e-01
      vertex   4.748334e+00 1.500000e+01 -1.300000e+00
    endloop
  endfacet
  facet normal 7.933533e-01 0.000000e+00 6.087614e-01
    outer loop
      vertex   4.748334e+00 1.600000e+01 -1.300000e+00
      vertex   4.748334e+00 1.500000e+01 -1.300000e+00
      vertex   5.161522e+00 1.600000e+01 -1.838478e+00
    endloop
  endfacet
  facet normal 7.933533e-01 0.000000e+00 6.087614e-01
    outer loop
      vertex   5.161522e+00 1.600000e+01 -1.838478e+00
      vertex   4.748334e+00 1.500000e+01 -1.300000e+00
      vertex   5.161522e+00 1.500000e+01 -1.838478e+00
    endloop
  endfacet
  facet normal 6.087614e-01 0.000000e+00 7.933533e-01
    outer loop
      vertex   5.161522e+00 1.600000e+01 -1.838478e+00
      vertex   5.161522e+00 1.500000e+01 -1.838478e+00
      vertex   5.700000e+00 1.600000e+01 -2.251666e+00
    endloop
  endfacet
  facet normal 6.087614e-01 0.000000e+00 7.933533e-01
    outer loop
      vertex   5.700000e+00 1.600000e+01 -2.251666e+00
      vertex   5.161522e+00 1.500000e+01 -1.838478e+00
      vertex   5.700000e+00 1.500000e+01 -2.251666e+00
    endloop
  endfacet
  facet normal 3.826834e-01 0.000000e+00 9.238795e-01
    outer loop
      vertex   5.700000e+00 1.600000e+01 -2.251666e+00
      vertex   5.700000e+00 1.500000e+01 -2.251666e+00
      vertex   6.327070e+00 1.600000e+01 -2.511407e+00
    endloop
  endfacet
  facet normal 3.826834e-01 0.000000e+00 9.238795e-01
    outer loop
      vertex   6.327070e+00 1.600000e+01 -2.511407e+00
      vertex   5.700000e+00 1.500000e+01 -2.251666e+00
      vertex   6.327070e+00 1.500000e+01 -2.511407e+00
    endloop
  endfacet
  facet normal 1.305262e-01 0.000000e+00 9.914449e-01
    outer loop
      vertex   6.327070e+00 1.600000e+01 -2.511407e+00
      vertex   6.327070e+00 1.500000e+01 -2.511407e+00
      vertex   7.000000e+00 1.600000e+01 -2.600000e+00
    endloop
  endfacet
  facet normal 1.305262e-01 0.000000e+00 9.914449e-01
    outer loop
      vertex   7.000000e+00 1.600000e+01 -2.600000e+00
      vertex   6.327070e+00 1.500000e+01 -2.511407e+00
      vertex   7.000000e+00 1.500000e+01 -2.600000e+00
    endloop
  endfacet
  facet normal -1.305262e-01 0.000000e+00 9.914449e-01
    outer loop
      vertex   7.000000e+00 1.600000e+01 -2.600000e+00
      vertex   7.000000e+00 1.500000e+01 -2.600000e+00
      vertex   7.672930e+00 1.600000e+01 -2.511407e+00
    endloop
  endfacet
  facet normal -1.305262e-01 0.000000e+00 9.914449e-01
    outer loop
      vertex   7.672930e+00 1.600000e+01 -2.511407e+00
      vertex   7.000000e+00 1.500000e+01 -2.600000e+00
      vertex   7.672930e+00 1.500000e+01 -2.511407e+00
    endloop
  endfacet
  facet normal -3.826834e-01 0.000000e+00 9.238795e-01
    outer loop
      vertex   7.672930e+00 1.600000e+01 -2.511407e+00
      vertex   7.672930e+00 1.500000e+01 -2.511407e+00
      vertex   8.300000e+00 1.600000e+01 -2.251666e+00
    endloop
  endfacet
  facet normal -3.826834e-01 0.000000e+00 9.238795e-01
    outer loop
      vertex   8.300000e+00 1.600000e+01 -2.251666e+00
      vertex   7.672930e+00 1.500000e+01 -2.511407e+00
      vertex   8.300000e+00 1.500000e+01 -2.251666e+00
    endloop
  endfacet
  facet normal -6.087614e-01 0.000000e+00 7.933533e-01
    outer loop
      vertex   8.300000e+00 1.600000e+01 -2.251666e+00
      vertex   8.300000e+00 1.500000e+01 -2.251666e+00
      vertex   8.838478e+00 1.600000e+01 -1.838478e+00
    endloop
  endfacet
  facet normal -6.087614e-01 0.000000e+00 7.933533e-01
    outer loop
      vertex   8.838478e+00 1.600000e+01 -1.838478e+00
      vertex   8.300000e+00 1.500000e+01 -2.251666e+00
      vertex   8.838478e+00 1.500000e+01 -1.838478e+00
    endloop
  endfacet
  facet normal -7.933533e-01 0.000000e+00 6.087614e-01
    outer loop
      vertex   8.838478e+00 1.600000e+01 -1.838478e+00
      vertex   8.838478e+00 1.500000e+01 -1.838478e+00
      vertex   9.251666e+00 1.600000e+01 -1.300000e+00
    endloop
  endfacet
  facet normal -7.933533e-01 0.000000e+00 6.087614e-01
    outer loop
      vertex   9.251666e+00 1.600000e+01 -1.300000e+00
      vertex   8.838478e+00 1.500000e+01 -1.838478e+00
      vertex   9.251666e+00 1.500000e+01 -1.300000e+00
    endloop
  endfacet
  facet normal -9.238795e-01 0.000000e+00 3.826834e-01
    outer loop
      vertex   9.251666e+00 1.600000e+01 -1.300000e+00
      vertex   9.251666e+00 1.500000e+01 -1.300000e+00
      vertex   9.511407e+00 1.600000e+01 -6.729295e-01
    endloop
  endfacet
  facet normal -9.238795e-01 0.000000e+00 3.826834e-01
    outer loop
      vertex   9.511407e+00 1.600000e+01 -6.729295e-01
      vertex   9.251666e+00 1.500000e+01 -1.300000e+00
      vertex   9.511407e+00 1.500000e+01 -6.729295e-01
    endloop
  endfacet
  facet normal -9.914449e-01 0.000000e+00 1.305262e-01
    outer loop
      vertex   9.511407e+00 1.600000e+01 -6.729295e-01
      vertex   9.511407e+00 1.500000e+01 -6.729295e-01
      vertex   9.600000e+00 1.600000e+01 1.554312e-15
    endloop
  endfacet
  facet normal -9.914449e-01 0.000000e+00 1.305262e-01
    outer loop
      vertex   9.600000e+00 1.600000e+01 1.554312e-15
      vertex   9.511407e+00 1.500000e+01 -6.729295e-01
      vertex   9.600000e+00 1.500000e+01 1.554312e-15
    endloop
  endfacet
  facet normal -9.914449e-01 -0.000000e+00 -1.305262e-01
    outer loop
      vertex   9.600000e+00 1.600000e+01 1.554312e-15
      vertex   9.600000e+00 1.500000e+01 1.554312e-15
      vertex   9.511407e+00 1.600000e+01 6.729295e-01
    endloop
  endfacet
  facet normal -9.914449e-01 -0.000000e+00 -1.305262e-01
    outer loop
      vertex   9.511407e+00 1.600000e+01 6.729295e-01
      vertex   9.600000e+00 1.500000e+01 1.554312e-15
      vertex   9.511407e+00 1.500000e+01 6.729295e-01
    endloop
  endfacet
  facet normal -9.238795e-01 -0.000000e+00 -3.826834e-01
    outer loop
      vertex   9.511407e+00 1.600000e+01 6.729295e-01
      vertex   9.511407e+00 1.500000e+01 6.729295e-01
      vertex   9.251666e+00 1.600000e+01 1.300000e+00
    endloop
  endfacet
  facet normal -9.238795e-01 -0.000000e+00 -3.826834e-01
    outer loop
      vertex   9.251666e+00 1.600000e+01 1.300000e+00
      vertex   9.511407e+00 1.500000e+01 6.729295e-01
      vertex   9.251666e+00 1.500000e+01 1.300000e+00
    endloop
  endfacet
  facet normal -7.933533e-01 -0.000000e+00 -6.087614e-01
    outer loop
      vertex   9.251666e+00 1.600000e+01 1.300000e+00
      vertex   9.251666e+00 1.500000e+01 1.300000e+00
      vertex   8.838478e+00 1.600000e+01 1.838478e+00
    endloop
  endfacet
  facet normal -7.933533e-01 -0.000000e+00 -6.087614e-01
    outer loop
      vertex   8.838478e+00 1.600000e+01 1.838478e+00
      vertex   9.251666e+00 1.500000e+01 1.300000e+00
      vertex   8.838478e+00 1.500000e+01 1.838478e+00
    endloop
  endfacet
  facet normal -6.087614e-01 -0.000000e+00 -7.933533e-01
    outer loop
      vertex   8.838478e+00 1.600000e+01 1.838478e+00
      vertex   8.838478e+00 1.500000e+01 1.838478e+00
      vertex   8.300000e+00 1.600000e+01 2.251666e+00
    endloop
  endfacet
  facet normal -6.087614e-01 -0.000000e+00 -7.933533e-01
    outer loop
      vertex   8.300000e+00 1.600000e+01 2.251666e+00
      vertex   8.838478e+00 1.500000e+01 1.838478e+00
      vertex   8.300000e+00 1.500000e+01 2.251666e+00
    endloop
  endfacet
  facet normal -3.826834e-01 -0.000000e+00 -9.238795e-01
    outer loop
      vertex   8.300000e+00 1.600000e+01 2.251666e+00
      vertex   8.300000e+00 1.500000e+01 2.251666e+00
      vertex   7.672930e+00 1.600000e+01 2.511407e+00
    endloop
  endfacet
  facet normal -3.826834e-01 -0.000000e+00 -9.238795e-01
    outer loop
      vertex   7.672930e+00 1.600000e+01 2.511407e+00
      vertex   8.300000e+00 1.500000e+01 2.251666e+00
      vertex   7.672930e+00 1.500000e+01 2.511407e+00
    endloop
  endfacet
  facet normal -1.305262e-01 -0.000000e+00 -9.914449e-01
    outer loop
      vertex   7.672930e+00 1.600000e+01 2.511407e+00
      vertex   7.672930e+00 1.500000e+01 2.511407e+00
      vertex   7.000000e+00 1.600000e+01 2.600000e+00
    endloop
  endfacet
  facet normal -1.305262e-01 -0.000000e+00 -9.914449e-01
    outer loop
      vertex   7.000000e+00 1.600000e+01 2.600000e+00
      vertex   7.672930e+00 1.500000e+01 2.511407e+00
      vertex   7.000000e+00 1.500000e+01 2.600000e+00
    endloop
  endfacet
  facet normal 1.305262e-01 0.000000e+00 -9.914449e-01
    outer loop
      vertex   7.000000e+00 1.600000e+01 2.600000e+00
      vertex   7.000000e+00 1.500000e+01 2.600000e+00
      vertex   6.327070e+00 1.600000e+01 2.511407e+00
    endloop
  endfacet
  facet normal 1.305262e-01 0.000000e+00 -9.914449e-01
    outer loop
      vertex   6.327070e+00 1.600000e+01 2.511407e+00
      vertex   7.000000e+00 1.500000e+01 2.600000e+00
      vertex   6.327070e+00 1.500000e+01 2.511407e+00
    endloop
  endfacet
  facet normal 3.826834e-01 0.000000e+00 -9.238795e-01
    outer loop
      vertex   6.327070e+00 1.600000e+01 2.511407e+00
      vertex   6.327070e+00 1.500000e+01 2.511407e+00
      vertex   5.700000e+00 1.600000e+01 2.251666e+00
    endloop
  endfacet
  facet normal 3.826834e-01 0.000000e+00 -9.238795e-01
    outer loop
      vertex   5.700000e+00 1.600000e+01 2.251666e+00
      vertex   6.327070e+00 1.500000e+01 2.511407e+00
      vertex   5.700000e+00 1.500000e+01 2.251666e+00
    endloop
  endfacet
  facet normal 6.087614e-01 0.000000e+00 -7.933533e-01
    outer loop
      vertex   5.700000e+00 1.600000e+01 2.251666e+00
      vertex   5.700000e+00 1.500000e+01 2.251666e+00
      vertex   5.161522e+00 1.600000e+01 1.838478e+00
    endloop
  endfacet
  facet normal 6.087614e-01 0.000000e+00 -7.933533e-01
    outer loop
      vertex   5.161522e+00 1.600000e+01 1.838478e+00
      vertex   5.700000e+00 1.500000e+01 2.251666e+00
      vertex   5.161522e+00 1.500000e+01 1.838478e+00
    endloop
  endfacet
  facet normal 7.933533e-01 0.000000e+00 -6.087614e-01
    outer loop
      vertex   5.161522e+00 1.600000e+01 1.838478e+00
      vertex   5.161522e+00 1.500000e+01 1.838478e+00
      vertex   4.748334e+00 1.600000e+01 1.300000e+00
    endloop
  endfacet
  facet normal 7.933533e-01 0.000000e+00 -6.087614e-01
    outer loop
      vertex   4.748334e+00 1.600000e+01 1.300000e+00
      vertex   5.161522e+00 1.500000e+01 1.838478e+00
      vertex   4.748334e+00 1.500000e+01 1.300000e+00
    endloop
  endfacet
  facet normal 9.238795e-01 0.000000e+00 -3.826834e-01
    outer loop
      vertex   4.748334e+00 1.600000e+01 1.300000e+00
      vertex   4.748334e+00 1.500000e+01 1.300000e+00
      vertex   4.488593e+00 1.600000e+01 6.729295e-01
    endloop
  endfacet
  facet normal 9.238795e-01 0.000000e+00 -3.826834e-01
    outer loop
      vertex   4.488593e+00 1.600000e+01 6.729295e-01
      vertex   4.748334e+00 1.500000e+01 1.300000e+00
      vertex   4.488593e+00 1.500000e+01 6.729295e-01
    endloop
  endfacet
  facet normal 0.000000e+00 -1.000000e+00 0.000000e+00
    outer loop
      vertex   5.454519e+00 1.600000e+01 -4.141105e-01
      vertex   5.400000e+00 1.600000e+01 1.358369e-15
      vertex   4.400000e+00 1.600000e+01 1.235904e-15
    endloop
  endfacet
  facet normal 0.000000e+00 -1.000000e+00 0.000000e+00
    outer loop
      vertex   4.400000e+00 1.600000e+01 1.235904e-15
      vertex   5.400000e+00 1.600000e+01 1.358369e-15
      vertex   5.454519e+00 1.600000e+01 4.141105e-01
    endloop
  endfacet
  facet normal 0.000000e+00 -1.000000e+00 0.000000e+00
    outer loop
      vertex   4.400000e+00 1.600000e+01 1.235904e-15
      vertex   5.454519e+00 1.600000e+01 4.141105e-01
      vertex   4.488593e+00 1.600000e+01 6.729295e-01
    endloop
  endfacet
  facet normal 0.000000e+00 -1.000000e+00 0.000000e+00
    outer loop
      vertex   4.488593e+00 1.600000e+01 6.729295e-01
      vertex   5.454519e+00 1.600000e+01 4.141105e-01
      vertex   5.614359e+00 1.600000e+01 8.000000e-01
    endloop
  endfacet
  facet normal 0.000000e+00 -1.000000e+00 0.000000e+00
    outer loop
      vertex   4.488593e+00 1.600000e+01 6.729295e-01
      vertex   5.614359e+00 1.600000e+01 8.000000e-01
      vertex   4.748334e+00 1.600000e+01 1.300000e+00
    endloop
  endfacet
  facet normal 0.000000e+00 -1.000000e+00 0.000000e+00
    outer loop
      vertex   4.748334e+00 1.600000e+01 1.300000e+00
      vertex   5.614359e+00 1.600000e+01 8.000000e-01
      vertex   5.868629e+00 1.600000e+01 1.131371e+00
    endloop
  endfacet
  facet normal 0.000000e+00 -1.000000e+00 0.000000e+00
    outer loop
      vertex   4.748334e+00 1.600000e+01 1.300000e+00
      vertex   5.868629e+00 1.600000e+01 1.131371e+00
      vertex   5.161522e+00 1.600000e+01 1.838478e+00
    endloop
  endfacet
  facet normal 0.000000e+00 -1.000000e+00 0.000000e+00
    outer loop
      vertex   5.161522e+00 1.600000e+01 1.838478e+00
      vertex   5.868629e+00 1.600000e+01 1.131371e+00
      vertex   6.200000e+00 1.600000e+01 1.385641e+00
    endloop
  endfacet
  facet normal 0.000000e+00 -1.000000e+00 0.000000e+00
    outer loop
      vertex   5.161522e+00 1.600000e+01 1.838478e+00
      vertex   6.200000e+00 1.600000e+01 1.385641e+00
      vertex   5.700000e+00 1.600000e+01 2.251666e+00
    endloop
  endfacet
  facet normal 0.000000e+00 -1.000000e+00 0.000000e+00
    outer loop
      vertex   5.700000e+00 1.600000e+01 2.251666e+00
      vertex   6.200000e+00 1.600000e+01 1.385641e+00
      vertex   6.585890e+00 1.600000e+01 1.545481e+00
    endloop
  endfacet
  facet normal 0.000000e+00 -1.000000e+00 0.000000e+00
    outer loop
      vertex   5.700000e+00 1.600000e+01 2.251666e+00
      vertex   6.585890e+00 1.600000e+01 1.545481e+00
      vertex   6.327070e+00 1.600000e+01 2.511407e+00
    endloop
  endfacet
  facet normal 0.000000e+00 -1.000000e+00 0.000000e+00
    outer loop
      vertex   6.327070e+00 1.600000e+01 2.511407e+00
      vertex   6.585890e+00 1.600000e+01 1.545481e+00
      vertex   7.000000e+00 1.600000e+01 1.600000e+00
    endloop
  endfacet
  facet normal 0.000000e+00 -1.000000e+00 0.000000e+00
    outer loop
      vertex   6.327070e+00 1.600000e+01 2.511407e+00
      vertex   7.000000e+00 1.600000e+01 1.600000e+00
      vertex   7.000000e+00 1.600000e+01 2.600000e+00
    endloop
  endfacet
  facet normal 0.000000e+00 -1.000000e+00 0.000000e+00
    outer loop
      vertex   7.000000e+00 1.600000e+01 2.600000e+00
      vertex   7.000000e+00 1.600000e+01 1.600000e+00
      vertex   7.672930e+00 1.600000e+01 2.511407e+00
    endloop
  endfacet
  facet normal 0.000000e+00 -1.000000e+00 0.000000e+00
    outer loop
      vertex   7.672930e+00 1.600000e+01 2.511407e+00
      vertex   7.000000e+00 1.600000e+01 1.600000e+00
      vertex   7.414110e+00 1.600000e+01 1.545481e+00
    endloop
  endfacet
  facet normal 0.000000e+00 -1.000000e+00 -0.000000e+00
    outer loop
      vertex   7.672930e+00 1.600000e+01 2.511407e+00
      vertex   7.414110e+00 1.600000e+01 1.545481e+00
      vertex   8.300000e+00 1.600000e+01 2.251666e+00
    endloop
  endfacet
  facet normal 0.000000e+00 -1.000000e+00 0.000000e+00
    outer loop
      vertex   8.300000e+00 1.600000e+01 2.251666e+00
      vertex   7.414110e+00 1.600000e+01 1.545481e+00
      vertex   7.800000e+00 1.600000e+01 1.385641e+00
    endloop
  endfacet
  facet normal 0.000000e+00 -1.000000e+00 -0.000000e+00
    outer loop
      vertex   8.300000e+00 1.600000e+01 2.251666e+00
      vertex   7.800000e+00 1.600000e+01 1.385641e+00
      vertex   8.838478e+00 1.600000e+01 1.838478e+00
    endloop
  endfacet
  facet normal 0.000000e+00 -1.000000e+00 0.000000e+00
    outer loop
      vertex   8.838478e+00 1.600000e+01 1.838478e+00
      vertex   7.800000e+00 1.600000e+01 1.385641e+00
      vertex   8.131371e+00 1.600000e+01 1.131371e+00
    endloop
  endfacet
  facet normal 0.000000e+00 -1.000000e+00 -0.000000e+00
    outer loop
      vertex   8.838478e+00 1.600000e+01 1.838478e+00
      vertex   8.131371e+00 1.600000e+01 1.131371e+00
      vertex   9.251666e+00 1.600000e+01 1.300000e+00
    endloop
  endfacet
  facet normal 0.000000e+00 -1.000000e+00 0.000000e+00
    outer loop
      vertex   9.251666e+00 1.600000e+01 1.300000e+00
      vertex   8.131371e+00 1.600000e+01 1.131371e+00
      vertex   8.385641e+00 1.600000e+01 8.000000e-01
    endloop
  endfacet
  facet normal 0.000000e+00 -1.000000e+00 -0.000000e+00
    outer loop
      vertex   9.251666e+00 1.600000e+01 1.300000e+00
      vertex   8.385641e+00 1.600000e+01 8.000000e-01
      vertex   9.511407e+00 1.600000e+01 6.729295e-01
    endloop
  endfacet
  facet normal -0.000000e+00 -1.000000e+00 0.000000e+00
    outer loop
      vertex   9.511407e+00 1.600000e+01 6.729295e-01
      vertex   8.385641e+00 1.600000e+01 8.000000e-01
      vertex   8.545481e+00 1.600000e+01 4.141105e-01
    endloop
  endfacet
  facet normal 0.000000e+00 -1.000000e+00 -0.000000e+00
    outer loop
      vertex   9.511407e+00 1.600000e+01 6.729295e-01
      vertex   8.545481e+00 1.600000e+01 4.141105e-01
      vertex   9.600000e+00 1.600000e+01 1.554312e-15
    endloop
  endfacet
  facet normal -0.000000e+00 -1.000000e+00 0.000000e+00
    outer loop
      vertex   9.600000e+00 1.600000e+01 1.554312e-15
      vertex   8.545481e+00 1.600000e+01 4.141105e-01
      vertex   8.600000e+00 1.600000e+01 1.358369e-15
    endloop
  endfacet
  facet normal 0.000000e+00 -1.000000e+00 0.000000e+00
    outer loop
      vertex   9.600000e+00 1.600000e+01 1.554312e-15
      vertex   8.600000e+00 1.600000e+01 1.358369e-15
      vertex   9.511407e+00 1.600000e+01 -6.729295e-01
    endloop
  endfacet
  facet normal 0.000000e+00 -1.000000e+00 0.000000e+00
    outer loop
      vertex   9.511407e+00 1.600000e+01 -6.729295e-01
      vertex   8.600000e+00 1.600000e+01 1.358369e-15
      vertex   8.545481e+00 1.600000e+01 -4.141105e-01
    endloop
  endfacet
  facet normal -0.000000e+00 -1.000000e+00 0.000000e+00
    outer loop
      vertex   9.511407e+00 1.600000e+01 -6.729295e-01
      vertex   8.545481e+00 1.600000e+01 -4.141105e-01
      vertex   8.385641e+00 1.600000e+01 -8.000000e-01
    endloop
  endfacet
  facet normal 0.000000e+00 -1.000000e+00 0.000000e+00
    outer loop
      vertex   9.511407e+00 1.600000e+01 -6.729295e-01
      vertex   8.385641e+00 1.600000e+01 -8.000000e-01
      vertex   9.251666e+00 1.600000e+01 -1.300000e+00
    endloop
  endfacet
  facet normal 0.000000e+00 -1.000000e+00 0.000000e+00
    outer loop
      vertex   9.251666e+00 1.600000e+01 -1.300000e+00
      vertex   8.385641e+00 1.600000e+01 -8.000000e-01
      vertex   8.131371e+00 1.600000e+01 -1.131371e+00
    endloop
  endfacet
  facet normal -0.000000e+00 -1.000000e+00 0.000000e+00
    outer loop
      vertex   9.251666e+00 1.600000e+01 -1.300000e+00
      vertex   8.131371e+00 1.600000e+01 -1.131371e+00
      vertex   8.838478e+00 1.600000e+01 -1.838478e+00
    endloop
  endfacet
  facet normal 0.000000e+00 -1.000000e+00 0.000000e+00
    outer loop
      vertex   8.838478e+00 1.600000e+01 -1.838478e+00
      vertex   8.131371e+00 1.600000e+01 -1.131371e+00
      vertex   7.800000e+00 1.600000e+01 -1.385641e+00
    endloop
  endfacet
  facet normal -0.000000e+00 -1.000000e+00 0.000000e+00
    outer loop
      vertex   8.838478e+00 1.600000e+01 -1.838478e+00
      vertex   7.800000e+00 1.600000e+01 -1.385641e+00
      vertex   8.300000e+00 1.600000e+01 -2.251666e+00
    endloop
  endfacet
  facet normal 0.000000e+00 -1.000000e+00 0.000000e+00
    outer loop
      vertex   8.300000e+00 1.600000e+01 -2.251666e+00
      vertex   7.800000e+00 1.600000e+01 -1.385641e+00
      vertex   7.414110e+00 1.600000e+01 -1.545481e+00
    endloop
  endfacet
  facet normal -0.000000e+00 -1.000000e+00 0.000000e+00
    outer loop
      vertex   8.300000e+00 1.600000e+01 -2.251666e+00
      vertex   7.414110e+00 1.600000e+01 -1.545481e+00
      vertex   7.672930e+00 1.600000e+01 -2.511407e+00
    endloop
  endfacet
  facet normal 0.000000e+00 -1.000000e+00 0.000000e+00
    outer loop
      vertex   7.672930e+00 1.600000e+01 -2.511407e+00
      vertex   7.414110e+00 1.600000e+01 -1.545481e+00
      vertex   7.000000e+00 1.600000e+01 -1.600000e+00
    endloop
  endfacet
  facet normal -0.000000e+00 -1.000000e+00 0.000000e+00
    outer loop
      vertex   7.672930e+00 1.600000e+01 -2.511407e+00
      vertex   7.000000e+00 1.600000e+01 -1.600000e+00
      vertex   7.000000e+00 1.600000e+01 -2.600000e+00
    endloop
  endfacet
  facet normal 0.000000e+00 -1.000000e+00 0.000000e+00
    outer loop
      vertex   7.000000e+00 1.600000e+01 -2.600000e+00
      vertex   7.000000e+00 1.600000e+01 -1.600000e+00
      vertex   6.327070e+00 1.600000e+01 -2.511407e+00
    endloop
  endfacet
  facet normal 0.000000e+00 -1.000000e+00 0.000000e+00
    outer loop
      vertex   6.327070e+00 1.600000e+01 -2.511407e+00
      vertex   7.000000e+00 1.600000e+01 -1.600000e+00
      vertex   6.585890e+00 1.600000e+01 -1.545481e+00
    endloop
  endfacet
  facet normal 0.000000e+00 -1.000000e+00 0.000000e+00
    outer loop
      vertex   6.327070e+00 1.600000e+01 -2.511407e+00
      vertex   6.585890e+00 1.600000e+01 -1.545481e+00
      vertex   5.700000e+00 1.600000e+01 -2.251666e+00
    endloop
  endfacet
  facet normal 0.000000e+00 -1.000000e+00 0.000000e+00
    outer loop
      vertex   5.700000e+00 1.600000e+01 -2.251666e+00
      vertex   6.585890e+00 1.600000e+01 -1.545481e+00
      vertex   6.200000e+00 1.600000e+01 -1.385641e+00
    endloop
  endfacet
  facet normal 0.000000e+00 -1.000000e+00 0.000000e+00
    outer loop
      vertex   5.700000e+00 1.600000e+01 -2.251666e+00
      vertex   6.200000e+00 1.600000e+01 -1.385641e+00
      vertex   5.161522e+00 1.600000e+01 -1.838478e+00
    endloop
  endfacet
  facet normal 0.000000e+00 -1.000000e+00 0.000000e+00
    outer loop
      vertex   5.161522e+00 1.600000e+01 -1.838478e+00
      vertex   6.200000e+00 1.600000e+01 -1.385641e+00
      vertex   5.868629e+00 1.600000e+01 -1.131371e+00
    endloop
  endfacet
  facet normal 0.000000e+00 -1.000000e+00 0.000000e+00
    outer loop
      vertex   5.161522e+00 1.600000e+01 -1.838478e+00
      vertex   5.868629e+00 1.600000e+01 -1.131371e+00
      vertex   4.748334e+00 1.600000e+01 -1.300000e+00
    endloop
  endfacet
  facet normal 0.000000e+00 -1.000000e+00 0.000000e+00
    outer loop
      vertex   4.748334e+00 1.600000e+01 -1.300000e+00
      vertex   5.868629e+00 1.600000e+01 -1.131371e+00
      vertex   5.614359e+00 1.600000e+01 -8.000000e-01
    endloop
  endfacet
  facet normal 0.000000e+00 -1.000000e+00 0.000000e+00
    outer loop
      vertex   4.748334e+00 1.600000e+01 -1.300000e+00
      vertex   5.614359e+00 1.600000e+01 -8.000000e-01
      vertex   4.488593e+00 1.600000e+01 -6.729295e-01
    endloop
  endfacet
  facet normal 0.000000e+00 -1.000000e+00 0.000000e+00
    outer loop
      vertex   4.488593e+00 1.600000e+01 -6.729295e-01
      vertex   5.614359e+00 1.600000e+01 -8.000000e-01
      vertex   5.454519e+00 1.600000e+01 -4.141105e-01
    endloop
  endfacet
  facet normal 0.000000e+00 -1.000000e+00 0.000000e+00
    outer loop
      vertex   4.488593e+00 1.600000e+01 -6.729295e-01
      vertex   5.454519e+00 1.600000e+01 -4.141105e-01
      vertex   4.400000e+00 1.600000e+01 1.235904e-15
    endloop
  endfacet
  facet normal 9.914449e-01 0.000000e+00 -1.305262e-01
    outer loop
      vertex   -2.511407e+00 1.600000e+01 -6.327070e+00
      vertex   -2.511407e+00 1.500000e+01 -6.327070e+00
      vertex   -2.600000e+00 1.600000e+01 -7.000000e+00
    endloop
  endfacet
  facet normal 9.914449e-01 0.000000e+00 -1.305262e-01
    outer loop
      vertex   -2.600000e+00 1.600000e+01 -7.000000e+00
      vertex   -2.511407e+00 1.500000e+01 -6.327070e+00
      vertex   -2.600000e+00 1.500000e+01 -7.000000e+00
    endloop
  endfacet
  facet normal 9.914449e-01 0.000000e+00 1.305262e-01
    outer loop
      vertex   -2.600000e+00 1.600000e+01 -7.000000e+00
      vertex   -2.600000e+00 1.500000e+01 -7.000000e+00
      vertex   -2.511407e+00 1.600000e+01 -7.672930e+00
    endloop
  endfacet
  facet normal 9.914449e-01 0.000000e+00 1.305262e-01
    outer loop
      vertex   -2.511407e+00 1.600000e+01 -7.672930e+00
      vertex   -2.600000e+00 1.500000e+01 -7.000000e+00
      vertex   -2.511407e+00 1.500000e+01 -7.672930e+00
    endloop
  endfacet
  facet normal 9.238795e-01 0.000000e+00 3.826834e-01
    outer loop
      vertex   -2.511407e+00 1.600000e+01 -7.672930e+00
      vertex   -2.511407e+00 1.500000e+01 -7.672930e+00
      vertex   -2.251666e+00 1.600000e+01 -8.300000e+00
    endloop
  endfacet
  facet normal 9.238795e-01 0.000000e+00 3.826834e-01
    outer loop
      vertex   -2.251666e+00 1.600000e+01 -8.300000e+00
      vertex   -2.511407e+00 1.500000e+01 -7.672930e+00
      vertex   -2.251666e+00 1.500000e+01 -8.300000e+00
    endloop
  endfacet
  facet normal 7.933533e-01 0.000000e+00 6.087614e-01
    outer loop
      vertex   -2.251666e+00 1.600000e+01 -8.300000e+00
      vertex   -2.251666e+00 1.500000e+01 -8.300000e+00
      vertex   -1.838478e+00 1.600000e+01 -8.838478e+00
    endloop
  endfacet
  facet normal 7.933533e-01 0.000000e+00 6.087614e-01
    outer loop
      vertex   -1.838478e+00 1.600000e+01 -8.838478e+00
      vertex   -2.251666e+00 1.500000e+01 -8.300000e+00
      vertex   -1.838478e+00 1.500000e+01 -8.838478e+00
    endloop
  endfacet
  facet normal 6.087614e-01 0.000000e+00 7.933533e-01
    outer loop
      vertex   -1.838478e+00 1.600000e+01 -8.838478e+00
      vertex   -1.838478e+00 1.500000e+01 -8.838478e+00
      vertex   -1.300000e+00 1.600000e+01 -9.251666e+00
    endloop
  endfacet
  facet normal 6.087614e-01 0.000000e+00 7.933533e-01
    outer loop
      vertex   -1.300000e+00 1.600000e+01 -9.251666e+00
      vertex   -1.838478e+00 1.500000e+01 -8.838478e+00
      vertex   -1.300000e+00 1.500000e+01 -9.251666e+00
    endloop
  endfacet
  facet normal 3.826834e-01 0.000000e+00 9.238795e-01
    outer loop
      vertex   -1.300000e+00 1.600000e+01 -9.251666e+00
      vertex   -1.300000e+00 1.500000e+01 -9.251666e+00
      vertex   -6.729295e-01 1.600000e+01 -9.511407e+00
    endloop
  endfacet
  facet normal 3.826834e-01 0.000000e+00 9.238795e-01
    outer loop
      vertex   -6.729295e-01 1.600000e+01 -9.511407e+00
      vertex   -1.300000e+00 1.500000e+01 -9.251666e+00
      vertex   -6.729295e-01 1.500000e+01 -9.511407e+00
    endloop
  endfacet
  facet normal 1.305262e-01 0.000000e+00 9.914449e-01
    outer loop
      vertex   -6.729295e-01 1.600000e+01 -9.511407e+00
      vertex   -6.729295e-01 1.500000e+01 -9.511407e+00
      vertex   1.592041e-16 1.600000e+01 -9.600000e+00
    endloop
  endfacet
  facet normal 1.305262e-01 0.000000e+00 9.914449e-01
    outer loop
      vertex   1.592041e-16 1.600000e+01 -9.600000e+00
      vertex   -6.729295e-01 1.500000e+01 -9.511407e+00
      vertex   1.592041e-16 1.500000e+01 -9.600000e+00
    endloop
  endfacet
  facet normal -1.305262e-01 0.000000e+00 9.914449e-01
    outer loop
      vertex   1.592041e-16 1.600000e+01 -9.600000e+00
      vertex   1.592041e-16 1.500000e+01 -9.600000e+00
      vertex   6.729295e-01 1.600000e+01 -9.511407e+00
    endloop
  endfacet
  facet normal -1.305262e-01 0.000000e+00 9.914449e-01
    outer loop
      vertex   6.729295e-01 1.600000e+01 -9.511407e+00
      vertex   1.592041e-16 1.500000e+01 -9.600000e+00
      vertex   6.729295e-01 1.500000e+01 -9.511407e+00
    endloop
  endfacet
  facet normal -3.826834e-01 0.000000e+00 9.238795e-01
    outer loop
      vertex   6.729295e-01 1.600000e+01 -9.511407e+00
      vertex   6.729295e-01 1.500000e+01 -9.511407e+00
      vertex   1.300000e+00 1.600000e+01 -9.251666e+00
    endloop
  endfacet
  facet normal -3.826834e-01 0.000000e+00 9.238795e-01
    outer loop
      vertex   1.300000e+00 1.600000e+01 -9.251666e+00
      vertex   6.729295e-01 1.500000e+01 -9.511407e+00
      vertex   1.300000e+00 1.500000e+01 -9.251666e+00
    endloop
  endfacet
  facet normal -6.087614e-01 0.000000e+00 7.933533e-01
    outer loop
      vertex   1.300000e+00 1.600000e+01 -9.251666e+00
      vertex   1.300000e+00 1.500000e+01 -9.251666e+00
      vertex   1.838478e+00 1.600000e+01 -8.838478e+00
    endloop
  endfacet
  facet normal -6.087614e-01 0.000000e+00 7.933533e-01
    outer loop
      vertex   1.838478e+00 1.600000e+01 -8.838478e+00
      vertex   1.300000e+00 1.500000e+01 -9.251666e+00
      vertex   1.838478e+00 1.500000e+01 -8.838478e+00
    endloop
  endfacet
  facet normal -7.933533e-01 0.000000e+00 6.087614e-01
    outer loop
      vertex   1.838478e+00 1.600000e+01 -8.838478e+00
      vertex   1.838478e+00 1.500000e+01 -8.838478e+00
      vertex   2.251666e+00 1.600000e+01 -8.300000e+00
    endloop
  endfacet
  facet normal -7.933533e-01 0.000000e+00 6.087614e-01
    outer loop
      vertex   2.251666e+00 1.600000e+01 -8.300000e+00
      vertex   1.838478e+00 1.500000e+01 -8.838478e+00
      vertex   2.251666e+00 1.500000e+01 -8.300000e+00
    endloop
  endfacet
  facet normal -9.238795e-01 0.000000e+00 3.826834e-01
    outer loop
      vertex   2.251666e+00 1.600000e+01 -8.300000e+00
      vertex   2.251666e+00 1.500000e+01 -8.300000e+00
      vertex   2.511407e+00 1.600000e+01 -7.672930e+00
    endloop
  endfacet
  facet normal -9.238795e-01 0.000000e+00 3.826834e-01
    outer loop
      vertex   2.511407e+00 1.600000e+01 -7.672930e+00
      vertex   2.251666e+00 1.500000e+01 -8.300000e+00
      vertex   2.511407e+00 1.500000e+01 -7.672930e+00
    endloop
  endfacet
  facet normal -9.914449e-01 0.000000e+00 1.305262e-01
    outer loop
      vertex   2.511407e+00 1.600000e+01 -7.672930e+00
      vertex   2.511407e+00 1.500000e+01 -7.672930e+00
      vertex   2.600000e+00 1.600000e+01 -7.000000e+00
    endloop
  endfacet
  facet normal -9.914449e-01 0.000000e+00 1.305262e-01
    outer loop
      vertex   2.600000e+00 1.600000e+01 -7.000000e+00
      vertex   2.511407e+00 1.500000e+01 -7.672930e+00
      vertex   2.600000e+00 1.500000e+01 -7.000000e+00
    endloop
  endfacet
  facet normal -9.914449e-01 -0.000000e+00 -1.305262e-01
    outer loop
      vertex   2.600000e+00 1.600000e+01 -7.000000e+00
      vertex   2.600000e+00 1.500000e+01 -7.000000e+00
      vertex   2.511407e+00 1.600000e+01 -6.327070e+00
    endloop
  endfacet
  facet normal -9.914449e-01 -0.000000e+00 -1.305262e-01
    outer loop
      vertex   2.511407e+00 1.600000e+01 -6.327070e+00
      vertex   2.600000e+00 1.500000e+01 -7.000000e+00
      vertex   2.511407e+00 1.500000e+01 -6.327070e+00
    endloop
  endfacet
  facet normal -9.238795e-01 -0.000000e+00 -3.826834e-01
    outer loop
      vertex   2.511407e+00 1.600000e+01 -6.327070e+00
      vertex   2.511407e+00 1.500000e+01 -6.327070e+00
      vertex   2.251666e+00 1.600000e+01 -5.700000e+00
    endloop
  endfacet
  facet normal -9.238795e-01 -0.000000e+00 -3.826834e-01
    outer loop
      vertex   2.251666e+00 1.600000e+01 -5.700000e+00
      vertex   2.511407e+00 1.500000e+01 -6.327070e+00
      vertex   2.251666e+00 1.500000e+01 -5.700000e+00
    endloop
  endfacet
  facet normal -7.933533e-01 -0.000000e+00 -6.087614e-01
    outer loop
      vertex   2.251666e+00 1.600000e+01 -5.700000e+00
      vertex   2.251666e+00 1.500000e+01 -5.700000e+00
      vertex   1.838478e+00 1.600000e+01 -5.161522e+00
    endloop
  endfacet
  facet normal -7.933533e-01 -0.000000e+00 -6.087614e-01
    outer loop
      vertex   1.838478e+00 1.600000e+01 -5.161522e+00
      vertex   2.251666e+00 1.500000e+01 -5.700000e+00
      vertex   1.838478e+00 1.500000e+01 -5.161522e+00
    endloop
  endfacet
  facet normal -6.087614e-01 -0.000000e+00 -7.933533e-01
    outer loop
      vertex   1.838478e+00 1.600000e+01 -5.161522e+00
      vertex   1.838478e+00 1.500000e+01 -5.161522e+00
      vertex   1.300000e+00 1.600000e+01 -4.748334e+00
    endloop
  endfacet
  facet normal -6.087614e-01 -0.000000e+00 -7.933533e-01
    outer loop
      vertex   1.300000e+00 1.600000e+01 -4.748334e+00
      vertex   1.838478e+00 1.500000e+01 -5.161522e+00
      vertex   1.300000e+00 1.500000e+01 -4.748334e+00
    endloop
  endfacet
  facet normal -3.826834e-01 -0.000000e+00 -9.238795e-01
    outer loop
      vertex   1.300000e+00 1.600000e+01 -4.748334e+00
      vertex   1.300000e+00 1.500000e+01 -4.748334e+00
      vertex   6.729295e-01 1.600000e+01 -4.488593e+00
    endloop
  endfacet
  facet normal -3.826834e-01 -0.000000e+00 -9.238795e-01
    outer loop
      vertex   6.729295e-01 1.600000e+01 -4.488593e+00
      vertex   1.300000e+00 1.500000e+01 -4.748334e+00
      vertex   6.729295e-01 1.500000e+01 -4.488593e+00
    endloop
  endfacet
  facet normal -1.305262e-01 -0.000000e+00 -9.914449e-01
    outer loop
      vertex   6.729295e-01 1.600000e+01 -4.488593e+00
      vertex   6.729295e-01 1.500000e+01 -4.488593e+00
      vertex   1.592041e-16 1.600000e+01 -4.400000e+00
    endloop
  endfacet
  facet normal -1.305262e-01 -0.000000e+00 -9.914449e-01
    outer loop
      vertex   1.592041e-16 1.600000e+01 -4.400000e+00
      vertex   6.729295e-01 1.500000e+01 -4.488593e+00
      vertex   1.592041e-16 1.500000e+01 -4.400000e+00
    endloop
  endfacet
  facet normal 1.305262e-01 0.000000e+00 -9.914449e-01
    outer loop
      vertex   1.592041e-16 1.600000e+01 -4.400000e+00
      vertex   1.592041e-16 1.500000e+01 -4.400000e+00
      vertex   -6.729295e-01 1.600000e+01 -4.488593e+00
    endloop
  endfacet
  facet normal 1.305262e-01 0.000000e+00 -9.914449e-01
    outer loop
      vertex   -6.729295e-01 1.600000e+01 -4.488593e+00
      vertex   1.592041e-16 1.500000e+01 -4.400000e+00
      vertex   -6.729295e-01 1.500000e+01 -4.488593e+00
    endloop
  endfacet
  facet normal 3.826834e-01 0.000000e+00 -9.238795e-01
    outer loop
      vertex   -6.729295e-01 1.600000e+01 -4.488593e+00
      vertex   -6.729295e-01 1.500000e+01 -4.488593e+00
      vertex   -1.300000e+00 1.600000e+01 -4.748334e+00
    endloop
  endfacet
  facet normal 3.826834e-01 0.000000e+00 -9.238795e-01
    outer loop
      vertex   -1.300000e+00 1.600000e+01 -4.748334e+00
      vertex   -6.729295e-01 1.500000e+01 -4.488593e+00
      vertex   -1.300000e+00 1.500000e+01 -4.748334e+00
    endloop
  endfacet
  facet normal 6.087614e-01 0.000000e+00 -7.933533e-01
    outer loop
      vertex   -1.300000e+00 1.600000e+01 -4.748334e+00
      vertex   -1.300000e+00 1.500000e+01 -4.748334e+00
      vertex   -1.838478e+00 1.600000e+01 -5.161522e+00
    endloop
  endfacet
  facet normal 6.087614e-01 0.000000e+00 -7.933533e-01
    outer loop
      vertex   -1.838478e+00 1.600000e+01 -5.161522e+00
      vertex   -1.300000e+00 1.500000e+01 -4.748334e+00
      vertex   -1.838478e+00 1.500000e+01 -5.161522e+00
    endloop
  endfacet
  facet normal 7.933533e-01 0.000000e+00 -6.087614e-01
    outer loop
      vertex   -1.838478e+00 1.600000e+01 -5.161522e+00
      vertex   -1.838478e+00 1.500000e+01 -5.161522e+00
      vertex   -2.251666e+00 1.600000e+01 -5.700000e+00
    endloop
  endfacet
  facet normal 7.933533e-01 0.000000e+00 -6.087614e-01
    outer loop
      vertex   -2.251666e+00 1.600000e+01 -5.700000e+00
      vertex   -1.838478e+00 1.500000e+01 -5.161522e+00
      vertex   -2.251666e+00 1.500000e+01 -5.700000e+00
    endloop
  endfacet
  facet normal 9.238795e-01 0.000000e+00 -3.826834e-01
    outer loop
      vertex   -2.251666e+00 1.600000e+01 -5.700000e+00
      vertex   -2.251666e+00 1.500000e+01 -5.700000e+00
      vertex   -2.511407e+00 1.600000e+01 -6.327070e+00
    endloop
  endfacet
  facet normal 9.238795e-01 0.000000e+00 -3.826834e-01
    outer loop
      vertex   -2.511407e+00 1.600000e+01 -6.327070e+00
      vertex   -2.251666e+00 1.500000e+01 -5.700000e+00
      vertex   -2.511407e+00 1.500000e+01 -6.327070e+00
    endloop
  endfacet
  facet normal 0.000000e+00 -1.000000e+00 0.000000e+00
    outer loop
      vertex   -1.545481e+00 1.600000e+01 -7.414110e+00
      vertex   -1.600000e+00 1.600000e+01 -7.000000e+00
      vertex   -2.600000e+00 1.600000e+01 -7.000000e+00
    endloop
  endfacet
  facet normal 0.000000e+00 -1.000000e+00 0.000000e+00
    outer loop
      vertex   -2.600000e+00 1.600000e+01 -7.000000e+00
      vertex   -1.600000e+00 1.600000e+01 -7.000000e+00
      vertex   -1.545481e+00 1.600000e+01 -6.585890e+00
    endloop
  endfacet
  facet normal 0.000000e+00 -1.000000e+00 0.000000e+00
    outer loop
      vertex   -2.600000e+00 1.600000e+01 -7.000000e+00
      vertex   -1.545481e+00 1.600000e+01 -6.585890e+00
      vertex   -2.511407e+00 1.600000e+01 -6.327070e+00
    endloop
  endfacet
  facet normal 0.000000e+00 -1.000000e+00 0.000000e+00
    outer loop
      vertex   -2.511407e+00 1.600000e+01 -6.327070e+00
      vertex   -1.545481e+00 1.600000e+01 -6.585890e+00
      vertex   -1.385641e+00 1.600000e+01 -6.200000e+00
    endloop
  endfacet
  facet normal 0.000000e+00 -1.000000e+00 0.000000e+00
    outer loop
      vertex   -2.511407e+00 1.600000e+01 -6.327070e+00
      vertex   -1.385641e+00 1.600000e+01 -6.200000e+00
      vertex   -2.251666e+00 1.600000e+01 -5.700000e+00
    endloop
  endfacet
  facet normal 0.000000e+00 -1.000000e+00 0.000000e+00
    outer loop
      vertex   -2.251666e+00 1.600000e+01 -5.700000e+00
      vertex   -1.385641e+00 1.600000e+01 -6.200000e+00
      vertex   -1.131371e+00 1.600000e+01 -5.868629e+00
    endloop
  endfacet
  facet normal 0.000000e+00 -1.000000e+00 0.000000e+00
    outer loop
      vertex   -2.251666e+00 1.600000e+01 -5.700000e+00
      vertex   -1.131371e+00 1.600000e+01 -5.868629e+00
      vertex   -1.838478e+00 1.600000e+01 -5.161522e+00
    endloop
  endfacet
  facet normal 0.000000e+00 -1.000000e+00 0.000000e+00
    outer loop
      vertex   -1.838478e+00 1.600000e+01 -5.161522e+00
      vertex   -1.131371e+00 1.600000e+01 -5.868629e+00
      vertex   -8.000000e-01 1.600000e+01 -5.614359e+00
    endloop
  endfacet
  facet normal 0.000000e+00 -1.000000e+00 0.000000e+00
    outer loop
      vertex   -1.838478e+00 1.600000e+01 -5.161522e+00
      vertex   -8.000000e-01 1.600000e+01 -5.614359e+00
      vertex   -1.300000e+00 1.600000e+01 -4.748334e+00
    endloop
  endfacet
  facet normal 0.000000e+00 -1.000000e+00 0.000000e+00
    outer loop
      vertex   -1.300000e+00 1.600000e+01 -4.748334e+00
      vertex   -8.000000e-01 1.600000e+01 -5.614359e+00
      vertex   -4.141105e-01 1.600000e+01 -5.454519e+00
    endloop
  endfacet
  facet normal 0.000000e+00 -1.000000e+00 0.000000e+00
    outer loop
      vertex   -1.300000e+00 1.600000e+01 -4.748334e+00
      vertex   -4.141105e-01 1.600000e+01 -5.454519e+00
      vertex   -6.729295e-01 1.600000e+01 -4.488593e+00
    endloop
  endfacet
  facet normal 0.000000e+00 -1.000000e+00 0.000000e+00
    outer loop
      vertex   -6.729295e-01 1.600000e+01 -4.488593e+00
      vertex   -4.141105e-01 1.600000e+01 -5.454519e+00
      vertex   2.939152e-16 1.600000e+01 -5.400000e+00
    endloop
  endfacet
  facet normal 0.000000e+00 -1.000000e+00 0.000000e+00
    outer loop
      vertex   -6.729295e-01 1.600000e+01 -4.488593e+00
      vertex   2.939152e-16 1.600000e+01 -5.400000e+00
      vertex   1.592041e-16 1.600000e+01 -4.400000e+00
    endloop
  endfacet
  facet normal 0.000000e+00 -1.000000e+00 0.000000e+00
    outer loop
      vertex   1.592041e-16 1.600000e+01 -4.400000e+00
      vertex   2.939152e-16 1.600000e+01 -5.400000e+00
      vertex   6.729295e-01 1.600000e+01 -4.488593e+00
    endloop
  endfacet
  facet normal 0.000000e+00 -1.000000e+00 0.000000e+00
    outer loop
      vertex   6.729295e-01 1.600000e+01 -4.488593e+00
      vertex   2.939152e-16 1.600000e+01 -5.400000e+00
      vertex   4.141105e-01 1.600000e+01 -5.454519e+00
    endloop
  endfacet
  facet normal 0.000000e+00 -1.000000e+00 -0.000000e+00
    outer loop
      vertex   6.729295e-01 1.600000e+01 -4.488593e+00
      vertex   4.141105e-01 1.600000e+01 -5.454519e+00
      vertex   1.300000e+00 1.600000e+01 -4.748334e+00
    endloop
  endfacet
  facet normal 0.000000e+00 -1.000000e+00 0.000000e+00
    outer loop
      vertex   1.300000e+00 1.600000e+01 -4.748334e+00
      vertex   4.141105e-01 1.600000e+01 -5.454519e+00
      vertex   8.000000e-01 1.600000e+01 -5.614359e+00
    endloop
  endfacet
  facet normal 0.000000e+00 -1.000000e+00 -0.000000e+00
    outer loop
      vertex   1.300000e+00 1.600000e+01 -4.748334e+00
      vertex   8.000000e-01 1.600000e+01 -5.614359e+00
      vertex   1.838478e+00 1.600000e+01 -5.161522e+00
    endloop
  endfacet
  facet normal 0.000000e+00 -1.000000e+00 0.000000e+00
    outer loop
      vertex   1.838478e+00 1.600000e+01 -5.161522e+00
      vertex   8.000000e-01 1.600000e+01 -5.614359e+00
      vertex   1.131371e+00 1.600000e+01 -5.868629e+00
    endloop
  endfacet
  facet normal 0.000000e+00 -1.000000e+00 -0.000000e+00
    outer loop
      vertex   1.838478e+00 1.600000e+01 -5.161522e+00
      vertex   1.131371e+00 1.600000e+01 -5.868629e+00
      vertex   2.251666e+00 1.600000e+01 -5.700000e+00
    endloop
  endfacet
  facet normal 0.000000e+00 -1.000000e+00 0.000000e+00
    outer loop
      vertex   2.251666e+00 1.600000e+01 -5.700000e+00
      vertex   1.131371e+00 1.600000e+01 -5.868629e+00
      vertex   1.385641e+00 1.600000e+01 -6.200000e+00
    endloop
  endfacet
  facet normal 0.000000e+00 -1.000000e+00 -0.000000e+00
    outer loop
      vertex   2.251666e+00 1.600000e+01 -5.700000e+00
      vertex   1.385641e+00 1.600000e+01 -6.200000e+00
      vertex   2.511407e+00 1.600000e+01 -6.327070e+00
    endloop
  endfacet
  facet normal -0.000000e+00 -1.000000e+00 0.000000e+00
    outer loop
      vertex   2.511407e+00 1.600000e+01 -6.327070e+00
      vertex   1.385641e+00 1.600000e+01 -6.200000e+00
      vertex   1.545481e+00 1.600000e+01 -6.585890e+00
    endloop
  endfacet
  facet normal 0.000000e+00 -1.000000e+00 -0.000000e+00
    outer loop
      vertex   2.511407e+00 1.600000e+01 -6.327070e+00
      vertex   1.545481e+00 1.600000e+01 -6.585890e+00
      vertex   2.600000e+00 1.600000e+01 -7.000000e+00
    endloop
  endfacet
  facet normal 0.000000e+00 -1.000000e+00 0.000000e+00
    outer loop
      vertex   2.600000e+00 1.600000e+01 -7.000000e+00
      vertex   1.545481e+00 1.600000e+01 -6.585890e+00
      vertex   1.600000e+00 1.600000e+01 -7.000000e+00
    endloop
  endfacet
  facet normal -0.000000e+00 -1.000000e+00 0.000000e+00
    outer loop
      vertex   2.600000e+00 1.600000e+01 -7.000000e+00
      vertex   1.600000e+00 1.600000e+01 -7.000000e+00
      vertex   2.511407e+00 1.600000e+01 -7.672930e+00
    endloop
  endfacet
  facet normal 0.000000e+00 -1.000000e+00 0.000000e+00
    outer loop
      vertex   2.511407e+00 1.600000e+01 -7.672930e+00
      vertex   1.600000e+00 1.600000e+01 -7.000000e+00
      vertex   1.545481e+00 1.600000e+01 -7.414110e+00
    endloop
  endfacet
  facet normal -0.000000e+00 -1.000000e+00 0.000000e+00
    outer loop
      vertex   2.511407e+00 1.600000e+01 -7.672930e+00
      vertex   1.545481e+00 1.600000e+01 -7.414110e+00
      vertex   1.385641e+00 1.600000e+01 -7.800000e+00
    endloop
  endfacet
  facet normal 0.000000e+00 -1.000000e+00 0.000000e+00
    outer loop
      vertex   2.511407e+00 1.600000e+01 -7.672930e+00
      vertex   1.385641e+00 1.600000e+01 -7.800000e+00
      vertex   2.251666e+00 1.600000e+01 -8.300000e+00
    endloop
  endfacet
  facet normal 0.000000e+00 -1.000000e+00 0.000000e+00
    outer loop
      vertex   2.251666e+00 1.600000e+01 -8.300000e+00
      vertex   1.385641e+00 1.600000e+01 -7.800000e+00
      vertex   1.131371e+00 1.600000e+01 -8.131371e+00
    endloop
  endfacet
  facet normal -0.000000e+00 -1.000000e+00 0.000000e+00
    outer loop
      vertex   2.251666e+00 1.600000e+01 -8.300000e+00
      vertex   1.131371e+00 1.600000e+01 -8.131371e+00
      vertex   1.838478e+00 1.600000e+01 -8.838478e+00
    endloop
  endfacet
  facet normal 0.000000e+00 -1.000000e+00 0.000000e+00
    outer loop
      vertex   1.838478e+00 1.600000e+01 -8.838478e+00
      vertex   1.131371e+00 1.600000e+01 -8.131371e+00
      vertex   8.000000e-01 1.600000e+01 -8.385641e+00
    endloop
  endfacet
  facet normal -0.000000e+00 -1.000000e+00 0.000000e+00
    outer loop
      vertex   1.838478e+00 1.600000e+01 -8.838478e+00
      vertex   8.000000e-01 1.600000e+01 -8.385641e+00
      vertex   1.300000e+00 1.600000e+01 -9.251666e+00
    endloop
  endfacet
  facet normal 0.000000e+00 -1.000000e+00 0.000000e+00
    outer loop
      vertex   1.300000e+00 1.600000e+01 -9.251666e+00
      vertex   8.000000e-01 1.600000e+01 -8.385641e+00
      vertex   4.141105e-01 1.600000e+01 -8.545481e+00
    endloop
  endfacet
  facet normal -0.000000e+00 -1.000000e+00 0.000000e+00
    outer loop
      vertex   1.300000e+00 1.600000e+01 -9.251666e+00
      vertex   4.141105e-01 1.600000e+01 -8.545481e+00
      vertex   6.729295e-01 1.600000e+01 -9.511407e+00
    endloop
  endfacet
  facet normal 0.000000e+00 -1.000000e+00 0.000000e+00
    outer loop
      vertex   6.729295e-01 1.600000e+01 -9.511407e+00
      vertex   4.141105e-01 1.600000e+01 -8.545481e+00
      vertex   -9.797174e-17 1.600000e+01 -8.600000e+00
    endloop
  endfacet
  facet normal -0.000000e+00 -1.000000e+00 0.000000e+00
    outer loop
      vertex   6.729295e-01 1.600000e+01 -9.511407e+00
      vertex   -9.797174e-17 1.600000e+01 -8.600000e+00
      vertex   1.592041e-16 1.600000e+01 -9.600000e+00
    endloop
  endfacet
  facet normal 0.000000e+00 -1.000000e+00 0.000000e+00
    outer loop
      vertex   1.592041e-16 1.600000e+01 -9.600000e+00
      vertex   -9.797174e-17 1.600000e+01 -8.600000e+00
      vertex   -6.729295e-01 1.600000e+01 -9.511407e+00
    endloop
  endfacet
  facet normal 0.000000e+00 -1.000000e+00 0.000000e+00
    outer loop
      vertex   -6.729295e-01 1.600000e+01 -9.511407e+00
      vertex   -9.797174e-17 1.600000e+01 -8.600000e+00
      vertex   -4.141105e-01 1.600000e+01 -8.545481e+00
    endloop
  endfacet
  facet normal 0.000000e+00 -1.000000e+00 0.000000e+00
    outer loop
      vertex   -6.729295e-01 1.600000e+01 -9.511407e+00
      vertex   -4.141105e-01 1.600000e+01 -8.545481e+00
      vertex   -1.300000e+00 1.600000e+01 -9.251666e+00
    endloop
  endfacet
  facet normal 0.000000e+00 -1.000000e+00 0.000000e+00
    outer loop
      vertex   -1.300000e+00 1.600000e+01 -9.251666e+00
      vertex   -4.141105e-01 1.600000e+01 -8.545481e+00
      vertex   -8.000000e-01 1.600000e+01 -8.385641e+00
    endloop
  endfacet
  facet normal 0.000000e+00 -1.000000e+00 0.000000e+00
    outer loop
      vertex   -1.300000e+00 1.600000e+01 -9.251666e+00
      vertex   -8.000000e-01 1.600000e+01 -8.385641e+00
      vertex   -1.838478e+00 1.600000e+01 -8.838478e+00
    endloop
  endfacet
  facet normal 0.000000e+00 -1.000000e+00 0.000000e+00
    outer loop
      vertex   -1.838478e+00 1.600000e+01 -8.838478e+00
      vertex   -8.000000e-01 1.600000e+01 -8.385641e+00
      vertex   -1.131371e+00 1.600000e+01 -8.131371e+00
    endloop
  endfacet
  facet normal 0.000000e+00 -1.000000e+00 0.000000e+00
    outer loop
      vertex   -1.838478e+00 1.600000e+01 -8.838478e+00
      vertex   -1.131371e+00 1.600000e+01 -8.131371e+00
      vertex   -2.251666e+00 1.600000e+01 -8.300000e+00
    endloop
  endfacet
  facet normal 0.000000e+00 -1.000000e+00 0.000000e+00
    outer loop
      vertex   -2.251666e+00 1.600000e+01 -8.300000e+00
      vertex   -1.131371e+00 1.600000e+01 -8.131371e+00
      vertex   -1.385641e+00 1.600000e+01 -7.800000e+00
    endloop
  endfacet
  facet normal 0.000000e+00 -1.000000e+00 0.000000e+00
    outer loop
      vertex   -2.251666e+00 1.600000e+01 -8.300000e+00
      vertex   -1.385641e+00 1.600000e+01 -7.800000e+00
      vertex   -2.511407e+00 1.600000e+01 -7.672930e+00
    endloop
  endfacet
  facet normal 0.000000e+00 -1.000000e+00 0.000000e+00
    outer loop
      vertex   -2.511407e+00 1.600000e+01 -7.672930e+00
      vertex   -1.385641e+00 1.600000e+01 -7.800000e+00
      vertex   -1.545481e+00 1.600000e+01 -7.414110e+00
    endloop
  endfacet
  facet normal 0.000000e+00 -1.000000e+00 0.000000e+00
    outer loop
      vertex   -2.511407e+00 1.600000e+01 -7.672930e+00
      vertex   -1.545481e+00 1.600000e+01 -7.414110e+00
      vertex   -2.600000e+00 1.600000e+01 -7.000000e+00
    endloop
  endfacet
  facet normal 9.914449e-01 0.000000e+00 -1.305262e-01
    outer loop
      vertex   -2.511407e+00 1.600000e+01 7.672930e+00
      vertex   -2.511407e+00 1.500000e+01 7.672930e+00
      vertex   -2.600000e+00 1.600000e+01 7.000000e+00
    endloop
  endfacet
  facet normal 9.914449e-01 0.000000e+00 -1.305262e-01
    outer loop
      vertex   -2.600000e+00 1.600000e+01 7.000000e+00
      vertex   -2.511407e+00 1.500000e+01 7.672930e+00
      vertex   -2.600000e+00 1.500000e+01 7.000000e+00
    endloop
  endfacet
  facet normal 9.914449e-01 0.000000e+00 1.305262e-01
    outer loop
      vertex   -2.600000e+00 1.600000e+01 7.000000e+00
      vertex   -2.600000e+00 1.500000e+01 7.000000e+00
      vertex   -2.511407e+00 1.600000e+01 6.327070e+00
    endloop
  endfacet
  facet normal 9.914449e-01 0.000000e+00 1.305262e-01
    outer loop
      vertex   -2.511407e+00 1.600000e+01 6.327070e+00
      vertex   -2.600000e+00 1.500000e+01 7.000000e+00
      vertex   -2.511407e+00 1.500000e+01 6.327070e+00
    endloop
  endfacet
  facet normal 9.238795e-01 0.000000e+00 3.826834e-01
    outer loop
      vertex   -2.511407e+00 1.600000e+01 6.327070e+00
      vertex   -2.511407e+00 1.500000e+01 6.327070e+00
      vertex   -2.251666e+00 1.600000e+01 5.700000e+00
    endloop
  endfacet
  facet normal 9.238795e-01 0.000000e+00 3.826834e-01
    outer loop
      vertex   -2.251666e+00 1.600000e+01 5.700000e+00
      vertex   -2.511407e+00 1.500000e+01 6.327070e+00
      vertex   -2.251666e+00 1.500000e+01 5.700000e+00
    endloop
  endfacet
  facet normal 7.933533e-01 0.000000e+00 6.087614e-01
    outer loop
      vertex   -2.251666e+00 1.600000e+01 5.700000e+00
      vertex   -2.251666e+00 1.500000e+01 5.700000e+00
      vertex   -1.838478e+00 1.600000e+01 5.161522e+00
    endloop
  endfacet
  facet normal 7.933533e-01 0.000000e+00 6.087614e-01
    outer loop
      vertex   -1.838478e+00 1.600000e+01 5.161522e+00
      vertex   -2.251666e+00 1.500000e+01 5.700000e+00
      vertex   -1.838478e+00 1.500000e+01 5.161522e+00
    endloop
  endfacet
  facet normal 6.087614e-01 0.000000e+00 7.933533e-01
    outer loop
      vertex   -1.838478e+00 1.600000e+01 5.161522e+00
      vertex   -1.838478e+00 1.500000e+01 5.161522e+00
      vertex   -1.300000e+00 1.600000e+01 4.748334e+00
    endloop
  endfacet
  facet normal 6.087614e-01 0.000000e+00 7.933533e-01
    outer loop
      vertex   -1.300000e+00 1.600000e+01 4.748334e+00
      vertex   -1.838478e+00 1.500000e+01 5.161522e+00
      vertex   -1.300000e+00 1.500000e+01 4.748334e+00
    endloop
  endfacet
  facet normal 3.826834e-01 0.000000e+00 9.238795e-01
    outer loop
      vertex   -1.300000e+00 1.600000e+01 4.748334e+00
      vertex   -1.300000e+00 1.500000e+01 4.748334e+00
      vertex   -6.729295e-01 1.600000e+01 4.488593e+00
    endloop
  endfacet
  facet normal 3.826834e-01 0.000000e+00 9.238795e-01
    outer loop
      vertex   -6.729295e-01 1.600000e+01 4.488593e+00
      vertex   -1.300000e+00 1.500000e+01 4.748334e+00
      vertex   -6.729295e-01 1.500000e+01 4.488593e+00
    endloop
  endfacet
  facet normal 1.305262e-01 0.000000e+00 9.914449e-01
    outer loop
      vertex   -6.729295e-01 1.600000e+01 4.488593e+00
      vertex   -6.729295e-01 1.500000e+01 4.488593e+00
      vertex   -6.980487e-16 1.600000e+01 4.400000e+00
    endloop
  endfacet
  facet normal 1.305262e-01 0.000000e+00 9.914449e-01
    outer loop
      vertex   -6.980487e-16 1.600000e+01 4.400000e+00
      vertex   -6.729295e-01 1.500000e+01 4.488593e+00
      vertex   -6.980487e-16 1.500000e+01 4.400000e+00
    endloop
  endfacet
  facet normal -1.305262e-01 0.000000e+00 9.914449e-01
    outer loop
      vertex   -6.980487e-16 1.600000e+01 4.400000e+00
      vertex   -6.980487e-16 1.500000e+01 4.400000e+00
      vertex   6.729295e-01 1.600000e+01 4.488593e+00
    endloop
  endfacet
  facet normal -1.305262e-01 0.000000e+00 9.914449e-01
    outer loop
      vertex   6.729295e-01 1.600000e+01 4.488593e+00
      vertex   -6.980487e-16 1.500000e+01 4.400000e+00
      vertex   6.729295e-01 1.500000e+01 4.488593e+00
    endloop
  endfacet
  facet normal -3.826834e-01 0.000000e+00 9.238795e-01
    outer loop
      vertex   6.729295e-01 1.600000e+01 4.488593e+00
      vertex   6.729295e-01 1.500000e+01 4.488593e+00
      vertex   1.300000e+00 1.600000e+01 4.748334e+00
    endloop
  endfacet
  facet normal -3.826834e-01 0.000000e+00 9.238795e-01
    outer loop
      vertex   1.300000e+00 1.600000e+01 4.748334e+00
      vertex   6.729295e-01 1.500000e+01 4.488593e+00
      vertex   1.300000e+00 1.500000e+01 4.748334e+00
    endloop
  endfacet
  facet normal -6.087614e-01 0.000000e+00 7.933533e-01
    outer loop
      vertex   1.300000e+00 1.600000e+01 4.748334e+00
      vertex   1.300000e+00 1.500000e+01 4.748334e+00
      vertex   1.838478e+00 1.600000e+01 5.161522e+00
    endloop
  endfacet
  facet normal -6.087614e-01 0.000000e+00 7.933533e-01
    outer loop
      vertex   1.838478e+00 1.600000e+01 5.161522e+00
      vertex   1.300000e+00 1.500000e+01 4.748334e+00
      vertex   1.838478e+00 1.500000e+01 5.161522e+00
    endloop
  endfacet
  facet normal -7.933533e-01 0.000000e+00 6.087614e-01
    outer loop
      vertex   1.838478e+00 1.600000e+01 5.161522e+00
      vertex   1.838478e+00 1.500000e+01 5.161522e+00
      vertex   2.251666e+00 1.600000e+01 5.700000e+00
    endloop
  endfacet
  facet normal -7.933533e-01 0.000000e+00 6.087614e-01
    outer loop
      vertex   2.251666e+00 1.600000e+01 5.700000e+00
      vertex   1.838478e+00 1.500000e+01 5.161522e+00
      vertex   2.251666e+00 1.500000e+01 5.700000e+00
    endloop
  endfacet
  facet normal -9.238795e-01 0.000000e+00 3.826834e-01
    outer loop
      vertex   2.251666e+00 1.600000e+01 5.700000e+00
      vertex   2.251666e+00 1.500000e+01 5.700000e+00
      vertex   2.511407e+00 1.600000e+01 6.327070e+00
    endloop
  endfacet
  facet normal -9.238795e-01 0.000000e+00 3.826834e-01
    outer loop
      vertex   2.511407e+00 1.600000e+01 6.327070e+00
      vertex   2.251666e+00 1.500000e+01 5.700000e+00
      vertex   2.511407e+00 1.500000e+01 6.327070e+00
    endloop
  endfacet
  facet normal -9.914449e-01 0.000000e+00 1.305262e-01
    outer loop
      vertex   2.511407e+00 1.600000e+01 6.327070e+00
      vertex   2.511407e+00 1.500000e+01 6.327070e+00
      vertex   2.600000e+00 1.600000e+01 7.000000e+00
    endloop
  endfacet
  facet normal -9.914449e-01 0.000000e+00 1.305262e-01
    outer loop
      vertex   2.600000e+00 1.600000e+01 7.000000e+00
      vertex   2.511407e+00 1.500000e+01 6.327070e+00
      vertex   2.600000e+00 1.500000e+01 7.000000e+00
    endloop
  endfacet
  facet normal -9.914449e-01 -0.000000e+00 -1.305262e-01
    outer loop
      vertex   2.600000e+00 1.600000e+01 7.000000e+00
      vertex   2.600000e+00 1.500000e+01 7.000000e+00
      vertex   2.511407e+00 1.600000e+01 7.672930e+00
    endloop
  endfacet
  facet normal -9.914449e-01 -0.000000e+00 -1.305262e-01
    outer loop
      vertex   2.511407e+00 1.600000e+01 7.672930e+00
      vertex   2.600000e+00 1.500000e+01 7.000000e+00
      vertex   2.511407e+00 1.500000e+01 7.672930e+00
    endloop
  endfacet
  facet normal -9.238795e-01 -0.000000e+00 -3.826834e-01
    outer loop
      vertex   2.511407e+00 1.600000e+01 7.672930e+00
      vertex   2.511407e+00 1.500000e+01 7.672930e+00
      vertex   2.251666e+00 1.600000e+01 8.300000e+00
    endloop
  endfacet
  facet normal -9.238795e-01 -0.000000e+00 -3.826834e-01
    outer loop
      vertex   2.251666e+00 1.600000e+01 8.300000e+00
      vertex   2.511407e+00 1.500000e+01 7.672930e+00
      vertex   2.251666e+00 1.500000e+01 8.300000e+00
    endloop
  endfacet
  facet normal -7.933533e-01 -0.000000e+00 -6.087614e-01
    outer loop
      vertex   2.251666e+00 1.600000e+01 8.300000e+00
      vertex   2.251666e+00 1.500000e+01 8.300000e+00
      vertex   1.838478e+00 1.600000e+01 8.838478e+00
    endloop
  endfacet
  facet normal -7.933533e-01 -0.000000e+00 -6.087614e-01
    outer loop
      vertex   1.838478e+00 1.600000e+01 8.838478e+00
      vertex   2.251666e+00 1.500000e+01 8.300000e+00
      vertex   1.838478e+00 1.500000e+01 8.838478e+00
    endloop
  endfacet
  facet normal -6.087614e-01 -0.000000e+00 -7.933533e-01
    outer loop
      vertex   1.838478e+00 1.600000e+01 8.838478e+00
      vertex   1.838478e+00 1.500000e+01 8.838478e+00
      vertex   1.300000e+00 1.600000e+01 9.251666e+00
    endloop
  endfacet
  facet normal -6.087614e-01 -0.000000e+00 -7.933533e-01
    outer loop
      vertex   1.300000e+00 1.600000e+01 9.251666e+00
      vertex   1.838478e+00 1.500000e+01 8.838478e+00
      vertex   1.300000e+00 1.500000e+01 9.251666e+00
    endloop
  endfacet
  facet normal -3.826834e-01 -0.000000e+00 -9.238795e-01
    outer loop
      vertex   1.300000e+00 1.600000e+01 9.251666e+00
      vertex   1.300000e+00 1.500000e+01 9.251666e+00
      vertex   6.729295e-01 1.600000e+01 9.511407e+00
    endloop
  endfacet
  facet normal -3.826834e-01 -0.000000e+00 -9.238795e-01
    outer loop
      vertex   6.729295e-01 1.600000e+01 9.511407e+00
      vertex   1.300000e+00 1.500000e+01 9.251666e+00
      vertex   6.729295e-01 1.500000e+01 9.511407e+00
    endloop
  endfacet
  facet normal -1.305262e-01 -0.000000e+00 -9.914449e-01
    outer loop
      vertex   6.729295e-01 1.600000e+01 9.511407e+00
      vertex   6.729295e-01 1.500000e+01 9.511407e+00
      vertex   -6.980487e-16 1.600000e+01 9.600000e+00
    endloop
  endfacet
  facet normal -1.305262e-01 -0.000000e+00 -9.914449e-01
    outer loop
      vertex   -6.980487e-16 1.600000e+01 9.600000e+00
      vertex   6.729295e-01 1.500000e+01 9.511407e+00
      vertex   -6.980487e-16 1.500000e+01 9.600000e+00
    endloop
  endfacet
  facet normal 1.305262e-01 0.000000e+00 -9.914449e-01
    outer loop
      vertex   -6.980487e-16 1.600000e+01 9.600000e+00
      vertex   -6.980487e-16 1.500000e+01 9.600000e+00
      vertex   -6.729295e-01 1.600000e+01 9.511407e+00
    endloop
  endfacet
  facet normal 1.305262e-01 0.000000e+00 -9.914449e-01
    outer loop
      vertex   -6.729295e-01 1.600000e+01 9.511407e+00
      vertex   -6.980487e-16 1.500000e+01 9.600000e+00
      vertex   -6.729295e-01 1.500000e+01 9.511407e+00
    endloop
  endfacet
  facet normal 3.826834e-01 0.000000e+00 -9.238795e-01
    outer loop
      vertex   -6.729295e-01 1.600000e+01 9.511407e+00
      vertex   -6.729295e-01 1.500000e+01 9.511407e+00
      vertex   -1.300000e+00 1.600000e+01 9.251666e+00
    endloop
  endfacet
  facet normal 3.826834e-01 0.000000e+00 -9.238795e-01
    outer loop
      vertex   -1.300000e+00 1.600000e+01 9.251666e+00
      vertex   -6.729295e-01 1.500000e+01 9.511407e+00
      vertex   -1.300000e+00 1.500000e+01 9.251666e+00
    endloop
  endfacet
  facet normal 6.087614e-01 0.000000e+00 -7.933533e-01
    outer loop
      vertex   -1.300000e+00 1.600000e+01 9.251666e+00
      vertex   -1.300000e+00 1.500000e+01 9.251666e+00
      vertex   -1.838478e+00 1.600000e+01 8.838478e+00
    endloop
  endfacet
  facet normal 6.087614e-01 0.000000e+00 -7.933533e-01
    outer loop
      vertex   -1.838478e+00 1.600000e+01 8.838478e+00
      vertex   -1.300000e+00 1.500000e+01 9.251666e+00
      vertex   -1.838478e+00 1.500000e+01 8.838478e+00
    endloop
  endfacet
  facet normal 7.933533e-01 0.000000e+00 -6.087614e-01
    outer loop
      vertex   -1.838478e+00 1.600000e+01 8.838478e+00
      vertex   -1.838478e+00 1.500000e+01 8.838478e+00
      vertex   -2.251666e+00 1.600000e+01 8.300000e+00
    endloop
  endfacet
  facet normal 7.933533e-01 0.000000e+00 -6.087614e-01
    outer loop
      vertex   -2.251666e+00 1.600000e+01 8.300000e+00
      vertex   -1.838478e+00 1.500000e+01 8.838478e+00
      vertex   -2.251666e+00 1.500000e+01 8.300000e+00
    endloop
  endfacet
  facet normal 9.238795e-01 0.000000e+00 -3.826834e-01
    outer loop
      vertex   -2.251666e+00 1.600000e+01 8.300000e+00
      vertex   -2.251666e+00 1.500000e+01 8.300000e+00
      vertex   -2.511407e+00 1.600000e+01 7.672930e+00
    endloop
  endfacet
  facet normal 9.238795e-01 0.000000e+00 -3.826834e-01
    outer loop
      vertex   -2.511407e+00 1.600000e+01 7.672930e+00
      vertex   -2.251666e+00 1.500000e+01 8.300000e+00
      vertex   -2.511407e+00 1.500000e+01 7.672930e+00
    endloop
  endfacet
  facet normal 0.000000e+00 -1.000000e+00 0.000000e+00
    outer loop
      vertex   -1.545481e+00 1.600000e+01 6.585890e+00
      vertex   -1.600000e+00 1.600000e+01 7.000000e+00
      vertex   -2.600000e+00 1.600000e+01 7.000000e+00
    endloop
  endfacet
  facet normal 0.000000e+00 -1.000000e+00 0.000000e+00
    outer loop
      vertex   -2.600000e+00 1.600000e+01 7.000000e+00
      vertex   -1.600000e+00 1.600000e+01 7.000000e+00
      vertex   -1.545481e+00 1.600000e+01 7.414110e+00
    endloop
  endfacet
  facet normal 0.000000e+00 -1.000000e+00 0.000000e+00
    outer loop
      vertex   -2.600000e+00 1.600000e+01 7.000000e+00
      vertex   -1.545481e+00 1.600000e+01 7.414110e+00
      vertex   -2.511407e+00 1.600000e+01 7.672930e+00
    endloop
  endfacet
  facet normal 0.000000e+00 -1.000000e+00 0.000000e+00
    outer loop
      vertex   -2.511407e+00 1.600000e+01 7.672930e+00
      vertex   -1.545481e+00 1.600000e+01 7.414110e+00
      vertex   -1.385641e+00 1.600000e+01 7.800000e+00
    endloop
  endfacet
  facet normal 0.000000e+00 -1.000000e+00 0.000000e+00
    outer loop
      vertex   -2.511407e+00 1.600000e+01 7.672930e+00
      vertex   -1.385641e+00 1.600000e+01 7.800000e+00
      vertex   -2.251666e+00 1.600000e+01 8.300000e+00
    endloop
  endfacet
  facet normal 0.000000e+00 -1.000000e+00 0.000000e+00
    outer loop
      vertex   -2.251666e+00 1.600000e+01 8.300000e+00
      vertex   -1.385641e+00 1.600000e+01 7.800000e+00
      vertex   -1.131371e+00 1.600000e+01 8.131371e+00
    endloop
  endfacet
  facet normal 0.000000e+00 -1.000000e+00 0.000000e+00
    outer loop
      vertex   -2.251666e+00 1.600000e+01 8.300000e+00
      vertex   -1.131371e+00 1.600000e+01 8.131371e+00
      vertex   -1.838478e+00 1.600000e+01 8.838478e+00
    endloop
  endfacet
  facet normal 0.000000e+00 -1.000000e+00 0.000000e+00
    outer loop
      vertex   -1.838478e+00 1.600000e+01 8.838478e+00
      vertex   -1.131371e+00 1.600000e+01 8.131371e+00
      vertex   -8.000000e-01 1.600000e+01 8.385641e+00
    endloop
  endfacet
  facet normal 0.000000e+00 -1.000000e+00 0.000000e+00
    outer loop
      vertex   -1.838478e+00 1.600000e+01 8.838478e+00
      vertex   -8.000000e-01 1.600000e+01 8.385641e+00
      vertex   -1.300000e+00 1.600000e+01 9.251666e+00
    endloop
  endfacet
  facet normal 0.000000e+00 -1.000000e+00 0.000000e+00
    outer loop
      vertex   -1.300000e+00 1.600000e+01 9.251666e+00
      vertex   -8.000000e-01 1.600000e+01 8.385641e+00
      vertex   -4.141105e-01 1.600000e+01 8.545481e+00
    endloop
  endfacet
  facet normal 0.000000e+00 -1.000000e+00 0.000000e+00
    outer loop
      vertex   -1.300000e+00 1.600000e+01 9.251666e+00
      vertex   -4.141105e-01 1.600000e+01 8.545481e+00
      vertex   -6.729295e-01 1.600000e+01 9.511407e+00
    endloop
  endfacet
  facet normal 0.000000e+00 -1.000000e+00 0.000000e+00
    outer loop
      vertex   -6.729295e-01 1.600000e+01 9.511407e+00
      vertex   -4.141105e-01 1.600000e+01 8.545481e+00
      vertex   -5.633375e-16 1.600000e+01 8.600000e+00
    endloop
  endfacet
  facet normal 0.000000e+00 -1.000000e+00 0.000000e+00
    outer loop
      vertex   -6.729295e-01 1.600000e+01 9.511407e+00
      vertex   -5.633375e-16 1.600000e+01 8.600000e+00
      vertex   -6.980487e-16 1.600000e+01 9.600000e+00
    endloop
  endfacet
  facet normal 0.000000e+00 -1.000000e+00 0.000000e+00
    outer loop
      vertex   -6.980487e-16 1.600000e+01 9.600000e+00
      vertex   -5.633375e-16 1.600000e+01 8.600000e+00
      vertex   6.729295e-01 1.600000e+01 9.511407e+00
    endloop
  endfacet
  facet normal 0.000000e+00 -1.000000e+00 0.000000e+00
    outer loop
      vertex   6.729295e-01 1.600000e+01 9.511407e+00
      vertex   -5.633375e-16 1.600000e+01 8.600000e+00
      vertex   4.141105e-01 1.600000e+01 8.545481e+00
    endloop
  endfacet
  facet normal 0.000000e+00 -1.000000e+00 -0.000000e+00
    outer loop
      vertex   6.729295e-01 1.600000e+01 9.511407e+00
      vertex   4.141105e-01 1.600000e+01 8.545481e+00
      vertex   1.300000e+00 1.600000e+01 9.251666e+00
    endloop
  endfacet
  facet normal 0.000000e+00 -1.000000e+00 0.000000e+00
    outer loop
      vertex   1.300000e+00 1.600000e+01 9.251666e+00
      vertex   4.141105e-01 1.600000e+01 8.545481e+00
      vertex   8.000000e-01 1.600000e+01 8.385641e+00
    endloop
  endfacet
  facet normal 0.000000e+00 -1.000000e+00 -0.000000e+00
    outer loop
      vertex   1.300000e+00 1.600000e+01 9.251666e+00
      vertex   8.000000e-01 1.600000e+01 8.385641e+00
      vertex   1.838478e+00 1.600000e+01 8.838478e+00
    endloop
  endfacet
  facet normal 0.000000e+00 -1.000000e+00 0.000000e+00
    outer loop
      vertex   1.838478e+00 1.600000e+01 8.838478e+00
      vertex   8.000000e-01 1.600000e+01 8.385641e+00
      vertex   1.131371e+00 1.600000e+01 8.131371e+00
    endloop
  endfacet
  facet normal 0.000000e+00 -1.000000e+00 -0.000000e+00
    outer loop
      vertex   1.838478e+00 1.600000e+01 8.838478e+00
      vertex   1.131371e+00 1.600000e+01 8.131371e+00
      vertex   2.251666e+00 1.600000e+01 8.300000e+00
    endloop
  endfacet
  facet normal 0.000000e+00 -1.000000e+00 0.000000e+00
    outer loop
      vertex   2.251666e+00 1.600000e+01 8.300000e+00
      vertex   1.131371e+00 1.600000e+01 8.131371e+00
      vertex   1.385641e+00 1.600000e+01 7.800000e+00
    endloop
  endfacet
  facet normal 0.000000e+00 -1.000000e+00 -0.000000e+00
    outer loop
      vertex   2.251666e+00 1.600000e+01 8.300000e+00
      vertex   1.385641e+00 1.600000e+01 7.800000e+00
      vertex   2.511407e+00 1.600000e+01 7.672930e+00
    endloop
  endfacet
  facet normal -0.000000e+00 -1.000000e+00 0.000000e+00
    outer loop
      vertex   2.511407e+00 1.600000e+01 7.672930e+00
      vertex   1.385641e+00 1.600000e+01 7.800000e+00
      vertex   1.545481e+00 1.600000e+01 7.414110e+00
    endloop
  endfacet
  facet normal 0.000000e+00 -1.000000e+00 -0.000000e+00
    outer loop
      vertex   2.511407e+00 1.600000e+01 7.672930e+00
      vertex   1.545481e+00 1.600000e+01 7.414110e+00
      vertex   2.600000e+00 1.600000e+01 7.000000e+00
    endloop
  endfacet
  facet normal 0.000000e+00 -1.000000e+00 0.000000e+00
    outer loop
      vertex   2.600000e+00 1.600000e+01 7.000000e+00
      vertex   1.545481e+00 1.600000e+01 7.414110e+00
      vertex   1.600000e+00 1.600000e+01 7.000000e+00
    endloop
  endfacet
  facet normal -0.000000e+00 -1.000000e+00 0.000000e+00
    outer loop
      vertex   2.600000e+00 1.600000e+01 7.000000e+00
      vertex   1.600000e+00 1.600000e+01 7.000000e+00
      vertex   2.511407e+00 1.600000e+01 6.327070e+00
    endloop
  endfacet
  facet normal 0.000000e+00 -1.000000e+00 0.000000e+00
    outer loop
      vertex   2.511407e+00 1.600000e+01 6.327070e+00
      vertex   1.600000e+00 1.600000e+01 7.000000e+00
      vertex   1.545481e+00 1.600000e+01 6.585890e+00
    endloop
  endfacet
  facet normal -0.000000e+00 -1.000000e+00 0.000000e+00
    outer loop
      vertex   2.511407e+00 1.600000e+01 6.327070e+00
      vertex   1.545481e+00 1.600000e+01 6.585890e+00
      vertex   1.385641e+00 1.600000e+01 6.200000e+00
    endloop
  endfacet
  facet normal 0.000000e+00 -1.000000e+00 0.000000e+00
    outer loop
      vertex   2.511407e+00 1.600000e+01 6.327070e+00
      vertex   1.385641e+00 1.600000e+01 6.200000e+00
      vertex   2.251666e+00 1.600000e+01 5.700000e+00
    endloop
  endfacet
  facet normal 0.000000e+00 -1.000000e+00 0.000000e+00
    outer loop
      vertex   2.251666e+00 1.600000e+01 5.700000e+00
      vertex   1.385641e+00 1.600000e+01 6.200000e+00
      vertex   1.131371e+00 1.600000e+01 5.868629e+00
    endloop
  endfacet
  facet normal -0.000000e+00 -1.000000e+00 0.000000e+00
    outer loop
      vertex   2.251666e+00 1.600000e+01 5.700000e+00
      vertex   1.131371e+00 1.600000e+01 5.868629e+00
      vertex   1.838478e+00 1.600000e+01 5.161522e+00
    endloop
  endfacet
  facet normal 0.000000e+00 -1.000000e+00 0.000000e+00
    outer loop
      vertex   1.838478e+00 1.600000e+01 5.161522e+00
      vertex   1.131371e+00 1.600000e+01 5.868629e+00
      vertex   8.000000e-01 1.600000e+01 5.614359e+00
    endloop
  endfacet
  facet normal -0.000000e+00 -1.000000e+00 0.000000e+00
    outer loop
      vertex   1.838478e+00 1.600000e+01 5.161522e+00
      vertex   8.000000e-01 1.600000e+01 5.614359e+00
      vertex   1.300000e+00 1.600000e+01 4.748334e+00
    endloop
  endfacet
  facet normal 0.000000e+00 -1.000000e+00 0.000000e+00
    outer loop
      vertex   1.300000e+00 1.600000e+01 4.748334e+00
      vertex   8.000000e-01 1.600000e+01 5.614359e+00
      vertex   4.141105e-01 1.600000e+01 5.454519e+00
    endloop
  endfacet
  facet normal -0.000000e+00 -1.000000e+00 0.000000e+00
    outer loop
      vertex   1.300000e+00 1.600000e+01 4.748334e+00
      vertex   4.141105e-01 1.600000e+01 5.454519e+00
      vertex   6.729295e-01 1.600000e+01 4.488593e+00
    endloop
  endfacet
  facet normal 0.000000e+00 -1.000000e+00 0.000000e+00
    outer loop
      vertex   6.729295e-01 1.600000e+01 4.488593e+00
      vertex   4.141105e-01 1.600000e+01 5.454519e+00
      vertex   -9.552245e-16 1.600000e+01 5.400000e+00
    endloop
  endfacet
  facet normal -0.000000e+00 -1.000000e+00 0.000000e+00
    outer loop
      vertex   6.729295e-01 1.600000e+01 4.488593e+00
      vertex   -9.552245e-16 1.600000e+01 5.400000e+00
      vertex   -6.980487e-16 1.600000e+01 4.400000e+00
    endloop
  endfacet
  facet normal 0.000000e+00 -1.000000e+00 0.000000e+00
    outer loop
      vertex   -6.980487e-16 1.600000e+01 4.400000e+00
      vertex   -9.552245e-16 1.600000e+01 5.400000e+00
      vertex   -6.729295e-01 1.600000e+01 4.488593e+00
    endloop
  endfacet
  facet normal 0.000000e+00 -1.000000e+00 0.000000e+00
    outer loop
      vertex   -6.729295e-01 1.600000e+01 4.488593e+00
      vertex   -9.552245e-16 1.600000e+01 5.400000e+00
      vertex   -4.141105e-01 1.600000e+01 5.454519e+00
    endloop
  endfacet
  facet normal 0.000000e+00 -1.000000e+00 0.000000e+00
    outer loop
      vertex   -6.729295e-01 1.600000e+01 4.488593e+00
      vertex   -4.141105e-01 1.600000e+01 5.454519e+00
      vertex   -1.300000e+00 1.600000e+01 4.748334e+00
    endloop
  endfacet
  facet normal 0.000000e+00 -1.000000e+00 0.000000e+00
    outer loop
      vertex   -1.300000e+00 1.600000e+01 4.748334e+00
      vertex   -4.141105e-01 1.600000e+01 5.454519e+00
      vertex   -8.000000e-01 1.600000e+01 5.614359e+00
    endloop
  endfacet
  facet normal 0.000000e+00 -1.000000e+00 0.000000e+00
    outer loop
      vertex   -1.300000e+00 1.600000e+01 4.748334e+00
      vertex   -8.000000e-01 1.600000e+01 5.614359e+00
      vertex   -1.838478e+00 1.600000e+01 5.161522e+00
    endloop
  endfacet
  facet normal 0.000000e+00 -1.000000e+00 0.000000e+00
    outer loop
      vertex   -1.838478e+00 1.600000e+01 5.161522e+00
      vertex   -8.000000e-01 1.600000e+01 5.614359e+00
      vertex   -1.131371e+00 1.600000e+01 5.868629e+00
    endloop
  endfacet
  facet normal 0.000000e+00 -1.000000e+00 0.000000e+00
    outer loop
      vertex   -1.838478e+00 1.600000e+01 5.161522e+00
      vertex   -1.131371e+00 1.600000e+01 5.868629e+00
      vertex   -2.251666e+00 1.600000e+01 5.700000e+00
    endloop
  endfacet
  facet normal 0.000000e+00 -1.000000e+00 0.000000e+00
    outer loop
      vertex   -2.251666e+00 1.600000e+01 5.700000e+00
      vertex   -1.131371e+00 1.600000e+01 5.868629e+00
      vertex   -1.385641e+00 1.600000e+01 6.200000e+00
    endloop
  endfacet
  facet normal 0.000000e+00 -1.000000e+00 0.000000e+00
    outer loop
      vertex   -2.251666e+00 1.600000e+01 5.700000e+00
      vertex   -1.385641e+00 1.600000e+01 6.200000e+00
      vertex   -2.511407e+00 1.600000e+01 6.327070e+00
    endloop
  endfacet
  facet normal 0.000000e+00 -1.000000e+00 0.000000e+00
    outer loop
      vertex   -2.511407e+00 1.600000e+01 6.327070e+00
      vertex   -1.385641e+00 1.600000e+01 6.200000e+00
      vertex   -1.545481e+00 1.600000e+01 6.585890e+00
    endloop
  endfacet
  facet normal 0.000000e+00 -1.000000e+00 0.000000e+00
    outer loop
      vertex   -2.511407e+00 1.600000e+01 6.327070e+00
      vertex   -1.545481e+00 1.600000e+01 6.585890e+00
      vertex   -2.600000e+00 1.600000e+01 7.000000e+00
    endloop
  endfacet
  facet normal 9.914449e-01 0.000000e+00 -1.305262e-01
    outer loop
      vertex   -9.511407e+00 1.600000e+01 6.729295e-01
      vertex   -9.511407e+00 1.500000e+01 6.729295e-01
      vertex   -9.600000e+00 1.600000e+01 -1.872720e-15
    endloop
  endfacet
  facet normal 9.914449e-01 0.000000e+00 -1.305262e-01
    outer loop
      vertex   -9.600000e+00 1.600000e+01 -1.872720e-15
      vertex   -9.511407e+00 1.500000e+01 6.729295e-01
      vertex   -9.600000e+00 1.500000e+01 -1.872720e-15
    endloop
  endfacet
  facet normal 9.914449e-01 0.000000e+00 1.305262e-01
    outer loop
      vertex   -9.600000e+00 1.600000e+01 -1.872720e-15
      vertex   -9.600000e+00 1.500000e+01 -1.872720e-15
      vertex   -9.511407e+00 1.600000e+01 -6.729295e-01
    endloop
  endfacet
  facet normal 9.914449e-01 0.000000e+00 1.305262e-01
    outer loop
      vertex   -9.511407e+00 1.600000e+01 -6.729295e-01
      vertex   -9.600000e+00 1.500000e+01 -1.872720e-15
      vertex   -9.511407e+00 1.500000e+01 -6.729295e-01
    endloop
  endfacet
  facet normal 9.238795e-01 0.000000e+00 3.826834e-01
    outer loop
      vertex   -9.511407e+00 1.600000e+01 -6.729295e-01
      vertex   -9.511407e+00 1.500000e+01 -6.729295e-01
      vertex   -9.251666e+00 1.600000e+01 -1.300000e+00
    endloop
  endfacet
  facet normal 9.238795e-01 0.000000e+00 3.826834e-01
    outer loop
      vertex   -9.251666e+00 1.600000e+01 -1.300000e+00
      vertex   -9.511407e+00 1.500000e+01 -6.729295e-01
      vertex   -9.251666e+00 1.500000e+01 -1.300000e+00
    endloop
  endfacet
  facet normal 7.933533e-01 0.000000e+00 6.087614e-01
    outer loop
      vertex   -9.251666e+00 1.600000e+01 -1.300000e+00
      vertex   -9.251666e+00 1.500000e+01 -1.300000e+00
      vertex   -8.838478e+00 1.600000e+01 -1.838478e+00
    endloop
  endfacet
  facet normal 7.933533e-01 0.000000e+00 6.087614e-01
    outer loop
      vertex   -8.838478e+00 1.600000e+01 -1.838478e+00
      vertex   -9.251666e+00 1.500000e+01 -1.300000e+00
      vertex   -8.838478e+00 1.500000e+01 -1.838478e+00
    endloop
  endfacet
  facet normal 6.087614e-01 0.000000e+00 7.933533e-01
    outer loop
      vertex   -8.838478e+00 1.600000e+01 -1.838478e+00
      vertex   -8.838478e+00 1.500000e+01 -1.838478e+00
      vertex   -8.300000e+00 1.600000e+01 -2.251666e+00
    endloop
  endfacet
  facet normal 6.087614e-01 0.000000e+00 7.933533e-01
    outer loop
      vertex   -8.300000e+00 1.600000e+01 -2.251666e+00
      vertex   -8.838478e+00 1.500000e+01 -1.838478e+00
      vertex   -8.300000e+00 1.500000e+01 -2.251666e+00
    endloop
  endfacet
  facet normal 3.826834e-01 0.000000e+00 9.238795e-01
    outer loop
      vertex   -8.300000e+00 1.600000e+01 -2.251666e+00
      vertex   -8.300000e+00 1.500000e+01 -2.251666e+00
      vertex   -7.672930e+00 1.600000e+01 -2.511407e+00
    endloop
  endfacet
  facet normal 3.826834e-01 0.000000e+00 9.238795e-01
    outer loop
      vertex   -7.672930e+00 1.600000e+01 -2.511407e+00
      vertex   -8.300000e+00 1.500000e+01 -2.251666e+00
      vertex   -7.672930e+00 1.500000e+01 -2.511407e+00
    endloop
  endfacet
  facet normal 1.305262e-01 0.000000e+00 9.914449e-01
    outer loop
      vertex   -7.672930e+00 1.600000e+01 -2.511407e+00
      vertex   -7.672930e+00 1.500000e+01 -2.511407e+00
      vertex   -7.000000e+00 1.600000e+01 -2.600000e+00
    endloop
  endfacet
  facet normal 1.305262e-01 0.000000e+00 9.914449e-01
    outer loop
      vertex   -7.000000e+00 1.600000e+01 -2.600000e+00
      vertex   -7.672930e+00 1.500000e+01 -2.511407e+00
      vertex   -7.000000e+00 1.500000e+01 -2.600000e+00
    endloop
  endfacet
  facet normal -1.305262e-01 0.000000e+00 9.914449e-01
    outer loop
      vertex   -7.000000e+00 1.600000e+01 -2.600000e+00
      vertex   -7.000000e+00 1.500000e+01 -2.600000e+00
      vertex   -6.327070e+00 1.600000e+01 -2.511407e+00
    endloop
  endfacet
  facet normal -1.305262e-01 0.000000e+00 9.914449e-01
    outer loop
      vertex   -6.327070e+00 1.600000e+01 -2.511407e+00
      vertex   -7.000000e+00 1.500000e+01 -2.600000e+00
      vertex   -6.327070e+00 1.500000e+01 -2.511407e+00
    endloop
  endfacet
  facet normal -3.826834e-01 0.000000e+00 9.238795e-01
    outer loop
      vertex   -6.327070e+00 1.600000e+01 -2.511407e+00
      vertex   -6.327070e+00 1.500000e+01 -2.511407e+00
      vertex   -5.700000e+00 1.600000e+01 -2.251666e+00
    endloop
  endfacet
  facet normal -3.826834e-01 0.000000e+00 9.238795e-01
    outer loop
      vertex   -5.700000e+00 1.600000e+01 -2.251666e+00
      vertex   -6.327070e+00 1.500000e+01 -2.511407e+00
      vertex   -5.700000e+00 1.500000e+01 -2.251666e+00
    endloop
  endfacet
  facet normal -6.087614e-01 0.000000e+00 7.933533e-01
    outer loop
      vertex   -5.700000e+00 1.600000e+01 -2.251666e+00
      vertex   -5.700000e+00 1.500000e+01 -2.251666e+00
      vertex   -5.161522e+00 1.600000e+01 -1.838478e+00
    endloop
  endfacet
  facet normal -6.087614e-01 0.000000e+00 7.933533e-01
    outer loop
      vertex   -5.161522e+00 1.600000e+01 -1.838478e+00
      vertex   -5.700000e+00 1.500000e+01 -2.251666e+00
      vertex   -5.161522e+00 1.500000e+01 -1.838478e+00
    endloop
  endfacet
  facet normal -7.933533e-01 0.000000e+00 6.087614e-01
    outer loop
      vertex   -5.161522e+00 1.600000e+01 -1.838478e+00
      vertex   -5.161522e+00 1.500000e+01 -1.838478e+00
      vertex   -4.748334e+00 1.600000e+01 -1.300000e+00
    endloop
  endfacet
  facet normal -7.933533e-01 0.000000e+00 6.087614e-01
    outer loop
      vertex   -4.748334e+00 1.600000e+01 -1.300000e+00
      vertex   -5.161522e+00 1.500000e+01 -1.838478e+00
      vertex   -4.748334e+00 1.500000e+01 -1.300000e+00
    endloop
  endfacet
  facet normal -9.238795e-01 0.000000e+00 3.826834e-01
    outer loop
      vertex   -4.748334e+00 1.600000e+01 -1.300000e+00
      vertex   -4.748334e+00 1.500000e+01 -1.300000e+00
      vertex   -4.488593e+00 1.600000e+01 -6.729295e-01
    endloop
  endfacet
  facet normal -9.238795e-01 0.000000e+00 3.826834e-01
    outer loop
      vertex   -4.488593e+00 1.600000e+01 -6.729295e-01
      vertex   -4.748334e+00 1.500000e+01 -1.300000e+00
      vertex   -4.488593e+00 1.500000e+01 -6.729295e-01
    endloop
  endfacet
  facet normal -9.914449e-01 0.000000e+00 1.305262e-01
    outer loop
      vertex   -4.488593e+00 1.600000e+01 -6.729295e-01
      vertex   -4.488593e+00 1.500000e+01 -6.729295e-01
      vertex   -4.400000e+00 1.600000e+01 -1.554312e-15
    endloop
  endfacet
  facet normal -9.914449e-01 0.000000e+00 1.305262e-01
    outer loop
      vertex   -4.400000e+00 1.600000e+01 -1.554312e-15
      vertex   -4.488593e+00 1.500000e+01 -6.729295e-01
      vertex   -4.400000e+00 1.500000e+01 -1.554312e-15
    endloop
  endfacet
  facet normal -9.914449e-01 -0.000000e+00 -1.305262e-01
    outer loop
      vertex   -4.400000e+00 1.600000e+01 -1.554312e-15
      vertex   -4.400000e+00 1.500000e+01 -1.554312e-15
      vertex   -4.488593e+00 1.600000e+01 6.729295e-01
    endloop
  endfacet
  facet normal -9.914449e-01 -0.000000e+00 -1.305262e-01
    outer loop
      vertex   -4.488593e+00 1.600000e+01 6.729295e-01
      vertex   -4.400000e+00 1.500000e+01 -1.554312e-15
      vertex   -4.488593e+00 1.500000e+01 6.729295e-01
    endloop
  endfacet
  facet normal -9.238795e-01 -0.000000e+00 -3.826834e-01
    outer loop
      vertex   -4.488593e+00 1.600000e+01 6.729295e-01
      vertex   -4.488593e+00 1.500000e+01 6.729295e-01
      vertex   -4.748334e+00 1.600000e+01 1.300000e+00
    endloop
  endfacet
  facet normal -9.238795e-01 -0.000000e+00 -3.826834e-01
    outer loop
      vertex   -4.748334e+00 1.600000e+01 1.300000e+00
      vertex   -4.488593e+00 1.500000e+01 6.729295e-01
      vertex   -4.748334e+00 1.500000e+01 1.300000e+00
    endloop
  endfacet
  facet normal -7.933533e-01 -0.000000e+00 -6.087614e-01
    outer loop
      vertex   -4.748334e+00 1.600000e+01 1.300000e+00
      vertex   -4.748334e+00 1.500000e+01 1.300000e+00
      vertex   -5.161522e+00 1.600000e+01 1.838478e+00
    endloop
  endfacet
  facet normal -7.933533e-01 -0.000000e+00 -6.087614e-01
    outer loop
      vertex   -5.161522e+00 1.600000e+01 1.838478e+00
      vertex   -4.748334e+00 1.500000e+01 1.300000e+00
      vertex   -5.161522e+00 1.500000e+01 1.838478e+00
    endloop
  endfacet
  facet normal -6.087614e-01 -0.000000e+00 -7.933533e-01
    outer loop
      vertex   -5.161522e+00 1.600000e+01 1.838478e+00
      vertex   -5.161522e+00 1.500000e+01 1.838478e+00
      vertex   -5.700000e+00 1.600000e+01 2.251666e+00
    endloop
  endfacet
  facet normal -6.087614e-01 -0.000000e+00 -7.933533e-01
    outer loop
      vertex   -5.700000e+00 1.600000e+01 2.251666e+00
      vertex   -5.161522e+00 1.500000e+01 1.838478e+00
      vertex   -5.700000e+00 1.500000e+01 2.251666e+00
    endloop
  endfacet
  facet normal -3.826834e-01 -0.000000e+00 -9.238795e-01
    outer loop
      vertex   -5.700000e+00 1.600000e+01 2.251666e+00
      vertex   -5.700000e+00 1.500000e+01 2.251666e+00
      vertex   -6.327070e+00 1.600000e+01 2.511407e+00
    endloop
  endfacet
  facet normal -3.826834e-01 -0.000000e+00 -9.238795e-01
    outer loop
      vertex   -6.327070e+00 1.600000e+01 2.511407e+00
      vertex   -5.700000e+00 1.500000e+01 2.251666e+00
      vertex   -6.327070e+00 1.500000e+01 2.511407e+00
    endloop
  endfacet
  facet normal -1.305262e-01 -0.000000e+00 -9.914449e-01
    outer loop
      vertex   -6.327070e+00 1.600000e+01 2.511407e+00
      vertex   -6.327070e+00 1.500000e+01 2.511407e+00
      vertex   -7.000000e+00 1.600000e+01 2.600000e+00
    endloop
  endfacet
  facet normal -1.305262e-01 -0.000000e+00 -9.914449e-01
    outer loop
      vertex   -7.000000e+00 1.600000e+01 2.600000e+00
      vertex   -6.327070e+00 1.500000e+01 2.511407e+00
      vertex   -7.000000e+00 1.500000e+01 2.600000e+00
    endloop
  endfacet
  facet normal 1.305262e-01 0.000000e+00 -9.914449e-01
    outer loop
      vertex   -7.000000e+00 1.600000e+01 2.600000e+00
      vertex   -7.000000e+00 1.500000e+01 2.600000e+00
      vertex   -7.672930e+00 1.600000e+01 2.511407e+00
    endloop
  endfacet
  facet normal 1.305262e-01 0.000000e+00 -9.914449e-01
    outer loop
      vertex   -7.672930e+00 1.600000e+01 2.511407e+00
      vertex   -7.000000e+00 1.500000e+01 2.600000e+00
      vertex   -7.672930e+00 1.500000e+01 2.511407e+00
    endloop
  endfacet
  facet normal 3.826834e-01 0.000000e+00 -9.238795e-01
    outer loop
      vertex   -7.672930e+00 1.600000e+01 2.511407e+00
      vertex   -7.672930e+00 1.500000e+01 2.511407e+00
      vertex   -8.300000e+00 1.600000e+01 2.251666e+00
    endloop
  endfacet
  facet normal 3.826834e-01 0.000000e+00 -9.238795e-01
    outer loop
      vertex   -8.300000e+00 1.600000e+01 2.251666e+00
      vertex   -7.672930e+00 1.500000e+01 2.511407e+00
      vertex   -8.300000e+00 1.500000e+01 2.251666e+00
    endloop
  endfacet
  facet normal 6.087614e-01 0.000000e+00 -7.933533e-01
    outer loop
      vertex   -8.300000e+00 1.600000e+01 2.251666e+00
      vertex   -8.300000e+00 1.500000e+01 2.251666e+00
      vertex   -8.838478e+00 1.600000e+01 1.838478e+00
    endloop
  endfacet
  facet normal 6.087614e-01 0.000000e+00 -7.933533e-01
    outer loop
      vertex   -8.838478e+00 1.600000e+01 1.838478e+00
      vertex   -8.300000e+00 1.500000e+01 2.251666e+00
      vertex   -8.838478e+00 1.500000e+01 1.838478e+00
    endloop
  endfacet
  facet normal 7.933533e-01 0.000000e+00 -6.087614e-01
    outer loop
      vertex   -8.838478e+00 1.600000e+01 1.838478e+00
      vertex   -8.838478e+00 1.500000e+01 1.838478e+00
      vertex   -9.251666e+00 1.600000e+01 1.300000e+00
    endloop
  endfacet
  facet normal 7.933533e-01 0.000000e+00 -6.087614e-01
    outer loop
      vertex   -9.251666e+00 1.600000e+01 1.300000e+00
      vertex   -8.838478e+00 1.500000e+01 1.838478e+00
      vertex   -9.251666e+00 1.500000e+01 1.300000e+00
    endloop
  endfacet
  facet normal 9.238795e-01 0.000000e+00 -3.826834e-01
    outer loop
      vertex   -9.251666e+00 1.600000e+01 1.300000e+00
      vertex   -9.251666e+00 1.500000e+01 1.300000e+00
      vertex   -9.511407e+00 1.600000e+01 6.729295e-01
    endloop
  endfacet
  facet normal 9.238795e-01 0.000000e+00 -3.826834e-01
    outer loop
      vertex   -9.511407e+00 1.600000e+01 6.729295e-01
      vertex   -9.251666e+00 1.500000e+01 1.300000e+00
      vertex   -9.511407e+00 1.500000e+01 6.729295e-01
    endloop
  endfacet
  facet normal 0.000000e+00 -1.000000e+00 0.000000e+00
    outer loop
      vertex   -8.545481e+00 1.600000e+01 -4.141105e-01
      vertex   -8.600000e+00 1.600000e+01 -1.750256e-15
      vertex   -9.600000e+00 1.600000e+01 -1.872720e-15
    endloop
  endfacet
  facet normal 0.000000e+00 -1.000000e+00 0.000000e+00
    outer loop
      vertex   -9.600000e+00 1.600000e+01 -1.872720e-15
      vertex   -8.600000e+00 1.600000e+01 -1.750256e-15
      vertex   -8.545481e+00 1.600000e+01 4.141105e-01
    endloop
  endfacet
  facet normal 0.000000e+00 -1.000000e+00 0.000000e+00
    outer loop
      vertex   -9.600000e+00 1.600000e+01 -1.872720e-15
      vertex   -8.545481e+00 1.600000e+01 4.141105e-01
      vertex   -9.511407e+00 1.600000e+01 6.729295e-01
    endloop
  endfacet
  facet normal 0.000000e+00 -1.000000e+00 0.000000e+00
    outer loop
      vertex   -9.511407e+00 1.600000e+01 6.729295e-01
      vertex   -8.545481e+00 1.600000e+01 4.141105e-01
      vertex   -8.385641e+00 1.600000e+01 8.000000e-01
    endloop
  endfacet
  facet normal 0.000000e+00 -1.000000e+00 0.000000e+00
    outer loop
      vertex   -9.511407e+00 1.600000e+01 6.729295e-01
      vertex   -8.385641e+00 1.600000e+01 8.000000e-01
      vertex   -9.251666e+00 1.600000e+01 1.300000e+00
    endloop
  endfacet
  facet normal 0.000000e+00 -1.000000e+00 0.000000e+00
    outer loop
      vertex   -9.251666e+00 1.600000e+01 1.300000e+00
      vertex   -8.385641e+00 1.600000e+01 8.000000e-01
      vertex   -8.131371e+00 1.600000e+01 1.131371e+00
    endloop
  endfacet
  facet normal 0.000000e+00 -1.000000e+00 0.000000e+00
    outer loop
      vertex   -9.251666e+00 1.600000e+01 1.300000e+00
      vertex   -8.131371e+00 1.600000e+01 1.131371e+00
      vertex   -8.838478e+00 1.600000e+01 1.838478e+00
    endloop
  endfacet
  facet normal 0.000000e+00 -1.000000e+00 0.000000e+00
    outer loop
      vertex   -8.838478e+00 1.600000e+01 1.838478e+00
      vertex   -8.131371e+00 1.600000e+01 1.131371e+00
      vertex   -7.800000e+00 1.600000e+01 1.385641e+00
    endloop
  endfacet
  facet normal 0.000000e+00 -1.000000e+00 0.000000e+00
    outer loop
      vertex   -8.838478e+00 1.600000e+01 1.838478e+00
      vertex   -7.800000e+00 1.600000e+01 1.385641e+00
      vertex   -8.300000e+00 1.600000e+01 2.251666e+00
    endloop
  endfacet
  facet normal 0.000000e+00 -1.000000e+00 0.000000e+00
    outer loop
      vertex   -8.300000e+00 1.600000e+01 2.251666e+00
      vertex   -7.800000e+00 1.600000e+01 1.385641e+00
      vertex   -7.414110e+00 1.600000e+01 1.545481e+00
    endloop
  endfacet
  facet normal 0.000000e+00 -1.000000e+00 0.000000e+00
    outer loop
      vertex   -8.300000e+00 1.600000e+01 2.251666e+00
      vertex   -7.414110e+00 1.600000e+01 1.545481e+00
      vertex   -7.672930e+00 1.600000e+01 2.511407e+00
    endloop
  endfacet
  facet normal 0.000000e+00 -1.000000e+00 0.000000e+00
    outer loop
      vertex   -7.672930e+00 1.600000e+01 2.511407e+00
      vertex   -7.414110e+00 1.600000e+01 1.545481e+00
      vertex   -7.000000e+00 1.600000e+01 1.600000e+00
    endloop
  endfacet
  facet normal 0.000000e+00 -1.000000e+00 0.000000e+00
    outer loop
      vertex   -7.672930e+00 1.600000e+01 2.511407e+00
      vertex   -7.000000e+00 1.600000e+01 1.600000e+00
      vertex   -7.000000e+00 1.600000e+01 2.600000e+00
    endloop
  endfacet
  facet normal 0.000000e+00 -1.000000e+00 0.000000e+00
    outer loop
      vertex   -7.000000e+00 1.600000e+01 2.600000e+00
      vertex   -7.000000e+00 1.600000e+01 1.600000e+00
      vertex   -6.327070e+00 1.600000e+01 2.511407e+00
    endloop
  endfacet
  facet normal 0.000000e+00 -1.000000e+00 0.000000e+00
    outer loop
      vertex   -6.327070e+00 1.600000e+01 2.511407e+00
      vertex   -7.000000e+00 1.600000e+01 1.600000e+00
      vertex   -6.585890e+00 1.600000e+01 1.545481e+00
    endloop
  endfacet
  facet normal 0.000000e+00 -1.000000e+00 -0.000000e+00
    outer loop
      vertex   -6.327070e+00 1.600000e+01 2.511407e+00
      vertex   -6.585890e+00 1.600000e+01 1.545481e+00
      vertex   -5.700000e+00 1.600000e+01 2.251666e+00
    endloop
  endfacet
  facet normal 0.000000e+00 -1.000000e+00 0.000000e+00
    outer loop
      vertex   -5.700000e+00 1.600000e+01 2.251666e+00
      vertex   -6.585890e+00 1.600000e+01 1.545481e+00
      vertex   -6.200000e+00 1.600000e+01 1.385641e+00
    endloop
  endfacet
  facet normal 0.000000e+00 -1.000000e+00 -0.000000e+00
    outer loop
      vertex   -5.700000e+00 1.600000e+01 2.251666e+00
      vertex   -6.200000e+00 1.600000e+01 1.385641e+00
      vertex   -5.161522e+00 1.600000e+01 1.838478e+00
    endloop
  endfacet
  facet normal 0.000000e+00 -1.000000e+00 0.000000e+00
    outer loop
      vertex   -5.161522e+00 1.600000e+01 1.838478e+00
      vertex   -6.200000e+00 1.600000e+01 1.385641e+00
      vertex   -5.868629e+00 1.600000e+01 1.131371e+00
    endloop
  endfacet
  facet normal 0.000000e+00 -1.000000e+00 -0.000000e+00
    outer loop
      vertex   -5.161522e+00 1.600000e+01 1.838478e+00
      vertex   -5.868629e+00 1.600000e+01 1.131371e+00
      vertex   -4.748334e+00 1.600000e+01 1.300000e+00
    endloop
  endfacet
  facet normal 0.000000e+00 -1.000000e+00 0.000000e+00
    outer loop
      vertex   -4.748334e+00 1.600000e+01 1.300000e+00
      vertex   -5.868629e+00 1.600000e+01 1.131371e+00
      vertex   -5.614359e+00 1.600000e+01 8.000000e-01
    endloop
  endfacet
  facet normal 0.000000e+00 -1.000000e+00 -0.000000e+00
    outer loop
      vertex   -4.748334e+00 1.600000e+01 1.300000e+00
      vertex   -5.614359e+00 1.600000e+01 8.000000e-01
      vertex   -4.488593e+00 1.600000e+01 6.729295e-01
    endloop
  endfacet
  facet normal -0.000000e+00 -1.000000e+00 0.000000e+00
    outer loop
      vertex   -4.488593e+00 1.600000e+01 6.729295e-01
      vertex   -5.614359e+00 1.600000e+01 8.000000e-01
      vertex   -5.454519e+00 1.600000e+01 4.141105e-01
    endloop
  endfacet
  facet normal 0.000000e+00 -1.000000e+00 -0.000000e+00
    outer loop
      vertex   -4.488593e+00 1.600000e+01 6.729295e-01
      vertex   -5.454519e+00 1.600000e+01 4.141105e-01
      vertex   -4.400000e+00 1.600000e+01 -1.554312e-15
    endloop
  endfacet
  facet normal -0.000000e+00 -1.000000e+00 0.000000e+00
    outer loop
      vertex   -4.400000e+00 1.600000e+01 -1.554312e-15
      vertex   -5.454519e+00 1.600000e+01 4.141105e-01
      vertex   -5.400000e+00 1.600000e+01 -1.750256e-15
    endloop
  endfacet
  facet normal 0.000000e+00 -1.000000e+00 0.000000e+00
    outer loop
      vertex   -4.400000e+00 1.600000e+01 -1.554312e-15
      vertex   -5.400000e+00 1.600000e+01 -1.750256e-15
      vertex   -4.488593e+00 1.600000e+01 -6.729295e-01
    endloop
  endfacet
  facet normal 0.000000e+00 -1.000000e+00 0.000000e+00
    outer loop
      vertex   -4.488593e+00 1.600000e+01 -6.729295e-01
      vertex   -5.400000e+00 1.600000e+01 -1.750256e-15
      vertex   -5.454519e+00 1.600000e+01 -4.141105e-01
    endloop
  endfacet
  facet normal -0.000000e+00 -1.000000e+00 0.000000e+00
    outer loop
      vertex   -4.488593e+00 1.600000e+01 -6.729295e-01
      vertex   -5.454519e+00 1.600000e+01 -4.141105e-01
      vertex   -5.614359e+00 1.600000e+01 -8.000000e-01
    endloop
  endfacet
  facet normal 0.000000e+00 -1.000000e+00 0.000000e+00
    outer loop
      vertex   -4.488593e+00 1.600000e+01 -6.729295e-01
      vertex   -5.614359e+00 1.600000e+01 -8.000000e-01
      vertex   -4.748334e+00 1.600000e+01 -1.300000e+00
    endloop
  endfacet
  facet normal 0.000000e+00 -1.000000e+00 0.000000e+00
    outer loop
      vertex   -4.748334e+00 1.600000e+01 -1.300000e+00
      vertex   -5.614359e+00 1.600000e+01 -8.000000e-01
      vertex   -5.868629e+00 1.600000e+01 -1.131371e+00
    endloop
  endfacet
  facet normal -0.000000e+00 -1.000000e+00 0.000000e+00
    outer loop
      vertex   -4.748334e+00 1.600000e+01 -1.300000e+00
      vertex   -5.868629e+00 1.600000e+01 -1.131371e+00
      vertex   -5.161522e+00 1.600000e+01 -1.838478e+00
    endloop
  endfacet
  facet normal 0.000000e+00 -1.000000e+00 0.000000e+00
    outer loop
      vertex   -5.161522e+00 1.600000e+01 -1.838478e+00
      vertex   -5.868629e+00 1.600000e+01 -1.131371e+00
      vertex   -6.200000e+00 1.600000e+01 -1.385641e+00
    endloop
  endfacet
  facet normal -0.000000e+00 -1.000000e+00 0.000000e+00
    outer loop
      vertex   -5.161522e+00 1.600000e+01 -1.838478e+00
      vertex   -6.200000e+00 1.600000e+01 -1.385641e+00
      vertex   -5.700000e+00 1.600000e+01 -2.251666e+00
    endloop
  endfacet
  facet normal 0.000000e+00 -1.000000e+00 0.000000e+00
    outer loop
      vertex   -5.700000e+00 1.600000e+01 -2.251666e+00
      vertex   -6.200000e+00 1.600000e+01 -1.385641e+00
      vertex   -6.585890e+00 1.600000e+01 -1.545481e+00
    endloop
  endfacet
  facet normal -0.000000e+00 -1.000000e+00 0.000000e+00
    outer loop
      vertex   -5.700000e+00 1.600000e+01 -2.251666e+00
      vertex   -6.585890e+00 1.600000e+01 -1.545481e+00
      vertex   -6.327070e+00 1.600000e+01 -2.511407e+00
    endloop
  endfacet
  facet normal 0.000000e+00 -1.000000e+00 0.000000e+00
    outer loop
      vertex   -6.327070e+00 1.600000e+01 -2.511407e+00
      vertex   -6.585890e+00 1.600000e+01 -1.545481e+00
      vertex   -7.000000e+00 1.600000e+01 -1.600000e+00
    endloop
  endfacet
  facet normal -0.000000e+00 -1.000000e+00 0.000000e+00
    outer loop
      vertex   -6.327070e+00 1.600000e+01 -2.511407e+00
      vertex   -7.000000e+00 1.600000e+01 -1.600000e+00
      vertex   -7.000000e+00 1.600000e+01 -2.600000e+00
    endloop
  endfacet
  facet normal 0.000000e+00 -1.000000e+00 0.000000e+00
    outer loop
      vertex   -7.000000e+00 1.600000e+01 -2.600000e+00
      vertex   -7.000000e+00 1.600000e+01 -1.600000e+00
      vertex   -7.672930e+00 1.600000e+01 -2.511407e+00
    endloop
  endfacet
  facet normal 0.000000e+00 -1.000000e+00 0.000000e+00
    outer loop
      vertex   -7.672930e+00 1.600000e+01 -2.511407e+00
      vertex   -7.000000e+00 1.600000e+01 -1.600000e+00
      vertex   -7.414110e+00 1.600000e+01 -1.545481e+00
    endloop
  endfacet
  facet normal 0.000000e+00 -1.000000e+00 0.000000e+00
    outer loop
      vertex   -7.672930e+00 1.600000e+01 -2.511407e+00
      vertex   -7.414110e+00 1.600000e+01 -1.545481e+00
      vertex   -8.300000e+00 1.600000e+01 -2.251666e+00
    endloop
  endfacet
  facet normal 0.000000e+00 -1.000000e+00 0.000000e+00
    outer loop
      vertex   -8.300000e+00 1.600000e+01 -2.251666e+00
      vertex   -7.414110e+00 1.600000e+01 -1.545481e+00
      vertex   -7.800000e+00 1.600000e+01 -1.385641e+00
    endloop
  endfacet
  facet normal 0.000000e+00 -1.000000e+00 0.000000e+00
    outer loop
      vertex   -8.300000e+00 1.600000e+01 -2.251666e+00
      vertex   -7.800000e+00 1.600000e+01 -1.385641e+00
      vertex   -8.838478e+00 1.600000e+01 -1.838478e+00
    endloop
  endfacet
  facet normal 0.000000e+00 -1.000000e+00 0.000000e+00
    outer loop
      vertex   -8.838478e+00 1.600000e+01 -1.838478e+00
      vertex   -7.800000e+00 1.600000e+01 -1.385641e+00
      vertex   -8.131371e+00 1.600000e+01 -1.131371e+00
    endloop
  endfacet
  facet normal 0.000000e+00 -1.000000e+00 0.000000e+00
    outer loop
      vertex   -8.838478e+00 1.600000e+01 -1.838478e+00
      vertex   -8.131371e+00 1.600000e+01 -1.131371e+00
      vertex   -9.251666e+00 1.600000e+01 -1.300000e+00
    endloop
  endfacet
  facet normal 0.000000e+00 -1.000000e+00 0.000000e+00
    outer loop
      vertex   -9.251666e+00 1.600000e+01 -1.300000e+00
      vertex   -8.131371e+00 1.600000e+01 -1.131371e+00
      vertex   -8.385641e+00 1.600000e+01 -8.000000e-01
    endloop
  endfacet
  facet normal 0.000000e+00 -1.000000e+00 0.000000e+00
    outer loop
      vertex   -9.251666e+00 1.600000e+01 -1.300000e+00
      vertex   -8.385641e+00 1.600000e+01 -8.000000e-01
      vertex   -9.511407e+00 1.600000e+01 -6.729295e-01
    endloop
  endfacet
  facet normal 0.000000e+00 -1.000000e+00 0.000000e+00
    outer loop
      vertex   -9.511407e+00 1.600000e+01 -6.729295e-01
      vertex   -8.385641e+00 1.600000e+01 -8.000000e-01
      vertex   -8.545481e+00 1.600000e+01 -4.141105e-01
    endloop
  endfacet
  facet normal 0.000000e+00 -1.000000e+00 0.000000e+00
    outer loop
      vertex   -9.511407e+00 1.600000e+01 -6.729295e-01
      vertex   -8.545481e+00 1.600000e+01 -4.141105e-01
      vertex   -9.600000e+00 1.600000e+01 -1.872720e-15
    endloop
  endfacet
  facet normal -9.914449e-01 1.305262e-01 -6.566123e-10
    outer loop
      vertex   -4.000000e+01 1.500000e+01 1.100000e+01
      vertex   -4.000000e+01 1.500000e+01 -1.100000e+01
      vertex   -4.010222e+01 1.422354e+01 9.257195e-10
    endloop
  endfacet
  facet normal -9.914449e-01 1.305262e-01 -6.566116e-10
    outer loop
      vertex   -4.010222e+01 1.422354e+01 9.257195e-10
      vertex   -4.000000e+01 1.500000e+01 -1.100000e+01
      vertex   -4.010222e+01 1.422354e+01 -1.100000e+01
    endloop
  endfacet
  facet normal -9.238795e-01 3.826834e-01 -6.118646e-10
    outer loop
      vertex   -4.010222e+01 1.422354e+01 9.257195e-10
      vertex   -4.010222e+01 1.422354e+01 -1.100000e+01
      vertex   -4.040192e+01 1.350000e+01 7.272316e-10
    endloop
  endfacet
  facet normal -9.238795e-01 3.826834e-01 -6.118647e-10
    outer loop
      vertex   -4.040192e+01 1.350000e+01 7.272316e-10
      vertex   -4.010222e+01 1.422354e+01 -1.100000e+01
      vertex   -4.040192e+01 1.350000e+01 -1.100000e+01
    endloop
  endfacet
  facet normal -7.933533e-01 6.087614e-01 -5.254202e-10
    outer loop
      vertex   -4.040192e+01 1.350000e+01 7.272316e-10
      vertex   -4.040192e+01 1.350000e+01 -1.100000e+01
      vertex   -4.087868e+01 1.287868e+01 4.114897e-10
    endloop
  endfacet
  facet normal -7.933533e-01 6.087614e-01 -5.254202e-10
    outer loop
      vertex   -4.087868e+01 1.287868e+01 4.114897e-10
      vertex   -4.040192e+01 1.350000e+01 -1.100000e+01
      vertex   -4.087868e+01 1.287868e+01 -1.100000e+01
    endloop
  endfacet
  facet normal -6.087614e-01 7.933533e-01 -4.031691e-10
    outer loop
      vertex   -4.087868e+01 1.287868e+01 4.114897e-10
      vertex   -4.087868e+01 1.287868e+01 -1.100000e+01
      vertex   -4.150000e+01 1.240192e+01 2.220446e-15
    endloop
  endfacet
  facet normal -6.087614e-01 7.933533e-01 -4.031691e-10
    outer loop
      vertex   -4.150000e+01 1.240192e+01 2.220446e-15
      vertex   -4.087868e+01 1.287868e+01 -1.100000e+01
      vertex   -4.150000e+01 1.240192e+01 -1.100000e+01
    endloop
  endfacet
  facet normal -3.826834e-01 9.238795e-01 -2.534428e-10
    outer loop
      vertex   -4.150000e+01 1.240192e+01 2.220446e-15
      vertex   -4.150000e+01 1.240192e+01 -1.100000e+01
      vertex   -4.222354e+01 1.210222e+01 -4.791856e-10
    endloop
  endfacet
  facet normal -3.826834e-01 9.238795e-01 -2.534426e-10
    outer loop
      vertex   -4.222354e+01 1.210222e+01 -4.791856e-10
      vertex   -4.150000e+01 1.240192e+01 -1.100000e+01
      vertex   -4.222354e+01 1.210222e+01 -1.100000e+01
    endloop
  endfacet
  facet normal -1.305262e-01 9.914449e-01 -8.644456e-11
    outer loop
      vertex   -4.222354e+01 1.210222e+01 -4.791856e-10
      vertex   -4.222354e+01 1.210222e+01 -1.100000e+01
      vertex   -4.300000e+01 1.200000e+01 -1.100000e+01
    endloop
  endfacet
  facet normal -1.305262e-01 9.914449e-01 -8.644460e-11
    outer loop
      vertex   -4.300000e+01 1.200000e+01 -1.100000e+01
      vertex   -4.300000e+01 1.200000e+01 1.100000e+01
      vertex   -4.222354e+01 1.210222e+01 -4.791856e-10
    endloop
  endfacet
  facet normal -1.305262e-01 9.914449e-01 -8.644465e-11
    outer loop
      vertex   -4.222354e+01 1.210222e+01 -4.791856e-10
      vertex   -4.300000e+01 1.200000e+01 1.100000e+01
      vertex   -4.222354e+01 1.210222e+01 1.100000e+01
    endloop
  endfacet
  facet normal -3.826834e-01 9.238795e-01 -2.534429e-10
    outer loop
      vertex   -4.222354e+01 1.210222e+01 -4.791856e-10
      vertex   -4.222354e+01 1.210222e+01 1.100000e+01
      vertex   -4.150000e+01 1.240192e+01 2.220446e-15
    endloop
  endfacet
  facet normal -3.826834e-01 9.238795e-01 -2.534427e-10
    outer loop
      vertex   -4.150000e+01 1.240192e+01 2.220446e-15
      vertex   -4.222354e+01 1.210222e+01 1.100000e+01
      vertex   -4.150000e+01 1.240192e+01 1.100000e+01
    endloop
  endfacet
  facet normal -6.087614e-01 7.933533e-01 -4.031693e-10
    outer loop
      vertex   -4.150000e+01 1.240192e+01 2.220446e-15
      vertex   -4.150000e+01 1.240192e+01 1.100000e+01
      vertex   -4.087868e+01 1.287868e+01 4.114897e-10
    endloop
  endfacet
  facet normal -6.087614e-01 7.933533e-01 -4.031693e-10
    outer loop
      vertex   -4.087868e+01 1.287868e+01 4.114897e-10
      vertex   -4.150000e+01 1.240192e+01 1.100000e+01
      vertex   -4.087868e+01 1.287868e+01 1.100000e+01
    endloop
  endfacet
  facet normal -7.933533e-01 6.087614e-01 -5.254205e-10
    outer loop
      vertex   -4.087868e+01 1.287868e+01 4.114897e-10
      vertex   -4.087868e+01 1.287868e+01 1.100000e+01
      vertex   -4.040192e+01 1.350000e+01 7.272316e-10
    endloop
  endfacet
  facet normal -7.933533e-01 6.087614e-01 -5.254205e-10
    outer loop
      vertex   -4.040192e+01 1.350000e+01 7.272316e-10
      vertex   -4.087868e+01 1.287868e+01 1.100000e+01
      vertex   -4.040192e+01 1.350000e+01 1.100000e+01
    endloop
  endfacet
  facet normal -9.238795e-01 3.826834e-01 -6.118652e-10
    outer loop
      vertex   -4.040192e+01 1.350000e+01 7.272316e-10
      vertex   -4.040192e+01 1.350000e+01 1.100000e+01
      vertex   -4.010222e+01 1.422354e+01 9.257195e-10
    endloop
  endfacet
  facet normal -9.238795e-01 3.826834e-01 -6.118653e-10
    outer loop
      vertex   -4.010222e+01 1.422354e+01 9.257195e-10
      vertex   -4.040192e+01 1.350000e+01 1.100000e+01
      vertex   -4.010222e+01 1.422354e+01 1.100000e+01
    endloop
  endfacet
  facet normal -9.914449e-01 1.305262e-01 -6.566123e-10
    outer loop
      vertex   -4.010222e+01 1.422354e+01 9.257195e-10
      vertex   -4.010222e+01 1.422354e+01 1.100000e+01
      vertex   -4.000000e+01 1.500000e+01 1.100000e+01
    endloop
  endfacet
  facet normal -1.000000e+00 3.101431e-19 -6.622782e-10
    outer loop
      vertex   -4.000000e+01 1.500000e+01 -1.100000e+01
      vertex   -4.000000e+01 1.500000e+01 1.100000e+01
      vertex   -4.000000e+01 1.600000e+01 -1.100000e+01
    endloop
  endfacet
  facet normal -1.000000e+00 -3.101440e-19 -6.622782e-10
    outer loop
      vertex   -4.000000e+01 1.600000e+01 -1.100000e+01
      vertex   -4.000000e+01 1.500000e+01 1.100000e+01
      vertex   -4.000000e+01 1.600000e+01 1.100000e+01
    endloop
  endfacet
  facet normal -1.305262e-01 9.914449e-01 -8.644465e-11
    outer loop
      vertex   -3.700000e+01 1.900000e+01 1.100000e+01
      vertex   -3.700000e+01 1.900000e+01 -1.100000e+01
      vertex   -3.777646e+01 1.889778e+01 6.794887e-10
    endloop
  endfacet
  facet normal -1.305262e-01 9.914449e-01 -8.644465e-11
    outer loop
      vertex   -3.777646e+01 1.889778e+01 6.794887e-10
      vertex   -3.700000e+01 1.900000e+01 -1.100000e+01
      vertex   -3.777646e+01 1.889778e+01 -1.100000e+01
    endloop
  endfacet
  facet normal -3.826834e-01 9.238795e-01 -2.534429e-10
    outer loop
      vertex   -3.777646e+01 1.889778e+01 6.794887e-10
      vertex   -3.777646e+01 1.889778e+01 -1.100000e+01
      vertex   -3.850000e+01 1.859808e+01 2.003020e-10
    endloop
  endfacet
  facet normal -3.826834e-01 9.238795e-01 -2.534431e-10
    outer loop
      vertex   -3.850000e+01 1.859808e+01 2.003020e-10
      vertex   -3.777646e+01 1.889778e+01 -1.100000e+01
      vertex   -3.850000e+01 1.859808e+01 -1.100000e+01
    endloop
  endfacet
  facet normal -6.087614e-01 7.933533e-01 -4.031698e-10
    outer loop
      vertex   -3.850000e+01 1.859808e+01 2.003020e-10
      vertex   -3.850000e+01 1.859808e+01 -1.100000e+01
      vertex   -3.912132e+01 1.812132e+01 -2.111855e-10
    endloop
  endfacet
  facet normal -6.087614e-01 7.933533e-01 -4.031694e-10
    outer loop
      vertex   -3.912132e+01 1.812132e+01 -2.111855e-10
      vertex   -3.850000e+01 1.859808e+01 -1.100000e+01
      vertex   -3.912132e+01 1.812132e+01 -1.100000e+01
    endloop
  endfacet
  facet normal -7.933533e-01 6.087614e-01 -5.254206e-10
    outer loop
      vertex   -3.912132e+01 1.812132e+01 -2.111855e-10
      vertex   -3.912132e+01 1.812132e+01 -1.100000e+01
      vertex   -3.959808e+01 1.750000e+01 -5.269296e-10
    endloop
  endfacet
  facet normal -7.933533e-01 6.087614e-01 -5.254211e-10
    outer loop
      vertex   -3.959808e+01 1.750000e+01 -5.269296e-10
      vertex   -3.912132e+01 1.812132e+01 -1.100000e+01
      vertex   -3.959808e+01 1.750000e+01 -1.100000e+01
    endloop
  endfacet
  facet normal -9.238795e-01 3.826834e-01 -6.118658e-10
    outer loop
      vertex   -3.959808e+01 1.750000e+01 -5.269296e-10
      vertex   -3.959808e+01 1.750000e+01 -1.100000e+01
      vertex   -3.989778e+01 1.677646e+01 -7.254153e-10
    endloop
  endfacet
  facet normal -9.238795e-01 3.826834e-01 -6.118652e-10
    outer loop
      vertex   -3.989778e+01 1.677646e+01 -7.254153e-10
      vertex   -3.959808e+01 1.750000e+01 -1.100000e+01
      vertex   -3.989778e+01 1.677646e+01 -1.100000e+01
    endloop
  endfacet
  facet normal -9.914449e-01 1.305262e-01 -6.566123e-10
    outer loop
      vertex   -3.989778e+01 1.677646e+01 -7.254153e-10
      vertex   -3.989778e+01 1.677646e+01 -1.100000e+01
      vertex   -4.000000e+01 1.600000e+01 -1.100000e+01
    endloop
  endfacet
  facet normal -9.914449e-01 1.305262e-01 -6.566123e-10
    outer loop
      vertex   -4.000000e+01 1.600000e+01 -1.100000e+01
      vertex   -4.000000e+01 1.600000e+01 1.100000e+01
      vertex   -3.989778e+01 1.677646e+01 -7.254153e-10
    endloop
  endfacet
  facet normal -9.914449e-01 1.305262e-01 -6.566117e-10
    outer loop
      vertex   -3.989778e+01 1.677646e+01 -7.254153e-10
      vertex   -4.000000e+01 1.600000e+01 1.100000e+01
      vertex   -3.989778e+01 1.677646e+01 1.100000e+01
    endloop
  endfacet
  facet normal -9.238795e-01 3.826834e-01 -6.118648e-10
    outer loop
      vertex   -3.989778e+01 1.677646e+01 -7.254153e-10
      vertex   -3.989778e+01 1.677646e+01 1.100000e+01
      vertex   -3.959808e+01 1.750000e+01 -5.269296e-10
    endloop
  endfacet
  facet normal -9.238795e-01 3.826834e-01 -6.118646e-10
    outer loop
      vertex   -3.959808e+01 1.750000e+01 -5.269296e-10
      vertex   -3.989778e+01 1.677646e+01 1.100000e+01
      vertex   -3.959808e+01 1.750000e+01 1.100000e+01
    endloop
  endfacet
  facet normal -7.933533e-01 6.087614e-01 -5.254201e-10
    outer loop
      vertex   -3.959808e+01 1.750000e+01 -5.269296e-10
      vertex   -3.959808e+01 1.750000e+01 1.100000e+01
      vertex   -3.912132e+01 1.812132e+01 -2.111855e-10
    endloop
  endfacet
  facet normal -7.933533e-01 6.087614e-01 -5.254206e-10
    outer loop
      vertex   -3.912132e+01 1.812132e+01 -2.111855e-10
      vertex   -3.959808e+01 1.750000e+01 1.100000e+01
      vertex   -3.912132e+01 1.812132e+01 1.100000e+01
    endloop
  endfacet
  facet normal -6.087614e-01 7.933533e-01 -4.031694e-10
    outer loop
      vertex   -3.912132e+01 1.812132e+01 -2.111855e-10
      vertex   -3.912132e+01 1.812132e+01 1.100000e+01
      vertex   -3.850000e+01 1.859808e+01 2.003020e-10
    endloop
  endfacet
  facet normal -6.087614e-01 7.933533e-01 -4.031690e-10
    outer loop
      vertex   -3.850000e+01 1.859808e+01 2.003020e-10
      vertex   -3.912132e+01 1.812132e+01 1.100000e+01
      vertex   -3.850000e+01 1.859808e+01 1.100000e+01
    endloop
  endfacet
  facet normal -3.826834e-01 9.238795e-01 -2.534426e-10
    outer loop
      vertex   -3.850000e+01 1.859808e+01 2.003020e-10
      vertex   -3.850000e+01 1.859808e+01 1.100000e+01
      vertex   -3.777646e+01 1.889778e+01 6.794887e-10
    endloop
  endfacet
  facet normal -3.826834e-01 9.238795e-01 -2.534429e-10
    outer loop
      vertex   -3.777646e+01 1.889778e+01 6.794887e-10
      vertex   -3.850000e+01 1.859808e+01 1.100000e+01
      vertex   -3.777646e+01 1.889778e+01 1.100000e+01
    endloop
  endfacet
  facet normal -1.305262e-01 9.914449e-01 -8.644465e-11
    outer loop
      vertex   -3.777646e+01 1.889778e+01 6.794887e-10
      vertex   -3.777646e+01 1.889778e+01 1.100000e+01
      vertex   -3.700000e+01 1.900000e+01 1.100000e+01
    endloop
  endfacet
  facet normal 0.000000e+00 1.000000e+00 0.000000e+00
    outer loop
      vertex   0.000000e+00 1.900000e+01 1.100000e+01
      vertex   -1.497833e+00 1.900000e+01 1.089755e+01
      vertex   -3.700000e+01 1.900000e+01 1.100000e+01
    endloop
  endfacet
  facet normal 0.000000e+00 1.000000e+00 0.000000e+00
    outer loop
      vertex   -3.700000e+01 1.900000e+01 1.100000e+01
      vertex   -1.497833e+00 1.900000e+01 1.089755e+01
      vertex   -2.967764e+00 1.900000e+01 1.059209e+01
    endloop
  endfacet
  facet normal 0.000000e+00 1.000000e+00 0.000000e+00
    outer loop
      vertex   -3.700000e+01 1.900000e+01 1.100000e+01
      vertex   -2.967764e+00 1.900000e+01 1.059209e+01
      vertex   -4.382412e+00 1.900000e+01 1.008932e+01
    endloop
  endfacet
  facet normal 0.000000e+00 1.000000e+00 0.000000e+00
    outer loop
      vertex   -4.382412e+00 1.900000e+01 1.008932e+01
      vertex   -5.715423e+00 1.900000e+01 9.398613e+00
      vertex   -3.700000e+01 1.900000e+01 1.100000e+01
    endloop
  endfacet
  facet normal 0.000000e+00 1.000000e+00 0.000000e+00
    outer loop
      vertex   -3.700000e+01 1.900000e+01 1.100000e+01
      vertex   -5.715423e+00 1.900000e+01 9.398613e+00
      vertex   -6.941967e+00 1.900000e+01 8.532824e+00
    endloop
  endfacet
  facet normal 0.000000e+00 1.000000e+00 0.000000e+00
    outer loop
      vertex   -3.700000e+01 1.900000e+01 1.100000e+01
      vertex   -6.941967e+00 1.900000e+01 8.532824e+00
      vertex   -8.039196e+00 1.900000e+01 7.508085e+00
    endloop
  endfacet
  facet normal 0.000000e+00 1.000000e+00 0.000000e+00
    outer loop
      vertex   -8.039196e+00 1.900000e+01 7.508085e+00
      vertex   -8.986669e+00 1.900000e+01 6.343484e+00
      vertex   -3.700000e+01 1.900000e+01 1.100000e+01
    endloop
  endfacet
  facet normal 0.000000e+00 1.000000e+00 0.000000e+00
    outer loop
      vertex   -3.700000e+01 1.900000e+01 1.100000e+01
      vertex   -8.986669e+00 1.900000e+01 6.343484e+00
      vertex   -9.766737e+00 1.900000e+01 5.060715e+00
    endloop
  endfacet
  facet normal 0.000000e+00 1.000000e+00 0.000000e+00
    outer loop
      vertex   -3.700000e+01 1.900000e+01 1.100000e+01
      vertex   -9.766737e+00 1.900000e+01 5.060715e+00
      vertex   -1.036487e+01 1.900000e+01 3.683676e+00
    endloop
  endfacet
  facet normal 0.000000e+00 1.000000e+00 0.000000e+00
    outer loop
      vertex   -1.036487e+01 1.900000e+01 3.683676e+00
      vertex   -1.076992e+01 1.900000e+01 2.238016e+00
      vertex   -3.700000e+01 1.900000e+01 1.100000e+01
    endloop
  endfacet
  facet normal 0.000000e+00 1.000000e+00 0.000000e+00
    outer loop
      vertex   -3.700000e+01 1.900000e+01 1.100000e+01
      vertex   -1.076992e+01 1.900000e+01 2.238016e+00
      vertex   -1.097436e+01 1.900000e+01 7.506665e-01
    endloop
  endfacet
  facet normal 0.000000e+00 1.000000e+00 0.000000e+00
    outer loop
      vertex   -3.700000e+01 1.900000e+01 1.100000e+01
      vertex   -1.097436e+01 1.900000e+01 7.506665e-01
      vertex   -3.700000e+01 1.900000e+01 -1.100000e+01
    endloop
  endfacet
  facet normal 0.000000e+00 1.000000e+00 0.000000e+00
    outer loop
      vertex   -3.700000e+01 1.900000e+01 -1.100000e+01
      vertex   -1.097436e+01 1.900000e+01 7.506665e-01
      vertex   -1.097436e+01 1.900000e+01 -7.506665e-01
    endloop
  endfacet
  facet normal 0.000000e+00 1.000000e+00 0.000000e+00
    outer loop
      vertex   -3.700000e+01 1.900000e+01 -1.100000e+01
      vertex   -1.097436e+01 1.900000e+01 -7.506665e-01
      vertex   -1.076992e+01 1.900000e+01 -2.238016e+00
    endloop
  endfacet
  facet normal 0.000000e+00 1.000000e+00 0.000000e+00
    outer loop
      vertex   -1.076992e+01 1.900000e+01 -2.238016e+00
      vertex   -1.036487e+01 1.900000e+01 -3.683676e+00
      vertex   -3.700000e+01 1.900000e+01 -1.100000e+01
    endloop
  endfacet
  facet normal 0.000000e+00 1.000000e+00 0.000000e+00
    outer loop
      vertex   -3.700000e+01 1.900000e+01 -1.100000e+01
      vertex   -1.036487e+01 1.900000e+01 -3.683676e+00
      vertex   -9.766737e+00 1.900000e+01 -5.060715e+00
    endloop
  endfacet
  facet normal 0.000000e+00 1.000000e+00 0.000000e+00
    outer loop
      vertex   -3.700000e+01 1.900000e+01 -1.100000e+01
      vertex   -9.766737e+00 1.900000e+01 -5.060715e+00
      vertex   -8.986669e+00 1.900000e+01 -6.343484e+00
    endloop
  endfacet
  facet normal 0.000000e+00 1.000000e+00 0.000000e+00
    outer loop
      vertex   -8.986669e+00 1.900000e+01 -6.343484e+00
      vertex   -8.039196e+00 1.900000e+01 -7.508085e+00
      vertex   -3.700000e+01 1.900000e+01 -1.100000e+01
    endloop
  endfacet
  facet normal 0.000000e+00 1.000000e+00 0.000000e+00
    outer loop
      vertex   -3.700000e+01 1.900000e+01 -1.100000e+01
      vertex   -8.039196e+00 1.900000e+01 -7.508085e+00
      vertex   -6.941967e+00 1.900000e+01 -8.532824e+00
    endloop
  endfacet
  facet normal 0.000000e+00 1.000000e+00 0.000000e+00
    outer loop
      vertex   -3.700000e+01 1.900000e+01 -1.100000e+01
      vertex   -6.941967e+00 1.900000e+01 -8.532824e+00
      vertex   -5.715423e+00 1.900000e+01 -9.398613e+00
    endloop
  endfacet
  facet normal 0.000000e+00 1.000000e+00 0.000000e+00
    outer loop
      vertex   -5.715423e+00 1.900000e+01 -9.398613e+00
      vertex   -4.382412e+00 1.900000e+01 -1.008932e+01
      vertex   -3.700000e+01 1.900000e+01 -1.100000e+01
    endloop
  endfacet
  facet normal 0.000000e+00 1.000000e+00 0.000000e+00
    outer loop
      vertex   -3.700000e+01 1.900000e+01 -1.100000e+01
      vertex   -4.382412e+00 1.900000e+01 -1.008932e+01
      vertex   -2.967764e+00 1.900000e+01 -1.059209e+01
    endloop
  endfacet
  facet normal 0.000000e+00 1.000000e+00 0.000000e+00
    outer loop
      vertex   -3.700000e+01 1.900000e+01 -1.100000e+01
      vertex   -2.967764e+00 1.900000e+01 -1.059209e+01
      vertex   -1.497833e+00 1.900000e+01 -1.089755e+01
    endloop
  endfacet
  facet normal 0.000000e+00 1.000000e+00 0.000000e+00
    outer loop
      vertex   -1.497833e+00 1.900000e+01 -1.089755e+01
      vertex   -1.768935e-15 1.900000e+01 -1.100000e+01
      vertex   -3.700000e+01 1.900000e+01 -1.100000e+01
    endloop
  endfacet
  facet normal -9.914449e-01 0.000000e+00 -1.305262e-01
    outer loop
      vertex   2.608000e+00 4.000000e+00 -6.301189e+00
      vertex   2.608000e+00 5.000000e+00 -6.301189e+00
      vertex   2.700000e+00 4.000000e+00 -7.000000e+00
    endloop
  endfacet
  facet normal -9.914449e-01 0.000000e+00 -1.305262e-01
    outer loop
      vertex   2.700000e+00 4.000000e+00 -7.000000e+00
      vertex   2.608000e+00 5.000000e+00 -6.301189e+00
      vertex   2.700000e+00 5.000000e+00 -7.000000e+00
    endloop
  endfacet
  facet normal -9.914449e-01 0.000000e+00 1.305262e-01
    outer loop
      vertex   2.700000e+00 4.000000e+00 -7.000000e+00
      vertex   2.700000e+00 5.000000e+00 -7.000000e+00
      vertex   2.608000e+00 4.000000e+00 -7.698811e+00
    endloop
  endfacet
  facet normal -9.914449e-01 0.000000e+00 1.305262e-01
    outer loop
      vertex   2.608000e+00 4.000000e+00 -7.698811e+00
      vertex   2.700000e+00 5.000000e+00 -7.000000e+00
      vertex   2.608000e+00 5.000000e+00 -7.698811e+00
    endloop
  endfacet
  facet normal -9.238795e-01 0.000000e+00 3.826834e-01
    outer loop
      vertex   2.608000e+00 4.000000e+00 -7.698811e+00
      vertex   2.608000e+00 5.000000e+00 -7.698811e+00
      vertex   2.338269e+00 4.000000e+00 -8.350000e+00
    endloop
  endfacet
  facet normal -9.238795e-01 0.000000e+00 3.826834e-01
    outer loop
      vertex   2.338269e+00 4.000000e+00 -8.350000e+00
      vertex   2.608000e+00 5.000000e+00 -7.698811e+00
      vertex   2.338269e+00 5.000000e+00 -8.350000e+00
    endloop
  endfacet
  facet normal -7.933533e-01 0.000000e+00 6.087614e-01
    outer loop
      vertex   2.338269e+00 4.000000e+00 -8.350000e+00
      vertex   2.338269e+00 5.000000e+00 -8.350000e+00
      vertex   1.909188e+00 4.000000e+00 -8.909188e+00
    endloop
  endfacet
  facet normal -7.933533e-01 0.000000e+00 6.087614e-01
    outer loop
      vertex   1.909188e+00 4.000000e+00 -8.909188e+00
      vertex   2.338269e+00 5.000000e+00 -8.350000e+00
      vertex   1.909188e+00 5.000000e+00 -8.909188e+00
    endloop
  endfacet
  facet normal -6.087614e-01 0.000000e+00 7.933533e-01
    outer loop
      vertex   1.909188e+00 4.000000e+00 -8.909188e+00
      vertex   1.909188e+00 5.000000e+00 -8.909188e+00
      vertex   1.350000e+00 4.000000e+00 -9.338269e+00
    endloop
  endfacet
  facet normal -6.087614e-01 0.000000e+00 7.933533e-01
    outer loop
      vertex   1.350000e+00 4.000000e+00 -9.338269e+00
      vertex   1.909188e+00 5.000000e+00 -8.909188e+00
      vertex   1.350000e+00 5.000000e+00 -9.338269e+00
    endloop
  endfacet
  facet normal -3.826834e-01 0.000000e+00 9.238795e-01
    outer loop
      vertex   1.350000e+00 4.000000e+00 -9.338269e+00
      vertex   1.350000e+00 5.000000e+00 -9.338269e+00
      vertex   6.988114e-01 4.000000e+00 -9.608000e+00
    endloop
  endfacet
  facet normal -3.826834e-01 0.000000e+00 9.238795e-01
    outer loop
      vertex   6.988114e-01 4.000000e+00 -9.608000e+00
      vertex   1.350000e+00 5.000000e+00 -9.338269e+00
      vertex   6.988114e-01 5.000000e+00 -9.608000e+00
    endloop
  endfacet
  facet normal -1.305262e-01 0.000000e+00 9.914449e-01
    outer loop
      vertex   6.988114e-01 4.000000e+00 -9.608000e+00
      vertex   6.988114e-01 5.000000e+00 -9.608000e+00
      vertex   -1.653273e-16 4.000000e+00 -9.700000e+00
    endloop
  endfacet
  facet normal -1.305262e-01 0.000000e+00 9.914449e-01
    outer loop
      vertex   -1.653273e-16 4.000000e+00 -9.700000e+00
      vertex   6.988114e-01 5.000000e+00 -9.608000e+00
      vertex   -1.653273e-16 5.000000e+00 -9.700000e+00
    endloop
  endfacet
  facet normal 1.305262e-01 -0.000000e+00 9.914449e-01
    outer loop
      vertex   -1.653273e-16 4.000000e+00 -9.700000e+00
      vertex   -1.653273e-16 5.000000e+00 -9.700000e+00
      vertex   -6.988114e-01 4.000000e+00 -9.608000e+00
    endloop
  endfacet
  facet normal 1.305262e-01 -0.000000e+00 9.914449e-01
    outer loop
      vertex   -6.988114e-01 4.000000e+00 -9.608000e+00
      vertex   -1.653273e-16 5.000000e+00 -9.700000e+00
      vertex   -6.988114e-01 5.000000e+00 -9.608000e+00
    endloop
  endfacet
  facet normal 3.826834e-01 -0.000000e+00 9.238795e-01
    outer loop
      vertex   -6.988114e-01 4.000000e+00 -9.608000e+00
      vertex   -6.988114e-01 5.000000e+00 -9.608000e+00
      vertex   -1.350000e+00 4.000000e+00 -9.338269e+00
    endloop
  endfacet
  facet normal 3.826834e-01 -0.000000e+00 9.238795e-01
    outer loop
      vertex   -1.350000e+00 4.000000e+00 -9.338269e+00
      vertex   -6.988114e-01 5.000000e+00 -9.608000e+00
      vertex   -1.350000e+00 5.000000e+00 -9.338269e+00
    endloop
  endfacet
  facet normal 6.087614e-01 -0.000000e+00 7.933533e-01
    outer loop
      vertex   -1.350000e+00 4.000000e+00 -9.338269e+00
      vertex   -1.350000e+00 5.000000e+00 -9.338269e+00
      vertex   -1.909188e+00 4.000000e+00 -8.909188e+00
    endloop
  endfacet
  facet normal 6.087614e-01 -0.000000e+00 7.933533e-01
    outer loop
      vertex   -1.909188e+00 4.000000e+00 -8.909188e+00
      vertex   -1.350000e+00 5.000000e+00 -9.338269e+00
      vertex   -1.909188e+00 5.000000e+00 -8.909188e+00
    endloop
  endfacet
  facet normal 7.933533e-01 -0.000000e+00 6.087614e-01
    outer loop
      vertex   -1.909188e+00 4.000000e+00 -8.909188e+00
      vertex   -1.909188e+00 5.000000e+00 -8.909188e+00
      vertex   -2.338269e+00 4.000000e+00 -8.350000e+00
    endloop
  endfacet
  facet normal 7.933533e-01 -0.000000e+00 6.087614e-01
    outer loop
      vertex   -2.338269e+00 4.000000e+00 -8.350000e+00
      vertex   -1.909188e+00 5.000000e+00 -8.909188e+00
      vertex   -2.338269e+00 5.000000e+00 -8.350000e+00
    endloop
  endfacet
  facet normal 9.238795e-01 -0.000000e+00 3.826834e-01
    outer loop
      vertex   -2.338269e+00 4.000000e+00 -8.350000e+00
      vertex   -2.338269e+00 5.000000e+00 -8.350000e+00
      vertex   -2.608000e+00 4.000000e+00 -7.698811e+00
    endloop
  endfacet
  facet normal 9.238795e-01 -0.000000e+00 3.826834e-01
    outer loop
      vertex   -2.608000e+00 4.000000e+00 -7.698811e+00
      vertex   -2.338269e+00 5.000000e+00 -8.350000e+00
      vertex   -2.608000e+00 5.000000e+00 -7.698811e+00
    endloop
  endfacet
  facet normal 9.914449e-01 -0.000000e+00 1.305262e-01
    outer loop
      vertex   -2.608000e+00 4.000000e+00 -7.698811e+00
      vertex   -2.608000e+00 5.000000e+00 -7.698811e+00
      vertex   -2.700000e+00 4.000000e+00 -7.000000e+00
    endloop
  endfacet
  facet normal 9.914449e-01 -0.000000e+00 1.305262e-01
    outer loop
      vertex   -2.700000e+00 4.000000e+00 -7.000000e+00
      vertex   -2.608000e+00 5.000000e+00 -7.698811e+00
      vertex   -2.700000e+00 5.000000e+00 -7.000000e+00
    endloop
  endfacet
  facet normal 9.914449e-01 0.000000e+00 -1.305262e-01
    outer loop
      vertex   -2.700000e+00 4.000000e+00 -7.000000e+00
      vertex   -2.700000e+00 5.000000e+00 -7.000000e+00
      vertex   -2.608000e+00 4.000000e+00 -6.301189e+00
    endloop
  endfacet
  facet normal 9.914449e-01 0.000000e+00 -1.305262e-01
    outer loop
      vertex   -2.608000e+00 4.000000e+00 -6.301189e+00
      vertex   -2.700000e+00 5.000000e+00 -7.000000e+00
      vertex   -2.608000e+00 5.000000e+00 -6.301189e+00
    endloop
  endfacet
  facet normal 9.238795e-01 0.000000e+00 -3.826834e-01
    outer loop
      vertex   -2.608000e+00 4.000000e+00 -6.301189e+00
      vertex   -2.608000e+00 5.000000e+00 -6.301189e+00
      vertex   -2.338269e+00 4.000000e+00 -5.650000e+00
    endloop
  endfacet
  facet normal 9.238795e-01 0.000000e+00 -3.826834e-01
    outer loop
      vertex   -2.338269e+00 4.000000e+00 -5.650000e+00
      vertex   -2.608000e+00 5.000000e+00 -6.301189e+00
      vertex   -2.338269e+00 5.000000e+00 -5.650000e+00
    endloop
  endfacet
  facet normal 7.933533e-01 0.000000e+00 -6.087614e-01
    outer loop
      vertex   -2.338269e+00 4.000000e+00 -5.650000e+00
      vertex   -2.338269e+00 5.000000e+00 -5.650000e+00
      vertex   -1.909188e+00 4.000000e+00 -5.090812e+00
    endloop
  endfacet
  facet normal 7.933533e-01 0.000000e+00 -6.087614e-01
    outer loop
      vertex   -1.909188e+00 4.000000e+00 -5.090812e+00
      vertex   -2.338269e+00 5.000000e+00 -5.650000e+00
      vertex   -1.909188e+00 5.000000e+00 -5.090812e+00
    endloop
  endfacet
  facet normal 6.087614e-01 0.000000e+00 -7.933533e-01
    outer loop
      vertex   -1.909188e+00 4.000000e+00 -5.090812e+00
      vertex   -1.909188e+00 5.000000e+00 -5.090812e+00
      vertex   -1.350000e+00 4.000000e+00 -4.661731e+00
    endloop
  endfacet
  facet normal 6.087614e-01 0.000000e+00 -7.933533e-01
    outer loop
      vertex   -1.350000e+00 4.000000e+00 -4.661731e+00
      vertex   -1.909188e+00 5.000000e+00 -5.090812e+00
      vertex   -1.350000e+00 5.000000e+00 -4.661731e+00
    endloop
  endfacet
  facet normal 3.826834e-01 0.000000e+00 -9.238795e-01
    outer loop
      vertex   -1.350000e+00 4.000000e+00 -4.661731e+00
      vertex   -1.350000e+00 5.000000e+00 -4.661731e+00
      vertex   -6.988114e-01 4.000000e+00 -4.392000e+00
    endloop
  endfacet
  facet normal 3.826834e-01 0.000000e+00 -9.238795e-01
    outer loop
      vertex   -6.988114e-01 4.000000e+00 -4.392000e+00
      vertex   -1.350000e+00 5.000000e+00 -4.661731e+00
      vertex   -6.988114e-01 5.000000e+00 -4.392000e+00
    endloop
  endfacet
  facet normal 1.305262e-01 0.000000e+00 -9.914449e-01
    outer loop
      vertex   -6.988114e-01 4.000000e+00 -4.392000e+00
      vertex   -6.988114e-01 5.000000e+00 -4.392000e+00
      vertex   -1.653273e-16 4.000000e+00 -4.300000e+00
    endloop
  endfacet
  facet normal 1.305262e-01 0.000000e+00 -9.914449e-01
    outer loop
      vertex   -1.653273e-16 4.000000e+00 -4.300000e+00
      vertex   -6.988114e-01 5.000000e+00 -4.392000e+00
      vertex   -1.653273e-16 5.000000e+00 -4.300000e+00
    endloop
  endfacet
  facet normal -1.305262e-01 0.000000e+00 -9.914449e-01
    outer loop
      vertex   -1.653273e-16 4.000000e+00 -4.300000e+00
      vertex   -1.653273e-16 5.000000e+00 -4.300000e+00
      vertex   6.988114e-01 4.000000e+00 -4.392000e+00
    endloop
  endfacet
  facet normal -1.305262e-01 0.000000e+00 -9.914449e-01
    outer loop
      vertex   6.988114e-01 4.000000e+00 -4.392000e+00
      vertex   -1.653273e-16 5.000000e+00 -4.300000e+00
      vertex   6.988114e-01 5.000000e+00 -4.392000e+00
    endloop
  endfacet
  facet normal -3.826834e-01 0.000000e+00 -9.238795e-01
    outer loop
      vertex   6.988114e-01 4.000000e+00 -4.392000e+00
      vertex   6.988114e-01 5.000000e+00 -4.392000e+00
      vertex   1.350000e+00 4.000000e+00 -4.661731e+00
    endloop
  endfacet
  facet normal -3.826834e-01 0.000000e+00 -9.238795e-01
    outer loop
      vertex   1.350000e+00 4.000000e+00 -4.661731e+00
      vertex   6.988114e-01 5.000000e+00 -4.392000e+00
      vertex   1.350000e+00 5.000000e+00 -4.661731e+00
    endloop
  endfacet
  facet normal -6.087614e-01 0.000000e+00 -7.933533e-01
    outer loop
      vertex   1.350000e+00 4.000000e+00 -4.661731e+00
      vertex   1.350000e+00 5.000000e+00 -4.661731e+00
      vertex   1.909188e+00 4.000000e+00 -5.090812e+00
    endloop
  endfacet
  facet normal -6.087614e-01 0.000000e+00 -7.933533e-01
    outer loop
      vertex   1.909188e+00 4.000000e+00 -5.090812e+00
      vertex   1.350000e+00 5.000000e+00 -4.661731e+00
      vertex   1.909188e+00 5.000000e+00 -5.090812e+00
    endloop
  endfacet
  facet normal -7.933533e-01 0.000000e+00 -6.087614e-01
    outer loop
      vertex   1.909188e+00 4.000000e+00 -5.090812e+00
      vertex   1.909188e+00 5.000000e+00 -5.090812e+00
      vertex   2.338269e+00 4.000000e+00 -5.650000e+00
    endloop
  endfacet
  facet normal -7.933533e-01 0.000000e+00 -6.087614e-01
    outer loop
      vertex   2.338269e+00 4.000000e+00 -5.650000e+00
      vertex   1.909188e+00 5.000000e+00 -5.090812e+00
      vertex   2.338269e+00 5.000000e+00 -5.650000e+00
    endloop
  endfacet
  facet normal -9.238795e-01 0.000000e+00 -3.826834e-01
    outer loop
      vertex   2.338269e+00 4.000000e+00 -5.650000e+00
      vertex   2.338269e+00 5.000000e+00 -5.650000e+00
      vertex   2.608000e+00 4.000000e+00 -6.301189e+00
    endloop
  endfacet
  facet normal -9.238795e-01 0.000000e+00 -3.826834e-01
    outer loop
      vertex   2.608000e+00 4.000000e+00 -6.301189e+00
      vertex   2.338269e+00 5.000000e+00 -5.650000e+00
      vertex   2.608000e+00 5.000000e+00 -6.301189e+00
    endloop
  endfacet
  facet normal 0.000000e+00 1.000000e+00 0.000000e+00
    outer loop
      vertex   1.545481e+00 4.000000e+00 -7.414110e+00
      vertex   1.600000e+00 4.000000e+00 -7.000000e+00
      vertex   2.700000e+00 4.000000e+00 -7.000000e+00
    endloop
  endfacet
  facet normal 0.000000e+00 1.000000e+00 0.000000e+00
    outer loop
      vertex   2.700000e+00 4.000000e+00 -7.000000e+00
      vertex   1.600000e+00 4.000000e+00 -7.000000e+00
      vertex   1.545481e+00 4.000000e+00 -6.585890e+00
    endloop
  endfacet
  facet normal 0.000000e+00 1.000000e+00 0.000000e+00
    outer loop
      vertex   2.700000e+00 4.000000e+00 -7.000000e+00
      vertex   1.545481e+00 4.000000e+00 -6.585890e+00
      vertex   2.608000e+00 4.000000e+00 -6.301189e+00
    endloop
  endfacet
  facet normal 0.000000e+00 1.000000e+00 0.000000e+00
    outer loop
      vertex   2.608000e+00 4.000000e+00 -6.301189e+00
      vertex   1.545481e+00 4.000000e+00 -6.585890e+00
      vertex   1.385641e+00 4.000000e+00 -6.200000e+00
    endloop
  endfacet
  facet normal 0.000000e+00 1.000000e+00 0.000000e+00
    outer loop
      vertex   2.608000e+00 4.000000e+00 -6.301189e+00
      vertex   1.385641e+00 4.000000e+00 -6.200000e+00
      vertex   2.338269e+00 4.000000e+00 -5.650000e+00
    endloop
  endfacet
  facet normal 0.000000e+00 1.000000e+00 0.000000e+00
    outer loop
      vertex   2.338269e+00 4.000000e+00 -5.650000e+00
      vertex   1.385641e+00 4.000000e+00 -6.200000e+00
      vertex   1.131371e+00 4.000000e+00 -5.868629e+00
    endloop
  endfacet
  facet normal 0.000000e+00 1.000000e+00 0.000000e+00
    outer loop
      vertex   2.338269e+00 4.000000e+00 -5.650000e+00
      vertex   1.131371e+00 4.000000e+00 -5.868629e+00
      vertex   1.909188e+00 4.000000e+00 -5.090812e+00
    endloop
  endfacet
  facet normal 0.000000e+00 1.000000e+00 0.000000e+00
    outer loop
      vertex   1.909188e+00 4.000000e+00 -5.090812e+00
      vertex   1.131371e+00 4.000000e+00 -5.868629e+00
      vertex   8.000000e-01 4.000000e+00 -5.614359e+00
    endloop
  endfacet
  facet normal 0.000000e+00 1.000000e+00 0.000000e+00
    outer loop
      vertex   1.909188e+00 4.000000e+00 -5.090812e+00
      vertex   8.000000e-01 4.000000e+00 -5.614359e+00
      vertex   1.350000e+00 4.000000e+00 -4.661731e+00
    endloop
  endfacet
  facet normal 0.000000e+00 1.000000e+00 0.000000e+00
    outer loop
      vertex   1.350000e+00 4.000000e+00 -4.661731e+00
      vertex   8.000000e-01 4.000000e+00 -5.614359e+00
      vertex   4.141105e-01 4.000000e+00 -5.454519e+00
    endloop
  endfacet
  facet normal 0.000000e+00 1.000000e+00 0.000000e+00
    outer loop
      vertex   1.350000e+00 4.000000e+00 -4.661731e+00
      vertex   4.141105e-01 4.000000e+00 -5.454519e+00
      vertex   6.988114e-01 4.000000e+00 -4.392000e+00
    endloop
  endfacet
  facet normal 0.000000e+00 1.000000e+00 0.000000e+00
    outer loop
      vertex   6.988114e-01 4.000000e+00 -4.392000e+00
      vertex   4.141105e-01 4.000000e+00 -5.454519e+00
      vertex   -9.797174e-17 4.000000e+00 -5.400000e+00
    endloop
  endfacet
  facet normal 0.000000e+00 1.000000e+00 0.000000e+00
    outer loop
      vertex   6.988114e-01 4.000000e+00 -4.392000e+00
      vertex   -9.797174e-17 4.000000e+00 -5.400000e+00
      vertex   -1.653273e-16 4.000000e+00 -4.300000e+00
    endloop
  endfacet
  facet normal 0.000000e+00 1.000000e+00 0.000000e+00
    outer loop
      vertex   -1.653273e-16 4.000000e+00 -4.300000e+00
      vertex   -9.797174e-17 4.000000e+00 -5.400000e+00
      vertex   -6.988114e-01 4.000000e+00 -4.392000e+00
    endloop
  endfacet
  facet normal 0.000000e+00 1.000000e+00 0.000000e+00
    outer loop
      vertex   -6.988114e-01 4.000000e+00 -4.392000e+00
      vertex   -9.797174e-17 4.000000e+00 -5.400000e+00
      vertex   -4.141105e-01 4.000000e+00 -5.454519e+00
    endloop
  endfacet
  facet normal 0.000000e+00 1.000000e+00 0.000000e+00
    outer loop
      vertex   -6.988114e-01 4.000000e+00 -4.392000e+00
      vertex   -4.141105e-01 4.000000e+00 -5.454519e+00
      vertex   -1.350000e+00 4.000000e+00 -4.661731e+00
    endloop
  endfacet
  facet normal 0.000000e+00 1.000000e+00 0.000000e+00
    outer loop
      vertex   -1.350000e+00 4.000000e+00 -4.661731e+00
      vertex   -4.141105e-01 4.000000e+00 -5.454519e+00
      vertex   -8.000000e-01 4.000000e+00 -5.614359e+00
    endloop
  endfacet
  facet normal 0.000000e+00 1.000000e+00 0.000000e+00
    outer loop
      vertex   -1.350000e+00 4.000000e+00 -4.661731e+00
      vertex   -8.000000e-01 4.000000e+00 -5.614359e+00
      vertex   -1.909188e+00 4.000000e+00 -5.090812e+00
    endloop
  endfacet
  facet normal 0.000000e+00 1.000000e+00 0.000000e+00
    outer loop
      vertex   -1.909188e+00 4.000000e+00 -5.090812e+00
      vertex   -8.000000e-01 4.000000e+00 -5.614359e+00
      vertex   -1.131371e+00 4.000000e+00 -5.868629e+00
    endloop
  endfacet
  facet normal 0.000000e+00 1.000000e+00 0.000000e+00
    outer loop
      vertex   -1.909188e+00 4.000000e+00 -5.090812e+00
      vertex   -1.131371e+00 4.000000e+00 -5.868629e+00
      vertex   -2.338269e+00 4.000000e+00 -5.650000e+00
    endloop
  endfacet
  facet normal 0.000000e+00 1.000000e+00 0.000000e+00
    outer loop
      vertex   -2.338269e+00 4.000000e+00 -5.650000e+00
      vertex   -1.131371e+00 4.000000e+00 -5.868629e+00
      vertex   -1.385641e+00 4.000000e+00 -6.200000e+00
    endloop
  endfacet
  facet normal 0.000000e+00 1.000000e+00 0.000000e+00
    outer loop
      vertex   -2.338269e+00 4.000000e+00 -5.650000e+00
      vertex   -1.385641e+00 4.000000e+00 -6.200000e+00
      vertex   -2.608000e+00 4.000000e+00 -6.301189e+00
    endloop
  endfacet
  facet normal -0.000000e+00 1.000000e+00 0.000000e+00
    outer loop
      vertex   -2.608000e+00 4.000000e+00 -6.301189e+00
      vertex   -1.385641e+00 4.000000e+00 -6.200000e+00
      vertex   -1.545481e+00 4.000000e+00 -6.585890e+00
    endloop
  endfacet
  facet normal 0.000000e+00 1.000000e+00 0.000000e+00
    outer loop
      vertex   -2.608000e+00 4.000000e+00 -6.301189e+00
      vertex   -1.545481e+00 4.000000e+00 -6.585890e+00
      vertex   -2.700000e+00 4.000000e+00 -7.000000e+00
    endloop
  endfacet
  facet normal 0.000000e+00 1.000000e+00 0.000000e+00
    outer loop
      vertex   -2.700000e+00 4.000000e+00 -7.000000e+00
      vertex   -1.545481e+00 4.000000e+00 -6.585890e+00
      vertex   -1.600000e+00 4.000000e+00 -7.000000e+00
    endloop
  endfacet
  facet normal -0.000000e+00 1.000000e+00 0.000000e+00
    outer loop
      vertex   -2.700000e+00 4.000000e+00 -7.000000e+00
      vertex   -1.600000e+00 4.000000e+00 -7.000000e+00
      vertex   -2.608000e+00 4.000000e+00 -7.698811e+00
    endloop
  endfacet
  facet normal 0.000000e+00 1.000000e+00 0.000000e+00
    outer loop
      vertex   -2.608000e+00 4.000000e+00 -7.698811e+00
      vertex   -1.600000e+00 4.000000e+00 -7.000000e+00
      vertex   -1.545481e+00 4.000000e+00 -7.414110e+00
    endloop
  endfacet
  facet normal -0.000000e+00 1.000000e+00 0.000000e+00
    outer loop
      vertex   -2.608000e+00 4.000000e+00 -7.698811e+00
      vertex   -1.545481e+00 4.000000e+00 -7.414110e+00
      vertex   -1.385641e+00 4.000000e+00 -7.800000e+00
    endloop
  endfacet
  facet normal 0.000000e+00 1.000000e+00 0.000000e+00
    outer loop
      vertex   -2.608000e+00 4.000000e+00 -7.698811e+00
      vertex   -1.385641e+00 4.000000e+00 -7.800000e+00
      vertex   -2.338269e+00 4.000000e+00 -8.350000e+00
    endloop
  endfacet
  facet normal 0.000000e+00 1.000000e+00 0.000000e+00
    outer loop
      vertex   -2.338269e+00 4.000000e+00 -8.350000e+00
      vertex   -1.385641e+00 4.000000e+00 -7.800000e+00
      vertex   -1.131371e+00 4.000000e+00 -8.131371e+00
    endloop
  endfacet
  facet normal -0.000000e+00 1.000000e+00 0.000000e+00
    outer loop
      vertex   -2.338269e+00 4.000000e+00 -8.350000e+00
      vertex   -1.131371e+00 4.000000e+00 -8.131371e+00
      vertex   -1.909188e+00 4.000000e+00 -8.909188e+00
    endloop
  endfacet
  facet normal 0.000000e+00 1.000000e+00 0.000000e+00
    outer loop
      vertex   -1.909188e+00 4.000000e+00 -8.909188e+00
      vertex   -1.131371e+00 4.000000e+00 -8.131371e+00
      vertex   -8.000000e-01 4.000000e+00 -8.385641e+00
    endloop
  endfacet
  facet normal -0.000000e+00 1.000000e+00 0.000000e+00
    outer loop
      vertex   -1.909188e+00 4.000000e+00 -8.909188e+00
      vertex   -8.000000e-01 4.000000e+00 -8.385641e+00
      vertex   -1.350000e+00 4.000000e+00 -9.338269e+00
    endloop
  endfacet
  facet normal 0.000000e+00 1.000000e+00 0.000000e+00
    outer loop
      vertex   -1.350000e+00 4.000000e+00 -9.338269e+00
      vertex   -8.000000e-01 4.000000e+00 -8.385641e+00
      vertex   -4.141105e-01 4.000000e+00 -8.545481e+00
    endloop
  endfacet
  facet normal -0.000000e+00 1.000000e+00 0.000000e+00
    outer loop
      vertex   -1.350000e+00 4.000000e+00 -9.338269e+00
      vertex   -4.141105e-01 4.000000e+00 -8.545481e+00
      vertex   -6.988114e-01 4.000000e+00 -9.608000e+00
    endloop
  endfacet
  facet normal 0.000000e+00 1.000000e+00 0.000000e+00
    outer loop
      vertex   -6.988114e-01 4.000000e+00 -9.608000e+00
      vertex   -4.141105e-01 4.000000e+00 -8.545481e+00
      vertex   -9.797174e-17 4.000000e+00 -8.600000e+00
    endloop
  endfacet
  facet normal -0.000000e+00 1.000000e+00 0.000000e+00
    outer loop
      vertex   -6.988114e-01 4.000000e+00 -9.608000e+00
      vertex   -9.797174e-17 4.000000e+00 -8.600000e+00
      vertex   -1.653273e-16 4.000000e+00 -9.700000e+00
    endloop
  endfacet
  facet normal 0.000000e+00 1.000000e+00 0.000000e+00
    outer loop
      vertex   -1.653273e-16 4.000000e+00 -9.700000e+00
      vertex   -9.797174e-17 4.000000e+00 -8.600000e+00
      vertex   6.988114e-01 4.000000e+00 -9.608000e+00
    endloop
  endfacet
  facet normal 0.000000e+00 1.000000e+00 0.000000e+00
    outer loop
      vertex   6.988114e-01 4.000000e+00 -9.608000e+00
      vertex   -9.797174e-17 4.000000e+00 -8.600000e+00
      vertex   4.141105e-01 4.000000e+00 -8.545481e+00
    endloop
  endfacet
  facet normal 0.000000e+00 1.000000e+00 -0.000000e+00
    outer loop
      vertex   6.988114e-01 4.000000e+00 -9.608000e+00
      vertex   4.141105e-01 4.000000e+00 -8.545481e+00
      vertex   1.350000e+00 4.000000e+00 -9.338269e+00
    endloop
  endfacet
  facet normal 0.000000e+00 1.000000e+00 0.000000e+00
    outer loop
      vertex   1.350000e+00 4.000000e+00 -9.338269e+00
      vertex   4.141105e-01 4.000000e+00 -8.545481e+00
      vertex   8.000000e-01 4.000000e+00 -8.385641e+00
    endloop
  endfacet
  facet normal 0.000000e+00 1.000000e+00 -0.000000e+00
    outer loop
      vertex   1.350000e+00 4.000000e+00 -9.338269e+00
      vertex   8.000000e-01 4.000000e+00 -8.385641e+00
      vertex   1.909188e+00 4.000000e+00 -8.909188e+00
    endloop
  endfacet
  facet normal 0.000000e+00 1.000000e+00 0.000000e+00
    outer loop
      vertex   1.909188e+00 4.000000e+00 -8.909188e+00
      vertex   8.000000e-01 4.000000e+00 -8.385641e+00
      vertex   1.131371e+00 4.000000e+00 -8.131371e+00
    endloop
  endfacet
  facet normal 0.000000e+00 1.000000e+00 -0.000000e+00
    outer loop
      vertex   1.909188e+00 4.000000e+00 -8.909188e+00
      vertex   1.131371e+00 4.000000e+00 -8.131371e+00
      vertex   2.338269e+00 4.000000e+00 -8.350000e+00
    endloop
  endfacet
  facet normal 0.000000e+00 1.000000e+00 0.000000e+00
    outer loop
      vertex   2.338269e+00 4.000000e+00 -8.350000e+00
      vertex   1.131371e+00 4.000000e+00 -8.131371e+00
      vertex   1.385641e+00 4.000000e+00 -7.800000e+00
    endloop
  endfacet
  facet normal 0.000000e+00 1.000000e+00 -0.000000e+00
    outer loop
      vertex   2.338269e+00 4.000000e+00 -8.350000e+00
      vertex   1.385641e+00 4.000000e+00 -7.800000e+00
      vertex   2.608000e+00 4.000000e+00 -7.698811e+00
    endloop
  endfacet
  facet normal 0.000000e+00 1.000000e+00 0.000000e+00
    outer loop
      vertex   2.608000e+00 4.000000e+00 -7.698811e+00
      vertex   1.385641e+00 4.000000e+00 -7.800000e+00
      vertex   1.545481e+00 4.000000e+00 -7.414110e+00
    endloop
  endfacet
  facet normal 0.000000e+00 1.000000e+00 -0.000000e+00
    outer loop
      vertex   2.608000e+00 4.000000e+00 -7.698811e+00
      vertex   1.545481e+00 4.000000e+00 -7.414110e+00
      vertex   2.700000e+00 4.000000e+00 -7.000000e+00
    endloop
  endfacet
  facet normal -9.914449e-01 0.000000e+00 -1.305262e-01
    outer loop
      vertex   9.608000e+00 4.000000e+00 6.988114e-01
      vertex   9.608000e+00 5.000000e+00 6.988114e-01
      vertex   9.700000e+00 4.000000e+00 1.223658e-15
    endloop
  endfacet
  facet normal -9.914449e-01 0.000000e+00 -1.305262e-01
    outer loop
      vertex   9.700000e+00 4.000000e+00 1.223658e-15
      vertex   9.608000e+00 5.000000e+00 6.988114e-01
      vertex   9.700000e+00 5.000000e+00 1.223658e-15
    endloop
  endfacet
  facet normal -9.914449e-01 0.000000e+00 1.305262e-01
    outer loop
      vertex   9.700000e+00 4.000000e+00 1.223658e-15
      vertex   9.700000e+00 5.000000e+00 1.223658e-15
      vertex   9.608000e+00 4.000000e+00 -6.988114e-01
    endloop
  endfacet
  facet normal -9.914449e-01 0.000000e+00 1.305262e-01
    outer loop
      vertex   9.608000e+00 4.000000e+00 -6.988114e-01
      vertex   9.700000e+00 5.000000e+00 1.223658e-15
      vertex   9.608000e+00 5.000000e+00 -6.988114e-01
    endloop
  endfacet
  facet normal -9.238795e-01 0.000000e+00 3.826834e-01
    outer loop
      vertex   9.608000e+00 4.000000e+00 -6.988114e-01
      vertex   9.608000e+00 5.000000e+00 -6.988114e-01
      vertex   9.338269e+00 4.000000e+00 -1.350000e+00
    endloop
  endfacet
  facet normal -9.238795e-01 0.000000e+00 3.826834e-01
    outer loop
      vertex   9.338269e+00 4.000000e+00 -1.350000e+00
      vertex   9.608000e+00 5.000000e+00 -6.988114e-01
      vertex   9.338269e+00 5.000000e+00 -1.350000e+00
    endloop
  endfacet
  facet normal -7.933533e-01 0.000000e+00 6.087614e-01
    outer loop
      vertex   9.338269e+00 4.000000e+00 -1.350000e+00
      vertex   9.338269e+00 5.000000e+00 -1.350000e+00
      vertex   8.909188e+00 4.000000e+00 -1.909188e+00
    endloop
  endfacet
  facet normal -7.933533e-01 0.000000e+00 6.087614e-01
    outer loop
      vertex   8.909188e+00 4.000000e+00 -1.909188e+00
      vertex   9.338269e+00 5.000000e+00 -1.350000e+00
      vertex   8.909188e+00 5.000000e+00 -1.909188e+00
    endloop
  endfacet
  facet normal -6.087614e-01 0.000000e+00 7.933533e-01
    outer loop
      vertex   8.909188e+00 4.000000e+00 -1.909188e+00
      vertex   8.909188e+00 5.000000e+00 -1.909188e+00
      vertex   8.350000e+00 4.000000e+00 -2.338269e+00
    endloop
  endfacet
  facet normal -6.087614e-01 0.000000e+00 7.933533e-01
    outer loop
      vertex   8.350000e+00 4.000000e+00 -2.338269e+00
      vertex   8.909188e+00 5.000000e+00 -1.909188e+00
      vertex   8.350000e+00 5.000000e+00 -2.338269e+00
    endloop
  endfacet
  facet normal -3.826834e-01 0.000000e+00 9.238795e-01
    outer loop
      vertex   8.350000e+00 4.000000e+00 -2.338269e+00
      vertex   8.350000e+00 5.000000e+00 -2.338269e+00
      vertex   7.698811e+00 4.000000e+00 -2.608000e+00
    endloop
  endfacet
  facet normal -3.826834e-01 0.000000e+00 9.238795e-01
    outer loop
      vertex   7.698811e+00 4.000000e+00 -2.608000e+00
      vertex   8.350000e+00 5.000000e+00 -2.338269e+00
      vertex   7.698811e+00 5.000000e+00 -2.608000e+00
    endloop
  endfacet
  facet normal -1.305262e-01 0.000000e+00 9.914449e-01
    outer loop
      vertex   7.698811e+00 4.000000e+00 -2.608000e+00
      vertex   7.698811e+00 5.000000e+00 -2.608000e+00
      vertex   7.000000e+00 4.000000e+00 -2.700000e+00
    endloop
  endfacet
  facet normal -1.305262e-01 0.000000e+00 9.914449e-01
    outer loop
      vertex   7.000000e+00 4.000000e+00 -2.700000e+00
      vertex   7.698811e+00 5.000000e+00 -2.608000e+00
      vertex   7.000000e+00 5.000000e+00 -2.700000e+00
    endloop
  endfacet
  facet normal 1.305262e-01 -0.000000e+00 9.914449e-01
    outer loop
      vertex   7.000000e+00 4.000000e+00 -2.700000e+00
      vertex   7.000000e+00 5.000000e+00 -2.700000e+00
      vertex   6.301189e+00 4.000000e+00 -2.608000e+00
    endloop
  endfacet
  facet normal 1.305262e-01 -0.000000e+00 9.914449e-01
    outer loop
      vertex   6.301189e+00 4.000000e+00 -2.608000e+00
      vertex   7.000000e+00 5.000000e+00 -2.700000e+00
      vertex   6.301189e+00 5.000000e+00 -2.608000e+00
    endloop
  endfacet
  facet normal 3.826834e-01 -0.000000e+00 9.238795e-01
    outer loop
      vertex   6.301189e+00 4.000000e+00 -2.608000e+00
      vertex   6.301189e+00 5.000000e+00 -2.608000e+00
      vertex   5.650000e+00 4.000000e+00 -2.338269e+00
    endloop
  endfacet
  facet normal 3.826834e-01 -0.000000e+00 9.238795e-01
    outer loop
      vertex   5.650000e+00 4.000000e+00 -2.338269e+00
      vertex   6.301189e+00 5.000000e+00 -2.608000e+00
      vertex   5.650000e+00 5.000000e+00 -2.338269e+00
    endloop
  endfacet
  facet normal 6.087614e-01 -0.000000e+00 7.933533e-01
    outer loop
      vertex   5.650000e+00 4.000000e+00 -2.338269e+00
      vertex   5.650000e+00 5.000000e+00 -2.338269e+00
      vertex   5.090812e+00 4.000000e+00 -1.909188e+00
    endloop
  endfacet
  facet normal 6.087614e-01 -0.000000e+00 7.933533e-01
    outer loop
      vertex   5.090812e+00 4.000000e+00 -1.909188e+00
      vertex   5.650000e+00 5.000000e+00 -2.338269e+00
      vertex   5.090812e+00 5.000000e+00 -1.909188e+00
    endloop
  endfacet
  facet normal 7.933533e-01 -0.000000e+00 6.087614e-01
    outer loop
      vertex   5.090812e+00 4.000000e+00 -1.909188e+00
      vertex   5.090812e+00 5.000000e+00 -1.909188e+00
      vertex   4.661731e+00 4.000000e+00 -1.350000e+00
    endloop
  endfacet
  facet normal 7.933533e-01 -0.000000e+00 6.087614e-01
    outer loop
      vertex   4.661731e+00 4.000000e+00 -1.350000e+00
      vertex   5.090812e+00 5.000000e+00 -1.909188e+00
      vertex   4.661731e+00 5.000000e+00 -1.350000e+00
    endloop
  endfacet
  facet normal 9.238795e-01 -0.000000e+00 3.826834e-01
    outer loop
      vertex   4.661731e+00 4.000000e+00 -1.350000e+00
      vertex   4.661731e+00 5.000000e+00 -1.350000e+00
      vertex   4.392000e+00 4.000000e+00 -6.988114e-01
    endloop
  endfacet
  facet normal 9.238795e-01 -0.000000e+00 3.826834e-01
    outer loop
      vertex   4.392000e+00 4.000000e+00 -6.988114e-01
      vertex   4.661731e+00 5.000000e+00 -1.350000e+00
      vertex   4.392000e+00 5.000000e+00 -6.988114e-01
    endloop
  endfacet
  facet normal 9.914449e-01 -0.000000e+00 1.305262e-01
    outer loop
      vertex   4.392000e+00 4.000000e+00 -6.988114e-01
      vertex   4.392000e+00 5.000000e+00 -6.988114e-01
      vertex   4.300000e+00 4.000000e+00 1.554312e-15
    endloop
  endfacet
  facet normal 9.914449e-01 -0.000000e+00 1.305262e-01
    outer loop
      vertex   4.300000e+00 4.000000e+00 1.554312e-15
      vertex   4.392000e+00 5.000000e+00 -6.988114e-01
      vertex   4.300000e+00 5.000000e+00 1.554312e-15
    endloop
  endfacet
  facet normal 9.914449e-01 0.000000e+00 -1.305262e-01
    outer loop
      vertex   4.300000e+00 4.000000e+00 1.554312e-15
      vertex   4.300000e+00 5.000000e+00 1.554312e-15
      vertex   4.392000e+00 4.000000e+00 6.988114e-01
    endloop
  endfacet
  facet normal 9.914449e-01 0.000000e+00 -1.305262e-01
    outer loop
      vertex   4.392000e+00 4.000000e+00 6.988114e-01
      vertex   4.300000e+00 5.000000e+00 1.554312e-15
      vertex   4.392000e+00 5.000000e+00 6.988114e-01
    endloop
  endfacet
  facet normal 9.238795e-01 0.000000e+00 -3.826834e-01
    outer loop
      vertex   4.392000e+00 4.000000e+00 6.988114e-01
      vertex   4.392000e+00 5.000000e+00 6.988114e-01
      vertex   4.661731e+00 4.000000e+00 1.350000e+00
    endloop
  endfacet
  facet normal 9.238795e-01 0.000000e+00 -3.826834e-01
    outer loop
      vertex   4.661731e+00 4.000000e+00 1.350000e+00
      vertex   4.392000e+00 5.000000e+00 6.988114e-01
      vertex   4.661731e+00 5.000000e+00 1.350000e+00
    endloop
  endfacet
  facet normal 7.933533e-01 0.000000e+00 -6.087614e-01
    outer loop
      vertex   4.661731e+00 4.000000e+00 1.350000e+00
      vertex   4.661731e+00 5.000000e+00 1.350000e+00
      vertex   5.090812e+00 4.000000e+00 1.909188e+00
    endloop
  endfacet
  facet normal 7.933533e-01 0.000000e+00 -6.087614e-01
    outer loop
      vertex   5.090812e+00 4.000000e+00 1.909188e+00
      vertex   4.661731e+00 5.000000e+00 1.350000e+00
      vertex   5.090812e+00 5.000000e+00 1.909188e+00
    endloop
  endfacet
  facet normal 6.087614e-01 0.000000e+00 -7.933533e-01
    outer loop
      vertex   5.090812e+00 4.000000e+00 1.909188e+00
      vertex   5.090812e+00 5.000000e+00 1.909188e+00
      vertex   5.650000e+00 4.000000e+00 2.338269e+00
    endloop
  endfacet
  facet normal 6.087614e-01 0.000000e+00 -7.933533e-01
    outer loop
      vertex   5.650000e+00 4.000000e+00 2.338269e+00
      vertex   5.090812e+00 5.000000e+00 1.909188e+00
      vertex   5.650000e+00 5.000000e+00 2.338269e+00
    endloop
  endfacet
  facet normal 3.826834e-01 0.000000e+00 -9.238795e-01
    outer loop
      vertex   5.650000e+00 4.000000e+00 2.338269e+00
      vertex   5.650000e+00 5.000000e+00 2.338269e+00
      vertex   6.301189e+00 4.000000e+00 2.608000e+00
    endloop
  endfacet
  facet normal 3.826834e-01 0.000000e+00 -9.238795e-01
    outer loop
      vertex   6.301189e+00 4.000000e+00 2.608000e+00
      vertex   5.650000e+00 5.000000e+00 2.338269e+00
      vertex   6.301189e+00 5.000000e+00 2.608000e+00
    endloop
  endfacet
  facet normal 1.305262e-01 0.000000e+00 -9.914449e-01
    outer loop
      vertex   6.301189e+00 4.000000e+00 2.608000e+00
      vertex   6.301189e+00 5.000000e+00 2.608000e+00
      vertex   7.000000e+00 4.000000e+00 2.700000e+00
    endloop
  endfacet
  facet normal 1.305262e-01 0.000000e+00 -9.914449e-01
    outer loop
      vertex   7.000000e+00 4.000000e+00 2.700000e+00
      vertex   6.301189e+00 5.000000e+00 2.608000e+00
      vertex   7.000000e+00 5.000000e+00 2.700000e+00
    endloop
  endfacet
  facet normal -1.305262e-01 0.000000e+00 -9.914449e-01
    outer loop
      vertex   7.000000e+00 4.000000e+00 2.700000e+00
      vertex   7.000000e+00 5.000000e+00 2.700000e+00
      vertex   7.698811e+00 4.000000e+00 2.608000e+00
    endloop
  endfacet
  facet normal -1.305262e-01 0.000000e+00 -9.914449e-01
    outer loop
      vertex   7.698811e+00 4.000000e+00 2.608000e+00
      vertex   7.000000e+00 5.000000e+00 2.700000e+00
      vertex   7.698811e+00 5.000000e+00 2.608000e+00
    endloop
  endfacet
  facet normal -3.826834e-01 0.000000e+00 -9.238795e-01
    outer loop
      vertex   7.698811e+00 4.000000e+00 2.608000e+00
      vertex   7.698811e+00 5.000000e+00 2.608000e+00
      vertex   8.350000e+00 4.000000e+00 2.338269e+00
    endloop
  endfacet
  facet normal -3.826834e-01 0.000000e+00 -9.238795e-01
    outer loop
      vertex   8.350000e+00 4.000000e+00 2.338269e+00
      vertex   7.698811e+00 5.000000e+00 2.608000e+00
      vertex   8.350000e+00 5.000000e+00 2.338269e+00
    endloop
  endfacet
  facet normal -6.087614e-01 0.000000e+00 -7.933533e-01
    outer loop
      vertex   8.350000e+00 4.000000e+00 2.338269e+00
      vertex   8.350000e+00 5.000000e+00 2.338269e+00
      vertex   8.909188e+00 4.000000e+00 1.909188e+00
    endloop
  endfacet
  facet normal -6.087614e-01 0.000000e+00 -7.933533e-01
    outer loop
      vertex   8.909188e+00 4.000000e+00 1.909188e+00
      vertex   8.350000e+00 5.000000e+00 2.338269e+00
      vertex   8.909188e+00 5.000000e+00 1.909188e+00
    endloop
  endfacet
  facet normal -7.933533e-01 0.000000e+00 -6.087614e-01
    outer loop
      vertex   8.909188e+00 4.000000e+00 1.909188e+00
      vertex   8.909188e+00 5.000000e+00 1.909188e+00
      vertex   9.338269e+00 4.000000e+00 1.350000e+00
    endloop
  endfacet
  facet normal -7.933533e-01 0.000000e+00 -6.087614e-01
    outer loop
      vertex   9.338269e+00 4.000000e+00 1.350000e+00
      vertex   8.909188e+00 5.000000e+00 1.909188e+00
      vertex   9.338269e+00 5.000000e+00 1.350000e+00
    endloop
  endfacet
  facet normal -9.238795e-01 0.000000e+00 -3.826834e-01
    outer loop
      vertex   9.338269e+00 4.000000e+00 1.350000e+00
      vertex   9.338269e+00 5.000000e+00 1.350000e+00
      vertex   9.608000e+00 4.000000e+00 6.988114e-01
    endloop
  endfacet
  facet normal -9.238795e-01 0.000000e+00 -3.826834e-01
    outer loop
      vertex   9.608000e+00 4.000000e+00 6.988114e-01
      vertex   9.338269e+00 5.000000e+00 1.350000e+00
      vertex   9.608000e+00 5.000000e+00 6.988114e-01
    endloop
  endfacet
  facet normal 0.000000e+00 1.000000e+00 0.000000e+00
    outer loop
      vertex   8.545481e+00 4.000000e+00 -4.141105e-01
      vertex   8.600000e+00 4.000000e+00 1.358369e-15
      vertex   9.700000e+00 4.000000e+00 1.223658e-15
    endloop
  endfacet
  facet normal 0.000000e+00 1.000000e+00 0.000000e+00
    outer loop
      vertex   9.700000e+00 4.000000e+00 1.223658e-15
      vertex   8.600000e+00 4.000000e+00 1.358369e-15
      vertex   8.545481e+00 4.000000e+00 4.141105e-01
    endloop
  endfacet
  facet normal 0.000000e+00 1.000000e+00 0.000000e+00
    outer loop
      vertex   9.700000e+00 4.000000e+00 1.223658e-15
      vertex   8.545481e+00 4.000000e+00 4.141105e-01
      vertex   9.608000e+00 4.000000e+00 6.988114e-01
    endloop
  endfacet
  facet normal 0.000000e+00 1.000000e+00 0.000000e+00
    outer loop
      vertex   9.608000e+00 4.000000e+00 6.988114e-01
      vertex   8.545481e+00 4.000000e+00 4.141105e-01
      vertex   8.385641e+00 4.000000e+00 8.000000e-01
    endloop
  endfacet
  facet normal 0.000000e+00 1.000000e+00 0.000000e+00
    outer loop
      vertex   9.608000e+00 4.000000e+00 6.988114e-01
      vertex   8.385641e+00 4.000000e+00 8.000000e-01
      vertex   9.338269e+00 4.000000e+00 1.350000e+00
    endloop
  endfacet
  facet normal 0.000000e+00 1.000000e+00 0.000000e+00
    outer loop
      vertex   9.338269e+00 4.000000e+00 1.350000e+00
      vertex   8.385641e+00 4.000000e+00 8.000000e-01
      vertex   8.131371e+00 4.000000e+00 1.131371e+00
    endloop
  endfacet
  facet normal 0.000000e+00 1.000000e+00 0.000000e+00
    outer loop
      vertex   9.338269e+00 4.000000e+00 1.350000e+00
      vertex   8.131371e+00 4.000000e+00 1.131371e+00
      vertex   8.909188e+00 4.000000e+00 1.909188e+00
    endloop
  endfacet
  facet normal 0.000000e+00 1.000000e+00 0.000000e+00
    outer loop
      vertex   8.909188e+00 4.000000e+00 1.909188e+00
      vertex   8.131371e+00 4.000000e+00 1.131371e+00
      vertex   7.800000e+00 4.000000e+00 1.385641e+00
    endloop
  endfacet
  facet normal 0.000000e+00 1.000000e+00 0.000000e+00
    outer loop
      vertex   8.909188e+00 4.000000e+00 1.909188e+00
      vertex   7.800000e+00 4.000000e+00 1.385641e+00
      vertex   8.350000e+00 4.000000e+00 2.338269e+00
    endloop
  endfacet
  facet normal 0.000000e+00 1.000000e+00 0.000000e+00
    outer loop
      vertex   8.350000e+00 4.000000e+00 2.338269e+00
      vertex   7.800000e+00 4.000000e+00 1.385641e+00
      vertex   7.414110e+00 4.000000e+00 1.545481e+00
    endloop
  endfacet
  facet normal 0.000000e+00 1.000000e+00 0.000000e+00
    outer loop
      vertex   8.350000e+00 4.000000e+00 2.338269e+00
      vertex   7.414110e+00 4.000000e+00 1.545481e+00
      vertex   7.698811e+00 4.000000e+00 2.608000e+00
    endloop
  endfacet
  facet normal 0.000000e+00 1.000000e+00 0.000000e+00
    outer loop
      vertex   7.698811e+00 4.000000e+00 2.608000e+00
      vertex   7.414110e+00 4.000000e+00 1.545481e+00
      vertex   7.000000e+00 4.000000e+00 1.600000e+00
    endloop
  endfacet
  facet normal 0.000000e+00 1.000000e+00 0.000000e+00
    outer loop
      vertex   7.698811e+00 4.000000e+00 2.608000e+00
      vertex   7.000000e+00 4.000000e+00 1.600000e+00
      vertex   7.000000e+00 4.000000e+00 2.700000e+00
    endloop
  endfacet
  facet normal 0.000000e+00 1.000000e+00 0.000000e+00
    outer loop
      vertex   7.000000e+00 4.000000e+00 2.700000e+00
      vertex   7.000000e+00 4.000000e+00 1.600000e+00
      vertex   6.301189e+00 4.000000e+00 2.608000e+00
    endloop
  endfacet
  facet normal 0.000000e+00 1.000000e+00 0.000000e+00
    outer loop
      vertex   6.301189e+00 4.000000e+00 2.608000e+00
      vertex   7.000000e+00 4.000000e+00 1.600000e+00
      vertex   6.585890e+00 4.000000e+00 1.545481e+00
    endloop
  endfacet
  facet normal 0.000000e+00 1.000000e+00 0.000000e+00
    outer loop
      vertex   6.301189e+00 4.000000e+00 2.608000e+00
      vertex   6.585890e+00 4.000000e+00 1.545481e+00
      vertex   5.650000e+00 4.000000e+00 2.338269e+00
    endloop
  endfacet
  facet normal 0.000000e+00 1.000000e+00 0.000000e+00
    outer loop
      vertex   5.650000e+00 4.000000e+00 2.338269e+00
      vertex   6.585890e+00 4.000000e+00 1.545481e+00
      vertex   6.200000e+00 4.000000e+00 1.385641e+00
    endloop
  endfacet
  facet normal 0.000000e+00 1.000000e+00 0.000000e+00
    outer loop
      vertex   5.650000e+00 4.000000e+00 2.338269e+00
      vertex   6.200000e+00 4.000000e+00 1.385641e+00
      vertex   5.090812e+00 4.000000e+00 1.909188e+00
    endloop
  endfacet
  facet normal 0.000000e+00 1.000000e+00 0.000000e+00
    outer loop
      vertex   5.090812e+00 4.000000e+00 1.909188e+00
      vertex   6.200000e+00 4.000000e+00 1.385641e+00
      vertex   5.868629e+00 4.000000e+00 1.131371e+00
    endloop
  endfacet
  facet normal 0.000000e+00 1.000000e+00 0.000000e+00
    outer loop
      vertex   5.090812e+00 4.000000e+00 1.909188e+00
      vertex   5.868629e+00 4.000000e+00 1.131371e+00
      vertex   4.661731e+00 4.000000e+00 1.350000e+00
    endloop
  endfacet
  facet normal 0.000000e+00 1.000000e+00 0.000000e+00
    outer loop
      vertex   4.661731e+00 4.000000e+00 1.350000e+00
      vertex   5.868629e+00 4.000000e+00 1.131371e+00
      vertex   5.614359e+00 4.000000e+00 8.000000e-01
    endloop
  endfacet
  facet normal 0.000000e+00 1.000000e+00 0.000000e+00
    outer loop
      vertex   4.661731e+00 4.000000e+00 1.350000e+00
      vertex   5.614359e+00 4.000000e+00 8.000000e-01
      vertex   4.392000e+00 4.000000e+00 6.988114e-01
    endloop
  endfacet
  facet normal -0.000000e+00 1.000000e+00 0.000000e+00
    outer loop
      vertex   4.392000e+00 4.000000e+00 6.988114e-01
      vertex   5.614359e+00 4.000000e+00 8.000000e-01
      vertex   5.454519e+00 4.000000e+00 4.141105e-01
    endloop
  endfacet
  facet normal 0.000000e+00 1.000000e+00 0.000000e+00
    outer loop
      vertex   4.392000e+00 4.000000e+00 6.988114e-01
      vertex   5.454519e+00 4.000000e+00 4.141105e-01
      vertex   4.300000e+00 4.000000e+00 1.554312e-15
    endloop
  endfacet
  facet normal 0.000000e+00 1.000000e+00 0.000000e+00
    outer loop
      vertex   4.300000e+00 4.000000e+00 1.554312e-15
      vertex   5.454519e+00 4.000000e+00 4.141105e-01
      vertex   5.400000e+00 4.000000e+00 1.554312e-15
    endloop
  endfacet
  facet normal -0.000000e+00 1.000000e+00 0.000000e+00
    outer loop
      vertex   4.300000e+00 4.000000e+00 1.554312e-15
      vertex   5.400000e+00 4.000000e+00 1.554312e-15
      vertex   4.392000e+00 4.000000e+00 -6.988114e-01
    endloop
  endfacet
  facet normal 0.000000e+00 1.000000e+00 0.000000e+00
    outer loop
      vertex   4.392000e+00 4.000000e+00 -6.988114e-01
      vertex   5.400000e+00 4.000000e+00 1.554312e-15
      vertex   5.454519e+00 4.000000e+00 -4.141105e-01
    endloop
  endfacet
  facet normal -0.000000e+00 1.000000e+00 0.000000e+00
    outer loop
      vertex   4.392000e+00 4.000000e+00 -6.988114e-01
      vertex   5.454519e+00 4.000000e+00 -4.141105e-01
      vertex   5.614359e+00 4.000000e+00 -8.000000e-01
    endloop
  endfacet
  facet normal 0.000000e+00 1.000000e+00 0.000000e+00
    outer loop
      vertex   4.392000e+00 4.000000e+00 -6.988114e-01
      vertex   5.614359e+00 4.000000e+00 -8.000000e-01
      vertex   4.661731e+00 4.000000e+00 -1.350000e+00
    endloop
  endfacet
  facet normal 0.000000e+00 1.000000e+00 0.000000e+00
    outer loop
      vertex   4.661731e+00 4.000000e+00 -1.350000e+00
      vertex   5.614359e+00 4.000000e+00 -8.000000e-01
      vertex   5.868629e+00 4.000000e+00 -1.131371e+00
    endloop
  endfacet
  facet normal -0.000000e+00 1.000000e+00 0.000000e+00
    outer loop
      vertex   4.661731e+00 4.000000e+00 -1.350000e+00
      vertex   5.868629e+00 4.000000e+00 -1.131371e+00
      vertex   5.090812e+00 4.000000e+00 -1.909188e+00
    endloop
  endfacet
  facet normal 0.000000e+00 1.000000e+00 0.000000e+00
    outer loop
      vertex   5.090812e+00 4.000000e+00 -1.909188e+00
      vertex   5.868629e+00 4.000000e+00 -1.131371e+00
      vertex   6.200000e+00 4.000000e+00 -1.385641e+00
    endloop
  endfacet
  facet normal -0.000000e+00 1.000000e+00 0.000000e+00
    outer loop
      vertex   5.090812e+00 4.000000e+00 -1.909188e+00
      vertex   6.200000e+00 4.000000e+00 -1.385641e+00
      vertex   5.650000e+00 4.000000e+00 -2.338269e+00
    endloop
  endfacet
  facet normal 0.000000e+00 1.000000e+00 0.000000e+00
    outer loop
      vertex   5.650000e+00 4.000000e+00 -2.338269e+00
      vertex   6.200000e+00 4.000000e+00 -1.385641e+00
      vertex   6.585890e+00 4.000000e+00 -1.545481e+00
    endloop
  endfacet
  facet normal -0.000000e+00 1.000000e+00 0.000000e+00
    outer loop
      vertex   5.650000e+00 4.000000e+00 -2.338269e+00
      vertex   6.585890e+00 4.000000e+00 -1.545481e+00
      vertex   6.301189e+00 4.000000e+00 -2.608000e+00
    endloop
  endfacet
  facet normal 0.000000e+00 1.000000e+00 0.000000e+00
    outer loop
      vertex   6.301189e+00 4.000000e+00 -2.608000e+00
      vertex   6.585890e+00 4.000000e+00 -1.545481e+00
      vertex   7.000000e+00 4.000000e+00 -1.600000e+00
    endloop
  endfacet
  facet normal -0.000000e+00 1.000000e+00 0.000000e+00
    outer loop
      vertex   6.301189e+00 4.000000e+00 -2.608000e+00
      vertex   7.000000e+00 4.000000e+00 -1.600000e+00
      vertex   7.000000e+00 4.000000e+00 -2.700000e+00
    endloop
  endfacet
  facet normal 0.000000e+00 1.000000e+00 0.000000e+00
    outer loop
      vertex   7.000000e+00 4.000000e+00 -2.700000e+00
      vertex   7.000000e+00 4.000000e+00 -1.600000e+00
      vertex   7.698811e+00 4.000000e+00 -2.608000e+00
    endloop
  endfacet
  facet normal 0.000000e+00 1.000000e+00 0.000000e+00
    outer loop
      vertex   7.698811e+00 4.000000e+00 -2.608000e+00
      vertex   7.000000e+00 4.000000e+00 -1.600000e+00
      vertex   7.414110e+00 4.000000e+00 -1.545481e+00
    endloop
  endfacet
  facet normal 0.000000e+00 1.000000e+00 -0.000000e+00
    outer loop
      vertex   7.698811e+00 4.000000e+00 -2.608000e+00
      vertex   7.414110e+00 4.000000e+00 -1.545481e+00
      vertex   8.350000e+00 4.000000e+00 -2.338269e+00
    endloop
  endfacet
  facet normal 0.000000e+00 1.000000e+00 0.000000e+00
    outer loop
      vertex   8.350000e+00 4.000000e+00 -2.338269e+00
      vertex   7.414110e+00 4.000000e+00 -1.545481e+00
      vertex   7.800000e+00 4.000000e+00 -1.385641e+00
    endloop
  endfacet
  facet normal 0.000000e+00 1.000000e+00 -0.000000e+00
    outer loop
      vertex   8.350000e+00 4.000000e+00 -2.338269e+00
      vertex   7.800000e+00 4.000000e+00 -1.385641e+00
      vertex   8.909188e+00 4.000000e+00 -1.909188e+00
    endloop
  endfacet
  facet normal 0.000000e+00 1.000000e+00 0.000000e+00
    outer loop
      vertex   8.909188e+00 4.000000e+00 -1.909188e+00
      vertex   7.800000e+00 4.000000e+00 -1.385641e+00
      vertex   8.131371e+00 4.000000e+00 -1.131371e+00
    endloop
  endfacet
  facet normal 0.000000e+00 1.000000e+00 -0.000000e+00
    outer loop
      vertex   8.909188e+00 4.000000e+00 -1.909188e+00
      vertex   8.131371e+00 4.000000e+00 -1.131371e+00
      vertex   9.338269e+00 4.000000e+00 -1.350000e+00
    endloop
  endfacet
  facet normal 0.000000e+00 1.000000e+00 0.000000e+00
    outer loop
      vertex   9.338269e+00 4.000000e+00 -1.350000e+00
      vertex   8.131371e+00 4.000000e+00 -1.131371e+00
      vertex   8.385641e+00 4.000000e+00 -8.000000e-01
    endloop
  endfacet
  facet normal 0.000000e+00 1.000000e+00 -0.000000e+00
    outer loop
      vertex   9.338269e+00 4.000000e+00 -1.350000e+00
      vertex   8.385641e+00 4.000000e+00 -8.000000e-01
      vertex   9.608000e+00 4.000000e+00 -6.988114e-01
    endloop
  endfacet
  facet normal 0.000000e+00 1.000000e+00 0.000000e+00
    outer loop
      vertex   9.608000e+00 4.000000e+00 -6.988114e-01
      vertex   8.385641e+00 4.000000e+00 -8.000000e-01
      vertex   8.545481e+00 4.000000e+00 -4.141105e-01
    endloop
  endfacet
  facet normal 0.000000e+00 1.000000e+00 -0.000000e+00
    outer loop
      vertex   9.608000e+00 4.000000e+00 -6.988114e-01
      vertex   8.545481e+00 4.000000e+00 -4.141105e-01
      vertex   9.700000e+00 4.000000e+00 1.223658e-15
    endloop
  endfacet
  facet normal -9.914449e-01 0.000000e+00 -1.305262e-01
    outer loop
      vertex   -4.392000e+00 4.000000e+00 6.988114e-01
      vertex   -4.392000e+00 5.000000e+00 6.988114e-01
      vertex   -4.300000e+00 4.000000e+00 -1.884967e-15
    endloop
  endfacet
  facet normal -9.914449e-01 0.000000e+00 -1.305262e-01
    outer loop
      vertex   -4.300000e+00 4.000000e+00 -1.884967e-15
      vertex   -4.392000e+00 5.000000e+00 6.988114e-01
      vertex   -4.300000e+00 5.000000e+00 -1.884967e-15
    endloop
  endfacet
  facet normal -9.914449e-01 0.000000e+00 1.305262e-01
    outer loop
      vertex   -4.300000e+00 4.000000e+00 -1.884967e-15
      vertex   -4.300000e+00 5.000000e+00 -1.884967e-15
      vertex   -4.392000e+00 4.000000e+00 -6.988114e-01
    endloop
  endfacet
  facet normal -9.914449e-01 0.000000e+00 1.305262e-01
    outer loop
      vertex   -4.392000e+00 4.000000e+00 -6.988114e-01
      vertex   -4.300000e+00 5.000000e+00 -1.884967e-15
      vertex   -4.392000e+00 5.000000e+00 -6.988114e-01
    endloop
  endfacet
  facet normal -9.238795e-01 0.000000e+00 3.826834e-01
    outer loop
      vertex   -4.392000e+00 4.000000e+00 -6.988114e-01
      vertex   -4.392000e+00 5.000000e+00 -6.988114e-01
      vertex   -4.661731e+00 4.000000e+00 -1.350000e+00
    endloop
  endfacet
  facet normal -9.238795e-01 0.000000e+00 3.826834e-01
    outer loop
      vertex   -4.661731e+00 4.000000e+00 -1.350000e+00
      vertex   -4.392000e+00 5.000000e+00 -6.988114e-01
      vertex   -4.661731e+00 5.000000e+00 -1.350000e+00
    endloop
  endfacet
  facet normal -7.933533e-01 0.000000e+00 6.087614e-01
    outer loop
      vertex   -4.661731e+00 4.000000e+00 -1.350000e+00
      vertex   -4.661731e+00 5.000000e+00 -1.350000e+00
      vertex   -5.090812e+00 4.000000e+00 -1.909188e+00
    endloop
  endfacet
  facet normal -7.933533e-01 0.000000e+00 6.087614e-01
    outer loop
      vertex   -5.090812e+00 4.000000e+00 -1.909188e+00
      vertex   -4.661731e+00 5.000000e+00 -1.350000e+00
      vertex   -5.090812e+00 5.000000e+00 -1.909188e+00
    endloop
  endfacet
  facet normal -6.087614e-01 0.000000e+00 7.933533e-01
    outer loop
      vertex   -5.090812e+00 4.000000e+00 -1.909188e+00
      vertex   -5.090812e+00 5.000000e+00 -1.909188e+00
      vertex   -5.650000e+00 4.000000e+00 -2.338269e+00
    endloop
  endfacet
  facet normal -6.087614e-01 0.000000e+00 7.933533e-01
    outer loop
      vertex   -5.650000e+00 4.000000e+00 -2.338269e+00
      vertex   -5.090812e+00 5.000000e+00 -1.909188e+00
      vertex   -5.650000e+00 5.000000e+00 -2.338269e+00
    endloop
  endfacet
  facet normal -3.826834e-01 0.000000e+00 9.238795e-01
    outer loop
      vertex   -5.650000e+00 4.000000e+00 -2.338269e+00
      vertex   -5.650000e+00 5.000000e+00 -2.338269e+00
      vertex   -6.301189e+00 4.000000e+00 -2.608000e+00
    endloop
  endfacet
  facet normal -3.826834e-01 0.000000e+00 9.238795e-01
    outer loop
      vertex   -6.301189e+00 4.000000e+00 -2.608000e+00
      vertex   -5.650000e+00 5.000000e+00 -2.338269e+00
      vertex   -6.301189e+00 5.000000e+00 -2.608000e+00
    endloop
  endfacet
  facet normal -1.305262e-01 0.000000e+00 9.914449e-01
    outer loop
      vertex   -6.301189e+00 4.000000e+00 -2.608000e+00
      vertex   -6.301189e+00 5.000000e+00 -2.608000e+00
      vertex   -7.000000e+00 4.000000e+00 -2.700000e+00
    endloop
  endfacet
  facet normal -1.305262e-01 0.000000e+00 9.914449e-01
    outer loop
      vertex   -7.000000e+00 4.000000e+00 -2.700000e+00
      vertex   -6.301189e+00 5.000000e+00 -2.608000e+00
      vertex   -7.000000e+00 5.000000e+00 -2.700000e+00
    endloop
  endfacet
  facet normal 1.305262e-01 -0.000000e+00 9.914449e-01
    outer loop
      vertex   -7.000000e+00 4.000000e+00 -2.700000e+00
      vertex   -7.000000e+00 5.000000e+00 -2.700000e+00
      vertex   -7.698811e+00 4.000000e+00 -2.608000e+00
    endloop
  endfacet
  facet normal 1.305262e-01 -0.000000e+00 9.914449e-01
    outer loop
      vertex   -7.698811e+00 4.000000e+00 -2.608000e+00
      vertex   -7.000000e+00 5.000000e+00 -2.700000e+00
      vertex   -7.698811e+00 5.000000e+00 -2.608000e+00
    endloop
  endfacet
  facet normal 3.826834e-01 -0.000000e+00 9.238795e-01
    outer loop
      vertex   -7.698811e+00 4.000000e+00 -2.608000e+00
      vertex   -7.698811e+00 5.000000e+00 -2.608000e+00
      vertex   -8.350000e+00 4.000000e+00 -2.338269e+00
    endloop
  endfacet
  facet normal 3.826834e-01 -0.000000e+00 9.238795e-01
    outer loop
      vertex   -8.350000e+00 4.000000e+00 -2.338269e+00
      vertex   -7.698811e+00 5.000000e+00 -2.608000e+00
      vertex   -8.350000e+00 5.000000e+00 -2.338269e+00
    endloop
  endfacet
  facet normal 6.087614e-01 -0.000000e+00 7.933533e-01
    outer loop
      vertex   -8.350000e+00 4.000000e+00 -2.338269e+00
      vertex   -8.350000e+00 5.000000e+00 -2.338269e+00
      vertex   -8.909188e+00 4.000000e+00 -1.909188e+00
    endloop
  endfacet
  facet normal 6.087614e-01 -0.000000e+00 7.933533e-01
    outer loop
      vertex   -8.909188e+00 4.000000e+00 -1.909188e+00
      vertex   -8.350000e+00 5.000000e+00 -2.338269e+00
      vertex   -8.909188e+00 5.000000e+00 -1.909188e+00
    endloop
  endfacet
  facet normal 7.933533e-01 -0.000000e+00 6.087614e-01
    outer loop
      vertex   -8.909188e+00 4.000000e+00 -1.909188e+00
      vertex   -8.909188e+00 5.000000e+00 -1.909188e+00
      vertex   -9.338269e+00 4.000000e+00 -1.350000e+00
    endloop
  endfacet
  facet normal 7.933533e-01 -0.000000e+00 6.087614e-01
    outer loop
      vertex   -9.338269e+00 4.000000e+00 -1.350000e+00
      vertex   -8.909188e+00 5.000000e+00 -1.909188e+00
      vertex   -9.338269e+00 5.000000e+00 -1.350000e+00
    endloop
  endfacet
  facet normal 9.238795e-01 -0.000000e+00 3.826834e-01
    outer loop
      vertex   -9.338269e+00 4.000000e+00 -1.350000e+00
      vertex   -9.338269e+00 5.000000e+00 -1.350000e+00
      vertex   -9.608000e+00 4.000000e+00 -6.988114e-01
    endloop
  endfacet
  facet normal 9.238795e-01 -0.000000e+00 3.826834e-01
    outer loop
      vertex   -9.608000e+00 4.000000e+00 -6.988114e-01
      vertex   -9.338269e+00 5.000000e+00 -1.350000e+00
      vertex   -9.608000e+00 5.000000e+00 -6.988114e-01
    endloop
  endfacet
  facet normal 9.914449e-01 -0.000000e+00 1.305262e-01
    outer loop
      vertex   -9.608000e+00 4.000000e+00 -6.988114e-01
      vertex   -9.608000e+00 5.000000e+00 -6.988114e-01
      vertex   -9.700000e+00 4.000000e+00 -1.554312e-15
    endloop
  endfacet
  facet normal 9.914449e-01 -0.000000e+00 1.305262e-01
    outer loop
      vertex   -9.700000e+00 4.000000e+00 -1.554312e-15
      vertex   -9.608000e+00 5.000000e+00 -6.988114e-01
      vertex   -9.700000e+00 5.000000e+00 -1.554312e-15
    endloop
  endfacet
  facet normal 9.914449e-01 0.000000e+00 -1.305262e-01
    outer loop
      vertex   -9.700000e+00 4.000000e+00 -1.554312e-15
      vertex   -9.700000e+00 5.000000e+00 -1.554312e-15
      vertex   -9.608000e+00 4.000000e+00 6.988114e-01
    endloop
  endfacet
  facet normal 9.914449e-01 0.000000e+00 -1.305262e-01
    outer loop
      vertex   -9.608000e+00 4.000000e+00 6.988114e-01
      vertex   -9.700000e+00 5.000000e+00 -1.554312e-15
      vertex   -9.608000e+00 5.000000e+00 6.988114e-01
    endloop
  endfacet
  facet normal 9.238795e-01 0.000000e+00 -3.826834e-01
    outer loop
      vertex   -9.608000e+00 4.000000e+00 6.988114e-01
      vertex   -9.608000e+00 5.000000e+00 6.988114e-01
      vertex   -9.338269e+00 4.000000e+00 1.350000e+00
    endloop
  endfacet
  facet normal 9.238795e-01 0.000000e+00 -3.826834e-01
    outer loop
      vertex   -9.338269e+00 4.000000e+00 1.350000e+00
      vertex   -9.608000e+00 5.000000e+00 6.988114e-01
      vertex   -9.338269e+00 5.000000e+00 1.350000e+00
    endloop
  endfacet
  facet normal 7.933533e-01 0.000000e+00 -6.087614e-01
    outer loop
      vertex   -9.338269e+00 4.000000e+00 1.350000e+00
      vertex   -9.338269e+00 5.000000e+00 1.350000e+00
      vertex   -8.909188e+00 4.000000e+00 1.909188e+00
    endloop
  endfacet
  facet normal 7.933533e-01 0.000000e+00 -6.087614e-01
    outer loop
      vertex   -8.909188e+00 4.000000e+00 1.909188e+00
      vertex   -9.338269e+00 5.000000e+00 1.350000e+00
      vertex   -8.909188e+00 5.000000e+00 1.909188e+00
    endloop
  endfacet
  facet normal 6.087614e-01 0.000000e+00 -7.933533e-01
    outer loop
      vertex   -8.909188e+00 4.000000e+00 1.909188e+00
      vertex   -8.909188e+00 5.000000e+00 1.909188e+00
      vertex   -8.350000e+00 4.000000e+00 2.338269e+00
    endloop
  endfacet
  facet normal 6.087614e-01 0.000000e+00 -7.933533e-01
    outer loop
      vertex   -8.350000e+00 4.000000e+00 2.338269e+00
      vertex   -8.909188e+00 5.000000e+00 1.909188e+00
      vertex   -8.350000e+00 5.000000e+00 2.338269e+00
    endloop
  endfacet
  facet normal 3.826834e-01 0.000000e+00 -9.238795e-01
    outer loop
      vertex   -8.350000e+00 4.000000e+00 2.338269e+00
      vertex   -8.350000e+00 5.000000e+00 2.338269e+00
      vertex   -7.698811e+00 4.000000e+00 2.608000e+00
    endloop
  endfacet
  facet normal 3.826834e-01 0.000000e+00 -9.238795e-01
    outer loop
      vertex   -7.698811e+00 4.000000e+00 2.608000e+00
      vertex   -8.350000e+00 5.000000e+00 2.338269e+00
      vertex   -7.698811e+00 5.000000e+00 2.608000e+00
    endloop
  endfacet
  facet normal 1.305262e-01 0.000000e+00 -9.914449e-01
    outer loop
      vertex   -7.698811e+00 4.000000e+00 2.608000e+00
      vertex   -7.698811e+00 5.000000e+00 2.608000e+00
      vertex   -7.000000e+00 4.000000e+00 2.700000e+00
    endloop
  endfacet
  facet normal 1.305262e-01 0.000000e+00 -9.914449e-01
    outer loop
      vertex   -7.000000e+00 4.000000e+00 2.700000e+00
      vertex   -7.698811e+00 5.000000e+00 2.608000e+00
      vertex   -7.000000e+00 5.000000e+00 2.700000e+00
    endloop
  endfacet
  facet normal -1.305262e-01 0.000000e+00 -9.914449e-01
    outer loop
      vertex   -7.000000e+00 4.000000e+00 2.700000e+00
      vertex   -7.000000e+00 5.000000e+00 2.700000e+00
      vertex   -6.301189e+00 4.000000e+00 2.608000e+00
    endloop
  endfacet
  facet normal -1.305262e-01 0.000000e+00 -9.914449e-01
    outer loop
      vertex   -6.301189e+00 4.000000e+00 2.608000e+00
      vertex   -7.000000e+00 5.000000e+00 2.700000e+00
      vertex   -6.301189e+00 5.000000e+00 2.608000e+00
    endloop
  endfacet
  facet normal -3.826834e-01 0.000000e+00 -9.238795e-01
    outer loop
      vertex   -6.301189e+00 4.000000e+00 2.608000e+00
      vertex   -6.301189e+00 5.000000e+00 2.608000e+00
      vertex   -5.650000e+00 4.000000e+00 2.338269e+00
    endloop
  endfacet
  facet normal -3.826834e-01 0.000000e+00 -9.238795e-01
    outer loop
      vertex   -5.650000e+00 4.000000e+00 2.338269e+00
      vertex   -6.301189e+00 5.000000e+00 2.608000e+00
      vertex   -5.650000e+00 5.000000e+00 2.338269e+00
    endloop
  endfacet
  facet normal -6.087614e-01 0.000000e+00 -7.933533e-01
    outer loop
      vertex   -5.650000e+00 4.000000e+00 2.338269e+00
      vertex   -5.650000e+00 5.000000e+00 2.338269e+00
      vertex   -5.090812e+00 4.000000e+00 1.909188e+00
    endloop
  endfacet
  facet normal -6.087614e-01 0.000000e+00 -7.933533e-01
    outer loop
      vertex   -5.090812e+00 4.000000e+00 1.909188e+00
      vertex   -5.650000e+00 5.000000e+00 2.338269e+00
      vertex   -5.090812e+00 5.000000e+00 1.909188e+00
    endloop
  endfacet
  facet normal -7.933533e-01 0.000000e+00 -6.087614e-01
    outer loop
      vertex   -5.090812e+00 4.000000e+00 1.909188e+00
      vertex   -5.090812e+00 5.000000e+00 1.909188e+00
      vertex   -4.661731e+00 4.000000e+00 1.350000e+00
    endloop
  endfacet
  facet normal -7.933533e-01 0.000000e+00 -6.087614e-01
    outer loop
      vertex   -4.661731e+00 4.000000e+00 1.350000e+00
      vertex   -5.090812e+00 5.000000e+00 1.909188e+00
      vertex   -4.661731e+00 5.000000e+00 1.350000e+00
    endloop
  endfacet
  facet normal -9.238795e-01 0.000000e+00 -3.826834e-01
    outer loop
      vertex   -4.661731e+00 4.000000e+00 1.350000e+00
      vertex   -4.661731e+00 5.000000e+00 1.350000e+00
      vertex   -4.392000e+00 4.000000e+00 6.988114e-01
    endloop
  endfacet
  facet normal -9.238795e-01 0.000000e+00 -3.826834e-01
    outer loop
      vertex   -4.392000e+00 4.000000e+00 6.988114e-01
      vertex   -4.661731e+00 5.000000e+00 1.350000e+00
      vertex   -4.392000e+00 5.000000e+00 6.988114e-01
    endloop
  endfacet
  facet normal 0.000000e+00 1.000000e+00 0.000000e+00
    outer loop
      vertex   -5.454519e+00 4.000000e+00 -4.141105e-01
      vertex   -5.400000e+00 4.000000e+00 -1.750256e-15
      vertex   -4.300000e+00 4.000000e+00 -1.884967e-15
    endloop
  endfacet
  facet normal 0.000000e+00 1.000000e+00 0.000000e+00
    outer loop
      vertex   -4.300000e+00 4.000000e+00 -1.884967e-15
      vertex   -5.400000e+00 4.000000e+00 -1.750256e-15
      vertex   -5.454519e+00 4.000000e+00 4.141105e-01
    endloop
  endfacet
  facet normal 0.000000e+00 1.000000e+00 0.000000e+00
    outer loop
      vertex   -4.300000e+00 4.000000e+00 -1.884967e-15
      vertex   -5.454519e+00 4.000000e+00 4.141105e-01
      vertex   -4.392000e+00 4.000000e+00 6.988114e-01
    endloop
  endfacet
  facet normal 0.000000e+00 1.000000e+00 0.000000e+00
    outer loop
      vertex   -4.392000e+00 4.000000e+00 6.988114e-01
      vertex   -5.454519e+00 4.000000e+00 4.141105e-01
      vertex   -5.614359e+00 4.000000e+00 8.000000e-01
    endloop
  endfacet
  facet normal 0.000000e+00 1.000000e+00 0.000000e+00
    outer loop
      vertex   -4.392000e+00 4.000000e+00 6.988114e-01
      vertex   -5.614359e+00 4.000000e+00 8.000000e-01
      vertex   -4.661731e+00 4.000000e+00 1.350000e+00
    endloop
  endfacet
  facet normal 0.000000e+00 1.000000e+00 0.000000e+00
    outer loop
      vertex   -4.661731e+00 4.000000e+00 1.350000e+00
      vertex   -5.614359e+00 4.000000e+00 8.000000e-01
      vertex   -5.868629e+00 4.000000e+00 1.131371e+00
    endloop
  endfacet
  facet normal 0.000000e+00 1.000000e+00 0.000000e+00
    outer loop
      vertex   -4.661731e+00 4.000000e+00 1.350000e+00
      vertex   -5.868629e+00 4.000000e+00 1.131371e+00
      vertex   -5.090812e+00 4.000000e+00 1.909188e+00
    endloop
  endfacet
  facet normal 0.000000e+00 1.000000e+00 0.000000e+00
    outer loop
      vertex   -5.090812e+00 4.000000e+00 1.909188e+00
      vertex   -5.868629e+00 4.000000e+00 1.131371e+00
      vertex   -6.200000e+00 4.000000e+00 1.385641e+00
    endloop
  endfacet
  facet normal 0.000000e+00 1.000000e+00 0.000000e+00
    outer loop
      vertex   -5.090812e+00 4.000000e+00 1.909188e+00
      vertex   -6.200000e+00 4.000000e+00 1.385641e+00
      vertex   -5.650000e+00 4.000000e+00 2.338269e+00
    endloop
  endfacet
  facet normal 0.000000e+00 1.000000e+00 0.000000e+00
    outer loop
      vertex   -5.650000e+00 4.000000e+00 2.338269e+00
      vertex   -6.200000e+00 4.000000e+00 1.385641e+00
      vertex   -6.585890e+00 4.000000e+00 1.545481e+00
    endloop
  endfacet
  facet normal 0.000000e+00 1.000000e+00 0.000000e+00
    outer loop
      vertex   -5.650000e+00 4.000000e+00 2.338269e+00
      vertex   -6.585890e+00 4.000000e+00 1.545481e+00
      vertex   -6.301189e+00 4.000000e+00 2.608000e+00
    endloop
  endfacet
  facet normal 0.000000e+00 1.000000e+00 0.000000e+00
    outer loop
      vertex   -6.301189e+00 4.000000e+00 2.608000e+00
      vertex   -6.585890e+00 4.000000e+00 1.545481e+00
      vertex   -7.000000e+00 4.000000e+00 1.600000e+00
    endloop
  endfacet
  facet normal 0.000000e+00 1.000000e+00 0.000000e+00
    outer loop
      vertex   -6.301189e+00 4.000000e+00 2.608000e+00
      vertex   -7.000000e+00 4.000000e+00 1.600000e+00
      vertex   -7.000000e+00 4.000000e+00 2.700000e+00
    endloop
  endfacet
  facet normal 0.000000e+00 1.000000e+00 0.000000e+00
    outer loop
      vertex   -7.000000e+00 4.000000e+00 2.700000e+00
      vertex   -7.000000e+00 4.000000e+00 1.600000e+00
      vertex   -7.698811e+00 4.000000e+00 2.608000e+00
    endloop
  endfacet
  facet normal 0.000000e+00 1.000000e+00 0.000000e+00
    outer loop
      vertex   -7.698811e+00 4.000000e+00 2.608000e+00
      vertex   -7.000000e+00 4.000000e+00 1.600000e+00
      vertex   -7.414110e+00 4.000000e+00 1.545481e+00
    endloop
  endfacet
  facet normal 0.000000e+00 1.000000e+00 0.000000e+00
    outer loop
      vertex   -7.698811e+00 4.000000e+00 2.608000e+00
      vertex   -7.414110e+00 4.000000e+00 1.545481e+00
      vertex   -8.350000e+00 4.000000e+00 2.338269e+00
    endloop
  endfacet
  facet normal 0.000000e+00 1.000000e+00 0.000000e+00
    outer loop
      vertex   -8.350000e+00 4.000000e+00 2.338269e+00
      vertex   -7.414110e+00 4.000000e+00 1.545481e+00
      vertex   -7.800000e+00 4.000000e+00 1.385641e+00
    endloop
  endfacet
  facet normal 0.000000e+00 1.000000e+00 0.000000e+00
    outer loop
      vertex   -8.350000e+00 4.000000e+00 2.338269e+00
      vertex   -7.800000e+00 4.000000e+00 1.385641e+00
      vertex   -8.909188e+00 4.000000e+00 1.909188e+00
    endloop
  endfacet
  facet normal 0.000000e+00 1.000000e+00 0.000000e+00
    outer loop
      vertex   -8.909188e+00 4.000000e+00 1.909188e+00
      vertex   -7.800000e+00 4.000000e+00 1.385641e+00
      vertex   -8.131371e+00 4.000000e+00 1.131371e+00
    endloop
  endfacet
  facet normal 0.000000e+00 1.000000e+00 0.000000e+00
    outer loop
      vertex   -8.909188e+00 4.000000e+00 1.909188e+00
      vertex   -8.131371e+00 4.000000e+00 1.131371e+00
      vertex   -9.338269e+00 4.000000e+00 1.350000e+00
    endloop
  endfacet
  facet normal 0.000000e+00 1.000000e+00 0.000000e+00
    outer loop
      vertex   -9.338269e+00 4.000000e+00 1.350000e+00
      vertex   -8.131371e+00 4.000000e+00 1.131371e+00
      vertex   -8.385641e+00 4.000000e+00 8.000000e-01
    endloop
  endfacet
  facet normal 0.000000e+00 1.000000e+00 0.000000e+00
    outer loop
      vertex   -9.338269e+00 4.000000e+00 1.350000e+00
      vertex   -8.385641e+00 4.000000e+00 8.000000e-01
      vertex   -9.608000e+00 4.000000e+00 6.988114e-01
    endloop
  endfacet
  facet normal -0.000000e+00 1.000000e+00 0.000000e+00
    outer loop
      vertex   -9.608000e+00 4.000000e+00 6.988114e-01
      vertex   -8.385641e+00 4.000000e+00 8.000000e-01
      vertex   -8.545481e+00 4.000000e+00 4.141105e-01
    endloop
  endfacet
  facet normal 0.000000e+00 1.000000e+00 0.000000e+00
    outer loop
      vertex   -9.608000e+00 4.000000e+00 6.988114e-01
      vertex   -8.545481e+00 4.000000e+00 4.141105e-01
      vertex   -9.700000e+00 4.000000e+00 -1.554312e-15
    endloop
  endfacet
  facet normal 0.000000e+00 1.000000e+00 0.000000e+00
    outer loop
      vertex   -9.700000e+00 4.000000e+00 -1.554312e-15
      vertex   -8.545481e+00 4.000000e+00 4.141105e-01
      vertex   -8.600000e+00 4.000000e+00 -1.554312e-15
    endloop
  endfacet
  facet normal -0.000000e+00 1.000000e+00 0.000000e+00
    outer loop
      vertex   -9.700000e+00 4.000000e+00 -1.554312e-15
      vertex   -8.600000e+00 4.000000e+00 -1.554312e-15
      vertex   -9.608000e+00 4.000000e+00 -6.988114e-01
    endloop
  endfacet
  facet normal 0.000000e+00 1.000000e+00 0.000000e+00
    outer loop
      vertex   -9.608000e+00 4.000000e+00 -6.988114e-01
      vertex   -8.600000e+00 4.000000e+00 -1.554312e-15
      vertex   -8.545481e+00 4.000000e+00 -4.141105e-01
    endloop
  endfacet
  facet normal -0.000000e+00 1.000000e+00 0.000000e+00
    outer loop
      vertex   -9.608000e+00 4.000000e+00 -6.988114e-01
      vertex   -8.545481e+00 4.000000e+00 -4.141105e-01
      vertex   -8.385641e+00 4.000000e+00 -8.000000e-01
    endloop
  endfacet
  facet normal 0.000000e+00 1.000000e+00 0.000000e+00
    outer loop
      vertex   -9.608000e+00 4.000000e+00 -6.988114e-01
      vertex   -8.385641e+00 4.000000e+00 -8.000000e-01
      vertex   -9.338269e+00 4.000000e+00 -1.350000e+00
    endloop
  endfacet
  facet normal 0.000000e+00 1.000000e+00 0.000000e+00
    outer loop
      vertex   -9.338269e+00 4.000000e+00 -1.350000e+00
      vertex   -8.385641e+00 4.000000e+00 -8.000000e-01
      vertex   -8.131371e+00 4.000000e+00 -1.131371e+00
    endloop
  endfacet
  facet normal -0.000000e+00 1.000000e+00 0.000000e+00
    outer loop
      vertex   -9.338269e+00 4.000000e+00 -1.350000e+00
      vertex   -8.131371e+00 4.000000e+00 -1.131371e+00
      vertex   -8.909188e+00 4.000000e+00 -1.909188e+00
    endloop
  endfacet
  facet normal 0.000000e+00 1.000000e+00 0.000000e+00
    outer loop
      vertex   -8.909188e+00 4.000000e+00 -1.909188e+00
      vertex   -8.131371e+00 4.000000e+00 -1.131371e+00
      vertex   -7.800000e+00 4.000000e+00 -1.385641e+00
    endloop
  endfacet
  facet normal -0.000000e+00 1.000000e+00 0.000000e+00
    outer loop
      vertex   -8.909188e+00 4.000000e+00 -1.909188e+00
      vertex   -7.800000e+00 4.000000e+00 -1.385641e+00
      vertex   -8.350000e+00 4.000000e+00 -2.338269e+00
    endloop
  endfacet
  facet normal 0.000000e+00 1.000000e+00 0.000000e+00
    outer loop
      vertex   -8.350000e+00 4.000000e+00 -2.338269e+00
      vertex   -7.800000e+00 4.000000e+00 -1.385641e+00
      vertex   -7.414110e+00 4.000000e+00 -1.545481e+00
    endloop
  endfacet
  facet normal -0.000000e+00 1.000000e+00 0.000000e+00
    outer loop
      vertex   -8.350000e+00 4.000000e+00 -2.338269e+00
      vertex   -7.414110e+00 4.000000e+00 -1.545481e+00
      vertex   -7.698811e+00 4.000000e+00 -2.608000e+00
    endloop
  endfacet
  facet normal 0.000000e+00 1.000000e+00 0.000000e+00
    outer loop
      vertex   -7.698811e+00 4.000000e+00 -2.608000e+00
      vertex   -7.414110e+00 4.000000e+00 -1.545481e+00
      vertex   -7.000000e+00 4.000000e+00 -1.600000e+00
    endloop
  endfacet
  facet normal -0.000000e+00 1.000000e+00 0.000000e+00
    outer loop
      vertex   -7.698811e+00 4.000000e+00 -2.608000e+00
      vertex   -7.000000e+00 4.000000e+00 -1.600000e+00
      vertex   -7.000000e+00 4.000000e+00 -2.700000e+00
    endloop
  endfacet
  facet normal 0.000000e+00 1.000000e+00 0.000000e+00
    outer loop
      vertex   -7.000000e+00 4.000000e+00 -2.700000e+00
      vertex   -7.000000e+00 4.000000e+00 -1.600000e+00
      vertex   -6.301189e+00 4.000000e+00 -2.608000e+00
    endloop
  endfacet
  facet normal 0.000000e+00 1.000000e+00 0.000000e+00
    outer loop
      vertex   -6.301189e+00 4.000000e+00 -2.608000e+00
      vertex   -7.000000e+00 4.000000e+00 -1.600000e+00
      vertex   -6.585890e+00 4.000000e+00 -1.545481e+00
    endloop
  endfacet
  facet normal 0.000000e+00 1.000000e+00 -0.000000e+00
    outer loop
      vertex   -6.301189e+00 4.000000e+00 -2.608000e+00
      vertex   -6.585890e+00 4.000000e+00 -1.545481e+00
      vertex   -5.650000e+00 4.000000e+00 -2.338269e+00
    endloop
  endfacet
  facet normal 0.000000e+00 1.000000e+00 0.000000e+00
    outer loop
      vertex   -5.650000e+00 4.000000e+00 -2.338269e+00
      vertex   -6.585890e+00 4.000000e+00 -1.545481e+00
      vertex   -6.200000e+00 4.000000e+00 -1.385641e+00
    endloop
  endfacet
  facet normal 0.000000e+00 1.000000e+00 -0.000000e+00
    outer loop
      vertex   -5.650000e+00 4.000000e+00 -2.338269e+00
      vertex   -6.200000e+00 4.000000e+00 -1.385641e+00
      vertex   -5.090812e+00 4.000000e+00 -1.909188e+00
    endloop
  endfacet
  facet normal 0.000000e+00 1.000000e+00 0.000000e+00
    outer loop
      vertex   -5.090812e+00 4.000000e+00 -1.909188e+00
      vertex   -6.200000e+00 4.000000e+00 -1.385641e+00
      vertex   -5.868629e+00 4.000000e+00 -1.131371e+00
    endloop
  endfacet
  facet normal 0.000000e+00 1.000000e+00 -0.000000e+00
    outer loop
      vertex   -5.090812e+00 4.000000e+00 -1.909188e+00
      vertex   -5.868629e+00 4.000000e+00 -1.131371e+00
      vertex   -4.661731e+00 4.000000e+00 -1.350000e+00
    endloop
  endfacet
  facet normal 0.000000e+00 1.000000e+00 0.000000e+00
    outer loop
      vertex   -4.661731e+00 4.000000e+00 -1.350000e+00
      vertex   -5.868629e+00 4.000000e+00 -1.131371e+00
      vertex   -5.614359e+00 4.000000e+00 -8.000000e-01
    endloop
  endfacet
  facet normal 0.000000e+00 1.000000e+00 -0.000000e+00
    outer loop
      vertex   -4.661731e+00 4.000000e+00 -1.350000e+00
      vertex   -5.614359e+00 4.000000e+00 -8.000000e-01
      vertex   -4.392000e+00 4.000000e+00 -6.988114e-01
    endloop
  endfacet
  facet normal 0.000000e+00 1.000000e+00 0.000000e+00
    outer loop
      vertex   -4.392000e+00 4.000000e+00 -6.988114e-01
      vertex   -5.614359e+00 4.000000e+00 -8.000000e-01
      vertex   -5.454519e+00 4.000000e+00 -4.141105e-01
    endloop
  endfacet
  facet normal 0.000000e+00 1.000000e+00 -0.000000e+00
    outer loop
      vertex   -4.392000e+00 4.000000e+00 -6.988114e-01
      vertex   -5.454519e+00 4.000000e+00 -4.141105e-01
      vertex   -4.300000e+00 4.000000e+00 -1.884967e-15
    endloop
  endfacet
  facet normal -9.914449e-01 0.000000e+00 -1.305262e-01
    outer loop
      vertex   2.608000e+00 4.000000e+00 7.698811e+00
      vertex   2.608000e+00 5.000000e+00 7.698811e+00
      vertex   2.700000e+00 4.000000e+00 7.000000e+00
    endloop
  endfacet
  facet normal -9.914449e-01 0.000000e+00 -1.305262e-01
    outer loop
      vertex   2.700000e+00 4.000000e+00 7.000000e+00
      vertex   2.608000e+00 5.000000e+00 7.698811e+00
      vertex   2.700000e+00 5.000000e+00 7.000000e+00
    endloop
  endfacet
  facet normal -9.914449e-01 0.000000e+00 1.305262e-01
    outer loop
      vertex   2.700000e+00 4.000000e+00 7.000000e+00
      vertex   2.700000e+00 5.000000e+00 7.000000e+00
      vertex   2.608000e+00 4.000000e+00 6.301189e+00
    endloop
  endfacet
  facet normal -9.914449e-01 0.000000e+00 1.305262e-01
    outer loop
      vertex   2.608000e+00 4.000000e+00 6.301189e+00
      vertex   2.700000e+00 5.000000e+00 7.000000e+00
      vertex   2.608000e+00 5.000000e+00 6.301189e+00
    endloop
  endfacet
  facet normal -9.238795e-01 0.000000e+00 3.826834e-01
    outer loop
      vertex   2.608000e+00 4.000000e+00 6.301189e+00
      vertex   2.608000e+00 5.000000e+00 6.301189e+00
      vertex   2.338269e+00 4.000000e+00 5.650000e+00
    endloop
  endfacet
  facet normal -9.238795e-01 0.000000e+00 3.826834e-01
    outer loop
      vertex   2.338269e+00 4.000000e+00 5.650000e+00
      vertex   2.608000e+00 5.000000e+00 6.301189e+00
      vertex   2.338269e+00 5.000000e+00 5.650000e+00
    endloop
  endfacet
  facet normal -7.933533e-01 0.000000e+00 6.087614e-01
    outer loop
      vertex   2.338269e+00 4.000000e+00 5.650000e+00
      vertex   2.338269e+00 5.000000e+00 5.650000e+00
      vertex   1.909188e+00 4.000000e+00 5.090812e+00
    endloop
  endfacet
  facet normal -7.933533e-01 0.000000e+00 6.087614e-01
    outer loop
      vertex   1.909188e+00 4.000000e+00 5.090812e+00
      vertex   2.338269e+00 5.000000e+00 5.650000e+00
      vertex   1.909188e+00 5.000000e+00 5.090812e+00
    endloop
  endfacet
  facet normal -6.087614e-01 0.000000e+00 7.933533e-01
    outer loop
      vertex   1.909188e+00 4.000000e+00 5.090812e+00
      vertex   1.909188e+00 5.000000e+00 5.090812e+00
      vertex   1.350000e+00 4.000000e+00 4.661731e+00
    endloop
  endfacet
  facet normal -6.087614e-01 0.000000e+00 7.933533e-01
    outer loop
      vertex   1.350000e+00 4.000000e+00 4.661731e+00
      vertex   1.909188e+00 5.000000e+00 5.090812e+00
      vertex   1.350000e+00 5.000000e+00 4.661731e+00
    endloop
  endfacet
  facet normal -3.826834e-01 0.000000e+00 9.238795e-01
    outer loop
      vertex   1.350000e+00 4.000000e+00 4.661731e+00
      vertex   1.350000e+00 5.000000e+00 4.661731e+00
      vertex   6.988114e-01 4.000000e+00 4.392000e+00
    endloop
  endfacet
  facet normal -3.826834e-01 0.000000e+00 9.238795e-01
    outer loop
      vertex   6.988114e-01 4.000000e+00 4.392000e+00
      vertex   1.350000e+00 5.000000e+00 4.661731e+00
      vertex   6.988114e-01 5.000000e+00 4.392000e+00
    endloop
  endfacet
  facet normal -1.305262e-01 0.000000e+00 9.914449e-01
    outer loop
      vertex   6.988114e-01 4.000000e+00 4.392000e+00
      vertex   6.988114e-01 5.000000e+00 4.392000e+00
      vertex   -1.022580e-15 4.000000e+00 4.300000e+00
    endloop
  endfacet
  facet normal -1.305262e-01 0.000000e+00 9.914449e-01
    outer loop
      vertex   -1.022580e-15 4.000000e+00 4.300000e+00
      vertex   6.988114e-01 5.000000e+00 4.392000e+00
      vertex   -1.022580e-15 5.000000e+00 4.300000e+00
    endloop
  endfacet
  facet normal 1.305262e-01 -0.000000e+00 9.914449e-01
    outer loop
      vertex   -1.022580e-15 4.000000e+00 4.300000e+00
      vertex   -1.022580e-15 5.000000e+00 4.300000e+00
      vertex   -6.988114e-01 4.000000e+00 4.392000e+00
    endloop
  endfacet
  facet normal 1.305262e-01 -0.000000e+00 9.914449e-01
    outer loop
      vertex   -6.988114e-01 4.000000e+00 4.392000e+00
      vertex   -1.022580e-15 5.000000e+00 4.300000e+00
      vertex   -6.988114e-01 5.000000e+00 4.392000e+00
    endloop
  endfacet
  facet normal 3.826834e-01 -0.000000e+00 9.238795e-01
    outer loop
      vertex   -6.988114e-01 4.000000e+00 4.392000e+00
      vertex   -6.988114e-01 5.000000e+00 4.392000e+00
      vertex   -1.350000e+00 4.000000e+00 4.661731e+00
    endloop
  endfacet
  facet normal 3.826834e-01 -0.000000e+00 9.238795e-01
    outer loop
      vertex   -1.350000e+00 4.000000e+00 4.661731e+00
      vertex   -6.988114e-01 5.000000e+00 4.392000e+00
      vertex   -1.350000e+00 5.000000e+00 4.661731e+00
    endloop
  endfacet
  facet normal 6.087614e-01 -0.000000e+00 7.933533e-01
    outer loop
      vertex   -1.350000e+00 4.000000e+00 4.661731e+00
      vertex   -1.350000e+00 5.000000e+00 4.661731e+00
      vertex   -1.909188e+00 4.000000e+00 5.090812e+00
    endloop
  endfacet
  facet normal 6.087614e-01 -0.000000e+00 7.933533e-01
    outer loop
      vertex   -1.909188e+00 4.000000e+00 5.090812e+00
      vertex   -1.350000e+00 5.000000e+00 4.661731e+00
      vertex   -1.909188e+00 5.000000e+00 5.090812e+00
    endloop
  endfacet
  facet normal 7.933533e-01 -0.000000e+00 6.087614e-01
    outer loop
      vertex   -1.909188e+00 4.000000e+00 5.090812e+00
      vertex   -1.909188e+00 5.000000e+00 5.090812e+00
      vertex   -2.338269e+00 4.000000e+00 5.650000e+00
    endloop
  endfacet
  facet normal 7.933533e-01 -0.000000e+00 6.087614e-01
    outer loop
      vertex   -2.338269e+00 4.000000e+00 5.650000e+00
      vertex   -1.909188e+00 5.000000e+00 5.090812e+00
      vertex   -2.338269e+00 5.000000e+00 5.650000e+00
    endloop
  endfacet
  facet normal 9.238795e-01 -0.000000e+00 3.826834e-01
    outer loop
      vertex   -2.338269e+00 4.000000e+00 5.650000e+00
      vertex   -2.338269e+00 5.000000e+00 5.650000e+00
      vertex   -2.608000e+00 4.000000e+00 6.301189e+00
    endloop
  endfacet
  facet normal 9.238795e-01 -0.000000e+00 3.826834e-01
    outer loop
      vertex   -2.608000e+00 4.000000e+00 6.301189e+00
      vertex   -2.338269e+00 5.000000e+00 5.650000e+00
      vertex   -2.608000e+00 5.000000e+00 6.301189e+00
    endloop
  endfacet
  facet normal 9.914449e-01 -0.000000e+00 1.305262e-01
    outer loop
      vertex   -2.608000e+00 4.000000e+00 6.301189e+00
      vertex   -2.608000e+00 5.000000e+00 6.301189e+00
      vertex   -2.700000e+00 4.000000e+00 7.000000e+00
    endloop
  endfacet
  facet normal 9.914449e-01 -0.000000e+00 1.305262e-01
    outer loop
      vertex   -2.700000e+00 4.000000e+00 7.000000e+00
      vertex   -2.608000e+00 5.000000e+00 6.301189e+00
      vertex   -2.700000e+00 5.000000e+00 7.000000e+00
    endloop
  endfacet
  facet normal 9.914449e-01 0.000000e+00 -1.305262e-01
    outer loop
      vertex   -2.700000e+00 4.000000e+00 7.000000e+00
      vertex   -2.700000e+00 5.000000e+00 7.000000e+00
      vertex   -2.608000e+00 4.000000e+00 7.698811e+00
    endloop
  endfacet
  facet normal 9.914449e-01 0.000000e+00 -1.305262e-01
    outer loop
      vertex   -2.608000e+00 4.000000e+00 7.698811e+00
      vertex   -2.700000e+00 5.000000e+00 7.000000e+00
      vertex   -2.608000e+00 5.000000e+00 7.698811e+00
    endloop
  endfacet
  facet normal 9.238795e-01 0.000000e+00 -3.826834e-01
    outer loop
      vertex   -2.608000e+00 4.000000e+00 7.698811e+00
      vertex   -2.608000e+00 5.000000e+00 7.698811e+00
      vertex   -2.338269e+00 4.000000e+00 8.350000e+00
    endloop
  endfacet
  facet normal 9.238795e-01 0.000000e+00 -3.826834e-01
    outer loop
      vertex   -2.338269e+00 4.000000e+00 8.350000e+00
      vertex   -2.608000e+00 5.000000e+00 7.698811e+00
      vertex   -2.338269e+00 5.000000e+00 8.350000e+00
    endloop
  endfacet
  facet normal 7.933533e-01 0.000000e+00 -6.087614e-01
    outer loop
      vertex   -2.338269e+00 4.000000e+00 8.350000e+00
      vertex   -2.338269e+00 5.000000e+00 8.350000e+00
      vertex   -1.909188e+00 4.000000e+00 8.909188e+00
    endloop
  endfacet
  facet normal 7.933533e-01 0.000000e+00 -6.087614e-01
    outer loop
      vertex   -1.909188e+00 4.000000e+00 8.909188e+00
      vertex   -2.338269e+00 5.000000e+00 8.350000e+00
      vertex   -1.909188e+00 5.000000e+00 8.909188e+00
    endloop
  endfacet
  facet normal 6.087614e-01 0.000000e+00 -7.933533e-01
    outer loop
      vertex   -1.909188e+00 4.000000e+00 8.909188e+00
      vertex   -1.909188e+00 5.000000e+00 8.909188e+00
      vertex   -1.350000e+00 4.000000e+00 9.338269e+00
    endloop
  endfacet
  facet normal 6.087614e-01 0.000000e+00 -7.933533e-01
    outer loop
      vertex   -1.350000e+00 4.000000e+00 9.338269e+00
      vertex   -1.909188e+00 5.000000e+00 8.909188e+00
      vertex   -1.350000e+00 5.000000e+00 9.338269e+00
    endloop
  endfacet
  facet normal 3.826834e-01 0.000000e+00 -9.238795e-01
    outer loop
      vertex   -1.350000e+00 4.000000e+00 9.338269e+00
      vertex   -1.350000e+00 5.000000e+00 9.338269e+00
      vertex   -6.988114e-01 4.000000e+00 9.608000e+00
    endloop
  endfacet
  facet normal 3.826834e-01 0.000000e+00 -9.238795e-01
    outer loop
      vertex   -6.988114e-01 4.000000e+00 9.608000e+00
      vertex   -1.350000e+00 5.000000e+00 9.338269e+00
      vertex   -6.988114e-01 5.000000e+00 9.608000e+00
    endloop
  endfacet
  facet normal 1.305262e-01 0.000000e+00 -9.914449e-01
    outer loop
      vertex   -6.988114e-01 4.000000e+00 9.608000e+00
      vertex   -6.988114e-01 5.000000e+00 9.608000e+00
      vertex   -1.022580e-15 4.000000e+00 9.700000e+00
    endloop
  endfacet
  facet normal 1.305262e-01 0.000000e+00 -9.914449e-01
    outer loop
      vertex   -1.022580e-15 4.000000e+00 9.700000e+00
      vertex   -6.988114e-01 5.000000e+00 9.608000e+00
      vertex   -1.022580e-15 5.000000e+00 9.700000e+00
    endloop
  endfacet
  facet normal -1.305262e-01 0.000000e+00 -9.914449e-01
    outer loop
      vertex   -1.022580e-15 4.000000e+00 9.700000e+00
      vertex   -1.022580e-15 5.000000e+00 9.700000e+00
      vertex   6.988114e-01 4.000000e+00 9.608000e+00
    endloop
  endfacet
  facet normal -1.305262e-01 0.000000e+00 -9.914449e-01
    outer loop
      vertex   6.988114e-01 4.000000e+00 9.608000e+00
      vertex   -1.022580e-15 5.000000e+00 9.700000e+00
      vertex   6.988114e-01 5.000000e+00 9.608000e+00
    endloop
  endfacet
  facet normal -3.826834e-01 0.000000e+00 -9.238795e-01
    outer loop
      vertex   6.988114e-01 4.000000e+00 9.608000e+00
      vertex   6.988114e-01 5.000000e+00 9.608000e+00
      vertex   1.350000e+00 4.000000e+00 9.338269e+00
    endloop
  endfacet
  facet normal -3.826834e-01 0.000000e+00 -9.238795e-01
    outer loop
      vertex   1.350000e+00 4.000000e+00 9.338269e+00
      vertex   6.988114e-01 5.000000e+00 9.608000e+00
      vertex   1.350000e+00 5.000000e+00 9.338269e+00
    endloop
  endfacet
  facet normal -6.087614e-01 0.000000e+00 -7.933533e-01
    outer loop
      vertex   1.350000e+00 4.000000e+00 9.338269e+00
      vertex   1.350000e+00 5.000000e+00 9.338269e+00
      vertex   1.909188e+00 4.000000e+00 8.909188e+00
    endloop
  endfacet
  facet normal -6.087614e-01 0.000000e+00 -7.933533e-01
    outer loop
      vertex   1.909188e+00 4.000000e+00 8.909188e+00
      vertex   1.350000e+00 5.000000e+00 9.338269e+00
      vertex   1.909188e+00 5.000000e+00 8.909188e+00
    endloop
  endfacet
  facet normal -7.933533e-01 0.000000e+00 -6.087614e-01
    outer loop
      vertex   1.909188e+00 4.000000e+00 8.909188e+00
      vertex   1.909188e+00 5.000000e+00 8.909188e+00
      vertex   2.338269e+00 4.000000e+00 8.350000e+00
    endloop
  endfacet
  facet normal -7.933533e-01 0.000000e+00 -6.087614e-01
    outer loop
      vertex   2.338269e+00 4.000000e+00 8.350000e+00
      vertex   1.909188e+00 5.000000e+00 8.909188e+00
      vertex   2.338269e+00 5.000000e+00 8.350000e+00
    endloop
  endfacet
  facet normal -9.238795e-01 0.000000e+00 -3.826834e-01
    outer loop
      vertex   2.338269e+00 4.000000e+00 8.350000e+00
      vertex   2.338269e+00 5.000000e+00 8.350000e+00
      vertex   2.608000e+00 4.000000e+00 7.698811e+00
    endloop
  endfacet
  facet normal -9.238795e-01 0.000000e+00 -3.826834e-01
    outer loop
      vertex   2.608000e+00 4.000000e+00 7.698811e+00
      vertex   2.338269e+00 5.000000e+00 8.350000e+00
      vertex   2.608000e+00 5.000000e+00 7.698811e+00
    endloop
  endfacet
  facet normal 0.000000e+00 1.000000e+00 0.000000e+00
    outer loop
      vertex   1.545481e+00 4.000000e+00 6.585890e+00
      vertex   1.600000e+00 4.000000e+00 7.000000e+00
      vertex   2.700000e+00 4.000000e+00 7.000000e+00
    endloop
  endfacet
  facet normal 0.000000e+00 1.000000e+00 0.000000e+00
    outer loop
      vertex   2.700000e+00 4.000000e+00 7.000000e+00
      vertex   1.600000e+00 4.000000e+00 7.000000e+00
      vertex   1.545481e+00 4.000000e+00 7.414110e+00
    endloop
  endfacet
  facet normal 0.000000e+00 1.000000e+00 0.000000e+00
    outer loop
      vertex   2.700000e+00 4.000000e+00 7.000000e+00
      vertex   1.545481e+00 4.000000e+00 7.414110e+00
      vertex   2.608000e+00 4.000000e+00 7.698811e+00
    endloop
  endfacet
  facet normal 0.000000e+00 1.000000e+00 0.000000e+00
    outer loop
      vertex   2.608000e+00 4.000000e+00 7.698811e+00
      vertex   1.545481e+00 4.000000e+00 7.414110e+00
      vertex   1.385641e+00 4.000000e+00 7.800000e+00
    endloop
  endfacet
  facet normal 0.000000e+00 1.000000e+00 0.000000e+00
    outer loop
      vertex   2.608000e+00 4.000000e+00 7.698811e+00
      vertex   1.385641e+00 4.000000e+00 7.800000e+00
      vertex   2.338269e+00 4.000000e+00 8.350000e+00
    endloop
  endfacet
  facet normal 0.000000e+00 1.000000e+00 0.000000e+00
    outer loop
      vertex   2.338269e+00 4.000000e+00 8.350000e+00
      vertex   1.385641e+00 4.000000e+00 7.800000e+00
      vertex   1.131371e+00 4.000000e+00 8.131371e+00
    endloop
  endfacet
  facet normal 0.000000e+00 1.000000e+00 0.000000e+00
    outer loop
      vertex   2.338269e+00 4.000000e+00 8.350000e+00
      vertex   1.131371e+00 4.000000e+00 8.131371e+00
      vertex   1.909188e+00 4.000000e+00 8.909188e+00
    endloop
  endfacet
  facet normal 0.000000e+00 1.000000e+00 0.000000e+00
    outer loop
      vertex   1.909188e+00 4.000000e+00 8.909188e+00
      vertex   1.131371e+00 4.000000e+00 8.131371e+00
      vertex   8.000000e-01 4.000000e+00 8.385641e+00
    endloop
  endfacet
  facet normal 0.000000e+00 1.000000e+00 0.000000e+00
    outer loop
      vertex   1.909188e+00 4.000000e+00 8.909188e+00
      vertex   8.000000e-01 4.000000e+00 8.385641e+00
      vertex   1.350000e+00 4.000000e+00 9.338269e+00
    endloop
  endfacet
  facet normal 0.000000e+00 1.000000e+00 0.000000e+00
    outer loop
      vertex   1.350000e+00 4.000000e+00 9.338269e+00
      vertex   8.000000e-01 4.000000e+00 8.385641e+00
      vertex   4.141105e-01 4.000000e+00 8.545481e+00
    endloop
  endfacet
  facet normal 0.000000e+00 1.000000e+00 0.000000e+00
    outer loop
      vertex   1.350000e+00 4.000000e+00 9.338269e+00
      vertex   4.141105e-01 4.000000e+00 8.545481e+00
      vertex   6.988114e-01 4.000000e+00 9.608000e+00
    endloop
  endfacet
  facet normal 0.000000e+00 1.000000e+00 0.000000e+00
    outer loop
      vertex   6.988114e-01 4.000000e+00 9.608000e+00
      vertex   4.141105e-01 4.000000e+00 8.545481e+00
      vertex   -9.552245e-16 4.000000e+00 8.600000e+00
    endloop
  endfacet
  facet normal 0.000000e+00 1.000000e+00 0.000000e+00
    outer loop
      vertex   6.988114e-01 4.000000e+00 9.608000e+00
      vertex   -9.552245e-16 4.000000e+00 8.600000e+00
      vertex   -1.022580e-15 4.000000e+00 9.700000e+00
    endloop
  endfacet
  facet normal 0.000000e+00 1.000000e+00 0.000000e+00
    outer loop
      vertex   -1.022580e-15 4.000000e+00 9.700000e+00
      vertex   -9.552245e-16 4.000000e+00 8.600000e+00
      vertex   -6.988114e-01 4.000000e+00 9.608000e+00
    endloop
  endfacet
  facet normal 0.000000e+00 1.000000e+00 0.000000e+00
    outer loop
      vertex   -6.988114e-01 4.000000e+00 9.608000e+00
      vertex   -9.552245e-16 4.000000e+00 8.600000e+00
      vertex   -4.141105e-01 4.000000e+00 8.545481e+00
    endloop
  endfacet
  facet normal 0.000000e+00 1.000000e+00 0.000000e+00
    outer loop
      vertex   -6.988114e-01 4.000000e+00 9.608000e+00
      vertex   -4.141105e-01 4.000000e+00 8.545481e+00
      vertex   -1.350000e+00 4.000000e+00 9.338269e+00
    endloop
  endfacet
  facet normal 0.000000e+00 1.000000e+00 0.000000e+00
    outer loop
      vertex   -1.350000e+00 4.000000e+00 9.338269e+00
      vertex   -4.141105e-01 4.000000e+00 8.545481e+00
      vertex   -8.000000e-01 4.000000e+00 8.385641e+00
    endloop
  endfacet
  facet normal 0.000000e+00 1.000000e+00 0.000000e+00
    outer loop
      vertex   -1.350000e+00 4.000000e+00 9.338269e+00
      vertex   -8.000000e-01 4.000000e+00 8.385641e+00
      vertex   -1.909188e+00 4.000000e+00 8.909188e+00
    endloop
  endfacet
  facet normal 0.000000e+00 1.000000e+00 0.000000e+00
    outer loop
      vertex   -1.909188e+00 4.000000e+00 8.909188e+00
      vertex   -8.000000e-01 4.000000e+00 8.385641e+00
      vertex   -1.131371e+00 4.000000e+00 8.131371e+00
    endloop
  endfacet
  facet normal 0.000000e+00 1.000000e+00 0.000000e+00
    outer loop
      vertex   -1.909188e+00 4.000000e+00 8.909188e+00
      vertex   -1.131371e+00 4.000000e+00 8.131371e+00
      vertex   -2.338269e+00 4.000000e+00 8.350000e+00
    endloop
  endfacet
  facet normal 0.000000e+00 1.000000e+00 0.000000e+00
    outer loop
      vertex   -2.338269e+00 4.000000e+00 8.350000e+00
      vertex   -1.131371e+00 4.000000e+00 8.131371e+00
      vertex   -1.385641e+00 4.000000e+00 7.800000e+00
    endloop
  endfacet
  facet normal 0.000000e+00 1.000000e+00 0.000000e+00
    outer loop
      vertex   -2.338269e+00 4.000000e+00 8.350000e+00
      vertex   -1.385641e+00 4.000000e+00 7.800000e+00
      vertex   -2.608000e+00 4.000000e+00 7.698811e+00
    endloop
  endfacet
  facet normal -0.000000e+00 1.000000e+00 0.000000e+00
    outer loop
      vertex   -2.608000e+00 4.000000e+00 7.698811e+00
      vertex   -1.385641e+00 4.000000e+00 7.800000e+00
      vertex   -1.545481e+00 4.000000e+00 7.414110e+00
    endloop
  endfacet
  facet normal 0.000000e+00 1.000000e+00 0.000000e+00
    outer loop
      vertex   -2.608000e+00 4.000000e+00 7.698811e+00
      vertex   -1.545481e+00 4.000000e+00 7.414110e+00
      vertex   -2.700000e+00 4.000000e+00 7.000000e+00
    endloop
  endfacet
  facet normal 0.000000e+00 1.000000e+00 0.000000e+00
    outer loop
      vertex   -2.700000e+00 4.000000e+00 7.000000e+00
      vertex   -1.545481e+00 4.000000e+00 7.414110e+00
      vertex   -1.600000e+00 4.000000e+00 7.000000e+00
    endloop
  endfacet
  facet normal -0.000000e+00 1.000000e+00 0.000000e+00
    outer loop
      vertex   -2.700000e+00 4.000000e+00 7.000000e+00
      vertex   -1.600000e+00 4.000000e+00 7.000000e+00
      vertex   -2.608000e+00 4.000000e+00 6.301189e+00
    endloop
  endfacet
  facet normal 0.000000e+00 1.000000e+00 0.000000e+00
    outer loop
      vertex   -2.608000e+00 4.000000e+00 6.301189e+00
      vertex   -1.600000e+00 4.000000e+00 7.000000e+00
      vertex   -1.545481e+00 4.000000e+00 6.585890e+00
    endloop
  endfacet
  facet normal -0.000000e+00 1.000000e+00 0.000000e+00
    outer loop
      vertex   -2.608000e+00 4.000000e+00 6.301189e+00
      vertex   -1.545481e+00 4.000000e+00 6.585890e+00
      vertex   -1.385641e+00 4.000000e+00 6.200000e+00
    endloop
  endfacet
  facet normal 0.000000e+00 1.000000e+00 0.000000e+00
    outer loop
      vertex   -2.608000e+00 4.000000e+00 6.301189e+00
      vertex   -1.385641e+00 4.000000e+00 6.200000e+00
      vertex   -2.338269e+00 4.000000e+00 5.650000e+00
    endloop
  endfacet
  facet normal 0.000000e+00 1.000000e+00 0.000000e+00
    outer loop
      vertex   -2.338269e+00 4.000000e+00 5.650000e+00
      vertex   -1.385641e+00 4.000000e+00 6.200000e+00
      vertex   -1.131371e+00 4.000000e+00 5.868629e+00
    endloop
  endfacet
  facet normal -0.000000e+00 1.000000e+00 0.000000e+00
    outer loop
      vertex   -2.338269e+00 4.000000e+00 5.650000e+00
      vertex   -1.131371e+00 4.000000e+00 5.868629e+00
      vertex   -1.909188e+00 4.000000e+00 5.090812e+00
    endloop
  endfacet
  facet normal 0.000000e+00 1.000000e+00 0.000000e+00
    outer loop
      vertex   -1.909188e+00 4.000000e+00 5.090812e+00
      vertex   -1.131371e+00 4.000000e+00 5.868629e+00
      vertex   -8.000000e-01 4.000000e+00 5.614359e+00
    endloop
  endfacet
  facet normal -0.000000e+00 1.000000e+00 0.000000e+00
    outer loop
      vertex   -1.909188e+00 4.000000e+00 5.090812e+00
      vertex   -8.000000e-01 4.000000e+00 5.614359e+00
      vertex   -1.350000e+00 4.000000e+00 4.661731e+00
    endloop
  endfacet
  facet normal 0.000000e+00 1.000000e+00 0.000000e+00
    outer loop
      vertex   -1.350000e+00 4.000000e+00 4.661731e+00
      vertex   -8.000000e-01 4.000000e+00 5.614359e+00
      vertex   -4.141105e-01 4.000000e+00 5.454519e+00
    endloop
  endfacet
  facet normal -0.000000e+00 1.000000e+00 0.000000e+00
    outer loop
      vertex   -1.350000e+00 4.000000e+00 4.661731e+00
      vertex   -4.141105e-01 4.000000e+00 5.454519e+00
      vertex   -6.988114e-01 4.000000e+00 4.392000e+00
    endloop
  endfacet
  facet normal 0.000000e+00 1.000000e+00 0.000000e+00
    outer loop
      vertex   -6.988114e-01 4.000000e+00 4.392000e+00
      vertex   -4.141105e-01 4.000000e+00 5.454519e+00
      vertex   -9.552245e-16 4.000000e+00 5.400000e+00
    endloop
  endfacet
  facet normal -0.000000e+00 1.000000e+00 0.000000e+00
    outer loop
      vertex   -6.988114e-01 4.000000e+00 4.392000e+00
      vertex   -9.552245e-16 4.000000e+00 5.400000e+00
      vertex   -1.022580e-15 4.000000e+00 4.300000e+00
    endloop
  endfacet
  facet normal 0.000000e+00 1.000000e+00 0.000000e+00
    outer loop
      vertex   -1.022580e-15 4.000000e+00 4.300000e+00
      vertex   -9.552245e-16 4.000000e+00 5.400000e+00
      vertex   6.988114e-01 4.000000e+00 4.392000e+00
    endloop
  endfacet
  facet normal 0.000000e+00 1.000000e+00 0.000000e+00
    outer loop
      vertex   6.988114e-01 4.000000e+00 4.392000e+00
      vertex   -9.552245e-16 4.000000e+00 5.400000e+00
      vertex   4.141105e-01 4.000000e+00 5.454519e+00
    endloop
  endfacet
  facet normal 0.000000e+00 1.000000e+00 -0.000000e+00
    outer loop
      vertex   6.988114e-01 4.000000e+00 4.392000e+00
      vertex   4.141105e-01 4.000000e+00 5.454519e+00
      vertex   1.350000e+00 4.000000e+00 4.661731e+00
    endloop
  endfacet
  facet normal 0.000000e+00 1.000000e+00 0.000000e+00
    outer loop
      vertex   1.350000e+00 4.000000e+00 4.661731e+00
      vertex   4.141105e-01 4.000000e+00 5.454519e+00
      vertex   8.000000e-01 4.000000e+00 5.614359e+00
    endloop
  endfacet
  facet normal 0.000000e+00 1.000000e+00 -0.000000e+00
    outer loop
      vertex   1.350000e+00 4.000000e+00 4.661731e+00
      vertex   8.000000e-01 4.000000e+00 5.614359e+00
      vertex   1.909188e+00 4.000000e+00 5.090812e+00
    endloop
  endfacet
  facet normal 0.000000e+00 1.000000e+00 0.000000e+00
    outer loop
      vertex   1.909188e+00 4.000000e+00 5.090812e+00
      vertex   8.000000e-01 4.000000e+00 5.614359e+00
      vertex   1.131371e+00 4.000000e+00 5.868629e+00
    endloop
  endfacet
  facet normal 0.000000e+00 1.000000e+00 -0.000000e+00
    outer loop
      vertex   1.909188e+00 4.000000e+00 5.090812e+00
      vertex   1.131371e+00 4.000000e+00 5.868629e+00
      vertex   2.338269e+00 4.000000e+00 5.650000e+00
    endloop
  endfacet
  facet normal 0.000000e+00 1.000000e+00 0.000000e+00
    outer loop
      vertex   2.338269e+00 4.000000e+00 5.650000e+00
      vertex   1.131371e+00 4.000000e+00 5.868629e+00
      vertex   1.385641e+00 4.000000e+00 6.200000e+00
    endloop
  endfacet
  facet normal 0.000000e+00 1.000000e+00 -0.000000e+00
    outer loop
      vertex   2.338269e+00 4.000000e+00 5.650000e+00
      vertex   1.385641e+00 4.000000e+00 6.200000e+00
      vertex   2.608000e+00 4.000000e+00 6.301189e+00
    endloop
  endfacet
  facet normal 0.000000e+00 1.000000e+00 0.000000e+00
    outer loop
      vertex   2.608000e+00 4.000000e+00 6.301189e+00
      vertex   1.385641e+00 4.000000e+00 6.200000e+00
      vertex   1.545481e+00 4.000000e+00 6.585890e+00
    endloop
  endfacet
  facet normal 0.000000e+00 1.000000e+00 -0.000000e+00
    outer loop
      vertex   2.608000e+00 4.000000e+00 6.301189e+00
      vertex   1.545481e+00 4.000000e+00 6.585890e+00
      vertex   2.700000e+00 4.000000e+00 7.000000e+00
    endloop
  endfacet
  facet normal 0.000000e+00 -1.000000e+00 0.000000e+00
    outer loop
      vertex   8.545481e+00 2.000000e+00 4.141105e-01
      vertex   8.600000e+00 2.000000e+00 1.358369e-15
      vertex   1.000000e+01 2.000000e+00 -1.224647e-15
    endloop
  endfacet
  facet normal -0.000000e+00 -1.000000e+00 0.000000e+00
    outer loop
      vertex   1.000000e+01 2.000000e+00 -1.224647e-15
      vertex   8.600000e+00 2.000000e+00 1.358369e-15
      vertex   8.545481e+00 2.000000e+00 -4.141105e-01
    endloop
  endfacet
  facet normal 0.000000e+00 -1.000000e+00 0.000000e+00
    outer loop
      vertex   1.000000e+01 2.000000e+00 -1.224647e-15
      vertex   8.545481e+00 2.000000e+00 -4.141105e-01
      vertex   9.898214e+00 2.000000e+00 -1.423148e+00
    endloop
  endfacet
  facet normal 0.000000e+00 -1.000000e+00 0.000000e+00
    outer loop
      vertex   9.898214e+00 2.000000e+00 -1.423148e+00
      vertex   8.545481e+00 2.000000e+00 -4.141105e-01
      vertex   8.385641e+00 2.000000e+00 -8.000000e-01
    endloop
  endfacet
  facet normal 0.000000e+00 -1.000000e+00 0.000000e+00
    outer loop
      vertex   9.898214e+00 2.000000e+00 -1.423148e+00
      vertex   8.385641e+00 2.000000e+00 -8.000000e-01
      vertex   8.131371e+00 2.000000e+00 -1.131371e+00
    endloop
  endfacet
  facet normal -0.000000e+00 -1.000000e+00 0.000000e+00
    outer loop
      vertex   9.898214e+00 2.000000e+00 -1.423148e+00
      vertex   8.131371e+00 2.000000e+00 -1.131371e+00
      vertex   9.594930e+00 2.000000e+00 -2.817326e+00
    endloop
  endfacet
  facet normal 0.000000e+00 -1.000000e+00 0.000000e+00
    outer loop
      vertex   9.594930e+00 2.000000e+00 -2.817326e+00
      vertex   8.131371e+00 2.000000e+00 -1.131371e+00
      vertex   7.800000e+00 2.000000e+00 -1.385641e+00
    endloop
  endfacet
  facet normal 0.000000e+00 -1.000000e+00 0.000000e+00
    outer loop
      vertex   9.594930e+00 2.000000e+00 -2.817326e+00
      vertex   7.800000e+00 2.000000e+00 -1.385641e+00
      vertex   7.414110e+00 2.000000e+00 -1.545481e+00
    endloop
  endfacet
  facet normal -0.000000e+00 -1.000000e+00 0.000000e+00
    outer loop
      vertex   9.594930e+00 2.000000e+00 -2.817326e+00
      vertex   7.414110e+00 2.000000e+00 -1.545481e+00
      vertex   9.096320e+00 2.000000e+00 -4.154150e+00
    endloop
  endfacet
  facet normal 0.000000e+00 -1.000000e+00 0.000000e+00
    outer loop
      vertex   9.096320e+00 2.000000e+00 -4.154150e+00
      vertex   7.414110e+00 2.000000e+00 -1.545481e+00
      vertex   7.000000e+00 2.000000e+00 -1.600000e+00
    endloop
  endfacet
  facet normal -0.000000e+00 -1.000000e+00 0.000000e+00
    outer loop
      vertex   9.096320e+00 2.000000e+00 -4.154150e+00
      vertex   7.000000e+00 2.000000e+00 -1.600000e+00
      vertex   8.412535e+00 2.000000e+00 -5.406408e+00
    endloop
  endfacet
  facet normal 0.000000e+00 -1.000000e+00 0.000000e+00
    outer loop
      vertex   8.412535e+00 2.000000e+00 -5.406408e+00
      vertex   7.000000e+00 2.000000e+00 -1.600000e+00
      vertex   6.585890e+00 2.000000e+00 -1.545481e+00
    endloop
  endfacet
  facet normal -0.000000e+00 -1.000000e+00 0.000000e+00
    outer loop
      vertex   8.412535e+00 2.000000e+00 -5.406408e+00
      vertex   6.585890e+00 2.000000e+00 -1.545481e+00
      vertex   7.557496e+00 2.000000e+00 -6.548607e+00
    endloop
  endfacet
  facet normal 0.000000e+00 -1.000000e+00 0.000000e+00
    outer loop
      vertex   7.557496e+00 2.000000e+00 -6.548607e+00
      vertex   6.585890e+00 2.000000e+00 -1.545481e+00
      vertex   6.200000e+00 2.000000e+00 -1.385641e+00
    endloop
  endfacet
  facet normal 0.000000e+00 -1.000000e+00 0.000000e+00
    outer loop
      vertex   7.557496e+00 2.000000e+00 -6.548607e+00
      vertex   6.200000e+00 2.000000e+00 -1.385641e+00
      vertex   1.385641e+00 2.000000e+00 -6.200000e+00
    endloop
  endfacet
  facet normal 0.000000e+00 -1.000000e+00 0.000000e+00
    outer loop
      vertex   1.385641e+00 2.000000e+00 -6.200000e+00
      vertex   6.200000e+00 2.000000e+00 -1.385641e+00
      vertex   5.868629e+00 2.000000e+00 -1.131371e+00
    endloop
  endfacet
  facet normal 0.000000e+00 -1.000000e+00 0.000000e+00
    outer loop
      vertex   1.385641e+00 2.000000e+00 -6.200000e+00
      vertex   5.868629e+00 2.000000e+00 -1.131371e+00
      vertex   1.131371e+00 2.000000e+00 -5.868629e+00
    endloop
  endfacet
  facet normal 0.000000e+00 -1.000000e+00 0.000000e+00
    outer loop
      vertex   1.131371e+00 2.000000e+00 -5.868629e+00
      vertex   5.868629e+00 2.000000e+00 -1.131371e+00
      vertex   1.414214e+00 2.000000e+00 -1.414214e+00
    endloop
  endfacet
  facet normal 0.000000e+00 -1.000000e+00 0.000000e+00
    outer loop
      vertex   1.131371e+00 2.000000e+00 -5.868629e+00
      vertex   1.414214e+00 2.000000e+00 -1.414214e+00
      vertex   1.000000e+00 2.000000e+00 -1.732051e+00
    endloop
  endfacet
  facet normal 0.000000e+00 -1.000000e+00 0.000000e+00
    outer loop
      vertex   1.414214e+00 2.000000e+00 -1.414214e+00
      vertex   5.868629e+00 2.000000e+00 -1.131371e+00
      vertex   1.732051e+00 2.000000e+00 -1.000000e+00
    endloop
  endfacet
  facet normal 0.000000e+00 -1.000000e+00 0.000000e+00
    outer loop
      vertex   1.732051e+00 2.000000e+00 -1.000000e+00
      vertex   5.868629e+00 2.000000e+00 -1.131371e+00
      vertex   5.614359e+00 2.000000e+00 -8.000000e-01
    endloop
  endfacet
  facet normal 0.000000e+00 -1.000000e+00 0.000000e+00
    outer loop
      vertex   1.732051e+00 2.000000e+00 -1.000000e+00
      vertex   5.614359e+00 2.000000e+00 -8.000000e-01
      vertex   1.931852e+00 2.000000e+00 -5.176381e-01
    endloop
  endfacet
  facet normal 0.000000e+00 -1.000000e+00 0.000000e+00
    outer loop
      vertex   1.931852e+00 2.000000e+00 -5.176381e-01
      vertex   5.614359e+00 2.000000e+00 -8.000000e-01
      vertex   5.454519e+00 2.000000e+00 -4.141105e-01
    endloop
  endfacet
  facet normal 0.000000e+00 -1.000000e+00 0.000000e+00
    outer loop
      vertex   1.931852e+00 2.000000e+00 -5.176381e-01
      vertex   5.454519e+00 2.000000e+00 -4.141105e-01
      vertex   2.000000e+00 2.000000e+00 -2.449294e-16
    endloop
  endfacet
  facet normal 0.000000e+00 -1.000000e+00 0.000000e+00
    outer loop
      vertex   2.000000e+00 2.000000e+00 -2.449294e-16
      vertex   5.454519e+00 2.000000e+00 -4.141105e-01
      vertex   5.400000e+00 2.000000e+00 1.554312e-15
    endloop
  endfacet
  facet normal 0.000000e+00 -1.000000e+00 0.000000e+00
    outer loop
      vertex   2.000000e+00 2.000000e+00 -2.449294e-16
      vertex   5.400000e+00 2.000000e+00 1.554312e-15
      vertex   5.454519e+00 2.000000e+00 4.141105e-01
    endloop
  endfacet
  facet normal 0.000000e+00 -1.000000e+00 0.000000e+00
    outer loop
      vertex   2.000000e+00 2.000000e+00 -2.449294e-16
      vertex   5.454519e+00 2.000000e+00 4.141105e-01
      vertex   1.931852e+00 2.000000e+00 5.176381e-01
    endloop
  endfacet
  facet normal 0.000000e+00 -1.000000e+00 0.000000e+00
    outer loop
      vertex   1.931852e+00 2.000000e+00 5.176381e-01
      vertex   5.454519e+00 2.000000e+00 4.141105e-01
      vertex   5.614359e+00 2.000000e+00 8.000000e-01
    endloop
  endfacet
  facet normal 0.000000e+00 -1.000000e+00 0.000000e+00
    outer loop
      vertex   1.931852e+00 2.000000e+00 5.176381e-01
      vertex   5.614359e+00 2.000000e+00 8.000000e-01
      vertex   1.732051e+00 2.000000e+00 1.000000e+00
    endloop
  endfacet
  facet normal 0.000000e+00 -1.000000e+00 0.000000e+00
    outer loop
      vertex   1.732051e+00 2.000000e+00 1.000000e+00
      vertex   5.614359e+00 2.000000e+00 8.000000e-01
      vertex   5.868629e+00 2.000000e+00 1.131371e+00
    endloop
  endfacet
  facet normal 0.000000e+00 -1.000000e+00 0.000000e+00
    outer loop
      vertex   1.732051e+00 2.000000e+00 1.000000e+00
      vertex   5.868629e+00 2.000000e+00 1.131371e+00
      vertex   1.414214e+00 2.000000e+00 1.414214e+00
    endloop
  endfacet
  facet normal 0.000000e+00 -1.000000e+00 0.000000e+00
    outer loop
      vertex   1.414214e+00 2.000000e+00 1.414214e+00
      vertex   5.868629e+00 2.000000e+00 1.131371e+00
      vertex   1.131371e+00 2.000000e+00 5.868629e+00
    endloop
  endfacet
  facet normal 0.000000e+00 -1.000000e+00 0.000000e+00
    outer loop
      vertex   1.414214e+00 2.000000e+00 1.414214e+00
      vertex   1.131371e+00 2.000000e+00 5.868629e+00
      vertex   1.000000e+00 2.000000e+00 1.732051e+00
    endloop
  endfacet
  facet normal 0.000000e+00 -1.000000e+00 0.000000e+00
    outer loop
      vertex   1.000000e+00 2.000000e+00 1.732051e+00
      vertex   1.131371e+00 2.000000e+00 5.868629e+00
      vertex   8.000000e-01 2.000000e+00 5.614359e+00
    endloop
  endfacet
  facet normal 0.000000e+00 -1.000000e+00 0.000000e+00
    outer loop
      vertex   1.000000e+00 2.000000e+00 1.732051e+00
      vertex   8.000000e-01 2.000000e+00 5.614359e+00
      vertex   5.176381e-01 2.000000e+00 1.931852e+00
    endloop
  endfacet
  facet normal 0.000000e+00 -1.000000e+00 0.000000e+00
    outer loop
      vertex   5.176381e-01 2.000000e+00 1.931852e+00
      vertex   8.000000e-01 2.000000e+00 5.614359e+00
      vertex   4.141105e-01 2.000000e+00 5.454519e+00
    endloop
  endfacet
  facet normal 0.000000e+00 -1.000000e+00 0.000000e+00
    outer loop
      vertex   5.176381e-01 2.000000e+00 1.931852e+00
      vertex   4.141105e-01 2.000000e+00 5.454519e+00
      vertex   -1.224647e-16 2.000000e+00 2.000000e+00
    endloop
  endfacet
  facet normal 0.000000e+00 -1.000000e+00 0.000000e+00
    outer loop
      vertex   -1.224647e-16 2.000000e+00 2.000000e+00
      vertex   4.141105e-01 2.000000e+00 5.454519e+00
      vertex   -9.552245e-16 2.000000e+00 5.400000e+00
    endloop
  endfacet
  facet normal 0.000000e+00 -1.000000e+00 0.000000e+00
    outer loop
      vertex   -1.224647e-16 2.000000e+00 2.000000e+00
      vertex   -9.552245e-16 2.000000e+00 5.400000e+00
      vertex   -4.141105e-01 2.000000e+00 5.454519e+00
    endloop
  endfacet
  facet normal 0.000000e+00 -1.000000e+00 0.000000e+00
    outer loop
      vertex   5.868629e+00 2.000000e+00 1.131371e+00
      vertex   6.200000e+00 2.000000e+00 1.385641e+00
      vertex   1.131371e+00 2.000000e+00 5.868629e+00
    endloop
  endfacet
  facet normal 0.000000e+00 -1.000000e+00 0.000000e+00
    outer loop
      vertex   1.131371e+00 2.000000e+00 5.868629e+00
      vertex   6.200000e+00 2.000000e+00 1.385641e+00
      vertex   1.385641e+00 2.000000e+00 6.200000e+00
    endloop
  endfacet
  facet normal 0.000000e+00 -1.000000e+00 0.000000e+00
    outer loop
      vertex   1.385641e+00 2.000000e+00 6.200000e+00
      vertex   6.200000e+00 2.000000e+00 1.385641e+00
      vertex   7.557496e+00 2.000000e+00 6.548607e+00
    endloop
  endfacet
  facet normal 0.000000e+00 -1.000000e+00 0.000000e+00
    outer loop
      vertex   1.385641e+00 2.000000e+00 6.200000e+00
      vertex   7.557496e+00 2.000000e+00 6.548607e+00
      vertex   6.548607e+00 2.000000e+00 7.557496e+00
    endloop
  endfacet
  facet normal 0.000000e+00 -1.000000e+00 0.000000e+00
    outer loop
      vertex   6.200000e+00 2.000000e+00 1.385641e+00
      vertex   6.585890e+00 2.000000e+00 1.545481e+00
      vertex   7.557496e+00 2.000000e+00 6.548607e+00
    endloop
  endfacet
  facet normal 0.000000e+00 -1.000000e+00 -0.000000e+00
    outer loop
      vertex   7.557496e+00 2.000000e+00 6.548607e+00
      vertex   6.585890e+00 2.000000e+00 1.545481e+00
      vertex   8.412535e+00 2.000000e+00 5.406408e+00
    endloop
  endfacet
  facet normal 0.000000e+00 -1.000000e+00 0.000000e+00
    outer loop
      vertex   8.412535e+00 2.000000e+00 5.406408e+00
      vertex   6.585890e+00 2.000000e+00 1.545481e+00
      vertex   7.000000e+00 2.000000e+00 1.600000e+00
    endloop
  endfacet
  facet normal 0.000000e+00 -1.000000e+00 -0.000000e+00
    outer loop
      vertex   8.412535e+00 2.000000e+00 5.406408e+00
      vertex   7.000000e+00 2.000000e+00 1.600000e+00
      vertex   9.096320e+00 2.000000e+00 4.154150e+00
    endloop
  endfacet
  facet normal 0.000000e+00 -1.000000e+00 0.000000e+00
    outer loop
      vertex   9.096320e+00 2.000000e+00 4.154150e+00
      vertex   7.000000e+00 2.000000e+00 1.600000e+00
      vertex   7.414110e+00 2.000000e+00 1.545481e+00
    endloop
  endfacet
  facet normal 0.000000e+00 -1.000000e+00 -0.000000e+00
    outer loop
      vertex   9.096320e+00 2.000000e+00 4.154150e+00
      vertex   7.414110e+00 2.000000e+00 1.545481e+00
      vertex   9.594930e+00 2.000000e+00 2.817326e+00
    endloop
  endfacet
  facet normal 0.000000e+00 -1.000000e+00 0.000000e+00
    outer loop
      vertex   9.594930e+00 2.000000e+00 2.817326e+00
      vertex   7.414110e+00 2.000000e+00 1.545481e+00
      vertex   7.800000e+00 2.000000e+00 1.385641e+00
    endloop
  endfacet
  facet normal 0.000000e+00 -1.000000e+00 0.000000e+00
    outer loop
      vertex   9.594930e+00 2.000000e+00 2.817326e+00
      vertex   7.800000e+00 2.000000e+00 1.385641e+00
      vertex   8.131371e+00 2.000000e+00 1.131371e+00
    endloop
  endfacet
  facet normal 0.000000e+00 -1.000000e+00 -0.000000e+00
    outer loop
      vertex   9.594930e+00 2.000000e+00 2.817326e+00
      vertex   8.131371e+00 2.000000e+00 1.131371e+00
      vertex   9.898214e+00 2.000000e+00 1.423148e+00
    endloop
  endfacet
  facet normal 0.000000e+00 -1.000000e+00 0.000000e+00
    outer loop
      vertex   9.898214e+00 2.000000e+00 1.423148e+00
      vertex   8.131371e+00 2.000000e+00 1.131371e+00
      vertex   8.385641e+00 2.000000e+00 8.000000e-01
    endloop
  endfacet
  facet normal 0.000000e+00 -1.000000e+00 0.000000e+00
    outer loop
      vertex   9.898214e+00 2.000000e+00 1.423148e+00
      vertex   8.385641e+00 2.000000e+00 8.000000e-01
      vertex   8.545481e+00 2.000000e+00 4.141105e-01
    endloop
  endfacet
  facet normal 0.000000e+00 -1.000000e+00 -0.000000e+00
    outer loop
      vertex   9.898214e+00 2.000000e+00 1.423148e+00
      vertex   8.545481e+00 2.000000e+00 4.141105e-01
      vertex   1.000000e+01 2.000000e+00 -1.224647e-15
    endloop
  endfacet
  facet normal 0.000000e+00 -1.000000e+00 0.000000e+00
    outer loop
      vertex   1.545481e+00 2.000000e+00 6.585890e+00
      vertex   5.406408e+00 2.000000e+00 8.412535e+00
      vertex   1.600000e+00 2.000000e+00 7.000000e+00
    endloop
  endfacet
  facet normal 0.000000e+00 -1.000000e+00 0.000000e+00
    outer loop
      vertex   1.600000e+00 2.000000e+00 7.000000e+00
      vertex   5.406408e+00 2.000000e+00 8.412535e+00
      vertex   4.154150e+00 2.000000e+00 9.096320e+00
    endloop
  endfacet
  facet normal 0.000000e+00 -1.000000e+00 0.000000e+00
    outer loop
      vertex   1.600000e+00 2.000000e+00 7.000000e+00
      vertex   4.154150e+00 2.000000e+00 9.096320e+00
      vertex   1.545481e+00 2.000000e+00 7.414110e+00
    endloop
  endfacet
  facet normal 0.000000e+00 -1.000000e+00 0.000000e+00
    outer loop
      vertex   1.545481e+00 2.000000e+00 7.414110e+00
      vertex   4.154150e+00 2.000000e+00 9.096320e+00
      vertex   2.817326e+00 2.000000e+00 9.594930e+00
    endloop
  endfacet
  facet normal 0.000000e+00 -1.000000e+00 0.000000e+00
    outer loop
      vertex   1.545481e+00 2.000000e+00 7.414110e+00
      vertex   2.817326e+00 2.000000e+00 9.594930e+00
      vertex   1.385641e+00 2.000000e+00 7.800000e+00
    endloop
  endfacet
  facet normal 0.000000e+00 -1.000000e+00 0.000000e+00
    outer loop
      vertex   1.385641e+00 2.000000e+00 7.800000e+00
      vertex   2.817326e+00 2.000000e+00 9.594930e+00
      vertex   1.131371e+00 2.000000e+00 8.131371e+00
    endloop
  endfacet
  facet normal 0.000000e+00 -1.000000e+00 0.000000e+00
    outer loop
      vertex   1.131371e+00 2.000000e+00 8.131371e+00
      vertex   2.817326e+00 2.000000e+00 9.594930e+00
      vertex   1.423148e+00 2.000000e+00 9.898214e+00
    endloop
  endfacet
  facet normal 0.000000e+00 -1.000000e+00 0.000000e+00
    outer loop
      vertex   1.131371e+00 2.000000e+00 8.131371e+00
      vertex   1.423148e+00 2.000000e+00 9.898214e+00
      vertex   8.000000e-01 2.000000e+00 8.385641e+00
    endloop
  endfacet
  facet normal 0.000000e+00 -1.000000e+00 0.000000e+00
    outer loop
      vertex   8.000000e-01 2.000000e+00 8.385641e+00
      vertex   1.423148e+00 2.000000e+00 9.898214e+00
      vertex   4.141105e-01 2.000000e+00 8.545481e+00
    endloop
  endfacet
  facet normal 0.000000e+00 -1.000000e+00 0.000000e+00
    outer loop
      vertex   4.141105e-01 2.000000e+00 8.545481e+00
      vertex   1.423148e+00 2.000000e+00 9.898214e+00
      vertex   -6.123234e-16 2.000000e+00 1.000000e+01
    endloop
  endfacet
  facet normal 0.000000e+00 -1.000000e+00 0.000000e+00
    outer loop
      vertex   4.141105e-01 2.000000e+00 8.545481e+00
      vertex   -6.123234e-16 2.000000e+00 1.000000e+01
      vertex   -9.552245e-16 2.000000e+00 8.600000e+00
    endloop
  endfacet
  facet normal -0.000000e+00 -1.000000e+00 0.000000e+00
    outer loop
      vertex   -9.552245e-16 2.000000e+00 8.600000e+00
      vertex   -6.123234e-16 2.000000e+00 1.000000e+01
      vertex   -4.141105e-01 2.000000e+00 8.545481e+00
    endloop
  endfacet
  facet normal 0.000000e+00 -1.000000e+00 0.000000e+00
    outer loop
      vertex   -4.141105e-01 2.000000e+00 8.545481e+00
      vertex   -6.123234e-16 2.000000e+00 1.000000e+01
      vertex   -1.423148e+00 2.000000e+00 9.898214e+00
    endloop
  endfacet
  facet normal -0.000000e+00 -1.000000e+00 0.000000e+00
    outer loop
      vertex   -4.141105e-01 2.000000e+00 8.545481e+00
      vertex   -1.423148e+00 2.000000e+00 9.898214e+00
      vertex   -8.000000e-01 2.000000e+00 8.385641e+00
    endloop
  endfacet
  facet normal -0.000000e+00 -1.000000e+00 0.000000e+00
    outer loop
      vertex   -8.000000e-01 2.000000e+00 8.385641e+00
      vertex   -1.423148e+00 2.000000e+00 9.898214e+00
      vertex   -1.131371e+00 2.000000e+00 8.131371e+00
    endloop
  endfacet
  facet normal 0.000000e+00 -1.000000e+00 0.000000e+00
    outer loop
      vertex   -1.131371e+00 2.000000e+00 8.131371e+00
      vertex   -1.423148e+00 2.000000e+00 9.898214e+00
      vertex   -2.817326e+00 2.000000e+00 9.594930e+00
    endloop
  endfacet
  facet normal -0.000000e+00 -1.000000e+00 0.000000e+00
    outer loop
      vertex   -1.131371e+00 2.000000e+00 8.131371e+00
      vertex   -2.817326e+00 2.000000e+00 9.594930e+00
      vertex   -1.385641e+00 2.000000e+00 7.800000e+00
    endloop
  endfacet
  facet normal -0.000000e+00 -1.000000e+00 0.000000e+00
    outer loop
      vertex   -1.385641e+00 2.000000e+00 7.800000e+00
      vertex   -2.817326e+00 2.000000e+00 9.594930e+00
      vertex   -1.545481e+00 2.000000e+00 7.414110e+00
    endloop
  endfacet
  facet normal 0.000000e+00 -1.000000e+00 0.000000e+00
    outer loop
      vertex   -1.545481e+00 2.000000e+00 7.414110e+00
      vertex   -2.817326e+00 2.000000e+00 9.594930e+00
      vertex   -4.154150e+00 2.000000e+00 9.096320e+00
    endloop
  endfacet
  facet normal -0.000000e+00 -1.000000e+00 0.000000e+00
    outer loop
      vertex   -1.545481e+00 2.000000e+00 7.414110e+00
      vertex   -4.154150e+00 2.000000e+00 9.096320e+00
      vertex   -1.600000e+00 2.000000e+00 7.000000e+00
    endloop
  endfacet
  facet normal 0.000000e+00 -1.000000e+00 0.000000e+00
    outer loop
      vertex   -1.600000e+00 2.000000e+00 7.000000e+00
      vertex   -4.154150e+00 2.000000e+00 9.096320e+00
      vertex   -5.406408e+00 2.000000e+00 8.412535e+00
    endloop
  endfacet
  facet normal -0.000000e+00 -1.000000e+00 -0.000000e+00
    outer loop
      vertex   -1.600000e+00 2.000000e+00 7.000000e+00
      vertex   -5.406408e+00 2.000000e+00 8.412535e+00
      vertex   -1.545481e+00 2.000000e+00 6.585890e+00
    endloop
  endfacet
  facet normal 0.000000e+00 -1.000000e+00 0.000000e+00
    outer loop
      vertex   -1.545481e+00 2.000000e+00 6.585890e+00
      vertex   -5.406408e+00 2.000000e+00 8.412535e+00
      vertex   -6.548607e+00 2.000000e+00 7.557496e+00
    endloop
  endfacet
  facet normal -0.000000e+00 -1.000000e+00 -0.000000e+00
    outer loop
      vertex   -1.545481e+00 2.000000e+00 6.585890e+00
      vertex   -6.548607e+00 2.000000e+00 7.557496e+00
      vertex   -1.385641e+00 2.000000e+00 6.200000e+00
    endloop
  endfacet
  facet normal 0.000000e+00 -1.000000e+00 0.000000e+00
    outer loop
      vertex   -1.385641e+00 2.000000e+00 6.200000e+00
      vertex   -6.548607e+00 2.000000e+00 7.557496e+00
      vertex   -7.557496e+00 2.000000e+00 6.548607e+00
    endloop
  endfacet
  facet normal -0.000000e+00 -1.000000e+00 0.000000e+00
    outer loop
      vertex   -1.385641e+00 2.000000e+00 6.200000e+00
      vertex   -7.557496e+00 2.000000e+00 6.548607e+00
      vertex   -6.200000e+00 2.000000e+00 1.385641e+00
    endloop
  endfacet
  facet normal 0.000000e+00 -1.000000e+00 0.000000e+00
    outer loop
      vertex   -6.200000e+00 2.000000e+00 1.385641e+00
      vertex   -7.557496e+00 2.000000e+00 6.548607e+00
      vertex   -6.585890e+00 2.000000e+00 1.545481e+00
    endloop
  endfacet
  facet normal 0.000000e+00 -1.000000e+00 0.000000e+00
    outer loop
      vertex   -6.585890e+00 2.000000e+00 1.545481e+00
      vertex   -7.557496e+00 2.000000e+00 6.548607e+00
      vertex   -8.412535e+00 2.000000e+00 5.406408e+00
    endloop
  endfacet
  facet normal 0.000000e+00 -1.000000e+00 0.000000e+00
    outer loop
      vertex   -6.585890e+00 2.000000e+00 1.545481e+00
      vertex   -8.412535e+00 2.000000e+00 5.406408e+00
      vertex   -7.000000e+00 2.000000e+00 1.600000e+00
    endloop
  endfacet
  facet normal 0.000000e+00 -1.000000e+00 0.000000e+00
    outer loop
      vertex   -7.000000e+00 2.000000e+00 1.600000e+00
      vertex   -8.412535e+00 2.000000e+00 5.406408e+00
      vertex   -9.096320e+00 2.000000e+00 4.154150e+00
    endloop
  endfacet
  facet normal -0.000000e+00 -1.000000e+00 0.000000e+00
    outer loop
      vertex   -7.000000e+00 2.000000e+00 1.600000e+00
      vertex   -9.096320e+00 2.000000e+00 4.154150e+00
      vertex   -7.414110e+00 2.000000e+00 1.545481e+00
    endloop
  endfacet
  facet normal 0.000000e+00 -1.000000e+00 0.000000e+00
    outer loop
      vertex   -7.414110e+00 2.000000e+00 1.545481e+00
      vertex   -9.096320e+00 2.000000e+00 4.154150e+00
      vertex   -9.594930e+00 2.000000e+00 2.817326e+00
    endloop
  endfacet
  facet normal -0.000000e+00 -1.000000e+00 0.000000e+00
    outer loop
      vertex   -7.414110e+00 2.000000e+00 1.545481e+00
      vertex   -9.594930e+00 2.000000e+00 2.817326e+00
      vertex   -7.800000e+00 2.000000e+00 1.385641e+00
    endloop
  endfacet
  facet normal -0.000000e+00 -1.000000e+00 0.000000e+00
    outer loop
      vertex   -7.800000e+00 2.000000e+00 1.385641e+00
      vertex   -9.594930e+00 2.000000e+00 2.817326e+00
      vertex   -8.131371e+00 2.000000e+00 1.131371e+00
    endloop
  endfacet
  facet normal 0.000000e+00 -1.000000e+00 0.000000e+00
    outer loop
      vertex   -8.131371e+00 2.000000e+00 1.131371e+00
      vertex   -9.594930e+00 2.000000e+00 2.817326e+00
      vertex   -9.898214e+00 2.000000e+00 1.423148e+00
    endloop
  endfacet
  facet normal -0.000000e+00 -1.000000e+00 0.000000e+00
    outer loop
      vertex   -8.131371e+00 2.000000e+00 1.131371e+00
      vertex   -9.898214e+00 2.000000e+00 1.423148e+00
      vertex   -8.385641e+00 2.000000e+00 8.000000e-01
    endloop
  endfacet
  facet normal -0.000000e+00 -1.000000e+00 0.000000e+00
    outer loop
      vertex   -8.385641e+00 2.000000e+00 8.000000e-01
      vertex   -9.898214e+00 2.000000e+00 1.423148e+00
      vertex   -8.545481e+00 2.000000e+00 4.141105e-01
    endloop
  endfacet
  facet normal -0.000000e+00 -1.000000e+00 0.000000e+00
    outer loop
      vertex   -8.545481e+00 2.000000e+00 4.141105e-01
      vertex   -9.898214e+00 2.000000e+00 1.423148e+00
      vertex   -1.000000e+01 2.000000e+00 0.000000e+00
    endloop
  endfacet
  facet normal 0.000000e+00 -1.000000e+00 0.000000e+00
    outer loop
      vertex   -8.545481e+00 2.000000e+00 4.141105e-01
      vertex   -1.000000e+01 2.000000e+00 0.000000e+00
      vertex   -8.600000e+00 2.000000e+00 -1.554312e-15
    endloop
  endfacet
  facet normal -0.000000e+00 -1.000000e+00 -0.000000e+00
    outer loop
      vertex   -8.600000e+00 2.000000e+00 -1.554312e-15
      vertex   -1.000000e+01 2.000000e+00 0.000000e+00
      vertex   -8.545481e+00 2.000000e+00 -4.141105e-01
    endloop
  endfacet
  facet normal -0.000000e+00 -1.000000e+00 0.000000e+00
    outer loop
      vertex   -8.545481e+00 2.000000e+00 -4.141105e-01
      vertex   -1.000000e+01 2.000000e+00 0.000000e+00
      vertex   -9.898214e+00 2.000000e+00 -1.423148e+00
    endloop
  endfacet
  facet normal 0.000000e+00 -1.000000e+00 -0.000000e+00
    outer loop
      vertex   -8.545481e+00 2.000000e+00 -4.141105e-01
      vertex   -9.898214e+00 2.000000e+00 -1.423148e+00
      vertex   -8.385641e+00 2.000000e+00 -8.000000e-01
    endloop
  endfacet
  facet normal 0.000000e+00 -1.000000e+00 -0.000000e+00
    outer loop
      vertex   -8.385641e+00 2.000000e+00 -8.000000e-01
      vertex   -9.898214e+00 2.000000e+00 -1.423148e+00
      vertex   -8.131371e+00 2.000000e+00 -1.131371e+00
    endloop
  endfacet
  facet normal 0.000000e+00 -1.000000e+00 0.000000e+00
    outer loop
      vertex   -8.131371e+00 2.000000e+00 -1.131371e+00
      vertex   -9.898214e+00 2.000000e+00 -1.423148e+00
      vertex   -9.594930e+00 2.000000e+00 -2.817326e+00
    endloop
  endfacet
  facet normal 0.000000e+00 -1.000000e+00 -0.000000e+00
    outer loop
      vertex   -8.131371e+00 2.000000e+00 -1.131371e+00
      vertex   -9.594930e+00 2.000000e+00 -2.817326e+00
      vertex   -7.800000e+00 2.000000e+00 -1.385641e+00
    endloop
  endfacet
  facet normal 0.000000e+00 -1.000000e+00 -0.000000e+00
    outer loop
      vertex   -7.800000e+00 2.000000e+00 -1.385641e+00
      vertex   -9.594930e+00 2.000000e+00 -2.817326e+00
      vertex   -7.414110e+00 2.000000e+00 -1.545481e+00
    endloop
  endfacet
  facet normal 0.000000e+00 -1.000000e+00 0.000000e+00
    outer loop
      vertex   -7.414110e+00 2.000000e+00 -1.545481e+00
      vertex   -9.594930e+00 2.000000e+00 -2.817326e+00
      vertex   -9.096320e+00 2.000000e+00 -4.154150e+00
    endloop
  endfacet
  facet normal 0.000000e+00 -1.000000e+00 -0.000000e+00
    outer loop
      vertex   -7.414110e+00 2.000000e+00 -1.545481e+00
      vertex   -9.096320e+00 2.000000e+00 -4.154150e+00
      vertex   -7.000000e+00 2.000000e+00 -1.600000e+00
    endloop
  endfacet
  facet normal 0.000000e+00 -1.000000e+00 0.000000e+00
    outer loop
      vertex   -7.000000e+00 2.000000e+00 -1.600000e+00
      vertex   -9.096320e+00 2.000000e+00 -4.154150e+00
      vertex   -8.412535e+00 2.000000e+00 -5.406408e+00
    endloop
  endfacet
  facet normal 0.000000e+00 -1.000000e+00 -0.000000e+00
    outer loop
      vertex   -7.000000e+00 2.000000e+00 -1.600000e+00
      vertex   -8.412535e+00 2.000000e+00 -5.406408e+00
      vertex   -6.585890e+00 2.000000e+00 -1.545481e+00
    endloop
  endfacet
  facet normal 0.000000e+00 -1.000000e+00 0.000000e+00
    outer loop
      vertex   -6.585890e+00 2.000000e+00 -1.545481e+00
      vertex   -8.412535e+00 2.000000e+00 -5.406408e+00
      vertex   -7.557496e+00 2.000000e+00 -6.548607e+00
    endloop
  endfacet
  facet normal 0.000000e+00 -1.000000e+00 -0.000000e+00
    outer loop
      vertex   -6.585890e+00 2.000000e+00 -1.545481e+00
      vertex   -7.557496e+00 2.000000e+00 -6.548607e+00
      vertex   -6.200000e+00 2.000000e+00 -1.385641e+00
    endloop
  endfacet
  facet normal 0.000000e+00 -1.000000e+00 -0.000000e+00
    outer loop
      vertex   -6.200000e+00 2.000000e+00 -1.385641e+00
      vertex   -7.557496e+00 2.000000e+00 -6.548607e+00
      vertex   -1.385641e+00 2.000000e+00 -6.200000e+00
    endloop
  endfacet
  facet normal 0.000000e+00 -1.000000e+00 0.000000e+00
    outer loop
      vertex   -6.200000e+00 2.000000e+00 -1.385641e+00
      vertex   -1.385641e+00 2.000000e+00 -6.200000e+00
      vertex   -1.131371e+00 2.000000e+00 -5.868629e+00
    endloop
  endfacet
  facet normal 0.000000e+00 -1.000000e+00 -0.000000e+00
    outer loop
      vertex   5.406408e+00 2.000000e+00 8.412535e+00
      vertex   1.545481e+00 2.000000e+00 6.585890e+00
      vertex   6.548607e+00 2.000000e+00 7.557496e+00
    endloop
  endfacet
  facet normal 0.000000e+00 -1.000000e+00 0.000000e+00
    outer loop
      vertex   6.548607e+00 2.000000e+00 7.557496e+00
      vertex   1.545481e+00 2.000000e+00 6.585890e+00
      vertex   1.385641e+00 2.000000e+00 6.200000e+00
    endloop
  endfacet
  facet normal -0.000000e+00 -1.000000e+00 0.000000e+00
    outer loop
      vertex   -1.224647e-16 2.000000e+00 2.000000e+00
      vertex   -4.141105e-01 2.000000e+00 5.454519e+00
      vertex   -5.176381e-01 2.000000e+00 1.931852e+00
    endloop
  endfacet
  facet normal 0.000000e+00 -1.000000e+00 0.000000e+00
    outer loop
      vertex   -5.176381e-01 2.000000e+00 1.931852e+00
      vertex   -4.141105e-01 2.000000e+00 5.454519e+00
      vertex   -8.000000e-01 2.000000e+00 5.614359e+00
    endloop
  endfacet
  facet normal -0.000000e+00 -1.000000e+00 0.000000e+00
    outer loop
      vertex   -5.176381e-01 2.000000e+00 1.931852e+00
      vertex   -8.000000e-01 2.000000e+00 5.614359e+00
      vertex   -1.000000e+00 2.000000e+00 1.732051e+00
    endloop
  endfacet
  facet normal 0.000000e+00 -1.000000e+00 0.000000e+00
    outer loop
      vertex   -1.000000e+00 2.000000e+00 1.732051e+00
      vertex   -8.000000e-01 2.000000e+00 5.614359e+00
      vertex   -1.131371e+00 2.000000e+00 5.868629e+00
    endloop
  endfacet
  facet normal -0.000000e+00 -1.000000e+00 0.000000e+00
    outer loop
      vertex   -1.000000e+00 2.000000e+00 1.732051e+00
      vertex   -1.131371e+00 2.000000e+00 5.868629e+00
      vertex   -1.414214e+00 2.000000e+00 1.414214e+00
    endloop
  endfacet
  facet normal -0.000000e+00 -1.000000e+00 0.000000e+00
    outer loop
      vertex   -1.414214e+00 2.000000e+00 1.414214e+00
      vertex   -1.131371e+00 2.000000e+00 5.868629e+00
      vertex   -5.868629e+00 2.000000e+00 1.131371e+00
    endloop
  endfacet
  facet normal 0.000000e+00 -1.000000e+00 0.000000e+00
    outer loop
      vertex   -1.414214e+00 2.000000e+00 1.414214e+00
      vertex   -5.868629e+00 2.000000e+00 1.131371e+00
      vertex   -1.732051e+00 2.000000e+00 1.000000e+00
    endloop
  endfacet
  facet normal -0.000000e+00 -1.000000e+00 0.000000e+00
    outer loop
      vertex   -1.732051e+00 2.000000e+00 1.000000e+00
      vertex   -5.868629e+00 2.000000e+00 1.131371e+00
      vertex   -5.614359e+00 2.000000e+00 8.000000e-01
    endloop
  endfacet
  facet normal 0.000000e+00 -1.000000e+00 0.000000e+00
    outer loop
      vertex   -1.732051e+00 2.000000e+00 1.000000e+00
      vertex   -5.614359e+00 2.000000e+00 8.000000e-01
      vertex   -1.931852e+00 2.000000e+00 5.176381e-01
    endloop
  endfacet
  facet normal -0.000000e+00 -1.000000e+00 0.000000e+00
    outer loop
      vertex   -1.931852e+00 2.000000e+00 5.176381e-01
      vertex   -5.614359e+00 2.000000e+00 8.000000e-01
      vertex   -5.454519e+00 2.000000e+00 4.141105e-01
    endloop
  endfacet
  facet normal 0.000000e+00 -1.000000e+00 0.000000e+00
    outer loop
      vertex   -1.931852e+00 2.000000e+00 5.176381e-01
      vertex   -5.454519e+00 2.000000e+00 4.141105e-01
      vertex   -2.000000e+00 2.000000e+00 0.000000e+00
    endloop
  endfacet
  facet normal -0.000000e+00 -1.000000e+00 0.000000e+00
    outer loop
      vertex   -2.000000e+00 2.000000e+00 0.000000e+00
      vertex   -5.454519e+00 2.000000e+00 4.141105e-01
      vertex   -5.400000e+00 2.000000e+00 -1.750256e-15
    endloop
  endfacet
  facet normal 0.000000e+00 -1.000000e+00 0.000000e+00
    outer loop
      vertex   -2.000000e+00 2.000000e+00 0.000000e+00
      vertex   -5.400000e+00 2.000000e+00 -1.750256e-15
      vertex   -5.454519e+00 2.000000e+00 -4.141105e-01
    endloop
  endfacet
  facet normal -0.000000e+00 -1.000000e+00 0.000000e+00
    outer loop
      vertex   -1.131371e+00 2.000000e+00 5.868629e+00
      vertex   -1.385641e+00 2.000000e+00 6.200000e+00
      vertex   -5.868629e+00 2.000000e+00 1.131371e+00
    endloop
  endfacet
  facet normal 0.000000e+00 -1.000000e+00 0.000000e+00
    outer loop
      vertex   -5.868629e+00 2.000000e+00 1.131371e+00
      vertex   -1.385641e+00 2.000000e+00 6.200000e+00
      vertex   -6.200000e+00 2.000000e+00 1.385641e+00
    endloop
  endfacet
  facet normal 0.000000e+00 -1.000000e+00 0.000000e+00
    outer loop
      vertex   1.545481e+00 2.000000e+00 -7.414110e+00
      vertex   4.154150e+00 2.000000e+00 -9.096320e+00
      vertex   1.600000e+00 2.000000e+00 -7.000000e+00
    endloop
  endfacet
  facet normal 0.000000e+00 -1.000000e+00 0.000000e+00
    outer loop
      vertex   1.600000e+00 2.000000e+00 -7.000000e+00
      vertex   4.154150e+00 2.000000e+00 -9.096320e+00
      vertex   5.406408e+00 2.000000e+00 -8.412535e+00
    endloop
  endfacet
  facet normal 0.000000e+00 -1.000000e+00 0.000000e+00
    outer loop
      vertex   1.600000e+00 2.000000e+00 -7.000000e+00
      vertex   5.406408e+00 2.000000e+00 -8.412535e+00
      vertex   1.545481e+00 2.000000e+00 -6.585890e+00
    endloop
  endfacet
  facet normal 0.000000e+00 -1.000000e+00 0.000000e+00
    outer loop
      vertex   1.545481e+00 2.000000e+00 -6.585890e+00
      vertex   5.406408e+00 2.000000e+00 -8.412535e+00
      vertex   6.548607e+00 2.000000e+00 -7.557496e+00
    endloop
  endfacet
  facet normal 0.000000e+00 -1.000000e+00 0.000000e+00
    outer loop
      vertex   1.545481e+00 2.000000e+00 -6.585890e+00
      vertex   6.548607e+00 2.000000e+00 -7.557496e+00
      vertex   1.385641e+00 2.000000e+00 -6.200000e+00
    endloop
  endfacet
  facet normal 0.000000e+00 -1.000000e+00 0.000000e+00
    outer loop
      vertex   1.385641e+00 2.000000e+00 -6.200000e+00
      vertex   6.548607e+00 2.000000e+00 -7.557496e+00
      vertex   7.557496e+00 2.000000e+00 -6.548607e+00
    endloop
  endfacet
  facet normal -0.000000e+00 -1.000000e+00 0.000000e+00
    outer loop
      vertex   4.154150e+00 2.000000e+00 -9.096320e+00
      vertex   1.545481e+00 2.000000e+00 -7.414110e+00
      vertex   2.817326e+00 2.000000e+00 -9.594930e+00
    endloop
  endfacet
  facet normal 0.000000e+00 -1.000000e+00 0.000000e+00
    outer loop
      vertex   2.817326e+00 2.000000e+00 -9.594930e+00
      vertex   1.545481e+00 2.000000e+00 -7.414110e+00
      vertex   1.385641e+00 2.000000e+00 -7.800000e+00
    endloop
  endfacet
  facet normal 0.000000e+00 -1.000000e+00 0.000000e+00
    outer loop
      vertex   2.817326e+00 2.000000e+00 -9.594930e+00
      vertex   1.385641e+00 2.000000e+00 -7.800000e+00
      vertex   1.131371e+00 2.000000e+00 -8.131371e+00
    endloop
  endfacet
  facet normal -0.000000e+00 -1.000000e+00 0.000000e+00
    outer loop
      vertex   2.817326e+00 2.000000e+00 -9.594930e+00
      vertex   1.131371e+00 2.000000e+00 -8.131371e+00
      vertex   1.423148e+00 2.000000e+00 -9.898214e+00
    endloop
  endfacet
  facet normal 0.000000e+00 -1.000000e+00 0.000000e+00
    outer loop
      vertex   1.423148e+00 2.000000e+00 -9.898214e+00
      vertex   1.131371e+00 2.000000e+00 -8.131371e+00
      vertex   8.000000e-01 2.000000e+00 -8.385641e+00
    endloop
  endfacet
  facet normal 0.000000e+00 -1.000000e+00 0.000000e+00
    outer loop
      vertex   1.423148e+00 2.000000e+00 -9.898214e+00
      vertex   8.000000e-01 2.000000e+00 -8.385641e+00
      vertex   4.141105e-01 2.000000e+00 -8.545481e+00
    endloop
  endfacet
  facet normal -0.000000e+00 -1.000000e+00 0.000000e+00
    outer loop
      vertex   1.423148e+00 2.000000e+00 -9.898214e+00
      vertex   4.141105e-01 2.000000e+00 -8.545481e+00
      vertex   -6.123234e-16 2.000000e+00 -1.000000e+01
    endloop
  endfacet
  facet normal 0.000000e+00 -1.000000e+00 0.000000e+00
    outer loop
      vertex   -6.123234e-16 2.000000e+00 -1.000000e+01
      vertex   4.141105e-01 2.000000e+00 -8.545481e+00
      vertex   -9.797174e-17 2.000000e+00 -8.600000e+00
    endloop
  endfacet
  facet normal 0.000000e+00 -1.000000e+00 0.000000e+00
    outer loop
      vertex   -6.123234e-16 2.000000e+00 -1.000000e+01
      vertex   -9.797174e-17 2.000000e+00 -8.600000e+00
      vertex   -4.141105e-01 2.000000e+00 -8.545481e+00
    endloop
  endfacet
  facet normal 0.000000e+00 -1.000000e+00 0.000000e+00
    outer loop
      vertex   -6.123234e-16 2.000000e+00 -1.000000e+01
      vertex   -4.141105e-01 2.000000e+00 -8.545481e+00
      vertex   -1.423148e+00 2.000000e+00 -9.898214e+00
    endloop
  endfacet
  facet normal 0.000000e+00 -1.000000e+00 0.000000e+00
    outer loop
      vertex   -1.423148e+00 2.000000e+00 -9.898214e+00
      vertex   -4.141105e-01 2.000000e+00 -8.545481e+00
      vertex   -8.000000e-01 2.000000e+00 -8.385641e+00
    endloop
  endfacet
  facet normal 0.000000e+00 -1.000000e+00 0.000000e+00
    outer loop
      vertex   -1.423148e+00 2.000000e+00 -9.898214e+00
      vertex   -8.000000e-01 2.000000e+00 -8.385641e+00
      vertex   -1.131371e+00 2.000000e+00 -8.131371e+00
    endloop
  endfacet
  facet normal 0.000000e+00 -1.000000e+00 0.000000e+00
    outer loop
      vertex   -1.423148e+00 2.000000e+00 -9.898214e+00
      vertex   -1.131371e+00 2.000000e+00 -8.131371e+00
      vertex   -2.817326e+00 2.000000e+00 -9.594930e+00
    endloop
  endfacet
  facet normal 0.000000e+00 -1.000000e+00 0.000000e+00
    outer loop
      vertex   -2.817326e+00 2.000000e+00 -9.594930e+00
      vertex   -1.131371e+00 2.000000e+00 -8.131371e+00
      vertex   -1.385641e+00 2.000000e+00 -7.800000e+00
    endloop
  endfacet
  facet normal 0.000000e+00 -1.000000e+00 0.000000e+00
    outer loop
      vertex   -2.817326e+00 2.000000e+00 -9.594930e+00
      vertex   -1.385641e+00 2.000000e+00 -7.800000e+00
      vertex   -1.545481e+00 2.000000e+00 -7.414110e+00
    endloop
  endfacet
  facet normal 0.000000e+00 -1.000000e+00 0.000000e+00
    outer loop
      vertex   -2.817326e+00 2.000000e+00 -9.594930e+00
      vertex   -1.545481e+00 2.000000e+00 -7.414110e+00
      vertex   -4.154150e+00 2.000000e+00 -9.096320e+00
    endloop
  endfacet
  facet normal 0.000000e+00 -1.000000e+00 0.000000e+00
    outer loop
      vertex   -4.154150e+00 2.000000e+00 -9.096320e+00
      vertex   -1.545481e+00 2.000000e+00 -7.414110e+00
      vertex   -1.600000e+00 2.000000e+00 -7.000000e+00
    endloop
  endfacet
  facet normal 0.000000e+00 -1.000000e+00 0.000000e+00
    outer loop
      vertex   -4.154150e+00 2.000000e+00 -9.096320e+00
      vertex   -1.600000e+00 2.000000e+00 -7.000000e+00
      vertex   -5.406408e+00 2.000000e+00 -8.412535e+00
    endloop
  endfacet
  facet normal 0.000000e+00 -1.000000e+00 0.000000e+00
    outer loop
      vertex   -5.406408e+00 2.000000e+00 -8.412535e+00
      vertex   -1.600000e+00 2.000000e+00 -7.000000e+00
      vertex   -1.545481e+00 2.000000e+00 -6.585890e+00
    endloop
  endfacet
  facet normal 0.000000e+00 -1.000000e+00 0.000000e+00
    outer loop
      vertex   -5.406408e+00 2.000000e+00 -8.412535e+00
      vertex   -1.545481e+00 2.000000e+00 -6.585890e+00
      vertex   -6.548607e+00 2.000000e+00 -7.557496e+00
    endloop
  endfacet
  facet normal 0.000000e+00 -1.000000e+00 0.000000e+00
    outer loop
      vertex   -6.548607e+00 2.000000e+00 -7.557496e+00
      vertex   -1.545481e+00 2.000000e+00 -6.585890e+00
      vertex   -1.385641e+00 2.000000e+00 -6.200000e+00
    endloop
  endfacet
  facet normal 0.000000e+00 -1.000000e+00 0.000000e+00
    outer loop
      vertex   -6.548607e+00 2.000000e+00 -7.557496e+00
      vertex   -1.385641e+00 2.000000e+00 -6.200000e+00
      vertex   -7.557496e+00 2.000000e+00 -6.548607e+00
    endloop
  endfacet
  facet normal -0.000000e+00 -1.000000e+00 0.000000e+00
    outer loop
      vertex   -8.000000e-01 2.000000e+00 -5.614359e+00
      vertex   -1.000000e+00 2.000000e+00 -1.732051e+00
      vertex   -1.131371e+00 2.000000e+00 -5.868629e+00
    endloop
  endfacet
  facet normal 0.000000e+00 -1.000000e+00 0.000000e+00
    outer loop
      vertex   -1.131371e+00 2.000000e+00 -5.868629e+00
      vertex   -1.000000e+00 2.000000e+00 -1.732051e+00
      vertex   -1.414214e+00 2.000000e+00 -1.414214e+00
    endloop
  endfacet
  facet normal 0.000000e+00 -1.000000e+00 0.000000e+00
    outer loop
      vertex   -1.131371e+00 2.000000e+00 -5.868629e+00
      vertex   -1.414214e+00 2.000000e+00 -1.414214e+00
      vertex   -5.868629e+00 2.000000e+00 -1.131371e+00
    endloop
  endfacet
  facet normal 0.000000e+00 -1.000000e+00 0.000000e+00
    outer loop
      vertex   -5.868629e+00 2.000000e+00 -1.131371e+00
      vertex   -1.414214e+00 2.000000e+00 -1.414214e+00
      vertex   -1.732051e+00 2.000000e+00 -1.000000e+00
    endloop
  endfacet
  facet normal 0.000000e+00 -1.000000e+00 0.000000e+00
    outer loop
      vertex   -5.868629e+00 2.000000e+00 -1.131371e+00
      vertex   -1.732051e+00 2.000000e+00 -1.000000e+00
      vertex   -5.614359e+00 2.000000e+00 -8.000000e-01
    endloop
  endfacet
  facet normal 0.000000e+00 -1.000000e+00 0.000000e+00
    outer loop
      vertex   -5.614359e+00 2.000000e+00 -8.000000e-01
      vertex   -1.732051e+00 2.000000e+00 -1.000000e+00
      vertex   -1.931852e+00 2.000000e+00 -5.176381e-01
    endloop
  endfacet
  facet normal 0.000000e+00 -1.000000e+00 0.000000e+00
    outer loop
      vertex   -5.614359e+00 2.000000e+00 -8.000000e-01
      vertex   -1.931852e+00 2.000000e+00 -5.176381e-01
      vertex   -5.454519e+00 2.000000e+00 -4.141105e-01
    endloop
  endfacet
  facet normal 0.000000e+00 -1.000000e+00 0.000000e+00
    outer loop
      vertex   -5.454519e+00 2.000000e+00 -4.141105e-01
      vertex   -1.931852e+00 2.000000e+00 -5.176381e-01
      vertex   -2.000000e+00 2.000000e+00 0.000000e+00
    endloop
  endfacet
  facet normal 0.000000e+00 -1.000000e+00 0.000000e+00
    outer loop
      vertex   -1.000000e+00 2.000000e+00 -1.732051e+00
      vertex   -8.000000e-01 2.000000e+00 -5.614359e+00
      vertex   -5.176381e-01 2.000000e+00 -1.931852e+00
    endloop
  endfacet
  facet normal 0.000000e+00 -1.000000e+00 -0.000000e+00
    outer loop
      vertex   -5.176381e-01 2.000000e+00 -1.931852e+00
      vertex   -8.000000e-01 2.000000e+00 -5.614359e+00
      vertex   -4.141105e-01 2.000000e+00 -5.454519e+00
    endloop
  endfacet
  facet normal 0.000000e+00 -1.000000e+00 0.000000e+00
    outer loop
      vertex   -5.176381e-01 2.000000e+00 -1.931852e+00
      vertex   -4.141105e-01 2.000000e+00 -5.454519e+00
      vertex   -1.224647e-16 2.000000e+00 -2.000000e+00
    endloop
  endfacet
  facet normal 0.000000e+00 -1.000000e+00 -0.000000e+00
    outer loop
      vertex   -1.224647e-16 2.000000e+00 -2.000000e+00
      vertex   -4.141105e-01 2.000000e+00 -5.454519e+00
      vertex   -9.797174e-17 2.000000e+00 -5.400000e+00
    endloop
  endfacet
  facet normal 0.000000e+00 -1.000000e+00 0.000000e+00
    outer loop
      vertex   -1.224647e-16 2.000000e+00 -2.000000e+00
      vertex   -9.797174e-17 2.000000e+00 -5.400000e+00
      vertex   4.141105e-01 2.000000e+00 -5.454519e+00
    endloop
  endfacet
  facet normal 0.000000e+00 -1.000000e+00 0.000000e+00
    outer loop
      vertex   -1.224647e-16 2.000000e+00 -2.000000e+00
      vertex   4.141105e-01 2.000000e+00 -5.454519e+00
      vertex   5.176381e-01 2.000000e+00 -1.931852e+00
    endloop
  endfacet
  facet normal 0.000000e+00 -1.000000e+00 -0.000000e+00
    outer loop
      vertex   5.176381e-01 2.000000e+00 -1.931852e+00
      vertex   4.141105e-01 2.000000e+00 -5.454519e+00
      vertex   8.000000e-01 2.000000e+00 -5.614359e+00
    endloop
  endfacet
  facet normal 0.000000e+00 -1.000000e+00 0.000000e+00
    outer loop
      vertex   5.176381e-01 2.000000e+00 -1.931852e+00
      vertex   8.000000e-01 2.000000e+00 -5.614359e+00
      vertex   1.000000e+00 2.000000e+00 -1.732051e+00
    endloop
  endfacet
  facet normal 0.000000e+00 -1.000000e+00 -0.000000e+00
    outer loop
      vertex   1.000000e+00 2.000000e+00 -1.732051e+00
      vertex   8.000000e-01 2.000000e+00 -5.614359e+00
      vertex   1.131371e+00 2.000000e+00 -5.868629e+00
    endloop
  endfacet
  facet normal 0.000000e+00 -1.000000e+00 -0.000000e+00
    outer loop
      vertex   -5.868629e+00 2.000000e+00 -1.131371e+00
      vertex   -6.200000e+00 2.000000e+00 -1.385641e+00
      vertex   -1.131371e+00 2.000000e+00 -5.868629e+00
    endloop
  endfacet
  facet normal -9.914449e-01 2.201450e-16 1.305262e-01
    outer loop
      vertex   1.545481e+00 4.000000e+00 6.585890e+00
      vertex   1.545481e+00 2.000000e+00 6.585890e+00
      vertex   1.600000e+00 4.000000e+00 7.000000e+00
    endloop
  endfacet
  facet normal -9.914449e-01 -1.100725e-16 1.305262e-01
    outer loop
      vertex   1.600000e+00 4.000000e+00 7.000000e+00
      vertex   1.545481e+00 2.000000e+00 6.585890e+00
      vertex   1.600000e+00 2.000000e+00 7.000000e+00
    endloop
  endfacet
  facet normal -9.914449e-01 -1.100725e-16 -1.305262e-01
    outer loop
      vertex   1.600000e+00 4.000000e+00 7.000000e+00
      vertex   1.600000e+00 2.000000e+00 7.000000e+00
      vertex   1.545481e+00 4.000000e+00 7.414110e+00
    endloop
  endfacet
  facet normal -9.914449e-01 -2.201450e-16 -1.305262e-01
    outer loop
      vertex   1.545481e+00 4.000000e+00 7.414110e+00
      vertex   1.600000e+00 2.000000e+00 7.000000e+00
      vertex   1.545481e+00 2.000000e+00 7.414110e+00
    endloop
  endfacet
  facet normal -9.238795e-01 -2.051425e-16 -3.826834e-01
    outer loop
      vertex   1.545481e+00 4.000000e+00 7.414110e+00
      vertex   1.545481e+00 2.000000e+00 7.414110e+00
      vertex   1.385641e+00 4.000000e+00 7.800000e+00
    endloop
  endfacet
  facet normal -9.238795e-01 -1.025712e-16 -3.826834e-01
    outer loop
      vertex   1.385641e+00 4.000000e+00 7.800000e+00
      vertex   1.545481e+00 2.000000e+00 7.414110e+00
      vertex   1.385641e+00 2.000000e+00 7.800000e+00
    endloop
  endfacet
  facet normal -7.933533e-01 -8.807991e-17 -6.087614e-01
    outer loop
      vertex   1.385641e+00 4.000000e+00 7.800000e+00
      vertex   1.385641e+00 2.000000e+00 7.800000e+00
      vertex   1.131371e+00 4.000000e+00 8.131371e+00
    endloop
  endfacet
  facet normal -7.933533e-01 -0.000000e+00 -6.087614e-01
    outer loop
      vertex   1.131371e+00 4.000000e+00 8.131371e+00
      vertex   1.385641e+00 2.000000e+00 7.800000e+00
      vertex   1.131371e+00 2.000000e+00 8.131371e+00
    endloop
  endfacet
  facet normal -6.087614e-01 -0.000000e+00 -7.933533e-01
    outer loop
      vertex   1.131371e+00 4.000000e+00 8.131371e+00
      vertex   1.131371e+00 2.000000e+00 8.131371e+00
      vertex   8.000000e-01 4.000000e+00 8.385641e+00
    endloop
  endfacet
  facet normal -6.087614e-01 -4.055166e-16 -7.933533e-01
    outer loop
      vertex   8.000000e-01 4.000000e+00 8.385641e+00
      vertex   1.131371e+00 2.000000e+00 8.131371e+00
      vertex   8.000000e-01 2.000000e+00 8.385641e+00
    endloop
  endfacet
  facet normal -3.826834e-01 -2.549184e-16 -9.238795e-01
    outer loop
      vertex   8.000000e-01 4.000000e+00 8.385641e+00
      vertex   8.000000e-01 2.000000e+00 8.385641e+00
      vertex   4.141105e-01 4.000000e+00 8.545481e+00
    endloop
  endfacet
  facet normal -3.826834e-01 -1.274592e-16 -9.238795e-01
    outer loop
      vertex   4.141105e-01 4.000000e+00 8.545481e+00
      vertex   8.000000e-01 2.000000e+00 8.385641e+00
      vertex   4.141105e-01 2.000000e+00 8.545481e+00
    endloop
  endfacet
  facet normal -1.305262e-01 -4.347396e-17 -9.914449e-01
    outer loop
      vertex   4.141105e-01 4.000000e+00 8.545481e+00
      vertex   4.141105e-01 2.000000e+00 8.545481e+00
      vertex   -9.552245e-16 4.000000e+00 8.600000e+00
    endloop
  endfacet
  facet normal -1.305262e-01 -0.000000e+00 -9.914449e-01
    outer loop
      vertex   -9.552245e-16 4.000000e+00 8.600000e+00
      vertex   4.141105e-01 2.000000e+00 8.545481e+00
      vertex   -9.552245e-16 2.000000e+00 8.600000e+00
    endloop
  endfacet
  facet normal 1.305262e-01 0.000000e+00 -9.914449e-01
    outer loop
      vertex   -9.552245e-16 4.000000e+00 8.600000e+00
      vertex   -9.552245e-16 2.000000e+00 8.600000e+00
      vertex   -4.141105e-01 4.000000e+00 8.545481e+00
    endloop
  endfacet
  facet normal 1.305262e-01 7.245659e-17 -9.914449e-01
    outer loop
      vertex   -4.141105e-01 4.000000e+00 8.545481e+00
      vertex   -9.552245e-16 2.000000e+00 8.600000e+00
      vertex   -4.141105e-01 2.000000e+00 8.545481e+00
    endloop
  endfacet
  facet normal 3.826834e-01 2.124320e-16 -9.238795e-01
    outer loop
      vertex   -4.141105e-01 4.000000e+00 8.545481e+00
      vertex   -4.141105e-01 2.000000e+00 8.545481e+00
      vertex   -8.000000e-01 4.000000e+00 8.385641e+00
    endloop
  endfacet
  facet normal 3.826834e-01 1.274592e-16 -9.238795e-01
    outer loop
      vertex   -8.000000e-01 4.000000e+00 8.385641e+00
      vertex   -4.141105e-01 2.000000e+00 8.545481e+00
      vertex   -8.000000e-01 2.000000e+00 8.385641e+00
    endloop
  endfacet
  facet normal 6.087614e-01 2.027583e-16 -7.933533e-01
    outer loop
      vertex   -8.000000e-01 4.000000e+00 8.385641e+00
      vertex   -8.000000e-01 2.000000e+00 8.385641e+00
      vertex   -1.131371e+00 4.000000e+00 8.131371e+00
    endloop
  endfacet
  facet normal 6.087614e-01 6.758610e-17 -7.933533e-01
    outer loop
      vertex   -1.131371e+00 4.000000e+00 8.131371e+00
      vertex   -8.000000e-01 2.000000e+00 8.385641e+00
      vertex   -1.131371e+00 2.000000e+00 8.131371e+00
    endloop
  endfacet
  facet normal 7.933533e-01 8.807991e-17 -6.087614e-01
    outer loop
      vertex   -1.131371e+00 4.000000e+00 8.131371e+00
      vertex   -1.131371e+00 2.000000e+00 8.131371e+00
      vertex   -1.385641e+00 4.000000e+00 7.800000e+00
    endloop
  endfacet
  facet normal 7.933533e-01 -9.418455e-17 -6.087614e-01
    outer loop
      vertex   -1.385641e+00 4.000000e+00 7.800000e+00
      vertex   -1.131371e+00 2.000000e+00 8.131371e+00
      vertex   -1.385641e+00 2.000000e+00 7.800000e+00
    endloop
  endfacet
  facet normal 9.238795e-01 3.519688e-17 -3.826834e-01
    outer loop
      vertex   -1.385641e+00 4.000000e+00 7.800000e+00
      vertex   -1.385641e+00 2.000000e+00 7.800000e+00
      vertex   -1.545481e+00 4.000000e+00 7.414110e+00
    endloop
  endfacet
  facet normal 9.238795e-01 1.025712e-16 -3.826834e-01
    outer loop
      vertex   -1.545481e+00 4.000000e+00 7.414110e+00
      vertex   -1.385641e+00 2.000000e+00 7.800000e+00
      vertex   -1.545481e+00 2.000000e+00 7.414110e+00
    endloop
  endfacet
  facet normal 9.914449e-01 1.100725e-16 -1.305262e-01
    outer loop
      vertex   -1.545481e+00 4.000000e+00 7.414110e+00
      vertex   -1.545481e+00 2.000000e+00 7.414110e+00
      vertex   -1.600000e+00 4.000000e+00 7.000000e+00
    endloop
  endfacet
  facet normal 9.914449e-01 0.000000e+00 -1.305262e-01
    outer loop
      vertex   -1.600000e+00 4.000000e+00 7.000000e+00
      vertex   -1.545481e+00 2.000000e+00 7.414110e+00
      vertex   -1.600000e+00 2.000000e+00 7.000000e+00
    endloop
  endfacet
  facet normal 9.914449e-01 0.000000e+00 1.305262e-01
    outer loop
      vertex   -1.600000e+00 4.000000e+00 7.000000e+00
      vertex   -1.600000e+00 2.000000e+00 7.000000e+00
      vertex   -1.545481e+00 4.000000e+00 6.585890e+00
    endloop
  endfacet
  facet normal 9.914449e-01 -1.100725e-16 1.305262e-01
    outer loop
      vertex   -1.545481e+00 4.000000e+00 6.585890e+00
      vertex   -1.600000e+00 2.000000e+00 7.000000e+00
      vertex   -1.545481e+00 2.000000e+00 6.585890e+00
    endloop
  endfacet
  facet normal 9.238795e-01 -1.025712e-16 3.826834e-01
    outer loop
      vertex   -1.545481e+00 4.000000e+00 6.585890e+00
      vertex   -1.545481e+00 2.000000e+00 6.585890e+00
      vertex   -1.385641e+00 4.000000e+00 6.200000e+00
    endloop
  endfacet
  facet normal 9.238795e-01 -3.519688e-17 3.826834e-01
    outer loop
      vertex   -1.385641e+00 4.000000e+00 6.200000e+00
      vertex   -1.545481e+00 2.000000e+00 6.585890e+00
      vertex   -1.385641e+00 2.000000e+00 6.200000e+00
    endloop
  endfacet
  facet normal 7.933533e-01 9.418455e-17 6.087614e-01
    outer loop
      vertex   -1.385641e+00 4.000000e+00 6.200000e+00
      vertex   -1.385641e+00 2.000000e+00 6.200000e+00
      vertex   -1.131371e+00 4.000000e+00 5.868629e+00
    endloop
  endfacet
  facet normal 7.933533e-01 -8.807991e-17 6.087614e-01
    outer loop
      vertex   -1.131371e+00 4.000000e+00 5.868629e+00
      vertex   -1.385641e+00 2.000000e+00 6.200000e+00
      vertex   -1.131371e+00 2.000000e+00 5.868629e+00
    endloop
  endfacet
  facet normal 6.087614e-01 -6.758610e-17 7.933533e-01
    outer loop
      vertex   -1.131371e+00 4.000000e+00 5.868629e+00
      vertex   -1.131371e+00 2.000000e+00 5.868629e+00
      vertex   -8.000000e-01 4.000000e+00 5.614359e+00
    endloop
  endfacet
  facet normal 6.087614e-01 -2.027583e-16 7.933533e-01
    outer loop
      vertex   -8.000000e-01 4.000000e+00 5.614359e+00
      vertex   -1.131371e+00 2.000000e+00 5.868629e+00
      vertex   -8.000000e-01 2.000000e+00 5.614359e+00
    endloop
  endfacet
  facet normal 3.826834e-01 -1.274592e-16 9.238795e-01
    outer loop
      vertex   -8.000000e-01 4.000000e+00 5.614359e+00
      vertex   -8.000000e-01 2.000000e+00 5.614359e+00
      vertex   -4.141105e-01 4.000000e+00 5.454519e+00
    endloop
  endfacet
  facet normal 3.826834e-01 6.081379e-16 9.238795e-01
    outer loop
      vertex   -4.141105e-01 4.000000e+00 5.454519e+00
      vertex   -8.000000e-01 2.000000e+00 5.614359e+00
      vertex   -4.141105e-01 2.000000e+00 5.454519e+00
    endloop
  endfacet
  facet normal 1.305262e-01 8.081233e-16 9.914449e-01
    outer loop
      vertex   -4.141105e-01 4.000000e+00 5.454519e+00
      vertex   -4.141105e-01 2.000000e+00 5.454519e+00
      vertex   -9.552245e-16 4.000000e+00 5.400000e+00
    endloop
  endfacet
  facet normal 1.305262e-01 0.000000e+00 9.914449e-01
    outer loop
      vertex   -9.552245e-16 4.000000e+00 5.400000e+00
      vertex   -4.141105e-01 2.000000e+00 5.454519e+00
      vertex   -9.552245e-16 2.000000e+00 5.400000e+00
    endloop
  endfacet
  facet normal -1.305262e-01 0.000000e+00 9.914449e-01
    outer loop
      vertex   -9.552245e-16 4.000000e+00 5.400000e+00
      vertex   -9.552245e-16 2.000000e+00 5.400000e+00
      vertex   4.141105e-01 4.000000e+00 5.454519e+00
    endloop
  endfacet
  facet normal -1.305262e-01 4.347396e-17 9.914449e-01
    outer loop
      vertex   4.141105e-01 4.000000e+00 5.454519e+00
      vertex   -9.552245e-16 2.000000e+00 5.400000e+00
      vertex   4.141105e-01 2.000000e+00 5.454519e+00
    endloop
  endfacet
  facet normal -3.826834e-01 1.274592e-16 9.238795e-01
    outer loop
      vertex   4.141105e-01 4.000000e+00 5.454519e+00
      vertex   4.141105e-01 2.000000e+00 5.454519e+00
      vertex   8.000000e-01 4.000000e+00 5.614359e+00
    endloop
  endfacet
  facet normal -3.826834e-01 2.549184e-16 9.238795e-01
    outer loop
      vertex   8.000000e-01 4.000000e+00 5.614359e+00
      vertex   4.141105e-01 2.000000e+00 5.454519e+00
      vertex   8.000000e-01 2.000000e+00 5.614359e+00
    endloop
  endfacet
  facet normal -6.087614e-01 4.055166e-16 7.933533e-01
    outer loop
      vertex   8.000000e-01 4.000000e+00 5.614359e+00
      vertex   8.000000e-01 2.000000e+00 5.614359e+00
      vertex   1.131371e+00 4.000000e+00 5.868629e+00
    endloop
  endfacet
  facet normal -6.087614e-01 0.000000e+00 7.933533e-01
    outer loop
      vertex   1.131371e+00 4.000000e+00 5.868629e+00
      vertex   8.000000e-01 2.000000e+00 5.614359e+00
      vertex   1.131371e+00 2.000000e+00 5.868629e+00
    endloop
  endfacet
  facet normal -7.933533e-01 0.000000e+00 6.087614e-01
    outer loop
      vertex   1.131371e+00 4.000000e+00 5.868629e+00
      vertex   1.131371e+00 2.000000e+00 5.868629e+00
      vertex   1.385641e+00 4.000000e+00 6.200000e+00
    endloop
  endfacet
  facet normal -7.933533e-01 8.807991e-17 6.087614e-01
    outer loop
      vertex   1.385641e+00 4.000000e+00 6.200000e+00
      vertex   1.131371e+00 2.000000e+00 5.868629e+00
      vertex   1.385641e+00 2.000000e+00 6.200000e+00
    endloop
  endfacet
  facet normal -9.238795e-01 1.025712e-16 3.826834e-01
    outer loop
      vertex   1.385641e+00 4.000000e+00 6.200000e+00
      vertex   1.385641e+00 2.000000e+00 6.200000e+00
      vertex   1.545481e+00 4.000000e+00 6.585890e+00
    endloop
  endfacet
  facet normal -9.238795e-01 2.051425e-16 3.826834e-01
    outer loop
      vertex   1.545481e+00 4.000000e+00 6.585890e+00
      vertex   1.385641e+00 2.000000e+00 6.200000e+00
      vertex   1.545481e+00 2.000000e+00 6.585890e+00
    endloop
  endfacet
  facet normal -9.914449e-01 0.000000e+00 -1.305262e-01
    outer loop
      vertex   1.931852e+00 2.000000e+00 5.176381e-01
      vertex   1.931852e+00 5.000000e+00 5.176381e-01
      vertex   2.000000e+00 2.000000e+00 -2.449294e-16
    endloop
  endfacet
  facet normal -9.914449e-01 9.469479e-17 -1.305262e-01
    outer loop
      vertex   2.000000e+00 2.000000e+00 -2.449294e-16
      vertex   1.931852e+00 5.000000e+00 5.176381e-01
      vertex   2.000000e+00 5.000000e+00 2.449294e-16
    endloop
  endfacet
  facet normal -9.914449e-01 5.206853e-17 1.305262e-01
    outer loop
      vertex   2.000000e+00 2.000000e+00 -2.449294e-16
      vertex   2.000000e+00 5.000000e+00 2.449294e-16
      vertex   1.931852e+00 2.000000e+00 -5.176381e-01
    endloop
  endfacet
  facet normal -9.914449e-01 0.000000e+00 1.305262e-01
    outer loop
      vertex   1.931852e+00 2.000000e+00 -5.176381e-01
      vertex   2.000000e+00 5.000000e+00 2.449294e-16
      vertex   1.931852e+00 5.000000e+00 -5.176381e-01
    endloop
  endfacet
  facet normal -9.238795e-01 0.000000e+00 3.826834e-01
    outer loop
      vertex   1.931852e+00 2.000000e+00 -5.176381e-01
      vertex   1.931852e+00 5.000000e+00 -5.176381e-01
      vertex   1.732051e+00 2.000000e+00 -1.000000e+00
    endloop
  endfacet
  facet normal -9.238795e-01 0.000000e+00 3.826834e-01
    outer loop
      vertex   1.732051e+00 2.000000e+00 -1.000000e+00
      vertex   1.931852e+00 5.000000e+00 -5.176381e-01
      vertex   1.732051e+00 5.000000e+00 -1.000000e+00
    endloop
  endfacet
  facet normal -7.933533e-01 0.000000e+00 6.087614e-01
    outer loop
      vertex   1.732051e+00 2.000000e+00 -1.000000e+00
      vertex   1.732051e+00 5.000000e+00 -1.000000e+00
      vertex   1.414214e+00 2.000000e+00 -1.414214e+00
    endloop
  endfacet
  facet normal -7.933533e-01 0.000000e+00 6.087614e-01
    outer loop
      vertex   1.414214e+00 2.000000e+00 -1.414214e+00
      vertex   1.732051e+00 5.000000e+00 -1.000000e+00
      vertex   1.414214e+00 5.000000e+00 -1.414214e+00
    endloop
  endfacet
  facet normal -6.087614e-01 0.000000e+00 7.933533e-01
    outer loop
      vertex   1.414214e+00 2.000000e+00 -1.414214e+00
      vertex   1.414214e+00 5.000000e+00 -1.414214e+00
      vertex   1.000000e+00 2.000000e+00 -1.732051e+00
    endloop
  endfacet
  facet normal -6.087614e-01 0.000000e+00 7.933533e-01
    outer loop
      vertex   1.000000e+00 2.000000e+00 -1.732051e+00
      vertex   1.414214e+00 5.000000e+00 -1.414214e+00
      vertex   1.000000e+00 5.000000e+00 -1.732051e+00
    endloop
  endfacet
  facet normal -3.826834e-01 0.000000e+00 9.238795e-01
    outer loop
      vertex   1.000000e+00 2.000000e+00 -1.732051e+00
      vertex   1.000000e+00 5.000000e+00 -1.732051e+00
      vertex   5.176381e-01 2.000000e+00 -1.931852e+00
    endloop
  endfacet
  facet normal -3.826834e-01 0.000000e+00 9.238795e-01
    outer loop
      vertex   5.176381e-01 2.000000e+00 -1.931852e+00
      vertex   1.000000e+00 5.000000e+00 -1.732051e+00
      vertex   5.176381e-01 5.000000e+00 -1.931852e+00
    endloop
  endfacet
  facet normal -1.305262e-01 0.000000e+00 9.914449e-01
    outer loop
      vertex   5.176381e-01 2.000000e+00 -1.931852e+00
      vertex   5.176381e-01 5.000000e+00 -1.931852e+00
      vertex   -1.224647e-16 2.000000e+00 -2.000000e+00
    endloop
  endfacet
  facet normal -1.305262e-01 0.000000e+00 9.914449e-01
    outer loop
      vertex   -1.224647e-16 2.000000e+00 -2.000000e+00
      vertex   5.176381e-01 5.000000e+00 -1.931852e+00
      vertex   -1.224647e-16 5.000000e+00 -2.000000e+00
    endloop
  endfacet
  facet normal 1.305262e-01 -0.000000e+00 9.914449e-01
    outer loop
      vertex   -1.224647e-16 2.000000e+00 -2.000000e+00
      vertex   -1.224647e-16 5.000000e+00 -2.000000e+00
      vertex   -5.176381e-01 2.000000e+00 -1.931852e+00
    endloop
  endfacet
  facet normal 1.305262e-01 -0.000000e+00 9.914449e-01
    outer loop
      vertex   -5.176381e-01 2.000000e+00 -1.931852e+00
      vertex   -1.224647e-16 5.000000e+00 -2.000000e+00
      vertex   -5.176381e-01 5.000000e+00 -1.931852e+00
    endloop
  endfacet
  facet normal 3.826834e-01 -0.000000e+00 9.238795e-01
    outer loop
      vertex   -5.176381e-01 2.000000e+00 -1.931852e+00
      vertex   -5.176381e-01 5.000000e+00 -1.931852e+00
      vertex   -1.000000e+00 2.000000e+00 -1.732051e+00
    endloop
  endfacet
  facet normal 3.826834e-01 -0.000000e+00 9.238795e-01
    outer loop
      vertex   -1.000000e+00 2.000000e+00 -1.732051e+00
      vertex   -5.176381e-01 5.000000e+00 -1.931852e+00
      vertex   -1.000000e+00 5.000000e+00 -1.732051e+00
    endloop
  endfacet
  facet normal 6.087614e-01 -0.000000e+00 7.933533e-01
    outer loop
      vertex   -1.000000e+00 2.000000e+00 -1.732051e+00
      vertex   -1.000000e+00 5.000000e+00 -1.732051e+00
      vertex   -1.414214e+00 2.000000e+00 -1.414214e+00
    endloop
  endfacet
  facet normal 6.087614e-01 -0.000000e+00 7.933533e-01
    outer loop
      vertex   -1.414214e+00 2.000000e+00 -1.414214e+00
      vertex   -1.000000e+00 5.000000e+00 -1.732051e+00
      vertex   -1.414214e+00 5.000000e+00 -1.414214e+00
    endloop
  endfacet
  facet normal 7.933533e-01 -0.000000e+00 6.087614e-01
    outer loop
      vertex   -1.414214e+00 2.000000e+00 -1.414214e+00
      vertex   -1.414214e+00 5.000000e+00 -1.414214e+00
      vertex   -1.732051e+00 2.000000e+00 -1.000000e+00
    endloop
  endfacet
  facet normal 7.933533e-01 -0.000000e+00 6.087614e-01
    outer loop
      vertex   -1.732051e+00 2.000000e+00 -1.000000e+00
      vertex   -1.414214e+00 5.000000e+00 -1.414214e+00
      vertex   -1.732051e+00 5.000000e+00 -1.000000e+00
    endloop
  endfacet
  facet normal 9.238795e-01 -0.000000e+00 3.826834e-01
    outer loop
      vertex   -1.732051e+00 2.000000e+00 -1.000000e+00
      vertex   -1.732051e+00 5.000000e+00 -1.000000e+00
      vertex   -1.931852e+00 2.000000e+00 -5.176381e-01
    endloop
  endfacet
  facet normal 9.238795e-01 -0.000000e+00 3.826834e-01
    outer loop
      vertex   -1.931852e+00 2.000000e+00 -5.176381e-01
      vertex   -1.732051e+00 5.000000e+00 -1.000000e+00
      vertex   -1.931852e+00 5.000000e+00 -5.176381e-01
    endloop
  endfacet
  facet normal 9.914449e-01 -0.000000e+00 1.305262e-01
    outer loop
      vertex   -1.931852e+00 2.000000e+00 -5.176381e-01
      vertex   -1.931852e+00 5.000000e+00 -5.176381e-01
      vertex   -2.000000e+00 2.000000e+00 0.000000e+00
    endloop
  endfacet
  facet normal 9.914449e-01 -0.000000e+00 1.305262e-01
    outer loop
      vertex   -2.000000e+00 2.000000e+00 0.000000e+00
      vertex   -1.931852e+00 5.000000e+00 -5.176381e-01
      vertex   -2.000000e+00 5.000000e+00 0.000000e+00
    endloop
  endfacet
  facet normal 9.914449e-01 0.000000e+00 -1.305262e-01
    outer loop
      vertex   -2.000000e+00 2.000000e+00 0.000000e+00
      vertex   -2.000000e+00 5.000000e+00 0.000000e+00
      vertex   -1.931852e+00 2.000000e+00 5.176381e-01
    endloop
  endfacet
  facet normal 9.914449e-01 0.000000e+00 -1.305262e-01
    outer loop
      vertex   -1.931852e+00 2.000000e+00 5.176381e-01
      vertex   -2.000000e+00 5.000000e+00 0.000000e+00
      vertex   -1.931852e+00 5.000000e+00 5.176381e-01
    endloop
  endfacet
  facet normal 9.238795e-01 0.000000e+00 -3.826834e-01
    outer loop
      vertex   -1.931852e+00 2.000000e+00 5.176381e-01
      vertex   -1.931852e+00 5.000000e+00 5.176381e-01
      vertex   -1.732051e+00 2.000000e+00 1.000000e+00
    endloop
  endfacet
  facet normal 9.238795e-01 0.000000e+00 -3.826834e-01
    outer loop
      vertex   -1.732051e+00 2.000000e+00 1.000000e+00
      vertex   -1.931852e+00 5.000000e+00 5.176381e-01
      vertex   -1.732051e+00 5.000000e+00 1.000000e+00
    endloop
  endfacet
  facet normal 7.933533e-01 0.000000e+00 -6.087614e-01
    outer loop
      vertex   -1.732051e+00 2.000000e+00 1.000000e+00
      vertex   -1.732051e+00 5.000000e+00 1.000000e+00
      vertex   -1.414214e+00 2.000000e+00 1.414214e+00
    endloop
  endfacet
  facet normal 7.933533e-01 0.000000e+00 -6.087614e-01
    outer loop
      vertex   -1.414214e+00 2.000000e+00 1.414214e+00
      vertex   -1.732051e+00 5.000000e+00 1.000000e+00
      vertex   -1.414214e+00 5.000000e+00 1.414214e+00
    endloop
  endfacet
  facet normal 6.087614e-01 0.000000e+00 -7.933533e-01
    outer loop
      vertex   -1.414214e+00 2.000000e+00 1.414214e+00
      vertex   -1.414214e+00 5.000000e+00 1.414214e+00
      vertex   -1.000000e+00 2.000000e+00 1.732051e+00
    endloop
  endfacet
  facet normal 6.087614e-01 0.000000e+00 -7.933533e-01
    outer loop
      vertex   -1.000000e+00 2.000000e+00 1.732051e+00
      vertex   -1.414214e+00 5.000000e+00 1.414214e+00
      vertex   -1.000000e+00 5.000000e+00 1.732051e+00
    endloop
  endfacet
  facet normal 3.826834e-01 0.000000e+00 -9.238795e-01
    outer loop
      vertex   -1.000000e+00 2.000000e+00 1.732051e+00
      vertex   -1.000000e+00 5.000000e+00 1.732051e+00
      vertex   -5.176381e-01 2.000000e+00 1.931852e+00
    endloop
  endfacet
  facet normal 3.826834e-01 0.000000e+00 -9.238795e-01
    outer loop
      vertex   -5.176381e-01 2.000000e+00 1.931852e+00
      vertex   -1.000000e+00 5.000000e+00 1.732051e+00
      vertex   -5.176381e-01 5.000000e+00 1.931852e+00
    endloop
  endfacet
  facet normal 1.305262e-01 0.000000e+00 -9.914449e-01
    outer loop
      vertex   -5.176381e-01 2.000000e+00 1.931852e+00
      vertex   -5.176381e-01 5.000000e+00 1.931852e+00
      vertex   -1.224647e-16 2.000000e+00 2.000000e+00
    endloop
  endfacet
  facet normal 1.305262e-01 0.000000e+00 -9.914449e-01
    outer loop
      vertex   -1.224647e-16 2.000000e+00 2.000000e+00
      vertex   -5.176381e-01 5.000000e+00 1.931852e+00
      vertex   -1.224647e-16 5.000000e+00 2.000000e+00
    endloop
  endfacet
  facet normal -1.305262e-01 0.000000e+00 -9.914449e-01
    outer loop
      vertex   -1.224647e-16 2.000000e+00 2.000000e+00
      vertex   -1.224647e-16 5.000000e+00 2.000000e+00
      vertex   5.176381e-01 2.000000e+00 1.931852e+00
    endloop
  endfacet
  facet normal -1.305262e-01 0.000000e+00 -9.914449e-01
    outer loop
      vertex   5.176381e-01 2.000000e+00 1.931852e+00
      vertex   -1.224647e-16 5.000000e+00 2.000000e+00
      vertex   5.176381e-01 5.000000e+00 1.931852e+00
    endloop
  endfacet
  facet normal -3.826834e-01 0.000000e+00 -9.238795e-01
    outer loop
      vertex   5.176381e-01 2.000000e+00 1.931852e+00
      vertex   5.176381e-01 5.000000e+00 1.931852e+00
      vertex   1.000000e+00 2.000000e+00 1.732051e+00
    endloop
  endfacet
  facet normal -3.826834e-01 0.000000e+00 -9.238795e-01
    outer loop
      vertex   1.000000e+00 2.000000e+00 1.732051e+00
      vertex   5.176381e-01 5.000000e+00 1.931852e+00
      vertex   1.000000e+00 5.000000e+00 1.732051e+00
    endloop
  endfacet
  facet normal -6.087614e-01 0.000000e+00 -7.933533e-01
    outer loop
      vertex   1.000000e+00 2.000000e+00 1.732051e+00
      vertex   1.000000e+00 5.000000e+00 1.732051e+00
      vertex   1.414214e+00 2.000000e+00 1.414214e+00
    endloop
  endfacet
  facet normal -6.087614e-01 0.000000e+00 -7.933533e-01
    outer loop
      vertex   1.414214e+00 2.000000e+00 1.414214e+00
      vertex   1.000000e+00 5.000000e+00 1.732051e+00
      vertex   1.414214e+00 5.000000e+00 1.414214e+00
    endloop
  endfacet
  facet normal -7.933533e-01 0.000000e+00 -6.087614e-01
    outer loop
      vertex   1.414214e+00 2.000000e+00 1.414214e+00
      vertex   1.414214e+00 5.000000e+00 1.414214e+00
      vertex   1.732051e+00 2.000000e+00 1.000000e+00
    endloop
  endfacet
  facet normal -7.933533e-01 0.000000e+00 -6.087614e-01
    outer loop
      vertex   1.732051e+00 2.000000e+00 1.000000e+00
      vertex   1.414214e+00 5.000000e+00 1.414214e+00
      vertex   1.732051e+00 5.000000e+00 1.000000e+00
    endloop
  endfacet
  facet normal -9.238795e-01 0.000000e+00 -3.826834e-01
    outer loop
      vertex   1.732051e+00 2.000000e+00 1.000000e+00
      vertex   1.732051e+00 5.000000e+00 1.000000e+00
      vertex   1.931852e+00 2.000000e+00 5.176381e-01
    endloop
  endfacet
  facet normal -9.238795e-01 0.000000e+00 -3.826834e-01
    outer loop
      vertex   1.931852e+00 2.000000e+00 5.176381e-01
      vertex   1.732051e+00 5.000000e+00 1.000000e+00
      vertex   1.931852e+00 5.000000e+00 5.176381e-01
    endloop
  endfacet
  facet normal -9.914449e-01 -4.709678e-17 1.305262e-01
    outer loop
      vertex   8.545481e+00 4.000000e+00 -4.141105e-01
      vertex   8.545481e+00 2.000000e+00 -4.141105e-01
      vertex   8.600000e+00 4.000000e+00 1.358369e-15
    endloop
  endfacet
  facet normal -9.914449e-01 0.000000e+00 1.305262e-01
    outer loop
      vertex   8.600000e+00 4.000000e+00 1.358369e-15
      vertex   8.545481e+00 2.000000e+00 -4.141105e-01
      vertex   8.600000e+00 2.000000e+00 1.358369e-15
    endloop
  endfacet
  facet normal -9.914449e-01 -0.000000e+00 -1.305262e-01
    outer loop
      vertex   8.600000e+00 4.000000e+00 1.358369e-15
      vertex   8.600000e+00 2.000000e+00 1.358369e-15
      vertex   8.545481e+00 4.000000e+00 4.141105e-01
    endloop
  endfacet
  facet normal -9.914449e-01 4.347396e-17 -1.305262e-01
    outer loop
      vertex   8.545481e+00 4.000000e+00 4.141105e-01
      vertex   8.600000e+00 2.000000e+00 1.358369e-15
      vertex   8.545481e+00 2.000000e+00 4.141105e-01
    endloop
  endfacet
  facet normal -9.238795e-01 1.274592e-16 -3.826834e-01
    outer loop
      vertex   8.545481e+00 4.000000e+00 4.141105e-01
      vertex   8.545481e+00 2.000000e+00 4.141105e-01
      vertex   8.385641e+00 4.000000e+00 8.000000e-01
    endloop
  endfacet
  facet normal -9.238795e-01 1.274592e-16 -3.826834e-01
    outer loop
      vertex   8.385641e+00 4.000000e+00 8.000000e-01
      vertex   8.545481e+00 2.000000e+00 4.141105e-01
      vertex   8.385641e+00 2.000000e+00 8.000000e-01
    endloop
  endfacet
  facet normal -7.933533e-01 2.027583e-16 -6.087614e-01
    outer loop
      vertex   8.385641e+00 4.000000e+00 8.000000e-01
      vertex   8.385641e+00 2.000000e+00 8.000000e-01
      vertex   8.131371e+00 4.000000e+00 1.131371e+00
    endloop
  endfacet
  facet normal -7.933533e-01 -0.000000e+00 -6.087614e-01
    outer loop
      vertex   8.131371e+00 4.000000e+00 1.131371e+00
      vertex   8.385641e+00 2.000000e+00 8.000000e-01
      vertex   8.131371e+00 2.000000e+00 1.131371e+00
    endloop
  endfacet
  facet normal -6.087614e-01 -0.000000e+00 -7.933533e-01
    outer loop
      vertex   8.131371e+00 4.000000e+00 1.131371e+00
      vertex   8.131371e+00 2.000000e+00 1.131371e+00
      vertex   7.800000e+00 4.000000e+00 1.385641e+00
    endloop
  endfacet
  facet normal -6.087614e-01 -9.418455e-17 -7.933533e-01
    outer loop
      vertex   7.800000e+00 4.000000e+00 1.385641e+00
      vertex   8.131371e+00 2.000000e+00 1.131371e+00
      vertex   7.800000e+00 2.000000e+00 1.385641e+00
    endloop
  endfacet
  facet normal -3.826834e-01 3.519688e-17 -9.238795e-01
    outer loop
      vertex   7.800000e+00 4.000000e+00 1.385641e+00
      vertex   7.800000e+00 2.000000e+00 1.385641e+00
      vertex   7.414110e+00 4.000000e+00 1.545481e+00
    endloop
  endfacet
  facet normal -3.826834e-01 -0.000000e+00 -9.238795e-01
    outer loop
      vertex   7.414110e+00 4.000000e+00 1.545481e+00
      vertex   7.800000e+00 2.000000e+00 1.385641e+00
      vertex   7.414110e+00 2.000000e+00 1.545481e+00
    endloop
  endfacet
  facet normal -1.305262e-01 -0.000000e+00 -9.914449e-01
    outer loop
      vertex   7.414110e+00 4.000000e+00 1.545481e+00
      vertex   7.414110e+00 2.000000e+00 1.545481e+00
      vertex   7.000000e+00 4.000000e+00 1.600000e+00
    endloop
  endfacet
  facet normal -1.305262e-01 -0.000000e+00 -9.914449e-01
    outer loop
      vertex   7.000000e+00 4.000000e+00 1.600000e+00
      vertex   7.414110e+00 2.000000e+00 1.545481e+00
      vertex   7.000000e+00 2.000000e+00 1.600000e+00
    endloop
  endfacet
  facet normal 1.305262e-01 0.000000e+00 -9.914449e-01
    outer loop
      vertex   7.000000e+00 4.000000e+00 1.600000e+00
      vertex   7.000000e+00 2.000000e+00 1.600000e+00
      vertex   6.585890e+00 4.000000e+00 1.545481e+00
    endloop
  endfacet
  facet normal 1.305262e-01 -1.621797e-16 -9.914449e-01
    outer loop
      vertex   6.585890e+00 4.000000e+00 1.545481e+00
      vertex   7.000000e+00 2.000000e+00 1.600000e+00
      vertex   6.585890e+00 2.000000e+00 1.545481e+00
    endloop
  endfacet
  facet normal 3.826834e-01 -3.519688e-17 -9.238795e-01
    outer loop
      vertex   6.585890e+00 4.000000e+00 1.545481e+00
      vertex   6.585890e+00 2.000000e+00 1.545481e+00
      vertex   6.200000e+00 4.000000e+00 1.385641e+00
    endloop
  endfacet
  facet normal 3.826834e-01 6.737435e-17 -9.238795e-01
    outer loop
      vertex   6.200000e+00 4.000000e+00 1.385641e+00
      vertex   6.585890e+00 2.000000e+00 1.545481e+00
      vertex   6.200000e+00 2.000000e+00 1.385641e+00
    endloop
  endfacet
  facet normal 6.087614e-01 1.822645e-16 -7.933533e-01
    outer loop
      vertex   6.200000e+00 4.000000e+00 1.385641e+00
      vertex   6.200000e+00 2.000000e+00 1.385641e+00
      vertex   5.868629e+00 4.000000e+00 1.131371e+00
    endloop
  endfacet
  facet normal 6.087614e-01 -1.761598e-16 -7.933533e-01
    outer loop
      vertex   5.868629e+00 4.000000e+00 1.131371e+00
      vertex   6.200000e+00 2.000000e+00 1.385641e+00
      vertex   5.868629e+00 2.000000e+00 1.131371e+00
    endloop
  endfacet
  facet normal 7.933533e-01 -1.351722e-16 -6.087614e-01
    outer loop
      vertex   5.868629e+00 4.000000e+00 1.131371e+00
      vertex   5.868629e+00 2.000000e+00 1.131371e+00
      vertex   5.614359e+00 4.000000e+00 8.000000e-01
    endloop
  endfacet
  facet normal 7.933533e-01 -2.027583e-16 -6.087614e-01
    outer loop
      vertex   5.614359e+00 4.000000e+00 8.000000e-01
      vertex   5.868629e+00 2.000000e+00 1.131371e+00
      vertex   5.614359e+00 2.000000e+00 8.000000e-01
    endloop
  endfacet
  facet normal 9.238795e-01 -1.274592e-16 -3.826834e-01
    outer loop
      vertex   5.614359e+00 4.000000e+00 8.000000e-01
      vertex   5.614359e+00 2.000000e+00 8.000000e-01
      vertex   5.454519e+00 4.000000e+00 4.141105e-01
    endloop
  endfacet
  facet normal 9.238795e-01 -1.380808e-16 -3.826834e-01
    outer loop
      vertex   5.454519e+00 4.000000e+00 4.141105e-01
      vertex   5.614359e+00 2.000000e+00 8.000000e-01
      vertex   5.454519e+00 2.000000e+00 4.141105e-01
    endloop
  endfacet
  facet normal 9.914449e-01 -4.709678e-17 -1.305262e-01
    outer loop
      vertex   5.454519e+00 4.000000e+00 4.141105e-01
      vertex   5.454519e+00 2.000000e+00 4.141105e-01
      vertex   5.400000e+00 4.000000e+00 1.554312e-15
    endloop
  endfacet
  facet normal 9.914449e-01 0.000000e+00 -1.305262e-01
    outer loop
      vertex   5.400000e+00 4.000000e+00 1.554312e-15
      vertex   5.454519e+00 2.000000e+00 4.141105e-01
      vertex   5.400000e+00 2.000000e+00 1.554312e-15
    endloop
  endfacet
  facet normal 9.914449e-01 0.000000e+00 1.305262e-01
    outer loop
      vertex   5.400000e+00 4.000000e+00 1.554312e-15
      vertex   5.400000e+00 2.000000e+00 1.554312e-15
      vertex   5.454519e+00 4.000000e+00 -4.141105e-01
    endloop
  endfacet
  facet normal 9.914449e-01 4.709678e-17 1.305262e-01
    outer loop
      vertex   5.454519e+00 4.000000e+00 -4.141105e-01
      vertex   5.400000e+00 2.000000e+00 1.554312e-15
      vertex   5.454519e+00 2.000000e+00 -4.141105e-01
    endloop
  endfacet
  facet normal 9.238795e-01 1.380808e-16 3.826834e-01
    outer loop
      vertex   5.454519e+00 4.000000e+00 -4.141105e-01
      vertex   5.454519e+00 2.000000e+00 -4.141105e-01
      vertex   5.614359e+00 4.000000e+00 -8.000000e-01
    endloop
  endfacet
  facet normal 9.238795e-01 1.274592e-16 3.826834e-01
    outer loop
      vertex   5.614359e+00 4.000000e+00 -8.000000e-01
      vertex   5.454519e+00 2.000000e+00 -4.141105e-01
      vertex   5.614359e+00 2.000000e+00 -8.000000e-01
    endloop
  endfacet
  facet normal 7.933533e-01 2.027583e-16 6.087614e-01
    outer loop
      vertex   5.614359e+00 4.000000e+00 -8.000000e-01
      vertex   5.614359e+00 2.000000e+00 -8.000000e-01
      vertex   5.868629e+00 4.000000e+00 -1.131371e+00
    endloop
  endfacet
  facet normal 7.933533e-01 1.351722e-16 6.087614e-01
    outer loop
      vertex   5.868629e+00 4.000000e+00 -1.131371e+00
      vertex   5.614359e+00 2.000000e+00 -8.000000e-01
      vertex   5.868629e+00 2.000000e+00 -1.131371e+00
    endloop
  endfacet
  facet normal 6.087614e-01 1.761598e-16 7.933533e-01
    outer loop
      vertex   5.868629e+00 4.000000e+00 -1.131371e+00
      vertex   5.868629e+00 2.000000e+00 -1.131371e+00
      vertex   6.200000e+00 4.000000e+00 -1.385641e+00
    endloop
  endfacet
  facet normal 6.087614e-01 -9.418455e-17 7.933533e-01
    outer loop
      vertex   6.200000e+00 4.000000e+00 -1.385641e+00
      vertex   5.868629e+00 2.000000e+00 -1.131371e+00
      vertex   6.200000e+00 2.000000e+00 -1.385641e+00
    endloop
  endfacet
  facet normal 3.826834e-01 3.519688e-17 9.238795e-01
    outer loop
      vertex   6.200000e+00 4.000000e+00 -1.385641e+00
      vertex   6.200000e+00 2.000000e+00 -1.385641e+00
      vertex   6.585890e+00 4.000000e+00 -1.545481e+00
    endloop
  endfacet
  facet normal 3.826834e-01 -6.737435e-17 9.238795e-01
    outer loop
      vertex   6.585890e+00 4.000000e+00 -1.545481e+00
      vertex   6.200000e+00 2.000000e+00 -1.385641e+00
      vertex   6.585890e+00 2.000000e+00 -1.545481e+00
    endloop
  endfacet
  facet normal 1.305262e-01 5.210722e-17 9.914449e-01
    outer loop
      vertex   6.585890e+00 4.000000e+00 -1.545481e+00
      vertex   6.585890e+00 2.000000e+00 -1.545481e+00
      vertex   7.000000e+00 4.000000e+00 -1.600000e+00
    endloop
  endfacet
  facet normal 1.305262e-01 0.000000e+00 9.914449e-01
    outer loop
      vertex   7.000000e+00 4.000000e+00 -1.600000e+00
      vertex   6.585890e+00 2.000000e+00 -1.545481e+00
      vertex   7.000000e+00 2.000000e+00 -1.600000e+00
    endloop
  endfacet
  facet normal -1.305262e-01 0.000000e+00 9.914449e-01
    outer loop
      vertex   7.000000e+00 4.000000e+00 -1.600000e+00
      vertex   7.000000e+00 2.000000e+00 -1.600000e+00
      vertex   7.414110e+00 4.000000e+00 -1.545481e+00
    endloop
  endfacet
  facet normal -1.305262e-01 0.000000e+00 9.914449e-01
    outer loop
      vertex   7.414110e+00 4.000000e+00 -1.545481e+00
      vertex   7.000000e+00 2.000000e+00 -1.600000e+00
      vertex   7.414110e+00 2.000000e+00 -1.545481e+00
    endloop
  endfacet
  facet normal -3.826834e-01 0.000000e+00 9.238795e-01
    outer loop
      vertex   7.414110e+00 4.000000e+00 -1.545481e+00
      vertex   7.414110e+00 2.000000e+00 -1.545481e+00
      vertex   7.800000e+00 4.000000e+00 -1.385641e+00
    endloop
  endfacet
  facet normal -3.826834e-01 -3.519688e-17 9.238795e-01
    outer loop
      vertex   7.800000e+00 4.000000e+00 -1.385641e+00
      vertex   7.414110e+00 2.000000e+00 -1.545481e+00
      vertex   7.800000e+00 2.000000e+00 -1.385641e+00
    endloop
  endfacet
  facet normal -6.087614e-01 9.418455e-17 7.933533e-01
    outer loop
      vertex   7.800000e+00 4.000000e+00 -1.385641e+00
      vertex   7.800000e+00 2.000000e+00 -1.385641e+00
      vertex   8.131371e+00 4.000000e+00 -1.131371e+00
    endloop
  endfacet
  facet normal -6.087614e-01 0.000000e+00 7.933533e-01
    outer loop
      vertex   8.131371e+00 4.000000e+00 -1.131371e+00
      vertex   7.800000e+00 2.000000e+00 -1.385641e+00
      vertex   8.131371e+00 2.000000e+00 -1.131371e+00
    endloop
  endfacet
  facet normal -7.933533e-01 0.000000e+00 6.087614e-01
    outer loop
      vertex   8.131371e+00 4.000000e+00 -1.131371e+00
      vertex   8.131371e+00 2.000000e+00 -1.131371e+00
      vertex   8.385641e+00 4.000000e+00 -8.000000e-01
    endloop
  endfacet
  facet normal -7.933533e-01 -2.027583e-16 6.087614e-01
    outer loop
      vertex   8.385641e+00 4.000000e+00 -8.000000e-01
      vertex   8.131371e+00 2.000000e+00 -1.131371e+00
      vertex   8.385641e+00 2.000000e+00 -8.000000e-01
    endloop
  endfacet
  facet normal -9.238795e-01 -1.274592e-16 3.826834e-01
    outer loop
      vertex   8.385641e+00 4.000000e+00 -8.000000e-01
      vertex   8.385641e+00 2.000000e+00 -8.000000e-01
      vertex   8.545481e+00 4.000000e+00 -4.141105e-01
    endloop
  endfacet
  facet normal -9.238795e-01 -1.380808e-16 3.826834e-01
    outer loop
      vertex   8.545481e+00 4.000000e+00 -4.141105e-01
      vertex   8.385641e+00 2.000000e+00 -8.000000e-01
      vertex   8.545481e+00 2.000000e+00 -4.141105e-01
    endloop
  endfacet
  facet normal -9.914449e-01 1.100725e-16 1.305262e-01
    outer loop
      vertex   1.545481e+00 4.000000e+00 -7.414110e+00
      vertex   1.545481e+00 2.000000e+00 -7.414110e+00
      vertex   1.600000e+00 4.000000e+00 -7.000000e+00
    endloop
  endfacet
  facet normal -9.914449e-01 -2.201450e-16 1.305262e-01
    outer loop
      vertex   1.600000e+00 4.000000e+00 -7.000000e+00
      vertex   1.545481e+00 2.000000e+00 -7.414110e+00
      vertex   1.600000e+00 2.000000e+00 -7.000000e+00
    endloop
  endfacet
  facet normal -9.914449e-01 -2.201450e-16 -1.305262e-01
    outer loop
      vertex   1.600000e+00 4.000000e+00 -7.000000e+00
      vertex   1.600000e+00 2.000000e+00 -7.000000e+00
      vertex   1.545481e+00 4.000000e+00 -6.585890e+00
    endloop
  endfacet
  facet normal -9.914449e-01 -1.100725e-16 -1.305262e-01
    outer loop
      vertex   1.545481e+00 4.000000e+00 -6.585890e+00
      vertex   1.600000e+00 2.000000e+00 -7.000000e+00
      vertex   1.545481e+00 2.000000e+00 -6.585890e+00
    endloop
  endfacet
  facet normal -9.238795e-01 -1.025712e-16 -3.826834e-01
    outer loop
      vertex   1.545481e+00 4.000000e+00 -6.585890e+00
      vertex   1.545481e+00 2.000000e+00 -6.585890e+00
      vertex   1.385641e+00 4.000000e+00 -6.200000e+00
    endloop
  endfacet
  facet normal -9.238795e-01 -2.051425e-16 -3.826834e-01
    outer loop
      vertex   1.385641e+00 4.000000e+00 -6.200000e+00
      vertex   1.545481e+00 2.000000e+00 -6.585890e+00
      vertex   1.385641e+00 2.000000e+00 -6.200000e+00
    endloop
  endfacet
  facet normal -7.933533e-01 -1.761598e-16 -6.087614e-01
    outer loop
      vertex   1.385641e+00 4.000000e+00 -6.200000e+00
      vertex   1.385641e+00 2.000000e+00 -6.200000e+00
      vertex   1.131371e+00 4.000000e+00 -5.868629e+00
    endloop
  endfacet
  facet normal -7.933533e-01 -0.000000e+00 -6.087614e-01
    outer loop
      vertex   1.131371e+00 4.000000e+00 -5.868629e+00
      vertex   1.385641e+00 2.000000e+00 -6.200000e+00
      vertex   1.131371e+00 2.000000e+00 -5.868629e+00
    endloop
  endfacet
  facet normal -6.087614e-01 -0.000000e+00 -7.933533e-01
    outer loop
      vertex   1.131371e+00 4.000000e+00 -5.868629e+00
      vertex   1.131371e+00 2.000000e+00 -5.868629e+00
      vertex   8.000000e-01 4.000000e+00 -5.614359e+00
    endloop
  endfacet
  facet normal -6.087614e-01 -3.717235e-16 -7.933533e-01
    outer loop
      vertex   8.000000e-01 4.000000e+00 -5.614359e+00
      vertex   1.131371e+00 2.000000e+00 -5.868629e+00
      vertex   8.000000e-01 2.000000e+00 -5.614359e+00
    endloop
  endfacet
  facet normal -3.826834e-01 -2.336752e-16 -9.238795e-01
    outer loop
      vertex   8.000000e-01 4.000000e+00 -5.614359e+00
      vertex   8.000000e-01 2.000000e+00 -5.614359e+00
      vertex   4.141105e-01 4.000000e+00 -5.454519e+00
    endloop
  endfacet
  facet normal -3.826834e-01 -1.380808e-16 -9.238795e-01
    outer loop
      vertex   4.141105e-01 4.000000e+00 -5.454519e+00
      vertex   8.000000e-01 2.000000e+00 -5.614359e+00
      vertex   4.141105e-01 2.000000e+00 -5.454519e+00
    endloop
  endfacet
  facet normal -1.305262e-01 -4.709678e-17 -9.914449e-01
    outer loop
      vertex   4.141105e-01 4.000000e+00 -5.454519e+00
      vertex   4.141105e-01 2.000000e+00 -5.454519e+00
      vertex   -9.797174e-17 4.000000e+00 -5.400000e+00
    endloop
  endfacet
  facet normal -1.305262e-01 -0.000000e+00 -9.914449e-01
    outer loop
      vertex   -9.797174e-17 4.000000e+00 -5.400000e+00
      vertex   4.141105e-01 2.000000e+00 -5.454519e+00
      vertex   -9.797174e-17 2.000000e+00 -5.400000e+00
    endloop
  endfacet
  facet normal 1.305262e-01 0.000000e+00 -9.914449e-01
    outer loop
      vertex   -9.797174e-17 4.000000e+00 -5.400000e+00
      vertex   -9.797174e-17 2.000000e+00 -5.400000e+00
      vertex   -4.141105e-01 4.000000e+00 -5.454519e+00
    endloop
  endfacet
  facet normal 1.305262e-01 -8.081233e-16 -9.914449e-01
    outer loop
      vertex   -4.141105e-01 4.000000e+00 -5.454519e+00
      vertex   -9.797174e-17 2.000000e+00 -5.400000e+00
      vertex   -4.141105e-01 2.000000e+00 -5.454519e+00
    endloop
  endfacet
  facet normal 3.826834e-01 -6.081379e-16 -9.238795e-01
    outer loop
      vertex   -4.141105e-01 4.000000e+00 -5.454519e+00
      vertex   -4.141105e-01 2.000000e+00 -5.454519e+00
      vertex   -8.000000e-01 4.000000e+00 -5.614359e+00
    endloop
  endfacet
  facet normal 3.826834e-01 1.274592e-16 -9.238795e-01
    outer loop
      vertex   -8.000000e-01 4.000000e+00 -5.614359e+00
      vertex   -4.141105e-01 2.000000e+00 -5.454519e+00
      vertex   -8.000000e-01 2.000000e+00 -5.614359e+00
    endloop
  endfacet
  facet normal 6.087614e-01 2.027583e-16 -7.933533e-01
    outer loop
      vertex   -8.000000e-01 4.000000e+00 -5.614359e+00
      vertex   -8.000000e-01 2.000000e+00 -5.614359e+00
      vertex   -1.131371e+00 4.000000e+00 -5.868629e+00
    endloop
  endfacet
  facet normal 6.087614e-01 6.758610e-17 -7.933533e-01
    outer loop
      vertex   -1.131371e+00 4.000000e+00 -5.868629e+00
      vertex   -8.000000e-01 2.000000e+00 -5.614359e+00
      vertex   -1.131371e+00 2.000000e+00 -5.868629e+00
    endloop
  endfacet
  facet normal 7.933533e-01 8.807991e-17 -6.087614e-01
    outer loop
      vertex   -1.131371e+00 4.000000e+00 -5.868629e+00
      vertex   -1.131371e+00 2.000000e+00 -5.868629e+00
      vertex   -1.385641e+00 4.000000e+00 -6.200000e+00
    endloop
  endfacet
  facet normal 7.933533e-01 -9.418455e-17 -6.087614e-01
    outer loop
      vertex   -1.385641e+00 4.000000e+00 -6.200000e+00
      vertex   -1.131371e+00 2.000000e+00 -5.868629e+00
      vertex   -1.385641e+00 2.000000e+00 -6.200000e+00
    endloop
  endfacet
  facet normal 9.238795e-01 3.519688e-17 -3.826834e-01
    outer loop
      vertex   -1.385641e+00 4.000000e+00 -6.200000e+00
      vertex   -1.385641e+00 2.000000e+00 -6.200000e+00
      vertex   -1.545481e+00 4.000000e+00 -6.585890e+00
    endloop
  endfacet
  facet normal 9.238795e-01 1.025712e-16 -3.826834e-01
    outer loop
      vertex   -1.545481e+00 4.000000e+00 -6.585890e+00
      vertex   -1.385641e+00 2.000000e+00 -6.200000e+00
      vertex   -1.545481e+00 2.000000e+00 -6.585890e+00
    endloop
  endfacet
  facet normal 9.914449e-01 1.100725e-16 -1.305262e-01
    outer loop
      vertex   -1.545481e+00 4.000000e+00 -6.585890e+00
      vertex   -1.545481e+00 2.000000e+00 -6.585890e+00
      vertex   -1.600000e+00 4.000000e+00 -7.000000e+00
    endloop
  endfacet
  facet normal 9.914449e-01 0.000000e+00 -1.305262e-01
    outer loop
      vertex   -1.600000e+00 4.000000e+00 -7.000000e+00
      vertex   -1.545481e+00 2.000000e+00 -6.585890e+00
      vertex   -1.600000e+00 2.000000e+00 -7.000000e+00
    endloop
  endfacet
  facet normal 9.914449e-01 0.000000e+00 1.305262e-01
    outer loop
      vertex   -1.600000e+00 4.000000e+00 -7.000000e+00
      vertex   -1.600000e+00 2.000000e+00 -7.000000e+00
      vertex   -1.545481e+00 4.000000e+00 -7.414110e+00
    endloop
  endfacet
  facet normal 9.914449e-01 -1.100725e-16 1.305262e-01
    outer loop
      vertex   -1.545481e+00 4.000000e+00 -7.414110e+00
      vertex   -1.600000e+00 2.000000e+00 -7.000000e+00
      vertex   -1.545481e+00 2.000000e+00 -7.414110e+00
    endloop
  endfacet
  facet normal 9.238795e-01 -1.025712e-16 3.826834e-01
    outer loop
      vertex   -1.545481e+00 4.000000e+00 -7.414110e+00
      vertex   -1.545481e+00 2.000000e+00 -7.414110e+00
      vertex   -1.385641e+00 4.000000e+00 -7.800000e+00
    endloop
  endfacet
  facet normal 9.238795e-01 -3.519688e-17 3.826834e-01
    outer loop
      vertex   -1.385641e+00 4.000000e+00 -7.800000e+00
      vertex   -1.545481e+00 2.000000e+00 -7.414110e+00
      vertex   -1.385641e+00 2.000000e+00 -7.800000e+00
    endloop
  endfacet
  facet normal 7.933533e-01 9.418455e-17 6.087614e-01
    outer loop
      vertex   -1.385641e+00 4.000000e+00 -7.800000e+00
      vertex   -1.385641e+00 2.000000e+00 -7.800000e+00
      vertex   -1.131371e+00 4.000000e+00 -8.131371e+00
    endloop
  endfacet
  facet normal 7.933533e-01 -8.807991e-17 6.087614e-01
    outer loop
      vertex   -1.131371e+00 4.000000e+00 -8.131371e+00
      vertex   -1.385641e+00 2.000000e+00 -7.800000e+00
      vertex   -1.131371e+00 2.000000e+00 -8.131371e+00
    endloop
  endfacet
  facet normal 6.087614e-01 -6.758610e-17 7.933533e-01
    outer loop
      vertex   -1.131371e+00 4.000000e+00 -8.131371e+00
      vertex   -1.131371e+00 2.000000e+00 -8.131371e+00
      vertex   -8.000000e-01 4.000000e+00 -8.385641e+00
    endloop
  endfacet
  facet normal 6.087614e-01 -2.027583e-16 7.933533e-01
    outer loop
      vertex   -8.000000e-01 4.000000e+00 -8.385641e+00
      vertex   -1.131371e+00 2.000000e+00 -8.131371e+00
      vertex   -8.000000e-01 2.000000e+00 -8.385641e+00
    endloop
  endfacet
  facet normal 3.826834e-01 -1.274592e-16 9.238795e-01
    outer loop
      vertex   -8.000000e-01 4.000000e+00 -8.385641e+00
      vertex   -8.000000e-01 2.000000e+00 -8.385641e+00
      vertex   -4.141105e-01 4.000000e+00 -8.545481e+00
    endloop
  endfacet
  facet normal 3.826834e-01 -2.124320e-16 9.238795e-01
    outer loop
      vertex   -4.141105e-01 4.000000e+00 -8.545481e+00
      vertex   -8.000000e-01 2.000000e+00 -8.385641e+00
      vertex   -4.141105e-01 2.000000e+00 -8.545481e+00
    endloop
  endfacet
  facet normal 1.305262e-01 -7.245659e-17 9.914449e-01
    outer loop
      vertex   -4.141105e-01 4.000000e+00 -8.545481e+00
      vertex   -4.141105e-01 2.000000e+00 -8.545481e+00
      vertex   -9.797174e-17 4.000000e+00 -8.600000e+00
    endloop
  endfacet
  facet normal 1.305262e-01 0.000000e+00 9.914449e-01
    outer loop
      vertex   -9.797174e-17 4.000000e+00 -8.600000e+00
      vertex   -4.141105e-01 2.000000e+00 -8.545481e+00
      vertex   -9.797174e-17 2.000000e+00 -8.600000e+00
    endloop
  endfacet
  facet normal -1.305262e-01 0.000000e+00 9.914449e-01
    outer loop
      vertex   -9.797174e-17 4.000000e+00 -8.600000e+00
      vertex   -9.797174e-17 2.000000e+00 -8.600000e+00
      vertex   4.141105e-01 4.000000e+00 -8.545481e+00
    endloop
  endfacet
  facet normal -1.305262e-01 4.709678e-17 9.914449e-01
    outer loop
      vertex   4.141105e-01 4.000000e+00 -8.545481e+00
      vertex   -9.797174e-17 2.000000e+00 -8.600000e+00
      vertex   4.141105e-01 2.000000e+00 -8.545481e+00
    endloop
  endfacet
  facet normal -3.826834e-01 1.380808e-16 9.238795e-01
    outer loop
      vertex   4.141105e-01 4.000000e+00 -8.545481e+00
      vertex   4.141105e-01 2.000000e+00 -8.545481e+00
      vertex   8.000000e-01 4.000000e+00 -8.385641e+00
    endloop
  endfacet
  facet normal -3.826834e-01 2.336752e-16 9.238795e-01
    outer loop
      vertex   8.000000e-01 4.000000e+00 -8.385641e+00
      vertex   4.141105e-01 2.000000e+00 -8.545481e+00
      vertex   8.000000e-01 2.000000e+00 -8.385641e+00
    endloop
  endfacet
  facet normal -6.087614e-01 3.717235e-16 7.933533e-01
    outer loop
      vertex   8.000000e-01 4.000000e+00 -8.385641e+00
      vertex   8.000000e-01 2.000000e+00 -8.385641e+00
      vertex   1.131371e+00 4.000000e+00 -8.131371e+00
    endloop
  endfacet
  facet normal -6.087614e-01 0.000000e+00 7.933533e-01
    outer loop
      vertex   1.131371e+00 4.000000e+00 -8.131371e+00
      vertex   8.000000e-01 2.000000e+00 -8.385641e+00
      vertex   1.131371e+00 2.000000e+00 -8.131371e+00
    endloop
  endfacet
  facet normal -7.933533e-01 0.000000e+00 6.087614e-01
    outer loop
      vertex   1.131371e+00 4.000000e+00 -8.131371e+00
      vertex   1.131371e+00 2.000000e+00 -8.131371e+00
      vertex   1.385641e+00 4.000000e+00 -7.800000e+00
    endloop
  endfacet
  facet normal -7.933533e-01 1.761598e-16 6.087614e-01
    outer loop
      vertex   1.385641e+00 4.000000e+00 -7.800000e+00
      vertex   1.131371e+00 2.000000e+00 -8.131371e+00
      vertex   1.385641e+00 2.000000e+00 -7.800000e+00
    endloop
  endfacet
  facet normal -9.238795e-01 2.051425e-16 3.826834e-01
    outer loop
      vertex   1.385641e+00 4.000000e+00 -7.800000e+00
      vertex   1.385641e+00 2.000000e+00 -7.800000e+00
      vertex   1.545481e+00 4.000000e+00 -7.414110e+00
    endloop
  endfacet
  facet normal -9.238795e-01 1.025712e-16 3.826834e-01
    outer loop
      vertex   1.545481e+00 4.000000e+00 -7.414110e+00
      vertex   1.385641e+00 2.000000e+00 -7.800000e+00
      vertex   1.545481e+00 2.000000e+00 -7.414110e+00
    endloop
  endfacet
  facet normal -9.914449e-01 -4.347396e-17 1.305262e-01
    outer loop
      vertex   -5.454519e+00 4.000000e+00 -4.141105e-01
      vertex   -5.454519e+00 2.000000e+00 -4.141105e-01
      vertex   -5.400000e+00 4.000000e+00 -1.750256e-15
    endloop
  endfacet
  facet normal -9.914449e-01 0.000000e+00 1.305262e-01
    outer loop
      vertex   -5.400000e+00 4.000000e+00 -1.750256e-15
      vertex   -5.454519e+00 2.000000e+00 -4.141105e-01
      vertex   -5.400000e+00 2.000000e+00 -1.750256e-15
    endloop
  endfacet
  facet normal -9.914449e-01 -0.000000e+00 -1.305262e-01
    outer loop
      vertex   -5.400000e+00 4.000000e+00 -1.750256e-15
      vertex   -5.400000e+00 2.000000e+00 -1.750256e-15
      vertex   -5.454519e+00 4.000000e+00 4.141105e-01
    endloop
  endfacet
  facet normal -9.914449e-01 4.709678e-17 -1.305262e-01
    outer loop
      vertex   -5.454519e+00 4.000000e+00 4.141105e-01
      vertex   -5.400000e+00 2.000000e+00 -1.750256e-15
      vertex   -5.454519e+00 2.000000e+00 4.141105e-01
    endloop
  endfacet
  facet normal -9.238795e-01 1.380808e-16 -3.826834e-01
    outer loop
      vertex   -5.454519e+00 4.000000e+00 4.141105e-01
      vertex   -5.454519e+00 2.000000e+00 4.141105e-01
      vertex   -5.614359e+00 4.000000e+00 8.000000e-01
    endloop
  endfacet
  facet normal -9.238795e-01 1.274592e-16 -3.826834e-01
    outer loop
      vertex   -5.614359e+00 4.000000e+00 8.000000e-01
      vertex   -5.454519e+00 2.000000e+00 4.141105e-01
      vertex   -5.614359e+00 2.000000e+00 8.000000e-01
    endloop
  endfacet
  facet normal -7.933533e-01 2.027583e-16 -6.087614e-01
    outer loop
      vertex   -5.614359e+00 4.000000e+00 8.000000e-01
      vertex   -5.614359e+00 2.000000e+00 8.000000e-01
      vertex   -5.868629e+00 4.000000e+00 1.131371e+00
    endloop
  endfacet
  facet normal -7.933533e-01 -0.000000e+00 -6.087614e-01
    outer loop
      vertex   -5.868629e+00 4.000000e+00 1.131371e+00
      vertex   -5.614359e+00 2.000000e+00 8.000000e-01
      vertex   -5.868629e+00 2.000000e+00 1.131371e+00
    endloop
  endfacet
  facet normal -6.087614e-01 -0.000000e+00 -7.933533e-01
    outer loop
      vertex   -5.868629e+00 4.000000e+00 1.131371e+00
      vertex   -5.868629e+00 2.000000e+00 1.131371e+00
      vertex   -6.200000e+00 4.000000e+00 1.385641e+00
    endloop
  endfacet
  facet normal -6.087614e-01 -9.418455e-17 -7.933533e-01
    outer loop
      vertex   -6.200000e+00 4.000000e+00 1.385641e+00
      vertex   -5.868629e+00 2.000000e+00 1.131371e+00
      vertex   -6.200000e+00 2.000000e+00 1.385641e+00
    endloop
  endfacet
  facet normal -3.826834e-01 3.519688e-17 -9.238795e-01
    outer loop
      vertex   -6.200000e+00 4.000000e+00 1.385641e+00
      vertex   -6.200000e+00 2.000000e+00 1.385641e+00
      vertex   -6.585890e+00 4.000000e+00 1.545481e+00
    endloop
  endfacet
  facet normal -3.826834e-01 -0.000000e+00 -9.238795e-01
    outer loop
      vertex   -6.585890e+00 4.000000e+00 1.545481e+00
      vertex   -6.200000e+00 2.000000e+00 1.385641e+00
      vertex   -6.585890e+00 2.000000e+00 1.545481e+00
    endloop
  endfacet
  facet normal -1.305262e-01 -0.000000e+00 -9.914449e-01
    outer loop
      vertex   -6.585890e+00 4.000000e+00 1.545481e+00
      vertex   -6.585890e+00 2.000000e+00 1.545481e+00
      vertex   -7.000000e+00 4.000000e+00 1.600000e+00
    endloop
  endfacet
  facet normal -1.305262e-01 -0.000000e+00 -9.914449e-01
    outer loop
      vertex   -7.000000e+00 4.000000e+00 1.600000e+00
      vertex   -6.585890e+00 2.000000e+00 1.545481e+00
      vertex   -7.000000e+00 2.000000e+00 1.600000e+00
    endloop
  endfacet
  facet normal 1.305262e-01 0.000000e+00 -9.914449e-01
    outer loop
      vertex   -7.000000e+00 4.000000e+00 1.600000e+00
      vertex   -7.000000e+00 2.000000e+00 1.600000e+00
      vertex   -7.414110e+00 4.000000e+00 1.545481e+00
    endloop
  endfacet
  facet normal 1.305262e-01 -5.210722e-17 -9.914449e-01
    outer loop
      vertex   -7.414110e+00 4.000000e+00 1.545481e+00
      vertex   -7.000000e+00 2.000000e+00 1.600000e+00
      vertex   -7.414110e+00 2.000000e+00 1.545481e+00
    endloop
  endfacet
  facet normal 3.826834e-01 6.737435e-17 -9.238795e-01
    outer loop
      vertex   -7.414110e+00 4.000000e+00 1.545481e+00
      vertex   -7.414110e+00 2.000000e+00 1.545481e+00
      vertex   -7.800000e+00 4.000000e+00 1.385641e+00
    endloop
  endfacet
  facet normal 3.826834e-01 -3.519688e-17 -9.238795e-01
    outer loop
      vertex   -7.800000e+00 4.000000e+00 1.385641e+00
      vertex   -7.414110e+00 2.000000e+00 1.545481e+00
      vertex   -7.800000e+00 2.000000e+00 1.385641e+00
    endloop
  endfacet
  facet normal 6.087614e-01 9.418455e-17 -7.933533e-01
    outer loop
      vertex   -7.800000e+00 4.000000e+00 1.385641e+00
      vertex   -7.800000e+00 2.000000e+00 1.385641e+00
      vertex   -8.131371e+00 4.000000e+00 1.131371e+00
    endloop
  endfacet
  facet normal 6.087614e-01 -1.761598e-16 -7.933533e-01
    outer loop
      vertex   -8.131371e+00 4.000000e+00 1.131371e+00
      vertex   -7.800000e+00 2.000000e+00 1.385641e+00
      vertex   -8.131371e+00 2.000000e+00 1.131371e+00
    endloop
  endfacet
  facet normal 7.933533e-01 -1.351722e-16 -6.087614e-01
    outer loop
      vertex   -8.131371e+00 4.000000e+00 1.131371e+00
      vertex   -8.131371e+00 2.000000e+00 1.131371e+00
      vertex   -8.385641e+00 4.000000e+00 8.000000e-01
    endloop
  endfacet
  facet normal 7.933533e-01 -2.027583e-16 -6.087614e-01
    outer loop
      vertex   -8.385641e+00 4.000000e+00 8.000000e-01
      vertex   -8.131371e+00 2.000000e+00 1.131371e+00
      vertex   -8.385641e+00 2.000000e+00 8.000000e-01
    endloop
  endfacet
  facet normal 9.238795e-01 -1.274592e-16 -3.826834e-01
    outer loop
      vertex   -8.385641e+00 4.000000e+00 8.000000e-01
      vertex   -8.385641e+00 2.000000e+00 8.000000e-01
      vertex   -8.545481e+00 4.000000e+00 4.141105e-01
    endloop
  endfacet
  facet normal 9.238795e-01 -1.380808e-16 -3.826834e-01
    outer loop
      vertex   -8.545481e+00 4.000000e+00 4.141105e-01
      vertex   -8.385641e+00 2.000000e+00 8.000000e-01
      vertex   -8.545481e+00 2.000000e+00 4.141105e-01
    endloop
  endfacet
  facet normal 9.914449e-01 -4.709678e-17 -1.305262e-01
    outer loop
      vertex   -8.545481e+00 4.000000e+00 4.141105e-01
      vertex   -8.545481e+00 2.000000e+00 4.141105e-01
      vertex   -8.600000e+00 4.000000e+00 -1.554312e-15
    endloop
  endfacet
  facet normal 9.914449e-01 0.000000e+00 -1.305262e-01
    outer loop
      vertex   -8.600000e+00 4.000000e+00 -1.554312e-15
      vertex   -8.545481e+00 2.000000e+00 4.141105e-01
      vertex   -8.600000e+00 2.000000e+00 -1.554312e-15
    endloop
  endfacet
  facet normal 9.914449e-01 0.000000e+00 1.305262e-01
    outer loop
      vertex   -8.600000e+00 4.000000e+00 -1.554312e-15
      vertex   -8.600000e+00 2.000000e+00 -1.554312e-15
      vertex   -8.545481e+00 4.000000e+00 -4.141105e-01
    endloop
  endfacet
  facet normal 9.914449e-01 4.709678e-17 1.305262e-01
    outer loop
      vertex   -8.545481e+00 4.000000e+00 -4.141105e-01
      vertex   -8.600000e+00 2.000000e+00 -1.554312e-15
      vertex   -8.545481e+00 2.000000e+00 -4.141105e-01
    endloop
  endfacet
  facet normal 9.238795e-01 1.380808e-16 3.826834e-01
    outer loop
      vertex   -8.545481e+00 4.000000e+00 -4.141105e-01
      vertex   -8.545481e+00 2.000000e+00 -4.141105e-01
      vertex   -8.385641e+00 4.000000e+00 -8.000000e-01
    endloop
  endfacet
  facet normal 9.238795e-01 1.274592e-16 3.826834e-01
    outer loop
      vertex   -8.385641e+00 4.000000e+00 -8.000000e-01
      vertex   -8.545481e+00 2.000000e+00 -4.141105e-01
      vertex   -8.385641e+00 2.000000e+00 -8.000000e-01
    endloop
  endfacet
  facet normal 7.933533e-01 2.027583e-16 6.087614e-01
    outer loop
      vertex   -8.385641e+00 4.000000e+00 -8.000000e-01
      vertex   -8.385641e+00 2.000000e+00 -8.000000e-01
      vertex   -8.131371e+00 4.000000e+00 -1.131371e+00
    endloop
  endfacet
  facet normal 7.933533e-01 1.351722e-16 6.087614e-01
    outer loop
      vertex   -8.131371e+00 4.000000e+00 -1.131371e+00
      vertex   -8.385641e+00 2.000000e+00 -8.000000e-01
      vertex   -8.131371e+00 2.000000e+00 -1.131371e+00
    endloop
  endfacet
  facet normal 6.087614e-01 1.761598e-16 7.933533e-01
    outer loop
      vertex   -8.131371e+00 4.000000e+00 -1.131371e+00
      vertex   -8.131371e+00 2.000000e+00 -1.131371e+00
      vertex   -7.800000e+00 4.000000e+00 -1.385641e+00
    endloop
  endfacet
  facet normal 6.087614e-01 -1.822645e-16 7.933533e-01
    outer loop
      vertex   -7.800000e+00 4.000000e+00 -1.385641e+00
      vertex   -8.131371e+00 2.000000e+00 -1.131371e+00
      vertex   -7.800000e+00 2.000000e+00 -1.385641e+00
    endloop
  endfacet
  facet normal 3.826834e-01 -6.737435e-17 9.238795e-01
    outer loop
      vertex   -7.800000e+00 4.000000e+00 -1.385641e+00
      vertex   -7.800000e+00 2.000000e+00 -1.385641e+00
      vertex   -7.414110e+00 4.000000e+00 -1.545481e+00
    endloop
  endfacet
  facet normal 3.826834e-01 3.519688e-17 9.238795e-01
    outer loop
      vertex   -7.414110e+00 4.000000e+00 -1.545481e+00
      vertex   -7.800000e+00 2.000000e+00 -1.385641e+00
      vertex   -7.414110e+00 2.000000e+00 -1.545481e+00
    endloop
  endfacet
  facet normal 1.305262e-01 1.621797e-16 9.914449e-01
    outer loop
      vertex   -7.414110e+00 4.000000e+00 -1.545481e+00
      vertex   -7.414110e+00 2.000000e+00 -1.545481e+00
      vertex   -7.000000e+00 4.000000e+00 -1.600000e+00
    endloop
  endfacet
  facet normal 1.305262e-01 0.000000e+00 9.914449e-01
    outer loop
      vertex   -7.000000e+00 4.000000e+00 -1.600000e+00
      vertex   -7.414110e+00 2.000000e+00 -1.545481e+00
      vertex   -7.000000e+00 2.000000e+00 -1.600000e+00
    endloop
  endfacet
  facet normal -1.305262e-01 0.000000e+00 9.914449e-01
    outer loop
      vertex   -7.000000e+00 4.000000e+00 -1.600000e+00
      vertex   -7.000000e+00 2.000000e+00 -1.600000e+00
      vertex   -6.585890e+00 4.000000e+00 -1.545481e+00
    endloop
  endfacet
  facet normal -1.305262e-01 0.000000e+00 9.914449e-01
    outer loop
      vertex   -6.585890e+00 4.000000e+00 -1.545481e+00
      vertex   -7.000000e+00 2.000000e+00 -1.600000e+00
      vertex   -6.585890e+00 2.000000e+00 -1.545481e+00
    endloop
  endfacet
  facet normal -3.826834e-01 0.000000e+00 9.238795e-01
    outer loop
      vertex   -6.585890e+00 4.000000e+00 -1.545481e+00
      vertex   -6.585890e+00 2.000000e+00 -1.545481e+00
      vertex   -6.200000e+00 4.000000e+00 -1.385641e+00
    endloop
  endfacet
  facet normal -3.826834e-01 -3.519688e-17 9.238795e-01
    outer loop
      vertex   -6.200000e+00 4.000000e+00 -1.385641e+00
      vertex   -6.585890e+00 2.000000e+00 -1.545481e+00
      vertex   -6.200000e+00 2.000000e+00 -1.385641e+00
    endloop
  endfacet
  facet normal -6.087614e-01 9.418455e-17 7.933533e-01
    outer loop
      vertex   -6.200000e+00 4.000000e+00 -1.385641e+00
      vertex   -6.200000e+00 2.000000e+00 -1.385641e+00
      vertex   -5.868629e+00 4.000000e+00 -1.131371e+00
    endloop
  endfacet
  facet normal -6.087614e-01 0.000000e+00 7.933533e-01
    outer loop
      vertex   -5.868629e+00 4.000000e+00 -1.131371e+00
      vertex   -6.200000e+00 2.000000e+00 -1.385641e+00
      vertex   -5.868629e+00 2.000000e+00 -1.131371e+00
    endloop
  endfacet
  facet normal -7.933533e-01 0.000000e+00 6.087614e-01
    outer loop
      vertex   -5.868629e+00 4.000000e+00 -1.131371e+00
      vertex   -5.868629e+00 2.000000e+00 -1.131371e+00
      vertex   -5.614359e+00 4.000000e+00 -8.000000e-01
    endloop
  endfacet
  facet normal -7.933533e-01 -2.027583e-16 6.087614e-01
    outer loop
      vertex   -5.614359e+00 4.000000e+00 -8.000000e-01
      vertex   -5.868629e+00 2.000000e+00 -1.131371e+00
      vertex   -5.614359e+00 2.000000e+00 -8.000000e-01
    endloop
  endfacet
  facet normal -9.238795e-01 -1.274592e-16 3.826834e-01
    outer loop
      vertex   -5.614359e+00 4.000000e+00 -8.000000e-01
      vertex   -5.614359e+00 2.000000e+00 -8.000000e-01
      vertex   -5.454519e+00 4.000000e+00 -4.141105e-01
    endloop
  endfacet
  facet normal -9.238795e-01 -1.274592e-16 3.826834e-01
    outer loop
      vertex   -5.454519e+00 4.000000e+00 -4.141105e-01
      vertex   -5.614359e+00 2.000000e+00 -8.000000e-01
      vertex   -5.454519e+00 2.000000e+00 -4.141105e-01
    endloop
  endfacet
  facet normal 0.000000e+00 1.000000e+00 0.000000e+00
    outer loop
      vertex   8.545481e+00 1.700000e+01 -4.141105e-01
      vertex   8.600000e+00 1.700000e+01 1.358369e-15
      vertex   1.000000e+01 1.700000e+01 -1.224647e-15
    endloop
  endfacet
  facet normal 0.000000e+00 1.000000e+00 0.000000e+00
    outer loop
      vertex   1.000000e+01 1.700000e+01 -1.224647e-15
      vertex   8.600000e+00 1.700000e+01 1.358369e-15
      vertex   8.545481e+00 1.700000e+01 4.141105e-01
    endloop
  endfacet
  facet normal 0.000000e+00 1.000000e+00 0.000000e+00
    outer loop
      vertex   1.000000e+01 1.700000e+01 -1.224647e-15
      vertex   8.545481e+00 1.700000e+01 4.141105e-01
      vertex   9.898214e+00 1.700000e+01 1.423148e+00
    endloop
  endfacet
  facet normal 0.000000e+00 1.000000e+00 0.000000e+00
    outer loop
      vertex   9.898214e+00 1.700000e+01 1.423148e+00
      vertex   8.545481e+00 1.700000e+01 4.141105e-01
      vertex   8.385641e+00 1.700000e+01 8.000000e-01
    endloop
  endfacet
  facet normal 0.000000e+00 1.000000e+00 0.000000e+00
    outer loop
      vertex   9.898214e+00 1.700000e+01 1.423148e+00
      vertex   8.385641e+00 1.700000e+01 8.000000e-01
      vertex   8.131371e+00 1.700000e+01 1.131371e+00
    endloop
  endfacet
  facet normal 0.000000e+00 1.000000e+00 0.000000e+00
    outer loop
      vertex   9.898214e+00 1.700000e+01 1.423148e+00
      vertex   8.131371e+00 1.700000e+01 1.131371e+00
      vertex   9.594930e+00 1.700000e+01 2.817326e+00
    endloop
  endfacet
  facet normal 0.000000e+00 1.000000e+00 0.000000e+00
    outer loop
      vertex   9.594930e+00 1.700000e+01 2.817326e+00
      vertex   8.131371e+00 1.700000e+01 1.131371e+00
      vertex   7.800000e+00 1.700000e+01 1.385641e+00
    endloop
  endfacet
  facet normal 0.000000e+00 1.000000e+00 0.000000e+00
    outer loop
      vertex   9.594930e+00 1.700000e+01 2.817326e+00
      vertex   7.800000e+00 1.700000e+01 1.385641e+00
      vertex   7.414110e+00 1.700000e+01 1.545481e+00
    endloop
  endfacet
  facet normal 0.000000e+00 1.000000e+00 0.000000e+00
    outer loop
      vertex   9.594930e+00 1.700000e+01 2.817326e+00
      vertex   7.414110e+00 1.700000e+01 1.545481e+00
      vertex   9.096320e+00 1.700000e+01 4.154150e+00
    endloop
  endfacet
  facet normal 0.000000e+00 1.000000e+00 0.000000e+00
    outer loop
      vertex   9.096320e+00 1.700000e+01 4.154150e+00
      vertex   7.414110e+00 1.700000e+01 1.545481e+00
      vertex   7.000000e+00 1.700000e+01 1.600000e+00
    endloop
  endfacet
  facet normal 0.000000e+00 1.000000e+00 0.000000e+00
    outer loop
      vertex   9.096320e+00 1.700000e+01 4.154150e+00
      vertex   7.000000e+00 1.700000e+01 1.600000e+00
      vertex   8.412535e+00 1.700000e+01 5.406408e+00
    endloop
  endfacet
  facet normal 0.000000e+00 1.000000e+00 0.000000e+00
    outer loop
      vertex   8.412535e+00 1.700000e+01 5.406408e+00
      vertex   7.000000e+00 1.700000e+01 1.600000e+00
      vertex   6.585890e+00 1.700000e+01 1.545481e+00
    endloop
  endfacet
  facet normal 0.000000e+00 1.000000e+00 0.000000e+00
    outer loop
      vertex   8.412535e+00 1.700000e+01 5.406408e+00
      vertex   6.585890e+00 1.700000e+01 1.545481e+00
      vertex   7.557496e+00 1.700000e+01 6.548607e+00
    endloop
  endfacet
  facet normal 0.000000e+00 1.000000e+00 0.000000e+00
    outer loop
      vertex   7.557496e+00 1.700000e+01 6.548607e+00
      vertex   6.585890e+00 1.700000e+01 1.545481e+00
      vertex   6.200000e+00 1.700000e+01 1.385641e+00
    endloop
  endfacet
  facet normal 0.000000e+00 1.000000e+00 0.000000e+00
    outer loop
      vertex   7.557496e+00 1.700000e+01 6.548607e+00
      vertex   6.200000e+00 1.700000e+01 1.385641e+00
      vertex   1.385641e+00 1.700000e+01 6.200000e+00
    endloop
  endfacet
  facet normal 0.000000e+00 1.000000e+00 0.000000e+00
    outer loop
      vertex   1.385641e+00 1.700000e+01 6.200000e+00
      vertex   6.200000e+00 1.700000e+01 1.385641e+00
      vertex   5.868629e+00 1.700000e+01 1.131371e+00
    endloop
  endfacet
  facet normal 0.000000e+00 1.000000e+00 0.000000e+00
    outer loop
      vertex   1.385641e+00 1.700000e+01 6.200000e+00
      vertex   5.868629e+00 1.700000e+01 1.131371e+00
      vertex   1.131371e+00 1.700000e+01 5.868629e+00
    endloop
  endfacet
  facet normal 0.000000e+00 1.000000e+00 0.000000e+00
    outer loop
      vertex   1.131371e+00 1.700000e+01 5.868629e+00
      vertex   5.868629e+00 1.700000e+01 1.131371e+00
      vertex   1.414214e+00 1.700000e+01 1.414214e+00
    endloop
  endfacet
  facet normal 0.000000e+00 1.000000e+00 0.000000e+00
    outer loop
      vertex   1.131371e+00 1.700000e+01 5.868629e+00
      vertex   1.414214e+00 1.700000e+01 1.414214e+00
      vertex   1.000000e+00 1.700000e+01 1.732051e+00
    endloop
  endfacet
  facet normal 0.000000e+00 1.000000e+00 0.000000e+00
    outer loop
      vertex   1.414214e+00 1.700000e+01 1.414214e+00
      vertex   5.868629e+00 1.700000e+01 1.131371e+00
      vertex   1.732051e+00 1.700000e+01 1.000000e+00
    endloop
  endfacet
  facet normal -0.000000e+00 1.000000e+00 0.000000e+00
    outer loop
      vertex   1.732051e+00 1.700000e+01 1.000000e+00
      vertex   5.868629e+00 1.700000e+01 1.131371e+00
      vertex   5.614359e+00 1.700000e+01 8.000000e-01
    endloop
  endfacet
  facet normal 0.000000e+00 1.000000e+00 0.000000e+00
    outer loop
      vertex   1.732051e+00 1.700000e+01 1.000000e+00
      vertex   5.614359e+00 1.700000e+01 8.000000e-01
      vertex   1.931852e+00 1.700000e+01 5.176381e-01
    endloop
  endfacet
  facet normal -0.000000e+00 1.000000e+00 0.000000e+00
    outer loop
      vertex   1.931852e+00 1.700000e+01 5.176381e-01
      vertex   5.614359e+00 1.700000e+01 8.000000e-01
      vertex   5.454519e+00 1.700000e+01 4.141105e-01
    endloop
  endfacet
  facet normal 0.000000e+00 1.000000e+00 0.000000e+00
    outer loop
      vertex   1.931852e+00 1.700000e+01 5.176381e-01
      vertex   5.454519e+00 1.700000e+01 4.141105e-01
      vertex   2.000000e+00 1.700000e+01 -2.449294e-16
    endloop
  endfacet
  facet normal 0.000000e+00 1.000000e+00 0.000000e+00
    outer loop
      vertex   2.000000e+00 1.700000e+01 -2.449294e-16
      vertex   5.454519e+00 1.700000e+01 4.141105e-01
      vertex   5.400000e+00 1.700000e+01 1.554312e-15
    endloop
  endfacet
  facet normal -0.000000e+00 1.000000e+00 0.000000e+00
    outer loop
      vertex   2.000000e+00 1.700000e+01 -2.449294e-16
      vertex   5.400000e+00 1.700000e+01 1.554312e-15
      vertex   5.454519e+00 1.700000e+01 -4.141105e-01
    endloop
  endfacet
  facet normal 0.000000e+00 1.000000e+00 0.000000e+00
    outer loop
      vertex   2.000000e+00 1.700000e+01 -2.449294e-16
      vertex   5.454519e+00 1.700000e+01 -4.141105e-01
      vertex   1.931852e+00 1.700000e+01 -5.176381e-01
    endloop
  endfacet
  facet normal -0.000000e+00 1.000000e+00 0.000000e+00
    outer loop
      vertex   1.931852e+00 1.700000e+01 -5.176381e-01
      vertex   5.454519e+00 1.700000e+01 -4.141105e-01
      vertex   5.614359e+00 1.700000e+01 -8.000000e-01
    endloop
  endfacet
  facet normal 0.000000e+00 1.000000e+00 0.000000e+00
    outer loop
      vertex   1.931852e+00 1.700000e+01 -5.176381e-01
      vertex   5.614359e+00 1.700000e+01 -8.000000e-01
      vertex   1.732051e+00 1.700000e+01 -1.000000e+00
    endloop
  endfacet
  facet normal -0.000000e+00 1.000000e+00 0.000000e+00
    outer loop
      vertex   1.732051e+00 1.700000e+01 -1.000000e+00
      vertex   5.614359e+00 1.700000e+01 -8.000000e-01
      vertex   5.868629e+00 1.700000e+01 -1.131371e+00
    endloop
  endfacet
  facet normal 0.000000e+00 1.000000e+00 0.000000e+00
    outer loop
      vertex   1.732051e+00 1.700000e+01 -1.000000e+00
      vertex   5.868629e+00 1.700000e+01 -1.131371e+00
      vertex   1.414214e+00 1.700000e+01 -1.414214e+00
    endloop
  endfacet
  facet normal -0.000000e+00 1.000000e+00 0.000000e+00
    outer loop
      vertex   1.414214e+00 1.700000e+01 -1.414214e+00
      vertex   5.868629e+00 1.700000e+01 -1.131371e+00
      vertex   1.131371e+00 1.700000e+01 -5.868629e+00
    endloop
  endfacet
  facet normal 0.000000e+00 1.000000e+00 0.000000e+00
    outer loop
      vertex   1.414214e+00 1.700000e+01 -1.414214e+00
      vertex   1.131371e+00 1.700000e+01 -5.868629e+00
      vertex   1.000000e+00 1.700000e+01 -1.732051e+00
    endloop
  endfacet
  facet normal 0.000000e+00 1.000000e+00 0.000000e+00
    outer loop
      vertex   1.000000e+00 1.700000e+01 -1.732051e+00
      vertex   1.131371e+00 1.700000e+01 -5.868629e+00
      vertex   8.000000e-01 1.700000e+01 -5.614359e+00
    endloop
  endfacet
  facet normal 0.000000e+00 1.000000e+00 0.000000e+00
    outer loop
      vertex   1.000000e+00 1.700000e+01 -1.732051e+00
      vertex   8.000000e-01 1.700000e+01 -5.614359e+00
      vertex   5.176381e-01 1.700000e+01 -1.931852e+00
    endloop
  endfacet
  facet normal 0.000000e+00 1.000000e+00 0.000000e+00
    outer loop
      vertex   5.176381e-01 1.700000e+01 -1.931852e+00
      vertex   8.000000e-01 1.700000e+01 -5.614359e+00
      vertex   4.141105e-01 1.700000e+01 -5.454519e+00
    endloop
  endfacet
  facet normal 0.000000e+00 1.000000e+00 0.000000e+00
    outer loop
      vertex   5.176381e-01 1.700000e+01 -1.931852e+00
      vertex   4.141105e-01 1.700000e+01 -5.454519e+00
      vertex   -1.224647e-16 1.700000e+01 -2.000000e+00
    endloop
  endfacet
  facet normal 0.000000e+00 1.000000e+00 0.000000e+00
    outer loop
      vertex   -1.224647e-16 1.700000e+01 -2.000000e+00
      vertex   4.141105e-01 1.700000e+01 -5.454519e+00
      vertex   -9.797174e-17 1.700000e+01 -5.400000e+00
    endloop
  endfacet
  facet normal 0.000000e+00 1.000000e+00 0.000000e+00
    outer loop
      vertex   -1.224647e-16 1.700000e+01 -2.000000e+00
      vertex   -9.797174e-17 1.700000e+01 -5.400000e+00
      vertex   -4.141105e-01 1.700000e+01 -5.454519e+00
    endloop
  endfacet
  facet normal 0.000000e+00 1.000000e+00 0.000000e+00
    outer loop
      vertex   5.868629e+00 1.700000e+01 -1.131371e+00
      vertex   6.200000e+00 1.700000e+01 -1.385641e+00
      vertex   1.131371e+00 1.700000e+01 -5.868629e+00
    endloop
  endfacet
  facet normal -0.000000e+00 1.000000e+00 0.000000e+00
    outer loop
      vertex   1.131371e+00 1.700000e+01 -5.868629e+00
      vertex   6.200000e+00 1.700000e+01 -1.385641e+00
      vertex   1.385641e+00 1.700000e+01 -6.200000e+00
    endloop
  endfacet
  facet normal -0.000000e+00 1.000000e+00 0.000000e+00
    outer loop
      vertex   1.385641e+00 1.700000e+01 -6.200000e+00
      vertex   6.200000e+00 1.700000e+01 -1.385641e+00
      vertex   7.557496e+00 1.700000e+01 -6.548607e+00
    endloop
  endfacet
  facet normal 0.000000e+00 1.000000e+00 0.000000e+00
    outer loop
      vertex   1.385641e+00 1.700000e+01 -6.200000e+00
      vertex   7.557496e+00 1.700000e+01 -6.548607e+00
      vertex   6.548607e+00 1.700000e+01 -7.557496e+00
    endloop
  endfacet
  facet normal 0.000000e+00 1.000000e+00 0.000000e+00
    outer loop
      vertex   6.200000e+00 1.700000e+01 -1.385641e+00
      vertex   6.585890e+00 1.700000e+01 -1.545481e+00
      vertex   7.557496e+00 1.700000e+01 -6.548607e+00
    endloop
  endfacet
  facet normal 0.000000e+00 1.000000e+00 -0.000000e+00
    outer loop
      vertex   7.557496e+00 1.700000e+01 -6.548607e+00
      vertex   6.585890e+00 1.700000e+01 -1.545481e+00
      vertex   8.412535e+00 1.700000e+01 -5.406408e+00
    endloop
  endfacet
  facet normal 0.000000e+00 1.000000e+00 0.000000e+00
    outer loop
      vertex   8.412535e+00 1.700000e+01 -5.406408e+00
      vertex   6.585890e+00 1.700000e+01 -1.545481e+00
      vertex   7.000000e+00 1.700000e+01 -1.600000e+00
    endloop
  endfacet
  facet normal 0.000000e+00 1.000000e+00 -0.000000e+00
    outer loop
      vertex   8.412535e+00 1.700000e+01 -5.406408e+00
      vertex   7.000000e+00 1.700000e+01 -1.600000e+00
      vertex   9.096320e+00 1.700000e+01 -4.154150e+00
    endloop
  endfacet
  facet normal 0.000000e+00 1.000000e+00 0.000000e+00
    outer loop
      vertex   9.096320e+00 1.700000e+01 -4.154150e+00
      vertex   7.000000e+00 1.700000e+01 -1.600000e+00
      vertex   7.414110e+00 1.700000e+01 -1.545481e+00
    endloop
  endfacet
  facet normal 0.000000e+00 1.000000e+00 -0.000000e+00
    outer loop
      vertex   9.096320e+00 1.700000e+01 -4.154150e+00
      vertex   7.414110e+00 1.700000e+01 -1.545481e+00
      vertex   9.594930e+00 1.700000e+01 -2.817326e+00
    endloop
  endfacet
  facet normal 0.000000e+00 1.000000e+00 0.000000e+00
    outer loop
      vertex   9.594930e+00 1.700000e+01 -2.817326e+00
      vertex   7.414110e+00 1.700000e+01 -1.545481e+00
      vertex   7.800000e+00 1.700000e+01 -1.385641e+00
    endloop
  endfacet
  facet normal 0.000000e+00 1.000000e+00 0.000000e+00
    outer loop
      vertex   9.594930e+00 1.700000e+01 -2.817326e+00
      vertex   7.800000e+00 1.700000e+01 -1.385641e+00
      vertex   8.131371e+00 1.700000e+01 -1.131371e+00
    endloop
  endfacet
  facet normal 0.000000e+00 1.000000e+00 -0.000000e+00
    outer loop
      vertex   9.594930e+00 1.700000e+01 -2.817326e+00
      vertex   8.131371e+00 1.700000e+01 -1.131371e+00
      vertex   9.898214e+00 1.700000e+01 -1.423148e+00
    endloop
  endfacet
  facet normal 0.000000e+00 1.000000e+00 0.000000e+00
    outer loop
      vertex   9.898214e+00 1.700000e+01 -1.423148e+00
      vertex   8.131371e+00 1.700000e+01 -1.131371e+00
      vertex   8.385641e+00 1.700000e+01 -8.000000e-01
    endloop
  endfacet
  facet normal 0.000000e+00 1.000000e+00 0.000000e+00
    outer loop
      vertex   9.898214e+00 1.700000e+01 -1.423148e+00
      vertex   8.385641e+00 1.700000e+01 -8.000000e-01
      vertex   8.545481e+00 1.700000e+01 -4.141105e-01
    endloop
  endfacet
  facet normal 0.000000e+00 1.000000e+00 -0.000000e+00
    outer loop
      vertex   9.898214e+00 1.700000e+01 -1.423148e+00
      vertex   8.545481e+00 1.700000e+01 -4.141105e-01
      vertex   1.000000e+01 1.700000e+01 -1.224647e-15
    endloop
  endfacet
  facet normal -0.000000e+00 1.000000e+00 0.000000e+00
    outer loop
      vertex   1.545481e+00 1.700000e+01 7.414110e+00
      vertex   4.154150e+00 1.700000e+01 9.096320e+00
      vertex   1.600000e+00 1.700000e+01 7.000000e+00
    endloop
  endfacet
  facet normal 0.000000e+00 1.000000e+00 0.000000e+00
    outer loop
      vertex   1.600000e+00 1.700000e+01 7.000000e+00
      vertex   4.154150e+00 1.700000e+01 9.096320e+00
      vertex   5.406408e+00 1.700000e+01 8.412535e+00
    endloop
  endfacet
  facet normal -0.000000e+00 1.000000e+00 0.000000e+00
    outer loop
      vertex   1.600000e+00 1.700000e+01 7.000000e+00
      vertex   5.406408e+00 1.700000e+01 8.412535e+00
      vertex   1.545481e+00 1.700000e+01 6.585890e+00
    endloop
  endfacet
  facet normal 0.000000e+00 1.000000e+00 0.000000e+00
    outer loop
      vertex   1.545481e+00 1.700000e+01 6.585890e+00
      vertex   5.406408e+00 1.700000e+01 8.412535e+00
      vertex   6.548607e+00 1.700000e+01 7.557496e+00
    endloop
  endfacet
  facet normal -0.000000e+00 1.000000e+00 0.000000e+00
    outer loop
      vertex   1.545481e+00 1.700000e+01 6.585890e+00
      vertex   6.548607e+00 1.700000e+01 7.557496e+00
      vertex   1.385641e+00 1.700000e+01 6.200000e+00
    endloop
  endfacet
  facet normal 0.000000e+00 1.000000e+00 0.000000e+00
    outer loop
      vertex   1.385641e+00 1.700000e+01 6.200000e+00
      vertex   6.548607e+00 1.700000e+01 7.557496e+00
      vertex   7.557496e+00 1.700000e+01 6.548607e+00
    endloop
  endfacet
  facet normal 0.000000e+00 1.000000e+00 0.000000e+00
    outer loop
      vertex   4.154150e+00 1.700000e+01 9.096320e+00
      vertex   1.545481e+00 1.700000e+01 7.414110e+00
      vertex   2.817326e+00 1.700000e+01 9.594930e+00
    endloop
  endfacet
  facet normal 0.000000e+00 1.000000e+00 0.000000e+00
    outer loop
      vertex   2.817326e+00 1.700000e+01 9.594930e+00
      vertex   1.545481e+00 1.700000e+01 7.414110e+00
      vertex   1.385641e+00 1.700000e+01 7.800000e+00
    endloop
  endfacet
  facet normal 0.000000e+00 1.000000e+00 0.000000e+00
    outer loop
      vertex   2.817326e+00 1.700000e+01 9.594930e+00
      vertex   1.385641e+00 1.700000e+01 7.800000e+00
      vertex   1.131371e+00 1.700000e+01 8.131371e+00
    endloop
  endfacet
  facet normal 0.000000e+00 1.000000e+00 0.000000e+00
    outer loop
      vertex   2.817326e+00 1.700000e+01 9.594930e+00
      vertex   1.131371e+00 1.700000e+01 8.131371e+00
      vertex   1.423148e+00 1.700000e+01 9.898214e+00
    endloop
  endfacet
  facet normal 0.000000e+00 1.000000e+00 0.000000e+00
    outer loop
      vertex   1.423148e+00 1.700000e+01 9.898214e+00
      vertex   1.131371e+00 1.700000e+01 8.131371e+00
      vertex   8.000000e-01 1.700000e+01 8.385641e+00
    endloop
  endfacet
  facet normal 0.000000e+00 1.000000e+00 0.000000e+00
    outer loop
      vertex   1.423148e+00 1.700000e+01 9.898214e+00
      vertex   8.000000e-01 1.700000e+01 8.385641e+00
      vertex   4.141105e-01 1.700000e+01 8.545481e+00
    endloop
  endfacet
  facet normal 0.000000e+00 1.000000e+00 0.000000e+00
    outer loop
      vertex   1.423148e+00 1.700000e+01 9.898214e+00
      vertex   4.141105e-01 1.700000e+01 8.545481e+00
      vertex   -6.123234e-16 1.700000e+01 1.000000e+01
    endloop
  endfacet
  facet normal 0.000000e+00 1.000000e+00 0.000000e+00
    outer loop
      vertex   -6.123234e-16 1.700000e+01 1.000000e+01
      vertex   4.141105e-01 1.700000e+01 8.545481e+00
      vertex   -9.552245e-16 1.700000e+01 8.600000e+00
    endloop
  endfacet
  facet normal 0.000000e+00 1.000000e+00 0.000000e+00
    outer loop
      vertex   -6.123234e-16 1.700000e+01 1.000000e+01
      vertex   -9.552245e-16 1.700000e+01 8.600000e+00
      vertex   -4.141105e-01 1.700000e+01 8.545481e+00
    endloop
  endfacet
  facet normal 0.000000e+00 1.000000e+00 0.000000e+00
    outer loop
      vertex   -6.123234e-16 1.700000e+01 1.000000e+01
      vertex   -4.141105e-01 1.700000e+01 8.545481e+00
      vertex   -1.423148e+00 1.700000e+01 9.898214e+00
    endloop
  endfacet
  facet normal 0.000000e+00 1.000000e+00 0.000000e+00
    outer loop
      vertex   -1.423148e+00 1.700000e+01 9.898214e+00
      vertex   -4.141105e-01 1.700000e+01 8.545481e+00
      vertex   -8.000000e-01 1.700000e+01 8.385641e+00
    endloop
  endfacet
  facet normal 0.000000e+00 1.000000e+00 0.000000e+00
    outer loop
      vertex   -1.423148e+00 1.700000e+01 9.898214e+00
      vertex   -8.000000e-01 1.700000e+01 8.385641e+00
      vertex   -1.131371e+00 1.700000e+01 8.131371e+00
    endloop
  endfacet
  facet normal 0.000000e+00 1.000000e+00 0.000000e+00
    outer loop
      vertex   -1.423148e+00 1.700000e+01 9.898214e+00
      vertex   -1.131371e+00 1.700000e+01 8.131371e+00
      vertex   -2.817326e+00 1.700000e+01 9.594930e+00
    endloop
  endfacet
  facet normal 0.000000e+00 1.000000e+00 0.000000e+00
    outer loop
      vertex   -2.817326e+00 1.700000e+01 9.594930e+00
      vertex   -1.131371e+00 1.700000e+01 8.131371e+00
      vertex   -1.385641e+00 1.700000e+01 7.800000e+00
    endloop
  endfacet
  facet normal 0.000000e+00 1.000000e+00 0.000000e+00
    outer loop
      vertex   -2.817326e+00 1.700000e+01 9.594930e+00
      vertex   -1.385641e+00 1.700000e+01 7.800000e+00
      vertex   -1.545481e+00 1.700000e+01 7.414110e+00
    endloop
  endfacet
  facet normal 0.000000e+00 1.000000e+00 0.000000e+00
    outer loop
      vertex   -2.817326e+00 1.700000e+01 9.594930e+00
      vertex   -1.545481e+00 1.700000e+01 7.414110e+00
      vertex   -4.154150e+00 1.700000e+01 9.096320e+00
    endloop
  endfacet
  facet normal 0.000000e+00 1.000000e+00 0.000000e+00
    outer loop
      vertex   -4.154150e+00 1.700000e+01 9.096320e+00
      vertex   -1.545481e+00 1.700000e+01 7.414110e+00
      vertex   -1.600000e+00 1.700000e+01 7.000000e+00
    endloop
  endfacet
  facet normal 0.000000e+00 1.000000e+00 0.000000e+00
    outer loop
      vertex   -4.154150e+00 1.700000e+01 9.096320e+00
      vertex   -1.600000e+00 1.700000e+01 7.000000e+00
      vertex   -5.406408e+00 1.700000e+01 8.412535e+00
    endloop
  endfacet
  facet normal 0.000000e+00 1.000000e+00 0.000000e+00
    outer loop
      vertex   -5.406408e+00 1.700000e+01 8.412535e+00
      vertex   -1.600000e+00 1.700000e+01 7.000000e+00
      vertex   -1.545481e+00 1.700000e+01 6.585890e+00
    endloop
  endfacet
  facet normal 0.000000e+00 1.000000e+00 0.000000e+00
    outer loop
      vertex   -5.406408e+00 1.700000e+01 8.412535e+00
      vertex   -1.545481e+00 1.700000e+01 6.585890e+00
      vertex   -6.548607e+00 1.700000e+01 7.557496e+00
    endloop
  endfacet
  facet normal 0.000000e+00 1.000000e+00 0.000000e+00
    outer loop
      vertex   -6.548607e+00 1.700000e+01 7.557496e+00
      vertex   -1.545481e+00 1.700000e+01 6.585890e+00
      vertex   -1.385641e+00 1.700000e+01 6.200000e+00
    endloop
  endfacet
  facet normal 0.000000e+00 1.000000e+00 0.000000e+00
    outer loop
      vertex   -6.548607e+00 1.700000e+01 7.557496e+00
      vertex   -1.385641e+00 1.700000e+01 6.200000e+00
      vertex   -7.557496e+00 1.700000e+01 6.548607e+00
    endloop
  endfacet
  facet normal 0.000000e+00 1.000000e+00 0.000000e+00
    outer loop
      vertex   -7.557496e+00 1.700000e+01 6.548607e+00
      vertex   -1.385641e+00 1.700000e+01 6.200000e+00
      vertex   -6.200000e+00 1.700000e+01 1.385641e+00
    endloop
  endfacet
  facet normal 0.000000e+00 1.000000e+00 0.000000e+00
    outer loop
      vertex   -7.557496e+00 1.700000e+01 6.548607e+00
      vertex   -6.200000e+00 1.700000e+01 1.385641e+00
      vertex   -6.585890e+00 1.700000e+01 1.545481e+00
    endloop
  endfacet
  facet normal 0.000000e+00 1.000000e+00 0.000000e+00
    outer loop
      vertex   -1.385641e+00 1.700000e+01 6.200000e+00
      vertex   -1.131371e+00 1.700000e+01 5.868629e+00
      vertex   -6.200000e+00 1.700000e+01 1.385641e+00
    endloop
  endfacet
  facet normal -0.000000e+00 1.000000e+00 0.000000e+00
    outer loop
      vertex   -6.200000e+00 1.700000e+01 1.385641e+00
      vertex   -1.131371e+00 1.700000e+01 5.868629e+00
      vertex   -5.868629e+00 1.700000e+01 1.131371e+00
    endloop
  endfacet
  facet normal 0.000000e+00 1.000000e+00 0.000000e+00
    outer loop
      vertex   -5.868629e+00 1.700000e+01 1.131371e+00
      vertex   -1.131371e+00 1.700000e+01 5.868629e+00
      vertex   -1.414214e+00 1.700000e+01 1.414214e+00
    endloop
  endfacet
  facet normal -0.000000e+00 1.000000e+00 0.000000e+00
    outer loop
      vertex   -5.868629e+00 1.700000e+01 1.131371e+00
      vertex   -1.414214e+00 1.700000e+01 1.414214e+00
      vertex   -1.732051e+00 1.700000e+01 1.000000e+00
    endloop
  endfacet
  facet normal 0.000000e+00 1.000000e+00 0.000000e+00
    outer loop
      vertex   -1.414214e+00 1.700000e+01 1.414214e+00
      vertex   -1.131371e+00 1.700000e+01 5.868629e+00
      vertex   -1.000000e+00 1.700000e+01 1.732051e+00
    endloop
  endfacet
  facet normal 0.000000e+00 1.000000e+00 -0.000000e+00
    outer loop
      vertex   -1.000000e+00 1.700000e+01 1.732051e+00
      vertex   -1.131371e+00 1.700000e+01 5.868629e+00
      vertex   -8.000000e-01 1.700000e+01 5.614359e+00
    endloop
  endfacet
  facet normal 0.000000e+00 1.000000e+00 0.000000e+00
    outer loop
      vertex   -1.000000e+00 1.700000e+01 1.732051e+00
      vertex   -8.000000e-01 1.700000e+01 5.614359e+00
      vertex   -5.176381e-01 1.700000e+01 1.931852e+00
    endloop
  endfacet
  facet normal 0.000000e+00 1.000000e+00 -0.000000e+00
    outer loop
      vertex   -5.176381e-01 1.700000e+01 1.931852e+00
      vertex   -8.000000e-01 1.700000e+01 5.614359e+00
      vertex   -4.141105e-01 1.700000e+01 5.454519e+00
    endloop
  endfacet
  facet normal 0.000000e+00 1.000000e+00 0.000000e+00
    outer loop
      vertex   -5.176381e-01 1.700000e+01 1.931852e+00
      vertex   -4.141105e-01 1.700000e+01 5.454519e+00
      vertex   -1.224647e-16 1.700000e+01 2.000000e+00
    endloop
  endfacet
  facet normal 0.000000e+00 1.000000e+00 0.000000e+00
    outer loop
      vertex   -1.224647e-16 1.700000e+01 2.000000e+00
      vertex   -4.141105e-01 1.700000e+01 5.454519e+00
      vertex   -9.552245e-16 1.700000e+01 5.400000e+00
    endloop
  endfacet
  facet normal 0.000000e+00 1.000000e+00 -0.000000e+00
    outer loop
      vertex   -1.224647e-16 1.700000e+01 2.000000e+00
      vertex   -9.552245e-16 1.700000e+01 5.400000e+00
      vertex   4.141105e-01 1.700000e+01 5.454519e+00
    endloop
  endfacet
  facet normal -0.000000e+00 1.000000e+00 0.000000e+00
    outer loop
      vertex   -1.224647e-16 1.700000e+01 2.000000e+00
      vertex   4.141105e-01 1.700000e+01 5.454519e+00
      vertex   5.176381e-01 1.700000e+01 1.931852e+00
    endloop
  endfacet
  facet normal 0.000000e+00 1.000000e+00 -0.000000e+00
    outer loop
      vertex   5.176381e-01 1.700000e+01 1.931852e+00
      vertex   4.141105e-01 1.700000e+01 5.454519e+00
      vertex   8.000000e-01 1.700000e+01 5.614359e+00
    endloop
  endfacet
  facet normal -0.000000e+00 1.000000e+00 0.000000e+00
    outer loop
      vertex   5.176381e-01 1.700000e+01 1.931852e+00
      vertex   8.000000e-01 1.700000e+01 5.614359e+00
      vertex   1.000000e+00 1.700000e+01 1.732051e+00
    endloop
  endfacet
  facet normal 0.000000e+00 1.000000e+00 -0.000000e+00
    outer loop
      vertex   1.000000e+00 1.700000e+01 1.732051e+00
      vertex   8.000000e-01 1.700000e+01 5.614359e+00
      vertex   1.131371e+00 1.700000e+01 5.868629e+00
    endloop
  endfacet
  facet normal 0.000000e+00 1.000000e+00 0.000000e+00
    outer loop
      vertex   1.545481e+00 1.700000e+01 -6.585890e+00
      vertex   5.406408e+00 1.700000e+01 -8.412535e+00
      vertex   1.600000e+00 1.700000e+01 -7.000000e+00
    endloop
  endfacet
  facet normal 0.000000e+00 1.000000e+00 0.000000e+00
    outer loop
      vertex   1.600000e+00 1.700000e+01 -7.000000e+00
      vertex   5.406408e+00 1.700000e+01 -8.412535e+00
      vertex   4.154150e+00 1.700000e+01 -9.096320e+00
    endloop
  endfacet
  facet normal 0.000000e+00 1.000000e+00 0.000000e+00
    outer loop
      vertex   1.600000e+00 1.700000e+01 -7.000000e+00
      vertex   4.154150e+00 1.700000e+01 -9.096320e+00
      vertex   1.545481e+00 1.700000e+01 -7.414110e+00
    endloop
  endfacet
  facet normal 0.000000e+00 1.000000e+00 0.000000e+00
    outer loop
      vertex   1.545481e+00 1.700000e+01 -7.414110e+00
      vertex   4.154150e+00 1.700000e+01 -9.096320e+00
      vertex   2.817326e+00 1.700000e+01 -9.594930e+00
    endloop
  endfacet
  facet normal 0.000000e+00 1.000000e+00 0.000000e+00
    outer loop
      vertex   1.545481e+00 1.700000e+01 -7.414110e+00
      vertex   2.817326e+00 1.700000e+01 -9.594930e+00
      vertex   1.385641e+00 1.700000e+01 -7.800000e+00
    endloop
  endfacet
  facet normal 0.000000e+00 1.000000e+00 0.000000e+00
    outer loop
      vertex   1.385641e+00 1.700000e+01 -7.800000e+00
      vertex   2.817326e+00 1.700000e+01 -9.594930e+00
      vertex   1.131371e+00 1.700000e+01 -8.131371e+00
    endloop
  endfacet
  facet normal 0.000000e+00 1.000000e+00 0.000000e+00
    outer loop
      vertex   1.131371e+00 1.700000e+01 -8.131371e+00
      vertex   2.817326e+00 1.700000e+01 -9.594930e+00
      vertex   1.423148e+00 1.700000e+01 -9.898214e+00
    endloop
  endfacet
  facet normal 0.000000e+00 1.000000e+00 0.000000e+00
    outer loop
      vertex   1.131371e+00 1.700000e+01 -8.131371e+00
      vertex   1.423148e+00 1.700000e+01 -9.898214e+00
      vertex   8.000000e-01 1.700000e+01 -8.385641e+00
    endloop
  endfacet
  facet normal 0.000000e+00 1.000000e+00 0.000000e+00
    outer loop
      vertex   8.000000e-01 1.700000e+01 -8.385641e+00
      vertex   1.423148e+00 1.700000e+01 -9.898214e+00
      vertex   4.141105e-01 1.700000e+01 -8.545481e+00
    endloop
  endfacet
  facet normal 0.000000e+00 1.000000e+00 0.000000e+00
    outer loop
      vertex   4.141105e-01 1.700000e+01 -8.545481e+00
      vertex   1.423148e+00 1.700000e+01 -9.898214e+00
      vertex   -6.123234e-16 1.700000e+01 -1.000000e+01
    endloop
  endfacet
  facet normal 0.000000e+00 1.000000e+00 0.000000e+00
    outer loop
      vertex   4.141105e-01 1.700000e+01 -8.545481e+00
      vertex   -6.123234e-16 1.700000e+01 -1.000000e+01
      vertex   -9.797174e-17 1.700000e+01 -8.600000e+00
    endloop
  endfacet
  facet normal 0.000000e+00 1.000000e+00 0.000000e+00
    outer loop
      vertex   -9.797174e-17 1.700000e+01 -8.600000e+00
      vertex   -6.123234e-16 1.700000e+01 -1.000000e+01
      vertex   -4.141105e-01 1.700000e+01 -8.545481e+00
    endloop
  endfacet
  facet normal 0.000000e+00 1.000000e+00 0.000000e+00
    outer loop
      vertex   -4.141105e-01 1.700000e+01 -8.545481e+00
      vertex   -6.123234e-16 1.700000e+01 -1.000000e+01
      vertex   -1.423148e+00 1.700000e+01 -9.898214e+00
    endloop
  endfacet
  facet normal 0.000000e+00 1.000000e+00 0.000000e+00
    outer loop
      vertex   -4.141105e-01 1.700000e+01 -8.545481e+00
      vertex   -1.423148e+00 1.700000e+01 -9.898214e+00
      vertex   -8.000000e-01 1.700000e+01 -8.385641e+00
    endloop
  endfacet
  facet normal 0.000000e+00 1.000000e+00 0.000000e+00
    outer loop
      vertex   -8.000000e-01 1.700000e+01 -8.385641e+00
      vertex   -1.423148e+00 1.700000e+01 -9.898214e+00
      vertex   -1.131371e+00 1.700000e+01 -8.131371e+00
    endloop
  endfacet
  facet normal 0.000000e+00 1.000000e+00 0.000000e+00
    outer loop
      vertex   -1.131371e+00 1.700000e+01 -8.131371e+00
      vertex   -1.423148e+00 1.700000e+01 -9.898214e+00
      vertex   -2.817326e+00 1.700000e+01 -9.594930e+00
    endloop
  endfacet
  facet normal 0.000000e+00 1.000000e+00 0.000000e+00
    outer loop
      vertex   -1.131371e+00 1.700000e+01 -8.131371e+00
      vertex   -2.817326e+00 1.700000e+01 -9.594930e+00
      vertex   -1.385641e+00 1.700000e+01 -7.800000e+00
    endloop
  endfacet
  facet normal 0.000000e+00 1.000000e+00 0.000000e+00
    outer loop
      vertex   -1.385641e+00 1.700000e+01 -7.800000e+00
      vertex   -2.817326e+00 1.700000e+01 -9.594930e+00
      vertex   -1.545481e+00 1.700000e+01 -7.414110e+00
    endloop
  endfacet
  facet normal 0.000000e+00 1.000000e+00 0.000000e+00
    outer loop
      vertex   -1.545481e+00 1.700000e+01 -7.414110e+00
      vertex   -2.817326e+00 1.700000e+01 -9.594930e+00
      vertex   -4.154150e+00 1.700000e+01 -9.096320e+00
    endloop
  endfacet
  facet normal 0.000000e+00 1.000000e+00 0.000000e+00
    outer loop
      vertex   -1.545481e+00 1.700000e+01 -7.414110e+00
      vertex   -4.154150e+00 1.700000e+01 -9.096320e+00
      vertex   -1.600000e+00 1.700000e+01 -7.000000e+00
    endloop
  endfacet
  facet normal 0.000000e+00 1.000000e+00 0.000000e+00
    outer loop
      vertex   -1.600000e+00 1.700000e+01 -7.000000e+00
      vertex   -4.154150e+00 1.700000e+01 -9.096320e+00
      vertex   -5.406408e+00 1.700000e+01 -8.412535e+00
    endloop
  endfacet
  facet normal 0.000000e+00 1.000000e+00 -0.000000e+00
    outer loop
      vertex   -1.600000e+00 1.700000e+01 -7.000000e+00
      vertex   -5.406408e+00 1.700000e+01 -8.412535e+00
      vertex   -1.545481e+00 1.700000e+01 -6.585890e+00
    endloop
  endfacet
  facet normal 0.000000e+00 1.000000e+00 0.000000e+00
    outer loop
      vertex   -1.545481e+00 1.700000e+01 -6.585890e+00
      vertex   -5.406408e+00 1.700000e+01 -8.412535e+00
      vertex   -6.548607e+00 1.700000e+01 -7.557496e+00
    endloop
  endfacet
  facet normal 0.000000e+00 1.000000e+00 -0.000000e+00
    outer loop
      vertex   -1.545481e+00 1.700000e+01 -6.585890e+00
      vertex   -6.548607e+00 1.700000e+01 -7.557496e+00
      vertex   -1.385641e+00 1.700000e+01 -6.200000e+00
    endloop
  endfacet
  facet normal 0.000000e+00 1.000000e+00 0.000000e+00
    outer loop
      vertex   -1.385641e+00 1.700000e+01 -6.200000e+00
      vertex   -6.548607e+00 1.700000e+01 -7.557496e+00
      vertex   -7.557496e+00 1.700000e+01 -6.548607e+00
    endloop
  endfacet
  facet normal 0.000000e+00 1.000000e+00 0.000000e+00
    outer loop
      vertex   -1.385641e+00 1.700000e+01 -6.200000e+00
      vertex   -7.557496e+00 1.700000e+01 -6.548607e+00
      vertex   -6.200000e+00 1.700000e+01 -1.385641e+00
    endloop
  endfacet
  facet normal 0.000000e+00 1.000000e+00 0.000000e+00
    outer loop
      vertex   -6.200000e+00 1.700000e+01 -1.385641e+00
      vertex   -7.557496e+00 1.700000e+01 -6.548607e+00
      vertex   -6.585890e+00 1.700000e+01 -1.545481e+00
    endloop
  endfacet
  facet normal 0.000000e+00 1.000000e+00 0.000000e+00
    outer loop
      vertex   -6.585890e+00 1.700000e+01 -1.545481e+00
      vertex   -7.557496e+00 1.700000e+01 -6.548607e+00
      vertex   -8.412535e+00 1.700000e+01 -5.406408e+00
    endloop
  endfacet
  facet normal 0.000000e+00 1.000000e+00 0.000000e+00
    outer loop
      vertex   -6.585890e+00 1.700000e+01 -1.545481e+00
      vertex   -8.412535e+00 1.700000e+01 -5.406408e+00
      vertex   -7.000000e+00 1.700000e+01 -1.600000e+00
    endloop
  endfacet
  facet normal 0.000000e+00 1.000000e+00 0.000000e+00
    outer loop
      vertex   -7.000000e+00 1.700000e+01 -1.600000e+00
      vertex   -8.412535e+00 1.700000e+01 -5.406408e+00
      vertex   -9.096320e+00 1.700000e+01 -4.154150e+00
    endloop
  endfacet
  facet normal 0.000000e+00 1.000000e+00 0.000000e+00
    outer loop
      vertex   -7.000000e+00 1.700000e+01 -1.600000e+00
      vertex   -9.096320e+00 1.700000e+01 -4.154150e+00
      vertex   -7.414110e+00 1.700000e+01 -1.545481e+00
    endloop
  endfacet
  facet normal 0.000000e+00 1.000000e+00 0.000000e+00
    outer loop
      vertex   -7.414110e+00 1.700000e+01 -1.545481e+00
      vertex   -9.096320e+00 1.700000e+01 -4.154150e+00
      vertex   -9.594930e+00 1.700000e+01 -2.817326e+00
    endloop
  endfacet
  facet normal 0.000000e+00 1.000000e+00 0.000000e+00
    outer loop
      vertex   -7.414110e+00 1.700000e+01 -1.545481e+00
      vertex   -9.594930e+00 1.700000e+01 -2.817326e+00
      vertex   -7.800000e+00 1.700000e+01 -1.385641e+00
    endloop
  endfacet
  facet normal 0.000000e+00 1.000000e+00 0.000000e+00
    outer loop
      vertex   -7.800000e+00 1.700000e+01 -1.385641e+00
      vertex   -9.594930e+00 1.700000e+01 -2.817326e+00
      vertex   -8.131371e+00 1.700000e+01 -1.131371e+00
    endloop
  endfacet
  facet normal 0.000000e+00 1.000000e+00 0.000000e+00
    outer loop
      vertex   -8.131371e+00 1.700000e+01 -1.131371e+00
      vertex   -9.594930e+00 1.700000e+01 -2.817326e+00
      vertex   -9.898214e+00 1.700000e+01 -1.423148e+00
    endloop
  endfacet
  facet normal 0.000000e+00 1.000000e+00 0.000000e+00
    outer loop
      vertex   -8.131371e+00 1.700000e+01 -1.131371e+00
      vertex   -9.898214e+00 1.700000e+01 -1.423148e+00
      vertex   -8.385641e+00 1.700000e+01 -8.000000e-01
    endloop
  endfacet
  facet normal 0.000000e+00 1.000000e+00 0.000000e+00
    outer loop
      vertex   -8.385641e+00 1.700000e+01 -8.000000e-01
      vertex   -9.898214e+00 1.700000e+01 -1.423148e+00
      vertex   -8.545481e+00 1.700000e+01 -4.141105e-01
    endloop
  endfacet
  facet normal 0.000000e+00 1.000000e+00 0.000000e+00
    outer loop
      vertex   -8.545481e+00 1.700000e+01 -4.141105e-01
      vertex   -9.898214e+00 1.700000e+01 -1.423148e+00
      vertex   -1.000000e+01 1.700000e+01 0.000000e+00
    endloop
  endfacet
  facet normal 0.000000e+00 1.000000e+00 0.000000e+00
    outer loop
      vertex   -8.545481e+00 1.700000e+01 -4.141105e-01
      vertex   -1.000000e+01 1.700000e+01 0.000000e+00
      vertex   -8.600000e+00 1.700000e+01 -1.554312e-15
    endloop
  endfacet
  facet normal 0.000000e+00 1.000000e+00 -0.000000e+00
    outer loop
      vertex   -8.600000e+00 1.700000e+01 -1.554312e-15
      vertex   -1.000000e+01 1.700000e+01 0.000000e+00
      vertex   -8.545481e+00 1.700000e+01 4.141105e-01
    endloop
  endfacet
  facet normal 0.000000e+00 1.000000e+00 0.000000e+00
    outer loop
      vertex   -8.545481e+00 1.700000e+01 4.141105e-01
      vertex   -1.000000e+01 1.700000e+01 0.000000e+00
      vertex   -9.898214e+00 1.700000e+01 1.423148e+00
    endloop
  endfacet
  facet normal 0.000000e+00 1.000000e+00 -0.000000e+00
    outer loop
      vertex   -8.545481e+00 1.700000e+01 4.141105e-01
      vertex   -9.898214e+00 1.700000e+01 1.423148e+00
      vertex   -8.385641e+00 1.700000e+01 8.000000e-01
    endloop
  endfacet
  facet normal 0.000000e+00 1.000000e+00 -0.000000e+00
    outer loop
      vertex   -8.385641e+00 1.700000e+01 8.000000e-01
      vertex   -9.898214e+00 1.700000e+01 1.423148e+00
      vertex   -8.131371e+00 1.700000e+01 1.131371e+00
    endloop
  endfacet
  facet normal 0.000000e+00 1.000000e+00 0.000000e+00
    outer loop
      vertex   -8.131371e+00 1.700000e+01 1.131371e+00
      vertex   -9.898214e+00 1.700000e+01 1.423148e+00
      vertex   -9.594930e+00 1.700000e+01 2.817326e+00
    endloop
  endfacet
  facet normal 0.000000e+00 1.000000e+00 -0.000000e+00
    outer loop
      vertex   -8.131371e+00 1.700000e+01 1.131371e+00
      vertex   -9.594930e+00 1.700000e+01 2.817326e+00
      vertex   -7.800000e+00 1.700000e+01 1.385641e+00
    endloop
  endfacet
  facet normal 0.000000e+00 1.000000e+00 -0.000000e+00
    outer loop
      vertex   -7.800000e+00 1.700000e+01 1.385641e+00
      vertex   -9.594930e+00 1.700000e+01 2.817326e+00
      vertex   -7.414110e+00 1.700000e+01 1.545481e+00
    endloop
  endfacet
  facet normal 0.000000e+00 1.000000e+00 0.000000e+00
    outer loop
      vertex   -7.414110e+00 1.700000e+01 1.545481e+00
      vertex   -9.594930e+00 1.700000e+01 2.817326e+00
      vertex   -9.096320e+00 1.700000e+01 4.154150e+00
    endloop
  endfacet
  facet normal 0.000000e+00 1.000000e+00 -0.000000e+00
    outer loop
      vertex   -7.414110e+00 1.700000e+01 1.545481e+00
      vertex   -9.096320e+00 1.700000e+01 4.154150e+00
      vertex   -7.000000e+00 1.700000e+01 1.600000e+00
    endloop
  endfacet
  facet normal 0.000000e+00 1.000000e+00 0.000000e+00
    outer loop
      vertex   -7.000000e+00 1.700000e+01 1.600000e+00
      vertex   -9.096320e+00 1.700000e+01 4.154150e+00
      vertex   -8.412535e+00 1.700000e+01 5.406408e+00
    endloop
  endfacet
  facet normal -0.000000e+00 1.000000e+00 -0.000000e+00
    outer loop
      vertex   -7.000000e+00 1.700000e+01 1.600000e+00
      vertex   -8.412535e+00 1.700000e+01 5.406408e+00
      vertex   -6.585890e+00 1.700000e+01 1.545481e+00
    endloop
  endfacet
  facet normal 0.000000e+00 1.000000e+00 0.000000e+00
    outer loop
      vertex   -6.585890e+00 1.700000e+01 1.545481e+00
      vertex   -8.412535e+00 1.700000e+01 5.406408e+00
      vertex   -7.557496e+00 1.700000e+01 6.548607e+00
    endloop
  endfacet
  facet normal 0.000000e+00 1.000000e+00 -0.000000e+00
    outer loop
      vertex   5.406408e+00 1.700000e+01 -8.412535e+00
      vertex   1.545481e+00 1.700000e+01 -6.585890e+00
      vertex   6.548607e+00 1.700000e+01 -7.557496e+00
    endloop
  endfacet
  facet normal 0.000000e+00 1.000000e+00 0.000000e+00
    outer loop
      vertex   6.548607e+00 1.700000e+01 -7.557496e+00
      vertex   1.545481e+00 1.700000e+01 -6.585890e+00
      vertex   1.385641e+00 1.700000e+01 -6.200000e+00
    endloop
  endfacet
  facet normal 0.000000e+00 1.000000e+00 0.000000e+00
    outer loop
      vertex   -1.224647e-16 1.700000e+01 -2.000000e+00
      vertex   -4.141105e-01 1.700000e+01 -5.454519e+00
      vertex   -5.176381e-01 1.700000e+01 -1.931852e+00
    endloop
  endfacet
  facet normal 0.000000e+00 1.000000e+00 0.000000e+00
    outer loop
      vertex   -5.176381e-01 1.700000e+01 -1.931852e+00
      vertex   -4.141105e-01 1.700000e+01 -5.454519e+00
      vertex   -8.000000e-01 1.700000e+01 -5.614359e+00
    endloop
  endfacet
  facet normal 0.000000e+00 1.000000e+00 0.000000e+00
    outer loop
      vertex   -5.176381e-01 1.700000e+01 -1.931852e+00
      vertex   -8.000000e-01 1.700000e+01 -5.614359e+00
      vertex   -1.000000e+00 1.700000e+01 -1.732051e+00
    endloop
  endfacet
  facet normal 0.000000e+00 1.000000e+00 0.000000e+00
    outer loop
      vertex   -1.000000e+00 1.700000e+01 -1.732051e+00
      vertex   -8.000000e-01 1.700000e+01 -5.614359e+00
      vertex   -1.131371e+00 1.700000e+01 -5.868629e+00
    endloop
  endfacet
  facet normal 0.000000e+00 1.000000e+00 0.000000e+00
    outer loop
      vertex   -1.000000e+00 1.700000e+01 -1.732051e+00
      vertex   -1.131371e+00 1.700000e+01 -5.868629e+00
      vertex   -1.414214e+00 1.700000e+01 -1.414214e+00
    endloop
  endfacet
  facet normal 0.000000e+00 1.000000e+00 0.000000e+00
    outer loop
      vertex   -1.414214e+00 1.700000e+01 -1.414214e+00
      vertex   -1.131371e+00 1.700000e+01 -5.868629e+00
      vertex   -5.868629e+00 1.700000e+01 -1.131371e+00
    endloop
  endfacet
  facet normal 0.000000e+00 1.000000e+00 0.000000e+00
    outer loop
      vertex   -1.414214e+00 1.700000e+01 -1.414214e+00
      vertex   -5.868629e+00 1.700000e+01 -1.131371e+00
      vertex   -1.732051e+00 1.700000e+01 -1.000000e+00
    endloop
  endfacet
  facet normal 0.000000e+00 1.000000e+00 0.000000e+00
    outer loop
      vertex   -1.732051e+00 1.700000e+01 -1.000000e+00
      vertex   -5.868629e+00 1.700000e+01 -1.131371e+00
      vertex   -5.614359e+00 1.700000e+01 -8.000000e-01
    endloop
  endfacet
  facet normal 0.000000e+00 1.000000e+00 0.000000e+00
    outer loop
      vertex   -1.732051e+00 1.700000e+01 -1.000000e+00
      vertex   -5.614359e+00 1.700000e+01 -8.000000e-01
      vertex   -1.931852e+00 1.700000e+01 -5.176381e-01
    endloop
  endfacet
  facet normal 0.000000e+00 1.000000e+00 0.000000e+00
    outer loop
      vertex   -1.931852e+00 1.700000e+01 -5.176381e-01
      vertex   -5.614359e+00 1.700000e+01 -8.000000e-01
      vertex   -5.454519e+00 1.700000e+01 -4.141105e-01
    endloop
  endfacet
  facet normal 0.000000e+00 1.000000e+00 0.000000e+00
    outer loop
      vertex   -1.931852e+00 1.700000e+01 -5.176381e-01
      vertex   -5.454519e+00 1.700000e+01 -4.141105e-01
      vertex   -2.000000e+00 1.700000e+01 0.000000e+00
    endloop
  endfacet
  facet normal 0.000000e+00 1.000000e+00 0.000000e+00
    outer loop
      vertex   -2.000000e+00 1.700000e+01 0.000000e+00
      vertex   -5.454519e+00 1.700000e+01 -4.141105e-01
      vertex   -5.400000e+00 1.700000e+01 -1.750256e-15
    endloop
  endfacet
  facet normal 0.000000e+00 1.000000e+00 0.000000e+00
    outer loop
      vertex   -2.000000e+00 1.700000e+01 0.000000e+00
      vertex   -5.400000e+00 1.700000e+01 -1.750256e-15
      vertex   -5.454519e+00 1.700000e+01 4.141105e-01
    endloop
  endfacet
  facet normal 0.000000e+00 1.000000e+00 0.000000e+00
    outer loop
      vertex   -1.131371e+00 1.700000e+01 -5.868629e+00
      vertex   -1.385641e+00 1.700000e+01 -6.200000e+00
      vertex   -5.868629e+00 1.700000e+01 -1.131371e+00
    endloop
  endfacet
  facet normal 0.000000e+00 1.000000e+00 0.000000e+00
    outer loop
      vertex   -5.868629e+00 1.700000e+01 -1.131371e+00
      vertex   -1.385641e+00 1.700000e+01 -6.200000e+00
      vertex   -6.200000e+00 1.700000e+01 -1.385641e+00
    endloop
  endfacet
  facet normal 0.000000e+00 1.000000e+00 0.000000e+00
    outer loop
      vertex   -5.868629e+00 1.700000e+01 1.131371e+00
      vertex   -1.732051e+00 1.700000e+01 1.000000e+00
      vertex   -5.614359e+00 1.700000e+01 8.000000e-01
    endloop
  endfacet
  facet normal -0.000000e+00 1.000000e+00 0.000000e+00
    outer loop
      vertex   -5.614359e+00 1.700000e+01 8.000000e-01
      vertex   -1.732051e+00 1.700000e+01 1.000000e+00
      vertex   -1.931852e+00 1.700000e+01 5.176381e-01
    endloop
  endfacet
  facet normal 0.000000e+00 1.000000e+00 0.000000e+00
    outer loop
      vertex   -5.614359e+00 1.700000e+01 8.000000e-01
      vertex   -1.931852e+00 1.700000e+01 5.176381e-01
      vertex   -5.454519e+00 1.700000e+01 4.141105e-01
    endloop
  endfacet
  facet normal -0.000000e+00 1.000000e+00 0.000000e+00
    outer loop
      vertex   -5.454519e+00 1.700000e+01 4.141105e-01
      vertex   -1.931852e+00 1.700000e+01 5.176381e-01
      vertex   -2.000000e+00 1.700000e+01 0.000000e+00
    endloop
  endfacet
  facet normal -9.914449e-01 0.000000e+00 1.305262e-01
    outer loop
      vertex   1.931852e+00 1.700000e+01 -5.176381e-01
      vertex   1.931852e+00 1.500000e+01 -5.176381e-01
      vertex   2.000000e+00 1.700000e+01 -2.449294e-16
    endloop
  endfacet
  facet normal -9.914449e-01 -1.100725e-16 1.305262e-01
    outer loop
      vertex   2.000000e+00 1.700000e+01 -2.449294e-16
      vertex   1.931852e+00 1.500000e+01 -5.176381e-01
      vertex   2.000000e+00 1.500000e+01 -2.449294e-16
    endloop
  endfacet
  facet normal -9.914449e-01 -1.100725e-16 -1.305262e-01
    outer loop
      vertex   2.000000e+00 1.700000e+01 -2.449294e-16
      vertex   2.000000e+00 1.500000e+01 -2.449294e-16
      vertex   1.931852e+00 1.700000e+01 5.176381e-01
    endloop
  endfacet
  facet normal -9.914449e-01 -0.000000e+00 -1.305262e-01
    outer loop
      vertex   1.931852e+00 1.700000e+01 5.176381e-01
      vertex   2.000000e+00 1.500000e+01 -2.449294e-16
      vertex   1.931852e+00 1.500000e+01 5.176381e-01
    endloop
  endfacet
  facet normal -9.238795e-01 -0.000000e+00 -3.826834e-01
    outer loop
      vertex   1.931852e+00 1.700000e+01 5.176381e-01
      vertex   1.931852e+00 1.500000e+01 5.176381e-01
      vertex   1.732051e+00 1.700000e+01 1.000000e+00
    endloop
  endfacet
  facet normal -9.238795e-01 -0.000000e+00 -3.826834e-01
    outer loop
      vertex   1.732051e+00 1.700000e+01 1.000000e+00
      vertex   1.931852e+00 1.500000e+01 5.176381e-01
      vertex   1.732051e+00 1.500000e+01 1.000000e+00
    endloop
  endfacet
  facet normal -7.933533e-01 -0.000000e+00 -6.087614e-01
    outer loop
      vertex   1.732051e+00 1.700000e+01 1.000000e+00
      vertex   1.732051e+00 1.500000e+01 1.000000e+00
      vertex   1.414214e+00 1.700000e+01 1.414214e+00
    endloop
  endfacet
  facet normal -7.933533e-01 -0.000000e+00 -6.087614e-01
    outer loop
      vertex   1.414214e+00 1.700000e+01 1.414214e+00
      vertex   1.732051e+00 1.500000e+01 1.000000e+00
      vertex   1.414214e+00 1.500000e+01 1.414214e+00
    endloop
  endfacet
  facet normal -6.087614e-01 -0.000000e+00 -7.933533e-01
    outer loop
      vertex   1.414214e+00 1.700000e+01 1.414214e+00
      vertex   1.414214e+00 1.500000e+01 1.414214e+00
      vertex   1.000000e+00 1.700000e+01 1.732051e+00
    endloop
  endfacet
  facet normal -6.087614e-01 -0.000000e+00 -7.933533e-01
    outer loop
      vertex   1.000000e+00 1.700000e+01 1.732051e+00
      vertex   1.414214e+00 1.500000e+01 1.414214e+00
      vertex   1.000000e+00 1.500000e+01 1.732051e+00
    endloop
  endfacet
  facet normal -3.826834e-01 -0.000000e+00 -9.238795e-01
    outer loop
      vertex   1.000000e+00 1.700000e+01 1.732051e+00
      vertex   1.000000e+00 1.500000e+01 1.732051e+00
      vertex   5.176381e-01 1.700000e+01 1.931852e+00
    endloop
  endfacet
  facet normal -3.826834e-01 -0.000000e+00 -9.238795e-01
    outer loop
      vertex   5.176381e-01 1.700000e+01 1.931852e+00
      vertex   1.000000e+00 1.500000e+01 1.732051e+00
      vertex   5.176381e-01 1.500000e+01 1.931852e+00
    endloop
  endfacet
  facet normal -1.305262e-01 -0.000000e+00 -9.914449e-01
    outer loop
      vertex   5.176381e-01 1.700000e+01 1.931852e+00
      vertex   5.176381e-01 1.500000e+01 1.931852e+00
      vertex   -1.224647e-16 1.700000e+01 2.000000e+00
    endloop
  endfacet
  facet normal -1.305262e-01 -0.000000e+00 -9.914449e-01
    outer loop
      vertex   -1.224647e-16 1.700000e+01 2.000000e+00
      vertex   5.176381e-01 1.500000e+01 1.931852e+00
      vertex   -1.224647e-16 1.500000e+01 2.000000e+00
    endloop
  endfacet
  facet normal 1.305262e-01 0.000000e+00 -9.914449e-01
    outer loop
      vertex   -1.224647e-16 1.700000e+01 2.000000e+00
      vertex   -1.224647e-16 1.500000e+01 2.000000e+00
      vertex   -5.176381e-01 1.700000e+01 1.931852e+00
    endloop
  endfacet
  facet normal 1.305262e-01 0.000000e+00 -9.914449e-01
    outer loop
      vertex   -5.176381e-01 1.700000e+01 1.931852e+00
      vertex   -1.224647e-16 1.500000e+01 2.000000e+00
      vertex   -5.176381e-01 1.500000e+01 1.931852e+00
    endloop
  endfacet
  facet normal 3.826834e-01 0.000000e+00 -9.238795e-01
    outer loop
      vertex   -5.176381e-01 1.700000e+01 1.931852e+00
      vertex   -5.176381e-01 1.500000e+01 1.931852e+00
      vertex   -1.000000e+00 1.700000e+01 1.732051e+00
    endloop
  endfacet
  facet normal 3.826834e-01 0.000000e+00 -9.238795e-01
    outer loop
      vertex   -1.000000e+00 1.700000e+01 1.732051e+00
      vertex   -5.176381e-01 1.500000e+01 1.931852e+00
      vertex   -1.000000e+00 1.500000e+01 1.732051e+00
    endloop
  endfacet
  facet normal 6.087614e-01 0.000000e+00 -7.933533e-01
    outer loop
      vertex   -1.000000e+00 1.700000e+01 1.732051e+00
      vertex   -1.000000e+00 1.500000e+01 1.732051e+00
      vertex   -1.414214e+00 1.700000e+01 1.414214e+00
    endloop
  endfacet
  facet normal 6.087614e-01 0.000000e+00 -7.933533e-01
    outer loop
      vertex   -1.414214e+00 1.700000e+01 1.414214e+00
      vertex   -1.000000e+00 1.500000e+01 1.732051e+00
      vertex   -1.414214e+00 1.500000e+01 1.414214e+00
    endloop
  endfacet
  facet normal 7.933533e-01 0.000000e+00 -6.087614e-01
    outer loop
      vertex   -1.414214e+00 1.700000e+01 1.414214e+00
      vertex   -1.414214e+00 1.500000e+01 1.414214e+00
      vertex   -1.732051e+00 1.700000e+01 1.000000e+00
    endloop
  endfacet
  facet normal 7.933533e-01 0.000000e+00 -6.087614e-01
    outer loop
      vertex   -1.732051e+00 1.700000e+01 1.000000e+00
      vertex   -1.414214e+00 1.500000e+01 1.414214e+00
      vertex   -1.732051e+00 1.500000e+01 1.000000e+00
    endloop
  endfacet
  facet normal 9.238795e-01 0.000000e+00 -3.826834e-01
    outer loop
      vertex   -1.732051e+00 1.700000e+01 1.000000e+00
      vertex   -1.732051e+00 1.500000e+01 1.000000e+00
      vertex   -1.931852e+00 1.700000e+01 5.176381e-01
    endloop
  endfacet
  facet normal 9.238795e-01 0.000000e+00 -3.826834e-01
    outer loop
      vertex   -1.931852e+00 1.700000e+01 5.176381e-01
      vertex   -1.732051e+00 1.500000e+01 1.000000e+00
      vertex   -1.931852e+00 1.500000e+01 5.176381e-01
    endloop
  endfacet
  facet normal 9.914449e-01 0.000000e+00 -1.305262e-01
    outer loop
      vertex   -1.931852e+00 1.700000e+01 5.176381e-01
      vertex   -1.931852e+00 1.500000e+01 5.176381e-01
      vertex   -2.000000e+00 1.700000e+01 0.000000e+00
    endloop
  endfacet
  facet normal 9.914449e-01 0.000000e+00 -1.305262e-01
    outer loop
      vertex   -2.000000e+00 1.700000e+01 0.000000e+00
      vertex   -1.931852e+00 1.500000e+01 5.176381e-01
      vertex   -2.000000e+00 1.500000e+01 0.000000e+00
    endloop
  endfacet
  facet normal 9.914449e-01 0.000000e+00 1.305262e-01
    outer loop
      vertex   -2.000000e+00 1.700000e+01 0.000000e+00
      vertex   -2.000000e+00 1.500000e+01 0.000000e+00
      vertex   -1.931852e+00 1.700000e+01 -5.176381e-01
    endloop
  endfacet
  facet normal 9.914449e-01 0.000000e+00 1.305262e-01
    outer loop
      vertex   -1.931852e+00 1.700000e+01 -5.176381e-01
      vertex   -2.000000e+00 1.500000e+01 0.000000e+00
      vertex   -1.931852e+00 1.500000e+01 -5.176381e-01
    endloop
  endfacet
  facet normal 9.238795e-01 0.000000e+00 3.826834e-01
    outer loop
      vertex   -1.931852e+00 1.700000e+01 -5.176381e-01
      vertex   -1.931852e+00 1.500000e+01 -5.176381e-01
      vertex   -1.732051e+00 1.700000e+01 -1.000000e+00
    endloop
  endfacet
  facet normal 9.238795e-01 0.000000e+00 3.826834e-01
    outer loop
      vertex   -1.732051e+00 1.700000e+01 -1.000000e+00
      vertex   -1.931852e+00 1.500000e+01 -5.176381e-01
      vertex   -1.732051e+00 1.500000e+01 -1.000000e+00
    endloop
  endfacet
  facet normal 7.933533e-01 0.000000e+00 6.087614e-01
    outer loop
      vertex   -1.732051e+00 1.700000e+01 -1.000000e+00
      vertex   -1.732051e+00 1.500000e+01 -1.000000e+00
      vertex   -1.414214e+00 1.700000e+01 -1.414214e+00
    endloop
  endfacet
  facet normal 7.933533e-01 0.000000e+00 6.087614e-01
    outer loop
      vertex   -1.414214e+00 1.700000e+01 -1.414214e+00
      vertex   -1.732051e+00 1.500000e+01 -1.000000e+00
      vertex   -1.414214e+00 1.500000e+01 -1.414214e+00
    endloop
  endfacet
  facet normal 6.087614e-01 0.000000e+00 7.933533e-01
    outer loop
      vertex   -1.414214e+00 1.700000e+01 -1.414214e+00
      vertex   -1.414214e+00 1.500000e+01 -1.414214e+00
      vertex   -1.000000e+00 1.700000e+01 -1.732051e+00
    endloop
  endfacet
  facet normal 6.087614e-01 0.000000e+00 7.933533e-01
    outer loop
      vertex   -1.000000e+00 1.700000e+01 -1.732051e+00
      vertex   -1.414214e+00 1.500000e+01 -1.414214e+00
      vertex   -1.000000e+00 1.500000e+01 -1.732051e+00
    endloop
  endfacet
  facet normal 3.826834e-01 0.000000e+00 9.238795e-01
    outer loop
      vertex   -1.000000e+00 1.700000e+01 -1.732051e+00
      vertex   -1.000000e+00 1.500000e+01 -1.732051e+00
      vertex   -5.176381e-01 1.700000e+01 -1.931852e+00
    endloop
  endfacet
  facet normal 3.826834e-01 0.000000e+00 9.238795e-01
    outer loop
      vertex   -5.176381e-01 1.700000e+01 -1.931852e+00
      vertex   -1.000000e+00 1.500000e+01 -1.732051e+00
      vertex   -5.176381e-01 1.500000e+01 -1.931852e+00
    endloop
  endfacet
  facet normal 1.305262e-01 0.000000e+00 9.914449e-01
    outer loop
      vertex   -5.176381e-01 1.700000e+01 -1.931852e+00
      vertex   -5.176381e-01 1.500000e+01 -1.931852e+00
      vertex   -1.224647e-16 1.700000e+01 -2.000000e+00
    endloop
  endfacet
  facet normal 1.305262e-01 0.000000e+00 9.914449e-01
    outer loop
      vertex   -1.224647e-16 1.700000e+01 -2.000000e+00
      vertex   -5.176381e-01 1.500000e+01 -1.931852e+00
      vertex   -1.224647e-16 1.500000e+01 -2.000000e+00
    endloop
  endfacet
  facet normal -1.305262e-01 0.000000e+00 9.914449e-01
    outer loop
      vertex   -1.224647e-16 1.700000e+01 -2.000000e+00
      vertex   -1.224647e-16 1.500000e+01 -2.000000e+00
      vertex   5.176381e-01 1.700000e+01 -1.931852e+00
    endloop
  endfacet
  facet normal -1.305262e-01 0.000000e+00 9.914449e-01
    outer loop
      vertex   5.176381e-01 1.700000e+01 -1.931852e+00
      vertex   -1.224647e-16 1.500000e+01 -2.000000e+00
      vertex   5.176381e-01 1.500000e+01 -1.931852e+00
    endloop
  endfacet
  facet normal -3.826834e-01 0.000000e+00 9.238795e-01
    outer loop
      vertex   5.176381e-01 1.700000e+01 -1.931852e+00
      vertex   5.176381e-01 1.500000e+01 -1.931852e+00
      vertex   1.000000e+00 1.700000e+01 -1.732051e+00
    endloop
  endfacet
  facet normal -3.826834e-01 0.000000e+00 9.238795e-01
    outer loop
      vertex   1.000000e+00 1.700000e+01 -1.732051e+00
      vertex   5.176381e-01 1.500000e+01 -1.931852e+00
      vertex   1.000000e+00 1.500000e+01 -1.732051e+00
    endloop
  endfacet
  facet normal -6.087614e-01 0.000000e+00 7.933533e-01
    outer loop
      vertex   1.000000e+00 1.700000e+01 -1.732051e+00
      vertex   1.000000e+00 1.500000e+01 -1.732051e+00
      vertex   1.414214e+00 1.700000e+01 -1.414214e+00
    endloop
  endfacet
  facet normal -6.087614e-01 0.000000e+00 7.933533e-01
    outer loop
      vertex   1.414214e+00 1.700000e+01 -1.414214e+00
      vertex   1.000000e+00 1.500000e+01 -1.732051e+00
      vertex   1.414214e+00 1.500000e+01 -1.414214e+00
    endloop
  endfacet
  facet normal -7.933533e-01 0.000000e+00 6.087614e-01
    outer loop
      vertex   1.414214e+00 1.700000e+01 -1.414214e+00
      vertex   1.414214e+00 1.500000e+01 -1.414214e+00
      vertex   1.732051e+00 1.700000e+01 -1.000000e+00
    endloop
  endfacet
  facet normal -7.933533e-01 0.000000e+00 6.087614e-01
    outer loop
      vertex   1.732051e+00 1.700000e+01 -1.000000e+00
      vertex   1.414214e+00 1.500000e+01 -1.414214e+00
      vertex   1.732051e+00 1.500000e+01 -1.000000e+00
    endloop
  endfacet
  facet normal -9.238795e-01 0.000000e+00 3.826834e-01
    outer loop
      vertex   1.732051e+00 1.700000e+01 -1.000000e+00
      vertex   1.732051e+00 1.500000e+01 -1.000000e+00
      vertex   1.931852e+00 1.700000e+01 -5.176381e-01
    endloop
  endfacet
  facet normal -9.238795e-01 0.000000e+00 3.826834e-01
    outer loop
      vertex   1.931852e+00 1.700000e+01 -5.176381e-01
      vertex   1.732051e+00 1.500000e+01 -1.000000e+00
      vertex   1.931852e+00 1.500000e+01 -5.176381e-01
    endloop
  endfacet
  facet normal 9.914449e-01 -2.201450e-16 1.305262e-01
    outer loop
      vertex   -1.545481e+00 1.600000e+01 -7.414110e+00
      vertex   -1.545481e+00 1.700000e+01 -7.414110e+00
      vertex   -1.600000e+00 1.600000e+01 -7.000000e+00
    endloop
  endfacet
  facet normal 9.914449e-01 -0.000000e+00 1.305262e-01
    outer loop
      vertex   -1.600000e+00 1.600000e+01 -7.000000e+00
      vertex   -1.545481e+00 1.700000e+01 -7.414110e+00
      vertex   -1.600000e+00 1.700000e+01 -7.000000e+00
    endloop
  endfacet
  facet normal 9.914449e-01 0.000000e+00 -1.305262e-01
    outer loop
      vertex   -1.600000e+00 1.600000e+01 -7.000000e+00
      vertex   -1.600000e+00 1.700000e+01 -7.000000e+00
      vertex   -1.545481e+00 1.600000e+01 -6.585890e+00
    endloop
  endfacet
  facet normal 9.914449e-01 3.243595e-16 -1.305262e-01
    outer loop
      vertex   -1.545481e+00 1.600000e+01 -6.585890e+00
      vertex   -1.600000e+00 1.700000e+01 -7.000000e+00
      vertex   -1.545481e+00 1.700000e+01 -6.585890e+00
    endloop
  endfacet
  facet normal 9.238795e-01 7.039378e-17 -3.826834e-01
    outer loop
      vertex   -1.545481e+00 1.600000e+01 -6.585890e+00
      vertex   -1.545481e+00 1.700000e+01 -6.585890e+00
      vertex   -1.385641e+00 1.600000e+01 -6.200000e+00
    endloop
  endfacet
  facet normal 9.238795e-01 2.755363e-16 -3.826834e-01
    outer loop
      vertex   -1.385641e+00 1.600000e+01 -6.200000e+00
      vertex   -1.545481e+00 1.700000e+01 -6.585890e+00
      vertex   -1.385641e+00 1.700000e+01 -6.200000e+00
    endloop
  endfacet
  facet normal 7.933533e-01 -1.220928e-17 -6.087614e-01
    outer loop
      vertex   -1.385641e+00 1.600000e+01 -6.200000e+00
      vertex   -1.385641e+00 1.700000e+01 -6.200000e+00
      vertex   -1.131371e+00 1.600000e+01 -5.868629e+00
    endloop
  endfacet
  facet normal 7.933533e-01 5.284796e-16 -6.087614e-01
    outer loop
      vertex   -1.131371e+00 1.600000e+01 -5.868629e+00
      vertex   -1.385641e+00 1.700000e+01 -6.200000e+00
      vertex   -1.131371e+00 1.700000e+01 -5.868629e+00
    endloop
  endfacet
  facet normal 6.087614e-01 4.055167e-16 -7.933533e-01
    outer loop
      vertex   -1.131371e+00 1.600000e+01 -5.868629e+00
      vertex   -1.131371e+00 1.700000e+01 -5.868629e+00
      vertex   -8.000000e-01 1.600000e+01 -5.614359e+00
    endloop
  endfacet
  facet normal 6.087614e-01 9.462055e-16 -7.933533e-01
    outer loop
      vertex   -8.000000e-01 1.600000e+01 -5.614359e+00
      vertex   -1.131371e+00 1.700000e+01 -5.868629e+00
      vertex   -8.000000e-01 1.700000e+01 -5.614359e+00
    endloop
  endfacet
  facet normal 3.826834e-01 5.948097e-16 -9.238795e-01
    outer loop
      vertex   -8.000000e-01 1.600000e+01 -5.614359e+00
      vertex   -8.000000e-01 1.700000e+01 -5.614359e+00
      vertex   -4.141105e-01 1.600000e+01 -5.454519e+00
    endloop
  endfacet
  facet normal 3.826834e-01 -9.401144e-16 -9.238795e-01
    outer loop
      vertex   -4.141105e-01 1.600000e+01 -5.454519e+00
      vertex   -8.000000e-01 1.700000e+01 -5.614359e+00
      vertex   -4.141105e-01 1.700000e+01 -5.454519e+00
    endloop
  endfacet
  facet normal 1.305262e-01 -1.522053e-15 -9.914449e-01
    outer loop
      vertex   -4.141105e-01 1.600000e+01 -5.454519e+00
      vertex   -4.141105e-01 1.700000e+01 -5.454519e+00
      vertex   2.939152e-16 1.600000e+01 -5.400000e+00
    endloop
  endfacet
  facet normal 1.305262e-01 5.115153e-17 -9.914449e-01
    outer loop
      vertex   2.939152e-16 1.600000e+01 -5.400000e+00
      vertex   -4.141105e-01 1.700000e+01 -5.454519e+00
      vertex   -9.797174e-17 1.700000e+01 -5.400000e+00
    endloop
  endfacet
  facet normal -1.305262e-01 -5.115153e-17 -9.914449e-01
    outer loop
      vertex   2.939152e-16 1.600000e+01 -5.400000e+00
      vertex   -9.797174e-17 1.700000e+01 -5.400000e+00
      vertex   4.141105e-01 1.600000e+01 -5.454519e+00
    endloop
  endfacet
  facet normal -1.305262e-01 1.536545e-15 -9.914449e-01
    outer loop
      vertex   4.141105e-01 1.600000e+01 -5.454519e+00
      vertex   -9.797174e-17 1.700000e+01 -5.400000e+00
      vertex   4.141105e-01 1.700000e+01 -5.454519e+00
    endloop
  endfacet
  facet normal -3.826834e-01 9.826008e-16 -9.238795e-01
    outer loop
      vertex   4.141105e-01 1.600000e+01 -5.454519e+00
      vertex   4.141105e-01 1.700000e+01 -5.454519e+00
      vertex   8.000000e-01 1.600000e+01 -5.614359e+00
    endloop
  endfacet
  facet normal -3.826834e-01 2.257604e-16 -9.238795e-01
    outer loop
      vertex   8.000000e-01 1.600000e+01 -5.614359e+00
      vertex   4.141105e-01 1.700000e+01 -5.454519e+00
      vertex   8.000000e-01 1.700000e+01 -5.614359e+00
    endloop
  endfacet
  facet normal -6.087614e-01 -2.415661e-16 -7.933533e-01
    outer loop
      vertex   8.000000e-01 1.600000e+01 -5.614359e+00
      vertex   8.000000e-01 1.700000e+01 -5.614359e+00
      vertex   1.131371e+00 1.600000e+01 -5.868629e+00
    endloop
  endfacet
  facet normal -6.087614e-01 -4.055167e-16 -7.933533e-01
    outer loop
      vertex   1.131371e+00 1.600000e+01 -5.868629e+00
      vertex   8.000000e-01 1.700000e+01 -5.614359e+00
      vertex   1.131371e+00 1.700000e+01 -5.868629e+00
    endloop
  endfacet
  facet normal -7.933533e-01 -5.284796e-16 -6.087614e-01
    outer loop
      vertex   1.131371e+00 1.600000e+01 -5.868629e+00
      vertex   1.131371e+00 1.700000e+01 -5.868629e+00
      vertex   1.385641e+00 1.600000e+01 -6.200000e+00
    endloop
  endfacet
  facet normal -7.933533e-01 1.220928e-17 -6.087614e-01
    outer loop
      vertex   1.385641e+00 1.600000e+01 -6.200000e+00
      vertex   1.131371e+00 1.700000e+01 -5.868629e+00
      vertex   1.385641e+00 1.700000e+01 -6.200000e+00
    endloop
  endfacet
  facet normal -9.238795e-01 -2.755363e-16 -3.826834e-01
    outer loop
      vertex   1.385641e+00 1.600000e+01 -6.200000e+00
      vertex   1.385641e+00 1.700000e+01 -6.200000e+00
      vertex   1.545481e+00 1.600000e+01 -6.585890e+00
    endloop
  endfacet
  facet normal -9.238795e-01 -7.039378e-17 -3.826834e-01
    outer loop
      vertex   1.545481e+00 1.600000e+01 -6.585890e+00
      vertex   1.385641e+00 1.700000e+01 -6.200000e+00
      vertex   1.545481e+00 1.700000e+01 -6.585890e+00
    endloop
  endfacet
  facet normal -9.914449e-01 -3.243595e-16 -1.305262e-01
    outer loop
      vertex   1.545481e+00 1.600000e+01 -6.585890e+00
      vertex   1.545481e+00 1.700000e+01 -6.585890e+00
      vertex   1.600000e+00 1.600000e+01 -7.000000e+00
    endloop
  endfacet
  facet normal -9.914449e-01 4.402901e-16 -1.305262e-01
    outer loop
      vertex   1.600000e+00 1.600000e+01 -7.000000e+00
      vertex   1.545481e+00 1.700000e+01 -6.585890e+00
      vertex   1.600000e+00 1.700000e+01 -7.000000e+00
    endloop
  endfacet
  facet normal -9.914449e-01 4.402901e-16 1.305262e-01
    outer loop
      vertex   1.600000e+00 1.600000e+01 -7.000000e+00
      vertex   1.600000e+00 1.700000e+01 -7.000000e+00
      vertex   1.545481e+00 1.600000e+01 -7.414110e+00
    endloop
  endfacet
  facet normal -9.914449e-01 0.000000e+00 1.305262e-01
    outer loop
      vertex   1.545481e+00 1.600000e+01 -7.414110e+00
      vertex   1.600000e+00 1.700000e+01 -7.000000e+00
      vertex   1.545481e+00 1.700000e+01 -7.414110e+00
    endloop
  endfacet
  facet normal -9.238795e-01 0.000000e+00 3.826834e-01
    outer loop
      vertex   1.545481e+00 1.600000e+01 -7.414110e+00
      vertex   1.545481e+00 1.700000e+01 -7.414110e+00
      vertex   1.385641e+00 1.600000e+01 -7.800000e+00
    endloop
  endfacet
  facet normal -9.238795e-01 4.102850e-16 3.826834e-01
    outer loop
      vertex   1.385641e+00 1.600000e+01 -7.800000e+00
      vertex   1.545481e+00 1.700000e+01 -7.414110e+00
      vertex   1.385641e+00 1.700000e+01 -7.800000e+00
    endloop
  endfacet
  facet normal -7.933533e-01 3.523197e-16 6.087614e-01
    outer loop
      vertex   1.385641e+00 1.600000e+01 -7.800000e+00
      vertex   1.385641e+00 1.700000e+01 -7.800000e+00
      vertex   1.131371e+00 1.600000e+01 -8.131371e+00
    endloop
  endfacet
  facet normal -7.933533e-01 0.000000e+00 6.087614e-01
    outer loop
      vertex   1.131371e+00 1.600000e+01 -8.131371e+00
      vertex   1.385641e+00 1.700000e+01 -7.800000e+00
      vertex   1.131371e+00 1.700000e+01 -8.131371e+00
    endloop
  endfacet
  facet normal -6.087614e-01 0.000000e+00 7.933533e-01
    outer loop
      vertex   1.131371e+00 1.600000e+01 -8.131371e+00
      vertex   1.131371e+00 1.700000e+01 -8.131371e+00
      vertex   8.000000e-01 1.600000e+01 -8.385641e+00
    endloop
  endfacet
  facet normal -6.087614e-01 4.055167e-16 7.933533e-01
    outer loop
      vertex   8.000000e-01 1.600000e+01 -8.385641e+00
      vertex   1.131371e+00 1.700000e+01 -8.131371e+00
      vertex   8.000000e-01 1.700000e+01 -8.385641e+00
    endloop
  endfacet
  facet normal -3.826834e-01 2.549184e-16 9.238795e-01
    outer loop
      vertex   8.000000e-01 1.600000e+01 -8.385641e+00
      vertex   8.000000e-01 1.700000e+01 -8.385641e+00
      vertex   4.141105e-01 1.600000e+01 -8.545481e+00
    endloop
  endfacet
  facet normal -3.826834e-01 1.487024e-16 9.238795e-01
    outer loop
      vertex   4.141105e-01 1.600000e+01 -8.545481e+00
      vertex   8.000000e-01 1.700000e+01 -8.385641e+00
      vertex   4.141105e-01 1.700000e+01 -8.545481e+00
    endloop
  endfacet
  facet normal -1.305262e-01 5.071963e-17 9.914449e-01
    outer loop
      vertex   4.141105e-01 1.600000e+01 -8.545481e+00
      vertex   4.141105e-01 1.700000e+01 -8.545481e+00
      vertex   -9.797174e-17 1.600000e+01 -8.600000e+00
    endloop
  endfacet
  facet normal -1.305262e-01 0.000000e+00 9.914449e-01
    outer loop
      vertex   -9.797174e-17 1.600000e+01 -8.600000e+00
      vertex   4.141105e-01 1.700000e+01 -8.545481e+00
      vertex   -9.797174e-17 1.700000e+01 -8.600000e+00
    endloop
  endfacet
  facet normal 1.305262e-01 -0.000000e+00 9.914449e-01
    outer loop
      vertex   -9.797174e-17 1.600000e+01 -8.600000e+00
      vertex   -9.797174e-17 1.700000e+01 -8.600000e+00
      vertex   -4.141105e-01 1.600000e+01 -8.545481e+00
    endloop
  endfacet
  facet normal 1.305262e-01 -4.347396e-17 9.914449e-01
    outer loop
      vertex   -4.141105e-01 1.600000e+01 -8.545481e+00
      vertex   -9.797174e-17 1.700000e+01 -8.600000e+00
      vertex   -4.141105e-01 1.700000e+01 -8.545481e+00
    endloop
  endfacet
  facet normal 3.826834e-01 -1.274592e-16 9.238795e-01
    outer loop
      vertex   -4.141105e-01 1.600000e+01 -8.545481e+00
      vertex   -4.141105e-01 1.700000e+01 -8.545481e+00
      vertex   -8.000000e-01 1.600000e+01 -8.385641e+00
    endloop
  endfacet
  facet normal 3.826834e-01 -1.274592e-16 9.238795e-01
    outer loop
      vertex   -8.000000e-01 1.600000e+01 -8.385641e+00
      vertex   -4.141105e-01 1.700000e+01 -8.545481e+00
      vertex   -8.000000e-01 1.700000e+01 -8.385641e+00
    endloop
  endfacet
  facet normal 6.087614e-01 -2.027583e-16 7.933533e-01
    outer loop
      vertex   -8.000000e-01 1.600000e+01 -8.385641e+00
      vertex   -8.000000e-01 1.700000e+01 -8.385641e+00
      vertex   -1.131371e+00 1.600000e+01 -8.131371e+00
    endloop
  endfacet
  facet normal 6.087614e-01 -0.000000e+00 7.933533e-01
    outer loop
      vertex   -1.131371e+00 1.600000e+01 -8.131371e+00
      vertex   -8.000000e-01 1.700000e+01 -8.385641e+00
      vertex   -1.131371e+00 1.700000e+01 -8.131371e+00
    endloop
  endfacet
  facet normal 7.933533e-01 -0.000000e+00 6.087614e-01
    outer loop
      vertex   -1.131371e+00 1.600000e+01 -8.131371e+00
      vertex   -1.131371e+00 1.700000e+01 -8.131371e+00
      vertex   -1.385641e+00 1.600000e+01 -7.800000e+00
    endloop
  endfacet
  facet normal 7.933533e-01 -3.523197e-16 6.087614e-01
    outer loop
      vertex   -1.385641e+00 1.600000e+01 -7.800000e+00
      vertex   -1.131371e+00 1.700000e+01 -8.131371e+00
      vertex   -1.385641e+00 1.700000e+01 -7.800000e+00
    endloop
  endfacet
  facet normal 9.238795e-01 -4.102850e-16 3.826834e-01
    outer loop
      vertex   -1.385641e+00 1.600000e+01 -7.800000e+00
      vertex   -1.385641e+00 1.700000e+01 -7.800000e+00
      vertex   -1.545481e+00 1.600000e+01 -7.414110e+00
    endloop
  endfacet
  facet normal 9.238795e-01 -2.051425e-16 3.826834e-01
    outer loop
      vertex   -1.545481e+00 1.600000e+01 -7.414110e+00
      vertex   -1.385641e+00 1.700000e+01 -7.800000e+00
      vertex   -1.545481e+00 1.700000e+01 -7.414110e+00
    endloop
  endfacet
  facet normal 9.914449e-01 1.449132e-17 1.305262e-01
    outer loop
      vertex   -8.545481e+00 1.600000e+01 -4.141105e-01
      vertex   -8.545481e+00 1.700000e+01 -4.141105e-01
      vertex   -8.600000e+00 1.600000e+01 -1.750256e-15
    endloop
  endfacet
  facet normal 9.914449e-01 -2.557576e-17 1.305262e-01
    outer loop
      vertex   -8.600000e+00 1.600000e+01 -1.750256e-15
      vertex   -8.545481e+00 1.700000e+01 -4.141105e-01
      vertex   -8.600000e+00 1.700000e+01 -1.554312e-15
    endloop
  endfacet
  facet normal 9.914449e-01 2.557576e-17 -1.305262e-01
    outer loop
      vertex   -8.600000e+00 1.600000e+01 -1.750256e-15
      vertex   -8.600000e+00 1.700000e+01 -1.554312e-15
      vertex   -8.545481e+00 1.600000e+01 4.141105e-01
    endloop
  endfacet
  facet normal 9.914449e-01 -2.318611e-16 -1.305262e-01
    outer loop
      vertex   -8.545481e+00 1.600000e+01 4.141105e-01
      vertex   -8.600000e+00 1.700000e+01 -1.554312e-15
      vertex   -8.545481e+00 1.700000e+01 4.141105e-01
    endloop
  endfacet
  facet normal 9.238795e-01 -6.797825e-16 -3.826834e-01
    outer loop
      vertex   -8.545481e+00 1.600000e+01 4.141105e-01
      vertex   -8.545481e+00 1.700000e+01 4.141105e-01
      vertex   -8.385641e+00 1.600000e+01 8.000000e-01
    endloop
  endfacet
  facet normal 9.238795e-01 -3.823776e-16 -3.826834e-01
    outer loop
      vertex   -8.385641e+00 1.600000e+01 8.000000e-01
      vertex   -8.545481e+00 1.700000e+01 4.141105e-01
      vertex   -8.385641e+00 1.700000e+01 8.000000e-01
    endloop
  endfacet
  facet normal 7.933533e-01 -6.082750e-16 -6.087614e-01
    outer loop
      vertex   -8.385641e+00 1.600000e+01 8.000000e-01
      vertex   -8.385641e+00 1.700000e+01 8.000000e-01
      vertex   -8.131371e+00 1.600000e+01 1.131371e+00
    endloop
  endfacet
  facet normal 7.933533e-01 1.003762e-15 -6.087614e-01
    outer loop
      vertex   -8.131371e+00 1.600000e+01 1.131371e+00
      vertex   -8.385641e+00 1.700000e+01 8.000000e-01
      vertex   -8.131371e+00 1.700000e+01 1.131371e+00
    endloop
  endfacet
  facet normal 6.087614e-01 5.528982e-16 -7.933533e-01
    outer loop
      vertex   -8.131371e+00 1.600000e+01 1.131371e+00
      vertex   -8.131371e+00 1.700000e+01 1.131371e+00
      vertex   -7.800000e+00 1.600000e+01 1.385641e+00
    endloop
  endfacet
  facet normal 6.087614e-01 -1.639506e-16 -7.933533e-01
    outer loop
      vertex   -7.800000e+00 1.600000e+01 1.385641e+00
      vertex   -8.131371e+00 1.700000e+01 1.131371e+00
      vertex   -7.800000e+00 1.700000e+01 1.385641e+00
    endloop
  endfacet
  facet normal 3.826834e-01 -4.806788e-16 -9.238795e-01
    outer loop
      vertex   -7.800000e+00 1.600000e+01 1.385641e+00
      vertex   -7.800000e+00 1.700000e+01 1.385641e+00
      vertex   -7.414110e+00 1.600000e+01 1.545481e+00
    endloop
  endfacet
  facet normal 3.826834e-01 4.746400e-16 -9.238795e-01
    outer loop
      vertex   -7.414110e+00 1.600000e+01 1.545481e+00
      vertex   -7.800000e+00 1.700000e+01 1.385641e+00
      vertex   -7.414110e+00 1.700000e+01 1.545481e+00
    endloop
  endfacet
  facet normal 1.305262e-01 1.171611e-17 -9.914449e-01
    outer loop
      vertex   -7.414110e+00 1.600000e+01 1.545481e+00
      vertex   -7.414110e+00 1.700000e+01 1.545481e+00
      vertex   -7.000000e+00 1.600000e+01 1.600000e+00
    endloop
  endfacet
  facet normal 1.305262e-01 0.000000e+00 -9.914449e-01
    outer loop
      vertex   -7.000000e+00 1.600000e+01 1.600000e+00
      vertex   -7.414110e+00 1.700000e+01 1.545481e+00
      vertex   -7.000000e+00 1.700000e+01 1.600000e+00
    endloop
  endfacet
  facet normal -1.305262e-01 0.000000e+00 -9.914449e-01
    outer loop
      vertex   -7.000000e+00 1.600000e+01 1.600000e+00
      vertex   -7.000000e+00 1.700000e+01 1.600000e+00
      vertex   -6.585890e+00 1.600000e+01 1.545481e+00
    endloop
  endfacet
  facet normal -1.305262e-01 1.042145e-16 -9.914449e-01
    outer loop
      vertex   -6.585890e+00 1.600000e+01 1.545481e+00
      vertex   -7.000000e+00 1.700000e+01 1.600000e+00
      vertex   -6.585890e+00 1.700000e+01 1.545481e+00
    endloop
  endfacet
  facet normal -3.826834e-01 -1.347487e-16 -9.238795e-01
    outer loop
      vertex   -6.585890e+00 1.600000e+01 1.545481e+00
      vertex   -6.585890e+00 1.700000e+01 1.545481e+00
      vertex   -6.200000e+00 1.600000e+01 1.385641e+00
    endloop
  endfacet
  facet normal -3.826834e-01 6.858213e-16 -9.238795e-01
    outer loop
      vertex   -6.200000e+00 1.600000e+01 1.385641e+00
      vertex   -6.585890e+00 1.700000e+01 1.545481e+00
      vertex   -6.200000e+00 1.700000e+01 1.385641e+00
    endloop
  endfacet
  facet normal -6.087614e-01 3.401105e-16 -7.933533e-01
    outer loop
      vertex   -6.200000e+00 1.600000e+01 1.385641e+00
      vertex   -6.200000e+00 1.700000e+01 1.385641e+00
      vertex   -5.868629e+00 1.600000e+01 1.131371e+00
    endloop
  endfacet
  facet normal -6.087614e-01 5.284796e-16 -7.933533e-01
    outer loop
      vertex   -5.868629e+00 1.600000e+01 1.131371e+00
      vertex   -6.200000e+00 1.700000e+01 1.385641e+00
      vertex   -5.868629e+00 1.700000e+01 1.131371e+00
    endloop
  endfacet
  facet normal -7.933533e-01 4.055167e-16 -6.087614e-01
    outer loop
      vertex   -5.868629e+00 1.600000e+01 1.131371e+00
      vertex   -5.868629e+00 1.700000e+01 1.131371e+00
      vertex   -5.614359e+00 1.600000e+01 8.000000e-01
    endloop
  endfacet
  facet normal -7.933533e-01 -1.639506e-16 -6.087614e-01
    outer loop
      vertex   -5.614359e+00 1.600000e+01 8.000000e-01
      vertex   -5.868629e+00 1.700000e+01 1.131371e+00
      vertex   -5.614359e+00 1.700000e+01 8.000000e-01
    endloop
  endfacet
  facet normal -9.238795e-01 -4.806788e-16 -3.826834e-01
    outer loop
      vertex   -5.614359e+00 1.600000e+01 8.000000e-01
      vertex   -5.614359e+00 1.700000e+01 8.000000e-01
      vertex   -5.454519e+00 1.600000e+01 4.141105e-01
    endloop
  endfacet
  facet normal -9.238795e-01 7.010257e-16 -3.826834e-01
    outer loop
      vertex   -5.454519e+00 1.600000e+01 4.141105e-01
      vertex   -5.614359e+00 1.700000e+01 8.000000e-01
      vertex   -5.454519e+00 1.700000e+01 4.141105e-01
    endloop
  endfacet
  facet normal -9.914449e-01 2.391068e-16 -1.305262e-01
    outer loop
      vertex   -5.454519e+00 1.600000e+01 4.141105e-01
      vertex   -5.454519e+00 1.700000e+01 4.141105e-01
      vertex   -5.400000e+00 1.600000e+01 -1.750256e-15
    endloop
  endfacet
  facet normal -9.914449e-01 0.000000e+00 -1.305262e-01
    outer loop
      vertex   -5.400000e+00 1.600000e+01 -1.750256e-15
      vertex   -5.454519e+00 1.700000e+01 4.141105e-01
      vertex   -5.400000e+00 1.700000e+01 -1.750256e-15
    endloop
  endfacet
  facet normal -9.914449e-01 0.000000e+00 1.305262e-01
    outer loop
      vertex   -5.400000e+00 1.600000e+01 -1.750256e-15
      vertex   -5.400000e+00 1.700000e+01 -1.750256e-15
      vertex   -5.454519e+00 1.600000e+01 -4.141105e-01
    endloop
  endfacet
  facet normal -9.914449e-01 0.000000e+00 1.305262e-01
    outer loop
      vertex   -5.454519e+00 1.600000e+01 -4.141105e-01
      vertex   -5.400000e+00 1.700000e+01 -1.750256e-15
      vertex   -5.454519e+00 1.700000e+01 -4.141105e-01
    endloop
  endfacet
  facet normal -9.238795e-01 0.000000e+00 3.826834e-01
    outer loop
      vertex   -5.454519e+00 1.600000e+01 -4.141105e-01
      vertex   -5.454519e+00 1.700000e+01 -4.141105e-01
      vertex   -5.614359e+00 1.600000e+01 -8.000000e-01
    endloop
  endfacet
  facet normal -9.238795e-01 -2.549184e-16 3.826834e-01
    outer loop
      vertex   -5.614359e+00 1.600000e+01 -8.000000e-01
      vertex   -5.454519e+00 1.700000e+01 -4.141105e-01
      vertex   -5.614359e+00 1.700000e+01 -8.000000e-01
    endloop
  endfacet
  facet normal -7.933533e-01 -4.055167e-16 6.087614e-01
    outer loop
      vertex   -5.614359e+00 1.600000e+01 -8.000000e-01
      vertex   -5.614359e+00 1.700000e+01 -8.000000e-01
      vertex   -5.868629e+00 1.600000e+01 -1.131371e+00
    endloop
  endfacet
  facet normal -7.933533e-01 0.000000e+00 6.087614e-01
    outer loop
      vertex   -5.868629e+00 1.600000e+01 -1.131371e+00
      vertex   -5.614359e+00 1.700000e+01 -8.000000e-01
      vertex   -5.868629e+00 1.700000e+01 -1.131371e+00
    endloop
  endfacet
  facet normal -6.087614e-01 0.000000e+00 7.933533e-01
    outer loop
      vertex   -5.868629e+00 1.600000e+01 -1.131371e+00
      vertex   -5.868629e+00 1.700000e+01 -1.131371e+00
      vertex   -6.200000e+00 1.600000e+01 -1.385641e+00
    endloop
  endfacet
  facet normal -6.087614e-01 5.406889e-16 7.933533e-01
    outer loop
      vertex   -6.200000e+00 1.600000e+01 -1.385641e+00
      vertex   -5.868629e+00 1.700000e+01 -1.131371e+00
      vertex   -6.200000e+00 1.700000e+01 -1.385641e+00
    endloop
  endfacet
  facet normal -3.826834e-01 3.398912e-16 9.238795e-01
    outer loop
      vertex   -6.200000e+00 1.600000e+01 -1.385641e+00
      vertex   -6.200000e+00 1.700000e+01 -1.385641e+00
      vertex   -6.585890e+00 1.600000e+01 -1.545481e+00
    endloop
  endfacet
  facet normal -3.826834e-01 0.000000e+00 9.238795e-01
    outer loop
      vertex   -6.585890e+00 1.600000e+01 -1.545481e+00
      vertex   -6.200000e+00 1.700000e+01 -1.385641e+00
      vertex   -6.585890e+00 1.700000e+01 -1.545481e+00
    endloop
  endfacet
  facet normal -1.305262e-01 0.000000e+00 9.914449e-01
    outer loop
      vertex   -6.585890e+00 1.600000e+01 -1.545481e+00
      vertex   -6.585890e+00 1.700000e+01 -1.545481e+00
      vertex   -7.000000e+00 1.600000e+01 -1.600000e+00
    endloop
  endfacet
  facet normal -1.305262e-01 0.000000e+00 9.914449e-01
    outer loop
      vertex   -7.000000e+00 1.600000e+01 -1.600000e+00
      vertex   -6.585890e+00 1.700000e+01 -1.545481e+00
      vertex   -7.000000e+00 1.700000e+01 -1.600000e+00
    endloop
  endfacet
  facet normal 1.305262e-01 -0.000000e+00 9.914449e-01
    outer loop
      vertex   -7.000000e+00 1.600000e+01 -1.600000e+00
      vertex   -7.000000e+00 1.700000e+01 -1.600000e+00
      vertex   -7.414110e+00 1.600000e+01 -1.545481e+00
    endloop
  endfacet
  facet normal 1.305262e-01 -0.000000e+00 9.914449e-01
    outer loop
      vertex   -7.414110e+00 1.600000e+01 -1.545481e+00
      vertex   -7.000000e+00 1.700000e+01 -1.600000e+00
      vertex   -7.414110e+00 1.700000e+01 -1.545481e+00
    endloop
  endfacet
  facet normal 3.826834e-01 -0.000000e+00 9.238795e-01
    outer loop
      vertex   -7.414110e+00 1.600000e+01 -1.545481e+00
      vertex   -7.414110e+00 1.700000e+01 -1.545481e+00
      vertex   -7.800000e+00 1.600000e+01 -1.385641e+00
    endloop
  endfacet
  facet normal 3.826834e-01 -0.000000e+00 9.238795e-01
    outer loop
      vertex   -7.800000e+00 1.600000e+01 -1.385641e+00
      vertex   -7.414110e+00 1.700000e+01 -1.545481e+00
      vertex   -7.800000e+00 1.700000e+01 -1.385641e+00
    endloop
  endfacet
  facet normal 6.087614e-01 -0.000000e+00 7.933533e-01
    outer loop
      vertex   -7.800000e+00 1.600000e+01 -1.385641e+00
      vertex   -7.800000e+00 1.700000e+01 -1.385641e+00
      vertex   -8.131371e+00 1.600000e+01 -1.131371e+00
    endloop
  endfacet
  facet normal 6.087614e-01 -0.000000e+00 7.933533e-01
    outer loop
      vertex   -8.131371e+00 1.600000e+01 -1.131371e+00
      vertex   -7.800000e+00 1.700000e+01 -1.385641e+00
      vertex   -8.131371e+00 1.700000e+01 -1.131371e+00
    endloop
  endfacet
  facet normal 7.933533e-01 -0.000000e+00 6.087614e-01
    outer loop
      vertex   -8.131371e+00 1.600000e+01 -1.131371e+00
      vertex   -8.131371e+00 1.700000e+01 -1.131371e+00
      vertex   -8.385641e+00 1.600000e+01 -8.000000e-01
    endloop
  endfacet
  facet normal 7.933533e-01 2.027583e-16 6.087614e-01
    outer loop
      vertex   -8.385641e+00 1.600000e+01 -8.000000e-01
      vertex   -8.131371e+00 1.700000e+01 -1.131371e+00
      vertex   -8.385641e+00 1.700000e+01 -8.000000e-01
    endloop
  endfacet
  facet normal 9.238795e-01 1.274592e-16 3.826834e-01
    outer loop
      vertex   -8.385641e+00 1.600000e+01 -8.000000e-01
      vertex   -8.385641e+00 1.700000e+01 -8.000000e-01
      vertex   -8.545481e+00 1.600000e+01 -4.141105e-01
    endloop
  endfacet
  facet normal 9.238795e-01 4.248641e-17 3.826834e-01
    outer loop
      vertex   -8.545481e+00 1.600000e+01 -4.141105e-01
      vertex   -8.385641e+00 1.700000e+01 -8.000000e-01
      vertex   -8.545481e+00 1.700000e+01 -4.141105e-01
    endloop
  endfacet
  facet normal 9.914449e-01 7.245661e-18 1.305262e-01
    outer loop
      vertex   5.454519e+00 1.600000e+01 -4.141105e-01
      vertex   5.454519e+00 1.700000e+01 -4.141105e-01
      vertex   5.400000e+00 1.600000e+01 1.358369e-15
    endloop
  endfacet
  facet normal 9.914449e-01 -2.557576e-17 1.305262e-01
    outer loop
      vertex   5.400000e+00 1.600000e+01 1.358369e-15
      vertex   5.454519e+00 1.700000e+01 -4.141105e-01
      vertex   5.400000e+00 1.700000e+01 1.554312e-15
    endloop
  endfacet
  facet normal 9.914449e-01 2.557576e-17 -1.305262e-01
    outer loop
      vertex   5.400000e+00 1.600000e+01 1.358369e-15
      vertex   5.400000e+00 1.700000e+01 1.554312e-15
      vertex   5.454519e+00 1.600000e+01 4.141105e-01
    endloop
  endfacet
  facet normal 9.914449e-01 -2.246155e-16 -1.305262e-01
    outer loop
      vertex   5.454519e+00 1.600000e+01 4.141105e-01
      vertex   5.400000e+00 1.700000e+01 1.554312e-15
      vertex   5.454519e+00 1.700000e+01 4.141105e-01
    endloop
  endfacet
  facet normal 9.238795e-01 -6.585393e-16 -3.826834e-01
    outer loop
      vertex   5.454519e+00 1.600000e+01 4.141105e-01
      vertex   5.454519e+00 1.700000e+01 4.141105e-01
      vertex   5.614359e+00 1.600000e+01 8.000000e-01
    endloop
  endfacet
  facet normal 9.238795e-01 -3.823776e-16 -3.826834e-01
    outer loop
      vertex   5.614359e+00 1.600000e+01 8.000000e-01
      vertex   5.454519e+00 1.700000e+01 4.141105e-01
      vertex   5.614359e+00 1.700000e+01 8.000000e-01
    endloop
  endfacet
  facet normal 7.933533e-01 -6.082750e-16 -6.087614e-01
    outer loop
      vertex   5.614359e+00 1.600000e+01 8.000000e-01
      vertex   5.614359e+00 1.700000e+01 8.000000e-01
      vertex   5.868629e+00 1.600000e+01 1.131371e+00
    endloop
  endfacet
  facet normal 7.933533e-01 2.991228e-16 -6.087614e-01
    outer loop
      vertex   5.868629e+00 1.600000e+01 1.131371e+00
      vertex   5.614359e+00 1.700000e+01 8.000000e-01
      vertex   5.868629e+00 1.700000e+01 1.131371e+00
    endloop
  endfacet
  facet normal 6.087614e-01 1.220928e-17 -7.933533e-01
    outer loop
      vertex   5.868629e+00 1.600000e+01 1.131371e+00
      vertex   5.868629e+00 1.700000e+01 1.131371e+00
      vertex   6.200000e+00 1.600000e+01 1.385641e+00
    endloop
  endfacet
  facet normal 6.087614e-01 1.220928e-17 -7.933533e-01
    outer loop
      vertex   6.200000e+00 1.600000e+01 1.385641e+00
      vertex   5.868629e+00 1.700000e+01 1.131371e+00
      vertex   6.200000e+00 1.700000e+01 1.385641e+00
    endloop
  endfacet
  facet normal 3.826834e-01 -2.755363e-16 -9.238795e-01
    outer loop
      vertex   6.200000e+00 1.600000e+01 1.385641e+00
      vertex   6.200000e+00 1.700000e+01 1.385641e+00
      vertex   6.585890e+00 1.600000e+01 1.545481e+00
    endloop
  endfacet
  facet normal 3.826834e-01 2.694975e-16 -9.238795e-01
    outer loop
      vertex   6.585890e+00 1.600000e+01 1.545481e+00
      vertex   6.200000e+00 1.700000e+01 1.385641e+00
      vertex   6.585890e+00 1.700000e+01 1.545481e+00
    endloop
  endfacet
  facet normal 1.305262e-01 -2.084289e-16 -9.914449e-01
    outer loop
      vertex   6.585890e+00 1.600000e+01 1.545481e+00
      vertex   6.585890e+00 1.700000e+01 1.545481e+00
      vertex   7.000000e+00 1.600000e+01 1.600000e+00
    endloop
  endfacet
  facet normal 1.305262e-01 0.000000e+00 -9.914449e-01
    outer loop
      vertex   7.000000e+00 1.600000e+01 1.600000e+00
      vertex   6.585890e+00 1.700000e+01 1.545481e+00
      vertex   7.000000e+00 1.700000e+01 1.600000e+00
    endloop
  endfacet
  facet normal -1.305262e-01 0.000000e+00 -9.914449e-01
    outer loop
      vertex   7.000000e+00 1.600000e+01 1.600000e+00
      vertex   7.000000e+00 1.700000e+01 1.600000e+00
      vertex   7.414110e+00 1.600000e+01 1.545481e+00
    endloop
  endfacet
  facet normal -1.305262e-01 3.243595e-16 -9.914449e-01
    outer loop
      vertex   7.414110e+00 1.600000e+01 1.545481e+00
      vertex   7.000000e+00 1.700000e+01 1.600000e+00
      vertex   7.414110e+00 1.700000e+01 1.545481e+00
    endloop
  endfacet
  facet normal -3.826834e-01 7.039378e-17 -9.238795e-01
    outer loop
      vertex   7.414110e+00 1.600000e+01 1.545481e+00
      vertex   7.414110e+00 1.700000e+01 1.545481e+00
      vertex   7.800000e+00 1.600000e+01 1.385641e+00
    endloop
  endfacet
  facet normal -3.826834e-01 6.858213e-16 -9.238795e-01
    outer loop
      vertex   7.800000e+00 1.600000e+01 1.385641e+00
      vertex   7.414110e+00 1.700000e+01 1.545481e+00
      vertex   7.800000e+00 1.700000e+01 1.385641e+00
    endloop
  endfacet
  facet normal -6.087614e-01 3.401105e-16 -7.933533e-01
    outer loop
      vertex   7.800000e+00 1.600000e+01 1.385641e+00
      vertex   7.800000e+00 1.700000e+01 1.385641e+00
      vertex   8.131371e+00 1.600000e+01 1.131371e+00
    endloop
  endfacet
  facet normal -6.087614e-01 5.284796e-16 -7.933533e-01
    outer loop
      vertex   8.131371e+00 1.600000e+01 1.131371e+00
      vertex   7.800000e+00 1.700000e+01 1.385641e+00
      vertex   8.131371e+00 1.700000e+01 1.131371e+00
    endloop
  endfacet
  facet normal -7.933533e-01 4.055167e-16 -6.087614e-01
    outer loop
      vertex   8.131371e+00 1.600000e+01 1.131371e+00
      vertex   8.131371e+00 1.700000e+01 1.131371e+00
      vertex   8.385641e+00 1.600000e+01 8.000000e-01
    endloop
  endfacet
  facet normal -7.933533e-01 6.082750e-16 -6.087614e-01
    outer loop
      vertex   8.385641e+00 1.600000e+01 8.000000e-01
      vertex   8.131371e+00 1.700000e+01 1.131371e+00
      vertex   8.385641e+00 1.700000e+01 8.000000e-01
    endloop
  endfacet
  facet normal -9.238795e-01 3.823776e-16 -3.826834e-01
    outer loop
      vertex   8.385641e+00 1.600000e+01 8.000000e-01
      vertex   8.385641e+00 1.700000e+01 8.000000e-01
      vertex   8.545481e+00 1.600000e+01 4.141105e-01
    endloop
  endfacet
  facet normal -9.238795e-01 6.797825e-16 -3.826834e-01
    outer loop
      vertex   8.545481e+00 1.600000e+01 4.141105e-01
      vertex   8.385641e+00 1.700000e+01 8.000000e-01
      vertex   8.545481e+00 1.700000e+01 4.141105e-01
    endloop
  endfacet
  facet normal -9.914449e-01 2.318611e-16 -1.305262e-01
    outer loop
      vertex   8.545481e+00 1.600000e+01 4.141105e-01
      vertex   8.545481e+00 1.700000e+01 4.141105e-01
      vertex   8.600000e+00 1.600000e+01 1.358369e-15
    endloop
  endfacet
  facet normal -9.914449e-01 0.000000e+00 -1.305262e-01
    outer loop
      vertex   8.600000e+00 1.600000e+01 1.358369e-15
      vertex   8.545481e+00 1.700000e+01 4.141105e-01
      vertex   8.600000e+00 1.700000e+01 1.358369e-15
    endloop
  endfacet
  facet normal -9.914449e-01 0.000000e+00 1.305262e-01
    outer loop
      vertex   8.600000e+00 1.600000e+01 1.358369e-15
      vertex   8.600000e+00 1.700000e+01 1.358369e-15
      vertex   8.545481e+00 1.600000e+01 -4.141105e-01
    endloop
  endfacet
  facet normal -9.914449e-01 0.000000e+00 1.305262e-01
    outer loop
      vertex   8.545481e+00 1.600000e+01 -4.141105e-01
      vertex   8.600000e+00 1.700000e+01 1.358369e-15
      vertex   8.545481e+00 1.700000e+01 -4.141105e-01
    endloop
  endfacet
  facet normal -9.238795e-01 0.000000e+00 3.826834e-01
    outer loop
      vertex   8.545481e+00 1.600000e+01 -4.141105e-01
      vertex   8.545481e+00 1.700000e+01 -4.141105e-01
      vertex   8.385641e+00 1.600000e+01 -8.000000e-01
    endloop
  endfacet
  facet normal -9.238795e-01 -2.549184e-16 3.826834e-01
    outer loop
      vertex   8.385641e+00 1.600000e+01 -8.000000e-01
      vertex   8.545481e+00 1.700000e+01 -4.141105e-01
      vertex   8.385641e+00 1.700000e+01 -8.000000e-01
    endloop
  endfacet
  facet normal -7.933533e-01 -4.055167e-16 6.087614e-01
    outer loop
      vertex   8.385641e+00 1.600000e+01 -8.000000e-01
      vertex   8.385641e+00 1.700000e+01 -8.000000e-01
      vertex   8.131371e+00 1.600000e+01 -1.131371e+00
    endloop
  endfacet
  facet normal -7.933533e-01 0.000000e+00 6.087614e-01
    outer loop
      vertex   8.131371e+00 1.600000e+01 -1.131371e+00
      vertex   8.385641e+00 1.700000e+01 -8.000000e-01
      vertex   8.131371e+00 1.700000e+01 -1.131371e+00
    endloop
  endfacet
  facet normal -6.087614e-01 0.000000e+00 7.933533e-01
    outer loop
      vertex   8.131371e+00 1.600000e+01 -1.131371e+00
      vertex   8.131371e+00 1.700000e+01 -1.131371e+00
      vertex   7.800000e+00 1.600000e+01 -1.385641e+00
    endloop
  endfacet
  facet normal -6.087614e-01 5.406889e-16 7.933533e-01
    outer loop
      vertex   7.800000e+00 1.600000e+01 -1.385641e+00
      vertex   8.131371e+00 1.700000e+01 -1.131371e+00
      vertex   7.800000e+00 1.700000e+01 -1.385641e+00
    endloop
  endfacet
  facet normal -3.826834e-01 3.398912e-16 9.238795e-01
    outer loop
      vertex   7.800000e+00 1.600000e+01 -1.385641e+00
      vertex   7.800000e+00 1.700000e+01 -1.385641e+00
      vertex   7.414110e+00 1.600000e+01 -1.545481e+00
    endloop
  endfacet
  facet normal -3.826834e-01 0.000000e+00 9.238795e-01
    outer loop
      vertex   7.414110e+00 1.600000e+01 -1.545481e+00
      vertex   7.800000e+00 1.700000e+01 -1.385641e+00
      vertex   7.414110e+00 1.700000e+01 -1.545481e+00
    endloop
  endfacet
  facet normal -1.305262e-01 0.000000e+00 9.914449e-01
    outer loop
      vertex   7.414110e+00 1.600000e+01 -1.545481e+00
      vertex   7.414110e+00 1.700000e+01 -1.545481e+00
      vertex   7.000000e+00 1.600000e+01 -1.600000e+00
    endloop
  endfacet
  facet normal -1.305262e-01 0.000000e+00 9.914449e-01
    outer loop
      vertex   7.000000e+00 1.600000e+01 -1.600000e+00
      vertex   7.414110e+00 1.700000e+01 -1.545481e+00
      vertex   7.000000e+00 1.700000e+01 -1.600000e+00
    endloop
  endfacet
  facet normal 1.305262e-01 -0.000000e+00 9.914449e-01
    outer loop
      vertex   7.000000e+00 1.600000e+01 -1.600000e+00
      vertex   7.000000e+00 1.700000e+01 -1.600000e+00
      vertex   6.585890e+00 1.600000e+01 -1.545481e+00
    endloop
  endfacet
  facet normal 1.305262e-01 -0.000000e+00 9.914449e-01
    outer loop
      vertex   6.585890e+00 1.600000e+01 -1.545481e+00
      vertex   7.000000e+00 1.700000e+01 -1.600000e+00
      vertex   6.585890e+00 1.700000e+01 -1.545481e+00
    endloop
  endfacet
  facet normal 3.826834e-01 -0.000000e+00 9.238795e-01
    outer loop
      vertex   6.585890e+00 1.600000e+01 -1.545481e+00
      vertex   6.585890e+00 1.700000e+01 -1.545481e+00
      vertex   6.200000e+00 1.600000e+01 -1.385641e+00
    endloop
  endfacet
  facet normal 3.826834e-01 -0.000000e+00 9.238795e-01
    outer loop
      vertex   6.200000e+00 1.600000e+01 -1.385641e+00
      vertex   6.585890e+00 1.700000e+01 -1.545481e+00
      vertex   6.200000e+00 1.700000e+01 -1.385641e+00
    endloop
  endfacet
  facet normal 6.087614e-01 -0.000000e+00 7.933533e-01
    outer loop
      vertex   6.200000e+00 1.600000e+01 -1.385641e+00
      vertex   6.200000e+00 1.700000e+01 -1.385641e+00
      vertex   5.868629e+00 1.600000e+01 -1.131371e+00
    endloop
  endfacet
  facet normal 6.087614e-01 -0.000000e+00 7.933533e-01
    outer loop
      vertex   5.868629e+00 1.600000e+01 -1.131371e+00
      vertex   6.200000e+00 1.700000e+01 -1.385641e+00
      vertex   5.868629e+00 1.700000e+01 -1.131371e+00
    endloop
  endfacet
  facet normal 7.933533e-01 -0.000000e+00 6.087614e-01
    outer loop
      vertex   5.868629e+00 1.600000e+01 -1.131371e+00
      vertex   5.868629e+00 1.700000e+01 -1.131371e+00
      vertex   5.614359e+00 1.600000e+01 -8.000000e-01
    endloop
  endfacet
  facet normal 7.933533e-01 2.703444e-16 6.087614e-01
    outer loop
      vertex   5.614359e+00 1.600000e+01 -8.000000e-01
      vertex   5.868629e+00 1.700000e+01 -1.131371e+00
      vertex   5.614359e+00 1.700000e+01 -8.000000e-01
    endloop
  endfacet
  facet normal 9.238795e-01 1.699456e-16 3.826834e-01
    outer loop
      vertex   5.614359e+00 1.600000e+01 -8.000000e-01
      vertex   5.614359e+00 1.700000e+01 -8.000000e-01
      vertex   5.454519e+00 1.600000e+01 -4.141105e-01
    endloop
  endfacet
  facet normal 9.238795e-01 2.124320e-17 3.826834e-01
    outer loop
      vertex   5.454519e+00 1.600000e+01 -4.141105e-01
      vertex   5.614359e+00 1.700000e+01 -8.000000e-01
      vertex   5.454519e+00 1.700000e+01 -4.141105e-01
    endloop
  endfacet
  facet normal 9.914449e-01 -2.201450e-16 1.305262e-01
    outer loop
      vertex   -1.545481e+00 1.600000e+01 6.585890e+00
      vertex   -1.545481e+00 1.700000e+01 6.585890e+00
      vertex   -1.600000e+00 1.600000e+01 7.000000e+00
    endloop
  endfacet
  facet normal 9.914449e-01 -0.000000e+00 1.305262e-01
    outer loop
      vertex   -1.600000e+00 1.600000e+01 7.000000e+00
      vertex   -1.545481e+00 1.700000e+01 6.585890e+00
      vertex   -1.600000e+00 1.700000e+01 7.000000e+00
    endloop
  endfacet
  facet normal 9.914449e-01 0.000000e+00 -1.305262e-01
    outer loop
      vertex   -1.600000e+00 1.600000e+01 7.000000e+00
      vertex   -1.600000e+00 1.700000e+01 7.000000e+00
      vertex   -1.545481e+00 1.600000e+01 7.414110e+00
    endloop
  endfacet
  facet normal 9.914449e-01 3.243595e-16 -1.305262e-01
    outer loop
      vertex   -1.545481e+00 1.600000e+01 7.414110e+00
      vertex   -1.600000e+00 1.700000e+01 7.000000e+00
      vertex   -1.545481e+00 1.700000e+01 7.414110e+00
    endloop
  endfacet
  facet normal 9.238795e-01 7.039378e-17 -3.826834e-01
    outer loop
      vertex   -1.545481e+00 1.600000e+01 7.414110e+00
      vertex   -1.545481e+00 1.700000e+01 7.414110e+00
      vertex   -1.385641e+00 1.600000e+01 7.800000e+00
    endloop
  endfacet
  facet normal 9.238795e-01 2.755363e-16 -3.826834e-01
    outer loop
      vertex   -1.385641e+00 1.600000e+01 7.800000e+00
      vertex   -1.545481e+00 1.700000e+01 7.414110e+00
      vertex   -1.385641e+00 1.700000e+01 7.800000e+00
    endloop
  endfacet
  facet normal 7.933533e-01 -1.220928e-17 -6.087614e-01
    outer loop
      vertex   -1.385641e+00 1.600000e+01 7.800000e+00
      vertex   -1.385641e+00 1.700000e+01 7.800000e+00
      vertex   -1.131371e+00 1.600000e+01 8.131371e+00
    endloop
  endfacet
  facet normal 7.933533e-01 5.284796e-16 -6.087614e-01
    outer loop
      vertex   -1.131371e+00 1.600000e+01 8.131371e+00
      vertex   -1.385641e+00 1.700000e+01 7.800000e+00
      vertex   -1.131371e+00 1.700000e+01 8.131371e+00
    endloop
  endfacet
  facet normal 6.087614e-01 4.055167e-16 -7.933533e-01
    outer loop
      vertex   -1.131371e+00 1.600000e+01 8.131371e+00
      vertex   -1.131371e+00 1.700000e+01 8.131371e+00
      vertex   -8.000000e-01 1.600000e+01 8.385641e+00
    endloop
  endfacet
  facet normal 6.087614e-01 1.013792e-15 -7.933533e-01
    outer loop
      vertex   -8.000000e-01 1.600000e+01 8.385641e+00
      vertex   -1.131371e+00 1.700000e+01 8.131371e+00
      vertex   -8.000000e-01 1.700000e+01 8.385641e+00
    endloop
  endfacet
  facet normal 3.826834e-01 6.372961e-16 -9.238795e-01
    outer loop
      vertex   -8.000000e-01 1.600000e+01 8.385641e+00
      vertex   -8.000000e-01 1.700000e+01 8.385641e+00
      vertex   -4.141105e-01 1.600000e+01 8.545481e+00
    endloop
  endfacet
  facet normal 3.826834e-01 7.010257e-16 -9.238795e-01
    outer loop
      vertex   -4.141105e-01 1.600000e+01 8.545481e+00
      vertex   -8.000000e-01 1.700000e+01 8.385641e+00
      vertex   -4.141105e-01 1.700000e+01 8.545481e+00
    endloop
  endfacet
  facet normal 1.305262e-01 2.391068e-16 -9.914449e-01
    outer loop
      vertex   -4.141105e-01 1.600000e+01 8.545481e+00
      vertex   -4.141105e-01 1.700000e+01 8.545481e+00
      vertex   -5.633375e-16 1.600000e+01 8.600000e+00
    endloop
  endfacet
  facet normal 1.305262e-01 5.115153e-17 -9.914449e-01
    outer loop
      vertex   -5.633375e-16 1.600000e+01 8.600000e+00
      vertex   -4.141105e-01 1.700000e+01 8.545481e+00
      vertex   -9.552245e-16 1.700000e+01 8.600000e+00
    endloop
  endfacet
  facet normal -1.305262e-01 -5.115153e-17 -9.914449e-01
    outer loop
      vertex   -5.633375e-16 1.600000e+01 8.600000e+00
      vertex   -9.552245e-16 1.700000e+01 8.600000e+00
      vertex   4.141105e-01 1.600000e+01 8.545481e+00
    endloop
  endfacet
  facet normal -1.305262e-01 -2.246155e-16 -9.914449e-01
    outer loop
      vertex   4.141105e-01 1.600000e+01 8.545481e+00
      vertex   -9.552245e-16 1.700000e+01 8.600000e+00
      vertex   4.141105e-01 1.700000e+01 8.545481e+00
    endloop
  endfacet
  facet normal -3.826834e-01 -6.585393e-16 -9.238795e-01
    outer loop
      vertex   4.141105e-01 1.600000e+01 8.545481e+00
      vertex   4.141105e-01 1.700000e+01 8.545481e+00
      vertex   8.000000e-01 1.600000e+01 8.385641e+00
    endloop
  endfacet
  facet normal -3.826834e-01 -5.948097e-16 -9.238795e-01
    outer loop
      vertex   8.000000e-01 1.600000e+01 8.385641e+00
      vertex   4.141105e-01 1.700000e+01 8.545481e+00
      vertex   8.000000e-01 1.700000e+01 8.385641e+00
    endloop
  endfacet
  facet normal -6.087614e-01 -9.462055e-16 -7.933533e-01
    outer loop
      vertex   8.000000e-01 1.600000e+01 8.385641e+00
      vertex   8.000000e-01 1.700000e+01 8.385641e+00
      vertex   1.131371e+00 1.600000e+01 8.131371e+00
    endloop
  endfacet
  facet normal -6.087614e-01 -4.055167e-16 -7.933533e-01
    outer loop
      vertex   1.131371e+00 1.600000e+01 8.131371e+00
      vertex   8.000000e-01 1.700000e+01 8.385641e+00
      vertex   1.131371e+00 1.700000e+01 8.131371e+00
    endloop
  endfacet
  facet normal -7.933533e-01 -5.284796e-16 -6.087614e-01
    outer loop
      vertex   1.131371e+00 1.600000e+01 8.131371e+00
      vertex   1.131371e+00 1.700000e+01 8.131371e+00
      vertex   1.385641e+00 1.600000e+01 7.800000e+00
    endloop
  endfacet
  facet normal -7.933533e-01 1.883691e-16 -6.087614e-01
    outer loop
      vertex   1.385641e+00 1.600000e+01 7.800000e+00
      vertex   1.131371e+00 1.700000e+01 8.131371e+00
      vertex   1.385641e+00 1.700000e+01 7.800000e+00
    endloop
  endfacet
  facet normal -9.238795e-01 -7.039378e-17 -3.826834e-01
    outer loop
      vertex   1.385641e+00 1.600000e+01 7.800000e+00
      vertex   1.385641e+00 1.700000e+01 7.800000e+00
      vertex   1.545481e+00 1.600000e+01 7.414110e+00
    endloop
  endfacet
  facet normal -9.238795e-01 -2.755363e-16 -3.826834e-01
    outer loop
      vertex   1.545481e+00 1.600000e+01 7.414110e+00
      vertex   1.385641e+00 1.700000e+01 7.800000e+00
      vertex   1.545481e+00 1.700000e+01 7.414110e+00
    endloop
  endfacet
  facet normal -9.914449e-01 -5.445045e-16 -1.305262e-01
    outer loop
      vertex   1.545481e+00 1.600000e+01 7.414110e+00
      vertex   1.545481e+00 1.700000e+01 7.414110e+00
      vertex   1.600000e+00 1.600000e+01 7.000000e+00
    endloop
  endfacet
  facet normal -9.914449e-01 2.201450e-16 -1.305262e-01
    outer loop
      vertex   1.600000e+00 1.600000e+01 7.000000e+00
      vertex   1.545481e+00 1.700000e+01 7.414110e+00
      vertex   1.600000e+00 1.700000e+01 7.000000e+00
    endloop
  endfacet
  facet normal -9.914449e-01 2.201450e-16 1.305262e-01
    outer loop
      vertex   1.600000e+00 1.600000e+01 7.000000e+00
      vertex   1.600000e+00 1.700000e+01 7.000000e+00
      vertex   1.545481e+00 1.600000e+01 6.585890e+00
    endloop
  endfacet
  facet normal -9.914449e-01 0.000000e+00 1.305262e-01
    outer loop
      vertex   1.545481e+00 1.600000e+01 6.585890e+00
      vertex   1.600000e+00 1.700000e+01 7.000000e+00
      vertex   1.545481e+00 1.700000e+01 6.585890e+00
    endloop
  endfacet
  facet normal -9.238795e-01 0.000000e+00 3.826834e-01
    outer loop
      vertex   1.545481e+00 1.600000e+01 6.585890e+00
      vertex   1.545481e+00 1.700000e+01 6.585890e+00
      vertex   1.385641e+00 1.600000e+01 6.200000e+00
    endloop
  endfacet
  facet normal -9.238795e-01 2.051425e-16 3.826834e-01
    outer loop
      vertex   1.385641e+00 1.600000e+01 6.200000e+00
      vertex   1.545481e+00 1.700000e+01 6.585890e+00
      vertex   1.385641e+00 1.700000e+01 6.200000e+00
    endloop
  endfacet
  facet normal -7.933533e-01 1.761599e-16 6.087614e-01
    outer loop
      vertex   1.385641e+00 1.600000e+01 6.200000e+00
      vertex   1.385641e+00 1.700000e+01 6.200000e+00
      vertex   1.131371e+00 1.600000e+01 5.868629e+00
    endloop
  endfacet
  facet normal -7.933533e-01 0.000000e+00 6.087614e-01
    outer loop
      vertex   1.131371e+00 1.600000e+01 5.868629e+00
      vertex   1.385641e+00 1.700000e+01 6.200000e+00
      vertex   1.131371e+00 1.700000e+01 5.868629e+00
    endloop
  endfacet
  facet normal -6.087614e-01 0.000000e+00 7.933533e-01
    outer loop
      vertex   1.131371e+00 1.600000e+01 5.868629e+00
      vertex   1.131371e+00 1.700000e+01 5.868629e+00
      vertex   8.000000e-01 1.600000e+01 5.614359e+00
    endloop
  endfacet
  facet normal -6.087614e-01 4.055167e-16 7.933533e-01
    outer loop
      vertex   8.000000e-01 1.600000e+01 5.614359e+00
      vertex   1.131371e+00 1.700000e+01 5.868629e+00
      vertex   8.000000e-01 1.700000e+01 5.614359e+00
    endloop
  endfacet
  facet normal -3.826834e-01 2.549184e-16 9.238795e-01
    outer loop
      vertex   8.000000e-01 1.600000e+01 5.614359e+00
      vertex   8.000000e-01 1.700000e+01 5.614359e+00
      vertex   4.141105e-01 1.600000e+01 5.454519e+00
    endloop
  endfacet
  facet normal -3.826834e-01 1.274592e-16 9.238795e-01
    outer loop
      vertex   4.141105e-01 1.600000e+01 5.454519e+00
      vertex   8.000000e-01 1.700000e+01 5.614359e+00
      vertex   4.141105e-01 1.700000e+01 5.454519e+00
    endloop
  endfacet
  facet normal -1.305262e-01 4.347396e-17 9.914449e-01
    outer loop
      vertex   4.141105e-01 1.600000e+01 5.454519e+00
      vertex   4.141105e-01 1.700000e+01 5.454519e+00
      vertex   -9.552245e-16 1.600000e+01 5.400000e+00
    endloop
  endfacet
  facet normal -1.305262e-01 0.000000e+00 9.914449e-01
    outer loop
      vertex   -9.552245e-16 1.600000e+01 5.400000e+00
      vertex   4.141105e-01 1.700000e+01 5.454519e+00
      vertex   -9.552245e-16 1.700000e+01 5.400000e+00
    endloop
  endfacet
  facet normal 1.305262e-01 -0.000000e+00 9.914449e-01
    outer loop
      vertex   -9.552245e-16 1.600000e+01 5.400000e+00
      vertex   -9.552245e-16 1.700000e+01 5.400000e+00
      vertex   -4.141105e-01 1.600000e+01 5.454519e+00
    endloop
  endfacet
  facet normal 1.305262e-01 1.717686e-15 9.914449e-01
    outer loop
      vertex   -4.141105e-01 1.600000e+01 5.454519e+00
      vertex   -9.552245e-16 1.700000e+01 5.400000e+00
      vertex   -4.141105e-01 1.700000e+01 5.454519e+00
    endloop
  endfacet
  facet normal 3.826834e-01 1.513681e-15 9.238795e-01
    outer loop
      vertex   -4.141105e-01 1.600000e+01 5.454519e+00
      vertex   -4.141105e-01 1.700000e+01 5.454519e+00
      vertex   -8.000000e-01 1.600000e+01 5.614359e+00
    endloop
  endfacet
  facet normal 3.826834e-01 -8.497281e-17 9.238795e-01
    outer loop
      vertex   -8.000000e-01 1.600000e+01 5.614359e+00
      vertex   -4.141105e-01 1.700000e+01 5.454519e+00
      vertex   -8.000000e-01 1.700000e+01 5.614359e+00
    endloop
  endfacet
  facet normal 6.087614e-01 -1.351722e-16 7.933533e-01
    outer loop
      vertex   -8.000000e-01 1.600000e+01 5.614359e+00
      vertex   -8.000000e-01 1.700000e+01 5.614359e+00
      vertex   -1.131371e+00 1.600000e+01 5.868629e+00
    endloop
  endfacet
  facet normal 6.087614e-01 -0.000000e+00 7.933533e-01
    outer loop
      vertex   -1.131371e+00 1.600000e+01 5.868629e+00
      vertex   -8.000000e-01 1.700000e+01 5.614359e+00
      vertex   -1.131371e+00 1.700000e+01 5.868629e+00
    endloop
  endfacet
  facet normal 7.933533e-01 -0.000000e+00 6.087614e-01
    outer loop
      vertex   -1.131371e+00 1.600000e+01 5.868629e+00
      vertex   -1.131371e+00 1.700000e+01 5.868629e+00
      vertex   -1.385641e+00 1.600000e+01 6.200000e+00
    endloop
  endfacet
  facet normal 7.933533e-01 -3.523197e-16 6.087614e-01
    outer loop
      vertex   -1.385641e+00 1.600000e+01 6.200000e+00
      vertex   -1.131371e+00 1.700000e+01 5.868629e+00
      vertex   -1.385641e+00 1.700000e+01 6.200000e+00
    endloop
  endfacet
  facet normal 9.238795e-01 -4.102850e-16 3.826834e-01
    outer loop
      vertex   -1.385641e+00 1.600000e+01 6.200000e+00
      vertex   -1.385641e+00 1.700000e+01 6.200000e+00
      vertex   -1.545481e+00 1.600000e+01 6.585890e+00
    endloop
  endfacet
  facet normal 9.238795e-01 -2.051425e-16 3.826834e-01
    outer loop
      vertex   -1.545481e+00 1.600000e+01 6.585890e+00
      vertex   -1.385641e+00 1.700000e+01 6.200000e+00
      vertex   -1.545481e+00 1.700000e+01 6.585890e+00
    endloop
  endfacet
  facet normal 0.000000e+00 1.000000e+00 0.000000e+00
    outer loop
      vertex   1.931852e+00 5.000000e+00 -5.176381e-01
      vertex   2.000000e+00 5.000000e+00 2.449294e-16
      vertex   4.300000e+00 5.000000e+00 1.554312e-15
    endloop
  endfacet
  facet normal 0.000000e+00 1.000000e+00 0.000000e+00
    outer loop
      vertex   4.300000e+00 5.000000e+00 1.554312e-15
      vertex   2.000000e+00 5.000000e+00 2.449294e-16
      vertex   1.931852e+00 5.000000e+00 5.176381e-01
    endloop
  endfacet
  facet normal 0.000000e+00 1.000000e+00 -0.000000e+00
    outer loop
      vertex   4.300000e+00 5.000000e+00 1.554312e-15
      vertex   1.931852e+00 5.000000e+00 5.176381e-01
      vertex   4.392000e+00 5.000000e+00 6.988114e-01
    endloop
  endfacet
  facet normal 0.000000e+00 1.000000e+00 0.000000e+00
    outer loop
      vertex   4.392000e+00 5.000000e+00 6.988114e-01
      vertex   1.931852e+00 5.000000e+00 5.176381e-01
      vertex   1.732051e+00 5.000000e+00 1.000000e+00
    endloop
  endfacet
  facet normal 0.000000e+00 1.000000e+00 -0.000000e+00
    outer loop
      vertex   4.392000e+00 5.000000e+00 6.988114e-01
      vertex   1.732051e+00 5.000000e+00 1.000000e+00
      vertex   4.661731e+00 5.000000e+00 1.350000e+00
    endloop
  endfacet
  facet normal 0.000000e+00 1.000000e+00 0.000000e+00
    outer loop
      vertex   4.661731e+00 5.000000e+00 1.350000e+00
      vertex   1.732051e+00 5.000000e+00 1.000000e+00
      vertex   1.414214e+00 5.000000e+00 1.414214e+00
    endloop
  endfacet
  facet normal 0.000000e+00 1.000000e+00 -0.000000e+00
    outer loop
      vertex   4.661731e+00 5.000000e+00 1.350000e+00
      vertex   1.414214e+00 5.000000e+00 1.414214e+00
      vertex   5.090812e+00 5.000000e+00 1.909188e+00
    endloop
  endfacet
  facet normal 0.000000e+00 1.000000e+00 0.000000e+00
    outer loop
      vertex   5.090812e+00 5.000000e+00 1.909188e+00
      vertex   1.414214e+00 5.000000e+00 1.414214e+00
      vertex   1.350000e+00 5.000000e+00 4.661731e+00
    endloop
  endfacet
  facet normal 0.000000e+00 1.000000e+00 0.000000e+00
    outer loop
      vertex   5.090812e+00 5.000000e+00 1.909188e+00
      vertex   1.350000e+00 5.000000e+00 4.661731e+00
      vertex   1.909188e+00 5.000000e+00 5.090812e+00
    endloop
  endfacet
  facet normal 0.000000e+00 1.000000e+00 0.000000e+00
    outer loop
      vertex   1.414214e+00 5.000000e+00 1.414214e+00
      vertex   1.000000e+00 5.000000e+00 1.732051e+00
      vertex   1.350000e+00 5.000000e+00 4.661731e+00
    endloop
  endfacet
  facet normal 0.000000e+00 1.000000e+00 0.000000e+00
    outer loop
      vertex   1.350000e+00 5.000000e+00 4.661731e+00
      vertex   1.000000e+00 5.000000e+00 1.732051e+00
      vertex   6.988114e-01 5.000000e+00 4.392000e+00
    endloop
  endfacet
  facet normal 0.000000e+00 1.000000e+00 0.000000e+00
    outer loop
      vertex   6.988114e-01 5.000000e+00 4.392000e+00
      vertex   1.000000e+00 5.000000e+00 1.732051e+00
      vertex   5.176381e-01 5.000000e+00 1.931852e+00
    endloop
  endfacet
  facet normal 0.000000e+00 1.000000e+00 0.000000e+00
    outer loop
      vertex   6.988114e-01 5.000000e+00 4.392000e+00
      vertex   5.176381e-01 5.000000e+00 1.931852e+00
      vertex   -1.022580e-15 5.000000e+00 4.300000e+00
    endloop
  endfacet
  facet normal 0.000000e+00 1.000000e+00 0.000000e+00
    outer loop
      vertex   -1.022580e-15 5.000000e+00 4.300000e+00
      vertex   5.176381e-01 5.000000e+00 1.931852e+00
      vertex   -1.224647e-16 5.000000e+00 2.000000e+00
    endloop
  endfacet
  facet normal 0.000000e+00 1.000000e+00 0.000000e+00
    outer loop
      vertex   -1.022580e-15 5.000000e+00 4.300000e+00
      vertex   -1.224647e-16 5.000000e+00 2.000000e+00
      vertex   -5.176381e-01 5.000000e+00 1.931852e+00
    endloop
  endfacet
  facet normal 0.000000e+00 1.000000e+00 0.000000e+00
    outer loop
      vertex   -1.022580e-15 5.000000e+00 4.300000e+00
      vertex   -5.176381e-01 5.000000e+00 1.931852e+00
      vertex   -6.988114e-01 5.000000e+00 4.392000e+00
    endloop
  endfacet
  facet normal 0.000000e+00 1.000000e+00 0.000000e+00
    outer loop
      vertex   -6.988114e-01 5.000000e+00 4.392000e+00
      vertex   -5.176381e-01 5.000000e+00 1.931852e+00
      vertex   -1.000000e+00 5.000000e+00 1.732051e+00
    endloop
  endfacet
  facet normal 0.000000e+00 1.000000e+00 0.000000e+00
    outer loop
      vertex   -6.988114e-01 5.000000e+00 4.392000e+00
      vertex   -1.000000e+00 5.000000e+00 1.732051e+00
      vertex   -1.350000e+00 5.000000e+00 4.661731e+00
    endloop
  endfacet
  facet normal 0.000000e+00 1.000000e+00 0.000000e+00
    outer loop
      vertex   -1.350000e+00 5.000000e+00 4.661731e+00
      vertex   -1.000000e+00 5.000000e+00 1.732051e+00
      vertex   -1.414214e+00 5.000000e+00 1.414214e+00
    endloop
  endfacet
  facet normal 0.000000e+00 1.000000e+00 0.000000e+00
    outer loop
      vertex   -1.350000e+00 5.000000e+00 4.661731e+00
      vertex   -1.414214e+00 5.000000e+00 1.414214e+00
      vertex   -5.090812e+00 5.000000e+00 1.909188e+00
    endloop
  endfacet
  facet normal 0.000000e+00 1.000000e+00 0.000000e+00
    outer loop
      vertex   -5.090812e+00 5.000000e+00 1.909188e+00
      vertex   -1.414214e+00 5.000000e+00 1.414214e+00
      vertex   -4.661731e+00 5.000000e+00 1.350000e+00
    endloop
  endfacet
  facet normal -0.000000e+00 1.000000e+00 0.000000e+00
    outer loop
      vertex   -4.661731e+00 5.000000e+00 1.350000e+00
      vertex   -1.414214e+00 5.000000e+00 1.414214e+00
      vertex   -1.732051e+00 5.000000e+00 1.000000e+00
    endloop
  endfacet
  facet normal 0.000000e+00 1.000000e+00 0.000000e+00
    outer loop
      vertex   -4.661731e+00 5.000000e+00 1.350000e+00
      vertex   -1.732051e+00 5.000000e+00 1.000000e+00
      vertex   -4.392000e+00 5.000000e+00 6.988114e-01
    endloop
  endfacet
  facet normal -0.000000e+00 1.000000e+00 0.000000e+00
    outer loop
      vertex   -4.392000e+00 5.000000e+00 6.988114e-01
      vertex   -1.732051e+00 5.000000e+00 1.000000e+00
      vertex   -1.931852e+00 5.000000e+00 5.176381e-01
    endloop
  endfacet
  facet normal 0.000000e+00 1.000000e+00 0.000000e+00
    outer loop
      vertex   -4.392000e+00 5.000000e+00 6.988114e-01
      vertex   -1.931852e+00 5.000000e+00 5.176381e-01
      vertex   -4.300000e+00 5.000000e+00 -1.884967e-15
    endloop
  endfacet
  facet normal 0.000000e+00 1.000000e+00 0.000000e+00
    outer loop
      vertex   -4.300000e+00 5.000000e+00 -1.884967e-15
      vertex   -1.931852e+00 5.000000e+00 5.176381e-01
      vertex   -2.000000e+00 5.000000e+00 0.000000e+00
    endloop
  endfacet
  facet normal -0.000000e+00 1.000000e+00 0.000000e+00
    outer loop
      vertex   -4.300000e+00 5.000000e+00 -1.884967e-15
      vertex   -2.000000e+00 5.000000e+00 0.000000e+00
      vertex   -1.931852e+00 5.000000e+00 -5.176381e-01
    endloop
  endfacet
  facet normal 0.000000e+00 1.000000e+00 0.000000e+00
    outer loop
      vertex   -4.300000e+00 5.000000e+00 -1.884967e-15
      vertex   -1.931852e+00 5.000000e+00 -5.176381e-01
      vertex   -4.392000e+00 5.000000e+00 -6.988114e-01
    endloop
  endfacet
  facet normal -0.000000e+00 1.000000e+00 0.000000e+00
    outer loop
      vertex   -4.392000e+00 5.000000e+00 -6.988114e-01
      vertex   -1.931852e+00 5.000000e+00 -5.176381e-01
      vertex   -1.732051e+00 5.000000e+00 -1.000000e+00
    endloop
  endfacet
  facet normal 0.000000e+00 1.000000e+00 0.000000e+00
    outer loop
      vertex   -4.392000e+00 5.000000e+00 -6.988114e-01
      vertex   -1.732051e+00 5.000000e+00 -1.000000e+00
      vertex   -4.661731e+00 5.000000e+00 -1.350000e+00
    endloop
  endfacet
  facet normal -0.000000e+00 1.000000e+00 0.000000e+00
    outer loop
      vertex   -4.661731e+00 5.000000e+00 -1.350000e+00
      vertex   -1.732051e+00 5.000000e+00 -1.000000e+00
      vertex   -1.414214e+00 5.000000e+00 -1.414214e+00
    endloop
  endfacet
  facet normal 0.000000e+00 1.000000e+00 0.000000e+00
    outer loop
      vertex   -4.661731e+00 5.000000e+00 -1.350000e+00
      vertex   -1.414214e+00 5.000000e+00 -1.414214e+00
      vertex   -5.090812e+00 5.000000e+00 -1.909188e+00
    endloop
  endfacet
  facet normal -0.000000e+00 1.000000e+00 0.000000e+00
    outer loop
      vertex   -5.090812e+00 5.000000e+00 -1.909188e+00
      vertex   -1.414214e+00 5.000000e+00 -1.414214e+00
      vertex   -1.350000e+00 5.000000e+00 -4.661731e+00
    endloop
  endfacet
  facet normal 0.000000e+00 1.000000e+00 0.000000e+00
    outer loop
      vertex   -5.090812e+00 5.000000e+00 -1.909188e+00
      vertex   -1.350000e+00 5.000000e+00 -4.661731e+00
      vertex   -1.909188e+00 5.000000e+00 -5.090812e+00
    endloop
  endfacet
  facet normal 0.000000e+00 1.000000e+00 0.000000e+00
    outer loop
      vertex   -1.414214e+00 5.000000e+00 -1.414214e+00
      vertex   -1.000000e+00 5.000000e+00 -1.732051e+00
      vertex   -1.350000e+00 5.000000e+00 -4.661731e+00
    endloop
  endfacet
  facet normal 0.000000e+00 1.000000e+00 0.000000e+00
    outer loop
      vertex   -1.350000e+00 5.000000e+00 -4.661731e+00
      vertex   -1.000000e+00 5.000000e+00 -1.732051e+00
      vertex   -6.988114e-01 5.000000e+00 -4.392000e+00
    endloop
  endfacet
  facet normal 0.000000e+00 1.000000e+00 -0.000000e+00
    outer loop
      vertex   -6.988114e-01 5.000000e+00 -4.392000e+00
      vertex   -1.000000e+00 5.000000e+00 -1.732051e+00
      vertex   -5.176381e-01 5.000000e+00 -1.931852e+00
    endloop
  endfacet
  facet normal 0.000000e+00 1.000000e+00 0.000000e+00
    outer loop
      vertex   -6.988114e-01 5.000000e+00 -4.392000e+00
      vertex   -5.176381e-01 5.000000e+00 -1.931852e+00
      vertex   -1.653273e-16 5.000000e+00 -4.300000e+00
    endloop
  endfacet
  facet normal 0.000000e+00 1.000000e+00 -0.000000e+00
    outer loop
      vertex   -1.653273e-16 5.000000e+00 -4.300000e+00
      vertex   -5.176381e-01 5.000000e+00 -1.931852e+00
      vertex   -1.224647e-16 5.000000e+00 -2.000000e+00
    endloop
  endfacet
  facet normal 0.000000e+00 1.000000e+00 0.000000e+00
    outer loop
      vertex   -1.653273e-16 5.000000e+00 -4.300000e+00
      vertex   -1.224647e-16 5.000000e+00 -2.000000e+00
      vertex   5.176381e-01 5.000000e+00 -1.931852e+00
    endloop
  endfacet
  facet normal -0.000000e+00 1.000000e+00 0.000000e+00
    outer loop
      vertex   -1.653273e-16 5.000000e+00 -4.300000e+00
      vertex   5.176381e-01 5.000000e+00 -1.931852e+00
      vertex   6.988114e-01 5.000000e+00 -4.392000e+00
    endloop
  endfacet
  facet normal 0.000000e+00 1.000000e+00 -0.000000e+00
    outer loop
      vertex   6.988114e-01 5.000000e+00 -4.392000e+00
      vertex   5.176381e-01 5.000000e+00 -1.931852e+00
      vertex   1.000000e+00 5.000000e+00 -1.732051e+00
    endloop
  endfacet
  facet normal -0.000000e+00 1.000000e+00 0.000000e+00
    outer loop
      vertex   6.988114e-01 5.000000e+00 -4.392000e+00
      vertex   1.000000e+00 5.000000e+00 -1.732051e+00
      vertex   1.350000e+00 5.000000e+00 -4.661731e+00
    endloop
  endfacet
  facet normal 0.000000e+00 1.000000e+00 -0.000000e+00
    outer loop
      vertex   1.350000e+00 5.000000e+00 -4.661731e+00
      vertex   1.000000e+00 5.000000e+00 -1.732051e+00
      vertex   1.414214e+00 5.000000e+00 -1.414214e+00
    endloop
  endfacet
  facet normal 0.000000e+00 1.000000e+00 0.000000e+00
    outer loop
      vertex   1.350000e+00 5.000000e+00 -4.661731e+00
      vertex   1.414214e+00 5.000000e+00 -1.414214e+00
      vertex   5.090812e+00 5.000000e+00 -1.909188e+00
    endloop
  endfacet
  facet normal 0.000000e+00 1.000000e+00 0.000000e+00
    outer loop
      vertex   5.090812e+00 5.000000e+00 -1.909188e+00
      vertex   1.414214e+00 5.000000e+00 -1.414214e+00
      vertex   4.661731e+00 5.000000e+00 -1.350000e+00
    endloop
  endfacet
  facet normal 0.000000e+00 1.000000e+00 0.000000e+00
    outer loop
      vertex   4.661731e+00 5.000000e+00 -1.350000e+00
      vertex   1.414214e+00 5.000000e+00 -1.414214e+00
      vertex   1.732051e+00 5.000000e+00 -1.000000e+00
    endloop
  endfacet
  facet normal 0.000000e+00 1.000000e+00 0.000000e+00
    outer loop
      vertex   4.661731e+00 5.000000e+00 -1.350000e+00
      vertex   1.732051e+00 5.000000e+00 -1.000000e+00
      vertex   4.392000e+00 5.000000e+00 -6.988114e-01
    endloop
  endfacet
  facet normal 0.000000e+00 1.000000e+00 0.000000e+00
    outer loop
      vertex   4.392000e+00 5.000000e+00 -6.988114e-01
      vertex   1.732051e+00 5.000000e+00 -1.000000e+00
      vertex   1.931852e+00 5.000000e+00 -5.176381e-01
    endloop
  endfacet
  facet normal 0.000000e+00 1.000000e+00 0.000000e+00
    outer loop
      vertex   4.392000e+00 5.000000e+00 -6.988114e-01
      vertex   1.931852e+00 5.000000e+00 -5.176381e-01
      vertex   4.300000e+00 5.000000e+00 1.554312e-15
    endloop
  endfacet
  facet normal 0.000000e+00 1.000000e+00 0.000000e+00
    outer loop
      vertex   1.566314e+00 5.000000e+00 1.189734e+01
      vertex   6.988114e-01 5.000000e+00 9.608000e+00
      vertex   0.000000e+00 5.000000e+00 1.200000e+01
    endloop
  endfacet
  facet normal 0.000000e+00 1.000000e+00 0.000000e+00
    outer loop
      vertex   0.000000e+00 5.000000e+00 1.200000e+01
      vertex   6.988114e-01 5.000000e+00 9.608000e+00
      vertex   -1.022580e-15 5.000000e+00 9.700000e+00
    endloop
  endfacet
  facet normal 0.000000e+00 1.000000e+00 0.000000e+00
    outer loop
      vertex   0.000000e+00 5.000000e+00 1.200000e+01
      vertex   -1.022580e-15 5.000000e+00 9.700000e+00
      vertex   -6.988114e-01 5.000000e+00 9.608000e+00
    endloop
  endfacet
  facet normal -0.000000e+00 1.000000e+00 0.000000e+00
    outer loop
      vertex   6.988114e-01 5.000000e+00 9.608000e+00
      vertex   1.566314e+00 5.000000e+00 1.189734e+01
      vertex   1.350000e+00 5.000000e+00 9.338269e+00
    endloop
  endfacet
  facet normal 0.000000e+00 1.000000e+00 0.000000e+00
    outer loop
      vertex   1.350000e+00 5.000000e+00 9.338269e+00
      vertex   1.566314e+00 5.000000e+00 1.189734e+01
      vertex   3.105829e+00 5.000000e+00 1.159111e+01
    endloop
  endfacet
  facet normal -0.000000e+00 1.000000e+00 0.000000e+00
    outer loop
      vertex   1.350000e+00 5.000000e+00 9.338269e+00
      vertex   3.105829e+00 5.000000e+00 1.159111e+01
      vertex   1.909188e+00 5.000000e+00 8.909188e+00
    endloop
  endfacet
  facet normal 0.000000e+00 1.000000e+00 0.000000e+00
    outer loop
      vertex   1.909188e+00 5.000000e+00 8.909188e+00
      vertex   3.105829e+00 5.000000e+00 1.159111e+01
      vertex   4.592201e+00 5.000000e+00 1.108655e+01
    endloop
  endfacet
  facet normal -0.000000e+00 1.000000e+00 0.000000e+00
    outer loop
      vertex   1.909188e+00 5.000000e+00 8.909188e+00
      vertex   4.592201e+00 5.000000e+00 1.108655e+01
      vertex   2.338269e+00 5.000000e+00 8.350000e+00
    endloop
  endfacet
  facet normal 0.000000e+00 1.000000e+00 0.000000e+00
    outer loop
      vertex   2.338269e+00 5.000000e+00 8.350000e+00
      vertex   4.592201e+00 5.000000e+00 1.108655e+01
      vertex   6.000000e+00 5.000000e+00 1.039230e+01
    endloop
  endfacet
  facet normal -0.000000e+00 1.000000e+00 0.000000e+00
    outer loop
      vertex   2.338269e+00 5.000000e+00 8.350000e+00
      vertex   6.000000e+00 5.000000e+00 1.039230e+01
      vertex   2.608000e+00 5.000000e+00 7.698811e+00
    endloop
  endfacet
  facet normal 0.000000e+00 1.000000e+00 0.000000e+00
    outer loop
      vertex   2.608000e+00 5.000000e+00 7.698811e+00
      vertex   6.000000e+00 5.000000e+00 1.039230e+01
      vertex   7.305137e+00 5.000000e+00 9.520240e+00
    endloop
  endfacet
  facet normal -0.000000e+00 1.000000e+00 0.000000e+00
    outer loop
      vertex   2.608000e+00 5.000000e+00 7.698811e+00
      vertex   7.305137e+00 5.000000e+00 9.520240e+00
      vertex   2.700000e+00 5.000000e+00 7.000000e+00
    endloop
  endfacet
  facet normal 0.000000e+00 1.000000e+00 0.000000e+00
    outer loop
      vertex   2.700000e+00 5.000000e+00 7.000000e+00
      vertex   7.305137e+00 5.000000e+00 9.520240e+00
      vertex   8.485281e+00 5.000000e+00 8.485281e+00
    endloop
  endfacet
  facet normal -0.000000e+00 1.000000e+00 0.000000e+00
    outer loop
      vertex   2.700000e+00 5.000000e+00 7.000000e+00
      vertex   8.485281e+00 5.000000e+00 8.485281e+00
      vertex   2.608000e+00 5.000000e+00 6.301189e+00
    endloop
  endfacet
  facet normal -0.000000e+00 1.000000e+00 0.000000e+00
    outer loop
      vertex   2.608000e+00 5.000000e+00 6.301189e+00
      vertex   8.485281e+00 5.000000e+00 8.485281e+00
      vertex   6.301189e+00 5.000000e+00 2.608000e+00
    endloop
  endfacet
  facet normal 0.000000e+00 1.000000e+00 0.000000e+00
    outer loop
      vertex   2.608000e+00 5.000000e+00 6.301189e+00
      vertex   6.301189e+00 5.000000e+00 2.608000e+00
      vertex   2.338269e+00 5.000000e+00 5.650000e+00
    endloop
  endfacet
  facet normal 0.000000e+00 1.000000e+00 0.000000e+00
    outer loop
      vertex   2.338269e+00 5.000000e+00 5.650000e+00
      vertex   6.301189e+00 5.000000e+00 2.608000e+00
      vertex   5.650000e+00 5.000000e+00 2.338269e+00
    endloop
  endfacet
  facet normal 0.000000e+00 1.000000e+00 0.000000e+00
    outer loop
      vertex   2.338269e+00 5.000000e+00 5.650000e+00
      vertex   5.650000e+00 5.000000e+00 2.338269e+00
      vertex   1.909188e+00 5.000000e+00 5.090812e+00
    endloop
  endfacet
  facet normal 0.000000e+00 1.000000e+00 0.000000e+00
    outer loop
      vertex   1.909188e+00 5.000000e+00 5.090812e+00
      vertex   5.650000e+00 5.000000e+00 2.338269e+00
      vertex   5.090812e+00 5.000000e+00 1.909188e+00
    endloop
  endfacet
  facet normal 0.000000e+00 1.000000e+00 0.000000e+00
    outer loop
      vertex   6.301189e+00 5.000000e+00 2.608000e+00
      vertex   8.485281e+00 5.000000e+00 8.485281e+00
      vertex   7.000000e+00 5.000000e+00 2.700000e+00
    endloop
  endfacet
  facet normal 0.000000e+00 1.000000e+00 0.000000e+00
    outer loop
      vertex   7.000000e+00 5.000000e+00 2.700000e+00
      vertex   8.485281e+00 5.000000e+00 8.485281e+00
      vertex   9.520240e+00 5.000000e+00 7.305137e+00
    endloop
  endfacet
  facet normal -0.000000e+00 1.000000e+00 0.000000e+00
    outer loop
      vertex   7.000000e+00 5.000000e+00 2.700000e+00
      vertex   9.520240e+00 5.000000e+00 7.305137e+00
      vertex   7.698811e+00 5.000000e+00 2.608000e+00
    endloop
  endfacet
  facet normal 0.000000e+00 1.000000e+00 0.000000e+00
    outer loop
      vertex   7.698811e+00 5.000000e+00 2.608000e+00
      vertex   9.520240e+00 5.000000e+00 7.305137e+00
      vertex   1.039230e+01 5.000000e+00 6.000000e+00
    endloop
  endfacet
  facet normal 0.000000e+00 1.000000e+00 0.000000e+00
    outer loop
      vertex   7.698811e+00 5.000000e+00 2.608000e+00
      vertex   1.039230e+01 5.000000e+00 6.000000e+00
      vertex   1.108655e+01 5.000000e+00 4.592201e+00
    endloop
  endfacet
  facet normal 0.000000e+00 1.000000e+00 0.000000e+00
    outer loop
      vertex   1.159111e+01 5.000000e+00 3.105829e+00
      vertex   8.909188e+00 5.000000e+00 1.909188e+00
      vertex   1.108655e+01 5.000000e+00 4.592201e+00
    endloop
  endfacet
  facet normal 0.000000e+00 1.000000e+00 0.000000e+00
    outer loop
      vertex   1.108655e+01 5.000000e+00 4.592201e+00
      vertex   8.909188e+00 5.000000e+00 1.909188e+00
      vertex   8.350000e+00 5.000000e+00 2.338269e+00
    endloop
  endfacet
  facet normal 0.000000e+00 1.000000e+00 0.000000e+00
    outer loop
      vertex   1.108655e+01 5.000000e+00 4.592201e+00
      vertex   8.350000e+00 5.000000e+00 2.338269e+00
      vertex   7.698811e+00 5.000000e+00 2.608000e+00
    endloop
  endfacet
  facet normal -0.000000e+00 1.000000e+00 0.000000e+00
    outer loop
      vertex   8.909188e+00 5.000000e+00 1.909188e+00
      vertex   1.159111e+01 5.000000e+00 3.105829e+00
      vertex   9.338269e+00 5.000000e+00 1.350000e+00
    endloop
  endfacet
  facet normal 0.000000e+00 1.000000e+00 0.000000e+00
    outer loop
      vertex   9.338269e+00 5.000000e+00 1.350000e+00
      vertex   1.159111e+01 5.000000e+00 3.105829e+00
      vertex   1.189734e+01 5.000000e+00 1.566314e+00
    endloop
  endfacet
  facet normal -0.000000e+00 1.000000e+00 0.000000e+00
    outer loop
      vertex   9.338269e+00 5.000000e+00 1.350000e+00
      vertex   1.189734e+01 5.000000e+00 1.566314e+00
      vertex   9.608000e+00 5.000000e+00 6.988114e-01
    endloop
  endfacet
  facet normal -0.000000e+00 1.000000e+00 0.000000e+00
    outer loop
      vertex   9.608000e+00 5.000000e+00 6.988114e-01
      vertex   1.189734e+01 5.000000e+00 1.566314e+00
      vertex   1.200000e+01 5.000000e+00 0.000000e+00
    endloop
  endfacet
  facet normal 0.000000e+00 1.000000e+00 0.000000e+00
    outer loop
      vertex   9.608000e+00 5.000000e+00 6.988114e-01
      vertex   1.200000e+01 5.000000e+00 0.000000e+00
      vertex   9.700000e+00 5.000000e+00 1.223658e-15
    endloop
  endfacet
  facet normal 0.000000e+00 1.000000e+00 0.000000e+00
    outer loop
      vertex   9.700000e+00 5.000000e+00 1.223658e-15
      vertex   1.200000e+01 5.000000e+00 0.000000e+00
      vertex   9.608000e+00 5.000000e+00 -6.988114e-01
    endloop
  endfacet
  facet normal -0.000000e+00 1.000000e+00 0.000000e+00
    outer loop
      vertex   9.608000e+00 5.000000e+00 -6.988114e-01
      vertex   1.200000e+01 5.000000e+00 0.000000e+00
      vertex   1.189734e+01 5.000000e+00 -1.566314e+00
    endloop
  endfacet
  facet normal 0.000000e+00 1.000000e+00 0.000000e+00
    outer loop
      vertex   9.608000e+00 5.000000e+00 -6.988114e-01
      vertex   1.189734e+01 5.000000e+00 -1.566314e+00
      vertex   9.338269e+00 5.000000e+00 -1.350000e+00
    endloop
  endfacet
  facet normal 0.000000e+00 1.000000e+00 0.000000e+00
    outer loop
      vertex   9.338269e+00 5.000000e+00 -1.350000e+00
      vertex   1.189734e+01 5.000000e+00 -1.566314e+00
      vertex   1.159111e+01 5.000000e+00 -3.105829e+00
    endloop
  endfacet
  facet normal 0.000000e+00 1.000000e+00 0.000000e+00
    outer loop
      vertex   9.338269e+00 5.000000e+00 -1.350000e+00
      vertex   1.159111e+01 5.000000e+00 -3.105829e+00
      vertex   8.909188e+00 5.000000e+00 -1.909188e+00
    endloop
  endfacet
  facet normal 0.000000e+00 1.000000e+00 0.000000e+00
    outer loop
      vertex   8.909188e+00 5.000000e+00 -1.909188e+00
      vertex   1.159111e+01 5.000000e+00 -3.105829e+00
      vertex   1.108655e+01 5.000000e+00 -4.592201e+00
    endloop
  endfacet
  facet normal 0.000000e+00 1.000000e+00 0.000000e+00
    outer loop
      vertex   8.909188e+00 5.000000e+00 -1.909188e+00
      vertex   1.108655e+01 5.000000e+00 -4.592201e+00
      vertex   8.350000e+00 5.000000e+00 -2.338269e+00
    endloop
  endfacet
  facet normal 0.000000e+00 1.000000e+00 0.000000e+00
    outer loop
      vertex   8.350000e+00 5.000000e+00 -2.338269e+00
      vertex   1.108655e+01 5.000000e+00 -4.592201e+00
      vertex   7.698811e+00 5.000000e+00 -2.608000e+00
    endloop
  endfacet
  facet normal 0.000000e+00 1.000000e+00 0.000000e+00
    outer loop
      vertex   7.698811e+00 5.000000e+00 -2.608000e+00
      vertex   1.108655e+01 5.000000e+00 -4.592201e+00
      vertex   1.039230e+01 5.000000e+00 -6.000000e+00
    endloop
  endfacet
  facet normal 0.000000e+00 1.000000e+00 0.000000e+00
    outer loop
      vertex   7.698811e+00 5.000000e+00 -2.608000e+00
      vertex   1.039230e+01 5.000000e+00 -6.000000e+00
      vertex   9.520240e+00 5.000000e+00 -7.305137e+00
    endloop
  endfacet
  facet normal 0.000000e+00 1.000000e+00 0.000000e+00
    outer loop
      vertex   7.698811e+00 5.000000e+00 -2.608000e+00
      vertex   9.520240e+00 5.000000e+00 -7.305137e+00
      vertex   7.000000e+00 5.000000e+00 -2.700000e+00
    endloop
  endfacet
  facet normal 0.000000e+00 1.000000e+00 0.000000e+00
    outer loop
      vertex   7.000000e+00 5.000000e+00 -2.700000e+00
      vertex   9.520240e+00 5.000000e+00 -7.305137e+00
      vertex   8.485281e+00 5.000000e+00 -8.485281e+00
    endloop
  endfacet
  facet normal 0.000000e+00 1.000000e+00 0.000000e+00
    outer loop
      vertex   7.000000e+00 5.000000e+00 -2.700000e+00
      vertex   8.485281e+00 5.000000e+00 -8.485281e+00
      vertex   6.301189e+00 5.000000e+00 -2.608000e+00
    endloop
  endfacet
  facet normal 0.000000e+00 1.000000e+00 0.000000e+00
    outer loop
      vertex   6.301189e+00 5.000000e+00 -2.608000e+00
      vertex   8.485281e+00 5.000000e+00 -8.485281e+00
      vertex   2.608000e+00 5.000000e+00 -6.301189e+00
    endloop
  endfacet
  facet normal 0.000000e+00 1.000000e+00 0.000000e+00
    outer loop
      vertex   6.301189e+00 5.000000e+00 -2.608000e+00
      vertex   2.608000e+00 5.000000e+00 -6.301189e+00
      vertex   2.338269e+00 5.000000e+00 -5.650000e+00
    endloop
  endfacet
  facet normal 0.000000e+00 1.000000e+00 0.000000e+00
    outer loop
      vertex   2.608000e+00 5.000000e+00 -6.301189e+00
      vertex   8.485281e+00 5.000000e+00 -8.485281e+00
      vertex   2.700000e+00 5.000000e+00 -7.000000e+00
    endloop
  endfacet
  facet normal 0.000000e+00 1.000000e+00 0.000000e+00
    outer loop
      vertex   2.700000e+00 5.000000e+00 -7.000000e+00
      vertex   8.485281e+00 5.000000e+00 -8.485281e+00
      vertex   7.305137e+00 5.000000e+00 -9.520240e+00
    endloop
  endfacet
  facet normal 0.000000e+00 1.000000e+00 0.000000e+00
    outer loop
      vertex   2.700000e+00 5.000000e+00 -7.000000e+00
      vertex   7.305137e+00 5.000000e+00 -9.520240e+00
      vertex   2.608000e+00 5.000000e+00 -7.698811e+00
    endloop
  endfacet
  facet normal 0.000000e+00 1.000000e+00 0.000000e+00
    outer loop
      vertex   2.608000e+00 5.000000e+00 -7.698811e+00
      vertex   7.305137e+00 5.000000e+00 -9.520240e+00
      vertex   6.000000e+00 5.000000e+00 -1.039230e+01
    endloop
  endfacet
  facet normal 0.000000e+00 1.000000e+00 0.000000e+00
    outer loop
      vertex   2.608000e+00 5.000000e+00 -7.698811e+00
      vertex   6.000000e+00 5.000000e+00 -1.039230e+01
      vertex   2.338269e+00 5.000000e+00 -8.350000e+00
    endloop
  endfacet
  facet normal 0.000000e+00 1.000000e+00 0.000000e+00
    outer loop
      vertex   2.338269e+00 5.000000e+00 -8.350000e+00
      vertex   6.000000e+00 5.000000e+00 -1.039230e+01
      vertex   4.592201e+00 5.000000e+00 -1.108655e+01
    endloop
  endfacet
  facet normal 0.000000e+00 1.000000e+00 0.000000e+00
    outer loop
      vertex   2.338269e+00 5.000000e+00 -8.350000e+00
      vertex   4.592201e+00 5.000000e+00 -1.108655e+01
      vertex   1.909188e+00 5.000000e+00 -8.909188e+00
    endloop
  endfacet
  facet normal 0.000000e+00 1.000000e+00 0.000000e+00
    outer loop
      vertex   1.909188e+00 5.000000e+00 -8.909188e+00
      vertex   4.592201e+00 5.000000e+00 -1.108655e+01
      vertex   3.105829e+00 5.000000e+00 -1.159111e+01
    endloop
  endfacet
  facet normal 0.000000e+00 1.000000e+00 0.000000e+00
    outer loop
      vertex   1.909188e+00 5.000000e+00 -8.909188e+00
      vertex   3.105829e+00 5.000000e+00 -1.159111e+01
      vertex   1.350000e+00 5.000000e+00 -9.338269e+00
    endloop
  endfacet
  facet normal 0.000000e+00 1.000000e+00 0.000000e+00
    outer loop
      vertex   1.350000e+00 5.000000e+00 -9.338269e+00
      vertex   3.105829e+00 5.000000e+00 -1.159111e+01
      vertex   1.566314e+00 5.000000e+00 -1.189734e+01
    endloop
  endfacet
  facet normal 0.000000e+00 1.000000e+00 0.000000e+00
    outer loop
      vertex   1.350000e+00 5.000000e+00 -9.338269e+00
      vertex   1.566314e+00 5.000000e+00 -1.189734e+01
      vertex   6.988114e-01 5.000000e+00 -9.608000e+00
    endloop
  endfacet
  facet normal 0.000000e+00 1.000000e+00 0.000000e+00
    outer loop
      vertex   6.988114e-01 5.000000e+00 -9.608000e+00
      vertex   1.566314e+00 5.000000e+00 -1.189734e+01
      vertex   0.000000e+00 5.000000e+00 -1.200000e+01
    endloop
  endfacet
  facet normal 0.000000e+00 1.000000e+00 0.000000e+00
    outer loop
      vertex   6.988114e-01 5.000000e+00 -9.608000e+00
      vertex   0.000000e+00 5.000000e+00 -1.200000e+01
      vertex   -1.653273e-16 5.000000e+00 -9.700000e+00
    endloop
  endfacet
  facet normal 0.000000e+00 1.000000e+00 0.000000e+00
    outer loop
      vertex   -1.653273e-16 5.000000e+00 -9.700000e+00
      vertex   0.000000e+00 5.000000e+00 -1.200000e+01
      vertex   -6.988114e-01 5.000000e+00 -9.608000e+00
    endloop
  endfacet
  facet normal 0.000000e+00 1.000000e+00 0.000000e+00
    outer loop
      vertex   -6.988114e-01 5.000000e+00 -9.608000e+00
      vertex   0.000000e+00 5.000000e+00 -1.200000e+01
      vertex   -1.350000e+00 5.000000e+00 -9.338269e+00
    endloop
  endfacet
  facet normal 0.000000e+00 1.000000e+00 0.000000e+00
    outer loop
      vertex   -1.350000e+00 5.000000e+00 -9.338269e+00
      vertex   0.000000e+00 5.000000e+00 -1.200000e+01
      vertex   -1.909188e+00 5.000000e+00 -8.909188e+00
    endloop
  endfacet
  facet normal 0.000000e+00 1.000000e+00 0.000000e+00
    outer loop
      vertex   -1.909188e+00 5.000000e+00 -8.909188e+00
      vertex   0.000000e+00 5.000000e+00 -1.200000e+01
      vertex   -1.300000e+01 5.000000e+00 -1.200000e+01
    endloop
  endfacet
  facet normal 0.000000e+00 1.000000e+00 0.000000e+00
    outer loop
      vertex   -1.909188e+00 5.000000e+00 -8.909188e+00
      vertex   -1.300000e+01 5.000000e+00 -1.200000e+01
      vertex   -2.338269e+00 5.000000e+00 -8.350000e+00
    endloop
  endfacet
  facet normal 0.000000e+00 1.000000e+00 0.000000e+00
    outer loop
      vertex   -2.338269e+00 5.000000e+00 -8.350000e+00
      vertex   -1.300000e+01 5.000000e+00 -1.200000e+01
      vertex   -2.608000e+00 5.000000e+00 -7.698811e+00
    endloop
  endfacet
  facet normal 0.000000e+00 1.000000e+00 0.000000e+00
    outer loop
      vertex   -2.608000e+00 5.000000e+00 -7.698811e+00
      vertex   -1.300000e+01 5.000000e+00 -1.200000e+01
      vertex   -7.698811e+00 5.000000e+00 -2.608000e+00
    endloop
  endfacet
  facet normal 0.000000e+00 1.000000e+00 0.000000e+00
    outer loop
      vertex   -2.608000e+00 5.000000e+00 -7.698811e+00
      vertex   -7.698811e+00 5.000000e+00 -2.608000e+00
      vertex   -2.700000e+00 5.000000e+00 -7.000000e+00
    endloop
  endfacet
  facet normal 0.000000e+00 1.000000e+00 0.000000e+00
    outer loop
      vertex   -2.700000e+00 5.000000e+00 -7.000000e+00
      vertex   -7.698811e+00 5.000000e+00 -2.608000e+00
      vertex   -7.000000e+00 5.000000e+00 -2.700000e+00
    endloop
  endfacet
  facet normal 0.000000e+00 1.000000e+00 -0.000000e+00
    outer loop
      vertex   -2.700000e+00 5.000000e+00 -7.000000e+00
      vertex   -7.000000e+00 5.000000e+00 -2.700000e+00
      vertex   -2.608000e+00 5.000000e+00 -6.301189e+00
    endloop
  endfacet
  facet normal 0.000000e+00 1.000000e+00 0.000000e+00
    outer loop
      vertex   -2.608000e+00 5.000000e+00 -6.301189e+00
      vertex   -7.000000e+00 5.000000e+00 -2.700000e+00
      vertex   -6.301189e+00 5.000000e+00 -2.608000e+00
    endloop
  endfacet
  facet normal 0.000000e+00 1.000000e+00 -0.000000e+00
    outer loop
      vertex   -2.608000e+00 5.000000e+00 -6.301189e+00
      vertex   -6.301189e+00 5.000000e+00 -2.608000e+00
      vertex   -2.338269e+00 5.000000e+00 -5.650000e+00
    endloop
  endfacet
  facet normal 0.000000e+00 1.000000e+00 0.000000e+00
    outer loop
      vertex   -2.338269e+00 5.000000e+00 -5.650000e+00
      vertex   -6.301189e+00 5.000000e+00 -2.608000e+00
      vertex   -5.650000e+00 5.000000e+00 -2.338269e+00
    endloop
  endfacet
  facet normal 0.000000e+00 1.000000e+00 -0.000000e+00
    outer loop
      vertex   -2.338269e+00 5.000000e+00 -5.650000e+00
      vertex   -5.650000e+00 5.000000e+00 -2.338269e+00
      vertex   -1.909188e+00 5.000000e+00 -5.090812e+00
    endloop
  endfacet
  facet normal 0.000000e+00 1.000000e+00 0.000000e+00
    outer loop
      vertex   -1.909188e+00 5.000000e+00 -5.090812e+00
      vertex   -5.650000e+00 5.000000e+00 -2.338269e+00
      vertex   -5.090812e+00 5.000000e+00 -1.909188e+00
    endloop
  endfacet
  facet normal 0.000000e+00 1.000000e+00 0.000000e+00
    outer loop
      vertex   -1.300000e+01 5.000000e+00 1.200000e+01
      vertex   -9.700000e+00 5.000000e+00 -1.554312e-15
      vertex   -1.300000e+01 5.000000e+00 -1.200000e+01
    endloop
  endfacet
  facet normal 0.000000e+00 1.000000e+00 0.000000e+00
    outer loop
      vertex   -1.300000e+01 5.000000e+00 -1.200000e+01
      vertex   -9.700000e+00 5.000000e+00 -1.554312e-15
      vertex   -9.608000e+00 5.000000e+00 -6.988114e-01
    endloop
  endfacet
  facet normal 0.000000e+00 1.000000e+00 0.000000e+00
    outer loop
      vertex   -1.300000e+01 5.000000e+00 -1.200000e+01
      vertex   -9.608000e+00 5.000000e+00 -6.988114e-01
      vertex   -9.338269e+00 5.000000e+00 -1.350000e+00
    endloop
  endfacet
  facet normal 0.000000e+00 1.000000e+00 0.000000e+00
    outer loop
      vertex   0.000000e+00 5.000000e+00 1.200000e+01
      vertex   -1.909188e+00 5.000000e+00 8.909188e+00
      vertex   -1.300000e+01 5.000000e+00 1.200000e+01
    endloop
  endfacet
  facet normal 0.000000e+00 1.000000e+00 0.000000e+00
    outer loop
      vertex   -1.300000e+01 5.000000e+00 1.200000e+01
      vertex   -1.909188e+00 5.000000e+00 8.909188e+00
      vertex   -2.338269e+00 5.000000e+00 8.350000e+00
    endloop
  endfacet
  facet normal 0.000000e+00 1.000000e+00 0.000000e+00
    outer loop
      vertex   -1.300000e+01 5.000000e+00 1.200000e+01
      vertex   -2.338269e+00 5.000000e+00 8.350000e+00
      vertex   -2.608000e+00 5.000000e+00 7.698811e+00
    endloop
  endfacet
  facet normal 0.000000e+00 1.000000e+00 -0.000000e+00
    outer loop
      vertex   -6.988114e-01 5.000000e+00 9.608000e+00
      vertex   -1.350000e+00 5.000000e+00 9.338269e+00
      vertex   0.000000e+00 5.000000e+00 1.200000e+01
    endloop
  endfacet
  facet normal 0.000000e+00 1.000000e+00 0.000000e+00
    outer loop
      vertex   0.000000e+00 5.000000e+00 1.200000e+01
      vertex   -1.350000e+00 5.000000e+00 9.338269e+00
      vertex   -1.909188e+00 5.000000e+00 8.909188e+00
    endloop
  endfacet
  facet normal 0.000000e+00 1.000000e+00 0.000000e+00
    outer loop
      vertex   -1.300000e+01 5.000000e+00 1.200000e+01
      vertex   -2.608000e+00 5.000000e+00 7.698811e+00
      vertex   -7.698811e+00 5.000000e+00 2.608000e+00
    endloop
  endfacet
  facet normal 0.000000e+00 1.000000e+00 0.000000e+00
    outer loop
      vertex   -7.698811e+00 5.000000e+00 2.608000e+00
      vertex   -2.608000e+00 5.000000e+00 7.698811e+00
      vertex   -2.700000e+00 5.000000e+00 7.000000e+00
    endloop
  endfacet
  facet normal 0.000000e+00 1.000000e+00 0.000000e+00
    outer loop
      vertex   -7.698811e+00 5.000000e+00 2.608000e+00
      vertex   -2.700000e+00 5.000000e+00 7.000000e+00
      vertex   -7.000000e+00 5.000000e+00 2.700000e+00
    endloop
  endfacet
  facet normal 0.000000e+00 1.000000e+00 0.000000e+00
    outer loop
      vertex   -7.000000e+00 5.000000e+00 2.700000e+00
      vertex   -2.700000e+00 5.000000e+00 7.000000e+00
      vertex   -2.608000e+00 5.000000e+00 6.301189e+00
    endloop
  endfacet
  facet normal -0.000000e+00 1.000000e+00 0.000000e+00
    outer loop
      vertex   -7.000000e+00 5.000000e+00 2.700000e+00
      vertex   -2.608000e+00 5.000000e+00 6.301189e+00
      vertex   -6.301189e+00 5.000000e+00 2.608000e+00
    endloop
  endfacet
  facet normal 0.000000e+00 1.000000e+00 0.000000e+00
    outer loop
      vertex   -6.301189e+00 5.000000e+00 2.608000e+00
      vertex   -2.608000e+00 5.000000e+00 6.301189e+00
      vertex   -2.338269e+00 5.000000e+00 5.650000e+00
    endloop
  endfacet
  facet normal -0.000000e+00 1.000000e+00 0.000000e+00
    outer loop
      vertex   -6.301189e+00 5.000000e+00 2.608000e+00
      vertex   -2.338269e+00 5.000000e+00 5.650000e+00
      vertex   -5.650000e+00 5.000000e+00 2.338269e+00
    endloop
  endfacet
  facet normal 0.000000e+00 1.000000e+00 0.000000e+00
    outer loop
      vertex   -5.650000e+00 5.000000e+00 2.338269e+00
      vertex   -2.338269e+00 5.000000e+00 5.650000e+00
      vertex   -1.909188e+00 5.000000e+00 5.090812e+00
    endloop
  endfacet
  facet normal -0.000000e+00 1.000000e+00 0.000000e+00
    outer loop
      vertex   -5.650000e+00 5.000000e+00 2.338269e+00
      vertex   -1.909188e+00 5.000000e+00 5.090812e+00
      vertex   -5.090812e+00 5.000000e+00 1.909188e+00
    endloop
  endfacet
  facet normal 0.000000e+00 1.000000e+00 0.000000e+00
    outer loop
      vertex   -5.090812e+00 5.000000e+00 1.909188e+00
      vertex   -1.909188e+00 5.000000e+00 5.090812e+00
      vertex   -1.350000e+00 5.000000e+00 4.661731e+00
    endloop
  endfacet
  facet normal 0.000000e+00 1.000000e+00 0.000000e+00
    outer loop
      vertex   -7.698811e+00 5.000000e+00 2.608000e+00
      vertex   -8.350000e+00 5.000000e+00 2.338269e+00
      vertex   -1.300000e+01 5.000000e+00 1.200000e+01
    endloop
  endfacet
  facet normal 0.000000e+00 1.000000e+00 0.000000e+00
    outer loop
      vertex   -1.300000e+01 5.000000e+00 1.200000e+01
      vertex   -8.350000e+00 5.000000e+00 2.338269e+00
      vertex   -8.909188e+00 5.000000e+00 1.909188e+00
    endloop
  endfacet
  facet normal 0.000000e+00 1.000000e+00 0.000000e+00
    outer loop
      vertex   -1.300000e+01 5.000000e+00 1.200000e+01
      vertex   -8.909188e+00 5.000000e+00 1.909188e+00
      vertex   -9.338269e+00 5.000000e+00 1.350000e+00
    endloop
  endfacet
  facet normal 0.000000e+00 1.000000e+00 0.000000e+00
    outer loop
      vertex   -9.338269e+00 5.000000e+00 1.350000e+00
      vertex   -9.608000e+00 5.000000e+00 6.988114e-01
      vertex   -1.300000e+01 5.000000e+00 1.200000e+01
    endloop
  endfacet
  facet normal 0.000000e+00 1.000000e+00 0.000000e+00
    outer loop
      vertex   -1.300000e+01 5.000000e+00 1.200000e+01
      vertex   -9.608000e+00 5.000000e+00 6.988114e-01
      vertex   -9.700000e+00 5.000000e+00 -1.554312e-15
    endloop
  endfacet
  facet normal 0.000000e+00 1.000000e+00 0.000000e+00
    outer loop
      vertex   -9.338269e+00 5.000000e+00 -1.350000e+00
      vertex   -8.909188e+00 5.000000e+00 -1.909188e+00
      vertex   -1.300000e+01 5.000000e+00 -1.200000e+01
    endloop
  endfacet
  facet normal 0.000000e+00 1.000000e+00 0.000000e+00
    outer loop
      vertex   -1.300000e+01 5.000000e+00 -1.200000e+01
      vertex   -8.909188e+00 5.000000e+00 -1.909188e+00
      vertex   -8.350000e+00 5.000000e+00 -2.338269e+00
    endloop
  endfacet
  facet normal 0.000000e+00 1.000000e+00 0.000000e+00
    outer loop
      vertex   -1.300000e+01 5.000000e+00 -1.200000e+01
      vertex   -8.350000e+00 5.000000e+00 -2.338269e+00
      vertex   -7.698811e+00 5.000000e+00 -2.608000e+00
    endloop
  endfacet
  facet normal -0.000000e+00 1.000000e+00 0.000000e+00
    outer loop
      vertex   1.350000e+00 5.000000e+00 -4.661731e+00
      vertex   5.090812e+00 5.000000e+00 -1.909188e+00
      vertex   1.909188e+00 5.000000e+00 -5.090812e+00
    endloop
  endfacet
  facet normal 0.000000e+00 1.000000e+00 0.000000e+00
    outer loop
      vertex   1.909188e+00 5.000000e+00 -5.090812e+00
      vertex   5.090812e+00 5.000000e+00 -1.909188e+00
      vertex   5.650000e+00 5.000000e+00 -2.338269e+00
    endloop
  endfacet
  facet normal -0.000000e+00 1.000000e+00 0.000000e+00
    outer loop
      vertex   1.909188e+00 5.000000e+00 -5.090812e+00
      vertex   5.650000e+00 5.000000e+00 -2.338269e+00
      vertex   2.338269e+00 5.000000e+00 -5.650000e+00
    endloop
  endfacet
  facet normal 0.000000e+00 1.000000e+00 0.000000e+00
    outer loop
      vertex   2.338269e+00 5.000000e+00 -5.650000e+00
      vertex   5.650000e+00 5.000000e+00 -2.338269e+00
      vertex   6.301189e+00 5.000000e+00 -2.608000e+00
    endloop
  endfacet
  facet normal 0.000000e+00 -1.000000e+00 0.000000e+00
    outer loop
      vertex   1.931852e+00 1.500000e+01 5.176381e-01
      vertex   2.000000e+00 1.500000e+01 -2.449294e-16
      vertex   4.400000e+00 1.500000e+01 1.235904e-15
    endloop
  endfacet
  facet normal 0.000000e+00 -1.000000e+00 0.000000e+00
    outer loop
      vertex   4.400000e+00 1.500000e+01 1.235904e-15
      vertex   2.000000e+00 1.500000e+01 -2.449294e-16
      vertex   1.931852e+00 1.500000e+01 -5.176381e-01
    endloop
  endfacet
  facet normal 0.000000e+00 -1.000000e+00 -0.000000e+00
    outer loop
      vertex   4.400000e+00 1.500000e+01 1.235904e-15
      vertex   1.931852e+00 1.500000e+01 -5.176381e-01
      vertex   4.488593e+00 1.500000e+01 -6.729295e-01
    endloop
  endfacet
  facet normal -0.000000e+00 -1.000000e+00 0.000000e+00
    outer loop
      vertex   4.488593e+00 1.500000e+01 -6.729295e-01
      vertex   1.931852e+00 1.500000e+01 -5.176381e-01
      vertex   1.732051e+00 1.500000e+01 -1.000000e+00
    endloop
  endfacet
  facet normal 0.000000e+00 -1.000000e+00 -0.000000e+00
    outer loop
      vertex   4.488593e+00 1.500000e+01 -6.729295e-01
      vertex   1.732051e+00 1.500000e+01 -1.000000e+00
      vertex   4.748334e+00 1.500000e+01 -1.300000e+00
    endloop
  endfacet
  facet normal -0.000000e+00 -1.000000e+00 0.000000e+00
    outer loop
      vertex   4.748334e+00 1.500000e+01 -1.300000e+00
      vertex   1.732051e+00 1.500000e+01 -1.000000e+00
      vertex   1.414214e+00 1.500000e+01 -1.414214e+00
    endloop
  endfacet
  facet normal 0.000000e+00 -1.000000e+00 -0.000000e+00
    outer loop
      vertex   4.748334e+00 1.500000e+01 -1.300000e+00
      vertex   1.414214e+00 1.500000e+01 -1.414214e+00
      vertex   5.161522e+00 1.500000e+01 -1.838478e+00
    endloop
  endfacet
  facet normal -0.000000e+00 -1.000000e+00 0.000000e+00
    outer loop
      vertex   5.161522e+00 1.500000e+01 -1.838478e+00
      vertex   1.414214e+00 1.500000e+01 -1.414214e+00
      vertex   1.300000e+00 1.500000e+01 -4.748334e+00
    endloop
  endfacet
  facet normal 0.000000e+00 -1.000000e+00 0.000000e+00
    outer loop
      vertex   5.161522e+00 1.500000e+01 -1.838478e+00
      vertex   1.300000e+00 1.500000e+01 -4.748334e+00
      vertex   1.838478e+00 1.500000e+01 -5.161522e+00
    endloop
  endfacet
  facet normal 0.000000e+00 -1.000000e+00 0.000000e+00
    outer loop
      vertex   1.414214e+00 1.500000e+01 -1.414214e+00
      vertex   1.000000e+00 1.500000e+01 -1.732051e+00
      vertex   1.300000e+00 1.500000e+01 -4.748334e+00
    endloop
  endfacet
  facet normal 0.000000e+00 -1.000000e+00 0.000000e+00
    outer loop
      vertex   1.300000e+00 1.500000e+01 -4.748334e+00
      vertex   1.000000e+00 1.500000e+01 -1.732051e+00
      vertex   6.729295e-01 1.500000e+01 -4.488593e+00
    endloop
  endfacet
  facet normal 0.000000e+00 -1.000000e+00 0.000000e+00
    outer loop
      vertex   6.729295e-01 1.500000e+01 -4.488593e+00
      vertex   1.000000e+00 1.500000e+01 -1.732051e+00
      vertex   5.176381e-01 1.500000e+01 -1.931852e+00
    endloop
  endfacet
  facet normal 0.000000e+00 -1.000000e+00 0.000000e+00
    outer loop
      vertex   6.729295e-01 1.500000e+01 -4.488593e+00
      vertex   5.176381e-01 1.500000e+01 -1.931852e+00
      vertex   1.592041e-16 1.500000e+01 -4.400000e+00
    endloop
  endfacet
  facet normal 0.000000e+00 -1.000000e+00 0.000000e+00
    outer loop
      vertex   1.592041e-16 1.500000e+01 -4.400000e+00
      vertex   5.176381e-01 1.500000e+01 -1.931852e+00
      vertex   -1.224647e-16 1.500000e+01 -2.000000e+00
    endloop
  endfacet
  facet normal 0.000000e+00 -1.000000e+00 0.000000e+00
    outer loop
      vertex   1.592041e-16 1.500000e+01 -4.400000e+00
      vertex   -1.224647e-16 1.500000e+01 -2.000000e+00
      vertex   -5.176381e-01 1.500000e+01 -1.931852e+00
    endloop
  endfacet
  facet normal -0.000000e+00 -1.000000e+00 0.000000e+00
    outer loop
      vertex   1.592041e-16 1.500000e+01 -4.400000e+00
      vertex   -5.176381e-01 1.500000e+01 -1.931852e+00
      vertex   -6.729295e-01 1.500000e+01 -4.488593e+00
    endloop
  endfacet
  facet normal 0.000000e+00 -1.000000e+00 0.000000e+00
    outer loop
      vertex   -6.729295e-01 1.500000e+01 -4.488593e+00
      vertex   -5.176381e-01 1.500000e+01 -1.931852e+00
      vertex   -1.000000e+00 1.500000e+01 -1.732051e+00
    endloop
  endfacet
  facet normal -0.000000e+00 -1.000000e+00 0.000000e+00
    outer loop
      vertex   -6.729295e-01 1.500000e+01 -4.488593e+00
      vertex   -1.000000e+00 1.500000e+01 -1.732051e+00
      vertex   -1.300000e+00 1.500000e+01 -4.748334e+00
    endloop
  endfacet
  facet normal 0.000000e+00 -1.000000e+00 0.000000e+00
    outer loop
      vertex   -1.300000e+00 1.500000e+01 -4.748334e+00
      vertex   -1.000000e+00 1.500000e+01 -1.732051e+00
      vertex   -1.414214e+00 1.500000e+01 -1.414214e+00
    endloop
  endfacet
  facet normal 0.000000e+00 -1.000000e+00 0.000000e+00
    outer loop
      vertex   -1.300000e+00 1.500000e+01 -4.748334e+00
      vertex   -1.414214e+00 1.500000e+01 -1.414214e+00
      vertex   -5.161522e+00 1.500000e+01 -1.838478e+00
    endloop
  endfacet
  facet normal 0.000000e+00 -1.000000e+00 0.000000e+00
    outer loop
      vertex   -5.161522e+00 1.500000e+01 -1.838478e+00
      vertex   -1.414214e+00 1.500000e+01 -1.414214e+00
      vertex   -4.748334e+00 1.500000e+01 -1.300000e+00
    endloop
  endfacet
  facet normal 0.000000e+00 -1.000000e+00 0.000000e+00
    outer loop
      vertex   -4.748334e+00 1.500000e+01 -1.300000e+00
      vertex   -1.414214e+00 1.500000e+01 -1.414214e+00
      vertex   -1.732051e+00 1.500000e+01 -1.000000e+00
    endloop
  endfacet
  facet normal 0.000000e+00 -1.000000e+00 0.000000e+00
    outer loop
      vertex   -4.748334e+00 1.500000e+01 -1.300000e+00
      vertex   -1.732051e+00 1.500000e+01 -1.000000e+00
      vertex   -4.488593e+00 1.500000e+01 -6.729295e-01
    endloop
  endfacet
  facet normal 0.000000e+00 -1.000000e+00 0.000000e+00
    outer loop
      vertex   -4.488593e+00 1.500000e+01 -6.729295e-01
      vertex   -1.732051e+00 1.500000e+01 -1.000000e+00
      vertex   -1.931852e+00 1.500000e+01 -5.176381e-01
    endloop
  endfacet
  facet normal 0.000000e+00 -1.000000e+00 0.000000e+00
    outer loop
      vertex   -4.488593e+00 1.500000e+01 -6.729295e-01
      vertex   -1.931852e+00 1.500000e+01 -5.176381e-01
      vertex   -4.400000e+00 1.500000e+01 -1.554312e-15
    endloop
  endfacet
  facet normal 0.000000e+00 -1.000000e+00 0.000000e+00
    outer loop
      vertex   -4.400000e+00 1.500000e+01 -1.554312e-15
      vertex   -1.931852e+00 1.500000e+01 -5.176381e-01
      vertex   -2.000000e+00 1.500000e+01 0.000000e+00
    endloop
  endfacet
  facet normal 0.000000e+00 -1.000000e+00 0.000000e+00
    outer loop
      vertex   -4.400000e+00 1.500000e+01 -1.554312e-15
      vertex   -2.000000e+00 1.500000e+01 0.000000e+00
      vertex   -1.931852e+00 1.500000e+01 5.176381e-01
    endloop
  endfacet
  facet normal 0.000000e+00 -1.000000e+00 0.000000e+00
    outer loop
      vertex   -4.400000e+00 1.500000e+01 -1.554312e-15
      vertex   -1.931852e+00 1.500000e+01 5.176381e-01
      vertex   -4.488593e+00 1.500000e+01 6.729295e-01
    endloop
  endfacet
  facet normal 0.000000e+00 -1.000000e+00 0.000000e+00
    outer loop
      vertex   -4.488593e+00 1.500000e+01 6.729295e-01
      vertex   -1.931852e+00 1.500000e+01 5.176381e-01
      vertex   -1.732051e+00 1.500000e+01 1.000000e+00
    endloop
  endfacet
  facet normal 0.000000e+00 -1.000000e+00 0.000000e+00
    outer loop
      vertex   -4.488593e+00 1.500000e+01 6.729295e-01
      vertex   -1.732051e+00 1.500000e+01 1.000000e+00
      vertex   -4.748334e+00 1.500000e+01 1.300000e+00
    endloop
  endfacet
  facet normal 0.000000e+00 -1.000000e+00 0.000000e+00
    outer loop
      vertex   -4.748334e+00 1.500000e+01 1.300000e+00
      vertex   -1.732051e+00 1.500000e+01 1.000000e+00
      vertex   -1.414214e+00 1.500000e+01 1.414214e+00
    endloop
  endfacet
  facet normal 0.000000e+00 -1.000000e+00 0.000000e+00
    outer loop
      vertex   -4.748334e+00 1.500000e+01 1.300000e+00
      vertex   -1.414214e+00 1.500000e+01 1.414214e+00
      vertex   -5.161522e+00 1.500000e+01 1.838478e+00
    endloop
  endfacet
  facet normal 0.000000e+00 -1.000000e+00 0.000000e+00
    outer loop
      vertex   -5.161522e+00 1.500000e+01 1.838478e+00
      vertex   -1.414214e+00 1.500000e+01 1.414214e+00
      vertex   -1.300000e+00 1.500000e+01 4.748334e+00
    endloop
  endfacet
  facet normal 0.000000e+00 -1.000000e+00 0.000000e+00
    outer loop
      vertex   -5.161522e+00 1.500000e+01 1.838478e+00
      vertex   -1.300000e+00 1.500000e+01 4.748334e+00
      vertex   -1.838478e+00 1.500000e+01 5.161522e+00
    endloop
  endfacet
  facet normal 0.000000e+00 -1.000000e+00 0.000000e+00
    outer loop
      vertex   -1.414214e+00 1.500000e+01 1.414214e+00
      vertex   -1.000000e+00 1.500000e+01 1.732051e+00
      vertex   -1.300000e+00 1.500000e+01 4.748334e+00
    endloop
  endfacet
  facet normal 0.000000e+00 -1.000000e+00 0.000000e+00
    outer loop
      vertex   -1.300000e+00 1.500000e+01 4.748334e+00
      vertex   -1.000000e+00 1.500000e+01 1.732051e+00
      vertex   -6.729295e-01 1.500000e+01 4.488593e+00
    endloop
  endfacet
  facet normal 0.000000e+00 -1.000000e+00 -0.000000e+00
    outer loop
      vertex   -6.729295e-01 1.500000e+01 4.488593e+00
      vertex   -1.000000e+00 1.500000e+01 1.732051e+00
      vertex   -5.176381e-01 1.500000e+01 1.931852e+00
    endloop
  endfacet
  facet normal 0.000000e+00 -1.000000e+00 0.000000e+00
    outer loop
      vertex   -6.729295e-01 1.500000e+01 4.488593e+00
      vertex   -5.176381e-01 1.500000e+01 1.931852e+00
      vertex   -6.980487e-16 1.500000e+01 4.400000e+00
    endloop
  endfacet
  facet normal 0.000000e+00 -1.000000e+00 -0.000000e+00
    outer loop
      vertex   -6.980487e-16 1.500000e+01 4.400000e+00
      vertex   -5.176381e-01 1.500000e+01 1.931852e+00
      vertex   -1.224647e-16 1.500000e+01 2.000000e+00
    endloop
  endfacet
  facet normal 0.000000e+00 -1.000000e+00 0.000000e+00
    outer loop
      vertex   -6.980487e-16 1.500000e+01 4.400000e+00
      vertex   -1.224647e-16 1.500000e+01 2.000000e+00
      vertex   5.176381e-01 1.500000e+01 1.931852e+00
    endloop
  endfacet
  facet normal 0.000000e+00 -1.000000e+00 0.000000e+00
    outer loop
      vertex   -6.980487e-16 1.500000e+01 4.400000e+00
      vertex   5.176381e-01 1.500000e+01 1.931852e+00
      vertex   6.729295e-01 1.500000e+01 4.488593e+00
    endloop
  endfacet
  facet normal 0.000000e+00 -1.000000e+00 -0.000000e+00
    outer loop
      vertex   6.729295e-01 1.500000e+01 4.488593e+00
      vertex   5.176381e-01 1.500000e+01 1.931852e+00
      vertex   1.000000e+00 1.500000e+01 1.732051e+00
    endloop
  endfacet
  facet normal 0.000000e+00 -1.000000e+00 0.000000e+00
    outer loop
      vertex   6.729295e-01 1.500000e+01 4.488593e+00
      vertex   1.000000e+00 1.500000e+01 1.732051e+00
      vertex   1.300000e+00 1.500000e+01 4.748334e+00
    endloop
  endfacet
  facet normal 0.000000e+00 -1.000000e+00 -0.000000e+00
    outer loop
      vertex   1.300000e+00 1.500000e+01 4.748334e+00
      vertex   1.000000e+00 1.500000e+01 1.732051e+00
      vertex   1.414214e+00 1.500000e+01 1.414214e+00
    endloop
  endfacet
  facet normal 0.000000e+00 -1.000000e+00 0.000000e+00
    outer loop
      vertex   1.300000e+00 1.500000e+01 4.748334e+00
      vertex   1.414214e+00 1.500000e+01 1.414214e+00
      vertex   5.161522e+00 1.500000e+01 1.838478e+00
    endloop
  endfacet
  facet normal 0.000000e+00 -1.000000e+00 0.000000e+00
    outer loop
      vertex   5.161522e+00 1.500000e+01 1.838478e+00
      vertex   1.414214e+00 1.500000e+01 1.414214e+00
      vertex   4.748334e+00 1.500000e+01 1.300000e+00
    endloop
  endfacet
  facet normal -0.000000e+00 -1.000000e+00 0.000000e+00
    outer loop
      vertex   4.748334e+00 1.500000e+01 1.300000e+00
      vertex   1.414214e+00 1.500000e+01 1.414214e+00
      vertex   1.732051e+00 1.500000e+01 1.000000e+00
    endloop
  endfacet
  facet normal 0.000000e+00 -1.000000e+00 0.000000e+00
    outer loop
      vertex   4.748334e+00 1.500000e+01 1.300000e+00
      vertex   1.732051e+00 1.500000e+01 1.000000e+00
      vertex   4.488593e+00 1.500000e+01 6.729295e-01
    endloop
  endfacet
  facet normal -0.000000e+00 -1.000000e+00 0.000000e+00
    outer loop
      vertex   4.488593e+00 1.500000e+01 6.729295e-01
      vertex   1.732051e+00 1.500000e+01 1.000000e+00
      vertex   1.931852e+00 1.500000e+01 5.176381e-01
    endloop
  endfacet
  facet normal 0.000000e+00 -1.000000e+00 0.000000e+00
    outer loop
      vertex   4.488593e+00 1.500000e+01 6.729295e-01
      vertex   1.931852e+00 1.500000e+01 5.176381e-01
      vertex   4.400000e+00 1.500000e+01 1.235904e-15
    endloop
  endfacet
  facet normal -0.000000e+00 -1.000000e+00 0.000000e+00
    outer loop
      vertex   1.566314e+00 1.500000e+01 -1.189734e+01
      vertex   6.729295e-01 1.500000e+01 -9.511407e+00
      vertex   0.000000e+00 1.500000e+01 -1.200000e+01
    endloop
  endfacet
  facet normal 0.000000e+00 -1.000000e+00 0.000000e+00
    outer loop
      vertex   0.000000e+00 1.500000e+01 -1.200000e+01
      vertex   6.729295e-01 1.500000e+01 -9.511407e+00
      vertex   1.592041e-16 1.500000e+01 -9.600000e+00
    endloop
  endfacet
  facet normal 0.000000e+00 -1.000000e+00 0.000000e+00
    outer loop
      vertex   0.000000e+00 1.500000e+01 -1.200000e+01
      vertex   1.592041e-16 1.500000e+01 -9.600000e+00
      vertex   -6.729295e-01 1.500000e+01 -9.511407e+00
    endloop
  endfacet
  facet normal 0.000000e+00 -1.000000e+00 0.000000e+00
    outer loop
      vertex   6.729295e-01 1.500000e+01 -9.511407e+00
      vertex   1.566314e+00 1.500000e+01 -1.189734e+01
      vertex   1.300000e+00 1.500000e+01 -9.251666e+00
    endloop
  endfacet
  facet normal 0.000000e+00 -1.000000e+00 0.000000e+00
    outer loop
      vertex   1.300000e+00 1.500000e+01 -9.251666e+00
      vertex   1.566314e+00 1.500000e+01 -1.189734e+01
      vertex   3.105829e+00 1.500000e+01 -1.159111e+01
    endloop
  endfacet
  facet normal 0.000000e+00 -1.000000e+00 0.000000e+00
    outer loop
      vertex   1.300000e+00 1.500000e+01 -9.251666e+00
      vertex   3.105829e+00 1.500000e+01 -1.159111e+01
      vertex   1.838478e+00 1.500000e+01 -8.838478e+00
    endloop
  endfacet
  facet normal 0.000000e+00 -1.000000e+00 0.000000e+00
    outer loop
      vertex   1.838478e+00 1.500000e+01 -8.838478e+00
      vertex   3.105829e+00 1.500000e+01 -1.159111e+01
      vertex   4.592201e+00 1.500000e+01 -1.108655e+01
    endloop
  endfacet
  facet normal 0.000000e+00 -1.000000e+00 0.000000e+00
    outer loop
      vertex   1.838478e+00 1.500000e+01 -8.838478e+00
      vertex   4.592201e+00 1.500000e+01 -1.108655e+01
      vertex   2.251666e+00 1.500000e+01 -8.300000e+00
    endloop
  endfacet
  facet normal 0.000000e+00 -1.000000e+00 0.000000e+00
    outer loop
      vertex   2.251666e+00 1.500000e+01 -8.300000e+00
      vertex   4.592201e+00 1.500000e+01 -1.108655e+01
      vertex   6.000000e+00 1.500000e+01 -1.039230e+01
    endloop
  endfacet
  facet normal 0.000000e+00 -1.000000e+00 0.000000e+00
    outer loop
      vertex   2.251666e+00 1.500000e+01 -8.300000e+00
      vertex   6.000000e+00 1.500000e+01 -1.039230e+01
      vertex   2.511407e+00 1.500000e+01 -7.672930e+00
    endloop
  endfacet
  facet normal 0.000000e+00 -1.000000e+00 0.000000e+00
    outer loop
      vertex   2.511407e+00 1.500000e+01 -7.672930e+00
      vertex   6.000000e+00 1.500000e+01 -1.039230e+01
      vertex   7.305137e+00 1.500000e+01 -9.520240e+00
    endloop
  endfacet
  facet normal 0.000000e+00 -1.000000e+00 0.000000e+00
    outer loop
      vertex   2.511407e+00 1.500000e+01 -7.672930e+00
      vertex   7.305137e+00 1.500000e+01 -9.520240e+00
      vertex   2.600000e+00 1.500000e+01 -7.000000e+00
    endloop
  endfacet
  facet normal 0.000000e+00 -1.000000e+00 0.000000e+00
    outer loop
      vertex   2.600000e+00 1.500000e+01 -7.000000e+00
      vertex   7.305137e+00 1.500000e+01 -9.520240e+00
      vertex   8.485281e+00 1.500000e+01 -8.485281e+00
    endloop
  endfacet
  facet normal 0.000000e+00 -1.000000e+00 0.000000e+00
    outer loop
      vertex   2.600000e+00 1.500000e+01 -7.000000e+00
      vertex   8.485281e+00 1.500000e+01 -8.485281e+00
      vertex   2.511407e+00 1.500000e+01 -6.327070e+00
    endloop
  endfacet
  facet normal 0.000000e+00 -1.000000e+00 0.000000e+00
    outer loop
      vertex   2.511407e+00 1.500000e+01 -6.327070e+00
      vertex   8.485281e+00 1.500000e+01 -8.485281e+00
      vertex   6.327070e+00 1.500000e+01 -2.511407e+00
    endloop
  endfacet
  facet normal 0.000000e+00 -1.000000e+00 0.000000e+00
    outer loop
      vertex   2.511407e+00 1.500000e+01 -6.327070e+00
      vertex   6.327070e+00 1.500000e+01 -2.511407e+00
      vertex   2.251666e+00 1.500000e+01 -5.700000e+00
    endloop
  endfacet
  facet normal 0.000000e+00 -1.000000e+00 0.000000e+00
    outer loop
      vertex   2.251666e+00 1.500000e+01 -5.700000e+00
      vertex   6.327070e+00 1.500000e+01 -2.511407e+00
      vertex   5.700000e+00 1.500000e+01 -2.251666e+00
    endloop
  endfacet
  facet normal 0.000000e+00 -1.000000e+00 0.000000e+00
    outer loop
      vertex   2.251666e+00 1.500000e+01 -5.700000e+00
      vertex   5.700000e+00 1.500000e+01 -2.251666e+00
      vertex   1.838478e+00 1.500000e+01 -5.161522e+00
    endloop
  endfacet
  facet normal 0.000000e+00 -1.000000e+00 0.000000e+00
    outer loop
      vertex   1.838478e+00 1.500000e+01 -5.161522e+00
      vertex   5.700000e+00 1.500000e+01 -2.251666e+00
      vertex   5.161522e+00 1.500000e+01 -1.838478e+00
    endloop
  endfacet
  facet normal 0.000000e+00 -1.000000e+00 0.000000e+00
    outer loop
      vertex   6.327070e+00 1.500000e+01 -2.511407e+00
      vertex   8.485281e+00 1.500000e+01 -8.485281e+00
      vertex   7.000000e+00 1.500000e+01 -2.600000e+00
    endloop
  endfacet
  facet normal 0.000000e+00 -1.000000e+00 0.000000e+00
    outer loop
      vertex   7.000000e+00 1.500000e+01 -2.600000e+00
      vertex   8.485281e+00 1.500000e+01 -8.485281e+00
      vertex   9.520240e+00 1.500000e+01 -7.305137e+00
    endloop
  endfacet
  facet normal 0.000000e+00 -1.000000e+00 0.000000e+00
    outer loop
      vertex   7.000000e+00 1.500000e+01 -2.600000e+00
      vertex   9.520240e+00 1.500000e+01 -7.305137e+00
      vertex   1.039230e+01 1.500000e+01 -6.000000e+00
    endloop
  endfacet
  facet normal 0.000000e+00 -1.000000e+00 0.000000e+00
    outer loop
      vertex   7.000000e+00 1.500000e+01 -2.600000e+00
      vertex   1.039230e+01 1.500000e+01 -6.000000e+00
      vertex   7.672930e+00 1.500000e+01 -2.511407e+00
    endloop
  endfacet
  facet normal 0.000000e+00 -1.000000e+00 0.000000e+00
    outer loop
      vertex   7.672930e+00 1.500000e+01 -2.511407e+00
      vertex   1.039230e+01 1.500000e+01 -6.000000e+00
      vertex   1.108655e+01 1.500000e+01 -4.592201e+00
    endloop
  endfacet
  facet normal 0.000000e+00 -1.000000e+00 0.000000e+00
    outer loop
      vertex   7.672930e+00 1.500000e+01 -2.511407e+00
      vertex   1.108655e+01 1.500000e+01 -4.592201e+00
      vertex   8.300000e+00 1.500000e+01 -2.251666e+00
    endloop
  endfacet
  facet normal 0.000000e+00 -1.000000e+00 0.000000e+00
    outer loop
      vertex   8.300000e+00 1.500000e+01 -2.251666e+00
      vertex   1.108655e+01 1.500000e+01 -4.592201e+00
      vertex   8.838478e+00 1.500000e+01 -1.838478e+00
    endloop
  endfacet
  facet normal 0.000000e+00 -1.000000e+00 0.000000e+00
    outer loop
      vertex   8.838478e+00 1.500000e+01 -1.838478e+00
      vertex   1.108655e+01 1.500000e+01 -4.592201e+00
      vertex   1.159111e+01 1.500000e+01 -3.105829e+00
    endloop
  endfacet
  facet normal 0.000000e+00 -1.000000e+00 0.000000e+00
    outer loop
      vertex   8.838478e+00 1.500000e+01 -1.838478e+00
      vertex   1.159111e+01 1.500000e+01 -3.105829e+00
      vertex   9.251666e+00 1.500000e+01 -1.300000e+00
    endloop
  endfacet
  facet normal 0.000000e+00 -1.000000e+00 0.000000e+00
    outer loop
      vertex   9.251666e+00 1.500000e+01 -1.300000e+00
      vertex   1.159111e+01 1.500000e+01 -3.105829e+00
      vertex   1.189734e+01 1.500000e+01 -1.566314e+00
    endloop
  endfacet
  facet normal 0.000000e+00 -1.000000e+00 0.000000e+00
    outer loop
      vertex   9.251666e+00 1.500000e+01 -1.300000e+00
      vertex   1.189734e+01 1.500000e+01 -1.566314e+00
      vertex   9.511407e+00 1.500000e+01 -6.729295e-01
    endloop
  endfacet
  facet normal 0.000000e+00 -1.000000e+00 0.000000e+00
    outer loop
      vertex   9.511407e+00 1.500000e+01 -6.729295e-01
      vertex   1.189734e+01 1.500000e+01 -1.566314e+00
      vertex   1.200000e+01 1.500000e+01 0.000000e+00
    endloop
  endfacet
  facet normal 0.000000e+00 -1.000000e+00 0.000000e+00
    outer loop
      vertex   9.511407e+00 1.500000e+01 -6.729295e-01
      vertex   1.200000e+01 1.500000e+01 0.000000e+00
      vertex   9.600000e+00 1.500000e+01 1.554312e-15
    endloop
  endfacet
  facet normal 0.000000e+00 -1.000000e+00 0.000000e+00
    outer loop
      vertex   9.600000e+00 1.500000e+01 1.554312e-15
      vertex   1.200000e+01 1.500000e+01 0.000000e+00
      vertex   9.511407e+00 1.500000e+01 6.729295e-01
    endloop
  endfacet
  facet normal 0.000000e+00 -1.000000e+00 0.000000e+00
    outer loop
      vertex   9.511407e+00 1.500000e+01 6.729295e-01
      vertex   1.200000e+01 1.500000e+01 0.000000e+00
      vertex   1.189734e+01 1.500000e+01 1.566314e+00
    endloop
  endfacet
  facet normal 0.000000e+00 -1.000000e+00 0.000000e+00
    outer loop
      vertex   9.511407e+00 1.500000e+01 6.729295e-01
      vertex   1.189734e+01 1.500000e+01 1.566314e+00
      vertex   9.251666e+00 1.500000e+01 1.300000e+00
    endloop
  endfacet
  facet normal 0.000000e+00 -1.000000e+00 0.000000e+00
    outer loop
      vertex   9.251666e+00 1.500000e+01 1.300000e+00
      vertex   1.189734e+01 1.500000e+01 1.566314e+00
      vertex   1.159111e+01 1.500000e+01 3.105829e+00
    endloop
  endfacet
  facet normal 0.000000e+00 -1.000000e+00 0.000000e+00
    outer loop
      vertex   9.251666e+00 1.500000e+01 1.300000e+00
      vertex   1.159111e+01 1.500000e+01 3.105829e+00
      vertex   8.838478e+00 1.500000e+01 1.838478e+00
    endloop
  endfacet
  facet normal 0.000000e+00 -1.000000e+00 0.000000e+00
    outer loop
      vertex   8.838478e+00 1.500000e+01 1.838478e+00
      vertex   1.159111e+01 1.500000e+01 3.105829e+00
      vertex   1.108655e+01 1.500000e+01 4.592201e+00
    endloop
  endfacet
  facet normal 0.000000e+00 -1.000000e+00 0.000000e+00
    outer loop
      vertex   8.838478e+00 1.500000e+01 1.838478e+00
      vertex   1.108655e+01 1.500000e+01 4.592201e+00
      vertex   8.300000e+00 1.500000e+01 2.251666e+00
    endloop
  endfacet
  facet normal 0.000000e+00 -1.000000e+00 0.000000e+00
    outer loop
      vertex   8.300000e+00 1.500000e+01 2.251666e+00
      vertex   1.108655e+01 1.500000e+01 4.592201e+00
      vertex   7.672930e+00 1.500000e+01 2.511407e+00
    endloop
  endfacet
  facet normal 0.000000e+00 -1.000000e+00 0.000000e+00
    outer loop
      vertex   7.672930e+00 1.500000e+01 2.511407e+00
      vertex   1.108655e+01 1.500000e+01 4.592201e+00
      vertex   1.039230e+01 1.500000e+01 6.000000e+00
    endloop
  endfacet
  facet normal 0.000000e+00 -1.000000e+00 0.000000e+00
    outer loop
      vertex   7.672930e+00 1.500000e+01 2.511407e+00
      vertex   1.039230e+01 1.500000e+01 6.000000e+00
      vertex   7.000000e+00 1.500000e+01 2.600000e+00
    endloop
  endfacet
  facet normal 0.000000e+00 -1.000000e+00 0.000000e+00
    outer loop
      vertex   7.000000e+00 1.500000e+01 2.600000e+00
      vertex   1.039230e+01 1.500000e+01 6.000000e+00
      vertex   9.520240e+00 1.500000e+01 7.305137e+00
    endloop
  endfacet
  facet normal 0.000000e+00 -1.000000e+00 0.000000e+00
    outer loop
      vertex   7.000000e+00 1.500000e+01 2.600000e+00
      vertex   9.520240e+00 1.500000e+01 7.305137e+00
      vertex   8.485281e+00 1.500000e+01 8.485281e+00
    endloop
  endfacet
  facet normal 0.000000e+00 -1.000000e+00 -0.000000e+00
    outer loop
      vertex   7.305137e+00 1.500000e+01 9.520240e+00
      vertex   2.600000e+00 1.500000e+01 7.000000e+00
      vertex   8.485281e+00 1.500000e+01 8.485281e+00
    endloop
  endfacet
  facet normal 0.000000e+00 -1.000000e+00 0.000000e+00
    outer loop
      vertex   8.485281e+00 1.500000e+01 8.485281e+00
      vertex   2.600000e+00 1.500000e+01 7.000000e+00
      vertex   2.511407e+00 1.500000e+01 6.327070e+00
    endloop
  endfacet
  facet normal 0.000000e+00 -1.000000e+00 0.000000e+00
    outer loop
      vertex   8.485281e+00 1.500000e+01 8.485281e+00
      vertex   2.511407e+00 1.500000e+01 6.327070e+00
      vertex   6.327070e+00 1.500000e+01 2.511407e+00
    endloop
  endfacet
  facet normal 0.000000e+00 -1.000000e+00 0.000000e+00
    outer loop
      vertex   6.327070e+00 1.500000e+01 2.511407e+00
      vertex   2.511407e+00 1.500000e+01 6.327070e+00
      vertex   2.251666e+00 1.500000e+01 5.700000e+00
    endloop
  endfacet
  facet normal -0.000000e+00 -1.000000e+00 0.000000e+00
    outer loop
      vertex   6.327070e+00 1.500000e+01 2.511407e+00
      vertex   2.251666e+00 1.500000e+01 5.700000e+00
      vertex   5.700000e+00 1.500000e+01 2.251666e+00
    endloop
  endfacet
  facet normal 0.000000e+00 -1.000000e+00 0.000000e+00
    outer loop
      vertex   5.700000e+00 1.500000e+01 2.251666e+00
      vertex   2.251666e+00 1.500000e+01 5.700000e+00
      vertex   1.838478e+00 1.500000e+01 5.161522e+00
    endloop
  endfacet
  facet normal -0.000000e+00 -1.000000e+00 0.000000e+00
    outer loop
      vertex   5.700000e+00 1.500000e+01 2.251666e+00
      vertex   1.838478e+00 1.500000e+01 5.161522e+00
      vertex   5.161522e+00 1.500000e+01 1.838478e+00
    endloop
  endfacet
  facet normal 0.000000e+00 -1.000000e+00 0.000000e+00
    outer loop
      vertex   5.161522e+00 1.500000e+01 1.838478e+00
      vertex   1.838478e+00 1.500000e+01 5.161522e+00
      vertex   1.300000e+00 1.500000e+01 4.748334e+00
    endloop
  endfacet
  facet normal 0.000000e+00 -1.000000e+00 0.000000e+00
    outer loop
      vertex   2.600000e+00 1.500000e+01 7.000000e+00
      vertex   7.305137e+00 1.500000e+01 9.520240e+00
      vertex   2.511407e+00 1.500000e+01 7.672930e+00
    endloop
  endfacet
  facet normal 0.000000e+00 -1.000000e+00 0.000000e+00
    outer loop
      vertex   2.511407e+00 1.500000e+01 7.672930e+00
      vertex   7.305137e+00 1.500000e+01 9.520240e+00
      vertex   6.000000e+00 1.500000e+01 1.039230e+01
    endloop
  endfacet
  facet normal 0.000000e+00 -1.000000e+00 0.000000e+00
    outer loop
      vertex   2.511407e+00 1.500000e+01 7.672930e+00
      vertex   6.000000e+00 1.500000e+01 1.039230e+01
      vertex   2.251666e+00 1.500000e+01 8.300000e+00
    endloop
  endfacet
  facet normal 0.000000e+00 -1.000000e+00 0.000000e+00
    outer loop
      vertex   2.251666e+00 1.500000e+01 8.300000e+00
      vertex   6.000000e+00 1.500000e+01 1.039230e+01
      vertex   4.592201e+00 1.500000e+01 1.108655e+01
    endloop
  endfacet
  facet normal 0.000000e+00 -1.000000e+00 0.000000e+00
    outer loop
      vertex   2.251666e+00 1.500000e+01 8.300000e+00
      vertex   4.592201e+00 1.500000e+01 1.108655e+01
      vertex   1.838478e+00 1.500000e+01 8.838478e+00
    endloop
  endfacet
  facet normal 0.000000e+00 -1.000000e+00 0.000000e+00
    outer loop
      vertex   1.838478e+00 1.500000e+01 8.838478e+00
      vertex   4.592201e+00 1.500000e+01 1.108655e+01
      vertex   3.105829e+00 1.500000e+01 1.159111e+01
    endloop
  endfacet
  facet normal 0.000000e+00 -1.000000e+00 0.000000e+00
    outer loop
      vertex   1.838478e+00 1.500000e+01 8.838478e+00
      vertex   3.105829e+00 1.500000e+01 1.159111e+01
      vertex   1.300000e+00 1.500000e+01 9.251666e+00
    endloop
  endfacet
  facet normal 0.000000e+00 -1.000000e+00 0.000000e+00
    outer loop
      vertex   1.300000e+00 1.500000e+01 9.251666e+00
      vertex   3.105829e+00 1.500000e+01 1.159111e+01
      vertex   1.566314e+00 1.500000e+01 1.189734e+01
    endloop
  endfacet
  facet normal 0.000000e+00 -1.000000e+00 0.000000e+00
    outer loop
      vertex   1.300000e+00 1.500000e+01 9.251666e+00
      vertex   1.566314e+00 1.500000e+01 1.189734e+01
      vertex   6.729295e-01 1.500000e+01 9.511407e+00
    endloop
  endfacet
  facet normal 0.000000e+00 -1.000000e+00 0.000000e+00
    outer loop
      vertex   6.729295e-01 1.500000e+01 9.511407e+00
      vertex   1.566314e+00 1.500000e+01 1.189734e+01
      vertex   0.000000e+00 1.500000e+01 1.200000e+01
    endloop
  endfacet
  facet normal 0.000000e+00 -1.000000e+00 0.000000e+00
    outer loop
      vertex   6.729295e-01 1.500000e+01 9.511407e+00
      vertex   0.000000e+00 1.500000e+01 1.200000e+01
      vertex   -6.980487e-16 1.500000e+01 9.600000e+00
    endloop
  endfacet
  facet normal -0.000000e+00 -1.000000e+00 0.000000e+00
    outer loop
      vertex   -6.980487e-16 1.500000e+01 9.600000e+00
      vertex   0.000000e+00 1.500000e+01 1.200000e+01
      vertex   -6.729295e-01 1.500000e+01 9.511407e+00
    endloop
  endfacet
  facet normal -0.000000e+00 -1.000000e+00 0.000000e+00
    outer loop
      vertex   -6.729295e-01 1.500000e+01 9.511407e+00
      vertex   0.000000e+00 1.500000e+01 1.200000e+01
      vertex   -1.300000e+00 1.500000e+01 9.251666e+00
    endloop
  endfacet
  facet normal -0.000000e+00 -1.000000e+00 0.000000e+00
    outer loop
      vertex   -1.300000e+00 1.500000e+01 9.251666e+00
      vertex   0.000000e+00 1.500000e+01 1.200000e+01
      vertex   -1.838478e+00 1.500000e+01 8.838478e+00
    endloop
  endfacet
  facet normal 0.000000e+00 -1.000000e+00 0.000000e+00
    outer loop
      vertex   -1.838478e+00 1.500000e+01 8.838478e+00
      vertex   0.000000e+00 1.500000e+01 1.200000e+01
      vertex   -1.300000e+01 1.500000e+01 1.200000e+01
    endloop
  endfacet
  facet normal -0.000000e+00 -1.000000e+00 0.000000e+00
    outer loop
      vertex   -1.838478e+00 1.500000e+01 8.838478e+00
      vertex   -1.300000e+01 1.500000e+01 1.200000e+01
      vertex   -2.251666e+00 1.500000e+01 8.300000e+00
    endloop
  endfacet
  facet normal -0.000000e+00 -1.000000e+00 0.000000e+00
    outer loop
      vertex   -2.251666e+00 1.500000e+01 8.300000e+00
      vertex   -1.300000e+01 1.500000e+01 1.200000e+01
      vertex   -2.511407e+00 1.500000e+01 7.672930e+00
    endloop
  endfacet
  facet normal -0.000000e+00 -1.000000e+00 0.000000e+00
    outer loop
      vertex   -2.511407e+00 1.500000e+01 7.672930e+00
      vertex   -1.300000e+01 1.500000e+01 1.200000e+01
      vertex   -7.672930e+00 1.500000e+01 2.511407e+00
    endloop
  endfacet
  facet normal 0.000000e+00 -1.000000e+00 0.000000e+00
    outer loop
      vertex   -2.511407e+00 1.500000e+01 7.672930e+00
      vertex   -7.672930e+00 1.500000e+01 2.511407e+00
      vertex   -2.600000e+00 1.500000e+01 7.000000e+00
    endloop
  endfacet
  facet normal 0.000000e+00 -1.000000e+00 0.000000e+00
    outer loop
      vertex   -2.600000e+00 1.500000e+01 7.000000e+00
      vertex   -7.672930e+00 1.500000e+01 2.511407e+00
      vertex   -7.000000e+00 1.500000e+01 2.600000e+00
    endloop
  endfacet
  facet normal 0.000000e+00 -1.000000e+00 -0.000000e+00
    outer loop
      vertex   -2.600000e+00 1.500000e+01 7.000000e+00
      vertex   -7.000000e+00 1.500000e+01 2.600000e+00
      vertex   -2.511407e+00 1.500000e+01 6.327070e+00
    endloop
  endfacet
  facet normal 0.000000e+00 -1.000000e+00 0.000000e+00
    outer loop
      vertex   -2.511407e+00 1.500000e+01 6.327070e+00
      vertex   -7.000000e+00 1.500000e+01 2.600000e+00
      vertex   -6.327070e+00 1.500000e+01 2.511407e+00
    endloop
  endfacet
  facet normal 0.000000e+00 -1.000000e+00 -0.000000e+00
    outer loop
      vertex   -2.511407e+00 1.500000e+01 6.327070e+00
      vertex   -6.327070e+00 1.500000e+01 2.511407e+00
      vertex   -2.251666e+00 1.500000e+01 5.700000e+00
    endloop
  endfacet
  facet normal 0.000000e+00 -1.000000e+00 0.000000e+00
    outer loop
      vertex   -2.251666e+00 1.500000e+01 5.700000e+00
      vertex   -6.327070e+00 1.500000e+01 2.511407e+00
      vertex   -5.700000e+00 1.500000e+01 2.251666e+00
    endloop
  endfacet
  facet normal 0.000000e+00 -1.000000e+00 -0.000000e+00
    outer loop
      vertex   -2.251666e+00 1.500000e+01 5.700000e+00
      vertex   -5.700000e+00 1.500000e+01 2.251666e+00
      vertex   -1.838478e+00 1.500000e+01 5.161522e+00
    endloop
  endfacet
  facet normal 0.000000e+00 -1.000000e+00 0.000000e+00
    outer loop
      vertex   -1.838478e+00 1.500000e+01 5.161522e+00
      vertex   -5.700000e+00 1.500000e+01 2.251666e+00
      vertex   -5.161522e+00 1.500000e+01 1.838478e+00
    endloop
  endfacet
  facet normal 0.000000e+00 -1.000000e+00 0.000000e+00
    outer loop
      vertex   -1.300000e+01 1.500000e+01 -1.200000e+01
      vertex   -9.600000e+00 1.500000e+01 -1.872720e-15
      vertex   -1.300000e+01 1.500000e+01 1.200000e+01
    endloop
  endfacet
  facet normal 0.000000e+00 -1.000000e+00 0.000000e+00
    outer loop
      vertex   -1.300000e+01 1.500000e+01 1.200000e+01
      vertex   -9.600000e+00 1.500000e+01 -1.872720e-15
      vertex   -9.511407e+00 1.500000e+01 6.729295e-01
    endloop
  endfacet
  facet normal 0.000000e+00 -1.000000e+00 0.000000e+00
    outer loop
      vertex   -1.300000e+01 1.500000e+01 1.200000e+01
      vertex   -9.511407e+00 1.500000e+01 6.729295e-01
      vertex   -9.251666e+00 1.500000e+01 1.300000e+00
    endloop
  endfacet
  facet normal 0.000000e+00 -1.000000e+00 0.000000e+00
    outer loop
      vertex   0.000000e+00 1.500000e+01 -1.200000e+01
      vertex   -1.838478e+00 1.500000e+01 -8.838478e+00
      vertex   -1.300000e+01 1.500000e+01 -1.200000e+01
    endloop
  endfacet
  facet normal 0.000000e+00 -1.000000e+00 0.000000e+00
    outer loop
      vertex   -1.300000e+01 1.500000e+01 -1.200000e+01
      vertex   -1.838478e+00 1.500000e+01 -8.838478e+00
      vertex   -2.251666e+00 1.500000e+01 -8.300000e+00
    endloop
  endfacet
  facet normal 0.000000e+00 -1.000000e+00 0.000000e+00
    outer loop
      vertex   -1.300000e+01 1.500000e+01 -1.200000e+01
      vertex   -2.251666e+00 1.500000e+01 -8.300000e+00
      vertex   -2.511407e+00 1.500000e+01 -7.672930e+00
    endloop
  endfacet
  facet normal 0.000000e+00 -1.000000e+00 0.000000e+00
    outer loop
      vertex   -9.251666e+00 1.500000e+01 1.300000e+00
      vertex   -8.838478e+00 1.500000e+01 1.838478e+00
      vertex   -1.300000e+01 1.500000e+01 1.200000e+01
    endloop
  endfacet
  facet normal 0.000000e+00 -1.000000e+00 0.000000e+00
    outer loop
      vertex   -1.300000e+01 1.500000e+01 1.200000e+01
      vertex   -8.838478e+00 1.500000e+01 1.838478e+00
      vertex   -8.300000e+00 1.500000e+01 2.251666e+00
    endloop
  endfacet
  facet normal 0.000000e+00 -1.000000e+00 0.000000e+00
    outer loop
      vertex   -1.300000e+01 1.500000e+01 1.200000e+01
      vertex   -8.300000e+00 1.500000e+01 2.251666e+00
      vertex   -7.672930e+00 1.500000e+01 2.511407e+00
    endloop
  endfacet
  facet normal -0.000000e+00 -1.000000e+00 0.000000e+00
    outer loop
      vertex   -1.300000e+00 1.500000e+01 -4.748334e+00
      vertex   -5.161522e+00 1.500000e+01 -1.838478e+00
      vertex   -1.838478e+00 1.500000e+01 -5.161522e+00
    endloop
  endfacet
  facet normal 0.000000e+00 -1.000000e+00 0.000000e+00
    outer loop
      vertex   -1.838478e+00 1.500000e+01 -5.161522e+00
      vertex   -5.161522e+00 1.500000e+01 -1.838478e+00
      vertex   -5.700000e+00 1.500000e+01 -2.251666e+00
    endloop
  endfacet
  facet normal -0.000000e+00 -1.000000e+00 0.000000e+00
    outer loop
      vertex   -1.838478e+00 1.500000e+01 -5.161522e+00
      vertex   -5.700000e+00 1.500000e+01 -2.251666e+00
      vertex   -2.251666e+00 1.500000e+01 -5.700000e+00
    endloop
  endfacet
  facet normal 0.000000e+00 -1.000000e+00 0.000000e+00
    outer loop
      vertex   -2.251666e+00 1.500000e+01 -5.700000e+00
      vertex   -5.700000e+00 1.500000e+01 -2.251666e+00
      vertex   -6.327070e+00 1.500000e+01 -2.511407e+00
    endloop
  endfacet
  facet normal -0.000000e+00 -1.000000e+00 0.000000e+00
    outer loop
      vertex   -2.251666e+00 1.500000e+01 -5.700000e+00
      vertex   -6.327070e+00 1.500000e+01 -2.511407e+00
      vertex   -2.511407e+00 1.500000e+01 -6.327070e+00
    endloop
  endfacet
  facet normal 0.000000e+00 -1.000000e+00 0.000000e+00
    outer loop
      vertex   -2.511407e+00 1.500000e+01 -6.327070e+00
      vertex   -6.327070e+00 1.500000e+01 -2.511407e+00
      vertex   -7.000000e+00 1.500000e+01 -2.600000e+00
    endloop
  endfacet
  facet normal -0.000000e+00 -1.000000e+00 0.000000e+00
    outer loop
      vertex   -2.511407e+00 1.500000e+01 -6.327070e+00
      vertex   -7.000000e+00 1.500000e+01 -2.600000e+00
      vertex   -2.600000e+00 1.500000e+01 -7.000000e+00
    endloop
  endfacet
  facet normal 0.000000e+00 -1.000000e+00 0.000000e+00
    outer loop
      vertex   -2.600000e+00 1.500000e+01 -7.000000e+00
      vertex   -7.000000e+00 1.500000e+01 -2.600000e+00
      vertex   -7.672930e+00 1.500000e+01 -2.511407e+00
    endloop
  endfacet
  facet normal -0.000000e+00 -1.000000e+00 -0.000000e+00
    outer loop
      vertex   -2.600000e+00 1.500000e+01 -7.000000e+00
      vertex   -7.672930e+00 1.500000e+01 -2.511407e+00
      vertex   -2.511407e+00 1.500000e+01 -7.672930e+00
    endloop
  endfacet
  facet normal -0.000000e+00 -1.000000e+00 0.000000e+00
    outer loop
      vertex   -2.511407e+00 1.500000e+01 -7.672930e+00
      vertex   -7.672930e+00 1.500000e+01 -2.511407e+00
      vertex   -1.300000e+01 1.500000e+01 -1.200000e+01
    endloop
  endfacet
  facet normal -0.000000e+00 -1.000000e+00 0.000000e+00
    outer loop
      vertex   -7.672930e+00 1.500000e+01 -2.511407e+00
      vertex   -8.300000e+00 1.500000e+01 -2.251666e+00
      vertex   -1.300000e+01 1.500000e+01 -1.200000e+01
    endloop
  endfacet
  facet normal 0.000000e+00 -1.000000e+00 0.000000e+00
    outer loop
      vertex   -1.300000e+01 1.500000e+01 -1.200000e+01
      vertex   -8.300000e+00 1.500000e+01 -2.251666e+00
      vertex   -8.838478e+00 1.500000e+01 -1.838478e+00
    endloop
  endfacet
  facet normal 0.000000e+00 -1.000000e+00 0.000000e+00
    outer loop
      vertex   -1.300000e+01 1.500000e+01 -1.200000e+01
      vertex   -8.838478e+00 1.500000e+01 -1.838478e+00
      vertex   -9.251666e+00 1.500000e+01 -1.300000e+00
    endloop
  endfacet
  facet normal -0.000000e+00 -1.000000e+00 0.000000e+00
    outer loop
      vertex   -9.251666e+00 1.500000e+01 -1.300000e+00
      vertex   -9.511407e+00 1.500000e+01 -6.729295e-01
      vertex   -1.300000e+01 1.500000e+01 -1.200000e+01
    endloop
  endfacet
  facet normal 0.000000e+00 -1.000000e+00 0.000000e+00
    outer loop
      vertex   -1.300000e+01 1.500000e+01 -1.200000e+01
      vertex   -9.511407e+00 1.500000e+01 -6.729295e-01
      vertex   -9.600000e+00 1.500000e+01 -1.872720e-15
    endloop
  endfacet
  facet normal -0.000000e+00 -1.000000e+00 -0.000000e+00
    outer loop
      vertex   -6.729295e-01 1.500000e+01 -9.511407e+00
      vertex   -1.300000e+00 1.500000e+01 -9.251666e+00
      vertex   0.000000e+00 1.500000e+01 -1.200000e+01
    endloop
  endfacet
  facet normal 0.000000e+00 -1.000000e+00 0.000000e+00
    outer loop
      vertex   0.000000e+00 1.500000e+01 -1.200000e+01
      vertex   -1.300000e+00 1.500000e+01 -9.251666e+00
      vertex   -1.838478e+00 1.500000e+01 -8.838478e+00
    endloop
  endfacet
  facet normal 0.000000e+00 -1.000000e+00 0.000000e+00
    outer loop
      vertex   6.327070e+00 1.500000e+01 2.511407e+00
      vertex   7.000000e+00 1.500000e+01 2.600000e+00
      vertex   8.485281e+00 1.500000e+01 8.485281e+00
    endloop
  endfacet
  facet normal 1.000000e+00 -0.000000e+00 0.000000e+00
    outer loop
      vertex   -1.300000e+01 5.000000e+00 1.200000e+01
      vertex   -1.300000e+01 5.000000e+00 -1.200000e+01
      vertex   -1.300000e+01 1.500000e+01 1.200000e+01
    endloop
  endfacet
  facet normal 1.000000e+00 0.000000e+00 0.000000e+00
    outer loop
      vertex   -1.300000e+01 1.500000e+01 1.200000e+01
      vertex   -1.300000e+01 5.000000e+00 -1.200000e+01
      vertex   -1.300000e+01 1.500000e+01 -1.200000e+01
    endloop
  endfacet
  facet normal 6.540324e-02 -4.460777e-08 9.978589e-01
    outer loop
      vertex   0.000000e+00 5.000000e+00 1.200000e+01
      vertex   2.099015e-15 1.000000e+00 1.200000e+01
      vertex   1.566314e+00 5.000000e+00 1.189734e+01
    endloop
  endfacet
  facet normal 6.540313e-02 3.993663e-17 9.978589e-01
    outer loop
      vertex   1.566314e+00 5.000000e+00 1.189734e+01
      vertex   2.099015e-15 1.000000e+00 1.200000e+01
      vertex   1.566314e+00 1.000000e+00 1.189734e+01
    endloop
  endfacet
  facet normal 1.950903e-01 1.191266e-16 9.807853e-01
    outer loop
      vertex   1.566314e+00 5.000000e+00 1.189734e+01
      vertex   1.566314e+00 1.000000e+00 1.189734e+01
      vertex   3.105829e+00 5.000000e+00 1.159111e+01
    endloop
  endfacet
  facet normal 1.950903e-01 8.663751e-17 9.807853e-01
    outer loop
      vertex   3.105829e+00 5.000000e+00 1.159111e+01
      vertex   1.566314e+00 1.000000e+00 1.189734e+01
      vertex   3.105829e+00 1.000000e+00 1.159111e+01
    endloop
  endfacet
  facet normal 3.214395e-01 1.427478e-16 9.469301e-01
    outer loop
      vertex   3.105829e+00 5.000000e+00 1.159111e+01
      vertex   3.105829e+00 1.000000e+00 1.159111e+01
      vertex   4.592201e+00 5.000000e+00 1.108655e+01
    endloop
  endfacet
  facet normal 3.214395e-01 -2.777737e-16 9.469301e-01
    outer loop
      vertex   4.592201e+00 5.000000e+00 1.108655e+01
      vertex   3.105829e+00 1.000000e+00 1.159111e+01
      vertex   4.592201e+00 1.000000e+00 1.108655e+01
    endloop
  endfacet
  facet normal 4.422887e-01 -2.018759e-16 8.968727e-01
    outer loop
      vertex   4.592201e+00 5.000000e+00 1.108655e+01
      vertex   4.592201e+00 1.000000e+00 1.108655e+01
      vertex   6.000000e+00 5.000000e+00 1.039230e+01
    endloop
  endfacet
  facet normal 4.422887e-01 9.820782e-17 8.968727e-01
    outer loop
      vertex   6.000000e+00 5.000000e+00 1.039230e+01
      vertex   4.592201e+00 1.000000e+00 1.108655e+01
      vertex   6.000000e+00 1.000000e+00 1.039230e+01
    endloop
  endfacet
  facet normal 5.555702e-01 1.233614e-16 8.314696e-01
    outer loop
      vertex   6.000000e+00 5.000000e+00 1.039230e+01
      vertex   6.000000e+00 1.000000e+00 1.039230e+01
      vertex   7.305137e+00 5.000000e+00 9.520240e+00
    endloop
  endfacet
  facet normal 5.555702e-01 8.374356e-19 8.314696e-01
    outer loop
      vertex   7.305137e+00 5.000000e+00 9.520240e+00
      vertex   6.000000e+00 1.000000e+00 1.039230e+01
      vertex   7.305137e+00 1.000000e+00 9.520240e+00
    endloop
  endfacet
  facet normal 6.593458e-01 1.053286e-16 7.518398e-01
    outer loop
      vertex   7.305137e+00 5.000000e+00 9.520240e+00
      vertex   7.305137e+00 1.000000e+00 9.520240e+00
      vertex   8.485281e+00 5.000000e+00 8.485281e+00
    endloop
  endfacet
  facet normal 6.593458e-01 -3.338839e-16 7.518398e-01
    outer loop
      vertex   8.485281e+00 5.000000e+00 8.485281e+00
      vertex   7.305137e+00 1.000000e+00 9.520240e+00
      vertex   8.485281e+00 1.000000e+00 8.485281e+00
    endloop
  endfacet
  facet normal 7.518398e-01 -2.928084e-16 6.593458e-01
    outer loop
      vertex   8.485281e+00 5.000000e+00 8.485281e+00
      vertex   8.485281e+00 1.000000e+00 8.485281e+00
      vertex   9.520240e+00 5.000000e+00 7.305137e+00
    endloop
  endfacet
  facet normal 7.518398e-01 -2.517328e-16 6.593458e-01
    outer loop
      vertex   9.520240e+00 5.000000e+00 7.305137e+00
      vertex   8.485281e+00 1.000000e+00 8.485281e+00
      vertex   9.520240e+00 1.000000e+00 7.305137e+00
    endloop
  endfacet
  facet normal 8.314696e-01 -1.241988e-16 5.555702e-01
    outer loop
      vertex   9.520240e+00 5.000000e+00 7.305137e+00
      vertex   9.520240e+00 1.000000e+00 7.305137e+00
      vertex   1.039230e+01 5.000000e+00 6.000000e+00
    endloop
  endfacet
  facet normal 8.314696e-01 4.917706e-16 5.555702e-01
    outer loop
      vertex   1.039230e+01 5.000000e+00 6.000000e+00
      vertex   9.520240e+00 1.000000e+00 7.305137e+00
      vertex   1.039230e+01 1.000000e+00 6.000000e+00
    endloop
  endfacet
  facet normal 8.968727e-01 6.001674e-16 4.422887e-01
    outer loop
      vertex   1.039230e+01 5.000000e+00 6.000000e+00
      vertex   1.039230e+01 1.000000e+00 6.000000e+00
      vertex   1.108655e+01 5.000000e+00 4.592201e+00
    endloop
  endfacet
  facet normal 8.968727e-01 1.036681e-16 4.422887e-01
    outer loop
      vertex   1.108655e+01 5.000000e+00 4.592201e+00
      vertex   1.039230e+01 1.000000e+00 6.000000e+00
      vertex   1.108655e+01 1.000000e+00 4.592201e+00
    endloop
  endfacet
  facet normal 9.469301e-01 2.063998e-16 3.214395e-01
    outer loop
      vertex   1.108655e+01 5.000000e+00 4.592201e+00
      vertex   1.108655e+01 1.000000e+00 4.592201e+00
      vertex   1.159111e+01 5.000000e+00 3.105829e+00
    endloop
  endfacet
  facet normal 9.469301e-01 -2.141217e-16 3.214395e-01
    outer loop
      vertex   1.159111e+01 5.000000e+00 3.105829e+00
      vertex   1.108655e+01 1.000000e+00 4.592201e+00
      vertex   1.159111e+01 1.000000e+00 3.105829e+00
    endloop
  endfacet
  facet normal 9.807853e-01 -1.299563e-16 1.950903e-01
    outer loop
      vertex   1.159111e+01 5.000000e+00 3.105829e+00
      vertex   1.159111e+01 1.000000e+00 3.105829e+00
      vertex   1.189734e+01 5.000000e+00 1.566314e+00
    endloop
  endfacet
  facet normal 9.807853e-01 3.164296e-16 1.950903e-01
    outer loop
      vertex   1.189734e+01 5.000000e+00 1.566314e+00
      vertex   1.159111e+01 1.000000e+00 3.105829e+00
      vertex   1.189734e+01 1.000000e+00 1.566314e+00
    endloop
  endfacet
  facet normal 9.978589e-01 4.032017e-16 6.540313e-02
    outer loop
      vertex   1.189734e+01 5.000000e+00 1.566314e+00
      vertex   1.189734e+01 1.000000e+00 1.566314e+00
      vertex   1.200000e+01 5.000000e+00 0.000000e+00
    endloop
  endfacet
  facet normal 9.978589e-01 -4.356724e-17 6.540313e-02
    outer loop
      vertex   1.200000e+01 5.000000e+00 0.000000e+00
      vertex   1.189734e+01 1.000000e+00 1.566314e+00
      vertex   1.200000e+01 1.000000e+00 -2.664535e-15
    endloop
  endfacet
  facet normal 9.978589e-01 4.356724e-17 -6.540313e-02
    outer loop
      vertex   1.200000e+01 5.000000e+00 0.000000e+00
      vertex   1.200000e+01 1.000000e+00 -2.664535e-15
      vertex   1.189734e+01 5.000000e+00 -1.566314e+00
    endloop
  endfacet
  facet normal 9.978589e-01 3.993663e-17 -6.540313e-02
    outer loop
      vertex   1.189734e+01 5.000000e+00 -1.566314e+00
      vertex   1.200000e+01 1.000000e+00 -2.664535e-15
      vertex   1.189734e+01 1.000000e+00 -1.566314e+00
    endloop
  endfacet
  facet normal 9.807853e-01 1.191266e-16 -1.950903e-01
    outer loop
      vertex   1.189734e+01 5.000000e+00 -1.566314e+00
      vertex   1.189734e+01 1.000000e+00 -1.566314e+00
      vertex   1.159111e+01 5.000000e+00 -3.105829e+00
    endloop
  endfacet
  facet normal 9.807853e-01 1.299563e-16 -1.950903e-01
    outer loop
      vertex   1.159111e+01 5.000000e+00 -3.105829e+00
      vertex   1.189734e+01 1.000000e+00 -1.566314e+00
      vertex   1.159111e+01 1.000000e+00 -3.105829e+00
    endloop
  endfacet
  facet normal 9.469301e-01 2.141217e-16 -3.214395e-01
    outer loop
      vertex   1.159111e+01 5.000000e+00 -3.105829e+00
      vertex   1.159111e+01 1.000000e+00 -3.105829e+00
      vertex   1.108655e+01 5.000000e+00 -4.592201e+00
    endloop
  endfacet
  facet normal 9.469301e-01 -2.777737e-16 -3.214395e-01
    outer loop
      vertex   1.108655e+01 5.000000e+00 -4.592201e+00
      vertex   1.159111e+01 1.000000e+00 -3.105829e+00
      vertex   1.108655e+01 1.000000e+00 -4.592201e+00
    endloop
  endfacet
  facet normal 8.968727e-01 -2.018759e-16 -4.422887e-01
    outer loop
      vertex   1.108655e+01 5.000000e+00 -4.592201e+00
      vertex   1.108655e+01 1.000000e+00 -4.592201e+00
      vertex   1.039230e+01 5.000000e+00 -6.000000e+00
    endloop
  endfacet
  facet normal 8.968727e-01 -1.036681e-16 -4.422887e-01
    outer loop
      vertex   1.039230e+01 5.000000e+00 -6.000000e+00
      vertex   1.108655e+01 1.000000e+00 -4.592201e+00
      vertex   1.039230e+01 1.000000e+00 -6.000000e+00
    endloop
  endfacet
  facet normal 8.314696e-01 8.374356e-19 -5.555702e-01
    outer loop
      vertex   1.039230e+01 5.000000e+00 -6.000000e+00
      vertex   1.039230e+01 1.000000e+00 -6.000000e+00
      vertex   9.520240e+00 5.000000e+00 -7.305137e+00
    endloop
  endfacet
  facet normal 8.314696e-01 3.700841e-16 -5.555702e-01
    outer loop
      vertex   9.520240e+00 5.000000e+00 -7.305137e+00
      vertex   1.039230e+01 1.000000e+00 -6.000000e+00
      vertex   9.520240e+00 1.000000e+00 -7.305137e+00
    endloop
  endfacet
  facet normal 7.518398e-01 4.392125e-16 -6.593458e-01
    outer loop
      vertex   9.520240e+00 5.000000e+00 -7.305137e+00
      vertex   9.520240e+00 1.000000e+00 -7.305137e+00
      vertex   8.485281e+00 5.000000e+00 -8.485281e+00
    endloop
  endfacet
  facet normal 7.518398e-01 -3.749595e-16 -6.593458e-01
    outer loop
      vertex   8.485281e+00 5.000000e+00 -8.485281e+00
      vertex   9.520240e+00 1.000000e+00 -7.305137e+00
      vertex   8.485281e+00 1.000000e+00 -8.485281e+00
    endloop
  endfacet
  facet normal 6.593458e-01 -2.517328e-16 -7.518398e-01
    outer loop
      vertex   8.485281e+00 5.000000e+00 -8.485281e+00
      vertex   8.485281e+00 1.000000e+00 -8.485281e+00
      vertex   7.305137e+00 5.000000e+00 -9.520240e+00
    endloop
  endfacet
  facet normal 6.593458e-01 4.107558e-17 -7.518398e-01
    outer loop
      vertex   7.305137e+00 5.000000e+00 -9.520240e+00
      vertex   8.485281e+00 1.000000e+00 -8.485281e+00
      vertex   7.305137e+00 1.000000e+00 -9.520240e+00
    endloop
  endfacet
  facet normal 5.555702e-01 1.225239e-16 -8.314696e-01
    outer loop
      vertex   7.305137e+00 5.000000e+00 -9.520240e+00
      vertex   7.305137e+00 1.000000e+00 -9.520240e+00
      vertex   6.000000e+00 5.000000e+00 -1.039230e+01
    endloop
  endfacet
  facet normal 5.555702e-01 0.000000e+00 -8.314696e-01
    outer loop
      vertex   6.000000e+00 5.000000e+00 -1.039230e+01
      vertex   7.305137e+00 1.000000e+00 -9.520240e+00
      vertex   6.000000e+00 1.000000e+00 -1.039230e+01
    endloop
  endfacet
  facet normal 4.422887e-01 0.000000e+00 -8.968727e-01
    outer loop
      vertex   6.000000e+00 5.000000e+00 -1.039230e+01
      vertex   6.000000e+00 1.000000e+00 -1.039230e+01
      vertex   4.592201e+00 5.000000e+00 -1.108655e+01
    endloop
  endfacet
  facet normal 4.422887e-01 -2.946235e-16 -8.968727e-01
    outer loop
      vertex   4.592201e+00 5.000000e+00 -1.108655e+01
      vertex   6.000000e+00 1.000000e+00 -1.039230e+01
      vertex   4.592201e+00 1.000000e+00 -1.108655e+01
    endloop
  endfacet
  facet normal 3.214395e-01 -2.141217e-16 -9.469301e-01
    outer loop
      vertex   4.592201e+00 5.000000e+00 -1.108655e+01
      vertex   4.592201e+00 1.000000e+00 -1.108655e+01
      vertex   3.105829e+00 5.000000e+00 -1.159111e+01
    endloop
  endfacet
  facet normal 3.214395e-01 -2.141217e-16 -9.469301e-01
    outer loop
      vertex   3.105829e+00 5.000000e+00 -1.159111e+01
      vertex   4.592201e+00 1.000000e+00 -1.108655e+01
      vertex   3.105829e+00 1.000000e+00 -1.159111e+01
    endloop
  endfacet
  facet normal 1.950903e-01 -1.299563e-16 -9.807853e-01
    outer loop
      vertex   3.105829e+00 5.000000e+00 -1.159111e+01
      vertex   3.105829e+00 1.000000e+00 -1.159111e+01
      vertex   1.566314e+00 5.000000e+00 -1.189734e+01
    endloop
  endfacet
  facet normal 1.950903e-01 -1.191266e-16 -9.807853e-01
    outer loop
      vertex   1.566314e+00 5.000000e+00 -1.189734e+01
      vertex   3.105829e+00 1.000000e+00 -1.159111e+01
      vertex   1.566314e+00 1.000000e+00 -1.189734e+01
    endloop
  endfacet
  facet normal 6.540324e-02 -3.993670e-17 -9.978589e-01
    outer loop
      vertex   1.566314e+00 5.000000e+00 -1.189734e+01
      vertex   1.566314e+00 1.000000e+00 -1.189734e+01
      vertex   0.000000e+00 5.000000e+00 -1.200000e+01
    endloop
  endfacet
  facet normal 6.540313e-02 -4.460777e-08 -9.978589e-01
    outer loop
      vertex   0.000000e+00 5.000000e+00 -1.200000e+01
      vertex   1.566314e+00 1.000000e+00 -1.189734e+01
      vertex   -2.329182e-15 1.000000e+00 -1.200000e+01
    endloop
  endfacet
endsolid
