solid ASCII
  facet normal -1.000000e+00 -0.000000e+00 -0.000000e+00
    outer loop
      vertex   -1.150000e+01 5.500000e+00 6.000000e+00
      vertex   -1.150000e+01 5.500000e+00 -6.000000e+00
      vertex   -1.150000e+01 0.000000e+00 6.000000e+00
    endloop
  endfacet
  facet normal -1.000000e+00 0.000000e+00 0.000000e+00
    outer loop
      vertex   -1.150000e+01 0.000000e+00 6.000000e+00
      vertex   -1.150000e+01 5.500000e+00 -6.000000e+00
      vertex   -1.150000e+01 0.000000e+00 -6.000000e+00
    endloop
  endfacet
  facet normal 5.921189e-16 0.000000e+00 -1.000000e+00
    outer loop
      vertex   -1.150000e+01 5.500000e+00 6.000000e+00
      vertex   -1.150000e+01 0.000000e+00 6.000000e+00
      vertex   -1.300000e+01 5.500000e+00 6.000000e+00
    endloop
  endfacet
  facet normal 0.000000e+00 -1.614870e-16 -1.000000e+00
    outer loop
      vertex   -1.300000e+01 5.500000e+00 6.000000e+00
      vertex   -1.150000e+01 0.000000e+00 6.000000e+00
      vertex   -1.400000e+01 0.000000e+00 6.000000e+00
    endloop
  endfacet
  facet normal -8.881784e-16 0.000000e+00 -1.000000e+00
    outer loop
      vertex   -1.300000e+01 5.500000e+00 6.000000e+00
      vertex   -1.400000e+01 0.000000e+00 6.000000e+00
      vertex   -1.400000e+01 1.000000e+01 6.000000e+00
    endloop
  endfacet
  facet normal 0.000000e+00 1.973730e-16 -1.000000e+00
    outer loop
      vertex   -1.400000e+01 1.000000e+01 6.000000e+00
      vertex   -1.300000e+01 1.000000e+01 6.000000e+00
      vertex   -1.300000e+01 5.500000e+00 6.000000e+00
    endloop
  endfacet
  facet normal 0.000000e+00 0.000000e+00 1.000000e+00
    outer loop
      vertex   -1.150000e+01 5.500000e+00 -6.000000e+00
      vertex   -1.300000e+01 5.500000e+00 -6.000000e+00
      vertex   -1.150000e+01 0.000000e+00 -6.000000e+00
    endloop
  endfacet
  facet normal 0.000000e+00 0.000000e+00 1.000000e+00
    outer loop
      vertex   -1.150000e+01 0.000000e+00 -6.000000e+00
      vertex   -1.300000e+01 5.500000e+00 -6.000000e+00
      vertex   -1.400000e+01 0.000000e+00 -6.000000e+00
    endloop
  endfacet
  facet normal 4.884981e-16 -8.881784e-17 1.000000e+00
    outer loop
      vertex   -1.400000e+01 0.000000e+00 -6.000000e+00
      vertex   -1.300000e+01 5.500000e+00 -6.000000e+00
      vertex   -1.400000e+01 1.000000e+01 -6.000000e+00
    endloop
  endfacet
  facet normal 8.881784e-16 0.000000e+00 1.000000e+00
    outer loop
      vertex   -1.400000e+01 1.000000e+01 -6.000000e+00
      vertex   -1.300000e+01 5.500000e+00 -6.000000e+00
      vertex   -1.300000e+01 1.000000e+01 -6.000000e+00
    endloop
  endfacet
  facet normal 0.000000e+00 1.000000e+00 0.000000e+00
    outer loop
      vertex   2.608000e+00 5.500000e+00 -6.301189e+00
      vertex   8.485281e+00 5.500000e+00 -8.485281e+00
      vertex   2.700000e+00 5.500000e+00 -7.000000e+00
    endloop
  endfacet
  facet normal 0.000000e+00 1.000000e+00 0.000000e+00
    outer loop
      vertex   2.700000e+00 5.500000e+00 -7.000000e+00
      vertex   8.485281e+00 5.500000e+00 -8.485281e+00
      vertex   7.305137e+00 5.500000e+00 -9.520240e+00
    endloop
  endfacet
  facet normal 0.000000e+00 1.000000e+00 0.000000e+00
    outer loop
      vertex   2.700000e+00 5.500000e+00 -7.000000e+00
      vertex   7.305137e+00 5.500000e+00 -9.520240e+00
      vertex   2.608000e+00 5.500000e+00 -7.698811e+00
    endloop
  endfacet
  facet normal 0.000000e+00 1.000000e+00 0.000000e+00
    outer loop
      vertex   2.608000e+00 5.500000e+00 -7.698811e+00
      vertex   7.305137e+00 5.500000e+00 -9.520240e+00
      vertex   6.000000e+00 5.500000e+00 -1.039230e+01
    endloop
  endfacet
  facet normal 0.000000e+00 1.000000e+00 0.000000e+00
    outer loop
      vertex   2.608000e+00 5.500000e+00 -7.698811e+00
      vertex   6.000000e+00 5.500000e+00 -1.039230e+01
      vertex   2.338269e+00 5.500000e+00 -8.350000e+00
    endloop
  endfacet
  facet normal 0.000000e+00 1.000000e+00 0.000000e+00
    outer loop
      vertex   2.338269e+00 5.500000e+00 -8.350000e+00
      vertex   6.000000e+00 5.500000e+00 -1.039230e+01
      vertex   4.592201e+00 5.500000e+00 -1.108655e+01
    endloop
  endfacet
  facet normal 0.000000e+00 1.000000e+00 0.000000e+00
    outer loop
      vertex   2.338269e+00 5.500000e+00 -8.350000e+00
      vertex   4.592201e+00 5.500000e+00 -1.108655e+01
      vertex   1.909188e+00 5.500000e+00 -8.909188e+00
    endloop
  endfacet
  facet normal 0.000000e+00 1.000000e+00 0.000000e+00
    outer loop
      vertex   1.909188e+00 5.500000e+00 -8.909188e+00
      vertex   4.592201e+00 5.500000e+00 -1.108655e+01
      vertex   3.105829e+00 5.500000e+00 -1.159111e+01
    endloop
  endfacet
  facet normal 0.000000e+00 1.000000e+00 0.000000e+00
    outer loop
      vertex   1.909188e+00 5.500000e+00 -8.909188e+00
      vertex   3.105829e+00 5.500000e+00 -1.159111e+01
      vertex   1.350000e+00 5.500000e+00 -9.338269e+00
    endloop
  endfacet
  facet normal 0.000000e+00 1.000000e+00 0.000000e+00
    outer loop
      vertex   1.350000e+00 5.500000e+00 -9.338269e+00
      vertex   3.105829e+00 5.500000e+00 -1.159111e+01
      vertex   1.566314e+00 5.500000e+00 -1.189734e+01
    endloop
  endfacet
  facet normal 0.000000e+00 1.000000e+00 0.000000e+00
    outer loop
      vertex   1.350000e+00 5.500000e+00 -9.338269e+00
      vertex   1.566314e+00 5.500000e+00 -1.189734e+01
      vertex   6.988114e-01 5.500000e+00 -9.608000e+00
    endloop
  endfacet
  facet normal 0.000000e+00 1.000000e+00 0.000000e+00
    outer loop
      vertex   6.988114e-01 5.500000e+00 -9.608000e+00
      vertex   1.566314e+00 5.500000e+00 -1.189734e+01
      vertex   0.000000e+00 5.500000e+00 -1.200000e+01
    endloop
  endfacet
  facet normal 0.000000e+00 1.000000e+00 0.000000e+00
    outer loop
      vertex   6.988114e-01 5.500000e+00 -9.608000e+00
      vertex   0.000000e+00 5.500000e+00 -1.200000e+01
      vertex   -1.653273e-16 5.500000e+00 -9.700000e+00
    endloop
  endfacet
  facet normal 0.000000e+00 1.000000e+00 0.000000e+00
    outer loop
      vertex   -1.653273e-16 5.500000e+00 -9.700000e+00
      vertex   0.000000e+00 5.500000e+00 -1.200000e+01
      vertex   -6.988114e-01 5.500000e+00 -9.608000e+00
    endloop
  endfacet
  facet normal 0.000000e+00 1.000000e+00 0.000000e+00
    outer loop
      vertex   -6.988114e-01 5.500000e+00 -9.608000e+00
      vertex   0.000000e+00 5.500000e+00 -1.200000e+01
      vertex   -1.350000e+00 5.500000e+00 -9.338269e+00
    endloop
  endfacet
  facet normal 0.000000e+00 1.000000e+00 0.000000e+00
    outer loop
      vertex   -1.350000e+00 5.500000e+00 -9.338269e+00
      vertex   0.000000e+00 5.500000e+00 -1.200000e+01
      vertex   -1.909188e+00 5.500000e+00 -8.909188e+00
    endloop
  endfacet
  facet normal 0.000000e+00 1.000000e+00 0.000000e+00
    outer loop
      vertex   -1.909188e+00 5.500000e+00 -8.909188e+00
      vertex   0.000000e+00 5.500000e+00 -1.200000e+01
      vertex   -1.300000e+01 5.500000e+00 -1.200000e+01
    endloop
  endfacet
  facet normal 0.000000e+00 1.000000e+00 0.000000e+00
    outer loop
      vertex   -1.909188e+00 5.500000e+00 -8.909188e+00
      vertex   -1.300000e+01 5.500000e+00 -1.200000e+01
      vertex   -2.338269e+00 5.500000e+00 -8.350000e+00
    endloop
  endfacet
  facet normal 0.000000e+00 1.000000e+00 0.000000e+00
    outer loop
      vertex   -2.338269e+00 5.500000e+00 -8.350000e+00
      vertex   -1.300000e+01 5.500000e+00 -1.200000e+01
      vertex   -1.150000e+01 5.500000e+00 -6.000000e+00
    endloop
  endfacet
  facet normal 0.000000e+00 1.000000e+00 0.000000e+00
    outer loop
      vertex   -2.338269e+00 5.500000e+00 -8.350000e+00
      vertex   -1.150000e+01 5.500000e+00 -6.000000e+00
      vertex   -2.608000e+00 5.500000e+00 -7.698811e+00
    endloop
  endfacet
  facet normal 0.000000e+00 1.000000e+00 0.000000e+00
    outer loop
      vertex   -2.608000e+00 5.500000e+00 -7.698811e+00
      vertex   -1.150000e+01 5.500000e+00 -6.000000e+00
      vertex   -2.700000e+00 5.500000e+00 -7.000000e+00
    endloop
  endfacet
  facet normal 0.000000e+00 1.000000e+00 0.000000e+00
    outer loop
      vertex   -2.700000e+00 5.500000e+00 -7.000000e+00
      vertex   -1.150000e+01 5.500000e+00 -6.000000e+00
      vertex   -7.000000e+00 5.500000e+00 -2.700000e+00
    endloop
  endfacet
  facet normal 0.000000e+00 1.000000e+00 -0.000000e+00
    outer loop
      vertex   -2.700000e+00 5.500000e+00 -7.000000e+00
      vertex   -7.000000e+00 5.500000e+00 -2.700000e+00
      vertex   -2.608000e+00 5.500000e+00 -6.301189e+00
    endloop
  endfacet
  facet normal 0.000000e+00 1.000000e+00 0.000000e+00
    outer loop
      vertex   -2.608000e+00 5.500000e+00 -6.301189e+00
      vertex   -7.000000e+00 5.500000e+00 -2.700000e+00
      vertex   -6.301189e+00 5.500000e+00 -2.608000e+00
    endloop
  endfacet
  facet normal 0.000000e+00 1.000000e+00 -0.000000e+00
    outer loop
      vertex   -2.608000e+00 5.500000e+00 -6.301189e+00
      vertex   -6.301189e+00 5.500000e+00 -2.608000e+00
      vertex   -2.338269e+00 5.500000e+00 -5.650000e+00
    endloop
  endfacet
  facet normal 0.000000e+00 1.000000e+00 0.000000e+00
    outer loop
      vertex   -2.338269e+00 5.500000e+00 -5.650000e+00
      vertex   -6.301189e+00 5.500000e+00 -2.608000e+00
      vertex   -5.650000e+00 5.500000e+00 -2.338269e+00
    endloop
  endfacet
  facet normal 0.000000e+00 1.000000e+00 -0.000000e+00
    outer loop
      vertex   -2.338269e+00 5.500000e+00 -5.650000e+00
      vertex   -5.650000e+00 5.500000e+00 -2.338269e+00
      vertex   -1.909188e+00 5.500000e+00 -5.090812e+00
    endloop
  endfacet
  facet normal 0.000000e+00 1.000000e+00 0.000000e+00
    outer loop
      vertex   -1.909188e+00 5.500000e+00 -5.090812e+00
      vertex   -5.650000e+00 5.500000e+00 -2.338269e+00
      vertex   -5.090812e+00 5.500000e+00 -1.909188e+00
    endloop
  endfacet
  facet normal 0.000000e+00 1.000000e+00 -0.000000e+00
    outer loop
      vertex   -1.909188e+00 5.500000e+00 -5.090812e+00
      vertex   -5.090812e+00 5.500000e+00 -1.909188e+00
      vertex   -1.350000e+00 5.500000e+00 -4.661731e+00
    endloop
  endfacet
  facet normal 0.000000e+00 1.000000e+00 0.000000e+00
    outer loop
      vertex   -1.350000e+00 5.500000e+00 -4.661731e+00
      vertex   -5.090812e+00 5.500000e+00 -1.909188e+00
      vertex   -1.414214e+00 5.500000e+00 -1.414214e+00
    endloop
  endfacet
  facet normal 0.000000e+00 1.000000e+00 -0.000000e+00
    outer loop
      vertex   -1.350000e+00 5.500000e+00 -4.661731e+00
      vertex   -1.414214e+00 5.500000e+00 -1.414214e+00
      vertex   -1.000000e+00 5.500000e+00 -1.732051e+00
    endloop
  endfacet
  facet normal 0.000000e+00 1.000000e+00 0.000000e+00
    outer loop
      vertex   8.485281e+00 5.500000e+00 -8.485281e+00
      vertex   2.608000e+00 5.500000e+00 -6.301189e+00
      vertex   6.301189e+00 5.500000e+00 -2.608000e+00
    endloop
  endfacet
  facet normal 0.000000e+00 1.000000e+00 0.000000e+00
    outer loop
      vertex   6.301189e+00 5.500000e+00 -2.608000e+00
      vertex   2.608000e+00 5.500000e+00 -6.301189e+00
      vertex   2.338269e+00 5.500000e+00 -5.650000e+00
    endloop
  endfacet
  facet normal 0.000000e+00 1.000000e+00 0.000000e+00
    outer loop
      vertex   6.301189e+00 5.500000e+00 -2.608000e+00
      vertex   2.338269e+00 5.500000e+00 -5.650000e+00
      vertex   5.650000e+00 5.500000e+00 -2.338269e+00
    endloop
  endfacet
  facet normal 0.000000e+00 1.000000e+00 0.000000e+00
    outer loop
      vertex   5.650000e+00 5.500000e+00 -2.338269e+00
      vertex   2.338269e+00 5.500000e+00 -5.650000e+00
      vertex   1.909188e+00 5.500000e+00 -5.090812e+00
    endloop
  endfacet
  facet normal 0.000000e+00 1.000000e+00 0.000000e+00
    outer loop
      vertex   5.650000e+00 5.500000e+00 -2.338269e+00
      vertex   1.909188e+00 5.500000e+00 -5.090812e+00
      vertex   5.090812e+00 5.500000e+00 -1.909188e+00
    endloop
  endfacet
  facet normal 0.000000e+00 1.000000e+00 0.000000e+00
    outer loop
      vertex   5.090812e+00 5.500000e+00 -1.909188e+00
      vertex   1.909188e+00 5.500000e+00 -5.090812e+00
      vertex   1.350000e+00 5.500000e+00 -4.661731e+00
    endloop
  endfacet
  facet normal 0.000000e+00 1.000000e+00 0.000000e+00
    outer loop
      vertex   5.090812e+00 5.500000e+00 -1.909188e+00
      vertex   1.350000e+00 5.500000e+00 -4.661731e+00
      vertex   1.414214e+00 5.500000e+00 -1.414214e+00
    endloop
  endfacet
  facet normal 0.000000e+00 1.000000e+00 0.000000e+00
    outer loop
      vertex   1.414214e+00 5.500000e+00 -1.414214e+00
      vertex   1.350000e+00 5.500000e+00 -4.661731e+00
      vertex   1.000000e+00 5.500000e+00 -1.732051e+00
    endloop
  endfacet
  facet normal 0.000000e+00 1.000000e+00 0.000000e+00
    outer loop
      vertex   1.000000e+00 5.500000e+00 -1.732051e+00
      vertex   1.350000e+00 5.500000e+00 -4.661731e+00
      vertex   6.988114e-01 5.500000e+00 -4.392000e+00
    endloop
  endfacet
  facet normal 0.000000e+00 1.000000e+00 0.000000e+00
    outer loop
      vertex   1.000000e+00 5.500000e+00 -1.732051e+00
      vertex   6.988114e-01 5.500000e+00 -4.392000e+00
      vertex   5.176381e-01 5.500000e+00 -1.931852e+00
    endloop
  endfacet
  facet normal 0.000000e+00 1.000000e+00 0.000000e+00
    outer loop
      vertex   5.176381e-01 5.500000e+00 -1.931852e+00
      vertex   6.988114e-01 5.500000e+00 -4.392000e+00
      vertex   -1.653273e-16 5.500000e+00 -4.300000e+00
    endloop
  endfacet
  facet normal 0.000000e+00 1.000000e+00 0.000000e+00
    outer loop
      vertex   5.176381e-01 5.500000e+00 -1.931852e+00
      vertex   -1.653273e-16 5.500000e+00 -4.300000e+00
      vertex   -1.224647e-16 5.500000e+00 -2.000000e+00
    endloop
  endfacet
  facet normal 0.000000e+00 1.000000e+00 0.000000e+00
    outer loop
      vertex   -1.224647e-16 5.500000e+00 -2.000000e+00
      vertex   -1.653273e-16 5.500000e+00 -4.300000e+00
      vertex   -5.176381e-01 5.500000e+00 -1.931852e+00
    endloop
  endfacet
  facet normal 0.000000e+00 1.000000e+00 0.000000e+00
    outer loop
      vertex   -5.176381e-01 5.500000e+00 -1.931852e+00
      vertex   -1.653273e-16 5.500000e+00 -4.300000e+00
      vertex   -6.988114e-01 5.500000e+00 -4.392000e+00
    endloop
  endfacet
  facet normal 0.000000e+00 1.000000e+00 0.000000e+00
    outer loop
      vertex   -5.176381e-01 5.500000e+00 -1.931852e+00
      vertex   -6.988114e-01 5.500000e+00 -4.392000e+00
      vertex   -1.000000e+00 5.500000e+00 -1.732051e+00
    endloop
  endfacet
  facet normal 0.000000e+00 1.000000e+00 0.000000e+00
    outer loop
      vertex   -1.000000e+00 5.500000e+00 -1.732051e+00
      vertex   -6.988114e-01 5.500000e+00 -4.392000e+00
      vertex   -1.350000e+00 5.500000e+00 -4.661731e+00
    endloop
  endfacet
  facet normal 0.000000e+00 1.000000e+00 0.000000e+00
    outer loop
      vertex   9.608000e+00 5.500000e+00 -6.988114e-01
      vertex   9.700000e+00 5.500000e+00 1.223658e-15
      vertex   1.200000e+01 5.500000e+00 0.000000e+00
    endloop
  endfacet
  facet normal 0.000000e+00 1.000000e+00 0.000000e+00
    outer loop
      vertex   1.200000e+01 5.500000e+00 0.000000e+00
      vertex   9.700000e+00 5.500000e+00 1.223658e-15
      vertex   9.608000e+00 5.500000e+00 6.988114e-01
    endloop
  endfacet
  facet normal 0.000000e+00 1.000000e+00 0.000000e+00
    outer loop
      vertex   1.200000e+01 5.500000e+00 0.000000e+00
      vertex   9.608000e+00 5.500000e+00 6.988114e-01
      vertex   1.189734e+01 5.500000e+00 1.566314e+00
    endloop
  endfacet
  facet normal 0.000000e+00 1.000000e+00 0.000000e+00
    outer loop
      vertex   1.189734e+01 5.500000e+00 1.566314e+00
      vertex   9.608000e+00 5.500000e+00 6.988114e-01
      vertex   9.338269e+00 5.500000e+00 1.350000e+00
    endloop
  endfacet
  facet normal 0.000000e+00 1.000000e+00 0.000000e+00
    outer loop
      vertex   1.189734e+01 5.500000e+00 1.566314e+00
      vertex   9.338269e+00 5.500000e+00 1.350000e+00
      vertex   1.159111e+01 5.500000e+00 3.105829e+00
    endloop
  endfacet
  facet normal 0.000000e+00 1.000000e+00 0.000000e+00
    outer loop
      vertex   1.159111e+01 5.500000e+00 3.105829e+00
      vertex   9.338269e+00 5.500000e+00 1.350000e+00
      vertex   8.909188e+00 5.500000e+00 1.909188e+00
    endloop
  endfacet
  facet normal 0.000000e+00 1.000000e+00 0.000000e+00
    outer loop
      vertex   1.159111e+01 5.500000e+00 3.105829e+00
      vertex   8.909188e+00 5.500000e+00 1.909188e+00
      vertex   1.108655e+01 5.500000e+00 4.592201e+00
    endloop
  endfacet
  facet normal 0.000000e+00 1.000000e+00 0.000000e+00
    outer loop
      vertex   1.108655e+01 5.500000e+00 4.592201e+00
      vertex   8.909188e+00 5.500000e+00 1.909188e+00
      vertex   8.350000e+00 5.500000e+00 2.338269e+00
    endloop
  endfacet
  facet normal 0.000000e+00 1.000000e+00 0.000000e+00
    outer loop
      vertex   1.108655e+01 5.500000e+00 4.592201e+00
      vertex   8.350000e+00 5.500000e+00 2.338269e+00
      vertex   7.698811e+00 5.500000e+00 2.608000e+00
    endloop
  endfacet
  facet normal -0.000000e+00 1.000000e+00 0.000000e+00
    outer loop
      vertex   7.000000e+00 5.500000e+00 2.700000e+00
      vertex   9.520240e+00 5.500000e+00 7.305137e+00
      vertex   7.698811e+00 5.500000e+00 2.608000e+00
    endloop
  endfacet
  facet normal 0.000000e+00 1.000000e+00 0.000000e+00
    outer loop
      vertex   7.698811e+00 5.500000e+00 2.608000e+00
      vertex   9.520240e+00 5.500000e+00 7.305137e+00
      vertex   1.039230e+01 5.500000e+00 6.000000e+00
    endloop
  endfacet
  facet normal 0.000000e+00 1.000000e+00 0.000000e+00
    outer loop
      vertex   7.698811e+00 5.500000e+00 2.608000e+00
      vertex   1.039230e+01 5.500000e+00 6.000000e+00
      vertex   1.108655e+01 5.500000e+00 4.592201e+00
    endloop
  endfacet
  facet normal 0.000000e+00 1.000000e+00 0.000000e+00
    outer loop
      vertex   9.520240e+00 5.500000e+00 7.305137e+00
      vertex   7.000000e+00 5.500000e+00 2.700000e+00
      vertex   8.485281e+00 5.500000e+00 8.485281e+00
    endloop
  endfacet
  facet normal 0.000000e+00 1.000000e+00 0.000000e+00
    outer loop
      vertex   8.485281e+00 5.500000e+00 8.485281e+00
      vertex   7.000000e+00 5.500000e+00 2.700000e+00
      vertex   6.301189e+00 5.500000e+00 2.608000e+00
    endloop
  endfacet
  facet normal 0.000000e+00 1.000000e+00 0.000000e+00
    outer loop
      vertex   8.485281e+00 5.500000e+00 8.485281e+00
      vertex   6.301189e+00 5.500000e+00 2.608000e+00
      vertex   2.608000e+00 5.500000e+00 6.301189e+00
    endloop
  endfacet
  facet normal 0.000000e+00 1.000000e+00 0.000000e+00
    outer loop
      vertex   2.608000e+00 5.500000e+00 6.301189e+00
      vertex   6.301189e+00 5.500000e+00 2.608000e+00
      vertex   2.338269e+00 5.500000e+00 5.650000e+00
    endloop
  endfacet
  facet normal 0.000000e+00 1.000000e+00 0.000000e+00
    outer loop
      vertex   2.338269e+00 5.500000e+00 5.650000e+00
      vertex   6.301189e+00 5.500000e+00 2.608000e+00
      vertex   5.650000e+00 5.500000e+00 2.338269e+00
    endloop
  endfacet
  facet normal 0.000000e+00 1.000000e+00 0.000000e+00
    outer loop
      vertex   2.338269e+00 5.500000e+00 5.650000e+00
      vertex   5.650000e+00 5.500000e+00 2.338269e+00
      vertex   1.909188e+00 5.500000e+00 5.090812e+00
    endloop
  endfacet
  facet normal 0.000000e+00 1.000000e+00 0.000000e+00
    outer loop
      vertex   1.909188e+00 5.500000e+00 5.090812e+00
      vertex   5.650000e+00 5.500000e+00 2.338269e+00
      vertex   5.090812e+00 5.500000e+00 1.909188e+00
    endloop
  endfacet
  facet normal 0.000000e+00 1.000000e+00 0.000000e+00
    outer loop
      vertex   1.909188e+00 5.500000e+00 5.090812e+00
      vertex   5.090812e+00 5.500000e+00 1.909188e+00
      vertex   1.350000e+00 5.500000e+00 4.661731e+00
    endloop
  endfacet
  facet normal 0.000000e+00 1.000000e+00 0.000000e+00
    outer loop
      vertex   1.350000e+00 5.500000e+00 4.661731e+00
      vertex   5.090812e+00 5.500000e+00 1.909188e+00
      vertex   1.414214e+00 5.500000e+00 1.414214e+00
    endloop
  endfacet
  facet normal 0.000000e+00 1.000000e+00 0.000000e+00
    outer loop
      vertex   1.350000e+00 5.500000e+00 4.661731e+00
      vertex   1.414214e+00 5.500000e+00 1.414214e+00
      vertex   1.000000e+00 5.500000e+00 1.732051e+00
    endloop
  endfacet
  facet normal 0.000000e+00 1.000000e+00 0.000000e+00
    outer loop
      vertex   5.090812e+00 5.500000e+00 1.909188e+00
      vertex   4.661731e+00 5.500000e+00 1.350000e+00
      vertex   1.414214e+00 5.500000e+00 1.414214e+00
    endloop
  endfacet
  facet normal 0.000000e+00 1.000000e+00 0.000000e+00
    outer loop
      vertex   1.414214e+00 5.500000e+00 1.414214e+00
      vertex   4.661731e+00 5.500000e+00 1.350000e+00
      vertex   1.732051e+00 5.500000e+00 1.000000e+00
    endloop
  endfacet
  facet normal -0.000000e+00 1.000000e+00 0.000000e+00
    outer loop
      vertex   1.732051e+00 5.500000e+00 1.000000e+00
      vertex   4.661731e+00 5.500000e+00 1.350000e+00
      vertex   4.392000e+00 5.500000e+00 6.988114e-01
    endloop
  endfacet
  facet normal 0.000000e+00 1.000000e+00 0.000000e+00
    outer loop
      vertex   1.732051e+00 5.500000e+00 1.000000e+00
      vertex   4.392000e+00 5.500000e+00 6.988114e-01
      vertex   1.931852e+00 5.500000e+00 5.176381e-01
    endloop
  endfacet
  facet normal -0.000000e+00 1.000000e+00 0.000000e+00
    outer loop
      vertex   1.931852e+00 5.500000e+00 5.176381e-01
      vertex   4.392000e+00 5.500000e+00 6.988114e-01
      vertex   4.300000e+00 5.500000e+00 1.554312e-15
    endloop
  endfacet
  facet normal 0.000000e+00 1.000000e+00 0.000000e+00
    outer loop
      vertex   1.931852e+00 5.500000e+00 5.176381e-01
      vertex   4.300000e+00 5.500000e+00 1.554312e-15
      vertex   2.000000e+00 5.500000e+00 2.449294e-16
    endloop
  endfacet
  facet normal -0.000000e+00 1.000000e+00 0.000000e+00
    outer loop
      vertex   2.000000e+00 5.500000e+00 2.449294e-16
      vertex   4.300000e+00 5.500000e+00 1.554312e-15
      vertex   1.931852e+00 5.500000e+00 -5.176381e-01
    endloop
  endfacet
  facet normal -0.000000e+00 1.000000e+00 0.000000e+00
    outer loop
      vertex   1.931852e+00 5.500000e+00 -5.176381e-01
      vertex   4.300000e+00 5.500000e+00 1.554312e-15
      vertex   4.392000e+00 5.500000e+00 -6.988114e-01
    endloop
  endfacet
  facet normal 0.000000e+00 1.000000e+00 0.000000e+00
    outer loop
      vertex   1.931852e+00 5.500000e+00 -5.176381e-01
      vertex   4.392000e+00 5.500000e+00 -6.988114e-01
      vertex   1.732051e+00 5.500000e+00 -1.000000e+00
    endloop
  endfacet
  facet normal -0.000000e+00 1.000000e+00 0.000000e+00
    outer loop
      vertex   1.732051e+00 5.500000e+00 -1.000000e+00
      vertex   4.392000e+00 5.500000e+00 -6.988114e-01
      vertex   4.661731e+00 5.500000e+00 -1.350000e+00
    endloop
  endfacet
  facet normal 0.000000e+00 1.000000e+00 0.000000e+00
    outer loop
      vertex   1.732051e+00 5.500000e+00 -1.000000e+00
      vertex   4.661731e+00 5.500000e+00 -1.350000e+00
      vertex   1.414214e+00 5.500000e+00 -1.414214e+00
    endloop
  endfacet
  facet normal -0.000000e+00 1.000000e+00 0.000000e+00
    outer loop
      vertex   1.414214e+00 5.500000e+00 -1.414214e+00
      vertex   4.661731e+00 5.500000e+00 -1.350000e+00
      vertex   5.090812e+00 5.500000e+00 -1.909188e+00
    endloop
  endfacet
  facet normal 0.000000e+00 1.000000e+00 0.000000e+00
    outer loop
      vertex   6.301189e+00 5.500000e+00 -2.608000e+00
      vertex   7.000000e+00 5.500000e+00 -2.700000e+00
      vertex   8.485281e+00 5.500000e+00 -8.485281e+00
    endloop
  endfacet
  facet normal 0.000000e+00 1.000000e+00 -0.000000e+00
    outer loop
      vertex   8.485281e+00 5.500000e+00 -8.485281e+00
      vertex   7.000000e+00 5.500000e+00 -2.700000e+00
      vertex   9.520240e+00 5.500000e+00 -7.305137e+00
    endloop
  endfacet
  facet normal 0.000000e+00 1.000000e+00 0.000000e+00
    outer loop
      vertex   9.520240e+00 5.500000e+00 -7.305137e+00
      vertex   7.000000e+00 5.500000e+00 -2.700000e+00
      vertex   7.698811e+00 5.500000e+00 -2.608000e+00
    endloop
  endfacet
  facet normal 0.000000e+00 1.000000e+00 -0.000000e+00
    outer loop
      vertex   9.520240e+00 5.500000e+00 -7.305137e+00
      vertex   7.698811e+00 5.500000e+00 -2.608000e+00
      vertex   1.039230e+01 5.500000e+00 -6.000000e+00
    endloop
  endfacet
  facet normal 0.000000e+00 1.000000e+00 -0.000000e+00
    outer loop
      vertex   1.039230e+01 5.500000e+00 -6.000000e+00
      vertex   7.698811e+00 5.500000e+00 -2.608000e+00
      vertex   1.108655e+01 5.500000e+00 -4.592201e+00
    endloop
  endfacet
  facet normal 0.000000e+00 1.000000e+00 0.000000e+00
    outer loop
      vertex   1.108655e+01 5.500000e+00 -4.592201e+00
      vertex   7.698811e+00 5.500000e+00 -2.608000e+00
      vertex   8.350000e+00 5.500000e+00 -2.338269e+00
    endloop
  endfacet
  facet normal 0.000000e+00 1.000000e+00 0.000000e+00
    outer loop
      vertex   1.108655e+01 5.500000e+00 -4.592201e+00
      vertex   8.350000e+00 5.500000e+00 -2.338269e+00
      vertex   8.909188e+00 5.500000e+00 -1.909188e+00
    endloop
  endfacet
  facet normal 0.000000e+00 1.000000e+00 -0.000000e+00
    outer loop
      vertex   1.108655e+01 5.500000e+00 -4.592201e+00
      vertex   8.909188e+00 5.500000e+00 -1.909188e+00
      vertex   1.159111e+01 5.500000e+00 -3.105829e+00
    endloop
  endfacet
  facet normal 0.000000e+00 1.000000e+00 0.000000e+00
    outer loop
      vertex   1.159111e+01 5.500000e+00 -3.105829e+00
      vertex   8.909188e+00 5.500000e+00 -1.909188e+00
      vertex   9.338269e+00 5.500000e+00 -1.350000e+00
    endloop
  endfacet
  facet normal 0.000000e+00 1.000000e+00 -0.000000e+00
    outer loop
      vertex   1.159111e+01 5.500000e+00 -3.105829e+00
      vertex   9.338269e+00 5.500000e+00 -1.350000e+00
      vertex   1.189734e+01 5.500000e+00 -1.566314e+00
    endloop
  endfacet
  facet normal 0.000000e+00 1.000000e+00 0.000000e+00
    outer loop
      vertex   1.189734e+01 5.500000e+00 -1.566314e+00
      vertex   9.338269e+00 5.500000e+00 -1.350000e+00
      vertex   9.608000e+00 5.500000e+00 -6.988114e-01
    endloop
  endfacet
  facet normal 0.000000e+00 1.000000e+00 -0.000000e+00
    outer loop
      vertex   1.189734e+01 5.500000e+00 -1.566314e+00
      vertex   9.608000e+00 5.500000e+00 -6.988114e-01
      vertex   1.200000e+01 5.500000e+00 0.000000e+00
    endloop
  endfacet
  facet normal 0.000000e+00 1.000000e+00 0.000000e+00
    outer loop
      vertex   -4.392000e+00 5.500000e+00 6.988114e-01
      vertex   -1.931852e+00 5.500000e+00 5.176381e-01
      vertex   -4.300000e+00 5.500000e+00 -1.884967e-15
    endloop
  endfacet
  facet normal 0.000000e+00 1.000000e+00 0.000000e+00
    outer loop
      vertex   -4.300000e+00 5.500000e+00 -1.884967e-15
      vertex   -1.931852e+00 5.500000e+00 5.176381e-01
      vertex   -2.000000e+00 5.500000e+00 0.000000e+00
    endloop
  endfacet
  facet normal -0.000000e+00 1.000000e+00 0.000000e+00
    outer loop
      vertex   -4.300000e+00 5.500000e+00 -1.884967e-15
      vertex   -2.000000e+00 5.500000e+00 0.000000e+00
      vertex   -1.931852e+00 5.500000e+00 -5.176381e-01
    endloop
  endfacet
  facet normal 0.000000e+00 1.000000e+00 -0.000000e+00
    outer loop
      vertex   -1.931852e+00 5.500000e+00 5.176381e-01
      vertex   -4.392000e+00 5.500000e+00 6.988114e-01
      vertex   -1.732051e+00 5.500000e+00 1.000000e+00
    endloop
  endfacet
  facet normal 0.000000e+00 1.000000e+00 0.000000e+00
    outer loop
      vertex   -1.732051e+00 5.500000e+00 1.000000e+00
      vertex   -4.392000e+00 5.500000e+00 6.988114e-01
      vertex   -4.661731e+00 5.500000e+00 1.350000e+00
    endloop
  endfacet
  facet normal 0.000000e+00 1.000000e+00 -0.000000e+00
    outer loop
      vertex   -1.732051e+00 5.500000e+00 1.000000e+00
      vertex   -4.661731e+00 5.500000e+00 1.350000e+00
      vertex   -1.414214e+00 5.500000e+00 1.414214e+00
    endloop
  endfacet
  facet normal 0.000000e+00 1.000000e+00 0.000000e+00
    outer loop
      vertex   -1.414214e+00 5.500000e+00 1.414214e+00
      vertex   -4.661731e+00 5.500000e+00 1.350000e+00
      vertex   -5.090812e+00 5.500000e+00 1.909188e+00
    endloop
  endfacet
  facet normal 0.000000e+00 1.000000e+00 -0.000000e+00
    outer loop
      vertex   -1.414214e+00 5.500000e+00 1.414214e+00
      vertex   -5.090812e+00 5.500000e+00 1.909188e+00
      vertex   -1.350000e+00 5.500000e+00 4.661731e+00
    endloop
  endfacet
  facet normal 0.000000e+00 1.000000e+00 0.000000e+00
    outer loop
      vertex   -1.350000e+00 5.500000e+00 4.661731e+00
      vertex   -5.090812e+00 5.500000e+00 1.909188e+00
      vertex   -1.909188e+00 5.500000e+00 5.090812e+00
    endloop
  endfacet
  facet normal 0.000000e+00 1.000000e+00 0.000000e+00
    outer loop
      vertex   -1.909188e+00 5.500000e+00 5.090812e+00
      vertex   -5.090812e+00 5.500000e+00 1.909188e+00
      vertex   -5.650000e+00 5.500000e+00 2.338269e+00
    endloop
  endfacet
  facet normal 0.000000e+00 1.000000e+00 0.000000e+00
    outer loop
      vertex   -1.909188e+00 5.500000e+00 5.090812e+00
      vertex   -5.650000e+00 5.500000e+00 2.338269e+00
      vertex   -2.338269e+00 5.500000e+00 5.650000e+00
    endloop
  endfacet
  facet normal 0.000000e+00 1.000000e+00 0.000000e+00
    outer loop
      vertex   -2.338269e+00 5.500000e+00 5.650000e+00
      vertex   -5.650000e+00 5.500000e+00 2.338269e+00
      vertex   -6.301189e+00 5.500000e+00 2.608000e+00
    endloop
  endfacet
  facet normal 0.000000e+00 1.000000e+00 0.000000e+00
    outer loop
      vertex   -2.338269e+00 5.500000e+00 5.650000e+00
      vertex   -6.301189e+00 5.500000e+00 2.608000e+00
      vertex   -2.608000e+00 5.500000e+00 6.301189e+00
    endloop
  endfacet
  facet normal 0.000000e+00 1.000000e+00 0.000000e+00
    outer loop
      vertex   -2.608000e+00 5.500000e+00 6.301189e+00
      vertex   -6.301189e+00 5.500000e+00 2.608000e+00
      vertex   -7.000000e+00 5.500000e+00 2.700000e+00
    endloop
  endfacet
  facet normal 0.000000e+00 1.000000e+00 0.000000e+00
    outer loop
      vertex   -2.608000e+00 5.500000e+00 6.301189e+00
      vertex   -7.000000e+00 5.500000e+00 2.700000e+00
      vertex   -2.700000e+00 5.500000e+00 7.000000e+00
    endloop
  endfacet
  facet normal 0.000000e+00 1.000000e+00 0.000000e+00
    outer loop
      vertex   -2.700000e+00 5.500000e+00 7.000000e+00
      vertex   -7.000000e+00 5.500000e+00 2.700000e+00
      vertex   -1.150000e+01 5.500000e+00 6.000000e+00
    endloop
  endfacet
  facet normal 0.000000e+00 1.000000e+00 -0.000000e+00
    outer loop
      vertex   -2.700000e+00 5.500000e+00 7.000000e+00
      vertex   -1.150000e+01 5.500000e+00 6.000000e+00
      vertex   -2.608000e+00 5.500000e+00 7.698811e+00
    endloop
  endfacet
  facet normal 0.000000e+00 1.000000e+00 -0.000000e+00
    outer loop
      vertex   -2.608000e+00 5.500000e+00 7.698811e+00
      vertex   -1.150000e+01 5.500000e+00 6.000000e+00
      vertex   -2.338269e+00 5.500000e+00 8.350000e+00
    endloop
  endfacet
  facet normal 0.000000e+00 1.000000e+00 0.000000e+00
    outer loop
      vertex   -2.338269e+00 5.500000e+00 8.350000e+00
      vertex   -1.150000e+01 5.500000e+00 6.000000e+00
      vertex   -1.300000e+01 5.500000e+00 1.200000e+01
    endloop
  endfacet
  facet normal 0.000000e+00 1.000000e+00 -0.000000e+00
    outer loop
      vertex   -2.338269e+00 5.500000e+00 8.350000e+00
      vertex   -1.300000e+01 5.500000e+00 1.200000e+01
      vertex   -1.909188e+00 5.500000e+00 8.909188e+00
    endloop
  endfacet
  facet normal 0.000000e+00 1.000000e+00 -0.000000e+00
    outer loop
      vertex   -1.909188e+00 5.500000e+00 8.909188e+00
      vertex   -1.300000e+01 5.500000e+00 1.200000e+01
      vertex   0.000000e+00 5.500000e+00 1.200000e+01
    endloop
  endfacet
  facet normal 0.000000e+00 1.000000e+00 0.000000e+00
    outer loop
      vertex   -1.909188e+00 5.500000e+00 8.909188e+00
      vertex   0.000000e+00 5.500000e+00 1.200000e+01
      vertex   -1.350000e+00 5.500000e+00 9.338269e+00
    endloop
  endfacet
  facet normal 0.000000e+00 1.000000e+00 0.000000e+00
    outer loop
      vertex   -1.350000e+00 5.500000e+00 9.338269e+00
      vertex   0.000000e+00 5.500000e+00 1.200000e+01
      vertex   -6.988114e-01 5.500000e+00 9.608000e+00
    endloop
  endfacet
  facet normal 0.000000e+00 1.000000e+00 0.000000e+00
    outer loop
      vertex   -6.988114e-01 5.500000e+00 9.608000e+00
      vertex   0.000000e+00 5.500000e+00 1.200000e+01
      vertex   -1.022580e-15 5.500000e+00 9.700000e+00
    endloop
  endfacet
  facet normal -0.000000e+00 1.000000e+00 0.000000e+00
    outer loop
      vertex   -1.022580e-15 5.500000e+00 9.700000e+00
      vertex   0.000000e+00 5.500000e+00 1.200000e+01
      vertex   6.988114e-01 5.500000e+00 9.608000e+00
    endloop
  endfacet
  facet normal 0.000000e+00 1.000000e+00 -0.000000e+00
    outer loop
      vertex   6.988114e-01 5.500000e+00 9.608000e+00
      vertex   0.000000e+00 5.500000e+00 1.200000e+01
      vertex   1.566314e+00 5.500000e+00 1.189734e+01
    endloop
  endfacet
  facet normal -0.000000e+00 1.000000e+00 0.000000e+00
    outer loop
      vertex   6.988114e-01 5.500000e+00 9.608000e+00
      vertex   1.566314e+00 5.500000e+00 1.189734e+01
      vertex   1.350000e+00 5.500000e+00 9.338269e+00
    endloop
  endfacet
  facet normal 0.000000e+00 1.000000e+00 0.000000e+00
    outer loop
      vertex   1.350000e+00 5.500000e+00 9.338269e+00
      vertex   1.566314e+00 5.500000e+00 1.189734e+01
      vertex   3.105829e+00 5.500000e+00 1.159111e+01
    endloop
  endfacet
  facet normal -0.000000e+00 1.000000e+00 0.000000e+00
    outer loop
      vertex   1.350000e+00 5.500000e+00 9.338269e+00
      vertex   3.105829e+00 5.500000e+00 1.159111e+01
      vertex   1.909188e+00 5.500000e+00 8.909188e+00
    endloop
  endfacet
  facet normal 0.000000e+00 1.000000e+00 0.000000e+00
    outer loop
      vertex   1.909188e+00 5.500000e+00 8.909188e+00
      vertex   3.105829e+00 5.500000e+00 1.159111e+01
      vertex   4.592201e+00 5.500000e+00 1.108655e+01
    endloop
  endfacet
  facet normal -0.000000e+00 1.000000e+00 0.000000e+00
    outer loop
      vertex   1.909188e+00 5.500000e+00 8.909188e+00
      vertex   4.592201e+00 5.500000e+00 1.108655e+01
      vertex   2.338269e+00 5.500000e+00 8.350000e+00
    endloop
  endfacet
  facet normal 0.000000e+00 1.000000e+00 0.000000e+00
    outer loop
      vertex   2.338269e+00 5.500000e+00 8.350000e+00
      vertex   4.592201e+00 5.500000e+00 1.108655e+01
      vertex   6.000000e+00 5.500000e+00 1.039230e+01
    endloop
  endfacet
  facet normal -0.000000e+00 1.000000e+00 0.000000e+00
    outer loop
      vertex   2.338269e+00 5.500000e+00 8.350000e+00
      vertex   6.000000e+00 5.500000e+00 1.039230e+01
      vertex   2.608000e+00 5.500000e+00 7.698811e+00
    endloop
  endfacet
  facet normal 0.000000e+00 1.000000e+00 0.000000e+00
    outer loop
      vertex   2.608000e+00 5.500000e+00 7.698811e+00
      vertex   6.000000e+00 5.500000e+00 1.039230e+01
      vertex   7.305137e+00 5.500000e+00 9.520240e+00
    endloop
  endfacet
  facet normal -0.000000e+00 1.000000e+00 0.000000e+00
    outer loop
      vertex   2.608000e+00 5.500000e+00 7.698811e+00
      vertex   7.305137e+00 5.500000e+00 9.520240e+00
      vertex   2.700000e+00 5.500000e+00 7.000000e+00
    endloop
  endfacet
  facet normal 0.000000e+00 1.000000e+00 0.000000e+00
    outer loop
      vertex   2.700000e+00 5.500000e+00 7.000000e+00
      vertex   7.305137e+00 5.500000e+00 9.520240e+00
      vertex   8.485281e+00 5.500000e+00 8.485281e+00
    endloop
  endfacet
  facet normal -0.000000e+00 1.000000e+00 0.000000e+00
    outer loop
      vertex   2.700000e+00 5.500000e+00 7.000000e+00
      vertex   8.485281e+00 5.500000e+00 8.485281e+00
      vertex   2.608000e+00 5.500000e+00 6.301189e+00
    endloop
  endfacet
  facet normal 0.000000e+00 1.000000e+00 0.000000e+00
    outer loop
      vertex   -7.000000e+00 5.500000e+00 2.700000e+00
      vertex   -7.698811e+00 5.500000e+00 2.608000e+00
      vertex   -1.150000e+01 5.500000e+00 6.000000e+00
    endloop
  endfacet
  facet normal 0.000000e+00 1.000000e+00 0.000000e+00
    outer loop
      vertex   -1.150000e+01 5.500000e+00 6.000000e+00
      vertex   -7.698811e+00 5.500000e+00 2.608000e+00
      vertex   -8.350000e+00 5.500000e+00 2.338269e+00
    endloop
  endfacet
  facet normal 0.000000e+00 1.000000e+00 0.000000e+00
    outer loop
      vertex   -1.150000e+01 5.500000e+00 6.000000e+00
      vertex   -8.350000e+00 5.500000e+00 2.338269e+00
      vertex   -8.909188e+00 5.500000e+00 1.909188e+00
    endloop
  endfacet
  facet normal 0.000000e+00 1.000000e+00 0.000000e+00
    outer loop
      vertex   -8.909188e+00 5.500000e+00 1.909188e+00
      vertex   -9.338269e+00 5.500000e+00 1.350000e+00
      vertex   -1.150000e+01 5.500000e+00 6.000000e+00
    endloop
  endfacet
  facet normal 0.000000e+00 1.000000e+00 0.000000e+00
    outer loop
      vertex   -1.150000e+01 5.500000e+00 6.000000e+00
      vertex   -9.338269e+00 5.500000e+00 1.350000e+00
      vertex   -9.608000e+00 5.500000e+00 6.988114e-01
    endloop
  endfacet
  facet normal 0.000000e+00 1.000000e+00 0.000000e+00
    outer loop
      vertex   -1.150000e+01 5.500000e+00 6.000000e+00
      vertex   -9.608000e+00 5.500000e+00 6.988114e-01
      vertex   -9.700000e+00 5.500000e+00 -1.554312e-15
    endloop
  endfacet
  facet normal 0.000000e+00 1.000000e+00 0.000000e+00
    outer loop
      vertex   -1.150000e+01 5.500000e+00 6.000000e+00
      vertex   -9.700000e+00 5.500000e+00 -1.554312e-15
      vertex   -1.150000e+01 5.500000e+00 -6.000000e+00
    endloop
  endfacet
  facet normal 0.000000e+00 1.000000e+00 0.000000e+00
    outer loop
      vertex   -1.150000e+01 5.500000e+00 -6.000000e+00
      vertex   -9.700000e+00 5.500000e+00 -1.554312e-15
      vertex   -9.608000e+00 5.500000e+00 -6.988114e-01
    endloop
  endfacet
  facet normal 0.000000e+00 1.000000e+00 0.000000e+00
    outer loop
      vertex   -1.150000e+01 5.500000e+00 -6.000000e+00
      vertex   -9.608000e+00 5.500000e+00 -6.988114e-01
      vertex   -9.338269e+00 5.500000e+00 -1.350000e+00
    endloop
  endfacet
  facet normal 0.000000e+00 1.000000e+00 0.000000e+00
    outer loop
      vertex   -9.338269e+00 5.500000e+00 -1.350000e+00
      vertex   -8.909188e+00 5.500000e+00 -1.909188e+00
      vertex   -1.150000e+01 5.500000e+00 -6.000000e+00
    endloop
  endfacet
  facet normal 0.000000e+00 1.000000e+00 0.000000e+00
    outer loop
      vertex   -1.150000e+01 5.500000e+00 -6.000000e+00
      vertex   -8.909188e+00 5.500000e+00 -1.909188e+00
      vertex   -8.350000e+00 5.500000e+00 -2.338269e+00
    endloop
  endfacet
  facet normal 0.000000e+00 1.000000e+00 0.000000e+00
    outer loop
      vertex   -1.150000e+01 5.500000e+00 -6.000000e+00
      vertex   -8.350000e+00 5.500000e+00 -2.338269e+00
      vertex   -7.698811e+00 5.500000e+00 -2.608000e+00
    endloop
  endfacet
  facet normal 0.000000e+00 1.000000e+00 0.000000e+00
    outer loop
      vertex   -7.698811e+00 5.500000e+00 -2.608000e+00
      vertex   -7.000000e+00 5.500000e+00 -2.700000e+00
      vertex   -1.150000e+01 5.500000e+00 -6.000000e+00
    endloop
  endfacet
  facet normal 0.000000e+00 1.000000e+00 0.000000e+00
    outer loop
      vertex   -5.090812e+00 5.500000e+00 -1.909188e+00
      vertex   -4.661731e+00 5.500000e+00 -1.350000e+00
      vertex   -1.414214e+00 5.500000e+00 -1.414214e+00
    endloop
  endfacet
  facet normal 0.000000e+00 1.000000e+00 0.000000e+00
    outer loop
      vertex   -1.414214e+00 5.500000e+00 -1.414214e+00
      vertex   -4.661731e+00 5.500000e+00 -1.350000e+00
      vertex   -1.732051e+00 5.500000e+00 -1.000000e+00
    endloop
  endfacet
  facet normal 0.000000e+00 1.000000e+00 0.000000e+00
    outer loop
      vertex   -1.732051e+00 5.500000e+00 -1.000000e+00
      vertex   -4.661731e+00 5.500000e+00 -1.350000e+00
      vertex   -4.392000e+00 5.500000e+00 -6.988114e-01
    endloop
  endfacet
  facet normal 0.000000e+00 1.000000e+00 0.000000e+00
    outer loop
      vertex   -1.732051e+00 5.500000e+00 -1.000000e+00
      vertex   -4.392000e+00 5.500000e+00 -6.988114e-01
      vertex   -1.931852e+00 5.500000e+00 -5.176381e-01
    endloop
  endfacet
  facet normal 0.000000e+00 1.000000e+00 0.000000e+00
    outer loop
      vertex   -1.931852e+00 5.500000e+00 -5.176381e-01
      vertex   -4.392000e+00 5.500000e+00 -6.988114e-01
      vertex   -4.300000e+00 5.500000e+00 -1.884967e-15
    endloop
  endfacet
  facet normal 0.000000e+00 1.000000e+00 0.000000e+00
    outer loop
      vertex   -1.414214e+00 5.500000e+00 1.414214e+00
      vertex   -1.350000e+00 5.500000e+00 4.661731e+00
      vertex   -1.000000e+00 5.500000e+00 1.732051e+00
    endloop
  endfacet
  facet normal 0.000000e+00 1.000000e+00 -0.000000e+00
    outer loop
      vertex   -1.000000e+00 5.500000e+00 1.732051e+00
      vertex   -1.350000e+00 5.500000e+00 4.661731e+00
      vertex   -6.988114e-01 5.500000e+00 4.392000e+00
    endloop
  endfacet
  facet normal 0.000000e+00 1.000000e+00 0.000000e+00
    outer loop
      vertex   -1.000000e+00 5.500000e+00 1.732051e+00
      vertex   -6.988114e-01 5.500000e+00 4.392000e+00
      vertex   -5.176381e-01 5.500000e+00 1.931852e+00
    endloop
  endfacet
  facet normal 0.000000e+00 1.000000e+00 -0.000000e+00
    outer loop
      vertex   -5.176381e-01 5.500000e+00 1.931852e+00
      vertex   -6.988114e-01 5.500000e+00 4.392000e+00
      vertex   -1.022580e-15 5.500000e+00 4.300000e+00
    endloop
  endfacet
  facet normal 0.000000e+00 1.000000e+00 0.000000e+00
    outer loop
      vertex   -5.176381e-01 5.500000e+00 1.931852e+00
      vertex   -1.022580e-15 5.500000e+00 4.300000e+00
      vertex   -1.224647e-16 5.500000e+00 2.000000e+00
    endloop
  endfacet
  facet normal -0.000000e+00 1.000000e+00 -0.000000e+00
    outer loop
      vertex   -1.224647e-16 5.500000e+00 2.000000e+00
      vertex   -1.022580e-15 5.500000e+00 4.300000e+00
      vertex   5.176381e-01 5.500000e+00 1.931852e+00
    endloop
  endfacet
  facet normal 0.000000e+00 1.000000e+00 -0.000000e+00
    outer loop
      vertex   5.176381e-01 5.500000e+00 1.931852e+00
      vertex   -1.022580e-15 5.500000e+00 4.300000e+00
      vertex   6.988114e-01 5.500000e+00 4.392000e+00
    endloop
  endfacet
  facet normal -0.000000e+00 1.000000e+00 0.000000e+00
    outer loop
      vertex   5.176381e-01 5.500000e+00 1.931852e+00
      vertex   6.988114e-01 5.500000e+00 4.392000e+00
      vertex   1.000000e+00 5.500000e+00 1.732051e+00
    endloop
  endfacet
  facet normal 0.000000e+00 1.000000e+00 -0.000000e+00
    outer loop
      vertex   1.000000e+00 5.500000e+00 1.732051e+00
      vertex   6.988114e-01 5.500000e+00 4.392000e+00
      vertex   1.350000e+00 5.500000e+00 4.661731e+00
    endloop
  endfacet
  facet normal -0.000000e+00 1.000000e+00 0.000000e+00
    outer loop
      vertex   -1.300000e+01 5.500000e+00 -6.000000e+00
      vertex   -1.150000e+01 5.500000e+00 -6.000000e+00
      vertex   -1.300000e+01 5.500000e+00 -1.200000e+01
    endloop
  endfacet
  facet normal 0.000000e+00 1.000000e+00 0.000000e+00
    outer loop
      vertex   -1.150000e+01 5.500000e+00 6.000000e+00
      vertex   -1.300000e+01 5.500000e+00 6.000000e+00
      vertex   -1.300000e+01 5.500000e+00 1.200000e+01
    endloop
  endfacet
  facet normal -4.440892e-16 -4.440892e-16 -1.000000e+00
    outer loop
      vertex   -1.400000e+01 4.000000e+00 4.000000e+00
      vertex   -1.400000e+01 0.000000e+00 4.000000e+00
      vertex   -1.600000e+01 2.000000e+00 4.000000e+00
    endloop
  endfacet
  facet normal 4.934325e-18 4.934325e-18 -1.000000e+00
    outer loop
      vertex   -1.600000e+01 2.000000e+00 4.000000e+00
      vertex   -1.400000e+01 0.000000e+00 4.000000e+00
      vertex   -1.040000e+02 0.000000e+00 4.000000e+00
    endloop
  endfacet
  facet normal 0.000000e+00 2.220446e-16 -1.000000e+00
    outer loop
      vertex   -1.600000e+01 2.000000e+00 4.000000e+00
      vertex   -1.040000e+02 0.000000e+00 4.000000e+00
      vertex   -1.040000e+02 2.000000e+00 4.000000e+00
    endloop
  endfacet
  facet normal 7.071068e-01 -7.071068e-01 0.000000e+00
    outer loop
      vertex   -1.400000e+01 4.000000e+00 -4.000000e+00
      vertex   -1.400000e+01 4.000000e+00 4.000000e+00
      vertex   -1.600000e+01 2.000000e+00 -4.000000e+00
    endloop
  endfacet
  facet normal 7.071068e-01 -7.071068e-01 -3.140185e-16
    outer loop
      vertex   -1.600000e+01 2.000000e+00 -4.000000e+00
      vertex   -1.400000e+01 4.000000e+00 4.000000e+00
      vertex   -1.600000e+01 2.000000e+00 4.000000e+00
    endloop
  endfacet
  facet normal 1.000000e+00 2.960595e-16 -0.000000e+00
    outer loop
      vertex   -1.400000e+01 4.000000e+00 -4.000000e+00
      vertex   -1.400000e+01 1.000000e+01 6.000000e+00
      vertex   -1.400000e+01 4.000000e+00 4.000000e+00
    endloop
  endfacet
  facet normal 1.000000e+00 0.000000e+00 8.881784e-16
    outer loop
      vertex   -1.400000e+01 4.000000e+00 4.000000e+00
      vertex   -1.400000e+01 1.000000e+01 6.000000e+00
      vertex   -1.400000e+01 0.000000e+00 6.000000e+00
    endloop
  endfacet
  facet normal 1.000000e+00 3.944305e-31 8.881784e-16
    outer loop
      vertex   -1.400000e+01 4.000000e+00 4.000000e+00
      vertex   -1.400000e+01 0.000000e+00 6.000000e+00
      vertex   -1.400000e+01 0.000000e+00 4.000000e+00
    endloop
  endfacet
  facet normal 1.000000e+00 -0.000000e+00 0.000000e+00
    outer loop
      vertex   -1.400000e+01 0.000000e+00 -4.000000e+00
      vertex   -1.400000e+01 0.000000e+00 -6.000000e+00
      vertex   -1.400000e+01 4.000000e+00 -4.000000e+00
    endloop
  endfacet
  facet normal 1.000000e+00 0.000000e+00 0.000000e+00
    outer loop
      vertex   -1.400000e+01 4.000000e+00 -4.000000e+00
      vertex   -1.400000e+01 0.000000e+00 -6.000000e+00
      vertex   -1.400000e+01 1.000000e+01 -6.000000e+00
    endloop
  endfacet
  facet normal 1.000000e+00 4.934325e-17 1.480297e-16
    outer loop
      vertex   -1.400000e+01 4.000000e+00 -4.000000e+00
      vertex   -1.400000e+01 1.000000e+01 -6.000000e+00
      vertex   -1.400000e+01 1.000000e+01 6.000000e+00
    endloop
  endfacet
  facet normal 0.000000e+00 -1.000000e+00 0.000000e+00
    outer loop
      vertex   -1.300000e+01 1.000000e+01 -6.000000e+00
      vertex   -1.300000e+01 1.000000e+01 6.000000e+00
      vertex   -1.400000e+01 1.000000e+01 -6.000000e+00
    endloop
  endfacet
  facet normal 0.000000e+00 -1.000000e+00 0.000000e+00
    outer loop
      vertex   -1.400000e+01 1.000000e+01 -6.000000e+00
      vertex   -1.300000e+01 1.000000e+01 6.000000e+00
      vertex   -1.400000e+01 1.000000e+01 6.000000e+00
    endloop
  endfacet
  facet normal -0.000000e+00 -1.000000e+00 0.000000e+00
    outer loop
      vertex   -1.600000e+01 2.000000e+00 -4.000000e+00
      vertex   -1.600000e+01 2.000000e+00 4.000000e+00
      vertex   -1.040000e+02 2.000000e+00 -4.000000e+00
    endloop
  endfacet
  facet normal 0.000000e+00 -1.000000e+00 0.000000e+00
    outer loop
      vertex   -1.040000e+02 2.000000e+00 -4.000000e+00
      vertex   -1.600000e+01 2.000000e+00 4.000000e+00
      vertex   -1.040000e+02 2.000000e+00 4.000000e+00
    endloop
  endfacet
  facet normal 1.000000e+00 -0.000000e+00 0.000000e+00
    outer loop
      vertex   -1.300000e+01 5.500000e+00 -6.000000e+00
      vertex   -1.300000e+01 5.500000e+00 -1.200000e+01
      vertex   -1.300000e+01 1.000000e+01 -6.000000e+00
    endloop
  endfacet
  facet normal 1.000000e+00 0.000000e+00 0.000000e+00
    outer loop
      vertex   -1.300000e+01 1.000000e+01 -6.000000e+00
      vertex   -1.300000e+01 5.500000e+00 -1.200000e+01
      vertex   -1.300000e+01 1.200000e+01 -1.200000e+01
    endloop
  endfacet
  facet normal 1.000000e+00 1.110223e-15 3.700743e-16
    outer loop
      vertex   -1.300000e+01 1.000000e+01 -6.000000e+00
      vertex   -1.300000e+01 1.200000e+01 -1.200000e+01
      vertex   -1.300000e+01 1.200000e+01 1.200000e+01
    endloop
  endfacet
  facet normal 1.000000e+00 4.440892e-15 -0.000000e+00
    outer loop
      vertex   -1.300000e+01 1.000000e+01 -6.000000e+00
      vertex   -1.300000e+01 1.200000e+01 1.200000e+01
      vertex   -1.300000e+01 1.000000e+01 6.000000e+00
    endloop
  endfacet
  facet normal 1.000000e+00 1.366428e-15 1.024821e-15
    outer loop
      vertex   -1.300000e+01 1.000000e+01 6.000000e+00
      vertex   -1.300000e+01 1.200000e+01 1.200000e+01
      vertex   -1.300000e+01 5.500000e+00 1.200000e+01
    endloop
  endfacet
  facet normal 1.000000e+00 0.000000e+00 0.000000e+00
    outer loop
      vertex   -1.300000e+01 1.000000e+01 6.000000e+00
      vertex   -1.300000e+01 5.500000e+00 1.200000e+01
      vertex   -1.300000e+01 5.500000e+00 6.000000e+00
    endloop
  endfacet
  facet normal 0.000000e+00 0.000000e+00 1.000000e+00
    outer loop
      vertex   -1.400000e+01 4.000000e+00 -4.000000e+00
      vertex   -1.600000e+01 2.000000e+00 -4.000000e+00
      vertex   -1.400000e+01 0.000000e+00 -4.000000e+00
    endloop
  endfacet
  facet normal -9.868649e-18 -9.868649e-18 1.000000e+00
    outer loop
      vertex   -1.400000e+01 0.000000e+00 -4.000000e+00
      vertex   -1.600000e+01 2.000000e+00 -4.000000e+00
      vertex   -1.040000e+02 0.000000e+00 -4.000000e+00
    endloop
  endfacet
  facet normal -1.009294e-17 0.000000e+00 1.000000e+00
    outer loop
      vertex   -1.040000e+02 0.000000e+00 -4.000000e+00
      vertex   -1.600000e+01 2.000000e+00 -4.000000e+00
      vertex   -1.040000e+02 2.000000e+00 -4.000000e+00
    endloop
  endfacet
  facet normal -1.000000e+00 0.000000e+00 -6.558856e-15
    outer loop
      vertex   -1.040000e+02 0.000000e+00 -4.000000e+00
      vertex   -1.040000e+02 2.000000e+00 -4.000000e+00
      vertex   -1.040000e+02 0.000000e+00 -1.050000e+01
    endloop
  endfacet
  facet normal -1.000000e+00 0.000000e+00 -6.558856e-15
    outer loop
      vertex   -1.040000e+02 0.000000e+00 -1.050000e+01
      vertex   -1.040000e+02 2.000000e+00 -4.000000e+00
      vertex   -1.040000e+02 1.200000e+01 -1.050000e+01
    endloop
  endfacet
  facet normal -1.000000e+00 4.263256e-15 -3.155444e-31
    outer loop
      vertex   -1.040000e+02 1.200000e+01 -1.050000e+01
      vertex   -1.040000e+02 2.000000e+00 -4.000000e+00
      vertex   -1.040000e+02 2.000000e+00 4.000000e+00
    endloop
  endfacet
  facet normal -1.000000e+00 4.263256e-15 0.000000e+00
    outer loop
      vertex   -1.040000e+02 1.200000e+01 -1.050000e+01
      vertex   -1.040000e+02 2.000000e+00 4.000000e+00
      vertex   -1.040000e+02 1.200000e+01 1.050000e+01
    endloop
  endfacet
  facet normal -1.000000e+00 0.000000e+00 6.558856e-15
    outer loop
      vertex   -1.040000e+02 1.200000e+01 1.050000e+01
      vertex   -1.040000e+02 2.000000e+00 4.000000e+00
      vertex   -1.040000e+02 0.000000e+00 1.050000e+01
    endloop
  endfacet
  facet normal -1.000000e+00 0.000000e+00 6.558856e-15
    outer loop
      vertex   -1.040000e+02 0.000000e+00 1.050000e+01
      vertex   -1.040000e+02 2.000000e+00 4.000000e+00
      vertex   -1.040000e+02 0.000000e+00 4.000000e+00
    endloop
  endfacet
  facet normal -7.071068e-01 -0.000000e+00 -7.071068e-01
    outer loop
      vertex   -1.520000e+02 1.100000e+01 -1.500000e+01
      vertex   -1.520000e+02 1.000000e+00 -1.500000e+01
      vertex   -1.530000e+02 1.200000e+01 -1.400000e+01
    endloop
  endfacet
  facet normal -7.071068e-01 -0.000000e+00 -7.071068e-01
    outer loop
      vertex   -1.530000e+02 1.200000e+01 -1.400000e+01
      vertex   -1.520000e+02 1.000000e+00 -1.500000e+01
      vertex   -1.530000e+02 0.000000e+00 -1.400000e+01
    endloop
  endfacet
  facet normal -7.071068e-01 -0.000000e+00 -7.071068e-01
    outer loop
      vertex   -1.530000e+02 1.200000e+01 -1.400000e+01
      vertex   -1.530000e+02 0.000000e+00 -1.400000e+01
      vertex   -1.550000e+02 0.000000e+00 -1.200000e+01
    endloop
  endfacet
  facet normal -7.071068e-01 0.000000e+00 -7.071068e-01
    outer loop
      vertex   -1.550000e+02 0.000000e+00 -1.200000e+01
      vertex   -1.550000e+02 1.200000e+01 -1.200000e+01
      vertex   -1.530000e+02 1.200000e+01 -1.400000e+01
    endloop
  endfacet
  facet normal 1.121495e-16 7.071068e-01 -7.071068e-01
    outer loop
      vertex   -1.530000e+02 1.200000e+01 -1.400000e+01
      vertex   -9.700000e+01 1.200000e+01 -1.400000e+01
      vertex   -1.520000e+02 1.100000e+01 -1.500000e+01
    endloop
  endfacet
  facet normal 9.304251e-17 7.071068e-01 -7.071068e-01
    outer loop
      vertex   -1.520000e+02 1.100000e+01 -1.500000e+01
      vertex   -9.700000e+01 1.200000e+01 -1.400000e+01
      vertex   -9.800000e+01 1.100000e+01 -1.500000e+01
    endloop
  endfacet
  facet normal -0.000000e+00 1.000000e+00 0.000000e+00
    outer loop
      vertex   -1.682667e+01 1.200000e+01 -6.582343e+00
      vertex   -1.675000e+01 1.200000e+01 -6.000000e+00
      vertex   -1.300000e+01 1.200000e+01 -1.200000e+01
    endloop
  endfacet
  facet normal 0.000000e+00 1.000000e+00 0.000000e+00
    outer loop
      vertex   -1.300000e+01 1.200000e+01 -1.200000e+01
      vertex   -1.675000e+01 1.200000e+01 -6.000000e+00
      vertex   -1.682667e+01 1.200000e+01 -5.417657e+00
    endloop
  endfacet
  facet normal 0.000000e+00 1.000000e+00 0.000000e+00
    outer loop
      vertex   -1.300000e+01 1.200000e+01 -1.200000e+01
      vertex   -1.682667e+01 1.200000e+01 -5.417657e+00
      vertex   -1.300000e+01 1.200000e+01 1.200000e+01
    endloop
  endfacet
  facet normal 0.000000e+00 1.000000e+00 0.000000e+00
    outer loop
      vertex   -1.300000e+01 1.200000e+01 1.200000e+01
      vertex   -1.682667e+01 1.200000e+01 -5.417657e+00
      vertex   -1.682667e+01 1.200000e+01 5.417657e+00
    endloop
  endfacet
  facet normal 0.000000e+00 1.000000e+00 0.000000e+00
    outer loop
      vertex   -1.300000e+01 1.200000e+01 1.200000e+01
      vertex   -1.682667e+01 1.200000e+01 5.417657e+00
      vertex   -1.675000e+01 1.200000e+01 6.000000e+00
    endloop
  endfacet
  facet normal 0.000000e+00 1.000000e+00 0.000000e+00
    outer loop
      vertex   -1.682667e+01 1.200000e+01 5.417657e+00
      vertex   -1.682667e+01 1.200000e+01 -5.417657e+00
      vertex   -1.705144e+01 1.200000e+01 4.875000e+00
    endloop
  endfacet
  facet normal 0.000000e+00 1.000000e+00 0.000000e+00
    outer loop
      vertex   -1.705144e+01 1.200000e+01 4.875000e+00
      vertex   -1.682667e+01 1.200000e+01 -5.417657e+00
      vertex   -1.705144e+01 1.200000e+01 -4.875000e+00
    endloop
  endfacet
  facet normal 0.000000e+00 1.000000e+00 0.000000e+00
    outer loop
      vertex   -1.705144e+01 1.200000e+01 4.875000e+00
      vertex   -1.705144e+01 1.200000e+01 -4.875000e+00
      vertex   -1.740901e+01 1.200000e+01 -4.409010e+00
    endloop
  endfacet
  facet normal 0.000000e+00 1.000000e+00 0.000000e+00
    outer loop
      vertex   -1.705144e+01 1.200000e+01 4.875000e+00
      vertex   -1.740901e+01 1.200000e+01 -4.409010e+00
      vertex   -1.740901e+01 1.200000e+01 4.409010e+00
    endloop
  endfacet
  facet normal 0.000000e+00 1.000000e+00 0.000000e+00
    outer loop
      vertex   -1.740901e+01 1.200000e+01 4.409010e+00
      vertex   -1.740901e+01 1.200000e+01 -4.409010e+00
      vertex   -1.787500e+01 1.200000e+01 -4.051443e+00
    endloop
  endfacet
  facet normal 0.000000e+00 1.000000e+00 0.000000e+00
    outer loop
      vertex   -1.740901e+01 1.200000e+01 4.409010e+00
      vertex   -1.787500e+01 1.200000e+01 -4.051443e+00
      vertex   -1.787500e+01 1.200000e+01 4.051443e+00
    endloop
  endfacet
  facet normal 0.000000e+00 1.000000e+00 0.000000e+00
    outer loop
      vertex   -1.787500e+01 1.200000e+01 4.051443e+00
      vertex   -1.787500e+01 1.200000e+01 -4.051443e+00
      vertex   -1.841766e+01 1.200000e+01 -3.826667e+00
    endloop
  endfacet
  facet normal 0.000000e+00 1.000000e+00 0.000000e+00
    outer loop
      vertex   -1.787500e+01 1.200000e+01 4.051443e+00
      vertex   -1.841766e+01 1.200000e+01 -3.826667e+00
      vertex   -1.841766e+01 1.200000e+01 3.826667e+00
    endloop
  endfacet
  facet normal 0.000000e+00 1.000000e+00 0.000000e+00
    outer loop
      vertex   -1.841766e+01 1.200000e+01 3.826667e+00
      vertex   -1.841766e+01 1.200000e+01 -3.826667e+00
      vertex   -1.900000e+01 1.200000e+01 -3.750000e+00
    endloop
  endfacet
  facet normal 0.000000e+00 1.000000e+00 0.000000e+00
    outer loop
      vertex   -1.841766e+01 1.200000e+01 3.826667e+00
      vertex   -1.900000e+01 1.200000e+01 -3.750000e+00
      vertex   -1.900000e+01 1.200000e+01 3.750000e+00
    endloop
  endfacet
  facet normal 0.000000e+00 1.000000e+00 0.000000e+00
    outer loop
      vertex   -1.900000e+01 1.200000e+01 3.750000e+00
      vertex   -1.900000e+01 1.200000e+01 -3.750000e+00
      vertex   -3.300000e+01 1.200000e+01 -3.750000e+00
    endloop
  endfacet
  facet normal 0.000000e+00 1.000000e+00 0.000000e+00
    outer loop
      vertex   -1.900000e+01 1.200000e+01 3.750000e+00
      vertex   -3.300000e+01 1.200000e+01 -3.750000e+00
      vertex   -3.300000e+01 1.200000e+01 3.750000e+00
    endloop
  endfacet
  facet normal 0.000000e+00 1.000000e+00 0.000000e+00
    outer loop
      vertex   -3.300000e+01 1.200000e+01 3.750000e+00
      vertex   -3.300000e+01 1.200000e+01 -3.750000e+00
      vertex   -3.358234e+01 1.200000e+01 -3.826667e+00
    endloop
  endfacet
  facet normal 0.000000e+00 1.000000e+00 0.000000e+00
    outer loop
      vertex   -3.300000e+01 1.200000e+01 3.750000e+00
      vertex   -3.358234e+01 1.200000e+01 -3.826667e+00
      vertex   -3.358234e+01 1.200000e+01 3.826667e+00
    endloop
  endfacet
  facet normal 0.000000e+00 1.000000e+00 0.000000e+00
    outer loop
      vertex   -3.358234e+01 1.200000e+01 3.826667e+00
      vertex   -3.358234e+01 1.200000e+01 -3.826667e+00
      vertex   -3.412500e+01 1.200000e+01 -4.051443e+00
    endloop
  endfacet
  facet normal 0.000000e+00 1.000000e+00 0.000000e+00
    outer loop
      vertex   -3.358234e+01 1.200000e+01 3.826667e+00
      vertex   -3.412500e+01 1.200000e+01 -4.051443e+00
      vertex   -3.412500e+01 1.200000e+01 4.051443e+00
    endloop
  endfacet
  facet normal 0.000000e+00 1.000000e+00 0.000000e+00
    outer loop
      vertex   -3.412500e+01 1.200000e+01 4.051443e+00
      vertex   -3.412500e+01 1.200000e+01 -4.051443e+00
      vertex   -1.040000e+02 1.200000e+01 1.050000e+01
    endloop
  endfacet
  facet normal 0.000000e+00 1.000000e+00 0.000000e+00
    outer loop
      vertex   -3.412500e+01 1.200000e+01 4.051443e+00
      vertex   -1.040000e+02 1.200000e+01 1.050000e+01
      vertex   -3.459099e+01 1.200000e+01 4.409010e+00
    endloop
  endfacet
  facet normal 0.000000e+00 1.000000e+00 0.000000e+00
    outer loop
      vertex   -3.459099e+01 1.200000e+01 4.409010e+00
      vertex   -1.040000e+02 1.200000e+01 1.050000e+01
      vertex   -3.494856e+01 1.200000e+01 4.875000e+00
    endloop
  endfacet
  facet normal 0.000000e+00 1.000000e+00 0.000000e+00
    outer loop
      vertex   -3.494856e+01 1.200000e+01 4.875000e+00
      vertex   -1.040000e+02 1.200000e+01 1.050000e+01
      vertex   -3.517333e+01 1.200000e+01 5.417657e+00
    endloop
  endfacet
  facet normal 0.000000e+00 1.000000e+00 0.000000e+00
    outer loop
      vertex   -3.517333e+01 1.200000e+01 5.417657e+00
      vertex   -1.040000e+02 1.200000e+01 1.050000e+01
      vertex   -9.500000e+01 1.200000e+01 1.200000e+01
    endloop
  endfacet
  facet normal 0.000000e+00 1.000000e+00 0.000000e+00
    outer loop
      vertex   -3.517333e+01 1.200000e+01 5.417657e+00
      vertex   -9.500000e+01 1.200000e+01 1.200000e+01
      vertex   -3.525000e+01 1.200000e+01 6.000000e+00
    endloop
  endfacet
  facet normal 0.000000e+00 1.000000e+00 -0.000000e+00
    outer loop
      vertex   -3.525000e+01 1.200000e+01 6.000000e+00
      vertex   -9.500000e+01 1.200000e+01 1.200000e+01
      vertex   -3.517333e+01 1.200000e+01 6.582343e+00
    endloop
  endfacet
  facet normal 0.000000e+00 1.000000e+00 -0.000000e+00
    outer loop
      vertex   -3.517333e+01 1.200000e+01 6.582343e+00
      vertex   -9.500000e+01 1.200000e+01 1.200000e+01
      vertex   -3.494856e+01 1.200000e+01 7.125000e+00
    endloop
  endfacet
  facet normal 0.000000e+00 1.000000e+00 -0.000000e+00
    outer loop
      vertex   -3.494856e+01 1.200000e+01 7.125000e+00
      vertex   -9.500000e+01 1.200000e+01 1.200000e+01
      vertex   -3.459099e+01 1.200000e+01 7.590990e+00
    endloop
  endfacet
  facet normal 0.000000e+00 1.000000e+00 -0.000000e+00
    outer loop
      vertex   -3.459099e+01 1.200000e+01 7.590990e+00
      vertex   -9.500000e+01 1.200000e+01 1.200000e+01
      vertex   -3.412500e+01 1.200000e+01 7.948557e+00
    endloop
  endfacet
  facet normal 0.000000e+00 1.000000e+00 -0.000000e+00
    outer loop
      vertex   -3.412500e+01 1.200000e+01 7.948557e+00
      vertex   -9.500000e+01 1.200000e+01 1.200000e+01
      vertex   -3.358234e+01 1.200000e+01 8.173333e+00
    endloop
  endfacet
  facet normal 0.000000e+00 1.000000e+00 -0.000000e+00
    outer loop
      vertex   -3.358234e+01 1.200000e+01 8.173333e+00
      vertex   -9.500000e+01 1.200000e+01 1.200000e+01
      vertex   -3.300000e+01 1.200000e+01 8.250000e+00
    endloop
  endfacet
  facet normal 0.000000e+00 1.000000e+00 -0.000000e+00
    outer loop
      vertex   -3.300000e+01 1.200000e+01 8.250000e+00
      vertex   -9.500000e+01 1.200000e+01 1.200000e+01
      vertex   -1.300000e+01 1.200000e+01 1.200000e+01
    endloop
  endfacet
  facet normal 0.000000e+00 1.000000e+00 0.000000e+00
    outer loop
      vertex   -3.300000e+01 1.200000e+01 8.250000e+00
      vertex   -1.300000e+01 1.200000e+01 1.200000e+01
      vertex   -1.900000e+01 1.200000e+01 8.250000e+00
    endloop
  endfacet
  facet normal -0.000000e+00 1.000000e+00 0.000000e+00
    outer loop
      vertex   -1.900000e+01 1.200000e+01 8.250000e+00
      vertex   -1.300000e+01 1.200000e+01 1.200000e+01
      vertex   -1.841766e+01 1.200000e+01 8.173333e+00
    endloop
  endfacet
  facet normal -0.000000e+00 1.000000e+00 0.000000e+00
    outer loop
      vertex   -1.841766e+01 1.200000e+01 8.173333e+00
      vertex   -1.300000e+01 1.200000e+01 1.200000e+01
      vertex   -1.787500e+01 1.200000e+01 7.948557e+00
    endloop
  endfacet
  facet normal -0.000000e+00 1.000000e+00 0.000000e+00
    outer loop
      vertex   -1.787500e+01 1.200000e+01 7.948557e+00
      vertex   -1.300000e+01 1.200000e+01 1.200000e+01
      vertex   -1.740901e+01 1.200000e+01 7.590990e+00
    endloop
  endfacet
  facet normal -0.000000e+00 1.000000e+00 0.000000e+00
    outer loop
      vertex   -1.740901e+01 1.200000e+01 7.590990e+00
      vertex   -1.300000e+01 1.200000e+01 1.200000e+01
      vertex   -1.705144e+01 1.200000e+01 7.125000e+00
    endloop
  endfacet
  facet normal -0.000000e+00 1.000000e+00 0.000000e+00
    outer loop
      vertex   -1.705144e+01 1.200000e+01 7.125000e+00
      vertex   -1.300000e+01 1.200000e+01 1.200000e+01
      vertex   -1.682667e+01 1.200000e+01 6.582343e+00
    endloop
  endfacet
  facet normal -0.000000e+00 1.000000e+00 0.000000e+00
    outer loop
      vertex   -1.682667e+01 1.200000e+01 6.582343e+00
      vertex   -1.300000e+01 1.200000e+01 1.200000e+01
      vertex   -1.675000e+01 1.200000e+01 6.000000e+00
    endloop
  endfacet
  facet normal 0.000000e+00 1.000000e+00 0.000000e+00
    outer loop
      vertex   -3.300000e+01 1.200000e+01 -3.750000e+00
      vertex   -1.900000e+01 1.200000e+01 -3.750000e+00
      vertex   -3.241766e+01 1.200000e+01 -3.826667e+00
    endloop
  endfacet
  facet normal -0.000000e+00 1.000000e+00 0.000000e+00
    outer loop
      vertex   -3.241766e+01 1.200000e+01 -3.826667e+00
      vertex   -1.900000e+01 1.200000e+01 -3.750000e+00
      vertex   -1.958234e+01 1.200000e+01 -3.826667e+00
    endloop
  endfacet
  facet normal 0.000000e+00 1.000000e+00 0.000000e+00
    outer loop
      vertex   -3.241766e+01 1.200000e+01 -3.826667e+00
      vertex   -1.958234e+01 1.200000e+01 -3.826667e+00
      vertex   -3.187500e+01 1.200000e+01 -4.051443e+00
    endloop
  endfacet
  facet normal -0.000000e+00 1.000000e+00 0.000000e+00
    outer loop
      vertex   -3.187500e+01 1.200000e+01 -4.051443e+00
      vertex   -1.958234e+01 1.200000e+01 -3.826667e+00
      vertex   -2.012500e+01 1.200000e+01 -4.051443e+00
    endloop
  endfacet
  facet normal 0.000000e+00 1.000000e+00 0.000000e+00
    outer loop
      vertex   -3.187500e+01 1.200000e+01 -4.051443e+00
      vertex   -2.012500e+01 1.200000e+01 -4.051443e+00
      vertex   -3.140901e+01 1.200000e+01 -4.409010e+00
    endloop
  endfacet
  facet normal -0.000000e+00 1.000000e+00 0.000000e+00
    outer loop
      vertex   -3.140901e+01 1.200000e+01 -4.409010e+00
      vertex   -2.012500e+01 1.200000e+01 -4.051443e+00
      vertex   -2.059099e+01 1.200000e+01 -4.409010e+00
    endloop
  endfacet
  facet normal 0.000000e+00 1.000000e+00 0.000000e+00
    outer loop
      vertex   -3.140901e+01 1.200000e+01 -4.409010e+00
      vertex   -2.059099e+01 1.200000e+01 -4.409010e+00
      vertex   -3.105144e+01 1.200000e+01 -4.875000e+00
    endloop
  endfacet
  facet normal 0.000000e+00 1.000000e+00 0.000000e+00
    outer loop
      vertex   -3.105144e+01 1.200000e+01 -4.875000e+00
      vertex   -2.059099e+01 1.200000e+01 -4.409010e+00
      vertex   -2.094856e+01 1.200000e+01 -4.875000e+00
    endloop
  endfacet
  facet normal -0.000000e+00 1.000000e+00 0.000000e+00
    outer loop
      vertex   -3.105144e+01 1.200000e+01 -4.875000e+00
      vertex   -2.094856e+01 1.200000e+01 -4.875000e+00
      vertex   -3.082667e+01 1.200000e+01 -5.417657e+00
    endloop
  endfacet
  facet normal -0.000000e+00 1.000000e+00 0.000000e+00
    outer loop
      vertex   -3.082667e+01 1.200000e+01 -5.417657e+00
      vertex   -2.094856e+01 1.200000e+01 -4.875000e+00
      vertex   -2.117333e+01 1.200000e+01 -5.417657e+00
    endloop
  endfacet
  facet normal 0.000000e+00 1.000000e+00 0.000000e+00
    outer loop
      vertex   -3.082667e+01 1.200000e+01 -5.417657e+00
      vertex   -2.117333e+01 1.200000e+01 -5.417657e+00
      vertex   -3.075000e+01 1.200000e+01 -6.000000e+00
    endloop
  endfacet
  facet normal 0.000000e+00 1.000000e+00 0.000000e+00
    outer loop
      vertex   -3.075000e+01 1.200000e+01 -6.000000e+00
      vertex   -2.117333e+01 1.200000e+01 -5.417657e+00
      vertex   -2.125000e+01 1.200000e+01 -6.000000e+00
    endloop
  endfacet
  facet normal -0.000000e+00 1.000000e+00 0.000000e+00
    outer loop
      vertex   -3.075000e+01 1.200000e+01 -6.000000e+00
      vertex   -2.125000e+01 1.200000e+01 -6.000000e+00
      vertex   -3.082667e+01 1.200000e+01 -6.582343e+00
    endloop
  endfacet
  facet normal 0.000000e+00 1.000000e+00 0.000000e+00
    outer loop
      vertex   -3.082667e+01 1.200000e+01 -6.582343e+00
      vertex   -2.125000e+01 1.200000e+01 -6.000000e+00
      vertex   -2.117333e+01 1.200000e+01 -6.582343e+00
    endloop
  endfacet
  facet normal -0.000000e+00 1.000000e+00 0.000000e+00
    outer loop
      vertex   -3.082667e+01 1.200000e+01 -6.582343e+00
      vertex   -2.117333e+01 1.200000e+01 -6.582343e+00
      vertex   -3.105144e+01 1.200000e+01 -7.125000e+00
    endloop
  endfacet
  facet normal 0.000000e+00 1.000000e+00 0.000000e+00
    outer loop
      vertex   -3.105144e+01 1.200000e+01 -7.125000e+00
      vertex   -2.117333e+01 1.200000e+01 -6.582343e+00
      vertex   -2.094856e+01 1.200000e+01 -7.125000e+00
    endloop
  endfacet
  facet normal -0.000000e+00 1.000000e+00 0.000000e+00
    outer loop
      vertex   -3.105144e+01 1.200000e+01 -7.125000e+00
      vertex   -2.094856e+01 1.200000e+01 -7.125000e+00
      vertex   -3.140901e+01 1.200000e+01 -7.590990e+00
    endloop
  endfacet
  facet normal 0.000000e+00 1.000000e+00 0.000000e+00
    outer loop
      vertex   -3.140901e+01 1.200000e+01 -7.590990e+00
      vertex   -2.094856e+01 1.200000e+01 -7.125000e+00
      vertex   -2.059099e+01 1.200000e+01 -7.590990e+00
    endloop
  endfacet
  facet normal -0.000000e+00 1.000000e+00 0.000000e+00
    outer loop
      vertex   -3.140901e+01 1.200000e+01 -7.590990e+00
      vertex   -2.059099e+01 1.200000e+01 -7.590990e+00
      vertex   -3.187500e+01 1.200000e+01 -7.948557e+00
    endloop
  endfacet
  facet normal 0.000000e+00 1.000000e+00 0.000000e+00
    outer loop
      vertex   -3.187500e+01 1.200000e+01 -7.948557e+00
      vertex   -2.059099e+01 1.200000e+01 -7.590990e+00
      vertex   -2.012500e+01 1.200000e+01 -7.948557e+00
    endloop
  endfacet
  facet normal -0.000000e+00 1.000000e+00 0.000000e+00
    outer loop
      vertex   -3.187500e+01 1.200000e+01 -7.948557e+00
      vertex   -2.012500e+01 1.200000e+01 -7.948557e+00
      vertex   -3.241766e+01 1.200000e+01 -8.173333e+00
    endloop
  endfacet
  facet normal 0.000000e+00 1.000000e+00 0.000000e+00
    outer loop
      vertex   -3.241766e+01 1.200000e+01 -8.173333e+00
      vertex   -2.012500e+01 1.200000e+01 -7.948557e+00
      vertex   -1.958234e+01 1.200000e+01 -8.173333e+00
    endloop
  endfacet
  facet normal -0.000000e+00 1.000000e+00 0.000000e+00
    outer loop
      vertex   -3.241766e+01 1.200000e+01 -8.173333e+00
      vertex   -1.958234e+01 1.200000e+01 -8.173333e+00
      vertex   -3.300000e+01 1.200000e+01 -8.250000e+00
    endloop
  endfacet
  facet normal 0.000000e+00 1.000000e+00 0.000000e+00
    outer loop
      vertex   -3.300000e+01 1.200000e+01 -8.250000e+00
      vertex   -1.958234e+01 1.200000e+01 -8.173333e+00
      vertex   -1.900000e+01 1.200000e+01 -8.250000e+00
    endloop
  endfacet
  facet normal -0.000000e+00 1.000000e+00 0.000000e+00
    outer loop
      vertex   -3.300000e+01 1.200000e+01 -8.250000e+00
      vertex   -1.900000e+01 1.200000e+01 -8.250000e+00
      vertex   -1.300000e+01 1.200000e+01 -1.200000e+01
    endloop
  endfacet
  facet normal 0.000000e+00 1.000000e+00 0.000000e+00
    outer loop
      vertex   -1.300000e+01 1.200000e+01 -1.200000e+01
      vertex   -1.900000e+01 1.200000e+01 -8.250000e+00
      vertex   -1.841766e+01 1.200000e+01 -8.173333e+00
    endloop
  endfacet
  facet normal 0.000000e+00 1.000000e+00 0.000000e+00
    outer loop
      vertex   -1.300000e+01 1.200000e+01 -1.200000e+01
      vertex   -1.841766e+01 1.200000e+01 -8.173333e+00
      vertex   -1.787500e+01 1.200000e+01 -7.948557e+00
    endloop
  endfacet
  facet normal -0.000000e+00 1.000000e+00 0.000000e+00
    outer loop
      vertex   -1.787500e+01 1.200000e+01 -7.948557e+00
      vertex   -1.740901e+01 1.200000e+01 -7.590990e+00
      vertex   -1.300000e+01 1.200000e+01 -1.200000e+01
    endloop
  endfacet
  facet normal 0.000000e+00 1.000000e+00 0.000000e+00
    outer loop
      vertex   -1.300000e+01 1.200000e+01 -1.200000e+01
      vertex   -1.740901e+01 1.200000e+01 -7.590990e+00
      vertex   -1.705144e+01 1.200000e+01 -7.125000e+00
    endloop
  endfacet
  facet normal 0.000000e+00 1.000000e+00 0.000000e+00
    outer loop
      vertex   -1.300000e+01 1.200000e+01 -1.200000e+01
      vertex   -1.705144e+01 1.200000e+01 -7.125000e+00
      vertex   -1.682667e+01 1.200000e+01 -6.582343e+00
    endloop
  endfacet
  facet normal -0.000000e+00 1.000000e+00 0.000000e+00
    outer loop
      vertex   -3.082667e+01 1.200000e+01 6.582343e+00
      vertex   -2.117333e+01 1.200000e+01 6.582343e+00
      vertex   -3.075000e+01 1.200000e+01 6.000000e+00
    endloop
  endfacet
  facet normal 0.000000e+00 1.000000e+00 0.000000e+00
    outer loop
      vertex   -3.075000e+01 1.200000e+01 6.000000e+00
      vertex   -2.117333e+01 1.200000e+01 6.582343e+00
      vertex   -2.125000e+01 1.200000e+01 6.000000e+00
    endloop
  endfacet
  facet normal -0.000000e+00 1.000000e+00 0.000000e+00
    outer loop
      vertex   -3.075000e+01 1.200000e+01 6.000000e+00
      vertex   -2.125000e+01 1.200000e+01 6.000000e+00
      vertex   -3.082667e+01 1.200000e+01 5.417657e+00
    endloop
  endfacet
  facet normal 0.000000e+00 1.000000e+00 0.000000e+00
    outer loop
      vertex   -3.082667e+01 1.200000e+01 5.417657e+00
      vertex   -2.125000e+01 1.200000e+01 6.000000e+00
      vertex   -2.117333e+01 1.200000e+01 5.417657e+00
    endloop
  endfacet
  facet normal -0.000000e+00 1.000000e+00 0.000000e+00
    outer loop
      vertex   -3.082667e+01 1.200000e+01 5.417657e+00
      vertex   -2.117333e+01 1.200000e+01 5.417657e+00
      vertex   -3.105144e+01 1.200000e+01 4.875000e+00
    endloop
  endfacet
  facet normal 0.000000e+00 1.000000e+00 0.000000e+00
    outer loop
      vertex   -3.105144e+01 1.200000e+01 4.875000e+00
      vertex   -2.117333e+01 1.200000e+01 5.417657e+00
      vertex   -2.094856e+01 1.200000e+01 4.875000e+00
    endloop
  endfacet
  facet normal -0.000000e+00 1.000000e+00 0.000000e+00
    outer loop
      vertex   -3.105144e+01 1.200000e+01 4.875000e+00
      vertex   -2.094856e+01 1.200000e+01 4.875000e+00
      vertex   -3.140901e+01 1.200000e+01 4.409010e+00
    endloop
  endfacet
  facet normal 0.000000e+00 1.000000e+00 0.000000e+00
    outer loop
      vertex   -3.140901e+01 1.200000e+01 4.409010e+00
      vertex   -2.094856e+01 1.200000e+01 4.875000e+00
      vertex   -2.059099e+01 1.200000e+01 4.409010e+00
    endloop
  endfacet
  facet normal -0.000000e+00 1.000000e+00 0.000000e+00
    outer loop
      vertex   -3.140901e+01 1.200000e+01 4.409010e+00
      vertex   -2.059099e+01 1.200000e+01 4.409010e+00
      vertex   -3.187500e+01 1.200000e+01 4.051443e+00
    endloop
  endfacet
  facet normal 0.000000e+00 1.000000e+00 0.000000e+00
    outer loop
      vertex   -3.187500e+01 1.200000e+01 4.051443e+00
      vertex   -2.059099e+01 1.200000e+01 4.409010e+00
      vertex   -2.012500e+01 1.200000e+01 4.051443e+00
    endloop
  endfacet
  facet normal -0.000000e+00 1.000000e+00 0.000000e+00
    outer loop
      vertex   -3.187500e+01 1.200000e+01 4.051443e+00
      vertex   -2.012500e+01 1.200000e+01 4.051443e+00
      vertex   -3.241766e+01 1.200000e+01 3.826667e+00
    endloop
  endfacet
  facet normal 0.000000e+00 1.000000e+00 0.000000e+00
    outer loop
      vertex   -3.241766e+01 1.200000e+01 3.826667e+00
      vertex   -2.012500e+01 1.200000e+01 4.051443e+00
      vertex   -1.958234e+01 1.200000e+01 3.826667e+00
    endloop
  endfacet
  facet normal -0.000000e+00 1.000000e+00 0.000000e+00
    outer loop
      vertex   -3.241766e+01 1.200000e+01 3.826667e+00
      vertex   -1.958234e+01 1.200000e+01 3.826667e+00
      vertex   -3.300000e+01 1.200000e+01 3.750000e+00
    endloop
  endfacet
  facet normal 0.000000e+00 1.000000e+00 0.000000e+00
    outer loop
      vertex   -3.300000e+01 1.200000e+01 3.750000e+00
      vertex   -1.958234e+01 1.200000e+01 3.826667e+00
      vertex   -1.900000e+01 1.200000e+01 3.750000e+00
    endloop
  endfacet
  facet normal 0.000000e+00 1.000000e+00 -0.000000e+00
    outer loop
      vertex   -2.117333e+01 1.200000e+01 6.582343e+00
      vertex   -3.082667e+01 1.200000e+01 6.582343e+00
      vertex   -2.094856e+01 1.200000e+01 7.125000e+00
    endloop
  endfacet
  facet normal 0.000000e+00 1.000000e+00 0.000000e+00
    outer loop
      vertex   -2.094856e+01 1.200000e+01 7.125000e+00
      vertex   -3.082667e+01 1.200000e+01 6.582343e+00
      vertex   -3.105144e+01 1.200000e+01 7.125000e+00
    endloop
  endfacet
  facet normal 0.000000e+00 1.000000e+00 -0.000000e+00
    outer loop
      vertex   -2.094856e+01 1.200000e+01 7.125000e+00
      vertex   -3.105144e+01 1.200000e+01 7.125000e+00
      vertex   -2.059099e+01 1.200000e+01 7.590990e+00
    endloop
  endfacet
  facet normal 0.000000e+00 1.000000e+00 0.000000e+00
    outer loop
      vertex   -2.059099e+01 1.200000e+01 7.590990e+00
      vertex   -3.105144e+01 1.200000e+01 7.125000e+00
      vertex   -3.140901e+01 1.200000e+01 7.590990e+00
    endloop
  endfacet
  facet normal 0.000000e+00 1.000000e+00 -0.000000e+00
    outer loop
      vertex   -2.059099e+01 1.200000e+01 7.590990e+00
      vertex   -3.140901e+01 1.200000e+01 7.590990e+00
      vertex   -2.012500e+01 1.200000e+01 7.948557e+00
    endloop
  endfacet
  facet normal 0.000000e+00 1.000000e+00 0.000000e+00
    outer loop
      vertex   -2.012500e+01 1.200000e+01 7.948557e+00
      vertex   -3.140901e+01 1.200000e+01 7.590990e+00
      vertex   -3.187500e+01 1.200000e+01 7.948557e+00
    endloop
  endfacet
  facet normal 0.000000e+00 1.000000e+00 -0.000000e+00
    outer loop
      vertex   -2.012500e+01 1.200000e+01 7.948557e+00
      vertex   -3.187500e+01 1.200000e+01 7.948557e+00
      vertex   -1.958234e+01 1.200000e+01 8.173333e+00
    endloop
  endfacet
  facet normal 0.000000e+00 1.000000e+00 0.000000e+00
    outer loop
      vertex   -1.958234e+01 1.200000e+01 8.173333e+00
      vertex   -3.187500e+01 1.200000e+01 7.948557e+00
      vertex   -3.241766e+01 1.200000e+01 8.173333e+00
    endloop
  endfacet
  facet normal 0.000000e+00 1.000000e+00 -0.000000e+00
    outer loop
      vertex   -1.958234e+01 1.200000e+01 8.173333e+00
      vertex   -3.241766e+01 1.200000e+01 8.173333e+00
      vertex   -1.900000e+01 1.200000e+01 8.250000e+00
    endloop
  endfacet
  facet normal 0.000000e+00 1.000000e+00 0.000000e+00
    outer loop
      vertex   -1.900000e+01 1.200000e+01 8.250000e+00
      vertex   -3.241766e+01 1.200000e+01 8.173333e+00
      vertex   -3.300000e+01 1.200000e+01 8.250000e+00
    endloop
  endfacet
  facet normal 0.000000e+00 1.000000e+00 0.000000e+00
    outer loop
      vertex   -1.040000e+02 1.200000e+01 1.050000e+01
      vertex   -3.412500e+01 1.200000e+01 -4.051443e+00
      vertex   -1.040000e+02 1.200000e+01 -1.050000e+01
    endloop
  endfacet
  facet normal 0.000000e+00 1.000000e+00 0.000000e+00
    outer loop
      vertex   -1.040000e+02 1.200000e+01 -1.050000e+01
      vertex   -3.412500e+01 1.200000e+01 -4.051443e+00
      vertex   -3.459099e+01 1.200000e+01 -4.409010e+00
    endloop
  endfacet
  facet normal 0.000000e+00 1.000000e+00 0.000000e+00
    outer loop
      vertex   -1.040000e+02 1.200000e+01 -1.050000e+01
      vertex   -3.459099e+01 1.200000e+01 -4.409010e+00
      vertex   -3.494856e+01 1.200000e+01 -4.875000e+00
    endloop
  endfacet
  facet normal 0.000000e+00 1.000000e+00 0.000000e+00
    outer loop
      vertex   -3.494856e+01 1.200000e+01 -4.875000e+00
      vertex   -3.517333e+01 1.200000e+01 -5.417657e+00
      vertex   -1.040000e+02 1.200000e+01 -1.050000e+01
    endloop
  endfacet
  facet normal -0.000000e+00 1.000000e+00 0.000000e+00
    outer loop
      vertex   -1.040000e+02 1.200000e+01 -1.050000e+01
      vertex   -3.517333e+01 1.200000e+01 -5.417657e+00
      vertex   -9.500000e+01 1.200000e+01 -1.200000e+01
    endloop
  endfacet
  facet normal 0.000000e+00 1.000000e+00 0.000000e+00
    outer loop
      vertex   -1.040000e+02 1.200000e+01 -1.050000e+01
      vertex   -9.500000e+01 1.200000e+01 -1.200000e+01
      vertex   -9.700000e+01 1.200000e+01 -1.400000e+01
    endloop
  endfacet
  facet normal 0.000000e+00 1.000000e+00 0.000000e+00
    outer loop
      vertex   -3.517333e+01 1.200000e+01 -5.417657e+00
      vertex   -3.525000e+01 1.200000e+01 -6.000000e+00
      vertex   -9.500000e+01 1.200000e+01 -1.200000e+01
    endloop
  endfacet
  facet normal 0.000000e+00 1.000000e+00 0.000000e+00
    outer loop
      vertex   -9.500000e+01 1.200000e+01 -1.200000e+01
      vertex   -3.525000e+01 1.200000e+01 -6.000000e+00
      vertex   -3.517333e+01 1.200000e+01 -6.582343e+00
    endloop
  endfacet
  facet normal 0.000000e+00 1.000000e+00 0.000000e+00
    outer loop
      vertex   -9.500000e+01 1.200000e+01 -1.200000e+01
      vertex   -3.517333e+01 1.200000e+01 -6.582343e+00
      vertex   -3.494856e+01 1.200000e+01 -7.125000e+00
    endloop
  endfacet
  facet normal 0.000000e+00 1.000000e+00 0.000000e+00
    outer loop
      vertex   -3.494856e+01 1.200000e+01 -7.125000e+00
      vertex   -3.459099e+01 1.200000e+01 -7.590990e+00
      vertex   -9.500000e+01 1.200000e+01 -1.200000e+01
    endloop
  endfacet
  facet normal 0.000000e+00 1.000000e+00 0.000000e+00
    outer loop
      vertex   -9.500000e+01 1.200000e+01 -1.200000e+01
      vertex   -3.459099e+01 1.200000e+01 -7.590990e+00
      vertex   -3.412500e+01 1.200000e+01 -7.948557e+00
    endloop
  endfacet
  facet normal 0.000000e+00 1.000000e+00 0.000000e+00
    outer loop
      vertex   -9.500000e+01 1.200000e+01 -1.200000e+01
      vertex   -3.412500e+01 1.200000e+01 -7.948557e+00
      vertex   -3.358234e+01 1.200000e+01 -8.173333e+00
    endloop
  endfacet
  facet normal 0.000000e+00 1.000000e+00 0.000000e+00
    outer loop
      vertex   -3.358234e+01 1.200000e+01 -8.173333e+00
      vertex   -3.300000e+01 1.200000e+01 -8.250000e+00
      vertex   -9.500000e+01 1.200000e+01 -1.200000e+01
    endloop
  endfacet
  facet normal 0.000000e+00 1.000000e+00 0.000000e+00
    outer loop
      vertex   -9.500000e+01 1.200000e+01 -1.200000e+01
      vertex   -3.300000e+01 1.200000e+01 -8.250000e+00
      vertex   -1.300000e+01 1.200000e+01 -1.200000e+01
    endloop
  endfacet
  facet normal 0.000000e+00 1.000000e+00 -0.000000e+00
    outer loop
      vertex   -1.450000e+02 1.200000e+01 3.500000e+00
      vertex   -1.510000e+02 1.200000e+01 3.500000e+00
      vertex   -1.450000e+02 1.200000e+01 1.050000e+01
    endloop
  endfacet
  facet normal 0.000000e+00 1.000000e+00 0.000000e+00
    outer loop
      vertex   -1.450000e+02 1.200000e+01 1.050000e+01
      vertex   -1.510000e+02 1.200000e+01 3.500000e+00
      vertex   -1.550000e+02 1.200000e+01 1.200000e+01
    endloop
  endfacet
  facet normal 0.000000e+00 1.000000e+00 0.000000e+00
    outer loop
      vertex   -1.450000e+02 1.200000e+01 1.050000e+01
      vertex   -1.550000e+02 1.200000e+01 1.200000e+01
      vertex   -1.530000e+02 1.200000e+01 1.400000e+01
    endloop
  endfacet
  facet normal 0.000000e+00 1.000000e+00 0.000000e+00
    outer loop
      vertex   -1.510000e+02 1.200000e+01 3.500000e+00
      vertex   -1.510000e+02 1.200000e+01 -3.500000e+00
      vertex   -1.550000e+02 1.200000e+01 1.200000e+01
    endloop
  endfacet
  facet normal 0.000000e+00 1.000000e+00 0.000000e+00
    outer loop
      vertex   -1.550000e+02 1.200000e+01 1.200000e+01
      vertex   -1.510000e+02 1.200000e+01 -3.500000e+00
      vertex   -1.550000e+02 1.200000e+01 -1.200000e+01
    endloop
  endfacet
  facet normal 0.000000e+00 1.000000e+00 0.000000e+00
    outer loop
      vertex   -1.550000e+02 1.200000e+01 -1.200000e+01
      vertex   -1.510000e+02 1.200000e+01 -3.500000e+00
      vertex   -1.450000e+02 1.200000e+01 -1.050000e+01
    endloop
  endfacet
  facet normal -0.000000e+00 1.000000e+00 0.000000e+00
    outer loop
      vertex   -1.550000e+02 1.200000e+01 -1.200000e+01
      vertex   -1.450000e+02 1.200000e+01 -1.050000e+01
      vertex   -1.530000e+02 1.200000e+01 -1.400000e+01
    endloop
  endfacet
  facet normal 0.000000e+00 1.000000e+00 0.000000e+00
    outer loop
      vertex   -1.530000e+02 1.200000e+01 -1.400000e+01
      vertex   -1.450000e+02 1.200000e+01 -1.050000e+01
      vertex   -9.700000e+01 1.200000e+01 -1.400000e+01
    endloop
  endfacet
  facet normal 0.000000e+00 1.000000e+00 0.000000e+00
    outer loop
      vertex   -9.700000e+01 1.200000e+01 -1.400000e+01
      vertex   -1.450000e+02 1.200000e+01 -1.050000e+01
      vertex   -1.040000e+02 1.200000e+01 -1.050000e+01
    endloop
  endfacet
  facet normal -0.000000e+00 1.000000e+00 0.000000e+00
    outer loop
      vertex   -1.510000e+02 1.200000e+01 -3.500000e+00
      vertex   -1.450000e+02 1.200000e+01 -3.500000e+00
      vertex   -1.450000e+02 1.200000e+01 -1.050000e+01
    endloop
  endfacet
  facet normal 0.000000e+00 1.000000e+00 0.000000e+00
    outer loop
      vertex   -9.500000e+01 1.200000e+01 1.200000e+01
      vertex   -1.040000e+02 1.200000e+01 1.050000e+01
      vertex   -9.700000e+01 1.200000e+01 1.400000e+01
    endloop
  endfacet
  facet normal 0.000000e+00 1.000000e+00 0.000000e+00
    outer loop
      vertex   -9.700000e+01 1.200000e+01 1.400000e+01
      vertex   -1.040000e+02 1.200000e+01 1.050000e+01
      vertex   -1.450000e+02 1.200000e+01 1.050000e+01
    endloop
  endfacet
  facet normal 0.000000e+00 1.000000e+00 0.000000e+00
    outer loop
      vertex   -9.700000e+01 1.200000e+01 1.400000e+01
      vertex   -1.450000e+02 1.200000e+01 1.050000e+01
      vertex   -1.530000e+02 1.200000e+01 1.400000e+01
    endloop
  endfacet
  facet normal -1.000000e+00 0.000000e+00 0.000000e+00
    outer loop
      vertex   -1.550000e+02 0.000000e+00 -1.200000e+01
      vertex   -1.550000e+02 0.000000e+00 1.200000e+01
      vertex   -1.550000e+02 1.200000e+01 -1.200000e+01
    endloop
  endfacet
  facet normal -1.000000e+00 0.000000e+00 0.000000e+00
    outer loop
      vertex   -1.550000e+02 1.200000e+01 -1.200000e+01
      vertex   -1.550000e+02 0.000000e+00 1.200000e+01
      vertex   -1.550000e+02 1.200000e+01 1.200000e+01
    endloop
  endfacet
  facet normal -7.071068e-01 0.000000e+00 7.071068e-01
    outer loop
      vertex   -1.550000e+02 1.200000e+01 1.200000e+01
      vertex   -1.550000e+02 0.000000e+00 1.200000e+01
      vertex   -1.530000e+02 1.200000e+01 1.400000e+01
    endloop
  endfacet
  facet normal -7.071068e-01 0.000000e+00 7.071068e-01
    outer loop
      vertex   -1.530000e+02 1.200000e+01 1.400000e+01
      vertex   -1.550000e+02 0.000000e+00 1.200000e+01
      vertex   -1.530000e+02 0.000000e+00 1.400000e+01
    endloop
  endfacet
  facet normal -7.071068e-01 0.000000e+00 7.071068e-01
    outer loop
      vertex   -1.530000e+02 1.200000e+01 1.400000e+01
      vertex   -1.530000e+02 0.000000e+00 1.400000e+01
      vertex   -1.520000e+02 1.000000e+00 1.500000e+01
    endloop
  endfacet
  facet normal -7.071068e-01 0.000000e+00 7.071068e-01
    outer loop
      vertex   -1.520000e+02 1.000000e+00 1.500000e+01
      vertex   -1.520000e+02 1.100000e+01 1.500000e+01
      vertex   -1.530000e+02 1.200000e+01 1.400000e+01
    endloop
  endfacet
  facet normal -0.000000e+00 7.071068e-01 7.071068e-01
    outer loop
      vertex   -1.520000e+02 1.100000e+01 1.500000e+01
      vertex   -9.800000e+01 1.100000e+01 1.500000e+01
      vertex   -1.530000e+02 1.200000e+01 1.400000e+01
    endloop
  endfacet
  facet normal -0.000000e+00 7.071068e-01 7.071068e-01
    outer loop
      vertex   -1.530000e+02 1.200000e+01 1.400000e+01
      vertex   -9.800000e+01 1.100000e+01 1.500000e+01
      vertex   -9.700000e+01 1.200000e+01 1.400000e+01
    endloop
  endfacet
  facet normal 0.000000e+00 0.000000e+00 1.000000e+00
    outer loop
      vertex   -1.520000e+02 1.000000e+00 1.500000e+01
      vertex   -9.800000e+01 1.000000e+00 1.500000e+01
      vertex   -1.520000e+02 1.100000e+01 1.500000e+01
    endloop
  endfacet
  facet normal -0.000000e+00 0.000000e+00 1.000000e+00
    outer loop
      vertex   -1.520000e+02 1.100000e+01 1.500000e+01
      vertex   -9.800000e+01 1.000000e+00 1.500000e+01
      vertex   -9.800000e+01 1.100000e+01 1.500000e+01
    endloop
  endfacet
  facet normal 0.000000e+00 -7.071068e-01 7.071068e-01
    outer loop
      vertex   -1.530000e+02 0.000000e+00 1.400000e+01
      vertex   -9.700000e+01 0.000000e+00 1.400000e+01
      vertex   -1.520000e+02 1.000000e+00 1.500000e+01
    endloop
  endfacet
  facet normal 0.000000e+00 -7.071068e-01 7.071068e-01
    outer loop
      vertex   -1.520000e+02 1.000000e+00 1.500000e+01
      vertex   -9.700000e+01 0.000000e+00 1.400000e+01
      vertex   -9.800000e+01 1.000000e+00 1.500000e+01
    endloop
  endfacet
  facet normal 1.315820e-16 0.000000e+00 -1.000000e+00
    outer loop
      vertex   -1.520000e+02 1.100000e+01 -1.500000e+01
      vertex   -9.800000e+01 1.100000e+01 -1.500000e+01
      vertex   -1.520000e+02 1.000000e+00 -1.500000e+01
    endloop
  endfacet
  facet normal 1.315820e-16 0.000000e+00 -1.000000e+00
    outer loop
      vertex   -1.520000e+02 1.000000e+00 -1.500000e+01
      vertex   -9.800000e+01 1.100000e+01 -1.500000e+01
      vertex   -9.800000e+01 1.000000e+00 -1.500000e+01
    endloop
  endfacet
  facet normal 9.304251e-17 -7.071068e-01 -7.071068e-01
    outer loop
      vertex   -1.520000e+02 1.000000e+00 -1.500000e+01
      vertex   -9.800000e+01 1.000000e+00 -1.500000e+01
      vertex   -1.530000e+02 0.000000e+00 -1.400000e+01
    endloop
  endfacet
  facet normal 1.121495e-16 -7.071068e-01 -7.071068e-01
    outer loop
      vertex   -1.530000e+02 0.000000e+00 -1.400000e+01
      vertex   -9.800000e+01 1.000000e+00 -1.500000e+01
      vertex   -9.700000e+01 0.000000e+00 -1.400000e+01
    endloop
  endfacet
  facet normal -9.914449e-01 0.000000e+00 -1.305262e-01
    outer loop
      vertex   -1.682667e+01 7.000000e+00 -5.417657e+00
      vertex   -1.682667e+01 1.200000e+01 -5.417657e+00
      vertex   -1.675000e+01 7.000000e+00 -6.000000e+00
    endloop
  endfacet
  facet normal -9.914449e-01 0.000000e+00 -1.305262e-01
    outer loop
      vertex   -1.675000e+01 7.000000e+00 -6.000000e+00
      vertex   -1.682667e+01 1.200000e+01 -5.417657e+00
      vertex   -1.675000e+01 1.200000e+01 -6.000000e+00
    endloop
  endfacet
  facet normal -9.914449e-01 0.000000e+00 1.305262e-01
    outer loop
      vertex   -1.675000e+01 7.000000e+00 -6.000000e+00
      vertex   -1.675000e+01 1.200000e+01 -6.000000e+00
      vertex   -1.682667e+01 7.000000e+00 -6.582343e+00
    endloop
  endfacet
  facet normal -9.914449e-01 0.000000e+00 1.305262e-01
    outer loop
      vertex   -1.682667e+01 7.000000e+00 -6.582343e+00
      vertex   -1.675000e+01 1.200000e+01 -6.000000e+00
      vertex   -1.682667e+01 1.200000e+01 -6.582343e+00
    endloop
  endfacet
  facet normal -9.238795e-01 0.000000e+00 3.826834e-01
    outer loop
      vertex   -1.682667e+01 7.000000e+00 -6.582343e+00
      vertex   -1.682667e+01 1.200000e+01 -6.582343e+00
      vertex   -1.705144e+01 7.000000e+00 -7.125000e+00
    endloop
  endfacet
  facet normal -9.238795e-01 0.000000e+00 3.826834e-01
    outer loop
      vertex   -1.705144e+01 7.000000e+00 -7.125000e+00
      vertex   -1.682667e+01 1.200000e+01 -6.582343e+00
      vertex   -1.705144e+01 1.200000e+01 -7.125000e+00
    endloop
  endfacet
  facet normal -7.933533e-01 0.000000e+00 6.087614e-01
    outer loop
      vertex   -1.705144e+01 7.000000e+00 -7.125000e+00
      vertex   -1.705144e+01 1.200000e+01 -7.125000e+00
      vertex   -1.740901e+01 7.000000e+00 -7.590990e+00
    endloop
  endfacet
  facet normal -7.933533e-01 0.000000e+00 6.087614e-01
    outer loop
      vertex   -1.740901e+01 7.000000e+00 -7.590990e+00
      vertex   -1.705144e+01 1.200000e+01 -7.125000e+00
      vertex   -1.740901e+01 1.200000e+01 -7.590990e+00
    endloop
  endfacet
  facet normal -6.087614e-01 0.000000e+00 7.933533e-01
    outer loop
      vertex   -1.740901e+01 7.000000e+00 -7.590990e+00
      vertex   -1.740901e+01 1.200000e+01 -7.590990e+00
      vertex   -1.787500e+01 7.000000e+00 -7.948557e+00
    endloop
  endfacet
  facet normal -6.087614e-01 0.000000e+00 7.933533e-01
    outer loop
      vertex   -1.787500e+01 7.000000e+00 -7.948557e+00
      vertex   -1.740901e+01 1.200000e+01 -7.590990e+00
      vertex   -1.787500e+01 1.200000e+01 -7.948557e+00
    endloop
  endfacet
  facet normal -3.826834e-01 0.000000e+00 9.238795e-01
    outer loop
      vertex   -1.787500e+01 7.000000e+00 -7.948557e+00
      vertex   -1.787500e+01 1.200000e+01 -7.948557e+00
      vertex   -1.841766e+01 7.000000e+00 -8.173333e+00
    endloop
  endfacet
  facet normal -3.826834e-01 0.000000e+00 9.238795e-01
    outer loop
      vertex   -1.841766e+01 7.000000e+00 -8.173333e+00
      vertex   -1.787500e+01 1.200000e+01 -7.948557e+00
      vertex   -1.841766e+01 1.200000e+01 -8.173333e+00
    endloop
  endfacet
  facet normal -1.305262e-01 0.000000e+00 9.914449e-01
    outer loop
      vertex   -1.841766e+01 7.000000e+00 -8.173333e+00
      vertex   -1.841766e+01 1.200000e+01 -8.173333e+00
      vertex   -1.900000e+01 7.000000e+00 -8.250000e+00
    endloop
  endfacet
  facet normal -1.305262e-01 0.000000e+00 9.914449e-01
    outer loop
      vertex   -1.900000e+01 7.000000e+00 -8.250000e+00
      vertex   -1.841766e+01 1.200000e+01 -8.173333e+00
      vertex   -1.900000e+01 1.200000e+01 -8.250000e+00
    endloop
  endfacet
  facet normal 1.305262e-01 -0.000000e+00 9.914449e-01
    outer loop
      vertex   -1.900000e+01 7.000000e+00 -8.250000e+00
      vertex   -1.900000e+01 1.200000e+01 -8.250000e+00
      vertex   -1.958234e+01 7.000000e+00 -8.173333e+00
    endloop
  endfacet
  facet normal 1.305262e-01 -0.000000e+00 9.914449e-01
    outer loop
      vertex   -1.958234e+01 7.000000e+00 -8.173333e+00
      vertex   -1.900000e+01 1.200000e+01 -8.250000e+00
      vertex   -1.958234e+01 1.200000e+01 -8.173333e+00
    endloop
  endfacet
  facet normal 3.826834e-01 -0.000000e+00 9.238795e-01
    outer loop
      vertex   -1.958234e+01 7.000000e+00 -8.173333e+00
      vertex   -1.958234e+01 1.200000e+01 -8.173333e+00
      vertex   -2.012500e+01 7.000000e+00 -7.948557e+00
    endloop
  endfacet
  facet normal 3.826834e-01 -0.000000e+00 9.238795e-01
    outer loop
      vertex   -2.012500e+01 7.000000e+00 -7.948557e+00
      vertex   -1.958234e+01 1.200000e+01 -8.173333e+00
      vertex   -2.012500e+01 1.200000e+01 -7.948557e+00
    endloop
  endfacet
  facet normal 6.087614e-01 -0.000000e+00 7.933533e-01
    outer loop
      vertex   -2.012500e+01 7.000000e+00 -7.948557e+00
      vertex   -2.012500e+01 1.200000e+01 -7.948557e+00
      vertex   -2.059099e+01 7.000000e+00 -7.590990e+00
    endloop
  endfacet
  facet normal 6.087614e-01 -0.000000e+00 7.933533e-01
    outer loop
      vertex   -2.059099e+01 7.000000e+00 -7.590990e+00
      vertex   -2.012500e+01 1.200000e+01 -7.948557e+00
      vertex   -2.059099e+01 1.200000e+01 -7.590990e+00
    endloop
  endfacet
  facet normal 7.933533e-01 -0.000000e+00 6.087614e-01
    outer loop
      vertex   -2.059099e+01 7.000000e+00 -7.590990e+00
      vertex   -2.059099e+01 1.200000e+01 -7.590990e+00
      vertex   -2.094856e+01 7.000000e+00 -7.125000e+00
    endloop
  endfacet
  facet normal 7.933533e-01 -0.000000e+00 6.087614e-01
    outer loop
      vertex   -2.094856e+01 7.000000e+00 -7.125000e+00
      vertex   -2.059099e+01 1.200000e+01 -7.590990e+00
      vertex   -2.094856e+01 1.200000e+01 -7.125000e+00
    endloop
  endfacet
  facet normal 9.238795e-01 -0.000000e+00 3.826834e-01
    outer loop
      vertex   -2.094856e+01 7.000000e+00 -7.125000e+00
      vertex   -2.094856e+01 1.200000e+01 -7.125000e+00
      vertex   -2.117333e+01 7.000000e+00 -6.582343e+00
    endloop
  endfacet
  facet normal 9.238795e-01 -0.000000e+00 3.826834e-01
    outer loop
      vertex   -2.117333e+01 7.000000e+00 -6.582343e+00
      vertex   -2.094856e+01 1.200000e+01 -7.125000e+00
      vertex   -2.117333e+01 1.200000e+01 -6.582343e+00
    endloop
  endfacet
  facet normal 9.914449e-01 -0.000000e+00 1.305262e-01
    outer loop
      vertex   -2.117333e+01 7.000000e+00 -6.582343e+00
      vertex   -2.117333e+01 1.200000e+01 -6.582343e+00
      vertex   -2.125000e+01 7.000000e+00 -6.000000e+00
    endloop
  endfacet
  facet normal 9.914449e-01 -0.000000e+00 1.305262e-01
    outer loop
      vertex   -2.125000e+01 7.000000e+00 -6.000000e+00
      vertex   -2.117333e+01 1.200000e+01 -6.582343e+00
      vertex   -2.125000e+01 1.200000e+01 -6.000000e+00
    endloop
  endfacet
  facet normal 9.914449e-01 0.000000e+00 -1.305262e-01
    outer loop
      vertex   -2.125000e+01 7.000000e+00 -6.000000e+00
      vertex   -2.125000e+01 1.200000e+01 -6.000000e+00
      vertex   -2.117333e+01 7.000000e+00 -5.417657e+00
    endloop
  endfacet
  facet normal 9.914449e-01 0.000000e+00 -1.305262e-01
    outer loop
      vertex   -2.117333e+01 7.000000e+00 -5.417657e+00
      vertex   -2.125000e+01 1.200000e+01 -6.000000e+00
      vertex   -2.117333e+01 1.200000e+01 -5.417657e+00
    endloop
  endfacet
  facet normal 9.238795e-01 0.000000e+00 -3.826834e-01
    outer loop
      vertex   -2.117333e+01 7.000000e+00 -5.417657e+00
      vertex   -2.117333e+01 1.200000e+01 -5.417657e+00
      vertex   -2.094856e+01 7.000000e+00 -4.875000e+00
    endloop
  endfacet
  facet normal 9.238795e-01 0.000000e+00 -3.826834e-01
    outer loop
      vertex   -2.094856e+01 7.000000e+00 -4.875000e+00
      vertex   -2.117333e+01 1.200000e+01 -5.417657e+00
      vertex   -2.094856e+01 1.200000e+01 -4.875000e+00
    endloop
  endfacet
  facet normal 7.933533e-01 0.000000e+00 -6.087614e-01
    outer loop
      vertex   -2.094856e+01 7.000000e+00 -4.875000e+00
      vertex   -2.094856e+01 1.200000e+01 -4.875000e+00
      vertex   -2.059099e+01 7.000000e+00 -4.409010e+00
    endloop
  endfacet
  facet normal 7.933533e-01 0.000000e+00 -6.087614e-01
    outer loop
      vertex   -2.059099e+01 7.000000e+00 -4.409010e+00
      vertex   -2.094856e+01 1.200000e+01 -4.875000e+00
      vertex   -2.059099e+01 1.200000e+01 -4.409010e+00
    endloop
  endfacet
  facet normal 6.087614e-01 0.000000e+00 -7.933533e-01
    outer loop
      vertex   -2.059099e+01 7.000000e+00 -4.409010e+00
      vertex   -2.059099e+01 1.200000e+01 -4.409010e+00
      vertex   -2.012500e+01 7.000000e+00 -4.051443e+00
    endloop
  endfacet
  facet normal 6.087614e-01 0.000000e+00 -7.933533e-01
    outer loop
      vertex   -2.012500e+01 7.000000e+00 -4.051443e+00
      vertex   -2.059099e+01 1.200000e+01 -4.409010e+00
      vertex   -2.012500e+01 1.200000e+01 -4.051443e+00
    endloop
  endfacet
  facet normal 3.826834e-01 0.000000e+00 -9.238795e-01
    outer loop
      vertex   -2.012500e+01 7.000000e+00 -4.051443e+00
      vertex   -2.012500e+01 1.200000e+01 -4.051443e+00
      vertex   -1.958234e+01 7.000000e+00 -3.826667e+00
    endloop
  endfacet
  facet normal 3.826834e-01 0.000000e+00 -9.238795e-01
    outer loop
      vertex   -1.958234e+01 7.000000e+00 -3.826667e+00
      vertex   -2.012500e+01 1.200000e+01 -4.051443e+00
      vertex   -1.958234e+01 1.200000e+01 -3.826667e+00
    endloop
  endfacet
  facet normal 1.305262e-01 0.000000e+00 -9.914449e-01
    outer loop
      vertex   -1.958234e+01 7.000000e+00 -3.826667e+00
      vertex   -1.958234e+01 1.200000e+01 -3.826667e+00
      vertex   -1.900000e+01 7.000000e+00 -3.750000e+00
    endloop
  endfacet
  facet normal 1.305262e-01 0.000000e+00 -9.914449e-01
    outer loop
      vertex   -1.900000e+01 7.000000e+00 -3.750000e+00
      vertex   -1.958234e+01 1.200000e+01 -3.826667e+00
      vertex   -1.900000e+01 1.200000e+01 -3.750000e+00
    endloop
  endfacet
  facet normal -1.305262e-01 0.000000e+00 -9.914449e-01
    outer loop
      vertex   -1.900000e+01 7.000000e+00 -3.750000e+00
      vertex   -1.900000e+01 1.200000e+01 -3.750000e+00
      vertex   -1.841766e+01 7.000000e+00 -3.826667e+00
    endloop
  endfacet
  facet normal -1.305262e-01 0.000000e+00 -9.914449e-01
    outer loop
      vertex   -1.841766e+01 7.000000e+00 -3.826667e+00
      vertex   -1.900000e+01 1.200000e+01 -3.750000e+00
      vertex   -1.841766e+01 1.200000e+01 -3.826667e+00
    endloop
  endfacet
  facet normal -3.826834e-01 0.000000e+00 -9.238795e-01
    outer loop
      vertex   -1.841766e+01 7.000000e+00 -3.826667e+00
      vertex   -1.841766e+01 1.200000e+01 -3.826667e+00
      vertex   -1.787500e+01 7.000000e+00 -4.051443e+00
    endloop
  endfacet
  facet normal -3.826834e-01 0.000000e+00 -9.238795e-01
    outer loop
      vertex   -1.787500e+01 7.000000e+00 -4.051443e+00
      vertex   -1.841766e+01 1.200000e+01 -3.826667e+00
      vertex   -1.787500e+01 1.200000e+01 -4.051443e+00
    endloop
  endfacet
  facet normal -6.087614e-01 0.000000e+00 -7.933533e-01
    outer loop
      vertex   -1.787500e+01 7.000000e+00 -4.051443e+00
      vertex   -1.787500e+01 1.200000e+01 -4.051443e+00
      vertex   -1.740901e+01 7.000000e+00 -4.409010e+00
    endloop
  endfacet
  facet normal -6.087614e-01 0.000000e+00 -7.933533e-01
    outer loop
      vertex   -1.740901e+01 7.000000e+00 -4.409010e+00
      vertex   -1.787500e+01 1.200000e+01 -4.051443e+00
      vertex   -1.740901e+01 1.200000e+01 -4.409010e+00
    endloop
  endfacet
  facet normal -7.933533e-01 0.000000e+00 -6.087614e-01
    outer loop
      vertex   -1.740901e+01 7.000000e+00 -4.409010e+00
      vertex   -1.740901e+01 1.200000e+01 -4.409010e+00
      vertex   -1.705144e+01 7.000000e+00 -4.875000e+00
    endloop
  endfacet
  facet normal -7.933533e-01 0.000000e+00 -6.087614e-01
    outer loop
      vertex   -1.705144e+01 7.000000e+00 -4.875000e+00
      vertex   -1.740901e+01 1.200000e+01 -4.409010e+00
      vertex   -1.705144e+01 1.200000e+01 -4.875000e+00
    endloop
  endfacet
  facet normal -9.238795e-01 0.000000e+00 -3.826834e-01
    outer loop
      vertex   -1.705144e+01 7.000000e+00 -4.875000e+00
      vertex   -1.705144e+01 1.200000e+01 -4.875000e+00
      vertex   -1.682667e+01 7.000000e+00 -5.417657e+00
    endloop
  endfacet
  facet normal -9.238795e-01 0.000000e+00 -3.826834e-01
    outer loop
      vertex   -1.682667e+01 7.000000e+00 -5.417657e+00
      vertex   -1.705144e+01 1.200000e+01 -4.875000e+00
      vertex   -1.682667e+01 1.200000e+01 -5.417657e+00
    endloop
  endfacet
  facet normal 0.000000e+00 1.000000e+00 0.000000e+00
    outer loop
      vertex   -1.745452e+01 7.000000e+00 -6.414110e+00
      vertex   -1.740000e+01 7.000000e+00 -6.000000e+00
      vertex   -1.675000e+01 7.000000e+00 -6.000000e+00
    endloop
  endfacet
  facet normal 0.000000e+00 1.000000e+00 0.000000e+00
    outer loop
      vertex   -1.675000e+01 7.000000e+00 -6.000000e+00
      vertex   -1.740000e+01 7.000000e+00 -6.000000e+00
      vertex   -1.745452e+01 7.000000e+00 -5.585890e+00
    endloop
  endfacet
  facet normal 0.000000e+00 1.000000e+00 0.000000e+00
    outer loop
      vertex   -1.675000e+01 7.000000e+00 -6.000000e+00
      vertex   -1.745452e+01 7.000000e+00 -5.585890e+00
      vertex   -1.682667e+01 7.000000e+00 -5.417657e+00
    endloop
  endfacet
  facet normal 0.000000e+00 1.000000e+00 0.000000e+00
    outer loop
      vertex   -1.682667e+01 7.000000e+00 -5.417657e+00
      vertex   -1.745452e+01 7.000000e+00 -5.585890e+00
      vertex   -1.761436e+01 7.000000e+00 -5.200000e+00
    endloop
  endfacet
  facet normal 0.000000e+00 1.000000e+00 0.000000e+00
    outer loop
      vertex   -1.682667e+01 7.000000e+00 -5.417657e+00
      vertex   -1.761436e+01 7.000000e+00 -5.200000e+00
      vertex   -1.705144e+01 7.000000e+00 -4.875000e+00
    endloop
  endfacet
  facet normal 0.000000e+00 1.000000e+00 0.000000e+00
    outer loop
      vertex   -1.705144e+01 7.000000e+00 -4.875000e+00
      vertex   -1.761436e+01 7.000000e+00 -5.200000e+00
      vertex   -1.786863e+01 7.000000e+00 -4.868629e+00
    endloop
  endfacet
  facet normal 0.000000e+00 1.000000e+00 0.000000e+00
    outer loop
      vertex   -1.705144e+01 7.000000e+00 -4.875000e+00
      vertex   -1.786863e+01 7.000000e+00 -4.868629e+00
      vertex   -1.740901e+01 7.000000e+00 -4.409010e+00
    endloop
  endfacet
  facet normal 0.000000e+00 1.000000e+00 0.000000e+00
    outer loop
      vertex   -1.740901e+01 7.000000e+00 -4.409010e+00
      vertex   -1.786863e+01 7.000000e+00 -4.868629e+00
      vertex   -1.820000e+01 7.000000e+00 -4.614359e+00
    endloop
  endfacet
  facet normal 0.000000e+00 1.000000e+00 0.000000e+00
    outer loop
      vertex   -1.740901e+01 7.000000e+00 -4.409010e+00
      vertex   -1.820000e+01 7.000000e+00 -4.614359e+00
      vertex   -1.787500e+01 7.000000e+00 -4.051443e+00
    endloop
  endfacet
  facet normal 0.000000e+00 1.000000e+00 0.000000e+00
    outer loop
      vertex   -1.787500e+01 7.000000e+00 -4.051443e+00
      vertex   -1.820000e+01 7.000000e+00 -4.614359e+00
      vertex   -1.858589e+01 7.000000e+00 -4.454519e+00
    endloop
  endfacet
  facet normal 0.000000e+00 1.000000e+00 0.000000e+00
    outer loop
      vertex   -1.787500e+01 7.000000e+00 -4.051443e+00
      vertex   -1.858589e+01 7.000000e+00 -4.454519e+00
      vertex   -1.841766e+01 7.000000e+00 -3.826667e+00
    endloop
  endfacet
  facet normal 0.000000e+00 1.000000e+00 0.000000e+00
    outer loop
      vertex   -1.841766e+01 7.000000e+00 -3.826667e+00
      vertex   -1.858589e+01 7.000000e+00 -4.454519e+00
      vertex   -1.900000e+01 7.000000e+00 -4.400000e+00
    endloop
  endfacet
  facet normal 0.000000e+00 1.000000e+00 0.000000e+00
    outer loop
      vertex   -1.841766e+01 7.000000e+00 -3.826667e+00
      vertex   -1.900000e+01 7.000000e+00 -4.400000e+00
      vertex   -1.900000e+01 7.000000e+00 -3.750000e+00
    endloop
  endfacet
  facet normal 0.000000e+00 1.000000e+00 0.000000e+00
    outer loop
      vertex   -1.900000e+01 7.000000e+00 -3.750000e+00
      vertex   -1.900000e+01 7.000000e+00 -4.400000e+00
      vertex   -1.958234e+01 7.000000e+00 -3.826667e+00
    endloop
  endfacet
  facet normal 0.000000e+00 1.000000e+00 0.000000e+00
    outer loop
      vertex   -1.958234e+01 7.000000e+00 -3.826667e+00
      vertex   -1.900000e+01 7.000000e+00 -4.400000e+00
      vertex   -1.941411e+01 7.000000e+00 -4.454519e+00
    endloop
  endfacet
  facet normal 0.000000e+00 1.000000e+00 0.000000e+00
    outer loop
      vertex   -1.958234e+01 7.000000e+00 -3.826667e+00
      vertex   -1.941411e+01 7.000000e+00 -4.454519e+00
      vertex   -2.012500e+01 7.000000e+00 -4.051443e+00
    endloop
  endfacet
  facet normal 0.000000e+00 1.000000e+00 0.000000e+00
    outer loop
      vertex   -2.012500e+01 7.000000e+00 -4.051443e+00
      vertex   -1.941411e+01 7.000000e+00 -4.454519e+00
      vertex   -1.980000e+01 7.000000e+00 -4.614359e+00
    endloop
  endfacet
  facet normal 0.000000e+00 1.000000e+00 0.000000e+00
    outer loop
      vertex   -2.012500e+01 7.000000e+00 -4.051443e+00
      vertex   -1.980000e+01 7.000000e+00 -4.614359e+00
      vertex   -2.059099e+01 7.000000e+00 -4.409010e+00
    endloop
  endfacet
  facet normal 0.000000e+00 1.000000e+00 0.000000e+00
    outer loop
      vertex   -2.059099e+01 7.000000e+00 -4.409010e+00
      vertex   -1.980000e+01 7.000000e+00 -4.614359e+00
      vertex   -2.013137e+01 7.000000e+00 -4.868629e+00
    endloop
  endfacet
  facet normal 0.000000e+00 1.000000e+00 0.000000e+00
    outer loop
      vertex   -2.059099e+01 7.000000e+00 -4.409010e+00
      vertex   -2.013137e+01 7.000000e+00 -4.868629e+00
      vertex   -2.094856e+01 7.000000e+00 -4.875000e+00
    endloop
  endfacet
  facet normal -0.000000e+00 1.000000e+00 0.000000e+00
    outer loop
      vertex   -2.094856e+01 7.000000e+00 -4.875000e+00
      vertex   -2.013137e+01 7.000000e+00 -4.868629e+00
      vertex   -2.038564e+01 7.000000e+00 -5.200000e+00
    endloop
  endfacet
  facet normal 0.000000e+00 1.000000e+00 0.000000e+00
    outer loop
      vertex   -2.094856e+01 7.000000e+00 -4.875000e+00
      vertex   -2.038564e+01 7.000000e+00 -5.200000e+00
      vertex   -2.117333e+01 7.000000e+00 -5.417657e+00
    endloop
  endfacet
  facet normal -0.000000e+00 1.000000e+00 0.000000e+00
    outer loop
      vertex   -2.117333e+01 7.000000e+00 -5.417657e+00
      vertex   -2.038564e+01 7.000000e+00 -5.200000e+00
      vertex   -2.054548e+01 7.000000e+00 -5.585890e+00
    endloop
  endfacet
  facet normal 0.000000e+00 1.000000e+00 0.000000e+00
    outer loop
      vertex   -2.117333e+01 7.000000e+00 -5.417657e+00
      vertex   -2.054548e+01 7.000000e+00 -5.585890e+00
      vertex   -2.125000e+01 7.000000e+00 -6.000000e+00
    endloop
  endfacet
  facet normal 0.000000e+00 1.000000e+00 0.000000e+00
    outer loop
      vertex   -2.125000e+01 7.000000e+00 -6.000000e+00
      vertex   -2.054548e+01 7.000000e+00 -5.585890e+00
      vertex   -2.060000e+01 7.000000e+00 -6.000000e+00
    endloop
  endfacet
  facet normal -0.000000e+00 1.000000e+00 0.000000e+00
    outer loop
      vertex   -2.125000e+01 7.000000e+00 -6.000000e+00
      vertex   -2.060000e+01 7.000000e+00 -6.000000e+00
      vertex   -2.117333e+01 7.000000e+00 -6.582343e+00
    endloop
  endfacet
  facet normal 0.000000e+00 1.000000e+00 0.000000e+00
    outer loop
      vertex   -2.117333e+01 7.000000e+00 -6.582343e+00
      vertex   -2.060000e+01 7.000000e+00 -6.000000e+00
      vertex   -2.054548e+01 7.000000e+00 -6.414110e+00
    endloop
  endfacet
  facet normal -0.000000e+00 1.000000e+00 0.000000e+00
    outer loop
      vertex   -2.117333e+01 7.000000e+00 -6.582343e+00
      vertex   -2.054548e+01 7.000000e+00 -6.414110e+00
      vertex   -2.038564e+01 7.000000e+00 -6.800000e+00
    endloop
  endfacet
  facet normal 0.000000e+00 1.000000e+00 0.000000e+00
    outer loop
      vertex   -2.117333e+01 7.000000e+00 -6.582343e+00
      vertex   -2.038564e+01 7.000000e+00 -6.800000e+00
      vertex   -2.094856e+01 7.000000e+00 -7.125000e+00
    endloop
  endfacet
  facet normal -0.000000e+00 1.000000e+00 0.000000e+00
    outer loop
      vertex   -2.094856e+01 7.000000e+00 -7.125000e+00
      vertex   -2.038564e+01 7.000000e+00 -6.800000e+00
      vertex   -2.013137e+01 7.000000e+00 -7.131371e+00
    endloop
  endfacet
  facet normal 0.000000e+00 1.000000e+00 0.000000e+00
    outer loop
      vertex   -2.094856e+01 7.000000e+00 -7.125000e+00
      vertex   -2.013137e+01 7.000000e+00 -7.131371e+00
      vertex   -2.059099e+01 7.000000e+00 -7.590990e+00
    endloop
  endfacet
  facet normal 0.000000e+00 1.000000e+00 0.000000e+00
    outer loop
      vertex   -2.059099e+01 7.000000e+00 -7.590990e+00
      vertex   -2.013137e+01 7.000000e+00 -7.131371e+00
      vertex   -1.980000e+01 7.000000e+00 -7.385641e+00
    endloop
  endfacet
  facet normal -0.000000e+00 1.000000e+00 0.000000e+00
    outer loop
      vertex   -2.059099e+01 7.000000e+00 -7.590990e+00
      vertex   -1.980000e+01 7.000000e+00 -7.385641e+00
      vertex   -2.012500e+01 7.000000e+00 -7.948557e+00
    endloop
  endfacet
  facet normal 0.000000e+00 1.000000e+00 0.000000e+00
    outer loop
      vertex   -2.012500e+01 7.000000e+00 -7.948557e+00
      vertex   -1.980000e+01 7.000000e+00 -7.385641e+00
      vertex   -1.941411e+01 7.000000e+00 -7.545481e+00
    endloop
  endfacet
  facet normal -0.000000e+00 1.000000e+00 0.000000e+00
    outer loop
      vertex   -2.012500e+01 7.000000e+00 -7.948557e+00
      vertex   -1.941411e+01 7.000000e+00 -7.545481e+00
      vertex   -1.958234e+01 7.000000e+00 -8.173333e+00
    endloop
  endfacet
  facet normal 0.000000e+00 1.000000e+00 0.000000e+00
    outer loop
      vertex   -1.958234e+01 7.000000e+00 -8.173333e+00
      vertex   -1.941411e+01 7.000000e+00 -7.545481e+00
      vertex   -1.900000e+01 7.000000e+00 -7.600000e+00
    endloop
  endfacet
  facet normal -0.000000e+00 1.000000e+00 0.000000e+00
    outer loop
      vertex   -1.958234e+01 7.000000e+00 -8.173333e+00
      vertex   -1.900000e+01 7.000000e+00 -7.600000e+00
      vertex   -1.900000e+01 7.000000e+00 -8.250000e+00
    endloop
  endfacet
  facet normal 0.000000e+00 1.000000e+00 0.000000e+00
    outer loop
      vertex   -1.900000e+01 7.000000e+00 -8.250000e+00
      vertex   -1.900000e+01 7.000000e+00 -7.600000e+00
      vertex   -1.841766e+01 7.000000e+00 -8.173333e+00
    endloop
  endfacet
  facet normal 0.000000e+00 1.000000e+00 0.000000e+00
    outer loop
      vertex   -1.841766e+01 7.000000e+00 -8.173333e+00
      vertex   -1.900000e+01 7.000000e+00 -7.600000e+00
      vertex   -1.858589e+01 7.000000e+00 -7.545481e+00
    endloop
  endfacet
  facet normal 0.000000e+00 1.000000e+00 -0.000000e+00
    outer loop
      vertex   -1.841766e+01 7.000000e+00 -8.173333e+00
      vertex   -1.858589e+01 7.000000e+00 -7.545481e+00
      vertex   -1.787500e+01 7.000000e+00 -7.948557e+00
    endloop
  endfacet
  facet normal 0.000000e+00 1.000000e+00 0.000000e+00
    outer loop
      vertex   -1.787500e+01 7.000000e+00 -7.948557e+00
      vertex   -1.858589e+01 7.000000e+00 -7.545481e+00
      vertex   -1.820000e+01 7.000000e+00 -7.385641e+00
    endloop
  endfacet
  facet normal 0.000000e+00 1.000000e+00 -0.000000e+00
    outer loop
      vertex   -1.787500e+01 7.000000e+00 -7.948557e+00
      vertex   -1.820000e+01 7.000000e+00 -7.385641e+00
      vertex   -1.740901e+01 7.000000e+00 -7.590990e+00
    endloop
  endfacet
  facet normal 0.000000e+00 1.000000e+00 0.000000e+00
    outer loop
      vertex   -1.740901e+01 7.000000e+00 -7.590990e+00
      vertex   -1.820000e+01 7.000000e+00 -7.385641e+00
      vertex   -1.786863e+01 7.000000e+00 -7.131371e+00
    endloop
  endfacet
  facet normal 0.000000e+00 1.000000e+00 -0.000000e+00
    outer loop
      vertex   -1.740901e+01 7.000000e+00 -7.590990e+00
      vertex   -1.786863e+01 7.000000e+00 -7.131371e+00
      vertex   -1.705144e+01 7.000000e+00 -7.125000e+00
    endloop
  endfacet
  facet normal 0.000000e+00 1.000000e+00 0.000000e+00
    outer loop
      vertex   -1.705144e+01 7.000000e+00 -7.125000e+00
      vertex   -1.786863e+01 7.000000e+00 -7.131371e+00
      vertex   -1.761436e+01 7.000000e+00 -6.800000e+00
    endloop
  endfacet
  facet normal 0.000000e+00 1.000000e+00 -0.000000e+00
    outer loop
      vertex   -1.705144e+01 7.000000e+00 -7.125000e+00
      vertex   -1.761436e+01 7.000000e+00 -6.800000e+00
      vertex   -1.682667e+01 7.000000e+00 -6.582343e+00
    endloop
  endfacet
  facet normal 0.000000e+00 1.000000e+00 0.000000e+00
    outer loop
      vertex   -1.682667e+01 7.000000e+00 -6.582343e+00
      vertex   -1.761436e+01 7.000000e+00 -6.800000e+00
      vertex   -1.745452e+01 7.000000e+00 -6.414110e+00
    endloop
  endfacet
  facet normal 0.000000e+00 1.000000e+00 -0.000000e+00
    outer loop
      vertex   -1.682667e+01 7.000000e+00 -6.582343e+00
      vertex   -1.745452e+01 7.000000e+00 -6.414110e+00
      vertex   -1.675000e+01 7.000000e+00 -6.000000e+00
    endloop
  endfacet
  facet normal -9.914449e-01 0.000000e+00 -1.305262e-01
    outer loop
      vertex   -3.082667e+01 7.000000e+00 6.582343e+00
      vertex   -3.082667e+01 1.200000e+01 6.582343e+00
      vertex   -3.075000e+01 7.000000e+00 6.000000e+00
    endloop
  endfacet
  facet normal -9.914449e-01 0.000000e+00 -1.305262e-01
    outer loop
      vertex   -3.075000e+01 7.000000e+00 6.000000e+00
      vertex   -3.082667e+01 1.200000e+01 6.582343e+00
      vertex   -3.075000e+01 1.200000e+01 6.000000e+00
    endloop
  endfacet
  facet normal -9.914449e-01 0.000000e+00 1.305262e-01
    outer loop
      vertex   -3.075000e+01 7.000000e+00 6.000000e+00
      vertex   -3.075000e+01 1.200000e+01 6.000000e+00
      vertex   -3.082667e+01 7.000000e+00 5.417657e+00
    endloop
  endfacet
  facet normal -9.914449e-01 0.000000e+00 1.305262e-01
    outer loop
      vertex   -3.082667e+01 7.000000e+00 5.417657e+00
      vertex   -3.075000e+01 1.200000e+01 6.000000e+00
      vertex   -3.082667e+01 1.200000e+01 5.417657e+00
    endloop
  endfacet
  facet normal -9.238795e-01 0.000000e+00 3.826834e-01
    outer loop
      vertex   -3.082667e+01 7.000000e+00 5.417657e+00
      vertex   -3.082667e+01 1.200000e+01 5.417657e+00
      vertex   -3.105144e+01 7.000000e+00 4.875000e+00
    endloop
  endfacet
  facet normal -9.238795e-01 0.000000e+00 3.826834e-01
    outer loop
      vertex   -3.105144e+01 7.000000e+00 4.875000e+00
      vertex   -3.082667e+01 1.200000e+01 5.417657e+00
      vertex   -3.105144e+01 1.200000e+01 4.875000e+00
    endloop
  endfacet
  facet normal -7.933533e-01 0.000000e+00 6.087614e-01
    outer loop
      vertex   -3.105144e+01 7.000000e+00 4.875000e+00
      vertex   -3.105144e+01 1.200000e+01 4.875000e+00
      vertex   -3.140901e+01 7.000000e+00 4.409010e+00
    endloop
  endfacet
  facet normal -7.933533e-01 0.000000e+00 6.087614e-01
    outer loop
      vertex   -3.140901e+01 7.000000e+00 4.409010e+00
      vertex   -3.105144e+01 1.200000e+01 4.875000e+00
      vertex   -3.140901e+01 1.200000e+01 4.409010e+00
    endloop
  endfacet
  facet normal -6.087614e-01 0.000000e+00 7.933533e-01
    outer loop
      vertex   -3.140901e+01 7.000000e+00 4.409010e+00
      vertex   -3.140901e+01 1.200000e+01 4.409010e+00
      vertex   -3.187500e+01 7.000000e+00 4.051443e+00
    endloop
  endfacet
  facet normal -6.087614e-01 0.000000e+00 7.933533e-01
    outer loop
      vertex   -3.187500e+01 7.000000e+00 4.051443e+00
      vertex   -3.140901e+01 1.200000e+01 4.409010e+00
      vertex   -3.187500e+01 1.200000e+01 4.051443e+00
    endloop
  endfacet
  facet normal -3.826834e-01 0.000000e+00 9.238795e-01
    outer loop
      vertex   -3.187500e+01 7.000000e+00 4.051443e+00
      vertex   -3.187500e+01 1.200000e+01 4.051443e+00
      vertex   -3.241766e+01 7.000000e+00 3.826667e+00
    endloop
  endfacet
  facet normal -3.826834e-01 0.000000e+00 9.238795e-01
    outer loop
      vertex   -3.241766e+01 7.000000e+00 3.826667e+00
      vertex   -3.187500e+01 1.200000e+01 4.051443e+00
      vertex   -3.241766e+01 1.200000e+01 3.826667e+00
    endloop
  endfacet
  facet normal -1.305262e-01 0.000000e+00 9.914449e-01
    outer loop
      vertex   -3.241766e+01 7.000000e+00 3.826667e+00
      vertex   -3.241766e+01 1.200000e+01 3.826667e+00
      vertex   -3.300000e+01 7.000000e+00 3.750000e+00
    endloop
  endfacet
  facet normal -1.305262e-01 0.000000e+00 9.914449e-01
    outer loop
      vertex   -3.300000e+01 7.000000e+00 3.750000e+00
      vertex   -3.241766e+01 1.200000e+01 3.826667e+00
      vertex   -3.300000e+01 1.200000e+01 3.750000e+00
    endloop
  endfacet
  facet normal 1.305262e-01 -0.000000e+00 9.914449e-01
    outer loop
      vertex   -3.300000e+01 7.000000e+00 3.750000e+00
      vertex   -3.300000e+01 1.200000e+01 3.750000e+00
      vertex   -3.358234e+01 7.000000e+00 3.826667e+00
    endloop
  endfacet
  facet normal 1.305262e-01 -0.000000e+00 9.914449e-01
    outer loop
      vertex   -3.358234e+01 7.000000e+00 3.826667e+00
      vertex   -3.300000e+01 1.200000e+01 3.750000e+00
      vertex   -3.358234e+01 1.200000e+01 3.826667e+00
    endloop
  endfacet
  facet normal 3.826834e-01 -0.000000e+00 9.238795e-01
    outer loop
      vertex   -3.358234e+01 7.000000e+00 3.826667e+00
      vertex   -3.358234e+01 1.200000e+01 3.826667e+00
      vertex   -3.412500e+01 7.000000e+00 4.051443e+00
    endloop
  endfacet
  facet normal 3.826834e-01 -0.000000e+00 9.238795e-01
    outer loop
      vertex   -3.412500e+01 7.000000e+00 4.051443e+00
      vertex   -3.358234e+01 1.200000e+01 3.826667e+00
      vertex   -3.412500e+01 1.200000e+01 4.051443e+00
    endloop
  endfacet
  facet normal 6.087614e-01 -0.000000e+00 7.933533e-01
    outer loop
      vertex   -3.412500e+01 7.000000e+00 4.051443e+00
      vertex   -3.412500e+01 1.200000e+01 4.051443e+00
      vertex   -3.459099e+01 7.000000e+00 4.409010e+00
    endloop
  endfacet
  facet normal 6.087614e-01 -0.000000e+00 7.933533e-01
    outer loop
      vertex   -3.459099e+01 7.000000e+00 4.409010e+00
      vertex   -3.412500e+01 1.200000e+01 4.051443e+00
      vertex   -3.459099e+01 1.200000e+01 4.409010e+00
    endloop
  endfacet
  facet normal 7.933533e-01 -0.000000e+00 6.087614e-01
    outer loop
      vertex   -3.459099e+01 7.000000e+00 4.409010e+00
      vertex   -3.459099e+01 1.200000e+01 4.409010e+00
      vertex   -3.494856e+01 7.000000e+00 4.875000e+00
    endloop
  endfacet
  facet normal 7.933533e-01 -0.000000e+00 6.087614e-01
    outer loop
      vertex   -3.494856e+01 7.000000e+00 4.875000e+00
      vertex   -3.459099e+01 1.200000e+01 4.409010e+00
      vertex   -3.494856e+01 1.200000e+01 4.875000e+00
    endloop
  endfacet
  facet normal 9.238795e-01 -0.000000e+00 3.826834e-01
    outer loop
      vertex   -3.494856e+01 7.000000e+00 4.875000e+00
      vertex   -3.494856e+01 1.200000e+01 4.875000e+00
      vertex   -3.517333e+01 7.000000e+00 5.417657e+00
    endloop
  endfacet
  facet normal 9.238795e-01 -0.000000e+00 3.826834e-01
    outer loop
      vertex   -3.517333e+01 7.000000e+00 5.417657e+00
      vertex   -3.494856e+01 1.200000e+01 4.875000e+00
      vertex   -3.517333e+01 1.200000e+01 5.417657e+00
    endloop
  endfacet
  facet normal 9.914449e-01 -0.000000e+00 1.305262e-01
    outer loop
      vertex   -3.517333e+01 7.000000e+00 5.417657e+00
      vertex   -3.517333e+01 1.200000e+01 5.417657e+00
      vertex   -3.525000e+01 7.000000e+00 6.000000e+00
    endloop
  endfacet
  facet normal 9.914449e-01 -0.000000e+00 1.305262e-01
    outer loop
      vertex   -3.525000e+01 7.000000e+00 6.000000e+00
      vertex   -3.517333e+01 1.200000e+01 5.417657e+00
      vertex   -3.525000e+01 1.200000e+01 6.000000e+00
    endloop
  endfacet
  facet normal 9.914449e-01 0.000000e+00 -1.305262e-01
    outer loop
      vertex   -3.525000e+01 7.000000e+00 6.000000e+00
      vertex   -3.525000e+01 1.200000e+01 6.000000e+00
      vertex   -3.517333e+01 7.000000e+00 6.582343e+00
    endloop
  endfacet
  facet normal 9.914449e-01 0.000000e+00 -1.305262e-01
    outer loop
      vertex   -3.517333e+01 7.000000e+00 6.582343e+00
      vertex   -3.525000e+01 1.200000e+01 6.000000e+00
      vertex   -3.517333e+01 1.200000e+01 6.582343e+00
    endloop
  endfacet
  facet normal 9.238795e-01 0.000000e+00 -3.826834e-01
    outer loop
      vertex   -3.517333e+01 7.000000e+00 6.582343e+00
      vertex   -3.517333e+01 1.200000e+01 6.582343e+00
      vertex   -3.494856e+01 7.000000e+00 7.125000e+00
    endloop
  endfacet
  facet normal 9.238795e-01 0.000000e+00 -3.826834e-01
    outer loop
      vertex   -3.494856e+01 7.000000e+00 7.125000e+00
      vertex   -3.517333e+01 1.200000e+01 6.582343e+00
      vertex   -3.494856e+01 1.200000e+01 7.125000e+00
    endloop
  endfacet
  facet normal 7.933533e-01 0.000000e+00 -6.087614e-01
    outer loop
      vertex   -3.494856e+01 7.000000e+00 7.125000e+00
      vertex   -3.494856e+01 1.200000e+01 7.125000e+00
      vertex   -3.459099e+01 7.000000e+00 7.590990e+00
    endloop
  endfacet
  facet normal 7.933533e-01 0.000000e+00 -6.087614e-01
    outer loop
      vertex   -3.459099e+01 7.000000e+00 7.590990e+00
      vertex   -3.494856e+01 1.200000e+01 7.125000e+00
      vertex   -3.459099e+01 1.200000e+01 7.590990e+00
    endloop
  endfacet
  facet normal 6.087614e-01 0.000000e+00 -7.933533e-01
    outer loop
      vertex   -3.459099e+01 7.000000e+00 7.590990e+00
      vertex   -3.459099e+01 1.200000e+01 7.590990e+00
      vertex   -3.412500e+01 7.000000e+00 7.948557e+00
    endloop
  endfacet
  facet normal 6.087614e-01 0.000000e+00 -7.933533e-01
    outer loop
      vertex   -3.412500e+01 7.000000e+00 7.948557e+00
      vertex   -3.459099e+01 1.200000e+01 7.590990e+00
      vertex   -3.412500e+01 1.200000e+01 7.948557e+00
    endloop
  endfacet
  facet normal 3.826834e-01 0.000000e+00 -9.238795e-01
    outer loop
      vertex   -3.412500e+01 7.000000e+00 7.948557e+00
      vertex   -3.412500e+01 1.200000e+01 7.948557e+00
      vertex   -3.358234e+01 7.000000e+00 8.173333e+00
    endloop
  endfacet
  facet normal 3.826834e-01 0.000000e+00 -9.238795e-01
    outer loop
      vertex   -3.358234e+01 7.000000e+00 8.173333e+00
      vertex   -3.412500e+01 1.200000e+01 7.948557e+00
      vertex   -3.358234e+01 1.200000e+01 8.173333e+00
    endloop
  endfacet
  facet normal 1.305262e-01 0.000000e+00 -9.914449e-01
    outer loop
      vertex   -3.358234e+01 7.000000e+00 8.173333e+00
      vertex   -3.358234e+01 1.200000e+01 8.173333e+00
      vertex   -3.300000e+01 7.000000e+00 8.250000e+00
    endloop
  endfacet
  facet normal 1.305262e-01 0.000000e+00 -9.914449e-01
    outer loop
      vertex   -3.300000e+01 7.000000e+00 8.250000e+00
      vertex   -3.358234e+01 1.200000e+01 8.173333e+00
      vertex   -3.300000e+01 1.200000e+01 8.250000e+00
    endloop
  endfacet
  facet normal -1.305262e-01 0.000000e+00 -9.914449e-01
    outer loop
      vertex   -3.300000e+01 7.000000e+00 8.250000e+00
      vertex   -3.300000e+01 1.200000e+01 8.250000e+00
      vertex   -3.241766e+01 7.000000e+00 8.173333e+00
    endloop
  endfacet
  facet normal -1.305262e-01 0.000000e+00 -9.914449e-01
    outer loop
      vertex   -3.241766e+01 7.000000e+00 8.173333e+00
      vertex   -3.300000e+01 1.200000e+01 8.250000e+00
      vertex   -3.241766e+01 1.200000e+01 8.173333e+00
    endloop
  endfacet
  facet normal -3.826834e-01 0.000000e+00 -9.238795e-01
    outer loop
      vertex   -3.241766e+01 7.000000e+00 8.173333e+00
      vertex   -3.241766e+01 1.200000e+01 8.173333e+00
      vertex   -3.187500e+01 7.000000e+00 7.948557e+00
    endloop
  endfacet
  facet normal -3.826834e-01 0.000000e+00 -9.238795e-01
    outer loop
      vertex   -3.187500e+01 7.000000e+00 7.948557e+00
      vertex   -3.241766e+01 1.200000e+01 8.173333e+00
      vertex   -3.187500e+01 1.200000e+01 7.948557e+00
    endloop
  endfacet
  facet normal -6.087614e-01 0.000000e+00 -7.933533e-01
    outer loop
      vertex   -3.187500e+01 7.000000e+00 7.948557e+00
      vertex   -3.187500e+01 1.200000e+01 7.948557e+00
      vertex   -3.140901e+01 7.000000e+00 7.590990e+00
    endloop
  endfacet
  facet normal -6.087614e-01 0.000000e+00 -7.933533e-01
    outer loop
      vertex   -3.140901e+01 7.000000e+00 7.590990e+00
      vertex   -3.187500e+01 1.200000e+01 7.948557e+00
      vertex   -3.140901e+01 1.200000e+01 7.590990e+00
    endloop
  endfacet
  facet normal -7.933533e-01 0.000000e+00 -6.087614e-01
    outer loop
      vertex   -3.140901e+01 7.000000e+00 7.590990e+00
      vertex   -3.140901e+01 1.200000e+01 7.590990e+00
      vertex   -3.105144e+01 7.000000e+00 7.125000e+00
    endloop
  endfacet
  facet normal -7.933533e-01 0.000000e+00 -6.087614e-01
    outer loop
      vertex   -3.105144e+01 7.000000e+00 7.125000e+00
      vertex   -3.140901e+01 1.200000e+01 7.590990e+00
      vertex   -3.105144e+01 1.200000e+01 7.125000e+00
    endloop
  endfacet
  facet normal -9.238795e-01 0.000000e+00 -3.826834e-01
    outer loop
      vertex   -3.105144e+01 7.000000e+00 7.125000e+00
      vertex   -3.105144e+01 1.200000e+01 7.125000e+00
      vertex   -3.082667e+01 7.000000e+00 6.582343e+00
    endloop
  endfacet
  facet normal -9.238795e-01 0.000000e+00 -3.826834e-01
    outer loop
      vertex   -3.082667e+01 7.000000e+00 6.582343e+00
      vertex   -3.105144e+01 1.200000e+01 7.125000e+00
      vertex   -3.082667e+01 1.200000e+01 6.582343e+00
    endloop
  endfacet
  facet normal 0.000000e+00 1.000000e+00 0.000000e+00
    outer loop
      vertex   -3.145452e+01 7.000000e+00 5.585890e+00
      vertex   -3.140000e+01 7.000000e+00 6.000000e+00
      vertex   -3.075000e+01 7.000000e+00 6.000000e+00
    endloop
  endfacet
  facet normal 0.000000e+00 1.000000e+00 0.000000e+00
    outer loop
      vertex   -3.075000e+01 7.000000e+00 6.000000e+00
      vertex   -3.140000e+01 7.000000e+00 6.000000e+00
      vertex   -3.145452e+01 7.000000e+00 6.414110e+00
    endloop
  endfacet
  facet normal 0.000000e+00 1.000000e+00 0.000000e+00
    outer loop
      vertex   -3.075000e+01 7.000000e+00 6.000000e+00
      vertex   -3.145452e+01 7.000000e+00 6.414110e+00
      vertex   -3.082667e+01 7.000000e+00 6.582343e+00
    endloop
  endfacet
  facet normal 0.000000e+00 1.000000e+00 0.000000e+00
    outer loop
      vertex   -3.082667e+01 7.000000e+00 6.582343e+00
      vertex   -3.145452e+01 7.000000e+00 6.414110e+00
      vertex   -3.161436e+01 7.000000e+00 6.800000e+00
    endloop
  endfacet
  facet normal 0.000000e+00 1.000000e+00 0.000000e+00
    outer loop
      vertex   -3.082667e+01 7.000000e+00 6.582343e+00
      vertex   -3.161436e+01 7.000000e+00 6.800000e+00
      vertex   -3.105144e+01 7.000000e+00 7.125000e+00
    endloop
  endfacet
  facet normal 0.000000e+00 1.000000e+00 0.000000e+00
    outer loop
      vertex   -3.105144e+01 7.000000e+00 7.125000e+00
      vertex   -3.161436e+01 7.000000e+00 6.800000e+00
      vertex   -3.186863e+01 7.000000e+00 7.131371e+00
    endloop
  endfacet
  facet normal 0.000000e+00 1.000000e+00 0.000000e+00
    outer loop
      vertex   -3.105144e+01 7.000000e+00 7.125000e+00
      vertex   -3.186863e+01 7.000000e+00 7.131371e+00
      vertex   -3.140901e+01 7.000000e+00 7.590990e+00
    endloop
  endfacet
  facet normal 0.000000e+00 1.000000e+00 0.000000e+00
    outer loop
      vertex   -3.140901e+01 7.000000e+00 7.590990e+00
      vertex   -3.186863e+01 7.000000e+00 7.131371e+00
      vertex   -3.220000e+01 7.000000e+00 7.385641e+00
    endloop
  endfacet
  facet normal 0.000000e+00 1.000000e+00 0.000000e+00
    outer loop
      vertex   -3.140901e+01 7.000000e+00 7.590990e+00
      vertex   -3.220000e+01 7.000000e+00 7.385641e+00
      vertex   -3.187500e+01 7.000000e+00 7.948557e+00
    endloop
  endfacet
  facet normal 0.000000e+00 1.000000e+00 0.000000e+00
    outer loop
      vertex   -3.187500e+01 7.000000e+00 7.948557e+00
      vertex   -3.220000e+01 7.000000e+00 7.385641e+00
      vertex   -3.258589e+01 7.000000e+00 7.545481e+00
    endloop
  endfacet
  facet normal 0.000000e+00 1.000000e+00 0.000000e+00
    outer loop
      vertex   -3.187500e+01 7.000000e+00 7.948557e+00
      vertex   -3.258589e+01 7.000000e+00 7.545481e+00
      vertex   -3.241766e+01 7.000000e+00 8.173333e+00
    endloop
  endfacet
  facet normal 0.000000e+00 1.000000e+00 0.000000e+00
    outer loop
      vertex   -3.241766e+01 7.000000e+00 8.173333e+00
      vertex   -3.258589e+01 7.000000e+00 7.545481e+00
      vertex   -3.300000e+01 7.000000e+00 7.600000e+00
    endloop
  endfacet
  facet normal 0.000000e+00 1.000000e+00 0.000000e+00
    outer loop
      vertex   -3.241766e+01 7.000000e+00 8.173333e+00
      vertex   -3.300000e+01 7.000000e+00 7.600000e+00
      vertex   -3.300000e+01 7.000000e+00 8.250000e+00
    endloop
  endfacet
  facet normal 0.000000e+00 1.000000e+00 0.000000e+00
    outer loop
      vertex   -3.300000e+01 7.000000e+00 8.250000e+00
      vertex   -3.300000e+01 7.000000e+00 7.600000e+00
      vertex   -3.358234e+01 7.000000e+00 8.173333e+00
    endloop
  endfacet
  facet normal 0.000000e+00 1.000000e+00 0.000000e+00
    outer loop
      vertex   -3.358234e+01 7.000000e+00 8.173333e+00
      vertex   -3.300000e+01 7.000000e+00 7.600000e+00
      vertex   -3.341411e+01 7.000000e+00 7.545481e+00
    endloop
  endfacet
  facet normal 0.000000e+00 1.000000e+00 0.000000e+00
    outer loop
      vertex   -3.358234e+01 7.000000e+00 8.173333e+00
      vertex   -3.341411e+01 7.000000e+00 7.545481e+00
      vertex   -3.412500e+01 7.000000e+00 7.948557e+00
    endloop
  endfacet
  facet normal 0.000000e+00 1.000000e+00 0.000000e+00
    outer loop
      vertex   -3.412500e+01 7.000000e+00 7.948557e+00
      vertex   -3.341411e+01 7.000000e+00 7.545481e+00
      vertex   -3.380000e+01 7.000000e+00 7.385641e+00
    endloop
  endfacet
  facet normal 0.000000e+00 1.000000e+00 0.000000e+00
    outer loop
      vertex   -3.412500e+01 7.000000e+00 7.948557e+00
      vertex   -3.380000e+01 7.000000e+00 7.385641e+00
      vertex   -3.459099e+01 7.000000e+00 7.590990e+00
    endloop
  endfacet
  facet normal 0.000000e+00 1.000000e+00 0.000000e+00
    outer loop
      vertex   -3.459099e+01 7.000000e+00 7.590990e+00
      vertex   -3.380000e+01 7.000000e+00 7.385641e+00
      vertex   -3.413137e+01 7.000000e+00 7.131371e+00
    endloop
  endfacet
  facet normal 0.000000e+00 1.000000e+00 0.000000e+00
    outer loop
      vertex   -3.459099e+01 7.000000e+00 7.590990e+00
      vertex   -3.413137e+01 7.000000e+00 7.131371e+00
      vertex   -3.494856e+01 7.000000e+00 7.125000e+00
    endloop
  endfacet
  facet normal -0.000000e+00 1.000000e+00 0.000000e+00
    outer loop
      vertex   -3.494856e+01 7.000000e+00 7.125000e+00
      vertex   -3.413137e+01 7.000000e+00 7.131371e+00
      vertex   -3.438564e+01 7.000000e+00 6.800000e+00
    endloop
  endfacet
  facet normal 0.000000e+00 1.000000e+00 0.000000e+00
    outer loop
      vertex   -3.494856e+01 7.000000e+00 7.125000e+00
      vertex   -3.438564e+01 7.000000e+00 6.800000e+00
      vertex   -3.517333e+01 7.000000e+00 6.582343e+00
    endloop
  endfacet
  facet normal -0.000000e+00 1.000000e+00 0.000000e+00
    outer loop
      vertex   -3.517333e+01 7.000000e+00 6.582343e+00
      vertex   -3.438564e+01 7.000000e+00 6.800000e+00
      vertex   -3.454548e+01 7.000000e+00 6.414110e+00
    endloop
  endfacet
  facet normal 0.000000e+00 1.000000e+00 0.000000e+00
    outer loop
      vertex   -3.517333e+01 7.000000e+00 6.582343e+00
      vertex   -3.454548e+01 7.000000e+00 6.414110e+00
      vertex   -3.525000e+01 7.000000e+00 6.000000e+00
    endloop
  endfacet
  facet normal 0.000000e+00 1.000000e+00 0.000000e+00
    outer loop
      vertex   -3.525000e+01 7.000000e+00 6.000000e+00
      vertex   -3.454548e+01 7.000000e+00 6.414110e+00
      vertex   -3.460000e+01 7.000000e+00 6.000000e+00
    endloop
  endfacet
  facet normal -0.000000e+00 1.000000e+00 0.000000e+00
    outer loop
      vertex   -3.525000e+01 7.000000e+00 6.000000e+00
      vertex   -3.460000e+01 7.000000e+00 6.000000e+00
      vertex   -3.517333e+01 7.000000e+00 5.417657e+00
    endloop
  endfacet
  facet normal 0.000000e+00 1.000000e+00 0.000000e+00
    outer loop
      vertex   -3.517333e+01 7.000000e+00 5.417657e+00
      vertex   -3.460000e+01 7.000000e+00 6.000000e+00
      vertex   -3.454548e+01 7.000000e+00 5.585890e+00
    endloop
  endfacet
  facet normal -0.000000e+00 1.000000e+00 0.000000e+00
    outer loop
      vertex   -3.517333e+01 7.000000e+00 5.417657e+00
      vertex   -3.454548e+01 7.000000e+00 5.585890e+00
      vertex   -3.438564e+01 7.000000e+00 5.200000e+00
    endloop
  endfacet
  facet normal 0.000000e+00 1.000000e+00 0.000000e+00
    outer loop
      vertex   -3.517333e+01 7.000000e+00 5.417657e+00
      vertex   -3.438564e+01 7.000000e+00 5.200000e+00
      vertex   -3.494856e+01 7.000000e+00 4.875000e+00
    endloop
  endfacet
  facet normal -0.000000e+00 1.000000e+00 0.000000e+00
    outer loop
      vertex   -3.494856e+01 7.000000e+00 4.875000e+00
      vertex   -3.438564e+01 7.000000e+00 5.200000e+00
      vertex   -3.413137e+01 7.000000e+00 4.868629e+00
    endloop
  endfacet
  facet normal 0.000000e+00 1.000000e+00 0.000000e+00
    outer loop
      vertex   -3.494856e+01 7.000000e+00 4.875000e+00
      vertex   -3.413137e+01 7.000000e+00 4.868629e+00
      vertex   -3.459099e+01 7.000000e+00 4.409010e+00
    endloop
  endfacet
  facet normal 0.000000e+00 1.000000e+00 0.000000e+00
    outer loop
      vertex   -3.459099e+01 7.000000e+00 4.409010e+00
      vertex   -3.413137e+01 7.000000e+00 4.868629e+00
      vertex   -3.380000e+01 7.000000e+00 4.614359e+00
    endloop
  endfacet
  facet normal -0.000000e+00 1.000000e+00 0.000000e+00
    outer loop
      vertex   -3.459099e+01 7.000000e+00 4.409010e+00
      vertex   -3.380000e+01 7.000000e+00 4.614359e+00
      vertex   -3.412500e+01 7.000000e+00 4.051443e+00
    endloop
  endfacet
  facet normal 0.000000e+00 1.000000e+00 0.000000e+00
    outer loop
      vertex   -3.412500e+01 7.000000e+00 4.051443e+00
      vertex   -3.380000e+01 7.000000e+00 4.614359e+00
      vertex   -3.341411e+01 7.000000e+00 4.454519e+00
    endloop
  endfacet
  facet normal -0.000000e+00 1.000000e+00 0.000000e+00
    outer loop
      vertex   -3.412500e+01 7.000000e+00 4.051443e+00
      vertex   -3.341411e+01 7.000000e+00 4.454519e+00
      vertex   -3.358234e+01 7.000000e+00 3.826667e+00
    endloop
  endfacet
  facet normal 0.000000e+00 1.000000e+00 0.000000e+00
    outer loop
      vertex   -3.358234e+01 7.000000e+00 3.826667e+00
      vertex   -3.341411e+01 7.000000e+00 4.454519e+00
      vertex   -3.300000e+01 7.000000e+00 4.400000e+00
    endloop
  endfacet
  facet normal -0.000000e+00 1.000000e+00 0.000000e+00
    outer loop
      vertex   -3.358234e+01 7.000000e+00 3.826667e+00
      vertex   -3.300000e+01 7.000000e+00 4.400000e+00
      vertex   -3.300000e+01 7.000000e+00 3.750000e+00
    endloop
  endfacet
  facet normal 0.000000e+00 1.000000e+00 0.000000e+00
    outer loop
      vertex   -3.300000e+01 7.000000e+00 3.750000e+00
      vertex   -3.300000e+01 7.000000e+00 4.400000e+00
      vertex   -3.241766e+01 7.000000e+00 3.826667e+00
    endloop
  endfacet
  facet normal 0.000000e+00 1.000000e+00 0.000000e+00
    outer loop
      vertex   -3.241766e+01 7.000000e+00 3.826667e+00
      vertex   -3.300000e+01 7.000000e+00 4.400000e+00
      vertex   -3.258589e+01 7.000000e+00 4.454519e+00
    endloop
  endfacet
  facet normal 0.000000e+00 1.000000e+00 -0.000000e+00
    outer loop
      vertex   -3.241766e+01 7.000000e+00 3.826667e+00
      vertex   -3.258589e+01 7.000000e+00 4.454519e+00
      vertex   -3.187500e+01 7.000000e+00 4.051443e+00
    endloop
  endfacet
  facet normal 0.000000e+00 1.000000e+00 0.000000e+00
    outer loop
      vertex   -3.187500e+01 7.000000e+00 4.051443e+00
      vertex   -3.258589e+01 7.000000e+00 4.454519e+00
      vertex   -3.220000e+01 7.000000e+00 4.614359e+00
    endloop
  endfacet
  facet normal 0.000000e+00 1.000000e+00 -0.000000e+00
    outer loop
      vertex   -3.187500e+01 7.000000e+00 4.051443e+00
      vertex   -3.220000e+01 7.000000e+00 4.614359e+00
      vertex   -3.140901e+01 7.000000e+00 4.409010e+00
    endloop
  endfacet
  facet normal 0.000000e+00 1.000000e+00 0.000000e+00
    outer loop
      vertex   -3.140901e+01 7.000000e+00 4.409010e+00
      vertex   -3.220000e+01 7.000000e+00 4.614359e+00
      vertex   -3.186863e+01 7.000000e+00 4.868629e+00
    endloop
  endfacet
  facet normal 0.000000e+00 1.000000e+00 -0.000000e+00
    outer loop
      vertex   -3.140901e+01 7.000000e+00 4.409010e+00
      vertex   -3.186863e+01 7.000000e+00 4.868629e+00
      vertex   -3.105144e+01 7.000000e+00 4.875000e+00
    endloop
  endfacet
  facet normal 0.000000e+00 1.000000e+00 0.000000e+00
    outer loop
      vertex   -3.105144e+01 7.000000e+00 4.875000e+00
      vertex   -3.186863e+01 7.000000e+00 4.868629e+00
      vertex   -3.161436e+01 7.000000e+00 5.200000e+00
    endloop
  endfacet
  facet normal 0.000000e+00 1.000000e+00 -0.000000e+00
    outer loop
      vertex   -3.105144e+01 7.000000e+00 4.875000e+00
      vertex   -3.161436e+01 7.000000e+00 5.200000e+00
      vertex   -3.082667e+01 7.000000e+00 5.417657e+00
    endloop
  endfacet
  facet normal 0.000000e+00 1.000000e+00 0.000000e+00
    outer loop
      vertex   -3.082667e+01 7.000000e+00 5.417657e+00
      vertex   -3.161436e+01 7.000000e+00 5.200000e+00
      vertex   -3.145452e+01 7.000000e+00 5.585890e+00
    endloop
  endfacet
  facet normal 0.000000e+00 1.000000e+00 -0.000000e+00
    outer loop
      vertex   -3.082667e+01 7.000000e+00 5.417657e+00
      vertex   -3.145452e+01 7.000000e+00 5.585890e+00
      vertex   -3.075000e+01 7.000000e+00 6.000000e+00
    endloop
  endfacet
  facet normal -9.914449e-01 0.000000e+00 -1.305262e-01
    outer loop
      vertex   -3.082667e+01 7.000000e+00 -5.417657e+00
      vertex   -3.082667e+01 1.200000e+01 -5.417657e+00
      vertex   -3.075000e+01 7.000000e+00 -6.000000e+00
    endloop
  endfacet
  facet normal -9.914449e-01 0.000000e+00 -1.305262e-01
    outer loop
      vertex   -3.075000e+01 7.000000e+00 -6.000000e+00
      vertex   -3.082667e+01 1.200000e+01 -5.417657e+00
      vertex   -3.075000e+01 1.200000e+01 -6.000000e+00
    endloop
  endfacet
  facet normal -9.914449e-01 0.000000e+00 1.305262e-01
    outer loop
      vertex   -3.075000e+01 7.000000e+00 -6.000000e+00
      vertex   -3.075000e+01 1.200000e+01 -6.000000e+00
      vertex   -3.082667e+01 7.000000e+00 -6.582343e+00
    endloop
  endfacet
  facet normal -9.914449e-01 0.000000e+00 1.305262e-01
    outer loop
      vertex   -3.082667e+01 7.000000e+00 -6.582343e+00
      vertex   -3.075000e+01 1.200000e+01 -6.000000e+00
      vertex   -3.082667e+01 1.200000e+01 -6.582343e+00
    endloop
  endfacet
  facet normal -9.238795e-01 0.000000e+00 3.826834e-01
    outer loop
      vertex   -3.082667e+01 7.000000e+00 -6.582343e+00
      vertex   -3.082667e+01 1.200000e+01 -6.582343e+00
      vertex   -3.105144e+01 7.000000e+00 -7.125000e+00
    endloop
  endfacet
  facet normal -9.238795e-01 0.000000e+00 3.826834e-01
    outer loop
      vertex   -3.105144e+01 7.000000e+00 -7.125000e+00
      vertex   -3.082667e+01 1.200000e+01 -6.582343e+00
      vertex   -3.105144e+01 1.200000e+01 -7.125000e+00
    endloop
  endfacet
  facet normal -7.933533e-01 0.000000e+00 6.087614e-01
    outer loop
      vertex   -3.105144e+01 7.000000e+00 -7.125000e+00
      vertex   -3.105144e+01 1.200000e+01 -7.125000e+00
      vertex   -3.140901e+01 7.000000e+00 -7.590990e+00
    endloop
  endfacet
  facet normal -7.933533e-01 0.000000e+00 6.087614e-01
    outer loop
      vertex   -3.140901e+01 7.000000e+00 -7.590990e+00
      vertex   -3.105144e+01 1.200000e+01 -7.125000e+00
      vertex   -3.140901e+01 1.200000e+01 -7.590990e+00
    endloop
  endfacet
  facet normal -6.087614e-01 0.000000e+00 7.933533e-01
    outer loop
      vertex   -3.140901e+01 7.000000e+00 -7.590990e+00
      vertex   -3.140901e+01 1.200000e+01 -7.590990e+00
      vertex   -3.187500e+01 7.000000e+00 -7.948557e+00
    endloop
  endfacet
  facet normal -6.087614e-01 0.000000e+00 7.933533e-01
    outer loop
      vertex   -3.187500e+01 7.000000e+00 -7.948557e+00
      vertex   -3.140901e+01 1.200000e+01 -7.590990e+00
      vertex   -3.187500e+01 1.200000e+01 -7.948557e+00
    endloop
  endfacet
  facet normal -3.826834e-01 0.000000e+00 9.238795e-01
    outer loop
      vertex   -3.187500e+01 7.000000e+00 -7.948557e+00
      vertex   -3.187500e+01 1.200000e+01 -7.948557e+00
      vertex   -3.241766e+01 7.000000e+00 -8.173333e+00
    endloop
  endfacet
  facet normal -3.826834e-01 0.000000e+00 9.238795e-01
    outer loop
      vertex   -3.241766e+01 7.000000e+00 -8.173333e+00
      vertex   -3.187500e+01 1.200000e+01 -7.948557e+00
      vertex   -3.241766e+01 1.200000e+01 -8.173333e+00
    endloop
  endfacet
  facet normal -1.305262e-01 0.000000e+00 9.914449e-01
    outer loop
      vertex   -3.241766e+01 7.000000e+00 -8.173333e+00
      vertex   -3.241766e+01 1.200000e+01 -8.173333e+00
      vertex   -3.300000e+01 7.000000e+00 -8.250000e+00
    endloop
  endfacet
  facet normal -1.305262e-01 0.000000e+00 9.914449e-01
    outer loop
      vertex   -3.300000e+01 7.000000e+00 -8.250000e+00
      vertex   -3.241766e+01 1.200000e+01 -8.173333e+00
      vertex   -3.300000e+01 1.200000e+01 -8.250000e+00
    endloop
  endfacet
  facet normal 1.305262e-01 -0.000000e+00 9.914449e-01
    outer loop
      vertex   -3.300000e+01 7.000000e+00 -8.250000e+00
      vertex   -3.300000e+01 1.200000e+01 -8.250000e+00
      vertex   -3.358234e+01 7.000000e+00 -8.173333e+00
    endloop
  endfacet
  facet normal 1.305262e-01 -0.000000e+00 9.914449e-01
    outer loop
      vertex   -3.358234e+01 7.000000e+00 -8.173333e+00
      vertex   -3.300000e+01 1.200000e+01 -8.250000e+00
      vertex   -3.358234e+01 1.200000e+01 -8.173333e+00
    endloop
  endfacet
  facet normal 3.826834e-01 -0.000000e+00 9.238795e-01
    outer loop
      vertex   -3.358234e+01 7.000000e+00 -8.173333e+00
      vertex   -3.358234e+01 1.200000e+01 -8.173333e+00
      vertex   -3.412500e+01 7.000000e+00 -7.948557e+00
    endloop
  endfacet
  facet normal 3.826834e-01 -0.000000e+00 9.238795e-01
    outer loop
      vertex   -3.412500e+01 7.000000e+00 -7.948557e+00
      vertex   -3.358234e+01 1.200000e+01 -8.173333e+00
      vertex   -3.412500e+01 1.200000e+01 -7.948557e+00
    endloop
  endfacet
  facet normal 6.087614e-01 -0.000000e+00 7.933533e-01
    outer loop
      vertex   -3.412500e+01 7.000000e+00 -7.948557e+00
      vertex   -3.412500e+01 1.200000e+01 -7.948557e+00
      vertex   -3.459099e+01 7.000000e+00 -7.590990e+00
    endloop
  endfacet
  facet normal 6.087614e-01 -0.000000e+00 7.933533e-01
    outer loop
      vertex   -3.459099e+01 7.000000e+00 -7.590990e+00
      vertex   -3.412500e+01 1.200000e+01 -7.948557e+00
      vertex   -3.459099e+01 1.200000e+01 -7.590990e+00
    endloop
  endfacet
  facet normal 7.933533e-01 -0.000000e+00 6.087614e-01
    outer loop
      vertex   -3.459099e+01 7.000000e+00 -7.590990e+00
      vertex   -3.459099e+01 1.200000e+01 -7.590990e+00
      vertex   -3.494856e+01 7.000000e+00 -7.125000e+00
    endloop
  endfacet
  facet normal 7.933533e-01 -0.000000e+00 6.087614e-01
    outer loop
      vertex   -3.494856e+01 7.000000e+00 -7.125000e+00
      vertex   -3.459099e+01 1.200000e+01 -7.590990e+00
      vertex   -3.494856e+01 1.200000e+01 -7.125000e+00
    endloop
  endfacet
  facet normal 9.238795e-01 -0.000000e+00 3.826834e-01
    outer loop
      vertex   -3.494856e+01 7.000000e+00 -7.125000e+00
      vertex   -3.494856e+01 1.200000e+01 -7.125000e+00
      vertex   -3.517333e+01 7.000000e+00 -6.582343e+00
    endloop
  endfacet
  facet normal 9.238795e-01 -0.000000e+00 3.826834e-01
    outer loop
      vertex   -3.517333e+01 7.000000e+00 -6.582343e+00
      vertex   -3.494856e+01 1.200000e+01 -7.125000e+00
      vertex   -3.517333e+01 1.200000e+01 -6.582343e+00
    endloop
  endfacet
  facet normal 9.914449e-01 -0.000000e+00 1.305262e-01
    outer loop
      vertex   -3.517333e+01 7.000000e+00 -6.582343e+00
      vertex   -3.517333e+01 1.200000e+01 -6.582343e+00
      vertex   -3.525000e+01 7.000000e+00 -6.000000e+00
    endloop
  endfacet
  facet normal 9.914449e-01 -0.000000e+00 1.305262e-01
    outer loop
      vertex   -3.525000e+01 7.000000e+00 -6.000000e+00
      vertex   -3.517333e+01 1.200000e+01 -6.582343e+00
      vertex   -3.525000e+01 1.200000e+01 -6.000000e+00
    endloop
  endfacet
  facet normal 9.914449e-01 0.000000e+00 -1.305262e-01
    outer loop
      vertex   -3.525000e+01 7.000000e+00 -6.000000e+00
      vertex   -3.525000e+01 1.200000e+01 -6.000000e+00
      vertex   -3.517333e+01 7.000000e+00 -5.417657e+00
    endloop
  endfacet
  facet normal 9.914449e-01 0.000000e+00 -1.305262e-01
    outer loop
      vertex   -3.517333e+01 7.000000e+00 -5.417657e+00
      vertex   -3.525000e+01 1.200000e+01 -6.000000e+00
      vertex   -3.517333e+01 1.200000e+01 -5.417657e+00
    endloop
  endfacet
  facet normal 9.238795e-01 0.000000e+00 -3.826834e-01
    outer loop
      vertex   -3.517333e+01 7.000000e+00 -5.417657e+00
      vertex   -3.517333e+01 1.200000e+01 -5.417657e+00
      vertex   -3.494856e+01 7.000000e+00 -4.875000e+00
    endloop
  endfacet
  facet normal 9.238795e-01 0.000000e+00 -3.826834e-01
    outer loop
      vertex   -3.494856e+01 7.000000e+00 -4.875000e+00
      vertex   -3.517333e+01 1.200000e+01 -5.417657e+00
      vertex   -3.494856e+01 1.200000e+01 -4.875000e+00
    endloop
  endfacet
  facet normal 7.933533e-01 0.000000e+00 -6.087614e-01
    outer loop
      vertex   -3.494856e+01 7.000000e+00 -4.875000e+00
      vertex   -3.494856e+01 1.200000e+01 -4.875000e+00
      vertex   -3.459099e+01 7.000000e+00 -4.409010e+00
    endloop
  endfacet
  facet normal 7.933533e-01 0.000000e+00 -6.087614e-01
    outer loop
      vertex   -3.459099e+01 7.000000e+00 -4.409010e+00
      vertex   -3.494856e+01 1.200000e+01 -4.875000e+00
      vertex   -3.459099e+01 1.200000e+01 -4.409010e+00
    endloop
  endfacet
  facet normal 6.087614e-01 0.000000e+00 -7.933533e-01
    outer loop
      vertex   -3.459099e+01 7.000000e+00 -4.409010e+00
      vertex   -3.459099e+01 1.200000e+01 -4.409010e+00
      vertex   -3.412500e+01 7.000000e+00 -4.051443e+00
    endloop
  endfacet
  facet normal 6.087614e-01 0.000000e+00 -7.933533e-01
    outer loop
      vertex   -3.412500e+01 7.000000e+00 -4.051443e+00
      vertex   -3.459099e+01 1.200000e+01 -4.409010e+00
      vertex   -3.412500e+01 1.200000e+01 -4.051443e+00
    endloop
  endfacet
  facet normal 3.826834e-01 0.000000e+00 -9.238795e-01
    outer loop
      vertex   -3.412500e+01 7.000000e+00 -4.051443e+00
      vertex   -3.412500e+01 1.200000e+01 -4.051443e+00
      vertex   -3.358234e+01 7.000000e+00 -3.826667e+00
    endloop
  endfacet
  facet normal 3.826834e-01 0.000000e+00 -9.238795e-01
    outer loop
      vertex   -3.358234e+01 7.000000e+00 -3.826667e+00
      vertex   -3.412500e+01 1.200000e+01 -4.051443e+00
      vertex   -3.358234e+01 1.200000e+01 -3.826667e+00
    endloop
  endfacet
  facet normal 1.305262e-01 0.000000e+00 -9.914449e-01
    outer loop
      vertex   -3.358234e+01 7.000000e+00 -3.826667e+00
      vertex   -3.358234e+01 1.200000e+01 -3.826667e+00
      vertex   -3.300000e+01 7.000000e+00 -3.750000e+00
    endloop
  endfacet
  facet normal 1.305262e-01 0.000000e+00 -9.914449e-01
    outer loop
      vertex   -3.300000e+01 7.000000e+00 -3.750000e+00
      vertex   -3.358234e+01 1.200000e+01 -3.826667e+00
      vertex   -3.300000e+01 1.200000e+01 -3.750000e+00
    endloop
  endfacet
  facet normal -1.305262e-01 0.000000e+00 -9.914449e-01
    outer loop
      vertex   -3.300000e+01 7.000000e+00 -3.750000e+00
      vertex   -3.300000e+01 1.200000e+01 -3.750000e+00
      vertex   -3.241766e+01 7.000000e+00 -3.826667e+00
    endloop
  endfacet
  facet normal -1.305262e-01 0.000000e+00 -9.914449e-01
    outer loop
      vertex   -3.241766e+01 7.000000e+00 -3.826667e+00
      vertex   -3.300000e+01 1.200000e+01 -3.750000e+00
      vertex   -3.241766e+01 1.200000e+01 -3.826667e+00
    endloop
  endfacet
  facet normal -3.826834e-01 0.000000e+00 -9.238795e-01
    outer loop
      vertex   -3.241766e+01 7.000000e+00 -3.826667e+00
      vertex   -3.241766e+01 1.200000e+01 -3.826667e+00
      vertex   -3.187500e+01 7.000000e+00 -4.051443e+00
    endloop
  endfacet
  facet normal -3.826834e-01 0.000000e+00 -9.238795e-01
    outer loop
      vertex   -3.187500e+01 7.000000e+00 -4.051443e+00
      vertex   -3.241766e+01 1.200000e+01 -3.826667e+00
      vertex   -3.187500e+01 1.200000e+01 -4.051443e+00
    endloop
  endfacet
  facet normal -6.087614e-01 0.000000e+00 -7.933533e-01
    outer loop
      vertex   -3.187500e+01 7.000000e+00 -4.051443e+00
      vertex   -3.187500e+01 1.200000e+01 -4.051443e+00
      vertex   -3.140901e+01 7.000000e+00 -4.409010e+00
    endloop
  endfacet
  facet normal -6.087614e-01 0.000000e+00 -7.933533e-01
    outer loop
      vertex   -3.140901e+01 7.000000e+00 -4.409010e+00
      vertex   -3.187500e+01 1.200000e+01 -4.051443e+00
      vertex   -3.140901e+01 1.200000e+01 -4.409010e+00
    endloop
  endfacet
  facet normal -7.933533e-01 0.000000e+00 -6.087614e-01
    outer loop
      vertex   -3.140901e+01 7.000000e+00 -4.409010e+00
      vertex   -3.140901e+01 1.200000e+01 -4.409010e+00
      vertex   -3.105144e+01 7.000000e+00 -4.875000e+00
    endloop
  endfacet
  facet normal -7.933533e-01 0.000000e+00 -6.087614e-01
    outer loop
      vertex   -3.105144e+01 7.000000e+00 -4.875000e+00
      vertex   -3.140901e+01 1.200000e+01 -4.409010e+00
      vertex   -3.105144e+01 1.200000e+01 -4.875000e+00
    endloop
  endfacet
  facet normal -9.238795e-01 0.000000e+00 -3.826834e-01
    outer loop
      vertex   -3.105144e+01 7.000000e+00 -4.875000e+00
      vertex   -3.105144e+01 1.200000e+01 -4.875000e+00
      vertex   -3.082667e+01 7.000000e+00 -5.417657e+00
    endloop
  endfacet
  facet normal -9.238795e-01 0.000000e+00 -3.826834e-01
    outer loop
      vertex   -3.082667e+01 7.000000e+00 -5.417657e+00
      vertex   -3.105144e+01 1.200000e+01 -4.875000e+00
      vertex   -3.082667e+01 1.200000e+01 -5.417657e+00
    endloop
  endfacet
  facet normal 0.000000e+00 1.000000e+00 0.000000e+00
    outer loop
      vertex   -3.145452e+01 7.000000e+00 -6.414110e+00
      vertex   -3.140000e+01 7.000000e+00 -6.000000e+00
      vertex   -3.075000e+01 7.000000e+00 -6.000000e+00
    endloop
  endfacet
  facet normal 0.000000e+00 1.000000e+00 0.000000e+00
    outer loop
      vertex   -3.075000e+01 7.000000e+00 -6.000000e+00
      vertex   -3.140000e+01 7.000000e+00 -6.000000e+00
      vertex   -3.145452e+01 7.000000e+00 -5.585890e+00
    endloop
  endfacet
  facet normal 0.000000e+00 1.000000e+00 0.000000e+00
    outer loop
      vertex   -3.075000e+01 7.000000e+00 -6.000000e+00
      vertex   -3.145452e+01 7.000000e+00 -5.585890e+00
      vertex   -3.082667e+01 7.000000e+00 -5.417657e+00
    endloop
  endfacet
  facet normal 0.000000e+00 1.000000e+00 0.000000e+00
    outer loop
      vertex   -3.082667e+01 7.000000e+00 -5.417657e+00
      vertex   -3.145452e+01 7.000000e+00 -5.585890e+00
      vertex   -3.161436e+01 7.000000e+00 -5.200000e+00
    endloop
  endfacet
  facet normal 0.000000e+00 1.000000e+00 0.000000e+00
    outer loop
      vertex   -3.082667e+01 7.000000e+00 -5.417657e+00
      vertex   -3.161436e+01 7.000000e+00 -5.200000e+00
      vertex   -3.105144e+01 7.000000e+00 -4.875000e+00
    endloop
  endfacet
  facet normal 0.000000e+00 1.000000e+00 0.000000e+00
    outer loop
      vertex   -3.105144e+01 7.000000e+00 -4.875000e+00
      vertex   -3.161436e+01 7.000000e+00 -5.200000e+00
      vertex   -3.186863e+01 7.000000e+00 -4.868629e+00
    endloop
  endfacet
  facet normal 0.000000e+00 1.000000e+00 0.000000e+00
    outer loop
      vertex   -3.105144e+01 7.000000e+00 -4.875000e+00
      vertex   -3.186863e+01 7.000000e+00 -4.868629e+00
      vertex   -3.140901e+01 7.000000e+00 -4.409010e+00
    endloop
  endfacet
  facet normal 0.000000e+00 1.000000e+00 0.000000e+00
    outer loop
      vertex   -3.140901e+01 7.000000e+00 -4.409010e+00
      vertex   -3.186863e+01 7.000000e+00 -4.868629e+00
      vertex   -3.220000e+01 7.000000e+00 -4.614359e+00
    endloop
  endfacet
  facet normal 0.000000e+00 1.000000e+00 0.000000e+00
    outer loop
      vertex   -3.140901e+01 7.000000e+00 -4.409010e+00
      vertex   -3.220000e+01 7.000000e+00 -4.614359e+00
      vertex   -3.187500e+01 7.000000e+00 -4.051443e+00
    endloop
  endfacet
  facet normal 0.000000e+00 1.000000e+00 0.000000e+00
    outer loop
      vertex   -3.187500e+01 7.000000e+00 -4.051443e+00
      vertex   -3.220000e+01 7.000000e+00 -4.614359e+00
      vertex   -3.258589e+01 7.000000e+00 -4.454519e+00
    endloop
  endfacet
  facet normal 0.000000e+00 1.000000e+00 0.000000e+00
    outer loop
      vertex   -3.187500e+01 7.000000e+00 -4.051443e+00
      vertex   -3.258589e+01 7.000000e+00 -4.454519e+00
      vertex   -3.241766e+01 7.000000e+00 -3.826667e+00
    endloop
  endfacet
  facet normal 0.000000e+00 1.000000e+00 0.000000e+00
    outer loop
      vertex   -3.241766e+01 7.000000e+00 -3.826667e+00
      vertex   -3.258589e+01 7.000000e+00 -4.454519e+00
      vertex   -3.300000e+01 7.000000e+00 -4.400000e+00
    endloop
  endfacet
  facet normal 0.000000e+00 1.000000e+00 0.000000e+00
    outer loop
      vertex   -3.241766e+01 7.000000e+00 -3.826667e+00
      vertex   -3.300000e+01 7.000000e+00 -4.400000e+00
      vertex   -3.300000e+01 7.000000e+00 -3.750000e+00
    endloop
  endfacet
  facet normal 0.000000e+00 1.000000e+00 0.000000e+00
    outer loop
      vertex   -3.300000e+01 7.000000e+00 -3.750000e+00
      vertex   -3.300000e+01 7.000000e+00 -4.400000e+00
      vertex   -3.358234e+01 7.000000e+00 -3.826667e+00
    endloop
  endfacet
  facet normal 0.000000e+00 1.000000e+00 0.000000e+00
    outer loop
      vertex   -3.358234e+01 7.000000e+00 -3.826667e+00
      vertex   -3.300000e+01 7.000000e+00 -4.400000e+00
      vertex   -3.341411e+01 7.000000e+00 -4.454519e+00
    endloop
  endfacet
  facet normal 0.000000e+00 1.000000e+00 0.000000e+00
    outer loop
      vertex   -3.358234e+01 7.000000e+00 -3.826667e+00
      vertex   -3.341411e+01 7.000000e+00 -4.454519e+00
      vertex   -3.412500e+01 7.000000e+00 -4.051443e+00
    endloop
  endfacet
  facet normal 0.000000e+00 1.000000e+00 0.000000e+00
    outer loop
      vertex   -3.412500e+01 7.000000e+00 -4.051443e+00
      vertex   -3.341411e+01 7.000000e+00 -4.454519e+00
      vertex   -3.380000e+01 7.000000e+00 -4.614359e+00
    endloop
  endfacet
  facet normal 0.000000e+00 1.000000e+00 0.000000e+00
    outer loop
      vertex   -3.412500e+01 7.000000e+00 -4.051443e+00
      vertex   -3.380000e+01 7.000000e+00 -4.614359e+00
      vertex   -3.459099e+01 7.000000e+00 -4.409010e+00
    endloop
  endfacet
  facet normal 0.000000e+00 1.000000e+00 0.000000e+00
    outer loop
      vertex   -3.459099e+01 7.000000e+00 -4.409010e+00
      vertex   -3.380000e+01 7.000000e+00 -4.614359e+00
      vertex   -3.413137e+01 7.000000e+00 -4.868629e+00
    endloop
  endfacet
  facet normal 0.000000e+00 1.000000e+00 0.000000e+00
    outer loop
      vertex   -3.459099e+01 7.000000e+00 -4.409010e+00
      vertex   -3.413137e+01 7.000000e+00 -4.868629e+00
      vertex   -3.494856e+01 7.000000e+00 -4.875000e+00
    endloop
  endfacet
  facet normal -0.000000e+00 1.000000e+00 0.000000e+00
    outer loop
      vertex   -3.494856e+01 7.000000e+00 -4.875000e+00
      vertex   -3.413137e+01 7.000000e+00 -4.868629e+00
      vertex   -3.438564e+01 7.000000e+00 -5.200000e+00
    endloop
  endfacet
  facet normal 0.000000e+00 1.000000e+00 0.000000e+00
    outer loop
      vertex   -3.494856e+01 7.000000e+00 -4.875000e+00
      vertex   -3.438564e+01 7.000000e+00 -5.200000e+00
      vertex   -3.517333e+01 7.000000e+00 -5.417657e+00
    endloop
  endfacet
  facet normal -0.000000e+00 1.000000e+00 0.000000e+00
    outer loop
      vertex   -3.517333e+01 7.000000e+00 -5.417657e+00
      vertex   -3.438564e+01 7.000000e+00 -5.200000e+00
      vertex   -3.454548e+01 7.000000e+00 -5.585890e+00
    endloop
  endfacet
  facet normal 0.000000e+00 1.000000e+00 0.000000e+00
    outer loop
      vertex   -3.517333e+01 7.000000e+00 -5.417657e+00
      vertex   -3.454548e+01 7.000000e+00 -5.585890e+00
      vertex   -3.525000e+01 7.000000e+00 -6.000000e+00
    endloop
  endfacet
  facet normal 0.000000e+00 1.000000e+00 0.000000e+00
    outer loop
      vertex   -3.525000e+01 7.000000e+00 -6.000000e+00
      vertex   -3.454548e+01 7.000000e+00 -5.585890e+00
      vertex   -3.460000e+01 7.000000e+00 -6.000000e+00
    endloop
  endfacet
  facet normal -0.000000e+00 1.000000e+00 0.000000e+00
    outer loop
      vertex   -3.525000e+01 7.000000e+00 -6.000000e+00
      vertex   -3.460000e+01 7.000000e+00 -6.000000e+00
      vertex   -3.517333e+01 7.000000e+00 -6.582343e+00
    endloop
  endfacet
  facet normal 0.000000e+00 1.000000e+00 0.000000e+00
    outer loop
      vertex   -3.517333e+01 7.000000e+00 -6.582343e+00
      vertex   -3.460000e+01 7.000000e+00 -6.000000e+00
      vertex   -3.454548e+01 7.000000e+00 -6.414110e+00
    endloop
  endfacet
  facet normal -0.000000e+00 1.000000e+00 0.000000e+00
    outer loop
      vertex   -3.517333e+01 7.000000e+00 -6.582343e+00
      vertex   -3.454548e+01 7.000000e+00 -6.414110e+00
      vertex   -3.438564e+01 7.000000e+00 -6.800000e+00
    endloop
  endfacet
  facet normal 0.000000e+00 1.000000e+00 0.000000e+00
    outer loop
      vertex   -3.517333e+01 7.000000e+00 -6.582343e+00
      vertex   -3.438564e+01 7.000000e+00 -6.800000e+00
      vertex   -3.494856e+01 7.000000e+00 -7.125000e+00
    endloop
  endfacet
  facet normal -0.000000e+00 1.000000e+00 0.000000e+00
    outer loop
      vertex   -3.494856e+01 7.000000e+00 -7.125000e+00
      vertex   -3.438564e+01 7.000000e+00 -6.800000e+00
      vertex   -3.413137e+01 7.000000e+00 -7.131371e+00
    endloop
  endfacet
  facet normal 0.000000e+00 1.000000e+00 0.000000e+00
    outer loop
      vertex   -3.494856e+01 7.000000e+00 -7.125000e+00
      vertex   -3.413137e+01 7.000000e+00 -7.131371e+00
      vertex   -3.459099e+01 7.000000e+00 -7.590990e+00
    endloop
  endfacet
  facet normal 0.000000e+00 1.000000e+00 0.000000e+00
    outer loop
      vertex   -3.459099e+01 7.000000e+00 -7.590990e+00
      vertex   -3.413137e+01 7.000000e+00 -7.131371e+00
      vertex   -3.380000e+01 7.000000e+00 -7.385641e+00
    endloop
  endfacet
  facet normal -0.000000e+00 1.000000e+00 0.000000e+00
    outer loop
      vertex   -3.459099e+01 7.000000e+00 -7.590990e+00
      vertex   -3.380000e+01 7.000000e+00 -7.385641e+00
      vertex   -3.412500e+01 7.000000e+00 -7.948557e+00
    endloop
  endfacet
  facet normal 0.000000e+00 1.000000e+00 0.000000e+00
    outer loop
      vertex   -3.412500e+01 7.000000e+00 -7.948557e+00
      vertex   -3.380000e+01 7.000000e+00 -7.385641e+00
      vertex   -3.341411e+01 7.000000e+00 -7.545481e+00
    endloop
  endfacet
  facet normal -0.000000e+00 1.000000e+00 0.000000e+00
    outer loop
      vertex   -3.412500e+01 7.000000e+00 -7.948557e+00
      vertex   -3.341411e+01 7.000000e+00 -7.545481e+00
      vertex   -3.358234e+01 7.000000e+00 -8.173333e+00
    endloop
  endfacet
  facet normal 0.000000e+00 1.000000e+00 0.000000e+00
    outer loop
      vertex   -3.358234e+01 7.000000e+00 -8.173333e+00
      vertex   -3.341411e+01 7.000000e+00 -7.545481e+00
      vertex   -3.300000e+01 7.000000e+00 -7.600000e+00
    endloop
  endfacet
  facet normal -0.000000e+00 1.000000e+00 0.000000e+00
    outer loop
      vertex   -3.358234e+01 7.000000e+00 -8.173333e+00
      vertex   -3.300000e+01 7.000000e+00 -7.600000e+00
      vertex   -3.300000e+01 7.000000e+00 -8.250000e+00
    endloop
  endfacet
  facet normal 0.000000e+00 1.000000e+00 0.000000e+00
    outer loop
      vertex   -3.300000e+01 7.000000e+00 -8.250000e+00
      vertex   -3.300000e+01 7.000000e+00 -7.600000e+00
      vertex   -3.241766e+01 7.000000e+00 -8.173333e+00
    endloop
  endfacet
  facet normal 0.000000e+00 1.000000e+00 0.000000e+00
    outer loop
      vertex   -3.241766e+01 7.000000e+00 -8.173333e+00
      vertex   -3.300000e+01 7.000000e+00 -7.600000e+00
      vertex   -3.258589e+01 7.000000e+00 -7.545481e+00
    endloop
  endfacet
  facet normal 0.000000e+00 1.000000e+00 -0.000000e+00
    outer loop
      vertex   -3.241766e+01 7.000000e+00 -8.173333e+00
      vertex   -3.258589e+01 7.000000e+00 -7.545481e+00
      vertex   -3.187500e+01 7.000000e+00 -7.948557e+00
    endloop
  endfacet
  facet normal 0.000000e+00 1.000000e+00 0.000000e+00
    outer loop
      vertex   -3.187500e+01 7.000000e+00 -7.948557e+00
      vertex   -3.258589e+01 7.000000e+00 -7.545481e+00
      vertex   -3.220000e+01 7.000000e+00 -7.385641e+00
    endloop
  endfacet
  facet normal 0.000000e+00 1.000000e+00 -0.000000e+00
    outer loop
      vertex   -3.187500e+01 7.000000e+00 -7.948557e+00
      vertex   -3.220000e+01 7.000000e+00 -7.385641e+00
      vertex   -3.140901e+01 7.000000e+00 -7.590990e+00
    endloop
  endfacet
  facet normal 0.000000e+00 1.000000e+00 0.000000e+00
    outer loop
      vertex   -3.140901e+01 7.000000e+00 -7.590990e+00
      vertex   -3.220000e+01 7.000000e+00 -7.385641e+00
      vertex   -3.186863e+01 7.000000e+00 -7.131371e+00
    endloop
  endfacet
  facet normal 0.000000e+00 1.000000e+00 -0.000000e+00
    outer loop
      vertex   -3.140901e+01 7.000000e+00 -7.590990e+00
      vertex   -3.186863e+01 7.000000e+00 -7.131371e+00
      vertex   -3.105144e+01 7.000000e+00 -7.125000e+00
    endloop
  endfacet
  facet normal 0.000000e+00 1.000000e+00 0.000000e+00
    outer loop
      vertex   -3.105144e+01 7.000000e+00 -7.125000e+00
      vertex   -3.186863e+01 7.000000e+00 -7.131371e+00
      vertex   -3.161436e+01 7.000000e+00 -6.800000e+00
    endloop
  endfacet
  facet normal 0.000000e+00 1.000000e+00 -0.000000e+00
    outer loop
      vertex   -3.105144e+01 7.000000e+00 -7.125000e+00
      vertex   -3.161436e+01 7.000000e+00 -6.800000e+00
      vertex   -3.082667e+01 7.000000e+00 -6.582343e+00
    endloop
  endfacet
  facet normal 0.000000e+00 1.000000e+00 0.000000e+00
    outer loop
      vertex   -3.082667e+01 7.000000e+00 -6.582343e+00
      vertex   -3.161436e+01 7.000000e+00 -6.800000e+00
      vertex   -3.145452e+01 7.000000e+00 -6.414110e+00
    endloop
  endfacet
  facet normal 0.000000e+00 1.000000e+00 -0.000000e+00
    outer loop
      vertex   -3.082667e+01 7.000000e+00 -6.582343e+00
      vertex   -3.145452e+01 7.000000e+00 -6.414110e+00
      vertex   -3.075000e+01 7.000000e+00 -6.000000e+00
    endloop
  endfacet
  facet normal -9.914449e-01 0.000000e+00 -1.305262e-01
    outer loop
      vertex   -1.682667e+01 7.000000e+00 6.582343e+00
      vertex   -1.682667e+01 1.200000e+01 6.582343e+00
      vertex   -1.675000e+01 7.000000e+00 6.000000e+00
    endloop
  endfacet
  facet normal -9.914449e-01 0.000000e+00 -1.305262e-01
    outer loop
      vertex   -1.675000e+01 7.000000e+00 6.000000e+00
      vertex   -1.682667e+01 1.200000e+01 6.582343e+00
      vertex   -1.675000e+01 1.200000e+01 6.000000e+00
    endloop
  endfacet
  facet normal -9.914449e-01 0.000000e+00 1.305262e-01
    outer loop
      vertex   -1.675000e+01 7.000000e+00 6.000000e+00
      vertex   -1.675000e+01 1.200000e+01 6.000000e+00
      vertex   -1.682667e+01 7.000000e+00 5.417657e+00
    endloop
  endfacet
  facet normal -9.914449e-01 0.000000e+00 1.305262e-01
    outer loop
      vertex   -1.682667e+01 7.000000e+00 5.417657e+00
      vertex   -1.675000e+01 1.200000e+01 6.000000e+00
      vertex   -1.682667e+01 1.200000e+01 5.417657e+00
    endloop
  endfacet
  facet normal -9.238795e-01 0.000000e+00 3.826834e-01
    outer loop
      vertex   -1.682667e+01 7.000000e+00 5.417657e+00
      vertex   -1.682667e+01 1.200000e+01 5.417657e+00
      vertex   -1.705144e+01 7.000000e+00 4.875000e+00
    endloop
  endfacet
  facet normal -9.238795e-01 0.000000e+00 3.826834e-01
    outer loop
      vertex   -1.705144e+01 7.000000e+00 4.875000e+00
      vertex   -1.682667e+01 1.200000e+01 5.417657e+00
      vertex   -1.705144e+01 1.200000e+01 4.875000e+00
    endloop
  endfacet
  facet normal -7.933533e-01 0.000000e+00 6.087614e-01
    outer loop
      vertex   -1.705144e+01 7.000000e+00 4.875000e+00
      vertex   -1.705144e+01 1.200000e+01 4.875000e+00
      vertex   -1.740901e+01 7.000000e+00 4.409010e+00
    endloop
  endfacet
  facet normal -7.933533e-01 0.000000e+00 6.087614e-01
    outer loop
      vertex   -1.740901e+01 7.000000e+00 4.409010e+00
      vertex   -1.705144e+01 1.200000e+01 4.875000e+00
      vertex   -1.740901e+01 1.200000e+01 4.409010e+00
    endloop
  endfacet
  facet normal -6.087614e-01 0.000000e+00 7.933533e-01
    outer loop
      vertex   -1.740901e+01 7.000000e+00 4.409010e+00
      vertex   -1.740901e+01 1.200000e+01 4.409010e+00
      vertex   -1.787500e+01 7.000000e+00 4.051443e+00
    endloop
  endfacet
  facet normal -6.087614e-01 0.000000e+00 7.933533e-01
    outer loop
      vertex   -1.787500e+01 7.000000e+00 4.051443e+00
      vertex   -1.740901e+01 1.200000e+01 4.409010e+00
      vertex   -1.787500e+01 1.200000e+01 4.051443e+00
    endloop
  endfacet
  facet normal -3.826834e-01 0.000000e+00 9.238795e-01
    outer loop
      vertex   -1.787500e+01 7.000000e+00 4.051443e+00
      vertex   -1.787500e+01 1.200000e+01 4.051443e+00
      vertex   -1.841766e+01 7.000000e+00 3.826667e+00
    endloop
  endfacet
  facet normal -3.826834e-01 0.000000e+00 9.238795e-01
    outer loop
      vertex   -1.841766e+01 7.000000e+00 3.826667e+00
      vertex   -1.787500e+01 1.200000e+01 4.051443e+00
      vertex   -1.841766e+01 1.200000e+01 3.826667e+00
    endloop
  endfacet
  facet normal -1.305262e-01 0.000000e+00 9.914449e-01
    outer loop
      vertex   -1.841766e+01 7.000000e+00 3.826667e+00
      vertex   -1.841766e+01 1.200000e+01 3.826667e+00
      vertex   -1.900000e+01 7.000000e+00 3.750000e+00
    endloop
  endfacet
  facet normal -1.305262e-01 0.000000e+00 9.914449e-01
    outer loop
      vertex   -1.900000e+01 7.000000e+00 3.750000e+00
      vertex   -1.841766e+01 1.200000e+01 3.826667e+00
      vertex   -1.900000e+01 1.200000e+01 3.750000e+00
    endloop
  endfacet
  facet normal 1.305262e-01 -0.000000e+00 9.914449e-01
    outer loop
      vertex   -1.900000e+01 7.000000e+00 3.750000e+00
      vertex   -1.900000e+01 1.200000e+01 3.750000e+00
      vertex   -1.958234e+01 7.000000e+00 3.826667e+00
    endloop
  endfacet
  facet normal 1.305262e-01 -0.000000e+00 9.914449e-01
    outer loop
      vertex   -1.958234e+01 7.000000e+00 3.826667e+00
      vertex   -1.900000e+01 1.200000e+01 3.750000e+00
      vertex   -1.958234e+01 1.200000e+01 3.826667e+00
    endloop
  endfacet
  facet normal 3.826834e-01 -0.000000e+00 9.238795e-01
    outer loop
      vertex   -1.958234e+01 7.000000e+00 3.826667e+00
      vertex   -1.958234e+01 1.200000e+01 3.826667e+00
      vertex   -2.012500e+01 7.000000e+00 4.051443e+00
    endloop
  endfacet
  facet normal 3.826834e-01 -0.000000e+00 9.238795e-01
    outer loop
      vertex   -2.012500e+01 7.000000e+00 4.051443e+00
      vertex   -1.958234e+01 1.200000e+01 3.826667e+00
      vertex   -2.012500e+01 1.200000e+01 4.051443e+00
    endloop
  endfacet
  facet normal 6.087614e-01 -0.000000e+00 7.933533e-01
    outer loop
      vertex   -2.012500e+01 7.000000e+00 4.051443e+00
      vertex   -2.012500e+01 1.200000e+01 4.051443e+00
      vertex   -2.059099e+01 7.000000e+00 4.409010e+00
    endloop
  endfacet
  facet normal 6.087614e-01 -0.000000e+00 7.933533e-01
    outer loop
      vertex   -2.059099e+01 7.000000e+00 4.409010e+00
      vertex   -2.012500e+01 1.200000e+01 4.051443e+00
      vertex   -2.059099e+01 1.200000e+01 4.409010e+00
    endloop
  endfacet
  facet normal 7.933533e-01 -0.000000e+00 6.087614e-01
    outer loop
      vertex   -2.059099e+01 7.000000e+00 4.409010e+00
      vertex   -2.059099e+01 1.200000e+01 4.409010e+00
      vertex   -2.094856e+01 7.000000e+00 4.875000e+00
    endloop
  endfacet
  facet normal 7.933533e-01 -0.000000e+00 6.087614e-01
    outer loop
      vertex   -2.094856e+01 7.000000e+00 4.875000e+00
      vertex   -2.059099e+01 1.200000e+01 4.409010e+00
      vertex   -2.094856e+01 1.200000e+01 4.875000e+00
    endloop
  endfacet
  facet normal 9.238795e-01 -0.000000e+00 3.826834e-01
    outer loop
      vertex   -2.094856e+01 7.000000e+00 4.875000e+00
      vertex   -2.094856e+01 1.200000e+01 4.875000e+00
      vertex   -2.117333e+01 7.000000e+00 5.417657e+00
    endloop
  endfacet
  facet normal 9.238795e-01 -0.000000e+00 3.826834e-01
    outer loop
      vertex   -2.117333e+01 7.000000e+00 5.417657e+00
      vertex   -2.094856e+01 1.200000e+01 4.875000e+00
      vertex   -2.117333e+01 1.200000e+01 5.417657e+00
    endloop
  endfacet
  facet normal 9.914449e-01 -0.000000e+00 1.305262e-01
    outer loop
      vertex   -2.117333e+01 7.000000e+00 5.417657e+00
      vertex   -2.117333e+01 1.200000e+01 5.417657e+00
      vertex   -2.125000e+01 7.000000e+00 6.000000e+00
    endloop
  endfacet
  facet normal 9.914449e-01 -0.000000e+00 1.305262e-01
    outer loop
      vertex   -2.125000e+01 7.000000e+00 6.000000e+00
      vertex   -2.117333e+01 1.200000e+01 5.417657e+00
      vertex   -2.125000e+01 1.200000e+01 6.000000e+00
    endloop
  endfacet
  facet normal 9.914449e-01 0.000000e+00 -1.305262e-01
    outer loop
      vertex   -2.125000e+01 7.000000e+00 6.000000e+00
      vertex   -2.125000e+01 1.200000e+01 6.000000e+00
      vertex   -2.117333e+01 7.000000e+00 6.582343e+00
    endloop
  endfacet
  facet normal 9.914449e-01 0.000000e+00 -1.305262e-01
    outer loop
      vertex   -2.117333e+01 7.000000e+00 6.582343e+00
      vertex   -2.125000e+01 1.200000e+01 6.000000e+00
      vertex   -2.117333e+01 1.200000e+01 6.582343e+00
    endloop
  endfacet
  facet normal 9.238795e-01 0.000000e+00 -3.826834e-01
    outer loop
      vertex   -2.117333e+01 7.000000e+00 6.582343e+00
      vertex   -2.117333e+01 1.200000e+01 6.582343e+00
      vertex   -2.094856e+01 7.000000e+00 7.125000e+00
    endloop
  endfacet
  facet normal 9.238795e-01 0.000000e+00 -3.826834e-01
    outer loop
      vertex   -2.094856e+01 7.000000e+00 7.125000e+00
      vertex   -2.117333e+01 1.200000e+01 6.582343e+00
      vertex   -2.094856e+01 1.200000e+01 7.125000e+00
    endloop
  endfacet
  facet normal 7.933533e-01 0.000000e+00 -6.087614e-01
    outer loop
      vertex   -2.094856e+01 7.000000e+00 7.125000e+00
      vertex   -2.094856e+01 1.200000e+01 7.125000e+00
      vertex   -2.059099e+01 7.000000e+00 7.590990e+00
    endloop
  endfacet
  facet normal 7.933533e-01 0.000000e+00 -6.087614e-01
    outer loop
      vertex   -2.059099e+01 7.000000e+00 7.590990e+00
      vertex   -2.094856e+01 1.200000e+01 7.125000e+00
      vertex   -2.059099e+01 1.200000e+01 7.590990e+00
    endloop
  endfacet
  facet normal 6.087614e-01 0.000000e+00 -7.933533e-01
    outer loop
      vertex   -2.059099e+01 7.000000e+00 7.590990e+00
      vertex   -2.059099e+01 1.200000e+01 7.590990e+00
      vertex   -2.012500e+01 7.000000e+00 7.948557e+00
    endloop
  endfacet
  facet normal 6.087614e-01 0.000000e+00 -7.933533e-01
    outer loop
      vertex   -2.012500e+01 7.000000e+00 7.948557e+00
      vertex   -2.059099e+01 1.200000e+01 7.590990e+00
      vertex   -2.012500e+01 1.200000e+01 7.948557e+00
    endloop
  endfacet
  facet normal 3.826834e-01 0.000000e+00 -9.238795e-01
    outer loop
      vertex   -2.012500e+01 7.000000e+00 7.948557e+00
      vertex   -2.012500e+01 1.200000e+01 7.948557e+00
      vertex   -1.958234e+01 7.000000e+00 8.173333e+00
    endloop
  endfacet
  facet normal 3.826834e-01 0.000000e+00 -9.238795e-01
    outer loop
      vertex   -1.958234e+01 7.000000e+00 8.173333e+00
      vertex   -2.012500e+01 1.200000e+01 7.948557e+00
      vertex   -1.958234e+01 1.200000e+01 8.173333e+00
    endloop
  endfacet
  facet normal 1.305262e-01 0.000000e+00 -9.914449e-01
    outer loop
      vertex   -1.958234e+01 7.000000e+00 8.173333e+00
      vertex   -1.958234e+01 1.200000e+01 8.173333e+00
      vertex   -1.900000e+01 7.000000e+00 8.250000e+00
    endloop
  endfacet
  facet normal 1.305262e-01 0.000000e+00 -9.914449e-01
    outer loop
      vertex   -1.900000e+01 7.000000e+00 8.250000e+00
      vertex   -1.958234e+01 1.200000e+01 8.173333e+00
      vertex   -1.900000e+01 1.200000e+01 8.250000e+00
    endloop
  endfacet
  facet normal -1.305262e-01 0.000000e+00 -9.914449e-01
    outer loop
      vertex   -1.900000e+01 7.000000e+00 8.250000e+00
      vertex   -1.900000e+01 1.200000e+01 8.250000e+00
      vertex   -1.841766e+01 7.000000e+00 8.173333e+00
    endloop
  endfacet
  facet normal -1.305262e-01 0.000000e+00 -9.914449e-01
    outer loop
      vertex   -1.841766e+01 7.000000e+00 8.173333e+00
      vertex   -1.900000e+01 1.200000e+01 8.250000e+00
      vertex   -1.841766e+01 1.200000e+01 8.173333e+00
    endloop
  endfacet
  facet normal -3.826834e-01 0.000000e+00 -9.238795e-01
    outer loop
      vertex   -1.841766e+01 7.000000e+00 8.173333e+00
      vertex   -1.841766e+01 1.200000e+01 8.173333e+00
      vertex   -1.787500e+01 7.000000e+00 7.948557e+00
    endloop
  endfacet
  facet normal -3.826834e-01 0.000000e+00 -9.238795e-01
    outer loop
      vertex   -1.787500e+01 7.000000e+00 7.948557e+00
      vertex   -1.841766e+01 1.200000e+01 8.173333e+00
      vertex   -1.787500e+01 1.200000e+01 7.948557e+00
    endloop
  endfacet
  facet normal -6.087614e-01 0.000000e+00 -7.933533e-01
    outer loop
      vertex   -1.787500e+01 7.000000e+00 7.948557e+00
      vertex   -1.787500e+01 1.200000e+01 7.948557e+00
      vertex   -1.740901e+01 7.000000e+00 7.590990e+00
    endloop
  endfacet
  facet normal -6.087614e-01 0.000000e+00 -7.933533e-01
    outer loop
      vertex   -1.740901e+01 7.000000e+00 7.590990e+00
      vertex   -1.787500e+01 1.200000e+01 7.948557e+00
      vertex   -1.740901e+01 1.200000e+01 7.590990e+00
    endloop
  endfacet
  facet normal -7.933533e-01 0.000000e+00 -6.087614e-01
    outer loop
      vertex   -1.740901e+01 7.000000e+00 7.590990e+00
      vertex   -1.740901e+01 1.200000e+01 7.590990e+00
      vertex   -1.705144e+01 7.000000e+00 7.125000e+00
    endloop
  endfacet
  facet normal -7.933533e-01 0.000000e+00 -6.087614e-01
    outer loop
      vertex   -1.705144e+01 7.000000e+00 7.125000e+00
      vertex   -1.740901e+01 1.200000e+01 7.590990e+00
      vertex   -1.705144e+01 1.200000e+01 7.125000e+00
    endloop
  endfacet
  facet normal -9.238795e-01 0.000000e+00 -3.826834e-01
    outer loop
      vertex   -1.705144e+01 7.000000e+00 7.125000e+00
      vertex   -1.705144e+01 1.200000e+01 7.125000e+00
      vertex   -1.682667e+01 7.000000e+00 6.582343e+00
    endloop
  endfacet
  facet normal -9.238795e-01 0.000000e+00 -3.826834e-01
    outer loop
      vertex   -1.682667e+01 7.000000e+00 6.582343e+00
      vertex   -1.705144e+01 1.200000e+01 7.125000e+00
      vertex   -1.682667e+01 1.200000e+01 6.582343e+00
    endloop
  endfacet
  facet normal 0.000000e+00 1.000000e+00 0.000000e+00
    outer loop
      vertex   -1.745452e+01 7.000000e+00 5.585890e+00
      vertex   -1.740000e+01 7.000000e+00 6.000000e+00
      vertex   -1.675000e+01 7.000000e+00 6.000000e+00
    endloop
  endfacet
  facet normal 0.000000e+00 1.000000e+00 0.000000e+00
    outer loop
      vertex   -1.675000e+01 7.000000e+00 6.000000e+00
      vertex   -1.740000e+01 7.000000e+00 6.000000e+00
      vertex   -1.745452e+01 7.000000e+00 6.414110e+00
    endloop
  endfacet
  facet normal 0.000000e+00 1.000000e+00 0.000000e+00
    outer loop
      vertex   -1.675000e+01 7.000000e+00 6.000000e+00
      vertex   -1.745452e+01 7.000000e+00 6.414110e+00
      vertex   -1.682667e+01 7.000000e+00 6.582343e+00
    endloop
  endfacet
  facet normal 0.000000e+00 1.000000e+00 0.000000e+00
    outer loop
      vertex   -1.682667e+01 7.000000e+00 6.582343e+00
      vertex   -1.745452e+01 7.000000e+00 6.414110e+00
      vertex   -1.761436e+01 7.000000e+00 6.800000e+00
    endloop
  endfacet
  facet normal 0.000000e+00 1.000000e+00 0.000000e+00
    outer loop
      vertex   -1.682667e+01 7.000000e+00 6.582343e+00
      vertex   -1.761436e+01 7.000000e+00 6.800000e+00
      vertex   -1.705144e+01 7.000000e+00 7.125000e+00
    endloop
  endfacet
  facet normal 0.000000e+00 1.000000e+00 0.000000e+00
    outer loop
      vertex   -1.705144e+01 7.000000e+00 7.125000e+00
      vertex   -1.761436e+01 7.000000e+00 6.800000e+00
      vertex   -1.786863e+01 7.000000e+00 7.131371e+00
    endloop
  endfacet
  facet normal 0.000000e+00 1.000000e+00 0.000000e+00
    outer loop
      vertex   -1.705144e+01 7.000000e+00 7.125000e+00
      vertex   -1.786863e+01 7.000000e+00 7.131371e+00
      vertex   -1.740901e+01 7.000000e+00 7.590990e+00
    endloop
  endfacet
  facet normal 0.000000e+00 1.000000e+00 0.000000e+00
    outer loop
      vertex   -1.740901e+01 7.000000e+00 7.590990e+00
      vertex   -1.786863e+01 7.000000e+00 7.131371e+00
      vertex   -1.820000e+01 7.000000e+00 7.385641e+00
    endloop
  endfacet
  facet normal 0.000000e+00 1.000000e+00 0.000000e+00
    outer loop
      vertex   -1.740901e+01 7.000000e+00 7.590990e+00
      vertex   -1.820000e+01 7.000000e+00 7.385641e+00
      vertex   -1.787500e+01 7.000000e+00 7.948557e+00
    endloop
  endfacet
  facet normal 0.000000e+00 1.000000e+00 0.000000e+00
    outer loop
      vertex   -1.787500e+01 7.000000e+00 7.948557e+00
      vertex   -1.820000e+01 7.000000e+00 7.385641e+00
      vertex   -1.858589e+01 7.000000e+00 7.545481e+00
    endloop
  endfacet
  facet normal 0.000000e+00 1.000000e+00 0.000000e+00
    outer loop
      vertex   -1.787500e+01 7.000000e+00 7.948557e+00
      vertex   -1.858589e+01 7.000000e+00 7.545481e+00
      vertex   -1.841766e+01 7.000000e+00 8.173333e+00
    endloop
  endfacet
  facet normal 0.000000e+00 1.000000e+00 0.000000e+00
    outer loop
      vertex   -1.841766e+01 7.000000e+00 8.173333e+00
      vertex   -1.858589e+01 7.000000e+00 7.545481e+00
      vertex   -1.900000e+01 7.000000e+00 7.600000e+00
    endloop
  endfacet
  facet normal 0.000000e+00 1.000000e+00 0.000000e+00
    outer loop
      vertex   -1.841766e+01 7.000000e+00 8.173333e+00
      vertex   -1.900000e+01 7.000000e+00 7.600000e+00
      vertex   -1.900000e+01 7.000000e+00 8.250000e+00
    endloop
  endfacet
  facet normal 0.000000e+00 1.000000e+00 0.000000e+00
    outer loop
      vertex   -1.900000e+01 7.000000e+00 8.250000e+00
      vertex   -1.900000e+01 7.000000e+00 7.600000e+00
      vertex   -1.958234e+01 7.000000e+00 8.173333e+00
    endloop
  endfacet
  facet normal 0.000000e+00 1.000000e+00 0.000000e+00
    outer loop
      vertex   -1.958234e+01 7.000000e+00 8.173333e+00
      vertex   -1.900000e+01 7.000000e+00 7.600000e+00
      vertex   -1.941411e+01 7.000000e+00 7.545481e+00
    endloop
  endfacet
  facet normal 0.000000e+00 1.000000e+00 0.000000e+00
    outer loop
      vertex   -1.958234e+01 7.000000e+00 8.173333e+00
      vertex   -1.941411e+01 7.000000e+00 7.545481e+00
      vertex   -2.012500e+01 7.000000e+00 7.948557e+00
    endloop
  endfacet
  facet normal 0.000000e+00 1.000000e+00 0.000000e+00
    outer loop
      vertex   -2.012500e+01 7.000000e+00 7.948557e+00
      vertex   -1.941411e+01 7.000000e+00 7.545481e+00
      vertex   -1.980000e+01 7.000000e+00 7.385641e+00
    endloop
  endfacet
  facet normal 0.000000e+00 1.000000e+00 0.000000e+00
    outer loop
      vertex   -2.012500e+01 7.000000e+00 7.948557e+00
      vertex   -1.980000e+01 7.000000e+00 7.385641e+00
      vertex   -2.059099e+01 7.000000e+00 7.590990e+00
    endloop
  endfacet
  facet normal 0.000000e+00 1.000000e+00 0.000000e+00
    outer loop
      vertex   -2.059099e+01 7.000000e+00 7.590990e+00
      vertex   -1.980000e+01 7.000000e+00 7.385641e+00
      vertex   -2.013137e+01 7.000000e+00 7.131371e+00
    endloop
  endfacet
  facet normal 0.000000e+00 1.000000e+00 0.000000e+00
    outer loop
      vertex   -2.059099e+01 7.000000e+00 7.590990e+00
      vertex   -2.013137e+01 7.000000e+00 7.131371e+00
      vertex   -2.094856e+01 7.000000e+00 7.125000e+00
    endloop
  endfacet
  facet normal -0.000000e+00 1.000000e+00 0.000000e+00
    outer loop
      vertex   -2.094856e+01 7.000000e+00 7.125000e+00
      vertex   -2.013137e+01 7.000000e+00 7.131371e+00
      vertex   -2.038564e+01 7.000000e+00 6.800000e+00
    endloop
  endfacet
  facet normal 0.000000e+00 1.000000e+00 0.000000e+00
    outer loop
      vertex   -2.094856e+01 7.000000e+00 7.125000e+00
      vertex   -2.038564e+01 7.000000e+00 6.800000e+00
      vertex   -2.117333e+01 7.000000e+00 6.582343e+00
    endloop
  endfacet
  facet normal -0.000000e+00 1.000000e+00 0.000000e+00
    outer loop
      vertex   -2.117333e+01 7.000000e+00 6.582343e+00
      vertex   -2.038564e+01 7.000000e+00 6.800000e+00
      vertex   -2.054548e+01 7.000000e+00 6.414110e+00
    endloop
  endfacet
  facet normal 0.000000e+00 1.000000e+00 0.000000e+00
    outer loop
      vertex   -2.117333e+01 7.000000e+00 6.582343e+00
      vertex   -2.054548e+01 7.000000e+00 6.414110e+00
      vertex   -2.125000e+01 7.000000e+00 6.000000e+00
    endloop
  endfacet
  facet normal 0.000000e+00 1.000000e+00 0.000000e+00
    outer loop
      vertex   -2.125000e+01 7.000000e+00 6.000000e+00
      vertex   -2.054548e+01 7.000000e+00 6.414110e+00
      vertex   -2.060000e+01 7.000000e+00 6.000000e+00
    endloop
  endfacet
  facet normal -0.000000e+00 1.000000e+00 0.000000e+00
    outer loop
      vertex   -2.125000e+01 7.000000e+00 6.000000e+00
      vertex   -2.060000e+01 7.000000e+00 6.000000e+00
      vertex   -2.117333e+01 7.000000e+00 5.417657e+00
    endloop
  endfacet
  facet normal 0.000000e+00 1.000000e+00 0.000000e+00
    outer loop
      vertex   -2.117333e+01 7.000000e+00 5.417657e+00
      vertex   -2.060000e+01 7.000000e+00 6.000000e+00
      vertex   -2.054548e+01 7.000000e+00 5.585890e+00
    endloop
  endfacet
  facet normal -0.000000e+00 1.000000e+00 0.000000e+00
    outer loop
      vertex   -2.117333e+01 7.000000e+00 5.417657e+00
      vertex   -2.054548e+01 7.000000e+00 5.585890e+00
      vertex   -2.038564e+01 7.000000e+00 5.200000e+00
    endloop
  endfacet
  facet normal 0.000000e+00 1.000000e+00 0.000000e+00
    outer loop
      vertex   -2.117333e+01 7.000000e+00 5.417657e+00
      vertex   -2.038564e+01 7.000000e+00 5.200000e+00
      vertex   -2.094856e+01 7.000000e+00 4.875000e+00
    endloop
  endfacet
  facet normal -0.000000e+00 1.000000e+00 0.000000e+00
    outer loop
      vertex   -2.094856e+01 7.000000e+00 4.875000e+00
      vertex   -2.038564e+01 7.000000e+00 5.200000e+00
      vertex   -2.013137e+01 7.000000e+00 4.868629e+00
    endloop
  endfacet
  facet normal 0.000000e+00 1.000000e+00 0.000000e+00
    outer loop
      vertex   -2.094856e+01 7.000000e+00 4.875000e+00
      vertex   -2.013137e+01 7.000000e+00 4.868629e+00
      vertex   -2.059099e+01 7.000000e+00 4.409010e+00
    endloop
  endfacet
  facet normal 0.000000e+00 1.000000e+00 0.000000e+00
    outer loop
      vertex   -2.059099e+01 7.000000e+00 4.409010e+00
      vertex   -2.013137e+01 7.000000e+00 4.868629e+00
      vertex   -1.980000e+01 7.000000e+00 4.614359e+00
    endloop
  endfacet
  facet normal -0.000000e+00 1.000000e+00 0.000000e+00
    outer loop
      vertex   -2.059099e+01 7.000000e+00 4.409010e+00
      vertex   -1.980000e+01 7.000000e+00 4.614359e+00
      vertex   -2.012500e+01 7.000000e+00 4.051443e+00
    endloop
  endfacet
  facet normal 0.000000e+00 1.000000e+00 0.000000e+00
    outer loop
      vertex   -2.012500e+01 7.000000e+00 4.051443e+00
      vertex   -1.980000e+01 7.000000e+00 4.614359e+00
      vertex   -1.941411e+01 7.000000e+00 4.454519e+00
    endloop
  endfacet
  facet normal -0.000000e+00 1.000000e+00 0.000000e+00
    outer loop
      vertex   -2.012500e+01 7.000000e+00 4.051443e+00
      vertex   -1.941411e+01 7.000000e+00 4.454519e+00
      vertex   -1.958234e+01 7.000000e+00 3.826667e+00
    endloop
  endfacet
  facet normal 0.000000e+00 1.000000e+00 0.000000e+00
    outer loop
      vertex   -1.958234e+01 7.000000e+00 3.826667e+00
      vertex   -1.941411e+01 7.000000e+00 4.454519e+00
      vertex   -1.900000e+01 7.000000e+00 4.400000e+00
    endloop
  endfacet
  facet normal -0.000000e+00 1.000000e+00 0.000000e+00
    outer loop
      vertex   -1.958234e+01 7.000000e+00 3.826667e+00
      vertex   -1.900000e+01 7.000000e+00 4.400000e+00
      vertex   -1.900000e+01 7.000000e+00 3.750000e+00
    endloop
  endfacet
  facet normal 0.000000e+00 1.000000e+00 0.000000e+00
    outer loop
      vertex   -1.900000e+01 7.000000e+00 3.750000e+00
      vertex   -1.900000e+01 7.000000e+00 4.400000e+00
      vertex   -1.841766e+01 7.000000e+00 3.826667e+00
    endloop
  endfacet
  facet normal 0.000000e+00 1.000000e+00 0.000000e+00
    outer loop
      vertex   -1.841766e+01 7.000000e+00 3.826667e+00
      vertex   -1.900000e+01 7.000000e+00 4.400000e+00
      vertex   -1.858589e+01 7.000000e+00 4.454519e+00
    endloop
  endfacet
  facet normal 0.000000e+00 1.000000e+00 -0.000000e+00
    outer loop
      vertex   -1.841766e+01 7.000000e+00 3.826667e+00
      vertex   -1.858589e+01 7.000000e+00 4.454519e+00
      vertex   -1.787500e+01 7.000000e+00 4.051443e+00
    endloop
  endfacet
  facet normal 0.000000e+00 1.000000e+00 0.000000e+00
    outer loop
      vertex   -1.787500e+01 7.000000e+00 4.051443e+00
      vertex   -1.858589e+01 7.000000e+00 4.454519e+00
      vertex   -1.820000e+01 7.000000e+00 4.614359e+00
    endloop
  endfacet
  facet normal 0.000000e+00 1.000000e+00 -0.000000e+00
    outer loop
      vertex   -1.787500e+01 7.000000e+00 4.051443e+00
      vertex   -1.820000e+01 7.000000e+00 4.614359e+00
      vertex   -1.740901e+01 7.000000e+00 4.409010e+00
    endloop
  endfacet
  facet normal 0.000000e+00 1.000000e+00 0.000000e+00
    outer loop
      vertex   -1.740901e+01 7.000000e+00 4.409010e+00
      vertex   -1.820000e+01 7.000000e+00 4.614359e+00
      vertex   -1.786863e+01 7.000000e+00 4.868629e+00
    endloop
  endfacet
  facet normal 0.000000e+00 1.000000e+00 -0.000000e+00
    outer loop
      vertex   -1.740901e+01 7.000000e+00 4.409010e+00
      vertex   -1.786863e+01 7.000000e+00 4.868629e+00
      vertex   -1.705144e+01 7.000000e+00 4.875000e+00
    endloop
  endfacet
  facet normal 0.000000e+00 1.000000e+00 0.000000e+00
    outer loop
      vertex   -1.705144e+01 7.000000e+00 4.875000e+00
      vertex   -1.786863e+01 7.000000e+00 4.868629e+00
      vertex   -1.761436e+01 7.000000e+00 5.200000e+00
    endloop
  endfacet
  facet normal 0.000000e+00 1.000000e+00 -0.000000e+00
    outer loop
      vertex   -1.705144e+01 7.000000e+00 4.875000e+00
      vertex   -1.761436e+01 7.000000e+00 5.200000e+00
      vertex   -1.682667e+01 7.000000e+00 5.417657e+00
    endloop
  endfacet
  facet normal 0.000000e+00 1.000000e+00 0.000000e+00
    outer loop
      vertex   -1.682667e+01 7.000000e+00 5.417657e+00
      vertex   -1.761436e+01 7.000000e+00 5.200000e+00
      vertex   -1.745452e+01 7.000000e+00 5.585890e+00
    endloop
  endfacet
  facet normal 0.000000e+00 1.000000e+00 -0.000000e+00
    outer loop
      vertex   -1.682667e+01 7.000000e+00 5.417657e+00
      vertex   -1.745452e+01 7.000000e+00 5.585890e+00
      vertex   -1.675000e+01 7.000000e+00 6.000000e+00
    endloop
  endfacet
  facet normal -9.914449e-01 0.000000e+00 1.305262e-01
    outer loop
      vertex   -3.145452e+01 7.000000e+00 -6.414110e+00
      vertex   -3.145452e+01 3.000000e+00 -6.414110e+00
      vertex   -3.140000e+01 7.000000e+00 -6.000000e+00
    endloop
  endfacet
  facet normal -9.914449e-01 0.000000e+00 1.305262e-01
    outer loop
      vertex   -3.140000e+01 7.000000e+00 -6.000000e+00
      vertex   -3.145452e+01 3.000000e+00 -6.414110e+00
      vertex   -3.140000e+01 3.000000e+00 -6.000000e+00
    endloop
  endfacet
  facet normal -9.914449e-01 -0.000000e+00 -1.305262e-01
    outer loop
      vertex   -3.140000e+01 7.000000e+00 -6.000000e+00
      vertex   -3.140000e+01 3.000000e+00 -6.000000e+00
      vertex   -3.145452e+01 7.000000e+00 -5.585890e+00
    endloop
  endfacet
  facet normal -9.914449e-01 -0.000000e+00 -1.305262e-01
    outer loop
      vertex   -3.145452e+01 7.000000e+00 -5.585890e+00
      vertex   -3.140000e+01 3.000000e+00 -6.000000e+00
      vertex   -3.145452e+01 3.000000e+00 -5.585890e+00
    endloop
  endfacet
  facet normal -9.238795e-01 -0.000000e+00 -3.826834e-01
    outer loop
      vertex   -3.145452e+01 7.000000e+00 -5.585890e+00
      vertex   -3.145452e+01 3.000000e+00 -5.585890e+00
      vertex   -3.161436e+01 7.000000e+00 -5.200000e+00
    endloop
  endfacet
  facet normal -9.238795e-01 8.497279e-17 -3.826834e-01
    outer loop
      vertex   -3.161436e+01 7.000000e+00 -5.200000e+00
      vertex   -3.145452e+01 3.000000e+00 -5.585890e+00
      vertex   -3.161436e+01 3.000000e+00 -5.200000e+00
    endloop
  endfacet
  facet normal -7.933533e-01 1.351722e-16 -6.087614e-01
    outer loop
      vertex   -3.161436e+01 7.000000e+00 -5.200000e+00
      vertex   -3.161436e+01 3.000000e+00 -5.200000e+00
      vertex   -3.186863e+01 7.000000e+00 -4.868629e+00
    endloop
  endfacet
  facet normal -7.933533e-01 -0.000000e+00 -6.087614e-01
    outer loop
      vertex   -3.186863e+01 7.000000e+00 -4.868629e+00
      vertex   -3.161436e+01 3.000000e+00 -5.200000e+00
      vertex   -3.186863e+01 3.000000e+00 -4.868629e+00
    endloop
  endfacet
  facet normal -6.087614e-01 -0.000000e+00 -7.933533e-01
    outer loop
      vertex   -3.186863e+01 7.000000e+00 -4.868629e+00
      vertex   -3.186863e+01 3.000000e+00 -4.868629e+00
      vertex   -3.220000e+01 7.000000e+00 -4.614359e+00
    endloop
  endfacet
  facet normal -6.087614e-01 3.523197e-16 -7.933533e-01
    outer loop
      vertex   -3.220000e+01 7.000000e+00 -4.614359e+00
      vertex   -3.186863e+01 3.000000e+00 -4.868629e+00
      vertex   -3.220000e+01 3.000000e+00 -4.614359e+00
    endloop
  endfacet
  facet normal -3.826834e-01 4.102849e-16 -9.238795e-01
    outer loop
      vertex   -3.220000e+01 7.000000e+00 -4.614359e+00
      vertex   -3.220000e+01 3.000000e+00 -4.614359e+00
      vertex   -3.258589e+01 7.000000e+00 -4.454519e+00
    endloop
  endfacet
  facet normal -3.826834e-01 -0.000000e+00 -9.238795e-01
    outer loop
      vertex   -3.258589e+01 7.000000e+00 -4.454519e+00
      vertex   -3.220000e+01 3.000000e+00 -4.614359e+00
      vertex   -3.258589e+01 3.000000e+00 -4.454519e+00
    endloop
  endfacet
  facet normal -1.305262e-01 -0.000000e+00 -9.914449e-01
    outer loop
      vertex   -3.258589e+01 7.000000e+00 -4.454519e+00
      vertex   -3.258589e+01 3.000000e+00 -4.454519e+00
      vertex   -3.300000e+01 7.000000e+00 -4.400000e+00
    endloop
  endfacet
  facet normal -1.305262e-01 -0.000000e+00 -9.914449e-01
    outer loop
      vertex   -3.300000e+01 7.000000e+00 -4.400000e+00
      vertex   -3.258589e+01 3.000000e+00 -4.454519e+00
      vertex   -3.300000e+01 3.000000e+00 -4.400000e+00
    endloop
  endfacet
  facet normal 1.305262e-01 0.000000e+00 -9.914449e-01
    outer loop
      vertex   -3.300000e+01 7.000000e+00 -4.400000e+00
      vertex   -3.300000e+01 3.000000e+00 -4.400000e+00
      vertex   -3.341411e+01 7.000000e+00 -4.454519e+00
    endloop
  endfacet
  facet normal 1.305262e-01 -2.201450e-16 -9.914449e-01
    outer loop
      vertex   -3.341411e+01 7.000000e+00 -4.454519e+00
      vertex   -3.300000e+01 3.000000e+00 -4.400000e+00
      vertex   -3.341411e+01 3.000000e+00 -4.454519e+00
    endloop
  endfacet
  facet normal 3.826834e-01 -2.051425e-16 -9.238795e-01
    outer loop
      vertex   -3.341411e+01 7.000000e+00 -4.454519e+00
      vertex   -3.341411e+01 3.000000e+00 -4.454519e+00
      vertex   -3.380000e+01 7.000000e+00 -4.614359e+00
    endloop
  endfacet
  facet normal 3.826834e-01 0.000000e+00 -9.238795e-01
    outer loop
      vertex   -3.380000e+01 7.000000e+00 -4.614359e+00
      vertex   -3.341411e+01 3.000000e+00 -4.454519e+00
      vertex   -3.380000e+01 3.000000e+00 -4.614359e+00
    endloop
  endfacet
  facet normal 6.087614e-01 0.000000e+00 -7.933533e-01
    outer loop
      vertex   -3.380000e+01 7.000000e+00 -4.614359e+00
      vertex   -3.380000e+01 3.000000e+00 -4.614359e+00
      vertex   -3.413137e+01 7.000000e+00 -4.868629e+00
    endloop
  endfacet
  facet normal 6.087614e-01 0.000000e+00 -7.933533e-01
    outer loop
      vertex   -3.413137e+01 7.000000e+00 -4.868629e+00
      vertex   -3.380000e+01 3.000000e+00 -4.614359e+00
      vertex   -3.413137e+01 3.000000e+00 -4.868629e+00
    endloop
  endfacet
  facet normal 7.933533e-01 0.000000e+00 -6.087614e-01
    outer loop
      vertex   -3.413137e+01 7.000000e+00 -4.868629e+00
      vertex   -3.413137e+01 3.000000e+00 -4.868629e+00
      vertex   -3.438564e+01 7.000000e+00 -5.200000e+00
    endloop
  endfacet
  facet normal 7.933533e-01 0.000000e+00 -6.087614e-01
    outer loop
      vertex   -3.438564e+01 7.000000e+00 -5.200000e+00
      vertex   -3.413137e+01 3.000000e+00 -4.868629e+00
      vertex   -3.438564e+01 3.000000e+00 -5.200000e+00
    endloop
  endfacet
  facet normal 9.238795e-01 0.000000e+00 -3.826834e-01
    outer loop
      vertex   -3.438564e+01 7.000000e+00 -5.200000e+00
      vertex   -3.438564e+01 3.000000e+00 -5.200000e+00
      vertex   -3.454548e+01 7.000000e+00 -5.585890e+00
    endloop
  endfacet
  facet normal 9.238795e-01 -8.497279e-17 -3.826834e-01
    outer loop
      vertex   -3.454548e+01 7.000000e+00 -5.585890e+00
      vertex   -3.438564e+01 3.000000e+00 -5.200000e+00
      vertex   -3.454548e+01 3.000000e+00 -5.585890e+00
    endloop
  endfacet
  facet normal 9.914449e-01 -2.898264e-17 -1.305262e-01
    outer loop
      vertex   -3.454548e+01 7.000000e+00 -5.585890e+00
      vertex   -3.454548e+01 3.000000e+00 -5.585890e+00
      vertex   -3.460000e+01 7.000000e+00 -6.000000e+00
    endloop
  endfacet
  facet normal 9.914449e-01 0.000000e+00 -1.305262e-01
    outer loop
      vertex   -3.460000e+01 7.000000e+00 -6.000000e+00
      vertex   -3.454548e+01 3.000000e+00 -5.585890e+00
      vertex   -3.460000e+01 3.000000e+00 -6.000000e+00
    endloop
  endfacet
  facet normal 9.914449e-01 0.000000e+00 1.305262e-01
    outer loop
      vertex   -3.460000e+01 7.000000e+00 -6.000000e+00
      vertex   -3.460000e+01 3.000000e+00 -6.000000e+00
      vertex   -3.454548e+01 7.000000e+00 -6.414110e+00
    endloop
  endfacet
  facet normal 9.914449e-01 2.898264e-17 1.305262e-01
    outer loop
      vertex   -3.454548e+01 7.000000e+00 -6.414110e+00
      vertex   -3.460000e+01 3.000000e+00 -6.000000e+00
      vertex   -3.454548e+01 3.000000e+00 -6.414110e+00
    endloop
  endfacet
  facet normal 9.238795e-01 8.497279e-17 3.826834e-01
    outer loop
      vertex   -3.454548e+01 7.000000e+00 -6.414110e+00
      vertex   -3.454548e+01 3.000000e+00 -6.414110e+00
      vertex   -3.438564e+01 7.000000e+00 -6.800000e+00
    endloop
  endfacet
  facet normal 9.238795e-01 0.000000e+00 3.826834e-01
    outer loop
      vertex   -3.438564e+01 7.000000e+00 -6.800000e+00
      vertex   -3.454548e+01 3.000000e+00 -6.414110e+00
      vertex   -3.438564e+01 3.000000e+00 -6.800000e+00
    endloop
  endfacet
  facet normal 7.933533e-01 0.000000e+00 6.087614e-01
    outer loop
      vertex   -3.438564e+01 7.000000e+00 -6.800000e+00
      vertex   -3.438564e+01 3.000000e+00 -6.800000e+00
      vertex   -3.413137e+01 7.000000e+00 -7.131371e+00
    endloop
  endfacet
  facet normal 7.933533e-01 0.000000e+00 6.087614e-01
    outer loop
      vertex   -3.413137e+01 7.000000e+00 -7.131371e+00
      vertex   -3.438564e+01 3.000000e+00 -6.800000e+00
      vertex   -3.413137e+01 3.000000e+00 -7.131371e+00
    endloop
  endfacet
  facet normal 6.087614e-01 0.000000e+00 7.933533e-01
    outer loop
      vertex   -3.413137e+01 7.000000e+00 -7.131371e+00
      vertex   -3.413137e+01 3.000000e+00 -7.131371e+00
      vertex   -3.380000e+01 7.000000e+00 -7.385641e+00
    endloop
  endfacet
  facet normal 6.087614e-01 0.000000e+00 7.933533e-01
    outer loop
      vertex   -3.380000e+01 7.000000e+00 -7.385641e+00
      vertex   -3.413137e+01 3.000000e+00 -7.131371e+00
      vertex   -3.380000e+01 3.000000e+00 -7.385641e+00
    endloop
  endfacet
  facet normal 3.826834e-01 0.000000e+00 9.238795e-01
    outer loop
      vertex   -3.380000e+01 7.000000e+00 -7.385641e+00
      vertex   -3.380000e+01 3.000000e+00 -7.385641e+00
      vertex   -3.341411e+01 7.000000e+00 -7.545481e+00
    endloop
  endfacet
  facet normal 3.826834e-01 0.000000e+00 9.238795e-01
    outer loop
      vertex   -3.341411e+01 7.000000e+00 -7.545481e+00
      vertex   -3.380000e+01 3.000000e+00 -7.385641e+00
      vertex   -3.341411e+01 3.000000e+00 -7.545481e+00
    endloop
  endfacet
  facet normal 1.305262e-01 0.000000e+00 9.914449e-01
    outer loop
      vertex   -3.341411e+01 7.000000e+00 -7.545481e+00
      vertex   -3.341411e+01 3.000000e+00 -7.545481e+00
      vertex   -3.300000e+01 7.000000e+00 -7.600000e+00
    endloop
  endfacet
  facet normal 1.305262e-01 0.000000e+00 9.914449e-01
    outer loop
      vertex   -3.300000e+01 7.000000e+00 -7.600000e+00
      vertex   -3.341411e+01 3.000000e+00 -7.545481e+00
      vertex   -3.300000e+01 3.000000e+00 -7.600000e+00
    endloop
  endfacet
  facet normal -1.305262e-01 0.000000e+00 9.914449e-01
    outer loop
      vertex   -3.300000e+01 7.000000e+00 -7.600000e+00
      vertex   -3.300000e+01 3.000000e+00 -7.600000e+00
      vertex   -3.258589e+01 7.000000e+00 -7.545481e+00
    endloop
  endfacet
  facet normal -1.305262e-01 0.000000e+00 9.914449e-01
    outer loop
      vertex   -3.258589e+01 7.000000e+00 -7.545481e+00
      vertex   -3.300000e+01 3.000000e+00 -7.600000e+00
      vertex   -3.258589e+01 3.000000e+00 -7.545481e+00
    endloop
  endfacet
  facet normal -3.826834e-01 0.000000e+00 9.238795e-01
    outer loop
      vertex   -3.258589e+01 7.000000e+00 -7.545481e+00
      vertex   -3.258589e+01 3.000000e+00 -7.545481e+00
      vertex   -3.220000e+01 7.000000e+00 -7.385641e+00
    endloop
  endfacet
  facet normal -3.826834e-01 -2.051425e-16 9.238795e-01
    outer loop
      vertex   -3.220000e+01 7.000000e+00 -7.385641e+00
      vertex   -3.258589e+01 3.000000e+00 -7.545481e+00
      vertex   -3.220000e+01 3.000000e+00 -7.385641e+00
    endloop
  endfacet
  facet normal -6.087614e-01 -1.761598e-16 7.933533e-01
    outer loop
      vertex   -3.220000e+01 7.000000e+00 -7.385641e+00
      vertex   -3.220000e+01 3.000000e+00 -7.385641e+00
      vertex   -3.186863e+01 7.000000e+00 -7.131371e+00
    endloop
  endfacet
  facet normal -6.087614e-01 0.000000e+00 7.933533e-01
    outer loop
      vertex   -3.186863e+01 7.000000e+00 -7.131371e+00
      vertex   -3.220000e+01 3.000000e+00 -7.385641e+00
      vertex   -3.186863e+01 3.000000e+00 -7.131371e+00
    endloop
  endfacet
  facet normal -7.933533e-01 0.000000e+00 6.087614e-01
    outer loop
      vertex   -3.186863e+01 7.000000e+00 -7.131371e+00
      vertex   -3.186863e+01 3.000000e+00 -7.131371e+00
      vertex   -3.161436e+01 7.000000e+00 -6.800000e+00
    endloop
  endfacet
  facet normal -7.933533e-01 -1.351722e-16 6.087614e-01
    outer loop
      vertex   -3.161436e+01 7.000000e+00 -6.800000e+00
      vertex   -3.186863e+01 3.000000e+00 -7.131371e+00
      vertex   -3.161436e+01 3.000000e+00 -6.800000e+00
    endloop
  endfacet
  facet normal -9.238795e-01 -8.497279e-17 3.826834e-01
    outer loop
      vertex   -3.161436e+01 7.000000e+00 -6.800000e+00
      vertex   -3.161436e+01 3.000000e+00 -6.800000e+00
      vertex   -3.145452e+01 7.000000e+00 -6.414110e+00
    endloop
  endfacet
  facet normal -9.238795e-01 0.000000e+00 3.826834e-01
    outer loop
      vertex   -3.145452e+01 7.000000e+00 -6.414110e+00
      vertex   -3.161436e+01 3.000000e+00 -6.800000e+00
      vertex   -3.145452e+01 3.000000e+00 -6.414110e+00
    endloop
  endfacet
  facet normal 0.000000e+00 1.000000e+00 -0.000000e+00
    outer loop
      vertex   -3.145452e+01 3.000000e+00 -6.414110e+00
      vertex   -3.454548e+01 3.000000e+00 -6.414110e+00
      vertex   -3.140000e+01 3.000000e+00 -6.000000e+00
    endloop
  endfacet
  facet normal 0.000000e+00 1.000000e+00 0.000000e+00
    outer loop
      vertex   -3.140000e+01 3.000000e+00 -6.000000e+00
      vertex   -3.454548e+01 3.000000e+00 -6.414110e+00
      vertex   -3.460000e+01 3.000000e+00 -6.000000e+00
    endloop
  endfacet
  facet normal 0.000000e+00 1.000000e+00 0.000000e+00
    outer loop
      vertex   -3.140000e+01 3.000000e+00 -6.000000e+00
      vertex   -3.460000e+01 3.000000e+00 -6.000000e+00
      vertex   -3.145452e+01 3.000000e+00 -5.585890e+00
    endloop
  endfacet
  facet normal 0.000000e+00 1.000000e+00 0.000000e+00
    outer loop
      vertex   -3.145452e+01 3.000000e+00 -5.585890e+00
      vertex   -3.460000e+01 3.000000e+00 -6.000000e+00
      vertex   -3.454548e+01 3.000000e+00 -5.585890e+00
    endloop
  endfacet
  facet normal 0.000000e+00 1.000000e+00 0.000000e+00
    outer loop
      vertex   -3.145452e+01 3.000000e+00 -5.585890e+00
      vertex   -3.454548e+01 3.000000e+00 -5.585890e+00
      vertex   -3.161436e+01 3.000000e+00 -5.200000e+00
    endloop
  endfacet
  facet normal 0.000000e+00 1.000000e+00 0.000000e+00
    outer loop
      vertex   -3.161436e+01 3.000000e+00 -5.200000e+00
      vertex   -3.454548e+01 3.000000e+00 -5.585890e+00
      vertex   -3.438564e+01 3.000000e+00 -5.200000e+00
    endloop
  endfacet
  facet normal 0.000000e+00 1.000000e+00 0.000000e+00
    outer loop
      vertex   -3.161436e+01 3.000000e+00 -5.200000e+00
      vertex   -3.438564e+01 3.000000e+00 -5.200000e+00
      vertex   -3.186863e+01 3.000000e+00 -4.868629e+00
    endloop
  endfacet
  facet normal 0.000000e+00 1.000000e+00 0.000000e+00
    outer loop
      vertex   -3.186863e+01 3.000000e+00 -4.868629e+00
      vertex   -3.438564e+01 3.000000e+00 -5.200000e+00
      vertex   -3.413137e+01 3.000000e+00 -4.868629e+00
    endloop
  endfacet
  facet normal 0.000000e+00 1.000000e+00 0.000000e+00
    outer loop
      vertex   -3.186863e+01 3.000000e+00 -4.868629e+00
      vertex   -3.413137e+01 3.000000e+00 -4.868629e+00
      vertex   -3.220000e+01 3.000000e+00 -4.614359e+00
    endloop
  endfacet
  facet normal 0.000000e+00 1.000000e+00 0.000000e+00
    outer loop
      vertex   -3.220000e+01 3.000000e+00 -4.614359e+00
      vertex   -3.413137e+01 3.000000e+00 -4.868629e+00
      vertex   -3.380000e+01 3.000000e+00 -4.614359e+00
    endloop
  endfacet
  facet normal 0.000000e+00 1.000000e+00 0.000000e+00
    outer loop
      vertex   -3.220000e+01 3.000000e+00 -4.614359e+00
      vertex   -3.380000e+01 3.000000e+00 -4.614359e+00
      vertex   -3.258589e+01 3.000000e+00 -4.454519e+00
    endloop
  endfacet
  facet normal 0.000000e+00 1.000000e+00 0.000000e+00
    outer loop
      vertex   -3.258589e+01 3.000000e+00 -4.454519e+00
      vertex   -3.380000e+01 3.000000e+00 -4.614359e+00
      vertex   -3.341411e+01 3.000000e+00 -4.454519e+00
    endloop
  endfacet
  facet normal 0.000000e+00 1.000000e+00 0.000000e+00
    outer loop
      vertex   -3.258589e+01 3.000000e+00 -4.454519e+00
      vertex   -3.341411e+01 3.000000e+00 -4.454519e+00
      vertex   -3.300000e+01 3.000000e+00 -4.400000e+00
    endloop
  endfacet
  facet normal 0.000000e+00 1.000000e+00 0.000000e+00
    outer loop
      vertex   -3.454548e+01 3.000000e+00 -6.414110e+00
      vertex   -3.145452e+01 3.000000e+00 -6.414110e+00
      vertex   -3.438564e+01 3.000000e+00 -6.800000e+00
    endloop
  endfacet
  facet normal -0.000000e+00 1.000000e+00 0.000000e+00
    outer loop
      vertex   -3.438564e+01 3.000000e+00 -6.800000e+00
      vertex   -3.145452e+01 3.000000e+00 -6.414110e+00
      vertex   -3.161436e+01 3.000000e+00 -6.800000e+00
    endloop
  endfacet
  facet normal 0.000000e+00 1.000000e+00 0.000000e+00
    outer loop
      vertex   -3.438564e+01 3.000000e+00 -6.800000e+00
      vertex   -3.161436e+01 3.000000e+00 -6.800000e+00
      vertex   -3.413137e+01 3.000000e+00 -7.131371e+00
    endloop
  endfacet
  facet normal -0.000000e+00 1.000000e+00 0.000000e+00
    outer loop
      vertex   -3.413137e+01 3.000000e+00 -7.131371e+00
      vertex   -3.161436e+01 3.000000e+00 -6.800000e+00
      vertex   -3.186863e+01 3.000000e+00 -7.131371e+00
    endloop
  endfacet
  facet normal 0.000000e+00 1.000000e+00 0.000000e+00
    outer loop
      vertex   -3.413137e+01 3.000000e+00 -7.131371e+00
      vertex   -3.186863e+01 3.000000e+00 -7.131371e+00
      vertex   -3.380000e+01 3.000000e+00 -7.385641e+00
    endloop
  endfacet
  facet normal -0.000000e+00 1.000000e+00 0.000000e+00
    outer loop
      vertex   -3.380000e+01 3.000000e+00 -7.385641e+00
      vertex   -3.186863e+01 3.000000e+00 -7.131371e+00
      vertex   -3.220000e+01 3.000000e+00 -7.385641e+00
    endloop
  endfacet
  facet normal 0.000000e+00 1.000000e+00 0.000000e+00
    outer loop
      vertex   -3.380000e+01 3.000000e+00 -7.385641e+00
      vertex   -3.220000e+01 3.000000e+00 -7.385641e+00
      vertex   -3.341411e+01 3.000000e+00 -7.545481e+00
    endloop
  endfacet
  facet normal 0.000000e+00 1.000000e+00 0.000000e+00
    outer loop
      vertex   -3.341411e+01 3.000000e+00 -7.545481e+00
      vertex   -3.220000e+01 3.000000e+00 -7.385641e+00
      vertex   -3.258589e+01 3.000000e+00 -7.545481e+00
    endloop
  endfacet
  facet normal -0.000000e+00 1.000000e+00 0.000000e+00
    outer loop
      vertex   -3.341411e+01 3.000000e+00 -7.545481e+00
      vertex   -3.258589e+01 3.000000e+00 -7.545481e+00
      vertex   -3.300000e+01 3.000000e+00 -7.600000e+00
    endloop
  endfacet
  facet normal -9.914449e-01 -2.898264e-17 1.305262e-01
    outer loop
      vertex   -1.745452e+01 7.000000e+00 -6.414110e+00
      vertex   -1.745452e+01 3.000000e+00 -6.414110e+00
      vertex   -1.740000e+01 7.000000e+00 -6.000000e+00
    endloop
  endfacet
  facet normal -9.914449e-01 0.000000e+00 1.305262e-01
    outer loop
      vertex   -1.740000e+01 7.000000e+00 -6.000000e+00
      vertex   -1.745452e+01 3.000000e+00 -6.414110e+00
      vertex   -1.740000e+01 3.000000e+00 -6.000000e+00
    endloop
  endfacet
  facet normal -9.914449e-01 -0.000000e+00 -1.305262e-01
    outer loop
      vertex   -1.740000e+01 7.000000e+00 -6.000000e+00
      vertex   -1.740000e+01 3.000000e+00 -6.000000e+00
      vertex   -1.745452e+01 7.000000e+00 -5.585890e+00
    endloop
  endfacet
  facet normal -9.914449e-01 2.898264e-17 -1.305262e-01
    outer loop
      vertex   -1.745452e+01 7.000000e+00 -5.585890e+00
      vertex   -1.740000e+01 3.000000e+00 -6.000000e+00
      vertex   -1.745452e+01 3.000000e+00 -5.585890e+00
    endloop
  endfacet
  facet normal -9.238795e-01 8.497279e-17 -3.826834e-01
    outer loop
      vertex   -1.745452e+01 7.000000e+00 -5.585890e+00
      vertex   -1.745452e+01 3.000000e+00 -5.585890e+00
      vertex   -1.761436e+01 7.000000e+00 -5.200000e+00
    endloop
  endfacet
  facet normal -9.238795e-01 -0.000000e+00 -3.826834e-01
    outer loop
      vertex   -1.761436e+01 7.000000e+00 -5.200000e+00
      vertex   -1.745452e+01 3.000000e+00 -5.585890e+00
      vertex   -1.761436e+01 3.000000e+00 -5.200000e+00
    endloop
  endfacet
  facet normal -7.933533e-01 -0.000000e+00 -6.087614e-01
    outer loop
      vertex   -1.761436e+01 7.000000e+00 -5.200000e+00
      vertex   -1.761436e+01 3.000000e+00 -5.200000e+00
      vertex   -1.786863e+01 7.000000e+00 -4.868629e+00
    endloop
  endfacet
  facet normal -7.933533e-01 -0.000000e+00 -6.087614e-01
    outer loop
      vertex   -1.786863e+01 7.000000e+00 -4.868629e+00
      vertex   -1.761436e+01 3.000000e+00 -5.200000e+00
      vertex   -1.786863e+01 3.000000e+00 -4.868629e+00
    endloop
  endfacet
  facet normal -6.087614e-01 -0.000000e+00 -7.933533e-01
    outer loop
      vertex   -1.786863e+01 7.000000e+00 -4.868629e+00
      vertex   -1.786863e+01 3.000000e+00 -4.868629e+00
      vertex   -1.820000e+01 7.000000e+00 -4.614359e+00
    endloop
  endfacet
  facet normal -6.087614e-01 1.761598e-16 -7.933533e-01
    outer loop
      vertex   -1.820000e+01 7.000000e+00 -4.614359e+00
      vertex   -1.786863e+01 3.000000e+00 -4.868629e+00
      vertex   -1.820000e+01 3.000000e+00 -4.614359e+00
    endloop
  endfacet
  facet normal -3.826834e-01 2.051425e-16 -9.238795e-01
    outer loop
      vertex   -1.820000e+01 7.000000e+00 -4.614359e+00
      vertex   -1.820000e+01 3.000000e+00 -4.614359e+00
      vertex   -1.858589e+01 7.000000e+00 -4.454519e+00
    endloop
  endfacet
  facet normal -3.826834e-01 -0.000000e+00 -9.238795e-01
    outer loop
      vertex   -1.858589e+01 7.000000e+00 -4.454519e+00
      vertex   -1.820000e+01 3.000000e+00 -4.614359e+00
      vertex   -1.858589e+01 3.000000e+00 -4.454519e+00
    endloop
  endfacet
  facet normal -1.305262e-01 -0.000000e+00 -9.914449e-01
    outer loop
      vertex   -1.858589e+01 7.000000e+00 -4.454519e+00
      vertex   -1.858589e+01 3.000000e+00 -4.454519e+00
      vertex   -1.900000e+01 7.000000e+00 -4.400000e+00
    endloop
  endfacet
  facet normal -1.305262e-01 -0.000000e+00 -9.914449e-01
    outer loop
      vertex   -1.900000e+01 7.000000e+00 -4.400000e+00
      vertex   -1.858589e+01 3.000000e+00 -4.454519e+00
      vertex   -1.900000e+01 3.000000e+00 -4.400000e+00
    endloop
  endfacet
  facet normal 1.305262e-01 0.000000e+00 -9.914449e-01
    outer loop
      vertex   -1.900000e+01 7.000000e+00 -4.400000e+00
      vertex   -1.900000e+01 3.000000e+00 -4.400000e+00
      vertex   -1.941411e+01 7.000000e+00 -4.454519e+00
    endloop
  endfacet
  facet normal 1.305262e-01 0.000000e+00 -9.914449e-01
    outer loop
      vertex   -1.941411e+01 7.000000e+00 -4.454519e+00
      vertex   -1.900000e+01 3.000000e+00 -4.400000e+00
      vertex   -1.941411e+01 3.000000e+00 -4.454519e+00
    endloop
  endfacet
  facet normal 3.826834e-01 0.000000e+00 -9.238795e-01
    outer loop
      vertex   -1.941411e+01 7.000000e+00 -4.454519e+00
      vertex   -1.941411e+01 3.000000e+00 -4.454519e+00
      vertex   -1.980000e+01 7.000000e+00 -4.614359e+00
    endloop
  endfacet
  facet normal 3.826834e-01 1.347487e-16 -9.238795e-01
    outer loop
      vertex   -1.980000e+01 7.000000e+00 -4.614359e+00
      vertex   -1.941411e+01 3.000000e+00 -4.454519e+00
      vertex   -1.980000e+01 3.000000e+00 -4.614359e+00
    endloop
  endfacet
  facet normal 6.087614e-01 3.645289e-16 -7.933533e-01
    outer loop
      vertex   -1.980000e+01 7.000000e+00 -4.614359e+00
      vertex   -1.980000e+01 3.000000e+00 -4.614359e+00
      vertex   -2.013137e+01 7.000000e+00 -4.868629e+00
    endloop
  endfacet
  facet normal 6.087614e-01 0.000000e+00 -7.933533e-01
    outer loop
      vertex   -2.013137e+01 7.000000e+00 -4.868629e+00
      vertex   -1.980000e+01 3.000000e+00 -4.614359e+00
      vertex   -2.013137e+01 3.000000e+00 -4.868629e+00
    endloop
  endfacet
  facet normal 7.933533e-01 0.000000e+00 -6.087614e-01
    outer loop
      vertex   -2.013137e+01 7.000000e+00 -4.868629e+00
      vertex   -2.013137e+01 3.000000e+00 -4.868629e+00
      vertex   -2.038564e+01 7.000000e+00 -5.200000e+00
    endloop
  endfacet
  facet normal 7.933533e-01 0.000000e+00 -6.087614e-01
    outer loop
      vertex   -2.038564e+01 7.000000e+00 -5.200000e+00
      vertex   -2.013137e+01 3.000000e+00 -4.868629e+00
      vertex   -2.038564e+01 3.000000e+00 -5.200000e+00
    endloop
  endfacet
  facet normal 9.238795e-01 0.000000e+00 -3.826834e-01
    outer loop
      vertex   -2.038564e+01 7.000000e+00 -5.200000e+00
      vertex   -2.038564e+01 3.000000e+00 -5.200000e+00
      vertex   -2.054548e+01 7.000000e+00 -5.585890e+00
    endloop
  endfacet
  facet normal 9.238795e-01 -8.497279e-17 -3.826834e-01
    outer loop
      vertex   -2.054548e+01 7.000000e+00 -5.585890e+00
      vertex   -2.038564e+01 3.000000e+00 -5.200000e+00
      vertex   -2.054548e+01 3.000000e+00 -5.585890e+00
    endloop
  endfacet
  facet normal 9.914449e-01 -2.898264e-17 -1.305262e-01
    outer loop
      vertex   -2.054548e+01 7.000000e+00 -5.585890e+00
      vertex   -2.054548e+01 3.000000e+00 -5.585890e+00
      vertex   -2.060000e+01 7.000000e+00 -6.000000e+00
    endloop
  endfacet
  facet normal 9.914449e-01 0.000000e+00 -1.305262e-01
    outer loop
      vertex   -2.060000e+01 7.000000e+00 -6.000000e+00
      vertex   -2.054548e+01 3.000000e+00 -5.585890e+00
      vertex   -2.060000e+01 3.000000e+00 -6.000000e+00
    endloop
  endfacet
  facet normal 9.914449e-01 0.000000e+00 1.305262e-01
    outer loop
      vertex   -2.060000e+01 7.000000e+00 -6.000000e+00
      vertex   -2.060000e+01 3.000000e+00 -6.000000e+00
      vertex   -2.054548e+01 7.000000e+00 -6.414110e+00
    endloop
  endfacet
  facet normal 9.914449e-01 2.898264e-17 1.305262e-01
    outer loop
      vertex   -2.054548e+01 7.000000e+00 -6.414110e+00
      vertex   -2.060000e+01 3.000000e+00 -6.000000e+00
      vertex   -2.054548e+01 3.000000e+00 -6.414110e+00
    endloop
  endfacet
  facet normal 9.238795e-01 8.497279e-17 3.826834e-01
    outer loop
      vertex   -2.054548e+01 7.000000e+00 -6.414110e+00
      vertex   -2.054548e+01 3.000000e+00 -6.414110e+00
      vertex   -2.038564e+01 7.000000e+00 -6.800000e+00
    endloop
  endfacet
  facet normal 9.238795e-01 0.000000e+00 3.826834e-01
    outer loop
      vertex   -2.038564e+01 7.000000e+00 -6.800000e+00
      vertex   -2.054548e+01 3.000000e+00 -6.414110e+00
      vertex   -2.038564e+01 3.000000e+00 -6.800000e+00
    endloop
  endfacet
  facet normal 7.933533e-01 0.000000e+00 6.087614e-01
    outer loop
      vertex   -2.038564e+01 7.000000e+00 -6.800000e+00
      vertex   -2.038564e+01 3.000000e+00 -6.800000e+00
      vertex   -2.013137e+01 7.000000e+00 -7.131371e+00
    endloop
  endfacet
  facet normal 7.933533e-01 0.000000e+00 6.087614e-01
    outer loop
      vertex   -2.013137e+01 7.000000e+00 -7.131371e+00
      vertex   -2.038564e+01 3.000000e+00 -6.800000e+00
      vertex   -2.013137e+01 3.000000e+00 -7.131371e+00
    endloop
  endfacet
  facet normal 6.087614e-01 0.000000e+00 7.933533e-01
    outer loop
      vertex   -2.013137e+01 7.000000e+00 -7.131371e+00
      vertex   -2.013137e+01 3.000000e+00 -7.131371e+00
      vertex   -1.980000e+01 7.000000e+00 -7.385641e+00
    endloop
  endfacet
  facet normal 6.087614e-01 -5.406888e-16 7.933533e-01
    outer loop
      vertex   -1.980000e+01 7.000000e+00 -7.385641e+00
      vertex   -2.013137e+01 3.000000e+00 -7.131371e+00
      vertex   -1.980000e+01 3.000000e+00 -7.385641e+00
    endloop
  endfacet
  facet normal 3.826834e-01 -3.398912e-16 9.238795e-01
    outer loop
      vertex   -1.980000e+01 7.000000e+00 -7.385641e+00
      vertex   -1.980000e+01 3.000000e+00 -7.385641e+00
      vertex   -1.941411e+01 7.000000e+00 -7.545481e+00
    endloop
  endfacet
  facet normal 3.826834e-01 0.000000e+00 9.238795e-01
    outer loop
      vertex   -1.941411e+01 7.000000e+00 -7.545481e+00
      vertex   -1.980000e+01 3.000000e+00 -7.385641e+00
      vertex   -1.941411e+01 3.000000e+00 -7.545481e+00
    endloop
  endfacet
  facet normal 1.305262e-01 0.000000e+00 9.914449e-01
    outer loop
      vertex   -1.941411e+01 7.000000e+00 -7.545481e+00
      vertex   -1.941411e+01 3.000000e+00 -7.545481e+00
      vertex   -1.900000e+01 7.000000e+00 -7.600000e+00
    endloop
  endfacet
  facet normal 1.305262e-01 0.000000e+00 9.914449e-01
    outer loop
      vertex   -1.900000e+01 7.000000e+00 -7.600000e+00
      vertex   -1.941411e+01 3.000000e+00 -7.545481e+00
      vertex   -1.900000e+01 3.000000e+00 -7.600000e+00
    endloop
  endfacet
  facet normal -1.305262e-01 0.000000e+00 9.914449e-01
    outer loop
      vertex   -1.900000e+01 7.000000e+00 -7.600000e+00
      vertex   -1.900000e+01 3.000000e+00 -7.600000e+00
      vertex   -1.858589e+01 7.000000e+00 -7.545481e+00
    endloop
  endfacet
  facet normal -1.305262e-01 0.000000e+00 9.914449e-01
    outer loop
      vertex   -1.858589e+01 7.000000e+00 -7.545481e+00
      vertex   -1.900000e+01 3.000000e+00 -7.600000e+00
      vertex   -1.858589e+01 3.000000e+00 -7.545481e+00
    endloop
  endfacet
  facet normal -3.826834e-01 0.000000e+00 9.238795e-01
    outer loop
      vertex   -1.858589e+01 7.000000e+00 -7.545481e+00
      vertex   -1.858589e+01 3.000000e+00 -7.545481e+00
      vertex   -1.820000e+01 7.000000e+00 -7.385641e+00
    endloop
  endfacet
  facet normal -3.826834e-01 -4.102849e-16 9.238795e-01
    outer loop
      vertex   -1.820000e+01 7.000000e+00 -7.385641e+00
      vertex   -1.858589e+01 3.000000e+00 -7.545481e+00
      vertex   -1.820000e+01 3.000000e+00 -7.385641e+00
    endloop
  endfacet
  facet normal -6.087614e-01 -3.523197e-16 7.933533e-01
    outer loop
      vertex   -1.820000e+01 7.000000e+00 -7.385641e+00
      vertex   -1.820000e+01 3.000000e+00 -7.385641e+00
      vertex   -1.786863e+01 7.000000e+00 -7.131371e+00
    endloop
  endfacet
  facet normal -6.087614e-01 0.000000e+00 7.933533e-01
    outer loop
      vertex   -1.786863e+01 7.000000e+00 -7.131371e+00
      vertex   -1.820000e+01 3.000000e+00 -7.385641e+00
      vertex   -1.786863e+01 3.000000e+00 -7.131371e+00
    endloop
  endfacet
  facet normal -7.933533e-01 0.000000e+00 6.087614e-01
    outer loop
      vertex   -1.786863e+01 7.000000e+00 -7.131371e+00
      vertex   -1.786863e+01 3.000000e+00 -7.131371e+00
      vertex   -1.761436e+01 7.000000e+00 -6.800000e+00
    endloop
  endfacet
  facet normal -7.933533e-01 0.000000e+00 6.087614e-01
    outer loop
      vertex   -1.761436e+01 7.000000e+00 -6.800000e+00
      vertex   -1.786863e+01 3.000000e+00 -7.131371e+00
      vertex   -1.761436e+01 3.000000e+00 -6.800000e+00
    endloop
  endfacet
  facet normal -9.238795e-01 0.000000e+00 3.826834e-01
    outer loop
      vertex   -1.761436e+01 7.000000e+00 -6.800000e+00
      vertex   -1.761436e+01 3.000000e+00 -6.800000e+00
      vertex   -1.745452e+01 7.000000e+00 -6.414110e+00
    endloop
  endfacet
  facet normal -9.238795e-01 -8.497279e-17 3.826834e-01
    outer loop
      vertex   -1.745452e+01 7.000000e+00 -6.414110e+00
      vertex   -1.761436e+01 3.000000e+00 -6.800000e+00
      vertex   -1.745452e+01 3.000000e+00 -6.414110e+00
    endloop
  endfacet
  facet normal 0.000000e+00 1.000000e+00 -0.000000e+00
    outer loop
      vertex   -1.745452e+01 3.000000e+00 -6.414110e+00
      vertex   -2.054548e+01 3.000000e+00 -6.414110e+00
      vertex   -1.740000e+01 3.000000e+00 -6.000000e+00
    endloop
  endfacet
  facet normal 0.000000e+00 1.000000e+00 0.000000e+00
    outer loop
      vertex   -1.740000e+01 3.000000e+00 -6.000000e+00
      vertex   -2.054548e+01 3.000000e+00 -6.414110e+00
      vertex   -2.060000e+01 3.000000e+00 -6.000000e+00
    endloop
  endfacet
  facet normal 0.000000e+00 1.000000e+00 0.000000e+00
    outer loop
      vertex   -1.740000e+01 3.000000e+00 -6.000000e+00
      vertex   -2.060000e+01 3.000000e+00 -6.000000e+00
      vertex   -1.745452e+01 3.000000e+00 -5.585890e+00
    endloop
  endfacet
  facet normal 0.000000e+00 1.000000e+00 0.000000e+00
    outer loop
      vertex   -1.745452e+01 3.000000e+00 -5.585890e+00
      vertex   -2.060000e+01 3.000000e+00 -6.000000e+00
      vertex   -2.054548e+01 3.000000e+00 -5.585890e+00
    endloop
  endfacet
  facet normal 0.000000e+00 1.000000e+00 0.000000e+00
    outer loop
      vertex   -1.745452e+01 3.000000e+00 -5.585890e+00
      vertex   -2.054548e+01 3.000000e+00 -5.585890e+00
      vertex   -1.761436e+01 3.000000e+00 -5.200000e+00
    endloop
  endfacet
  facet normal 0.000000e+00 1.000000e+00 0.000000e+00
    outer loop
      vertex   -1.761436e+01 3.000000e+00 -5.200000e+00
      vertex   -2.054548e+01 3.000000e+00 -5.585890e+00
      vertex   -2.038564e+01 3.000000e+00 -5.200000e+00
    endloop
  endfacet
  facet normal 0.000000e+00 1.000000e+00 0.000000e+00
    outer loop
      vertex   -1.761436e+01 3.000000e+00 -5.200000e+00
      vertex   -2.038564e+01 3.000000e+00 -5.200000e+00
      vertex   -1.786863e+01 3.000000e+00 -4.868629e+00
    endloop
  endfacet
  facet normal 0.000000e+00 1.000000e+00 0.000000e+00
    outer loop
      vertex   -1.786863e+01 3.000000e+00 -4.868629e+00
      vertex   -2.038564e+01 3.000000e+00 -5.200000e+00
      vertex   -2.013137e+01 3.000000e+00 -4.868629e+00
    endloop
  endfacet
  facet normal 0.000000e+00 1.000000e+00 0.000000e+00
    outer loop
      vertex   -1.786863e+01 3.000000e+00 -4.868629e+00
      vertex   -2.013137e+01 3.000000e+00 -4.868629e+00
      vertex   -1.820000e+01 3.000000e+00 -4.614359e+00
    endloop
  endfacet
  facet normal 0.000000e+00 1.000000e+00 0.000000e+00
    outer loop
      vertex   -1.820000e+01 3.000000e+00 -4.614359e+00
      vertex   -2.013137e+01 3.000000e+00 -4.868629e+00
      vertex   -1.980000e+01 3.000000e+00 -4.614359e+00
    endloop
  endfacet
  facet normal 0.000000e+00 1.000000e+00 0.000000e+00
    outer loop
      vertex   -1.820000e+01 3.000000e+00 -4.614359e+00
      vertex   -1.980000e+01 3.000000e+00 -4.614359e+00
      vertex   -1.858589e+01 3.000000e+00 -4.454519e+00
    endloop
  endfacet
  facet normal 0.000000e+00 1.000000e+00 0.000000e+00
    outer loop
      vertex   -1.858589e+01 3.000000e+00 -4.454519e+00
      vertex   -1.980000e+01 3.000000e+00 -4.614359e+00
      vertex   -1.941411e+01 3.000000e+00 -4.454519e+00
    endloop
  endfacet
  facet normal 0.000000e+00 1.000000e+00 0.000000e+00
    outer loop
      vertex   -1.858589e+01 3.000000e+00 -4.454519e+00
      vertex   -1.941411e+01 3.000000e+00 -4.454519e+00
      vertex   -1.900000e+01 3.000000e+00 -4.400000e+00
    endloop
  endfacet
  facet normal 0.000000e+00 1.000000e+00 0.000000e+00
    outer loop
      vertex   -2.054548e+01 3.000000e+00 -6.414110e+00
      vertex   -1.745452e+01 3.000000e+00 -6.414110e+00
      vertex   -2.038564e+01 3.000000e+00 -6.800000e+00
    endloop
  endfacet
  facet normal 0.000000e+00 1.000000e+00 0.000000e+00
    outer loop
      vertex   -2.038564e+01 3.000000e+00 -6.800000e+00
      vertex   -1.745452e+01 3.000000e+00 -6.414110e+00
      vertex   -1.761436e+01 3.000000e+00 -6.800000e+00
    endloop
  endfacet
  facet normal -0.000000e+00 1.000000e+00 0.000000e+00
    outer loop
      vertex   -2.038564e+01 3.000000e+00 -6.800000e+00
      vertex   -1.761436e+01 3.000000e+00 -6.800000e+00
      vertex   -2.013137e+01 3.000000e+00 -7.131371e+00
    endloop
  endfacet
  facet normal 0.000000e+00 1.000000e+00 0.000000e+00
    outer loop
      vertex   -2.013137e+01 3.000000e+00 -7.131371e+00
      vertex   -1.761436e+01 3.000000e+00 -6.800000e+00
      vertex   -1.786863e+01 3.000000e+00 -7.131371e+00
    endloop
  endfacet
  facet normal -0.000000e+00 1.000000e+00 0.000000e+00
    outer loop
      vertex   -2.013137e+01 3.000000e+00 -7.131371e+00
      vertex   -1.786863e+01 3.000000e+00 -7.131371e+00
      vertex   -1.980000e+01 3.000000e+00 -7.385641e+00
    endloop
  endfacet
  facet normal -0.000000e+00 1.000000e+00 0.000000e+00
    outer loop
      vertex   -1.980000e+01 3.000000e+00 -7.385641e+00
      vertex   -1.786863e+01 3.000000e+00 -7.131371e+00
      vertex   -1.820000e+01 3.000000e+00 -7.385641e+00
    endloop
  endfacet
  facet normal 0.000000e+00 1.000000e+00 0.000000e+00
    outer loop
      vertex   -1.980000e+01 3.000000e+00 -7.385641e+00
      vertex   -1.820000e+01 3.000000e+00 -7.385641e+00
      vertex   -1.941411e+01 3.000000e+00 -7.545481e+00
    endloop
  endfacet
  facet normal 0.000000e+00 1.000000e+00 0.000000e+00
    outer loop
      vertex   -1.941411e+01 3.000000e+00 -7.545481e+00
      vertex   -1.820000e+01 3.000000e+00 -7.385641e+00
      vertex   -1.858589e+01 3.000000e+00 -7.545481e+00
    endloop
  endfacet
  facet normal -0.000000e+00 1.000000e+00 0.000000e+00
    outer loop
      vertex   -1.941411e+01 3.000000e+00 -7.545481e+00
      vertex   -1.858589e+01 3.000000e+00 -7.545481e+00
      vertex   -1.900000e+01 3.000000e+00 -7.600000e+00
    endloop
  endfacet
  facet normal -9.914449e-01 0.000000e+00 1.305262e-01
    outer loop
      vertex   -3.145452e+01 7.000000e+00 5.585890e+00
      vertex   -3.145452e+01 3.000000e+00 5.585890e+00
      vertex   -3.140000e+01 7.000000e+00 6.000000e+00
    endloop
  endfacet
  facet normal -9.914449e-01 0.000000e+00 1.305262e-01
    outer loop
      vertex   -3.140000e+01 7.000000e+00 6.000000e+00
      vertex   -3.145452e+01 3.000000e+00 5.585890e+00
      vertex   -3.140000e+01 3.000000e+00 6.000000e+00
    endloop
  endfacet
  facet normal -9.914449e-01 -0.000000e+00 -1.305262e-01
    outer loop
      vertex   -3.140000e+01 7.000000e+00 6.000000e+00
      vertex   -3.140000e+01 3.000000e+00 6.000000e+00
      vertex   -3.145452e+01 7.000000e+00 6.414110e+00
    endloop
  endfacet
  facet normal -9.914449e-01 -0.000000e+00 -1.305262e-01
    outer loop
      vertex   -3.145452e+01 7.000000e+00 6.414110e+00
      vertex   -3.140000e+01 3.000000e+00 6.000000e+00
      vertex   -3.145452e+01 3.000000e+00 6.414110e+00
    endloop
  endfacet
  facet normal -9.238795e-01 -0.000000e+00 -3.826834e-01
    outer loop
      vertex   -3.145452e+01 7.000000e+00 6.414110e+00
      vertex   -3.145452e+01 3.000000e+00 6.414110e+00
      vertex   -3.161436e+01 7.000000e+00 6.800000e+00
    endloop
  endfacet
  facet normal -9.238795e-01 8.497279e-17 -3.826834e-01
    outer loop
      vertex   -3.161436e+01 7.000000e+00 6.800000e+00
      vertex   -3.145452e+01 3.000000e+00 6.414110e+00
      vertex   -3.161436e+01 3.000000e+00 6.800000e+00
    endloop
  endfacet
  facet normal -7.933533e-01 1.351722e-16 -6.087614e-01
    outer loop
      vertex   -3.161436e+01 7.000000e+00 6.800000e+00
      vertex   -3.161436e+01 3.000000e+00 6.800000e+00
      vertex   -3.186863e+01 7.000000e+00 7.131371e+00
    endloop
  endfacet
  facet normal -7.933533e-01 -0.000000e+00 -6.087614e-01
    outer loop
      vertex   -3.186863e+01 7.000000e+00 7.131371e+00
      vertex   -3.161436e+01 3.000000e+00 6.800000e+00
      vertex   -3.186863e+01 3.000000e+00 7.131371e+00
    endloop
  endfacet
  facet normal -6.087614e-01 -0.000000e+00 -7.933533e-01
    outer loop
      vertex   -3.186863e+01 7.000000e+00 7.131371e+00
      vertex   -3.186863e+01 3.000000e+00 7.131371e+00
      vertex   -3.220000e+01 7.000000e+00 7.385641e+00
    endloop
  endfacet
  facet normal -6.087614e-01 3.523197e-16 -7.933533e-01
    outer loop
      vertex   -3.220000e+01 7.000000e+00 7.385641e+00
      vertex   -3.186863e+01 3.000000e+00 7.131371e+00
      vertex   -3.220000e+01 3.000000e+00 7.385641e+00
    endloop
  endfacet
  facet normal -3.826834e-01 4.102849e-16 -9.238795e-01
    outer loop
      vertex   -3.220000e+01 7.000000e+00 7.385641e+00
      vertex   -3.220000e+01 3.000000e+00 7.385641e+00
      vertex   -3.258589e+01 7.000000e+00 7.545481e+00
    endloop
  endfacet
  facet normal -3.826834e-01 -0.000000e+00 -9.238795e-01
    outer loop
      vertex   -3.258589e+01 7.000000e+00 7.545481e+00
      vertex   -3.220000e+01 3.000000e+00 7.385641e+00
      vertex   -3.258589e+01 3.000000e+00 7.545481e+00
    endloop
  endfacet
  facet normal -1.305262e-01 -0.000000e+00 -9.914449e-01
    outer loop
      vertex   -3.258589e+01 7.000000e+00 7.545481e+00
      vertex   -3.258589e+01 3.000000e+00 7.545481e+00
      vertex   -3.300000e+01 7.000000e+00 7.600000e+00
    endloop
  endfacet
  facet normal -1.305262e-01 -0.000000e+00 -9.914449e-01
    outer loop
      vertex   -3.300000e+01 7.000000e+00 7.600000e+00
      vertex   -3.258589e+01 3.000000e+00 7.545481e+00
      vertex   -3.300000e+01 3.000000e+00 7.600000e+00
    endloop
  endfacet
  facet normal 1.305262e-01 0.000000e+00 -9.914449e-01
    outer loop
      vertex   -3.300000e+01 7.000000e+00 7.600000e+00
      vertex   -3.300000e+01 3.000000e+00 7.600000e+00
      vertex   -3.341411e+01 7.000000e+00 7.545481e+00
    endloop
  endfacet
  facet normal 1.305262e-01 0.000000e+00 -9.914449e-01
    outer loop
      vertex   -3.341411e+01 7.000000e+00 7.545481e+00
      vertex   -3.300000e+01 3.000000e+00 7.600000e+00
      vertex   -3.341411e+01 3.000000e+00 7.545481e+00
    endloop
  endfacet
  facet normal 3.826834e-01 0.000000e+00 -9.238795e-01
    outer loop
      vertex   -3.341411e+01 7.000000e+00 7.545481e+00
      vertex   -3.341411e+01 3.000000e+00 7.545481e+00
      vertex   -3.380000e+01 7.000000e+00 7.385641e+00
    endloop
  endfacet
  facet normal 3.826834e-01 0.000000e+00 -9.238795e-01
    outer loop
      vertex   -3.380000e+01 7.000000e+00 7.385641e+00
      vertex   -3.341411e+01 3.000000e+00 7.545481e+00
      vertex   -3.380000e+01 3.000000e+00 7.385641e+00
    endloop
  endfacet
  facet normal 6.087614e-01 0.000000e+00 -7.933533e-01
    outer loop
      vertex   -3.380000e+01 7.000000e+00 7.385641e+00
      vertex   -3.380000e+01 3.000000e+00 7.385641e+00
      vertex   -3.413137e+01 7.000000e+00 7.131371e+00
    endloop
  endfacet
  facet normal 6.087614e-01 0.000000e+00 -7.933533e-01
    outer loop
      vertex   -3.413137e+01 7.000000e+00 7.131371e+00
      vertex   -3.380000e+01 3.000000e+00 7.385641e+00
      vertex   -3.413137e+01 3.000000e+00 7.131371e+00
    endloop
  endfacet
  facet normal 7.933533e-01 0.000000e+00 -6.087614e-01
    outer loop
      vertex   -3.413137e+01 7.000000e+00 7.131371e+00
      vertex   -3.413137e+01 3.000000e+00 7.131371e+00
      vertex   -3.438564e+01 7.000000e+00 6.800000e+00
    endloop
  endfacet
  facet normal 7.933533e-01 0.000000e+00 -6.087614e-01
    outer loop
      vertex   -3.438564e+01 7.000000e+00 6.800000e+00
      vertex   -3.413137e+01 3.000000e+00 7.131371e+00
      vertex   -3.438564e+01 3.000000e+00 6.800000e+00
    endloop
  endfacet
  facet normal 9.238795e-01 0.000000e+00 -3.826834e-01
    outer loop
      vertex   -3.438564e+01 7.000000e+00 6.800000e+00
      vertex   -3.438564e+01 3.000000e+00 6.800000e+00
      vertex   -3.454548e+01 7.000000e+00 6.414110e+00
    endloop
  endfacet
  facet normal 9.238795e-01 -8.497279e-17 -3.826834e-01
    outer loop
      vertex   -3.454548e+01 7.000000e+00 6.414110e+00
      vertex   -3.438564e+01 3.000000e+00 6.800000e+00
      vertex   -3.454548e+01 3.000000e+00 6.414110e+00
    endloop
  endfacet
  facet normal 9.914449e-01 -2.898264e-17 -1.305262e-01
    outer loop
      vertex   -3.454548e+01 7.000000e+00 6.414110e+00
      vertex   -3.454548e+01 3.000000e+00 6.414110e+00
      vertex   -3.460000e+01 7.000000e+00 6.000000e+00
    endloop
  endfacet
  facet normal 9.914449e-01 0.000000e+00 -1.305262e-01
    outer loop
      vertex   -3.460000e+01 7.000000e+00 6.000000e+00
      vertex   -3.454548e+01 3.000000e+00 6.414110e+00
      vertex   -3.460000e+01 3.000000e+00 6.000000e+00
    endloop
  endfacet
  facet normal 9.914449e-01 0.000000e+00 1.305262e-01
    outer loop
      vertex   -3.460000e+01 7.000000e+00 6.000000e+00
      vertex   -3.460000e+01 3.000000e+00 6.000000e+00
      vertex   -3.454548e+01 7.000000e+00 5.585890e+00
    endloop
  endfacet
  facet normal 9.914449e-01 2.898264e-17 1.305262e-01
    outer loop
      vertex   -3.454548e+01 7.000000e+00 5.585890e+00
      vertex   -3.460000e+01 3.000000e+00 6.000000e+00
      vertex   -3.454548e+01 3.000000e+00 5.585890e+00
    endloop
  endfacet
  facet normal 9.238795e-01 8.497279e-17 3.826834e-01
    outer loop
      vertex   -3.454548e+01 7.000000e+00 5.585890e+00
      vertex   -3.454548e+01 3.000000e+00 5.585890e+00
      vertex   -3.438564e+01 7.000000e+00 5.200000e+00
    endloop
  endfacet
  facet normal 9.238795e-01 0.000000e+00 3.826834e-01
    outer loop
      vertex   -3.438564e+01 7.000000e+00 5.200000e+00
      vertex   -3.454548e+01 3.000000e+00 5.585890e+00
      vertex   -3.438564e+01 3.000000e+00 5.200000e+00
    endloop
  endfacet
  facet normal 7.933533e-01 0.000000e+00 6.087614e-01
    outer loop
      vertex   -3.438564e+01 7.000000e+00 5.200000e+00
      vertex   -3.438564e+01 3.000000e+00 5.200000e+00
      vertex   -3.413137e+01 7.000000e+00 4.868629e+00
    endloop
  endfacet
  facet normal 7.933533e-01 1.351722e-16 6.087614e-01
    outer loop
      vertex   -3.413137e+01 7.000000e+00 4.868629e+00
      vertex   -3.438564e+01 3.000000e+00 5.200000e+00
      vertex   -3.413137e+01 3.000000e+00 4.868629e+00
    endloop
  endfacet
  facet normal 6.087614e-01 1.761598e-16 7.933533e-01
    outer loop
      vertex   -3.413137e+01 7.000000e+00 4.868629e+00
      vertex   -3.413137e+01 3.000000e+00 4.868629e+00
      vertex   -3.380000e+01 7.000000e+00 4.614359e+00
    endloop
  endfacet
  facet normal 6.087614e-01 0.000000e+00 7.933533e-01
    outer loop
      vertex   -3.380000e+01 7.000000e+00 4.614359e+00
      vertex   -3.413137e+01 3.000000e+00 4.868629e+00
      vertex   -3.380000e+01 3.000000e+00 4.614359e+00
    endloop
  endfacet
  facet normal 3.826834e-01 0.000000e+00 9.238795e-01
    outer loop
      vertex   -3.380000e+01 7.000000e+00 4.614359e+00
      vertex   -3.380000e+01 3.000000e+00 4.614359e+00
      vertex   -3.341411e+01 7.000000e+00 4.454519e+00
    endloop
  endfacet
  facet normal 3.826834e-01 2.051425e-16 9.238795e-01
    outer loop
      vertex   -3.341411e+01 7.000000e+00 4.454519e+00
      vertex   -3.380000e+01 3.000000e+00 4.614359e+00
      vertex   -3.341411e+01 3.000000e+00 4.454519e+00
    endloop
  endfacet
  facet normal 1.305262e-01 2.201450e-16 9.914449e-01
    outer loop
      vertex   -3.341411e+01 7.000000e+00 4.454519e+00
      vertex   -3.341411e+01 3.000000e+00 4.454519e+00
      vertex   -3.300000e+01 7.000000e+00 4.400000e+00
    endloop
  endfacet
  facet normal 1.305262e-01 0.000000e+00 9.914449e-01
    outer loop
      vertex   -3.300000e+01 7.000000e+00 4.400000e+00
      vertex   -3.341411e+01 3.000000e+00 4.454519e+00
      vertex   -3.300000e+01 3.000000e+00 4.400000e+00
    endloop
  endfacet
  facet normal -1.305262e-01 0.000000e+00 9.914449e-01
    outer loop
      vertex   -3.300000e+01 7.000000e+00 4.400000e+00
      vertex   -3.300000e+01 3.000000e+00 4.400000e+00
      vertex   -3.258589e+01 7.000000e+00 4.454519e+00
    endloop
  endfacet
  facet normal -1.305262e-01 0.000000e+00 9.914449e-01
    outer loop
      vertex   -3.258589e+01 7.000000e+00 4.454519e+00
      vertex   -3.300000e+01 3.000000e+00 4.400000e+00
      vertex   -3.258589e+01 3.000000e+00 4.454519e+00
    endloop
  endfacet
  facet normal -3.826834e-01 0.000000e+00 9.238795e-01
    outer loop
      vertex   -3.258589e+01 7.000000e+00 4.454519e+00
      vertex   -3.258589e+01 3.000000e+00 4.454519e+00
      vertex   -3.220000e+01 7.000000e+00 4.614359e+00
    endloop
  endfacet
  facet normal -3.826834e-01 -2.051425e-16 9.238795e-01
    outer loop
      vertex   -3.220000e+01 7.000000e+00 4.614359e+00
      vertex   -3.258589e+01 3.000000e+00 4.454519e+00
      vertex   -3.220000e+01 3.000000e+00 4.614359e+00
    endloop
  endfacet
  facet normal -6.087614e-01 -1.761598e-16 7.933533e-01
    outer loop
      vertex   -3.220000e+01 7.000000e+00 4.614359e+00
      vertex   -3.220000e+01 3.000000e+00 4.614359e+00
      vertex   -3.186863e+01 7.000000e+00 4.868629e+00
    endloop
  endfacet
  facet normal -6.087614e-01 0.000000e+00 7.933533e-01
    outer loop
      vertex   -3.186863e+01 7.000000e+00 4.868629e+00
      vertex   -3.220000e+01 3.000000e+00 4.614359e+00
      vertex   -3.186863e+01 3.000000e+00 4.868629e+00
    endloop
  endfacet
  facet normal -7.933533e-01 0.000000e+00 6.087614e-01
    outer loop
      vertex   -3.186863e+01 7.000000e+00 4.868629e+00
      vertex   -3.186863e+01 3.000000e+00 4.868629e+00
      vertex   -3.161436e+01 7.000000e+00 5.200000e+00
    endloop
  endfacet
  facet normal -7.933533e-01 -1.351722e-16 6.087614e-01
    outer loop
      vertex   -3.161436e+01 7.000000e+00 5.200000e+00
      vertex   -3.186863e+01 3.000000e+00 4.868629e+00
      vertex   -3.161436e+01 3.000000e+00 5.200000e+00
    endloop
  endfacet
  facet normal -9.238795e-01 -8.497279e-17 3.826834e-01
    outer loop
      vertex   -3.161436e+01 7.000000e+00 5.200000e+00
      vertex   -3.161436e+01 3.000000e+00 5.200000e+00
      vertex   -3.145452e+01 7.000000e+00 5.585890e+00
    endloop
  endfacet
  facet normal -9.238795e-01 0.000000e+00 3.826834e-01
    outer loop
      vertex   -3.145452e+01 7.000000e+00 5.585890e+00
      vertex   -3.161436e+01 3.000000e+00 5.200000e+00
      vertex   -3.145452e+01 3.000000e+00 5.585890e+00
    endloop
  endfacet
  facet normal 0.000000e+00 1.000000e+00 -0.000000e+00
    outer loop
      vertex   -3.145452e+01 3.000000e+00 5.585890e+00
      vertex   -3.454548e+01 3.000000e+00 5.585890e+00
      vertex   -3.140000e+01 3.000000e+00 6.000000e+00
    endloop
  endfacet
  facet normal 0.000000e+00 1.000000e+00 0.000000e+00
    outer loop
      vertex   -3.140000e+01 3.000000e+00 6.000000e+00
      vertex   -3.454548e+01 3.000000e+00 5.585890e+00
      vertex   -3.460000e+01 3.000000e+00 6.000000e+00
    endloop
  endfacet
  facet normal 0.000000e+00 1.000000e+00 0.000000e+00
    outer loop
      vertex   -3.140000e+01 3.000000e+00 6.000000e+00
      vertex   -3.460000e+01 3.000000e+00 6.000000e+00
      vertex   -3.145452e+01 3.000000e+00 6.414110e+00
    endloop
  endfacet
  facet normal 0.000000e+00 1.000000e+00 0.000000e+00
    outer loop
      vertex   -3.145452e+01 3.000000e+00 6.414110e+00
      vertex   -3.460000e+01 3.000000e+00 6.000000e+00
      vertex   -3.454548e+01 3.000000e+00 6.414110e+00
    endloop
  endfacet
  facet normal 0.000000e+00 1.000000e+00 0.000000e+00
    outer loop
      vertex   -3.145452e+01 3.000000e+00 6.414110e+00
      vertex   -3.454548e+01 3.000000e+00 6.414110e+00
      vertex   -3.161436e+01 3.000000e+00 6.800000e+00
    endloop
  endfacet
  facet normal 0.000000e+00 1.000000e+00 0.000000e+00
    outer loop
      vertex   -3.161436e+01 3.000000e+00 6.800000e+00
      vertex   -3.454548e+01 3.000000e+00 6.414110e+00
      vertex   -3.438564e+01 3.000000e+00 6.800000e+00
    endloop
  endfacet
  facet normal 0.000000e+00 1.000000e+00 0.000000e+00
    outer loop
      vertex   -3.161436e+01 3.000000e+00 6.800000e+00
      vertex   -3.438564e+01 3.000000e+00 6.800000e+00
      vertex   -3.186863e+01 3.000000e+00 7.131371e+00
    endloop
  endfacet
  facet normal 0.000000e+00 1.000000e+00 0.000000e+00
    outer loop
      vertex   -3.186863e+01 3.000000e+00 7.131371e+00
      vertex   -3.438564e+01 3.000000e+00 6.800000e+00
      vertex   -3.413137e+01 3.000000e+00 7.131371e+00
    endloop
  endfacet
  facet normal 0.000000e+00 1.000000e+00 0.000000e+00
    outer loop
      vertex   -3.186863e+01 3.000000e+00 7.131371e+00
      vertex   -3.413137e+01 3.000000e+00 7.131371e+00
      vertex   -3.220000e+01 3.000000e+00 7.385641e+00
    endloop
  endfacet
  facet normal 0.000000e+00 1.000000e+00 0.000000e+00
    outer loop
      vertex   -3.220000e+01 3.000000e+00 7.385641e+00
      vertex   -3.413137e+01 3.000000e+00 7.131371e+00
      vertex   -3.380000e+01 3.000000e+00 7.385641e+00
    endloop
  endfacet
  facet normal 0.000000e+00 1.000000e+00 0.000000e+00
    outer loop
      vertex   -3.220000e+01 3.000000e+00 7.385641e+00
      vertex   -3.380000e+01 3.000000e+00 7.385641e+00
      vertex   -3.258589e+01 3.000000e+00 7.545481e+00
    endloop
  endfacet
  facet normal 0.000000e+00 1.000000e+00 0.000000e+00
    outer loop
      vertex   -3.258589e+01 3.000000e+00 7.545481e+00
      vertex   -3.380000e+01 3.000000e+00 7.385641e+00
      vertex   -3.341411e+01 3.000000e+00 7.545481e+00
    endloop
  endfacet
  facet normal 0.000000e+00 1.000000e+00 0.000000e+00
    outer loop
      vertex   -3.258589e+01 3.000000e+00 7.545481e+00
      vertex   -3.341411e+01 3.000000e+00 7.545481e+00
      vertex   -3.300000e+01 3.000000e+00 7.600000e+00
    endloop
  endfacet
  facet normal 0.000000e+00 1.000000e+00 0.000000e+00
    outer loop
      vertex   -3.454548e+01 3.000000e+00 5.585890e+00
      vertex   -3.145452e+01 3.000000e+00 5.585890e+00
      vertex   -3.438564e+01 3.000000e+00 5.200000e+00
    endloop
  endfacet
  facet normal -0.000000e+00 1.000000e+00 0.000000e+00
    outer loop
      vertex   -3.438564e+01 3.000000e+00 5.200000e+00
      vertex   -3.145452e+01 3.000000e+00 5.585890e+00
      vertex   -3.161436e+01 3.000000e+00 5.200000e+00
    endloop
  endfacet
  facet normal 0.000000e+00 1.000000e+00 0.000000e+00
    outer loop
      vertex   -3.438564e+01 3.000000e+00 5.200000e+00
      vertex   -3.161436e+01 3.000000e+00 5.200000e+00
      vertex   -3.413137e+01 3.000000e+00 4.868629e+00
    endloop
  endfacet
  facet normal -0.000000e+00 1.000000e+00 0.000000e+00
    outer loop
      vertex   -3.413137e+01 3.000000e+00 4.868629e+00
      vertex   -3.161436e+01 3.000000e+00 5.200000e+00
      vertex   -3.186863e+01 3.000000e+00 4.868629e+00
    endloop
  endfacet
  facet normal 0.000000e+00 1.000000e+00 0.000000e+00
    outer loop
      vertex   -3.413137e+01 3.000000e+00 4.868629e+00
      vertex   -3.186863e+01 3.000000e+00 4.868629e+00
      vertex   -3.380000e+01 3.000000e+00 4.614359e+00
    endloop
  endfacet
  facet normal -0.000000e+00 1.000000e+00 0.000000e+00
    outer loop
      vertex   -3.380000e+01 3.000000e+00 4.614359e+00
      vertex   -3.186863e+01 3.000000e+00 4.868629e+00
      vertex   -3.220000e+01 3.000000e+00 4.614359e+00
    endloop
  endfacet
  facet normal 0.000000e+00 1.000000e+00 0.000000e+00
    outer loop
      vertex   -3.380000e+01 3.000000e+00 4.614359e+00
      vertex   -3.220000e+01 3.000000e+00 4.614359e+00
      vertex   -3.341411e+01 3.000000e+00 4.454519e+00
    endloop
  endfacet
  facet normal -0.000000e+00 1.000000e+00 0.000000e+00
    outer loop
      vertex   -3.341411e+01 3.000000e+00 4.454519e+00
      vertex   -3.220000e+01 3.000000e+00 4.614359e+00
      vertex   -3.258589e+01 3.000000e+00 4.454519e+00
    endloop
  endfacet
  facet normal 0.000000e+00 1.000000e+00 0.000000e+00
    outer loop
      vertex   -3.341411e+01 3.000000e+00 4.454519e+00
      vertex   -3.258589e+01 3.000000e+00 4.454519e+00
      vertex   -3.300000e+01 3.000000e+00 4.400000e+00
    endloop
  endfacet
  facet normal -9.914449e-01 -2.898264e-17 1.305262e-01
    outer loop
      vertex   -1.745452e+01 7.000000e+00 5.585890e+00
      vertex   -1.745452e+01 3.000000e+00 5.585890e+00
      vertex   -1.740000e+01 7.000000e+00 6.000000e+00
    endloop
  endfacet
  facet normal -9.914449e-01 0.000000e+00 1.305262e-01
    outer loop
      vertex   -1.740000e+01 7.000000e+00 6.000000e+00
      vertex   -1.745452e+01 3.000000e+00 5.585890e+00
      vertex   -1.740000e+01 3.000000e+00 6.000000e+00
    endloop
  endfacet
  facet normal -9.914449e-01 -0.000000e+00 -1.305262e-01
    outer loop
      vertex   -1.740000e+01 7.000000e+00 6.000000e+00
      vertex   -1.740000e+01 3.000000e+00 6.000000e+00
      vertex   -1.745452e+01 7.000000e+00 6.414110e+00
    endloop
  endfacet
  facet normal -9.914449e-01 5.796527e-17 -1.305262e-01
    outer loop
      vertex   -1.745452e+01 7.000000e+00 6.414110e+00
      vertex   -1.740000e+01 3.000000e+00 6.000000e+00
      vertex   -1.745452e+01 3.000000e+00 6.414110e+00
    endloop
  endfacet
  facet normal -9.238795e-01 1.699456e-16 -3.826834e-01
    outer loop
      vertex   -1.745452e+01 7.000000e+00 6.414110e+00
      vertex   -1.745452e+01 3.000000e+00 6.414110e+00
      vertex   -1.761436e+01 7.000000e+00 6.800000e+00
    endloop
  endfacet
  facet normal -9.238795e-01 -0.000000e+00 -3.826834e-01
    outer loop
      vertex   -1.761436e+01 7.000000e+00 6.800000e+00
      vertex   -1.745452e+01 3.000000e+00 6.414110e+00
      vertex   -1.761436e+01 3.000000e+00 6.800000e+00
    endloop
  endfacet
  facet normal -7.933533e-01 -0.000000e+00 -6.087614e-01
    outer loop
      vertex   -1.761436e+01 7.000000e+00 6.800000e+00
      vertex   -1.761436e+01 3.000000e+00 6.800000e+00
      vertex   -1.786863e+01 7.000000e+00 7.131371e+00
    endloop
  endfacet
  facet normal -7.933533e-01 -0.000000e+00 -6.087614e-01
    outer loop
      vertex   -1.786863e+01 7.000000e+00 7.131371e+00
      vertex   -1.761436e+01 3.000000e+00 6.800000e+00
      vertex   -1.786863e+01 3.000000e+00 7.131371e+00
    endloop
  endfacet
  facet normal -6.087614e-01 -0.000000e+00 -7.933533e-01
    outer loop
      vertex   -1.786863e+01 7.000000e+00 7.131371e+00
      vertex   -1.786863e+01 3.000000e+00 7.131371e+00
      vertex   -1.820000e+01 7.000000e+00 7.385641e+00
    endloop
  endfacet
  facet normal -6.087614e-01 1.761598e-16 -7.933533e-01
    outer loop
      vertex   -1.820000e+01 7.000000e+00 7.385641e+00
      vertex   -1.786863e+01 3.000000e+00 7.131371e+00
      vertex   -1.820000e+01 3.000000e+00 7.385641e+00
    endloop
  endfacet
  facet normal -3.826834e-01 2.051425e-16 -9.238795e-01
    outer loop
      vertex   -1.820000e+01 7.000000e+00 7.385641e+00
      vertex   -1.820000e+01 3.000000e+00 7.385641e+00
      vertex   -1.858589e+01 7.000000e+00 7.545481e+00
    endloop
  endfacet
  facet normal -3.826834e-01 -0.000000e+00 -9.238795e-01
    outer loop
      vertex   -1.858589e+01 7.000000e+00 7.545481e+00
      vertex   -1.820000e+01 3.000000e+00 7.385641e+00
      vertex   -1.858589e+01 3.000000e+00 7.545481e+00
    endloop
  endfacet
  facet normal -1.305262e-01 -0.000000e+00 -9.914449e-01
    outer loop
      vertex   -1.858589e+01 7.000000e+00 7.545481e+00
      vertex   -1.858589e+01 3.000000e+00 7.545481e+00
      vertex   -1.900000e+01 7.000000e+00 7.600000e+00
    endloop
  endfacet
  facet normal -1.305262e-01 -0.000000e+00 -9.914449e-01
    outer loop
      vertex   -1.900000e+01 7.000000e+00 7.600000e+00
      vertex   -1.858589e+01 3.000000e+00 7.545481e+00
      vertex   -1.900000e+01 3.000000e+00 7.600000e+00
    endloop
  endfacet
  facet normal 1.305262e-01 0.000000e+00 -9.914449e-01
    outer loop
      vertex   -1.900000e+01 7.000000e+00 7.600000e+00
      vertex   -1.900000e+01 3.000000e+00 7.600000e+00
      vertex   -1.941411e+01 7.000000e+00 7.545481e+00
    endloop
  endfacet
  facet normal 1.305262e-01 0.000000e+00 -9.914449e-01
    outer loop
      vertex   -1.941411e+01 7.000000e+00 7.545481e+00
      vertex   -1.900000e+01 3.000000e+00 7.600000e+00
      vertex   -1.941411e+01 3.000000e+00 7.545481e+00
    endloop
  endfacet
  facet normal 3.826834e-01 0.000000e+00 -9.238795e-01
    outer loop
      vertex   -1.941411e+01 7.000000e+00 7.545481e+00
      vertex   -1.941411e+01 3.000000e+00 7.545481e+00
      vertex   -1.980000e+01 7.000000e+00 7.385641e+00
    endloop
  endfacet
  facet normal 3.826834e-01 3.398912e-16 -9.238795e-01
    outer loop
      vertex   -1.980000e+01 7.000000e+00 7.385641e+00
      vertex   -1.941411e+01 3.000000e+00 7.545481e+00
      vertex   -1.980000e+01 3.000000e+00 7.385641e+00
    endloop
  endfacet
  facet normal 6.087614e-01 5.406888e-16 -7.933533e-01
    outer loop
      vertex   -1.980000e+01 7.000000e+00 7.385641e+00
      vertex   -1.980000e+01 3.000000e+00 7.385641e+00
      vertex   -2.013137e+01 7.000000e+00 7.131371e+00
    endloop
  endfacet
  facet normal 6.087614e-01 0.000000e+00 -7.933533e-01
    outer loop
      vertex   -2.013137e+01 7.000000e+00 7.131371e+00
      vertex   -1.980000e+01 3.000000e+00 7.385641e+00
      vertex   -2.013137e+01 3.000000e+00 7.131371e+00
    endloop
  endfacet
  facet normal 7.933533e-01 0.000000e+00 -6.087614e-01
    outer loop
      vertex   -2.013137e+01 7.000000e+00 7.131371e+00
      vertex   -2.013137e+01 3.000000e+00 7.131371e+00
      vertex   -2.038564e+01 7.000000e+00 6.800000e+00
    endloop
  endfacet
  facet normal 7.933533e-01 0.000000e+00 -6.087614e-01
    outer loop
      vertex   -2.038564e+01 7.000000e+00 6.800000e+00
      vertex   -2.013137e+01 3.000000e+00 7.131371e+00
      vertex   -2.038564e+01 3.000000e+00 6.800000e+00
    endloop
  endfacet
  facet normal 9.238795e-01 0.000000e+00 -3.826834e-01
    outer loop
      vertex   -2.038564e+01 7.000000e+00 6.800000e+00
      vertex   -2.038564e+01 3.000000e+00 6.800000e+00
      vertex   -2.054548e+01 7.000000e+00 6.414110e+00
    endloop
  endfacet
  facet normal 9.238795e-01 -8.497279e-17 -3.826834e-01
    outer loop
      vertex   -2.054548e+01 7.000000e+00 6.414110e+00
      vertex   -2.038564e+01 3.000000e+00 6.800000e+00
      vertex   -2.054548e+01 3.000000e+00 6.414110e+00
    endloop
  endfacet
  facet normal 9.914449e-01 -2.898264e-17 -1.305262e-01
    outer loop
      vertex   -2.054548e+01 7.000000e+00 6.414110e+00
      vertex   -2.054548e+01 3.000000e+00 6.414110e+00
      vertex   -2.060000e+01 7.000000e+00 6.000000e+00
    endloop
  endfacet
  facet normal 9.914449e-01 0.000000e+00 -1.305262e-01
    outer loop
      vertex   -2.060000e+01 7.000000e+00 6.000000e+00
      vertex   -2.054548e+01 3.000000e+00 6.414110e+00
      vertex   -2.060000e+01 3.000000e+00 6.000000e+00
    endloop
  endfacet
  facet normal 9.914449e-01 0.000000e+00 1.305262e-01
    outer loop
      vertex   -2.060000e+01 7.000000e+00 6.000000e+00
      vertex   -2.060000e+01 3.000000e+00 6.000000e+00
      vertex   -2.054548e+01 7.000000e+00 5.585890e+00
    endloop
  endfacet
  facet normal 9.914449e-01 5.796527e-17 1.305262e-01
    outer loop
      vertex   -2.054548e+01 7.000000e+00 5.585890e+00
      vertex   -2.060000e+01 3.000000e+00 6.000000e+00
      vertex   -2.054548e+01 3.000000e+00 5.585890e+00
    endloop
  endfacet
  facet normal 9.238795e-01 1.699456e-16 3.826834e-01
    outer loop
      vertex   -2.054548e+01 7.000000e+00 5.585890e+00
      vertex   -2.054548e+01 3.000000e+00 5.585890e+00
      vertex   -2.038564e+01 7.000000e+00 5.200000e+00
    endloop
  endfacet
  facet normal 9.238795e-01 0.000000e+00 3.826834e-01
    outer loop
      vertex   -2.038564e+01 7.000000e+00 5.200000e+00
      vertex   -2.054548e+01 3.000000e+00 5.585890e+00
      vertex   -2.038564e+01 3.000000e+00 5.200000e+00
    endloop
  endfacet
  facet normal 7.933533e-01 0.000000e+00 6.087614e-01
    outer loop
      vertex   -2.038564e+01 7.000000e+00 5.200000e+00
      vertex   -2.038564e+01 3.000000e+00 5.200000e+00
      vertex   -2.013137e+01 7.000000e+00 4.868629e+00
    endloop
  endfacet
  facet normal 7.933533e-01 0.000000e+00 6.087614e-01
    outer loop
      vertex   -2.013137e+01 7.000000e+00 4.868629e+00
      vertex   -2.038564e+01 3.000000e+00 5.200000e+00
      vertex   -2.013137e+01 3.000000e+00 4.868629e+00
    endloop
  endfacet
  facet normal 6.087614e-01 0.000000e+00 7.933533e-01
    outer loop
      vertex   -2.013137e+01 7.000000e+00 4.868629e+00
      vertex   -2.013137e+01 3.000000e+00 4.868629e+00
      vertex   -1.980000e+01 7.000000e+00 4.614359e+00
    endloop
  endfacet
  facet normal 6.087614e-01 -3.645289e-16 7.933533e-01
    outer loop
      vertex   -1.980000e+01 7.000000e+00 4.614359e+00
      vertex   -2.013137e+01 3.000000e+00 4.868629e+00
      vertex   -1.980000e+01 3.000000e+00 4.614359e+00
    endloop
  endfacet
  facet normal 3.826834e-01 -1.347487e-16 9.238795e-01
    outer loop
      vertex   -1.980000e+01 7.000000e+00 4.614359e+00
      vertex   -1.980000e+01 3.000000e+00 4.614359e+00
      vertex   -1.941411e+01 7.000000e+00 4.454519e+00
    endloop
  endfacet
  facet normal 3.826834e-01 0.000000e+00 9.238795e-01
    outer loop
      vertex   -1.941411e+01 7.000000e+00 4.454519e+00
      vertex   -1.980000e+01 3.000000e+00 4.614359e+00
      vertex   -1.941411e+01 3.000000e+00 4.454519e+00
    endloop
  endfacet
  facet normal 1.305262e-01 0.000000e+00 9.914449e-01
    outer loop
      vertex   -1.941411e+01 7.000000e+00 4.454519e+00
      vertex   -1.941411e+01 3.000000e+00 4.454519e+00
      vertex   -1.900000e+01 7.000000e+00 4.400000e+00
    endloop
  endfacet
  facet normal 1.305262e-01 0.000000e+00 9.914449e-01
    outer loop
      vertex   -1.900000e+01 7.000000e+00 4.400000e+00
      vertex   -1.941411e+01 3.000000e+00 4.454519e+00
      vertex   -1.900000e+01 3.000000e+00 4.400000e+00
    endloop
  endfacet
  facet normal -1.305262e-01 0.000000e+00 9.914449e-01
    outer loop
      vertex   -1.900000e+01 7.000000e+00 4.400000e+00
      vertex   -1.900000e+01 3.000000e+00 4.400000e+00
      vertex   -1.858589e+01 7.000000e+00 4.454519e+00
    endloop
  endfacet
  facet normal -1.305262e-01 0.000000e+00 9.914449e-01
    outer loop
      vertex   -1.858589e+01 7.000000e+00 4.454519e+00
      vertex   -1.900000e+01 3.000000e+00 4.400000e+00
      vertex   -1.858589e+01 3.000000e+00 4.454519e+00
    endloop
  endfacet
  facet normal -3.826834e-01 0.000000e+00 9.238795e-01
    outer loop
      vertex   -1.858589e+01 7.000000e+00 4.454519e+00
      vertex   -1.858589e+01 3.000000e+00 4.454519e+00
      vertex   -1.820000e+01 7.000000e+00 4.614359e+00
    endloop
  endfacet
  facet normal -3.826834e-01 -2.051425e-16 9.238795e-01
    outer loop
      vertex   -1.820000e+01 7.000000e+00 4.614359e+00
      vertex   -1.858589e+01 3.000000e+00 4.454519e+00
      vertex   -1.820000e+01 3.000000e+00 4.614359e+00
    endloop
  endfacet
  facet normal -6.087614e-01 -1.761598e-16 7.933533e-01
    outer loop
      vertex   -1.820000e+01 7.000000e+00 4.614359e+00
      vertex   -1.820000e+01 3.000000e+00 4.614359e+00
      vertex   -1.786863e+01 7.000000e+00 4.868629e+00
    endloop
  endfacet
  facet normal -6.087614e-01 0.000000e+00 7.933533e-01
    outer loop
      vertex   -1.786863e+01 7.000000e+00 4.868629e+00
      vertex   -1.820000e+01 3.000000e+00 4.614359e+00
      vertex   -1.786863e+01 3.000000e+00 4.868629e+00
    endloop
  endfacet
  facet normal -7.933533e-01 0.000000e+00 6.087614e-01
    outer loop
      vertex   -1.786863e+01 7.000000e+00 4.868629e+00
      vertex   -1.786863e+01 3.000000e+00 4.868629e+00
      vertex   -1.761436e+01 7.000000e+00 5.200000e+00
    endloop
  endfacet
  facet normal -7.933533e-01 0.000000e+00 6.087614e-01
    outer loop
      vertex   -1.761436e+01 7.000000e+00 5.200000e+00
      vertex   -1.786863e+01 3.000000e+00 4.868629e+00
      vertex   -1.761436e+01 3.000000e+00 5.200000e+00
    endloop
  endfacet
  facet normal -9.238795e-01 0.000000e+00 3.826834e-01
    outer loop
      vertex   -1.761436e+01 7.000000e+00 5.200000e+00
      vertex   -1.761436e+01 3.000000e+00 5.200000e+00
      vertex   -1.745452e+01 7.000000e+00 5.585890e+00
    endloop
  endfacet
  facet normal -9.238795e-01 -8.497279e-17 3.826834e-01
    outer loop
      vertex   -1.745452e+01 7.000000e+00 5.585890e+00
      vertex   -1.761436e+01 3.000000e+00 5.200000e+00
      vertex   -1.745452e+01 3.000000e+00 5.585890e+00
    endloop
  endfacet
  facet normal 0.000000e+00 1.000000e+00 -0.000000e+00
    outer loop
      vertex   -1.745452e+01 3.000000e+00 5.585890e+00
      vertex   -2.054548e+01 3.000000e+00 5.585890e+00
      vertex   -1.740000e+01 3.000000e+00 6.000000e+00
    endloop
  endfacet
  facet normal 0.000000e+00 1.000000e+00 0.000000e+00
    outer loop
      vertex   -1.740000e+01 3.000000e+00 6.000000e+00
      vertex   -2.054548e+01 3.000000e+00 5.585890e+00
      vertex   -2.060000e+01 3.000000e+00 6.000000e+00
    endloop
  endfacet
  facet normal 0.000000e+00 1.000000e+00 0.000000e+00
    outer loop
      vertex   -1.740000e+01 3.000000e+00 6.000000e+00
      vertex   -2.060000e+01 3.000000e+00 6.000000e+00
      vertex   -1.745452e+01 3.000000e+00 6.414110e+00
    endloop
  endfacet
  facet normal 0.000000e+00 1.000000e+00 0.000000e+00
    outer loop
      vertex   -1.745452e+01 3.000000e+00 6.414110e+00
      vertex   -2.060000e+01 3.000000e+00 6.000000e+00
      vertex   -2.054548e+01 3.000000e+00 6.414110e+00
    endloop
  endfacet
  facet normal 0.000000e+00 1.000000e+00 0.000000e+00
    outer loop
      vertex   -1.745452e+01 3.000000e+00 6.414110e+00
      vertex   -2.054548e+01 3.000000e+00 6.414110e+00
      vertex   -1.761436e+01 3.000000e+00 6.800000e+00
    endloop
  endfacet
  facet normal 0.000000e+00 1.000000e+00 0.000000e+00
    outer loop
      vertex   -1.761436e+01 3.000000e+00 6.800000e+00
      vertex   -2.054548e+01 3.000000e+00 6.414110e+00
      vertex   -2.038564e+01 3.000000e+00 6.800000e+00
    endloop
  endfacet
  facet normal 0.000000e+00 1.000000e+00 0.000000e+00
    outer loop
      vertex   -1.761436e+01 3.000000e+00 6.800000e+00
      vertex   -2.038564e+01 3.000000e+00 6.800000e+00
      vertex   -1.786863e+01 3.000000e+00 7.131371e+00
    endloop
  endfacet
  facet normal 0.000000e+00 1.000000e+00 0.000000e+00
    outer loop
      vertex   -1.786863e+01 3.000000e+00 7.131371e+00
      vertex   -2.038564e+01 3.000000e+00 6.800000e+00
      vertex   -2.013137e+01 3.000000e+00 7.131371e+00
    endloop
  endfacet
  facet normal 0.000000e+00 1.000000e+00 0.000000e+00
    outer loop
      vertex   -1.786863e+01 3.000000e+00 7.131371e+00
      vertex   -2.013137e+01 3.000000e+00 7.131371e+00
      vertex   -1.820000e+01 3.000000e+00 7.385641e+00
    endloop
  endfacet
  facet normal 0.000000e+00 1.000000e+00 0.000000e+00
    outer loop
      vertex   -1.820000e+01 3.000000e+00 7.385641e+00
      vertex   -2.013137e+01 3.000000e+00 7.131371e+00
      vertex   -1.980000e+01 3.000000e+00 7.385641e+00
    endloop
  endfacet
  facet normal 0.000000e+00 1.000000e+00 0.000000e+00
    outer loop
      vertex   -1.820000e+01 3.000000e+00 7.385641e+00
      vertex   -1.980000e+01 3.000000e+00 7.385641e+00
      vertex   -1.858589e+01 3.000000e+00 7.545481e+00
    endloop
  endfacet
  facet normal 0.000000e+00 1.000000e+00 0.000000e+00
    outer loop
      vertex   -1.858589e+01 3.000000e+00 7.545481e+00
      vertex   -1.980000e+01 3.000000e+00 7.385641e+00
      vertex   -1.941411e+01 3.000000e+00 7.545481e+00
    endloop
  endfacet
  facet normal 0.000000e+00 1.000000e+00 0.000000e+00
    outer loop
      vertex   -1.858589e+01 3.000000e+00 7.545481e+00
      vertex   -1.941411e+01 3.000000e+00 7.545481e+00
      vertex   -1.900000e+01 3.000000e+00 7.600000e+00
    endloop
  endfacet
  facet normal 0.000000e+00 1.000000e+00 0.000000e+00
    outer loop
      vertex   -2.054548e+01 3.000000e+00 5.585890e+00
      vertex   -1.745452e+01 3.000000e+00 5.585890e+00
      vertex   -2.038564e+01 3.000000e+00 5.200000e+00
    endloop
  endfacet
  facet normal 0.000000e+00 1.000000e+00 0.000000e+00
    outer loop
      vertex   -2.038564e+01 3.000000e+00 5.200000e+00
      vertex   -1.745452e+01 3.000000e+00 5.585890e+00
      vertex   -1.761436e+01 3.000000e+00 5.200000e+00
    endloop
  endfacet
  facet normal -0.000000e+00 1.000000e+00 0.000000e+00
    outer loop
      vertex   -2.038564e+01 3.000000e+00 5.200000e+00
      vertex   -1.761436e+01 3.000000e+00 5.200000e+00
      vertex   -2.013137e+01 3.000000e+00 4.868629e+00
    endloop
  endfacet
  facet normal 0.000000e+00 1.000000e+00 0.000000e+00
    outer loop
      vertex   -2.013137e+01 3.000000e+00 4.868629e+00
      vertex   -1.761436e+01 3.000000e+00 5.200000e+00
      vertex   -1.786863e+01 3.000000e+00 4.868629e+00
    endloop
  endfacet
  facet normal -0.000000e+00 1.000000e+00 0.000000e+00
    outer loop
      vertex   -2.013137e+01 3.000000e+00 4.868629e+00
      vertex   -1.786863e+01 3.000000e+00 4.868629e+00
      vertex   -1.980000e+01 3.000000e+00 4.614359e+00
    endloop
  endfacet
  facet normal -0.000000e+00 1.000000e+00 0.000000e+00
    outer loop
      vertex   -1.980000e+01 3.000000e+00 4.614359e+00
      vertex   -1.786863e+01 3.000000e+00 4.868629e+00
      vertex   -1.820000e+01 3.000000e+00 4.614359e+00
    endloop
  endfacet
  facet normal 0.000000e+00 1.000000e+00 0.000000e+00
    outer loop
      vertex   -1.980000e+01 3.000000e+00 4.614359e+00
      vertex   -1.820000e+01 3.000000e+00 4.614359e+00
      vertex   -1.941411e+01 3.000000e+00 4.454519e+00
    endloop
  endfacet
  facet normal 0.000000e+00 1.000000e+00 0.000000e+00
    outer loop
      vertex   -1.941411e+01 3.000000e+00 4.454519e+00
      vertex   -1.820000e+01 3.000000e+00 4.614359e+00
      vertex   -1.858589e+01 3.000000e+00 4.454519e+00
    endloop
  endfacet
  facet normal -0.000000e+00 1.000000e+00 0.000000e+00
    outer loop
      vertex   -1.941411e+01 3.000000e+00 4.454519e+00
      vertex   -1.858589e+01 3.000000e+00 4.454519e+00
      vertex   -1.900000e+01 3.000000e+00 4.400000e+00
    endloop
  endfacet
  facet normal 2.180658e-09 -2.750984e-08 -1.000000e+00
    outer loop
      vertex   -1.300000e+01 1.200000e+01 -1.200000e+01
      vertex   -1.300000e+01 5.500000e+00 -1.200000e+01
      vertex   -9.500000e+01 1.200000e+01 -1.200000e+01
    endloop
  endfacet
  facet normal 4.361315e-09 0.000000e+00 -1.000000e+00
    outer loop
      vertex   -9.500000e+01 1.200000e+01 -1.200000e+01
      vertex   -1.300000e+01 5.500000e+00 -1.200000e+01
      vertex   -9.500000e+01 0.000000e+00 -1.200000e+01
    endloop
  endfacet
  facet normal 1.882252e-09 3.696058e-08 -1.000000e+00
    outer loop
      vertex   -9.500000e+01 0.000000e+00 -1.200000e+01
      vertex   -1.300000e+01 5.500000e+00 -1.200000e+01
      vertex   -2.329182e-15 0.000000e+00 -1.200000e+01
    endloop
  endfacet
  facet normal 0.000000e+00 3.251162e-08 -1.000000e+00
    outer loop
      vertex   -2.329182e-15 0.000000e+00 -1.200000e+01
      vertex   -1.300000e+01 5.500000e+00 -1.200000e+01
      vertex   0.000000e+00 5.500000e+00 -1.200000e+01
    endloop
  endfacet
  facet normal 6.540313e-02 3.244201e-08 -9.978589e-01
    outer loop
      vertex   -2.329182e-15 0.000000e+00 -1.200000e+01
      vertex   0.000000e+00 5.500000e+00 -1.200000e+01
      vertex   1.566314e+00 0.000000e+00 -1.189734e+01
    endloop
  endfacet
  facet normal 6.540302e-02 0.000000e+00 -9.978589e-01
    outer loop
      vertex   1.566314e+00 0.000000e+00 -1.189734e+01
      vertex   0.000000e+00 5.500000e+00 -1.200000e+01
      vertex   1.566314e+00 5.500000e+00 -1.189734e+01
    endloop
  endfacet
  facet normal 1.950903e-01 0.000000e+00 -9.807853e-01
    outer loop
      vertex   1.566314e+00 0.000000e+00 -1.189734e+01
      vertex   1.566314e+00 5.500000e+00 -1.189734e+01
      vertex   3.105829e+00 0.000000e+00 -1.159111e+01
    endloop
  endfacet
  facet normal 1.950903e-01 0.000000e+00 -9.807853e-01
    outer loop
      vertex   3.105829e+00 0.000000e+00 -1.159111e+01
      vertex   1.566314e+00 5.500000e+00 -1.189734e+01
      vertex   3.105829e+00 5.500000e+00 -1.159111e+01
    endloop
  endfacet
  facet normal 3.214395e-01 0.000000e+00 -9.469301e-01
    outer loop
      vertex   3.105829e+00 0.000000e+00 -1.159111e+01
      vertex   3.105829e+00 5.500000e+00 -1.159111e+01
      vertex   4.592201e+00 0.000000e+00 -1.108655e+01
    endloop
  endfacet
  facet normal 3.214395e-01 -1.557249e-16 -9.469301e-01
    outer loop
      vertex   4.592201e+00 0.000000e+00 -1.108655e+01
      vertex   3.105829e+00 5.500000e+00 -1.159111e+01
      vertex   4.592201e+00 5.500000e+00 -1.108655e+01
    endloop
  endfacet
  facet normal 4.422887e-01 -2.142716e-16 -8.968727e-01
    outer loop
      vertex   4.592201e+00 0.000000e+00 -1.108655e+01
      vertex   4.592201e+00 5.500000e+00 -1.108655e+01
      vertex   6.000000e+00 0.000000e+00 -1.039230e+01
    endloop
  endfacet
  facet normal 4.422887e-01 1.428477e-16 -8.968727e-01
    outer loop
      vertex   6.000000e+00 0.000000e+00 -1.039230e+01
      vertex   4.592201e+00 5.500000e+00 -1.108655e+01
      vertex   6.000000e+00 5.500000e+00 -1.039230e+01
    endloop
  endfacet
  facet normal 5.555702e-01 1.794347e-16 -8.314696e-01
    outer loop
      vertex   6.000000e+00 0.000000e+00 -1.039230e+01
      vertex   6.000000e+00 5.500000e+00 -1.039230e+01
      vertex   7.305137e+00 0.000000e+00 -9.520240e+00
    endloop
  endfacet
  facet normal 5.555702e-01 0.000000e+00 -8.314696e-01
    outer loop
      vertex   7.305137e+00 0.000000e+00 -9.520240e+00
      vertex   6.000000e+00 5.500000e+00 -1.039230e+01
      vertex   7.305137e+00 5.500000e+00 -9.520240e+00
    endloop
  endfacet
  facet normal 6.593458e-01 0.000000e+00 -7.518398e-01
    outer loop
      vertex   7.305137e+00 0.000000e+00 -9.520240e+00
      vertex   7.305137e+00 5.500000e+00 -9.520240e+00
      vertex   8.485281e+00 0.000000e+00 -8.485281e+00
    endloop
  endfacet
  facet normal 6.593458e-01 -1.830784e-16 -7.518398e-01
    outer loop
      vertex   8.485281e+00 0.000000e+00 -8.485281e+00
      vertex   7.305137e+00 5.500000e+00 -9.520240e+00
      vertex   8.485281e+00 5.500000e+00 -8.485281e+00
    endloop
  endfacet
  facet normal 7.518398e-01 -2.726978e-16 -6.593458e-01
    outer loop
      vertex   8.485281e+00 0.000000e+00 -8.485281e+00
      vertex   8.485281e+00 5.500000e+00 -8.485281e+00
      vertex   9.520240e+00 0.000000e+00 -7.305137e+00
    endloop
  endfacet
  facet normal 7.518398e-01 1.363489e-16 -6.593458e-01
    outer loop
      vertex   9.520240e+00 0.000000e+00 -7.305137e+00
      vertex   8.485281e+00 5.500000e+00 -8.485281e+00
      vertex   9.520240e+00 5.500000e+00 -7.305137e+00
    endloop
  endfacet
  facet normal 8.314696e-01 1.788257e-16 -5.555702e-01
    outer loop
      vertex   9.520240e+00 0.000000e+00 -7.305137e+00
      vertex   9.520240e+00 5.500000e+00 -7.305137e+00
      vertex   1.039230e+01 0.000000e+00 -6.000000e+00
    endloop
  endfacet
  facet normal 8.314696e-01 0.000000e+00 -5.555702e-01
    outer loop
      vertex   1.039230e+01 0.000000e+00 -6.000000e+00
      vertex   9.520240e+00 5.500000e+00 -7.305137e+00
      vertex   1.039230e+01 5.500000e+00 -6.000000e+00
    endloop
  endfacet
  facet normal 8.968727e-01 0.000000e+00 -4.422887e-01
    outer loop
      vertex   1.039230e+01 0.000000e+00 -6.000000e+00
      vertex   1.039230e+01 5.500000e+00 -6.000000e+00
      vertex   1.108655e+01 0.000000e+00 -4.592201e+00
    endloop
  endfacet
  facet normal 8.968727e-01 0.000000e+00 -4.422887e-01
    outer loop
      vertex   1.108655e+01 0.000000e+00 -4.592201e+00
      vertex   1.039230e+01 5.500000e+00 -6.000000e+00
      vertex   1.108655e+01 5.500000e+00 -4.592201e+00
    endloop
  endfacet
  facet normal 9.469301e-01 0.000000e+00 -3.214395e-01
    outer loop
      vertex   1.108655e+01 0.000000e+00 -4.592201e+00
      vertex   1.108655e+01 5.500000e+00 -4.592201e+00
      vertex   1.159111e+01 0.000000e+00 -3.105829e+00
    endloop
  endfacet
  facet normal 9.469301e-01 0.000000e+00 -3.214395e-01
    outer loop
      vertex   1.159111e+01 0.000000e+00 -3.105829e+00
      vertex   1.108655e+01 5.500000e+00 -4.592201e+00
      vertex   1.159111e+01 5.500000e+00 -3.105829e+00
    endloop
  endfacet
  facet normal 9.807853e-01 0.000000e+00 -1.950903e-01
    outer loop
      vertex   1.159111e+01 0.000000e+00 -3.105829e+00
      vertex   1.159111e+01 5.500000e+00 -3.105829e+00
      vertex   1.189734e+01 0.000000e+00 -1.566314e+00
    endloop
  endfacet
  facet normal 9.807853e-01 0.000000e+00 -1.950903e-01
    outer loop
      vertex   1.189734e+01 0.000000e+00 -1.566314e+00
      vertex   1.159111e+01 5.500000e+00 -3.105829e+00
      vertex   1.189734e+01 5.500000e+00 -1.566314e+00
    endloop
  endfacet
  facet normal 9.978589e-01 0.000000e+00 -6.540313e-02
    outer loop
      vertex   1.189734e+01 0.000000e+00 -1.566314e+00
      vertex   1.189734e+01 5.500000e+00 -1.566314e+00
      vertex   1.200000e+01 0.000000e+00 -2.664535e-15
    endloop
  endfacet
  facet normal 9.978589e-01 3.168526e-17 -6.540313e-02
    outer loop
      vertex   1.200000e+01 0.000000e+00 -2.664535e-15
      vertex   1.189734e+01 5.500000e+00 -1.566314e+00
      vertex   1.200000e+01 5.500000e+00 0.000000e+00
    endloop
  endfacet
  facet normal 9.978589e-01 -3.168526e-17 6.540313e-02
    outer loop
      vertex   1.200000e+01 0.000000e+00 -2.664535e-15
      vertex   1.200000e+01 5.500000e+00 0.000000e+00
      vertex   1.189734e+01 0.000000e+00 1.566314e+00
    endloop
  endfacet
  facet normal 9.978589e-01 -0.000000e+00 6.540313e-02
    outer loop
      vertex   1.189734e+01 0.000000e+00 1.566314e+00
      vertex   1.200000e+01 5.500000e+00 0.000000e+00
      vertex   1.189734e+01 5.500000e+00 1.566314e+00
    endloop
  endfacet
  facet normal 9.807853e-01 -0.000000e+00 1.950903e-01
    outer loop
      vertex   1.189734e+01 0.000000e+00 1.566314e+00
      vertex   1.189734e+01 5.500000e+00 1.566314e+00
      vertex   1.159111e+01 0.000000e+00 3.105829e+00
    endloop
  endfacet
  facet normal 9.807853e-01 -0.000000e+00 1.950903e-01
    outer loop
      vertex   1.159111e+01 0.000000e+00 3.105829e+00
      vertex   1.189734e+01 5.500000e+00 1.566314e+00
      vertex   1.159111e+01 5.500000e+00 3.105829e+00
    endloop
  endfacet
  facet normal 9.469301e-01 -0.000000e+00 3.214395e-01
    outer loop
      vertex   1.159111e+01 0.000000e+00 3.105829e+00
      vertex   1.159111e+01 5.500000e+00 3.105829e+00
      vertex   1.108655e+01 0.000000e+00 4.592201e+00
    endloop
  endfacet
  facet normal 9.469301e-01 -0.000000e+00 3.214395e-01
    outer loop
      vertex   1.108655e+01 0.000000e+00 4.592201e+00
      vertex   1.159111e+01 5.500000e+00 3.105829e+00
      vertex   1.108655e+01 5.500000e+00 4.592201e+00
    endloop
  endfacet
  facet normal 8.968727e-01 -0.000000e+00 4.422887e-01
    outer loop
      vertex   1.108655e+01 0.000000e+00 4.592201e+00
      vertex   1.108655e+01 5.500000e+00 4.592201e+00
      vertex   1.039230e+01 0.000000e+00 6.000000e+00
    endloop
  endfacet
  facet normal 8.968727e-01 -0.000000e+00 4.422887e-01
    outer loop
      vertex   1.039230e+01 0.000000e+00 6.000000e+00
      vertex   1.108655e+01 5.500000e+00 4.592201e+00
      vertex   1.039230e+01 5.500000e+00 6.000000e+00
    endloop
  endfacet
  facet normal 8.314696e-01 -0.000000e+00 5.555702e-01
    outer loop
      vertex   1.039230e+01 0.000000e+00 6.000000e+00
      vertex   1.039230e+01 5.500000e+00 6.000000e+00
      vertex   9.520240e+00 0.000000e+00 7.305137e+00
    endloop
  endfacet
  facet normal 8.314696e-01 -2.685430e-16 5.555702e-01
    outer loop
      vertex   9.520240e+00 0.000000e+00 7.305137e+00
      vertex   1.039230e+01 5.500000e+00 6.000000e+00
      vertex   9.520240e+00 5.500000e+00 7.305137e+00
    endloop
  endfacet
  facet normal 7.518398e-01 -2.428247e-16 6.593458e-01
    outer loop
      vertex   9.520240e+00 0.000000e+00 7.305137e+00
      vertex   9.520240e+00 5.500000e+00 7.305137e+00
      vertex   8.485281e+00 0.000000e+00 8.485281e+00
    endloop
  endfacet
  facet normal 7.518398e-01 -2.129515e-16 6.593458e-01
    outer loop
      vertex   8.485281e+00 0.000000e+00 8.485281e+00
      vertex   9.520240e+00 5.500000e+00 7.305137e+00
      vertex   8.485281e+00 5.500000e+00 8.485281e+00
    endloop
  endfacet
  facet normal 6.593458e-01 -2.428247e-16 7.518398e-01
    outer loop
      vertex   8.485281e+00 0.000000e+00 8.485281e+00
      vertex   8.485281e+00 5.500000e+00 8.485281e+00
      vertex   7.305137e+00 0.000000e+00 9.520240e+00
    endloop
  endfacet
  facet normal 6.593458e-01 -0.000000e+00 7.518398e-01
    outer loop
      vertex   7.305137e+00 0.000000e+00 9.520240e+00
      vertex   8.485281e+00 5.500000e+00 8.485281e+00
      vertex   7.305137e+00 5.500000e+00 9.520240e+00
    endloop
  endfacet
  facet normal 5.555702e-01 -0.000000e+00 8.314696e-01
    outer loop
      vertex   7.305137e+00 0.000000e+00 9.520240e+00
      vertex   7.305137e+00 5.500000e+00 9.520240e+00
      vertex   6.000000e+00 0.000000e+00 1.039230e+01
    endloop
  endfacet
  facet normal 5.555702e-01 -0.000000e+00 8.314696e-01
    outer loop
      vertex   6.000000e+00 0.000000e+00 1.039230e+01
      vertex   7.305137e+00 5.500000e+00 9.520240e+00
      vertex   6.000000e+00 5.500000e+00 1.039230e+01
    endloop
  endfacet
  facet normal 4.422887e-01 -0.000000e+00 8.968727e-01
    outer loop
      vertex   6.000000e+00 0.000000e+00 1.039230e+01
      vertex   6.000000e+00 5.500000e+00 1.039230e+01
      vertex   4.592201e+00 0.000000e+00 1.108655e+01
    endloop
  endfacet
  facet normal 4.422887e-01 -1.468188e-16 8.968727e-01
    outer loop
      vertex   4.592201e+00 0.000000e+00 1.108655e+01
      vertex   6.000000e+00 5.500000e+00 1.039230e+01
      vertex   4.592201e+00 5.500000e+00 1.108655e+01
    endloop
  endfacet
  facet normal 3.214395e-01 -2.020172e-16 9.469301e-01
    outer loop
      vertex   4.592201e+00 0.000000e+00 1.108655e+01
      vertex   4.592201e+00 5.500000e+00 1.108655e+01
      vertex   3.105829e+00 0.000000e+00 1.159111e+01
    endloop
  endfacet
  facet normal 3.214395e-01 -0.000000e+00 9.469301e-01
    outer loop
      vertex   3.105829e+00 0.000000e+00 1.159111e+01
      vertex   4.592201e+00 5.500000e+00 1.108655e+01
      vertex   3.105829e+00 5.500000e+00 1.159111e+01
    endloop
  endfacet
  facet normal 1.950903e-01 -0.000000e+00 9.807853e-01
    outer loop
      vertex   3.105829e+00 0.000000e+00 1.159111e+01
      vertex   3.105829e+00 5.500000e+00 1.159111e+01
      vertex   1.566314e+00 0.000000e+00 1.189734e+01
    endloop
  endfacet
  facet normal 1.950903e-01 -0.000000e+00 9.807853e-01
    outer loop
      vertex   1.566314e+00 0.000000e+00 1.189734e+01
      vertex   3.105829e+00 5.500000e+00 1.159111e+01
      vertex   1.566314e+00 5.500000e+00 1.189734e+01
    endloop
  endfacet
  facet normal 6.540313e-02 -0.000000e+00 9.978589e-01
    outer loop
      vertex   1.566314e+00 0.000000e+00 1.189734e+01
      vertex   1.566314e+00 5.500000e+00 1.189734e+01
      vertex   2.099015e-15 0.000000e+00 1.200000e+01
    endloop
  endfacet
  facet normal 6.540324e-02 -3.244201e-08 9.978589e-01
    outer loop
      vertex   2.099015e-15 0.000000e+00 1.200000e+01
      vertex   1.566314e+00 5.500000e+00 1.189734e+01
      vertex   0.000000e+00 5.500000e+00 1.200000e+01
    endloop
  endfacet
  facet normal -9.914449e-01 2.039799e-16 1.305262e-01
    outer loop
      vertex   -5.454519e+00 4.500000e+00 -4.141105e-01
      vertex   -5.454519e+00 1.000000e+00 -4.141105e-01
      vertex   -5.400000e+00 4.500000e+00 -1.750256e-15
    endloop
  endfacet
  facet normal -9.914449e-01 -1.753490e-17 1.305262e-01
    outer loop
      vertex   -5.400000e+00 4.500000e+00 -1.750256e-15
      vertex   -5.454519e+00 1.000000e+00 -4.141105e-01
      vertex   -5.400000e+00 1.000000e+00 -2.220446e-15
    endloop
  endfacet
  facet normal -9.914449e-01 1.753490e-17 -1.305262e-01
    outer loop
      vertex   -5.400000e+00 4.500000e+00 -1.750256e-15
      vertex   -5.400000e+00 1.000000e+00 -2.220446e-15
      vertex   -5.454519e+00 4.500000e+00 4.141105e-01
    endloop
  endfacet
  facet normal -9.914449e-01 5.382490e-17 -1.305262e-01
    outer loop
      vertex   -5.454519e+00 4.500000e+00 4.141105e-01
      vertex   -5.400000e+00 1.000000e+00 -2.220446e-15
      vertex   -5.454519e+00 1.000000e+00 4.141105e-01
    endloop
  endfacet
  facet normal -9.238795e-01 1.578066e-16 -3.826834e-01
    outer loop
      vertex   -5.454519e+00 4.500000e+00 4.141105e-01
      vertex   -5.454519e+00 1.000000e+00 4.141105e-01
      vertex   -5.614359e+00 4.500000e+00 8.000000e-01
    endloop
  endfacet
  facet normal -9.238795e-01 -1.009199e-16 -3.826834e-01
    outer loop
      vertex   -5.614359e+00 4.500000e+00 8.000000e-01
      vertex   -5.454519e+00 1.000000e+00 4.141105e-01
      vertex   -5.614359e+00 1.000000e+00 8.000000e-01
    endloop
  endfacet
  facet normal -7.933533e-01 1.108792e-17 -6.087614e-01
    outer loop
      vertex   -5.614359e+00 4.500000e+00 8.000000e-01
      vertex   -5.614359e+00 1.000000e+00 8.000000e-01
      vertex   -5.868629e+00 4.500000e+00 1.131371e+00
    endloop
  endfacet
  facet normal -7.933533e-01 7.724125e-17 -6.087614e-01
    outer loop
      vertex   -5.868629e+00 4.500000e+00 1.131371e+00
      vertex   -5.614359e+00 1.000000e+00 8.000000e-01
      vertex   -5.868629e+00 1.000000e+00 1.131371e+00
    endloop
  endfacet
  facet normal -6.087614e-01 1.006628e-16 -7.933533e-01
    outer loop
      vertex   -5.868629e+00 4.500000e+00 1.131371e+00
      vertex   -5.868629e+00 1.000000e+00 1.131371e+00
      vertex   -6.200000e+00 4.500000e+00 1.385641e+00
    endloop
  endfacet
  facet normal -6.087614e-01 -5.381974e-17 -7.933533e-01
    outer loop
      vertex   -6.200000e+00 4.500000e+00 1.385641e+00
      vertex   -5.868629e+00 1.000000e+00 1.131371e+00
      vertex   -6.200000e+00 1.000000e+00 1.385641e+00
    endloop
  endfacet
  facet normal -3.826834e-01 2.011250e-17 -9.238795e-01
    outer loop
      vertex   -6.200000e+00 4.500000e+00 1.385641e+00
      vertex   -6.200000e+00 1.000000e+00 1.385641e+00
      vertex   -6.585890e+00 4.500000e+00 1.545481e+00
    endloop
  endfacet
  facet normal -3.826834e-01 -3.849963e-17 -9.238795e-01
    outer loop
      vertex   -6.585890e+00 4.500000e+00 1.545481e+00
      vertex   -6.200000e+00 1.000000e+00 1.385641e+00
      vertex   -6.585890e+00 1.000000e+00 1.545481e+00
    endloop
  endfacet
  facet normal -1.305262e-01 2.977555e-17 -9.914449e-01
    outer loop
      vertex   -6.585890e+00 4.500000e+00 1.545481e+00
      vertex   -6.585890e+00 1.000000e+00 1.545481e+00
      vertex   -7.000000e+00 4.500000e+00 1.600000e+00
    endloop
  endfacet
  facet normal -1.305262e-01 -3.312301e-17 -9.914449e-01
    outer loop
      vertex   -7.000000e+00 4.500000e+00 1.600000e+00
      vertex   -6.585890e+00 1.000000e+00 1.545481e+00
      vertex   -7.000000e+00 1.000000e+00 1.600000e+00
    endloop
  endfacet
  facet normal 1.305262e-01 3.312301e-17 -9.914449e-01
    outer loop
      vertex   -7.000000e+00 4.500000e+00 1.600000e+00
      vertex   -7.000000e+00 1.000000e+00 1.600000e+00
      vertex   -7.414110e+00 4.500000e+00 1.545481e+00
    endloop
  endfacet
  facet normal 1.305262e-01 3.347460e-18 -9.914449e-01
    outer loop
      vertex   -7.414110e+00 4.500000e+00 1.545481e+00
      vertex   -7.000000e+00 1.000000e+00 1.600000e+00
      vertex   -7.414110e+00 1.000000e+00 1.545481e+00
    endloop
  endfacet
  facet normal 3.826834e-01 1.356114e-16 -9.238795e-01
    outer loop
      vertex   -7.414110e+00 4.500000e+00 1.545481e+00
      vertex   -7.414110e+00 1.000000e+00 1.545481e+00
      vertex   -7.800000e+00 4.500000e+00 1.385641e+00
    endloop
  endfacet
  facet normal 3.826834e-01 -1.373368e-16 -9.238795e-01
    outer loop
      vertex   -7.800000e+00 4.500000e+00 1.385641e+00
      vertex   -7.414110e+00 1.000000e+00 1.545481e+00
      vertex   -7.800000e+00 1.000000e+00 1.385641e+00
    endloop
  endfacet
  facet normal 6.087614e-01 -4.684301e-17 -7.933533e-01
    outer loop
      vertex   -7.800000e+00 4.500000e+00 1.385641e+00
      vertex   -7.800000e+00 1.000000e+00 1.385641e+00
      vertex   -8.131371e+00 4.500000e+00 1.131371e+00
    endloop
  endfacet
  facet normal 6.087614e-01 1.076395e-16 -7.933533e-01
    outer loop
      vertex   -8.131371e+00 4.500000e+00 1.131371e+00
      vertex   -7.800000e+00 1.000000e+00 1.385641e+00
      vertex   -8.131371e+00 1.000000e+00 1.131371e+00
    endloop
  endfacet
  facet normal 7.933533e-01 2.481685e-16 -6.087614e-01
    outer loop
      vertex   -8.131371e+00 4.500000e+00 1.131371e+00
      vertex   -8.131371e+00 1.000000e+00 1.131371e+00
      vertex   -8.385641e+00 4.500000e+00 8.000000e-01
    endloop
  endfacet
  facet normal 7.933533e-01 -2.317238e-16 -6.087614e-01
    outer loop
      vertex   -8.385641e+00 4.500000e+00 8.000000e-01
      vertex   -8.131371e+00 1.000000e+00 1.131371e+00
      vertex   -8.385641e+00 1.000000e+00 8.000000e-01
    endloop
  endfacet
  facet normal 9.238795e-01 -1.456676e-16 -3.826834e-01
    outer loop
      vertex   -8.385641e+00 4.500000e+00 8.000000e-01
      vertex   -8.385641e+00 1.000000e+00 8.000000e-01
      vertex   -8.545481e+00 4.500000e+00 4.141105e-01
    endloop
  endfacet
  facet normal 9.238795e-01 -1.517371e-16 -3.826834e-01
    outer loop
      vertex   -8.545481e+00 4.500000e+00 4.141105e-01
      vertex   -8.385641e+00 1.000000e+00 8.000000e-01
      vertex   -8.545481e+00 1.000000e+00 4.141105e-01
    endloop
  endfacet
  facet normal 9.914449e-01 -5.175471e-17 -1.305262e-01
    outer loop
      vertex   -8.545481e+00 4.500000e+00 4.141105e-01
      vertex   -8.545481e+00 1.000000e+00 4.141105e-01
      vertex   -8.600000e+00 4.500000e+00 -1.554312e-15
    endloop
  endfacet
  facet normal 9.914449e-01 -2.649841e-17 -1.305262e-01
    outer loop
      vertex   -8.600000e+00 4.500000e+00 -1.554312e-15
      vertex   -8.545481e+00 1.000000e+00 4.141105e-01
      vertex   -8.600000e+00 1.000000e+00 -8.437695e-16
    endloop
  endfacet
  facet normal 9.914449e-01 2.649841e-17 1.305262e-01
    outer loop
      vertex   -8.600000e+00 4.500000e+00 -1.554312e-15
      vertex   -8.600000e+00 1.000000e+00 -8.437695e-16
      vertex   -8.545481e+00 4.500000e+00 -4.141105e-01
    endloop
  endfacet
  facet normal 9.914449e-01 5.175471e-17 1.305262e-01
    outer loop
      vertex   -8.545481e+00 4.500000e+00 -4.141105e-01
      vertex   -8.600000e+00 1.000000e+00 -8.437695e-16
      vertex   -8.545481e+00 1.000000e+00 -4.141105e-01
    endloop
  endfacet
  facet normal 9.238795e-01 1.517371e-16 3.826834e-01
    outer loop
      vertex   -8.545481e+00 4.500000e+00 -4.141105e-01
      vertex   -8.545481e+00 1.000000e+00 -4.141105e-01
      vertex   -8.385641e+00 4.500000e+00 -8.000000e-01
    endloop
  endfacet
  facet normal 9.238795e-01 1.335287e-16 3.826834e-01
    outer loop
      vertex   -8.385641e+00 4.500000e+00 -8.000000e-01
      vertex   -8.545481e+00 1.000000e+00 -4.141105e-01
      vertex   -8.385641e+00 1.000000e+00 -8.000000e-01
    endloop
  endfacet
  facet normal 7.933533e-01 2.124134e-16 6.087614e-01
    outer loop
      vertex   -8.385641e+00 4.500000e+00 -8.000000e-01
      vertex   -8.385641e+00 1.000000e+00 -8.000000e-01
      vertex   -8.131371e+00 4.500000e+00 -1.131371e+00
    endloop
  endfacet
  facet normal 7.933533e-01 1.931031e-16 6.087614e-01
    outer loop
      vertex   -8.131371e+00 4.500000e+00 -1.131371e+00
      vertex   -8.385641e+00 1.000000e+00 -8.000000e-01
      vertex   -8.131371e+00 1.000000e+00 -1.131371e+00
    endloop
  endfacet
  facet normal 6.087614e-01 2.516569e-16 7.933533e-01
    outer loop
      vertex   -8.131371e+00 4.500000e+00 -1.131371e+00
      vertex   -8.131371e+00 1.000000e+00 -1.131371e+00
      vertex   -7.800000e+00 4.500000e+00 -1.385641e+00
    endloop
  endfacet
  facet normal 6.087614e-01 -1.579709e-16 7.933533e-01
    outer loop
      vertex   -7.800000e+00 4.500000e+00 -1.385641e+00
      vertex   -8.131371e+00 1.000000e+00 -1.131371e+00
      vertex   -7.800000e+00 1.000000e+00 -1.385641e+00
    endloop
  endfacet
  facet normal 3.826834e-01 -1.838712e-17 9.238795e-01
    outer loop
      vertex   -7.800000e+00 4.500000e+00 -1.385641e+00
      vertex   -7.800000e+00 1.000000e+00 -1.385641e+00
      vertex   -7.414110e+00 4.500000e+00 -1.545481e+00
    endloop
  endfacet
  facet normal 3.826834e-01 -1.838712e-17 9.238795e-01
    outer loop
      vertex   -7.414110e+00 4.500000e+00 -1.545481e+00
      vertex   -7.800000e+00 1.000000e+00 -1.385641e+00
      vertex   -7.414110e+00 1.000000e+00 -1.545481e+00
    endloop
  endfacet
  facet normal 1.305262e-01 1.224497e-16 9.914449e-01
    outer loop
      vertex   -7.414110e+00 4.500000e+00 -1.545481e+00
      vertex   -7.414110e+00 1.000000e+00 -1.545481e+00
      vertex   -7.000000e+00 4.500000e+00 -1.600000e+00
    endloop
  endfacet
  facet normal 1.305262e-01 -3.312301e-17 9.914449e-01
    outer loop
      vertex   -7.000000e+00 4.500000e+00 -1.600000e+00
      vertex   -7.414110e+00 1.000000e+00 -1.545481e+00
      vertex   -7.000000e+00 1.000000e+00 -1.600000e+00
    endloop
  endfacet
  facet normal -1.305262e-01 3.312301e-17 9.914449e-01
    outer loop
      vertex   -7.000000e+00 4.500000e+00 -1.600000e+00
      vertex   -7.000000e+00 1.000000e+00 -1.600000e+00
      vertex   -6.585890e+00 4.500000e+00 -1.545481e+00
    endloop
  endfacet
  facet normal -1.305262e-01 -2.977555e-17 9.914449e-01
    outer loop
      vertex   -6.585890e+00 4.500000e+00 -1.545481e+00
      vertex   -7.000000e+00 1.000000e+00 -1.600000e+00
      vertex   -6.585890e+00 1.000000e+00 -1.545481e+00
    endloop
  endfacet
  facet normal -3.826834e-01 3.849963e-17 9.238795e-01
    outer loop
      vertex   -6.585890e+00 4.500000e+00 -1.545481e+00
      vertex   -6.585890e+00 1.000000e+00 -1.545481e+00
      vertex   -6.200000e+00 4.500000e+00 -1.385641e+00
    endloop
  endfacet
  facet normal -3.826834e-01 1.838712e-17 9.238795e-01
    outer loop
      vertex   -6.200000e+00 4.500000e+00 -1.385641e+00
      vertex   -6.585890e+00 1.000000e+00 -1.545481e+00
      vertex   -6.200000e+00 1.000000e+00 -1.385641e+00
    endloop
  endfacet
  facet normal -6.087614e-01 1.579709e-16 7.933533e-01
    outer loop
      vertex   -6.200000e+00 4.500000e+00 -1.385641e+00
      vertex   -6.200000e+00 1.000000e+00 -1.385641e+00
      vertex   -5.868629e+00 4.500000e+00 -1.131371e+00
    endloop
  endfacet
  facet normal -6.087614e-01 3.488365e-18 7.933533e-01
    outer loop
      vertex   -5.868629e+00 4.500000e+00 -1.131371e+00
      vertex   -6.200000e+00 1.000000e+00 -1.385641e+00
      vertex   -5.868629e+00 1.000000e+00 -1.131371e+00
    endloop
  endfacet
  facet normal -7.933533e-01 8.546364e-17 6.087614e-01
    outer loop
      vertex   -5.868629e+00 4.500000e+00 -1.131371e+00
      vertex   -5.868629e+00 1.000000e+00 -1.131371e+00
      vertex   -5.614359e+00 4.500000e+00 -8.000000e-01
    endloop
  endfacet
  facet normal -7.933533e-01 -2.317238e-16 6.087614e-01
    outer loop
      vertex   -5.614359e+00 4.500000e+00 -8.000000e-01
      vertex   -5.868629e+00 1.000000e+00 -1.131371e+00
      vertex   -5.614359e+00 1.000000e+00 -8.000000e-01
    endloop
  endfacet
  facet normal -9.238795e-01 -1.456676e-16 3.826834e-01
    outer loop
      vertex   -5.614359e+00 4.500000e+00 -8.000000e-01
      vertex   -5.614359e+00 1.000000e+00 -8.000000e-01
      vertex   -5.454519e+00 4.500000e+00 -4.141105e-01
    endloop
  endfacet
  facet normal -9.238795e-01 9.485037e-17 3.826834e-01
    outer loop
      vertex   -5.454519e+00 4.500000e+00 -4.141105e-01
      vertex   -5.614359e+00 1.000000e+00 -8.000000e-01
      vertex   -5.454519e+00 1.000000e+00 -4.141105e-01
    endloop
  endfacet
  facet normal -9.914449e-01 6.289857e-17 1.305262e-01
    outer loop
      vertex   1.545481e+00 4.500000e+00 -7.414110e+00
      vertex   1.545481e+00 1.000000e+00 -7.414110e+00
      vertex   1.600000e+00 4.500000e+00 -7.000000e+00
    endloop
  endfacet
  facet normal -9.914449e-01 0.000000e+00 1.305262e-01
    outer loop
      vertex   1.600000e+00 4.500000e+00 -7.000000e+00
      vertex   1.545481e+00 1.000000e+00 -7.414110e+00
      vertex   1.600000e+00 1.000000e+00 -7.000000e+00
    endloop
  endfacet
  facet normal -9.914449e-01 -0.000000e+00 -1.305262e-01
    outer loop
      vertex   1.600000e+00 4.500000e+00 -7.000000e+00
      vertex   1.600000e+00 1.000000e+00 -7.000000e+00
      vertex   1.545481e+00 4.500000e+00 -6.585890e+00
    endloop
  endfacet
  facet normal -9.914449e-01 -6.289857e-17 -1.305262e-01
    outer loop
      vertex   1.545481e+00 4.500000e+00 -6.585890e+00
      vertex   1.600000e+00 1.000000e+00 -7.000000e+00
      vertex   1.545481e+00 1.000000e+00 -6.585890e+00
    endloop
  endfacet
  facet normal -9.238795e-01 -5.861213e-17 -3.826834e-01
    outer loop
      vertex   1.545481e+00 4.500000e+00 -6.585890e+00
      vertex   1.545481e+00 1.000000e+00 -6.585890e+00
      vertex   1.385641e+00 4.500000e+00 -6.200000e+00
    endloop
  endfacet
  facet normal -9.238795e-01 -1.172243e-16 -3.826834e-01
    outer loop
      vertex   1.385641e+00 4.500000e+00 -6.200000e+00
      vertex   1.545481e+00 1.000000e+00 -6.585890e+00
      vertex   1.385641e+00 1.000000e+00 -6.200000e+00
    endloop
  endfacet
  facet normal -7.933533e-01 -1.006628e-16 -6.087614e-01
    outer loop
      vertex   1.385641e+00 4.500000e+00 -6.200000e+00
      vertex   1.385641e+00 1.000000e+00 -6.200000e+00
      vertex   1.131371e+00 4.500000e+00 -5.868629e+00
    endloop
  endfacet
  facet normal -7.933533e-01 -0.000000e+00 -6.087614e-01
    outer loop
      vertex   1.131371e+00 4.500000e+00 -5.868629e+00
      vertex   1.385641e+00 1.000000e+00 -6.200000e+00
      vertex   1.131371e+00 1.000000e+00 -5.868629e+00
    endloop
  endfacet
  facet normal -6.087614e-01 -0.000000e+00 -7.933533e-01
    outer loop
      vertex   1.131371e+00 4.500000e+00 -5.868629e+00
      vertex   1.131371e+00 1.000000e+00 -5.868629e+00
      vertex   8.000000e-01 4.500000e+00 -5.614359e+00
    endloop
  endfacet
  facet normal -6.087614e-01 -2.124134e-16 -7.933533e-01
    outer loop
      vertex   8.000000e-01 4.500000e+00 -5.614359e+00
      vertex   1.131371e+00 1.000000e+00 -5.868629e+00
      vertex   8.000000e-01 1.000000e+00 -5.614359e+00
    endloop
  endfacet
  facet normal -3.826834e-01 -1.335287e-16 -9.238795e-01
    outer loop
      vertex   8.000000e-01 4.500000e+00 -5.614359e+00
      vertex   8.000000e-01 1.000000e+00 -5.614359e+00
      vertex   4.141105e-01 4.500000e+00 -5.454519e+00
    endloop
  endfacet
  facet normal -3.826834e-01 -7.890331e-17 -9.238795e-01
    outer loop
      vertex   4.141105e-01 4.500000e+00 -5.454519e+00
      vertex   8.000000e-01 1.000000e+00 -5.614359e+00
      vertex   4.141105e-01 1.000000e+00 -5.454519e+00
    endloop
  endfacet
  facet normal -1.305262e-01 -2.691245e-17 -9.914449e-01
    outer loop
      vertex   4.141105e-01 4.500000e+00 -5.454519e+00
      vertex   4.141105e-01 1.000000e+00 -5.454519e+00
      vertex   -9.797174e-17 4.500000e+00 -5.400000e+00
    endloop
  endfacet
  facet normal -1.305262e-01 -0.000000e+00 -9.914449e-01
    outer loop
      vertex   -9.797174e-17 4.500000e+00 -5.400000e+00
      vertex   4.141105e-01 1.000000e+00 -5.454519e+00
      vertex   -9.797174e-17 1.000000e+00 -5.400000e+00
    endloop
  endfacet
  facet normal 1.305262e-01 0.000000e+00 -9.914449e-01
    outer loop
      vertex   -9.797174e-17 4.500000e+00 -5.400000e+00
      vertex   -9.797174e-17 1.000000e+00 -5.400000e+00
      vertex   -4.141105e-01 4.500000e+00 -5.454519e+00
    endloop
  endfacet
  facet normal 1.305262e-01 -4.617848e-16 -9.914449e-01
    outer loop
      vertex   -4.141105e-01 4.500000e+00 -5.454519e+00
      vertex   -9.797174e-17 1.000000e+00 -5.400000e+00
      vertex   -4.141105e-01 1.000000e+00 -5.454519e+00
    endloop
  endfacet
  facet normal 3.826834e-01 -3.475074e-16 -9.238795e-01
    outer loop
      vertex   -4.141105e-01 4.500000e+00 -5.454519e+00
      vertex   -4.141105e-01 1.000000e+00 -5.454519e+00
      vertex   -8.000000e-01 4.500000e+00 -5.614359e+00
    endloop
  endfacet
  facet normal 3.826834e-01 7.283382e-17 -9.238795e-01
    outer loop
      vertex   -8.000000e-01 4.500000e+00 -5.614359e+00
      vertex   -4.141105e-01 1.000000e+00 -5.454519e+00
      vertex   -8.000000e-01 1.000000e+00 -5.614359e+00
    endloop
  endfacet
  facet normal 6.087614e-01 1.158619e-16 -7.933533e-01
    outer loop
      vertex   -8.000000e-01 4.500000e+00 -5.614359e+00
      vertex   -8.000000e-01 1.000000e+00 -5.614359e+00
      vertex   -1.131371e+00 4.500000e+00 -5.868629e+00
    endloop
  endfacet
  facet normal 6.087614e-01 3.862063e-17 -7.933533e-01
    outer loop
      vertex   -1.131371e+00 4.500000e+00 -5.868629e+00
      vertex   -8.000000e-01 1.000000e+00 -5.614359e+00
      vertex   -1.131371e+00 1.000000e+00 -5.868629e+00
    endloop
  endfacet
  facet normal 7.933533e-01 5.033138e-17 -6.087614e-01
    outer loop
      vertex   -1.131371e+00 4.500000e+00 -5.868629e+00
      vertex   -1.131371e+00 1.000000e+00 -5.868629e+00
      vertex   -1.385641e+00 4.500000e+00 -6.200000e+00
    endloop
  endfacet
  facet normal 7.933533e-01 -5.381974e-17 -6.087614e-01
    outer loop
      vertex   -1.385641e+00 4.500000e+00 -6.200000e+00
      vertex   -1.131371e+00 1.000000e+00 -5.868629e+00
      vertex   -1.385641e+00 1.000000e+00 -6.200000e+00
    endloop
  endfacet
  facet normal 9.238795e-01 2.011250e-17 -3.826834e-01
    outer loop
      vertex   -1.385641e+00 4.500000e+00 -6.200000e+00
      vertex   -1.385641e+00 1.000000e+00 -6.200000e+00
      vertex   -1.545481e+00 4.500000e+00 -6.585890e+00
    endloop
  endfacet
  facet normal 9.238795e-01 5.861213e-17 -3.826834e-01
    outer loop
      vertex   -1.545481e+00 4.500000e+00 -6.585890e+00
      vertex   -1.385641e+00 1.000000e+00 -6.200000e+00
      vertex   -1.545481e+00 1.000000e+00 -6.585890e+00
    endloop
  endfacet
  facet normal 9.914449e-01 6.289857e-17 -1.305262e-01
    outer loop
      vertex   -1.545481e+00 4.500000e+00 -6.585890e+00
      vertex   -1.545481e+00 1.000000e+00 -6.585890e+00
      vertex   -1.600000e+00 4.500000e+00 -7.000000e+00
    endloop
  endfacet
  facet normal 9.914449e-01 0.000000e+00 -1.305262e-01
    outer loop
      vertex   -1.600000e+00 4.500000e+00 -7.000000e+00
      vertex   -1.545481e+00 1.000000e+00 -6.585890e+00
      vertex   -1.600000e+00 1.000000e+00 -7.000000e+00
    endloop
  endfacet
  facet normal 9.914449e-01 0.000000e+00 1.305262e-01
    outer loop
      vertex   -1.600000e+00 4.500000e+00 -7.000000e+00
      vertex   -1.600000e+00 1.000000e+00 -7.000000e+00
      vertex   -1.545481e+00 4.500000e+00 -7.414110e+00
    endloop
  endfacet
  facet normal 9.914449e-01 -6.289857e-17 1.305262e-01
    outer loop
      vertex   -1.545481e+00 4.500000e+00 -7.414110e+00
      vertex   -1.600000e+00 1.000000e+00 -7.000000e+00
      vertex   -1.545481e+00 1.000000e+00 -7.414110e+00
    endloop
  endfacet
  facet normal 9.238795e-01 -5.861213e-17 3.826834e-01
    outer loop
      vertex   -1.545481e+00 4.500000e+00 -7.414110e+00
      vertex   -1.545481e+00 1.000000e+00 -7.414110e+00
      vertex   -1.385641e+00 4.500000e+00 -7.800000e+00
    endloop
  endfacet
  facet normal 9.238795e-01 -2.011250e-17 3.826834e-01
    outer loop
      vertex   -1.385641e+00 4.500000e+00 -7.800000e+00
      vertex   -1.545481e+00 1.000000e+00 -7.414110e+00
      vertex   -1.385641e+00 1.000000e+00 -7.800000e+00
    endloop
  endfacet
  facet normal 7.933533e-01 5.381974e-17 6.087614e-01
    outer loop
      vertex   -1.385641e+00 4.500000e+00 -7.800000e+00
      vertex   -1.385641e+00 1.000000e+00 -7.800000e+00
      vertex   -1.131371e+00 4.500000e+00 -8.131371e+00
    endloop
  endfacet
  facet normal 7.933533e-01 -5.033138e-17 6.087614e-01
    outer loop
      vertex   -1.131371e+00 4.500000e+00 -8.131371e+00
      vertex   -1.385641e+00 1.000000e+00 -7.800000e+00
      vertex   -1.131371e+00 1.000000e+00 -8.131371e+00
    endloop
  endfacet
  facet normal 6.087614e-01 -3.862063e-17 7.933533e-01
    outer loop
      vertex   -1.131371e+00 4.500000e+00 -8.131371e+00
      vertex   -1.131371e+00 1.000000e+00 -8.131371e+00
      vertex   -8.000000e-01 4.500000e+00 -8.385641e+00
    endloop
  endfacet
  facet normal 6.087614e-01 -1.158619e-16 7.933533e-01
    outer loop
      vertex   -8.000000e-01 4.500000e+00 -8.385641e+00
      vertex   -1.131371e+00 1.000000e+00 -8.131371e+00
      vertex   -8.000000e-01 1.000000e+00 -8.385641e+00
    endloop
  endfacet
  facet normal 3.826834e-01 -7.283382e-17 9.238795e-01
    outer loop
      vertex   -8.000000e-01 4.500000e+00 -8.385641e+00
      vertex   -8.000000e-01 1.000000e+00 -8.385641e+00
      vertex   -4.141105e-01 4.500000e+00 -8.545481e+00
    endloop
  endfacet
  facet normal 3.826834e-01 -1.213897e-16 9.238795e-01
    outer loop
      vertex   -4.141105e-01 4.500000e+00 -8.545481e+00
      vertex   -8.000000e-01 1.000000e+00 -8.385641e+00
      vertex   -4.141105e-01 1.000000e+00 -8.545481e+00
    endloop
  endfacet
  facet normal 1.305262e-01 -4.140377e-17 9.914449e-01
    outer loop
      vertex   -4.141105e-01 4.500000e+00 -8.545481e+00
      vertex   -4.141105e-01 1.000000e+00 -8.545481e+00
      vertex   -9.797174e-17 4.500000e+00 -8.600000e+00
    endloop
  endfacet
  facet normal 1.305262e-01 0.000000e+00 9.914449e-01
    outer loop
      vertex   -9.797174e-17 4.500000e+00 -8.600000e+00
      vertex   -4.141105e-01 1.000000e+00 -8.545481e+00
      vertex   -9.797174e-17 1.000000e+00 -8.600000e+00
    endloop
  endfacet
  facet normal -1.305262e-01 0.000000e+00 9.914449e-01
    outer loop
      vertex   -9.797174e-17 4.500000e+00 -8.600000e+00
      vertex   -9.797174e-17 1.000000e+00 -8.600000e+00
      vertex   4.141105e-01 4.500000e+00 -8.545481e+00
    endloop
  endfacet
  facet normal -1.305262e-01 2.691245e-17 9.914449e-01
    outer loop
      vertex   4.141105e-01 4.500000e+00 -8.545481e+00
      vertex   -9.797174e-17 1.000000e+00 -8.600000e+00
      vertex   4.141105e-01 1.000000e+00 -8.545481e+00
    endloop
  endfacet
  facet normal -3.826834e-01 7.890331e-17 9.238795e-01
    outer loop
      vertex   4.141105e-01 4.500000e+00 -8.545481e+00
      vertex   4.141105e-01 1.000000e+00 -8.545481e+00
      vertex   8.000000e-01 4.500000e+00 -8.385641e+00
    endloop
  endfacet
  facet normal -3.826834e-01 1.335287e-16 9.238795e-01
    outer loop
      vertex   8.000000e-01 4.500000e+00 -8.385641e+00
      vertex   4.141105e-01 1.000000e+00 -8.545481e+00
      vertex   8.000000e-01 1.000000e+00 -8.385641e+00
    endloop
  endfacet
  facet normal -6.087614e-01 2.124134e-16 7.933533e-01
    outer loop
      vertex   8.000000e-01 4.500000e+00 -8.385641e+00
      vertex   8.000000e-01 1.000000e+00 -8.385641e+00
      vertex   1.131371e+00 4.500000e+00 -8.131371e+00
    endloop
  endfacet
  facet normal -6.087614e-01 0.000000e+00 7.933533e-01
    outer loop
      vertex   1.131371e+00 4.500000e+00 -8.131371e+00
      vertex   8.000000e-01 1.000000e+00 -8.385641e+00
      vertex   1.131371e+00 1.000000e+00 -8.131371e+00
    endloop
  endfacet
  facet normal -7.933533e-01 0.000000e+00 6.087614e-01
    outer loop
      vertex   1.131371e+00 4.500000e+00 -8.131371e+00
      vertex   1.131371e+00 1.000000e+00 -8.131371e+00
      vertex   1.385641e+00 4.500000e+00 -7.800000e+00
    endloop
  endfacet
  facet normal -7.933533e-01 1.006628e-16 6.087614e-01
    outer loop
      vertex   1.385641e+00 4.500000e+00 -7.800000e+00
      vertex   1.131371e+00 1.000000e+00 -8.131371e+00
      vertex   1.385641e+00 1.000000e+00 -7.800000e+00
    endloop
  endfacet
  facet normal -9.238795e-01 1.172243e-16 3.826834e-01
    outer loop
      vertex   1.385641e+00 4.500000e+00 -7.800000e+00
      vertex   1.385641e+00 1.000000e+00 -7.800000e+00
      vertex   1.545481e+00 4.500000e+00 -7.414110e+00
    endloop
  endfacet
  facet normal -9.238795e-01 5.861213e-17 3.826834e-01
    outer loop
      vertex   1.545481e+00 4.500000e+00 -7.414110e+00
      vertex   1.385641e+00 1.000000e+00 -7.800000e+00
      vertex   1.545481e+00 1.000000e+00 -7.414110e+00
    endloop
  endfacet
  facet normal -9.914449e-01 -2.691245e-17 1.305262e-01
    outer loop
      vertex   8.545481e+00 4.500000e+00 -4.141105e-01
      vertex   8.545481e+00 1.000000e+00 -4.141105e-01
      vertex   8.600000e+00 4.500000e+00 1.358369e-15
    endloop
  endfacet
  facet normal -9.914449e-01 -9.254147e-18 1.305262e-01
    outer loop
      vertex   8.600000e+00 4.500000e+00 1.358369e-15
      vertex   8.545481e+00 1.000000e+00 -4.141105e-01
      vertex   8.600000e+00 1.000000e+00 1.110223e-15
    endloop
  endfacet
  facet normal -9.914449e-01 9.254147e-18 -1.305262e-01
    outer loop
      vertex   8.600000e+00 4.500000e+00 1.358369e-15
      vertex   8.600000e+00 1.000000e+00 1.110223e-15
      vertex   8.545481e+00 4.500000e+00 4.141105e-01
    endloop
  endfacet
  facet normal -9.914449e-01 2.484226e-17 -1.305262e-01
    outer loop
      vertex   8.545481e+00 4.500000e+00 4.141105e-01
      vertex   8.600000e+00 1.000000e+00 1.110223e-15
      vertex   8.545481e+00 1.000000e+00 4.141105e-01
    endloop
  endfacet
  facet normal -9.238795e-01 7.283382e-17 -3.826834e-01
    outer loop
      vertex   8.545481e+00 4.500000e+00 4.141105e-01
      vertex   8.545481e+00 1.000000e+00 4.141105e-01
      vertex   8.385641e+00 4.500000e+00 8.000000e-01
    endloop
  endfacet
  facet normal -9.238795e-01 7.283382e-17 -3.826834e-01
    outer loop
      vertex   8.385641e+00 4.500000e+00 8.000000e-01
      vertex   8.545481e+00 1.000000e+00 4.141105e-01
      vertex   8.385641e+00 1.000000e+00 8.000000e-01
    endloop
  endfacet
  facet normal -7.933533e-01 1.158619e-16 -6.087614e-01
    outer loop
      vertex   8.385641e+00 4.500000e+00 8.000000e-01
      vertex   8.385641e+00 1.000000e+00 8.000000e-01
      vertex   8.131371e+00 4.500000e+00 1.131371e+00
    endloop
  endfacet
  facet normal -7.933533e-01 -0.000000e+00 -6.087614e-01
    outer loop
      vertex   8.131371e+00 4.500000e+00 1.131371e+00
      vertex   8.385641e+00 1.000000e+00 8.000000e-01
      vertex   8.131371e+00 1.000000e+00 1.131371e+00
    endloop
  endfacet
  facet normal -6.087614e-01 -0.000000e+00 -7.933533e-01
    outer loop
      vertex   8.131371e+00 4.500000e+00 1.131371e+00
      vertex   8.131371e+00 1.000000e+00 1.131371e+00
      vertex   7.800000e+00 4.500000e+00 1.385641e+00
    endloop
  endfacet
  facet normal -6.087614e-01 -5.381974e-17 -7.933533e-01
    outer loop
      vertex   7.800000e+00 4.500000e+00 1.385641e+00
      vertex   8.131371e+00 1.000000e+00 1.131371e+00
      vertex   7.800000e+00 1.000000e+00 1.385641e+00
    endloop
  endfacet
  facet normal -3.826834e-01 2.011250e-17 -9.238795e-01
    outer loop
      vertex   7.800000e+00 4.500000e+00 1.385641e+00
      vertex   7.800000e+00 1.000000e+00 1.385641e+00
      vertex   7.414110e+00 4.500000e+00 1.545481e+00
    endloop
  endfacet
  facet normal -3.826834e-01 -0.000000e+00 -9.238795e-01
    outer loop
      vertex   7.414110e+00 4.500000e+00 1.545481e+00
      vertex   7.800000e+00 1.000000e+00 1.385641e+00
      vertex   7.414110e+00 1.000000e+00 1.545481e+00
    endloop
  endfacet
  facet normal -1.305262e-01 -0.000000e+00 -9.914449e-01
    outer loop
      vertex   7.414110e+00 4.500000e+00 1.545481e+00
      vertex   7.414110e+00 1.000000e+00 1.545481e+00
      vertex   7.000000e+00 4.500000e+00 1.600000e+00
    endloop
  endfacet
  facet normal -1.305262e-01 -0.000000e+00 -9.914449e-01
    outer loop
      vertex   7.000000e+00 4.500000e+00 1.600000e+00
      vertex   7.414110e+00 1.000000e+00 1.545481e+00
      vertex   7.000000e+00 1.000000e+00 1.600000e+00
    endloop
  endfacet
  facet normal 1.305262e-01 0.000000e+00 -9.914449e-01
    outer loop
      vertex   7.000000e+00 4.500000e+00 1.600000e+00
      vertex   7.000000e+00 1.000000e+00 1.600000e+00
      vertex   6.585890e+00 4.500000e+00 1.545481e+00
    endloop
  endfacet
  facet normal 1.305262e-01 -9.267412e-17 -9.914449e-01
    outer loop
      vertex   6.585890e+00 4.500000e+00 1.545481e+00
      vertex   7.000000e+00 1.000000e+00 1.600000e+00
      vertex   6.585890e+00 1.000000e+00 1.545481e+00
    endloop
  endfacet
  facet normal 3.826834e-01 -2.011250e-17 -9.238795e-01
    outer loop
      vertex   6.585890e+00 4.500000e+00 1.545481e+00
      vertex   6.585890e+00 1.000000e+00 1.545481e+00
      vertex   6.200000e+00 4.500000e+00 1.385641e+00
    endloop
  endfacet
  facet normal 3.826834e-01 3.849963e-17 -9.238795e-01
    outer loop
      vertex   6.200000e+00 4.500000e+00 1.385641e+00
      vertex   6.585890e+00 1.000000e+00 1.545481e+00
      vertex   6.200000e+00 1.000000e+00 1.385641e+00
    endloop
  endfacet
  facet normal 6.087614e-01 1.041511e-16 -7.933533e-01
    outer loop
      vertex   6.200000e+00 4.500000e+00 1.385641e+00
      vertex   6.200000e+00 1.000000e+00 1.385641e+00
      vertex   5.868629e+00 4.500000e+00 1.131371e+00
    endloop
  endfacet
  facet normal 6.087614e-01 -1.006628e-16 -7.933533e-01
    outer loop
      vertex   5.868629e+00 4.500000e+00 1.131371e+00
      vertex   6.200000e+00 1.000000e+00 1.385641e+00
      vertex   5.868629e+00 1.000000e+00 1.131371e+00
    endloop
  endfacet
  facet normal 7.933533e-01 -7.724125e-17 -6.087614e-01
    outer loop
      vertex   5.868629e+00 4.500000e+00 1.131371e+00
      vertex   5.868629e+00 1.000000e+00 1.131371e+00
      vertex   5.614359e+00 4.500000e+00 8.000000e-01
    endloop
  endfacet
  facet normal 7.933533e-01 -1.158619e-16 -6.087614e-01
    outer loop
      vertex   5.614359e+00 4.500000e+00 8.000000e-01
      vertex   5.868629e+00 1.000000e+00 1.131371e+00
      vertex   5.614359e+00 1.000000e+00 8.000000e-01
    endloop
  endfacet
  facet normal 9.238795e-01 -7.283382e-17 -3.826834e-01
    outer loop
      vertex   5.614359e+00 4.500000e+00 8.000000e-01
      vertex   5.614359e+00 1.000000e+00 8.000000e-01
      vertex   5.454519e+00 4.500000e+00 4.141105e-01
    endloop
  endfacet
  facet normal 9.238795e-01 -7.890331e-17 -3.826834e-01
    outer loop
      vertex   5.454519e+00 4.500000e+00 4.141105e-01
      vertex   5.614359e+00 1.000000e+00 8.000000e-01
      vertex   5.454519e+00 1.000000e+00 4.141105e-01
    endloop
  endfacet
  facet normal 9.914449e-01 -2.691245e-17 -1.305262e-01
    outer loop
      vertex   5.454519e+00 4.500000e+00 4.141105e-01
      vertex   5.454519e+00 1.000000e+00 4.141105e-01
      vertex   5.400000e+00 4.500000e+00 1.554312e-15
    endloop
  endfacet
  facet normal 9.914449e-01 0.000000e+00 -1.305262e-01
    outer loop
      vertex   5.400000e+00 4.500000e+00 1.554312e-15
      vertex   5.454519e+00 1.000000e+00 4.141105e-01
      vertex   5.400000e+00 1.000000e+00 1.554312e-15
    endloop
  endfacet
  facet normal 9.914449e-01 0.000000e+00 1.305262e-01
    outer loop
      vertex   5.400000e+00 4.500000e+00 1.554312e-15
      vertex   5.400000e+00 1.000000e+00 1.554312e-15
      vertex   5.454519e+00 4.500000e+00 -4.141105e-01
    endloop
  endfacet
  facet normal 9.914449e-01 2.691245e-17 1.305262e-01
    outer loop
      vertex   5.454519e+00 4.500000e+00 -4.141105e-01
      vertex   5.400000e+00 1.000000e+00 1.554312e-15
      vertex   5.454519e+00 1.000000e+00 -4.141105e-01
    endloop
  endfacet
  facet normal 9.238795e-01 7.890331e-17 3.826834e-01
    outer loop
      vertex   5.454519e+00 4.500000e+00 -4.141105e-01
      vertex   5.454519e+00 1.000000e+00 -4.141105e-01
      vertex   5.614359e+00 4.500000e+00 -8.000000e-01
    endloop
  endfacet
  facet normal 9.238795e-01 7.283382e-17 3.826834e-01
    outer loop
      vertex   5.614359e+00 4.500000e+00 -8.000000e-01
      vertex   5.454519e+00 1.000000e+00 -4.141105e-01
      vertex   5.614359e+00 1.000000e+00 -8.000000e-01
    endloop
  endfacet
  facet normal 7.933533e-01 1.158619e-16 6.087614e-01
    outer loop
      vertex   5.614359e+00 4.500000e+00 -8.000000e-01
      vertex   5.614359e+00 1.000000e+00 -8.000000e-01
      vertex   5.868629e+00 4.500000e+00 -1.131371e+00
    endloop
  endfacet
  facet normal 7.933533e-01 7.724125e-17 6.087614e-01
    outer loop
      vertex   5.868629e+00 4.500000e+00 -1.131371e+00
      vertex   5.614359e+00 1.000000e+00 -8.000000e-01
      vertex   5.868629e+00 1.000000e+00 -1.131371e+00
    endloop
  endfacet
  facet normal 6.087614e-01 1.006628e-16 7.933533e-01
    outer loop
      vertex   5.868629e+00 4.500000e+00 -1.131371e+00
      vertex   5.868629e+00 1.000000e+00 -1.131371e+00
      vertex   6.200000e+00 4.500000e+00 -1.385641e+00
    endloop
  endfacet
  facet normal 6.087614e-01 -5.381974e-17 7.933533e-01
    outer loop
      vertex   6.200000e+00 4.500000e+00 -1.385641e+00
      vertex   5.868629e+00 1.000000e+00 -1.131371e+00
      vertex   6.200000e+00 1.000000e+00 -1.385641e+00
    endloop
  endfacet
  facet normal 3.826834e-01 2.011250e-17 9.238795e-01
    outer loop
      vertex   6.200000e+00 4.500000e+00 -1.385641e+00
      vertex   6.200000e+00 1.000000e+00 -1.385641e+00
      vertex   6.585890e+00 4.500000e+00 -1.545481e+00
    endloop
  endfacet
  facet normal 3.826834e-01 -3.849963e-17 9.238795e-01
    outer loop
      vertex   6.585890e+00 4.500000e+00 -1.545481e+00
      vertex   6.200000e+00 1.000000e+00 -1.385641e+00
      vertex   6.585890e+00 1.000000e+00 -1.545481e+00
    endloop
  endfacet
  facet normal 1.305262e-01 2.977555e-17 9.914449e-01
    outer loop
      vertex   6.585890e+00 4.500000e+00 -1.545481e+00
      vertex   6.585890e+00 1.000000e+00 -1.545481e+00
      vertex   7.000000e+00 4.500000e+00 -1.600000e+00
    endloop
  endfacet
  facet normal 1.305262e-01 0.000000e+00 9.914449e-01
    outer loop
      vertex   7.000000e+00 4.500000e+00 -1.600000e+00
      vertex   6.585890e+00 1.000000e+00 -1.545481e+00
      vertex   7.000000e+00 1.000000e+00 -1.600000e+00
    endloop
  endfacet
  facet normal -1.305262e-01 0.000000e+00 9.914449e-01
    outer loop
      vertex   7.000000e+00 4.500000e+00 -1.600000e+00
      vertex   7.000000e+00 1.000000e+00 -1.600000e+00
      vertex   7.414110e+00 4.500000e+00 -1.545481e+00
    endloop
  endfacet
  facet normal -1.305262e-01 0.000000e+00 9.914449e-01
    outer loop
      vertex   7.414110e+00 4.500000e+00 -1.545481e+00
      vertex   7.000000e+00 1.000000e+00 -1.600000e+00
      vertex   7.414110e+00 1.000000e+00 -1.545481e+00
    endloop
  endfacet
  facet normal -3.826834e-01 0.000000e+00 9.238795e-01
    outer loop
      vertex   7.414110e+00 4.500000e+00 -1.545481e+00
      vertex   7.414110e+00 1.000000e+00 -1.545481e+00
      vertex   7.800000e+00 4.500000e+00 -1.385641e+00
    endloop
  endfacet
  facet normal -3.826834e-01 -2.011250e-17 9.238795e-01
    outer loop
      vertex   7.800000e+00 4.500000e+00 -1.385641e+00
      vertex   7.414110e+00 1.000000e+00 -1.545481e+00
      vertex   7.800000e+00 1.000000e+00 -1.385641e+00
    endloop
  endfacet
  facet normal -6.087614e-01 5.381974e-17 7.933533e-01
    outer loop
      vertex   7.800000e+00 4.500000e+00 -1.385641e+00
      vertex   7.800000e+00 1.000000e+00 -1.385641e+00
      vertex   8.131371e+00 4.500000e+00 -1.131371e+00
    endloop
  endfacet
  facet normal -6.087614e-01 0.000000e+00 7.933533e-01
    outer loop
      vertex   8.131371e+00 4.500000e+00 -1.131371e+00
      vertex   7.800000e+00 1.000000e+00 -1.385641e+00
      vertex   8.131371e+00 1.000000e+00 -1.131371e+00
    endloop
  endfacet
  facet normal -7.933533e-01 0.000000e+00 6.087614e-01
    outer loop
      vertex   8.131371e+00 4.500000e+00 -1.131371e+00
      vertex   8.131371e+00 1.000000e+00 -1.131371e+00
      vertex   8.385641e+00 4.500000e+00 -8.000000e-01
    endloop
  endfacet
  facet normal -7.933533e-01 -1.158619e-16 6.087614e-01
    outer loop
      vertex   8.385641e+00 4.500000e+00 -8.000000e-01
      vertex   8.131371e+00 1.000000e+00 -1.131371e+00
      vertex   8.385641e+00 1.000000e+00 -8.000000e-01
    endloop
  endfacet
  facet normal -9.238795e-01 -7.283382e-17 3.826834e-01
    outer loop
      vertex   8.385641e+00 4.500000e+00 -8.000000e-01
      vertex   8.385641e+00 1.000000e+00 -8.000000e-01
      vertex   8.545481e+00 4.500000e+00 -4.141105e-01
    endloop
  endfacet
  facet normal -9.238795e-01 -7.890331e-17 3.826834e-01
    outer loop
      vertex   8.545481e+00 4.500000e+00 -4.141105e-01
      vertex   8.385641e+00 1.000000e+00 -8.000000e-01
      vertex   8.545481e+00 1.000000e+00 -4.141105e-01
    endloop
  endfacet
  facet normal -9.914449e-01 0.000000e+00 -1.305262e-01
    outer loop
      vertex   1.931852e+00 1.000000e+00 5.176381e-01
      vertex   1.931852e+00 5.500000e+00 5.176381e-01
      vertex   2.000000e+00 1.000000e+00 0.000000e+00
    endloop
  endfacet
  facet normal -9.914449e-01 7.104377e-18 -1.305262e-01
    outer loop
      vertex   2.000000e+00 1.000000e+00 0.000000e+00
      vertex   1.931852e+00 5.500000e+00 5.176381e-01
      vertex   2.000000e+00 5.500000e+00 2.449294e-16
    endloop
  endfacet
  facet normal -9.914449e-01 -7.104377e-18 1.305262e-01
    outer loop
      vertex   2.000000e+00 1.000000e+00 0.000000e+00
      vertex   2.000000e+00 5.500000e+00 2.449294e-16
      vertex   1.931852e+00 1.000000e+00 -5.176381e-01
    endloop
  endfacet
  facet normal -9.914449e-01 0.000000e+00 1.305262e-01
    outer loop
      vertex   1.931852e+00 1.000000e+00 -5.176381e-01
      vertex   2.000000e+00 5.500000e+00 2.449294e-16
      vertex   1.931852e+00 5.500000e+00 -5.176381e-01
    endloop
  endfacet
  facet normal -9.238795e-01 0.000000e+00 3.826834e-01
    outer loop
      vertex   1.931852e+00 1.000000e+00 -5.176381e-01
      vertex   1.931852e+00 5.500000e+00 -5.176381e-01
      vertex   1.732051e+00 1.000000e+00 -1.000000e+00
    endloop
  endfacet
  facet normal -9.238795e-01 0.000000e+00 3.826834e-01
    outer loop
      vertex   1.732051e+00 1.000000e+00 -1.000000e+00
      vertex   1.931852e+00 5.500000e+00 -5.176381e-01
      vertex   1.732051e+00 5.500000e+00 -1.000000e+00
    endloop
  endfacet
  facet normal -7.933533e-01 0.000000e+00 6.087614e-01
    outer loop
      vertex   1.732051e+00 1.000000e+00 -1.000000e+00
      vertex   1.732051e+00 5.500000e+00 -1.000000e+00
      vertex   1.414214e+00 1.000000e+00 -1.414214e+00
    endloop
  endfacet
  facet normal -7.933533e-01 0.000000e+00 6.087614e-01
    outer loop
      vertex   1.414214e+00 1.000000e+00 -1.414214e+00
      vertex   1.732051e+00 5.500000e+00 -1.000000e+00
      vertex   1.414214e+00 5.500000e+00 -1.414214e+00
    endloop
  endfacet
  facet normal -6.087614e-01 0.000000e+00 7.933533e-01
    outer loop
      vertex   1.414214e+00 1.000000e+00 -1.414214e+00
      vertex   1.414214e+00 5.500000e+00 -1.414214e+00
      vertex   1.000000e+00 1.000000e+00 -1.732051e+00
    endloop
  endfacet
  facet normal -6.087614e-01 0.000000e+00 7.933533e-01
    outer loop
      vertex   1.000000e+00 1.000000e+00 -1.732051e+00
      vertex   1.414214e+00 5.500000e+00 -1.414214e+00
      vertex   1.000000e+00 5.500000e+00 -1.732051e+00
    endloop
  endfacet
  facet normal -3.826834e-01 0.000000e+00 9.238795e-01
    outer loop
      vertex   1.000000e+00 1.000000e+00 -1.732051e+00
      vertex   1.000000e+00 5.500000e+00 -1.732051e+00
      vertex   5.176381e-01 1.000000e+00 -1.931852e+00
    endloop
  endfacet
  facet normal -3.826834e-01 0.000000e+00 9.238795e-01
    outer loop
      vertex   5.176381e-01 1.000000e+00 -1.931852e+00
      vertex   1.000000e+00 5.500000e+00 -1.732051e+00
      vertex   5.176381e-01 5.500000e+00 -1.931852e+00
    endloop
  endfacet
  facet normal -1.305262e-01 0.000000e+00 9.914449e-01
    outer loop
      vertex   5.176381e-01 1.000000e+00 -1.931852e+00
      vertex   5.176381e-01 5.500000e+00 -1.931852e+00
      vertex   -1.224647e-16 1.000000e+00 -2.000000e+00
    endloop
  endfacet
  facet normal -1.305262e-01 0.000000e+00 9.914449e-01
    outer loop
      vertex   -1.224647e-16 1.000000e+00 -2.000000e+00
      vertex   5.176381e-01 5.500000e+00 -1.931852e+00
      vertex   -1.224647e-16 5.500000e+00 -2.000000e+00
    endloop
  endfacet
  facet normal 1.305262e-01 -0.000000e+00 9.914449e-01
    outer loop
      vertex   -1.224647e-16 1.000000e+00 -2.000000e+00
      vertex   -1.224647e-16 5.500000e+00 -2.000000e+00
      vertex   -5.176381e-01 1.000000e+00 -1.931852e+00
    endloop
  endfacet
  facet normal 1.305262e-01 -0.000000e+00 9.914449e-01
    outer loop
      vertex   -5.176381e-01 1.000000e+00 -1.931852e+00
      vertex   -1.224647e-16 5.500000e+00 -2.000000e+00
      vertex   -5.176381e-01 5.500000e+00 -1.931852e+00
    endloop
  endfacet
  facet normal 3.826834e-01 -0.000000e+00 9.238795e-01
    outer loop
      vertex   -5.176381e-01 1.000000e+00 -1.931852e+00
      vertex   -5.176381e-01 5.500000e+00 -1.931852e+00
      vertex   -1.000000e+00 1.000000e+00 -1.732051e+00
    endloop
  endfacet
  facet normal 3.826834e-01 -0.000000e+00 9.238795e-01
    outer loop
      vertex   -1.000000e+00 1.000000e+00 -1.732051e+00
      vertex   -5.176381e-01 5.500000e+00 -1.931852e+00
      vertex   -1.000000e+00 5.500000e+00 -1.732051e+00
    endloop
  endfacet
  facet normal 6.087614e-01 -0.000000e+00 7.933533e-01
    outer loop
      vertex   -1.000000e+00 1.000000e+00 -1.732051e+00
      vertex   -1.000000e+00 5.500000e+00 -1.732051e+00
      vertex   -1.414214e+00 1.000000e+00 -1.414214e+00
    endloop
  endfacet
  facet normal 6.087614e-01 -0.000000e+00 7.933533e-01
    outer loop
      vertex   -1.414214e+00 1.000000e+00 -1.414214e+00
      vertex   -1.000000e+00 5.500000e+00 -1.732051e+00
      vertex   -1.414214e+00 5.500000e+00 -1.414214e+00
    endloop
  endfacet
  facet normal 7.933533e-01 -0.000000e+00 6.087614e-01
    outer loop
      vertex   -1.414214e+00 1.000000e+00 -1.414214e+00
      vertex   -1.414214e+00 5.500000e+00 -1.414214e+00
      vertex   -1.732051e+00 1.000000e+00 -1.000000e+00
    endloop
  endfacet
  facet normal 7.933533e-01 -0.000000e+00 6.087614e-01
    outer loop
      vertex   -1.732051e+00 1.000000e+00 -1.000000e+00
      vertex   -1.414214e+00 5.500000e+00 -1.414214e+00
      vertex   -1.732051e+00 5.500000e+00 -1.000000e+00
    endloop
  endfacet
  facet normal 9.238795e-01 -0.000000e+00 3.826834e-01
    outer loop
      vertex   -1.732051e+00 1.000000e+00 -1.000000e+00
      vertex   -1.732051e+00 5.500000e+00 -1.000000e+00
      vertex   -1.931852e+00 1.000000e+00 -5.176381e-01
    endloop
  endfacet
  facet normal 9.238795e-01 -0.000000e+00 3.826834e-01
    outer loop
      vertex   -1.931852e+00 1.000000e+00 -5.176381e-01
      vertex   -1.732051e+00 5.500000e+00 -1.000000e+00
      vertex   -1.931852e+00 5.500000e+00 -5.176381e-01
    endloop
  endfacet
  facet normal 9.914449e-01 -0.000000e+00 1.305262e-01
    outer loop
      vertex   -1.931852e+00 1.000000e+00 -5.176381e-01
      vertex   -1.931852e+00 5.500000e+00 -5.176381e-01
      vertex   -2.000000e+00 1.000000e+00 0.000000e+00
    endloop
  endfacet
  facet normal 9.914449e-01 -0.000000e+00 1.305262e-01
    outer loop
      vertex   -2.000000e+00 1.000000e+00 0.000000e+00
      vertex   -1.931852e+00 5.500000e+00 -5.176381e-01
      vertex   -2.000000e+00 5.500000e+00 0.000000e+00
    endloop
  endfacet
  facet normal 9.914449e-01 0.000000e+00 -1.305262e-01
    outer loop
      vertex   -2.000000e+00 1.000000e+00 0.000000e+00
      vertex   -2.000000e+00 5.500000e+00 0.000000e+00
      vertex   -1.931852e+00 1.000000e+00 5.176381e-01
    endloop
  endfacet
  facet normal 9.914449e-01 0.000000e+00 -1.305262e-01
    outer loop
      vertex   -1.931852e+00 1.000000e+00 5.176381e-01
      vertex   -2.000000e+00 5.500000e+00 0.000000e+00
      vertex   -1.931852e+00 5.500000e+00 5.176381e-01
    endloop
  endfacet
  facet normal 9.238795e-01 0.000000e+00 -3.826834e-01
    outer loop
      vertex   -1.931852e+00 1.000000e+00 5.176381e-01
      vertex   -1.931852e+00 5.500000e+00 5.176381e-01
      vertex   -1.732051e+00 1.000000e+00 1.000000e+00
    endloop
  endfacet
  facet normal 9.238795e-01 0.000000e+00 -3.826834e-01
    outer loop
      vertex   -1.732051e+00 1.000000e+00 1.000000e+00
      vertex   -1.931852e+00 5.500000e+00 5.176381e-01
      vertex   -1.732051e+00 5.500000e+00 1.000000e+00
    endloop
  endfacet
  facet normal 7.933533e-01 0.000000e+00 -6.087614e-01
    outer loop
      vertex   -1.732051e+00 1.000000e+00 1.000000e+00
      vertex   -1.732051e+00 5.500000e+00 1.000000e+00
      vertex   -1.414214e+00 1.000000e+00 1.414214e+00
    endloop
  endfacet
  facet normal 7.933533e-01 0.000000e+00 -6.087614e-01
    outer loop
      vertex   -1.414214e+00 1.000000e+00 1.414214e+00
      vertex   -1.732051e+00 5.500000e+00 1.000000e+00
      vertex   -1.414214e+00 5.500000e+00 1.414214e+00
    endloop
  endfacet
  facet normal 6.087614e-01 0.000000e+00 -7.933533e-01
    outer loop
      vertex   -1.414214e+00 1.000000e+00 1.414214e+00
      vertex   -1.414214e+00 5.500000e+00 1.414214e+00
      vertex   -1.000000e+00 1.000000e+00 1.732051e+00
    endloop
  endfacet
  facet normal 6.087614e-01 0.000000e+00 -7.933533e-01
    outer loop
      vertex   -1.000000e+00 1.000000e+00 1.732051e+00
      vertex   -1.414214e+00 5.500000e+00 1.414214e+00
      vertex   -1.000000e+00 5.500000e+00 1.732051e+00
    endloop
  endfacet
  facet normal 3.826834e-01 0.000000e+00 -9.238795e-01
    outer loop
      vertex   -1.000000e+00 1.000000e+00 1.732051e+00
      vertex   -1.000000e+00 5.500000e+00 1.732051e+00
      vertex   -5.176381e-01 1.000000e+00 1.931852e+00
    endloop
  endfacet
  facet normal 3.826834e-01 0.000000e+00 -9.238795e-01
    outer loop
      vertex   -5.176381e-01 1.000000e+00 1.931852e+00
      vertex   -1.000000e+00 5.500000e+00 1.732051e+00
      vertex   -5.176381e-01 5.500000e+00 1.931852e+00
    endloop
  endfacet
  facet normal 1.305262e-01 0.000000e+00 -9.914449e-01
    outer loop
      vertex   -5.176381e-01 1.000000e+00 1.931852e+00
      vertex   -5.176381e-01 5.500000e+00 1.931852e+00
      vertex   -1.224647e-16 1.000000e+00 2.000000e+00
    endloop
  endfacet
  facet normal 1.305262e-01 0.000000e+00 -9.914449e-01
    outer loop
      vertex   -1.224647e-16 1.000000e+00 2.000000e+00
      vertex   -5.176381e-01 5.500000e+00 1.931852e+00
      vertex   -1.224647e-16 5.500000e+00 2.000000e+00
    endloop
  endfacet
  facet normal -1.305262e-01 0.000000e+00 -9.914449e-01
    outer loop
      vertex   -1.224647e-16 1.000000e+00 2.000000e+00
      vertex   -1.224647e-16 5.500000e+00 2.000000e+00
      vertex   5.176381e-01 1.000000e+00 1.931852e+00
    endloop
  endfacet
  facet normal -1.305262e-01 0.000000e+00 -9.914449e-01
    outer loop
      vertex   5.176381e-01 1.000000e+00 1.931852e+00
      vertex   -1.224647e-16 5.500000e+00 2.000000e+00
      vertex   5.176381e-01 5.500000e+00 1.931852e+00
    endloop
  endfacet
  facet normal -3.826834e-01 0.000000e+00 -9.238795e-01
    outer loop
      vertex   5.176381e-01 1.000000e+00 1.931852e+00
      vertex   5.176381e-01 5.500000e+00 1.931852e+00
      vertex   1.000000e+00 1.000000e+00 1.732051e+00
    endloop
  endfacet
  facet normal -3.826834e-01 0.000000e+00 -9.238795e-01
    outer loop
      vertex   1.000000e+00 1.000000e+00 1.732051e+00
      vertex   5.176381e-01 5.500000e+00 1.931852e+00
      vertex   1.000000e+00 5.500000e+00 1.732051e+00
    endloop
  endfacet
  facet normal -6.087614e-01 0.000000e+00 -7.933533e-01
    outer loop
      vertex   1.000000e+00 1.000000e+00 1.732051e+00
      vertex   1.000000e+00 5.500000e+00 1.732051e+00
      vertex   1.414214e+00 1.000000e+00 1.414214e+00
    endloop
  endfacet
  facet normal -6.087614e-01 0.000000e+00 -7.933533e-01
    outer loop
      vertex   1.414214e+00 1.000000e+00 1.414214e+00
      vertex   1.000000e+00 5.500000e+00 1.732051e+00
      vertex   1.414214e+00 5.500000e+00 1.414214e+00
    endloop
  endfacet
  facet normal -7.933533e-01 0.000000e+00 -6.087614e-01
    outer loop
      vertex   1.414214e+00 1.000000e+00 1.414214e+00
      vertex   1.414214e+00 5.500000e+00 1.414214e+00
      vertex   1.732051e+00 1.000000e+00 1.000000e+00
    endloop
  endfacet
  facet normal -7.933533e-01 0.000000e+00 -6.087614e-01
    outer loop
      vertex   1.732051e+00 1.000000e+00 1.000000e+00
      vertex   1.414214e+00 5.500000e+00 1.414214e+00
      vertex   1.732051e+00 5.500000e+00 1.000000e+00
    endloop
  endfacet
  facet normal -9.238795e-01 0.000000e+00 -3.826834e-01
    outer loop
      vertex   1.732051e+00 1.000000e+00 1.000000e+00
      vertex   1.732051e+00 5.500000e+00 1.000000e+00
      vertex   1.931852e+00 1.000000e+00 5.176381e-01
    endloop
  endfacet
  facet normal -9.238795e-01 0.000000e+00 -3.826834e-01
    outer loop
      vertex   1.931852e+00 1.000000e+00 5.176381e-01
      vertex   1.732051e+00 5.500000e+00 1.000000e+00
      vertex   1.931852e+00 5.500000e+00 5.176381e-01
    endloop
  endfacet
  facet normal -9.914449e-01 1.257971e-16 1.305262e-01
    outer loop
      vertex   1.545481e+00 4.500000e+00 6.585890e+00
      vertex   1.545481e+00 1.000000e+00 6.585890e+00
      vertex   1.600000e+00 4.500000e+00 7.000000e+00
    endloop
  endfacet
  facet normal -9.914449e-01 0.000000e+00 1.305262e-01
    outer loop
      vertex   1.600000e+00 4.500000e+00 7.000000e+00
      vertex   1.545481e+00 1.000000e+00 6.585890e+00
      vertex   1.600000e+00 1.000000e+00 7.000000e+00
    endloop
  endfacet
  facet normal -9.914449e-01 -0.000000e+00 -1.305262e-01
    outer loop
      vertex   1.600000e+00 4.500000e+00 7.000000e+00
      vertex   1.600000e+00 1.000000e+00 7.000000e+00
      vertex   1.545481e+00 4.500000e+00 7.414110e+00
    endloop
  endfacet
  facet normal -9.914449e-01 -1.257971e-16 -1.305262e-01
    outer loop
      vertex   1.545481e+00 4.500000e+00 7.414110e+00
      vertex   1.600000e+00 1.000000e+00 7.000000e+00
      vertex   1.545481e+00 1.000000e+00 7.414110e+00
    endloop
  endfacet
  facet normal -9.238795e-01 -1.172243e-16 -3.826834e-01
    outer loop
      vertex   1.545481e+00 4.500000e+00 7.414110e+00
      vertex   1.545481e+00 1.000000e+00 7.414110e+00
      vertex   1.385641e+00 4.500000e+00 7.800000e+00
    endloop
  endfacet
  facet normal -9.238795e-01 -5.861213e-17 -3.826834e-01
    outer loop
      vertex   1.385641e+00 4.500000e+00 7.800000e+00
      vertex   1.545481e+00 1.000000e+00 7.414110e+00
      vertex   1.385641e+00 1.000000e+00 7.800000e+00
    endloop
  endfacet
  facet normal -7.933533e-01 -5.033138e-17 -6.087614e-01
    outer loop
      vertex   1.385641e+00 4.500000e+00 7.800000e+00
      vertex   1.385641e+00 1.000000e+00 7.800000e+00
      vertex   1.131371e+00 4.500000e+00 8.131371e+00
    endloop
  endfacet
  facet normal -7.933533e-01 -0.000000e+00 -6.087614e-01
    outer loop
      vertex   1.131371e+00 4.500000e+00 8.131371e+00
      vertex   1.385641e+00 1.000000e+00 7.800000e+00
      vertex   1.131371e+00 1.000000e+00 8.131371e+00
    endloop
  endfacet
  facet normal -6.087614e-01 -0.000000e+00 -7.933533e-01
    outer loop
      vertex   1.131371e+00 4.500000e+00 8.131371e+00
      vertex   1.131371e+00 1.000000e+00 8.131371e+00
      vertex   8.000000e-01 4.500000e+00 8.385641e+00
    endloop
  endfacet
  facet normal -6.087614e-01 -2.317238e-16 -7.933533e-01
    outer loop
      vertex   8.000000e-01 4.500000e+00 8.385641e+00
      vertex   1.131371e+00 1.000000e+00 8.131371e+00
      vertex   8.000000e-01 1.000000e+00 8.385641e+00
    endloop
  endfacet
  facet normal -3.826834e-01 -1.456676e-16 -9.238795e-01
    outer loop
      vertex   8.000000e-01 4.500000e+00 8.385641e+00
      vertex   8.000000e-01 1.000000e+00 8.385641e+00
      vertex   4.141105e-01 4.500000e+00 8.545481e+00
    endloop
  endfacet
  facet normal -3.826834e-01 -7.283382e-17 -9.238795e-01
    outer loop
      vertex   4.141105e-01 4.500000e+00 8.545481e+00
      vertex   8.000000e-01 1.000000e+00 8.385641e+00
      vertex   4.141105e-01 1.000000e+00 8.545481e+00
    endloop
  endfacet
  facet normal -1.305262e-01 -2.484226e-17 -9.914449e-01
    outer loop
      vertex   4.141105e-01 4.500000e+00 8.545481e+00
      vertex   4.141105e-01 1.000000e+00 8.545481e+00
      vertex   -9.552245e-16 4.500000e+00 8.600000e+00
    endloop
  endfacet
  facet normal -1.305262e-01 -0.000000e+00 -9.914449e-01
    outer loop
      vertex   -9.552245e-16 4.500000e+00 8.600000e+00
      vertex   4.141105e-01 1.000000e+00 8.545481e+00
      vertex   -9.552245e-16 1.000000e+00 8.600000e+00
    endloop
  endfacet
  facet normal 1.305262e-01 0.000000e+00 -9.914449e-01
    outer loop
      vertex   -9.552245e-16 4.500000e+00 8.600000e+00
      vertex   -9.552245e-16 1.000000e+00 8.600000e+00
      vertex   -4.141105e-01 4.500000e+00 8.545481e+00
    endloop
  endfacet
  facet normal 1.305262e-01 4.140377e-17 -9.914449e-01
    outer loop
      vertex   -4.141105e-01 4.500000e+00 8.545481e+00
      vertex   -9.552245e-16 1.000000e+00 8.600000e+00
      vertex   -4.141105e-01 1.000000e+00 8.545481e+00
    endloop
  endfacet
  facet normal 3.826834e-01 1.213897e-16 -9.238795e-01
    outer loop
      vertex   -4.141105e-01 4.500000e+00 8.545481e+00
      vertex   -4.141105e-01 1.000000e+00 8.545481e+00
      vertex   -8.000000e-01 4.500000e+00 8.385641e+00
    endloop
  endfacet
  facet normal 3.826834e-01 7.283382e-17 -9.238795e-01
    outer loop
      vertex   -8.000000e-01 4.500000e+00 8.385641e+00
      vertex   -4.141105e-01 1.000000e+00 8.545481e+00
      vertex   -8.000000e-01 1.000000e+00 8.385641e+00
    endloop
  endfacet
  facet normal 6.087614e-01 1.158619e-16 -7.933533e-01
    outer loop
      vertex   -8.000000e-01 4.500000e+00 8.385641e+00
      vertex   -8.000000e-01 1.000000e+00 8.385641e+00
      vertex   -1.131371e+00 4.500000e+00 8.131371e+00
    endloop
  endfacet
  facet normal 6.087614e-01 3.862063e-17 -7.933533e-01
    outer loop
      vertex   -1.131371e+00 4.500000e+00 8.131371e+00
      vertex   -8.000000e-01 1.000000e+00 8.385641e+00
      vertex   -1.131371e+00 1.000000e+00 8.131371e+00
    endloop
  endfacet
  facet normal 7.933533e-01 5.033138e-17 -6.087614e-01
    outer loop
      vertex   -1.131371e+00 4.500000e+00 8.131371e+00
      vertex   -1.131371e+00 1.000000e+00 8.131371e+00
      vertex   -1.385641e+00 4.500000e+00 7.800000e+00
    endloop
  endfacet
  facet normal 7.933533e-01 -5.381974e-17 -6.087614e-01
    outer loop
      vertex   -1.385641e+00 4.500000e+00 7.800000e+00
      vertex   -1.131371e+00 1.000000e+00 8.131371e+00
      vertex   -1.385641e+00 1.000000e+00 7.800000e+00
    endloop
  endfacet
  facet normal 9.238795e-01 2.011250e-17 -3.826834e-01
    outer loop
      vertex   -1.385641e+00 4.500000e+00 7.800000e+00
      vertex   -1.385641e+00 1.000000e+00 7.800000e+00
      vertex   -1.545481e+00 4.500000e+00 7.414110e+00
    endloop
  endfacet
  facet normal 9.238795e-01 5.861213e-17 -3.826834e-01
    outer loop
      vertex   -1.545481e+00 4.500000e+00 7.414110e+00
      vertex   -1.385641e+00 1.000000e+00 7.800000e+00
      vertex   -1.545481e+00 1.000000e+00 7.414110e+00
    endloop
  endfacet
  facet normal 9.914449e-01 6.289857e-17 -1.305262e-01
    outer loop
      vertex   -1.545481e+00 4.500000e+00 7.414110e+00
      vertex   -1.545481e+00 1.000000e+00 7.414110e+00
      vertex   -1.600000e+00 4.500000e+00 7.000000e+00
    endloop
  endfacet
  facet normal 9.914449e-01 0.000000e+00 -1.305262e-01
    outer loop
      vertex   -1.600000e+00 4.500000e+00 7.000000e+00
      vertex   -1.545481e+00 1.000000e+00 7.414110e+00
      vertex   -1.600000e+00 1.000000e+00 7.000000e+00
    endloop
  endfacet
  facet normal 9.914449e-01 0.000000e+00 1.305262e-01
    outer loop
      vertex   -1.600000e+00 4.500000e+00 7.000000e+00
      vertex   -1.600000e+00 1.000000e+00 7.000000e+00
      vertex   -1.545481e+00 4.500000e+00 6.585890e+00
    endloop
  endfacet
  facet normal 9.914449e-01 -6.289857e-17 1.305262e-01
    outer loop
      vertex   -1.545481e+00 4.500000e+00 6.585890e+00
      vertex   -1.600000e+00 1.000000e+00 7.000000e+00
      vertex   -1.545481e+00 1.000000e+00 6.585890e+00
    endloop
  endfacet
  facet normal 9.238795e-01 -5.861213e-17 3.826834e-01
    outer loop
      vertex   -1.545481e+00 4.500000e+00 6.585890e+00
      vertex   -1.545481e+00 1.000000e+00 6.585890e+00
      vertex   -1.385641e+00 4.500000e+00 6.200000e+00
    endloop
  endfacet
  facet normal 9.238795e-01 -2.011250e-17 3.826834e-01
    outer loop
      vertex   -1.385641e+00 4.500000e+00 6.200000e+00
      vertex   -1.545481e+00 1.000000e+00 6.585890e+00
      vertex   -1.385641e+00 1.000000e+00 6.200000e+00
    endloop
  endfacet
  facet normal 7.933533e-01 5.381974e-17 6.087614e-01
    outer loop
      vertex   -1.385641e+00 4.500000e+00 6.200000e+00
      vertex   -1.385641e+00 1.000000e+00 6.200000e+00
      vertex   -1.131371e+00 4.500000e+00 5.868629e+00
    endloop
  endfacet
  facet normal 7.933533e-01 -5.033138e-17 6.087614e-01
    outer loop
      vertex   -1.131371e+00 4.500000e+00 5.868629e+00
      vertex   -1.385641e+00 1.000000e+00 6.200000e+00
      vertex   -1.131371e+00 1.000000e+00 5.868629e+00
    endloop
  endfacet
  facet normal 6.087614e-01 -3.862063e-17 7.933533e-01
    outer loop
      vertex   -1.131371e+00 4.500000e+00 5.868629e+00
      vertex   -1.131371e+00 1.000000e+00 5.868629e+00
      vertex   -8.000000e-01 4.500000e+00 5.614359e+00
    endloop
  endfacet
  facet normal 6.087614e-01 -1.158619e-16 7.933533e-01
    outer loop
      vertex   -8.000000e-01 4.500000e+00 5.614359e+00
      vertex   -1.131371e+00 1.000000e+00 5.868629e+00
      vertex   -8.000000e-01 1.000000e+00 5.614359e+00
    endloop
  endfacet
  facet normal 3.826834e-01 -7.283382e-17 9.238795e-01
    outer loop
      vertex   -8.000000e-01 4.500000e+00 5.614359e+00
      vertex   -8.000000e-01 1.000000e+00 5.614359e+00
      vertex   -4.141105e-01 4.500000e+00 5.454519e+00
    endloop
  endfacet
  facet normal 3.826834e-01 3.475074e-16 9.238795e-01
    outer loop
      vertex   -4.141105e-01 4.500000e+00 5.454519e+00
      vertex   -8.000000e-01 1.000000e+00 5.614359e+00
      vertex   -4.141105e-01 1.000000e+00 5.454519e+00
    endloop
  endfacet
  facet normal 1.305262e-01 4.617848e-16 9.914449e-01
    outer loop
      vertex   -4.141105e-01 4.500000e+00 5.454519e+00
      vertex   -4.141105e-01 1.000000e+00 5.454519e+00
      vertex   -9.552245e-16 4.500000e+00 5.400000e+00
    endloop
  endfacet
  facet normal 1.305262e-01 0.000000e+00 9.914449e-01
    outer loop
      vertex   -9.552245e-16 4.500000e+00 5.400000e+00
      vertex   -4.141105e-01 1.000000e+00 5.454519e+00
      vertex   -9.552245e-16 1.000000e+00 5.400000e+00
    endloop
  endfacet
  facet normal -1.305262e-01 0.000000e+00 9.914449e-01
    outer loop
      vertex   -9.552245e-16 4.500000e+00 5.400000e+00
      vertex   -9.552245e-16 1.000000e+00 5.400000e+00
      vertex   4.141105e-01 4.500000e+00 5.454519e+00
    endloop
  endfacet
  facet normal -1.305262e-01 2.484226e-17 9.914449e-01
    outer loop
      vertex   4.141105e-01 4.500000e+00 5.454519e+00
      vertex   -9.552245e-16 1.000000e+00 5.400000e+00
      vertex   4.141105e-01 1.000000e+00 5.454519e+00
    endloop
  endfacet
  facet normal -3.826834e-01 7.283382e-17 9.238795e-01
    outer loop
      vertex   4.141105e-01 4.500000e+00 5.454519e+00
      vertex   4.141105e-01 1.000000e+00 5.454519e+00
      vertex   8.000000e-01 4.500000e+00 5.614359e+00
    endloop
  endfacet
  facet normal -3.826834e-01 1.456676e-16 9.238795e-01
    outer loop
      vertex   8.000000e-01 4.500000e+00 5.614359e+00
      vertex   4.141105e-01 1.000000e+00 5.454519e+00
      vertex   8.000000e-01 1.000000e+00 5.614359e+00
    endloop
  endfacet
  facet normal -6.087614e-01 2.317238e-16 7.933533e-01
    outer loop
      vertex   8.000000e-01 4.500000e+00 5.614359e+00
      vertex   8.000000e-01 1.000000e+00 5.614359e+00
      vertex   1.131371e+00 4.500000e+00 5.868629e+00
    endloop
  endfacet
  facet normal -6.087614e-01 0.000000e+00 7.933533e-01
    outer loop
      vertex   1.131371e+00 4.500000e+00 5.868629e+00
      vertex   8.000000e-01 1.000000e+00 5.614359e+00
      vertex   1.131371e+00 1.000000e+00 5.868629e+00
    endloop
  endfacet
  facet normal -7.933533e-01 0.000000e+00 6.087614e-01
    outer loop
      vertex   1.131371e+00 4.500000e+00 5.868629e+00
      vertex   1.131371e+00 1.000000e+00 5.868629e+00
      vertex   1.385641e+00 4.500000e+00 6.200000e+00
    endloop
  endfacet
  facet normal -7.933533e-01 5.033138e-17 6.087614e-01
    outer loop
      vertex   1.385641e+00 4.500000e+00 6.200000e+00
      vertex   1.131371e+00 1.000000e+00 5.868629e+00
      vertex   1.385641e+00 1.000000e+00 6.200000e+00
    endloop
  endfacet
  facet normal -9.238795e-01 5.861213e-17 3.826834e-01
    outer loop
      vertex   1.385641e+00 4.500000e+00 6.200000e+00
      vertex   1.385641e+00 1.000000e+00 6.200000e+00
      vertex   1.545481e+00 4.500000e+00 6.585890e+00
    endloop
  endfacet
  facet normal -9.238795e-01 1.172243e-16 3.826834e-01
    outer loop
      vertex   1.545481e+00 4.500000e+00 6.585890e+00
      vertex   1.385641e+00 1.000000e+00 6.200000e+00
      vertex   1.545481e+00 1.000000e+00 6.585890e+00
    endloop
  endfacet
  facet normal 0.000000e+00 -1.000000e+00 0.000000e+00
    outer loop
      vertex   1.545481e+00 1.000000e+00 6.585890e+00
      vertex   5.209403e+00 1.000000e+00 8.535931e+00
      vertex   1.600000e+00 1.000000e+00 7.000000e+00
    endloop
  endfacet
  facet normal 0.000000e+00 -1.000000e+00 0.000000e+00
    outer loop
      vertex   1.600000e+00 1.000000e+00 7.000000e+00
      vertex   5.209403e+00 1.000000e+00 8.535931e+00
      vertex   3.911047e+00 1.000000e+00 9.203462e+00
    endloop
  endfacet
  facet normal 0.000000e+00 -1.000000e+00 0.000000e+00
    outer loop
      vertex   1.600000e+00 1.000000e+00 7.000000e+00
      vertex   3.911047e+00 1.000000e+00 9.203462e+00
      vertex   1.545481e+00 1.000000e+00 7.414110e+00
    endloop
  endfacet
  facet normal 0.000000e+00 -1.000000e+00 0.000000e+00
    outer loop
      vertex   1.545481e+00 1.000000e+00 7.414110e+00
      vertex   3.911047e+00 1.000000e+00 9.203462e+00
      vertex   1.385641e+00 1.000000e+00 7.800000e+00
    endloop
  endfacet
  facet normal 0.000000e+00 -1.000000e+00 0.000000e+00
    outer loop
      vertex   1.385641e+00 1.000000e+00 7.800000e+00
      vertex   3.911047e+00 1.000000e+00 9.203462e+00
      vertex   2.529334e+00 1.000000e+00 9.674837e+00
    endloop
  endfacet
  facet normal 0.000000e+00 -1.000000e+00 0.000000e+00
    outer loop
      vertex   1.385641e+00 1.000000e+00 7.800000e+00
      vertex   2.529334e+00 1.000000e+00 9.674837e+00
      vertex   1.131371e+00 1.000000e+00 8.131371e+00
    endloop
  endfacet
  facet normal 0.000000e+00 -1.000000e+00 0.000000e+00
    outer loop
      vertex   1.131371e+00 1.000000e+00 8.131371e+00
      vertex   2.529334e+00 1.000000e+00 9.674837e+00
      vertex   1.093712e+00 1.000000e+00 9.940010e+00
    endloop
  endfacet
  facet normal 0.000000e+00 -1.000000e+00 0.000000e+00
    outer loop
      vertex   1.131371e+00 1.000000e+00 8.131371e+00
      vertex   1.093712e+00 1.000000e+00 9.940010e+00
      vertex   8.000000e-01 1.000000e+00 8.385641e+00
    endloop
  endfacet
  facet normal 0.000000e+00 -1.000000e+00 0.000000e+00
    outer loop
      vertex   8.000000e-01 1.000000e+00 8.385641e+00
      vertex   1.093712e+00 1.000000e+00 9.940010e+00
      vertex   4.141105e-01 1.000000e+00 8.545481e+00
    endloop
  endfacet
  facet normal 0.000000e+00 -1.000000e+00 0.000000e+00
    outer loop
      vertex   4.141105e-01 1.000000e+00 8.545481e+00
      vertex   1.093712e+00 1.000000e+00 9.940010e+00
      vertex   -3.652202e-01 1.000000e+00 9.993328e+00
    endloop
  endfacet
  facet normal 0.000000e+00 -1.000000e+00 0.000000e+00
    outer loop
      vertex   4.141105e-01 1.000000e+00 8.545481e+00
      vertex   -3.652202e-01 1.000000e+00 9.993328e+00
      vertex   -9.552245e-16 1.000000e+00 8.600000e+00
    endloop
  endfacet
  facet normal -0.000000e+00 -1.000000e+00 0.000000e+00
    outer loop
      vertex   -9.552245e-16 1.000000e+00 8.600000e+00
      vertex   -3.652202e-01 1.000000e+00 9.993328e+00
      vertex   -4.141105e-01 1.000000e+00 8.545481e+00
    endloop
  endfacet
  facet normal -0.000000e+00 -1.000000e+00 0.000000e+00
    outer loop
      vertex   -4.141105e-01 1.000000e+00 8.545481e+00
      vertex   -3.652202e-01 1.000000e+00 9.993328e+00
      vertex   -8.000000e-01 1.000000e+00 8.385641e+00
    endloop
  endfacet
  facet normal 0.000000e+00 -1.000000e+00 0.000000e+00
    outer loop
      vertex   -8.000000e-01 1.000000e+00 8.385641e+00
      vertex   -3.652202e-01 1.000000e+00 9.993328e+00
      vertex   -1.816369e+00 1.000000e+00 9.833657e+00
    endloop
  endfacet
  facet normal -0.000000e+00 -1.000000e+00 0.000000e+00
    outer loop
      vertex   -8.000000e-01 1.000000e+00 8.385641e+00
      vertex   -1.816369e+00 1.000000e+00 9.833657e+00
      vertex   -1.131371e+00 1.000000e+00 8.131371e+00
    endloop
  endfacet
  facet normal -0.000000e+00 -1.000000e+00 0.000000e+00
    outer loop
      vertex   -1.131371e+00 1.000000e+00 8.131371e+00
      vertex   -1.816369e+00 1.000000e+00 9.833657e+00
      vertex   -1.385641e+00 1.000000e+00 7.800000e+00
    endloop
  endfacet
  facet normal 0.000000e+00 -1.000000e+00 0.000000e+00
    outer loop
      vertex   -1.385641e+00 1.000000e+00 7.800000e+00
      vertex   -1.816369e+00 1.000000e+00 9.833657e+00
      vertex   -3.228804e+00 1.000000e+00 9.464398e+00
    endloop
  endfacet
  facet normal -0.000000e+00 -1.000000e+00 0.000000e+00
    outer loop
      vertex   -1.385641e+00 1.000000e+00 7.800000e+00
      vertex   -3.228804e+00 1.000000e+00 9.464398e+00
      vertex   -1.545481e+00 1.000000e+00 7.414110e+00
    endloop
  endfacet
  facet normal 0.000000e+00 -1.000000e+00 0.000000e+00
    outer loop
      vertex   -1.545481e+00 1.000000e+00 7.414110e+00
      vertex   -3.228804e+00 1.000000e+00 9.464398e+00
      vertex   -4.572423e+00 1.000000e+00 8.893421e+00
    endloop
  endfacet
  facet normal -0.000000e+00 -1.000000e+00 0.000000e+00
    outer loop
      vertex   -1.545481e+00 1.000000e+00 7.414110e+00
      vertex   -4.572423e+00 1.000000e+00 8.893421e+00
      vertex   -1.600000e+00 1.000000e+00 7.000000e+00
    endloop
  endfacet
  facet normal 0.000000e+00 -1.000000e+00 0.000000e+00
    outer loop
      vertex   -1.600000e+00 1.000000e+00 7.000000e+00
      vertex   -4.572423e+00 1.000000e+00 8.893421e+00
      vertex   -5.818589e+00 1.000000e+00 8.132897e+00
    endloop
  endfacet
  facet normal -0.000000e+00 -1.000000e+00 -0.000000e+00
    outer loop
      vertex   -1.600000e+00 1.000000e+00 7.000000e+00
      vertex   -5.818589e+00 1.000000e+00 8.132897e+00
      vertex   -1.545481e+00 1.000000e+00 6.585890e+00
    endloop
  endfacet
  facet normal 0.000000e+00 -1.000000e+00 0.000000e+00
    outer loop
      vertex   -1.545481e+00 1.000000e+00 6.585890e+00
      vertex   -5.818589e+00 1.000000e+00 8.132897e+00
      vertex   -6.940742e+00 1.000000e+00 7.199035e+00
    endloop
  endfacet
  facet normal -0.000000e+00 -1.000000e+00 -0.000000e+00
    outer loop
      vertex   -1.545481e+00 1.000000e+00 6.585890e+00
      vertex   -6.940742e+00 1.000000e+00 7.199035e+00
      vertex   -1.385641e+00 1.000000e+00 6.200000e+00
    endloop
  endfacet
  facet normal -0.000000e+00 -1.000000e+00 0.000000e+00
    outer loop
      vertex   -1.385641e+00 1.000000e+00 6.200000e+00
      vertex   -6.940742e+00 1.000000e+00 7.199035e+00
      vertex   -6.200000e+00 1.000000e+00 1.385641e+00
    endloop
  endfacet
  facet normal 0.000000e+00 -1.000000e+00 0.000000e+00
    outer loop
      vertex   -1.385641e+00 1.000000e+00 6.200000e+00
      vertex   -6.200000e+00 1.000000e+00 1.385641e+00
      vertex   -5.868629e+00 1.000000e+00 1.131371e+00
    endloop
  endfacet
  facet normal 0.000000e+00 -1.000000e+00 -0.000000e+00
    outer loop
      vertex   5.209403e+00 1.000000e+00 8.535931e+00
      vertex   1.545481e+00 1.000000e+00 6.585890e+00
      vertex   6.396730e+00 1.000000e+00 7.686471e+00
    endloop
  endfacet
  facet normal 0.000000e+00 -1.000000e+00 0.000000e+00
    outer loop
      vertex   6.396730e+00 1.000000e+00 7.686471e+00
      vertex   1.545481e+00 1.000000e+00 6.585890e+00
      vertex   1.385641e+00 1.000000e+00 6.200000e+00
    endloop
  endfacet
  facet normal 0.000000e+00 -1.000000e+00 -0.000000e+00
    outer loop
      vertex   6.396730e+00 1.000000e+00 7.686471e+00
      vertex   1.385641e+00 1.000000e+00 6.200000e+00
      vertex   7.447722e+00 1.000000e+00 6.673188e+00
    endloop
  endfacet
  facet normal 0.000000e+00 -1.000000e+00 0.000000e+00
    outer loop
      vertex   7.447722e+00 1.000000e+00 6.673188e+00
      vertex   1.385641e+00 1.000000e+00 6.200000e+00
      vertex   6.200000e+00 1.000000e+00 1.385641e+00
    endloop
  endfacet
  facet normal 0.000000e+00 -1.000000e+00 0.000000e+00
    outer loop
      vertex   7.447722e+00 1.000000e+00 6.673188e+00
      vertex   6.200000e+00 1.000000e+00 1.385641e+00
      vertex   6.585890e+00 1.000000e+00 1.545481e+00
    endloop
  endfacet
  facet normal -0.000000e+00 -1.000000e+00 0.000000e+00
    outer loop
      vertex   6.200000e+00 1.000000e+00 1.385641e+00
      vertex   1.385641e+00 1.000000e+00 6.200000e+00
      vertex   5.868629e+00 1.000000e+00 1.131371e+00
    endloop
  endfacet
  facet normal 0.000000e+00 -1.000000e+00 0.000000e+00
    outer loop
      vertex   5.868629e+00 1.000000e+00 1.131371e+00
      vertex   1.385641e+00 1.000000e+00 6.200000e+00
      vertex   1.131371e+00 1.000000e+00 5.868629e+00
    endloop
  endfacet
  facet normal 0.000000e+00 -1.000000e+00 0.000000e+00
    outer loop
      vertex   5.868629e+00 1.000000e+00 1.131371e+00
      vertex   1.131371e+00 1.000000e+00 5.868629e+00
      vertex   1.414214e+00 1.000000e+00 1.414214e+00
    endloop
  endfacet
  facet normal 0.000000e+00 -1.000000e+00 0.000000e+00
    outer loop
      vertex   1.414214e+00 1.000000e+00 1.414214e+00
      vertex   1.131371e+00 1.000000e+00 5.868629e+00
      vertex   1.000000e+00 1.000000e+00 1.732051e+00
    endloop
  endfacet
  facet normal 0.000000e+00 -1.000000e+00 0.000000e+00
    outer loop
      vertex   1.000000e+00 1.000000e+00 1.732051e+00
      vertex   1.131371e+00 1.000000e+00 5.868629e+00
      vertex   8.000000e-01 1.000000e+00 5.614359e+00
    endloop
  endfacet
  facet normal 0.000000e+00 -1.000000e+00 0.000000e+00
    outer loop
      vertex   1.000000e+00 1.000000e+00 1.732051e+00
      vertex   8.000000e-01 1.000000e+00 5.614359e+00
      vertex   5.176381e-01 1.000000e+00 1.931852e+00
    endloop
  endfacet
  facet normal 0.000000e+00 -1.000000e+00 0.000000e+00
    outer loop
      vertex   5.176381e-01 1.000000e+00 1.931852e+00
      vertex   8.000000e-01 1.000000e+00 5.614359e+00
      vertex   4.141105e-01 1.000000e+00 5.454519e+00
    endloop
  endfacet
  facet normal 0.000000e+00 -1.000000e+00 0.000000e+00
    outer loop
      vertex   5.176381e-01 1.000000e+00 1.931852e+00
      vertex   4.141105e-01 1.000000e+00 5.454519e+00
      vertex   -1.224647e-16 1.000000e+00 2.000000e+00
    endloop
  endfacet
  facet normal 0.000000e+00 -1.000000e+00 0.000000e+00
    outer loop
      vertex   -1.224647e-16 1.000000e+00 2.000000e+00
      vertex   4.141105e-01 1.000000e+00 5.454519e+00
      vertex   -9.552245e-16 1.000000e+00 5.400000e+00
    endloop
  endfacet
  facet normal 0.000000e+00 -1.000000e+00 0.000000e+00
    outer loop
      vertex   -1.224647e-16 1.000000e+00 2.000000e+00
      vertex   -9.552245e-16 1.000000e+00 5.400000e+00
      vertex   -4.141105e-01 1.000000e+00 5.454519e+00
    endloop
  endfacet
  facet normal -0.000000e+00 -1.000000e+00 0.000000e+00
    outer loop
      vertex   -1.224647e-16 1.000000e+00 2.000000e+00
      vertex   -4.141105e-01 1.000000e+00 5.454519e+00
      vertex   -5.176381e-01 1.000000e+00 1.931852e+00
    endloop
  endfacet
  facet normal 0.000000e+00 -1.000000e+00 0.000000e+00
    outer loop
      vertex   -5.176381e-01 1.000000e+00 1.931852e+00
      vertex   -4.141105e-01 1.000000e+00 5.454519e+00
      vertex   -8.000000e-01 1.000000e+00 5.614359e+00
    endloop
  endfacet
  facet normal -0.000000e+00 -1.000000e+00 0.000000e+00
    outer loop
      vertex   -5.176381e-01 1.000000e+00 1.931852e+00
      vertex   -8.000000e-01 1.000000e+00 5.614359e+00
      vertex   -1.000000e+00 1.000000e+00 1.732051e+00
    endloop
  endfacet
  facet normal 0.000000e+00 -1.000000e+00 0.000000e+00
    outer loop
      vertex   -1.000000e+00 1.000000e+00 1.732051e+00
      vertex   -8.000000e-01 1.000000e+00 5.614359e+00
      vertex   -1.131371e+00 1.000000e+00 5.868629e+00
    endloop
  endfacet
  facet normal -0.000000e+00 -1.000000e+00 0.000000e+00
    outer loop
      vertex   -1.000000e+00 1.000000e+00 1.732051e+00
      vertex   -1.131371e+00 1.000000e+00 5.868629e+00
      vertex   -1.414214e+00 1.000000e+00 1.414214e+00
    endloop
  endfacet
  facet normal -0.000000e+00 -1.000000e+00 0.000000e+00
    outer loop
      vertex   -1.414214e+00 1.000000e+00 1.414214e+00
      vertex   -1.131371e+00 1.000000e+00 5.868629e+00
      vertex   -5.868629e+00 1.000000e+00 1.131371e+00
    endloop
  endfacet
  facet normal 0.000000e+00 -1.000000e+00 0.000000e+00
    outer loop
      vertex   -1.414214e+00 1.000000e+00 1.414214e+00
      vertex   -5.868629e+00 1.000000e+00 1.131371e+00
      vertex   -1.732051e+00 1.000000e+00 1.000000e+00
    endloop
  endfacet
  facet normal -0.000000e+00 -1.000000e+00 0.000000e+00
    outer loop
      vertex   -1.732051e+00 1.000000e+00 1.000000e+00
      vertex   -5.868629e+00 1.000000e+00 1.131371e+00
      vertex   -5.614359e+00 1.000000e+00 8.000000e-01
    endloop
  endfacet
  facet normal 0.000000e+00 -1.000000e+00 0.000000e+00
    outer loop
      vertex   -1.732051e+00 1.000000e+00 1.000000e+00
      vertex   -5.614359e+00 1.000000e+00 8.000000e-01
      vertex   -1.931852e+00 1.000000e+00 5.176381e-01
    endloop
  endfacet
  facet normal -0.000000e+00 -1.000000e+00 0.000000e+00
    outer loop
      vertex   -1.931852e+00 1.000000e+00 5.176381e-01
      vertex   -5.614359e+00 1.000000e+00 8.000000e-01
      vertex   -5.454519e+00 1.000000e+00 4.141105e-01
    endloop
  endfacet
  facet normal 0.000000e+00 -1.000000e+00 0.000000e+00
    outer loop
      vertex   -1.931852e+00 1.000000e+00 5.176381e-01
      vertex   -5.454519e+00 1.000000e+00 4.141105e-01
      vertex   -2.000000e+00 1.000000e+00 0.000000e+00
    endloop
  endfacet
  facet normal -0.000000e+00 -1.000000e+00 0.000000e+00
    outer loop
      vertex   -2.000000e+00 1.000000e+00 0.000000e+00
      vertex   -5.454519e+00 1.000000e+00 4.141105e-01
      vertex   -5.400000e+00 1.000000e+00 -2.220446e-15
    endloop
  endfacet
  facet normal 0.000000e+00 -1.000000e+00 0.000000e+00
    outer loop
      vertex   -2.000000e+00 1.000000e+00 0.000000e+00
      vertex   -5.400000e+00 1.000000e+00 -2.220446e-15
      vertex   -5.454519e+00 1.000000e+00 -4.141105e-01
    endloop
  endfacet
  facet normal -0.000000e+00 -1.000000e+00 0.000000e+00
    outer loop
      vertex   -1.131371e+00 1.000000e+00 5.868629e+00
      vertex   -1.385641e+00 1.000000e+00 6.200000e+00
      vertex   -5.868629e+00 1.000000e+00 1.131371e+00
    endloop
  endfacet
  facet normal 0.000000e+00 -1.000000e+00 0.000000e+00
    outer loop
      vertex   1.931852e+00 1.000000e+00 -5.176381e-01
      vertex   5.454519e+00 1.000000e+00 -4.141105e-01
      vertex   2.000000e+00 1.000000e+00 0.000000e+00
    endloop
  endfacet
  facet normal 0.000000e+00 -1.000000e+00 0.000000e+00
    outer loop
      vertex   2.000000e+00 1.000000e+00 0.000000e+00
      vertex   5.454519e+00 1.000000e+00 -4.141105e-01
      vertex   5.400000e+00 1.000000e+00 1.554312e-15
    endloop
  endfacet
  facet normal 0.000000e+00 -1.000000e+00 0.000000e+00
    outer loop
      vertex   2.000000e+00 1.000000e+00 0.000000e+00
      vertex   5.400000e+00 1.000000e+00 1.554312e-15
      vertex   5.454519e+00 1.000000e+00 4.141105e-01
    endloop
  endfacet
  facet normal 0.000000e+00 -1.000000e+00 -0.000000e+00
    outer loop
      vertex   5.454519e+00 1.000000e+00 -4.141105e-01
      vertex   1.931852e+00 1.000000e+00 -5.176381e-01
      vertex   5.614359e+00 1.000000e+00 -8.000000e-01
    endloop
  endfacet
  facet normal -0.000000e+00 -1.000000e+00 0.000000e+00
    outer loop
      vertex   5.614359e+00 1.000000e+00 -8.000000e-01
      vertex   1.931852e+00 1.000000e+00 -5.176381e-01
      vertex   1.732051e+00 1.000000e+00 -1.000000e+00
    endloop
  endfacet
  facet normal 0.000000e+00 -1.000000e+00 -0.000000e+00
    outer loop
      vertex   5.614359e+00 1.000000e+00 -8.000000e-01
      vertex   1.732051e+00 1.000000e+00 -1.000000e+00
      vertex   5.868629e+00 1.000000e+00 -1.131371e+00
    endloop
  endfacet
  facet normal -0.000000e+00 -1.000000e+00 0.000000e+00
    outer loop
      vertex   5.868629e+00 1.000000e+00 -1.131371e+00
      vertex   1.732051e+00 1.000000e+00 -1.000000e+00
      vertex   1.414214e+00 1.000000e+00 -1.414214e+00
    endloop
  endfacet
  facet normal 0.000000e+00 -1.000000e+00 0.000000e+00
    outer loop
      vertex   5.868629e+00 1.000000e+00 -1.131371e+00
      vertex   1.414214e+00 1.000000e+00 -1.414214e+00
      vertex   1.131371e+00 1.000000e+00 -5.868629e+00
    endloop
  endfacet
  facet normal 0.000000e+00 -1.000000e+00 0.000000e+00
    outer loop
      vertex   1.131371e+00 1.000000e+00 -5.868629e+00
      vertex   1.414214e+00 1.000000e+00 -1.414214e+00
      vertex   1.000000e+00 1.000000e+00 -1.732051e+00
    endloop
  endfacet
  facet normal 0.000000e+00 -1.000000e+00 0.000000e+00
    outer loop
      vertex   1.131371e+00 1.000000e+00 -5.868629e+00
      vertex   1.000000e+00 1.000000e+00 -1.732051e+00
      vertex   8.000000e-01 1.000000e+00 -5.614359e+00
    endloop
  endfacet
  facet normal 0.000000e+00 -1.000000e+00 0.000000e+00
    outer loop
      vertex   8.000000e-01 1.000000e+00 -5.614359e+00
      vertex   1.000000e+00 1.000000e+00 -1.732051e+00
      vertex   5.176381e-01 1.000000e+00 -1.931852e+00
    endloop
  endfacet
  facet normal 0.000000e+00 -1.000000e+00 0.000000e+00
    outer loop
      vertex   8.000000e-01 1.000000e+00 -5.614359e+00
      vertex   5.176381e-01 1.000000e+00 -1.931852e+00
      vertex   4.141105e-01 1.000000e+00 -5.454519e+00
    endloop
  endfacet
  facet normal 0.000000e+00 -1.000000e+00 0.000000e+00
    outer loop
      vertex   4.141105e-01 1.000000e+00 -5.454519e+00
      vertex   5.176381e-01 1.000000e+00 -1.931852e+00
      vertex   -1.224647e-16 1.000000e+00 -2.000000e+00
    endloop
  endfacet
  facet normal 0.000000e+00 -1.000000e+00 0.000000e+00
    outer loop
      vertex   4.141105e-01 1.000000e+00 -5.454519e+00
      vertex   -1.224647e-16 1.000000e+00 -2.000000e+00
      vertex   -9.797174e-17 1.000000e+00 -5.400000e+00
    endloop
  endfacet
  facet normal -0.000000e+00 -1.000000e+00 0.000000e+00
    outer loop
      vertex   -9.797174e-17 1.000000e+00 -5.400000e+00
      vertex   -1.224647e-16 1.000000e+00 -2.000000e+00
      vertex   -4.141105e-01 1.000000e+00 -5.454519e+00
    endloop
  endfacet
  facet normal 0.000000e+00 -1.000000e+00 0.000000e+00
    outer loop
      vertex   -4.141105e-01 1.000000e+00 -5.454519e+00
      vertex   -1.224647e-16 1.000000e+00 -2.000000e+00
      vertex   -5.176381e-01 1.000000e+00 -1.931852e+00
    endloop
  endfacet
  facet normal -0.000000e+00 -1.000000e+00 0.000000e+00
    outer loop
      vertex   -4.141105e-01 1.000000e+00 -5.454519e+00
      vertex   -5.176381e-01 1.000000e+00 -1.931852e+00
      vertex   -8.000000e-01 1.000000e+00 -5.614359e+00
    endloop
  endfacet
  facet normal 0.000000e+00 -1.000000e+00 0.000000e+00
    outer loop
      vertex   -8.000000e-01 1.000000e+00 -5.614359e+00
      vertex   -5.176381e-01 1.000000e+00 -1.931852e+00
      vertex   -1.000000e+00 1.000000e+00 -1.732051e+00
    endloop
  endfacet
  facet normal -0.000000e+00 -1.000000e+00 0.000000e+00
    outer loop
      vertex   -8.000000e-01 1.000000e+00 -5.614359e+00
      vertex   -1.000000e+00 1.000000e+00 -1.732051e+00
      vertex   -1.131371e+00 1.000000e+00 -5.868629e+00
    endloop
  endfacet
  facet normal 0.000000e+00 -1.000000e+00 0.000000e+00
    outer loop
      vertex   -1.131371e+00 1.000000e+00 -5.868629e+00
      vertex   -1.000000e+00 1.000000e+00 -1.732051e+00
      vertex   -1.414214e+00 1.000000e+00 -1.414214e+00
    endloop
  endfacet
  facet normal 0.000000e+00 -1.000000e+00 0.000000e+00
    outer loop
      vertex   -1.131371e+00 1.000000e+00 -5.868629e+00
      vertex   -1.414214e+00 1.000000e+00 -1.414214e+00
      vertex   -5.868629e+00 1.000000e+00 -1.131371e+00
    endloop
  endfacet
  facet normal 0.000000e+00 -1.000000e+00 0.000000e+00
    outer loop
      vertex   -5.868629e+00 1.000000e+00 -1.131371e+00
      vertex   -1.414214e+00 1.000000e+00 -1.414214e+00
      vertex   -1.732051e+00 1.000000e+00 -1.000000e+00
    endloop
  endfacet
  facet normal 0.000000e+00 -1.000000e+00 0.000000e+00
    outer loop
      vertex   -5.868629e+00 1.000000e+00 -1.131371e+00
      vertex   -1.732051e+00 1.000000e+00 -1.000000e+00
      vertex   -5.614359e+00 1.000000e+00 -8.000000e-01
    endloop
  endfacet
  facet normal 0.000000e+00 -1.000000e+00 0.000000e+00
    outer loop
      vertex   -5.614359e+00 1.000000e+00 -8.000000e-01
      vertex   -1.732051e+00 1.000000e+00 -1.000000e+00
      vertex   -1.931852e+00 1.000000e+00 -5.176381e-01
    endloop
  endfacet
  facet normal 0.000000e+00 -1.000000e+00 0.000000e+00
    outer loop
      vertex   -5.614359e+00 1.000000e+00 -8.000000e-01
      vertex   -1.931852e+00 1.000000e+00 -5.176381e-01
      vertex   -5.454519e+00 1.000000e+00 -4.141105e-01
    endloop
  endfacet
  facet normal 0.000000e+00 -1.000000e+00 0.000000e+00
    outer loop
      vertex   -5.454519e+00 1.000000e+00 -4.141105e-01
      vertex   -1.931852e+00 1.000000e+00 -5.176381e-01
      vertex   -2.000000e+00 1.000000e+00 0.000000e+00
    endloop
  endfacet
  facet normal 0.000000e+00 -1.000000e+00 0.000000e+00
    outer loop
      vertex   1.414214e+00 1.000000e+00 1.414214e+00
      vertex   1.732051e+00 1.000000e+00 1.000000e+00
      vertex   5.868629e+00 1.000000e+00 1.131371e+00
    endloop
  endfacet
  facet normal 0.000000e+00 -1.000000e+00 0.000000e+00
    outer loop
      vertex   5.868629e+00 1.000000e+00 1.131371e+00
      vertex   1.732051e+00 1.000000e+00 1.000000e+00
      vertex   5.614359e+00 1.000000e+00 8.000000e-01
    endloop
  endfacet
  facet normal -0.000000e+00 -1.000000e+00 0.000000e+00
    outer loop
      vertex   5.614359e+00 1.000000e+00 8.000000e-01
      vertex   1.732051e+00 1.000000e+00 1.000000e+00
      vertex   1.931852e+00 1.000000e+00 5.176381e-01
    endloop
  endfacet
  facet normal 0.000000e+00 -1.000000e+00 0.000000e+00
    outer loop
      vertex   5.614359e+00 1.000000e+00 8.000000e-01
      vertex   1.931852e+00 1.000000e+00 5.176381e-01
      vertex   5.454519e+00 1.000000e+00 4.141105e-01
    endloop
  endfacet
  facet normal -0.000000e+00 -1.000000e+00 0.000000e+00
    outer loop
      vertex   5.454519e+00 1.000000e+00 4.141105e-01
      vertex   1.931852e+00 1.000000e+00 5.176381e-01
      vertex   2.000000e+00 1.000000e+00 0.000000e+00
    endloop
  endfacet
  facet normal -0.000000e+00 -1.000000e+00 0.000000e+00
    outer loop
      vertex   -1.131371e+00 1.000000e+00 -5.868629e+00
      vertex   -5.868629e+00 1.000000e+00 -1.131371e+00
      vertex   -1.385641e+00 1.000000e+00 -6.200000e+00
    endloop
  endfacet
  facet normal 0.000000e+00 -1.000000e+00 0.000000e+00
    outer loop
      vertex   -1.385641e+00 1.000000e+00 -6.200000e+00
      vertex   -5.868629e+00 1.000000e+00 -1.131371e+00
      vertex   -6.200000e+00 1.000000e+00 -1.385641e+00
    endloop
  endfacet
  facet normal -0.000000e+00 -1.000000e+00 0.000000e+00
    outer loop
      vertex   -1.385641e+00 1.000000e+00 -6.200000e+00
      vertex   -6.200000e+00 1.000000e+00 -1.385641e+00
      vertex   -6.940742e+00 1.000000e+00 -7.199035e+00
    endloop
  endfacet
  facet normal 0.000000e+00 -1.000000e+00 0.000000e+00
    outer loop
      vertex   -6.940742e+00 1.000000e+00 -7.199035e+00
      vertex   -6.200000e+00 1.000000e+00 -1.385641e+00
      vertex   -7.914965e+00 1.000000e+00 -6.111737e+00
    endloop
  endfacet
  facet normal 0.000000e+00 -1.000000e+00 0.000000e+00
    outer loop
      vertex   -7.914965e+00 1.000000e+00 -6.111737e+00
      vertex   -6.200000e+00 1.000000e+00 -1.385641e+00
      vertex   -6.585890e+00 1.000000e+00 -1.545481e+00
    endloop
  endfacet
  facet normal 0.000000e+00 -1.000000e+00 0.000000e+00
    outer loop
      vertex   -7.914965e+00 1.000000e+00 -6.111737e+00
      vertex   -6.585890e+00 1.000000e+00 -1.545481e+00
      vertex   -8.720494e+00 1.000000e+00 -4.894178e+00
    endloop
  endfacet
  facet normal 0.000000e+00 -1.000000e+00 0.000000e+00
    outer loop
      vertex   -8.720494e+00 1.000000e+00 -4.894178e+00
      vertex   -6.585890e+00 1.000000e+00 -1.545481e+00
      vertex   -7.000000e+00 1.000000e+00 -1.600000e+00
    endloop
  endfacet
  facet normal 0.000000e+00 -1.000000e+00 0.000000e+00
    outer loop
      vertex   -8.720494e+00 1.000000e+00 -4.894178e+00
      vertex   -7.000000e+00 1.000000e+00 -1.600000e+00
      vertex   -9.340161e+00 1.000000e+00 -3.572309e+00
    endloop
  endfacet
  facet normal 0.000000e+00 -1.000000e+00 0.000000e+00
    outer loop
      vertex   -9.340161e+00 1.000000e+00 -3.572309e+00
      vertex   -7.000000e+00 1.000000e+00 -1.600000e+00
      vertex   -7.414110e+00 1.000000e+00 -1.545481e+00
    endloop
  endfacet
  facet normal 0.000000e+00 -1.000000e+00 0.000000e+00
    outer loop
      vertex   -9.340161e+00 1.000000e+00 -3.572309e+00
      vertex   -7.414110e+00 1.000000e+00 -1.545481e+00
      vertex   -7.800000e+00 1.000000e+00 -1.385641e+00
    endloop
  endfacet
  facet normal 0.000000e+00 -1.000000e+00 0.000000e+00
    outer loop
      vertex   -9.340161e+00 1.000000e+00 -3.572309e+00
      vertex   -7.800000e+00 1.000000e+00 -1.385641e+00
      vertex   -9.760759e+00 1.000000e+00 -2.174302e+00
    endloop
  endfacet
  facet normal 0.000000e+00 -1.000000e+00 0.000000e+00
    outer loop
      vertex   -9.760759e+00 1.000000e+00 -2.174302e+00
      vertex   -7.800000e+00 1.000000e+00 -1.385641e+00
      vertex   -8.131371e+00 1.000000e+00 -1.131371e+00
    endloop
  endfacet
  facet normal 0.000000e+00 -1.000000e+00 0.000000e+00
    outer loop
      vertex   -9.760759e+00 1.000000e+00 -2.174302e+00
      vertex   -8.131371e+00 1.000000e+00 -1.131371e+00
      vertex   -8.385641e+00 1.000000e+00 -8.000000e-01
    endloop
  endfacet
  facet normal 0.000000e+00 -1.000000e+00 0.000000e+00
    outer loop
      vertex   -9.760759e+00 1.000000e+00 -2.174302e+00
      vertex   -8.385641e+00 1.000000e+00 -8.000000e-01
      vertex   -9.973323e+00 1.000000e+00 -7.299531e-01
    endloop
  endfacet
  facet normal 0.000000e+00 -1.000000e+00 0.000000e+00
    outer loop
      vertex   -9.973323e+00 1.000000e+00 -7.299531e-01
      vertex   -8.385641e+00 1.000000e+00 -8.000000e-01
      vertex   -8.545481e+00 1.000000e+00 -4.141105e-01
    endloop
  endfacet
  facet normal 0.000000e+00 -1.000000e+00 0.000000e+00
    outer loop
      vertex   -9.973323e+00 1.000000e+00 -7.299531e-01
      vertex   -8.545481e+00 1.000000e+00 -4.141105e-01
      vertex   -8.600000e+00 1.000000e+00 -8.437695e-16
    endloop
  endfacet
  facet normal 0.000000e+00 -1.000000e+00 0.000000e+00
    outer loop
      vertex   -9.973323e+00 1.000000e+00 -7.299531e-01
      vertex   -8.600000e+00 1.000000e+00 -8.437695e-16
      vertex   -9.973323e+00 1.000000e+00 7.299531e-01
    endloop
  endfacet
  facet normal 0.000000e+00 -1.000000e+00 0.000000e+00
    outer loop
      vertex   -9.973323e+00 1.000000e+00 7.299531e-01
      vertex   -8.600000e+00 1.000000e+00 -8.437695e-16
      vertex   -8.545481e+00 1.000000e+00 4.141105e-01
    endloop
  endfacet
  facet normal 0.000000e+00 -1.000000e+00 0.000000e+00
    outer loop
      vertex   -9.973323e+00 1.000000e+00 7.299531e-01
      vertex   -8.545481e+00 1.000000e+00 4.141105e-01
      vertex   -8.385641e+00 1.000000e+00 8.000000e-01
    endloop
  endfacet
  facet normal 0.000000e+00 -1.000000e+00 0.000000e+00
    outer loop
      vertex   -9.973323e+00 1.000000e+00 7.299531e-01
      vertex   -8.385641e+00 1.000000e+00 8.000000e-01
      vertex   -9.760759e+00 1.000000e+00 2.174302e+00
    endloop
  endfacet
  facet normal 0.000000e+00 -1.000000e+00 0.000000e+00
    outer loop
      vertex   -9.760759e+00 1.000000e+00 2.174302e+00
      vertex   -8.385641e+00 1.000000e+00 8.000000e-01
      vertex   -8.131371e+00 1.000000e+00 1.131371e+00
    endloop
  endfacet
  facet normal 0.000000e+00 -1.000000e+00 0.000000e+00
    outer loop
      vertex   -9.760759e+00 1.000000e+00 2.174302e+00
      vertex   -8.131371e+00 1.000000e+00 1.131371e+00
      vertex   -7.800000e+00 1.000000e+00 1.385641e+00
    endloop
  endfacet
  facet normal 0.000000e+00 -1.000000e+00 0.000000e+00
    outer loop
      vertex   -9.760759e+00 1.000000e+00 2.174302e+00
      vertex   -7.800000e+00 1.000000e+00 1.385641e+00
      vertex   -9.340161e+00 1.000000e+00 3.572309e+00
    endloop
  endfacet
  facet normal 0.000000e+00 -1.000000e+00 0.000000e+00
    outer loop
      vertex   -9.340161e+00 1.000000e+00 3.572309e+00
      vertex   -7.800000e+00 1.000000e+00 1.385641e+00
      vertex   -7.414110e+00 1.000000e+00 1.545481e+00
    endloop
  endfacet
  facet normal 0.000000e+00 -1.000000e+00 0.000000e+00
    outer loop
      vertex   -9.340161e+00 1.000000e+00 3.572309e+00
      vertex   -7.414110e+00 1.000000e+00 1.545481e+00
      vertex   -7.000000e+00 1.000000e+00 1.600000e+00
    endloop
  endfacet
  facet normal 0.000000e+00 -1.000000e+00 0.000000e+00
    outer loop
      vertex   -9.340161e+00 1.000000e+00 3.572309e+00
      vertex   -7.000000e+00 1.000000e+00 1.600000e+00
      vertex   -8.720494e+00 1.000000e+00 4.894178e+00
    endloop
  endfacet
  facet normal 0.000000e+00 -1.000000e+00 0.000000e+00
    outer loop
      vertex   -8.720494e+00 1.000000e+00 4.894178e+00
      vertex   -7.000000e+00 1.000000e+00 1.600000e+00
      vertex   -6.585890e+00 1.000000e+00 1.545481e+00
    endloop
  endfacet
  facet normal 0.000000e+00 -1.000000e+00 0.000000e+00
    outer loop
      vertex   -8.720494e+00 1.000000e+00 4.894178e+00
      vertex   -6.585890e+00 1.000000e+00 1.545481e+00
      vertex   -7.914965e+00 1.000000e+00 6.111737e+00
    endloop
  endfacet
  facet normal 0.000000e+00 -1.000000e+00 0.000000e+00
    outer loop
      vertex   -7.914965e+00 1.000000e+00 6.111737e+00
      vertex   -6.585890e+00 1.000000e+00 1.545481e+00
      vertex   -6.200000e+00 1.000000e+00 1.385641e+00
    endloop
  endfacet
  facet normal 0.000000e+00 -1.000000e+00 0.000000e+00
    outer loop
      vertex   -7.914965e+00 1.000000e+00 6.111737e+00
      vertex   -6.200000e+00 1.000000e+00 1.385641e+00
      vertex   -6.940742e+00 1.000000e+00 7.199035e+00
    endloop
  endfacet
  facet normal 0.000000e+00 -1.000000e+00 0.000000e+00
    outer loop
      vertex   1.545481e+00 1.000000e+00 -7.414110e+00
      vertex   3.911047e+00 1.000000e+00 -9.203462e+00
      vertex   1.600000e+00 1.000000e+00 -7.000000e+00
    endloop
  endfacet
  facet normal 0.000000e+00 -1.000000e+00 0.000000e+00
    outer loop
      vertex   1.600000e+00 1.000000e+00 -7.000000e+00
      vertex   3.911047e+00 1.000000e+00 -9.203462e+00
      vertex   5.209403e+00 1.000000e+00 -8.535931e+00
    endloop
  endfacet
  facet normal 0.000000e+00 -1.000000e+00 0.000000e+00
    outer loop
      vertex   1.600000e+00 1.000000e+00 -7.000000e+00
      vertex   5.209403e+00 1.000000e+00 -8.535931e+00
      vertex   1.545481e+00 1.000000e+00 -6.585890e+00
    endloop
  endfacet
  facet normal 0.000000e+00 -1.000000e+00 0.000000e+00
    outer loop
      vertex   1.545481e+00 1.000000e+00 -6.585890e+00
      vertex   5.209403e+00 1.000000e+00 -8.535931e+00
      vertex   6.396730e+00 1.000000e+00 -7.686471e+00
    endloop
  endfacet
  facet normal 0.000000e+00 -1.000000e+00 0.000000e+00
    outer loop
      vertex   1.545481e+00 1.000000e+00 -6.585890e+00
      vertex   6.396730e+00 1.000000e+00 -7.686471e+00
      vertex   1.385641e+00 1.000000e+00 -6.200000e+00
    endloop
  endfacet
  facet normal 0.000000e+00 -1.000000e+00 0.000000e+00
    outer loop
      vertex   1.385641e+00 1.000000e+00 -6.200000e+00
      vertex   6.396730e+00 1.000000e+00 -7.686471e+00
      vertex   7.447722e+00 1.000000e+00 -6.673188e+00
    endloop
  endfacet
  facet normal 0.000000e+00 -1.000000e+00 0.000000e+00
    outer loop
      vertex   1.385641e+00 1.000000e+00 -6.200000e+00
      vertex   7.447722e+00 1.000000e+00 -6.673188e+00
      vertex   6.200000e+00 1.000000e+00 -1.385641e+00
    endloop
  endfacet
  facet normal 0.000000e+00 -1.000000e+00 0.000000e+00
    outer loop
      vertex   6.200000e+00 1.000000e+00 -1.385641e+00
      vertex   7.447722e+00 1.000000e+00 -6.673188e+00
      vertex   6.585890e+00 1.000000e+00 -1.545481e+00
    endloop
  endfacet
  facet normal 0.000000e+00 -1.000000e+00 0.000000e+00
    outer loop
      vertex   6.585890e+00 1.000000e+00 -1.545481e+00
      vertex   7.447722e+00 1.000000e+00 -6.673188e+00
      vertex   8.339978e+00 1.000000e+00 -5.517677e+00
    endloop
  endfacet
  facet normal 0.000000e+00 -1.000000e+00 0.000000e+00
    outer loop
      vertex   6.585890e+00 1.000000e+00 -1.545481e+00
      vertex   8.339978e+00 1.000000e+00 -5.517677e+00
      vertex   7.000000e+00 1.000000e+00 -1.600000e+00
    endloop
  endfacet
  facet normal 0.000000e+00 -1.000000e+00 0.000000e+00
    outer loop
      vertex   7.000000e+00 1.000000e+00 -1.600000e+00
      vertex   8.339978e+00 1.000000e+00 -5.517677e+00
      vertex   9.054482e+00 1.000000e+00 -4.244567e+00
    endloop
  endfacet
  facet normal 0.000000e+00 -1.000000e+00 0.000000e+00
    outer loop
      vertex   7.000000e+00 1.000000e+00 -1.600000e+00
      vertex   9.054482e+00 1.000000e+00 -4.244567e+00
      vertex   7.414110e+00 1.000000e+00 -1.545481e+00
    endloop
  endfacet
  facet normal 0.000000e+00 -1.000000e+00 0.000000e+00
    outer loop
      vertex   7.414110e+00 1.000000e+00 -1.545481e+00
      vertex   9.054482e+00 1.000000e+00 -4.244567e+00
      vertex   9.576006e+00 1.000000e+00 -2.880991e+00
    endloop
  endfacet
  facet normal 0.000000e+00 -1.000000e+00 0.000000e+00
    outer loop
      vertex   7.414110e+00 1.000000e+00 -1.545481e+00
      vertex   9.576006e+00 1.000000e+00 -2.880991e+00
      vertex   7.800000e+00 1.000000e+00 -1.385641e+00
    endloop
  endfacet
  facet normal 0.000000e+00 -1.000000e+00 0.000000e+00
    outer loop
      vertex   7.800000e+00 1.000000e+00 -1.385641e+00
      vertex   9.576006e+00 1.000000e+00 -2.880991e+00
      vertex   8.131371e+00 1.000000e+00 -1.131371e+00
    endloop
  endfacet
  facet normal 0.000000e+00 -1.000000e+00 0.000000e+00
    outer loop
      vertex   8.131371e+00 1.000000e+00 -1.131371e+00
      vertex   9.576006e+00 1.000000e+00 -2.880991e+00
      vertex   9.893434e+00 1.000000e+00 -1.456012e+00
    endloop
  endfacet
  facet normal 0.000000e+00 -1.000000e+00 0.000000e+00
    outer loop
      vertex   8.131371e+00 1.000000e+00 -1.131371e+00
      vertex   9.893434e+00 1.000000e+00 -1.456012e+00
      vertex   8.385641e+00 1.000000e+00 -8.000000e-01
    endloop
  endfacet
  facet normal 0.000000e+00 -1.000000e+00 0.000000e+00
    outer loop
      vertex   8.385641e+00 1.000000e+00 -8.000000e-01
      vertex   9.893434e+00 1.000000e+00 -1.456012e+00
      vertex   8.545481e+00 1.000000e+00 -4.141105e-01
    endloop
  endfacet
  facet normal 0.000000e+00 -1.000000e+00 0.000000e+00
    outer loop
      vertex   8.545481e+00 1.000000e+00 -4.141105e-01
      vertex   9.893434e+00 1.000000e+00 -1.456012e+00
      vertex   1.000000e+01 1.000000e+00 -1.110223e-15
    endloop
  endfacet
  facet normal 0.000000e+00 -1.000000e+00 0.000000e+00
    outer loop
      vertex   8.545481e+00 1.000000e+00 -4.141105e-01
      vertex   1.000000e+01 1.000000e+00 -1.110223e-15
      vertex   8.600000e+00 1.000000e+00 1.110223e-15
    endloop
  endfacet
  facet normal 0.000000e+00 -1.000000e+00 0.000000e+00
    outer loop
      vertex   8.600000e+00 1.000000e+00 1.110223e-15
      vertex   1.000000e+01 1.000000e+00 -1.110223e-15
      vertex   8.545481e+00 1.000000e+00 4.141105e-01
    endloop
  endfacet
  facet normal 0.000000e+00 -1.000000e+00 0.000000e+00
    outer loop
      vertex   8.545481e+00 1.000000e+00 4.141105e-01
      vertex   1.000000e+01 1.000000e+00 -1.110223e-15
      vertex   9.893434e+00 1.000000e+00 1.456012e+00
    endloop
  endfacet
  facet normal 0.000000e+00 -1.000000e+00 0.000000e+00
    outer loop
      vertex   8.545481e+00 1.000000e+00 4.141105e-01
      vertex   9.893434e+00 1.000000e+00 1.456012e+00
      vertex   8.385641e+00 1.000000e+00 8.000000e-01
    endloop
  endfacet
  facet normal 0.000000e+00 -1.000000e+00 0.000000e+00
    outer loop
      vertex   8.385641e+00 1.000000e+00 8.000000e-01
      vertex   9.893434e+00 1.000000e+00 1.456012e+00
      vertex   8.131371e+00 1.000000e+00 1.131371e+00
    endloop
  endfacet
  facet normal 0.000000e+00 -1.000000e+00 0.000000e+00
    outer loop
      vertex   8.131371e+00 1.000000e+00 1.131371e+00
      vertex   9.893434e+00 1.000000e+00 1.456012e+00
      vertex   9.576006e+00 1.000000e+00 2.880991e+00
    endloop
  endfacet
  facet normal 0.000000e+00 -1.000000e+00 0.000000e+00
    outer loop
      vertex   8.131371e+00 1.000000e+00 1.131371e+00
      vertex   9.576006e+00 1.000000e+00 2.880991e+00
      vertex   7.800000e+00 1.000000e+00 1.385641e+00
    endloop
  endfacet
  facet normal 0.000000e+00 -1.000000e+00 0.000000e+00
    outer loop
      vertex   7.800000e+00 1.000000e+00 1.385641e+00
      vertex   9.576006e+00 1.000000e+00 2.880991e+00
      vertex   7.414110e+00 1.000000e+00 1.545481e+00
    endloop
  endfacet
  facet normal 0.000000e+00 -1.000000e+00 0.000000e+00
    outer loop
      vertex   7.414110e+00 1.000000e+00 1.545481e+00
      vertex   9.576006e+00 1.000000e+00 2.880991e+00
      vertex   9.054482e+00 1.000000e+00 4.244567e+00
    endloop
  endfacet
  facet normal 0.000000e+00 -1.000000e+00 0.000000e+00
    outer loop
      vertex   7.414110e+00 1.000000e+00 1.545481e+00
      vertex   9.054482e+00 1.000000e+00 4.244567e+00
      vertex   7.000000e+00 1.000000e+00 1.600000e+00
    endloop
  endfacet
  facet normal 0.000000e+00 -1.000000e+00 0.000000e+00
    outer loop
      vertex   7.000000e+00 1.000000e+00 1.600000e+00
      vertex   9.054482e+00 1.000000e+00 4.244567e+00
      vertex   8.339978e+00 1.000000e+00 5.517677e+00
    endloop
  endfacet
  facet normal -0.000000e+00 -1.000000e+00 0.000000e+00
    outer loop
      vertex   7.000000e+00 1.000000e+00 1.600000e+00
      vertex   8.339978e+00 1.000000e+00 5.517677e+00
      vertex   6.585890e+00 1.000000e+00 1.545481e+00
    endloop
  endfacet
  facet normal 0.000000e+00 -1.000000e+00 0.000000e+00
    outer loop
      vertex   6.585890e+00 1.000000e+00 1.545481e+00
      vertex   8.339978e+00 1.000000e+00 5.517677e+00
      vertex   7.447722e+00 1.000000e+00 6.673188e+00
    endloop
  endfacet
  facet normal 0.000000e+00 -1.000000e+00 -0.000000e+00
    outer loop
      vertex   1.545481e+00 1.000000e+00 -7.414110e+00
      vertex   1.385641e+00 1.000000e+00 -7.800000e+00
      vertex   3.911047e+00 1.000000e+00 -9.203462e+00
    endloop
  endfacet
  facet normal -0.000000e+00 -1.000000e+00 0.000000e+00
    outer loop
      vertex   3.911047e+00 1.000000e+00 -9.203462e+00
      vertex   1.385641e+00 1.000000e+00 -7.800000e+00
      vertex   2.529334e+00 1.000000e+00 -9.674837e+00
    endloop
  endfacet
  facet normal 0.000000e+00 -1.000000e+00 0.000000e+00
    outer loop
      vertex   2.529334e+00 1.000000e+00 -9.674837e+00
      vertex   1.385641e+00 1.000000e+00 -7.800000e+00
      vertex   1.131371e+00 1.000000e+00 -8.131371e+00
    endloop
  endfacet
  facet normal -0.000000e+00 -1.000000e+00 0.000000e+00
    outer loop
      vertex   2.529334e+00 1.000000e+00 -9.674837e+00
      vertex   1.131371e+00 1.000000e+00 -8.131371e+00
      vertex   1.093712e+00 1.000000e+00 -9.940010e+00
    endloop
  endfacet
  facet normal 0.000000e+00 -1.000000e+00 0.000000e+00
    outer loop
      vertex   1.093712e+00 1.000000e+00 -9.940010e+00
      vertex   1.131371e+00 1.000000e+00 -8.131371e+00
      vertex   8.000000e-01 1.000000e+00 -8.385641e+00
    endloop
  endfacet
  facet normal 0.000000e+00 -1.000000e+00 0.000000e+00
    outer loop
      vertex   1.093712e+00 1.000000e+00 -9.940010e+00
      vertex   8.000000e-01 1.000000e+00 -8.385641e+00
      vertex   4.141105e-01 1.000000e+00 -8.545481e+00
    endloop
  endfacet
  facet normal -0.000000e+00 -1.000000e+00 0.000000e+00
    outer loop
      vertex   1.093712e+00 1.000000e+00 -9.940010e+00
      vertex   4.141105e-01 1.000000e+00 -8.545481e+00
      vertex   -3.652202e-01 1.000000e+00 -9.993328e+00
    endloop
  endfacet
  facet normal 0.000000e+00 -1.000000e+00 0.000000e+00
    outer loop
      vertex   -3.652202e-01 1.000000e+00 -9.993328e+00
      vertex   4.141105e-01 1.000000e+00 -8.545481e+00
      vertex   -9.797174e-17 1.000000e+00 -8.600000e+00
    endloop
  endfacet
  facet normal 0.000000e+00 -1.000000e+00 0.000000e+00
    outer loop
      vertex   -3.652202e-01 1.000000e+00 -9.993328e+00
      vertex   -9.797174e-17 1.000000e+00 -8.600000e+00
      vertex   -4.141105e-01 1.000000e+00 -8.545481e+00
    endloop
  endfacet
  facet normal -0.000000e+00 -1.000000e+00 -0.000000e+00
    outer loop
      vertex   -4.141105e-01 1.000000e+00 -8.545481e+00
      vertex   -8.000000e-01 1.000000e+00 -8.385641e+00
      vertex   -3.652202e-01 1.000000e+00 -9.993328e+00
    endloop
  endfacet
  facet normal 0.000000e+00 -1.000000e+00 0.000000e+00
    outer loop
      vertex   -3.652202e-01 1.000000e+00 -9.993328e+00
      vertex   -8.000000e-01 1.000000e+00 -8.385641e+00
      vertex   -1.816369e+00 1.000000e+00 -9.833657e+00
    endloop
  endfacet
  facet normal 0.000000e+00 -1.000000e+00 0.000000e+00
    outer loop
      vertex   -1.816369e+00 1.000000e+00 -9.833657e+00
      vertex   -8.000000e-01 1.000000e+00 -8.385641e+00
      vertex   -1.131371e+00 1.000000e+00 -8.131371e+00
    endloop
  endfacet
  facet normal 0.000000e+00 -1.000000e+00 0.000000e+00
    outer loop
      vertex   -1.816369e+00 1.000000e+00 -9.833657e+00
      vertex   -1.131371e+00 1.000000e+00 -8.131371e+00
      vertex   -1.385641e+00 1.000000e+00 -7.800000e+00
    endloop
  endfacet
  facet normal 0.000000e+00 -1.000000e+00 0.000000e+00
    outer loop
      vertex   -1.816369e+00 1.000000e+00 -9.833657e+00
      vertex   -1.385641e+00 1.000000e+00 -7.800000e+00
      vertex   -3.228804e+00 1.000000e+00 -9.464398e+00
    endloop
  endfacet
  facet normal 0.000000e+00 -1.000000e+00 0.000000e+00
    outer loop
      vertex   -3.228804e+00 1.000000e+00 -9.464398e+00
      vertex   -1.385641e+00 1.000000e+00 -7.800000e+00
      vertex   -1.545481e+00 1.000000e+00 -7.414110e+00
    endloop
  endfacet
  facet normal 0.000000e+00 -1.000000e+00 0.000000e+00
    outer loop
      vertex   -3.228804e+00 1.000000e+00 -9.464398e+00
      vertex   -1.545481e+00 1.000000e+00 -7.414110e+00
      vertex   -4.572423e+00 1.000000e+00 -8.893421e+00
    endloop
  endfacet
  facet normal 0.000000e+00 -1.000000e+00 0.000000e+00
    outer loop
      vertex   -4.572423e+00 1.000000e+00 -8.893421e+00
      vertex   -1.545481e+00 1.000000e+00 -7.414110e+00
      vertex   -1.600000e+00 1.000000e+00 -7.000000e+00
    endloop
  endfacet
  facet normal 0.000000e+00 -1.000000e+00 0.000000e+00
    outer loop
      vertex   -4.572423e+00 1.000000e+00 -8.893421e+00
      vertex   -1.600000e+00 1.000000e+00 -7.000000e+00
      vertex   -5.818589e+00 1.000000e+00 -8.132897e+00
    endloop
  endfacet
  facet normal 0.000000e+00 -1.000000e+00 0.000000e+00
    outer loop
      vertex   -5.818589e+00 1.000000e+00 -8.132897e+00
      vertex   -1.600000e+00 1.000000e+00 -7.000000e+00
      vertex   -1.545481e+00 1.000000e+00 -6.585890e+00
    endloop
  endfacet
  facet normal 0.000000e+00 -1.000000e+00 0.000000e+00
    outer loop
      vertex   -5.818589e+00 1.000000e+00 -8.132897e+00
      vertex   -1.545481e+00 1.000000e+00 -6.585890e+00
      vertex   -6.940742e+00 1.000000e+00 -7.199035e+00
    endloop
  endfacet
  facet normal 0.000000e+00 -1.000000e+00 0.000000e+00
    outer loop
      vertex   -6.940742e+00 1.000000e+00 -7.199035e+00
      vertex   -1.545481e+00 1.000000e+00 -6.585890e+00
      vertex   -1.385641e+00 1.000000e+00 -6.200000e+00
    endloop
  endfacet
  facet normal 0.000000e+00 -1.000000e+00 0.000000e+00
    outer loop
      vertex   1.131371e+00 1.000000e+00 -5.868629e+00
      vertex   1.385641e+00 1.000000e+00 -6.200000e+00
      vertex   5.868629e+00 1.000000e+00 -1.131371e+00
    endloop
  endfacet
  facet normal 0.000000e+00 -1.000000e+00 -0.000000e+00
    outer loop
      vertex   5.868629e+00 1.000000e+00 -1.131371e+00
      vertex   1.385641e+00 1.000000e+00 -6.200000e+00
      vertex   6.200000e+00 1.000000e+00 -1.385641e+00
    endloop
  endfacet
  facet normal -9.973323e-01 0.000000e+00 7.299531e-02
    outer loop
      vertex   9.893434e+00 1.000000e+00 -1.456012e+00
      vertex   9.893434e+00 0.000000e+00 -1.456012e+00
      vertex   1.000000e+01 1.000000e+00 -1.110223e-15
    endloop
  endfacet
  facet normal -9.973323e-01 -8.352399e-18 7.299531e-02
    outer loop
      vertex   1.000000e+01 1.000000e+00 -1.110223e-15
      vertex   9.893434e+00 0.000000e+00 -1.456012e+00
      vertex   1.000000e+01 -2.220446e-15 -1.224647e-15
    endloop
  endfacet
  facet normal -9.973323e-01 8.352399e-18 -7.299531e-02
    outer loop
      vertex   1.000000e+01 1.000000e+00 -1.110223e-15
      vertex   1.000000e+01 -2.220446e-15 -1.224647e-15
      vertex   9.893434e+00 1.000000e+00 1.456012e+00
    endloop
  endfacet
  facet normal -9.973323e-01 -0.000000e+00 -7.299531e-02
    outer loop
      vertex   9.893434e+00 1.000000e+00 1.456012e+00
      vertex   1.000000e+01 -2.220446e-15 -1.224647e-15
      vertex   9.893434e+00 0.000000e+00 1.456012e+00
    endloop
  endfacet
  facet normal -9.760759e-01 -0.000000e+00 -2.174302e-01
    outer loop
      vertex   9.893434e+00 1.000000e+00 1.456012e+00
      vertex   9.893434e+00 0.000000e+00 1.456012e+00
      vertex   9.576006e+00 1.000000e+00 2.880991e+00
    endloop
  endfacet
  facet normal -9.760759e-01 -7.682751e-16 -2.174302e-01
    outer loop
      vertex   9.576006e+00 1.000000e+00 2.880991e+00
      vertex   9.893434e+00 0.000000e+00 1.456012e+00
      vertex   9.576006e+00 0.000000e+00 2.880991e+00
    endloop
  endfacet
  facet normal -9.340161e-01 -7.272207e-17 -3.572309e-01
    outer loop
      vertex   9.576006e+00 1.000000e+00 2.880991e+00
      vertex   9.576006e+00 0.000000e+00 2.880991e+00
      vertex   9.054482e+00 1.000000e+00 4.244567e+00
    endloop
  endfacet
  facet normal -9.340161e-01 -1.731868e-15 -3.572309e-01
    outer loop
      vertex   9.054482e+00 1.000000e+00 4.244567e+00
      vertex   9.576006e+00 0.000000e+00 2.880991e+00
      vertex   9.054482e+00 0.000000e+00 4.244567e+00
    endloop
  endfacet
  facet normal -8.720494e-01 -9.246900e-16 -4.894178e-01
    outer loop
      vertex   9.054482e+00 1.000000e+00 4.244567e+00
      vertex   9.054482e+00 0.000000e+00 4.244567e+00
      vertex   8.339978e+00 1.000000e+00 5.517677e+00
    endloop
  endfacet
  facet normal -8.720494e-01 8.140715e-16 -4.894178e-01
    outer loop
      vertex   8.339978e+00 1.000000e+00 5.517677e+00
      vertex   9.054482e+00 0.000000e+00 4.244567e+00
      vertex   8.339978e+00 0.000000e+00 5.517677e+00
    endloop
  endfacet
  facet normal -7.914965e-01 2.073521e-15 -6.111737e-01
    outer loop
      vertex   8.339978e+00 1.000000e+00 5.517677e+00
      vertex   8.339978e+00 0.000000e+00 5.517677e+00
      vertex   7.447722e+00 1.000000e+00 6.673188e+00
    endloop
  endfacet
  facet normal -7.914965e-01 -0.000000e+00 -6.111737e-01
    outer loop
      vertex   7.447722e+00 1.000000e+00 6.673188e+00
      vertex   8.339978e+00 0.000000e+00 5.517677e+00
      vertex   7.447722e+00 0.000000e+00 6.673188e+00
    endloop
  endfacet
  facet normal -6.940742e-01 -0.000000e+00 -7.199035e-01
    outer loop
      vertex   7.447722e+00 1.000000e+00 6.673188e+00
      vertex   7.447722e+00 0.000000e+00 6.673188e+00
      vertex   6.396730e+00 1.000000e+00 7.686471e+00
    endloop
  endfacet
  facet normal -6.940742e-01 -0.000000e+00 -7.199035e-01
    outer loop
      vertex   6.396730e+00 1.000000e+00 7.686471e+00
      vertex   7.447722e+00 0.000000e+00 6.673188e+00
      vertex   6.396730e+00 0.000000e+00 7.686471e+00
    endloop
  endfacet
  facet normal -5.818589e-01 -0.000000e+00 -8.132897e-01
    outer loop
      vertex   6.396730e+00 1.000000e+00 7.686471e+00
      vertex   6.396730e+00 0.000000e+00 7.686471e+00
      vertex   5.209403e+00 1.000000e+00 8.535931e+00
    endloop
  endfacet
  facet normal -5.818589e-01 8.222075e-16 -8.132897e-01
    outer loop
      vertex   5.209403e+00 1.000000e+00 8.535931e+00
      vertex   6.396730e+00 0.000000e+00 7.686471e+00
      vertex   5.209403e+00 0.000000e+00 8.535931e+00
    endloop
  endfacet
  facet normal -4.572423e-01 1.535127e-15 -8.893421e-01
    outer loop
      vertex   5.209403e+00 1.000000e+00 8.535931e+00
      vertex   5.209403e+00 0.000000e+00 8.535931e+00
      vertex   3.911047e+00 1.000000e+00 9.203462e+00
    endloop
  endfacet
  facet normal -4.572423e-01 3.167887e-16 -8.893421e-01
    outer loop
      vertex   3.911047e+00 1.000000e+00 9.203462e+00
      vertex   5.209403e+00 0.000000e+00 8.535931e+00
      vertex   3.911047e+00 0.000000e+00 9.203462e+00
    endloop
  endfacet
  facet normal -3.228804e-01 1.355002e-15 -9.464398e-01
    outer loop
      vertex   3.911047e+00 1.000000e+00 9.203462e+00
      vertex   3.911047e+00 0.000000e+00 9.203462e+00
      vertex   2.529334e+00 1.000000e+00 9.674837e+00
    endloop
  endfacet
  facet normal -3.228804e-01 -0.000000e+00 -9.464398e-01
    outer loop
      vertex   2.529334e+00 1.000000e+00 9.674837e+00
      vertex   3.911047e+00 0.000000e+00 9.203462e+00
      vertex   2.529334e+00 0.000000e+00 9.674837e+00
    endloop
  endfacet
  facet normal -1.816369e-01 -0.000000e+00 -9.833657e-01
    outer loop
      vertex   2.529334e+00 1.000000e+00 9.674837e+00
      vertex   2.529334e+00 0.000000e+00 9.674837e+00
      vertex   1.093712e+00 1.000000e+00 9.940010e+00
    endloop
  endfacet
  facet normal -1.816369e-01 -4.033148e-16 -9.833657e-01
    outer loop
      vertex   1.093712e+00 1.000000e+00 9.940010e+00
      vertex   2.529334e+00 0.000000e+00 9.674837e+00
      vertex   1.093712e+00 0.000000e+00 9.940010e+00
    endloop
  endfacet
  facet normal -3.652202e-02 -8.109518e-17 -9.993328e-01
    outer loop
      vertex   1.093712e+00 1.000000e+00 9.940010e+00
      vertex   1.093712e+00 0.000000e+00 9.940010e+00
      vertex   -3.652202e-01 1.000000e+00 9.993328e+00
    endloop
  endfacet
  facet normal -3.652202e-02 -1.621904e-16 -9.993328e-01
    outer loop
      vertex   -3.652202e-01 1.000000e+00 9.993328e+00
      vertex   1.093712e+00 0.000000e+00 9.940010e+00
      vertex   -3.652202e-01 0.000000e+00 9.993328e+00
    endloop
  endfacet
  facet normal 1.093712e-01 4.857057e-16 -9.940010e-01
    outer loop
      vertex   -3.652202e-01 1.000000e+00 9.993328e+00
      vertex   -3.652202e-01 0.000000e+00 9.993328e+00
      vertex   -1.816369e+00 1.000000e+00 9.833657e+00
    endloop
  endfacet
  facet normal 1.093712e-01 4.857057e-16 -9.940010e-01
    outer loop
      vertex   -1.816369e+00 1.000000e+00 9.833657e+00
      vertex   -3.652202e-01 0.000000e+00 9.993328e+00
      vertex   -1.816369e+00 0.000000e+00 9.833657e+00
    endloop
  endfacet
  facet normal 2.529334e-01 1.123250e-15 -9.674837e-01
    outer loop
      vertex   -1.816369e+00 1.000000e+00 9.833657e+00
      vertex   -1.816369e+00 0.000000e+00 9.833657e+00
      vertex   -3.228804e+00 1.000000e+00 9.464398e+00
    endloop
  endfacet
  facet normal 2.529334e-01 -1.864643e-15 -9.674837e-01
    outer loop
      vertex   -3.228804e+00 1.000000e+00 9.464398e+00
      vertex   -1.816369e+00 0.000000e+00 9.833657e+00
      vertex   -3.228804e+00 0.000000e+00 9.464398e+00
    endloop
  endfacet
  facet normal 3.911047e-01 -8.381311e-16 -9.203462e-01
    outer loop
      vertex   -3.228804e+00 1.000000e+00 9.464398e+00
      vertex   -3.228804e+00 0.000000e+00 9.464398e+00
      vertex   -4.572423e+00 1.000000e+00 8.893421e+00
    endloop
  endfacet
  facet normal 3.911047e-01 0.000000e+00 -9.203462e-01
    outer loop
      vertex   -4.572423e+00 1.000000e+00 8.893421e+00
      vertex   -3.228804e+00 0.000000e+00 9.464398e+00
      vertex   -4.572423e+00 0.000000e+00 8.893421e+00
    endloop
  endfacet
  facet normal 5.209403e-01 0.000000e+00 -8.535931e-01
    outer loop
      vertex   -4.572423e+00 1.000000e+00 8.893421e+00
      vertex   -4.572423e+00 0.000000e+00 8.893421e+00
      vertex   -5.818589e+00 1.000000e+00 8.132897e+00
    endloop
  endfacet
  facet normal 5.209403e-01 3.344660e-16 -8.535931e-01
    outer loop
      vertex   -5.818589e+00 1.000000e+00 8.132897e+00
      vertex   -4.572423e+00 0.000000e+00 8.893421e+00
      vertex   -5.818589e+00 0.000000e+00 8.132897e+00
    endloop
  endfacet
  facet normal 6.396730e-01 9.071835e-16 -7.686471e-01
    outer loop
      vertex   -5.818589e+00 1.000000e+00 8.132897e+00
      vertex   -5.818589e+00 0.000000e+00 8.132897e+00
      vertex   -6.940742e+00 1.000000e+00 7.199035e+00
    endloop
  endfacet
  facet normal 6.396730e-01 2.244877e-16 -7.686471e-01
    outer loop
      vertex   -6.940742e+00 1.000000e+00 7.199035e+00
      vertex   -5.818589e+00 0.000000e+00 8.132897e+00
      vertex   -6.940742e+00 0.000000e+00 7.199035e+00
    endloop
  endfacet
  facet normal 7.447722e-01 8.678678e-16 -6.673188e-01
    outer loop
      vertex   -6.940742e+00 1.000000e+00 7.199035e+00
      vertex   -6.940742e+00 0.000000e+00 7.199035e+00
      vertex   -7.914965e+00 1.000000e+00 6.111737e+00
    endloop
  endfacet
  facet normal 7.447722e-01 0.000000e+00 -6.673188e-01
    outer loop
      vertex   -7.914965e+00 1.000000e+00 6.111737e+00
      vertex   -6.940742e+00 0.000000e+00 7.199035e+00
      vertex   -7.914965e+00 0.000000e+00 6.111737e+00
    endloop
  endfacet
  facet normal 8.339978e-01 0.000000e+00 -5.517677e-01
    outer loop
      vertex   -7.914965e+00 1.000000e+00 6.111737e+00
      vertex   -7.914965e+00 0.000000e+00 6.111737e+00
      vertex   -8.720494e+00 1.000000e+00 4.894178e+00
    endloop
  endfacet
  facet normal 8.339978e-01 -4.787951e-16 -5.517677e-01
    outer loop
      vertex   -8.720494e+00 1.000000e+00 4.894178e+00
      vertex   -7.914965e+00 0.000000e+00 6.111737e+00
      vertex   -8.720494e+00 0.000000e+00 4.894178e+00
    endloop
  endfacet
  facet normal 9.054482e-01 1.004260e-16 -4.244567e-01
    outer loop
      vertex   -8.720494e+00 1.000000e+00 4.894178e+00
      vertex   -8.720494e+00 0.000000e+00 4.894178e+00
      vertex   -9.340161e+00 1.000000e+00 3.572309e+00
    endloop
  endfacet
  facet normal 9.054482e-01 0.000000e+00 -4.244567e-01
    outer loop
      vertex   -9.340161e+00 1.000000e+00 3.572309e+00
      vertex   -8.720494e+00 0.000000e+00 4.894178e+00
      vertex   -9.340161e+00 0.000000e+00 3.572309e+00
    endloop
  endfacet
  facet normal 9.576006e-01 0.000000e+00 -2.880991e-01
    outer loop
      vertex   -9.340161e+00 1.000000e+00 3.572309e+00
      vertex   -9.340161e+00 0.000000e+00 3.572309e+00
      vertex   -9.760759e+00 1.000000e+00 2.174302e+00
    endloop
  endfacet
  facet normal 9.576006e-01 -1.279417e-15 -2.880991e-01
    outer loop
      vertex   -9.760759e+00 1.000000e+00 2.174302e+00
      vertex   -9.340161e+00 0.000000e+00 3.572309e+00
      vertex   -9.760759e+00 0.000000e+00 2.174302e+00
    endloop
  endfacet
  facet normal 9.893434e-01 -6.465991e-16 -1.456012e-01
    outer loop
      vertex   -9.760759e+00 1.000000e+00 2.174302e+00
      vertex   -9.760759e+00 0.000000e+00 2.174302e+00
      vertex   -9.973323e+00 1.000000e+00 7.299531e-01
    endloop
  endfacet
  facet normal 9.893434e-01 -6.465991e-16 -1.456012e-01
    outer loop
      vertex   -9.973323e+00 1.000000e+00 7.299531e-01
      vertex   -9.760759e+00 0.000000e+00 2.174302e+00
      vertex   -9.973323e+00 0.000000e+00 7.299531e-01
    endloop
  endfacet
  facet normal 1.000000e+00 0.000000e+00 0.000000e+00
    outer loop
      vertex   -9.973323e+00 1.000000e+00 7.299531e-01
      vertex   -9.973323e+00 0.000000e+00 7.299531e-01
      vertex   -9.973323e+00 1.000000e+00 -7.299531e-01
    endloop
  endfacet
  facet normal 1.000000e+00 0.000000e+00 0.000000e+00
    outer loop
      vertex   -9.973323e+00 1.000000e+00 -7.299531e-01
      vertex   -9.973323e+00 0.000000e+00 7.299531e-01
      vertex   -9.973323e+00 0.000000e+00 -7.299531e-01
    endloop
  endfacet
  facet normal 9.893434e-01 6.465991e-16 1.456012e-01
    outer loop
      vertex   -9.973323e+00 1.000000e+00 -7.299531e-01
      vertex   -9.973323e+00 0.000000e+00 -7.299531e-01
      vertex   -9.760759e+00 1.000000e+00 -2.174302e+00
    endloop
  endfacet
  facet normal 9.893434e-01 6.465991e-16 1.456012e-01
    outer loop
      vertex   -9.760759e+00 1.000000e+00 -2.174302e+00
      vertex   -9.973323e+00 0.000000e+00 -7.299531e-01
      vertex   -9.760759e+00 0.000000e+00 -2.174302e+00
    endloop
  endfacet
  facet normal 9.576006e-01 1.279417e-15 2.880991e-01
    outer loop
      vertex   -9.760759e+00 1.000000e+00 -2.174302e+00
      vertex   -9.760759e+00 0.000000e+00 -2.174302e+00
      vertex   -9.340161e+00 1.000000e+00 -3.572309e+00
    endloop
  endfacet
  facet normal 9.576006e-01 0.000000e+00 2.880991e-01
    outer loop
      vertex   -9.340161e+00 1.000000e+00 -3.572309e+00
      vertex   -9.760759e+00 0.000000e+00 -2.174302e+00
      vertex   -9.340161e+00 0.000000e+00 -3.572309e+00
    endloop
  endfacet
  facet normal 9.054482e-01 0.000000e+00 4.244567e-01
    outer loop
      vertex   -9.340161e+00 1.000000e+00 -3.572309e+00
      vertex   -9.340161e+00 0.000000e+00 -3.572309e+00
      vertex   -8.720494e+00 1.000000e+00 -4.894178e+00
    endloop
  endfacet
  facet normal 9.054482e-01 -1.004260e-16 4.244567e-01
    outer loop
      vertex   -8.720494e+00 1.000000e+00 -4.894178e+00
      vertex   -9.340161e+00 0.000000e+00 -3.572309e+00
      vertex   -8.720494e+00 0.000000e+00 -4.894178e+00
    endloop
  endfacet
  facet normal 8.339978e-01 4.787951e-16 5.517677e-01
    outer loop
      vertex   -8.720494e+00 1.000000e+00 -4.894178e+00
      vertex   -8.720494e+00 0.000000e+00 -4.894178e+00
      vertex   -7.914965e+00 1.000000e+00 -6.111737e+00
    endloop
  endfacet
  facet normal 8.339978e-01 0.000000e+00 5.517677e-01
    outer loop
      vertex   -7.914965e+00 1.000000e+00 -6.111737e+00
      vertex   -8.720494e+00 0.000000e+00 -4.894178e+00
      vertex   -7.914965e+00 0.000000e+00 -6.111737e+00
    endloop
  endfacet
  facet normal 7.447722e-01 0.000000e+00 6.673188e-01
    outer loop
      vertex   -7.914965e+00 1.000000e+00 -6.111737e+00
      vertex   -7.914965e+00 0.000000e+00 -6.111737e+00
      vertex   -6.940742e+00 1.000000e+00 -7.199035e+00
    endloop
  endfacet
  facet normal 7.447722e-01 -8.678678e-16 6.673188e-01
    outer loop
      vertex   -6.940742e+00 1.000000e+00 -7.199035e+00
      vertex   -7.914965e+00 0.000000e+00 -6.111737e+00
      vertex   -6.940742e+00 0.000000e+00 -7.199035e+00
    endloop
  endfacet
  facet normal 6.396730e-01 -2.244877e-16 7.686471e-01
    outer loop
      vertex   -6.940742e+00 1.000000e+00 -7.199035e+00
      vertex   -6.940742e+00 0.000000e+00 -7.199035e+00
      vertex   -5.818589e+00 1.000000e+00 -8.132897e+00
    endloop
  endfacet
  facet normal 6.396730e-01 -9.071835e-16 7.686471e-01
    outer loop
      vertex   -5.818589e+00 1.000000e+00 -8.132897e+00
      vertex   -6.940742e+00 0.000000e+00 -7.199035e+00
      vertex   -5.818589e+00 0.000000e+00 -8.132897e+00
    endloop
  endfacet
  facet normal 5.209403e-01 -3.344660e-16 8.535931e-01
    outer loop
      vertex   -5.818589e+00 1.000000e+00 -8.132897e+00
      vertex   -5.818589e+00 0.000000e+00 -8.132897e+00
      vertex   -4.572423e+00 1.000000e+00 -8.893421e+00
    endloop
  endfacet
  facet normal 5.209403e-01 0.000000e+00 8.535931e-01
    outer loop
      vertex   -4.572423e+00 1.000000e+00 -8.893421e+00
      vertex   -5.818589e+00 0.000000e+00 -8.132897e+00
      vertex   -4.572423e+00 0.000000e+00 -8.893421e+00
    endloop
  endfacet
  facet normal 3.911047e-01 0.000000e+00 9.203462e-01
    outer loop
      vertex   -4.572423e+00 1.000000e+00 -8.893421e+00
      vertex   -4.572423e+00 0.000000e+00 -8.893421e+00
      vertex   -3.228804e+00 1.000000e+00 -9.464398e+00
    endloop
  endfacet
  facet normal 3.911047e-01 8.381311e-16 9.203462e-01
    outer loop
      vertex   -3.228804e+00 1.000000e+00 -9.464398e+00
      vertex   -4.572423e+00 0.000000e+00 -8.893421e+00
      vertex   -3.228804e+00 0.000000e+00 -9.464398e+00
    endloop
  endfacet
  facet normal 2.529334e-01 1.864643e-15 9.674837e-01
    outer loop
      vertex   -3.228804e+00 1.000000e+00 -9.464398e+00
      vertex   -3.228804e+00 0.000000e+00 -9.464398e+00
      vertex   -1.816369e+00 1.000000e+00 -9.833657e+00
    endloop
  endfacet
  facet normal 2.529334e-01 -1.123250e-15 9.674837e-01
    outer loop
      vertex   -1.816369e+00 1.000000e+00 -9.833657e+00
      vertex   -3.228804e+00 0.000000e+00 -9.464398e+00
      vertex   -1.816369e+00 0.000000e+00 -9.833657e+00
    endloop
  endfacet
  facet normal 1.093712e-01 -4.857057e-16 9.940010e-01
    outer loop
      vertex   -1.816369e+00 1.000000e+00 -9.833657e+00
      vertex   -1.816369e+00 0.000000e+00 -9.833657e+00
      vertex   -3.652202e-01 1.000000e+00 -9.993328e+00
    endloop
  endfacet
  facet normal 1.093712e-01 -4.857057e-16 9.940010e-01
    outer loop
      vertex   -3.652202e-01 1.000000e+00 -9.993328e+00
      vertex   -1.816369e+00 0.000000e+00 -9.833657e+00
      vertex   -3.652202e-01 0.000000e+00 -9.993328e+00
    endloop
  endfacet
  facet normal -3.652202e-02 1.621904e-16 9.993328e-01
    outer loop
      vertex   -3.652202e-01 1.000000e+00 -9.993328e+00
      vertex   -3.652202e-01 0.000000e+00 -9.993328e+00
      vertex   1.093712e+00 1.000000e+00 -9.940010e+00
    endloop
  endfacet
  facet normal -3.652202e-02 8.109518e-17 9.993328e-01
    outer loop
      vertex   1.093712e+00 1.000000e+00 -9.940010e+00
      vertex   -3.652202e-01 0.000000e+00 -9.993328e+00
      vertex   1.093712e+00 0.000000e+00 -9.940010e+00
    endloop
  endfacet
  facet normal -1.816369e-01 4.033148e-16 9.833657e-01
    outer loop
      vertex   1.093712e+00 1.000000e+00 -9.940010e+00
      vertex   1.093712e+00 0.000000e+00 -9.940010e+00
      vertex   2.529334e+00 1.000000e+00 -9.674837e+00
    endloop
  endfacet
  facet normal -1.816369e-01 0.000000e+00 9.833657e-01
    outer loop
      vertex   2.529334e+00 1.000000e+00 -9.674837e+00
      vertex   1.093712e+00 0.000000e+00 -9.940010e+00
      vertex   2.529334e+00 0.000000e+00 -9.674837e+00
    endloop
  endfacet
  facet normal -3.228804e-01 0.000000e+00 9.464398e-01
    outer loop
      vertex   2.529334e+00 1.000000e+00 -9.674837e+00
      vertex   2.529334e+00 0.000000e+00 -9.674837e+00
      vertex   3.911047e+00 1.000000e+00 -9.203462e+00
    endloop
  endfacet
  facet normal -3.228804e-01 -1.355002e-15 9.464398e-01
    outer loop
      vertex   3.911047e+00 1.000000e+00 -9.203462e+00
      vertex   2.529334e+00 0.000000e+00 -9.674837e+00
      vertex   3.911047e+00 0.000000e+00 -9.203462e+00
    endloop
  endfacet
  facet normal -4.572423e-01 -3.167887e-16 8.893421e-01
    outer loop
      vertex   3.911047e+00 1.000000e+00 -9.203462e+00
      vertex   3.911047e+00 0.000000e+00 -9.203462e+00
      vertex   5.209403e+00 1.000000e+00 -8.535931e+00
    endloop
  endfacet
  facet normal -4.572423e-01 -1.535127e-15 8.893421e-01
    outer loop
      vertex   5.209403e+00 1.000000e+00 -8.535931e+00
      vertex   3.911047e+00 0.000000e+00 -9.203462e+00
      vertex   5.209403e+00 0.000000e+00 -8.535931e+00
    endloop
  endfacet
  facet normal -5.818589e-01 -8.222075e-16 8.132897e-01
    outer loop
      vertex   5.209403e+00 1.000000e+00 -8.535931e+00
      vertex   5.209403e+00 0.000000e+00 -8.535931e+00
      vertex   6.396730e+00 1.000000e+00 -7.686471e+00
    endloop
  endfacet
  facet normal -5.818589e-01 0.000000e+00 8.132897e-01
    outer loop
      vertex   6.396730e+00 1.000000e+00 -7.686471e+00
      vertex   5.209403e+00 0.000000e+00 -8.535931e+00
      vertex   6.396730e+00 0.000000e+00 -7.686471e+00
    endloop
  endfacet
  facet normal -6.940742e-01 0.000000e+00 7.199035e-01
    outer loop
      vertex   6.396730e+00 1.000000e+00 -7.686471e+00
      vertex   6.396730e+00 0.000000e+00 -7.686471e+00
      vertex   7.447722e+00 1.000000e+00 -6.673188e+00
    endloop
  endfacet
  facet normal -6.940742e-01 0.000000e+00 7.199035e-01
    outer loop
      vertex   7.447722e+00 1.000000e+00 -6.673188e+00
      vertex   6.396730e+00 0.000000e+00 -7.686471e+00
      vertex   7.447722e+00 0.000000e+00 -6.673188e+00
    endloop
  endfacet
  facet normal -7.914965e-01 0.000000e+00 6.111737e-01
    outer loop
      vertex   7.447722e+00 1.000000e+00 -6.673188e+00
      vertex   7.447722e+00 0.000000e+00 -6.673188e+00
      vertex   8.339978e+00 1.000000e+00 -5.517677e+00
    endloop
  endfacet
  facet normal -7.914965e-01 -2.073521e-15 6.111737e-01
    outer loop
      vertex   8.339978e+00 1.000000e+00 -5.517677e+00
      vertex   7.447722e+00 0.000000e+00 -6.673188e+00
      vertex   8.339978e+00 0.000000e+00 -5.517677e+00
    endloop
  endfacet
  facet normal -8.720494e-01 -8.140715e-16 4.894178e-01
    outer loop
      vertex   8.339978e+00 1.000000e+00 -5.517677e+00
      vertex   8.339978e+00 0.000000e+00 -5.517677e+00
      vertex   9.054482e+00 1.000000e+00 -4.244567e+00
    endloop
  endfacet
  facet normal -8.720494e-01 9.246900e-16 4.894178e-01
    outer loop
      vertex   9.054482e+00 1.000000e+00 -4.244567e+00
      vertex   8.339978e+00 0.000000e+00 -5.517677e+00
      vertex   9.054482e+00 0.000000e+00 -4.244567e+00
    endloop
  endfacet
  facet normal -9.340161e-01 1.731868e-15 3.572309e-01
    outer loop
      vertex   9.054482e+00 1.000000e+00 -4.244567e+00
      vertex   9.054482e+00 0.000000e+00 -4.244567e+00
      vertex   9.576006e+00 1.000000e+00 -2.880991e+00
    endloop
  endfacet
  facet normal -9.340161e-01 7.272207e-17 3.572309e-01
    outer loop
      vertex   9.576006e+00 1.000000e+00 -2.880991e+00
      vertex   9.054482e+00 0.000000e+00 -4.244567e+00
      vertex   9.576006e+00 0.000000e+00 -2.880991e+00
    endloop
  endfacet
  facet normal -9.760759e-01 7.682751e-16 2.174302e-01
    outer loop
      vertex   9.576006e+00 1.000000e+00 -2.880991e+00
      vertex   9.576006e+00 0.000000e+00 -2.880991e+00
      vertex   9.893434e+00 1.000000e+00 -1.456012e+00
    endloop
  endfacet
  facet normal -9.760759e-01 0.000000e+00 2.174302e-01
    outer loop
      vertex   9.893434e+00 1.000000e+00 -1.456012e+00
      vertex   9.576006e+00 0.000000e+00 -2.880991e+00
      vertex   9.893434e+00 0.000000e+00 -1.456012e+00
    endloop
  endfacet
  facet normal 0.000000e+00 1.000000e+00 0.000000e+00
    outer loop
      vertex   1.545481e+00 4.500000e+00 6.585890e+00
      vertex   1.600000e+00 4.500000e+00 7.000000e+00
      vertex   2.700000e+00 4.500000e+00 7.000000e+00
    endloop
  endfacet
  facet normal 0.000000e+00 1.000000e+00 0.000000e+00
    outer loop
      vertex   2.700000e+00 4.500000e+00 7.000000e+00
      vertex   1.600000e+00 4.500000e+00 7.000000e+00
      vertex   1.545481e+00 4.500000e+00 7.414110e+00
    endloop
  endfacet
  facet normal 0.000000e+00 1.000000e+00 0.000000e+00
    outer loop
      vertex   2.700000e+00 4.500000e+00 7.000000e+00
      vertex   1.545481e+00 4.500000e+00 7.414110e+00
      vertex   2.608000e+00 4.500000e+00 7.698811e+00
    endloop
  endfacet
  facet normal 0.000000e+00 1.000000e+00 0.000000e+00
    outer loop
      vertex   2.608000e+00 4.500000e+00 7.698811e+00
      vertex   1.545481e+00 4.500000e+00 7.414110e+00
      vertex   1.385641e+00 4.500000e+00 7.800000e+00
    endloop
  endfacet
  facet normal 0.000000e+00 1.000000e+00 0.000000e+00
    outer loop
      vertex   2.608000e+00 4.500000e+00 7.698811e+00
      vertex   1.385641e+00 4.500000e+00 7.800000e+00
      vertex   2.338269e+00 4.500000e+00 8.350000e+00
    endloop
  endfacet
  facet normal 0.000000e+00 1.000000e+00 0.000000e+00
    outer loop
      vertex   2.338269e+00 4.500000e+00 8.350000e+00
      vertex   1.385641e+00 4.500000e+00 7.800000e+00
      vertex   1.131371e+00 4.500000e+00 8.131371e+00
    endloop
  endfacet
  facet normal 0.000000e+00 1.000000e+00 0.000000e+00
    outer loop
      vertex   2.338269e+00 4.500000e+00 8.350000e+00
      vertex   1.131371e+00 4.500000e+00 8.131371e+00
      vertex   1.909188e+00 4.500000e+00 8.909188e+00
    endloop
  endfacet
  facet normal 0.000000e+00 1.000000e+00 0.000000e+00
    outer loop
      vertex   1.909188e+00 4.500000e+00 8.909188e+00
      vertex   1.131371e+00 4.500000e+00 8.131371e+00
      vertex   8.000000e-01 4.500000e+00 8.385641e+00
    endloop
  endfacet
  facet normal 0.000000e+00 1.000000e+00 0.000000e+00
    outer loop
      vertex   1.909188e+00 4.500000e+00 8.909188e+00
      vertex   8.000000e-01 4.500000e+00 8.385641e+00
      vertex   1.350000e+00 4.500000e+00 9.338269e+00
    endloop
  endfacet
  facet normal 0.000000e+00 1.000000e+00 0.000000e+00
    outer loop
      vertex   1.350000e+00 4.500000e+00 9.338269e+00
      vertex   8.000000e-01 4.500000e+00 8.385641e+00
      vertex   4.141105e-01 4.500000e+00 8.545481e+00
    endloop
  endfacet
  facet normal 0.000000e+00 1.000000e+00 0.000000e+00
    outer loop
      vertex   1.350000e+00 4.500000e+00 9.338269e+00
      vertex   4.141105e-01 4.500000e+00 8.545481e+00
      vertex   6.988114e-01 4.500000e+00 9.608000e+00
    endloop
  endfacet
  facet normal 0.000000e+00 1.000000e+00 0.000000e+00
    outer loop
      vertex   6.988114e-01 4.500000e+00 9.608000e+00
      vertex   4.141105e-01 4.500000e+00 8.545481e+00
      vertex   -9.552245e-16 4.500000e+00 8.600000e+00
    endloop
  endfacet
  facet normal 0.000000e+00 1.000000e+00 0.000000e+00
    outer loop
      vertex   6.988114e-01 4.500000e+00 9.608000e+00
      vertex   -9.552245e-16 4.500000e+00 8.600000e+00
      vertex   -1.022580e-15 4.500000e+00 9.700000e+00
    endloop
  endfacet
  facet normal 0.000000e+00 1.000000e+00 0.000000e+00
    outer loop
      vertex   -1.022580e-15 4.500000e+00 9.700000e+00
      vertex   -9.552245e-16 4.500000e+00 8.600000e+00
      vertex   -6.988114e-01 4.500000e+00 9.608000e+00
    endloop
  endfacet
  facet normal 0.000000e+00 1.000000e+00 0.000000e+00
    outer loop
      vertex   -6.988114e-01 4.500000e+00 9.608000e+00
      vertex   -9.552245e-16 4.500000e+00 8.600000e+00
      vertex   -4.141105e-01 4.500000e+00 8.545481e+00
    endloop
  endfacet
  facet normal 0.000000e+00 1.000000e+00 0.000000e+00
    outer loop
      vertex   -6.988114e-01 4.500000e+00 9.608000e+00
      vertex   -4.141105e-01 4.500000e+00 8.545481e+00
      vertex   -1.350000e+00 4.500000e+00 9.338269e+00
    endloop
  endfacet
  facet normal 0.000000e+00 1.000000e+00 0.000000e+00
    outer loop
      vertex   -1.350000e+00 4.500000e+00 9.338269e+00
      vertex   -4.141105e-01 4.500000e+00 8.545481e+00
      vertex   -8.000000e-01 4.500000e+00 8.385641e+00
    endloop
  endfacet
  facet normal 0.000000e+00 1.000000e+00 0.000000e+00
    outer loop
      vertex   -1.350000e+00 4.500000e+00 9.338269e+00
      vertex   -8.000000e-01 4.500000e+00 8.385641e+00
      vertex   -1.909188e+00 4.500000e+00 8.909188e+00
    endloop
  endfacet
  facet normal 0.000000e+00 1.000000e+00 0.000000e+00
    outer loop
      vertex   -1.909188e+00 4.500000e+00 8.909188e+00
      vertex   -8.000000e-01 4.500000e+00 8.385641e+00
      vertex   -1.131371e+00 4.500000e+00 8.131371e+00
    endloop
  endfacet
  facet normal 0.000000e+00 1.000000e+00 0.000000e+00
    outer loop
      vertex   -1.909188e+00 4.500000e+00 8.909188e+00
      vertex   -1.131371e+00 4.500000e+00 8.131371e+00
      vertex   -2.338269e+00 4.500000e+00 8.350000e+00
    endloop
  endfacet
  facet normal 0.000000e+00 1.000000e+00 0.000000e+00
    outer loop
      vertex   -2.338269e+00 4.500000e+00 8.350000e+00
      vertex   -1.131371e+00 4.500000e+00 8.131371e+00
      vertex   -1.385641e+00 4.500000e+00 7.800000e+00
    endloop
  endfacet
  facet normal 0.000000e+00 1.000000e+00 0.000000e+00
    outer loop
      vertex   -2.338269e+00 4.500000e+00 8.350000e+00
      vertex   -1.385641e+00 4.500000e+00 7.800000e+00
      vertex   -2.608000e+00 4.500000e+00 7.698811e+00
    endloop
  endfacet
  facet normal -0.000000e+00 1.000000e+00 0.000000e+00
    outer loop
      vertex   -2.608000e+00 4.500000e+00 7.698811e+00
      vertex   -1.385641e+00 4.500000e+00 7.800000e+00
      vertex   -1.545481e+00 4.500000e+00 7.414110e+00
    endloop
  endfacet
  facet normal 0.000000e+00 1.000000e+00 0.000000e+00
    outer loop
      vertex   -2.608000e+00 4.500000e+00 7.698811e+00
      vertex   -1.545481e+00 4.500000e+00 7.414110e+00
      vertex   -2.700000e+00 4.500000e+00 7.000000e+00
    endloop
  endfacet
  facet normal 0.000000e+00 1.000000e+00 0.000000e+00
    outer loop
      vertex   -2.700000e+00 4.500000e+00 7.000000e+00
      vertex   -1.545481e+00 4.500000e+00 7.414110e+00
      vertex   -1.600000e+00 4.500000e+00 7.000000e+00
    endloop
  endfacet
  facet normal -0.000000e+00 1.000000e+00 0.000000e+00
    outer loop
      vertex   -2.700000e+00 4.500000e+00 7.000000e+00
      vertex   -1.600000e+00 4.500000e+00 7.000000e+00
      vertex   -2.608000e+00 4.500000e+00 6.301189e+00
    endloop
  endfacet
  facet normal 0.000000e+00 1.000000e+00 0.000000e+00
    outer loop
      vertex   -2.608000e+00 4.500000e+00 6.301189e+00
      vertex   -1.600000e+00 4.500000e+00 7.000000e+00
      vertex   -1.545481e+00 4.500000e+00 6.585890e+00
    endloop
  endfacet
  facet normal -0.000000e+00 1.000000e+00 0.000000e+00
    outer loop
      vertex   -2.608000e+00 4.500000e+00 6.301189e+00
      vertex   -1.545481e+00 4.500000e+00 6.585890e+00
      vertex   -1.385641e+00 4.500000e+00 6.200000e+00
    endloop
  endfacet
  facet normal 0.000000e+00 1.000000e+00 0.000000e+00
    outer loop
      vertex   -2.608000e+00 4.500000e+00 6.301189e+00
      vertex   -1.385641e+00 4.500000e+00 6.200000e+00
      vertex   -2.338269e+00 4.500000e+00 5.650000e+00
    endloop
  endfacet
  facet normal 0.000000e+00 1.000000e+00 0.000000e+00
    outer loop
      vertex   -2.338269e+00 4.500000e+00 5.650000e+00
      vertex   -1.385641e+00 4.500000e+00 6.200000e+00
      vertex   -1.131371e+00 4.500000e+00 5.868629e+00
    endloop
  endfacet
  facet normal -0.000000e+00 1.000000e+00 0.000000e+00
    outer loop
      vertex   -2.338269e+00 4.500000e+00 5.650000e+00
      vertex   -1.131371e+00 4.500000e+00 5.868629e+00
      vertex   -1.909188e+00 4.500000e+00 5.090812e+00
    endloop
  endfacet
  facet normal 0.000000e+00 1.000000e+00 0.000000e+00
    outer loop
      vertex   -1.909188e+00 4.500000e+00 5.090812e+00
      vertex   -1.131371e+00 4.500000e+00 5.868629e+00
      vertex   -8.000000e-01 4.500000e+00 5.614359e+00
    endloop
  endfacet
  facet normal -0.000000e+00 1.000000e+00 0.000000e+00
    outer loop
      vertex   -1.909188e+00 4.500000e+00 5.090812e+00
      vertex   -8.000000e-01 4.500000e+00 5.614359e+00
      vertex   -1.350000e+00 4.500000e+00 4.661731e+00
    endloop
  endfacet
  facet normal 0.000000e+00 1.000000e+00 0.000000e+00
    outer loop
      vertex   -1.350000e+00 4.500000e+00 4.661731e+00
      vertex   -8.000000e-01 4.500000e+00 5.614359e+00
      vertex   -4.141105e-01 4.500000e+00 5.454519e+00
    endloop
  endfacet
  facet normal -0.000000e+00 1.000000e+00 0.000000e+00
    outer loop
      vertex   -1.350000e+00 4.500000e+00 4.661731e+00
      vertex   -4.141105e-01 4.500000e+00 5.454519e+00
      vertex   -6.988114e-01 4.500000e+00 4.392000e+00
    endloop
  endfacet
  facet normal 0.000000e+00 1.000000e+00 0.000000e+00
    outer loop
      vertex   -6.988114e-01 4.500000e+00 4.392000e+00
      vertex   -4.141105e-01 4.500000e+00 5.454519e+00
      vertex   -9.552245e-16 4.500000e+00 5.400000e+00
    endloop
  endfacet
  facet normal -0.000000e+00 1.000000e+00 0.000000e+00
    outer loop
      vertex   -6.988114e-01 4.500000e+00 4.392000e+00
      vertex   -9.552245e-16 4.500000e+00 5.400000e+00
      vertex   -1.022580e-15 4.500000e+00 4.300000e+00
    endloop
  endfacet
  facet normal 0.000000e+00 1.000000e+00 0.000000e+00
    outer loop
      vertex   -1.022580e-15 4.500000e+00 4.300000e+00
      vertex   -9.552245e-16 4.500000e+00 5.400000e+00
      vertex   6.988114e-01 4.500000e+00 4.392000e+00
    endloop
  endfacet
  facet normal 0.000000e+00 1.000000e+00 0.000000e+00
    outer loop
      vertex   6.988114e-01 4.500000e+00 4.392000e+00
      vertex   -9.552245e-16 4.500000e+00 5.400000e+00
      vertex   4.141105e-01 4.500000e+00 5.454519e+00
    endloop
  endfacet
  facet normal 0.000000e+00 1.000000e+00 -0.000000e+00
    outer loop
      vertex   6.988114e-01 4.500000e+00 4.392000e+00
      vertex   4.141105e-01 4.500000e+00 5.454519e+00
      vertex   1.350000e+00 4.500000e+00 4.661731e+00
    endloop
  endfacet
  facet normal 0.000000e+00 1.000000e+00 0.000000e+00
    outer loop
      vertex   1.350000e+00 4.500000e+00 4.661731e+00
      vertex   4.141105e-01 4.500000e+00 5.454519e+00
      vertex   8.000000e-01 4.500000e+00 5.614359e+00
    endloop
  endfacet
  facet normal 0.000000e+00 1.000000e+00 -0.000000e+00
    outer loop
      vertex   1.350000e+00 4.500000e+00 4.661731e+00
      vertex   8.000000e-01 4.500000e+00 5.614359e+00
      vertex   1.909188e+00 4.500000e+00 5.090812e+00
    endloop
  endfacet
  facet normal 0.000000e+00 1.000000e+00 0.000000e+00
    outer loop
      vertex   1.909188e+00 4.500000e+00 5.090812e+00
      vertex   8.000000e-01 4.500000e+00 5.614359e+00
      vertex   1.131371e+00 4.500000e+00 5.868629e+00
    endloop
  endfacet
  facet normal 0.000000e+00 1.000000e+00 -0.000000e+00
    outer loop
      vertex   1.909188e+00 4.500000e+00 5.090812e+00
      vertex   1.131371e+00 4.500000e+00 5.868629e+00
      vertex   2.338269e+00 4.500000e+00 5.650000e+00
    endloop
  endfacet
  facet normal 0.000000e+00 1.000000e+00 0.000000e+00
    outer loop
      vertex   2.338269e+00 4.500000e+00 5.650000e+00
      vertex   1.131371e+00 4.500000e+00 5.868629e+00
      vertex   1.385641e+00 4.500000e+00 6.200000e+00
    endloop
  endfacet
  facet normal 0.000000e+00 1.000000e+00 -0.000000e+00
    outer loop
      vertex   2.338269e+00 4.500000e+00 5.650000e+00
      vertex   1.385641e+00 4.500000e+00 6.200000e+00
      vertex   2.608000e+00 4.500000e+00 6.301189e+00
    endloop
  endfacet
  facet normal 0.000000e+00 1.000000e+00 0.000000e+00
    outer loop
      vertex   2.608000e+00 4.500000e+00 6.301189e+00
      vertex   1.385641e+00 4.500000e+00 6.200000e+00
      vertex   1.545481e+00 4.500000e+00 6.585890e+00
    endloop
  endfacet
  facet normal 0.000000e+00 1.000000e+00 -0.000000e+00
    outer loop
      vertex   2.608000e+00 4.500000e+00 6.301189e+00
      vertex   1.545481e+00 4.500000e+00 6.585890e+00
      vertex   2.700000e+00 4.500000e+00 7.000000e+00
    endloop
  endfacet
  facet normal -9.914449e-01 0.000000e+00 -1.305262e-01
    outer loop
      vertex   2.608000e+00 4.500000e+00 7.698811e+00
      vertex   2.608000e+00 5.500000e+00 7.698811e+00
      vertex   2.700000e+00 4.500000e+00 7.000000e+00
    endloop
  endfacet
  facet normal -9.914449e-01 0.000000e+00 -1.305262e-01
    outer loop
      vertex   2.700000e+00 4.500000e+00 7.000000e+00
      vertex   2.608000e+00 5.500000e+00 7.698811e+00
      vertex   2.700000e+00 5.500000e+00 7.000000e+00
    endloop
  endfacet
  facet normal -9.914449e-01 0.000000e+00 1.305262e-01
    outer loop
      vertex   2.700000e+00 4.500000e+00 7.000000e+00
      vertex   2.700000e+00 5.500000e+00 7.000000e+00
      vertex   2.608000e+00 4.500000e+00 6.301189e+00
    endloop
  endfacet
  facet normal -9.914449e-01 0.000000e+00 1.305262e-01
    outer loop
      vertex   2.608000e+00 4.500000e+00 6.301189e+00
      vertex   2.700000e+00 5.500000e+00 7.000000e+00
      vertex   2.608000e+00 5.500000e+00 6.301189e+00
    endloop
  endfacet
  facet normal -9.238795e-01 0.000000e+00 3.826834e-01
    outer loop
      vertex   2.608000e+00 4.500000e+00 6.301189e+00
      vertex   2.608000e+00 5.500000e+00 6.301189e+00
      vertex   2.338269e+00 4.500000e+00 5.650000e+00
    endloop
  endfacet
  facet normal -9.238795e-01 0.000000e+00 3.826834e-01
    outer loop
      vertex   2.338269e+00 4.500000e+00 5.650000e+00
      vertex   2.608000e+00 5.500000e+00 6.301189e+00
      vertex   2.338269e+00 5.500000e+00 5.650000e+00
    endloop
  endfacet
  facet normal -7.933533e-01 0.000000e+00 6.087614e-01
    outer loop
      vertex   2.338269e+00 4.500000e+00 5.650000e+00
      vertex   2.338269e+00 5.500000e+00 5.650000e+00
      vertex   1.909188e+00 4.500000e+00 5.090812e+00
    endloop
  endfacet
  facet normal -7.933533e-01 0.000000e+00 6.087614e-01
    outer loop
      vertex   1.909188e+00 4.500000e+00 5.090812e+00
      vertex   2.338269e+00 5.500000e+00 5.650000e+00
      vertex   1.909188e+00 5.500000e+00 5.090812e+00
    endloop
  endfacet
  facet normal -6.087614e-01 0.000000e+00 7.933533e-01
    outer loop
      vertex   1.909188e+00 4.500000e+00 5.090812e+00
      vertex   1.909188e+00 5.500000e+00 5.090812e+00
      vertex   1.350000e+00 4.500000e+00 4.661731e+00
    endloop
  endfacet
  facet normal -6.087614e-01 0.000000e+00 7.933533e-01
    outer loop
      vertex   1.350000e+00 4.500000e+00 4.661731e+00
      vertex   1.909188e+00 5.500000e+00 5.090812e+00
      vertex   1.350000e+00 5.500000e+00 4.661731e+00
    endloop
  endfacet
  facet normal -3.826834e-01 0.000000e+00 9.238795e-01
    outer loop
      vertex   1.350000e+00 4.500000e+00 4.661731e+00
      vertex   1.350000e+00 5.500000e+00 4.661731e+00
      vertex   6.988114e-01 4.500000e+00 4.392000e+00
    endloop
  endfacet
  facet normal -3.826834e-01 0.000000e+00 9.238795e-01
    outer loop
      vertex   6.988114e-01 4.500000e+00 4.392000e+00
      vertex   1.350000e+00 5.500000e+00 4.661731e+00
      vertex   6.988114e-01 5.500000e+00 4.392000e+00
    endloop
  endfacet
  facet normal -1.305262e-01 0.000000e+00 9.914449e-01
    outer loop
      vertex   6.988114e-01 4.500000e+00 4.392000e+00
      vertex   6.988114e-01 5.500000e+00 4.392000e+00
      vertex   -1.022580e-15 4.500000e+00 4.300000e+00
    endloop
  endfacet
  facet normal -1.305262e-01 0.000000e+00 9.914449e-01
    outer loop
      vertex   -1.022580e-15 4.500000e+00 4.300000e+00
      vertex   6.988114e-01 5.500000e+00 4.392000e+00
      vertex   -1.022580e-15 5.500000e+00 4.300000e+00
    endloop
  endfacet
  facet normal 1.305262e-01 -0.000000e+00 9.914449e-01
    outer loop
      vertex   -1.022580e-15 4.500000e+00 4.300000e+00
      vertex   -1.022580e-15 5.500000e+00 4.300000e+00
      vertex   -6.988114e-01 4.500000e+00 4.392000e+00
    endloop
  endfacet
  facet normal 1.305262e-01 -0.000000e+00 9.914449e-01
    outer loop
      vertex   -6.988114e-01 4.500000e+00 4.392000e+00
      vertex   -1.022580e-15 5.500000e+00 4.300000e+00
      vertex   -6.988114e-01 5.500000e+00 4.392000e+00
    endloop
  endfacet
  facet normal 3.826834e-01 -0.000000e+00 9.238795e-01
    outer loop
      vertex   -6.988114e-01 4.500000e+00 4.392000e+00
      vertex   -6.988114e-01 5.500000e+00 4.392000e+00
      vertex   -1.350000e+00 4.500000e+00 4.661731e+00
    endloop
  endfacet
  facet normal 3.826834e-01 -0.000000e+00 9.238795e-01
    outer loop
      vertex   -1.350000e+00 4.500000e+00 4.661731e+00
      vertex   -6.988114e-01 5.500000e+00 4.392000e+00
      vertex   -1.350000e+00 5.500000e+00 4.661731e+00
    endloop
  endfacet
  facet normal 6.087614e-01 -0.000000e+00 7.933533e-01
    outer loop
      vertex   -1.350000e+00 4.500000e+00 4.661731e+00
      vertex   -1.350000e+00 5.500000e+00 4.661731e+00
      vertex   -1.909188e+00 4.500000e+00 5.090812e+00
    endloop
  endfacet
  facet normal 6.087614e-01 -0.000000e+00 7.933533e-01
    outer loop
      vertex   -1.909188e+00 4.500000e+00 5.090812e+00
      vertex   -1.350000e+00 5.500000e+00 4.661731e+00
      vertex   -1.909188e+00 5.500000e+00 5.090812e+00
    endloop
  endfacet
  facet normal 7.933533e-01 -0.000000e+00 6.087614e-01
    outer loop
      vertex   -1.909188e+00 4.500000e+00 5.090812e+00
      vertex   -1.909188e+00 5.500000e+00 5.090812e+00
      vertex   -2.338269e+00 4.500000e+00 5.650000e+00
    endloop
  endfacet
  facet normal 7.933533e-01 -0.000000e+00 6.087614e-01
    outer loop
      vertex   -2.338269e+00 4.500000e+00 5.650000e+00
      vertex   -1.909188e+00 5.500000e+00 5.090812e+00
      vertex   -2.338269e+00 5.500000e+00 5.650000e+00
    endloop
  endfacet
  facet normal 9.238795e-01 -0.000000e+00 3.826834e-01
    outer loop
      vertex   -2.338269e+00 4.500000e+00 5.650000e+00
      vertex   -2.338269e+00 5.500000e+00 5.650000e+00
      vertex   -2.608000e+00 4.500000e+00 6.301189e+00
    endloop
  endfacet
  facet normal 9.238795e-01 -0.000000e+00 3.826834e-01
    outer loop
      vertex   -2.608000e+00 4.500000e+00 6.301189e+00
      vertex   -2.338269e+00 5.500000e+00 5.650000e+00
      vertex   -2.608000e+00 5.500000e+00 6.301189e+00
    endloop
  endfacet
  facet normal 9.914449e-01 -0.000000e+00 1.305262e-01
    outer loop
      vertex   -2.608000e+00 4.500000e+00 6.301189e+00
      vertex   -2.608000e+00 5.500000e+00 6.301189e+00
      vertex   -2.700000e+00 4.500000e+00 7.000000e+00
    endloop
  endfacet
  facet normal 9.914449e-01 -0.000000e+00 1.305262e-01
    outer loop
      vertex   -2.700000e+00 4.500000e+00 7.000000e+00
      vertex   -2.608000e+00 5.500000e+00 6.301189e+00
      vertex   -2.700000e+00 5.500000e+00 7.000000e+00
    endloop
  endfacet
  facet normal 9.914449e-01 0.000000e+00 -1.305262e-01
    outer loop
      vertex   -2.700000e+00 4.500000e+00 7.000000e+00
      vertex   -2.700000e+00 5.500000e+00 7.000000e+00
      vertex   -2.608000e+00 4.500000e+00 7.698811e+00
    endloop
  endfacet
  facet normal 9.914449e-01 0.000000e+00 -1.305262e-01
    outer loop
      vertex   -2.608000e+00 4.500000e+00 7.698811e+00
      vertex   -2.700000e+00 5.500000e+00 7.000000e+00
      vertex   -2.608000e+00 5.500000e+00 7.698811e+00
    endloop
  endfacet
  facet normal 9.238795e-01 0.000000e+00 -3.826834e-01
    outer loop
      vertex   -2.608000e+00 4.500000e+00 7.698811e+00
      vertex   -2.608000e+00 5.500000e+00 7.698811e+00
      vertex   -2.338269e+00 4.500000e+00 8.350000e+00
    endloop
  endfacet
  facet normal 9.238795e-01 0.000000e+00 -3.826834e-01
    outer loop
      vertex   -2.338269e+00 4.500000e+00 8.350000e+00
      vertex   -2.608000e+00 5.500000e+00 7.698811e+00
      vertex   -2.338269e+00 5.500000e+00 8.350000e+00
    endloop
  endfacet
  facet normal 7.933533e-01 0.000000e+00 -6.087614e-01
    outer loop
      vertex   -2.338269e+00 4.500000e+00 8.350000e+00
      vertex   -2.338269e+00 5.500000e+00 8.350000e+00
      vertex   -1.909188e+00 4.500000e+00 8.909188e+00
    endloop
  endfacet
  facet normal 7.933533e-01 0.000000e+00 -6.087614e-01
    outer loop
      vertex   -1.909188e+00 4.500000e+00 8.909188e+00
      vertex   -2.338269e+00 5.500000e+00 8.350000e+00
      vertex   -1.909188e+00 5.500000e+00 8.909188e+00
    endloop
  endfacet
  facet normal 6.087614e-01 0.000000e+00 -7.933533e-01
    outer loop
      vertex   -1.909188e+00 4.500000e+00 8.909188e+00
      vertex   -1.909188e+00 5.500000e+00 8.909188e+00
      vertex   -1.350000e+00 4.500000e+00 9.338269e+00
    endloop
  endfacet
  facet normal 6.087614e-01 0.000000e+00 -7.933533e-01
    outer loop
      vertex   -1.350000e+00 4.500000e+00 9.338269e+00
      vertex   -1.909188e+00 5.500000e+00 8.909188e+00
      vertex   -1.350000e+00 5.500000e+00 9.338269e+00
    endloop
  endfacet
  facet normal 3.826834e-01 0.000000e+00 -9.238795e-01
    outer loop
      vertex   -1.350000e+00 4.500000e+00 9.338269e+00
      vertex   -1.350000e+00 5.500000e+00 9.338269e+00
      vertex   -6.988114e-01 4.500000e+00 9.608000e+00
    endloop
  endfacet
  facet normal 3.826834e-01 0.000000e+00 -9.238795e-01
    outer loop
      vertex   -6.988114e-01 4.500000e+00 9.608000e+00
      vertex   -1.350000e+00 5.500000e+00 9.338269e+00
      vertex   -6.988114e-01 5.500000e+00 9.608000e+00
    endloop
  endfacet
  facet normal 1.305262e-01 0.000000e+00 -9.914449e-01
    outer loop
      vertex   -6.988114e-01 4.500000e+00 9.608000e+00
      vertex   -6.988114e-01 5.500000e+00 9.608000e+00
      vertex   -1.022580e-15 4.500000e+00 9.700000e+00
    endloop
  endfacet
  facet normal 1.305262e-01 0.000000e+00 -9.914449e-01
    outer loop
      vertex   -1.022580e-15 4.500000e+00 9.700000e+00
      vertex   -6.988114e-01 5.500000e+00 9.608000e+00
      vertex   -1.022580e-15 5.500000e+00 9.700000e+00
    endloop
  endfacet
  facet normal -1.305262e-01 0.000000e+00 -9.914449e-01
    outer loop
      vertex   -1.022580e-15 4.500000e+00 9.700000e+00
      vertex   -1.022580e-15 5.500000e+00 9.700000e+00
      vertex   6.988114e-01 4.500000e+00 9.608000e+00
    endloop
  endfacet
  facet normal -1.305262e-01 0.000000e+00 -9.914449e-01
    outer loop
      vertex   6.988114e-01 4.500000e+00 9.608000e+00
      vertex   -1.022580e-15 5.500000e+00 9.700000e+00
      vertex   6.988114e-01 5.500000e+00 9.608000e+00
    endloop
  endfacet
  facet normal -3.826834e-01 0.000000e+00 -9.238795e-01
    outer loop
      vertex   6.988114e-01 4.500000e+00 9.608000e+00
      vertex   6.988114e-01 5.500000e+00 9.608000e+00
      vertex   1.350000e+00 4.500000e+00 9.338269e+00
    endloop
  endfacet
  facet normal -3.826834e-01 0.000000e+00 -9.238795e-01
    outer loop
      vertex   1.350000e+00 4.500000e+00 9.338269e+00
      vertex   6.988114e-01 5.500000e+00 9.608000e+00
      vertex   1.350000e+00 5.500000e+00 9.338269e+00
    endloop
  endfacet
  facet normal -6.087614e-01 0.000000e+00 -7.933533e-01
    outer loop
      vertex   1.350000e+00 4.500000e+00 9.338269e+00
      vertex   1.350000e+00 5.500000e+00 9.338269e+00
      vertex   1.909188e+00 4.500000e+00 8.909188e+00
    endloop
  endfacet
  facet normal -6.087614e-01 0.000000e+00 -7.933533e-01
    outer loop
      vertex   1.909188e+00 4.500000e+00 8.909188e+00
      vertex   1.350000e+00 5.500000e+00 9.338269e+00
      vertex   1.909188e+00 5.500000e+00 8.909188e+00
    endloop
  endfacet
  facet normal -7.933533e-01 0.000000e+00 -6.087614e-01
    outer loop
      vertex   1.909188e+00 4.500000e+00 8.909188e+00
      vertex   1.909188e+00 5.500000e+00 8.909188e+00
      vertex   2.338269e+00 4.500000e+00 8.350000e+00
    endloop
  endfacet
  facet normal -7.933533e-01 0.000000e+00 -6.087614e-01
    outer loop
      vertex   2.338269e+00 4.500000e+00 8.350000e+00
      vertex   1.909188e+00 5.500000e+00 8.909188e+00
      vertex   2.338269e+00 5.500000e+00 8.350000e+00
    endloop
  endfacet
  facet normal -9.238795e-01 0.000000e+00 -3.826834e-01
    outer loop
      vertex   2.338269e+00 4.500000e+00 8.350000e+00
      vertex   2.338269e+00 5.500000e+00 8.350000e+00
      vertex   2.608000e+00 4.500000e+00 7.698811e+00
    endloop
  endfacet
  facet normal -9.238795e-01 0.000000e+00 -3.826834e-01
    outer loop
      vertex   2.608000e+00 4.500000e+00 7.698811e+00
      vertex   2.338269e+00 5.500000e+00 8.350000e+00
      vertex   2.608000e+00 5.500000e+00 7.698811e+00
    endloop
  endfacet
  facet normal 0.000000e+00 1.000000e+00 0.000000e+00
    outer loop
      vertex   -5.454519e+00 4.500000e+00 -4.141105e-01
      vertex   -5.400000e+00 4.500000e+00 -1.750256e-15
      vertex   -4.300000e+00 4.500000e+00 -1.884967e-15
    endloop
  endfacet
  facet normal 0.000000e+00 1.000000e+00 0.000000e+00
    outer loop
      vertex   -4.300000e+00 4.500000e+00 -1.884967e-15
      vertex   -5.400000e+00 4.500000e+00 -1.750256e-15
      vertex   -5.454519e+00 4.500000e+00 4.141105e-01
    endloop
  endfacet
  facet normal 0.000000e+00 1.000000e+00 0.000000e+00
    outer loop
      vertex   -4.300000e+00 4.500000e+00 -1.884967e-15
      vertex   -5.454519e+00 4.500000e+00 4.141105e-01
      vertex   -4.392000e+00 4.500000e+00 6.988114e-01
    endloop
  endfacet
  facet normal 0.000000e+00 1.000000e+00 0.000000e+00
    outer loop
      vertex   -4.392000e+00 4.500000e+00 6.988114e-01
      vertex   -5.454519e+00 4.500000e+00 4.141105e-01
      vertex   -5.614359e+00 4.500000e+00 8.000000e-01
    endloop
  endfacet
  facet normal 0.000000e+00 1.000000e+00 0.000000e+00
    outer loop
      vertex   -4.392000e+00 4.500000e+00 6.988114e-01
      vertex   -5.614359e+00 4.500000e+00 8.000000e-01
      vertex   -4.661731e+00 4.500000e+00 1.350000e+00
    endloop
  endfacet
  facet normal 0.000000e+00 1.000000e+00 0.000000e+00
    outer loop
      vertex   -4.661731e+00 4.500000e+00 1.350000e+00
      vertex   -5.614359e+00 4.500000e+00 8.000000e-01
      vertex   -5.868629e+00 4.500000e+00 1.131371e+00
    endloop
  endfacet
  facet normal 0.000000e+00 1.000000e+00 0.000000e+00
    outer loop
      vertex   -4.661731e+00 4.500000e+00 1.350000e+00
      vertex   -5.868629e+00 4.500000e+00 1.131371e+00
      vertex   -5.090812e+00 4.500000e+00 1.909188e+00
    endloop
  endfacet
  facet normal 0.000000e+00 1.000000e+00 0.000000e+00
    outer loop
      vertex   -5.090812e+00 4.500000e+00 1.909188e+00
      vertex   -5.868629e+00 4.500000e+00 1.131371e+00
      vertex   -6.200000e+00 4.500000e+00 1.385641e+00
    endloop
  endfacet
  facet normal 0.000000e+00 1.000000e+00 0.000000e+00
    outer loop
      vertex   -5.090812e+00 4.500000e+00 1.909188e+00
      vertex   -6.200000e+00 4.500000e+00 1.385641e+00
      vertex   -5.650000e+00 4.500000e+00 2.338269e+00
    endloop
  endfacet
  facet normal 0.000000e+00 1.000000e+00 0.000000e+00
    outer loop
      vertex   -5.650000e+00 4.500000e+00 2.338269e+00
      vertex   -6.200000e+00 4.500000e+00 1.385641e+00
      vertex   -6.585890e+00 4.500000e+00 1.545481e+00
    endloop
  endfacet
  facet normal 0.000000e+00 1.000000e+00 0.000000e+00
    outer loop
      vertex   -5.650000e+00 4.500000e+00 2.338269e+00
      vertex   -6.585890e+00 4.500000e+00 1.545481e+00
      vertex   -6.301189e+00 4.500000e+00 2.608000e+00
    endloop
  endfacet
  facet normal 0.000000e+00 1.000000e+00 0.000000e+00
    outer loop
      vertex   -6.301189e+00 4.500000e+00 2.608000e+00
      vertex   -6.585890e+00 4.500000e+00 1.545481e+00
      vertex   -7.000000e+00 4.500000e+00 1.600000e+00
    endloop
  endfacet
  facet normal 0.000000e+00 1.000000e+00 0.000000e+00
    outer loop
      vertex   -6.301189e+00 4.500000e+00 2.608000e+00
      vertex   -7.000000e+00 4.500000e+00 1.600000e+00
      vertex   -7.000000e+00 4.500000e+00 2.700000e+00
    endloop
  endfacet
  facet normal 0.000000e+00 1.000000e+00 0.000000e+00
    outer loop
      vertex   -7.000000e+00 4.500000e+00 2.700000e+00
      vertex   -7.000000e+00 4.500000e+00 1.600000e+00
      vertex   -7.698811e+00 4.500000e+00 2.608000e+00
    endloop
  endfacet
  facet normal 0.000000e+00 1.000000e+00 0.000000e+00
    outer loop
      vertex   -7.698811e+00 4.500000e+00 2.608000e+00
      vertex   -7.000000e+00 4.500000e+00 1.600000e+00
      vertex   -7.414110e+00 4.500000e+00 1.545481e+00
    endloop
  endfacet
  facet normal 0.000000e+00 1.000000e+00 0.000000e+00
    outer loop
      vertex   -7.698811e+00 4.500000e+00 2.608000e+00
      vertex   -7.414110e+00 4.500000e+00 1.545481e+00
      vertex   -8.350000e+00 4.500000e+00 2.338269e+00
    endloop
  endfacet
  facet normal 0.000000e+00 1.000000e+00 0.000000e+00
    outer loop
      vertex   -8.350000e+00 4.500000e+00 2.338269e+00
      vertex   -7.414110e+00 4.500000e+00 1.545481e+00
      vertex   -7.800000e+00 4.500000e+00 1.385641e+00
    endloop
  endfacet
  facet normal 0.000000e+00 1.000000e+00 0.000000e+00
    outer loop
      vertex   -8.350000e+00 4.500000e+00 2.338269e+00
      vertex   -7.800000e+00 4.500000e+00 1.385641e+00
      vertex   -8.909188e+00 4.500000e+00 1.909188e+00
    endloop
  endfacet
  facet normal 0.000000e+00 1.000000e+00 0.000000e+00
    outer loop
      vertex   -8.909188e+00 4.500000e+00 1.909188e+00
      vertex   -7.800000e+00 4.500000e+00 1.385641e+00
      vertex   -8.131371e+00 4.500000e+00 1.131371e+00
    endloop
  endfacet
  facet normal 0.000000e+00 1.000000e+00 0.000000e+00
    outer loop
      vertex   -8.909188e+00 4.500000e+00 1.909188e+00
      vertex   -8.131371e+00 4.500000e+00 1.131371e+00
      vertex   -9.338269e+00 4.500000e+00 1.350000e+00
    endloop
  endfacet
  facet normal 0.000000e+00 1.000000e+00 0.000000e+00
    outer loop
      vertex   -9.338269e+00 4.500000e+00 1.350000e+00
      vertex   -8.131371e+00 4.500000e+00 1.131371e+00
      vertex   -8.385641e+00 4.500000e+00 8.000000e-01
    endloop
  endfacet
  facet normal 0.000000e+00 1.000000e+00 0.000000e+00
    outer loop
      vertex   -9.338269e+00 4.500000e+00 1.350000e+00
      vertex   -8.385641e+00 4.500000e+00 8.000000e-01
      vertex   -9.608000e+00 4.500000e+00 6.988114e-01
    endloop
  endfacet
  facet normal -0.000000e+00 1.000000e+00 0.000000e+00
    outer loop
      vertex   -9.608000e+00 4.500000e+00 6.988114e-01
      vertex   -8.385641e+00 4.500000e+00 8.000000e-01
      vertex   -8.545481e+00 4.500000e+00 4.141105e-01
    endloop
  endfacet
  facet normal 0.000000e+00 1.000000e+00 0.000000e+00
    outer loop
      vertex   -9.608000e+00 4.500000e+00 6.988114e-01
      vertex   -8.545481e+00 4.500000e+00 4.141105e-01
      vertex   -9.700000e+00 4.500000e+00 -1.554312e-15
    endloop
  endfacet
  facet normal 0.000000e+00 1.000000e+00 0.000000e+00
    outer loop
      vertex   -9.700000e+00 4.500000e+00 -1.554312e-15
      vertex   -8.545481e+00 4.500000e+00 4.141105e-01
      vertex   -8.600000e+00 4.500000e+00 -1.554312e-15
    endloop
  endfacet
  facet normal -0.000000e+00 1.000000e+00 0.000000e+00
    outer loop
      vertex   -9.700000e+00 4.500000e+00 -1.554312e-15
      vertex   -8.600000e+00 4.500000e+00 -1.554312e-15
      vertex   -9.608000e+00 4.500000e+00 -6.988114e-01
    endloop
  endfacet
  facet normal 0.000000e+00 1.000000e+00 0.000000e+00
    outer loop
      vertex   -9.608000e+00 4.500000e+00 -6.988114e-01
      vertex   -8.600000e+00 4.500000e+00 -1.554312e-15
      vertex   -8.545481e+00 4.500000e+00 -4.141105e-01
    endloop
  endfacet
  facet normal -0.000000e+00 1.000000e+00 0.000000e+00
    outer loop
      vertex   -9.608000e+00 4.500000e+00 -6.988114e-01
      vertex   -8.545481e+00 4.500000e+00 -4.141105e-01
      vertex   -8.385641e+00 4.500000e+00 -8.000000e-01
    endloop
  endfacet
  facet normal 0.000000e+00 1.000000e+00 0.000000e+00
    outer loop
      vertex   -9.608000e+00 4.500000e+00 -6.988114e-01
      vertex   -8.385641e+00 4.500000e+00 -8.000000e-01
      vertex   -9.338269e+00 4.500000e+00 -1.350000e+00
    endloop
  endfacet
  facet normal 0.000000e+00 1.000000e+00 0.000000e+00
    outer loop
      vertex   -9.338269e+00 4.500000e+00 -1.350000e+00
      vertex   -8.385641e+00 4.500000e+00 -8.000000e-01
      vertex   -8.131371e+00 4.500000e+00 -1.131371e+00
    endloop
  endfacet
  facet normal -0.000000e+00 1.000000e+00 0.000000e+00
    outer loop
      vertex   -9.338269e+00 4.500000e+00 -1.350000e+00
      vertex   -8.131371e+00 4.500000e+00 -1.131371e+00
      vertex   -8.909188e+00 4.500000e+00 -1.909188e+00
    endloop
  endfacet
  facet normal 0.000000e+00 1.000000e+00 0.000000e+00
    outer loop
      vertex   -8.909188e+00 4.500000e+00 -1.909188e+00
      vertex   -8.131371e+00 4.500000e+00 -1.131371e+00
      vertex   -7.800000e+00 4.500000e+00 -1.385641e+00
    endloop
  endfacet
  facet normal -0.000000e+00 1.000000e+00 0.000000e+00
    outer loop
      vertex   -8.909188e+00 4.500000e+00 -1.909188e+00
      vertex   -7.800000e+00 4.500000e+00 -1.385641e+00
      vertex   -8.350000e+00 4.500000e+00 -2.338269e+00
    endloop
  endfacet
  facet normal 0.000000e+00 1.000000e+00 0.000000e+00
    outer loop
      vertex   -8.350000e+00 4.500000e+00 -2.338269e+00
      vertex   -7.800000e+00 4.500000e+00 -1.385641e+00
      vertex   -7.414110e+00 4.500000e+00 -1.545481e+00
    endloop
  endfacet
  facet normal -0.000000e+00 1.000000e+00 0.000000e+00
    outer loop
      vertex   -8.350000e+00 4.500000e+00 -2.338269e+00
      vertex   -7.414110e+00 4.500000e+00 -1.545481e+00
      vertex   -7.698811e+00 4.500000e+00 -2.608000e+00
    endloop
  endfacet
  facet normal 0.000000e+00 1.000000e+00 0.000000e+00
    outer loop
      vertex   -7.698811e+00 4.500000e+00 -2.608000e+00
      vertex   -7.414110e+00 4.500000e+00 -1.545481e+00
      vertex   -7.000000e+00 4.500000e+00 -1.600000e+00
    endloop
  endfacet
  facet normal -0.000000e+00 1.000000e+00 0.000000e+00
    outer loop
      vertex   -7.698811e+00 4.500000e+00 -2.608000e+00
      vertex   -7.000000e+00 4.500000e+00 -1.600000e+00
      vertex   -7.000000e+00 4.500000e+00 -2.700000e+00
    endloop
  endfacet
  facet normal 0.000000e+00 1.000000e+00 0.000000e+00
    outer loop
      vertex   -7.000000e+00 4.500000e+00 -2.700000e+00
      vertex   -7.000000e+00 4.500000e+00 -1.600000e+00
      vertex   -6.301189e+00 4.500000e+00 -2.608000e+00
    endloop
  endfacet
  facet normal 0.000000e+00 1.000000e+00 0.000000e+00
    outer loop
      vertex   -6.301189e+00 4.500000e+00 -2.608000e+00
      vertex   -7.000000e+00 4.500000e+00 -1.600000e+00
      vertex   -6.585890e+00 4.500000e+00 -1.545481e+00
    endloop
  endfacet
  facet normal 0.000000e+00 1.000000e+00 -0.000000e+00
    outer loop
      vertex   -6.301189e+00 4.500000e+00 -2.608000e+00
      vertex   -6.585890e+00 4.500000e+00 -1.545481e+00
      vertex   -5.650000e+00 4.500000e+00 -2.338269e+00
    endloop
  endfacet
  facet normal 0.000000e+00 1.000000e+00 0.000000e+00
    outer loop
      vertex   -5.650000e+00 4.500000e+00 -2.338269e+00
      vertex   -6.585890e+00 4.500000e+00 -1.545481e+00
      vertex   -6.200000e+00 4.500000e+00 -1.385641e+00
    endloop
  endfacet
  facet normal 0.000000e+00 1.000000e+00 -0.000000e+00
    outer loop
      vertex   -5.650000e+00 4.500000e+00 -2.338269e+00
      vertex   -6.200000e+00 4.500000e+00 -1.385641e+00
      vertex   -5.090812e+00 4.500000e+00 -1.909188e+00
    endloop
  endfacet
  facet normal 0.000000e+00 1.000000e+00 0.000000e+00
    outer loop
      vertex   -5.090812e+00 4.500000e+00 -1.909188e+00
      vertex   -6.200000e+00 4.500000e+00 -1.385641e+00
      vertex   -5.868629e+00 4.500000e+00 -1.131371e+00
    endloop
  endfacet
  facet normal 0.000000e+00 1.000000e+00 -0.000000e+00
    outer loop
      vertex   -5.090812e+00 4.500000e+00 -1.909188e+00
      vertex   -5.868629e+00 4.500000e+00 -1.131371e+00
      vertex   -4.661731e+00 4.500000e+00 -1.350000e+00
    endloop
  endfacet
  facet normal 0.000000e+00 1.000000e+00 0.000000e+00
    outer loop
      vertex   -4.661731e+00 4.500000e+00 -1.350000e+00
      vertex   -5.868629e+00 4.500000e+00 -1.131371e+00
      vertex   -5.614359e+00 4.500000e+00 -8.000000e-01
    endloop
  endfacet
  facet normal 0.000000e+00 1.000000e+00 -0.000000e+00
    outer loop
      vertex   -4.661731e+00 4.500000e+00 -1.350000e+00
      vertex   -5.614359e+00 4.500000e+00 -8.000000e-01
      vertex   -4.392000e+00 4.500000e+00 -6.988114e-01
    endloop
  endfacet
  facet normal 0.000000e+00 1.000000e+00 0.000000e+00
    outer loop
      vertex   -4.392000e+00 4.500000e+00 -6.988114e-01
      vertex   -5.614359e+00 4.500000e+00 -8.000000e-01
      vertex   -5.454519e+00 4.500000e+00 -4.141105e-01
    endloop
  endfacet
  facet normal 0.000000e+00 1.000000e+00 -0.000000e+00
    outer loop
      vertex   -4.392000e+00 4.500000e+00 -6.988114e-01
      vertex   -5.454519e+00 4.500000e+00 -4.141105e-01
      vertex   -4.300000e+00 4.500000e+00 -1.884967e-15
    endloop
  endfacet
  facet normal -9.914449e-01 0.000000e+00 -1.305262e-01
    outer loop
      vertex   -4.392000e+00 4.500000e+00 6.988114e-01
      vertex   -4.392000e+00 5.500000e+00 6.988114e-01
      vertex   -4.300000e+00 4.500000e+00 -1.884967e-15
    endloop
  endfacet
  facet normal -9.914449e-01 0.000000e+00 -1.305262e-01
    outer loop
      vertex   -4.300000e+00 4.500000e+00 -1.884967e-15
      vertex   -4.392000e+00 5.500000e+00 6.988114e-01
      vertex   -4.300000e+00 5.500000e+00 -1.884967e-15
    endloop
  endfacet
  facet normal -9.914449e-01 0.000000e+00 1.305262e-01
    outer loop
      vertex   -4.300000e+00 4.500000e+00 -1.884967e-15
      vertex   -4.300000e+00 5.500000e+00 -1.884967e-15
      vertex   -4.392000e+00 4.500000e+00 -6.988114e-01
    endloop
  endfacet
  facet normal -9.914449e-01 0.000000e+00 1.305262e-01
    outer loop
      vertex   -4.392000e+00 4.500000e+00 -6.988114e-01
      vertex   -4.300000e+00 5.500000e+00 -1.884967e-15
      vertex   -4.392000e+00 5.500000e+00 -6.988114e-01
    endloop
  endfacet
  facet normal -9.238795e-01 0.000000e+00 3.826834e-01
    outer loop
      vertex   -4.392000e+00 4.500000e+00 -6.988114e-01
      vertex   -4.392000e+00 5.500000e+00 -6.988114e-01
      vertex   -4.661731e+00 4.500000e+00 -1.350000e+00
    endloop
  endfacet
  facet normal -9.238795e-01 0.000000e+00 3.826834e-01
    outer loop
      vertex   -4.661731e+00 4.500000e+00 -1.350000e+00
      vertex   -4.392000e+00 5.500000e+00 -6.988114e-01
      vertex   -4.661731e+00 5.500000e+00 -1.350000e+00
    endloop
  endfacet
  facet normal -7.933533e-01 0.000000e+00 6.087614e-01
    outer loop
      vertex   -4.661731e+00 4.500000e+00 -1.350000e+00
      vertex   -4.661731e+00 5.500000e+00 -1.350000e+00
      vertex   -5.090812e+00 4.500000e+00 -1.909188e+00
    endloop
  endfacet
  facet normal -7.933533e-01 0.000000e+00 6.087614e-01
    outer loop
      vertex   -5.090812e+00 4.500000e+00 -1.909188e+00
      vertex   -4.661731e+00 5.500000e+00 -1.350000e+00
      vertex   -5.090812e+00 5.500000e+00 -1.909188e+00
    endloop
  endfacet
  facet normal -6.087614e-01 0.000000e+00 7.933533e-01
    outer loop
      vertex   -5.090812e+00 4.500000e+00 -1.909188e+00
      vertex   -5.090812e+00 5.500000e+00 -1.909188e+00
      vertex   -5.650000e+00 4.500000e+00 -2.338269e+00
    endloop
  endfacet
  facet normal -6.087614e-01 0.000000e+00 7.933533e-01
    outer loop
      vertex   -5.650000e+00 4.500000e+00 -2.338269e+00
      vertex   -5.090812e+00 5.500000e+00 -1.909188e+00
      vertex   -5.650000e+00 5.500000e+00 -2.338269e+00
    endloop
  endfacet
  facet normal -3.826834e-01 0.000000e+00 9.238795e-01
    outer loop
      vertex   -5.650000e+00 4.500000e+00 -2.338269e+00
      vertex   -5.650000e+00 5.500000e+00 -2.338269e+00
      vertex   -6.301189e+00 4.500000e+00 -2.608000e+00
    endloop
  endfacet
  facet normal -3.826834e-01 0.000000e+00 9.238795e-01
    outer loop
      vertex   -6.301189e+00 4.500000e+00 -2.608000e+00
      vertex   -5.650000e+00 5.500000e+00 -2.338269e+00
      vertex   -6.301189e+00 5.500000e+00 -2.608000e+00
    endloop
  endfacet
  facet normal -1.305262e-01 0.000000e+00 9.914449e-01
    outer loop
      vertex   -6.301189e+00 4.500000e+00 -2.608000e+00
      vertex   -6.301189e+00 5.500000e+00 -2.608000e+00
      vertex   -7.000000e+00 4.500000e+00 -2.700000e+00
    endloop
  endfacet
  facet normal -1.305262e-01 0.000000e+00 9.914449e-01
    outer loop
      vertex   -7.000000e+00 4.500000e+00 -2.700000e+00
      vertex   -6.301189e+00 5.500000e+00 -2.608000e+00
      vertex   -7.000000e+00 5.500000e+00 -2.700000e+00
    endloop
  endfacet
  facet normal 1.305262e-01 -0.000000e+00 9.914449e-01
    outer loop
      vertex   -7.000000e+00 4.500000e+00 -2.700000e+00
      vertex   -7.000000e+00 5.500000e+00 -2.700000e+00
      vertex   -7.698811e+00 4.500000e+00 -2.608000e+00
    endloop
  endfacet
  facet normal 1.305262e-01 -0.000000e+00 9.914449e-01
    outer loop
      vertex   -7.698811e+00 4.500000e+00 -2.608000e+00
      vertex   -7.000000e+00 5.500000e+00 -2.700000e+00
      vertex   -7.698811e+00 5.500000e+00 -2.608000e+00
    endloop
  endfacet
  facet normal 3.826834e-01 -0.000000e+00 9.238795e-01
    outer loop
      vertex   -7.698811e+00 4.500000e+00 -2.608000e+00
      vertex   -7.698811e+00 5.500000e+00 -2.608000e+00
      vertex   -8.350000e+00 4.500000e+00 -2.338269e+00
    endloop
  endfacet
  facet normal 3.826834e-01 -0.000000e+00 9.238795e-01
    outer loop
      vertex   -8.350000e+00 4.500000e+00 -2.338269e+00
      vertex   -7.698811e+00 5.500000e+00 -2.608000e+00
      vertex   -8.350000e+00 5.500000e+00 -2.338269e+00
    endloop
  endfacet
  facet normal 6.087614e-01 -0.000000e+00 7.933533e-01
    outer loop
      vertex   -8.350000e+00 4.500000e+00 -2.338269e+00
      vertex   -8.350000e+00 5.500000e+00 -2.338269e+00
      vertex   -8.909188e+00 4.500000e+00 -1.909188e+00
    endloop
  endfacet
  facet normal 6.087614e-01 -0.000000e+00 7.933533e-01
    outer loop
      vertex   -8.909188e+00 4.500000e+00 -1.909188e+00
      vertex   -8.350000e+00 5.500000e+00 -2.338269e+00
      vertex   -8.909188e+00 5.500000e+00 -1.909188e+00
    endloop
  endfacet
  facet normal 7.933533e-01 -0.000000e+00 6.087614e-01
    outer loop
      vertex   -8.909188e+00 4.500000e+00 -1.909188e+00
      vertex   -8.909188e+00 5.500000e+00 -1.909188e+00
      vertex   -9.338269e+00 4.500000e+00 -1.350000e+00
    endloop
  endfacet
  facet normal 7.933533e-01 -0.000000e+00 6.087614e-01
    outer loop
      vertex   -9.338269e+00 4.500000e+00 -1.350000e+00
      vertex   -8.909188e+00 5.500000e+00 -1.909188e+00
      vertex   -9.338269e+00 5.500000e+00 -1.350000e+00
    endloop
  endfacet
  facet normal 9.238795e-01 -0.000000e+00 3.826834e-01
    outer loop
      vertex   -9.338269e+00 4.500000e+00 -1.350000e+00
      vertex   -9.338269e+00 5.500000e+00 -1.350000e+00
      vertex   -9.608000e+00 4.500000e+00 -6.988114e-01
    endloop
  endfacet
  facet normal 9.238795e-01 -0.000000e+00 3.826834e-01
    outer loop
      vertex   -9.608000e+00 4.500000e+00 -6.988114e-01
      vertex   -9.338269e+00 5.500000e+00 -1.350000e+00
      vertex   -9.608000e+00 5.500000e+00 -6.988114e-01
    endloop
  endfacet
  facet normal 9.914449e-01 -0.000000e+00 1.305262e-01
    outer loop
      vertex   -9.608000e+00 4.500000e+00 -6.988114e-01
      vertex   -9.608000e+00 5.500000e+00 -6.988114e-01
      vertex   -9.700000e+00 4.500000e+00 -1.554312e-15
    endloop
  endfacet
  facet normal 9.914449e-01 -0.000000e+00 1.305262e-01
    outer loop
      vertex   -9.700000e+00 4.500000e+00 -1.554312e-15
      vertex   -9.608000e+00 5.500000e+00 -6.988114e-01
      vertex   -9.700000e+00 5.500000e+00 -1.554312e-15
    endloop
  endfacet
  facet normal 9.914449e-01 0.000000e+00 -1.305262e-01
    outer loop
      vertex   -9.700000e+00 4.500000e+00 -1.554312e-15
      vertex   -9.700000e+00 5.500000e+00 -1.554312e-15
      vertex   -9.608000e+00 4.500000e+00 6.988114e-01
    endloop
  endfacet
  facet normal 9.914449e-01 0.000000e+00 -1.305262e-01
    outer loop
      vertex   -9.608000e+00 4.500000e+00 6.988114e-01
      vertex   -9.700000e+00 5.500000e+00 -1.554312e-15
      vertex   -9.608000e+00 5.500000e+00 6.988114e-01
    endloop
  endfacet
  facet normal 9.238795e-01 0.000000e+00 -3.826834e-01
    outer loop
      vertex   -9.608000e+00 4.500000e+00 6.988114e-01
      vertex   -9.608000e+00 5.500000e+00 6.988114e-01
      vertex   -9.338269e+00 4.500000e+00 1.350000e+00
    endloop
  endfacet
  facet normal 9.238795e-01 0.000000e+00 -3.826834e-01
    outer loop
      vertex   -9.338269e+00 4.500000e+00 1.350000e+00
      vertex   -9.608000e+00 5.500000e+00 6.988114e-01
      vertex   -9.338269e+00 5.500000e+00 1.350000e+00
    endloop
  endfacet
  facet normal 7.933533e-01 0.000000e+00 -6.087614e-01
    outer loop
      vertex   -9.338269e+00 4.500000e+00 1.350000e+00
      vertex   -9.338269e+00 5.500000e+00 1.350000e+00
      vertex   -8.909188e+00 4.500000e+00 1.909188e+00
    endloop
  endfacet
  facet normal 7.933533e-01 0.000000e+00 -6.087614e-01
    outer loop
      vertex   -8.909188e+00 4.500000e+00 1.909188e+00
      vertex   -9.338269e+00 5.500000e+00 1.350000e+00
      vertex   -8.909188e+00 5.500000e+00 1.909188e+00
    endloop
  endfacet
  facet normal 6.087614e-01 0.000000e+00 -7.933533e-01
    outer loop
      vertex   -8.909188e+00 4.500000e+00 1.909188e+00
      vertex   -8.909188e+00 5.500000e+00 1.909188e+00
      vertex   -8.350000e+00 4.500000e+00 2.338269e+00
    endloop
  endfacet
  facet normal 6.087614e-01 0.000000e+00 -7.933533e-01
    outer loop
      vertex   -8.350000e+00 4.500000e+00 2.338269e+00
      vertex   -8.909188e+00 5.500000e+00 1.909188e+00
      vertex   -8.350000e+00 5.500000e+00 2.338269e+00
    endloop
  endfacet
  facet normal 3.826834e-01 0.000000e+00 -9.238795e-01
    outer loop
      vertex   -8.350000e+00 4.500000e+00 2.338269e+00
      vertex   -8.350000e+00 5.500000e+00 2.338269e+00
      vertex   -7.698811e+00 4.500000e+00 2.608000e+00
    endloop
  endfacet
  facet normal 3.826834e-01 0.000000e+00 -9.238795e-01
    outer loop
      vertex   -7.698811e+00 4.500000e+00 2.608000e+00
      vertex   -8.350000e+00 5.500000e+00 2.338269e+00
      vertex   -7.698811e+00 5.500000e+00 2.608000e+00
    endloop
  endfacet
  facet normal 1.305262e-01 0.000000e+00 -9.914449e-01
    outer loop
      vertex   -7.698811e+00 4.500000e+00 2.608000e+00
      vertex   -7.698811e+00 5.500000e+00 2.608000e+00
      vertex   -7.000000e+00 4.500000e+00 2.700000e+00
    endloop
  endfacet
  facet normal 1.305262e-01 0.000000e+00 -9.914449e-01
    outer loop
      vertex   -7.000000e+00 4.500000e+00 2.700000e+00
      vertex   -7.698811e+00 5.500000e+00 2.608000e+00
      vertex   -7.000000e+00 5.500000e+00 2.700000e+00
    endloop
  endfacet
  facet normal -1.305262e-01 0.000000e+00 -9.914449e-01
    outer loop
      vertex   -7.000000e+00 4.500000e+00 2.700000e+00
      vertex   -7.000000e+00 5.500000e+00 2.700000e+00
      vertex   -6.301189e+00 4.500000e+00 2.608000e+00
    endloop
  endfacet
  facet normal -1.305262e-01 0.000000e+00 -9.914449e-01
    outer loop
      vertex   -6.301189e+00 4.500000e+00 2.608000e+00
      vertex   -7.000000e+00 5.500000e+00 2.700000e+00
      vertex   -6.301189e+00 5.500000e+00 2.608000e+00
    endloop
  endfacet
  facet normal -3.826834e-01 0.000000e+00 -9.238795e-01
    outer loop
      vertex   -6.301189e+00 4.500000e+00 2.608000e+00
      vertex   -6.301189e+00 5.500000e+00 2.608000e+00
      vertex   -5.650000e+00 4.500000e+00 2.338269e+00
    endloop
  endfacet
  facet normal -3.826834e-01 0.000000e+00 -9.238795e-01
    outer loop
      vertex   -5.650000e+00 4.500000e+00 2.338269e+00
      vertex   -6.301189e+00 5.500000e+00 2.608000e+00
      vertex   -5.650000e+00 5.500000e+00 2.338269e+00
    endloop
  endfacet
  facet normal -6.087614e-01 0.000000e+00 -7.933533e-01
    outer loop
      vertex   -5.650000e+00 4.500000e+00 2.338269e+00
      vertex   -5.650000e+00 5.500000e+00 2.338269e+00
      vertex   -5.090812e+00 4.500000e+00 1.909188e+00
    endloop
  endfacet
  facet normal -6.087614e-01 0.000000e+00 -7.933533e-01
    outer loop
      vertex   -5.090812e+00 4.500000e+00 1.909188e+00
      vertex   -5.650000e+00 5.500000e+00 2.338269e+00
      vertex   -5.090812e+00 5.500000e+00 1.909188e+00
    endloop
  endfacet
  facet normal -7.933533e-01 0.000000e+00 -6.087614e-01
    outer loop
      vertex   -5.090812e+00 4.500000e+00 1.909188e+00
      vertex   -5.090812e+00 5.500000e+00 1.909188e+00
      vertex   -4.661731e+00 4.500000e+00 1.350000e+00
    endloop
  endfacet
  facet normal -7.933533e-01 0.000000e+00 -6.087614e-01
    outer loop
      vertex   -4.661731e+00 4.500000e+00 1.350000e+00
      vertex   -5.090812e+00 5.500000e+00 1.909188e+00
      vertex   -4.661731e+00 5.500000e+00 1.350000e+00
    endloop
  endfacet
  facet normal -9.238795e-01 0.000000e+00 -3.826834e-01
    outer loop
      vertex   -4.661731e+00 4.500000e+00 1.350000e+00
      vertex   -4.661731e+00 5.500000e+00 1.350000e+00
      vertex   -4.392000e+00 4.500000e+00 6.988114e-01
    endloop
  endfacet
  facet normal -9.238795e-01 0.000000e+00 -3.826834e-01
    outer loop
      vertex   -4.392000e+00 4.500000e+00 6.988114e-01
      vertex   -4.661731e+00 5.500000e+00 1.350000e+00
      vertex   -4.392000e+00 5.500000e+00 6.988114e-01
    endloop
  endfacet
  facet normal 0.000000e+00 1.000000e+00 0.000000e+00
    outer loop
      vertex   8.545481e+00 4.500000e+00 -4.141105e-01
      vertex   8.600000e+00 4.500000e+00 1.358369e-15
      vertex   9.700000e+00 4.500000e+00 1.223658e-15
    endloop
  endfacet
  facet normal 0.000000e+00 1.000000e+00 0.000000e+00
    outer loop
      vertex   9.700000e+00 4.500000e+00 1.223658e-15
      vertex   8.600000e+00 4.500000e+00 1.358369e-15
      vertex   8.545481e+00 4.500000e+00 4.141105e-01
    endloop
  endfacet
  facet normal 0.000000e+00 1.000000e+00 0.000000e+00
    outer loop
      vertex   9.700000e+00 4.500000e+00 1.223658e-15
      vertex   8.545481e+00 4.500000e+00 4.141105e-01
      vertex   9.608000e+00 4.500000e+00 6.988114e-01
    endloop
  endfacet
  facet normal 0.000000e+00 1.000000e+00 0.000000e+00
    outer loop
      vertex   9.608000e+00 4.500000e+00 6.988114e-01
      vertex   8.545481e+00 4.500000e+00 4.141105e-01
      vertex   8.385641e+00 4.500000e+00 8.000000e-01
    endloop
  endfacet
  facet normal 0.000000e+00 1.000000e+00 0.000000e+00
    outer loop
      vertex   9.608000e+00 4.500000e+00 6.988114e-01
      vertex   8.385641e+00 4.500000e+00 8.000000e-01
      vertex   9.338269e+00 4.500000e+00 1.350000e+00
    endloop
  endfacet
  facet normal 0.000000e+00 1.000000e+00 0.000000e+00
    outer loop
      vertex   9.338269e+00 4.500000e+00 1.350000e+00
      vertex   8.385641e+00 4.500000e+00 8.000000e-01
      vertex   8.131371e+00 4.500000e+00 1.131371e+00
    endloop
  endfacet
  facet normal 0.000000e+00 1.000000e+00 0.000000e+00
    outer loop
      vertex   9.338269e+00 4.500000e+00 1.350000e+00
      vertex   8.131371e+00 4.500000e+00 1.131371e+00
      vertex   8.909188e+00 4.500000e+00 1.909188e+00
    endloop
  endfacet
  facet normal 0.000000e+00 1.000000e+00 0.000000e+00
    outer loop
      vertex   8.909188e+00 4.500000e+00 1.909188e+00
      vertex   8.131371e+00 4.500000e+00 1.131371e+00
      vertex   7.800000e+00 4.500000e+00 1.385641e+00
    endloop
  endfacet
  facet normal 0.000000e+00 1.000000e+00 0.000000e+00
    outer loop
      vertex   8.909188e+00 4.500000e+00 1.909188e+00
      vertex   7.800000e+00 4.500000e+00 1.385641e+00
      vertex   8.350000e+00 4.500000e+00 2.338269e+00
    endloop
  endfacet
  facet normal 0.000000e+00 1.000000e+00 0.000000e+00
    outer loop
      vertex   8.350000e+00 4.500000e+00 2.338269e+00
      vertex   7.800000e+00 4.500000e+00 1.385641e+00
      vertex   7.414110e+00 4.500000e+00 1.545481e+00
    endloop
  endfacet
  facet normal 0.000000e+00 1.000000e+00 0.000000e+00
    outer loop
      vertex   8.350000e+00 4.500000e+00 2.338269e+00
      vertex   7.414110e+00 4.500000e+00 1.545481e+00
      vertex   7.698811e+00 4.500000e+00 2.608000e+00
    endloop
  endfacet
  facet normal 0.000000e+00 1.000000e+00 0.000000e+00
    outer loop
      vertex   7.698811e+00 4.500000e+00 2.608000e+00
      vertex   7.414110e+00 4.500000e+00 1.545481e+00
      vertex   7.000000e+00 4.500000e+00 1.600000e+00
    endloop
  endfacet
  facet normal 0.000000e+00 1.000000e+00 0.000000e+00
    outer loop
      vertex   7.698811e+00 4.500000e+00 2.608000e+00
      vertex   7.000000e+00 4.500000e+00 1.600000e+00
      vertex   7.000000e+00 4.500000e+00 2.700000e+00
    endloop
  endfacet
  facet normal 0.000000e+00 1.000000e+00 0.000000e+00
    outer loop
      vertex   7.000000e+00 4.500000e+00 2.700000e+00
      vertex   7.000000e+00 4.500000e+00 1.600000e+00
      vertex   6.301189e+00 4.500000e+00 2.608000e+00
    endloop
  endfacet
  facet normal 0.000000e+00 1.000000e+00 0.000000e+00
    outer loop
      vertex   6.301189e+00 4.500000e+00 2.608000e+00
      vertex   7.000000e+00 4.500000e+00 1.600000e+00
      vertex   6.585890e+00 4.500000e+00 1.545481e+00
    endloop
  endfacet
  facet normal 0.000000e+00 1.000000e+00 0.000000e+00
    outer loop
      vertex   6.301189e+00 4.500000e+00 2.608000e+00
      vertex   6.585890e+00 4.500000e+00 1.545481e+00
      vertex   5.650000e+00 4.500000e+00 2.338269e+00
    endloop
  endfacet
  facet normal 0.000000e+00 1.000000e+00 0.000000e+00
    outer loop
      vertex   5.650000e+00 4.500000e+00 2.338269e+00
      vertex   6.585890e+00 4.500000e+00 1.545481e+00
      vertex   6.200000e+00 4.500000e+00 1.385641e+00
    endloop
  endfacet
  facet normal 0.000000e+00 1.000000e+00 0.000000e+00
    outer loop
      vertex   5.650000e+00 4.500000e+00 2.338269e+00
      vertex   6.200000e+00 4.500000e+00 1.385641e+00
      vertex   5.090812e+00 4.500000e+00 1.909188e+00
    endloop
  endfacet
  facet normal 0.000000e+00 1.000000e+00 0.000000e+00
    outer loop
      vertex   5.090812e+00 4.500000e+00 1.909188e+00
      vertex   6.200000e+00 4.500000e+00 1.385641e+00
      vertex   5.868629e+00 4.500000e+00 1.131371e+00
    endloop
  endfacet
  facet normal 0.000000e+00 1.000000e+00 0.000000e+00
    outer loop
      vertex   5.090812e+00 4.500000e+00 1.909188e+00
      vertex   5.868629e+00 4.500000e+00 1.131371e+00
      vertex   4.661731e+00 4.500000e+00 1.350000e+00
    endloop
  endfacet
  facet normal 0.000000e+00 1.000000e+00 0.000000e+00
    outer loop
      vertex   4.661731e+00 4.500000e+00 1.350000e+00
      vertex   5.868629e+00 4.500000e+00 1.131371e+00
      vertex   5.614359e+00 4.500000e+00 8.000000e-01
    endloop
  endfacet
  facet normal 0.000000e+00 1.000000e+00 0.000000e+00
    outer loop
      vertex   4.661731e+00 4.500000e+00 1.350000e+00
      vertex   5.614359e+00 4.500000e+00 8.000000e-01
      vertex   4.392000e+00 4.500000e+00 6.988114e-01
    endloop
  endfacet
  facet normal -0.000000e+00 1.000000e+00 0.000000e+00
    outer loop
      vertex   4.392000e+00 4.500000e+00 6.988114e-01
      vertex   5.614359e+00 4.500000e+00 8.000000e-01
      vertex   5.454519e+00 4.500000e+00 4.141105e-01
    endloop
  endfacet
  facet normal 0.000000e+00 1.000000e+00 0.000000e+00
    outer loop
      vertex   4.392000e+00 4.500000e+00 6.988114e-01
      vertex   5.454519e+00 4.500000e+00 4.141105e-01
      vertex   4.300000e+00 4.500000e+00 1.554312e-15
    endloop
  endfacet
  facet normal 0.000000e+00 1.000000e+00 0.000000e+00
    outer loop
      vertex   4.300000e+00 4.500000e+00 1.554312e-15
      vertex   5.454519e+00 4.500000e+00 4.141105e-01
      vertex   5.400000e+00 4.500000e+00 1.554312e-15
    endloop
  endfacet
  facet normal -0.000000e+00 1.000000e+00 0.000000e+00
    outer loop
      vertex   4.300000e+00 4.500000e+00 1.554312e-15
      vertex   5.400000e+00 4.500000e+00 1.554312e-15
      vertex   4.392000e+00 4.500000e+00 -6.988114e-01
    endloop
  endfacet
  facet normal 0.000000e+00 1.000000e+00 0.000000e+00
    outer loop
      vertex   4.392000e+00 4.500000e+00 -6.988114e-01
      vertex   5.400000e+00 4.500000e+00 1.554312e-15
      vertex   5.454519e+00 4.500000e+00 -4.141105e-01
    endloop
  endfacet
  facet normal -0.000000e+00 1.000000e+00 0.000000e+00
    outer loop
      vertex   4.392000e+00 4.500000e+00 -6.988114e-01
      vertex   5.454519e+00 4.500000e+00 -4.141105e-01
      vertex   5.614359e+00 4.500000e+00 -8.000000e-01
    endloop
  endfacet
  facet normal 0.000000e+00 1.000000e+00 0.000000e+00
    outer loop
      vertex   4.392000e+00 4.500000e+00 -6.988114e-01
      vertex   5.614359e+00 4.500000e+00 -8.000000e-01
      vertex   4.661731e+00 4.500000e+00 -1.350000e+00
    endloop
  endfacet
  facet normal 0.000000e+00 1.000000e+00 0.000000e+00
    outer loop
      vertex   4.661731e+00 4.500000e+00 -1.350000e+00
      vertex   5.614359e+00 4.500000e+00 -8.000000e-01
      vertex   5.868629e+00 4.500000e+00 -1.131371e+00
    endloop
  endfacet
  facet normal -0.000000e+00 1.000000e+00 0.000000e+00
    outer loop
      vertex   4.661731e+00 4.500000e+00 -1.350000e+00
      vertex   5.868629e+00 4.500000e+00 -1.131371e+00
      vertex   5.090812e+00 4.500000e+00 -1.909188e+00
    endloop
  endfacet
  facet normal 0.000000e+00 1.000000e+00 0.000000e+00
    outer loop
      vertex   5.090812e+00 4.500000e+00 -1.909188e+00
      vertex   5.868629e+00 4.500000e+00 -1.131371e+00
      vertex   6.200000e+00 4.500000e+00 -1.385641e+00
    endloop
  endfacet
  facet normal -0.000000e+00 1.000000e+00 0.000000e+00
    outer loop
      vertex   5.090812e+00 4.500000e+00 -1.909188e+00
      vertex   6.200000e+00 4.500000e+00 -1.385641e+00
      vertex   5.650000e+00 4.500000e+00 -2.338269e+00
    endloop
  endfacet
  facet normal 0.000000e+00 1.000000e+00 0.000000e+00
    outer loop
      vertex   5.650000e+00 4.500000e+00 -2.338269e+00
      vertex   6.200000e+00 4.500000e+00 -1.385641e+00
      vertex   6.585890e+00 4.500000e+00 -1.545481e+00
    endloop
  endfacet
  facet normal -0.000000e+00 1.000000e+00 0.000000e+00
    outer loop
      vertex   5.650000e+00 4.500000e+00 -2.338269e+00
      vertex   6.585890e+00 4.500000e+00 -1.545481e+00
      vertex   6.301189e+00 4.500000e+00 -2.608000e+00
    endloop
  endfacet
  facet normal 0.000000e+00 1.000000e+00 0.000000e+00
    outer loop
      vertex   6.301189e+00 4.500000e+00 -2.608000e+00
      vertex   6.585890e+00 4.500000e+00 -1.545481e+00
      vertex   7.000000e+00 4.500000e+00 -1.600000e+00
    endloop
  endfacet
  facet normal -0.000000e+00 1.000000e+00 0.000000e+00
    outer loop
      vertex   6.301189e+00 4.500000e+00 -2.608000e+00
      vertex   7.000000e+00 4.500000e+00 -1.600000e+00
      vertex   7.000000e+00 4.500000e+00 -2.700000e+00
    endloop
  endfacet
  facet normal 0.000000e+00 1.000000e+00 0.000000e+00
    outer loop
      vertex   7.000000e+00 4.500000e+00 -2.700000e+00
      vertex   7.000000e+00 4.500000e+00 -1.600000e+00
      vertex   7.698811e+00 4.500000e+00 -2.608000e+00
    endloop
  endfacet
  facet normal 0.000000e+00 1.000000e+00 0.000000e+00
    outer loop
      vertex   7.698811e+00 4.500000e+00 -2.608000e+00
      vertex   7.000000e+00 4.500000e+00 -1.600000e+00
      vertex   7.414110e+00 4.500000e+00 -1.545481e+00
    endloop
  endfacet
  facet normal 0.000000e+00 1.000000e+00 -0.000000e+00
    outer loop
      vertex   7.698811e+00 4.500000e+00 -2.608000e+00
      vertex   7.414110e+00 4.500000e+00 -1.545481e+00
      vertex   8.350000e+00 4.500000e+00 -2.338269e+00
    endloop
  endfacet
  facet normal 0.000000e+00 1.000000e+00 0.000000e+00
    outer loop
      vertex   8.350000e+00 4.500000e+00 -2.338269e+00
      vertex   7.414110e+00 4.500000e+00 -1.545481e+00
      vertex   7.800000e+00 4.500000e+00 -1.385641e+00
    endloop
  endfacet
  facet normal 0.000000e+00 1.000000e+00 -0.000000e+00
    outer loop
      vertex   8.350000e+00 4.500000e+00 -2.338269e+00
      vertex   7.800000e+00 4.500000e+00 -1.385641e+00
      vertex   8.909188e+00 4.500000e+00 -1.909188e+00
    endloop
  endfacet
  facet normal 0.000000e+00 1.000000e+00 0.000000e+00
    outer loop
      vertex   8.909188e+00 4.500000e+00 -1.909188e+00
      vertex   7.800000e+00 4.500000e+00 -1.385641e+00
      vertex   8.131371e+00 4.500000e+00 -1.131371e+00
    endloop
  endfacet
  facet normal 0.000000e+00 1.000000e+00 -0.000000e+00
    outer loop
      vertex   8.909188e+00 4.500000e+00 -1.909188e+00
      vertex   8.131371e+00 4.500000e+00 -1.131371e+00
      vertex   9.338269e+00 4.500000e+00 -1.350000e+00
    endloop
  endfacet
  facet normal 0.000000e+00 1.000000e+00 0.000000e+00
    outer loop
      vertex   9.338269e+00 4.500000e+00 -1.350000e+00
      vertex   8.131371e+00 4.500000e+00 -1.131371e+00
      vertex   8.385641e+00 4.500000e+00 -8.000000e-01
    endloop
  endfacet
  facet normal 0.000000e+00 1.000000e+00 -0.000000e+00
    outer loop
      vertex   9.338269e+00 4.500000e+00 -1.350000e+00
      vertex   8.385641e+00 4.500000e+00 -8.000000e-01
      vertex   9.608000e+00 4.500000e+00 -6.988114e-01
    endloop
  endfacet
  facet normal 0.000000e+00 1.000000e+00 0.000000e+00
    outer loop
      vertex   9.608000e+00 4.500000e+00 -6.988114e-01
      vertex   8.385641e+00 4.500000e+00 -8.000000e-01
      vertex   8.545481e+00 4.500000e+00 -4.141105e-01
    endloop
  endfacet
  facet normal 0.000000e+00 1.000000e+00 -0.000000e+00
    outer loop
      vertex   9.608000e+00 4.500000e+00 -6.988114e-01
      vertex   8.545481e+00 4.500000e+00 -4.141105e-01
      vertex   9.700000e+00 4.500000e+00 1.223658e-15
    endloop
  endfacet
  facet normal -9.914449e-01 0.000000e+00 -1.305262e-01
    outer loop
      vertex   9.608000e+00 4.500000e+00 6.988114e-01
      vertex   9.608000e+00 5.500000e+00 6.988114e-01
      vertex   9.700000e+00 4.500000e+00 1.223658e-15
    endloop
  endfacet
  facet normal -9.914449e-01 0.000000e+00 -1.305262e-01
    outer loop
      vertex   9.700000e+00 4.500000e+00 1.223658e-15
      vertex   9.608000e+00 5.500000e+00 6.988114e-01
      vertex   9.700000e+00 5.500000e+00 1.223658e-15
    endloop
  endfacet
  facet normal -9.914449e-01 0.000000e+00 1.305262e-01
    outer loop
      vertex   9.700000e+00 4.500000e+00 1.223658e-15
      vertex   9.700000e+00 5.500000e+00 1.223658e-15
      vertex   9.608000e+00 4.500000e+00 -6.988114e-01
    endloop
  endfacet
  facet normal -9.914449e-01 0.000000e+00 1.305262e-01
    outer loop
      vertex   9.608000e+00 4.500000e+00 -6.988114e-01
      vertex   9.700000e+00 5.500000e+00 1.223658e-15
      vertex   9.608000e+00 5.500000e+00 -6.988114e-01
    endloop
  endfacet
  facet normal -9.238795e-01 0.000000e+00 3.826834e-01
    outer loop
      vertex   9.608000e+00 4.500000e+00 -6.988114e-01
      vertex   9.608000e+00 5.500000e+00 -6.988114e-01
      vertex   9.338269e+00 4.500000e+00 -1.350000e+00
    endloop
  endfacet
  facet normal -9.238795e-01 0.000000e+00 3.826834e-01
    outer loop
      vertex   9.338269e+00 4.500000e+00 -1.350000e+00
      vertex   9.608000e+00 5.500000e+00 -6.988114e-01
      vertex   9.338269e+00 5.500000e+00 -1.350000e+00
    endloop
  endfacet
  facet normal -7.933533e-01 0.000000e+00 6.087614e-01
    outer loop
      vertex   9.338269e+00 4.500000e+00 -1.350000e+00
      vertex   9.338269e+00 5.500000e+00 -1.350000e+00
      vertex   8.909188e+00 4.500000e+00 -1.909188e+00
    endloop
  endfacet
  facet normal -7.933533e-01 0.000000e+00 6.087614e-01
    outer loop
      vertex   8.909188e+00 4.500000e+00 -1.909188e+00
      vertex   9.338269e+00 5.500000e+00 -1.350000e+00
      vertex   8.909188e+00 5.500000e+00 -1.909188e+00
    endloop
  endfacet
  facet normal -6.087614e-01 0.000000e+00 7.933533e-01
    outer loop
      vertex   8.909188e+00 4.500000e+00 -1.909188e+00
      vertex   8.909188e+00 5.500000e+00 -1.909188e+00
      vertex   8.350000e+00 4.500000e+00 -2.338269e+00
    endloop
  endfacet
  facet normal -6.087614e-01 0.000000e+00 7.933533e-01
    outer loop
      vertex   8.350000e+00 4.500000e+00 -2.338269e+00
      vertex   8.909188e+00 5.500000e+00 -1.909188e+00
      vertex   8.350000e+00 5.500000e+00 -2.338269e+00
    endloop
  endfacet
  facet normal -3.826834e-01 0.000000e+00 9.238795e-01
    outer loop
      vertex   8.350000e+00 4.500000e+00 -2.338269e+00
      vertex   8.350000e+00 5.500000e+00 -2.338269e+00
      vertex   7.698811e+00 4.500000e+00 -2.608000e+00
    endloop
  endfacet
  facet normal -3.826834e-01 0.000000e+00 9.238795e-01
    outer loop
      vertex   7.698811e+00 4.500000e+00 -2.608000e+00
      vertex   8.350000e+00 5.500000e+00 -2.338269e+00
      vertex   7.698811e+00 5.500000e+00 -2.608000e+00
    endloop
  endfacet
  facet normal -1.305262e-01 0.000000e+00 9.914449e-01
    outer loop
      vertex   7.698811e+00 4.500000e+00 -2.608000e+00
      vertex   7.698811e+00 5.500000e+00 -2.608000e+00
      vertex   7.000000e+00 4.500000e+00 -2.700000e+00
    endloop
  endfacet
  facet normal -1.305262e-01 0.000000e+00 9.914449e-01
    outer loop
      vertex   7.000000e+00 4.500000e+00 -2.700000e+00
      vertex   7.698811e+00 5.500000e+00 -2.608000e+00
      vertex   7.000000e+00 5.500000e+00 -2.700000e+00
    endloop
  endfacet
  facet normal 1.305262e-01 -0.000000e+00 9.914449e-01
    outer loop
      vertex   7.000000e+00 4.500000e+00 -2.700000e+00
      vertex   7.000000e+00 5.500000e+00 -2.700000e+00
      vertex   6.301189e+00 4.500000e+00 -2.608000e+00
    endloop
  endfacet
  facet normal 1.305262e-01 -0.000000e+00 9.914449e-01
    outer loop
      vertex   6.301189e+00 4.500000e+00 -2.608000e+00
      vertex   7.000000e+00 5.500000e+00 -2.700000e+00
      vertex   6.301189e+00 5.500000e+00 -2.608000e+00
    endloop
  endfacet
  facet normal 3.826834e-01 -0.000000e+00 9.238795e-01
    outer loop
      vertex   6.301189e+00 4.500000e+00 -2.608000e+00
      vertex   6.301189e+00 5.500000e+00 -2.608000e+00
      vertex   5.650000e+00 4.500000e+00 -2.338269e+00
    endloop
  endfacet
  facet normal 3.826834e-01 -0.000000e+00 9.238795e-01
    outer loop
      vertex   5.650000e+00 4.500000e+00 -2.338269e+00
      vertex   6.301189e+00 5.500000e+00 -2.608000e+00
      vertex   5.650000e+00 5.500000e+00 -2.338269e+00
    endloop
  endfacet
  facet normal 6.087614e-01 -0.000000e+00 7.933533e-01
    outer loop
      vertex   5.650000e+00 4.500000e+00 -2.338269e+00
      vertex   5.650000e+00 5.500000e+00 -2.338269e+00
      vertex   5.090812e+00 4.500000e+00 -1.909188e+00
    endloop
  endfacet
  facet normal 6.087614e-01 -0.000000e+00 7.933533e-01
    outer loop
      vertex   5.090812e+00 4.500000e+00 -1.909188e+00
      vertex   5.650000e+00 5.500000e+00 -2.338269e+00
      vertex   5.090812e+00 5.500000e+00 -1.909188e+00
    endloop
  endfacet
  facet normal 7.933533e-01 -0.000000e+00 6.087614e-01
    outer loop
      vertex   5.090812e+00 4.500000e+00 -1.909188e+00
      vertex   5.090812e+00 5.500000e+00 -1.909188e+00
      vertex   4.661731e+00 4.500000e+00 -1.350000e+00
    endloop
  endfacet
  facet normal 7.933533e-01 -0.000000e+00 6.087614e-01
    outer loop
      vertex   4.661731e+00 4.500000e+00 -1.350000e+00
      vertex   5.090812e+00 5.500000e+00 -1.909188e+00
      vertex   4.661731e+00 5.500000e+00 -1.350000e+00
    endloop
  endfacet
  facet normal 9.238795e-01 -0.000000e+00 3.826834e-01
    outer loop
      vertex   4.661731e+00 4.500000e+00 -1.350000e+00
      vertex   4.661731e+00 5.500000e+00 -1.350000e+00
      vertex   4.392000e+00 4.500000e+00 -6.988114e-01
    endloop
  endfacet
  facet normal 9.238795e-01 -0.000000e+00 3.826834e-01
    outer loop
      vertex   4.392000e+00 4.500000e+00 -6.988114e-01
      vertex   4.661731e+00 5.500000e+00 -1.350000e+00
      vertex   4.392000e+00 5.500000e+00 -6.988114e-01
    endloop
  endfacet
  facet normal 9.914449e-01 -0.000000e+00 1.305262e-01
    outer loop
      vertex   4.392000e+00 4.500000e+00 -6.988114e-01
      vertex   4.392000e+00 5.500000e+00 -6.988114e-01
      vertex   4.300000e+00 4.500000e+00 1.554312e-15
    endloop
  endfacet
  facet normal 9.914449e-01 -0.000000e+00 1.305262e-01
    outer loop
      vertex   4.300000e+00 4.500000e+00 1.554312e-15
      vertex   4.392000e+00 5.500000e+00 -6.988114e-01
      vertex   4.300000e+00 5.500000e+00 1.554312e-15
    endloop
  endfacet
  facet normal 9.914449e-01 0.000000e+00 -1.305262e-01
    outer loop
      vertex   4.300000e+00 4.500000e+00 1.554312e-15
      vertex   4.300000e+00 5.500000e+00 1.554312e-15
      vertex   4.392000e+00 4.500000e+00 6.988114e-01
    endloop
  endfacet
  facet normal 9.914449e-01 0.000000e+00 -1.305262e-01
    outer loop
      vertex   4.392000e+00 4.500000e+00 6.988114e-01
      vertex   4.300000e+00 5.500000e+00 1.554312e-15
      vertex   4.392000e+00 5.500000e+00 6.988114e-01
    endloop
  endfacet
  facet normal 9.238795e-01 0.000000e+00 -3.826834e-01
    outer loop
      vertex   4.392000e+00 4.500000e+00 6.988114e-01
      vertex   4.392000e+00 5.500000e+00 6.988114e-01
      vertex   4.661731e+00 4.500000e+00 1.350000e+00
    endloop
  endfacet
  facet normal 9.238795e-01 0.000000e+00 -3.826834e-01
    outer loop
      vertex   4.661731e+00 4.500000e+00 1.350000e+00
      vertex   4.392000e+00 5.500000e+00 6.988114e-01
      vertex   4.661731e+00 5.500000e+00 1.350000e+00
    endloop
  endfacet
  facet normal 7.933533e-01 0.000000e+00 -6.087614e-01
    outer loop
      vertex   4.661731e+00 4.500000e+00 1.350000e+00
      vertex   4.661731e+00 5.500000e+00 1.350000e+00
      vertex   5.090812e+00 4.500000e+00 1.909188e+00
    endloop
  endfacet
  facet normal 7.933533e-01 0.000000e+00 -6.087614e-01
    outer loop
      vertex   5.090812e+00 4.500000e+00 1.909188e+00
      vertex   4.661731e+00 5.500000e+00 1.350000e+00
      vertex   5.090812e+00 5.500000e+00 1.909188e+00
    endloop
  endfacet
  facet normal 6.087614e-01 0.000000e+00 -7.933533e-01
    outer loop
      vertex   5.090812e+00 4.500000e+00 1.909188e+00
      vertex   5.090812e+00 5.500000e+00 1.909188e+00
      vertex   5.650000e+00 4.500000e+00 2.338269e+00
    endloop
  endfacet
  facet normal 6.087614e-01 0.000000e+00 -7.933533e-01
    outer loop
      vertex   5.650000e+00 4.500000e+00 2.338269e+00
      vertex   5.090812e+00 5.500000e+00 1.909188e+00
      vertex   5.650000e+00 5.500000e+00 2.338269e+00
    endloop
  endfacet
  facet normal 3.826834e-01 0.000000e+00 -9.238795e-01
    outer loop
      vertex   5.650000e+00 4.500000e+00 2.338269e+00
      vertex   5.650000e+00 5.500000e+00 2.338269e+00
      vertex   6.301189e+00 4.500000e+00 2.608000e+00
    endloop
  endfacet
  facet normal 3.826834e-01 0.000000e+00 -9.238795e-01
    outer loop
      vertex   6.301189e+00 4.500000e+00 2.608000e+00
      vertex   5.650000e+00 5.500000e+00 2.338269e+00
      vertex   6.301189e+00 5.500000e+00 2.608000e+00
    endloop
  endfacet
  facet normal 1.305262e-01 0.000000e+00 -9.914449e-01
    outer loop
      vertex   6.301189e+00 4.500000e+00 2.608000e+00
      vertex   6.301189e+00 5.500000e+00 2.608000e+00
      vertex   7.000000e+00 4.500000e+00 2.700000e+00
    endloop
  endfacet
  facet normal 1.305262e-01 0.000000e+00 -9.914449e-01
    outer loop
      vertex   7.000000e+00 4.500000e+00 2.700000e+00
      vertex   6.301189e+00 5.500000e+00 2.608000e+00
      vertex   7.000000e+00 5.500000e+00 2.700000e+00
    endloop
  endfacet
  facet normal -1.305262e-01 0.000000e+00 -9.914449e-01
    outer loop
      vertex   7.000000e+00 4.500000e+00 2.700000e+00
      vertex   7.000000e+00 5.500000e+00 2.700000e+00
      vertex   7.698811e+00 4.500000e+00 2.608000e+00
    endloop
  endfacet
  facet normal -1.305262e-01 0.000000e+00 -9.914449e-01
    outer loop
      vertex   7.698811e+00 4.500000e+00 2.608000e+00
      vertex   7.000000e+00 5.500000e+00 2.700000e+00
      vertex   7.698811e+00 5.500000e+00 2.608000e+00
    endloop
  endfacet
  facet normal -3.826834e-01 0.000000e+00 -9.238795e-01
    outer loop
      vertex   7.698811e+00 4.500000e+00 2.608000e+00
      vertex   7.698811e+00 5.500000e+00 2.608000e+00
      vertex   8.350000e+00 4.500000e+00 2.338269e+00
    endloop
  endfacet
  facet normal -3.826834e-01 0.000000e+00 -9.238795e-01
    outer loop
      vertex   8.350000e+00 4.500000e+00 2.338269e+00
      vertex   7.698811e+00 5.500000e+00 2.608000e+00
      vertex   8.350000e+00 5.500000e+00 2.338269e+00
    endloop
  endfacet
  facet normal -6.087614e-01 0.000000e+00 -7.933533e-01
    outer loop
      vertex   8.350000e+00 4.500000e+00 2.338269e+00
      vertex   8.350000e+00 5.500000e+00 2.338269e+00
      vertex   8.909188e+00 4.500000e+00 1.909188e+00
    endloop
  endfacet
  facet normal -6.087614e-01 0.000000e+00 -7.933533e-01
    outer loop
      vertex   8.909188e+00 4.500000e+00 1.909188e+00
      vertex   8.350000e+00 5.500000e+00 2.338269e+00
      vertex   8.909188e+00 5.500000e+00 1.909188e+00
    endloop
  endfacet
  facet normal -7.933533e-01 0.000000e+00 -6.087614e-01
    outer loop
      vertex   8.909188e+00 4.500000e+00 1.909188e+00
      vertex   8.909188e+00 5.500000e+00 1.909188e+00
      vertex   9.338269e+00 4.500000e+00 1.350000e+00
    endloop
  endfacet
  facet normal -7.933533e-01 0.000000e+00 -6.087614e-01
    outer loop
      vertex   9.338269e+00 4.500000e+00 1.350000e+00
      vertex   8.909188e+00 5.500000e+00 1.909188e+00
      vertex   9.338269e+00 5.500000e+00 1.350000e+00
    endloop
  endfacet
  facet normal -9.238795e-01 0.000000e+00 -3.826834e-01
    outer loop
      vertex   9.338269e+00 4.500000e+00 1.350000e+00
      vertex   9.338269e+00 5.500000e+00 1.350000e+00
      vertex   9.608000e+00 4.500000e+00 6.988114e-01
    endloop
  endfacet
  facet normal -9.238795e-01 0.000000e+00 -3.826834e-01
    outer loop
      vertex   9.608000e+00 4.500000e+00 6.988114e-01
      vertex   9.338269e+00 5.500000e+00 1.350000e+00
      vertex   9.608000e+00 5.500000e+00 6.988114e-01
    endloop
  endfacet
  facet normal 0.000000e+00 1.000000e+00 0.000000e+00
    outer loop
      vertex   1.545481e+00 4.500000e+00 -7.414110e+00
      vertex   1.600000e+00 4.500000e+00 -7.000000e+00
      vertex   2.700000e+00 4.500000e+00 -7.000000e+00
    endloop
  endfacet
  facet normal 0.000000e+00 1.000000e+00 0.000000e+00
    outer loop
      vertex   2.700000e+00 4.500000e+00 -7.000000e+00
      vertex   1.600000e+00 4.500000e+00 -7.000000e+00
      vertex   1.545481e+00 4.500000e+00 -6.585890e+00
    endloop
  endfacet
  facet normal 0.000000e+00 1.000000e+00 0.000000e+00
    outer loop
      vertex   2.700000e+00 4.500000e+00 -7.000000e+00
      vertex   1.545481e+00 4.500000e+00 -6.585890e+00
      vertex   2.608000e+00 4.500000e+00 -6.301189e+00
    endloop
  endfacet
  facet normal 0.000000e+00 1.000000e+00 0.000000e+00
    outer loop
      vertex   2.608000e+00 4.500000e+00 -6.301189e+00
      vertex   1.545481e+00 4.500000e+00 -6.585890e+00
      vertex   1.385641e+00 4.500000e+00 -6.200000e+00
    endloop
  endfacet
  facet normal 0.000000e+00 1.000000e+00 0.000000e+00
    outer loop
      vertex   2.608000e+00 4.500000e+00 -6.301189e+00
      vertex   1.385641e+00 4.500000e+00 -6.200000e+00
      vertex   2.338269e+00 4.500000e+00 -5.650000e+00
    endloop
  endfacet
  facet normal 0.000000e+00 1.000000e+00 0.000000e+00
    outer loop
      vertex   2.338269e+00 4.500000e+00 -5.650000e+00
      vertex   1.385641e+00 4.500000e+00 -6.200000e+00
      vertex   1.131371e+00 4.500000e+00 -5.868629e+00
    endloop
  endfacet
  facet normal 0.000000e+00 1.000000e+00 0.000000e+00
    outer loop
      vertex   2.338269e+00 4.500000e+00 -5.650000e+00
      vertex   1.131371e+00 4.500000e+00 -5.868629e+00
      vertex   1.909188e+00 4.500000e+00 -5.090812e+00
    endloop
  endfacet
  facet normal 0.000000e+00 1.000000e+00 0.000000e+00
    outer loop
      vertex   1.909188e+00 4.500000e+00 -5.090812e+00
      vertex   1.131371e+00 4.500000e+00 -5.868629e+00
      vertex   8.000000e-01 4.500000e+00 -5.614359e+00
    endloop
  endfacet
  facet normal 0.000000e+00 1.000000e+00 0.000000e+00
    outer loop
      vertex   1.909188e+00 4.500000e+00 -5.090812e+00
      vertex   8.000000e-01 4.500000e+00 -5.614359e+00
      vertex   1.350000e+00 4.500000e+00 -4.661731e+00
    endloop
  endfacet
  facet normal 0.000000e+00 1.000000e+00 0.000000e+00
    outer loop
      vertex   1.350000e+00 4.500000e+00 -4.661731e+00
      vertex   8.000000e-01 4.500000e+00 -5.614359e+00
      vertex   4.141105e-01 4.500000e+00 -5.454519e+00
    endloop
  endfacet
  facet normal 0.000000e+00 1.000000e+00 0.000000e+00
    outer loop
      vertex   1.350000e+00 4.500000e+00 -4.661731e+00
      vertex   4.141105e-01 4.500000e+00 -5.454519e+00
      vertex   6.988114e-01 4.500000e+00 -4.392000e+00
    endloop
  endfacet
  facet normal 0.000000e+00 1.000000e+00 0.000000e+00
    outer loop
      vertex   6.988114e-01 4.500000e+00 -4.392000e+00
      vertex   4.141105e-01 4.500000e+00 -5.454519e+00
      vertex   -9.797174e-17 4.500000e+00 -5.400000e+00
    endloop
  endfacet
  facet normal 0.000000e+00 1.000000e+00 0.000000e+00
    outer loop
      vertex   6.988114e-01 4.500000e+00 -4.392000e+00
      vertex   -9.797174e-17 4.500000e+00 -5.400000e+00
      vertex   -1.653273e-16 4.500000e+00 -4.300000e+00
    endloop
  endfacet
  facet normal 0.000000e+00 1.000000e+00 0.000000e+00
    outer loop
      vertex   -1.653273e-16 4.500000e+00 -4.300000e+00
      vertex   -9.797174e-17 4.500000e+00 -5.400000e+00
      vertex   -6.988114e-01 4.500000e+00 -4.392000e+00
    endloop
  endfacet
  facet normal 0.000000e+00 1.000000e+00 0.000000e+00
    outer loop
      vertex   -6.988114e-01 4.500000e+00 -4.392000e+00
      vertex   -9.797174e-17 4.500000e+00 -5.400000e+00
      vertex   -4.141105e-01 4.500000e+00 -5.454519e+00
    endloop
  endfacet
  facet normal 0.000000e+00 1.000000e+00 0.000000e+00
    outer loop
      vertex   -6.988114e-01 4.500000e+00 -4.392000e+00
      vertex   -4.141105e-01 4.500000e+00 -5.454519e+00
      vertex   -1.350000e+00 4.500000e+00 -4.661731e+00
    endloop
  endfacet
  facet normal 0.000000e+00 1.000000e+00 0.000000e+00
    outer loop
      vertex   -1.350000e+00 4.500000e+00 -4.661731e+00
      vertex   -4.141105e-01 4.500000e+00 -5.454519e+00
      vertex   -8.000000e-01 4.500000e+00 -5.614359e+00
    endloop
  endfacet
  facet normal 0.000000e+00 1.000000e+00 0.000000e+00
    outer loop
      vertex   -1.350000e+00 4.500000e+00 -4.661731e+00
      vertex   -8.000000e-01 4.500000e+00 -5.614359e+00
      vertex   -1.909188e+00 4.500000e+00 -5.090812e+00
    endloop
  endfacet
  facet normal 0.000000e+00 1.000000e+00 0.000000e+00
    outer loop
      vertex   -1.909188e+00 4.500000e+00 -5.090812e+00
      vertex   -8.000000e-01 4.500000e+00 -5.614359e+00
      vertex   -1.131371e+00 4.500000e+00 -5.868629e+00
    endloop
  endfacet
  facet normal 0.000000e+00 1.000000e+00 0.000000e+00
    outer loop
      vertex   -1.909188e+00 4.500000e+00 -5.090812e+00
      vertex   -1.131371e+00 4.500000e+00 -5.868629e+00
      vertex   -2.338269e+00 4.500000e+00 -5.650000e+00
    endloop
  endfacet
  facet normal 0.000000e+00 1.000000e+00 0.000000e+00
    outer loop
      vertex   -2.338269e+00 4.500000e+00 -5.650000e+00
      vertex   -1.131371e+00 4.500000e+00 -5.868629e+00
      vertex   -1.385641e+00 4.500000e+00 -6.200000e+00
    endloop
  endfacet
  facet normal 0.000000e+00 1.000000e+00 0.000000e+00
    outer loop
      vertex   -2.338269e+00 4.500000e+00 -5.650000e+00
      vertex   -1.385641e+00 4.500000e+00 -6.200000e+00
      vertex   -2.608000e+00 4.500000e+00 -6.301189e+00
    endloop
  endfacet
  facet normal -0.000000e+00 1.000000e+00 0.000000e+00
    outer loop
      vertex   -2.608000e+00 4.500000e+00 -6.301189e+00
      vertex   -1.385641e+00 4.500000e+00 -6.200000e+00
      vertex   -1.545481e+00 4.500000e+00 -6.585890e+00
    endloop
  endfacet
  facet normal 0.000000e+00 1.000000e+00 0.000000e+00
    outer loop
      vertex   -2.608000e+00 4.500000e+00 -6.301189e+00
      vertex   -1.545481e+00 4.500000e+00 -6.585890e+00
      vertex   -2.700000e+00 4.500000e+00 -7.000000e+00
    endloop
  endfacet
  facet normal 0.000000e+00 1.000000e+00 0.000000e+00
    outer loop
      vertex   -2.700000e+00 4.500000e+00 -7.000000e+00
      vertex   -1.545481e+00 4.500000e+00 -6.585890e+00
      vertex   -1.600000e+00 4.500000e+00 -7.000000e+00
    endloop
  endfacet
  facet normal -0.000000e+00 1.000000e+00 0.000000e+00
    outer loop
      vertex   -2.700000e+00 4.500000e+00 -7.000000e+00
      vertex   -1.600000e+00 4.500000e+00 -7.000000e+00
      vertex   -2.608000e+00 4.500000e+00 -7.698811e+00
    endloop
  endfacet
  facet normal 0.000000e+00 1.000000e+00 0.000000e+00
    outer loop
      vertex   -2.608000e+00 4.500000e+00 -7.698811e+00
      vertex   -1.600000e+00 4.500000e+00 -7.000000e+00
      vertex   -1.545481e+00 4.500000e+00 -7.414110e+00
    endloop
  endfacet
  facet normal -0.000000e+00 1.000000e+00 0.000000e+00
    outer loop
      vertex   -2.608000e+00 4.500000e+00 -7.698811e+00
      vertex   -1.545481e+00 4.500000e+00 -7.414110e+00
      vertex   -1.385641e+00 4.500000e+00 -7.800000e+00
    endloop
  endfacet
  facet normal 0.000000e+00 1.000000e+00 0.000000e+00
    outer loop
      vertex   -2.608000e+00 4.500000e+00 -7.698811e+00
      vertex   -1.385641e+00 4.500000e+00 -7.800000e+00
      vertex   -2.338269e+00 4.500000e+00 -8.350000e+00
    endloop
  endfacet
  facet normal 0.000000e+00 1.000000e+00 0.000000e+00
    outer loop
      vertex   -2.338269e+00 4.500000e+00 -8.350000e+00
      vertex   -1.385641e+00 4.500000e+00 -7.800000e+00
      vertex   -1.131371e+00 4.500000e+00 -8.131371e+00
    endloop
  endfacet
  facet normal -0.000000e+00 1.000000e+00 0.000000e+00
    outer loop
      vertex   -2.338269e+00 4.500000e+00 -8.350000e+00
      vertex   -1.131371e+00 4.500000e+00 -8.131371e+00
      vertex   -1.909188e+00 4.500000e+00 -8.909188e+00
    endloop
  endfacet
  facet normal 0.000000e+00 1.000000e+00 0.000000e+00
    outer loop
      vertex   -1.909188e+00 4.500000e+00 -8.909188e+00
      vertex   -1.131371e+00 4.500000e+00 -8.131371e+00
      vertex   -8.000000e-01 4.500000e+00 -8.385641e+00
    endloop
  endfacet
  facet normal -0.000000e+00 1.000000e+00 0.000000e+00
    outer loop
      vertex   -1.909188e+00 4.500000e+00 -8.909188e+00
      vertex   -8.000000e-01 4.500000e+00 -8.385641e+00
      vertex   -1.350000e+00 4.500000e+00 -9.338269e+00
    endloop
  endfacet
  facet normal 0.000000e+00 1.000000e+00 0.000000e+00
    outer loop
      vertex   -1.350000e+00 4.500000e+00 -9.338269e+00
      vertex   -8.000000e-01 4.500000e+00 -8.385641e+00
      vertex   -4.141105e-01 4.500000e+00 -8.545481e+00
    endloop
  endfacet
  facet normal -0.000000e+00 1.000000e+00 0.000000e+00
    outer loop
      vertex   -1.350000e+00 4.500000e+00 -9.338269e+00
      vertex   -4.141105e-01 4.500000e+00 -8.545481e+00
      vertex   -6.988114e-01 4.500000e+00 -9.608000e+00
    endloop
  endfacet
  facet normal 0.000000e+00 1.000000e+00 0.000000e+00
    outer loop
      vertex   -6.988114e-01 4.500000e+00 -9.608000e+00
      vertex   -4.141105e-01 4.500000e+00 -8.545481e+00
      vertex   -9.797174e-17 4.500000e+00 -8.600000e+00
    endloop
  endfacet
  facet normal -0.000000e+00 1.000000e+00 0.000000e+00
    outer loop
      vertex   -6.988114e-01 4.500000e+00 -9.608000e+00
      vertex   -9.797174e-17 4.500000e+00 -8.600000e+00
      vertex   -1.653273e-16 4.500000e+00 -9.700000e+00
    endloop
  endfacet
  facet normal 0.000000e+00 1.000000e+00 0.000000e+00
    outer loop
      vertex   -1.653273e-16 4.500000e+00 -9.700000e+00
      vertex   -9.797174e-17 4.500000e+00 -8.600000e+00
      vertex   6.988114e-01 4.500000e+00 -9.608000e+00
    endloop
  endfacet
  facet normal 0.000000e+00 1.000000e+00 0.000000e+00
    outer loop
      vertex   6.988114e-01 4.500000e+00 -9.608000e+00
      vertex   -9.797174e-17 4.500000e+00 -8.600000e+00
      vertex   4.141105e-01 4.500000e+00 -8.545481e+00
    endloop
  endfacet
  facet normal 0.000000e+00 1.000000e+00 -0.000000e+00
    outer loop
      vertex   6.988114e-01 4.500000e+00 -9.608000e+00
      vertex   4.141105e-01 4.500000e+00 -8.545481e+00
      vertex   1.350000e+00 4.500000e+00 -9.338269e+00
    endloop
  endfacet
  facet normal 0.000000e+00 1.000000e+00 0.000000e+00
    outer loop
      vertex   1.350000e+00 4.500000e+00 -9.338269e+00
      vertex   4.141105e-01 4.500000e+00 -8.545481e+00
      vertex   8.000000e-01 4.500000e+00 -8.385641e+00
    endloop
  endfacet
  facet normal 0.000000e+00 1.000000e+00 -0.000000e+00
    outer loop
      vertex   1.350000e+00 4.500000e+00 -9.338269e+00
      vertex   8.000000e-01 4.500000e+00 -8.385641e+00
      vertex   1.909188e+00 4.500000e+00 -8.909188e+00
    endloop
  endfacet
  facet normal 0.000000e+00 1.000000e+00 0.000000e+00
    outer loop
      vertex   1.909188e+00 4.500000e+00 -8.909188e+00
      vertex   8.000000e-01 4.500000e+00 -8.385641e+00
      vertex   1.131371e+00 4.500000e+00 -8.131371e+00
    endloop
  endfacet
  facet normal 0.000000e+00 1.000000e+00 -0.000000e+00
    outer loop
      vertex   1.909188e+00 4.500000e+00 -8.909188e+00
      vertex   1.131371e+00 4.500000e+00 -8.131371e+00
      vertex   2.338269e+00 4.500000e+00 -8.350000e+00
    endloop
  endfacet
  facet normal 0.000000e+00 1.000000e+00 0.000000e+00
    outer loop
      vertex   2.338269e+00 4.500000e+00 -8.350000e+00
      vertex   1.131371e+00 4.500000e+00 -8.131371e+00
      vertex   1.385641e+00 4.500000e+00 -7.800000e+00
    endloop
  endfacet
  facet normal 0.000000e+00 1.000000e+00 -0.000000e+00
    outer loop
      vertex   2.338269e+00 4.500000e+00 -8.350000e+00
      vertex   1.385641e+00 4.500000e+00 -7.800000e+00
      vertex   2.608000e+00 4.500000e+00 -7.698811e+00
    endloop
  endfacet
  facet normal 0.000000e+00 1.000000e+00 0.000000e+00
    outer loop
      vertex   2.608000e+00 4.500000e+00 -7.698811e+00
      vertex   1.385641e+00 4.500000e+00 -7.800000e+00
      vertex   1.545481e+00 4.500000e+00 -7.414110e+00
    endloop
  endfacet
  facet normal 0.000000e+00 1.000000e+00 -0.000000e+00
    outer loop
      vertex   2.608000e+00 4.500000e+00 -7.698811e+00
      vertex   1.545481e+00 4.500000e+00 -7.414110e+00
      vertex   2.700000e+00 4.500000e+00 -7.000000e+00
    endloop
  endfacet
  facet normal -9.914449e-01 0.000000e+00 -1.305262e-01
    outer loop
      vertex   2.608000e+00 4.500000e+00 -6.301189e+00
      vertex   2.608000e+00 5.500000e+00 -6.301189e+00
      vertex   2.700000e+00 4.500000e+00 -7.000000e+00
    endloop
  endfacet
  facet normal -9.914449e-01 0.000000e+00 -1.305262e-01
    outer loop
      vertex   2.700000e+00 4.500000e+00 -7.000000e+00
      vertex   2.608000e+00 5.500000e+00 -6.301189e+00
      vertex   2.700000e+00 5.500000e+00 -7.000000e+00
    endloop
  endfacet
  facet normal -9.914449e-01 0.000000e+00 1.305262e-01
    outer loop
      vertex   2.700000e+00 4.500000e+00 -7.000000e+00
      vertex   2.700000e+00 5.500000e+00 -7.000000e+00
      vertex   2.608000e+00 4.500000e+00 -7.698811e+00
    endloop
  endfacet
  facet normal -9.914449e-01 0.000000e+00 1.305262e-01
    outer loop
      vertex   2.608000e+00 4.500000e+00 -7.698811e+00
      vertex   2.700000e+00 5.500000e+00 -7.000000e+00
      vertex   2.608000e+00 5.500000e+00 -7.698811e+00
    endloop
  endfacet
  facet normal -9.238795e-01 0.000000e+00 3.826834e-01
    outer loop
      vertex   2.608000e+00 4.500000e+00 -7.698811e+00
      vertex   2.608000e+00 5.500000e+00 -7.698811e+00
      vertex   2.338269e+00 4.500000e+00 -8.350000e+00
    endloop
  endfacet
  facet normal -9.238795e-01 0.000000e+00 3.826834e-01
    outer loop
      vertex   2.338269e+00 4.500000e+00 -8.350000e+00
      vertex   2.608000e+00 5.500000e+00 -7.698811e+00
      vertex   2.338269e+00 5.500000e+00 -8.350000e+00
    endloop
  endfacet
  facet normal -7.933533e-01 0.000000e+00 6.087614e-01
    outer loop
      vertex   2.338269e+00 4.500000e+00 -8.350000e+00
      vertex   2.338269e+00 5.500000e+00 -8.350000e+00
      vertex   1.909188e+00 4.500000e+00 -8.909188e+00
    endloop
  endfacet
  facet normal -7.933533e-01 0.000000e+00 6.087614e-01
    outer loop
      vertex   1.909188e+00 4.500000e+00 -8.909188e+00
      vertex   2.338269e+00 5.500000e+00 -8.350000e+00
      vertex   1.909188e+00 5.500000e+00 -8.909188e+00
    endloop
  endfacet
  facet normal -6.087614e-01 0.000000e+00 7.933533e-01
    outer loop
      vertex   1.909188e+00 4.500000e+00 -8.909188e+00
      vertex   1.909188e+00 5.500000e+00 -8.909188e+00
      vertex   1.350000e+00 4.500000e+00 -9.338269e+00
    endloop
  endfacet
  facet normal -6.087614e-01 0.000000e+00 7.933533e-01
    outer loop
      vertex   1.350000e+00 4.500000e+00 -9.338269e+00
      vertex   1.909188e+00 5.500000e+00 -8.909188e+00
      vertex   1.350000e+00 5.500000e+00 -9.338269e+00
    endloop
  endfacet
  facet normal -3.826834e-01 0.000000e+00 9.238795e-01
    outer loop
      vertex   1.350000e+00 4.500000e+00 -9.338269e+00
      vertex   1.350000e+00 5.500000e+00 -9.338269e+00
      vertex   6.988114e-01 4.500000e+00 -9.608000e+00
    endloop
  endfacet
  facet normal -3.826834e-01 0.000000e+00 9.238795e-01
    outer loop
      vertex   6.988114e-01 4.500000e+00 -9.608000e+00
      vertex   1.350000e+00 5.500000e+00 -9.338269e+00
      vertex   6.988114e-01 5.500000e+00 -9.608000e+00
    endloop
  endfacet
  facet normal -1.305262e-01 0.000000e+00 9.914449e-01
    outer loop
      vertex   6.988114e-01 4.500000e+00 -9.608000e+00
      vertex   6.988114e-01 5.500000e+00 -9.608000e+00
      vertex   -1.653273e-16 4.500000e+00 -9.700000e+00
    endloop
  endfacet
  facet normal -1.305262e-01 0.000000e+00 9.914449e-01
    outer loop
      vertex   -1.653273e-16 4.500000e+00 -9.700000e+00
      vertex   6.988114e-01 5.500000e+00 -9.608000e+00
      vertex   -1.653273e-16 5.500000e+00 -9.700000e+00
    endloop
  endfacet
  facet normal 1.305262e-01 -0.000000e+00 9.914449e-01
    outer loop
      vertex   -1.653273e-16 4.500000e+00 -9.700000e+00
      vertex   -1.653273e-16 5.500000e+00 -9.700000e+00
      vertex   -6.988114e-01 4.500000e+00 -9.608000e+00
    endloop
  endfacet
  facet normal 1.305262e-01 -0.000000e+00 9.914449e-01
    outer loop
      vertex   -6.988114e-01 4.500000e+00 -9.608000e+00
      vertex   -1.653273e-16 5.500000e+00 -9.700000e+00
      vertex   -6.988114e-01 5.500000e+00 -9.608000e+00
    endloop
  endfacet
  facet normal 3.826834e-01 -0.000000e+00 9.238795e-01
    outer loop
      vertex   -6.988114e-01 4.500000e+00 -9.608000e+00
      vertex   -6.988114e-01 5.500000e+00 -9.608000e+00
      vertex   -1.350000e+00 4.500000e+00 -9.338269e+00
    endloop
  endfacet
  facet normal 3.826834e-01 -0.000000e+00 9.238795e-01
    outer loop
      vertex   -1.350000e+00 4.500000e+00 -9.338269e+00
      vertex   -6.988114e-01 5.500000e+00 -9.608000e+00
      vertex   -1.350000e+00 5.500000e+00 -9.338269e+00
    endloop
  endfacet
  facet normal 6.087614e-01 -0.000000e+00 7.933533e-01
    outer loop
      vertex   -1.350000e+00 4.500000e+00 -9.338269e+00
      vertex   -1.350000e+00 5.500000e+00 -9.338269e+00
      vertex   -1.909188e+00 4.500000e+00 -8.909188e+00
    endloop
  endfacet
  facet normal 6.087614e-01 -0.000000e+00 7.933533e-01
    outer loop
      vertex   -1.909188e+00 4.500000e+00 -8.909188e+00
      vertex   -1.350000e+00 5.500000e+00 -9.338269e+00
      vertex   -1.909188e+00 5.500000e+00 -8.909188e+00
    endloop
  endfacet
  facet normal 7.933533e-01 -0.000000e+00 6.087614e-01
    outer loop
      vertex   -1.909188e+00 4.500000e+00 -8.909188e+00
      vertex   -1.909188e+00 5.500000e+00 -8.909188e+00
      vertex   -2.338269e+00 4.500000e+00 -8.350000e+00
    endloop
  endfacet
  facet normal 7.933533e-01 -0.000000e+00 6.087614e-01
    outer loop
      vertex   -2.338269e+00 4.500000e+00 -8.350000e+00
      vertex   -1.909188e+00 5.500000e+00 -8.909188e+00
      vertex   -2.338269e+00 5.500000e+00 -8.350000e+00
    endloop
  endfacet
  facet normal 9.238795e-01 -0.000000e+00 3.826834e-01
    outer loop
      vertex   -2.338269e+00 4.500000e+00 -8.350000e+00
      vertex   -2.338269e+00 5.500000e+00 -8.350000e+00
      vertex   -2.608000e+00 4.500000e+00 -7.698811e+00
    endloop
  endfacet
  facet normal 9.238795e-01 -0.000000e+00 3.826834e-01
    outer loop
      vertex   -2.608000e+00 4.500000e+00 -7.698811e+00
      vertex   -2.338269e+00 5.500000e+00 -8.350000e+00
      vertex   -2.608000e+00 5.500000e+00 -7.698811e+00
    endloop
  endfacet
  facet normal 9.914449e-01 -0.000000e+00 1.305262e-01
    outer loop
      vertex   -2.608000e+00 4.500000e+00 -7.698811e+00
      vertex   -2.608000e+00 5.500000e+00 -7.698811e+00
      vertex   -2.700000e+00 4.500000e+00 -7.000000e+00
    endloop
  endfacet
  facet normal 9.914449e-01 -0.000000e+00 1.305262e-01
    outer loop
      vertex   -2.700000e+00 4.500000e+00 -7.000000e+00
      vertex   -2.608000e+00 5.500000e+00 -7.698811e+00
      vertex   -2.700000e+00 5.500000e+00 -7.000000e+00
    endloop
  endfacet
  facet normal 9.914449e-01 0.000000e+00 -1.305262e-01
    outer loop
      vertex   -2.700000e+00 4.500000e+00 -7.000000e+00
      vertex   -2.700000e+00 5.500000e+00 -7.000000e+00
      vertex   -2.608000e+00 4.500000e+00 -6.301189e+00
    endloop
  endfacet
  facet normal 9.914449e-01 0.000000e+00 -1.305262e-01
    outer loop
      vertex   -2.608000e+00 4.500000e+00 -6.301189e+00
      vertex   -2.700000e+00 5.500000e+00 -7.000000e+00
      vertex   -2.608000e+00 5.500000e+00 -6.301189e+00
    endloop
  endfacet
  facet normal 9.238795e-01 0.000000e+00 -3.826834e-01
    outer loop
      vertex   -2.608000e+00 4.500000e+00 -6.301189e+00
      vertex   -2.608000e+00 5.500000e+00 -6.301189e+00
      vertex   -2.338269e+00 4.500000e+00 -5.650000e+00
    endloop
  endfacet
  facet normal 9.238795e-01 0.000000e+00 -3.826834e-01
    outer loop
      vertex   -2.338269e+00 4.500000e+00 -5.650000e+00
      vertex   -2.608000e+00 5.500000e+00 -6.301189e+00
      vertex   -2.338269e+00 5.500000e+00 -5.650000e+00
    endloop
  endfacet
  facet normal 7.933533e-01 0.000000e+00 -6.087614e-01
    outer loop
      vertex   -2.338269e+00 4.500000e+00 -5.650000e+00
      vertex   -2.338269e+00 5.500000e+00 -5.650000e+00
      vertex   -1.909188e+00 4.500000e+00 -5.090812e+00
    endloop
  endfacet
  facet normal 7.933533e-01 0.000000e+00 -6.087614e-01
    outer loop
      vertex   -1.909188e+00 4.500000e+00 -5.090812e+00
      vertex   -2.338269e+00 5.500000e+00 -5.650000e+00
      vertex   -1.909188e+00 5.500000e+00 -5.090812e+00
    endloop
  endfacet
  facet normal 6.087614e-01 0.000000e+00 -7.933533e-01
    outer loop
      vertex   -1.909188e+00 4.500000e+00 -5.090812e+00
      vertex   -1.909188e+00 5.500000e+00 -5.090812e+00
      vertex   -1.350000e+00 4.500000e+00 -4.661731e+00
    endloop
  endfacet
  facet normal 6.087614e-01 0.000000e+00 -7.933533e-01
    outer loop
      vertex   -1.350000e+00 4.500000e+00 -4.661731e+00
      vertex   -1.909188e+00 5.500000e+00 -5.090812e+00
      vertex   -1.350000e+00 5.500000e+00 -4.661731e+00
    endloop
  endfacet
  facet normal 3.826834e-01 0.000000e+00 -9.238795e-01
    outer loop
      vertex   -1.350000e+00 4.500000e+00 -4.661731e+00
      vertex   -1.350000e+00 5.500000e+00 -4.661731e+00
      vertex   -6.988114e-01 4.500000e+00 -4.392000e+00
    endloop
  endfacet
  facet normal 3.826834e-01 0.000000e+00 -9.238795e-01
    outer loop
      vertex   -6.988114e-01 4.500000e+00 -4.392000e+00
      vertex   -1.350000e+00 5.500000e+00 -4.661731e+00
      vertex   -6.988114e-01 5.500000e+00 -4.392000e+00
    endloop
  endfacet
  facet normal 1.305262e-01 0.000000e+00 -9.914449e-01
    outer loop
      vertex   -6.988114e-01 4.500000e+00 -4.392000e+00
      vertex   -6.988114e-01 5.500000e+00 -4.392000e+00
      vertex   -1.653273e-16 4.500000e+00 -4.300000e+00
    endloop
  endfacet
  facet normal 1.305262e-01 0.000000e+00 -9.914449e-01
    outer loop
      vertex   -1.653273e-16 4.500000e+00 -4.300000e+00
      vertex   -6.988114e-01 5.500000e+00 -4.392000e+00
      vertex   -1.653273e-16 5.500000e+00 -4.300000e+00
    endloop
  endfacet
  facet normal -1.305262e-01 0.000000e+00 -9.914449e-01
    outer loop
      vertex   -1.653273e-16 4.500000e+00 -4.300000e+00
      vertex   -1.653273e-16 5.500000e+00 -4.300000e+00
      vertex   6.988114e-01 4.500000e+00 -4.392000e+00
    endloop
  endfacet
  facet normal -1.305262e-01 0.000000e+00 -9.914449e-01
    outer loop
      vertex   6.988114e-01 4.500000e+00 -4.392000e+00
      vertex   -1.653273e-16 5.500000e+00 -4.300000e+00
      vertex   6.988114e-01 5.500000e+00 -4.392000e+00
    endloop
  endfacet
  facet normal -3.826834e-01 0.000000e+00 -9.238795e-01
    outer loop
      vertex   6.988114e-01 4.500000e+00 -4.392000e+00
      vertex   6.988114e-01 5.500000e+00 -4.392000e+00
      vertex   1.350000e+00 4.500000e+00 -4.661731e+00
    endloop
  endfacet
  facet normal -3.826834e-01 0.000000e+00 -9.238795e-01
    outer loop
      vertex   1.350000e+00 4.500000e+00 -4.661731e+00
      vertex   6.988114e-01 5.500000e+00 -4.392000e+00
      vertex   1.350000e+00 5.500000e+00 -4.661731e+00
    endloop
  endfacet
  facet normal -6.087614e-01 0.000000e+00 -7.933533e-01
    outer loop
      vertex   1.350000e+00 4.500000e+00 -4.661731e+00
      vertex   1.350000e+00 5.500000e+00 -4.661731e+00
      vertex   1.909188e+00 4.500000e+00 -5.090812e+00
    endloop
  endfacet
  facet normal -6.087614e-01 0.000000e+00 -7.933533e-01
    outer loop
      vertex   1.909188e+00 4.500000e+00 -5.090812e+00
      vertex   1.350000e+00 5.500000e+00 -4.661731e+00
      vertex   1.909188e+00 5.500000e+00 -5.090812e+00
    endloop
  endfacet
  facet normal -7.933533e-01 0.000000e+00 -6.087614e-01
    outer loop
      vertex   1.909188e+00 4.500000e+00 -5.090812e+00
      vertex   1.909188e+00 5.500000e+00 -5.090812e+00
      vertex   2.338269e+00 4.500000e+00 -5.650000e+00
    endloop
  endfacet
  facet normal -7.933533e-01 0.000000e+00 -6.087614e-01
    outer loop
      vertex   2.338269e+00 4.500000e+00 -5.650000e+00
      vertex   1.909188e+00 5.500000e+00 -5.090812e+00
      vertex   2.338269e+00 5.500000e+00 -5.650000e+00
    endloop
  endfacet
  facet normal -9.238795e-01 0.000000e+00 -3.826834e-01
    outer loop
      vertex   2.338269e+00 4.500000e+00 -5.650000e+00
      vertex   2.338269e+00 5.500000e+00 -5.650000e+00
      vertex   2.608000e+00 4.500000e+00 -6.301189e+00
    endloop
  endfacet
  facet normal -9.238795e-01 0.000000e+00 -3.826834e-01
    outer loop
      vertex   2.608000e+00 4.500000e+00 -6.301189e+00
      vertex   2.338269e+00 5.500000e+00 -5.650000e+00
      vertex   2.608000e+00 5.500000e+00 -6.301189e+00
    endloop
  endfacet
  facet normal 2.599547e-16 0.000000e+00 -1.000000e+00
    outer loop
      vertex   -1.040000e+02 0.000000e+00 1.050000e+01
      vertex   -1.450000e+02 0.000000e+00 1.050000e+01
      vertex   -1.040000e+02 1.200000e+01 1.050000e+01
    endloop
  endfacet
  facet normal 2.599547e-16 0.000000e+00 -1.000000e+00
    outer loop
      vertex   -1.040000e+02 1.200000e+01 1.050000e+01
      vertex   -1.450000e+02 0.000000e+00 1.050000e+01
      vertex   -1.450000e+02 1.200000e+01 1.050000e+01
    endloop
  endfacet
  facet normal 1.000000e+00 0.000000e+00 -3.086669e-07
    outer loop
      vertex   -1.450000e+02 1.200000e+01 3.500000e+00
      vertex   -1.450000e+02 1.200000e+01 1.050000e+01
      vertex   -1.450000e+02 0.000000e+00 3.500000e+00
    endloop
  endfacet
  facet normal 1.000000e+00 -3.151164e-25 -3.086669e-07
    outer loop
      vertex   -1.450000e+02 0.000000e+00 3.500000e+00
      vertex   -1.450000e+02 1.200000e+01 1.050000e+01
      vertex   -1.450000e+02 0.000000e+00 1.050000e+01
    endloop
  endfacet
  facet normal 0.000000e+00 0.000000e+00 1.000000e+00
    outer loop
      vertex   -1.450000e+02 0.000000e+00 -1.050000e+01
      vertex   -1.040000e+02 0.000000e+00 -1.050000e+01
      vertex   -1.450000e+02 1.200000e+01 -1.050000e+01
    endloop
  endfacet
  facet normal -0.000000e+00 0.000000e+00 1.000000e+00
    outer loop
      vertex   -1.450000e+02 1.200000e+01 -1.050000e+01
      vertex   -1.040000e+02 0.000000e+00 -1.050000e+01
      vertex   -1.040000e+02 1.200000e+01 -1.050000e+01
    endloop
  endfacet
  facet normal 7.071068e-01 0.000000e+00 7.071068e-01
    outer loop
      vertex   -9.800000e+01 1.100000e+01 1.500000e+01
      vertex   -9.800000e+01 1.000000e+00 1.500000e+01
      vertex   -9.700000e+01 1.200000e+01 1.400000e+01
    endloop
  endfacet
  facet normal 7.071068e-01 0.000000e+00 7.071068e-01
    outer loop
      vertex   -9.700000e+01 1.200000e+01 1.400000e+01
      vertex   -9.800000e+01 1.000000e+00 1.500000e+01
      vertex   -9.700000e+01 0.000000e+00 1.400000e+01
    endloop
  endfacet
  facet normal 7.071068e-01 0.000000e+00 7.071068e-01
    outer loop
      vertex   -9.700000e+01 1.200000e+01 1.400000e+01
      vertex   -9.700000e+01 0.000000e+00 1.400000e+01
      vertex   -9.500000e+01 0.000000e+00 1.200000e+01
    endloop
  endfacet
  facet normal 7.071068e-01 -0.000000e+00 7.071068e-01
    outer loop
      vertex   -9.500000e+01 0.000000e+00 1.200000e+01
      vertex   -9.500000e+01 1.200000e+01 1.200000e+01
      vertex   -9.700000e+01 1.200000e+01 1.400000e+01
    endloop
  endfacet
  facet normal 0.000000e+00 -1.000000e+00 -0.000000e+00
    outer loop
      vertex   -1.400000e+01 0.000000e+00 -4.000000e+00
      vertex   -1.040000e+02 0.000000e+00 -4.000000e+00
      vertex   -1.400000e+01 0.000000e+00 -6.000000e+00
    endloop
  endfacet
  facet normal -0.000000e+00 -1.000000e+00 0.000000e+00
    outer loop
      vertex   -1.400000e+01 0.000000e+00 -6.000000e+00
      vertex   -1.040000e+02 0.000000e+00 -4.000000e+00
      vertex   -9.500000e+01 0.000000e+00 -1.200000e+01
    endloop
  endfacet
  facet normal 0.000000e+00 -1.000000e+00 -0.000000e+00
    outer loop
      vertex   -1.400000e+01 0.000000e+00 -6.000000e+00
      vertex   -9.500000e+01 0.000000e+00 -1.200000e+01
      vertex   -4.572423e+00 0.000000e+00 -8.893421e+00
    endloop
  endfacet
  facet normal 0.000000e+00 -1.000000e+00 -0.000000e+00
    outer loop
      vertex   -4.572423e+00 0.000000e+00 -8.893421e+00
      vertex   -9.500000e+01 0.000000e+00 -1.200000e+01
      vertex   -3.228804e+00 0.000000e+00 -9.464398e+00
    endloop
  endfacet
  facet normal 0.000000e+00 -1.000000e+00 -0.000000e+00
    outer loop
      vertex   -3.228804e+00 0.000000e+00 -9.464398e+00
      vertex   -9.500000e+01 0.000000e+00 -1.200000e+01
      vertex   -2.329182e-15 0.000000e+00 -1.200000e+01
    endloop
  endfacet
  facet normal 0.000000e+00 -1.000000e+00 0.000000e+00
    outer loop
      vertex   -3.228804e+00 0.000000e+00 -9.464398e+00
      vertex   -2.329182e-15 0.000000e+00 -1.200000e+01
      vertex   -1.816369e+00 0.000000e+00 -9.833657e+00
    endloop
  endfacet
  facet normal 0.000000e+00 -1.000000e+00 0.000000e+00
    outer loop
      vertex   -1.816369e+00 0.000000e+00 -9.833657e+00
      vertex   -2.329182e-15 0.000000e+00 -1.200000e+01
      vertex   -3.652202e-01 0.000000e+00 -9.993328e+00
    endloop
  endfacet
  facet normal 0.000000e+00 -1.000000e+00 0.000000e+00
    outer loop
      vertex   -3.652202e-01 0.000000e+00 -9.993328e+00
      vertex   -2.329182e-15 0.000000e+00 -1.200000e+01
      vertex   3.105829e+00 0.000000e+00 -1.159111e+01
    endloop
  endfacet
  facet normal 0.000000e+00 -1.000000e+00 0.000000e+00
    outer loop
      vertex   -3.652202e-01 0.000000e+00 -9.993328e+00
      vertex   3.105829e+00 0.000000e+00 -1.159111e+01
      vertex   4.592201e+00 0.000000e+00 -1.108655e+01
    endloop
  endfacet
  facet normal 0.000000e+00 -1.000000e+00 0.000000e+00
    outer loop
      vertex   -1.040000e+02 0.000000e+00 -4.000000e+00
      vertex   -1.040000e+02 0.000000e+00 -1.050000e+01
      vertex   -9.500000e+01 0.000000e+00 -1.200000e+01
    endloop
  endfacet
  facet normal -0.000000e+00 -1.000000e+00 0.000000e+00
    outer loop
      vertex   -9.500000e+01 0.000000e+00 -1.200000e+01
      vertex   -1.040000e+02 0.000000e+00 -1.050000e+01
      vertex   -9.700000e+01 0.000000e+00 -1.400000e+01
    endloop
  endfacet
  facet normal 0.000000e+00 -1.000000e+00 0.000000e+00
    outer loop
      vertex   -9.700000e+01 0.000000e+00 -1.400000e+01
      vertex   -1.040000e+02 0.000000e+00 -1.050000e+01
      vertex   -1.450000e+02 0.000000e+00 -1.050000e+01
    endloop
  endfacet
  facet normal -0.000000e+00 -1.000000e+00 0.000000e+00
    outer loop
      vertex   -9.700000e+01 0.000000e+00 -1.400000e+01
      vertex   -1.450000e+02 0.000000e+00 -1.050000e+01
      vertex   -1.530000e+02 0.000000e+00 -1.400000e+01
    endloop
  endfacet
  facet normal 0.000000e+00 -1.000000e+00 0.000000e+00
    outer loop
      vertex   -1.530000e+02 0.000000e+00 -1.400000e+01
      vertex   -1.450000e+02 0.000000e+00 -1.050000e+01
      vertex   -1.550000e+02 0.000000e+00 -1.200000e+01
    endloop
  endfacet
  facet normal 0.000000e+00 -1.000000e+00 0.000000e+00
    outer loop
      vertex   -1.550000e+02 0.000000e+00 -1.200000e+01
      vertex   -1.450000e+02 0.000000e+00 -1.050000e+01
      vertex   -1.510000e+02 0.000000e+00 -3.500000e+00
    endloop
  endfacet
  facet normal 0.000000e+00 -1.000000e+00 0.000000e+00
    outer loop
      vertex   -1.550000e+02 0.000000e+00 -1.200000e+01
      vertex   -1.510000e+02 0.000000e+00 -3.500000e+00
      vertex   -1.550000e+02 0.000000e+00 1.200000e+01
    endloop
  endfacet
  facet normal 0.000000e+00 -1.000000e+00 0.000000e+00
    outer loop
      vertex   -1.550000e+02 0.000000e+00 1.200000e+01
      vertex   -1.510000e+02 0.000000e+00 -3.500000e+00
      vertex   -1.510000e+02 0.000000e+00 3.500000e+00
    endloop
  endfacet
  facet normal 0.000000e+00 -1.000000e+00 0.000000e+00
    outer loop
      vertex   -1.550000e+02 0.000000e+00 1.200000e+01
      vertex   -1.510000e+02 0.000000e+00 3.500000e+00
      vertex   -1.450000e+02 0.000000e+00 1.050000e+01
    endloop
  endfacet
  facet normal 0.000000e+00 -1.000000e+00 0.000000e+00
    outer loop
      vertex   -1.450000e+02 0.000000e+00 1.050000e+01
      vertex   -1.510000e+02 0.000000e+00 3.500000e+00
      vertex   -1.450000e+02 0.000000e+00 3.500000e+00
    endloop
  endfacet
  facet normal 0.000000e+00 -1.000000e+00 0.000000e+00
    outer loop
      vertex   -1.450000e+02 0.000000e+00 -1.050000e+01
      vertex   -1.450000e+02 0.000000e+00 -3.500000e+00
      vertex   -1.510000e+02 0.000000e+00 -3.500000e+00
    endloop
  endfacet
  facet normal -0.000000e+00 -1.000000e+00 0.000000e+00
    outer loop
      vertex   -1.040000e+02 0.000000e+00 1.050000e+01
      vertex   -9.700000e+01 0.000000e+00 1.400000e+01
      vertex   -1.450000e+02 0.000000e+00 1.050000e+01
    endloop
  endfacet
  facet normal 0.000000e+00 -1.000000e+00 0.000000e+00
    outer loop
      vertex   -1.450000e+02 0.000000e+00 1.050000e+01
      vertex   -9.700000e+01 0.000000e+00 1.400000e+01
      vertex   -1.530000e+02 0.000000e+00 1.400000e+01
    endloop
  endfacet
  facet normal 0.000000e+00 -1.000000e+00 0.000000e+00
    outer loop
      vertex   -1.450000e+02 0.000000e+00 1.050000e+01
      vertex   -1.530000e+02 0.000000e+00 1.400000e+01
      vertex   -1.550000e+02 0.000000e+00 1.200000e+01
    endloop
  endfacet
  facet normal 0.000000e+00 -1.000000e+00 -0.000000e+00
    outer loop
      vertex   -9.700000e+01 0.000000e+00 1.400000e+01
      vertex   -1.040000e+02 0.000000e+00 1.050000e+01
      vertex   -9.500000e+01 0.000000e+00 1.200000e+01
    endloop
  endfacet
  facet normal 0.000000e+00 -1.000000e+00 0.000000e+00
    outer loop
      vertex   -9.500000e+01 0.000000e+00 1.200000e+01
      vertex   -1.040000e+02 0.000000e+00 1.050000e+01
      vertex   -1.040000e+02 0.000000e+00 4.000000e+00
    endloop
  endfacet
  facet normal 0.000000e+00 -1.000000e+00 -0.000000e+00
    outer loop
      vertex   -9.500000e+01 0.000000e+00 1.200000e+01
      vertex   -1.040000e+02 0.000000e+00 4.000000e+00
      vertex   -1.400000e+01 0.000000e+00 6.000000e+00
    endloop
  endfacet
  facet normal 0.000000e+00 -1.000000e+00 -0.000000e+00
    outer loop
      vertex   -1.400000e+01 0.000000e+00 6.000000e+00
      vertex   -1.040000e+02 0.000000e+00 4.000000e+00
      vertex   -1.400000e+01 0.000000e+00 4.000000e+00
    endloop
  endfacet
  facet normal 0.000000e+00 -1.000000e+00 0.000000e+00
    outer loop
      vertex   -1.150000e+01 0.000000e+00 6.000000e+00
      vertex   -6.940742e+00 0.000000e+00 7.199035e+00
      vertex   -1.400000e+01 0.000000e+00 6.000000e+00
    endloop
  endfacet
  facet normal 0.000000e+00 -1.000000e+00 0.000000e+00
    outer loop
      vertex   -1.400000e+01 0.000000e+00 6.000000e+00
      vertex   -6.940742e+00 0.000000e+00 7.199035e+00
      vertex   -5.818589e+00 0.000000e+00 8.132897e+00
    endloop
  endfacet
  facet normal 0.000000e+00 -1.000000e+00 0.000000e+00
    outer loop
      vertex   -1.400000e+01 0.000000e+00 6.000000e+00
      vertex   -5.818589e+00 0.000000e+00 8.132897e+00
      vertex   -4.572423e+00 0.000000e+00 8.893421e+00
    endloop
  endfacet
  facet normal 0.000000e+00 -1.000000e+00 0.000000e+00
    outer loop
      vertex   -1.150000e+01 0.000000e+00 -6.000000e+00
      vertex   -9.973323e+00 0.000000e+00 -7.299531e-01
      vertex   -1.150000e+01 0.000000e+00 6.000000e+00
    endloop
  endfacet
  facet normal 0.000000e+00 -1.000000e+00 0.000000e+00
    outer loop
      vertex   -1.150000e+01 0.000000e+00 6.000000e+00
      vertex   -9.973323e+00 0.000000e+00 -7.299531e-01
      vertex   -9.973323e+00 0.000000e+00 7.299531e-01
    endloop
  endfacet
  facet normal 0.000000e+00 -1.000000e+00 0.000000e+00
    outer loop
      vertex   -1.150000e+01 0.000000e+00 6.000000e+00
      vertex   -9.973323e+00 0.000000e+00 7.299531e-01
      vertex   -9.760759e+00 0.000000e+00 2.174302e+00
    endloop
  endfacet
  facet normal 0.000000e+00 -1.000000e+00 0.000000e+00
    outer loop
      vertex   -1.400000e+01 0.000000e+00 -6.000000e+00
      vertex   -6.940742e+00 0.000000e+00 -7.199035e+00
      vertex   -1.150000e+01 0.000000e+00 -6.000000e+00
    endloop
  endfacet
  facet normal 0.000000e+00 -1.000000e+00 0.000000e+00
    outer loop
      vertex   -1.150000e+01 0.000000e+00 -6.000000e+00
      vertex   -6.940742e+00 0.000000e+00 -7.199035e+00
      vertex   -7.914965e+00 0.000000e+00 -6.111737e+00
    endloop
  endfacet
  facet normal 0.000000e+00 -1.000000e+00 0.000000e+00
    outer loop
      vertex   -1.150000e+01 0.000000e+00 -6.000000e+00
      vertex   -7.914965e+00 0.000000e+00 -6.111737e+00
      vertex   -8.720494e+00 0.000000e+00 -4.894178e+00
    endloop
  endfacet
  facet normal 0.000000e+00 -1.000000e+00 0.000000e+00
    outer loop
      vertex   -2.329182e-15 0.000000e+00 -1.200000e+01
      vertex   1.566314e+00 0.000000e+00 -1.189734e+01
      vertex   3.105829e+00 0.000000e+00 -1.159111e+01
    endloop
  endfacet
  facet normal 0.000000e+00 -1.000000e+00 0.000000e+00
    outer loop
      vertex   -3.652202e-01 0.000000e+00 -9.993328e+00
      vertex   4.592201e+00 0.000000e+00 -1.108655e+01
      vertex   1.093712e+00 0.000000e+00 -9.940010e+00
    endloop
  endfacet
  facet normal 0.000000e+00 -1.000000e+00 0.000000e+00
    outer loop
      vertex   1.093712e+00 0.000000e+00 -9.940010e+00
      vertex   4.592201e+00 0.000000e+00 -1.108655e+01
      vertex   6.000000e+00 0.000000e+00 -1.039230e+01
    endloop
  endfacet
  facet normal 0.000000e+00 -1.000000e+00 0.000000e+00
    outer loop
      vertex   1.093712e+00 0.000000e+00 -9.940010e+00
      vertex   6.000000e+00 0.000000e+00 -1.039230e+01
      vertex   2.529334e+00 0.000000e+00 -9.674837e+00
    endloop
  endfacet
  facet normal 0.000000e+00 -1.000000e+00 0.000000e+00
    outer loop
      vertex   2.529334e+00 0.000000e+00 -9.674837e+00
      vertex   6.000000e+00 0.000000e+00 -1.039230e+01
      vertex   7.305137e+00 0.000000e+00 -9.520240e+00
    endloop
  endfacet
  facet normal 0.000000e+00 -1.000000e+00 0.000000e+00
    outer loop
      vertex   2.529334e+00 0.000000e+00 -9.674837e+00
      vertex   7.305137e+00 0.000000e+00 -9.520240e+00
      vertex   3.911047e+00 0.000000e+00 -9.203462e+00
    endloop
  endfacet
  facet normal 0.000000e+00 -1.000000e+00 0.000000e+00
    outer loop
      vertex   3.911047e+00 0.000000e+00 -9.203462e+00
      vertex   7.305137e+00 0.000000e+00 -9.520240e+00
      vertex   5.209403e+00 0.000000e+00 -8.535931e+00
    endloop
  endfacet
  facet normal 0.000000e+00 -1.000000e+00 0.000000e+00
    outer loop
      vertex   5.209403e+00 0.000000e+00 -8.535931e+00
      vertex   7.305137e+00 0.000000e+00 -9.520240e+00
      vertex   8.485281e+00 0.000000e+00 -8.485281e+00
    endloop
  endfacet
  facet normal 0.000000e+00 -1.000000e+00 0.000000e+00
    outer loop
      vertex   5.209403e+00 0.000000e+00 -8.535931e+00
      vertex   8.485281e+00 0.000000e+00 -8.485281e+00
      vertex   6.396730e+00 0.000000e+00 -7.686471e+00
    endloop
  endfacet
  facet normal 0.000000e+00 -1.000000e+00 0.000000e+00
    outer loop
      vertex   6.396730e+00 0.000000e+00 -7.686471e+00
      vertex   8.485281e+00 0.000000e+00 -8.485281e+00
      vertex   9.520240e+00 0.000000e+00 -7.305137e+00
    endloop
  endfacet
  facet normal 0.000000e+00 -1.000000e+00 0.000000e+00
    outer loop
      vertex   6.396730e+00 0.000000e+00 -7.686471e+00
      vertex   9.520240e+00 0.000000e+00 -7.305137e+00
      vertex   7.447722e+00 0.000000e+00 -6.673188e+00
    endloop
  endfacet
  facet normal 0.000000e+00 -1.000000e+00 0.000000e+00
    outer loop
      vertex   7.447722e+00 0.000000e+00 -6.673188e+00
      vertex   9.520240e+00 0.000000e+00 -7.305137e+00
      vertex   1.039230e+01 0.000000e+00 -6.000000e+00
    endloop
  endfacet
  facet normal 0.000000e+00 -1.000000e+00 0.000000e+00
    outer loop
      vertex   7.447722e+00 0.000000e+00 -6.673188e+00
      vertex   1.039230e+01 0.000000e+00 -6.000000e+00
      vertex   8.339978e+00 0.000000e+00 -5.517677e+00
    endloop
  endfacet
  facet normal 0.000000e+00 -1.000000e+00 0.000000e+00
    outer loop
      vertex   8.339978e+00 0.000000e+00 -5.517677e+00
      vertex   1.039230e+01 0.000000e+00 -6.000000e+00
      vertex   1.108655e+01 0.000000e+00 -4.592201e+00
    endloop
  endfacet
  facet normal 0.000000e+00 -1.000000e+00 0.000000e+00
    outer loop
      vertex   8.339978e+00 0.000000e+00 -5.517677e+00
      vertex   1.108655e+01 0.000000e+00 -4.592201e+00
      vertex   9.054482e+00 0.000000e+00 -4.244567e+00
    endloop
  endfacet
  facet normal 0.000000e+00 -1.000000e+00 0.000000e+00
    outer loop
      vertex   9.054482e+00 0.000000e+00 -4.244567e+00
      vertex   1.108655e+01 0.000000e+00 -4.592201e+00
      vertex   1.159111e+01 0.000000e+00 -3.105829e+00
    endloop
  endfacet
  facet normal 0.000000e+00 -1.000000e+00 0.000000e+00
    outer loop
      vertex   9.054482e+00 0.000000e+00 -4.244567e+00
      vertex   1.159111e+01 0.000000e+00 -3.105829e+00
      vertex   9.576006e+00 0.000000e+00 -2.880991e+00
    endloop
  endfacet
  facet normal 0.000000e+00 -1.000000e+00 0.000000e+00
    outer loop
      vertex   9.576006e+00 0.000000e+00 -2.880991e+00
      vertex   1.159111e+01 0.000000e+00 -3.105829e+00
      vertex   1.189734e+01 0.000000e+00 -1.566314e+00
    endloop
  endfacet
  facet normal 0.000000e+00 -1.000000e+00 0.000000e+00
    outer loop
      vertex   9.576006e+00 0.000000e+00 -2.880991e+00
      vertex   1.189734e+01 0.000000e+00 -1.566314e+00
      vertex   9.893434e+00 0.000000e+00 -1.456012e+00
    endloop
  endfacet
  facet normal 0.000000e+00 -1.000000e+00 0.000000e+00
    outer loop
      vertex   9.893434e+00 0.000000e+00 -1.456012e+00
      vertex   1.189734e+01 0.000000e+00 -1.566314e+00
      vertex   1.200000e+01 0.000000e+00 -2.664535e-15
    endloop
  endfacet
  facet normal 1.110223e-15 -1.000000e+00 -1.606277e-15
    outer loop
      vertex   9.893434e+00 0.000000e+00 -1.456012e+00
      vertex   1.200000e+01 0.000000e+00 -2.664535e-15
      vertex   1.000000e+01 -2.220446e-15 -1.224647e-15
    endloop
  endfacet
  facet normal 1.110223e-15 -1.000000e+00 1.606277e-15
    outer loop
      vertex   1.000000e+01 -2.220446e-15 -1.224647e-15
      vertex   1.200000e+01 0.000000e+00 -2.664535e-15
      vertex   9.893434e+00 0.000000e+00 1.456012e+00
    endloop
  endfacet
  facet normal 0.000000e+00 -1.000000e+00 0.000000e+00
    outer loop
      vertex   9.893434e+00 0.000000e+00 1.456012e+00
      vertex   1.200000e+01 0.000000e+00 -2.664535e-15
      vertex   1.189734e+01 0.000000e+00 1.566314e+00
    endloop
  endfacet
  facet normal 0.000000e+00 -1.000000e+00 0.000000e+00
    outer loop
      vertex   9.893434e+00 0.000000e+00 1.456012e+00
      vertex   1.189734e+01 0.000000e+00 1.566314e+00
      vertex   9.576006e+00 0.000000e+00 2.880991e+00
    endloop
  endfacet
  facet normal 0.000000e+00 -1.000000e+00 0.000000e+00
    outer loop
      vertex   9.576006e+00 0.000000e+00 2.880991e+00
      vertex   1.189734e+01 0.000000e+00 1.566314e+00
      vertex   1.159111e+01 0.000000e+00 3.105829e+00
    endloop
  endfacet
  facet normal 0.000000e+00 -1.000000e+00 0.000000e+00
    outer loop
      vertex   9.576006e+00 0.000000e+00 2.880991e+00
      vertex   1.159111e+01 0.000000e+00 3.105829e+00
      vertex   9.054482e+00 0.000000e+00 4.244567e+00
    endloop
  endfacet
  facet normal 0.000000e+00 -1.000000e+00 0.000000e+00
    outer loop
      vertex   9.054482e+00 0.000000e+00 4.244567e+00
      vertex   1.159111e+01 0.000000e+00 3.105829e+00
      vertex   1.108655e+01 0.000000e+00 4.592201e+00
    endloop
  endfacet
  facet normal 0.000000e+00 -1.000000e+00 0.000000e+00
    outer loop
      vertex   9.054482e+00 0.000000e+00 4.244567e+00
      vertex   1.108655e+01 0.000000e+00 4.592201e+00
      vertex   8.339978e+00 0.000000e+00 5.517677e+00
    endloop
  endfacet
  facet normal 0.000000e+00 -1.000000e+00 0.000000e+00
    outer loop
      vertex   8.339978e+00 0.000000e+00 5.517677e+00
      vertex   1.108655e+01 0.000000e+00 4.592201e+00
      vertex   1.039230e+01 0.000000e+00 6.000000e+00
    endloop
  endfacet
  facet normal 0.000000e+00 -1.000000e+00 0.000000e+00
    outer loop
      vertex   8.339978e+00 0.000000e+00 5.517677e+00
      vertex   1.039230e+01 0.000000e+00 6.000000e+00
      vertex   7.447722e+00 0.000000e+00 6.673188e+00
    endloop
  endfacet
  facet normal 0.000000e+00 -1.000000e+00 0.000000e+00
    outer loop
      vertex   7.447722e+00 0.000000e+00 6.673188e+00
      vertex   1.039230e+01 0.000000e+00 6.000000e+00
      vertex   9.520240e+00 0.000000e+00 7.305137e+00
    endloop
  endfacet
  facet normal 0.000000e+00 -1.000000e+00 0.000000e+00
    outer loop
      vertex   7.447722e+00 0.000000e+00 6.673188e+00
      vertex   9.520240e+00 0.000000e+00 7.305137e+00
      vertex   6.396730e+00 0.000000e+00 7.686471e+00
    endloop
  endfacet
  facet normal 0.000000e+00 -1.000000e+00 0.000000e+00
    outer loop
      vertex   6.396730e+00 0.000000e+00 7.686471e+00
      vertex   9.520240e+00 0.000000e+00 7.305137e+00
      vertex   8.485281e+00 0.000000e+00 8.485281e+00
    endloop
  endfacet
  facet normal 0.000000e+00 -1.000000e+00 0.000000e+00
    outer loop
      vertex   6.396730e+00 0.000000e+00 7.686471e+00
      vertex   8.485281e+00 0.000000e+00 8.485281e+00
      vertex   5.209403e+00 0.000000e+00 8.535931e+00
    endloop
  endfacet
  facet normal 0.000000e+00 -1.000000e+00 0.000000e+00
    outer loop
      vertex   5.209403e+00 0.000000e+00 8.535931e+00
      vertex   8.485281e+00 0.000000e+00 8.485281e+00
      vertex   7.305137e+00 0.000000e+00 9.520240e+00
    endloop
  endfacet
  facet normal 0.000000e+00 -1.000000e+00 0.000000e+00
    outer loop
      vertex   5.209403e+00 0.000000e+00 8.535931e+00
      vertex   7.305137e+00 0.000000e+00 9.520240e+00
      vertex   3.911047e+00 0.000000e+00 9.203462e+00
    endloop
  endfacet
  facet normal 0.000000e+00 -1.000000e+00 0.000000e+00
    outer loop
      vertex   3.911047e+00 0.000000e+00 9.203462e+00
      vertex   7.305137e+00 0.000000e+00 9.520240e+00
      vertex   2.529334e+00 0.000000e+00 9.674837e+00
    endloop
  endfacet
  facet normal 0.000000e+00 -1.000000e+00 0.000000e+00
    outer loop
      vertex   2.529334e+00 0.000000e+00 9.674837e+00
      vertex   7.305137e+00 0.000000e+00 9.520240e+00
      vertex   6.000000e+00 0.000000e+00 1.039230e+01
    endloop
  endfacet
  facet normal 0.000000e+00 -1.000000e+00 0.000000e+00
    outer loop
      vertex   2.529334e+00 0.000000e+00 9.674837e+00
      vertex   6.000000e+00 0.000000e+00 1.039230e+01
      vertex   1.093712e+00 0.000000e+00 9.940010e+00
    endloop
  endfacet
  facet normal 0.000000e+00 -1.000000e+00 0.000000e+00
    outer loop
      vertex   1.093712e+00 0.000000e+00 9.940010e+00
      vertex   6.000000e+00 0.000000e+00 1.039230e+01
      vertex   4.592201e+00 0.000000e+00 1.108655e+01
    endloop
  endfacet
  facet normal 0.000000e+00 -1.000000e+00 0.000000e+00
    outer loop
      vertex   1.093712e+00 0.000000e+00 9.940010e+00
      vertex   4.592201e+00 0.000000e+00 1.108655e+01
      vertex   -3.652202e-01 0.000000e+00 9.993328e+00
    endloop
  endfacet
  facet normal 0.000000e+00 -1.000000e+00 0.000000e+00
    outer loop
      vertex   -3.652202e-01 0.000000e+00 9.993328e+00
      vertex   4.592201e+00 0.000000e+00 1.108655e+01
      vertex   3.105829e+00 0.000000e+00 1.159111e+01
    endloop
  endfacet
  facet normal 0.000000e+00 -1.000000e+00 0.000000e+00
    outer loop
      vertex   -3.652202e-01 0.000000e+00 9.993328e+00
      vertex   3.105829e+00 0.000000e+00 1.159111e+01
      vertex   2.099015e-15 0.000000e+00 1.200000e+01
    endloop
  endfacet
  facet normal 0.000000e+00 -1.000000e+00 0.000000e+00
    outer loop
      vertex   2.099015e-15 0.000000e+00 1.200000e+01
      vertex   3.105829e+00 0.000000e+00 1.159111e+01
      vertex   1.566314e+00 0.000000e+00 1.189734e+01
    endloop
  endfacet
  facet normal 0.000000e+00 -1.000000e+00 0.000000e+00
    outer loop
      vertex   -9.500000e+01 0.000000e+00 1.200000e+01
      vertex   -3.228804e+00 0.000000e+00 9.464398e+00
      vertex   2.099015e-15 0.000000e+00 1.200000e+01
    endloop
  endfacet
  facet normal 0.000000e+00 -1.000000e+00 0.000000e+00
    outer loop
      vertex   2.099015e-15 0.000000e+00 1.200000e+01
      vertex   -3.228804e+00 0.000000e+00 9.464398e+00
      vertex   -1.816369e+00 0.000000e+00 9.833657e+00
    endloop
  endfacet
  facet normal 0.000000e+00 -1.000000e+00 0.000000e+00
    outer loop
      vertex   2.099015e-15 0.000000e+00 1.200000e+01
      vertex   -1.816369e+00 0.000000e+00 9.833657e+00
      vertex   -3.652202e-01 0.000000e+00 9.993328e+00
    endloop
  endfacet
  facet normal 0.000000e+00 -1.000000e+00 0.000000e+00
    outer loop
      vertex   -4.572423e+00 0.000000e+00 -8.893421e+00
      vertex   -5.818589e+00 0.000000e+00 -8.132897e+00
      vertex   -1.400000e+01 0.000000e+00 -6.000000e+00
    endloop
  endfacet
  facet normal 0.000000e+00 -1.000000e+00 0.000000e+00
    outer loop
      vertex   -1.400000e+01 0.000000e+00 -6.000000e+00
      vertex   -5.818589e+00 0.000000e+00 -8.132897e+00
      vertex   -6.940742e+00 0.000000e+00 -7.199035e+00
    endloop
  endfacet
  facet normal -0.000000e+00 -1.000000e+00 0.000000e+00
    outer loop
      vertex   -8.720494e+00 0.000000e+00 -4.894178e+00
      vertex   -9.340161e+00 0.000000e+00 -3.572309e+00
      vertex   -1.150000e+01 0.000000e+00 -6.000000e+00
    endloop
  endfacet
  facet normal 0.000000e+00 -1.000000e+00 0.000000e+00
    outer loop
      vertex   -1.150000e+01 0.000000e+00 -6.000000e+00
      vertex   -9.340161e+00 0.000000e+00 -3.572309e+00
      vertex   -9.760759e+00 0.000000e+00 -2.174302e+00
    endloop
  endfacet
  facet normal 0.000000e+00 -1.000000e+00 0.000000e+00
    outer loop
      vertex   -1.150000e+01 0.000000e+00 -6.000000e+00
      vertex   -9.760759e+00 0.000000e+00 -2.174302e+00
      vertex   -9.973323e+00 0.000000e+00 -7.299531e-01
    endloop
  endfacet
  facet normal 0.000000e+00 -1.000000e+00 0.000000e+00
    outer loop
      vertex   -9.760759e+00 0.000000e+00 2.174302e+00
      vertex   -9.340161e+00 0.000000e+00 3.572309e+00
      vertex   -1.150000e+01 0.000000e+00 6.000000e+00
    endloop
  endfacet
  facet normal 0.000000e+00 -1.000000e+00 0.000000e+00
    outer loop
      vertex   -1.150000e+01 0.000000e+00 6.000000e+00
      vertex   -9.340161e+00 0.000000e+00 3.572309e+00
      vertex   -8.720494e+00 0.000000e+00 4.894178e+00
    endloop
  endfacet
  facet normal 0.000000e+00 -1.000000e+00 0.000000e+00
    outer loop
      vertex   -1.150000e+01 0.000000e+00 6.000000e+00
      vertex   -8.720494e+00 0.000000e+00 4.894178e+00
      vertex   -7.914965e+00 0.000000e+00 6.111737e+00
    endloop
  endfacet
  facet normal -0.000000e+00 -1.000000e+00 0.000000e+00
    outer loop
      vertex   -7.914965e+00 0.000000e+00 6.111737e+00
      vertex   -6.940742e+00 0.000000e+00 7.199035e+00
      vertex   -1.150000e+01 0.000000e+00 6.000000e+00
    endloop
  endfacet
  facet normal 0.000000e+00 -1.000000e+00 0.000000e+00
    outer loop
      vertex   -1.400000e+01 0.000000e+00 6.000000e+00
      vertex   -4.572423e+00 0.000000e+00 8.893421e+00
      vertex   -9.500000e+01 0.000000e+00 1.200000e+01
    endloop
  endfacet
  facet normal 0.000000e+00 -1.000000e+00 0.000000e+00
    outer loop
      vertex   -9.500000e+01 0.000000e+00 1.200000e+01
      vertex   -4.572423e+00 0.000000e+00 8.893421e+00
      vertex   -3.228804e+00 0.000000e+00 9.464398e+00
    endloop
  endfacet
  facet normal 7.071068e-01 0.000000e+00 -7.071068e-01
    outer loop
      vertex   -9.800000e+01 1.100000e+01 -1.500000e+01
      vertex   -9.700000e+01 1.200000e+01 -1.400000e+01
      vertex   -9.800000e+01 1.000000e+00 -1.500000e+01
    endloop
  endfacet
  facet normal 7.071068e-01 0.000000e+00 -7.071068e-01
    outer loop
      vertex   -9.800000e+01 1.000000e+00 -1.500000e+01
      vertex   -9.700000e+01 1.200000e+01 -1.400000e+01
      vertex   -9.700000e+01 0.000000e+00 -1.400000e+01
    endloop
  endfacet
  facet normal 7.071068e-01 0.000000e+00 -7.071068e-01
    outer loop
      vertex   -9.700000e+01 0.000000e+00 -1.400000e+01
      vertex   -9.700000e+01 1.200000e+01 -1.400000e+01
      vertex   -9.500000e+01 0.000000e+00 -1.200000e+01
    endloop
  endfacet
  facet normal 7.071068e-01 0.000000e+00 -7.071068e-01
    outer loop
      vertex   -9.500000e+01 0.000000e+00 -1.200000e+01
      vertex   -9.700000e+01 1.200000e+01 -1.400000e+01
      vertex   -9.500000e+01 1.200000e+01 -1.200000e+01
    endloop
  endfacet
  facet normal 1.000000e+00 -0.000000e+00 3.086669e-07
    outer loop
      vertex   -1.450000e+02 0.000000e+00 -3.500000e+00
      vertex   -1.450000e+02 0.000000e+00 -1.050000e+01
      vertex   -1.450000e+02 1.200000e+01 -3.500000e+00
    endloop
  endfacet
  facet normal 1.000000e+00 -3.151164e-25 3.086669e-07
    outer loop
      vertex   -1.450000e+02 1.200000e+01 -3.500000e+00
      vertex   -1.450000e+02 0.000000e+00 -1.050000e+01
      vertex   -1.450000e+02 1.200000e+01 -1.050000e+01
    endloop
  endfacet
  facet normal -7.401487e-17 0.000000e+00 -1.000000e+00
    outer loop
      vertex   -1.450000e+02 0.000000e+00 3.500000e+00
      vertex   -1.510000e+02 0.000000e+00 3.500000e+00
      vertex   -1.450000e+02 1.200000e+01 3.500000e+00
    endloop
  endfacet
  facet normal -7.401487e-17 0.000000e+00 -1.000000e+00
    outer loop
      vertex   -1.450000e+02 1.200000e+01 3.500000e+00
      vertex   -1.510000e+02 0.000000e+00 3.500000e+00
      vertex   -1.510000e+02 1.200000e+01 3.500000e+00
    endloop
  endfacet
  facet normal 1.000000e+00 -0.000000e+00 0.000000e+00
    outer loop
      vertex   -1.510000e+02 0.000000e+00 3.500000e+00
      vertex   -1.510000e+02 0.000000e+00 -3.500000e+00
      vertex   -1.510000e+02 1.200000e+01 3.500000e+00
    endloop
  endfacet
  facet normal 1.000000e+00 0.000000e+00 0.000000e+00
    outer loop
      vertex   -1.510000e+02 1.200000e+01 3.500000e+00
      vertex   -1.510000e+02 0.000000e+00 -3.500000e+00
      vertex   -1.510000e+02 1.200000e+01 -3.500000e+00
    endloop
  endfacet
  facet normal 0.000000e+00 0.000000e+00 1.000000e+00
    outer loop
      vertex   -1.510000e+02 0.000000e+00 -3.500000e+00
      vertex   -1.450000e+02 0.000000e+00 -3.500000e+00
      vertex   -1.510000e+02 1.200000e+01 -3.500000e+00
    endloop
  endfacet
  facet normal -0.000000e+00 0.000000e+00 1.000000e+00
    outer loop
      vertex   -1.510000e+02 1.200000e+01 -3.500000e+00
      vertex   -1.450000e+02 0.000000e+00 -3.500000e+00
      vertex   -1.450000e+02 1.200000e+01 -3.500000e+00
    endloop
  endfacet
  facet normal 2.180658e-09 2.750983e-08 1.000000e+00
    outer loop
      vertex   -1.300000e+01 1.200000e+01 1.200000e+01
      vertex   -9.500000e+01 1.200000e+01 1.200000e+01
      vertex   -1.300000e+01 5.500000e+00 1.200000e+01
    endloop
  endfacet
  facet normal 0.000000e+00 0.000000e+00 1.000000e+00
    outer loop
      vertex   -1.300000e+01 5.500000e+00 1.200000e+01
      vertex   -9.500000e+01 1.200000e+01 1.200000e+01
      vertex   -9.500000e+01 0.000000e+00 1.200000e+01
    endloop
  endfacet
  facet normal 1.882252e-09 -2.806266e-08 1.000000e+00
    outer loop
      vertex   -1.300000e+01 5.500000e+00 1.200000e+01
      vertex   -9.500000e+01 0.000000e+00 1.200000e+01
      vertex   2.099015e-15 0.000000e+00 1.200000e+01
    endloop
  endfacet
  facet normal 0.000000e+00 -3.251162e-08 1.000000e+00
    outer loop
      vertex   2.099015e-15 0.000000e+00 1.200000e+01
      vertex   0.000000e+00 5.500000e+00 1.200000e+01
      vertex   -1.300000e+01 5.500000e+00 1.200000e+01
    endloop
  endfacet
endsolid
