solid ASCII
  facet normal 6.280370e-16 7.071068e-01 -7.071068e-01
    outer loop
      vertex   -1.420000e+02 1.900000e+01 -1.200000e+01
      vertex   -1.500000e+02 1.900000e+01 -1.200000e+01
      vertex   -1.430000e+02 2.000000e+01 -1.100000e+01
    endloop
  endfacet
  facet normal -1.794391e-16 7.071068e-01 -7.071068e-01
    outer loop
      vertex   -1.430000e+02 2.000000e+01 -1.100000e+01
      vertex   -1.500000e+02 1.900000e+01 -1.200000e+01
      vertex   -1.500000e+02 2.000000e+01 -1.100000e+01
    endloop
  endfacet
  facet normal -0.000000e+00 -0.000000e+00 -1.000000e+00
    outer loop
      vertex   -1.420000e+02 1.900000e+01 -1.200000e+01
      vertex   -1.400000e+02 1.700000e+01 -1.200000e+01
      vertex   -1.500000e+02 1.900000e+01 -1.200000e+01
    endloop
  endfacet
  facet normal 0.000000e+00 0.000000e+00 -1.000000e+00
    outer loop
      vertex   -1.500000e+02 1.900000e+01 -1.200000e+01
      vertex   -1.400000e+02 1.700000e+01 -1.200000e+01
      vertex   -1.400000e+02 9.000000e+00 -1.200000e+01
    endloop
  endfacet
  facet normal 0.000000e+00 0.000000e+00 -1.000000e+00
    outer loop
      vertex   -1.500000e+02 1.900000e+01 -1.200000e+01
      vertex   -1.400000e+02 9.000000e+00 -1.200000e+01
      vertex   -1.500000e+02 1.000000e+00 -1.200000e+01
    endloop
  endfacet
  facet normal 0.000000e+00 0.000000e+00 -1.000000e+00
    outer loop
      vertex   -1.500000e+02 1.000000e+00 -1.200000e+01
      vertex   -1.400000e+02 9.000000e+00 -1.200000e+01
      vertex   0.000000e+00 1.000000e+00 -1.200000e+01
    endloop
  endfacet
  facet normal 0.000000e+00 0.000000e+00 -1.000000e+00
    outer loop
      vertex   0.000000e+00 1.000000e+00 -1.200000e+01
      vertex   -1.400000e+02 9.000000e+00 -1.200000e+01
      vertex   0.000000e+00 9.000000e+00 -1.200000e+01
    endloop
  endfacet
  facet normal 7.071068e-01 7.071068e-01 -0.000000e+00
    outer loop
      vertex   -1.430000e+02 2.000000e+01 -1.100000e+01
      vertex   -1.430000e+02 2.000000e+01 1.100000e+01
      vertex   -1.420000e+02 1.900000e+01 -1.200000e+01
    endloop
  endfacet
  facet normal 7.071068e-01 7.071068e-01 -2.093457e-16
    outer loop
      vertex   -1.420000e+02 1.900000e+01 -1.200000e+01
      vertex   -1.430000e+02 2.000000e+01 1.100000e+01
      vertex   -1.420000e+02 1.900000e+01 1.200000e+01
    endloop
  endfacet
  facet normal 7.071068e-01 7.071068e-01 -2.093457e-16
    outer loop
      vertex   -1.420000e+02 1.900000e+01 -1.200000e+01
      vertex   -1.420000e+02 1.900000e+01 1.200000e+01
      vertex   -1.400000e+02 1.700000e+01 -1.200000e+01
    endloop
  endfacet
  facet normal 7.071068e-01 7.071068e-01 -0.000000e+00
    outer loop
      vertex   -1.400000e+02 1.700000e+01 -1.200000e+01
      vertex   -1.420000e+02 1.900000e+01 1.200000e+01
      vertex   -1.400000e+02 1.700000e+01 1.200000e+01
    endloop
  endfacet
  facet normal 0.000000e+00 7.071068e-01 7.071068e-01
    outer loop
      vertex   -1.420000e+02 1.900000e+01 1.200000e+01
      vertex   -1.430000e+02 2.000000e+01 1.100000e+01
      vertex   -1.500000e+02 1.900000e+01 1.200000e+01
    endloop
  endfacet
  facet normal 0.000000e+00 7.071068e-01 7.071068e-01
    outer loop
      vertex   -1.500000e+02 1.900000e+01 1.200000e+01
      vertex   -1.430000e+02 2.000000e+01 1.100000e+01
      vertex   -1.500000e+02 2.000000e+01 1.100000e+01
    endloop
  endfacet
  facet normal 0.000000e+00 -8.881784e-16 1.000000e+00
    outer loop
      vertex   -1.420000e+02 1.900000e+01 1.200000e+01
      vertex   -1.500000e+02 1.900000e+01 1.200000e+01
      vertex   -1.400000e+02 1.700000e+01 1.200000e+01
    endloop
  endfacet
  facet normal 2.220446e-16 2.220446e-16 1.000000e+00
    outer loop
      vertex   -1.400000e+02 1.700000e+01 1.200000e+01
      vertex   -1.500000e+02 1.900000e+01 1.200000e+01
      vertex   -1.400000e+02 9.000000e+00 1.200000e+01
    endloop
  endfacet
  facet normal 0.000000e+00 0.000000e+00 1.000000e+00
    outer loop
      vertex   -1.400000e+02 9.000000e+00 1.200000e+01
      vertex   -1.500000e+02 1.900000e+01 1.200000e+01
      vertex   -1.500000e+02 1.000000e+00 1.200000e+01
    endloop
  endfacet
  facet normal 0.000000e+00 0.000000e+00 1.000000e+00
    outer loop
      vertex   -1.400000e+02 9.000000e+00 1.200000e+01
      vertex   -1.500000e+02 1.000000e+00 1.200000e+01
      vertex   0.000000e+00 1.000000e+00 1.200000e+01
    endloop
  endfacet
  facet normal 0.000000e+00 -0.000000e+00 1.000000e+00
    outer loop
      vertex   0.000000e+00 1.000000e+00 1.200000e+01
      vertex   0.000000e+00 9.000000e+00 1.200000e+01
      vertex   -1.400000e+02 9.000000e+00 1.200000e+01
    endloop
  endfacet
  facet normal 9.914449e-01 1.656151e-17 -1.305262e-01
    outer loop
      vertex   -1.545481e+00 9.000000e+00 7.414111e+00
      vertex   -1.545481e+00 2.000000e+00 7.414111e+00
      vertex   -1.600000e+00 9.000000e+00 7.000000e+00
    endloop
  endfacet
  facet normal 9.914449e-01 0.000000e+00 -1.305262e-01
    outer loop
      vertex   -1.600000e+00 9.000000e+00 7.000000e+00
      vertex   -1.545481e+00 2.000000e+00 7.414111e+00
      vertex   -1.600000e+00 2.000000e+00 7.000000e+00
    endloop
  endfacet
  facet normal 9.914449e-01 0.000000e+00 1.305262e-01
    outer loop
      vertex   -1.600000e+00 9.000000e+00 7.000000e+00
      vertex   -1.600000e+00 2.000000e+00 7.000000e+00
      vertex   -1.545481e+00 9.000000e+00 6.585890e+00
    endloop
  endfacet
  facet normal 9.914449e-01 -1.656151e-17 1.305262e-01
    outer loop
      vertex   -1.545481e+00 9.000000e+00 6.585890e+00
      vertex   -1.600000e+00 2.000000e+00 7.000000e+00
      vertex   -1.545481e+00 2.000000e+00 6.585890e+00
    endloop
  endfacet
  facet normal 9.238795e-01 -4.855588e-17 3.826834e-01
    outer loop
      vertex   -1.545481e+00 9.000000e+00 6.585890e+00
      vertex   -1.545481e+00 2.000000e+00 6.585890e+00
      vertex   -1.385641e+00 9.000000e+00 6.200000e+00
    endloop
  endfacet
  facet normal 9.238795e-01 1.005625e-17 3.826834e-01
    outer loop
      vertex   -1.385641e+00 9.000000e+00 6.200000e+00
      vertex   -1.545481e+00 2.000000e+00 6.585890e+00
      vertex   -1.385641e+00 2.000000e+00 6.200000e+00
    endloop
  endfacet
  facet normal 7.933533e-01 -2.690987e-17 6.087614e-01
    outer loop
      vertex   -1.385641e+00 9.000000e+00 6.200000e+00
      vertex   -1.385641e+00 2.000000e+00 6.200000e+00
      vertex   -1.131371e+00 9.000000e+00 5.868629e+00
    endloop
  endfacet
  facet normal 7.933533e-01 0.000000e+00 6.087614e-01
    outer loop
      vertex   -1.131371e+00 9.000000e+00 5.868629e+00
      vertex   -1.385641e+00 2.000000e+00 6.200000e+00
      vertex   -1.131371e+00 2.000000e+00 5.868629e+00
    endloop
  endfacet
  facet normal 6.087614e-01 0.000000e+00 7.933533e-01
    outer loop
      vertex   -1.131371e+00 9.000000e+00 5.868629e+00
      vertex   -1.131371e+00 2.000000e+00 5.868629e+00
      vertex   -8.000000e-01 9.000000e+00 5.614359e+00
    endloop
  endfacet
  facet normal 6.087614e-01 -9.511880e-17 7.933533e-01
    outer loop
      vertex   -8.000000e-01 9.000000e+00 5.614359e+00
      vertex   -1.131371e+00 2.000000e+00 5.868629e+00
      vertex   -8.000000e-01 2.000000e+00 5.614359e+00
    endloop
  endfacet
  facet normal 3.826834e-01 -1.676842e-16 9.238795e-01
    outer loop
      vertex   -8.000000e-01 9.000000e+00 5.614359e+00
      vertex   -8.000000e-01 2.000000e+00 5.614359e+00
      vertex   -4.141105e-01 9.000000e+00 5.454519e+00
    endloop
  endfacet
  facet normal 3.826834e-01 4.248640e-17 9.238795e-01
    outer loop
      vertex   -4.141105e-01 9.000000e+00 5.454519e+00
      vertex   -8.000000e-01 2.000000e+00 5.614359e+00
      vertex   -4.141105e-01 2.000000e+00 5.454519e+00
    endloop
  endfacet
  facet normal 1.305262e-01 1.449132e-17 9.914449e-01
    outer loop
      vertex   -4.141105e-01 9.000000e+00 5.454519e+00
      vertex   -4.141105e-01 2.000000e+00 5.454519e+00
      vertex   1.652284e-15 9.000000e+00 5.400000e+00
    endloop
  endfacet
  facet normal 1.305262e-01 0.000000e+00 9.914449e-01
    outer loop
      vertex   1.652284e-15 9.000000e+00 5.400000e+00
      vertex   -4.141105e-01 2.000000e+00 5.454519e+00
      vertex   1.652284e-15 2.000000e+00 5.400000e+00
    endloop
  endfacet
  facet normal -1.305262e-01 0.000000e+00 9.914449e-01
    outer loop
      vertex   1.652284e-15 9.000000e+00 5.400000e+00
      vertex   1.652284e-15 2.000000e+00 5.400000e+00
      vertex   4.141105e-01 9.000000e+00 5.454519e+00
    endloop
  endfacet
  facet normal -1.305262e-01 -2.070188e-17 9.914449e-01
    outer loop
      vertex   4.141105e-01 9.000000e+00 5.454519e+00
      vertex   1.652284e-15 2.000000e+00 5.400000e+00
      vertex   4.141105e-01 2.000000e+00 5.454519e+00
    endloop
  endfacet
  facet normal -3.826834e-01 -6.069485e-17 9.238795e-01
    outer loop
      vertex   4.141105e-01 9.000000e+00 5.454519e+00
      vertex   4.141105e-01 2.000000e+00 5.454519e+00
      vertex   8.000000e-01 9.000000e+00 5.614359e+00
    endloop
  endfacet
  facet normal -3.826834e-01 -3.641691e-17 9.238795e-01
    outer loop
      vertex   8.000000e-01 9.000000e+00 5.614359e+00
      vertex   4.141105e-01 2.000000e+00 5.454519e+00
      vertex   8.000000e-01 2.000000e+00 5.614359e+00
    endloop
  endfacet
  facet normal -6.087614e-01 -5.793094e-17 7.933533e-01
    outer loop
      vertex   8.000000e-01 9.000000e+00 5.614359e+00
      vertex   8.000000e-01 2.000000e+00 5.614359e+00
      vertex   1.131371e+00 9.000000e+00 5.868629e+00
    endloop
  endfacet
  facet normal -6.087614e-01 6.204213e-17 7.933533e-01
    outer loop
      vertex   1.131371e+00 9.000000e+00 5.868629e+00
      vertex   8.000000e-01 2.000000e+00 5.614359e+00
      vertex   1.131371e+00 2.000000e+00 5.868629e+00
    endloop
  endfacet
  facet normal -7.933533e-01 2.690987e-17 6.087614e-01
    outer loop
      vertex   1.131371e+00 9.000000e+00 5.868629e+00
      vertex   1.131371e+00 2.000000e+00 5.868629e+00
      vertex   1.385641e+00 9.000000e+00 6.200000e+00
    endloop
  endfacet
  facet normal -7.933533e-01 5.207556e-17 6.087614e-01
    outer loop
      vertex   1.385641e+00 9.000000e+00 6.200000e+00
      vertex   1.131371e+00 2.000000e+00 5.868629e+00
      vertex   1.385641e+00 2.000000e+00 6.200000e+00
    endloop
  endfacet
  facet normal -9.238795e-01 1.924981e-17 3.826834e-01
    outer loop
      vertex   1.385641e+00 9.000000e+00 6.200000e+00
      vertex   1.385641e+00 2.000000e+00 6.200000e+00
      vertex   1.545481e+00 9.000000e+00 6.585890e+00
    endloop
  endfacet
  facet normal -9.238795e-01 -5.861213e-17 3.826834e-01
    outer loop
      vertex   1.545481e+00 9.000000e+00 6.585890e+00
      vertex   1.385641e+00 2.000000e+00 6.200000e+00
      vertex   1.545481e+00 2.000000e+00 6.585890e+00
    endloop
  endfacet
  facet normal -9.914449e-01 -6.289857e-17 1.305262e-01
    outer loop
      vertex   1.545481e+00 9.000000e+00 6.585890e+00
      vertex   1.545481e+00 2.000000e+00 6.585890e+00
      vertex   1.600000e+00 9.000000e+00 7.000000e+00
    endloop
  endfacet
  facet normal -9.914449e-01 0.000000e+00 1.305262e-01
    outer loop
      vertex   1.600000e+00 9.000000e+00 7.000000e+00
      vertex   1.545481e+00 2.000000e+00 6.585890e+00
      vertex   1.600000e+00 2.000000e+00 7.000000e+00
    endloop
  endfacet
  facet normal -9.914449e-01 -0.000000e+00 -1.305262e-01
    outer loop
      vertex   1.600000e+00 9.000000e+00 7.000000e+00
      vertex   1.600000e+00 2.000000e+00 7.000000e+00
      vertex   1.545481e+00 9.000000e+00 7.414111e+00
    endloop
  endfacet
  facet normal -9.914449e-01 6.289857e-17 -1.305262e-01
    outer loop
      vertex   1.545481e+00 9.000000e+00 7.414111e+00
      vertex   1.600000e+00 2.000000e+00 7.000000e+00
      vertex   1.545481e+00 2.000000e+00 7.414111e+00
    endloop
  endfacet
  facet normal -9.238795e-01 5.861213e-17 -3.826834e-01
    outer loop
      vertex   1.545481e+00 9.000000e+00 7.414111e+00
      vertex   1.545481e+00 2.000000e+00 7.414111e+00
      vertex   1.385641e+00 9.000000e+00 7.800000e+00
    endloop
  endfacet
  facet normal -9.238795e-01 -1.924981e-17 -3.826834e-01
    outer loop
      vertex   1.385641e+00 9.000000e+00 7.800000e+00
      vertex   1.545481e+00 2.000000e+00 7.414111e+00
      vertex   1.385641e+00 2.000000e+00 7.800000e+00
    endloop
  endfacet
  facet normal -7.933533e-01 -5.207556e-17 -6.087614e-01
    outer loop
      vertex   1.385641e+00 9.000000e+00 7.800000e+00
      vertex   1.385641e+00 2.000000e+00 7.800000e+00
      vertex   1.131371e+00 9.000000e+00 8.131371e+00
    endloop
  endfacet
  facet normal -7.933533e-01 -1.041511e-16 -6.087614e-01
    outer loop
      vertex   1.131371e+00 9.000000e+00 8.131371e+00
      vertex   1.385641e+00 2.000000e+00 7.800000e+00
      vertex   1.131371e+00 2.000000e+00 8.131371e+00
    endloop
  endfacet
  facet normal -6.087614e-01 -1.627049e-16 -7.933533e-01
    outer loop
      vertex   1.131371e+00 9.000000e+00 8.131371e+00
      vertex   1.131371e+00 2.000000e+00 8.131371e+00
      vertex   8.000000e-01 9.000000e+00 8.385641e+00
    endloop
  endfacet
  facet normal -6.087614e-01 5.793094e-17 -7.933533e-01
    outer loop
      vertex   8.000000e-01 9.000000e+00 8.385641e+00
      vertex   1.131371e+00 2.000000e+00 8.131371e+00
      vertex   8.000000e-01 2.000000e+00 8.385641e+00
    endloop
  endfacet
  facet normal -3.826834e-01 3.641691e-17 -9.238795e-01
    outer loop
      vertex   8.000000e-01 9.000000e+00 8.385641e+00
      vertex   8.000000e-01 2.000000e+00 8.385641e+00
      vertex   4.141105e-01 9.000000e+00 8.545481e+00
    endloop
  endfacet
  facet normal -3.826834e-01 6.069485e-17 -9.238795e-01
    outer loop
      vertex   4.141105e-01 9.000000e+00 8.545481e+00
      vertex   8.000000e-01 2.000000e+00 8.385641e+00
      vertex   4.141105e-01 2.000000e+00 8.545481e+00
    endloop
  endfacet
  facet normal -1.305262e-01 2.070188e-17 -9.914449e-01
    outer loop
      vertex   4.141105e-01 9.000000e+00 8.545481e+00
      vertex   4.141105e-01 2.000000e+00 8.545481e+00
      vertex   1.652284e-15 9.000000e+00 8.600000e+00
    endloop
  endfacet
  facet normal -1.305262e-01 -0.000000e+00 -9.914449e-01
    outer loop
      vertex   1.652284e-15 9.000000e+00 8.600000e+00
      vertex   4.141105e-01 2.000000e+00 8.545481e+00
      vertex   1.652284e-15 2.000000e+00 8.600000e+00
    endloop
  endfacet
  facet normal 1.305262e-01 0.000000e+00 -9.914449e-01
    outer loop
      vertex   1.652284e-15 9.000000e+00 8.600000e+00
      vertex   1.652284e-15 2.000000e+00 8.600000e+00
      vertex   -4.141105e-01 9.000000e+00 8.545481e+00
    endloop
  endfacet
  facet normal 1.305262e-01 -1.449132e-17 -9.914449e-01
    outer loop
      vertex   -4.141105e-01 9.000000e+00 8.545481e+00
      vertex   1.652284e-15 2.000000e+00 8.600000e+00
      vertex   -4.141105e-01 2.000000e+00 8.545481e+00
    endloop
  endfacet
  facet normal 3.826834e-01 -4.248640e-17 -9.238795e-01
    outer loop
      vertex   -4.141105e-01 9.000000e+00 8.545481e+00
      vertex   -4.141105e-01 2.000000e+00 8.545481e+00
      vertex   -8.000000e-01 9.000000e+00 8.385641e+00
    endloop
  endfacet
  facet normal 3.826834e-01 1.676842e-16 -9.238795e-01
    outer loop
      vertex   -8.000000e-01 9.000000e+00 8.385641e+00
      vertex   -4.141105e-01 2.000000e+00 8.545481e+00
      vertex   -8.000000e-01 2.000000e+00 8.385641e+00
    endloop
  endfacet
  facet normal 6.087614e-01 9.511880e-17 -7.933533e-01
    outer loop
      vertex   -8.000000e-01 9.000000e+00 8.385641e+00
      vertex   -8.000000e-01 2.000000e+00 8.385641e+00
      vertex   -1.131371e+00 9.000000e+00 8.131371e+00
    endloop
  endfacet
  facet normal 6.087614e-01 0.000000e+00 -7.933533e-01
    outer loop
      vertex   -1.131371e+00 9.000000e+00 8.131371e+00
      vertex   -8.000000e-01 2.000000e+00 8.385641e+00
      vertex   -1.131371e+00 2.000000e+00 8.131371e+00
    endloop
  endfacet
  facet normal 7.933533e-01 0.000000e+00 -6.087614e-01
    outer loop
      vertex   -1.131371e+00 9.000000e+00 8.131371e+00
      vertex   -1.131371e+00 2.000000e+00 8.131371e+00
      vertex   -1.385641e+00 9.000000e+00 7.800000e+00
    endloop
  endfacet
  facet normal 7.933533e-01 2.690987e-17 -6.087614e-01
    outer loop
      vertex   -1.385641e+00 9.000000e+00 7.800000e+00
      vertex   -1.131371e+00 2.000000e+00 8.131371e+00
      vertex   -1.385641e+00 2.000000e+00 7.800000e+00
    endloop
  endfacet
  facet normal 9.238795e-01 -1.005625e-17 -3.826834e-01
    outer loop
      vertex   -1.385641e+00 9.000000e+00 7.800000e+00
      vertex   -1.385641e+00 2.000000e+00 7.800000e+00
      vertex   -1.545481e+00 9.000000e+00 7.414111e+00
    endloop
  endfacet
  facet normal 9.238795e-01 4.855588e-17 -3.826834e-01
    outer loop
      vertex   -1.545481e+00 9.000000e+00 7.414111e+00
      vertex   -1.385641e+00 2.000000e+00 7.800000e+00
      vertex   -1.545481e+00 2.000000e+00 7.414111e+00
    endloop
  endfacet
  facet normal 9.914449e-01 1.345622e-17 -1.305262e-01
    outer loop
      vertex   5.454519e+00 9.000000e+00 4.141105e-01
      vertex   5.454519e+00 2.000000e+00 4.141105e-01
      vertex   5.400000e+00 9.000000e+00 -1.053196e-15
    endloop
  endfacet
  facet normal 9.914449e-01 0.000000e+00 -1.305262e-01
    outer loop
      vertex   5.400000e+00 9.000000e+00 -1.053196e-15
      vertex   5.454519e+00 2.000000e+00 4.141105e-01
      vertex   5.400000e+00 2.000000e+00 -1.053196e-15
    endloop
  endfacet
  facet normal 9.914449e-01 0.000000e+00 1.305262e-01
    outer loop
      vertex   5.400000e+00 9.000000e+00 -1.053196e-15
      vertex   5.400000e+00 2.000000e+00 -1.053196e-15
      vertex   5.454519e+00 9.000000e+00 -4.141105e-01
    endloop
  endfacet
  facet normal 9.914449e-01 -1.345622e-17 1.305262e-01
    outer loop
      vertex   5.454519e+00 9.000000e+00 -4.141105e-01
      vertex   5.400000e+00 2.000000e+00 -1.053196e-15
      vertex   5.454519e+00 2.000000e+00 -4.141105e-01
    endloop
  endfacet
  facet normal 9.238795e-01 -3.945165e-17 3.826834e-01
    outer loop
      vertex   5.454519e+00 9.000000e+00 -4.141105e-01
      vertex   5.454519e+00 2.000000e+00 -4.141105e-01
      vertex   5.614359e+00 9.000000e+00 -8.000000e-01
    endloop
  endfacet
  facet normal 9.238795e-01 -4.248640e-17 3.826834e-01
    outer loop
      vertex   5.614359e+00 9.000000e+00 -8.000000e-01
      vertex   5.454519e+00 2.000000e+00 -4.141105e-01
      vertex   5.614359e+00 2.000000e+00 -8.000000e-01
    endloop
  endfacet
  facet normal 7.933533e-01 -6.758610e-17 6.087614e-01
    outer loop
      vertex   5.614359e+00 9.000000e+00 -8.000000e-01
      vertex   5.614359e+00 2.000000e+00 -8.000000e-01
      vertex   5.868629e+00 9.000000e+00 -1.131371e+00
    endloop
  endfacet
  facet normal 7.933533e-01 0.000000e+00 6.087614e-01
    outer loop
      vertex   5.868629e+00 9.000000e+00 -1.131371e+00
      vertex   5.614359e+00 2.000000e+00 -8.000000e-01
      vertex   5.868629e+00 2.000000e+00 -1.131371e+00
    endloop
  endfacet
  facet normal 6.087614e-01 0.000000e+00 7.933533e-01
    outer loop
      vertex   5.868629e+00 9.000000e+00 -1.131371e+00
      vertex   5.868629e+00 2.000000e+00 -1.131371e+00
      vertex   6.200000e+00 9.000000e+00 -1.385641e+00
    endloop
  endfacet
  facet normal 6.087614e-01 1.744182e-18 7.933533e-01
    outer loop
      vertex   6.200000e+00 9.000000e+00 -1.385641e+00
      vertex   5.868629e+00 2.000000e+00 -1.131371e+00
      vertex   6.200000e+00 2.000000e+00 -1.385641e+00
    endloop
  endfacet
  facet normal 3.826834e-01 -3.936232e-17 9.238795e-01
    outer loop
      vertex   6.200000e+00 9.000000e+00 -1.385641e+00
      vertex   6.200000e+00 2.000000e+00 -1.385641e+00
      vertex   6.585890e+00 9.000000e+00 -1.545481e+00
    endloop
  endfacet
  facet normal 3.826834e-01 0.000000e+00 9.238795e-01
    outer loop
      vertex   6.585890e+00 9.000000e+00 -1.545481e+00
      vertex   6.200000e+00 2.000000e+00 -1.385641e+00
      vertex   6.585890e+00 2.000000e+00 -1.545481e+00
    endloop
  endfacet
  facet normal 1.305262e-01 0.000000e+00 9.914449e-01
    outer loop
      vertex   6.585890e+00 9.000000e+00 -1.545481e+00
      vertex   6.585890e+00 2.000000e+00 -1.545481e+00
      vertex   7.000000e+00 9.000000e+00 -1.600000e+00
    endloop
  endfacet
  facet normal 1.305262e-01 0.000000e+00 9.914449e-01
    outer loop
      vertex   7.000000e+00 9.000000e+00 -1.600000e+00
      vertex   6.585890e+00 2.000000e+00 -1.545481e+00
      vertex   7.000000e+00 2.000000e+00 -1.600000e+00
    endloop
  endfacet
  facet normal -1.305262e-01 0.000000e+00 9.914449e-01
    outer loop
      vertex   7.000000e+00 9.000000e+00 -1.600000e+00
      vertex   7.000000e+00 2.000000e+00 -1.600000e+00
      vertex   7.414111e+00 9.000000e+00 -1.545481e+00
    endloop
  endfacet
  facet normal -1.305262e-01 4.633706e-17 9.914449e-01
    outer loop
      vertex   7.414111e+00 9.000000e+00 -1.545481e+00
      vertex   7.000000e+00 2.000000e+00 -1.600000e+00
      vertex   7.414111e+00 2.000000e+00 -1.545481e+00
    endloop
  endfacet
  facet normal -3.826834e-01 1.005625e-17 9.238795e-01
    outer loop
      vertex   7.414111e+00 9.000000e+00 -1.545481e+00
      vertex   7.414111e+00 2.000000e+00 -1.545481e+00
      vertex   7.800000e+00 9.000000e+00 -1.385641e+00
    endloop
  endfacet
  facet normal -3.826834e-01 -1.924981e-17 9.238795e-01
    outer loop
      vertex   7.800000e+00 9.000000e+00 -1.385641e+00
      vertex   7.414111e+00 2.000000e+00 -1.545481e+00
      vertex   7.800000e+00 2.000000e+00 -1.385641e+00
    endloop
  endfacet
  facet normal -6.087614e-01 -5.207556e-17 7.933533e-01
    outer loop
      vertex   7.800000e+00 9.000000e+00 -1.385641e+00
      vertex   7.800000e+00 2.000000e+00 -1.385641e+00
      vertex   8.131371e+00 9.000000e+00 -1.131371e+00
    endloop
  endfacet
  facet normal -6.087614e-01 2.516569e-17 7.933533e-01
    outer loop
      vertex   8.131371e+00 9.000000e+00 -1.131371e+00
      vertex   7.800000e+00 2.000000e+00 -1.385641e+00
      vertex   8.131371e+00 2.000000e+00 -1.131371e+00
    endloop
  endfacet
  facet normal -7.933533e-01 1.931031e-17 6.087614e-01
    outer loop
      vertex   8.131371e+00 9.000000e+00 -1.131371e+00
      vertex   8.131371e+00 2.000000e+00 -1.131371e+00
      vertex   8.385641e+00 9.000000e+00 -8.000000e-01
    endloop
  endfacet
  facet normal -7.933533e-01 5.793094e-17 6.087614e-01
    outer loop
      vertex   8.385641e+00 9.000000e+00 -8.000000e-01
      vertex   8.131371e+00 2.000000e+00 -1.131371e+00
      vertex   8.385641e+00 2.000000e+00 -8.000000e-01
    endloop
  endfacet
  facet normal -9.238795e-01 3.641691e-17 3.826834e-01
    outer loop
      vertex   8.385641e+00 9.000000e+00 -8.000000e-01
      vertex   8.385641e+00 2.000000e+00 -8.000000e-01
      vertex   8.545481e+00 9.000000e+00 -4.141105e-01
    endloop
  endfacet
  facet normal -9.238795e-01 3.641691e-17 3.826834e-01
    outer loop
      vertex   8.545481e+00 9.000000e+00 -4.141105e-01
      vertex   8.385641e+00 2.000000e+00 -8.000000e-01
      vertex   8.545481e+00 2.000000e+00 -4.141105e-01
    endloop
  endfacet
  facet normal -9.914449e-01 1.242113e-17 1.305262e-01
    outer loop
      vertex   8.545481e+00 9.000000e+00 -4.141105e-01
      vertex   8.545481e+00 2.000000e+00 -4.141105e-01
      vertex   8.600000e+00 9.000000e+00 -8.572528e-16
    endloop
  endfacet
  facet normal -9.914449e-01 0.000000e+00 1.305262e-01
    outer loop
      vertex   8.600000e+00 9.000000e+00 -8.572528e-16
      vertex   8.545481e+00 2.000000e+00 -4.141105e-01
      vertex   8.600000e+00 2.000000e+00 -8.572528e-16
    endloop
  endfacet
  facet normal -9.914449e-01 -0.000000e+00 -1.305262e-01
    outer loop
      vertex   8.600000e+00 9.000000e+00 -8.572528e-16
      vertex   8.600000e+00 2.000000e+00 -8.572528e-16
      vertex   8.545481e+00 9.000000e+00 4.141105e-01
    endloop
  endfacet
  facet normal -9.914449e-01 -1.242113e-17 -1.305262e-01
    outer loop
      vertex   8.545481e+00 9.000000e+00 4.141105e-01
      vertex   8.600000e+00 2.000000e+00 -8.572528e-16
      vertex   8.545481e+00 2.000000e+00 4.141105e-01
    endloop
  endfacet
  facet normal -9.238795e-01 -3.641691e-17 -3.826834e-01
    outer loop
      vertex   8.545481e+00 9.000000e+00 4.141105e-01
      vertex   8.545481e+00 2.000000e+00 4.141105e-01
      vertex   8.385641e+00 9.000000e+00 8.000000e-01
    endloop
  endfacet
  facet normal -9.238795e-01 -3.641691e-17 -3.826834e-01
    outer loop
      vertex   8.385641e+00 9.000000e+00 8.000000e-01
      vertex   8.545481e+00 2.000000e+00 4.141105e-01
      vertex   8.385641e+00 2.000000e+00 8.000000e-01
    endloop
  endfacet
  facet normal -7.933533e-01 -5.793094e-17 -6.087614e-01
    outer loop
      vertex   8.385641e+00 9.000000e+00 8.000000e-01
      vertex   8.385641e+00 2.000000e+00 8.000000e-01
      vertex   8.131371e+00 9.000000e+00 1.131371e+00
    endloop
  endfacet
  facet normal -7.933533e-01 -3.862063e-17 -6.087614e-01
    outer loop
      vertex   8.131371e+00 9.000000e+00 1.131371e+00
      vertex   8.385641e+00 2.000000e+00 8.000000e-01
      vertex   8.131371e+00 2.000000e+00 1.131371e+00
    endloop
  endfacet
  facet normal -6.087614e-01 -5.033138e-17 -7.933533e-01
    outer loop
      vertex   8.131371e+00 9.000000e+00 1.131371e+00
      vertex   8.131371e+00 2.000000e+00 1.131371e+00
      vertex   7.800000e+00 9.000000e+00 1.385641e+00
    endloop
  endfacet
  facet normal -6.087614e-01 2.690987e-17 -7.933533e-01
    outer loop
      vertex   7.800000e+00 9.000000e+00 1.385641e+00
      vertex   8.131371e+00 2.000000e+00 1.131371e+00
      vertex   7.800000e+00 2.000000e+00 1.385641e+00
    endloop
  endfacet
  facet normal -3.826834e-01 -1.005625e-17 -9.238795e-01
    outer loop
      vertex   7.800000e+00 9.000000e+00 1.385641e+00
      vertex   7.800000e+00 2.000000e+00 1.385641e+00
      vertex   7.414111e+00 9.000000e+00 1.545481e+00
    endloop
  endfacet
  facet normal -3.826834e-01 1.924981e-17 -9.238795e-01
    outer loop
      vertex   7.414111e+00 9.000000e+00 1.545481e+00
      vertex   7.800000e+00 2.000000e+00 1.385641e+00
      vertex   7.414111e+00 2.000000e+00 1.545481e+00
    endloop
  endfacet
  facet normal -1.305262e-01 -1.488778e-17 -9.914449e-01
    outer loop
      vertex   7.414111e+00 9.000000e+00 1.545481e+00
      vertex   7.414111e+00 2.000000e+00 1.545481e+00
      vertex   7.000000e+00 9.000000e+00 1.600000e+00
    endloop
  endfacet
  facet normal -1.305262e-01 -0.000000e+00 -9.914449e-01
    outer loop
      vertex   7.000000e+00 9.000000e+00 1.600000e+00
      vertex   7.414111e+00 2.000000e+00 1.545481e+00
      vertex   7.000000e+00 2.000000e+00 1.600000e+00
    endloop
  endfacet
  facet normal 1.305262e-01 0.000000e+00 -9.914449e-01
    outer loop
      vertex   7.000000e+00 9.000000e+00 1.600000e+00
      vertex   7.000000e+00 2.000000e+00 1.600000e+00
      vertex   6.585890e+00 9.000000e+00 1.545481e+00
    endloop
  endfacet
  facet normal 1.305262e-01 0.000000e+00 -9.914449e-01
    outer loop
      vertex   6.585890e+00 9.000000e+00 1.545481e+00
      vertex   7.000000e+00 2.000000e+00 1.600000e+00
      vertex   6.585890e+00 2.000000e+00 1.545481e+00
    endloop
  endfacet
  facet normal 3.826834e-01 0.000000e+00 -9.238795e-01
    outer loop
      vertex   6.585890e+00 9.000000e+00 1.545481e+00
      vertex   6.585890e+00 2.000000e+00 1.545481e+00
      vertex   6.200000e+00 9.000000e+00 1.385641e+00
    endloop
  endfacet
  facet normal 3.826834e-01 1.005625e-17 -9.238795e-01
    outer loop
      vertex   6.200000e+00 9.000000e+00 1.385641e+00
      vertex   6.585890e+00 2.000000e+00 1.545481e+00
      vertex   6.200000e+00 2.000000e+00 1.385641e+00
    endloop
  endfacet
  facet normal 6.087614e-01 -2.690987e-17 -7.933533e-01
    outer loop
      vertex   6.200000e+00 9.000000e+00 1.385641e+00
      vertex   6.200000e+00 2.000000e+00 1.385641e+00
      vertex   5.868629e+00 9.000000e+00 1.131371e+00
    endloop
  endfacet
  facet normal 6.087614e-01 0.000000e+00 -7.933533e-01
    outer loop
      vertex   5.868629e+00 9.000000e+00 1.131371e+00
      vertex   6.200000e+00 2.000000e+00 1.385641e+00
      vertex   5.868629e+00 2.000000e+00 1.131371e+00
    endloop
  endfacet
  facet normal 7.933533e-01 0.000000e+00 -6.087614e-01
    outer loop
      vertex   5.868629e+00 9.000000e+00 1.131371e+00
      vertex   5.868629e+00 2.000000e+00 1.131371e+00
      vertex   5.614359e+00 9.000000e+00 8.000000e-01
    endloop
  endfacet
  facet normal 7.933533e-01 5.793094e-17 -6.087614e-01
    outer loop
      vertex   5.614359e+00 9.000000e+00 8.000000e-01
      vertex   5.868629e+00 2.000000e+00 1.131371e+00
      vertex   5.614359e+00 2.000000e+00 8.000000e-01
    endloop
  endfacet
  facet normal 9.238795e-01 3.641691e-17 -3.826834e-01
    outer loop
      vertex   5.614359e+00 9.000000e+00 8.000000e-01
      vertex   5.614359e+00 2.000000e+00 8.000000e-01
      vertex   5.454519e+00 9.000000e+00 4.141105e-01
    endloop
  endfacet
  facet normal 9.238795e-01 3.945165e-17 -3.826834e-01
    outer loop
      vertex   5.454519e+00 9.000000e+00 4.141105e-01
      vertex   5.614359e+00 2.000000e+00 8.000000e-01
      vertex   5.454519e+00 2.000000e+00 4.141105e-01
    endloop
  endfacet
  facet normal 9.914449e-01 1.242113e-17 -1.305262e-01
    outer loop
      vertex   -8.545481e+00 9.000000e+00 4.141105e-01
      vertex   -8.545481e+00 2.000000e+00 4.141105e-01
      vertex   -8.600000e+00 9.000000e+00 -1.959435e-16
    endloop
  endfacet
  facet normal 9.914449e-01 0.000000e+00 -1.305262e-01
    outer loop
      vertex   -8.600000e+00 9.000000e+00 -1.959435e-16
      vertex   -8.545481e+00 2.000000e+00 4.141105e-01
      vertex   -8.600000e+00 2.000000e+00 -1.959435e-16
    endloop
  endfacet
  facet normal 9.914449e-01 0.000000e+00 1.305262e-01
    outer loop
      vertex   -8.600000e+00 9.000000e+00 -1.959435e-16
      vertex   -8.600000e+00 2.000000e+00 -1.959435e-16
      vertex   -8.545481e+00 9.000000e+00 -4.141105e-01
    endloop
  endfacet
  facet normal 9.914449e-01 -1.242113e-17 1.305262e-01
    outer loop
      vertex   -8.545481e+00 9.000000e+00 -4.141105e-01
      vertex   -8.600000e+00 2.000000e+00 -1.959435e-16
      vertex   -8.545481e+00 2.000000e+00 -4.141105e-01
    endloop
  endfacet
  facet normal 9.238795e-01 -3.641691e-17 3.826834e-01
    outer loop
      vertex   -8.545481e+00 9.000000e+00 -4.141105e-01
      vertex   -8.545481e+00 2.000000e+00 -4.141105e-01
      vertex   -8.385641e+00 9.000000e+00 -8.000000e-01
    endloop
  endfacet
  facet normal 9.238795e-01 -3.641691e-17 3.826834e-01
    outer loop
      vertex   -8.385641e+00 9.000000e+00 -8.000000e-01
      vertex   -8.545481e+00 2.000000e+00 -4.141105e-01
      vertex   -8.385641e+00 2.000000e+00 -8.000000e-01
    endloop
  endfacet
  facet normal 7.933533e-01 -5.793094e-17 6.087614e-01
    outer loop
      vertex   -8.385641e+00 9.000000e+00 -8.000000e-01
      vertex   -8.385641e+00 2.000000e+00 -8.000000e-01
      vertex   -8.131371e+00 9.000000e+00 -1.131371e+00
    endloop
  endfacet
  facet normal 7.933533e-01 0.000000e+00 6.087614e-01
    outer loop
      vertex   -8.131371e+00 9.000000e+00 -1.131371e+00
      vertex   -8.385641e+00 2.000000e+00 -8.000000e-01
      vertex   -8.131371e+00 2.000000e+00 -1.131371e+00
    endloop
  endfacet
  facet normal 6.087614e-01 0.000000e+00 7.933533e-01
    outer loop
      vertex   -8.131371e+00 9.000000e+00 -1.131371e+00
      vertex   -8.131371e+00 2.000000e+00 -1.131371e+00
      vertex   -7.800000e+00 9.000000e+00 -1.385641e+00
    endloop
  endfacet
  facet normal 6.087614e-01 1.744182e-18 7.933533e-01
    outer loop
      vertex   -7.800000e+00 9.000000e+00 -1.385641e+00
      vertex   -8.131371e+00 2.000000e+00 -1.131371e+00
      vertex   -7.800000e+00 2.000000e+00 -1.385641e+00
    endloop
  endfacet
  facet normal 3.826834e-01 -3.936232e-17 9.238795e-01
    outer loop
      vertex   -7.800000e+00 9.000000e+00 -1.385641e+00
      vertex   -7.800000e+00 2.000000e+00 -1.385641e+00
      vertex   -7.414111e+00 9.000000e+00 -1.545481e+00
    endloop
  endfacet
  facet normal 3.826834e-01 0.000000e+00 9.238795e-01
    outer loop
      vertex   -7.414111e+00 9.000000e+00 -1.545481e+00
      vertex   -7.800000e+00 2.000000e+00 -1.385641e+00
      vertex   -7.414111e+00 2.000000e+00 -1.545481e+00
    endloop
  endfacet
  facet normal 1.305262e-01 0.000000e+00 9.914449e-01
    outer loop
      vertex   -7.414111e+00 9.000000e+00 -1.545481e+00
      vertex   -7.414111e+00 2.000000e+00 -1.545481e+00
      vertex   -7.000000e+00 9.000000e+00 -1.600000e+00
    endloop
  endfacet
  facet normal 1.305262e-01 0.000000e+00 9.914449e-01
    outer loop
      vertex   -7.000000e+00 9.000000e+00 -1.600000e+00
      vertex   -7.414111e+00 2.000000e+00 -1.545481e+00
      vertex   -7.000000e+00 2.000000e+00 -1.600000e+00
    endloop
  endfacet
  facet normal -1.305262e-01 0.000000e+00 9.914449e-01
    outer loop
      vertex   -7.000000e+00 9.000000e+00 -1.600000e+00
      vertex   -7.000000e+00 2.000000e+00 -1.600000e+00
      vertex   -6.585890e+00 9.000000e+00 -1.545481e+00
    endloop
  endfacet
  facet normal -1.305262e-01 1.488778e-17 9.914449e-01
    outer loop
      vertex   -6.585890e+00 9.000000e+00 -1.545481e+00
      vertex   -7.000000e+00 2.000000e+00 -1.600000e+00
      vertex   -6.585890e+00 2.000000e+00 -1.545481e+00
    endloop
  endfacet
  facet normal -3.826834e-01 -1.924981e-17 9.238795e-01
    outer loop
      vertex   -6.585890e+00 9.000000e+00 -1.545481e+00
      vertex   -6.585890e+00 2.000000e+00 -1.545481e+00
      vertex   -6.200000e+00 9.000000e+00 -1.385641e+00
    endloop
  endfacet
  facet normal -3.826834e-01 -1.924981e-17 9.238795e-01
    outer loop
      vertex   -6.200000e+00 9.000000e+00 -1.385641e+00
      vertex   -6.585890e+00 2.000000e+00 -1.545481e+00
      vertex   -6.200000e+00 2.000000e+00 -1.385641e+00
    endloop
  endfacet
  facet normal -6.087614e-01 -5.207556e-17 7.933533e-01
    outer loop
      vertex   -6.200000e+00 9.000000e+00 -1.385641e+00
      vertex   -6.200000e+00 2.000000e+00 -1.385641e+00
      vertex   -5.868629e+00 9.000000e+00 -1.131371e+00
    endloop
  endfacet
  facet normal -6.087614e-01 5.033138e-17 7.933533e-01
    outer loop
      vertex   -5.868629e+00 9.000000e+00 -1.131371e+00
      vertex   -6.200000e+00 2.000000e+00 -1.385641e+00
      vertex   -5.868629e+00 2.000000e+00 -1.131371e+00
    endloop
  endfacet
  facet normal -7.933533e-01 3.862063e-17 6.087614e-01
    outer loop
      vertex   -5.868629e+00 9.000000e+00 -1.131371e+00
      vertex   -5.868629e+00 2.000000e+00 -1.131371e+00
      vertex   -5.614359e+00 9.000000e+00 -8.000000e-01
    endloop
  endfacet
  facet normal -7.933533e-01 6.758610e-17 6.087614e-01
    outer loop
      vertex   -5.614359e+00 9.000000e+00 -8.000000e-01
      vertex   -5.868629e+00 2.000000e+00 -1.131371e+00
      vertex   -5.614359e+00 2.000000e+00 -8.000000e-01
    endloop
  endfacet
  facet normal -9.238795e-01 4.248640e-17 3.826834e-01
    outer loop
      vertex   -5.614359e+00 9.000000e+00 -8.000000e-01
      vertex   -5.614359e+00 2.000000e+00 -8.000000e-01
      vertex   -5.454519e+00 9.000000e+00 -4.141105e-01
    endloop
  endfacet
  facet normal -9.238795e-01 3.641691e-17 3.826834e-01
    outer loop
      vertex   -5.454519e+00 9.000000e+00 -4.141105e-01
      vertex   -5.614359e+00 2.000000e+00 -8.000000e-01
      vertex   -5.454519e+00 2.000000e+00 -4.141105e-01
    endloop
  endfacet
  facet normal -9.914449e-01 1.242113e-17 1.305262e-01
    outer loop
      vertex   -5.454519e+00 9.000000e+00 -4.141105e-01
      vertex   -5.454519e+00 2.000000e+00 -4.141105e-01
      vertex   -5.400000e+00 9.000000e+00 0.000000e+00
    endloop
  endfacet
  facet normal -9.914449e-01 0.000000e+00 1.305262e-01
    outer loop
      vertex   -5.400000e+00 9.000000e+00 0.000000e+00
      vertex   -5.454519e+00 2.000000e+00 -4.141105e-01
      vertex   -5.400000e+00 2.000000e+00 0.000000e+00
    endloop
  endfacet
  facet normal -9.914449e-01 -0.000000e+00 -1.305262e-01
    outer loop
      vertex   -5.400000e+00 9.000000e+00 0.000000e+00
      vertex   -5.400000e+00 2.000000e+00 0.000000e+00
      vertex   -5.454519e+00 9.000000e+00 4.141105e-01
    endloop
  endfacet
  facet normal -9.914449e-01 -1.242113e-17 -1.305262e-01
    outer loop
      vertex   -5.454519e+00 9.000000e+00 4.141105e-01
      vertex   -5.400000e+00 2.000000e+00 0.000000e+00
      vertex   -5.454519e+00 2.000000e+00 4.141105e-01
    endloop
  endfacet
  facet normal -9.238795e-01 -3.641691e-17 -3.826834e-01
    outer loop
      vertex   -5.454519e+00 9.000000e+00 4.141105e-01
      vertex   -5.454519e+00 2.000000e+00 4.141105e-01
      vertex   -5.614359e+00 9.000000e+00 8.000000e-01
    endloop
  endfacet
  facet normal -9.238795e-01 -4.248640e-17 -3.826834e-01
    outer loop
      vertex   -5.614359e+00 9.000000e+00 8.000000e-01
      vertex   -5.454519e+00 2.000000e+00 4.141105e-01
      vertex   -5.614359e+00 2.000000e+00 8.000000e-01
    endloop
  endfacet
  facet normal -7.933533e-01 -6.758610e-17 -6.087614e-01
    outer loop
      vertex   -5.614359e+00 9.000000e+00 8.000000e-01
      vertex   -5.614359e+00 2.000000e+00 8.000000e-01
      vertex   -5.868629e+00 9.000000e+00 1.131371e+00
    endloop
  endfacet
  facet normal -7.933533e-01 -3.862063e-17 -6.087614e-01
    outer loop
      vertex   -5.868629e+00 9.000000e+00 1.131371e+00
      vertex   -5.614359e+00 2.000000e+00 8.000000e-01
      vertex   -5.868629e+00 2.000000e+00 1.131371e+00
    endloop
  endfacet
  facet normal -6.087614e-01 -5.033138e-17 -7.933533e-01
    outer loop
      vertex   -5.868629e+00 9.000000e+00 1.131371e+00
      vertex   -5.868629e+00 2.000000e+00 1.131371e+00
      vertex   -6.200000e+00 9.000000e+00 1.385641e+00
    endloop
  endfacet
  facet normal -6.087614e-01 5.207556e-17 -7.933533e-01
    outer loop
      vertex   -6.200000e+00 9.000000e+00 1.385641e+00
      vertex   -5.868629e+00 2.000000e+00 1.131371e+00
      vertex   -6.200000e+00 2.000000e+00 1.385641e+00
    endloop
  endfacet
  facet normal -3.826834e-01 1.924981e-17 -9.238795e-01
    outer loop
      vertex   -6.200000e+00 9.000000e+00 1.385641e+00
      vertex   -6.200000e+00 2.000000e+00 1.385641e+00
      vertex   -6.585890e+00 9.000000e+00 1.545481e+00
    endloop
  endfacet
  facet normal -3.826834e-01 1.924981e-17 -9.238795e-01
    outer loop
      vertex   -6.585890e+00 9.000000e+00 1.545481e+00
      vertex   -6.200000e+00 2.000000e+00 1.385641e+00
      vertex   -6.585890e+00 2.000000e+00 1.545481e+00
    endloop
  endfacet
  facet normal -1.305262e-01 -1.488778e-17 -9.914449e-01
    outer loop
      vertex   -6.585890e+00 9.000000e+00 1.545481e+00
      vertex   -6.585890e+00 2.000000e+00 1.545481e+00
      vertex   -7.000000e+00 9.000000e+00 1.600000e+00
    endloop
  endfacet
  facet normal -1.305262e-01 -0.000000e+00 -9.914449e-01
    outer loop
      vertex   -7.000000e+00 9.000000e+00 1.600000e+00
      vertex   -6.585890e+00 2.000000e+00 1.545481e+00
      vertex   -7.000000e+00 2.000000e+00 1.600000e+00
    endloop
  endfacet
  facet normal 1.305262e-01 0.000000e+00 -9.914449e-01
    outer loop
      vertex   -7.000000e+00 9.000000e+00 1.600000e+00
      vertex   -7.000000e+00 2.000000e+00 1.600000e+00
      vertex   -7.414111e+00 9.000000e+00 1.545481e+00
    endloop
  endfacet
  facet normal 1.305262e-01 0.000000e+00 -9.914449e-01
    outer loop
      vertex   -7.414111e+00 9.000000e+00 1.545481e+00
      vertex   -7.000000e+00 2.000000e+00 1.600000e+00
      vertex   -7.414111e+00 2.000000e+00 1.545481e+00
    endloop
  endfacet
  facet normal 3.826834e-01 0.000000e+00 -9.238795e-01
    outer loop
      vertex   -7.414111e+00 9.000000e+00 1.545481e+00
      vertex   -7.414111e+00 2.000000e+00 1.545481e+00
      vertex   -7.800000e+00 9.000000e+00 1.385641e+00
    endloop
  endfacet
  facet normal 3.826834e-01 3.936232e-17 -9.238795e-01
    outer loop
      vertex   -7.800000e+00 9.000000e+00 1.385641e+00
      vertex   -7.414111e+00 2.000000e+00 1.545481e+00
      vertex   -7.800000e+00 2.000000e+00 1.385641e+00
    endloop
  endfacet
  facet normal 6.087614e-01 -1.744182e-18 -7.933533e-01
    outer loop
      vertex   -7.800000e+00 9.000000e+00 1.385641e+00
      vertex   -7.800000e+00 2.000000e+00 1.385641e+00
      vertex   -8.131371e+00 9.000000e+00 1.131371e+00
    endloop
  endfacet
  facet normal 6.087614e-01 0.000000e+00 -7.933533e-01
    outer loop
      vertex   -8.131371e+00 9.000000e+00 1.131371e+00
      vertex   -7.800000e+00 2.000000e+00 1.385641e+00
      vertex   -8.131371e+00 2.000000e+00 1.131371e+00
    endloop
  endfacet
  facet normal 7.933533e-01 0.000000e+00 -6.087614e-01
    outer loop
      vertex   -8.131371e+00 9.000000e+00 1.131371e+00
      vertex   -8.131371e+00 2.000000e+00 1.131371e+00
      vertex   -8.385641e+00 9.000000e+00 8.000000e-01
    endloop
  endfacet
  facet normal 7.933533e-01 5.793094e-17 -6.087614e-01
    outer loop
      vertex   -8.385641e+00 9.000000e+00 8.000000e-01
      vertex   -8.131371e+00 2.000000e+00 1.131371e+00
      vertex   -8.385641e+00 2.000000e+00 8.000000e-01
    endloop
  endfacet
  facet normal 9.238795e-01 3.641691e-17 -3.826834e-01
    outer loop
      vertex   -8.385641e+00 9.000000e+00 8.000000e-01
      vertex   -8.385641e+00 2.000000e+00 8.000000e-01
      vertex   -8.545481e+00 9.000000e+00 4.141105e-01
    endloop
  endfacet
  facet normal 9.238795e-01 3.641691e-17 -3.826834e-01
    outer loop
      vertex   -8.545481e+00 9.000000e+00 4.141105e-01
      vertex   -8.385641e+00 2.000000e+00 8.000000e-01
      vertex   -8.545481e+00 2.000000e+00 4.141105e-01
    endloop
  endfacet
  facet normal 9.914449e-01 1.656151e-17 -1.305262e-01
    outer loop
      vertex   -1.545481e+00 9.000000e+00 -6.585890e+00
      vertex   -1.545481e+00 2.000000e+00 -6.585890e+00
      vertex   -1.600000e+00 9.000000e+00 -7.000000e+00
    endloop
  endfacet
  facet normal 9.914449e-01 0.000000e+00 -1.305262e-01
    outer loop
      vertex   -1.600000e+00 9.000000e+00 -7.000000e+00
      vertex   -1.545481e+00 2.000000e+00 -6.585890e+00
      vertex   -1.600000e+00 2.000000e+00 -7.000000e+00
    endloop
  endfacet
  facet normal 9.914449e-01 0.000000e+00 1.305262e-01
    outer loop
      vertex   -1.600000e+00 9.000000e+00 -7.000000e+00
      vertex   -1.600000e+00 2.000000e+00 -7.000000e+00
      vertex   -1.545481e+00 9.000000e+00 -7.414111e+00
    endloop
  endfacet
  facet normal 9.914449e-01 -1.656151e-17 1.305262e-01
    outer loop
      vertex   -1.545481e+00 9.000000e+00 -7.414111e+00
      vertex   -1.600000e+00 2.000000e+00 -7.000000e+00
      vertex   -1.545481e+00 2.000000e+00 -7.414111e+00
    endloop
  endfacet
  facet normal 9.238795e-01 -4.855588e-17 3.826834e-01
    outer loop
      vertex   -1.545481e+00 9.000000e+00 -7.414111e+00
      vertex   -1.545481e+00 2.000000e+00 -7.414111e+00
      vertex   -1.385641e+00 9.000000e+00 -7.800000e+00
    endloop
  endfacet
  facet normal 9.238795e-01 -1.924981e-17 3.826834e-01
    outer loop
      vertex   -1.385641e+00 9.000000e+00 -7.800000e+00
      vertex   -1.545481e+00 2.000000e+00 -7.414111e+00
      vertex   -1.385641e+00 2.000000e+00 -7.800000e+00
    endloop
  endfacet
  facet normal 7.933533e-01 -5.207556e-17 6.087614e-01
    outer loop
      vertex   -1.385641e+00 9.000000e+00 -7.800000e+00
      vertex   -1.385641e+00 2.000000e+00 -7.800000e+00
      vertex   -1.131371e+00 9.000000e+00 -8.131371e+00
    endloop
  endfacet
  facet normal 7.933533e-01 0.000000e+00 6.087614e-01
    outer loop
      vertex   -1.131371e+00 9.000000e+00 -8.131371e+00
      vertex   -1.385641e+00 2.000000e+00 -7.800000e+00
      vertex   -1.131371e+00 2.000000e+00 -8.131371e+00
    endloop
  endfacet
  facet normal 6.087614e-01 0.000000e+00 7.933533e-01
    outer loop
      vertex   -1.131371e+00 9.000000e+00 -8.131371e+00
      vertex   -1.131371e+00 2.000000e+00 -8.131371e+00
      vertex   -8.000000e-01 9.000000e+00 -8.385641e+00
    endloop
  endfacet
  facet normal 6.087614e-01 -9.511880e-17 7.933533e-01
    outer loop
      vertex   -8.000000e-01 9.000000e+00 -8.385641e+00
      vertex   -1.131371e+00 2.000000e+00 -8.131371e+00
      vertex   -8.000000e-01 2.000000e+00 -8.385641e+00
    endloop
  endfacet
  facet normal 3.826834e-01 -1.676842e-16 9.238795e-01
    outer loop
      vertex   -8.000000e-01 9.000000e+00 -8.385641e+00
      vertex   -8.000000e-01 2.000000e+00 -8.385641e+00
      vertex   -4.141105e-01 9.000000e+00 -8.545481e+00
    endloop
  endfacet
  facet normal 3.826834e-01 3.945165e-17 9.238795e-01
    outer loop
      vertex   -4.141105e-01 9.000000e+00 -8.545481e+00
      vertex   -8.000000e-01 2.000000e+00 -8.385641e+00
      vertex   -4.141105e-01 2.000000e+00 -8.545481e+00
    endloop
  endfacet
  facet normal 1.305262e-01 1.345622e-17 9.914449e-01
    outer loop
      vertex   -4.141105e-01 9.000000e+00 -8.545481e+00
      vertex   -4.141105e-01 2.000000e+00 -8.545481e+00
      vertex   -1.456341e-15 9.000000e+00 -8.600000e+00
    endloop
  endfacet
  facet normal 1.305262e-01 0.000000e+00 9.914449e-01
    outer loop
      vertex   -1.456341e-15 9.000000e+00 -8.600000e+00
      vertex   -4.141105e-01 2.000000e+00 -8.545481e+00
      vertex   -1.456341e-15 2.000000e+00 -8.600000e+00
    endloop
  endfacet
  facet normal -1.305262e-01 0.000000e+00 9.914449e-01
    outer loop
      vertex   -1.456341e-15 9.000000e+00 -8.600000e+00
      vertex   -1.456341e-15 2.000000e+00 -8.600000e+00
      vertex   4.141105e-01 9.000000e+00 -8.545481e+00
    endloop
  endfacet
  facet normal -1.305262e-01 -2.070188e-17 9.914449e-01
    outer loop
      vertex   4.141105e-01 9.000000e+00 -8.545481e+00
      vertex   -1.456341e-15 2.000000e+00 -8.600000e+00
      vertex   4.141105e-01 2.000000e+00 -8.545481e+00
    endloop
  endfacet
  facet normal -3.826834e-01 -6.069485e-17 9.238795e-01
    outer loop
      vertex   4.141105e-01 9.000000e+00 -8.545481e+00
      vertex   4.141105e-01 2.000000e+00 -8.545481e+00
      vertex   8.000000e-01 9.000000e+00 -8.385641e+00
    endloop
  endfacet
  facet normal -3.826834e-01 -3.641691e-17 9.238795e-01
    outer loop
      vertex   8.000000e-01 9.000000e+00 -8.385641e+00
      vertex   4.141105e-01 2.000000e+00 -8.545481e+00
      vertex   8.000000e-01 2.000000e+00 -8.385641e+00
    endloop
  endfacet
  facet normal -6.087614e-01 -5.793094e-17 7.933533e-01
    outer loop
      vertex   8.000000e-01 9.000000e+00 -8.385641e+00
      vertex   8.000000e-01 2.000000e+00 -8.385641e+00
      vertex   1.131371e+00 9.000000e+00 -8.131371e+00
    endloop
  endfacet
  facet normal -6.087614e-01 1.627049e-16 7.933533e-01
    outer loop
      vertex   1.131371e+00 9.000000e+00 -8.131371e+00
      vertex   8.000000e-01 2.000000e+00 -8.385641e+00
      vertex   1.131371e+00 2.000000e+00 -8.131371e+00
    endloop
  endfacet
  facet normal -7.933533e-01 1.041511e-16 6.087614e-01
    outer loop
      vertex   1.131371e+00 9.000000e+00 -8.131371e+00
      vertex   1.131371e+00 2.000000e+00 -8.131371e+00
      vertex   1.385641e+00 9.000000e+00 -7.800000e+00
    endloop
  endfacet
  facet normal -7.933533e-01 2.690987e-17 6.087614e-01
    outer loop
      vertex   1.385641e+00 9.000000e+00 -7.800000e+00
      vertex   1.131371e+00 2.000000e+00 -8.131371e+00
      vertex   1.385641e+00 2.000000e+00 -7.800000e+00
    endloop
  endfacet
  facet normal -9.238795e-01 -1.005625e-17 3.826834e-01
    outer loop
      vertex   1.385641e+00 9.000000e+00 -7.800000e+00
      vertex   1.385641e+00 2.000000e+00 -7.800000e+00
      vertex   1.545481e+00 9.000000e+00 -7.414111e+00
    endloop
  endfacet
  facet normal -9.238795e-01 -2.930607e-17 3.826834e-01
    outer loop
      vertex   1.545481e+00 9.000000e+00 -7.414111e+00
      vertex   1.385641e+00 2.000000e+00 -7.800000e+00
      vertex   1.545481e+00 2.000000e+00 -7.414111e+00
    endloop
  endfacet
  facet normal -9.914449e-01 -3.144928e-17 1.305262e-01
    outer loop
      vertex   1.545481e+00 9.000000e+00 -7.414111e+00
      vertex   1.545481e+00 2.000000e+00 -7.414111e+00
      vertex   1.600000e+00 9.000000e+00 -7.000000e+00
    endloop
  endfacet
  facet normal -9.914449e-01 0.000000e+00 1.305262e-01
    outer loop
      vertex   1.600000e+00 9.000000e+00 -7.000000e+00
      vertex   1.545481e+00 2.000000e+00 -7.414111e+00
      vertex   1.600000e+00 2.000000e+00 -7.000000e+00
    endloop
  endfacet
  facet normal -9.914449e-01 -0.000000e+00 -1.305262e-01
    outer loop
      vertex   1.600000e+00 9.000000e+00 -7.000000e+00
      vertex   1.600000e+00 2.000000e+00 -7.000000e+00
      vertex   1.545481e+00 9.000000e+00 -6.585890e+00
    endloop
  endfacet
  facet normal -9.914449e-01 3.144928e-17 -1.305262e-01
    outer loop
      vertex   1.545481e+00 9.000000e+00 -6.585890e+00
      vertex   1.600000e+00 2.000000e+00 -7.000000e+00
      vertex   1.545481e+00 2.000000e+00 -6.585890e+00
    endloop
  endfacet
  facet normal -9.238795e-01 2.930607e-17 -3.826834e-01
    outer loop
      vertex   1.545481e+00 9.000000e+00 -6.585890e+00
      vertex   1.545481e+00 2.000000e+00 -6.585890e+00
      vertex   1.385641e+00 9.000000e+00 -6.200000e+00
    endloop
  endfacet
  facet normal -9.238795e-01 1.005625e-17 -3.826834e-01
    outer loop
      vertex   1.385641e+00 9.000000e+00 -6.200000e+00
      vertex   1.545481e+00 2.000000e+00 -6.585890e+00
      vertex   1.385641e+00 2.000000e+00 -6.200000e+00
    endloop
  endfacet
  facet normal -7.933533e-01 -2.690987e-17 -6.087614e-01
    outer loop
      vertex   1.385641e+00 9.000000e+00 -6.200000e+00
      vertex   1.385641e+00 2.000000e+00 -6.200000e+00
      vertex   1.131371e+00 9.000000e+00 -5.868629e+00
    endloop
  endfacet
  facet normal -7.933533e-01 -2.690987e-17 -6.087614e-01
    outer loop
      vertex   1.131371e+00 9.000000e+00 -5.868629e+00
      vertex   1.385641e+00 2.000000e+00 -6.200000e+00
      vertex   1.131371e+00 2.000000e+00 -5.868629e+00
    endloop
  endfacet
  facet normal -6.087614e-01 -6.204213e-17 -7.933533e-01
    outer loop
      vertex   1.131371e+00 9.000000e+00 -5.868629e+00
      vertex   1.131371e+00 2.000000e+00 -5.868629e+00
      vertex   8.000000e-01 9.000000e+00 -5.614359e+00
    endloop
  endfacet
  facet normal -6.087614e-01 5.793094e-17 -7.933533e-01
    outer loop
      vertex   8.000000e-01 9.000000e+00 -5.614359e+00
      vertex   1.131371e+00 2.000000e+00 -5.868629e+00
      vertex   8.000000e-01 2.000000e+00 -5.614359e+00
    endloop
  endfacet
  facet normal -3.826834e-01 3.641691e-17 -9.238795e-01
    outer loop
      vertex   8.000000e-01 9.000000e+00 -5.614359e+00
      vertex   8.000000e-01 2.000000e+00 -5.614359e+00
      vertex   4.141105e-01 9.000000e+00 -5.454519e+00
    endloop
  endfacet
  facet normal -3.826834e-01 6.069485e-17 -9.238795e-01
    outer loop
      vertex   4.141105e-01 9.000000e+00 -5.454519e+00
      vertex   8.000000e-01 2.000000e+00 -5.614359e+00
      vertex   4.141105e-01 2.000000e+00 -5.454519e+00
    endloop
  endfacet
  facet normal -1.305262e-01 2.070188e-17 -9.914449e-01
    outer loop
      vertex   4.141105e-01 9.000000e+00 -5.454519e+00
      vertex   4.141105e-01 2.000000e+00 -5.454519e+00
      vertex   -1.456341e-15 9.000000e+00 -5.400000e+00
    endloop
  endfacet
  facet normal -1.305262e-01 -0.000000e+00 -9.914449e-01
    outer loop
      vertex   -1.456341e-15 9.000000e+00 -5.400000e+00
      vertex   4.141105e-01 2.000000e+00 -5.454519e+00
      vertex   -1.456341e-15 2.000000e+00 -5.400000e+00
    endloop
  endfacet
  facet normal 1.305262e-01 0.000000e+00 -9.914449e-01
    outer loop
      vertex   -1.456341e-15 9.000000e+00 -5.400000e+00
      vertex   -1.456341e-15 2.000000e+00 -5.400000e+00
      vertex   -4.141105e-01 9.000000e+00 -5.454519e+00
    endloop
  endfacet
  facet normal 1.305262e-01 -1.345622e-17 -9.914449e-01
    outer loop
      vertex   -4.141105e-01 9.000000e+00 -5.454519e+00
      vertex   -1.456341e-15 2.000000e+00 -5.400000e+00
      vertex   -4.141105e-01 2.000000e+00 -5.454519e+00
    endloop
  endfacet
  facet normal 3.826834e-01 -3.945165e-17 -9.238795e-01
    outer loop
      vertex   -4.141105e-01 9.000000e+00 -5.454519e+00
      vertex   -4.141105e-01 2.000000e+00 -5.454519e+00
      vertex   -8.000000e-01 9.000000e+00 -5.614359e+00
    endloop
  endfacet
  facet normal 3.826834e-01 1.676842e-16 -9.238795e-01
    outer loop
      vertex   -8.000000e-01 9.000000e+00 -5.614359e+00
      vertex   -4.141105e-01 2.000000e+00 -5.454519e+00
      vertex   -8.000000e-01 2.000000e+00 -5.614359e+00
    endloop
  endfacet
  facet normal 6.087614e-01 9.511880e-17 -7.933533e-01
    outer loop
      vertex   -8.000000e-01 9.000000e+00 -5.614359e+00
      vertex   -8.000000e-01 2.000000e+00 -5.614359e+00
      vertex   -1.131371e+00 9.000000e+00 -5.868629e+00
    endloop
  endfacet
  facet normal 6.087614e-01 0.000000e+00 -7.933533e-01
    outer loop
      vertex   -1.131371e+00 9.000000e+00 -5.868629e+00
      vertex   -8.000000e-01 2.000000e+00 -5.614359e+00
      vertex   -1.131371e+00 2.000000e+00 -5.868629e+00
    endloop
  endfacet
  facet normal 7.933533e-01 0.000000e+00 -6.087614e-01
    outer loop
      vertex   -1.131371e+00 9.000000e+00 -5.868629e+00
      vertex   -1.131371e+00 2.000000e+00 -5.868629e+00
      vertex   -1.385641e+00 9.000000e+00 -6.200000e+00
    endloop
  endfacet
  facet normal 7.933533e-01 5.207556e-17 -6.087614e-01
    outer loop
      vertex   -1.385641e+00 9.000000e+00 -6.200000e+00
      vertex   -1.131371e+00 2.000000e+00 -5.868629e+00
      vertex   -1.385641e+00 2.000000e+00 -6.200000e+00
    endloop
  endfacet
  facet normal 9.238795e-01 1.924981e-17 -3.826834e-01
    outer loop
      vertex   -1.385641e+00 9.000000e+00 -6.200000e+00
      vertex   -1.385641e+00 2.000000e+00 -6.200000e+00
      vertex   -1.545481e+00 9.000000e+00 -6.585890e+00
    endloop
  endfacet
  facet normal 9.238795e-01 4.855588e-17 -3.826834e-01
    outer loop
      vertex   -1.545481e+00 9.000000e+00 -6.585890e+00
      vertex   -1.385641e+00 2.000000e+00 -6.200000e+00
      vertex   -1.545481e+00 2.000000e+00 -6.585890e+00
    endloop
  endfacet
  facet normal 9.914449e-01 0.000000e+00 -1.305262e-01
    outer loop
      vertex   -2.608000e+00 2.000000e+00 7.698812e+00
      vertex   -2.608000e+00 0.000000e+00 7.698812e+00
      vertex   -2.700000e+00 2.000000e+00 7.000000e+00
    endloop
  endfacet
  facet normal 9.914449e-01 0.000000e+00 -1.305262e-01
    outer loop
      vertex   -2.700000e+00 2.000000e+00 7.000000e+00
      vertex   -2.608000e+00 0.000000e+00 7.698812e+00
      vertex   -2.700000e+00 0.000000e+00 7.000000e+00
    endloop
  endfacet
  facet normal 9.914449e-01 0.000000e+00 1.305262e-01
    outer loop
      vertex   -2.700000e+00 2.000000e+00 7.000000e+00
      vertex   -2.700000e+00 0.000000e+00 7.000000e+00
      vertex   -2.608000e+00 2.000000e+00 6.301189e+00
    endloop
  endfacet
  facet normal 9.914449e-01 0.000000e+00 1.305262e-01
    outer loop
      vertex   -2.608000e+00 2.000000e+00 6.301189e+00
      vertex   -2.700000e+00 0.000000e+00 7.000000e+00
      vertex   -2.608000e+00 0.000000e+00 6.301189e+00
    endloop
  endfacet
  facet normal 9.238795e-01 0.000000e+00 3.826834e-01
    outer loop
      vertex   -2.608000e+00 2.000000e+00 6.301189e+00
      vertex   -2.608000e+00 0.000000e+00 6.301189e+00
      vertex   -2.338269e+00 2.000000e+00 5.650000e+00
    endloop
  endfacet
  facet normal 9.238795e-01 0.000000e+00 3.826834e-01
    outer loop
      vertex   -2.338269e+00 2.000000e+00 5.650000e+00
      vertex   -2.608000e+00 0.000000e+00 6.301189e+00
      vertex   -2.338269e+00 0.000000e+00 5.650000e+00
    endloop
  endfacet
  facet normal 7.933533e-01 0.000000e+00 6.087614e-01
    outer loop
      vertex   -2.338269e+00 2.000000e+00 5.650000e+00
      vertex   -2.338269e+00 0.000000e+00 5.650000e+00
      vertex   -1.909188e+00 2.000000e+00 5.090812e+00
    endloop
  endfacet
  facet normal 7.933533e-01 0.000000e+00 6.087614e-01
    outer loop
      vertex   -1.909188e+00 2.000000e+00 5.090812e+00
      vertex   -2.338269e+00 0.000000e+00 5.650000e+00
      vertex   -1.909188e+00 0.000000e+00 5.090812e+00
    endloop
  endfacet
  facet normal 6.087614e-01 0.000000e+00 7.933533e-01
    outer loop
      vertex   -1.909188e+00 2.000000e+00 5.090812e+00
      vertex   -1.909188e+00 0.000000e+00 5.090812e+00
      vertex   -1.350000e+00 2.000000e+00 4.661732e+00
    endloop
  endfacet
  facet normal 6.087614e-01 0.000000e+00 7.933533e-01
    outer loop
      vertex   -1.350000e+00 2.000000e+00 4.661732e+00
      vertex   -1.909188e+00 0.000000e+00 5.090812e+00
      vertex   -1.350000e+00 0.000000e+00 4.661732e+00
    endloop
  endfacet
  facet normal 3.826834e-01 0.000000e+00 9.238795e-01
    outer loop
      vertex   -1.350000e+00 2.000000e+00 4.661732e+00
      vertex   -1.350000e+00 0.000000e+00 4.661732e+00
      vertex   -6.988114e-01 2.000000e+00 4.392000e+00
    endloop
  endfacet
  facet normal 3.826834e-01 0.000000e+00 9.238795e-01
    outer loop
      vertex   -6.988114e-01 2.000000e+00 4.392000e+00
      vertex   -1.350000e+00 0.000000e+00 4.661732e+00
      vertex   -6.988114e-01 0.000000e+00 4.392000e+00
    endloop
  endfacet
  facet normal 1.305262e-01 0.000000e+00 9.914449e-01
    outer loop
      vertex   -6.988114e-01 2.000000e+00 4.392000e+00
      vertex   -6.988114e-01 0.000000e+00 4.392000e+00
      vertex   6.094166e-16 2.000000e+00 4.300000e+00
    endloop
  endfacet
  facet normal 1.305262e-01 0.000000e+00 9.914449e-01
    outer loop
      vertex   6.094166e-16 2.000000e+00 4.300000e+00
      vertex   -6.988114e-01 0.000000e+00 4.392000e+00
      vertex   6.094166e-16 0.000000e+00 4.300000e+00
    endloop
  endfacet
  facet normal -1.305262e-01 0.000000e+00 9.914449e-01
    outer loop
      vertex   6.094166e-16 2.000000e+00 4.300000e+00
      vertex   6.094166e-16 0.000000e+00 4.300000e+00
      vertex   6.988114e-01 2.000000e+00 4.392000e+00
    endloop
  endfacet
  facet normal -1.305262e-01 0.000000e+00 9.914449e-01
    outer loop
      vertex   6.988114e-01 2.000000e+00 4.392000e+00
      vertex   6.094166e-16 0.000000e+00 4.300000e+00
      vertex   6.988114e-01 0.000000e+00 4.392000e+00
    endloop
  endfacet
  facet normal -3.826834e-01 0.000000e+00 9.238795e-01
    outer loop
      vertex   6.988114e-01 2.000000e+00 4.392000e+00
      vertex   6.988114e-01 0.000000e+00 4.392000e+00
      vertex   1.350000e+00 2.000000e+00 4.661732e+00
    endloop
  endfacet
  facet normal -3.826834e-01 0.000000e+00 9.238795e-01
    outer loop
      vertex   1.350000e+00 2.000000e+00 4.661732e+00
      vertex   6.988114e-01 0.000000e+00 4.392000e+00
      vertex   1.350000e+00 0.000000e+00 4.661732e+00
    endloop
  endfacet
  facet normal -6.087614e-01 0.000000e+00 7.933533e-01
    outer loop
      vertex   1.350000e+00 2.000000e+00 4.661732e+00
      vertex   1.350000e+00 0.000000e+00 4.661732e+00
      vertex   1.909188e+00 2.000000e+00 5.090812e+00
    endloop
  endfacet
  facet normal -6.087614e-01 0.000000e+00 7.933533e-01
    outer loop
      vertex   1.909188e+00 2.000000e+00 5.090812e+00
      vertex   1.350000e+00 0.000000e+00 4.661732e+00
      vertex   1.909188e+00 0.000000e+00 5.090812e+00
    endloop
  endfacet
  facet normal -7.933533e-01 0.000000e+00 6.087614e-01
    outer loop
      vertex   1.909188e+00 2.000000e+00 5.090812e+00
      vertex   1.909188e+00 0.000000e+00 5.090812e+00
      vertex   2.338269e+00 2.000000e+00 5.650000e+00
    endloop
  endfacet
  facet normal -7.933533e-01 0.000000e+00 6.087614e-01
    outer loop
      vertex   2.338269e+00 2.000000e+00 5.650000e+00
      vertex   1.909188e+00 0.000000e+00 5.090812e+00
      vertex   2.338269e+00 0.000000e+00 5.650000e+00
    endloop
  endfacet
  facet normal -9.238795e-01 0.000000e+00 3.826834e-01
    outer loop
      vertex   2.338269e+00 2.000000e+00 5.650000e+00
      vertex   2.338269e+00 0.000000e+00 5.650000e+00
      vertex   2.608000e+00 2.000000e+00 6.301189e+00
    endloop
  endfacet
  facet normal -9.238795e-01 0.000000e+00 3.826834e-01
    outer loop
      vertex   2.608000e+00 2.000000e+00 6.301189e+00
      vertex   2.338269e+00 0.000000e+00 5.650000e+00
      vertex   2.608000e+00 0.000000e+00 6.301189e+00
    endloop
  endfacet
  facet normal -9.914449e-01 0.000000e+00 1.305262e-01
    outer loop
      vertex   2.608000e+00 2.000000e+00 6.301189e+00
      vertex   2.608000e+00 0.000000e+00 6.301189e+00
      vertex   2.700000e+00 2.000000e+00 7.000000e+00
    endloop
  endfacet
  facet normal -9.914449e-01 0.000000e+00 1.305262e-01
    outer loop
      vertex   2.700000e+00 2.000000e+00 7.000000e+00
      vertex   2.608000e+00 0.000000e+00 6.301189e+00
      vertex   2.700000e+00 0.000000e+00 7.000000e+00
    endloop
  endfacet
  facet normal -9.914449e-01 -0.000000e+00 -1.305262e-01
    outer loop
      vertex   2.700000e+00 2.000000e+00 7.000000e+00
      vertex   2.700000e+00 0.000000e+00 7.000000e+00
      vertex   2.608000e+00 2.000000e+00 7.698812e+00
    endloop
  endfacet
  facet normal -9.914449e-01 -0.000000e+00 -1.305262e-01
    outer loop
      vertex   2.608000e+00 2.000000e+00 7.698812e+00
      vertex   2.700000e+00 0.000000e+00 7.000000e+00
      vertex   2.608000e+00 0.000000e+00 7.698812e+00
    endloop
  endfacet
  facet normal -9.238795e-01 -0.000000e+00 -3.826834e-01
    outer loop
      vertex   2.608000e+00 2.000000e+00 7.698812e+00
      vertex   2.608000e+00 0.000000e+00 7.698812e+00
      vertex   2.338269e+00 2.000000e+00 8.350000e+00
    endloop
  endfacet
  facet normal -9.238795e-01 -0.000000e+00 -3.826834e-01
    outer loop
      vertex   2.338269e+00 2.000000e+00 8.350000e+00
      vertex   2.608000e+00 0.000000e+00 7.698812e+00
      vertex   2.338269e+00 0.000000e+00 8.350000e+00
    endloop
  endfacet
  facet normal -7.933533e-01 -0.000000e+00 -6.087614e-01
    outer loop
      vertex   2.338269e+00 2.000000e+00 8.350000e+00
      vertex   2.338269e+00 0.000000e+00 8.350000e+00
      vertex   1.909188e+00 2.000000e+00 8.909188e+00
    endloop
  endfacet
  facet normal -7.933533e-01 -0.000000e+00 -6.087614e-01
    outer loop
      vertex   1.909188e+00 2.000000e+00 8.909188e+00
      vertex   2.338269e+00 0.000000e+00 8.350000e+00
      vertex   1.909188e+00 0.000000e+00 8.909188e+00
    endloop
  endfacet
  facet normal -6.087614e-01 -0.000000e+00 -7.933533e-01
    outer loop
      vertex   1.909188e+00 2.000000e+00 8.909188e+00
      vertex   1.909188e+00 0.000000e+00 8.909188e+00
      vertex   1.350000e+00 2.000000e+00 9.338269e+00
    endloop
  endfacet
  facet normal -6.087614e-01 -0.000000e+00 -7.933533e-01
    outer loop
      vertex   1.350000e+00 2.000000e+00 9.338269e+00
      vertex   1.909188e+00 0.000000e+00 8.909188e+00
      vertex   1.350000e+00 0.000000e+00 9.338269e+00
    endloop
  endfacet
  facet normal -3.826834e-01 -0.000000e+00 -9.238795e-01
    outer loop
      vertex   1.350000e+00 2.000000e+00 9.338269e+00
      vertex   1.350000e+00 0.000000e+00 9.338269e+00
      vertex   6.988114e-01 2.000000e+00 9.608000e+00
    endloop
  endfacet
  facet normal -3.826834e-01 -0.000000e+00 -9.238795e-01
    outer loop
      vertex   6.988114e-01 2.000000e+00 9.608000e+00
      vertex   1.350000e+00 0.000000e+00 9.338269e+00
      vertex   6.988114e-01 0.000000e+00 9.608000e+00
    endloop
  endfacet
  facet normal -1.305262e-01 -0.000000e+00 -9.914449e-01
    outer loop
      vertex   6.988114e-01 2.000000e+00 9.608000e+00
      vertex   6.988114e-01 0.000000e+00 9.608000e+00
      vertex   6.094166e-16 2.000000e+00 9.700000e+00
    endloop
  endfacet
  facet normal -1.305262e-01 -0.000000e+00 -9.914449e-01
    outer loop
      vertex   6.094166e-16 2.000000e+00 9.700000e+00
      vertex   6.988114e-01 0.000000e+00 9.608000e+00
      vertex   6.094166e-16 0.000000e+00 9.700000e+00
    endloop
  endfacet
  facet normal 1.305262e-01 0.000000e+00 -9.914449e-01
    outer loop
      vertex   6.094166e-16 2.000000e+00 9.700000e+00
      vertex   6.094166e-16 0.000000e+00 9.700000e+00
      vertex   -6.988114e-01 2.000000e+00 9.608000e+00
    endloop
  endfacet
  facet normal 1.305262e-01 0.000000e+00 -9.914449e-01
    outer loop
      vertex   -6.988114e-01 2.000000e+00 9.608000e+00
      vertex   6.094166e-16 0.000000e+00 9.700000e+00
      vertex   -6.988114e-01 0.000000e+00 9.608000e+00
    endloop
  endfacet
  facet normal 3.826834e-01 0.000000e+00 -9.238795e-01
    outer loop
      vertex   -6.988114e-01 2.000000e+00 9.608000e+00
      vertex   -6.988114e-01 0.000000e+00 9.608000e+00
      vertex   -1.350000e+00 2.000000e+00 9.338269e+00
    endloop
  endfacet
  facet normal 3.826834e-01 0.000000e+00 -9.238795e-01
    outer loop
      vertex   -1.350000e+00 2.000000e+00 9.338269e+00
      vertex   -6.988114e-01 0.000000e+00 9.608000e+00
      vertex   -1.350000e+00 0.000000e+00 9.338269e+00
    endloop
  endfacet
  facet normal 6.087614e-01 0.000000e+00 -7.933533e-01
    outer loop
      vertex   -1.350000e+00 2.000000e+00 9.338269e+00
      vertex   -1.350000e+00 0.000000e+00 9.338269e+00
      vertex   -1.909188e+00 2.000000e+00 8.909188e+00
    endloop
  endfacet
  facet normal 6.087614e-01 0.000000e+00 -7.933533e-01
    outer loop
      vertex   -1.909188e+00 2.000000e+00 8.909188e+00
      vertex   -1.350000e+00 0.000000e+00 9.338269e+00
      vertex   -1.909188e+00 0.000000e+00 8.909188e+00
    endloop
  endfacet
  facet normal 7.933533e-01 0.000000e+00 -6.087614e-01
    outer loop
      vertex   -1.909188e+00 2.000000e+00 8.909188e+00
      vertex   -1.909188e+00 0.000000e+00 8.909188e+00
      vertex   -2.338269e+00 2.000000e+00 8.350000e+00
    endloop
  endfacet
  facet normal 7.933533e-01 0.000000e+00 -6.087614e-01
    outer loop
      vertex   -2.338269e+00 2.000000e+00 8.350000e+00
      vertex   -1.909188e+00 0.000000e+00 8.909188e+00
      vertex   -2.338269e+00 0.000000e+00 8.350000e+00
    endloop
  endfacet
  facet normal 9.238795e-01 0.000000e+00 -3.826834e-01
    outer loop
      vertex   -2.338269e+00 2.000000e+00 8.350000e+00
      vertex   -2.338269e+00 0.000000e+00 8.350000e+00
      vertex   -2.608000e+00 2.000000e+00 7.698812e+00
    endloop
  endfacet
  facet normal 9.238795e-01 0.000000e+00 -3.826834e-01
    outer loop
      vertex   -2.608000e+00 2.000000e+00 7.698812e+00
      vertex   -2.338269e+00 0.000000e+00 8.350000e+00
      vertex   -2.608000e+00 0.000000e+00 7.698812e+00
    endloop
  endfacet
  facet normal 0.000000e+00 -1.000000e+00 0.000000e+00
    outer loop
      vertex   -1.545481e+00 2.000000e+00 6.585890e+00
      vertex   -1.600000e+00 2.000000e+00 7.000000e+00
      vertex   -2.700000e+00 2.000000e+00 7.000000e+00
    endloop
  endfacet
  facet normal 0.000000e+00 -1.000000e+00 0.000000e+00
    outer loop
      vertex   -2.700000e+00 2.000000e+00 7.000000e+00
      vertex   -1.600000e+00 2.000000e+00 7.000000e+00
      vertex   -1.545481e+00 2.000000e+00 7.414111e+00
    endloop
  endfacet
  facet normal 0.000000e+00 -1.000000e+00 0.000000e+00
    outer loop
      vertex   -2.700000e+00 2.000000e+00 7.000000e+00
      vertex   -1.545481e+00 2.000000e+00 7.414111e+00
      vertex   -2.608000e+00 2.000000e+00 7.698812e+00
    endloop
  endfacet
  facet normal 0.000000e+00 -1.000000e+00 0.000000e+00
    outer loop
      vertex   -2.608000e+00 2.000000e+00 7.698812e+00
      vertex   -1.545481e+00 2.000000e+00 7.414111e+00
      vertex   -1.385641e+00 2.000000e+00 7.800000e+00
    endloop
  endfacet
  facet normal 0.000000e+00 -1.000000e+00 0.000000e+00
    outer loop
      vertex   -2.608000e+00 2.000000e+00 7.698812e+00
      vertex   -1.385641e+00 2.000000e+00 7.800000e+00
      vertex   -2.338269e+00 2.000000e+00 8.350000e+00
    endloop
  endfacet
  facet normal 0.000000e+00 -1.000000e+00 0.000000e+00
    outer loop
      vertex   -2.338269e+00 2.000000e+00 8.350000e+00
      vertex   -1.385641e+00 2.000000e+00 7.800000e+00
      vertex   -1.131371e+00 2.000000e+00 8.131371e+00
    endloop
  endfacet
  facet normal 0.000000e+00 -1.000000e+00 0.000000e+00
    outer loop
      vertex   -2.338269e+00 2.000000e+00 8.350000e+00
      vertex   -1.131371e+00 2.000000e+00 8.131371e+00
      vertex   -1.909188e+00 2.000000e+00 8.909188e+00
    endloop
  endfacet
  facet normal 0.000000e+00 -1.000000e+00 0.000000e+00
    outer loop
      vertex   -1.909188e+00 2.000000e+00 8.909188e+00
      vertex   -1.131371e+00 2.000000e+00 8.131371e+00
      vertex   -8.000000e-01 2.000000e+00 8.385641e+00
    endloop
  endfacet
  facet normal 0.000000e+00 -1.000000e+00 0.000000e+00
    outer loop
      vertex   -1.909188e+00 2.000000e+00 8.909188e+00
      vertex   -8.000000e-01 2.000000e+00 8.385641e+00
      vertex   -1.350000e+00 2.000000e+00 9.338269e+00
    endloop
  endfacet
  facet normal 0.000000e+00 -1.000000e+00 0.000000e+00
    outer loop
      vertex   -1.350000e+00 2.000000e+00 9.338269e+00
      vertex   -8.000000e-01 2.000000e+00 8.385641e+00
      vertex   -4.141105e-01 2.000000e+00 8.545481e+00
    endloop
  endfacet
  facet normal 0.000000e+00 -1.000000e+00 0.000000e+00
    outer loop
      vertex   -1.350000e+00 2.000000e+00 9.338269e+00
      vertex   -4.141105e-01 2.000000e+00 8.545481e+00
      vertex   -6.988114e-01 2.000000e+00 9.608000e+00
    endloop
  endfacet
  facet normal 0.000000e+00 -1.000000e+00 0.000000e+00
    outer loop
      vertex   -6.988114e-01 2.000000e+00 9.608000e+00
      vertex   -4.141105e-01 2.000000e+00 8.545481e+00
      vertex   1.652284e-15 2.000000e+00 8.600000e+00
    endloop
  endfacet
  facet normal 0.000000e+00 -1.000000e+00 0.000000e+00
    outer loop
      vertex   -6.988114e-01 2.000000e+00 9.608000e+00
      vertex   1.652284e-15 2.000000e+00 8.600000e+00
      vertex   6.094166e-16 2.000000e+00 9.700000e+00
    endloop
  endfacet
  facet normal 0.000000e+00 -1.000000e+00 0.000000e+00
    outer loop
      vertex   6.094166e-16 2.000000e+00 9.700000e+00
      vertex   1.652284e-15 2.000000e+00 8.600000e+00
      vertex   6.988114e-01 2.000000e+00 9.608000e+00
    endloop
  endfacet
  facet normal 0.000000e+00 -1.000000e+00 0.000000e+00
    outer loop
      vertex   6.988114e-01 2.000000e+00 9.608000e+00
      vertex   1.652284e-15 2.000000e+00 8.600000e+00
      vertex   4.141105e-01 2.000000e+00 8.545481e+00
    endloop
  endfacet
  facet normal 0.000000e+00 -1.000000e+00 -0.000000e+00
    outer loop
      vertex   6.988114e-01 2.000000e+00 9.608000e+00
      vertex   4.141105e-01 2.000000e+00 8.545481e+00
      vertex   1.350000e+00 2.000000e+00 9.338269e+00
    endloop
  endfacet
  facet normal 0.000000e+00 -1.000000e+00 0.000000e+00
    outer loop
      vertex   1.350000e+00 2.000000e+00 9.338269e+00
      vertex   4.141105e-01 2.000000e+00 8.545481e+00
      vertex   8.000000e-01 2.000000e+00 8.385641e+00
    endloop
  endfacet
  facet normal 0.000000e+00 -1.000000e+00 -0.000000e+00
    outer loop
      vertex   1.350000e+00 2.000000e+00 9.338269e+00
      vertex   8.000000e-01 2.000000e+00 8.385641e+00
      vertex   1.909188e+00 2.000000e+00 8.909188e+00
    endloop
  endfacet
  facet normal 0.000000e+00 -1.000000e+00 0.000000e+00
    outer loop
      vertex   1.909188e+00 2.000000e+00 8.909188e+00
      vertex   8.000000e-01 2.000000e+00 8.385641e+00
      vertex   1.131371e+00 2.000000e+00 8.131371e+00
    endloop
  endfacet
  facet normal 0.000000e+00 -1.000000e+00 -0.000000e+00
    outer loop
      vertex   1.909188e+00 2.000000e+00 8.909188e+00
      vertex   1.131371e+00 2.000000e+00 8.131371e+00
      vertex   2.338269e+00 2.000000e+00 8.350000e+00
    endloop
  endfacet
  facet normal 0.000000e+00 -1.000000e+00 0.000000e+00
    outer loop
      vertex   2.338269e+00 2.000000e+00 8.350000e+00
      vertex   1.131371e+00 2.000000e+00 8.131371e+00
      vertex   1.385641e+00 2.000000e+00 7.800000e+00
    endloop
  endfacet
  facet normal 0.000000e+00 -1.000000e+00 -0.000000e+00
    outer loop
      vertex   2.338269e+00 2.000000e+00 8.350000e+00
      vertex   1.385641e+00 2.000000e+00 7.800000e+00
      vertex   2.608000e+00 2.000000e+00 7.698812e+00
    endloop
  endfacet
  facet normal -0.000000e+00 -1.000000e+00 0.000000e+00
    outer loop
      vertex   2.608000e+00 2.000000e+00 7.698812e+00
      vertex   1.385641e+00 2.000000e+00 7.800000e+00
      vertex   1.545481e+00 2.000000e+00 7.414111e+00
    endloop
  endfacet
  facet normal 0.000000e+00 -1.000000e+00 -0.000000e+00
    outer loop
      vertex   2.608000e+00 2.000000e+00 7.698812e+00
      vertex   1.545481e+00 2.000000e+00 7.414111e+00
      vertex   2.700000e+00 2.000000e+00 7.000000e+00
    endloop
  endfacet
  facet normal -0.000000e+00 -1.000000e+00 0.000000e+00
    outer loop
      vertex   2.700000e+00 2.000000e+00 7.000000e+00
      vertex   1.545481e+00 2.000000e+00 7.414111e+00
      vertex   1.600000e+00 2.000000e+00 7.000000e+00
    endloop
  endfacet
  facet normal 0.000000e+00 -1.000000e+00 0.000000e+00
    outer loop
      vertex   2.700000e+00 2.000000e+00 7.000000e+00
      vertex   1.600000e+00 2.000000e+00 7.000000e+00
      vertex   2.608000e+00 2.000000e+00 6.301189e+00
    endloop
  endfacet
  facet normal 0.000000e+00 -1.000000e+00 0.000000e+00
    outer loop
      vertex   2.608000e+00 2.000000e+00 6.301189e+00
      vertex   1.600000e+00 2.000000e+00 7.000000e+00
      vertex   1.545481e+00 2.000000e+00 6.585890e+00
    endloop
  endfacet
  facet normal -0.000000e+00 -1.000000e+00 0.000000e+00
    outer loop
      vertex   2.608000e+00 2.000000e+00 6.301189e+00
      vertex   1.545481e+00 2.000000e+00 6.585890e+00
      vertex   1.385641e+00 2.000000e+00 6.200000e+00
    endloop
  endfacet
  facet normal 0.000000e+00 -1.000000e+00 0.000000e+00
    outer loop
      vertex   2.608000e+00 2.000000e+00 6.301189e+00
      vertex   1.385641e+00 2.000000e+00 6.200000e+00
      vertex   2.338269e+00 2.000000e+00 5.650000e+00
    endloop
  endfacet
  facet normal 0.000000e+00 -1.000000e+00 0.000000e+00
    outer loop
      vertex   2.338269e+00 2.000000e+00 5.650000e+00
      vertex   1.385641e+00 2.000000e+00 6.200000e+00
      vertex   1.131371e+00 2.000000e+00 5.868629e+00
    endloop
  endfacet
  facet normal -0.000000e+00 -1.000000e+00 0.000000e+00
    outer loop
      vertex   2.338269e+00 2.000000e+00 5.650000e+00
      vertex   1.131371e+00 2.000000e+00 5.868629e+00
      vertex   1.909188e+00 2.000000e+00 5.090812e+00
    endloop
  endfacet
  facet normal 0.000000e+00 -1.000000e+00 0.000000e+00
    outer loop
      vertex   1.909188e+00 2.000000e+00 5.090812e+00
      vertex   1.131371e+00 2.000000e+00 5.868629e+00
      vertex   8.000000e-01 2.000000e+00 5.614359e+00
    endloop
  endfacet
  facet normal -0.000000e+00 -1.000000e+00 0.000000e+00
    outer loop
      vertex   1.909188e+00 2.000000e+00 5.090812e+00
      vertex   8.000000e-01 2.000000e+00 5.614359e+00
      vertex   1.350000e+00 2.000000e+00 4.661732e+00
    endloop
  endfacet
  facet normal 0.000000e+00 -1.000000e+00 0.000000e+00
    outer loop
      vertex   1.350000e+00 2.000000e+00 4.661732e+00
      vertex   8.000000e-01 2.000000e+00 5.614359e+00
      vertex   4.141105e-01 2.000000e+00 5.454519e+00
    endloop
  endfacet
  facet normal -0.000000e+00 -1.000000e+00 0.000000e+00
    outer loop
      vertex   1.350000e+00 2.000000e+00 4.661732e+00
      vertex   4.141105e-01 2.000000e+00 5.454519e+00
      vertex   6.988114e-01 2.000000e+00 4.392000e+00
    endloop
  endfacet
  facet normal 0.000000e+00 -1.000000e+00 0.000000e+00
    outer loop
      vertex   6.988114e-01 2.000000e+00 4.392000e+00
      vertex   4.141105e-01 2.000000e+00 5.454519e+00
      vertex   1.652284e-15 2.000000e+00 5.400000e+00
    endloop
  endfacet
  facet normal -0.000000e+00 -1.000000e+00 0.000000e+00
    outer loop
      vertex   6.988114e-01 2.000000e+00 4.392000e+00
      vertex   1.652284e-15 2.000000e+00 5.400000e+00
      vertex   6.094166e-16 2.000000e+00 4.300000e+00
    endloop
  endfacet
  facet normal 0.000000e+00 -1.000000e+00 0.000000e+00
    outer loop
      vertex   6.094166e-16 2.000000e+00 4.300000e+00
      vertex   1.652284e-15 2.000000e+00 5.400000e+00
      vertex   -6.988114e-01 2.000000e+00 4.392000e+00
    endloop
  endfacet
  facet normal 0.000000e+00 -1.000000e+00 0.000000e+00
    outer loop
      vertex   -6.988114e-01 2.000000e+00 4.392000e+00
      vertex   1.652284e-15 2.000000e+00 5.400000e+00
      vertex   -4.141105e-01 2.000000e+00 5.454519e+00
    endloop
  endfacet
  facet normal 0.000000e+00 -1.000000e+00 0.000000e+00
    outer loop
      vertex   -6.988114e-01 2.000000e+00 4.392000e+00
      vertex   -4.141105e-01 2.000000e+00 5.454519e+00
      vertex   -1.350000e+00 2.000000e+00 4.661732e+00
    endloop
  endfacet
  facet normal 0.000000e+00 -1.000000e+00 0.000000e+00
    outer loop
      vertex   -1.350000e+00 2.000000e+00 4.661732e+00
      vertex   -4.141105e-01 2.000000e+00 5.454519e+00
      vertex   -8.000000e-01 2.000000e+00 5.614359e+00
    endloop
  endfacet
  facet normal 0.000000e+00 -1.000000e+00 0.000000e+00
    outer loop
      vertex   -1.350000e+00 2.000000e+00 4.661732e+00
      vertex   -8.000000e-01 2.000000e+00 5.614359e+00
      vertex   -1.909188e+00 2.000000e+00 5.090812e+00
    endloop
  endfacet
  facet normal 0.000000e+00 -1.000000e+00 0.000000e+00
    outer loop
      vertex   -1.909188e+00 2.000000e+00 5.090812e+00
      vertex   -8.000000e-01 2.000000e+00 5.614359e+00
      vertex   -1.131371e+00 2.000000e+00 5.868629e+00
    endloop
  endfacet
  facet normal 0.000000e+00 -1.000000e+00 0.000000e+00
    outer loop
      vertex   -1.909188e+00 2.000000e+00 5.090812e+00
      vertex   -1.131371e+00 2.000000e+00 5.868629e+00
      vertex   -2.338269e+00 2.000000e+00 5.650000e+00
    endloop
  endfacet
  facet normal 0.000000e+00 -1.000000e+00 0.000000e+00
    outer loop
      vertex   -2.338269e+00 2.000000e+00 5.650000e+00
      vertex   -1.131371e+00 2.000000e+00 5.868629e+00
      vertex   -1.385641e+00 2.000000e+00 6.200000e+00
    endloop
  endfacet
  facet normal 0.000000e+00 -1.000000e+00 0.000000e+00
    outer loop
      vertex   -2.338269e+00 2.000000e+00 5.650000e+00
      vertex   -1.385641e+00 2.000000e+00 6.200000e+00
      vertex   -2.608000e+00 2.000000e+00 6.301189e+00
    endloop
  endfacet
  facet normal 0.000000e+00 -1.000000e+00 0.000000e+00
    outer loop
      vertex   -2.608000e+00 2.000000e+00 6.301189e+00
      vertex   -1.385641e+00 2.000000e+00 6.200000e+00
      vertex   -1.545481e+00 2.000000e+00 6.585890e+00
    endloop
  endfacet
  facet normal 0.000000e+00 -1.000000e+00 0.000000e+00
    outer loop
      vertex   -2.608000e+00 2.000000e+00 6.301189e+00
      vertex   -1.545481e+00 2.000000e+00 6.585890e+00
      vertex   -2.700000e+00 2.000000e+00 7.000000e+00
    endloop
  endfacet
  facet normal 9.914449e-01 0.000000e+00 -1.305262e-01
    outer loop
      vertex   4.392000e+00 2.000000e+00 6.988114e-01
      vertex   4.392000e+00 0.000000e+00 6.988114e-01
      vertex   4.300000e+00 2.000000e+00 3.252985e-15
    endloop
  endfacet
  facet normal 9.914449e-01 0.000000e+00 -1.305262e-01
    outer loop
      vertex   4.300000e+00 2.000000e+00 3.252985e-15
      vertex   4.392000e+00 0.000000e+00 6.988114e-01
      vertex   4.300000e+00 0.000000e+00 3.252985e-15
    endloop
  endfacet
  facet normal 9.914449e-01 0.000000e+00 1.305262e-01
    outer loop
      vertex   4.300000e+00 2.000000e+00 3.252985e-15
      vertex   4.300000e+00 0.000000e+00 3.252985e-15
      vertex   4.392000e+00 2.000000e+00 -6.988114e-01
    endloop
  endfacet
  facet normal 9.914449e-01 0.000000e+00 1.305262e-01
    outer loop
      vertex   4.392000e+00 2.000000e+00 -6.988114e-01
      vertex   4.300000e+00 0.000000e+00 3.252985e-15
      vertex   4.392000e+00 0.000000e+00 -6.988114e-01
    endloop
  endfacet
  facet normal 9.238795e-01 0.000000e+00 3.826834e-01
    outer loop
      vertex   4.392000e+00 2.000000e+00 -6.988114e-01
      vertex   4.392000e+00 0.000000e+00 -6.988114e-01
      vertex   4.661732e+00 2.000000e+00 -1.350000e+00
    endloop
  endfacet
  facet normal 9.238795e-01 0.000000e+00 3.826834e-01
    outer loop
      vertex   4.661732e+00 2.000000e+00 -1.350000e+00
      vertex   4.392000e+00 0.000000e+00 -6.988114e-01
      vertex   4.661732e+00 0.000000e+00 -1.350000e+00
    endloop
  endfacet
  facet normal 7.933533e-01 0.000000e+00 6.087614e-01
    outer loop
      vertex   4.661732e+00 2.000000e+00 -1.350000e+00
      vertex   4.661732e+00 0.000000e+00 -1.350000e+00
      vertex   5.090812e+00 2.000000e+00 -1.909188e+00
    endloop
  endfacet
  facet normal 7.933533e-01 0.000000e+00 6.087614e-01
    outer loop
      vertex   5.090812e+00 2.000000e+00 -1.909188e+00
      vertex   4.661732e+00 0.000000e+00 -1.350000e+00
      vertex   5.090812e+00 0.000000e+00 -1.909188e+00
    endloop
  endfacet
  facet normal 6.087614e-01 0.000000e+00 7.933533e-01
    outer loop
      vertex   5.090812e+00 2.000000e+00 -1.909188e+00
      vertex   5.090812e+00 0.000000e+00 -1.909188e+00
      vertex   5.650000e+00 2.000000e+00 -2.338269e+00
    endloop
  endfacet
  facet normal 6.087614e-01 0.000000e+00 7.933533e-01
    outer loop
      vertex   5.650000e+00 2.000000e+00 -2.338269e+00
      vertex   5.090812e+00 0.000000e+00 -1.909188e+00
      vertex   5.650000e+00 0.000000e+00 -2.338269e+00
    endloop
  endfacet
  facet normal 3.826834e-01 0.000000e+00 9.238795e-01
    outer loop
      vertex   5.650000e+00 2.000000e+00 -2.338269e+00
      vertex   5.650000e+00 0.000000e+00 -2.338269e+00
      vertex   6.301189e+00 2.000000e+00 -2.608000e+00
    endloop
  endfacet
  facet normal 3.826834e-01 0.000000e+00 9.238795e-01
    outer loop
      vertex   6.301189e+00 2.000000e+00 -2.608000e+00
      vertex   5.650000e+00 0.000000e+00 -2.338269e+00
      vertex   6.301189e+00 0.000000e+00 -2.608000e+00
    endloop
  endfacet
  facet normal 1.305262e-01 0.000000e+00 9.914449e-01
    outer loop
      vertex   6.301189e+00 2.000000e+00 -2.608000e+00
      vertex   6.301189e+00 0.000000e+00 -2.608000e+00
      vertex   7.000000e+00 2.000000e+00 -2.700000e+00
    endloop
  endfacet
  facet normal 1.305262e-01 0.000000e+00 9.914449e-01
    outer loop
      vertex   7.000000e+00 2.000000e+00 -2.700000e+00
      vertex   6.301189e+00 0.000000e+00 -2.608000e+00
      vertex   7.000000e+00 0.000000e+00 -2.700000e+00
    endloop
  endfacet
  facet normal -1.305262e-01 0.000000e+00 9.914449e-01
    outer loop
      vertex   7.000000e+00 2.000000e+00 -2.700000e+00
      vertex   7.000000e+00 0.000000e+00 -2.700000e+00
      vertex   7.698812e+00 2.000000e+00 -2.608000e+00
    endloop
  endfacet
  facet normal -1.305262e-01 0.000000e+00 9.914449e-01
    outer loop
      vertex   7.698812e+00 2.000000e+00 -2.608000e+00
      vertex   7.000000e+00 0.000000e+00 -2.700000e+00
      vertex   7.698812e+00 0.000000e+00 -2.608000e+00
    endloop
  endfacet
  facet normal -3.826834e-01 0.000000e+00 9.238795e-01
    outer loop
      vertex   7.698812e+00 2.000000e+00 -2.608000e+00
      vertex   7.698812e+00 0.000000e+00 -2.608000e+00
      vertex   8.350000e+00 2.000000e+00 -2.338269e+00
    endloop
  endfacet
  facet normal -3.826834e-01 0.000000e+00 9.238795e-01
    outer loop
      vertex   8.350000e+00 2.000000e+00 -2.338269e+00
      vertex   7.698812e+00 0.000000e+00 -2.608000e+00
      vertex   8.350000e+00 0.000000e+00 -2.338269e+00
    endloop
  endfacet
  facet normal -6.087614e-01 0.000000e+00 7.933533e-01
    outer loop
      vertex   8.350000e+00 2.000000e+00 -2.338269e+00
      vertex   8.350000e+00 0.000000e+00 -2.338269e+00
      vertex   8.909188e+00 2.000000e+00 -1.909188e+00
    endloop
  endfacet
  facet normal -6.087614e-01 0.000000e+00 7.933533e-01
    outer loop
      vertex   8.909188e+00 2.000000e+00 -1.909188e+00
      vertex   8.350000e+00 0.000000e+00 -2.338269e+00
      vertex   8.909188e+00 0.000000e+00 -1.909188e+00
    endloop
  endfacet
  facet normal -7.933533e-01 0.000000e+00 6.087614e-01
    outer loop
      vertex   8.909188e+00 2.000000e+00 -1.909188e+00
      vertex   8.909188e+00 0.000000e+00 -1.909188e+00
      vertex   9.338269e+00 2.000000e+00 -1.350000e+00
    endloop
  endfacet
  facet normal -7.933533e-01 0.000000e+00 6.087614e-01
    outer loop
      vertex   9.338269e+00 2.000000e+00 -1.350000e+00
      vertex   8.909188e+00 0.000000e+00 -1.909188e+00
      vertex   9.338269e+00 0.000000e+00 -1.350000e+00
    endloop
  endfacet
  facet normal -9.238795e-01 0.000000e+00 3.826834e-01
    outer loop
      vertex   9.338269e+00 2.000000e+00 -1.350000e+00
      vertex   9.338269e+00 0.000000e+00 -1.350000e+00
      vertex   9.608000e+00 2.000000e+00 -6.988114e-01
    endloop
  endfacet
  facet normal -9.238795e-01 0.000000e+00 3.826834e-01
    outer loop
      vertex   9.608000e+00 2.000000e+00 -6.988114e-01
      vertex   9.338269e+00 0.000000e+00 -1.350000e+00
      vertex   9.608000e+00 0.000000e+00 -6.988114e-01
    endloop
  endfacet
  facet normal -9.914449e-01 0.000000e+00 1.305262e-01
    outer loop
      vertex   9.608000e+00 2.000000e+00 -6.988114e-01
      vertex   9.608000e+00 0.000000e+00 -6.988114e-01
      vertex   9.700000e+00 2.000000e+00 3.583639e-15
    endloop
  endfacet
  facet normal -9.914449e-01 0.000000e+00 1.305262e-01
    outer loop
      vertex   9.700000e+00 2.000000e+00 3.583639e-15
      vertex   9.608000e+00 0.000000e+00 -6.988114e-01
      vertex   9.700000e+00 0.000000e+00 3.583639e-15
    endloop
  endfacet
  facet normal -9.914449e-01 -0.000000e+00 -1.305262e-01
    outer loop
      vertex   9.700000e+00 2.000000e+00 3.583639e-15
      vertex   9.700000e+00 0.000000e+00 3.583639e-15
      vertex   9.608000e+00 2.000000e+00 6.988114e-01
    endloop
  endfacet
  facet normal -9.914449e-01 -0.000000e+00 -1.305262e-01
    outer loop
      vertex   9.608000e+00 2.000000e+00 6.988114e-01
      vertex   9.700000e+00 0.000000e+00 3.583639e-15
      vertex   9.608000e+00 0.000000e+00 6.988114e-01
    endloop
  endfacet
  facet normal -9.238795e-01 -0.000000e+00 -3.826834e-01
    outer loop
      vertex   9.608000e+00 2.000000e+00 6.988114e-01
      vertex   9.608000e+00 0.000000e+00 6.988114e-01
      vertex   9.338269e+00 2.000000e+00 1.350000e+00
    endloop
  endfacet
  facet normal -9.238795e-01 -0.000000e+00 -3.826834e-01
    outer loop
      vertex   9.338269e+00 2.000000e+00 1.350000e+00
      vertex   9.608000e+00 0.000000e+00 6.988114e-01
      vertex   9.338269e+00 0.000000e+00 1.350000e+00
    endloop
  endfacet
  facet normal -7.933533e-01 -0.000000e+00 -6.087614e-01
    outer loop
      vertex   9.338269e+00 2.000000e+00 1.350000e+00
      vertex   9.338269e+00 0.000000e+00 1.350000e+00
      vertex   8.909188e+00 2.000000e+00 1.909188e+00
    endloop
  endfacet
  facet normal -7.933533e-01 -0.000000e+00 -6.087614e-01
    outer loop
      vertex   8.909188e+00 2.000000e+00 1.909188e+00
      vertex   9.338269e+00 0.000000e+00 1.350000e+00
      vertex   8.909188e+00 0.000000e+00 1.909188e+00
    endloop
  endfacet
  facet normal -6.087614e-01 -0.000000e+00 -7.933533e-01
    outer loop
      vertex   8.909188e+00 2.000000e+00 1.909188e+00
      vertex   8.909188e+00 0.000000e+00 1.909188e+00
      vertex   8.350000e+00 2.000000e+00 2.338269e+00
    endloop
  endfacet
  facet normal -6.087614e-01 -0.000000e+00 -7.933533e-01
    outer loop
      vertex   8.350000e+00 2.000000e+00 2.338269e+00
      vertex   8.909188e+00 0.000000e+00 1.909188e+00
      vertex   8.350000e+00 0.000000e+00 2.338269e+00
    endloop
  endfacet
  facet normal -3.826834e-01 -0.000000e+00 -9.238795e-01
    outer loop
      vertex   8.350000e+00 2.000000e+00 2.338269e+00
      vertex   8.350000e+00 0.000000e+00 2.338269e+00
      vertex   7.698812e+00 2.000000e+00 2.608000e+00
    endloop
  endfacet
  facet normal -3.826834e-01 -0.000000e+00 -9.238795e-01
    outer loop
      vertex   7.698812e+00 2.000000e+00 2.608000e+00
      vertex   8.350000e+00 0.000000e+00 2.338269e+00
      vertex   7.698812e+00 0.000000e+00 2.608000e+00
    endloop
  endfacet
  facet normal -1.305262e-01 -0.000000e+00 -9.914449e-01
    outer loop
      vertex   7.698812e+00 2.000000e+00 2.608000e+00
      vertex   7.698812e+00 0.000000e+00 2.608000e+00
      vertex   7.000000e+00 2.000000e+00 2.700000e+00
    endloop
  endfacet
  facet normal -1.305262e-01 -0.000000e+00 -9.914449e-01
    outer loop
      vertex   7.000000e+00 2.000000e+00 2.700000e+00
      vertex   7.698812e+00 0.000000e+00 2.608000e+00
      vertex   7.000000e+00 0.000000e+00 2.700000e+00
    endloop
  endfacet
  facet normal 1.305262e-01 0.000000e+00 -9.914449e-01
    outer loop
      vertex   7.000000e+00 2.000000e+00 2.700000e+00
      vertex   7.000000e+00 0.000000e+00 2.700000e+00
      vertex   6.301189e+00 2.000000e+00 2.608000e+00
    endloop
  endfacet
  facet normal 1.305262e-01 0.000000e+00 -9.914449e-01
    outer loop
      vertex   6.301189e+00 2.000000e+00 2.608000e+00
      vertex   7.000000e+00 0.000000e+00 2.700000e+00
      vertex   6.301189e+00 0.000000e+00 2.608000e+00
    endloop
  endfacet
  facet normal 3.826834e-01 0.000000e+00 -9.238795e-01
    outer loop
      vertex   6.301189e+00 2.000000e+00 2.608000e+00
      vertex   6.301189e+00 0.000000e+00 2.608000e+00
      vertex   5.650000e+00 2.000000e+00 2.338269e+00
    endloop
  endfacet
  facet normal 3.826834e-01 0.000000e+00 -9.238795e-01
    outer loop
      vertex   5.650000e+00 2.000000e+00 2.338269e+00
      vertex   6.301189e+00 0.000000e+00 2.608000e+00
      vertex   5.650000e+00 0.000000e+00 2.338269e+00
    endloop
  endfacet
  facet normal 6.087614e-01 0.000000e+00 -7.933533e-01
    outer loop
      vertex   5.650000e+00 2.000000e+00 2.338269e+00
      vertex   5.650000e+00 0.000000e+00 2.338269e+00
      vertex   5.090812e+00 2.000000e+00 1.909188e+00
    endloop
  endfacet
  facet normal 6.087614e-01 0.000000e+00 -7.933533e-01
    outer loop
      vertex   5.090812e+00 2.000000e+00 1.909188e+00
      vertex   5.650000e+00 0.000000e+00 2.338269e+00
      vertex   5.090812e+00 0.000000e+00 1.909188e+00
    endloop
  endfacet
  facet normal 7.933533e-01 0.000000e+00 -6.087614e-01
    outer loop
      vertex   5.090812e+00 2.000000e+00 1.909188e+00
      vertex   5.090812e+00 0.000000e+00 1.909188e+00
      vertex   4.661732e+00 2.000000e+00 1.350000e+00
    endloop
  endfacet
  facet normal 7.933533e-01 0.000000e+00 -6.087614e-01
    outer loop
      vertex   4.661732e+00 2.000000e+00 1.350000e+00
      vertex   5.090812e+00 0.000000e+00 1.909188e+00
      vertex   4.661732e+00 0.000000e+00 1.350000e+00
    endloop
  endfacet
  facet normal 9.238795e-01 0.000000e+00 -3.826834e-01
    outer loop
      vertex   4.661732e+00 2.000000e+00 1.350000e+00
      vertex   4.661732e+00 0.000000e+00 1.350000e+00
      vertex   4.392000e+00 2.000000e+00 6.988114e-01
    endloop
  endfacet
  facet normal 9.238795e-01 0.000000e+00 -3.826834e-01
    outer loop
      vertex   4.392000e+00 2.000000e+00 6.988114e-01
      vertex   4.661732e+00 0.000000e+00 1.350000e+00
      vertex   4.392000e+00 0.000000e+00 6.988114e-01
    endloop
  endfacet
  facet normal 0.000000e+00 -1.000000e+00 0.000000e+00
    outer loop
      vertex   5.454519e+00 2.000000e+00 -4.141105e-01
      vertex   5.400000e+00 2.000000e+00 -1.053196e-15
      vertex   4.300000e+00 2.000000e+00 3.252985e-15
    endloop
  endfacet
  facet normal 0.000000e+00 -1.000000e+00 0.000000e+00
    outer loop
      vertex   4.300000e+00 2.000000e+00 3.252985e-15
      vertex   5.400000e+00 2.000000e+00 -1.053196e-15
      vertex   5.454519e+00 2.000000e+00 4.141105e-01
    endloop
  endfacet
  facet normal 0.000000e+00 -1.000000e+00 0.000000e+00
    outer loop
      vertex   4.300000e+00 2.000000e+00 3.252985e-15
      vertex   5.454519e+00 2.000000e+00 4.141105e-01
      vertex   4.392000e+00 2.000000e+00 6.988114e-01
    endloop
  endfacet
  facet normal 0.000000e+00 -1.000000e+00 0.000000e+00
    outer loop
      vertex   4.392000e+00 2.000000e+00 6.988114e-01
      vertex   5.454519e+00 2.000000e+00 4.141105e-01
      vertex   5.614359e+00 2.000000e+00 8.000000e-01
    endloop
  endfacet
  facet normal 0.000000e+00 -1.000000e+00 0.000000e+00
    outer loop
      vertex   4.392000e+00 2.000000e+00 6.988114e-01
      vertex   5.614359e+00 2.000000e+00 8.000000e-01
      vertex   4.661732e+00 2.000000e+00 1.350000e+00
    endloop
  endfacet
  facet normal 0.000000e+00 -1.000000e+00 0.000000e+00
    outer loop
      vertex   4.661732e+00 2.000000e+00 1.350000e+00
      vertex   5.614359e+00 2.000000e+00 8.000000e-01
      vertex   5.868629e+00 2.000000e+00 1.131371e+00
    endloop
  endfacet
  facet normal 0.000000e+00 -1.000000e+00 0.000000e+00
    outer loop
      vertex   4.661732e+00 2.000000e+00 1.350000e+00
      vertex   5.868629e+00 2.000000e+00 1.131371e+00
      vertex   5.090812e+00 2.000000e+00 1.909188e+00
    endloop
  endfacet
  facet normal 0.000000e+00 -1.000000e+00 0.000000e+00
    outer loop
      vertex   5.090812e+00 2.000000e+00 1.909188e+00
      vertex   5.868629e+00 2.000000e+00 1.131371e+00
      vertex   6.200000e+00 2.000000e+00 1.385641e+00
    endloop
  endfacet
  facet normal 0.000000e+00 -1.000000e+00 0.000000e+00
    outer loop
      vertex   5.090812e+00 2.000000e+00 1.909188e+00
      vertex   6.200000e+00 2.000000e+00 1.385641e+00
      vertex   5.650000e+00 2.000000e+00 2.338269e+00
    endloop
  endfacet
  facet normal 0.000000e+00 -1.000000e+00 0.000000e+00
    outer loop
      vertex   5.650000e+00 2.000000e+00 2.338269e+00
      vertex   6.200000e+00 2.000000e+00 1.385641e+00
      vertex   6.585890e+00 2.000000e+00 1.545481e+00
    endloop
  endfacet
  facet normal 0.000000e+00 -1.000000e+00 0.000000e+00
    outer loop
      vertex   5.650000e+00 2.000000e+00 2.338269e+00
      vertex   6.585890e+00 2.000000e+00 1.545481e+00
      vertex   6.301189e+00 2.000000e+00 2.608000e+00
    endloop
  endfacet
  facet normal 0.000000e+00 -1.000000e+00 0.000000e+00
    outer loop
      vertex   6.301189e+00 2.000000e+00 2.608000e+00
      vertex   6.585890e+00 2.000000e+00 1.545481e+00
      vertex   7.000000e+00 2.000000e+00 1.600000e+00
    endloop
  endfacet
  facet normal 0.000000e+00 -1.000000e+00 0.000000e+00
    outer loop
      vertex   6.301189e+00 2.000000e+00 2.608000e+00
      vertex   7.000000e+00 2.000000e+00 1.600000e+00
      vertex   7.000000e+00 2.000000e+00 2.700000e+00
    endloop
  endfacet
  facet normal 0.000000e+00 -1.000000e+00 -0.000000e+00
    outer loop
      vertex   7.000000e+00 2.000000e+00 2.700000e+00
      vertex   7.000000e+00 2.000000e+00 1.600000e+00
      vertex   7.698812e+00 2.000000e+00 2.608000e+00
    endloop
  endfacet
  facet normal 0.000000e+00 -1.000000e+00 0.000000e+00
    outer loop
      vertex   7.698812e+00 2.000000e+00 2.608000e+00
      vertex   7.000000e+00 2.000000e+00 1.600000e+00
      vertex   7.414111e+00 2.000000e+00 1.545481e+00
    endloop
  endfacet
  facet normal 0.000000e+00 -1.000000e+00 -0.000000e+00
    outer loop
      vertex   7.698812e+00 2.000000e+00 2.608000e+00
      vertex   7.414111e+00 2.000000e+00 1.545481e+00
      vertex   8.350000e+00 2.000000e+00 2.338269e+00
    endloop
  endfacet
  facet normal 0.000000e+00 -1.000000e+00 0.000000e+00
    outer loop
      vertex   8.350000e+00 2.000000e+00 2.338269e+00
      vertex   7.414111e+00 2.000000e+00 1.545481e+00
      vertex   7.800000e+00 2.000000e+00 1.385641e+00
    endloop
  endfacet
  facet normal 0.000000e+00 -1.000000e+00 -0.000000e+00
    outer loop
      vertex   8.350000e+00 2.000000e+00 2.338269e+00
      vertex   7.800000e+00 2.000000e+00 1.385641e+00
      vertex   8.909188e+00 2.000000e+00 1.909188e+00
    endloop
  endfacet
  facet normal 0.000000e+00 -1.000000e+00 0.000000e+00
    outer loop
      vertex   8.909188e+00 2.000000e+00 1.909188e+00
      vertex   7.800000e+00 2.000000e+00 1.385641e+00
      vertex   8.131371e+00 2.000000e+00 1.131371e+00
    endloop
  endfacet
  facet normal 0.000000e+00 -1.000000e+00 -0.000000e+00
    outer loop
      vertex   8.909188e+00 2.000000e+00 1.909188e+00
      vertex   8.131371e+00 2.000000e+00 1.131371e+00
      vertex   9.338269e+00 2.000000e+00 1.350000e+00
    endloop
  endfacet
  facet normal 0.000000e+00 -1.000000e+00 0.000000e+00
    outer loop
      vertex   9.338269e+00 2.000000e+00 1.350000e+00
      vertex   8.131371e+00 2.000000e+00 1.131371e+00
      vertex   8.385641e+00 2.000000e+00 8.000000e-01
    endloop
  endfacet
  facet normal 0.000000e+00 -1.000000e+00 -0.000000e+00
    outer loop
      vertex   9.338269e+00 2.000000e+00 1.350000e+00
      vertex   8.385641e+00 2.000000e+00 8.000000e-01
      vertex   9.608000e+00 2.000000e+00 6.988114e-01
    endloop
  endfacet
  facet normal -0.000000e+00 -1.000000e+00 0.000000e+00
    outer loop
      vertex   9.608000e+00 2.000000e+00 6.988114e-01
      vertex   8.385641e+00 2.000000e+00 8.000000e-01
      vertex   8.545481e+00 2.000000e+00 4.141105e-01
    endloop
  endfacet
  facet normal 0.000000e+00 -1.000000e+00 -0.000000e+00
    outer loop
      vertex   9.608000e+00 2.000000e+00 6.988114e-01
      vertex   8.545481e+00 2.000000e+00 4.141105e-01
      vertex   9.700000e+00 2.000000e+00 3.583639e-15
    endloop
  endfacet
  facet normal -0.000000e+00 -1.000000e+00 0.000000e+00
    outer loop
      vertex   9.700000e+00 2.000000e+00 3.583639e-15
      vertex   8.545481e+00 2.000000e+00 4.141105e-01
      vertex   8.600000e+00 2.000000e+00 -8.572528e-16
    endloop
  endfacet
  facet normal 0.000000e+00 -1.000000e+00 0.000000e+00
    outer loop
      vertex   9.700000e+00 2.000000e+00 3.583639e-15
      vertex   8.600000e+00 2.000000e+00 -8.572528e-16
      vertex   9.608000e+00 2.000000e+00 -6.988114e-01
    endloop
  endfacet
  facet normal 0.000000e+00 -1.000000e+00 0.000000e+00
    outer loop
      vertex   9.608000e+00 2.000000e+00 -6.988114e-01
      vertex   8.600000e+00 2.000000e+00 -8.572528e-16
      vertex   8.545481e+00 2.000000e+00 -4.141105e-01
    endloop
  endfacet
  facet normal -0.000000e+00 -1.000000e+00 0.000000e+00
    outer loop
      vertex   9.608000e+00 2.000000e+00 -6.988114e-01
      vertex   8.545481e+00 2.000000e+00 -4.141105e-01
      vertex   8.385641e+00 2.000000e+00 -8.000000e-01
    endloop
  endfacet
  facet normal 0.000000e+00 -1.000000e+00 0.000000e+00
    outer loop
      vertex   9.608000e+00 2.000000e+00 -6.988114e-01
      vertex   8.385641e+00 2.000000e+00 -8.000000e-01
      vertex   9.338269e+00 2.000000e+00 -1.350000e+00
    endloop
  endfacet
  facet normal 0.000000e+00 -1.000000e+00 0.000000e+00
    outer loop
      vertex   9.338269e+00 2.000000e+00 -1.350000e+00
      vertex   8.385641e+00 2.000000e+00 -8.000000e-01
      vertex   8.131371e+00 2.000000e+00 -1.131371e+00
    endloop
  endfacet
  facet normal -0.000000e+00 -1.000000e+00 0.000000e+00
    outer loop
      vertex   9.338269e+00 2.000000e+00 -1.350000e+00
      vertex   8.131371e+00 2.000000e+00 -1.131371e+00
      vertex   8.909188e+00 2.000000e+00 -1.909188e+00
    endloop
  endfacet
  facet normal 0.000000e+00 -1.000000e+00 0.000000e+00
    outer loop
      vertex   8.909188e+00 2.000000e+00 -1.909188e+00
      vertex   8.131371e+00 2.000000e+00 -1.131371e+00
      vertex   7.800000e+00 2.000000e+00 -1.385641e+00
    endloop
  endfacet
  facet normal -0.000000e+00 -1.000000e+00 0.000000e+00
    outer loop
      vertex   8.909188e+00 2.000000e+00 -1.909188e+00
      vertex   7.800000e+00 2.000000e+00 -1.385641e+00
      vertex   8.350000e+00 2.000000e+00 -2.338269e+00
    endloop
  endfacet
  facet normal 0.000000e+00 -1.000000e+00 0.000000e+00
    outer loop
      vertex   8.350000e+00 2.000000e+00 -2.338269e+00
      vertex   7.800000e+00 2.000000e+00 -1.385641e+00
      vertex   7.414111e+00 2.000000e+00 -1.545481e+00
    endloop
  endfacet
  facet normal -0.000000e+00 -1.000000e+00 0.000000e+00
    outer loop
      vertex   8.350000e+00 2.000000e+00 -2.338269e+00
      vertex   7.414111e+00 2.000000e+00 -1.545481e+00
      vertex   7.698812e+00 2.000000e+00 -2.608000e+00
    endloop
  endfacet
  facet normal 0.000000e+00 -1.000000e+00 0.000000e+00
    outer loop
      vertex   7.698812e+00 2.000000e+00 -2.608000e+00
      vertex   7.414111e+00 2.000000e+00 -1.545481e+00
      vertex   7.000000e+00 2.000000e+00 -1.600000e+00
    endloop
  endfacet
  facet normal -0.000000e+00 -1.000000e+00 0.000000e+00
    outer loop
      vertex   7.698812e+00 2.000000e+00 -2.608000e+00
      vertex   7.000000e+00 2.000000e+00 -1.600000e+00
      vertex   7.000000e+00 2.000000e+00 -2.700000e+00
    endloop
  endfacet
  facet normal 0.000000e+00 -1.000000e+00 0.000000e+00
    outer loop
      vertex   7.000000e+00 2.000000e+00 -2.700000e+00
      vertex   7.000000e+00 2.000000e+00 -1.600000e+00
      vertex   6.301189e+00 2.000000e+00 -2.608000e+00
    endloop
  endfacet
  facet normal 0.000000e+00 -1.000000e+00 0.000000e+00
    outer loop
      vertex   6.301189e+00 2.000000e+00 -2.608000e+00
      vertex   7.000000e+00 2.000000e+00 -1.600000e+00
      vertex   6.585890e+00 2.000000e+00 -1.545481e+00
    endloop
  endfacet
  facet normal 0.000000e+00 -1.000000e+00 0.000000e+00
    outer loop
      vertex   6.301189e+00 2.000000e+00 -2.608000e+00
      vertex   6.585890e+00 2.000000e+00 -1.545481e+00
      vertex   5.650000e+00 2.000000e+00 -2.338269e+00
    endloop
  endfacet
  facet normal 0.000000e+00 -1.000000e+00 0.000000e+00
    outer loop
      vertex   5.650000e+00 2.000000e+00 -2.338269e+00
      vertex   6.585890e+00 2.000000e+00 -1.545481e+00
      vertex   6.200000e+00 2.000000e+00 -1.385641e+00
    endloop
  endfacet
  facet normal 0.000000e+00 -1.000000e+00 0.000000e+00
    outer loop
      vertex   5.650000e+00 2.000000e+00 -2.338269e+00
      vertex   6.200000e+00 2.000000e+00 -1.385641e+00
      vertex   5.090812e+00 2.000000e+00 -1.909188e+00
    endloop
  endfacet
  facet normal 0.000000e+00 -1.000000e+00 0.000000e+00
    outer loop
      vertex   5.090812e+00 2.000000e+00 -1.909188e+00
      vertex   6.200000e+00 2.000000e+00 -1.385641e+00
      vertex   5.868629e+00 2.000000e+00 -1.131371e+00
    endloop
  endfacet
  facet normal 0.000000e+00 -1.000000e+00 0.000000e+00
    outer loop
      vertex   5.090812e+00 2.000000e+00 -1.909188e+00
      vertex   5.868629e+00 2.000000e+00 -1.131371e+00
      vertex   4.661732e+00 2.000000e+00 -1.350000e+00
    endloop
  endfacet
  facet normal 0.000000e+00 -1.000000e+00 0.000000e+00
    outer loop
      vertex   4.661732e+00 2.000000e+00 -1.350000e+00
      vertex   5.868629e+00 2.000000e+00 -1.131371e+00
      vertex   5.614359e+00 2.000000e+00 -8.000000e-01
    endloop
  endfacet
  facet normal 0.000000e+00 -1.000000e+00 0.000000e+00
    outer loop
      vertex   4.661732e+00 2.000000e+00 -1.350000e+00
      vertex   5.614359e+00 2.000000e+00 -8.000000e-01
      vertex   4.392000e+00 2.000000e+00 -6.988114e-01
    endloop
  endfacet
  facet normal 0.000000e+00 -1.000000e+00 0.000000e+00
    outer loop
      vertex   4.392000e+00 2.000000e+00 -6.988114e-01
      vertex   5.614359e+00 2.000000e+00 -8.000000e-01
      vertex   5.454519e+00 2.000000e+00 -4.141105e-01
    endloop
  endfacet
  facet normal 0.000000e+00 -1.000000e+00 0.000000e+00
    outer loop
      vertex   4.392000e+00 2.000000e+00 -6.988114e-01
      vertex   5.454519e+00 2.000000e+00 -4.141105e-01
      vertex   4.300000e+00 2.000000e+00 3.252985e-15
    endloop
  endfacet
  facet normal 9.914449e-01 0.000000e+00 -1.305262e-01
    outer loop
      vertex   -9.608000e+00 2.000000e+00 6.988114e-01
      vertex   -9.608000e+00 0.000000e+00 6.988114e-01
      vertex   -9.700000e+00 2.000000e+00 -3.306546e-16
    endloop
  endfacet
  facet normal 9.914449e-01 0.000000e+00 -1.305262e-01
    outer loop
      vertex   -9.700000e+00 2.000000e+00 -3.306546e-16
      vertex   -9.608000e+00 0.000000e+00 6.988114e-01
      vertex   -9.700000e+00 0.000000e+00 -3.306546e-16
    endloop
  endfacet
  facet normal 9.914449e-01 0.000000e+00 1.305262e-01
    outer loop
      vertex   -9.700000e+00 2.000000e+00 -3.306546e-16
      vertex   -9.700000e+00 0.000000e+00 -3.306546e-16
      vertex   -9.608000e+00 2.000000e+00 -6.988114e-01
    endloop
  endfacet
  facet normal 9.914449e-01 0.000000e+00 1.305262e-01
    outer loop
      vertex   -9.608000e+00 2.000000e+00 -6.988114e-01
      vertex   -9.700000e+00 0.000000e+00 -3.306546e-16
      vertex   -9.608000e+00 0.000000e+00 -6.988114e-01
    endloop
  endfacet
  facet normal 9.238795e-01 0.000000e+00 3.826834e-01
    outer loop
      vertex   -9.608000e+00 2.000000e+00 -6.988114e-01
      vertex   -9.608000e+00 0.000000e+00 -6.988114e-01
      vertex   -9.338269e+00 2.000000e+00 -1.350000e+00
    endloop
  endfacet
  facet normal 9.238795e-01 0.000000e+00 3.826834e-01
    outer loop
      vertex   -9.338269e+00 2.000000e+00 -1.350000e+00
      vertex   -9.608000e+00 0.000000e+00 -6.988114e-01
      vertex   -9.338269e+00 0.000000e+00 -1.350000e+00
    endloop
  endfacet
  facet normal 7.933533e-01 0.000000e+00 6.087614e-01
    outer loop
      vertex   -9.338269e+00 2.000000e+00 -1.350000e+00
      vertex   -9.338269e+00 0.000000e+00 -1.350000e+00
      vertex   -8.909188e+00 2.000000e+00 -1.909188e+00
    endloop
  endfacet
  facet normal 7.933533e-01 0.000000e+00 6.087614e-01
    outer loop
      vertex   -8.909188e+00 2.000000e+00 -1.909188e+00
      vertex   -9.338269e+00 0.000000e+00 -1.350000e+00
      vertex   -8.909188e+00 0.000000e+00 -1.909188e+00
    endloop
  endfacet
  facet normal 6.087614e-01 0.000000e+00 7.933533e-01
    outer loop
      vertex   -8.909188e+00 2.000000e+00 -1.909188e+00
      vertex   -8.909188e+00 0.000000e+00 -1.909188e+00
      vertex   -8.350000e+00 2.000000e+00 -2.338269e+00
    endloop
  endfacet
  facet normal 6.087614e-01 0.000000e+00 7.933533e-01
    outer loop
      vertex   -8.350000e+00 2.000000e+00 -2.338269e+00
      vertex   -8.909188e+00 0.000000e+00 -1.909188e+00
      vertex   -8.350000e+00 0.000000e+00 -2.338269e+00
    endloop
  endfacet
  facet normal 3.826834e-01 0.000000e+00 9.238795e-01
    outer loop
      vertex   -8.350000e+00 2.000000e+00 -2.338269e+00
      vertex   -8.350000e+00 0.000000e+00 -2.338269e+00
      vertex   -7.698812e+00 2.000000e+00 -2.608000e+00
    endloop
  endfacet
  facet normal 3.826834e-01 0.000000e+00 9.238795e-01
    outer loop
      vertex   -7.698812e+00 2.000000e+00 -2.608000e+00
      vertex   -8.350000e+00 0.000000e+00 -2.338269e+00
      vertex   -7.698812e+00 0.000000e+00 -2.608000e+00
    endloop
  endfacet
  facet normal 1.305262e-01 0.000000e+00 9.914449e-01
    outer loop
      vertex   -7.698812e+00 2.000000e+00 -2.608000e+00
      vertex   -7.698812e+00 0.000000e+00 -2.608000e+00
      vertex   -7.000000e+00 2.000000e+00 -2.700000e+00
    endloop
  endfacet
  facet normal 1.305262e-01 0.000000e+00 9.914449e-01
    outer loop
      vertex   -7.000000e+00 2.000000e+00 -2.700000e+00
      vertex   -7.698812e+00 0.000000e+00 -2.608000e+00
      vertex   -7.000000e+00 0.000000e+00 -2.700000e+00
    endloop
  endfacet
  facet normal -1.305262e-01 0.000000e+00 9.914449e-01
    outer loop
      vertex   -7.000000e+00 2.000000e+00 -2.700000e+00
      vertex   -7.000000e+00 0.000000e+00 -2.700000e+00
      vertex   -6.301189e+00 2.000000e+00 -2.608000e+00
    endloop
  endfacet
  facet normal -1.305262e-01 0.000000e+00 9.914449e-01
    outer loop
      vertex   -6.301189e+00 2.000000e+00 -2.608000e+00
      vertex   -7.000000e+00 0.000000e+00 -2.700000e+00
      vertex   -6.301189e+00 0.000000e+00 -2.608000e+00
    endloop
  endfacet
  facet normal -3.826834e-01 0.000000e+00 9.238795e-01
    outer loop
      vertex   -6.301189e+00 2.000000e+00 -2.608000e+00
      vertex   -6.301189e+00 0.000000e+00 -2.608000e+00
      vertex   -5.650000e+00 2.000000e+00 -2.338269e+00
    endloop
  endfacet
  facet normal -3.826834e-01 0.000000e+00 9.238795e-01
    outer loop
      vertex   -5.650000e+00 2.000000e+00 -2.338269e+00
      vertex   -6.301189e+00 0.000000e+00 -2.608000e+00
      vertex   -5.650000e+00 0.000000e+00 -2.338269e+00
    endloop
  endfacet
  facet normal -6.087614e-01 0.000000e+00 7.933533e-01
    outer loop
      vertex   -5.650000e+00 2.000000e+00 -2.338269e+00
      vertex   -5.650000e+00 0.000000e+00 -2.338269e+00
      vertex   -5.090812e+00 2.000000e+00 -1.909188e+00
    endloop
  endfacet
  facet normal -6.087614e-01 0.000000e+00 7.933533e-01
    outer loop
      vertex   -5.090812e+00 2.000000e+00 -1.909188e+00
      vertex   -5.650000e+00 0.000000e+00 -2.338269e+00
      vertex   -5.090812e+00 0.000000e+00 -1.909188e+00
    endloop
  endfacet
  facet normal -7.933533e-01 0.000000e+00 6.087614e-01
    outer loop
      vertex   -5.090812e+00 2.000000e+00 -1.909188e+00
      vertex   -5.090812e+00 0.000000e+00 -1.909188e+00
      vertex   -4.661732e+00 2.000000e+00 -1.350000e+00
    endloop
  endfacet
  facet normal -7.933533e-01 0.000000e+00 6.087614e-01
    outer loop
      vertex   -4.661732e+00 2.000000e+00 -1.350000e+00
      vertex   -5.090812e+00 0.000000e+00 -1.909188e+00
      vertex   -4.661732e+00 0.000000e+00 -1.350000e+00
    endloop
  endfacet
  facet normal -9.238795e-01 0.000000e+00 3.826834e-01
    outer loop
      vertex   -4.661732e+00 2.000000e+00 -1.350000e+00
      vertex   -4.661732e+00 0.000000e+00 -1.350000e+00
      vertex   -4.392000e+00 2.000000e+00 -6.988114e-01
    endloop
  endfacet
  facet normal -9.238795e-01 0.000000e+00 3.826834e-01
    outer loop
      vertex   -4.392000e+00 2.000000e+00 -6.988114e-01
      vertex   -4.661732e+00 0.000000e+00 -1.350000e+00
      vertex   -4.392000e+00 0.000000e+00 -6.988114e-01
    endloop
  endfacet
  facet normal -9.914449e-01 0.000000e+00 1.305262e-01
    outer loop
      vertex   -4.392000e+00 2.000000e+00 -6.988114e-01
      vertex   -4.392000e+00 0.000000e+00 -6.988114e-01
      vertex   -4.300000e+00 2.000000e+00 0.000000e+00
    endloop
  endfacet
  facet normal -9.914449e-01 0.000000e+00 1.305262e-01
    outer loop
      vertex   -4.300000e+00 2.000000e+00 0.000000e+00
      vertex   -4.392000e+00 0.000000e+00 -6.988114e-01
      vertex   -4.300000e+00 0.000000e+00 0.000000e+00
    endloop
  endfacet
  facet normal -9.914449e-01 -0.000000e+00 -1.305262e-01
    outer loop
      vertex   -4.300000e+00 2.000000e+00 0.000000e+00
      vertex   -4.300000e+00 0.000000e+00 0.000000e+00
      vertex   -4.392000e+00 2.000000e+00 6.988114e-01
    endloop
  endfacet
  facet normal -9.914449e-01 -0.000000e+00 -1.305262e-01
    outer loop
      vertex   -4.392000e+00 2.000000e+00 6.988114e-01
      vertex   -4.300000e+00 0.000000e+00 0.000000e+00
      vertex   -4.392000e+00 0.000000e+00 6.988114e-01
    endloop
  endfacet
  facet normal -9.238795e-01 -0.000000e+00 -3.826834e-01
    outer loop
      vertex   -4.392000e+00 2.000000e+00 6.988114e-01
      vertex   -4.392000e+00 0.000000e+00 6.988114e-01
      vertex   -4.661732e+00 2.000000e+00 1.350000e+00
    endloop
  endfacet
  facet normal -9.238795e-01 -0.000000e+00 -3.826834e-01
    outer loop
      vertex   -4.661732e+00 2.000000e+00 1.350000e+00
      vertex   -4.392000e+00 0.000000e+00 6.988114e-01
      vertex   -4.661732e+00 0.000000e+00 1.350000e+00
    endloop
  endfacet
  facet normal -7.933533e-01 -0.000000e+00 -6.087614e-01
    outer loop
      vertex   -4.661732e+00 2.000000e+00 1.350000e+00
      vertex   -4.661732e+00 0.000000e+00 1.350000e+00
      vertex   -5.090812e+00 2.000000e+00 1.909188e+00
    endloop
  endfacet
  facet normal -7.933533e-01 -0.000000e+00 -6.087614e-01
    outer loop
      vertex   -5.090812e+00 2.000000e+00 1.909188e+00
      vertex   -4.661732e+00 0.000000e+00 1.350000e+00
      vertex   -5.090812e+00 0.000000e+00 1.909188e+00
    endloop
  endfacet
  facet normal -6.087614e-01 -0.000000e+00 -7.933533e-01
    outer loop
      vertex   -5.090812e+00 2.000000e+00 1.909188e+00
      vertex   -5.090812e+00 0.000000e+00 1.909188e+00
      vertex   -5.650000e+00 2.000000e+00 2.338269e+00
    endloop
  endfacet
  facet normal -6.087614e-01 -0.000000e+00 -7.933533e-01
    outer loop
      vertex   -5.650000e+00 2.000000e+00 2.338269e+00
      vertex   -5.090812e+00 0.000000e+00 1.909188e+00
      vertex   -5.650000e+00 0.000000e+00 2.338269e+00
    endloop
  endfacet
  facet normal -3.826834e-01 -0.000000e+00 -9.238795e-01
    outer loop
      vertex   -5.650000e+00 2.000000e+00 2.338269e+00
      vertex   -5.650000e+00 0.000000e+00 2.338269e+00
      vertex   -6.301189e+00 2.000000e+00 2.608000e+00
    endloop
  endfacet
  facet normal -3.826834e-01 -0.000000e+00 -9.238795e-01
    outer loop
      vertex   -6.301189e+00 2.000000e+00 2.608000e+00
      vertex   -5.650000e+00 0.000000e+00 2.338269e+00
      vertex   -6.301189e+00 0.000000e+00 2.608000e+00
    endloop
  endfacet
  facet normal -1.305262e-01 -0.000000e+00 -9.914449e-01
    outer loop
      vertex   -6.301189e+00 2.000000e+00 2.608000e+00
      vertex   -6.301189e+00 0.000000e+00 2.608000e+00
      vertex   -7.000000e+00 2.000000e+00 2.700000e+00
    endloop
  endfacet
  facet normal -1.305262e-01 -0.000000e+00 -9.914449e-01
    outer loop
      vertex   -7.000000e+00 2.000000e+00 2.700000e+00
      vertex   -6.301189e+00 0.000000e+00 2.608000e+00
      vertex   -7.000000e+00 0.000000e+00 2.700000e+00
    endloop
  endfacet
  facet normal 1.305262e-01 0.000000e+00 -9.914449e-01
    outer loop
      vertex   -7.000000e+00 2.000000e+00 2.700000e+00
      vertex   -7.000000e+00 0.000000e+00 2.700000e+00
      vertex   -7.698812e+00 2.000000e+00 2.608000e+00
    endloop
  endfacet
  facet normal 1.305262e-01 0.000000e+00 -9.914449e-01
    outer loop
      vertex   -7.698812e+00 2.000000e+00 2.608000e+00
      vertex   -7.000000e+00 0.000000e+00 2.700000e+00
      vertex   -7.698812e+00 0.000000e+00 2.608000e+00
    endloop
  endfacet
  facet normal 3.826834e-01 0.000000e+00 -9.238795e-01
    outer loop
      vertex   -7.698812e+00 2.000000e+00 2.608000e+00
      vertex   -7.698812e+00 0.000000e+00 2.608000e+00
      vertex   -8.350000e+00 2.000000e+00 2.338269e+00
    endloop
  endfacet
  facet normal 3.826834e-01 0.000000e+00 -9.238795e-01
    outer loop
      vertex   -8.350000e+00 2.000000e+00 2.338269e+00
      vertex   -7.698812e+00 0.000000e+00 2.608000e+00
      vertex   -8.350000e+00 0.000000e+00 2.338269e+00
    endloop
  endfacet
  facet normal 6.087614e-01 0.000000e+00 -7.933533e-01
    outer loop
      vertex   -8.350000e+00 2.000000e+00 2.338269e+00
      vertex   -8.350000e+00 0.000000e+00 2.338269e+00
      vertex   -8.909188e+00 2.000000e+00 1.909188e+00
    endloop
  endfacet
  facet normal 6.087614e-01 0.000000e+00 -7.933533e-01
    outer loop
      vertex   -8.909188e+00 2.000000e+00 1.909188e+00
      vertex   -8.350000e+00 0.000000e+00 2.338269e+00
      vertex   -8.909188e+00 0.000000e+00 1.909188e+00
    endloop
  endfacet
  facet normal 7.933533e-01 0.000000e+00 -6.087614e-01
    outer loop
      vertex   -8.909188e+00 2.000000e+00 1.909188e+00
      vertex   -8.909188e+00 0.000000e+00 1.909188e+00
      vertex   -9.338269e+00 2.000000e+00 1.350000e+00
    endloop
  endfacet
  facet normal 7.933533e-01 0.000000e+00 -6.087614e-01
    outer loop
      vertex   -9.338269e+00 2.000000e+00 1.350000e+00
      vertex   -8.909188e+00 0.000000e+00 1.909188e+00
      vertex   -9.338269e+00 0.000000e+00 1.350000e+00
    endloop
  endfacet
  facet normal 9.238795e-01 0.000000e+00 -3.826834e-01
    outer loop
      vertex   -9.338269e+00 2.000000e+00 1.350000e+00
      vertex   -9.338269e+00 0.000000e+00 1.350000e+00
      vertex   -9.608000e+00 2.000000e+00 6.988114e-01
    endloop
  endfacet
  facet normal 9.238795e-01 0.000000e+00 -3.826834e-01
    outer loop
      vertex   -9.608000e+00 2.000000e+00 6.988114e-01
      vertex   -9.338269e+00 0.000000e+00 1.350000e+00
      vertex   -9.608000e+00 0.000000e+00 6.988114e-01
    endloop
  endfacet
  facet normal 0.000000e+00 -1.000000e+00 0.000000e+00
    outer loop
      vertex   -8.545481e+00 2.000000e+00 -4.141105e-01
      vertex   -8.600000e+00 2.000000e+00 -1.959435e-16
      vertex   -9.700000e+00 2.000000e+00 -3.306546e-16
    endloop
  endfacet
  facet normal 0.000000e+00 -1.000000e+00 0.000000e+00
    outer loop
      vertex   -9.700000e+00 2.000000e+00 -3.306546e-16
      vertex   -8.600000e+00 2.000000e+00 -1.959435e-16
      vertex   -8.545481e+00 2.000000e+00 4.141105e-01
    endloop
  endfacet
  facet normal 0.000000e+00 -1.000000e+00 0.000000e+00
    outer loop
      vertex   -9.700000e+00 2.000000e+00 -3.306546e-16
      vertex   -8.545481e+00 2.000000e+00 4.141105e-01
      vertex   -9.608000e+00 2.000000e+00 6.988114e-01
    endloop
  endfacet
  facet normal 0.000000e+00 -1.000000e+00 0.000000e+00
    outer loop
      vertex   -9.608000e+00 2.000000e+00 6.988114e-01
      vertex   -8.545481e+00 2.000000e+00 4.141105e-01
      vertex   -8.385641e+00 2.000000e+00 8.000000e-01
    endloop
  endfacet
  facet normal 0.000000e+00 -1.000000e+00 0.000000e+00
    outer loop
      vertex   -9.608000e+00 2.000000e+00 6.988114e-01
      vertex   -8.385641e+00 2.000000e+00 8.000000e-01
      vertex   -9.338269e+00 2.000000e+00 1.350000e+00
    endloop
  endfacet
  facet normal 0.000000e+00 -1.000000e+00 0.000000e+00
    outer loop
      vertex   -9.338269e+00 2.000000e+00 1.350000e+00
      vertex   -8.385641e+00 2.000000e+00 8.000000e-01
      vertex   -8.131371e+00 2.000000e+00 1.131371e+00
    endloop
  endfacet
  facet normal 0.000000e+00 -1.000000e+00 0.000000e+00
    outer loop
      vertex   -9.338269e+00 2.000000e+00 1.350000e+00
      vertex   -8.131371e+00 2.000000e+00 1.131371e+00
      vertex   -8.909188e+00 2.000000e+00 1.909188e+00
    endloop
  endfacet
  facet normal 0.000000e+00 -1.000000e+00 0.000000e+00
    outer loop
      vertex   -8.909188e+00 2.000000e+00 1.909188e+00
      vertex   -8.131371e+00 2.000000e+00 1.131371e+00
      vertex   -7.800000e+00 2.000000e+00 1.385641e+00
    endloop
  endfacet
  facet normal 0.000000e+00 -1.000000e+00 0.000000e+00
    outer loop
      vertex   -8.909188e+00 2.000000e+00 1.909188e+00
      vertex   -7.800000e+00 2.000000e+00 1.385641e+00
      vertex   -8.350000e+00 2.000000e+00 2.338269e+00
    endloop
  endfacet
  facet normal 0.000000e+00 -1.000000e+00 0.000000e+00
    outer loop
      vertex   -8.350000e+00 2.000000e+00 2.338269e+00
      vertex   -7.800000e+00 2.000000e+00 1.385641e+00
      vertex   -7.414111e+00 2.000000e+00 1.545481e+00
    endloop
  endfacet
  facet normal 0.000000e+00 -1.000000e+00 0.000000e+00
    outer loop
      vertex   -8.350000e+00 2.000000e+00 2.338269e+00
      vertex   -7.414111e+00 2.000000e+00 1.545481e+00
      vertex   -7.698812e+00 2.000000e+00 2.608000e+00
    endloop
  endfacet
  facet normal 0.000000e+00 -1.000000e+00 0.000000e+00
    outer loop
      vertex   -7.698812e+00 2.000000e+00 2.608000e+00
      vertex   -7.414111e+00 2.000000e+00 1.545481e+00
      vertex   -7.000000e+00 2.000000e+00 1.600000e+00
    endloop
  endfacet
  facet normal 0.000000e+00 -1.000000e+00 0.000000e+00
    outer loop
      vertex   -7.698812e+00 2.000000e+00 2.608000e+00
      vertex   -7.000000e+00 2.000000e+00 1.600000e+00
      vertex   -7.000000e+00 2.000000e+00 2.700000e+00
    endloop
  endfacet
  facet normal 0.000000e+00 -1.000000e+00 0.000000e+00
    outer loop
      vertex   -7.000000e+00 2.000000e+00 2.700000e+00
      vertex   -7.000000e+00 2.000000e+00 1.600000e+00
      vertex   -6.301189e+00 2.000000e+00 2.608000e+00
    endloop
  endfacet
  facet normal 0.000000e+00 -1.000000e+00 0.000000e+00
    outer loop
      vertex   -6.301189e+00 2.000000e+00 2.608000e+00
      vertex   -7.000000e+00 2.000000e+00 1.600000e+00
      vertex   -6.585890e+00 2.000000e+00 1.545481e+00
    endloop
  endfacet
  facet normal 0.000000e+00 -1.000000e+00 -0.000000e+00
    outer loop
      vertex   -6.301189e+00 2.000000e+00 2.608000e+00
      vertex   -6.585890e+00 2.000000e+00 1.545481e+00
      vertex   -5.650000e+00 2.000000e+00 2.338269e+00
    endloop
  endfacet
  facet normal 0.000000e+00 -1.000000e+00 0.000000e+00
    outer loop
      vertex   -5.650000e+00 2.000000e+00 2.338269e+00
      vertex   -6.585890e+00 2.000000e+00 1.545481e+00
      vertex   -6.200000e+00 2.000000e+00 1.385641e+00
    endloop
  endfacet
  facet normal 0.000000e+00 -1.000000e+00 -0.000000e+00
    outer loop
      vertex   -5.650000e+00 2.000000e+00 2.338269e+00
      vertex   -6.200000e+00 2.000000e+00 1.385641e+00
      vertex   -5.090812e+00 2.000000e+00 1.909188e+00
    endloop
  endfacet
  facet normal 0.000000e+00 -1.000000e+00 0.000000e+00
    outer loop
      vertex   -5.090812e+00 2.000000e+00 1.909188e+00
      vertex   -6.200000e+00 2.000000e+00 1.385641e+00
      vertex   -5.868629e+00 2.000000e+00 1.131371e+00
    endloop
  endfacet
  facet normal 0.000000e+00 -1.000000e+00 -0.000000e+00
    outer loop
      vertex   -5.090812e+00 2.000000e+00 1.909188e+00
      vertex   -5.868629e+00 2.000000e+00 1.131371e+00
      vertex   -4.661732e+00 2.000000e+00 1.350000e+00
    endloop
  endfacet
  facet normal 0.000000e+00 -1.000000e+00 0.000000e+00
    outer loop
      vertex   -4.661732e+00 2.000000e+00 1.350000e+00
      vertex   -5.868629e+00 2.000000e+00 1.131371e+00
      vertex   -5.614359e+00 2.000000e+00 8.000000e-01
    endloop
  endfacet
  facet normal 0.000000e+00 -1.000000e+00 -0.000000e+00
    outer loop
      vertex   -4.661732e+00 2.000000e+00 1.350000e+00
      vertex   -5.614359e+00 2.000000e+00 8.000000e-01
      vertex   -4.392000e+00 2.000000e+00 6.988114e-01
    endloop
  endfacet
  facet normal -0.000000e+00 -1.000000e+00 0.000000e+00
    outer loop
      vertex   -4.392000e+00 2.000000e+00 6.988114e-01
      vertex   -5.614359e+00 2.000000e+00 8.000000e-01
      vertex   -5.454519e+00 2.000000e+00 4.141105e-01
    endloop
  endfacet
  facet normal 0.000000e+00 -1.000000e+00 -0.000000e+00
    outer loop
      vertex   -4.392000e+00 2.000000e+00 6.988114e-01
      vertex   -5.454519e+00 2.000000e+00 4.141105e-01
      vertex   -4.300000e+00 2.000000e+00 0.000000e+00
    endloop
  endfacet
  facet normal 0.000000e+00 -1.000000e+00 0.000000e+00
    outer loop
      vertex   -4.300000e+00 2.000000e+00 0.000000e+00
      vertex   -5.454519e+00 2.000000e+00 4.141105e-01
      vertex   -5.400000e+00 2.000000e+00 0.000000e+00
    endloop
  endfacet
  facet normal -0.000000e+00 -1.000000e+00 0.000000e+00
    outer loop
      vertex   -4.300000e+00 2.000000e+00 0.000000e+00
      vertex   -5.400000e+00 2.000000e+00 0.000000e+00
      vertex   -4.392000e+00 2.000000e+00 -6.988114e-01
    endloop
  endfacet
  facet normal 0.000000e+00 -1.000000e+00 0.000000e+00
    outer loop
      vertex   -4.392000e+00 2.000000e+00 -6.988114e-01
      vertex   -5.400000e+00 2.000000e+00 0.000000e+00
      vertex   -5.454519e+00 2.000000e+00 -4.141105e-01
    endloop
  endfacet
  facet normal -0.000000e+00 -1.000000e+00 0.000000e+00
    outer loop
      vertex   -4.392000e+00 2.000000e+00 -6.988114e-01
      vertex   -5.454519e+00 2.000000e+00 -4.141105e-01
      vertex   -5.614359e+00 2.000000e+00 -8.000000e-01
    endloop
  endfacet
  facet normal 0.000000e+00 -1.000000e+00 0.000000e+00
    outer loop
      vertex   -4.392000e+00 2.000000e+00 -6.988114e-01
      vertex   -5.614359e+00 2.000000e+00 -8.000000e-01
      vertex   -4.661732e+00 2.000000e+00 -1.350000e+00
    endloop
  endfacet
  facet normal 0.000000e+00 -1.000000e+00 0.000000e+00
    outer loop
      vertex   -4.661732e+00 2.000000e+00 -1.350000e+00
      vertex   -5.614359e+00 2.000000e+00 -8.000000e-01
      vertex   -5.868629e+00 2.000000e+00 -1.131371e+00
    endloop
  endfacet
  facet normal -0.000000e+00 -1.000000e+00 0.000000e+00
    outer loop
      vertex   -4.661732e+00 2.000000e+00 -1.350000e+00
      vertex   -5.868629e+00 2.000000e+00 -1.131371e+00
      vertex   -5.090812e+00 2.000000e+00 -1.909188e+00
    endloop
  endfacet
  facet normal 0.000000e+00 -1.000000e+00 0.000000e+00
    outer loop
      vertex   -5.090812e+00 2.000000e+00 -1.909188e+00
      vertex   -5.868629e+00 2.000000e+00 -1.131371e+00
      vertex   -6.200000e+00 2.000000e+00 -1.385641e+00
    endloop
  endfacet
  facet normal -0.000000e+00 -1.000000e+00 0.000000e+00
    outer loop
      vertex   -5.090812e+00 2.000000e+00 -1.909188e+00
      vertex   -6.200000e+00 2.000000e+00 -1.385641e+00
      vertex   -5.650000e+00 2.000000e+00 -2.338269e+00
    endloop
  endfacet
  facet normal 0.000000e+00 -1.000000e+00 0.000000e+00
    outer loop
      vertex   -5.650000e+00 2.000000e+00 -2.338269e+00
      vertex   -6.200000e+00 2.000000e+00 -1.385641e+00
      vertex   -6.585890e+00 2.000000e+00 -1.545481e+00
    endloop
  endfacet
  facet normal -0.000000e+00 -1.000000e+00 0.000000e+00
    outer loop
      vertex   -5.650000e+00 2.000000e+00 -2.338269e+00
      vertex   -6.585890e+00 2.000000e+00 -1.545481e+00
      vertex   -6.301189e+00 2.000000e+00 -2.608000e+00
    endloop
  endfacet
  facet normal 0.000000e+00 -1.000000e+00 0.000000e+00
    outer loop
      vertex   -6.301189e+00 2.000000e+00 -2.608000e+00
      vertex   -6.585890e+00 2.000000e+00 -1.545481e+00
      vertex   -7.000000e+00 2.000000e+00 -1.600000e+00
    endloop
  endfacet
  facet normal -0.000000e+00 -1.000000e+00 0.000000e+00
    outer loop
      vertex   -6.301189e+00 2.000000e+00 -2.608000e+00
      vertex   -7.000000e+00 2.000000e+00 -1.600000e+00
      vertex   -7.000000e+00 2.000000e+00 -2.700000e+00
    endloop
  endfacet
  facet normal 0.000000e+00 -1.000000e+00 0.000000e+00
    outer loop
      vertex   -7.000000e+00 2.000000e+00 -2.700000e+00
      vertex   -7.000000e+00 2.000000e+00 -1.600000e+00
      vertex   -7.698812e+00 2.000000e+00 -2.608000e+00
    endloop
  endfacet
  facet normal 0.000000e+00 -1.000000e+00 0.000000e+00
    outer loop
      vertex   -7.698812e+00 2.000000e+00 -2.608000e+00
      vertex   -7.000000e+00 2.000000e+00 -1.600000e+00
      vertex   -7.414111e+00 2.000000e+00 -1.545481e+00
    endloop
  endfacet
  facet normal 0.000000e+00 -1.000000e+00 0.000000e+00
    outer loop
      vertex   -7.698812e+00 2.000000e+00 -2.608000e+00
      vertex   -7.414111e+00 2.000000e+00 -1.545481e+00
      vertex   -8.350000e+00 2.000000e+00 -2.338269e+00
    endloop
  endfacet
  facet normal 0.000000e+00 -1.000000e+00 0.000000e+00
    outer loop
      vertex   -8.350000e+00 2.000000e+00 -2.338269e+00
      vertex   -7.414111e+00 2.000000e+00 -1.545481e+00
      vertex   -7.800000e+00 2.000000e+00 -1.385641e+00
    endloop
  endfacet
  facet normal 0.000000e+00 -1.000000e+00 0.000000e+00
    outer loop
      vertex   -8.350000e+00 2.000000e+00 -2.338269e+00
      vertex   -7.800000e+00 2.000000e+00 -1.385641e+00
      vertex   -8.909188e+00 2.000000e+00 -1.909188e+00
    endloop
  endfacet
  facet normal 0.000000e+00 -1.000000e+00 0.000000e+00
    outer loop
      vertex   -8.909188e+00 2.000000e+00 -1.909188e+00
      vertex   -7.800000e+00 2.000000e+00 -1.385641e+00
      vertex   -8.131371e+00 2.000000e+00 -1.131371e+00
    endloop
  endfacet
  facet normal 0.000000e+00 -1.000000e+00 0.000000e+00
    outer loop
      vertex   -8.909188e+00 2.000000e+00 -1.909188e+00
      vertex   -8.131371e+00 2.000000e+00 -1.131371e+00
      vertex   -9.338269e+00 2.000000e+00 -1.350000e+00
    endloop
  endfacet
  facet normal 0.000000e+00 -1.000000e+00 0.000000e+00
    outer loop
      vertex   -9.338269e+00 2.000000e+00 -1.350000e+00
      vertex   -8.131371e+00 2.000000e+00 -1.131371e+00
      vertex   -8.385641e+00 2.000000e+00 -8.000000e-01
    endloop
  endfacet
  facet normal 0.000000e+00 -1.000000e+00 0.000000e+00
    outer loop
      vertex   -9.338269e+00 2.000000e+00 -1.350000e+00
      vertex   -8.385641e+00 2.000000e+00 -8.000000e-01
      vertex   -9.608000e+00 2.000000e+00 -6.988114e-01
    endloop
  endfacet
  facet normal 0.000000e+00 -1.000000e+00 0.000000e+00
    outer loop
      vertex   -9.608000e+00 2.000000e+00 -6.988114e-01
      vertex   -8.385641e+00 2.000000e+00 -8.000000e-01
      vertex   -8.545481e+00 2.000000e+00 -4.141105e-01
    endloop
  endfacet
  facet normal 0.000000e+00 -1.000000e+00 0.000000e+00
    outer loop
      vertex   -9.608000e+00 2.000000e+00 -6.988114e-01
      vertex   -8.545481e+00 2.000000e+00 -4.141105e-01
      vertex   -9.700000e+00 2.000000e+00 -3.306546e-16
    endloop
  endfacet
  facet normal 9.914449e-01 0.000000e+00 -1.305262e-01
    outer loop
      vertex   -2.608000e+00 2.000000e+00 -6.301189e+00
      vertex   -2.608000e+00 0.000000e+00 -6.301189e+00
      vertex   -2.700000e+00 2.000000e+00 -7.000000e+00
    endloop
  endfacet
  facet normal 9.914449e-01 0.000000e+00 -1.305262e-01
    outer loop
      vertex   -2.700000e+00 2.000000e+00 -7.000000e+00
      vertex   -2.608000e+00 0.000000e+00 -6.301189e+00
      vertex   -2.700000e+00 0.000000e+00 -7.000000e+00
    endloop
  endfacet
  facet normal 9.914449e-01 0.000000e+00 1.305262e-01
    outer loop
      vertex   -2.700000e+00 2.000000e+00 -7.000000e+00
      vertex   -2.700000e+00 0.000000e+00 -7.000000e+00
      vertex   -2.608000e+00 2.000000e+00 -7.698812e+00
    endloop
  endfacet
  facet normal 9.914449e-01 0.000000e+00 1.305262e-01
    outer loop
      vertex   -2.608000e+00 2.000000e+00 -7.698812e+00
      vertex   -2.700000e+00 0.000000e+00 -7.000000e+00
      vertex   -2.608000e+00 0.000000e+00 -7.698812e+00
    endloop
  endfacet
  facet normal 9.238795e-01 0.000000e+00 3.826834e-01
    outer loop
      vertex   -2.608000e+00 2.000000e+00 -7.698812e+00
      vertex   -2.608000e+00 0.000000e+00 -7.698812e+00
      vertex   -2.338269e+00 2.000000e+00 -8.350000e+00
    endloop
  endfacet
  facet normal 9.238795e-01 0.000000e+00 3.826834e-01
    outer loop
      vertex   -2.338269e+00 2.000000e+00 -8.350000e+00
      vertex   -2.608000e+00 0.000000e+00 -7.698812e+00
      vertex   -2.338269e+00 0.000000e+00 -8.350000e+00
    endloop
  endfacet
  facet normal 7.933533e-01 0.000000e+00 6.087614e-01
    outer loop
      vertex   -2.338269e+00 2.000000e+00 -8.350000e+00
      vertex   -2.338269e+00 0.000000e+00 -8.350000e+00
      vertex   -1.909188e+00 2.000000e+00 -8.909188e+00
    endloop
  endfacet
  facet normal 7.933533e-01 0.000000e+00 6.087614e-01
    outer loop
      vertex   -1.909188e+00 2.000000e+00 -8.909188e+00
      vertex   -2.338269e+00 0.000000e+00 -8.350000e+00
      vertex   -1.909188e+00 0.000000e+00 -8.909188e+00
    endloop
  endfacet
  facet normal 6.087614e-01 0.000000e+00 7.933533e-01
    outer loop
      vertex   -1.909188e+00 2.000000e+00 -8.909188e+00
      vertex   -1.909188e+00 0.000000e+00 -8.909188e+00
      vertex   -1.350000e+00 2.000000e+00 -9.338269e+00
    endloop
  endfacet
  facet normal 6.087614e-01 0.000000e+00 7.933533e-01
    outer loop
      vertex   -1.350000e+00 2.000000e+00 -9.338269e+00
      vertex   -1.909188e+00 0.000000e+00 -8.909188e+00
      vertex   -1.350000e+00 0.000000e+00 -9.338269e+00
    endloop
  endfacet
  facet normal 3.826834e-01 0.000000e+00 9.238795e-01
    outer loop
      vertex   -1.350000e+00 2.000000e+00 -9.338269e+00
      vertex   -1.350000e+00 0.000000e+00 -9.338269e+00
      vertex   -6.988114e-01 2.000000e+00 -9.608000e+00
    endloop
  endfacet
  facet normal 3.826834e-01 0.000000e+00 9.238795e-01
    outer loop
      vertex   -6.988114e-01 2.000000e+00 -9.608000e+00
      vertex   -1.350000e+00 0.000000e+00 -9.338269e+00
      vertex   -6.988114e-01 0.000000e+00 -9.608000e+00
    endloop
  endfacet
  facet normal 1.305262e-01 0.000000e+00 9.914449e-01
    outer loop
      vertex   -6.988114e-01 2.000000e+00 -9.608000e+00
      vertex   -6.988114e-01 0.000000e+00 -9.608000e+00
      vertex   1.941684e-15 2.000000e+00 -9.700000e+00
    endloop
  endfacet
  facet normal 1.305262e-01 0.000000e+00 9.914449e-01
    outer loop
      vertex   1.941684e-15 2.000000e+00 -9.700000e+00
      vertex   -6.988114e-01 0.000000e+00 -9.608000e+00
      vertex   1.941684e-15 0.000000e+00 -9.700000e+00
    endloop
  endfacet
  facet normal -1.305262e-01 0.000000e+00 9.914449e-01
    outer loop
      vertex   1.941684e-15 2.000000e+00 -9.700000e+00
      vertex   1.941684e-15 0.000000e+00 -9.700000e+00
      vertex   6.988114e-01 2.000000e+00 -9.608000e+00
    endloop
  endfacet
  facet normal -1.305262e-01 0.000000e+00 9.914449e-01
    outer loop
      vertex   6.988114e-01 2.000000e+00 -9.608000e+00
      vertex   1.941684e-15 0.000000e+00 -9.700000e+00
      vertex   6.988114e-01 0.000000e+00 -9.608000e+00
    endloop
  endfacet
  facet normal -3.826834e-01 0.000000e+00 9.238795e-01
    outer loop
      vertex   6.988114e-01 2.000000e+00 -9.608000e+00
      vertex   6.988114e-01 0.000000e+00 -9.608000e+00
      vertex   1.350000e+00 2.000000e+00 -9.338269e+00
    endloop
  endfacet
  facet normal -3.826834e-01 0.000000e+00 9.238795e-01
    outer loop
      vertex   1.350000e+00 2.000000e+00 -9.338269e+00
      vertex   6.988114e-01 0.000000e+00 -9.608000e+00
      vertex   1.350000e+00 0.000000e+00 -9.338269e+00
    endloop
  endfacet
  facet normal -6.087614e-01 0.000000e+00 7.933533e-01
    outer loop
      vertex   1.350000e+00 2.000000e+00 -9.338269e+00
      vertex   1.350000e+00 0.000000e+00 -9.338269e+00
      vertex   1.909188e+00 2.000000e+00 -8.909188e+00
    endloop
  endfacet
  facet normal -6.087614e-01 0.000000e+00 7.933533e-01
    outer loop
      vertex   1.909188e+00 2.000000e+00 -8.909188e+00
      vertex   1.350000e+00 0.000000e+00 -9.338269e+00
      vertex   1.909188e+00 0.000000e+00 -8.909188e+00
    endloop
  endfacet
  facet normal -7.933533e-01 0.000000e+00 6.087614e-01
    outer loop
      vertex   1.909188e+00 2.000000e+00 -8.909188e+00
      vertex   1.909188e+00 0.000000e+00 -8.909188e+00
      vertex   2.338269e+00 2.000000e+00 -8.350000e+00
    endloop
  endfacet
  facet normal -7.933533e-01 0.000000e+00 6.087614e-01
    outer loop
      vertex   2.338269e+00 2.000000e+00 -8.350000e+00
      vertex   1.909188e+00 0.000000e+00 -8.909188e+00
      vertex   2.338269e+00 0.000000e+00 -8.350000e+00
    endloop
  endfacet
  facet normal -9.238795e-01 0.000000e+00 3.826834e-01
    outer loop
      vertex   2.338269e+00 2.000000e+00 -8.350000e+00
      vertex   2.338269e+00 0.000000e+00 -8.350000e+00
      vertex   2.608000e+00 2.000000e+00 -7.698812e+00
    endloop
  endfacet
  facet normal -9.238795e-01 0.000000e+00 3.826834e-01
    outer loop
      vertex   2.608000e+00 2.000000e+00 -7.698812e+00
      vertex   2.338269e+00 0.000000e+00 -8.350000e+00
      vertex   2.608000e+00 0.000000e+00 -7.698812e+00
    endloop
  endfacet
  facet normal -9.914449e-01 0.000000e+00 1.305262e-01
    outer loop
      vertex   2.608000e+00 2.000000e+00 -7.698812e+00
      vertex   2.608000e+00 0.000000e+00 -7.698812e+00
      vertex   2.700000e+00 2.000000e+00 -7.000000e+00
    endloop
  endfacet
  facet normal -9.914449e-01 0.000000e+00 1.305262e-01
    outer loop
      vertex   2.700000e+00 2.000000e+00 -7.000000e+00
      vertex   2.608000e+00 0.000000e+00 -7.698812e+00
      vertex   2.700000e+00 0.000000e+00 -7.000000e+00
    endloop
  endfacet
  facet normal -9.914449e-01 -0.000000e+00 -1.305262e-01
    outer loop
      vertex   2.700000e+00 2.000000e+00 -7.000000e+00
      vertex   2.700000e+00 0.000000e+00 -7.000000e+00
      vertex   2.608000e+00 2.000000e+00 -6.301189e+00
    endloop
  endfacet
  facet normal -9.914449e-01 -0.000000e+00 -1.305262e-01
    outer loop
      vertex   2.608000e+00 2.000000e+00 -6.301189e+00
      vertex   2.700000e+00 0.000000e+00 -7.000000e+00
      vertex   2.608000e+00 0.000000e+00 -6.301189e+00
    endloop
  endfacet
  facet normal -9.238795e-01 -0.000000e+00 -3.826834e-01
    outer loop
      vertex   2.608000e+00 2.000000e+00 -6.301189e+00
      vertex   2.608000e+00 0.000000e+00 -6.301189e+00
      vertex   2.338269e+00 2.000000e+00 -5.650000e+00
    endloop
  endfacet
  facet normal -9.238795e-01 -0.000000e+00 -3.826834e-01
    outer loop
      vertex   2.338269e+00 2.000000e+00 -5.650000e+00
      vertex   2.608000e+00 0.000000e+00 -6.301189e+00
      vertex   2.338269e+00 0.000000e+00 -5.650000e+00
    endloop
  endfacet
  facet normal -7.933533e-01 -0.000000e+00 -6.087614e-01
    outer loop
      vertex   2.338269e+00 2.000000e+00 -5.650000e+00
      vertex   2.338269e+00 0.000000e+00 -5.650000e+00
      vertex   1.909188e+00 2.000000e+00 -5.090812e+00
    endloop
  endfacet
  facet normal -7.933533e-01 -0.000000e+00 -6.087614e-01
    outer loop
      vertex   1.909188e+00 2.000000e+00 -5.090812e+00
      vertex   2.338269e+00 0.000000e+00 -5.650000e+00
      vertex   1.909188e+00 0.000000e+00 -5.090812e+00
    endloop
  endfacet
  facet normal -6.087614e-01 -0.000000e+00 -7.933533e-01
    outer loop
      vertex   1.909188e+00 2.000000e+00 -5.090812e+00
      vertex   1.909188e+00 0.000000e+00 -5.090812e+00
      vertex   1.350000e+00 2.000000e+00 -4.661732e+00
    endloop
  endfacet
  facet normal -6.087614e-01 -0.000000e+00 -7.933533e-01
    outer loop
      vertex   1.350000e+00 2.000000e+00 -4.661732e+00
      vertex   1.909188e+00 0.000000e+00 -5.090812e+00
      vertex   1.350000e+00 0.000000e+00 -4.661732e+00
    endloop
  endfacet
  facet normal -3.826834e-01 -0.000000e+00 -9.238795e-01
    outer loop
      vertex   1.350000e+00 2.000000e+00 -4.661732e+00
      vertex   1.350000e+00 0.000000e+00 -4.661732e+00
      vertex   6.988114e-01 2.000000e+00 -4.392000e+00
    endloop
  endfacet
  facet normal -3.826834e-01 -0.000000e+00 -9.238795e-01
    outer loop
      vertex   6.988114e-01 2.000000e+00 -4.392000e+00
      vertex   1.350000e+00 0.000000e+00 -4.661732e+00
      vertex   6.988114e-01 0.000000e+00 -4.392000e+00
    endloop
  endfacet
  facet normal -1.305262e-01 -0.000000e+00 -9.914449e-01
    outer loop
      vertex   6.988114e-01 2.000000e+00 -4.392000e+00
      vertex   6.988114e-01 0.000000e+00 -4.392000e+00
      vertex   1.941684e-15 2.000000e+00 -4.300000e+00
    endloop
  endfacet
  facet normal -1.305262e-01 -0.000000e+00 -9.914449e-01
    outer loop
      vertex   1.941684e-15 2.000000e+00 -4.300000e+00
      vertex   6.988114e-01 0.000000e+00 -4.392000e+00
      vertex   1.941684e-15 0.000000e+00 -4.300000e+00
    endloop
  endfacet
  facet normal 1.305262e-01 0.000000e+00 -9.914449e-01
    outer loop
      vertex   1.941684e-15 2.000000e+00 -4.300000e+00
      vertex   1.941684e-15 0.000000e+00 -4.300000e+00
      vertex   -6.988114e-01 2.000000e+00 -4.392000e+00
    endloop
  endfacet
  facet normal 1.305262e-01 0.000000e+00 -9.914449e-01
    outer loop
      vertex   -6.988114e-01 2.000000e+00 -4.392000e+00
      vertex   1.941684e-15 0.000000e+00 -4.300000e+00
      vertex   -6.988114e-01 0.000000e+00 -4.392000e+00
    endloop
  endfacet
  facet normal 3.826834e-01 0.000000e+00 -9.238795e-01
    outer loop
      vertex   -6.988114e-01 2.000000e+00 -4.392000e+00
      vertex   -6.988114e-01 0.000000e+00 -4.392000e+00
      vertex   -1.350000e+00 2.000000e+00 -4.661732e+00
    endloop
  endfacet
  facet normal 3.826834e-01 0.000000e+00 -9.238795e-01
    outer loop
      vertex   -1.350000e+00 2.000000e+00 -4.661732e+00
      vertex   -6.988114e-01 0.000000e+00 -4.392000e+00
      vertex   -1.350000e+00 0.000000e+00 -4.661732e+00
    endloop
  endfacet
  facet normal 6.087614e-01 0.000000e+00 -7.933533e-01
    outer loop
      vertex   -1.350000e+00 2.000000e+00 -4.661732e+00
      vertex   -1.350000e+00 0.000000e+00 -4.661732e+00
      vertex   -1.909188e+00 2.000000e+00 -5.090812e+00
    endloop
  endfacet
  facet normal 6.087614e-01 0.000000e+00 -7.933533e-01
    outer loop
      vertex   -1.909188e+00 2.000000e+00 -5.090812e+00
      vertex   -1.350000e+00 0.000000e+00 -4.661732e+00
      vertex   -1.909188e+00 0.000000e+00 -5.090812e+00
    endloop
  endfacet
  facet normal 7.933533e-01 0.000000e+00 -6.087614e-01
    outer loop
      vertex   -1.909188e+00 2.000000e+00 -5.090812e+00
      vertex   -1.909188e+00 0.000000e+00 -5.090812e+00
      vertex   -2.338269e+00 2.000000e+00 -5.650000e+00
    endloop
  endfacet
  facet normal 7.933533e-01 0.000000e+00 -6.087614e-01
    outer loop
      vertex   -2.338269e+00 2.000000e+00 -5.650000e+00
      vertex   -1.909188e+00 0.000000e+00 -5.090812e+00
      vertex   -2.338269e+00 0.000000e+00 -5.650000e+00
    endloop
  endfacet
  facet normal 9.238795e-01 0.000000e+00 -3.826834e-01
    outer loop
      vertex   -2.338269e+00 2.000000e+00 -5.650000e+00
      vertex   -2.338269e+00 0.000000e+00 -5.650000e+00
      vertex   -2.608000e+00 2.000000e+00 -6.301189e+00
    endloop
  endfacet
  facet normal 9.238795e-01 0.000000e+00 -3.826834e-01
    outer loop
      vertex   -2.608000e+00 2.000000e+00 -6.301189e+00
      vertex   -2.338269e+00 0.000000e+00 -5.650000e+00
      vertex   -2.608000e+00 0.000000e+00 -6.301189e+00
    endloop
  endfacet
  facet normal 0.000000e+00 -1.000000e+00 0.000000e+00
    outer loop
      vertex   -1.545481e+00 2.000000e+00 -7.414111e+00
      vertex   -1.600000e+00 2.000000e+00 -7.000000e+00
      vertex   -2.700000e+00 2.000000e+00 -7.000000e+00
    endloop
  endfacet
  facet normal 0.000000e+00 -1.000000e+00 0.000000e+00
    outer loop
      vertex   -2.700000e+00 2.000000e+00 -7.000000e+00
      vertex   -1.600000e+00 2.000000e+00 -7.000000e+00
      vertex   -1.545481e+00 2.000000e+00 -6.585890e+00
    endloop
  endfacet
  facet normal 0.000000e+00 -1.000000e+00 0.000000e+00
    outer loop
      vertex   -2.700000e+00 2.000000e+00 -7.000000e+00
      vertex   -1.545481e+00 2.000000e+00 -6.585890e+00
      vertex   -2.608000e+00 2.000000e+00 -6.301189e+00
    endloop
  endfacet
  facet normal 0.000000e+00 -1.000000e+00 0.000000e+00
    outer loop
      vertex   -2.608000e+00 2.000000e+00 -6.301189e+00
      vertex   -1.545481e+00 2.000000e+00 -6.585890e+00
      vertex   -1.385641e+00 2.000000e+00 -6.200000e+00
    endloop
  endfacet
  facet normal 0.000000e+00 -1.000000e+00 0.000000e+00
    outer loop
      vertex   -2.608000e+00 2.000000e+00 -6.301189e+00
      vertex   -1.385641e+00 2.000000e+00 -6.200000e+00
      vertex   -2.338269e+00 2.000000e+00 -5.650000e+00
    endloop
  endfacet
  facet normal 0.000000e+00 -1.000000e+00 0.000000e+00
    outer loop
      vertex   -2.338269e+00 2.000000e+00 -5.650000e+00
      vertex   -1.385641e+00 2.000000e+00 -6.200000e+00
      vertex   -1.131371e+00 2.000000e+00 -5.868629e+00
    endloop
  endfacet
  facet normal 0.000000e+00 -1.000000e+00 0.000000e+00
    outer loop
      vertex   -2.338269e+00 2.000000e+00 -5.650000e+00
      vertex   -1.131371e+00 2.000000e+00 -5.868629e+00
      vertex   -1.909188e+00 2.000000e+00 -5.090812e+00
    endloop
  endfacet
  facet normal 0.000000e+00 -1.000000e+00 0.000000e+00
    outer loop
      vertex   -1.909188e+00 2.000000e+00 -5.090812e+00
      vertex   -1.131371e+00 2.000000e+00 -5.868629e+00
      vertex   -8.000000e-01 2.000000e+00 -5.614359e+00
    endloop
  endfacet
  facet normal 0.000000e+00 -1.000000e+00 0.000000e+00
    outer loop
      vertex   -1.909188e+00 2.000000e+00 -5.090812e+00
      vertex   -8.000000e-01 2.000000e+00 -5.614359e+00
      vertex   -1.350000e+00 2.000000e+00 -4.661732e+00
    endloop
  endfacet
  facet normal 0.000000e+00 -1.000000e+00 0.000000e+00
    outer loop
      vertex   -1.350000e+00 2.000000e+00 -4.661732e+00
      vertex   -8.000000e-01 2.000000e+00 -5.614359e+00
      vertex   -4.141105e-01 2.000000e+00 -5.454519e+00
    endloop
  endfacet
  facet normal 0.000000e+00 -1.000000e+00 0.000000e+00
    outer loop
      vertex   -1.350000e+00 2.000000e+00 -4.661732e+00
      vertex   -4.141105e-01 2.000000e+00 -5.454519e+00
      vertex   -6.988114e-01 2.000000e+00 -4.392000e+00
    endloop
  endfacet
  facet normal 0.000000e+00 -1.000000e+00 0.000000e+00
    outer loop
      vertex   -6.988114e-01 2.000000e+00 -4.392000e+00
      vertex   -4.141105e-01 2.000000e+00 -5.454519e+00
      vertex   -1.456341e-15 2.000000e+00 -5.400000e+00
    endloop
  endfacet
  facet normal 0.000000e+00 -1.000000e+00 0.000000e+00
    outer loop
      vertex   -6.988114e-01 2.000000e+00 -4.392000e+00
      vertex   -1.456341e-15 2.000000e+00 -5.400000e+00
      vertex   1.941684e-15 2.000000e+00 -4.300000e+00
    endloop
  endfacet
  facet normal 0.000000e+00 -1.000000e+00 -0.000000e+00
    outer loop
      vertex   1.941684e-15 2.000000e+00 -4.300000e+00
      vertex   -1.456341e-15 2.000000e+00 -5.400000e+00
      vertex   6.988114e-01 2.000000e+00 -4.392000e+00
    endloop
  endfacet
  facet normal 0.000000e+00 -1.000000e+00 0.000000e+00
    outer loop
      vertex   6.988114e-01 2.000000e+00 -4.392000e+00
      vertex   -1.456341e-15 2.000000e+00 -5.400000e+00
      vertex   4.141105e-01 2.000000e+00 -5.454519e+00
    endloop
  endfacet
  facet normal 0.000000e+00 -1.000000e+00 -0.000000e+00
    outer loop
      vertex   6.988114e-01 2.000000e+00 -4.392000e+00
      vertex   4.141105e-01 2.000000e+00 -5.454519e+00
      vertex   1.350000e+00 2.000000e+00 -4.661732e+00
    endloop
  endfacet
  facet normal 0.000000e+00 -1.000000e+00 0.000000e+00
    outer loop
      vertex   1.350000e+00 2.000000e+00 -4.661732e+00
      vertex   4.141105e-01 2.000000e+00 -5.454519e+00
      vertex   8.000000e-01 2.000000e+00 -5.614359e+00
    endloop
  endfacet
  facet normal 0.000000e+00 -1.000000e+00 -0.000000e+00
    outer loop
      vertex   1.350000e+00 2.000000e+00 -4.661732e+00
      vertex   8.000000e-01 2.000000e+00 -5.614359e+00
      vertex   1.909188e+00 2.000000e+00 -5.090812e+00
    endloop
  endfacet
  facet normal 0.000000e+00 -1.000000e+00 0.000000e+00
    outer loop
      vertex   1.909188e+00 2.000000e+00 -5.090812e+00
      vertex   8.000000e-01 2.000000e+00 -5.614359e+00
      vertex   1.131371e+00 2.000000e+00 -5.868629e+00
    endloop
  endfacet
  facet normal 0.000000e+00 -1.000000e+00 -0.000000e+00
    outer loop
      vertex   1.909188e+00 2.000000e+00 -5.090812e+00
      vertex   1.131371e+00 2.000000e+00 -5.868629e+00
      vertex   2.338269e+00 2.000000e+00 -5.650000e+00
    endloop
  endfacet
  facet normal 0.000000e+00 -1.000000e+00 0.000000e+00
    outer loop
      vertex   2.338269e+00 2.000000e+00 -5.650000e+00
      vertex   1.131371e+00 2.000000e+00 -5.868629e+00
      vertex   1.385641e+00 2.000000e+00 -6.200000e+00
    endloop
  endfacet
  facet normal 0.000000e+00 -1.000000e+00 -0.000000e+00
    outer loop
      vertex   2.338269e+00 2.000000e+00 -5.650000e+00
      vertex   1.385641e+00 2.000000e+00 -6.200000e+00
      vertex   2.608000e+00 2.000000e+00 -6.301189e+00
    endloop
  endfacet
  facet normal -0.000000e+00 -1.000000e+00 0.000000e+00
    outer loop
      vertex   2.608000e+00 2.000000e+00 -6.301189e+00
      vertex   1.385641e+00 2.000000e+00 -6.200000e+00
      vertex   1.545481e+00 2.000000e+00 -6.585890e+00
    endloop
  endfacet
  facet normal 0.000000e+00 -1.000000e+00 -0.000000e+00
    outer loop
      vertex   2.608000e+00 2.000000e+00 -6.301189e+00
      vertex   1.545481e+00 2.000000e+00 -6.585890e+00
      vertex   2.700000e+00 2.000000e+00 -7.000000e+00
    endloop
  endfacet
  facet normal -0.000000e+00 -1.000000e+00 0.000000e+00
    outer loop
      vertex   2.700000e+00 2.000000e+00 -7.000000e+00
      vertex   1.545481e+00 2.000000e+00 -6.585890e+00
      vertex   1.600000e+00 2.000000e+00 -7.000000e+00
    endloop
  endfacet
  facet normal 0.000000e+00 -1.000000e+00 0.000000e+00
    outer loop
      vertex   2.700000e+00 2.000000e+00 -7.000000e+00
      vertex   1.600000e+00 2.000000e+00 -7.000000e+00
      vertex   2.608000e+00 2.000000e+00 -7.698812e+00
    endloop
  endfacet
  facet normal 0.000000e+00 -1.000000e+00 0.000000e+00
    outer loop
      vertex   2.608000e+00 2.000000e+00 -7.698812e+00
      vertex   1.600000e+00 2.000000e+00 -7.000000e+00
      vertex   1.545481e+00 2.000000e+00 -7.414111e+00
    endloop
  endfacet
  facet normal -0.000000e+00 -1.000000e+00 0.000000e+00
    outer loop
      vertex   2.608000e+00 2.000000e+00 -7.698812e+00
      vertex   1.545481e+00 2.000000e+00 -7.414111e+00
      vertex   1.385641e+00 2.000000e+00 -7.800000e+00
    endloop
  endfacet
  facet normal 0.000000e+00 -1.000000e+00 0.000000e+00
    outer loop
      vertex   2.608000e+00 2.000000e+00 -7.698812e+00
      vertex   1.385641e+00 2.000000e+00 -7.800000e+00
      vertex   2.338269e+00 2.000000e+00 -8.350000e+00
    endloop
  endfacet
  facet normal 0.000000e+00 -1.000000e+00 0.000000e+00
    outer loop
      vertex   2.338269e+00 2.000000e+00 -8.350000e+00
      vertex   1.385641e+00 2.000000e+00 -7.800000e+00
      vertex   1.131371e+00 2.000000e+00 -8.131371e+00
    endloop
  endfacet
  facet normal -0.000000e+00 -1.000000e+00 0.000000e+00
    outer loop
      vertex   2.338269e+00 2.000000e+00 -8.350000e+00
      vertex   1.131371e+00 2.000000e+00 -8.131371e+00
      vertex   1.909188e+00 2.000000e+00 -8.909188e+00
    endloop
  endfacet
  facet normal 0.000000e+00 -1.000000e+00 0.000000e+00
    outer loop
      vertex   1.909188e+00 2.000000e+00 -8.909188e+00
      vertex   1.131371e+00 2.000000e+00 -8.131371e+00
      vertex   8.000000e-01 2.000000e+00 -8.385641e+00
    endloop
  endfacet
  facet normal -0.000000e+00 -1.000000e+00 0.000000e+00
    outer loop
      vertex   1.909188e+00 2.000000e+00 -8.909188e+00
      vertex   8.000000e-01 2.000000e+00 -8.385641e+00
      vertex   1.350000e+00 2.000000e+00 -9.338269e+00
    endloop
  endfacet
  facet normal 0.000000e+00 -1.000000e+00 0.000000e+00
    outer loop
      vertex   1.350000e+00 2.000000e+00 -9.338269e+00
      vertex   8.000000e-01 2.000000e+00 -8.385641e+00
      vertex   4.141105e-01 2.000000e+00 -8.545481e+00
    endloop
  endfacet
  facet normal -0.000000e+00 -1.000000e+00 0.000000e+00
    outer loop
      vertex   1.350000e+00 2.000000e+00 -9.338269e+00
      vertex   4.141105e-01 2.000000e+00 -8.545481e+00
      vertex   6.988114e-01 2.000000e+00 -9.608000e+00
    endloop
  endfacet
  facet normal 0.000000e+00 -1.000000e+00 0.000000e+00
    outer loop
      vertex   6.988114e-01 2.000000e+00 -9.608000e+00
      vertex   4.141105e-01 2.000000e+00 -8.545481e+00
      vertex   -1.456341e-15 2.000000e+00 -8.600000e+00
    endloop
  endfacet
  facet normal -0.000000e+00 -1.000000e+00 0.000000e+00
    outer loop
      vertex   6.988114e-01 2.000000e+00 -9.608000e+00
      vertex   -1.456341e-15 2.000000e+00 -8.600000e+00
      vertex   1.941684e-15 2.000000e+00 -9.700000e+00
    endloop
  endfacet
  facet normal 0.000000e+00 -1.000000e+00 0.000000e+00
    outer loop
      vertex   1.941684e-15 2.000000e+00 -9.700000e+00
      vertex   -1.456341e-15 2.000000e+00 -8.600000e+00
      vertex   -6.988114e-01 2.000000e+00 -9.608000e+00
    endloop
  endfacet
  facet normal 0.000000e+00 -1.000000e+00 0.000000e+00
    outer loop
      vertex   -6.988114e-01 2.000000e+00 -9.608000e+00
      vertex   -1.456341e-15 2.000000e+00 -8.600000e+00
      vertex   -4.141105e-01 2.000000e+00 -8.545481e+00
    endloop
  endfacet
  facet normal 0.000000e+00 -1.000000e+00 0.000000e+00
    outer loop
      vertex   -6.988114e-01 2.000000e+00 -9.608000e+00
      vertex   -4.141105e-01 2.000000e+00 -8.545481e+00
      vertex   -1.350000e+00 2.000000e+00 -9.338269e+00
    endloop
  endfacet
  facet normal 0.000000e+00 -1.000000e+00 0.000000e+00
    outer loop
      vertex   -1.350000e+00 2.000000e+00 -9.338269e+00
      vertex   -4.141105e-01 2.000000e+00 -8.545481e+00
      vertex   -8.000000e-01 2.000000e+00 -8.385641e+00
    endloop
  endfacet
  facet normal 0.000000e+00 -1.000000e+00 0.000000e+00
    outer loop
      vertex   -1.350000e+00 2.000000e+00 -9.338269e+00
      vertex   -8.000000e-01 2.000000e+00 -8.385641e+00
      vertex   -1.909188e+00 2.000000e+00 -8.909188e+00
    endloop
  endfacet
  facet normal 0.000000e+00 -1.000000e+00 0.000000e+00
    outer loop
      vertex   -1.909188e+00 2.000000e+00 -8.909188e+00
      vertex   -8.000000e-01 2.000000e+00 -8.385641e+00
      vertex   -1.131371e+00 2.000000e+00 -8.131371e+00
    endloop
  endfacet
  facet normal 0.000000e+00 -1.000000e+00 0.000000e+00
    outer loop
      vertex   -1.909188e+00 2.000000e+00 -8.909188e+00
      vertex   -1.131371e+00 2.000000e+00 -8.131371e+00
      vertex   -2.338269e+00 2.000000e+00 -8.350000e+00
    endloop
  endfacet
  facet normal 0.000000e+00 -1.000000e+00 0.000000e+00
    outer loop
      vertex   -2.338269e+00 2.000000e+00 -8.350000e+00
      vertex   -1.131371e+00 2.000000e+00 -8.131371e+00
      vertex   -1.385641e+00 2.000000e+00 -7.800000e+00
    endloop
  endfacet
  facet normal 0.000000e+00 -1.000000e+00 0.000000e+00
    outer loop
      vertex   -2.338269e+00 2.000000e+00 -8.350000e+00
      vertex   -1.385641e+00 2.000000e+00 -7.800000e+00
      vertex   -2.608000e+00 2.000000e+00 -7.698812e+00
    endloop
  endfacet
  facet normal 0.000000e+00 -1.000000e+00 0.000000e+00
    outer loop
      vertex   -2.608000e+00 2.000000e+00 -7.698812e+00
      vertex   -1.385641e+00 2.000000e+00 -7.800000e+00
      vertex   -1.545481e+00 2.000000e+00 -7.414111e+00
    endloop
  endfacet
  facet normal 0.000000e+00 -1.000000e+00 0.000000e+00
    outer loop
      vertex   -2.608000e+00 2.000000e+00 -7.698812e+00
      vertex   -1.545481e+00 2.000000e+00 -7.414111e+00
      vertex   -2.700000e+00 2.000000e+00 -7.000000e+00
    endloop
  endfacet
  facet normal 0.000000e+00 -7.071068e-01 7.071068e-01
    outer loop
      vertex   -1.500000e+02 0.000000e+00 1.100000e+01
      vertex   0.000000e+00 0.000000e+00 1.100000e+01
      vertex   -1.500000e+02 1.000000e+00 1.200000e+01
    endloop
  endfacet
  facet normal 0.000000e+00 -7.071068e-01 7.071068e-01
    outer loop
      vertex   -1.500000e+02 1.000000e+00 1.200000e+01
      vertex   0.000000e+00 0.000000e+00 1.100000e+01
      vertex   0.000000e+00 1.000000e+00 1.200000e+01
    endloop
  endfacet
  facet normal 4.629653e-02 -7.063486e-01 -7.063486e-01
    outer loop
      vertex   0.000000e+00 1.000000e+00 -1.200000e+01
      vertex   1.566314e+00 1.000000e+00 -1.189734e+01
      vertex   6.735557e-16 0.000000e+00 -1.100000e+01
    endloop
  endfacet
  facet normal 4.820318e-02 -7.078606e-01 -7.047055e-01
    outer loop
      vertex   6.735557e-16 0.000000e+00 -1.100000e+01
      vertex   1.566314e+00 1.000000e+00 -1.189734e+01
      vertex   1.497833e+00 0.000000e+00 -1.089755e+01
    endloop
  endfacet
  facet normal 1.383682e-01 -7.049553e-01 -6.956237e-01
    outer loop
      vertex   1.497833e+00 0.000000e+00 -1.089755e+01
      vertex   1.566314e+00 1.000000e+00 -1.189734e+01
      vertex   3.105829e+00 1.000000e+00 -1.159111e+01
    endloop
  endfacet
  facet normal 1.434188e-01 -7.092937e-01 -6.901692e-01
    outer loop
      vertex   1.497833e+00 0.000000e+00 -1.089755e+01
      vertex   3.105829e+00 1.000000e+00 -1.159111e+01
      vertex   2.967764e+00 0.000000e+00 -1.059209e+01
    endloop
  endfacet
  facet normal 2.283878e-01 -7.036813e-01 -6.728087e-01
    outer loop
      vertex   2.967764e+00 0.000000e+00 -1.059209e+01
      vertex   3.105829e+00 1.000000e+00 -1.159111e+01
      vertex   4.592201e+00 1.000000e+00 -1.108655e+01
    endloop
  endfacet
  facet normal 2.356258e-01 -7.105829e-01 -6.629875e-01
    outer loop
      vertex   2.967764e+00 0.000000e+00 -1.059209e+01
      vertex   4.592201e+00 1.000000e+00 -1.108655e+01
      vertex   4.382412e+00 0.000000e+00 -1.008932e+01
    endloop
  endfacet
  facet normal 3.147571e-01 -7.025289e-01 -6.382642e-01
    outer loop
      vertex   4.382412e+00 0.000000e+00 -1.008932e+01
      vertex   4.592201e+00 1.000000e+00 -1.108655e+01
      vertex   6.000000e+00 1.000000e+00 -1.039230e+01
    endloop
  endfacet
  facet normal 3.231739e-01 -7.117304e-01 -6.236974e-01
    outer loop
      vertex   4.382412e+00 0.000000e+00 -1.008932e+01
      vertex   6.000000e+00 1.000000e+00 -1.039230e+01
      vertex   5.715423e+00 0.000000e+00 -9.398613e+00
    endloop
  endfacet
  facet normal 3.959381e-01 -7.014997e-01 -5.925632e-01
    outer loop
      vertex   5.715423e+00 0.000000e+00 -9.398613e+00
      vertex   6.000000e+00 1.000000e+00 -1.039230e+01
      vertex   7.305137e+00 1.000000e+00 -9.520240e+00
    endloop
  endfacet
  facet normal 4.045009e-01 -7.127384e-01 -5.730472e-01
    outer loop
      vertex   5.715423e+00 0.000000e+00 -9.398613e+00
      vertex   7.305137e+00 1.000000e+00 -9.520240e+00
      vertex   6.941967e+00 0.000000e+00 -8.532824e+00
    endloop
  endfacet
  facet normal 4.704819e-01 -7.005955e-01 -5.364818e-01
    outer loop
      vertex   6.941967e+00 0.000000e+00 -8.532824e+00
      vertex   7.305137e+00 1.000000e+00 -9.520240e+00
      vertex   8.485281e+00 1.000000e+00 -8.485281e+00
    endloop
  endfacet
  facet normal 4.781591e-01 -7.136084e-01 -5.119833e-01
    outer loop
      vertex   6.941967e+00 0.000000e+00 -8.532824e+00
      vertex   8.485281e+00 1.000000e+00 -8.485281e+00
      vertex   8.039196e+00 0.000000e+00 -7.508085e+00
    endloop
  endfacet
  facet normal 5.370553e-01 -6.998177e-01 -4.709849e-01
    outer loop
      vertex   8.039196e+00 0.000000e+00 -7.508085e+00
      vertex   8.485281e+00 1.000000e+00 -8.485281e+00
      vertex   9.520240e+00 1.000000e+00 -7.305137e+00
    endloop
  endfacet
  facet normal 5.428402e-01 -7.143421e-01 -4.416332e-01
    outer loop
      vertex   8.039196e+00 0.000000e+00 -7.508085e+00
      vertex   9.520240e+00 1.000000e+00 -7.305137e+00
      vertex   8.986669e+00 0.000000e+00 -6.343484e+00
    endloop
  endfacet
  facet normal 5.944657e-01 -6.991676e-01 -3.972093e-01
    outer loop
      vertex   8.986669e+00 0.000000e+00 -6.343484e+00
      vertex   9.520240e+00 1.000000e+00 -7.305137e+00
      vertex   1.039230e+01 1.000000e+00 -6.000000e+00
    endloop
  endfacet
  facet normal 5.973973e-01 -7.149407e-01 -3.632854e-01
    outer loop
      vertex   8.986669e+00 0.000000e+00 -6.343484e+00
      vertex   1.039230e+01 1.000000e+00 -6.000000e+00
      vertex   9.766737e+00 0.000000e+00 -5.060715e+00
    endloop
  endfacet
  facet normal 6.416831e-01 -6.986462e-01 -3.164431e-01
    outer loop
      vertex   9.766737e+00 0.000000e+00 -5.060715e+00
      vertex   1.039230e+01 1.000000e+00 -6.000000e+00
      vertex   1.108655e+01 1.000000e+00 -4.592201e+00
    endloop
  endfacet
  facet normal 6.408646e-01 -7.154052e-01 -2.783668e-01
    outer loop
      vertex   9.766737e+00 0.000000e+00 -5.060715e+00
      vertex   1.108655e+01 1.000000e+00 -4.592201e+00
      vertex   1.036487e+01 0.000000e+00 -3.683676e+00
    endloop
  endfacet
  facet normal 6.778596e-01 -6.982544e-01 -2.301023e-01
    outer loop
      vertex   1.036487e+01 0.000000e+00 -3.683676e+00
      vertex   1.108655e+01 1.000000e+00 -4.592201e+00
      vertex   1.159111e+01 1.000000e+00 -3.105829e+00
    endloop
  endfacet
  facet normal 6.724731e-01 -7.157364e-01 -1.884181e-01
    outer loop
      vertex   1.036487e+01 0.000000e+00 -3.683676e+00
      vertex   1.159111e+01 1.000000e+00 -3.105829e+00
      vertex   1.076992e+01 0.000000e+00 -2.238016e+00
    endloop
  endfacet
  facet normal 7.023449e-01 -6.979929e-01 -1.397051e-01
    outer loop
      vertex   1.076992e+01 0.000000e+00 -2.238016e+00
      vertex   1.159111e+01 1.000000e+00 -3.105829e+00
      vertex   1.189734e+01 1.000000e+00 -1.566314e+00
    endloop
  endfacet
  facet normal 6.916643e-01 -7.159349e-01 -9.506707e-02
    outer loop
      vertex   1.076992e+01 0.000000e+00 -2.238016e+00
      vertex   1.189734e+01 1.000000e+00 -1.566314e+00
      vertex   1.097436e+01 0.000000e+00 -7.506665e-01
    endloop
  endfacet
  facet normal 7.146987e-01 -6.978620e-01 -4.684383e-02
    outer loop
      vertex   1.097436e+01 0.000000e+00 -7.506665e-01
      vertex   1.189734e+01 1.000000e+00 -1.566314e+00
      vertex   1.200000e+01 1.000000e+00 0.000000e+00
    endloop
  endfacet
  facet normal 6.980993e-01 -7.160010e-01 0.000000e+00
    outer loop
      vertex   1.097436e+01 0.000000e+00 -7.506665e-01
      vertex   1.200000e+01 1.000000e+00 0.000000e+00
      vertex   1.097436e+01 0.000000e+00 7.506665e-01
    endloop
  endfacet
  facet normal 7.146987e-01 -6.978620e-01 4.684383e-02
    outer loop
      vertex   1.097436e+01 0.000000e+00 7.506665e-01
      vertex   1.200000e+01 1.000000e+00 0.000000e+00
      vertex   1.189734e+01 1.000000e+00 1.566314e+00
    endloop
  endfacet
  facet normal 6.916643e-01 -7.159349e-01 9.506707e-02
    outer loop
      vertex   1.097436e+01 0.000000e+00 7.506665e-01
      vertex   1.189734e+01 1.000000e+00 1.566314e+00
      vertex   1.076992e+01 0.000000e+00 2.238016e+00
    endloop
  endfacet
  facet normal 7.023449e-01 -6.979929e-01 1.397051e-01
    outer loop
      vertex   1.076992e+01 0.000000e+00 2.238016e+00
      vertex   1.189734e+01 1.000000e+00 1.566314e+00
      vertex   1.159111e+01 1.000000e+00 3.105829e+00
    endloop
  endfacet
  facet normal 6.724731e-01 -7.157364e-01 1.884181e-01
    outer loop
      vertex   1.076992e+01 0.000000e+00 2.238016e+00
      vertex   1.159111e+01 1.000000e+00 3.105829e+00
      vertex   1.036487e+01 0.000000e+00 3.683676e+00
    endloop
  endfacet
  facet normal 6.778596e-01 -6.982544e-01 2.301023e-01
    outer loop
      vertex   1.036487e+01 0.000000e+00 3.683676e+00
      vertex   1.159111e+01 1.000000e+00 3.105829e+00
      vertex   1.108655e+01 1.000000e+00 4.592201e+00
    endloop
  endfacet
  facet normal 6.408646e-01 -7.154052e-01 2.783668e-01
    outer loop
      vertex   1.036487e+01 0.000000e+00 3.683676e+00
      vertex   1.108655e+01 1.000000e+00 4.592201e+00
      vertex   9.766737e+00 0.000000e+00 5.060715e+00
    endloop
  endfacet
  facet normal 6.416831e-01 -6.986462e-01 3.164431e-01
    outer loop
      vertex   9.766737e+00 0.000000e+00 5.060715e+00
      vertex   1.108655e+01 1.000000e+00 4.592201e+00
      vertex   1.039230e+01 1.000000e+00 6.000000e+00
    endloop
  endfacet
  facet normal 5.973973e-01 -7.149407e-01 3.632854e-01
    outer loop
      vertex   9.766737e+00 0.000000e+00 5.060715e+00
      vertex   1.039230e+01 1.000000e+00 6.000000e+00
      vertex   8.986669e+00 0.000000e+00 6.343484e+00
    endloop
  endfacet
  facet normal 5.944657e-01 -6.991676e-01 3.972093e-01
    outer loop
      vertex   8.986669e+00 0.000000e+00 6.343484e+00
      vertex   1.039230e+01 1.000000e+00 6.000000e+00
      vertex   9.520240e+00 1.000000e+00 7.305137e+00
    endloop
  endfacet
  facet normal 5.428402e-01 -7.143421e-01 4.416332e-01
    outer loop
      vertex   8.986669e+00 0.000000e+00 6.343484e+00
      vertex   9.520240e+00 1.000000e+00 7.305137e+00
      vertex   8.039196e+00 0.000000e+00 7.508085e+00
    endloop
  endfacet
  facet normal 5.370553e-01 -6.998177e-01 4.709849e-01
    outer loop
      vertex   8.039196e+00 0.000000e+00 7.508085e+00
      vertex   9.520240e+00 1.000000e+00 7.305137e+00
      vertex   8.485281e+00 1.000000e+00 8.485281e+00
    endloop
  endfacet
  facet normal 4.781591e-01 -7.136084e-01 5.119833e-01
    outer loop
      vertex   8.039196e+00 0.000000e+00 7.508085e+00
      vertex   8.485281e+00 1.000000e+00 8.485281e+00
      vertex   6.941967e+00 0.000000e+00 8.532824e+00
    endloop
  endfacet
  facet normal 4.704819e-01 -7.005955e-01 5.364818e-01
    outer loop
      vertex   6.941967e+00 0.000000e+00 8.532824e+00
      vertex   8.485281e+00 1.000000e+00 8.485281e+00
      vertex   7.305137e+00 1.000000e+00 9.520240e+00
    endloop
  endfacet
  facet normal 4.045009e-01 -7.127384e-01 5.730472e-01
    outer loop
      vertex   6.941967e+00 0.000000e+00 8.532824e+00
      vertex   7.305137e+00 1.000000e+00 9.520240e+00
      vertex   5.715423e+00 0.000000e+00 9.398613e+00
    endloop
  endfacet
  facet normal 3.959381e-01 -7.014997e-01 5.925632e-01
    outer loop
      vertex   5.715423e+00 0.000000e+00 9.398613e+00
      vertex   7.305137e+00 1.000000e+00 9.520240e+00
      vertex   6.000000e+00 1.000000e+00 1.039230e+01
    endloop
  endfacet
  facet normal 3.231739e-01 -7.117304e-01 6.236974e-01
    outer loop
      vertex   5.715423e+00 0.000000e+00 9.398613e+00
      vertex   6.000000e+00 1.000000e+00 1.039230e+01
      vertex   4.382412e+00 0.000000e+00 1.008932e+01
    endloop
  endfacet
  facet normal 3.147571e-01 -7.025289e-01 6.382642e-01
    outer loop
      vertex   4.382412e+00 0.000000e+00 1.008932e+01
      vertex   6.000000e+00 1.000000e+00 1.039230e+01
      vertex   4.592201e+00 1.000000e+00 1.108655e+01
    endloop
  endfacet
  facet normal 2.356258e-01 -7.105829e-01 6.629875e-01
    outer loop
      vertex   4.382412e+00 0.000000e+00 1.008932e+01
      vertex   4.592201e+00 1.000000e+00 1.108655e+01
      vertex   2.967764e+00 0.000000e+00 1.059209e+01
    endloop
  endfacet
  facet normal 2.283878e-01 -7.036813e-01 6.728087e-01
    outer loop
      vertex   2.967764e+00 0.000000e+00 1.059209e+01
      vertex   4.592201e+00 1.000000e+00 1.108655e+01
      vertex   3.105829e+00 1.000000e+00 1.159111e+01
    endloop
  endfacet
  facet normal 1.434188e-01 -7.092937e-01 6.901692e-01
    outer loop
      vertex   2.967764e+00 0.000000e+00 1.059209e+01
      vertex   3.105829e+00 1.000000e+00 1.159111e+01
      vertex   1.497833e+00 0.000000e+00 1.089755e+01
    endloop
  endfacet
  facet normal 1.383682e-01 -7.049553e-01 6.956237e-01
    outer loop
      vertex   1.497833e+00 0.000000e+00 1.089755e+01
      vertex   3.105829e+00 1.000000e+00 1.159111e+01
      vertex   1.566314e+00 1.000000e+00 1.189734e+01
    endloop
  endfacet
  facet normal 4.820318e-02 -7.078606e-01 7.047055e-01
    outer loop
      vertex   1.497833e+00 0.000000e+00 1.089755e+01
      vertex   1.566314e+00 1.000000e+00 1.189734e+01
      vertex   0.000000e+00 0.000000e+00 1.100000e+01
    endloop
  endfacet
  facet normal 4.629653e-02 -7.063486e-01 7.063486e-01
    outer loop
      vertex   0.000000e+00 0.000000e+00 1.100000e+01
      vertex   1.566314e+00 1.000000e+00 1.189734e+01
      vertex   0.000000e+00 1.000000e+00 1.200000e+01
    endloop
  endfacet
  facet normal 0.000000e+00 -7.071068e-01 -7.071068e-01
    outer loop
      vertex   -1.500000e+02 1.000000e+00 -1.200000e+01
      vertex   0.000000e+00 1.000000e+00 -1.200000e+01
      vertex   -1.500000e+02 0.000000e+00 -1.100000e+01
    endloop
  endfacet
  facet normal 0.000000e+00 -7.071068e-01 -7.071068e-01
    outer loop
      vertex   -1.500000e+02 0.000000e+00 -1.100000e+01
      vertex   0.000000e+00 1.000000e+00 -1.200000e+01
      vertex   6.735557e-16 0.000000e+00 -1.100000e+01
    endloop
  endfacet
  facet normal 0.000000e+00 -1.000000e+00 0.000000e+00
    outer loop
      vertex   2.414815e+00 0.000000e+00 6.470476e-01
      vertex   2.500000e+00 0.000000e+00 -3.061617e-16
      vertex   4.300000e+00 0.000000e+00 3.252985e-15
    endloop
  endfacet
  facet normal 0.000000e+00 -1.000000e+00 0.000000e+00
    outer loop
      vertex   4.300000e+00 0.000000e+00 3.252985e-15
      vertex   2.500000e+00 0.000000e+00 -3.061617e-16
      vertex   2.414815e+00 0.000000e+00 -6.470476e-01
    endloop
  endfacet
  facet normal 0.000000e+00 -1.000000e+00 -0.000000e+00
    outer loop
      vertex   4.300000e+00 0.000000e+00 3.252985e-15
      vertex   2.414815e+00 0.000000e+00 -6.470476e-01
      vertex   4.392000e+00 0.000000e+00 -6.988114e-01
    endloop
  endfacet
  facet normal -0.000000e+00 -1.000000e+00 0.000000e+00
    outer loop
      vertex   4.392000e+00 0.000000e+00 -6.988114e-01
      vertex   2.414815e+00 0.000000e+00 -6.470476e-01
      vertex   2.165064e+00 0.000000e+00 -1.250000e+00
    endloop
  endfacet
  facet normal 0.000000e+00 -1.000000e+00 -0.000000e+00
    outer loop
      vertex   4.392000e+00 0.000000e+00 -6.988114e-01
      vertex   2.165064e+00 0.000000e+00 -1.250000e+00
      vertex   4.661732e+00 0.000000e+00 -1.350000e+00
    endloop
  endfacet
  facet normal -0.000000e+00 -1.000000e+00 0.000000e+00
    outer loop
      vertex   4.661732e+00 0.000000e+00 -1.350000e+00
      vertex   2.165064e+00 0.000000e+00 -1.250000e+00
      vertex   1.767767e+00 0.000000e+00 -1.767767e+00
    endloop
  endfacet
  facet normal 0.000000e+00 -1.000000e+00 -0.000000e+00
    outer loop
      vertex   4.661732e+00 0.000000e+00 -1.350000e+00
      vertex   1.767767e+00 0.000000e+00 -1.767767e+00
      vertex   5.090812e+00 0.000000e+00 -1.909188e+00
    endloop
  endfacet
  facet normal -0.000000e+00 -1.000000e+00 0.000000e+00
    outer loop
      vertex   5.090812e+00 0.000000e+00 -1.909188e+00
      vertex   1.767767e+00 0.000000e+00 -1.767767e+00
      vertex   1.250000e+00 0.000000e+00 -2.165064e+00
    endloop
  endfacet
  facet normal 0.000000e+00 -1.000000e+00 -0.000000e+00
    outer loop
      vertex   5.090812e+00 0.000000e+00 -1.909188e+00
      vertex   1.250000e+00 0.000000e+00 -2.165064e+00
      vertex   5.650000e+00 0.000000e+00 -2.338269e+00
    endloop
  endfacet
  facet normal -0.000000e+00 -1.000000e+00 0.000000e+00
    outer loop
      vertex   5.650000e+00 0.000000e+00 -2.338269e+00
      vertex   1.250000e+00 0.000000e+00 -2.165064e+00
      vertex   6.470476e-01 0.000000e+00 -2.414815e+00
    endloop
  endfacet
  facet normal 0.000000e+00 -1.000000e+00 -0.000000e+00
    outer loop
      vertex   5.650000e+00 0.000000e+00 -2.338269e+00
      vertex   6.470476e-01 0.000000e+00 -2.414815e+00
      vertex   6.301189e+00 0.000000e+00 -2.608000e+00
    endloop
  endfacet
  facet normal 0.000000e+00 -1.000000e+00 0.000000e+00
    outer loop
      vertex   6.301189e+00 0.000000e+00 -2.608000e+00
      vertex   6.470476e-01 0.000000e+00 -2.414815e+00
      vertex   -1.530808e-16 0.000000e+00 -2.500000e+00
    endloop
  endfacet
  facet normal -0.000000e+00 -1.000000e+00 -0.000000e+00
    outer loop
      vertex   6.301189e+00 0.000000e+00 -2.608000e+00
      vertex   -1.530808e-16 0.000000e+00 -2.500000e+00
      vertex   7.000000e+00 0.000000e+00 -2.700000e+00
    endloop
  endfacet
  facet normal -0.000000e+00 -1.000000e+00 0.000000e+00
    outer loop
      vertex   7.000000e+00 0.000000e+00 -2.700000e+00
      vertex   -1.530808e-16 0.000000e+00 -2.500000e+00
      vertex   1.941684e-15 0.000000e+00 -4.300000e+00
    endloop
  endfacet
  facet normal 0.000000e+00 -1.000000e+00 -0.000000e+00
    outer loop
      vertex   7.000000e+00 0.000000e+00 -2.700000e+00
      vertex   1.941684e-15 0.000000e+00 -4.300000e+00
      vertex   1.036487e+01 0.000000e+00 -3.683676e+00
    endloop
  endfacet
  facet normal 0.000000e+00 -1.000000e+00 0.000000e+00
    outer loop
      vertex   1.036487e+01 0.000000e+00 -3.683676e+00
      vertex   1.941684e-15 0.000000e+00 -4.300000e+00
      vertex   6.988114e-01 0.000000e+00 -4.392000e+00
    endloop
  endfacet
  facet normal 0.000000e+00 -1.000000e+00 0.000000e+00
    outer loop
      vertex   1.036487e+01 0.000000e+00 -3.683676e+00
      vertex   6.988114e-01 0.000000e+00 -4.392000e+00
      vertex   1.350000e+00 0.000000e+00 -4.661732e+00
    endloop
  endfacet
  facet normal 0.000000e+00 -1.000000e+00 -0.000000e+00
    outer loop
      vertex   -6.470476e-01 0.000000e+00 -2.414815e+00
      vertex   -6.301189e+00 0.000000e+00 -2.608000e+00
      vertex   -1.530808e-16 0.000000e+00 -2.500000e+00
    endloop
  endfacet
  facet normal 0.000000e+00 -1.000000e+00 0.000000e+00
    outer loop
      vertex   -1.530808e-16 0.000000e+00 -2.500000e+00
      vertex   -6.301189e+00 0.000000e+00 -2.608000e+00
      vertex   -7.000000e+00 0.000000e+00 -2.700000e+00
    endloop
  endfacet
  facet normal 0.000000e+00 -1.000000e+00 -0.000000e+00
    outer loop
      vertex   -1.530808e-16 0.000000e+00 -2.500000e+00
      vertex   -7.000000e+00 0.000000e+00 -2.700000e+00
      vertex   1.941684e-15 0.000000e+00 -4.300000e+00
    endloop
  endfacet
  facet normal -0.000000e+00 -1.000000e+00 0.000000e+00
    outer loop
      vertex   1.941684e-15 0.000000e+00 -4.300000e+00
      vertex   -7.000000e+00 0.000000e+00 -2.700000e+00
      vertex   -6.988114e-01 0.000000e+00 -4.392000e+00
    endloop
  endfacet
  facet normal -0.000000e+00 -1.000000e+00 0.000000e+00
    outer loop
      vertex   -6.988114e-01 0.000000e+00 -4.392000e+00
      vertex   -7.000000e+00 0.000000e+00 -2.700000e+00
      vertex   -1.350000e+00 0.000000e+00 -4.661732e+00
    endloop
  endfacet
  facet normal -0.000000e+00 -1.000000e+00 0.000000e+00
    outer loop
      vertex   -1.350000e+00 0.000000e+00 -4.661732e+00
      vertex   -7.000000e+00 0.000000e+00 -2.700000e+00
      vertex   -1.909188e+00 0.000000e+00 -5.090812e+00
    endloop
  endfacet
  facet normal 0.000000e+00 -1.000000e+00 0.000000e+00
    outer loop
      vertex   -1.909188e+00 0.000000e+00 -5.090812e+00
      vertex   -7.000000e+00 0.000000e+00 -2.700000e+00
      vertex   -7.698812e+00 0.000000e+00 -2.608000e+00
    endloop
  endfacet
  facet normal -0.000000e+00 -1.000000e+00 0.000000e+00
    outer loop
      vertex   -1.909188e+00 0.000000e+00 -5.090812e+00
      vertex   -7.698812e+00 0.000000e+00 -2.608000e+00
      vertex   -2.338269e+00 0.000000e+00 -5.650000e+00
    endloop
  endfacet
  facet normal -0.000000e+00 -1.000000e+00 0.000000e+00
    outer loop
      vertex   -2.338269e+00 0.000000e+00 -5.650000e+00
      vertex   -7.698812e+00 0.000000e+00 -2.608000e+00
      vertex   -2.608000e+00 0.000000e+00 -6.301189e+00
    endloop
  endfacet
  facet normal -0.000000e+00 -1.000000e+00 0.000000e+00
    outer loop
      vertex   -2.608000e+00 0.000000e+00 -6.301189e+00
      vertex   -7.698812e+00 0.000000e+00 -2.608000e+00
      vertex   -1.500000e+02 0.000000e+00 -1.100000e+01
    endloop
  endfacet
  facet normal 0.000000e+00 -1.000000e+00 0.000000e+00
    outer loop
      vertex   -2.608000e+00 0.000000e+00 -6.301189e+00
      vertex   -1.500000e+02 0.000000e+00 -1.100000e+01
      vertex   -2.700000e+00 0.000000e+00 -7.000000e+00
    endloop
  endfacet
  facet normal 0.000000e+00 -1.000000e+00 -0.000000e+00
    outer loop
      vertex   -2.700000e+00 0.000000e+00 -7.000000e+00
      vertex   -1.500000e+02 0.000000e+00 -1.100000e+01
      vertex   -2.608000e+00 0.000000e+00 -7.698812e+00
    endloop
  endfacet
  facet normal 0.000000e+00 -1.000000e+00 -0.000000e+00
    outer loop
      vertex   -2.608000e+00 0.000000e+00 -7.698812e+00
      vertex   -1.500000e+02 0.000000e+00 -1.100000e+01
      vertex   -2.338269e+00 0.000000e+00 -8.350000e+00
    endloop
  endfacet
  facet normal 0.000000e+00 -1.000000e+00 -0.000000e+00
    outer loop
      vertex   -2.338269e+00 0.000000e+00 -8.350000e+00
      vertex   -1.500000e+02 0.000000e+00 -1.100000e+01
      vertex   -1.909188e+00 0.000000e+00 -8.909188e+00
    endloop
  endfacet
  facet normal 0.000000e+00 -1.000000e+00 -0.000000e+00
    outer loop
      vertex   -1.909188e+00 0.000000e+00 -8.909188e+00
      vertex   -1.500000e+02 0.000000e+00 -1.100000e+01
      vertex   -1.350000e+00 0.000000e+00 -9.338269e+00
    endloop
  endfacet
  facet normal 0.000000e+00 -1.000000e+00 -0.000000e+00
    outer loop
      vertex   -1.350000e+00 0.000000e+00 -9.338269e+00
      vertex   -1.500000e+02 0.000000e+00 -1.100000e+01
      vertex   6.735557e-16 0.000000e+00 -1.100000e+01
    endloop
  endfacet
  facet normal 0.000000e+00 -1.000000e+00 0.000000e+00
    outer loop
      vertex   -1.350000e+00 0.000000e+00 -9.338269e+00
      vertex   6.735557e-16 0.000000e+00 -1.100000e+01
      vertex   -6.988114e-01 0.000000e+00 -9.608000e+00
    endloop
  endfacet
  facet normal 0.000000e+00 -1.000000e+00 0.000000e+00
    outer loop
      vertex   -6.988114e-01 0.000000e+00 -9.608000e+00
      vertex   6.735557e-16 0.000000e+00 -1.100000e+01
      vertex   1.941684e-15 0.000000e+00 -9.700000e+00
    endloop
  endfacet
  facet normal 0.000000e+00 -1.000000e+00 -0.000000e+00
    outer loop
      vertex   1.941684e-15 0.000000e+00 -9.700000e+00
      vertex   6.735557e-16 0.000000e+00 -1.100000e+01
      vertex   1.497833e+00 0.000000e+00 -1.089755e+01
    endloop
  endfacet
  facet normal 0.000000e+00 -1.000000e+00 0.000000e+00
    outer loop
      vertex   1.941684e-15 0.000000e+00 -9.700000e+00
      vertex   1.497833e+00 0.000000e+00 -1.089755e+01
      vertex   2.967764e+00 0.000000e+00 -1.059209e+01
    endloop
  endfacet
  facet normal 0.000000e+00 -1.000000e+00 0.000000e+00
    outer loop
      vertex   -6.301189e+00 0.000000e+00 -2.608000e+00
      vertex   -6.470476e-01 0.000000e+00 -2.414815e+00
      vertex   -5.650000e+00 0.000000e+00 -2.338269e+00
    endloop
  endfacet
  facet normal 0.000000e+00 -1.000000e+00 0.000000e+00
    outer loop
      vertex   -5.650000e+00 0.000000e+00 -2.338269e+00
      vertex   -6.470476e-01 0.000000e+00 -2.414815e+00
      vertex   -1.250000e+00 0.000000e+00 -2.165064e+00
    endloop
  endfacet
  facet normal 0.000000e+00 -1.000000e+00 0.000000e+00
    outer loop
      vertex   -5.650000e+00 0.000000e+00 -2.338269e+00
      vertex   -1.250000e+00 0.000000e+00 -2.165064e+00
      vertex   -5.090812e+00 0.000000e+00 -1.909188e+00
    endloop
  endfacet
  facet normal 0.000000e+00 -1.000000e+00 0.000000e+00
    outer loop
      vertex   -5.090812e+00 0.000000e+00 -1.909188e+00
      vertex   -1.250000e+00 0.000000e+00 -2.165064e+00
      vertex   -1.767767e+00 0.000000e+00 -1.767767e+00
    endloop
  endfacet
  facet normal 0.000000e+00 -1.000000e+00 0.000000e+00
    outer loop
      vertex   -5.090812e+00 0.000000e+00 -1.909188e+00
      vertex   -1.767767e+00 0.000000e+00 -1.767767e+00
      vertex   -4.661732e+00 0.000000e+00 -1.350000e+00
    endloop
  endfacet
  facet normal 0.000000e+00 -1.000000e+00 0.000000e+00
    outer loop
      vertex   -4.661732e+00 0.000000e+00 -1.350000e+00
      vertex   -1.767767e+00 0.000000e+00 -1.767767e+00
      vertex   -2.165064e+00 0.000000e+00 -1.250000e+00
    endloop
  endfacet
  facet normal 0.000000e+00 -1.000000e+00 0.000000e+00
    outer loop
      vertex   -4.661732e+00 0.000000e+00 -1.350000e+00
      vertex   -2.165064e+00 0.000000e+00 -1.250000e+00
      vertex   -4.392000e+00 0.000000e+00 -6.988114e-01
    endloop
  endfacet
  facet normal 0.000000e+00 -1.000000e+00 0.000000e+00
    outer loop
      vertex   -4.392000e+00 0.000000e+00 -6.988114e-01
      vertex   -2.165064e+00 0.000000e+00 -1.250000e+00
      vertex   -2.414815e+00 0.000000e+00 -6.470476e-01
    endloop
  endfacet
  facet normal 0.000000e+00 -1.000000e+00 0.000000e+00
    outer loop
      vertex   -4.392000e+00 0.000000e+00 -6.988114e-01
      vertex   -2.414815e+00 0.000000e+00 -6.470476e-01
      vertex   -4.300000e+00 0.000000e+00 0.000000e+00
    endloop
  endfacet
  facet normal 0.000000e+00 -1.000000e+00 0.000000e+00
    outer loop
      vertex   -4.300000e+00 0.000000e+00 0.000000e+00
      vertex   -2.414815e+00 0.000000e+00 -6.470476e-01
      vertex   -2.500000e+00 0.000000e+00 0.000000e+00
    endloop
  endfacet
  facet normal 0.000000e+00 -1.000000e+00 0.000000e+00
    outer loop
      vertex   -4.300000e+00 0.000000e+00 0.000000e+00
      vertex   -2.500000e+00 0.000000e+00 0.000000e+00
      vertex   -2.414815e+00 0.000000e+00 6.470476e-01
    endloop
  endfacet
  facet normal 0.000000e+00 -1.000000e+00 0.000000e+00
    outer loop
      vertex   -4.300000e+00 0.000000e+00 0.000000e+00
      vertex   -2.414815e+00 0.000000e+00 6.470476e-01
      vertex   -4.392000e+00 0.000000e+00 6.988114e-01
    endloop
  endfacet
  facet normal 0.000000e+00 -1.000000e+00 0.000000e+00
    outer loop
      vertex   -4.392000e+00 0.000000e+00 6.988114e-01
      vertex   -2.414815e+00 0.000000e+00 6.470476e-01
      vertex   -2.165064e+00 0.000000e+00 1.250000e+00
    endloop
  endfacet
  facet normal 0.000000e+00 -1.000000e+00 0.000000e+00
    outer loop
      vertex   -4.392000e+00 0.000000e+00 6.988114e-01
      vertex   -2.165064e+00 0.000000e+00 1.250000e+00
      vertex   -4.661732e+00 0.000000e+00 1.350000e+00
    endloop
  endfacet
  facet normal 0.000000e+00 -1.000000e+00 0.000000e+00
    outer loop
      vertex   -4.661732e+00 0.000000e+00 1.350000e+00
      vertex   -2.165064e+00 0.000000e+00 1.250000e+00
      vertex   -1.767767e+00 0.000000e+00 1.767767e+00
    endloop
  endfacet
  facet normal 0.000000e+00 -1.000000e+00 0.000000e+00
    outer loop
      vertex   -4.661732e+00 0.000000e+00 1.350000e+00
      vertex   -1.767767e+00 0.000000e+00 1.767767e+00
      vertex   -5.090812e+00 0.000000e+00 1.909188e+00
    endloop
  endfacet
  facet normal 0.000000e+00 -1.000000e+00 0.000000e+00
    outer loop
      vertex   -5.090812e+00 0.000000e+00 1.909188e+00
      vertex   -1.767767e+00 0.000000e+00 1.767767e+00
      vertex   -1.250000e+00 0.000000e+00 2.165064e+00
    endloop
  endfacet
  facet normal 0.000000e+00 -1.000000e+00 0.000000e+00
    outer loop
      vertex   -5.090812e+00 0.000000e+00 1.909188e+00
      vertex   -1.250000e+00 0.000000e+00 2.165064e+00
      vertex   -5.650000e+00 0.000000e+00 2.338269e+00
    endloop
  endfacet
  facet normal 0.000000e+00 -1.000000e+00 0.000000e+00
    outer loop
      vertex   -5.650000e+00 0.000000e+00 2.338269e+00
      vertex   -1.250000e+00 0.000000e+00 2.165064e+00
      vertex   -6.470476e-01 0.000000e+00 2.414815e+00
    endloop
  endfacet
  facet normal 0.000000e+00 -1.000000e+00 0.000000e+00
    outer loop
      vertex   -5.650000e+00 0.000000e+00 2.338269e+00
      vertex   -6.470476e-01 0.000000e+00 2.414815e+00
      vertex   -6.301189e+00 0.000000e+00 2.608000e+00
    endloop
  endfacet
  facet normal 0.000000e+00 -1.000000e+00 0.000000e+00
    outer loop
      vertex   -6.301189e+00 0.000000e+00 2.608000e+00
      vertex   -6.470476e-01 0.000000e+00 2.414815e+00
      vertex   -1.530808e-16 0.000000e+00 2.500000e+00
    endloop
  endfacet
  facet normal 0.000000e+00 -1.000000e+00 0.000000e+00
    outer loop
      vertex   -6.301189e+00 0.000000e+00 2.608000e+00
      vertex   -1.530808e-16 0.000000e+00 2.500000e+00
      vertex   -7.000000e+00 0.000000e+00 2.700000e+00
    endloop
  endfacet
  facet normal 0.000000e+00 -1.000000e+00 0.000000e+00
    outer loop
      vertex   -7.000000e+00 0.000000e+00 2.700000e+00
      vertex   -1.530808e-16 0.000000e+00 2.500000e+00
      vertex   6.094166e-16 0.000000e+00 4.300000e+00
    endloop
  endfacet
  facet normal 0.000000e+00 -1.000000e+00 0.000000e+00
    outer loop
      vertex   -7.000000e+00 0.000000e+00 2.700000e+00
      vertex   6.094166e-16 0.000000e+00 4.300000e+00
      vertex   -6.988114e-01 0.000000e+00 4.392000e+00
    endloop
  endfacet
  facet normal 0.000000e+00 -1.000000e+00 0.000000e+00
    outer loop
      vertex   6.470476e-01 0.000000e+00 2.414815e+00
      vertex   6.301189e+00 0.000000e+00 2.608000e+00
      vertex   -1.530808e-16 0.000000e+00 2.500000e+00
    endloop
  endfacet
  facet normal 0.000000e+00 -1.000000e+00 0.000000e+00
    outer loop
      vertex   -1.530808e-16 0.000000e+00 2.500000e+00
      vertex   6.301189e+00 0.000000e+00 2.608000e+00
      vertex   7.000000e+00 0.000000e+00 2.700000e+00
    endloop
  endfacet
  facet normal 0.000000e+00 -1.000000e+00 0.000000e+00
    outer loop
      vertex   -1.530808e-16 0.000000e+00 2.500000e+00
      vertex   7.000000e+00 0.000000e+00 2.700000e+00
      vertex   6.094166e-16 0.000000e+00 4.300000e+00
    endloop
  endfacet
  facet normal 0.000000e+00 -1.000000e+00 0.000000e+00
    outer loop
      vertex   6.094166e-16 0.000000e+00 4.300000e+00
      vertex   7.000000e+00 0.000000e+00 2.700000e+00
      vertex   1.036487e+01 0.000000e+00 3.683676e+00
    endloop
  endfacet
  facet normal 0.000000e+00 -1.000000e+00 0.000000e+00
    outer loop
      vertex   6.094166e-16 0.000000e+00 4.300000e+00
      vertex   1.036487e+01 0.000000e+00 3.683676e+00
      vertex   6.988114e-01 0.000000e+00 4.392000e+00
    endloop
  endfacet
  facet normal 0.000000e+00 -1.000000e+00 0.000000e+00
    outer loop
      vertex   6.988114e-01 0.000000e+00 4.392000e+00
      vertex   1.036487e+01 0.000000e+00 3.683676e+00
      vertex   1.350000e+00 0.000000e+00 4.661732e+00
    endloop
  endfacet
  facet normal 0.000000e+00 -1.000000e+00 0.000000e+00
    outer loop
      vertex   1.350000e+00 0.000000e+00 4.661732e+00
      vertex   1.036487e+01 0.000000e+00 3.683676e+00
      vertex   9.766737e+00 0.000000e+00 5.060715e+00
    endloop
  endfacet
  facet normal 0.000000e+00 -1.000000e+00 0.000000e+00
    outer loop
      vertex   1.350000e+00 0.000000e+00 4.661732e+00
      vertex   9.766737e+00 0.000000e+00 5.060715e+00
      vertex   1.909188e+00 0.000000e+00 5.090812e+00
    endloop
  endfacet
  facet normal 0.000000e+00 -1.000000e+00 0.000000e+00
    outer loop
      vertex   1.909188e+00 0.000000e+00 5.090812e+00
      vertex   9.766737e+00 0.000000e+00 5.060715e+00
      vertex   2.338269e+00 0.000000e+00 5.650000e+00
    endloop
  endfacet
  facet normal 0.000000e+00 -1.000000e+00 0.000000e+00
    outer loop
      vertex   2.338269e+00 0.000000e+00 5.650000e+00
      vertex   9.766737e+00 0.000000e+00 5.060715e+00
      vertex   8.986669e+00 0.000000e+00 6.343484e+00
    endloop
  endfacet
  facet normal 0.000000e+00 -1.000000e+00 0.000000e+00
    outer loop
      vertex   2.338269e+00 0.000000e+00 5.650000e+00
      vertex   8.986669e+00 0.000000e+00 6.343484e+00
      vertex   2.608000e+00 0.000000e+00 6.301189e+00
    endloop
  endfacet
  facet normal 0.000000e+00 -1.000000e+00 0.000000e+00
    outer loop
      vertex   2.608000e+00 0.000000e+00 6.301189e+00
      vertex   8.986669e+00 0.000000e+00 6.343484e+00
      vertex   2.700000e+00 0.000000e+00 7.000000e+00
    endloop
  endfacet
  facet normal 0.000000e+00 -1.000000e+00 0.000000e+00
    outer loop
      vertex   2.700000e+00 0.000000e+00 7.000000e+00
      vertex   8.986669e+00 0.000000e+00 6.343484e+00
      vertex   8.039196e+00 0.000000e+00 7.508085e+00
    endloop
  endfacet
  facet normal 0.000000e+00 -1.000000e+00 0.000000e+00
    outer loop
      vertex   2.700000e+00 0.000000e+00 7.000000e+00
      vertex   8.039196e+00 0.000000e+00 7.508085e+00
      vertex   2.608000e+00 0.000000e+00 7.698812e+00
    endloop
  endfacet
  facet normal 0.000000e+00 -1.000000e+00 0.000000e+00
    outer loop
      vertex   2.608000e+00 0.000000e+00 7.698812e+00
      vertex   8.039196e+00 0.000000e+00 7.508085e+00
      vertex   6.941967e+00 0.000000e+00 8.532824e+00
    endloop
  endfacet
  facet normal 0.000000e+00 -1.000000e+00 0.000000e+00
    outer loop
      vertex   2.608000e+00 0.000000e+00 7.698812e+00
      vertex   6.941967e+00 0.000000e+00 8.532824e+00
      vertex   2.338269e+00 0.000000e+00 8.350000e+00
    endloop
  endfacet
  facet normal 0.000000e+00 -1.000000e+00 0.000000e+00
    outer loop
      vertex   2.338269e+00 0.000000e+00 8.350000e+00
      vertex   6.941967e+00 0.000000e+00 8.532824e+00
      vertex   1.909188e+00 0.000000e+00 8.909188e+00
    endloop
  endfacet
  facet normal 0.000000e+00 -1.000000e+00 0.000000e+00
    outer loop
      vertex   1.909188e+00 0.000000e+00 8.909188e+00
      vertex   6.941967e+00 0.000000e+00 8.532824e+00
      vertex   5.715423e+00 0.000000e+00 9.398613e+00
    endloop
  endfacet
  facet normal 0.000000e+00 -1.000000e+00 0.000000e+00
    outer loop
      vertex   1.909188e+00 0.000000e+00 8.909188e+00
      vertex   5.715423e+00 0.000000e+00 9.398613e+00
      vertex   1.350000e+00 0.000000e+00 9.338269e+00
    endloop
  endfacet
  facet normal 0.000000e+00 -1.000000e+00 0.000000e+00
    outer loop
      vertex   1.350000e+00 0.000000e+00 9.338269e+00
      vertex   5.715423e+00 0.000000e+00 9.398613e+00
      vertex   6.988114e-01 0.000000e+00 9.608000e+00
    endloop
  endfacet
  facet normal 0.000000e+00 -1.000000e+00 0.000000e+00
    outer loop
      vertex   6.988114e-01 0.000000e+00 9.608000e+00
      vertex   5.715423e+00 0.000000e+00 9.398613e+00
      vertex   4.382412e+00 0.000000e+00 1.008932e+01
    endloop
  endfacet
  facet normal 0.000000e+00 -1.000000e+00 0.000000e+00
    outer loop
      vertex   6.988114e-01 0.000000e+00 9.608000e+00
      vertex   4.382412e+00 0.000000e+00 1.008932e+01
      vertex   6.094166e-16 0.000000e+00 9.700000e+00
    endloop
  endfacet
  facet normal 0.000000e+00 -1.000000e+00 0.000000e+00
    outer loop
      vertex   6.094166e-16 0.000000e+00 9.700000e+00
      vertex   4.382412e+00 0.000000e+00 1.008932e+01
      vertex   2.967764e+00 0.000000e+00 1.059209e+01
    endloop
  endfacet
  facet normal 0.000000e+00 -1.000000e+00 0.000000e+00
    outer loop
      vertex   6.094166e-16 0.000000e+00 9.700000e+00
      vertex   2.967764e+00 0.000000e+00 1.059209e+01
      vertex   1.497833e+00 0.000000e+00 1.089755e+01
    endloop
  endfacet
  facet normal 0.000000e+00 -1.000000e+00 0.000000e+00
    outer loop
      vertex   6.301189e+00 0.000000e+00 2.608000e+00
      vertex   6.470476e-01 0.000000e+00 2.414815e+00
      vertex   5.650000e+00 0.000000e+00 2.338269e+00
    endloop
  endfacet
  facet normal -0.000000e+00 -1.000000e+00 0.000000e+00
    outer loop
      vertex   5.650000e+00 0.000000e+00 2.338269e+00
      vertex   6.470476e-01 0.000000e+00 2.414815e+00
      vertex   1.250000e+00 0.000000e+00 2.165064e+00
    endloop
  endfacet
  facet normal 0.000000e+00 -1.000000e+00 0.000000e+00
    outer loop
      vertex   5.650000e+00 0.000000e+00 2.338269e+00
      vertex   1.250000e+00 0.000000e+00 2.165064e+00
      vertex   5.090812e+00 0.000000e+00 1.909188e+00
    endloop
  endfacet
  facet normal -0.000000e+00 -1.000000e+00 0.000000e+00
    outer loop
      vertex   5.090812e+00 0.000000e+00 1.909188e+00
      vertex   1.250000e+00 0.000000e+00 2.165064e+00
      vertex   1.767767e+00 0.000000e+00 1.767767e+00
    endloop
  endfacet
  facet normal 0.000000e+00 -1.000000e+00 0.000000e+00
    outer loop
      vertex   5.090812e+00 0.000000e+00 1.909188e+00
      vertex   1.767767e+00 0.000000e+00 1.767767e+00
      vertex   4.661732e+00 0.000000e+00 1.350000e+00
    endloop
  endfacet
  facet normal -0.000000e+00 -1.000000e+00 0.000000e+00
    outer loop
      vertex   4.661732e+00 0.000000e+00 1.350000e+00
      vertex   1.767767e+00 0.000000e+00 1.767767e+00
      vertex   2.165064e+00 0.000000e+00 1.250000e+00
    endloop
  endfacet
  facet normal 0.000000e+00 -1.000000e+00 0.000000e+00
    outer loop
      vertex   4.661732e+00 0.000000e+00 1.350000e+00
      vertex   2.165064e+00 0.000000e+00 1.250000e+00
      vertex   4.392000e+00 0.000000e+00 6.988114e-01
    endloop
  endfacet
  facet normal -0.000000e+00 -1.000000e+00 0.000000e+00
    outer loop
      vertex   4.392000e+00 0.000000e+00 6.988114e-01
      vertex   2.165064e+00 0.000000e+00 1.250000e+00
      vertex   2.414815e+00 0.000000e+00 6.470476e-01
    endloop
  endfacet
  facet normal 0.000000e+00 -1.000000e+00 0.000000e+00
    outer loop
      vertex   4.392000e+00 0.000000e+00 6.988114e-01
      vertex   2.414815e+00 0.000000e+00 6.470476e-01
      vertex   4.300000e+00 0.000000e+00 3.252985e-15
    endloop
  endfacet
  facet normal 0.000000e+00 -1.000000e+00 0.000000e+00
    outer loop
      vertex   2.967764e+00 0.000000e+00 -1.059209e+01
      vertex   4.382412e+00 0.000000e+00 -1.008932e+01
      vertex   1.941684e-15 0.000000e+00 -9.700000e+00
    endloop
  endfacet
  facet normal 0.000000e+00 -1.000000e+00 0.000000e+00
    outer loop
      vertex   1.941684e-15 0.000000e+00 -9.700000e+00
      vertex   4.382412e+00 0.000000e+00 -1.008932e+01
      vertex   6.988114e-01 0.000000e+00 -9.608000e+00
    endloop
  endfacet
  facet normal 0.000000e+00 -1.000000e+00 0.000000e+00
    outer loop
      vertex   6.988114e-01 0.000000e+00 -9.608000e+00
      vertex   4.382412e+00 0.000000e+00 -1.008932e+01
      vertex   5.715423e+00 0.000000e+00 -9.398613e+00
    endloop
  endfacet
  facet normal 0.000000e+00 -1.000000e+00 0.000000e+00
    outer loop
      vertex   6.988114e-01 0.000000e+00 -9.608000e+00
      vertex   5.715423e+00 0.000000e+00 -9.398613e+00
      vertex   1.350000e+00 0.000000e+00 -9.338269e+00
    endloop
  endfacet
  facet normal 0.000000e+00 -1.000000e+00 0.000000e+00
    outer loop
      vertex   1.350000e+00 0.000000e+00 -9.338269e+00
      vertex   5.715423e+00 0.000000e+00 -9.398613e+00
      vertex   1.909188e+00 0.000000e+00 -8.909188e+00
    endloop
  endfacet
  facet normal 0.000000e+00 -1.000000e+00 0.000000e+00
    outer loop
      vertex   1.909188e+00 0.000000e+00 -8.909188e+00
      vertex   5.715423e+00 0.000000e+00 -9.398613e+00
      vertex   6.941967e+00 0.000000e+00 -8.532824e+00
    endloop
  endfacet
  facet normal 0.000000e+00 -1.000000e+00 0.000000e+00
    outer loop
      vertex   1.909188e+00 0.000000e+00 -8.909188e+00
      vertex   6.941967e+00 0.000000e+00 -8.532824e+00
      vertex   2.338269e+00 0.000000e+00 -8.350000e+00
    endloop
  endfacet
  facet normal 0.000000e+00 -1.000000e+00 0.000000e+00
    outer loop
      vertex   2.338269e+00 0.000000e+00 -8.350000e+00
      vertex   6.941967e+00 0.000000e+00 -8.532824e+00
      vertex   2.608000e+00 0.000000e+00 -7.698812e+00
    endloop
  endfacet
  facet normal 0.000000e+00 -1.000000e+00 0.000000e+00
    outer loop
      vertex   2.608000e+00 0.000000e+00 -7.698812e+00
      vertex   6.941967e+00 0.000000e+00 -8.532824e+00
      vertex   8.039196e+00 0.000000e+00 -7.508085e+00
    endloop
  endfacet
  facet normal 0.000000e+00 -1.000000e+00 0.000000e+00
    outer loop
      vertex   2.608000e+00 0.000000e+00 -7.698812e+00
      vertex   8.039196e+00 0.000000e+00 -7.508085e+00
      vertex   2.700000e+00 0.000000e+00 -7.000000e+00
    endloop
  endfacet
  facet normal 0.000000e+00 -1.000000e+00 0.000000e+00
    outer loop
      vertex   2.700000e+00 0.000000e+00 -7.000000e+00
      vertex   8.039196e+00 0.000000e+00 -7.508085e+00
      vertex   8.986669e+00 0.000000e+00 -6.343484e+00
    endloop
  endfacet
  facet normal 0.000000e+00 -1.000000e+00 0.000000e+00
    outer loop
      vertex   2.700000e+00 0.000000e+00 -7.000000e+00
      vertex   8.986669e+00 0.000000e+00 -6.343484e+00
      vertex   2.608000e+00 0.000000e+00 -6.301189e+00
    endloop
  endfacet
  facet normal 0.000000e+00 -1.000000e+00 0.000000e+00
    outer loop
      vertex   2.608000e+00 0.000000e+00 -6.301189e+00
      vertex   8.986669e+00 0.000000e+00 -6.343484e+00
      vertex   2.338269e+00 0.000000e+00 -5.650000e+00
    endloop
  endfacet
  facet normal 0.000000e+00 -1.000000e+00 0.000000e+00
    outer loop
      vertex   2.338269e+00 0.000000e+00 -5.650000e+00
      vertex   8.986669e+00 0.000000e+00 -6.343484e+00
      vertex   9.766737e+00 0.000000e+00 -5.060715e+00
    endloop
  endfacet
  facet normal 0.000000e+00 -1.000000e+00 0.000000e+00
    outer loop
      vertex   2.338269e+00 0.000000e+00 -5.650000e+00
      vertex   9.766737e+00 0.000000e+00 -5.060715e+00
      vertex   1.909188e+00 0.000000e+00 -5.090812e+00
    endloop
  endfacet
  facet normal 0.000000e+00 -1.000000e+00 0.000000e+00
    outer loop
      vertex   1.909188e+00 0.000000e+00 -5.090812e+00
      vertex   9.766737e+00 0.000000e+00 -5.060715e+00
      vertex   1.350000e+00 0.000000e+00 -4.661732e+00
    endloop
  endfacet
  facet normal 0.000000e+00 -1.000000e+00 0.000000e+00
    outer loop
      vertex   1.350000e+00 0.000000e+00 -4.661732e+00
      vertex   9.766737e+00 0.000000e+00 -5.060715e+00
      vertex   1.036487e+01 0.000000e+00 -3.683676e+00
    endloop
  endfacet
  facet normal 0.000000e+00 -1.000000e+00 0.000000e+00
    outer loop
      vertex   7.000000e+00 0.000000e+00 -2.700000e+00
      vertex   1.036487e+01 0.000000e+00 -3.683676e+00
      vertex   7.698812e+00 0.000000e+00 -2.608000e+00
    endloop
  endfacet
  facet normal 0.000000e+00 -1.000000e+00 0.000000e+00
    outer loop
      vertex   7.698812e+00 0.000000e+00 -2.608000e+00
      vertex   1.036487e+01 0.000000e+00 -3.683676e+00
      vertex   1.076992e+01 0.000000e+00 -2.238016e+00
    endloop
  endfacet
  facet normal 0.000000e+00 -1.000000e+00 0.000000e+00
    outer loop
      vertex   7.698812e+00 0.000000e+00 -2.608000e+00
      vertex   1.076992e+01 0.000000e+00 -2.238016e+00
      vertex   8.350000e+00 0.000000e+00 -2.338269e+00
    endloop
  endfacet
  facet normal 0.000000e+00 -1.000000e+00 0.000000e+00
    outer loop
      vertex   8.350000e+00 0.000000e+00 -2.338269e+00
      vertex   1.076992e+01 0.000000e+00 -2.238016e+00
      vertex   8.909188e+00 0.000000e+00 -1.909188e+00
    endloop
  endfacet
  facet normal 0.000000e+00 -1.000000e+00 0.000000e+00
    outer loop
      vertex   8.909188e+00 0.000000e+00 -1.909188e+00
      vertex   1.076992e+01 0.000000e+00 -2.238016e+00
      vertex   9.338269e+00 0.000000e+00 -1.350000e+00
    endloop
  endfacet
  facet normal 0.000000e+00 -1.000000e+00 0.000000e+00
    outer loop
      vertex   9.338269e+00 0.000000e+00 -1.350000e+00
      vertex   1.076992e+01 0.000000e+00 -2.238016e+00
      vertex   1.097436e+01 0.000000e+00 -7.506665e-01
    endloop
  endfacet
  facet normal 0.000000e+00 -1.000000e+00 0.000000e+00
    outer loop
      vertex   9.338269e+00 0.000000e+00 -1.350000e+00
      vertex   1.097436e+01 0.000000e+00 -7.506665e-01
      vertex   9.608000e+00 0.000000e+00 -6.988114e-01
    endloop
  endfacet
  facet normal 0.000000e+00 -1.000000e+00 0.000000e+00
    outer loop
      vertex   9.608000e+00 0.000000e+00 -6.988114e-01
      vertex   1.097436e+01 0.000000e+00 -7.506665e-01
      vertex   9.700000e+00 0.000000e+00 3.583639e-15
    endloop
  endfacet
  facet normal 0.000000e+00 -1.000000e+00 0.000000e+00
    outer loop
      vertex   9.700000e+00 0.000000e+00 3.583639e-15
      vertex   1.097436e+01 0.000000e+00 -7.506665e-01
      vertex   1.097436e+01 0.000000e+00 7.506665e-01
    endloop
  endfacet
  facet normal 0.000000e+00 -1.000000e+00 0.000000e+00
    outer loop
      vertex   9.700000e+00 0.000000e+00 3.583639e-15
      vertex   1.097436e+01 0.000000e+00 7.506665e-01
      vertex   9.608000e+00 0.000000e+00 6.988114e-01
    endloop
  endfacet
  facet normal 0.000000e+00 -1.000000e+00 0.000000e+00
    outer loop
      vertex   9.608000e+00 0.000000e+00 6.988114e-01
      vertex   1.097436e+01 0.000000e+00 7.506665e-01
      vertex   9.338269e+00 0.000000e+00 1.350000e+00
    endloop
  endfacet
  facet normal 0.000000e+00 -1.000000e+00 0.000000e+00
    outer loop
      vertex   9.338269e+00 0.000000e+00 1.350000e+00
      vertex   1.097436e+01 0.000000e+00 7.506665e-01
      vertex   1.076992e+01 0.000000e+00 2.238016e+00
    endloop
  endfacet
  facet normal 0.000000e+00 -1.000000e+00 0.000000e+00
    outer loop
      vertex   9.338269e+00 0.000000e+00 1.350000e+00
      vertex   1.076992e+01 0.000000e+00 2.238016e+00
      vertex   8.909188e+00 0.000000e+00 1.909188e+00
    endloop
  endfacet
  facet normal 0.000000e+00 -1.000000e+00 0.000000e+00
    outer loop
      vertex   8.909188e+00 0.000000e+00 1.909188e+00
      vertex   1.076992e+01 0.000000e+00 2.238016e+00
      vertex   8.350000e+00 0.000000e+00 2.338269e+00
    endloop
  endfacet
  facet normal 0.000000e+00 -1.000000e+00 0.000000e+00
    outer loop
      vertex   8.350000e+00 0.000000e+00 2.338269e+00
      vertex   1.076992e+01 0.000000e+00 2.238016e+00
      vertex   7.698812e+00 0.000000e+00 2.608000e+00
    endloop
  endfacet
  facet normal 0.000000e+00 -1.000000e+00 0.000000e+00
    outer loop
      vertex   7.698812e+00 0.000000e+00 2.608000e+00
      vertex   1.076992e+01 0.000000e+00 2.238016e+00
      vertex   1.036487e+01 0.000000e+00 3.683676e+00
    endloop
  endfacet
  facet normal 0.000000e+00 -1.000000e+00 0.000000e+00
    outer loop
      vertex   7.698812e+00 0.000000e+00 2.608000e+00
      vertex   1.036487e+01 0.000000e+00 3.683676e+00
      vertex   7.000000e+00 0.000000e+00 2.700000e+00
    endloop
  endfacet
  facet normal -0.000000e+00 -1.000000e+00 0.000000e+00
    outer loop
      vertex   1.497833e+00 0.000000e+00 1.089755e+01
      vertex   0.000000e+00 0.000000e+00 1.100000e+01
      vertex   6.094166e-16 0.000000e+00 9.700000e+00
    endloop
  endfacet
  facet normal -0.000000e+00 -1.000000e+00 0.000000e+00
    outer loop
      vertex   6.094166e-16 0.000000e+00 9.700000e+00
      vertex   0.000000e+00 0.000000e+00 1.100000e+01
      vertex   -6.988114e-01 0.000000e+00 9.608000e+00
    endloop
  endfacet
  facet normal -0.000000e+00 -1.000000e+00 0.000000e+00
    outer loop
      vertex   -6.988114e-01 0.000000e+00 9.608000e+00
      vertex   0.000000e+00 0.000000e+00 1.100000e+01
      vertex   -1.350000e+00 0.000000e+00 9.338269e+00
    endloop
  endfacet
  facet normal 0.000000e+00 -1.000000e+00 0.000000e+00
    outer loop
      vertex   -1.350000e+00 0.000000e+00 9.338269e+00
      vertex   0.000000e+00 0.000000e+00 1.100000e+01
      vertex   -1.500000e+02 0.000000e+00 1.100000e+01
    endloop
  endfacet
  facet normal -0.000000e+00 -1.000000e+00 0.000000e+00
    outer loop
      vertex   -1.350000e+00 0.000000e+00 9.338269e+00
      vertex   -1.500000e+02 0.000000e+00 1.100000e+01
      vertex   -1.909188e+00 0.000000e+00 8.909188e+00
    endloop
  endfacet
  facet normal -0.000000e+00 -1.000000e+00 0.000000e+00
    outer loop
      vertex   -1.909188e+00 0.000000e+00 8.909188e+00
      vertex   -1.500000e+02 0.000000e+00 1.100000e+01
      vertex   -2.338269e+00 0.000000e+00 8.350000e+00
    endloop
  endfacet
  facet normal -0.000000e+00 -1.000000e+00 0.000000e+00
    outer loop
      vertex   -2.338269e+00 0.000000e+00 8.350000e+00
      vertex   -1.500000e+02 0.000000e+00 1.100000e+01
      vertex   -2.608000e+00 0.000000e+00 7.698812e+00
    endloop
  endfacet
  facet normal -0.000000e+00 -1.000000e+00 0.000000e+00
    outer loop
      vertex   -2.608000e+00 0.000000e+00 7.698812e+00
      vertex   -1.500000e+02 0.000000e+00 1.100000e+01
      vertex   -2.700000e+00 0.000000e+00 7.000000e+00
    endloop
  endfacet
  facet normal -0.000000e+00 -1.000000e+00 -0.000000e+00
    outer loop
      vertex   -2.700000e+00 0.000000e+00 7.000000e+00
      vertex   -1.500000e+02 0.000000e+00 1.100000e+01
      vertex   -2.608000e+00 0.000000e+00 6.301189e+00
    endloop
  endfacet
  facet normal -0.000000e+00 -1.000000e+00 0.000000e+00
    outer loop
      vertex   -2.608000e+00 0.000000e+00 6.301189e+00
      vertex   -1.500000e+02 0.000000e+00 1.100000e+01
      vertex   -7.698812e+00 0.000000e+00 2.608000e+00
    endloop
  endfacet
  facet normal 0.000000e+00 -1.000000e+00 -0.000000e+00
    outer loop
      vertex   -2.608000e+00 0.000000e+00 6.301189e+00
      vertex   -7.698812e+00 0.000000e+00 2.608000e+00
      vertex   -2.338269e+00 0.000000e+00 5.650000e+00
    endloop
  endfacet
  facet normal 0.000000e+00 -1.000000e+00 -0.000000e+00
    outer loop
      vertex   -2.338269e+00 0.000000e+00 5.650000e+00
      vertex   -7.698812e+00 0.000000e+00 2.608000e+00
      vertex   -1.909188e+00 0.000000e+00 5.090812e+00
    endloop
  endfacet
  facet normal 0.000000e+00 -1.000000e+00 0.000000e+00
    outer loop
      vertex   -1.909188e+00 0.000000e+00 5.090812e+00
      vertex   -7.698812e+00 0.000000e+00 2.608000e+00
      vertex   -7.000000e+00 0.000000e+00 2.700000e+00
    endloop
  endfacet
  facet normal 0.000000e+00 -1.000000e+00 -0.000000e+00
    outer loop
      vertex   -1.909188e+00 0.000000e+00 5.090812e+00
      vertex   -7.000000e+00 0.000000e+00 2.700000e+00
      vertex   -1.350000e+00 0.000000e+00 4.661732e+00
    endloop
  endfacet
  facet normal 0.000000e+00 -1.000000e+00 -0.000000e+00
    outer loop
      vertex   -1.350000e+00 0.000000e+00 4.661732e+00
      vertex   -7.000000e+00 0.000000e+00 2.700000e+00
      vertex   -6.988114e-01 0.000000e+00 4.392000e+00
    endloop
  endfacet
  facet normal 0.000000e+00 -1.000000e+00 0.000000e+00
    outer loop
      vertex   -1.500000e+02 0.000000e+00 -1.100000e+01
      vertex   -9.700000e+00 0.000000e+00 -3.306546e-16
      vertex   -1.500000e+02 0.000000e+00 1.100000e+01
    endloop
  endfacet
  facet normal 0.000000e+00 -1.000000e+00 0.000000e+00
    outer loop
      vertex   -1.500000e+02 0.000000e+00 1.100000e+01
      vertex   -9.700000e+00 0.000000e+00 -3.306546e-16
      vertex   -9.608000e+00 0.000000e+00 6.988114e-01
    endloop
  endfacet
  facet normal 0.000000e+00 -1.000000e+00 0.000000e+00
    outer loop
      vertex   -1.500000e+02 0.000000e+00 1.100000e+01
      vertex   -9.608000e+00 0.000000e+00 6.988114e-01
      vertex   -9.338269e+00 0.000000e+00 1.350000e+00
    endloop
  endfacet
  facet normal 0.000000e+00 -1.000000e+00 0.000000e+00
    outer loop
      vertex   -9.338269e+00 0.000000e+00 1.350000e+00
      vertex   -8.909188e+00 0.000000e+00 1.909188e+00
      vertex   -1.500000e+02 0.000000e+00 1.100000e+01
    endloop
  endfacet
  facet normal 0.000000e+00 -1.000000e+00 0.000000e+00
    outer loop
      vertex   -1.500000e+02 0.000000e+00 1.100000e+01
      vertex   -8.909188e+00 0.000000e+00 1.909188e+00
      vertex   -8.350000e+00 0.000000e+00 2.338269e+00
    endloop
  endfacet
  facet normal 0.000000e+00 -1.000000e+00 0.000000e+00
    outer loop
      vertex   -1.500000e+02 0.000000e+00 1.100000e+01
      vertex   -8.350000e+00 0.000000e+00 2.338269e+00
      vertex   -7.698812e+00 0.000000e+00 2.608000e+00
    endloop
  endfacet
  facet normal -0.000000e+00 -1.000000e+00 0.000000e+00
    outer loop
      vertex   -7.698812e+00 0.000000e+00 -2.608000e+00
      vertex   -8.350000e+00 0.000000e+00 -2.338269e+00
      vertex   -1.500000e+02 0.000000e+00 -1.100000e+01
    endloop
  endfacet
  facet normal 0.000000e+00 -1.000000e+00 0.000000e+00
    outer loop
      vertex   -1.500000e+02 0.000000e+00 -1.100000e+01
      vertex   -8.350000e+00 0.000000e+00 -2.338269e+00
      vertex   -8.909188e+00 0.000000e+00 -1.909188e+00
    endloop
  endfacet
  facet normal 0.000000e+00 -1.000000e+00 0.000000e+00
    outer loop
      vertex   -1.500000e+02 0.000000e+00 -1.100000e+01
      vertex   -8.909188e+00 0.000000e+00 -1.909188e+00
      vertex   -9.338269e+00 0.000000e+00 -1.350000e+00
    endloop
  endfacet
  facet normal -0.000000e+00 -1.000000e+00 0.000000e+00
    outer loop
      vertex   -9.338269e+00 0.000000e+00 -1.350000e+00
      vertex   -9.608000e+00 0.000000e+00 -6.988114e-01
      vertex   -1.500000e+02 0.000000e+00 -1.100000e+01
    endloop
  endfacet
  facet normal 0.000000e+00 -1.000000e+00 0.000000e+00
    outer loop
      vertex   -1.500000e+02 0.000000e+00 -1.100000e+01
      vertex   -9.608000e+00 0.000000e+00 -6.988114e-01
      vertex   -9.700000e+00 0.000000e+00 -3.306546e-16
    endloop
  endfacet
  facet normal -0.000000e+00 7.071068e-01 7.071068e-01
    outer loop
      vertex   -1.400000e+02 9.000000e+00 1.200000e+01
      vertex   0.000000e+00 9.000000e+00 1.200000e+01
      vertex   -1.400000e+02 1.000000e+01 1.100000e+01
    endloop
  endfacet
  facet normal -0.000000e+00 7.071068e-01 7.071068e-01
    outer loop
      vertex   -1.400000e+02 1.000000e+01 1.100000e+01
      vertex   0.000000e+00 9.000000e+00 1.200000e+01
      vertex   0.000000e+00 1.000000e+01 1.100000e+01
    endloop
  endfacet
  facet normal 4.629653e-02 7.063486e-01 -7.063486e-01
    outer loop
      vertex   0.000000e+00 9.000000e+00 -1.200000e+01
      vertex   6.735557e-16 1.000000e+01 -1.100000e+01
      vertex   1.566314e+00 9.000000e+00 -1.189734e+01
    endloop
  endfacet
  facet normal 4.820318e-02 7.078606e-01 -7.047055e-01
    outer loop
      vertex   1.566314e+00 9.000000e+00 -1.189734e+01
      vertex   6.735557e-16 1.000000e+01 -1.100000e+01
      vertex   1.497833e+00 1.000000e+01 -1.089755e+01
    endloop
  endfacet
  facet normal 1.383682e-01 7.049553e-01 -6.956237e-01
    outer loop
      vertex   1.566314e+00 9.000000e+00 -1.189734e+01
      vertex   1.497833e+00 1.000000e+01 -1.089755e+01
      vertex   3.105829e+00 9.000000e+00 -1.159111e+01
    endloop
  endfacet
  facet normal 1.434188e-01 7.092937e-01 -6.901692e-01
    outer loop
      vertex   3.105829e+00 9.000000e+00 -1.159111e+01
      vertex   1.497833e+00 1.000000e+01 -1.089755e+01
      vertex   2.967764e+00 1.000000e+01 -1.059209e+01
    endloop
  endfacet
  facet normal 2.283878e-01 7.036813e-01 -6.728087e-01
    outer loop
      vertex   3.105829e+00 9.000000e+00 -1.159111e+01
      vertex   2.967764e+00 1.000000e+01 -1.059209e+01
      vertex   4.592201e+00 9.000000e+00 -1.108655e+01
    endloop
  endfacet
  facet normal 2.356258e-01 7.105829e-01 -6.629875e-01
    outer loop
      vertex   4.592201e+00 9.000000e+00 -1.108655e+01
      vertex   2.967764e+00 1.000000e+01 -1.059209e+01
      vertex   4.382412e+00 1.000000e+01 -1.008932e+01
    endloop
  endfacet
  facet normal 3.147571e-01 7.025289e-01 -6.382642e-01
    outer loop
      vertex   4.592201e+00 9.000000e+00 -1.108655e+01
      vertex   4.382412e+00 1.000000e+01 -1.008932e+01
      vertex   6.000000e+00 9.000000e+00 -1.039230e+01
    endloop
  endfacet
  facet normal 3.231739e-01 7.117304e-01 -6.236974e-01
    outer loop
      vertex   6.000000e+00 9.000000e+00 -1.039230e+01
      vertex   4.382412e+00 1.000000e+01 -1.008932e+01
      vertex   5.715423e+00 1.000000e+01 -9.398613e+00
    endloop
  endfacet
  facet normal 3.959381e-01 7.014997e-01 -5.925632e-01
    outer loop
      vertex   6.000000e+00 9.000000e+00 -1.039230e+01
      vertex   5.715423e+00 1.000000e+01 -9.398613e+00
      vertex   7.305137e+00 9.000000e+00 -9.520240e+00
    endloop
  endfacet
  facet normal 4.045009e-01 7.127384e-01 -5.730472e-01
    outer loop
      vertex   7.305137e+00 9.000000e+00 -9.520240e+00
      vertex   5.715423e+00 1.000000e+01 -9.398613e+00
      vertex   6.941967e+00 1.000000e+01 -8.532824e+00
    endloop
  endfacet
  facet normal 4.704819e-01 7.005955e-01 -5.364818e-01
    outer loop
      vertex   7.305137e+00 9.000000e+00 -9.520240e+00
      vertex   6.941967e+00 1.000000e+01 -8.532824e+00
      vertex   8.485281e+00 9.000000e+00 -8.485281e+00
    endloop
  endfacet
  facet normal 4.781591e-01 7.136084e-01 -5.119833e-01
    outer loop
      vertex   8.485281e+00 9.000000e+00 -8.485281e+00
      vertex   6.941967e+00 1.000000e+01 -8.532824e+00
      vertex   8.039196e+00 1.000000e+01 -7.508085e+00
    endloop
  endfacet
  facet normal 5.370553e-01 6.998177e-01 -4.709849e-01
    outer loop
      vertex   8.485281e+00 9.000000e+00 -8.485281e+00
      vertex   8.039196e+00 1.000000e+01 -7.508085e+00
      vertex   9.520240e+00 9.000000e+00 -7.305137e+00
    endloop
  endfacet
  facet normal 5.428402e-01 7.143421e-01 -4.416332e-01
    outer loop
      vertex   9.520240e+00 9.000000e+00 -7.305137e+00
      vertex   8.039196e+00 1.000000e+01 -7.508085e+00
      vertex   8.986669e+00 1.000000e+01 -6.343484e+00
    endloop
  endfacet
  facet normal 5.944657e-01 6.991676e-01 -3.972093e-01
    outer loop
      vertex   9.520240e+00 9.000000e+00 -7.305137e+00
      vertex   8.986669e+00 1.000000e+01 -6.343484e+00
      vertex   1.039230e+01 9.000000e+00 -6.000000e+00
    endloop
  endfacet
  facet normal 5.973973e-01 7.149407e-01 -3.632854e-01
    outer loop
      vertex   1.039230e+01 9.000000e+00 -6.000000e+00
      vertex   8.986669e+00 1.000000e+01 -6.343484e+00
      vertex   9.766737e+00 1.000000e+01 -5.060715e+00
    endloop
  endfacet
  facet normal 6.416831e-01 6.986462e-01 -3.164431e-01
    outer loop
      vertex   1.039230e+01 9.000000e+00 -6.000000e+00
      vertex   9.766737e+00 1.000000e+01 -5.060715e+00
      vertex   1.108655e+01 9.000000e+00 -4.592201e+00
    endloop
  endfacet
  facet normal 6.408646e-01 7.154052e-01 -2.783668e-01
    outer loop
      vertex   1.108655e+01 9.000000e+00 -4.592201e+00
      vertex   9.766737e+00 1.000000e+01 -5.060715e+00
      vertex   1.036487e+01 1.000000e+01 -3.683676e+00
    endloop
  endfacet
  facet normal 6.778596e-01 6.982544e-01 -2.301023e-01
    outer loop
      vertex   1.108655e+01 9.000000e+00 -4.592201e+00
      vertex   1.036487e+01 1.000000e+01 -3.683676e+00
      vertex   1.159111e+01 9.000000e+00 -3.105829e+00
    endloop
  endfacet
  facet normal 6.724731e-01 7.157364e-01 -1.884181e-01
    outer loop
      vertex   1.159111e+01 9.000000e+00 -3.105829e+00
      vertex   1.036487e+01 1.000000e+01 -3.683676e+00
      vertex   1.076992e+01 1.000000e+01 -2.238016e+00
    endloop
  endfacet
  facet normal 7.023449e-01 6.979929e-01 -1.397051e-01
    outer loop
      vertex   1.159111e+01 9.000000e+00 -3.105829e+00
      vertex   1.076992e+01 1.000000e+01 -2.238016e+00
      vertex   1.189734e+01 9.000000e+00 -1.566314e+00
    endloop
  endfacet
  facet normal 6.916643e-01 7.159349e-01 -9.506707e-02
    outer loop
      vertex   1.189734e+01 9.000000e+00 -1.566314e+00
      vertex   1.076992e+01 1.000000e+01 -2.238016e+00
      vertex   1.097436e+01 1.000000e+01 -7.506665e-01
    endloop
  endfacet
  facet normal 7.146987e-01 6.978620e-01 -4.684383e-02
    outer loop
      vertex   1.189734e+01 9.000000e+00 -1.566314e+00
      vertex   1.097436e+01 1.000000e+01 -7.506665e-01
      vertex   1.200000e+01 9.000000e+00 0.000000e+00
    endloop
  endfacet
  facet normal 6.980993e-01 7.160010e-01 0.000000e+00
    outer loop
      vertex   1.200000e+01 9.000000e+00 0.000000e+00
      vertex   1.097436e+01 1.000000e+01 -7.506665e-01
      vertex   1.097436e+01 1.000000e+01 7.506665e-01
    endloop
  endfacet
  facet normal 7.146987e-01 6.978620e-01 4.684383e-02
    outer loop
      vertex   1.200000e+01 9.000000e+00 0.000000e+00
      vertex   1.097436e+01 1.000000e+01 7.506665e-01
      vertex   1.189734e+01 9.000000e+00 1.566314e+00
    endloop
  endfacet
  facet normal 6.916643e-01 7.159349e-01 9.506707e-02
    outer loop
      vertex   1.189734e+01 9.000000e+00 1.566314e+00
      vertex   1.097436e+01 1.000000e+01 7.506665e-01
      vertex   1.076992e+01 1.000000e+01 2.238016e+00
    endloop
  endfacet
  facet normal 7.023449e-01 6.979929e-01 1.397051e-01
    outer loop
      vertex   1.189734e+01 9.000000e+00 1.566314e+00
      vertex   1.076992e+01 1.000000e+01 2.238016e+00
      vertex   1.159111e+01 9.000000e+00 3.105829e+00
    endloop
  endfacet
  facet normal 6.724731e-01 7.157364e-01 1.884181e-01
    outer loop
      vertex   1.159111e+01 9.000000e+00 3.105829e+00
      vertex   1.076992e+01 1.000000e+01 2.238016e+00
      vertex   1.036487e+01 1.000000e+01 3.683676e+00
    endloop
  endfacet
  facet normal 6.778596e-01 6.982544e-01 2.301023e-01
    outer loop
      vertex   1.159111e+01 9.000000e+00 3.105829e+00
      vertex   1.036487e+01 1.000000e+01 3.683676e+00
      vertex   1.108655e+01 9.000000e+00 4.592201e+00
    endloop
  endfacet
  facet normal 6.408646e-01 7.154052e-01 2.783668e-01
    outer loop
      vertex   1.108655e+01 9.000000e+00 4.592201e+00
      vertex   1.036487e+01 1.000000e+01 3.683676e+00
      vertex   9.766737e+00 1.000000e+01 5.060715e+00
    endloop
  endfacet
  facet normal 6.416831e-01 6.986462e-01 3.164431e-01
    outer loop
      vertex   1.108655e+01 9.000000e+00 4.592201e+00
      vertex   9.766737e+00 1.000000e+01 5.060715e+00
      vertex   1.039230e+01 9.000000e+00 6.000000e+00
    endloop
  endfacet
  facet normal 5.973973e-01 7.149407e-01 3.632854e-01
    outer loop
      vertex   1.039230e+01 9.000000e+00 6.000000e+00
      vertex   9.766737e+00 1.000000e+01 5.060715e+00
      vertex   8.986669e+00 1.000000e+01 6.343484e+00
    endloop
  endfacet
  facet normal 5.944657e-01 6.991676e-01 3.972093e-01
    outer loop
      vertex   1.039230e+01 9.000000e+00 6.000000e+00
      vertex   8.986669e+00 1.000000e+01 6.343484e+00
      vertex   9.520240e+00 9.000000e+00 7.305137e+00
    endloop
  endfacet
  facet normal 5.428402e-01 7.143421e-01 4.416332e-01
    outer loop
      vertex   9.520240e+00 9.000000e+00 7.305137e+00
      vertex   8.986669e+00 1.000000e+01 6.343484e+00
      vertex   8.039196e+00 1.000000e+01 7.508085e+00
    endloop
  endfacet
  facet normal 5.370553e-01 6.998177e-01 4.709849e-01
    outer loop
      vertex   9.520240e+00 9.000000e+00 7.305137e+00
      vertex   8.039196e+00 1.000000e+01 7.508085e+00
      vertex   8.485281e+00 9.000000e+00 8.485281e+00
    endloop
  endfacet
  facet normal 4.781591e-01 7.136084e-01 5.119833e-01
    outer loop
      vertex   8.485281e+00 9.000000e+00 8.485281e+00
      vertex   8.039196e+00 1.000000e+01 7.508085e+00
      vertex   6.941967e+00 1.000000e+01 8.532824e+00
    endloop
  endfacet
  facet normal 4.704819e-01 7.005955e-01 5.364818e-01
    outer loop
      vertex   8.485281e+00 9.000000e+00 8.485281e+00
      vertex   6.941967e+00 1.000000e+01 8.532824e+00
      vertex   7.305137e+00 9.000000e+00 9.520240e+00
    endloop
  endfacet
  facet normal 4.045009e-01 7.127384e-01 5.730472e-01
    outer loop
      vertex   7.305137e+00 9.000000e+00 9.520240e+00
      vertex   6.941967e+00 1.000000e+01 8.532824e+00
      vertex   5.715423e+00 1.000000e+01 9.398613e+00
    endloop
  endfacet
  facet normal 3.959381e-01 7.014997e-01 5.925632e-01
    outer loop
      vertex   7.305137e+00 9.000000e+00 9.520240e+00
      vertex   5.715423e+00 1.000000e+01 9.398613e+00
      vertex   6.000000e+00 9.000000e+00 1.039230e+01
    endloop
  endfacet
  facet normal 3.231739e-01 7.117304e-01 6.236974e-01
    outer loop
      vertex   6.000000e+00 9.000000e+00 1.039230e+01
      vertex   5.715423e+00 1.000000e+01 9.398613e+00
      vertex   4.382412e+00 1.000000e+01 1.008932e+01
    endloop
  endfacet
  facet normal 3.147571e-01 7.025289e-01 6.382642e-01
    outer loop
      vertex   6.000000e+00 9.000000e+00 1.039230e+01
      vertex   4.382412e+00 1.000000e+01 1.008932e+01
      vertex   4.592201e+00 9.000000e+00 1.108655e+01
    endloop
  endfacet
  facet normal 2.356258e-01 7.105829e-01 6.629875e-01
    outer loop
      vertex   4.592201e+00 9.000000e+00 1.108655e+01
      vertex   4.382412e+00 1.000000e+01 1.008932e+01
      vertex   2.967764e+00 1.000000e+01 1.059209e+01
    endloop
  endfacet
  facet normal 2.283878e-01 7.036813e-01 6.728087e-01
    outer loop
      vertex   4.592201e+00 9.000000e+00 1.108655e+01
      vertex   2.967764e+00 1.000000e+01 1.059209e+01
      vertex   3.105829e+00 9.000000e+00 1.159111e+01
    endloop
  endfacet
  facet normal 1.434188e-01 7.092937e-01 6.901692e-01
    outer loop
      vertex   3.105829e+00 9.000000e+00 1.159111e+01
      vertex   2.967764e+00 1.000000e+01 1.059209e+01
      vertex   1.497833e+00 1.000000e+01 1.089755e+01
    endloop
  endfacet
  facet normal 1.383682e-01 7.049553e-01 6.956237e-01
    outer loop
      vertex   3.105829e+00 9.000000e+00 1.159111e+01
      vertex   1.497833e+00 1.000000e+01 1.089755e+01
      vertex   1.566314e+00 9.000000e+00 1.189734e+01
    endloop
  endfacet
  facet normal 4.820318e-02 7.078606e-01 7.047055e-01
    outer loop
      vertex   1.566314e+00 9.000000e+00 1.189734e+01
      vertex   1.497833e+00 1.000000e+01 1.089755e+01
      vertex   0.000000e+00 1.000000e+01 1.100000e+01
    endloop
  endfacet
  facet normal 4.629653e-02 7.063486e-01 7.063486e-01
    outer loop
      vertex   1.566314e+00 9.000000e+00 1.189734e+01
      vertex   0.000000e+00 1.000000e+01 1.100000e+01
      vertex   0.000000e+00 9.000000e+00 1.200000e+01
    endloop
  endfacet
  facet normal 0.000000e+00 7.071068e-01 -7.071068e-01
    outer loop
      vertex   -1.400000e+02 1.000000e+01 -1.100000e+01
      vertex   6.735557e-16 1.000000e+01 -1.100000e+01
      vertex   -1.400000e+02 9.000000e+00 -1.200000e+01
    endloop
  endfacet
  facet normal 0.000000e+00 7.071068e-01 -7.071068e-01
    outer loop
      vertex   -1.400000e+02 9.000000e+00 -1.200000e+01
      vertex   6.735557e-16 1.000000e+01 -1.100000e+01
      vertex   0.000000e+00 9.000000e+00 -1.200000e+01
    endloop
  endfacet
  facet normal 6.540313e-02 0.000000e+00 9.978589e-01
    outer loop
      vertex   0.000000e+00 9.000000e+00 1.200000e+01
      vertex   0.000000e+00 1.000000e+00 1.200000e+01
      vertex   1.566314e+00 9.000000e+00 1.189734e+01
    endloop
  endfacet
  facet normal 6.540313e-02 2.359892e-17 9.978589e-01
    outer loop
      vertex   1.566314e+00 9.000000e+00 1.189734e+01
      vertex   0.000000e+00 1.000000e+00 1.200000e+01
      vertex   1.566314e+00 1.000000e+00 1.189734e+01
    endloop
  endfacet
  facet normal 1.950903e-01 7.039297e-17 9.807853e-01
    outer loop
      vertex   1.566314e+00 9.000000e+00 1.189734e+01
      vertex   1.566314e+00 1.000000e+00 1.189734e+01
      vertex   3.105829e+00 9.000000e+00 1.159111e+01
    endloop
  endfacet
  facet normal 1.950903e-01 -1.419703e-16 9.807853e-01
    outer loop
      vertex   3.105829e+00 9.000000e+00 1.159111e+01
      vertex   1.566314e+00 1.000000e+00 1.189734e+01
      vertex   3.105829e+00 1.000000e+00 1.159111e+01
    endloop
  endfacet
  facet normal 3.214395e-01 -8.535640e-17 9.469301e-01
    outer loop
      vertex   3.105829e+00 9.000000e+00 1.159111e+01
      vertex   3.105829e+00 1.000000e+00 1.159111e+01
      vertex   4.592201e+00 9.000000e+00 1.108655e+01
    endloop
  endfacet
  facet normal 3.214395e-01 0.000000e+00 9.469301e-01
    outer loop
      vertex   4.592201e+00 9.000000e+00 1.108655e+01
      vertex   3.105829e+00 1.000000e+00 1.159111e+01
      vertex   4.592201e+00 1.000000e+00 1.108655e+01
    endloop
  endfacet
  facet normal 4.422887e-01 0.000000e+00 8.968727e-01
    outer loop
      vertex   4.592201e+00 9.000000e+00 1.108655e+01
      vertex   4.592201e+00 1.000000e+00 1.108655e+01
      vertex   6.000000e+00 9.000000e+00 1.039230e+01
    endloop
  endfacet
  facet normal 4.422887e-01 9.547770e-17 8.968727e-01
    outer loop
      vertex   6.000000e+00 9.000000e+00 1.039230e+01
      vertex   4.592201e+00 1.000000e+00 1.108655e+01
      vertex   6.000000e+00 1.000000e+00 1.039230e+01
    endloop
  endfacet
  facet normal 5.555702e-01 1.854608e-16 8.314696e-01
    outer loop
      vertex   6.000000e+00 9.000000e+00 1.039230e+01
      vertex   6.000000e+00 1.000000e+00 1.039230e+01
      vertex   7.305137e+00 9.000000e+00 9.520240e+00
    endloop
  endfacet
  facet normal 5.555702e-01 1.233614e-16 8.314696e-01
    outer loop
      vertex   7.305137e+00 9.000000e+00 9.520240e+00
      vertex   6.000000e+00 1.000000e+00 1.039230e+01
      vertex   7.305137e+00 1.000000e+00 9.520240e+00
    endloop
  endfacet
  facet normal 6.593458e-01 1.464042e-16 7.518398e-01
    outer loop
      vertex   7.305137e+00 9.000000e+00 9.520240e+00
      vertex   7.305137e+00 1.000000e+00 9.520240e+00
      vertex   8.485281e+00 9.000000e+00 8.485281e+00
    endloop
  endfacet
  facet normal 6.593458e-01 0.000000e+00 7.518398e-01
    outer loop
      vertex   8.485281e+00 9.000000e+00 8.485281e+00
      vertex   7.305137e+00 1.000000e+00 9.520240e+00
      vertex   8.485281e+00 1.000000e+00 8.485281e+00
    endloop
  endfacet
  facet normal 7.518398e-01 0.000000e+00 6.593458e-01
    outer loop
      vertex   8.485281e+00 9.000000e+00 8.485281e+00
      vertex   8.485281e+00 1.000000e+00 8.485281e+00
      vertex   9.520240e+00 9.000000e+00 7.305137e+00
    endloop
  endfacet
  facet normal 7.518398e-01 1.874798e-16 6.593458e-01
    outer loop
      vertex   9.520240e+00 9.000000e+00 7.305137e+00
      vertex   8.485281e+00 1.000000e+00 8.485281e+00
      vertex   9.520240e+00 1.000000e+00 7.305137e+00
    endloop
  endfacet
  facet normal 8.314696e-01 2.458853e-16 5.555702e-01
    outer loop
      vertex   9.520240e+00 9.000000e+00 7.305137e+00
      vertex   9.520240e+00 1.000000e+00 7.305137e+00
      vertex   1.039230e+01 9.000000e+00 6.000000e+00
    endloop
  endfacet
  facet normal 8.314696e-01 -1.850421e-16 5.555702e-01
    outer loop
      vertex   1.039230e+01 9.000000e+00 6.000000e+00
      vertex   9.520240e+00 1.000000e+00 7.305137e+00
      vertex   1.039230e+01 1.000000e+00 6.000000e+00
    endloop
  endfacet
  facet normal 8.968727e-01 -1.473117e-16 4.422887e-01
    outer loop
      vertex   1.039230e+01 9.000000e+00 6.000000e+00
      vertex   1.039230e+01 1.000000e+00 6.000000e+00
      vertex   1.108655e+01 9.000000e+00 4.592201e+00
    endloop
  endfacet
  facet normal 8.968727e-01 -1.473117e-16 4.422887e-01
    outer loop
      vertex   1.108655e+01 9.000000e+00 4.592201e+00
      vertex   1.039230e+01 1.000000e+00 6.000000e+00
      vertex   1.108655e+01 1.000000e+00 4.592201e+00
    endloop
  endfacet
  facet normal 9.469301e-01 -1.070608e-16 3.214395e-01
    outer loop
      vertex   1.108655e+01 9.000000e+00 4.592201e+00
      vertex   1.108655e+01 1.000000e+00 4.592201e+00
      vertex   1.159111e+01 9.000000e+00 3.105829e+00
    endloop
  endfacet
  facet normal 9.469301e-01 1.210434e-16 3.214395e-01
    outer loop
      vertex   1.159111e+01 9.000000e+00 3.105829e+00
      vertex   1.108655e+01 1.000000e+00 4.592201e+00
      vertex   1.159111e+01 1.000000e+00 3.105829e+00
    endloop
  endfacet
  facet normal 9.807853e-01 1.636296e-16 1.950903e-01
    outer loop
      vertex   1.159111e+01 9.000000e+00 3.105829e+00
      vertex   1.159111e+01 1.000000e+00 3.105829e+00
      vertex   1.189734e+01 9.000000e+00 1.566314e+00
    endloop
  endfacet
  facet normal 9.807853e-01 -7.039297e-17 1.950903e-01
    outer loop
      vertex   1.189734e+01 9.000000e+00 1.566314e+00
      vertex   1.159111e+01 1.000000e+00 3.105829e+00
      vertex   1.189734e+01 1.000000e+00 1.566314e+00
    endloop
  endfacet
  facet normal 9.978589e-01 -2.359892e-17 6.540313e-02
    outer loop
      vertex   1.189734e+01 9.000000e+00 1.566314e+00
      vertex   1.189734e+01 1.000000e+00 1.566314e+00
      vertex   1.200000e+01 9.000000e+00 0.000000e+00
    endloop
  endfacet
  facet normal 9.978589e-01 0.000000e+00 6.540313e-02
    outer loop
      vertex   1.200000e+01 9.000000e+00 0.000000e+00
      vertex   1.189734e+01 1.000000e+00 1.566314e+00
      vertex   1.200000e+01 1.000000e+00 0.000000e+00
    endloop
  endfacet
  facet normal 9.978589e-01 0.000000e+00 -6.540313e-02
    outer loop
      vertex   1.200000e+01 9.000000e+00 0.000000e+00
      vertex   1.200000e+01 1.000000e+00 0.000000e+00
      vertex   1.189734e+01 9.000000e+00 -1.566314e+00
    endloop
  endfacet
  facet normal 9.978589e-01 2.359892e-17 -6.540313e-02
    outer loop
      vertex   1.189734e+01 9.000000e+00 -1.566314e+00
      vertex   1.200000e+01 1.000000e+00 0.000000e+00
      vertex   1.189734e+01 1.000000e+00 -1.566314e+00
    endloop
  endfacet
  facet normal 9.807853e-01 7.039297e-17 -1.950903e-01
    outer loop
      vertex   1.189734e+01 9.000000e+00 -1.566314e+00
      vertex   1.189734e+01 1.000000e+00 -1.566314e+00
      vertex   1.159111e+01 9.000000e+00 -3.105829e+00
    endloop
  endfacet
  facet normal 9.807853e-01 -1.636296e-16 -1.950903e-01
    outer loop
      vertex   1.159111e+01 9.000000e+00 -3.105829e+00
      vertex   1.189734e+01 1.000000e+00 -1.566314e+00
      vertex   1.159111e+01 1.000000e+00 -3.105829e+00
    endloop
  endfacet
  facet normal 9.469301e-01 -1.210434e-16 -3.214395e-01
    outer loop
      vertex   1.159111e+01 9.000000e+00 -3.105829e+00
      vertex   1.159111e+01 1.000000e+00 -3.105829e+00
      vertex   1.108655e+01 9.000000e+00 -4.592201e+00
    endloop
  endfacet
  facet normal 9.469301e-01 1.070608e-16 -3.214395e-01
    outer loop
      vertex   1.108655e+01 9.000000e+00 -4.592201e+00
      vertex   1.159111e+01 1.000000e+00 -3.105829e+00
      vertex   1.108655e+01 1.000000e+00 -4.592201e+00
    endloop
  endfacet
  facet normal 8.968727e-01 1.473117e-16 -4.422887e-01
    outer loop
      vertex   1.108655e+01 9.000000e+00 -4.592201e+00
      vertex   1.108655e+01 1.000000e+00 -4.592201e+00
      vertex   1.039230e+01 9.000000e+00 -6.000000e+00
    endloop
  endfacet
  facet normal 8.968727e-01 1.473117e-16 -4.422887e-01
    outer loop
      vertex   1.039230e+01 9.000000e+00 -6.000000e+00
      vertex   1.108655e+01 1.000000e+00 -4.592201e+00
      vertex   1.039230e+01 1.000000e+00 -6.000000e+00
    endloop
  endfacet
  facet normal 8.314696e-01 1.850421e-16 -5.555702e-01
    outer loop
      vertex   1.039230e+01 9.000000e+00 -6.000000e+00
      vertex   1.039230e+01 1.000000e+00 -6.000000e+00
      vertex   9.520240e+00 9.000000e+00 -7.305137e+00
    endloop
  endfacet
  facet normal 8.314696e-01 -2.458853e-16 -5.555702e-01
    outer loop
      vertex   9.520240e+00 9.000000e+00 -7.305137e+00
      vertex   1.039230e+01 1.000000e+00 -6.000000e+00
      vertex   9.520240e+00 1.000000e+00 -7.305137e+00
    endloop
  endfacet
  facet normal 7.518398e-01 -1.874798e-16 -6.593458e-01
    outer loop
      vertex   9.520240e+00 9.000000e+00 -7.305137e+00
      vertex   9.520240e+00 1.000000e+00 -7.305137e+00
      vertex   8.485281e+00 9.000000e+00 -8.485281e+00
    endloop
  endfacet
  facet normal 7.518398e-01 0.000000e+00 -6.593458e-01
    outer loop
      vertex   8.485281e+00 9.000000e+00 -8.485281e+00
      vertex   9.520240e+00 1.000000e+00 -7.305137e+00
      vertex   8.485281e+00 1.000000e+00 -8.485281e+00
    endloop
  endfacet
  facet normal 6.593458e-01 0.000000e+00 -7.518398e-01
    outer loop
      vertex   8.485281e+00 9.000000e+00 -8.485281e+00
      vertex   8.485281e+00 1.000000e+00 -8.485281e+00
      vertex   7.305137e+00 9.000000e+00 -9.520240e+00
    endloop
  endfacet
  facet normal 6.593458e-01 -1.464042e-16 -7.518398e-01
    outer loop
      vertex   7.305137e+00 9.000000e+00 -9.520240e+00
      vertex   8.485281e+00 1.000000e+00 -8.485281e+00
      vertex   7.305137e+00 1.000000e+00 -9.520240e+00
    endloop
  endfacet
  facet normal 5.555702e-01 -1.233614e-16 -8.314696e-01
    outer loop
      vertex   7.305137e+00 9.000000e+00 -9.520240e+00
      vertex   7.305137e+00 1.000000e+00 -9.520240e+00
      vertex   6.000000e+00 9.000000e+00 -1.039230e+01
    endloop
  endfacet
  facet normal 5.555702e-01 -1.854608e-16 -8.314696e-01
    outer loop
      vertex   6.000000e+00 9.000000e+00 -1.039230e+01
      vertex   7.305137e+00 1.000000e+00 -9.520240e+00
      vertex   6.000000e+00 1.000000e+00 -1.039230e+01
    endloop
  endfacet
  facet normal 4.422887e-01 -9.547770e-17 -8.968727e-01
    outer loop
      vertex   6.000000e+00 9.000000e+00 -1.039230e+01
      vertex   6.000000e+00 1.000000e+00 -1.039230e+01
      vertex   4.592201e+00 9.000000e+00 -1.108655e+01
    endloop
  endfacet
  facet normal 4.422887e-01 0.000000e+00 -8.968727e-01
    outer loop
      vertex   4.592201e+00 9.000000e+00 -1.108655e+01
      vertex   6.000000e+00 1.000000e+00 -1.039230e+01
      vertex   4.592201e+00 1.000000e+00 -1.108655e+01
    endloop
  endfacet
  facet normal 3.214395e-01 0.000000e+00 -9.469301e-01
    outer loop
      vertex   4.592201e+00 9.000000e+00 -1.108655e+01
      vertex   4.592201e+00 1.000000e+00 -1.108655e+01
      vertex   3.105829e+00 9.000000e+00 -1.159111e+01
    endloop
  endfacet
  facet normal 3.214395e-01 8.535640e-17 -9.469301e-01
    outer loop
      vertex   3.105829e+00 9.000000e+00 -1.159111e+01
      vertex   4.592201e+00 1.000000e+00 -1.108655e+01
      vertex   3.105829e+00 1.000000e+00 -1.159111e+01
    endloop
  endfacet
  facet normal 1.950903e-01 1.419703e-16 -9.807853e-01
    outer loop
      vertex   3.105829e+00 9.000000e+00 -1.159111e+01
      vertex   3.105829e+00 1.000000e+00 -1.159111e+01
      vertex   1.566314e+00 9.000000e+00 -1.189734e+01
    endloop
  endfacet
  facet normal 1.950903e-01 -7.039297e-17 -9.807853e-01
    outer loop
      vertex   1.566314e+00 9.000000e+00 -1.189734e+01
      vertex   3.105829e+00 1.000000e+00 -1.159111e+01
      vertex   1.566314e+00 1.000000e+00 -1.189734e+01
    endloop
  endfacet
  facet normal 6.540313e-02 -2.359892e-17 -9.978589e-01
    outer loop
      vertex   1.566314e+00 9.000000e+00 -1.189734e+01
      vertex   1.566314e+00 1.000000e+00 -1.189734e+01
      vertex   0.000000e+00 9.000000e+00 -1.200000e+01
    endloop
  endfacet
  facet normal 6.540313e-02 0.000000e+00 -9.978589e-01
    outer loop
      vertex   0.000000e+00 9.000000e+00 -1.200000e+01
      vertex   1.566314e+00 1.000000e+00 -1.189734e+01
      vertex   0.000000e+00 1.000000e+00 -1.200000e+01
    endloop
  endfacet
  facet normal 1.000000e+00 0.000000e+00 0.000000e+00
    outer loop
      vertex   -1.400000e+02 9.000000e+00 -1.200000e+01
      vertex   -1.400000e+02 1.700000e+01 -1.200000e+01
      vertex   -1.400000e+02 1.000000e+01 -1.100000e+01
    endloop
  endfacet
  facet normal 1.000000e+00 -0.000000e+00 0.000000e+00
    outer loop
      vertex   -1.400000e+02 1.000000e+01 -1.100000e+01
      vertex   -1.400000e+02 1.700000e+01 -1.200000e+01
      vertex   -1.400000e+02 1.700000e+01 1.200000e+01
    endloop
  endfacet
  facet normal 1.000000e+00 0.000000e+00 0.000000e+00
    outer loop
      vertex   -1.400000e+02 1.000000e+01 -1.100000e+01
      vertex   -1.400000e+02 1.700000e+01 1.200000e+01
      vertex   -1.400000e+02 1.000000e+01 1.100000e+01
    endloop
  endfacet
  facet normal 1.000000e+00 0.000000e+00 -0.000000e+00
    outer loop
      vertex   -1.400000e+02 1.000000e+01 1.100000e+01
      vertex   -1.400000e+02 1.700000e+01 1.200000e+01
      vertex   -1.400000e+02 9.000000e+00 1.200000e+01
    endloop
  endfacet
  facet normal 0.000000e+00 -1.305262e-01 9.914449e-01
    outer loop
      vertex   -1.460000e+02 4.582343e+00 4.826667e+00
      vertex   -1.500000e+02 4.582343e+00 4.826667e+00
      vertex   -1.460000e+02 4.000000e+00 4.750000e+00
    endloop
  endfacet
  facet normal 0.000000e+00 -1.305262e-01 9.914449e-01
    outer loop
      vertex   -1.460000e+02 4.000000e+00 4.750000e+00
      vertex   -1.500000e+02 4.582343e+00 4.826667e+00
      vertex   -1.500000e+02 4.000000e+00 4.750000e+00
    endloop
  endfacet
  facet normal 0.000000e+00 1.305262e-01 9.914449e-01
    outer loop
      vertex   -1.460000e+02 4.000000e+00 4.750000e+00
      vertex   -1.500000e+02 4.000000e+00 4.750000e+00
      vertex   -1.460000e+02 3.417657e+00 4.826667e+00
    endloop
  endfacet
  facet normal 0.000000e+00 1.305262e-01 9.914449e-01
    outer loop
      vertex   -1.460000e+02 3.417657e+00 4.826667e+00
      vertex   -1.500000e+02 4.000000e+00 4.750000e+00
      vertex   -1.500000e+02 3.417657e+00 4.826667e+00
    endloop
  endfacet
  facet normal 0.000000e+00 3.826834e-01 9.238795e-01
    outer loop
      vertex   -1.460000e+02 3.417657e+00 4.826667e+00
      vertex   -1.500000e+02 3.417657e+00 4.826667e+00
      vertex   -1.460000e+02 2.875000e+00 5.051443e+00
    endloop
  endfacet
  facet normal 0.000000e+00 3.826834e-01 9.238795e-01
    outer loop
      vertex   -1.460000e+02 2.875000e+00 5.051443e+00
      vertex   -1.500000e+02 3.417657e+00 4.826667e+00
      vertex   -1.500000e+02 2.875000e+00 5.051443e+00
    endloop
  endfacet
  facet normal 0.000000e+00 6.087614e-01 7.933533e-01
    outer loop
      vertex   -1.460000e+02 2.875000e+00 5.051443e+00
      vertex   -1.500000e+02 2.875000e+00 5.051443e+00
      vertex   -1.460000e+02 2.409010e+00 5.409010e+00
    endloop
  endfacet
  facet normal 0.000000e+00 6.087614e-01 7.933533e-01
    outer loop
      vertex   -1.460000e+02 2.409010e+00 5.409010e+00
      vertex   -1.500000e+02 2.875000e+00 5.051443e+00
      vertex   -1.500000e+02 2.409010e+00 5.409010e+00
    endloop
  endfacet
  facet normal 0.000000e+00 7.933533e-01 6.087614e-01
    outer loop
      vertex   -1.460000e+02 2.409010e+00 5.409010e+00
      vertex   -1.500000e+02 2.409010e+00 5.409010e+00
      vertex   -1.460000e+02 2.051443e+00 5.875000e+00
    endloop
  endfacet
  facet normal 0.000000e+00 7.933533e-01 6.087614e-01
    outer loop
      vertex   -1.460000e+02 2.051443e+00 5.875000e+00
      vertex   -1.500000e+02 2.409010e+00 5.409010e+00
      vertex   -1.500000e+02 2.051443e+00 5.875000e+00
    endloop
  endfacet
  facet normal 0.000000e+00 9.238795e-01 3.826834e-01
    outer loop
      vertex   -1.460000e+02 2.051443e+00 5.875000e+00
      vertex   -1.500000e+02 2.051443e+00 5.875000e+00
      vertex   -1.460000e+02 1.826667e+00 6.417657e+00
    endloop
  endfacet
  facet normal 0.000000e+00 9.238795e-01 3.826834e-01
    outer loop
      vertex   -1.460000e+02 1.826667e+00 6.417657e+00
      vertex   -1.500000e+02 2.051443e+00 5.875000e+00
      vertex   -1.500000e+02 1.826667e+00 6.417657e+00
    endloop
  endfacet
  facet normal 0.000000e+00 9.914449e-01 1.305262e-01
    outer loop
      vertex   -1.460000e+02 1.826667e+00 6.417657e+00
      vertex   -1.500000e+02 1.826667e+00 6.417657e+00
      vertex   -1.460000e+02 1.750000e+00 7.000000e+00
    endloop
  endfacet
  facet normal 0.000000e+00 9.914449e-01 1.305262e-01
    outer loop
      vertex   -1.460000e+02 1.750000e+00 7.000000e+00
      vertex   -1.500000e+02 1.826667e+00 6.417657e+00
      vertex   -1.500000e+02 1.750000e+00 7.000000e+00
    endloop
  endfacet
  facet normal 0.000000e+00 9.914449e-01 -1.305262e-01
    outer loop
      vertex   -1.460000e+02 1.750000e+00 7.000000e+00
      vertex   -1.500000e+02 1.750000e+00 7.000000e+00
      vertex   -1.460000e+02 1.826667e+00 7.582343e+00
    endloop
  endfacet
  facet normal 0.000000e+00 9.914449e-01 -1.305262e-01
    outer loop
      vertex   -1.460000e+02 1.826667e+00 7.582343e+00
      vertex   -1.500000e+02 1.750000e+00 7.000000e+00
      vertex   -1.500000e+02 1.826667e+00 7.582343e+00
    endloop
  endfacet
  facet normal 0.000000e+00 9.238795e-01 -3.826834e-01
    outer loop
      vertex   -1.460000e+02 1.826667e+00 7.582343e+00
      vertex   -1.500000e+02 1.826667e+00 7.582343e+00
      vertex   -1.460000e+02 2.051443e+00 8.125000e+00
    endloop
  endfacet
  facet normal 0.000000e+00 9.238795e-01 -3.826834e-01
    outer loop
      vertex   -1.460000e+02 2.051443e+00 8.125000e+00
      vertex   -1.500000e+02 1.826667e+00 7.582343e+00
      vertex   -1.500000e+02 2.051443e+00 8.125000e+00
    endloop
  endfacet
  facet normal 0.000000e+00 7.933533e-01 -6.087614e-01
    outer loop
      vertex   -1.460000e+02 2.051443e+00 8.125000e+00
      vertex   -1.500000e+02 2.051443e+00 8.125000e+00
      vertex   -1.460000e+02 2.409010e+00 8.590990e+00
    endloop
  endfacet
  facet normal 0.000000e+00 7.933533e-01 -6.087614e-01
    outer loop
      vertex   -1.460000e+02 2.409010e+00 8.590990e+00
      vertex   -1.500000e+02 2.051443e+00 8.125000e+00
      vertex   -1.500000e+02 2.409010e+00 8.590990e+00
    endloop
  endfacet
  facet normal 0.000000e+00 6.087614e-01 -7.933533e-01
    outer loop
      vertex   -1.460000e+02 2.409010e+00 8.590990e+00
      vertex   -1.500000e+02 2.409010e+00 8.590990e+00
      vertex   -1.460000e+02 2.875000e+00 8.948557e+00
    endloop
  endfacet
  facet normal 0.000000e+00 6.087614e-01 -7.933533e-01
    outer loop
      vertex   -1.460000e+02 2.875000e+00 8.948557e+00
      vertex   -1.500000e+02 2.409010e+00 8.590990e+00
      vertex   -1.500000e+02 2.875000e+00 8.948557e+00
    endloop
  endfacet
  facet normal 0.000000e+00 3.826834e-01 -9.238795e-01
    outer loop
      vertex   -1.460000e+02 2.875000e+00 8.948557e+00
      vertex   -1.500000e+02 2.875000e+00 8.948557e+00
      vertex   -1.460000e+02 3.417657e+00 9.173333e+00
    endloop
  endfacet
  facet normal 0.000000e+00 3.826834e-01 -9.238795e-01
    outer loop
      vertex   -1.460000e+02 3.417657e+00 9.173333e+00
      vertex   -1.500000e+02 2.875000e+00 8.948557e+00
      vertex   -1.500000e+02 3.417657e+00 9.173333e+00
    endloop
  endfacet
  facet normal 0.000000e+00 1.305262e-01 -9.914449e-01
    outer loop
      vertex   -1.460000e+02 3.417657e+00 9.173333e+00
      vertex   -1.500000e+02 3.417657e+00 9.173333e+00
      vertex   -1.460000e+02 4.000000e+00 9.250000e+00
    endloop
  endfacet
  facet normal 0.000000e+00 1.305262e-01 -9.914449e-01
    outer loop
      vertex   -1.460000e+02 4.000000e+00 9.250000e+00
      vertex   -1.500000e+02 3.417657e+00 9.173333e+00
      vertex   -1.500000e+02 4.000000e+00 9.250000e+00
    endloop
  endfacet
  facet normal -0.000000e+00 -1.305262e-01 -9.914449e-01
    outer loop
      vertex   -1.460000e+02 4.000000e+00 9.250000e+00
      vertex   -1.500000e+02 4.000000e+00 9.250000e+00
      vertex   -1.460000e+02 4.582343e+00 9.173333e+00
    endloop
  endfacet
  facet normal -0.000000e+00 -1.305262e-01 -9.914449e-01
    outer loop
      vertex   -1.460000e+02 4.582343e+00 9.173333e+00
      vertex   -1.500000e+02 4.000000e+00 9.250000e+00
      vertex   -1.500000e+02 4.582343e+00 9.173333e+00
    endloop
  endfacet
  facet normal -0.000000e+00 -3.826834e-01 -9.238795e-01
    outer loop
      vertex   -1.460000e+02 4.582343e+00 9.173333e+00
      vertex   -1.500000e+02 4.582343e+00 9.173333e+00
      vertex   -1.460000e+02 5.125000e+00 8.948557e+00
    endloop
  endfacet
  facet normal -0.000000e+00 -3.826834e-01 -9.238795e-01
    outer loop
      vertex   -1.460000e+02 5.125000e+00 8.948557e+00
      vertex   -1.500000e+02 4.582343e+00 9.173333e+00
      vertex   -1.500000e+02 5.125000e+00 8.948557e+00
    endloop
  endfacet
  facet normal -0.000000e+00 -6.087614e-01 -7.933533e-01
    outer loop
      vertex   -1.460000e+02 5.125000e+00 8.948557e+00
      vertex   -1.500000e+02 5.125000e+00 8.948557e+00
      vertex   -1.460000e+02 5.590990e+00 8.590990e+00
    endloop
  endfacet
  facet normal -0.000000e+00 -6.087614e-01 -7.933533e-01
    outer loop
      vertex   -1.460000e+02 5.590990e+00 8.590990e+00
      vertex   -1.500000e+02 5.125000e+00 8.948557e+00
      vertex   -1.500000e+02 5.590990e+00 8.590990e+00
    endloop
  endfacet
  facet normal -0.000000e+00 -7.933533e-01 -6.087614e-01
    outer loop
      vertex   -1.460000e+02 5.590990e+00 8.590990e+00
      vertex   -1.500000e+02 5.590990e+00 8.590990e+00
      vertex   -1.460000e+02 5.948557e+00 8.125000e+00
    endloop
  endfacet
  facet normal -0.000000e+00 -7.933533e-01 -6.087614e-01
    outer loop
      vertex   -1.460000e+02 5.948557e+00 8.125000e+00
      vertex   -1.500000e+02 5.590990e+00 8.590990e+00
      vertex   -1.500000e+02 5.948557e+00 8.125000e+00
    endloop
  endfacet
  facet normal -0.000000e+00 -9.238795e-01 -3.826834e-01
    outer loop
      vertex   -1.460000e+02 5.948557e+00 8.125000e+00
      vertex   -1.500000e+02 5.948557e+00 8.125000e+00
      vertex   -1.460000e+02 6.173333e+00 7.582343e+00
    endloop
  endfacet
  facet normal -0.000000e+00 -9.238795e-01 -3.826834e-01
    outer loop
      vertex   -1.460000e+02 6.173333e+00 7.582343e+00
      vertex   -1.500000e+02 5.948557e+00 8.125000e+00
      vertex   -1.500000e+02 6.173333e+00 7.582343e+00
    endloop
  endfacet
  facet normal -0.000000e+00 -9.914449e-01 -1.305262e-01
    outer loop
      vertex   -1.460000e+02 6.173333e+00 7.582343e+00
      vertex   -1.500000e+02 6.173333e+00 7.582343e+00
      vertex   -1.460000e+02 6.250000e+00 7.000000e+00
    endloop
  endfacet
  facet normal -0.000000e+00 -9.914449e-01 -1.305262e-01
    outer loop
      vertex   -1.460000e+02 6.250000e+00 7.000000e+00
      vertex   -1.500000e+02 6.173333e+00 7.582343e+00
      vertex   -1.500000e+02 6.250000e+00 7.000000e+00
    endloop
  endfacet
  facet normal 0.000000e+00 -9.914449e-01 1.305262e-01
    outer loop
      vertex   -1.460000e+02 6.250000e+00 7.000000e+00
      vertex   -1.500000e+02 6.250000e+00 7.000000e+00
      vertex   -1.460000e+02 6.173333e+00 6.417657e+00
    endloop
  endfacet
  facet normal 0.000000e+00 -9.914449e-01 1.305262e-01
    outer loop
      vertex   -1.460000e+02 6.173333e+00 6.417657e+00
      vertex   -1.500000e+02 6.250000e+00 7.000000e+00
      vertex   -1.500000e+02 6.173333e+00 6.417657e+00
    endloop
  endfacet
  facet normal 0.000000e+00 -9.238795e-01 3.826834e-01
    outer loop
      vertex   -1.460000e+02 6.173333e+00 6.417657e+00
      vertex   -1.500000e+02 6.173333e+00 6.417657e+00
      vertex   -1.460000e+02 5.948557e+00 5.875000e+00
    endloop
  endfacet
  facet normal 0.000000e+00 -9.238795e-01 3.826834e-01
    outer loop
      vertex   -1.460000e+02 5.948557e+00 5.875000e+00
      vertex   -1.500000e+02 6.173333e+00 6.417657e+00
      vertex   -1.500000e+02 5.948557e+00 5.875000e+00
    endloop
  endfacet
  facet normal 0.000000e+00 -7.933533e-01 6.087614e-01
    outer loop
      vertex   -1.460000e+02 5.948557e+00 5.875000e+00
      vertex   -1.500000e+02 5.948557e+00 5.875000e+00
      vertex   -1.460000e+02 5.590990e+00 5.409010e+00
    endloop
  endfacet
  facet normal 0.000000e+00 -7.933533e-01 6.087614e-01
    outer loop
      vertex   -1.460000e+02 5.590990e+00 5.409010e+00
      vertex   -1.500000e+02 5.948557e+00 5.875000e+00
      vertex   -1.500000e+02 5.590990e+00 5.409010e+00
    endloop
  endfacet
  facet normal 0.000000e+00 -6.087614e-01 7.933533e-01
    outer loop
      vertex   -1.460000e+02 5.590990e+00 5.409010e+00
      vertex   -1.500000e+02 5.590990e+00 5.409010e+00
      vertex   -1.460000e+02 5.125000e+00 5.051443e+00
    endloop
  endfacet
  facet normal 0.000000e+00 -6.087614e-01 7.933533e-01
    outer loop
      vertex   -1.460000e+02 5.125000e+00 5.051443e+00
      vertex   -1.500000e+02 5.590990e+00 5.409010e+00
      vertex   -1.500000e+02 5.125000e+00 5.051443e+00
    endloop
  endfacet
  facet normal 0.000000e+00 -3.826834e-01 9.238795e-01
    outer loop
      vertex   -1.460000e+02 5.125000e+00 5.051443e+00
      vertex   -1.500000e+02 5.125000e+00 5.051443e+00
      vertex   -1.460000e+02 4.582343e+00 4.826667e+00
    endloop
  endfacet
  facet normal 0.000000e+00 -3.826834e-01 9.238795e-01
    outer loop
      vertex   -1.460000e+02 4.582343e+00 4.826667e+00
      vertex   -1.500000e+02 5.125000e+00 5.051443e+00
      vertex   -1.500000e+02 4.582343e+00 4.826667e+00
    endloop
  endfacet
  facet normal -1.000000e+00 0.000000e+00 0.000000e+00
    outer loop
      vertex   -1.460000e+02 3.585890e+00 5.454519e+00
      vertex   -1.460000e+02 4.000000e+00 5.400000e+00
      vertex   -1.460000e+02 4.000000e+00 4.750000e+00
    endloop
  endfacet
  facet normal -1.000000e+00 0.000000e+00 0.000000e+00
    outer loop
      vertex   -1.460000e+02 4.000000e+00 4.750000e+00
      vertex   -1.460000e+02 4.000000e+00 5.400000e+00
      vertex   -1.460000e+02 4.414110e+00 5.454519e+00
    endloop
  endfacet
  facet normal -1.000000e+00 0.000000e+00 0.000000e+00
    outer loop
      vertex   -1.460000e+02 4.000000e+00 4.750000e+00
      vertex   -1.460000e+02 4.414110e+00 5.454519e+00
      vertex   -1.460000e+02 4.582343e+00 4.826667e+00
    endloop
  endfacet
  facet normal -1.000000e+00 0.000000e+00 0.000000e+00
    outer loop
      vertex   -1.460000e+02 4.582343e+00 4.826667e+00
      vertex   -1.460000e+02 4.414110e+00 5.454519e+00
      vertex   -1.460000e+02 4.800000e+00 5.614359e+00
    endloop
  endfacet
  facet normal -1.000000e+00 0.000000e+00 0.000000e+00
    outer loop
      vertex   -1.460000e+02 4.582343e+00 4.826667e+00
      vertex   -1.460000e+02 4.800000e+00 5.614359e+00
      vertex   -1.460000e+02 5.125000e+00 5.051443e+00
    endloop
  endfacet
  facet normal -1.000000e+00 0.000000e+00 0.000000e+00
    outer loop
      vertex   -1.460000e+02 5.125000e+00 5.051443e+00
      vertex   -1.460000e+02 4.800000e+00 5.614359e+00
      vertex   -1.460000e+02 5.131371e+00 5.868629e+00
    endloop
  endfacet
  facet normal -1.000000e+00 0.000000e+00 0.000000e+00
    outer loop
      vertex   -1.460000e+02 5.125000e+00 5.051443e+00
      vertex   -1.460000e+02 5.131371e+00 5.868629e+00
      vertex   -1.460000e+02 5.590990e+00 5.409010e+00
    endloop
  endfacet
  facet normal -1.000000e+00 0.000000e+00 0.000000e+00
    outer loop
      vertex   -1.460000e+02 5.590990e+00 5.409010e+00
      vertex   -1.460000e+02 5.131371e+00 5.868629e+00
      vertex   -1.460000e+02 5.385641e+00 6.200000e+00
    endloop
  endfacet
  facet normal -1.000000e+00 0.000000e+00 0.000000e+00
    outer loop
      vertex   -1.460000e+02 5.590990e+00 5.409010e+00
      vertex   -1.460000e+02 5.385641e+00 6.200000e+00
      vertex   -1.460000e+02 5.948557e+00 5.875000e+00
    endloop
  endfacet
  facet normal -1.000000e+00 0.000000e+00 0.000000e+00
    outer loop
      vertex   -1.460000e+02 5.948557e+00 5.875000e+00
      vertex   -1.460000e+02 5.385641e+00 6.200000e+00
      vertex   -1.460000e+02 5.545481e+00 6.585890e+00
    endloop
  endfacet
  facet normal -1.000000e+00 0.000000e+00 0.000000e+00
    outer loop
      vertex   -1.460000e+02 5.948557e+00 5.875000e+00
      vertex   -1.460000e+02 5.545481e+00 6.585890e+00
      vertex   -1.460000e+02 6.173333e+00 6.417657e+00
    endloop
  endfacet
  facet normal -1.000000e+00 0.000000e+00 0.000000e+00
    outer loop
      vertex   -1.460000e+02 6.173333e+00 6.417657e+00
      vertex   -1.460000e+02 5.545481e+00 6.585890e+00
      vertex   -1.460000e+02 5.600000e+00 7.000000e+00
    endloop
  endfacet
  facet normal -1.000000e+00 0.000000e+00 0.000000e+00
    outer loop
      vertex   -1.460000e+02 6.173333e+00 6.417657e+00
      vertex   -1.460000e+02 5.600000e+00 7.000000e+00
      vertex   -1.460000e+02 6.250000e+00 7.000000e+00
    endloop
  endfacet
  facet normal -1.000000e+00 0.000000e+00 0.000000e+00
    outer loop
      vertex   -1.460000e+02 6.250000e+00 7.000000e+00
      vertex   -1.460000e+02 5.600000e+00 7.000000e+00
      vertex   -1.460000e+02 6.173333e+00 7.582343e+00
    endloop
  endfacet
  facet normal -1.000000e+00 0.000000e+00 0.000000e+00
    outer loop
      vertex   -1.460000e+02 6.173333e+00 7.582343e+00
      vertex   -1.460000e+02 5.600000e+00 7.000000e+00
      vertex   -1.460000e+02 5.545481e+00 7.414110e+00
    endloop
  endfacet
  facet normal -1.000000e+00 -0.000000e+00 0.000000e+00
    outer loop
      vertex   -1.460000e+02 6.173333e+00 7.582343e+00
      vertex   -1.460000e+02 5.545481e+00 7.414110e+00
      vertex   -1.460000e+02 5.948557e+00 8.125000e+00
    endloop
  endfacet
  facet normal -1.000000e+00 0.000000e+00 0.000000e+00
    outer loop
      vertex   -1.460000e+02 5.948557e+00 8.125000e+00
      vertex   -1.460000e+02 5.545481e+00 7.414110e+00
      vertex   -1.460000e+02 5.385641e+00 7.800000e+00
    endloop
  endfacet
  facet normal -1.000000e+00 -0.000000e+00 0.000000e+00
    outer loop
      vertex   -1.460000e+02 5.948557e+00 8.125000e+00
      vertex   -1.460000e+02 5.385641e+00 7.800000e+00
      vertex   -1.460000e+02 5.590990e+00 8.590990e+00
    endloop
  endfacet
  facet normal -1.000000e+00 0.000000e+00 0.000000e+00
    outer loop
      vertex   -1.460000e+02 5.590990e+00 8.590990e+00
      vertex   -1.460000e+02 5.385641e+00 7.800000e+00
      vertex   -1.460000e+02 5.131371e+00 8.131371e+00
    endloop
  endfacet
  facet normal -1.000000e+00 -0.000000e+00 0.000000e+00
    outer loop
      vertex   -1.460000e+02 5.590990e+00 8.590990e+00
      vertex   -1.460000e+02 5.131371e+00 8.131371e+00
      vertex   -1.460000e+02 5.125000e+00 8.948557e+00
    endloop
  endfacet
  facet normal -1.000000e+00 0.000000e+00 -0.000000e+00
    outer loop
      vertex   -1.460000e+02 5.125000e+00 8.948557e+00
      vertex   -1.460000e+02 5.131371e+00 8.131371e+00
      vertex   -1.460000e+02 4.800000e+00 8.385641e+00
    endloop
  endfacet
  facet normal -1.000000e+00 -0.000000e+00 0.000000e+00
    outer loop
      vertex   -1.460000e+02 5.125000e+00 8.948557e+00
      vertex   -1.460000e+02 4.800000e+00 8.385641e+00
      vertex   -1.460000e+02 4.582343e+00 9.173333e+00
    endloop
  endfacet
  facet normal -1.000000e+00 0.000000e+00 -0.000000e+00
    outer loop
      vertex   -1.460000e+02 4.582343e+00 9.173333e+00
      vertex   -1.460000e+02 4.800000e+00 8.385641e+00
      vertex   -1.460000e+02 4.414110e+00 8.545481e+00
    endloop
  endfacet
  facet normal -1.000000e+00 -0.000000e+00 0.000000e+00
    outer loop
      vertex   -1.460000e+02 4.582343e+00 9.173333e+00
      vertex   -1.460000e+02 4.414110e+00 8.545481e+00
      vertex   -1.460000e+02 4.000000e+00 9.250000e+00
    endloop
  endfacet
  facet normal -1.000000e+00 0.000000e+00 0.000000e+00
    outer loop
      vertex   -1.460000e+02 4.000000e+00 9.250000e+00
      vertex   -1.460000e+02 4.414110e+00 8.545481e+00
      vertex   -1.460000e+02 4.000000e+00 8.600000e+00
    endloop
  endfacet
  facet normal -1.000000e+00 0.000000e+00 -0.000000e+00
    outer loop
      vertex   -1.460000e+02 4.000000e+00 9.250000e+00
      vertex   -1.460000e+02 4.000000e+00 8.600000e+00
      vertex   -1.460000e+02 3.417657e+00 9.173333e+00
    endloop
  endfacet
  facet normal -1.000000e+00 0.000000e+00 0.000000e+00
    outer loop
      vertex   -1.460000e+02 3.417657e+00 9.173333e+00
      vertex   -1.460000e+02 4.000000e+00 8.600000e+00
      vertex   -1.460000e+02 3.585890e+00 8.545481e+00
    endloop
  endfacet
  facet normal -1.000000e+00 0.000000e+00 -0.000000e+00
    outer loop
      vertex   -1.460000e+02 3.417657e+00 9.173333e+00
      vertex   -1.460000e+02 3.585890e+00 8.545481e+00
      vertex   -1.460000e+02 3.200000e+00 8.385641e+00
    endloop
  endfacet
  facet normal -1.000000e+00 0.000000e+00 0.000000e+00
    outer loop
      vertex   -1.460000e+02 3.417657e+00 9.173333e+00
      vertex   -1.460000e+02 3.200000e+00 8.385641e+00
      vertex   -1.460000e+02 2.875000e+00 8.948557e+00
    endloop
  endfacet
  facet normal -1.000000e+00 0.000000e+00 -0.000000e+00
    outer loop
      vertex   -1.460000e+02 2.875000e+00 8.948557e+00
      vertex   -1.460000e+02 3.200000e+00 8.385641e+00
      vertex   -1.460000e+02 2.868629e+00 8.131371e+00
    endloop
  endfacet
  facet normal -1.000000e+00 0.000000e+00 0.000000e+00
    outer loop
      vertex   -1.460000e+02 2.875000e+00 8.948557e+00
      vertex   -1.460000e+02 2.868629e+00 8.131371e+00
      vertex   -1.460000e+02 2.409010e+00 8.590990e+00
    endloop
  endfacet
  facet normal -1.000000e+00 0.000000e+00 0.000000e+00
    outer loop
      vertex   -1.460000e+02 2.409010e+00 8.590990e+00
      vertex   -1.460000e+02 2.868629e+00 8.131371e+00
      vertex   -1.460000e+02 2.614359e+00 7.800000e+00
    endloop
  endfacet
  facet normal -1.000000e+00 0.000000e+00 -0.000000e+00
    outer loop
      vertex   -1.460000e+02 2.409010e+00 8.590990e+00
      vertex   -1.460000e+02 2.614359e+00 7.800000e+00
      vertex   -1.460000e+02 2.051443e+00 8.125000e+00
    endloop
  endfacet
  facet normal -1.000000e+00 0.000000e+00 0.000000e+00
    outer loop
      vertex   -1.460000e+02 2.051443e+00 8.125000e+00
      vertex   -1.460000e+02 2.614359e+00 7.800000e+00
      vertex   -1.460000e+02 2.454519e+00 7.414110e+00
    endloop
  endfacet
  facet normal -1.000000e+00 0.000000e+00 -0.000000e+00
    outer loop
      vertex   -1.460000e+02 2.051443e+00 8.125000e+00
      vertex   -1.460000e+02 2.454519e+00 7.414110e+00
      vertex   -1.460000e+02 1.826667e+00 7.582343e+00
    endloop
  endfacet
  facet normal -1.000000e+00 0.000000e+00 0.000000e+00
    outer loop
      vertex   -1.460000e+02 1.826667e+00 7.582343e+00
      vertex   -1.460000e+02 2.454519e+00 7.414110e+00
      vertex   -1.460000e+02 2.400000e+00 7.000000e+00
    endloop
  endfacet
  facet normal -1.000000e+00 0.000000e+00 -0.000000e+00
    outer loop
      vertex   -1.460000e+02 1.826667e+00 7.582343e+00
      vertex   -1.460000e+02 2.400000e+00 7.000000e+00
      vertex   -1.460000e+02 1.750000e+00 7.000000e+00
    endloop
  endfacet
  facet normal -1.000000e+00 0.000000e+00 0.000000e+00
    outer loop
      vertex   -1.460000e+02 1.750000e+00 7.000000e+00
      vertex   -1.460000e+02 2.400000e+00 7.000000e+00
      vertex   -1.460000e+02 1.826667e+00 6.417657e+00
    endloop
  endfacet
  facet normal -1.000000e+00 0.000000e+00 0.000000e+00
    outer loop
      vertex   -1.460000e+02 1.826667e+00 6.417657e+00
      vertex   -1.460000e+02 2.400000e+00 7.000000e+00
      vertex   -1.460000e+02 2.454519e+00 6.585890e+00
    endloop
  endfacet
  facet normal -1.000000e+00 0.000000e+00 0.000000e+00
    outer loop
      vertex   -1.460000e+02 1.826667e+00 6.417657e+00
      vertex   -1.460000e+02 2.454519e+00 6.585890e+00
      vertex   -1.460000e+02 2.051443e+00 5.875000e+00
    endloop
  endfacet
  facet normal -1.000000e+00 0.000000e+00 0.000000e+00
    outer loop
      vertex   -1.460000e+02 2.051443e+00 5.875000e+00
      vertex   -1.460000e+02 2.454519e+00 6.585890e+00
      vertex   -1.460000e+02 2.614359e+00 6.200000e+00
    endloop
  endfacet
  facet normal -1.000000e+00 0.000000e+00 0.000000e+00
    outer loop
      vertex   -1.460000e+02 2.051443e+00 5.875000e+00
      vertex   -1.460000e+02 2.614359e+00 6.200000e+00
      vertex   -1.460000e+02 2.409010e+00 5.409010e+00
    endloop
  endfacet
  facet normal -1.000000e+00 0.000000e+00 0.000000e+00
    outer loop
      vertex   -1.460000e+02 2.409010e+00 5.409010e+00
      vertex   -1.460000e+02 2.614359e+00 6.200000e+00
      vertex   -1.460000e+02 2.868629e+00 5.868629e+00
    endloop
  endfacet
  facet normal -1.000000e+00 0.000000e+00 0.000000e+00
    outer loop
      vertex   -1.460000e+02 2.409010e+00 5.409010e+00
      vertex   -1.460000e+02 2.868629e+00 5.868629e+00
      vertex   -1.460000e+02 2.875000e+00 5.051443e+00
    endloop
  endfacet
  facet normal -1.000000e+00 0.000000e+00 0.000000e+00
    outer loop
      vertex   -1.460000e+02 2.875000e+00 5.051443e+00
      vertex   -1.460000e+02 2.868629e+00 5.868629e+00
      vertex   -1.460000e+02 3.200000e+00 5.614359e+00
    endloop
  endfacet
  facet normal -1.000000e+00 0.000000e+00 0.000000e+00
    outer loop
      vertex   -1.460000e+02 2.875000e+00 5.051443e+00
      vertex   -1.460000e+02 3.200000e+00 5.614359e+00
      vertex   -1.460000e+02 3.417657e+00 4.826667e+00
    endloop
  endfacet
  facet normal -1.000000e+00 0.000000e+00 0.000000e+00
    outer loop
      vertex   -1.460000e+02 3.417657e+00 4.826667e+00
      vertex   -1.460000e+02 3.200000e+00 5.614359e+00
      vertex   -1.460000e+02 3.585890e+00 5.454519e+00
    endloop
  endfacet
  facet normal -1.000000e+00 0.000000e+00 0.000000e+00
    outer loop
      vertex   -1.460000e+02 3.417657e+00 4.826667e+00
      vertex   -1.460000e+02 3.585890e+00 5.454519e+00
      vertex   -1.460000e+02 4.000000e+00 4.750000e+00
    endloop
  endfacet
  facet normal 0.000000e+00 -1.305262e-01 9.914449e-01
    outer loop
      vertex   -1.460000e+02 4.582343e+00 -9.173333e+00
      vertex   -1.500000e+02 4.582343e+00 -9.173333e+00
      vertex   -1.460000e+02 4.000000e+00 -9.250000e+00
    endloop
  endfacet
  facet normal 0.000000e+00 -1.305262e-01 9.914449e-01
    outer loop
      vertex   -1.460000e+02 4.000000e+00 -9.250000e+00
      vertex   -1.500000e+02 4.582343e+00 -9.173333e+00
      vertex   -1.500000e+02 4.000000e+00 -9.250000e+00
    endloop
  endfacet
  facet normal 0.000000e+00 1.305262e-01 9.914449e-01
    outer loop
      vertex   -1.460000e+02 4.000000e+00 -9.250000e+00
      vertex   -1.500000e+02 4.000000e+00 -9.250000e+00
      vertex   -1.460000e+02 3.417657e+00 -9.173333e+00
    endloop
  endfacet
  facet normal 0.000000e+00 1.305262e-01 9.914449e-01
    outer loop
      vertex   -1.460000e+02 3.417657e+00 -9.173333e+00
      vertex   -1.500000e+02 4.000000e+00 -9.250000e+00
      vertex   -1.500000e+02 3.417657e+00 -9.173333e+00
    endloop
  endfacet
  facet normal 0.000000e+00 3.826834e-01 9.238795e-01
    outer loop
      vertex   -1.460000e+02 3.417657e+00 -9.173333e+00
      vertex   -1.500000e+02 3.417657e+00 -9.173333e+00
      vertex   -1.460000e+02 2.875000e+00 -8.948557e+00
    endloop
  endfacet
  facet normal 0.000000e+00 3.826834e-01 9.238795e-01
    outer loop
      vertex   -1.460000e+02 2.875000e+00 -8.948557e+00
      vertex   -1.500000e+02 3.417657e+00 -9.173333e+00
      vertex   -1.500000e+02 2.875000e+00 -8.948557e+00
    endloop
  endfacet
  facet normal 0.000000e+00 6.087614e-01 7.933533e-01
    outer loop
      vertex   -1.460000e+02 2.875000e+00 -8.948557e+00
      vertex   -1.500000e+02 2.875000e+00 -8.948557e+00
      vertex   -1.460000e+02 2.409010e+00 -8.590990e+00
    endloop
  endfacet
  facet normal 0.000000e+00 6.087614e-01 7.933533e-01
    outer loop
      vertex   -1.460000e+02 2.409010e+00 -8.590990e+00
      vertex   -1.500000e+02 2.875000e+00 -8.948557e+00
      vertex   -1.500000e+02 2.409010e+00 -8.590990e+00
    endloop
  endfacet
  facet normal 0.000000e+00 7.933533e-01 6.087614e-01
    outer loop
      vertex   -1.460000e+02 2.409010e+00 -8.590990e+00
      vertex   -1.500000e+02 2.409010e+00 -8.590990e+00
      vertex   -1.460000e+02 2.051443e+00 -8.125000e+00
    endloop
  endfacet
  facet normal 0.000000e+00 7.933533e-01 6.087614e-01
    outer loop
      vertex   -1.460000e+02 2.051443e+00 -8.125000e+00
      vertex   -1.500000e+02 2.409010e+00 -8.590990e+00
      vertex   -1.500000e+02 2.051443e+00 -8.125000e+00
    endloop
  endfacet
  facet normal 0.000000e+00 9.238795e-01 3.826834e-01
    outer loop
      vertex   -1.460000e+02 2.051443e+00 -8.125000e+00
      vertex   -1.500000e+02 2.051443e+00 -8.125000e+00
      vertex   -1.460000e+02 1.826667e+00 -7.582343e+00
    endloop
  endfacet
  facet normal 0.000000e+00 9.238795e-01 3.826834e-01
    outer loop
      vertex   -1.460000e+02 1.826667e+00 -7.582343e+00
      vertex   -1.500000e+02 2.051443e+00 -8.125000e+00
      vertex   -1.500000e+02 1.826667e+00 -7.582343e+00
    endloop
  endfacet
  facet normal 0.000000e+00 9.914449e-01 1.305262e-01
    outer loop
      vertex   -1.460000e+02 1.826667e+00 -7.582343e+00
      vertex   -1.500000e+02 1.826667e+00 -7.582343e+00
      vertex   -1.460000e+02 1.750000e+00 -7.000000e+00
    endloop
  endfacet
  facet normal 0.000000e+00 9.914449e-01 1.305262e-01
    outer loop
      vertex   -1.460000e+02 1.750000e+00 -7.000000e+00
      vertex   -1.500000e+02 1.826667e+00 -7.582343e+00
      vertex   -1.500000e+02 1.750000e+00 -7.000000e+00
    endloop
  endfacet
  facet normal 0.000000e+00 9.914449e-01 -1.305262e-01
    outer loop
      vertex   -1.460000e+02 1.750000e+00 -7.000000e+00
      vertex   -1.500000e+02 1.750000e+00 -7.000000e+00
      vertex   -1.460000e+02 1.826667e+00 -6.417657e+00
    endloop
  endfacet
  facet normal 0.000000e+00 9.914449e-01 -1.305262e-01
    outer loop
      vertex   -1.460000e+02 1.826667e+00 -6.417657e+00
      vertex   -1.500000e+02 1.750000e+00 -7.000000e+00
      vertex   -1.500000e+02 1.826667e+00 -6.417657e+00
    endloop
  endfacet
  facet normal 0.000000e+00 9.238795e-01 -3.826834e-01
    outer loop
      vertex   -1.460000e+02 1.826667e+00 -6.417657e+00
      vertex   -1.500000e+02 1.826667e+00 -6.417657e+00
      vertex   -1.460000e+02 2.051443e+00 -5.875000e+00
    endloop
  endfacet
  facet normal 0.000000e+00 9.238795e-01 -3.826834e-01
    outer loop
      vertex   -1.460000e+02 2.051443e+00 -5.875000e+00
      vertex   -1.500000e+02 1.826667e+00 -6.417657e+00
      vertex   -1.500000e+02 2.051443e+00 -5.875000e+00
    endloop
  endfacet
  facet normal 0.000000e+00 7.933533e-01 -6.087614e-01
    outer loop
      vertex   -1.460000e+02 2.051443e+00 -5.875000e+00
      vertex   -1.500000e+02 2.051443e+00 -5.875000e+00
      vertex   -1.460000e+02 2.409010e+00 -5.409010e+00
    endloop
  endfacet
  facet normal 0.000000e+00 7.933533e-01 -6.087614e-01
    outer loop
      vertex   -1.460000e+02 2.409010e+00 -5.409010e+00
      vertex   -1.500000e+02 2.051443e+00 -5.875000e+00
      vertex   -1.500000e+02 2.409010e+00 -5.409010e+00
    endloop
  endfacet
  facet normal 0.000000e+00 6.087614e-01 -7.933533e-01
    outer loop
      vertex   -1.460000e+02 2.409010e+00 -5.409010e+00
      vertex   -1.500000e+02 2.409010e+00 -5.409010e+00
      vertex   -1.460000e+02 2.875000e+00 -5.051443e+00
    endloop
  endfacet
  facet normal 0.000000e+00 6.087614e-01 -7.933533e-01
    outer loop
      vertex   -1.460000e+02 2.875000e+00 -5.051443e+00
      vertex   -1.500000e+02 2.409010e+00 -5.409010e+00
      vertex   -1.500000e+02 2.875000e+00 -5.051443e+00
    endloop
  endfacet
  facet normal 0.000000e+00 3.826834e-01 -9.238795e-01
    outer loop
      vertex   -1.460000e+02 2.875000e+00 -5.051443e+00
      vertex   -1.500000e+02 2.875000e+00 -5.051443e+00
      vertex   -1.460000e+02 3.417657e+00 -4.826667e+00
    endloop
  endfacet
  facet normal 0.000000e+00 3.826834e-01 -9.238795e-01
    outer loop
      vertex   -1.460000e+02 3.417657e+00 -4.826667e+00
      vertex   -1.500000e+02 2.875000e+00 -5.051443e+00
      vertex   -1.500000e+02 3.417657e+00 -4.826667e+00
    endloop
  endfacet
  facet normal 0.000000e+00 1.305262e-01 -9.914449e-01
    outer loop
      vertex   -1.460000e+02 3.417657e+00 -4.826667e+00
      vertex   -1.500000e+02 3.417657e+00 -4.826667e+00
      vertex   -1.460000e+02 4.000000e+00 -4.750000e+00
    endloop
  endfacet
  facet normal 0.000000e+00 1.305262e-01 -9.914449e-01
    outer loop
      vertex   -1.460000e+02 4.000000e+00 -4.750000e+00
      vertex   -1.500000e+02 3.417657e+00 -4.826667e+00
      vertex   -1.500000e+02 4.000000e+00 -4.750000e+00
    endloop
  endfacet
  facet normal -0.000000e+00 -1.305262e-01 -9.914449e-01
    outer loop
      vertex   -1.460000e+02 4.000000e+00 -4.750000e+00
      vertex   -1.500000e+02 4.000000e+00 -4.750000e+00
      vertex   -1.460000e+02 4.582343e+00 -4.826667e+00
    endloop
  endfacet
  facet normal -0.000000e+00 -1.305262e-01 -9.914449e-01
    outer loop
      vertex   -1.460000e+02 4.582343e+00 -4.826667e+00
      vertex   -1.500000e+02 4.000000e+00 -4.750000e+00
      vertex   -1.500000e+02 4.582343e+00 -4.826667e+00
    endloop
  endfacet
  facet normal -0.000000e+00 -3.826834e-01 -9.238795e-01
    outer loop
      vertex   -1.460000e+02 4.582343e+00 -4.826667e+00
      vertex   -1.500000e+02 4.582343e+00 -4.826667e+00
      vertex   -1.460000e+02 5.125000e+00 -5.051443e+00
    endloop
  endfacet
  facet normal -0.000000e+00 -3.826834e-01 -9.238795e-01
    outer loop
      vertex   -1.460000e+02 5.125000e+00 -5.051443e+00
      vertex   -1.500000e+02 4.582343e+00 -4.826667e+00
      vertex   -1.500000e+02 5.125000e+00 -5.051443e+00
    endloop
  endfacet
  facet normal -0.000000e+00 -6.087614e-01 -7.933533e-01
    outer loop
      vertex   -1.460000e+02 5.125000e+00 -5.051443e+00
      vertex   -1.500000e+02 5.125000e+00 -5.051443e+00
      vertex   -1.460000e+02 5.590990e+00 -5.409010e+00
    endloop
  endfacet
  facet normal -0.000000e+00 -6.087614e-01 -7.933533e-01
    outer loop
      vertex   -1.460000e+02 5.590990e+00 -5.409010e+00
      vertex   -1.500000e+02 5.125000e+00 -5.051443e+00
      vertex   -1.500000e+02 5.590990e+00 -5.409010e+00
    endloop
  endfacet
  facet normal -0.000000e+00 -7.933533e-01 -6.087614e-01
    outer loop
      vertex   -1.460000e+02 5.590990e+00 -5.409010e+00
      vertex   -1.500000e+02 5.590990e+00 -5.409010e+00
      vertex   -1.460000e+02 5.948557e+00 -5.875000e+00
    endloop
  endfacet
  facet normal -0.000000e+00 -7.933533e-01 -6.087614e-01
    outer loop
      vertex   -1.460000e+02 5.948557e+00 -5.875000e+00
      vertex   -1.500000e+02 5.590990e+00 -5.409010e+00
      vertex   -1.500000e+02 5.948557e+00 -5.875000e+00
    endloop
  endfacet
  facet normal -0.000000e+00 -9.238795e-01 -3.826834e-01
    outer loop
      vertex   -1.460000e+02 5.948557e+00 -5.875000e+00
      vertex   -1.500000e+02 5.948557e+00 -5.875000e+00
      vertex   -1.460000e+02 6.173333e+00 -6.417657e+00
    endloop
  endfacet
  facet normal -0.000000e+00 -9.238795e-01 -3.826834e-01
    outer loop
      vertex   -1.460000e+02 6.173333e+00 -6.417657e+00
      vertex   -1.500000e+02 5.948557e+00 -5.875000e+00
      vertex   -1.500000e+02 6.173333e+00 -6.417657e+00
    endloop
  endfacet
  facet normal -0.000000e+00 -9.914449e-01 -1.305262e-01
    outer loop
      vertex   -1.460000e+02 6.173333e+00 -6.417657e+00
      vertex   -1.500000e+02 6.173333e+00 -6.417657e+00
      vertex   -1.460000e+02 6.250000e+00 -7.000000e+00
    endloop
  endfacet
  facet normal -0.000000e+00 -9.914449e-01 -1.305262e-01
    outer loop
      vertex   -1.460000e+02 6.250000e+00 -7.000000e+00
      vertex   -1.500000e+02 6.173333e+00 -6.417657e+00
      vertex   -1.500000e+02 6.250000e+00 -7.000000e+00
    endloop
  endfacet
  facet normal 0.000000e+00 -9.914449e-01 1.305262e-01
    outer loop
      vertex   -1.460000e+02 6.250000e+00 -7.000000e+00
      vertex   -1.500000e+02 6.250000e+00 -7.000000e+00
      vertex   -1.460000e+02 6.173333e+00 -7.582343e+00
    endloop
  endfacet
  facet normal 0.000000e+00 -9.914449e-01 1.305262e-01
    outer loop
      vertex   -1.460000e+02 6.173333e+00 -7.582343e+00
      vertex   -1.500000e+02 6.250000e+00 -7.000000e+00
      vertex   -1.500000e+02 6.173333e+00 -7.582343e+00
    endloop
  endfacet
  facet normal 0.000000e+00 -9.238795e-01 3.826834e-01
    outer loop
      vertex   -1.460000e+02 6.173333e+00 -7.582343e+00
      vertex   -1.500000e+02 6.173333e+00 -7.582343e+00
      vertex   -1.460000e+02 5.948557e+00 -8.125000e+00
    endloop
  endfacet
  facet normal 0.000000e+00 -9.238795e-01 3.826834e-01
    outer loop
      vertex   -1.460000e+02 5.948557e+00 -8.125000e+00
      vertex   -1.500000e+02 6.173333e+00 -7.582343e+00
      vertex   -1.500000e+02 5.948557e+00 -8.125000e+00
    endloop
  endfacet
  facet normal 0.000000e+00 -7.933533e-01 6.087614e-01
    outer loop
      vertex   -1.460000e+02 5.948557e+00 -8.125000e+00
      vertex   -1.500000e+02 5.948557e+00 -8.125000e+00
      vertex   -1.460000e+02 5.590990e+00 -8.590990e+00
    endloop
  endfacet
  facet normal 0.000000e+00 -7.933533e-01 6.087614e-01
    outer loop
      vertex   -1.460000e+02 5.590990e+00 -8.590990e+00
      vertex   -1.500000e+02 5.948557e+00 -8.125000e+00
      vertex   -1.500000e+02 5.590990e+00 -8.590990e+00
    endloop
  endfacet
  facet normal 0.000000e+00 -6.087614e-01 7.933533e-01
    outer loop
      vertex   -1.460000e+02 5.590990e+00 -8.590990e+00
      vertex   -1.500000e+02 5.590990e+00 -8.590990e+00
      vertex   -1.460000e+02 5.125000e+00 -8.948557e+00
    endloop
  endfacet
  facet normal 0.000000e+00 -6.087614e-01 7.933533e-01
    outer loop
      vertex   -1.460000e+02 5.125000e+00 -8.948557e+00
      vertex   -1.500000e+02 5.590990e+00 -8.590990e+00
      vertex   -1.500000e+02 5.125000e+00 -8.948557e+00
    endloop
  endfacet
  facet normal 0.000000e+00 -3.826834e-01 9.238795e-01
    outer loop
      vertex   -1.460000e+02 5.125000e+00 -8.948557e+00
      vertex   -1.500000e+02 5.125000e+00 -8.948557e+00
      vertex   -1.460000e+02 4.582343e+00 -9.173333e+00
    endloop
  endfacet
  facet normal 0.000000e+00 -3.826834e-01 9.238795e-01
    outer loop
      vertex   -1.460000e+02 4.582343e+00 -9.173333e+00
      vertex   -1.500000e+02 5.125000e+00 -8.948557e+00
      vertex   -1.500000e+02 4.582343e+00 -9.173333e+00
    endloop
  endfacet
  facet normal -1.000000e+00 0.000000e+00 0.000000e+00
    outer loop
      vertex   -1.460000e+02 3.585890e+00 -8.545481e+00
      vertex   -1.460000e+02 4.000000e+00 -8.600000e+00
      vertex   -1.460000e+02 4.000000e+00 -9.250000e+00
    endloop
  endfacet
  facet normal -1.000000e+00 0.000000e+00 0.000000e+00
    outer loop
      vertex   -1.460000e+02 4.000000e+00 -9.250000e+00
      vertex   -1.460000e+02 4.000000e+00 -8.600000e+00
      vertex   -1.460000e+02 4.414110e+00 -8.545481e+00
    endloop
  endfacet
  facet normal -1.000000e+00 0.000000e+00 0.000000e+00
    outer loop
      vertex   -1.460000e+02 4.000000e+00 -9.250000e+00
      vertex   -1.460000e+02 4.414110e+00 -8.545481e+00
      vertex   -1.460000e+02 4.582343e+00 -9.173333e+00
    endloop
  endfacet
  facet normal -1.000000e+00 0.000000e+00 0.000000e+00
    outer loop
      vertex   -1.460000e+02 4.582343e+00 -9.173333e+00
      vertex   -1.460000e+02 4.414110e+00 -8.545481e+00
      vertex   -1.460000e+02 4.800000e+00 -8.385641e+00
    endloop
  endfacet
  facet normal -1.000000e+00 0.000000e+00 0.000000e+00
    outer loop
      vertex   -1.460000e+02 4.582343e+00 -9.173333e+00
      vertex   -1.460000e+02 4.800000e+00 -8.385641e+00
      vertex   -1.460000e+02 5.125000e+00 -8.948557e+00
    endloop
  endfacet
  facet normal -1.000000e+00 0.000000e+00 0.000000e+00
    outer loop
      vertex   -1.460000e+02 5.125000e+00 -8.948557e+00
      vertex   -1.460000e+02 4.800000e+00 -8.385641e+00
      vertex   -1.460000e+02 5.131371e+00 -8.131371e+00
    endloop
  endfacet
  facet normal -1.000000e+00 0.000000e+00 0.000000e+00
    outer loop
      vertex   -1.460000e+02 5.125000e+00 -8.948557e+00
      vertex   -1.460000e+02 5.131371e+00 -8.131371e+00
      vertex   -1.460000e+02 5.590990e+00 -8.590990e+00
    endloop
  endfacet
  facet normal -1.000000e+00 0.000000e+00 0.000000e+00
    outer loop
      vertex   -1.460000e+02 5.590990e+00 -8.590990e+00
      vertex   -1.460000e+02 5.131371e+00 -8.131371e+00
      vertex   -1.460000e+02 5.385641e+00 -7.800000e+00
    endloop
  endfacet
  facet normal -1.000000e+00 0.000000e+00 0.000000e+00
    outer loop
      vertex   -1.460000e+02 5.590990e+00 -8.590990e+00
      vertex   -1.460000e+02 5.385641e+00 -7.800000e+00
      vertex   -1.460000e+02 5.948557e+00 -8.125000e+00
    endloop
  endfacet
  facet normal -1.000000e+00 0.000000e+00 0.000000e+00
    outer loop
      vertex   -1.460000e+02 5.948557e+00 -8.125000e+00
      vertex   -1.460000e+02 5.385641e+00 -7.800000e+00
      vertex   -1.460000e+02 5.545481e+00 -7.414110e+00
    endloop
  endfacet
  facet normal -1.000000e+00 0.000000e+00 0.000000e+00
    outer loop
      vertex   -1.460000e+02 5.948557e+00 -8.125000e+00
      vertex   -1.460000e+02 5.545481e+00 -7.414110e+00
      vertex   -1.460000e+02 6.173333e+00 -7.582343e+00
    endloop
  endfacet
  facet normal -1.000000e+00 0.000000e+00 0.000000e+00
    outer loop
      vertex   -1.460000e+02 6.173333e+00 -7.582343e+00
      vertex   -1.460000e+02 5.545481e+00 -7.414110e+00
      vertex   -1.460000e+02 5.600000e+00 -7.000000e+00
    endloop
  endfacet
  facet normal -1.000000e+00 0.000000e+00 0.000000e+00
    outer loop
      vertex   -1.460000e+02 6.173333e+00 -7.582343e+00
      vertex   -1.460000e+02 5.600000e+00 -7.000000e+00
      vertex   -1.460000e+02 6.250000e+00 -7.000000e+00
    endloop
  endfacet
  facet normal -1.000000e+00 0.000000e+00 0.000000e+00
    outer loop
      vertex   -1.460000e+02 6.250000e+00 -7.000000e+00
      vertex   -1.460000e+02 5.600000e+00 -7.000000e+00
      vertex   -1.460000e+02 6.173333e+00 -6.417657e+00
    endloop
  endfacet
  facet normal -1.000000e+00 0.000000e+00 0.000000e+00
    outer loop
      vertex   -1.460000e+02 6.173333e+00 -6.417657e+00
      vertex   -1.460000e+02 5.600000e+00 -7.000000e+00
      vertex   -1.460000e+02 5.545481e+00 -6.585890e+00
    endloop
  endfacet
  facet normal -1.000000e+00 -0.000000e+00 0.000000e+00
    outer loop
      vertex   -1.460000e+02 6.173333e+00 -6.417657e+00
      vertex   -1.460000e+02 5.545481e+00 -6.585890e+00
      vertex   -1.460000e+02 5.948557e+00 -5.875000e+00
    endloop
  endfacet
  facet normal -1.000000e+00 0.000000e+00 0.000000e+00
    outer loop
      vertex   -1.460000e+02 5.948557e+00 -5.875000e+00
      vertex   -1.460000e+02 5.545481e+00 -6.585890e+00
      vertex   -1.460000e+02 5.385641e+00 -6.200000e+00
    endloop
  endfacet
  facet normal -1.000000e+00 -0.000000e+00 0.000000e+00
    outer loop
      vertex   -1.460000e+02 5.948557e+00 -5.875000e+00
      vertex   -1.460000e+02 5.385641e+00 -6.200000e+00
      vertex   -1.460000e+02 5.590990e+00 -5.409010e+00
    endloop
  endfacet
  facet normal -1.000000e+00 0.000000e+00 0.000000e+00
    outer loop
      vertex   -1.460000e+02 5.590990e+00 -5.409010e+00
      vertex   -1.460000e+02 5.385641e+00 -6.200000e+00
      vertex   -1.460000e+02 5.131371e+00 -5.868629e+00
    endloop
  endfacet
  facet normal -1.000000e+00 -0.000000e+00 0.000000e+00
    outer loop
      vertex   -1.460000e+02 5.590990e+00 -5.409010e+00
      vertex   -1.460000e+02 5.131371e+00 -5.868629e+00
      vertex   -1.460000e+02 5.125000e+00 -5.051443e+00
    endloop
  endfacet
  facet normal -1.000000e+00 0.000000e+00 -0.000000e+00
    outer loop
      vertex   -1.460000e+02 5.125000e+00 -5.051443e+00
      vertex   -1.460000e+02 5.131371e+00 -5.868629e+00
      vertex   -1.460000e+02 4.800000e+00 -5.614359e+00
    endloop
  endfacet
  facet normal -1.000000e+00 -0.000000e+00 0.000000e+00
    outer loop
      vertex   -1.460000e+02 5.125000e+00 -5.051443e+00
      vertex   -1.460000e+02 4.800000e+00 -5.614359e+00
      vertex   -1.460000e+02 4.582343e+00 -4.826667e+00
    endloop
  endfacet
  facet normal -1.000000e+00 0.000000e+00 -0.000000e+00
    outer loop
      vertex   -1.460000e+02 4.582343e+00 -4.826667e+00
      vertex   -1.460000e+02 4.800000e+00 -5.614359e+00
      vertex   -1.460000e+02 4.414110e+00 -5.454519e+00
    endloop
  endfacet
  facet normal -1.000000e+00 -0.000000e+00 0.000000e+00
    outer loop
      vertex   -1.460000e+02 4.582343e+00 -4.826667e+00
      vertex   -1.460000e+02 4.414110e+00 -5.454519e+00
      vertex   -1.460000e+02 4.000000e+00 -4.750000e+00
    endloop
  endfacet
  facet normal -1.000000e+00 0.000000e+00 0.000000e+00
    outer loop
      vertex   -1.460000e+02 4.000000e+00 -4.750000e+00
      vertex   -1.460000e+02 4.414110e+00 -5.454519e+00
      vertex   -1.460000e+02 4.000000e+00 -5.400000e+00
    endloop
  endfacet
  facet normal -1.000000e+00 0.000000e+00 -0.000000e+00
    outer loop
      vertex   -1.460000e+02 4.000000e+00 -4.750000e+00
      vertex   -1.460000e+02 4.000000e+00 -5.400000e+00
      vertex   -1.460000e+02 3.417657e+00 -4.826667e+00
    endloop
  endfacet
  facet normal -1.000000e+00 0.000000e+00 0.000000e+00
    outer loop
      vertex   -1.460000e+02 3.417657e+00 -4.826667e+00
      vertex   -1.460000e+02 4.000000e+00 -5.400000e+00
      vertex   -1.460000e+02 3.585890e+00 -5.454519e+00
    endloop
  endfacet
  facet normal -1.000000e+00 0.000000e+00 -0.000000e+00
    outer loop
      vertex   -1.460000e+02 3.417657e+00 -4.826667e+00
      vertex   -1.460000e+02 3.585890e+00 -5.454519e+00
      vertex   -1.460000e+02 3.200000e+00 -5.614359e+00
    endloop
  endfacet
  facet normal -1.000000e+00 0.000000e+00 0.000000e+00
    outer loop
      vertex   -1.460000e+02 3.417657e+00 -4.826667e+00
      vertex   -1.460000e+02 3.200000e+00 -5.614359e+00
      vertex   -1.460000e+02 2.875000e+00 -5.051443e+00
    endloop
  endfacet
  facet normal -1.000000e+00 0.000000e+00 -0.000000e+00
    outer loop
      vertex   -1.460000e+02 2.875000e+00 -5.051443e+00
      vertex   -1.460000e+02 3.200000e+00 -5.614359e+00
      vertex   -1.460000e+02 2.868629e+00 -5.868629e+00
    endloop
  endfacet
  facet normal -1.000000e+00 0.000000e+00 0.000000e+00
    outer loop
      vertex   -1.460000e+02 2.875000e+00 -5.051443e+00
      vertex   -1.460000e+02 2.868629e+00 -5.868629e+00
      vertex   -1.460000e+02 2.409010e+00 -5.409010e+00
    endloop
  endfacet
  facet normal -1.000000e+00 0.000000e+00 0.000000e+00
    outer loop
      vertex   -1.460000e+02 2.409010e+00 -5.409010e+00
      vertex   -1.460000e+02 2.868629e+00 -5.868629e+00
      vertex   -1.460000e+02 2.614359e+00 -6.200000e+00
    endloop
  endfacet
  facet normal -1.000000e+00 0.000000e+00 -0.000000e+00
    outer loop
      vertex   -1.460000e+02 2.409010e+00 -5.409010e+00
      vertex   -1.460000e+02 2.614359e+00 -6.200000e+00
      vertex   -1.460000e+02 2.051443e+00 -5.875000e+00
    endloop
  endfacet
  facet normal -1.000000e+00 0.000000e+00 0.000000e+00
    outer loop
      vertex   -1.460000e+02 2.051443e+00 -5.875000e+00
      vertex   -1.460000e+02 2.614359e+00 -6.200000e+00
      vertex   -1.460000e+02 2.454519e+00 -6.585890e+00
    endloop
  endfacet
  facet normal -1.000000e+00 0.000000e+00 -0.000000e+00
    outer loop
      vertex   -1.460000e+02 2.051443e+00 -5.875000e+00
      vertex   -1.460000e+02 2.454519e+00 -6.585890e+00
      vertex   -1.460000e+02 1.826667e+00 -6.417657e+00
    endloop
  endfacet
  facet normal -1.000000e+00 0.000000e+00 0.000000e+00
    outer loop
      vertex   -1.460000e+02 1.826667e+00 -6.417657e+00
      vertex   -1.460000e+02 2.454519e+00 -6.585890e+00
      vertex   -1.460000e+02 2.400000e+00 -7.000000e+00
    endloop
  endfacet
  facet normal -1.000000e+00 0.000000e+00 -0.000000e+00
    outer loop
      vertex   -1.460000e+02 1.826667e+00 -6.417657e+00
      vertex   -1.460000e+02 2.400000e+00 -7.000000e+00
      vertex   -1.460000e+02 1.750000e+00 -7.000000e+00
    endloop
  endfacet
  facet normal -1.000000e+00 0.000000e+00 0.000000e+00
    outer loop
      vertex   -1.460000e+02 1.750000e+00 -7.000000e+00
      vertex   -1.460000e+02 2.400000e+00 -7.000000e+00
      vertex   -1.460000e+02 1.826667e+00 -7.582343e+00
    endloop
  endfacet
  facet normal -1.000000e+00 0.000000e+00 0.000000e+00
    outer loop
      vertex   -1.460000e+02 1.826667e+00 -7.582343e+00
      vertex   -1.460000e+02 2.400000e+00 -7.000000e+00
      vertex   -1.460000e+02 2.454519e+00 -7.414110e+00
    endloop
  endfacet
  facet normal -1.000000e+00 0.000000e+00 0.000000e+00
    outer loop
      vertex   -1.460000e+02 1.826667e+00 -7.582343e+00
      vertex   -1.460000e+02 2.454519e+00 -7.414110e+00
      vertex   -1.460000e+02 2.051443e+00 -8.125000e+00
    endloop
  endfacet
  facet normal -1.000000e+00 0.000000e+00 0.000000e+00
    outer loop
      vertex   -1.460000e+02 2.051443e+00 -8.125000e+00
      vertex   -1.460000e+02 2.454519e+00 -7.414110e+00
      vertex   -1.460000e+02 2.614359e+00 -7.800000e+00
    endloop
  endfacet
  facet normal -1.000000e+00 0.000000e+00 0.000000e+00
    outer loop
      vertex   -1.460000e+02 2.051443e+00 -8.125000e+00
      vertex   -1.460000e+02 2.614359e+00 -7.800000e+00
      vertex   -1.460000e+02 2.409010e+00 -8.590990e+00
    endloop
  endfacet
  facet normal -1.000000e+00 0.000000e+00 0.000000e+00
    outer loop
      vertex   -1.460000e+02 2.409010e+00 -8.590990e+00
      vertex   -1.460000e+02 2.614359e+00 -7.800000e+00
      vertex   -1.460000e+02 2.868629e+00 -8.131371e+00
    endloop
  endfacet
  facet normal -1.000000e+00 0.000000e+00 0.000000e+00
    outer loop
      vertex   -1.460000e+02 2.409010e+00 -8.590990e+00
      vertex   -1.460000e+02 2.868629e+00 -8.131371e+00
      vertex   -1.460000e+02 2.875000e+00 -8.948557e+00
    endloop
  endfacet
  facet normal -1.000000e+00 0.000000e+00 0.000000e+00
    outer loop
      vertex   -1.460000e+02 2.875000e+00 -8.948557e+00
      vertex   -1.460000e+02 2.868629e+00 -8.131371e+00
      vertex   -1.460000e+02 3.200000e+00 -8.385641e+00
    endloop
  endfacet
  facet normal -1.000000e+00 0.000000e+00 0.000000e+00
    outer loop
      vertex   -1.460000e+02 2.875000e+00 -8.948557e+00
      vertex   -1.460000e+02 3.200000e+00 -8.385641e+00
      vertex   -1.460000e+02 3.417657e+00 -9.173333e+00
    endloop
  endfacet
  facet normal -1.000000e+00 0.000000e+00 0.000000e+00
    outer loop
      vertex   -1.460000e+02 3.417657e+00 -9.173333e+00
      vertex   -1.460000e+02 3.200000e+00 -8.385641e+00
      vertex   -1.460000e+02 3.585890e+00 -8.545481e+00
    endloop
  endfacet
  facet normal -1.000000e+00 0.000000e+00 0.000000e+00
    outer loop
      vertex   -1.460000e+02 3.417657e+00 -9.173333e+00
      vertex   -1.460000e+02 3.585890e+00 -8.545481e+00
      vertex   -1.460000e+02 4.000000e+00 -9.250000e+00
    endloop
  endfacet
  facet normal 0.000000e+00 -1.305262e-01 9.914449e-01
    outer loop
      vertex   -1.460000e+02 1.658234e+01 4.826667e+00
      vertex   -1.500000e+02 1.658234e+01 4.826667e+00
      vertex   -1.460000e+02 1.600000e+01 4.750000e+00
    endloop
  endfacet
  facet normal 0.000000e+00 -1.305262e-01 9.914449e-01
    outer loop
      vertex   -1.460000e+02 1.600000e+01 4.750000e+00
      vertex   -1.500000e+02 1.658234e+01 4.826667e+00
      vertex   -1.500000e+02 1.600000e+01 4.750000e+00
    endloop
  endfacet
  facet normal 0.000000e+00 1.305262e-01 9.914449e-01
    outer loop
      vertex   -1.460000e+02 1.600000e+01 4.750000e+00
      vertex   -1.500000e+02 1.600000e+01 4.750000e+00
      vertex   -1.460000e+02 1.541766e+01 4.826667e+00
    endloop
  endfacet
  facet normal 0.000000e+00 1.305262e-01 9.914449e-01
    outer loop
      vertex   -1.460000e+02 1.541766e+01 4.826667e+00
      vertex   -1.500000e+02 1.600000e+01 4.750000e+00
      vertex   -1.500000e+02 1.541766e+01 4.826667e+00
    endloop
  endfacet
  facet normal 0.000000e+00 3.826834e-01 9.238795e-01
    outer loop
      vertex   -1.460000e+02 1.541766e+01 4.826667e+00
      vertex   -1.500000e+02 1.541766e+01 4.826667e+00
      vertex   -1.460000e+02 1.487500e+01 5.051443e+00
    endloop
  endfacet
  facet normal 0.000000e+00 3.826834e-01 9.238795e-01
    outer loop
      vertex   -1.460000e+02 1.487500e+01 5.051443e+00
      vertex   -1.500000e+02 1.541766e+01 4.826667e+00
      vertex   -1.500000e+02 1.487500e+01 5.051443e+00
    endloop
  endfacet
  facet normal 0.000000e+00 6.087614e-01 7.933533e-01
    outer loop
      vertex   -1.460000e+02 1.487500e+01 5.051443e+00
      vertex   -1.500000e+02 1.487500e+01 5.051443e+00
      vertex   -1.460000e+02 1.440901e+01 5.409010e+00
    endloop
  endfacet
  facet normal 0.000000e+00 6.087614e-01 7.933533e-01
    outer loop
      vertex   -1.460000e+02 1.440901e+01 5.409010e+00
      vertex   -1.500000e+02 1.487500e+01 5.051443e+00
      vertex   -1.500000e+02 1.440901e+01 5.409010e+00
    endloop
  endfacet
  facet normal 0.000000e+00 7.933533e-01 6.087614e-01
    outer loop
      vertex   -1.460000e+02 1.440901e+01 5.409010e+00
      vertex   -1.500000e+02 1.440901e+01 5.409010e+00
      vertex   -1.460000e+02 1.405144e+01 5.875000e+00
    endloop
  endfacet
  facet normal 0.000000e+00 7.933533e-01 6.087614e-01
    outer loop
      vertex   -1.460000e+02 1.405144e+01 5.875000e+00
      vertex   -1.500000e+02 1.440901e+01 5.409010e+00
      vertex   -1.500000e+02 1.405144e+01 5.875000e+00
    endloop
  endfacet
  facet normal 0.000000e+00 9.238795e-01 3.826834e-01
    outer loop
      vertex   -1.460000e+02 1.405144e+01 5.875000e+00
      vertex   -1.500000e+02 1.405144e+01 5.875000e+00
      vertex   -1.460000e+02 1.382667e+01 6.417657e+00
    endloop
  endfacet
  facet normal 0.000000e+00 9.238795e-01 3.826834e-01
    outer loop
      vertex   -1.460000e+02 1.382667e+01 6.417657e+00
      vertex   -1.500000e+02 1.405144e+01 5.875000e+00
      vertex   -1.500000e+02 1.382667e+01 6.417657e+00
    endloop
  endfacet
  facet normal 0.000000e+00 9.914449e-01 1.305262e-01
    outer loop
      vertex   -1.460000e+02 1.382667e+01 6.417657e+00
      vertex   -1.500000e+02 1.382667e+01 6.417657e+00
      vertex   -1.460000e+02 1.375000e+01 7.000000e+00
    endloop
  endfacet
  facet normal 0.000000e+00 9.914449e-01 1.305262e-01
    outer loop
      vertex   -1.460000e+02 1.375000e+01 7.000000e+00
      vertex   -1.500000e+02 1.382667e+01 6.417657e+00
      vertex   -1.500000e+02 1.375000e+01 7.000000e+00
    endloop
  endfacet
  facet normal 0.000000e+00 9.914449e-01 -1.305262e-01
    outer loop
      vertex   -1.460000e+02 1.375000e+01 7.000000e+00
      vertex   -1.500000e+02 1.375000e+01 7.000000e+00
      vertex   -1.460000e+02 1.382667e+01 7.582343e+00
    endloop
  endfacet
  facet normal 0.000000e+00 9.914449e-01 -1.305262e-01
    outer loop
      vertex   -1.460000e+02 1.382667e+01 7.582343e+00
      vertex   -1.500000e+02 1.375000e+01 7.000000e+00
      vertex   -1.500000e+02 1.382667e+01 7.582343e+00
    endloop
  endfacet
  facet normal 0.000000e+00 9.238795e-01 -3.826834e-01
    outer loop
      vertex   -1.460000e+02 1.382667e+01 7.582343e+00
      vertex   -1.500000e+02 1.382667e+01 7.582343e+00
      vertex   -1.460000e+02 1.405144e+01 8.125000e+00
    endloop
  endfacet
  facet normal 0.000000e+00 9.238795e-01 -3.826834e-01
    outer loop
      vertex   -1.460000e+02 1.405144e+01 8.125000e+00
      vertex   -1.500000e+02 1.382667e+01 7.582343e+00
      vertex   -1.500000e+02 1.405144e+01 8.125000e+00
    endloop
  endfacet
  facet normal 0.000000e+00 7.933533e-01 -6.087614e-01
    outer loop
      vertex   -1.460000e+02 1.405144e+01 8.125000e+00
      vertex   -1.500000e+02 1.405144e+01 8.125000e+00
      vertex   -1.460000e+02 1.440901e+01 8.590990e+00
    endloop
  endfacet
  facet normal 0.000000e+00 7.933533e-01 -6.087614e-01
    outer loop
      vertex   -1.460000e+02 1.440901e+01 8.590990e+00
      vertex   -1.500000e+02 1.405144e+01 8.125000e+00
      vertex   -1.500000e+02 1.440901e+01 8.590990e+00
    endloop
  endfacet
  facet normal 0.000000e+00 6.087614e-01 -7.933533e-01
    outer loop
      vertex   -1.460000e+02 1.440901e+01 8.590990e+00
      vertex   -1.500000e+02 1.440901e+01 8.590990e+00
      vertex   -1.460000e+02 1.487500e+01 8.948557e+00
    endloop
  endfacet
  facet normal 0.000000e+00 6.087614e-01 -7.933533e-01
    outer loop
      vertex   -1.460000e+02 1.487500e+01 8.948557e+00
      vertex   -1.500000e+02 1.440901e+01 8.590990e+00
      vertex   -1.500000e+02 1.487500e+01 8.948557e+00
    endloop
  endfacet
  facet normal 0.000000e+00 3.826834e-01 -9.238795e-01
    outer loop
      vertex   -1.460000e+02 1.487500e+01 8.948557e+00
      vertex   -1.500000e+02 1.487500e+01 8.948557e+00
      vertex   -1.460000e+02 1.541766e+01 9.173333e+00
    endloop
  endfacet
  facet normal 0.000000e+00 3.826834e-01 -9.238795e-01
    outer loop
      vertex   -1.460000e+02 1.541766e+01 9.173333e+00
      vertex   -1.500000e+02 1.487500e+01 8.948557e+00
      vertex   -1.500000e+02 1.541766e+01 9.173333e+00
    endloop
  endfacet
  facet normal 0.000000e+00 1.305262e-01 -9.914449e-01
    outer loop
      vertex   -1.460000e+02 1.541766e+01 9.173333e+00
      vertex   -1.500000e+02 1.541766e+01 9.173333e+00
      vertex   -1.460000e+02 1.600000e+01 9.250000e+00
    endloop
  endfacet
  facet normal 0.000000e+00 1.305262e-01 -9.914449e-01
    outer loop
      vertex   -1.460000e+02 1.600000e+01 9.250000e+00
      vertex   -1.500000e+02 1.541766e+01 9.173333e+00
      vertex   -1.500000e+02 1.600000e+01 9.250000e+00
    endloop
  endfacet
  facet normal -0.000000e+00 -1.305262e-01 -9.914449e-01
    outer loop
      vertex   -1.460000e+02 1.600000e+01 9.250000e+00
      vertex   -1.500000e+02 1.600000e+01 9.250000e+00
      vertex   -1.460000e+02 1.658234e+01 9.173333e+00
    endloop
  endfacet
  facet normal -0.000000e+00 -1.305262e-01 -9.914449e-01
    outer loop
      vertex   -1.460000e+02 1.658234e+01 9.173333e+00
      vertex   -1.500000e+02 1.600000e+01 9.250000e+00
      vertex   -1.500000e+02 1.658234e+01 9.173333e+00
    endloop
  endfacet
  facet normal -0.000000e+00 -3.826834e-01 -9.238795e-01
    outer loop
      vertex   -1.460000e+02 1.658234e+01 9.173333e+00
      vertex   -1.500000e+02 1.658234e+01 9.173333e+00
      vertex   -1.460000e+02 1.712500e+01 8.948557e+00
    endloop
  endfacet
  facet normal -0.000000e+00 -3.826834e-01 -9.238795e-01
    outer loop
      vertex   -1.460000e+02 1.712500e+01 8.948557e+00
      vertex   -1.500000e+02 1.658234e+01 9.173333e+00
      vertex   -1.500000e+02 1.712500e+01 8.948557e+00
    endloop
  endfacet
  facet normal -0.000000e+00 -6.087614e-01 -7.933533e-01
    outer loop
      vertex   -1.460000e+02 1.712500e+01 8.948557e+00
      vertex   -1.500000e+02 1.712500e+01 8.948557e+00
      vertex   -1.460000e+02 1.759099e+01 8.590990e+00
    endloop
  endfacet
  facet normal -0.000000e+00 -6.087614e-01 -7.933533e-01
    outer loop
      vertex   -1.460000e+02 1.759099e+01 8.590990e+00
      vertex   -1.500000e+02 1.712500e+01 8.948557e+00
      vertex   -1.500000e+02 1.759099e+01 8.590990e+00
    endloop
  endfacet
  facet normal -0.000000e+00 -7.933533e-01 -6.087614e-01
    outer loop
      vertex   -1.460000e+02 1.759099e+01 8.590990e+00
      vertex   -1.500000e+02 1.759099e+01 8.590990e+00
      vertex   -1.460000e+02 1.794856e+01 8.125000e+00
    endloop
  endfacet
  facet normal -0.000000e+00 -7.933533e-01 -6.087614e-01
    outer loop
      vertex   -1.460000e+02 1.794856e+01 8.125000e+00
      vertex   -1.500000e+02 1.759099e+01 8.590990e+00
      vertex   -1.500000e+02 1.794856e+01 8.125000e+00
    endloop
  endfacet
  facet normal -0.000000e+00 -9.238795e-01 -3.826834e-01
    outer loop
      vertex   -1.460000e+02 1.794856e+01 8.125000e+00
      vertex   -1.500000e+02 1.794856e+01 8.125000e+00
      vertex   -1.460000e+02 1.817333e+01 7.582343e+00
    endloop
  endfacet
  facet normal -0.000000e+00 -9.238795e-01 -3.826834e-01
    outer loop
      vertex   -1.460000e+02 1.817333e+01 7.582343e+00
      vertex   -1.500000e+02 1.794856e+01 8.125000e+00
      vertex   -1.500000e+02 1.817333e+01 7.582343e+00
    endloop
  endfacet
  facet normal -0.000000e+00 -9.914449e-01 -1.305262e-01
    outer loop
      vertex   -1.460000e+02 1.817333e+01 7.582343e+00
      vertex   -1.500000e+02 1.817333e+01 7.582343e+00
      vertex   -1.460000e+02 1.825000e+01 7.000000e+00
    endloop
  endfacet
  facet normal -0.000000e+00 -9.914449e-01 -1.305262e-01
    outer loop
      vertex   -1.460000e+02 1.825000e+01 7.000000e+00
      vertex   -1.500000e+02 1.817333e+01 7.582343e+00
      vertex   -1.500000e+02 1.825000e+01 7.000000e+00
    endloop
  endfacet
  facet normal 0.000000e+00 -9.914449e-01 1.305262e-01
    outer loop
      vertex   -1.460000e+02 1.825000e+01 7.000000e+00
      vertex   -1.500000e+02 1.825000e+01 7.000000e+00
      vertex   -1.460000e+02 1.817333e+01 6.417657e+00
    endloop
  endfacet
  facet normal 0.000000e+00 -9.914449e-01 1.305262e-01
    outer loop
      vertex   -1.460000e+02 1.817333e+01 6.417657e+00
      vertex   -1.500000e+02 1.825000e+01 7.000000e+00
      vertex   -1.500000e+02 1.817333e+01 6.417657e+00
    endloop
  endfacet
  facet normal 0.000000e+00 -9.238795e-01 3.826834e-01
    outer loop
      vertex   -1.460000e+02 1.817333e+01 6.417657e+00
      vertex   -1.500000e+02 1.817333e+01 6.417657e+00
      vertex   -1.460000e+02 1.794856e+01 5.875000e+00
    endloop
  endfacet
  facet normal 0.000000e+00 -9.238795e-01 3.826834e-01
    outer loop
      vertex   -1.460000e+02 1.794856e+01 5.875000e+00
      vertex   -1.500000e+02 1.817333e+01 6.417657e+00
      vertex   -1.500000e+02 1.794856e+01 5.875000e+00
    endloop
  endfacet
  facet normal 0.000000e+00 -7.933533e-01 6.087614e-01
    outer loop
      vertex   -1.460000e+02 1.794856e+01 5.875000e+00
      vertex   -1.500000e+02 1.794856e+01 5.875000e+00
      vertex   -1.460000e+02 1.759099e+01 5.409010e+00
    endloop
  endfacet
  facet normal 0.000000e+00 -7.933533e-01 6.087614e-01
    outer loop
      vertex   -1.460000e+02 1.759099e+01 5.409010e+00
      vertex   -1.500000e+02 1.794856e+01 5.875000e+00
      vertex   -1.500000e+02 1.759099e+01 5.409010e+00
    endloop
  endfacet
  facet normal 0.000000e+00 -6.087614e-01 7.933533e-01
    outer loop
      vertex   -1.460000e+02 1.759099e+01 5.409010e+00
      vertex   -1.500000e+02 1.759099e+01 5.409010e+00
      vertex   -1.460000e+02 1.712500e+01 5.051443e+00
    endloop
  endfacet
  facet normal 0.000000e+00 -6.087614e-01 7.933533e-01
    outer loop
      vertex   -1.460000e+02 1.712500e+01 5.051443e+00
      vertex   -1.500000e+02 1.759099e+01 5.409010e+00
      vertex   -1.500000e+02 1.712500e+01 5.051443e+00
    endloop
  endfacet
  facet normal 0.000000e+00 -3.826834e-01 9.238795e-01
    outer loop
      vertex   -1.460000e+02 1.712500e+01 5.051443e+00
      vertex   -1.500000e+02 1.712500e+01 5.051443e+00
      vertex   -1.460000e+02 1.658234e+01 4.826667e+00
    endloop
  endfacet
  facet normal 0.000000e+00 -3.826834e-01 9.238795e-01
    outer loop
      vertex   -1.460000e+02 1.658234e+01 4.826667e+00
      vertex   -1.500000e+02 1.712500e+01 5.051443e+00
      vertex   -1.500000e+02 1.658234e+01 4.826667e+00
    endloop
  endfacet
  facet normal -1.000000e+00 0.000000e+00 0.000000e+00
    outer loop
      vertex   -1.460000e+02 1.558589e+01 5.454519e+00
      vertex   -1.460000e+02 1.600000e+01 5.400000e+00
      vertex   -1.460000e+02 1.600000e+01 4.750000e+00
    endloop
  endfacet
  facet normal -1.000000e+00 0.000000e+00 0.000000e+00
    outer loop
      vertex   -1.460000e+02 1.600000e+01 4.750000e+00
      vertex   -1.460000e+02 1.600000e+01 5.400000e+00
      vertex   -1.460000e+02 1.641411e+01 5.454519e+00
    endloop
  endfacet
  facet normal -1.000000e+00 0.000000e+00 0.000000e+00
    outer loop
      vertex   -1.460000e+02 1.600000e+01 4.750000e+00
      vertex   -1.460000e+02 1.641411e+01 5.454519e+00
      vertex   -1.460000e+02 1.658234e+01 4.826667e+00
    endloop
  endfacet
  facet normal -1.000000e+00 0.000000e+00 0.000000e+00
    outer loop
      vertex   -1.460000e+02 1.658234e+01 4.826667e+00
      vertex   -1.460000e+02 1.641411e+01 5.454519e+00
      vertex   -1.460000e+02 1.680000e+01 5.614359e+00
    endloop
  endfacet
  facet normal -1.000000e+00 0.000000e+00 0.000000e+00
    outer loop
      vertex   -1.460000e+02 1.658234e+01 4.826667e+00
      vertex   -1.460000e+02 1.680000e+01 5.614359e+00
      vertex   -1.460000e+02 1.712500e+01 5.051443e+00
    endloop
  endfacet
  facet normal -1.000000e+00 0.000000e+00 0.000000e+00
    outer loop
      vertex   -1.460000e+02 1.712500e+01 5.051443e+00
      vertex   -1.460000e+02 1.680000e+01 5.614359e+00
      vertex   -1.460000e+02 1.713137e+01 5.868629e+00
    endloop
  endfacet
  facet normal -1.000000e+00 0.000000e+00 0.000000e+00
    outer loop
      vertex   -1.460000e+02 1.712500e+01 5.051443e+00
      vertex   -1.460000e+02 1.713137e+01 5.868629e+00
      vertex   -1.460000e+02 1.759099e+01 5.409010e+00
    endloop
  endfacet
  facet normal -1.000000e+00 0.000000e+00 0.000000e+00
    outer loop
      vertex   -1.460000e+02 1.759099e+01 5.409010e+00
      vertex   -1.460000e+02 1.713137e+01 5.868629e+00
      vertex   -1.460000e+02 1.738564e+01 6.200000e+00
    endloop
  endfacet
  facet normal -1.000000e+00 0.000000e+00 0.000000e+00
    outer loop
      vertex   -1.460000e+02 1.759099e+01 5.409010e+00
      vertex   -1.460000e+02 1.738564e+01 6.200000e+00
      vertex   -1.460000e+02 1.794856e+01 5.875000e+00
    endloop
  endfacet
  facet normal -1.000000e+00 0.000000e+00 0.000000e+00
    outer loop
      vertex   -1.460000e+02 1.794856e+01 5.875000e+00
      vertex   -1.460000e+02 1.738564e+01 6.200000e+00
      vertex   -1.460000e+02 1.754548e+01 6.585890e+00
    endloop
  endfacet
  facet normal -1.000000e+00 0.000000e+00 0.000000e+00
    outer loop
      vertex   -1.460000e+02 1.794856e+01 5.875000e+00
      vertex   -1.460000e+02 1.754548e+01 6.585890e+00
      vertex   -1.460000e+02 1.817333e+01 6.417657e+00
    endloop
  endfacet
  facet normal -1.000000e+00 0.000000e+00 0.000000e+00
    outer loop
      vertex   -1.460000e+02 1.817333e+01 6.417657e+00
      vertex   -1.460000e+02 1.754548e+01 6.585890e+00
      vertex   -1.460000e+02 1.760000e+01 7.000000e+00
    endloop
  endfacet
  facet normal -1.000000e+00 0.000000e+00 0.000000e+00
    outer loop
      vertex   -1.460000e+02 1.817333e+01 6.417657e+00
      vertex   -1.460000e+02 1.760000e+01 7.000000e+00
      vertex   -1.460000e+02 1.825000e+01 7.000000e+00
    endloop
  endfacet
  facet normal -1.000000e+00 0.000000e+00 0.000000e+00
    outer loop
      vertex   -1.460000e+02 1.825000e+01 7.000000e+00
      vertex   -1.460000e+02 1.760000e+01 7.000000e+00
      vertex   -1.460000e+02 1.817333e+01 7.582343e+00
    endloop
  endfacet
  facet normal -1.000000e+00 0.000000e+00 0.000000e+00
    outer loop
      vertex   -1.460000e+02 1.817333e+01 7.582343e+00
      vertex   -1.460000e+02 1.760000e+01 7.000000e+00
      vertex   -1.460000e+02 1.754548e+01 7.414110e+00
    endloop
  endfacet
  facet normal -1.000000e+00 -0.000000e+00 0.000000e+00
    outer loop
      vertex   -1.460000e+02 1.817333e+01 7.582343e+00
      vertex   -1.460000e+02 1.754548e+01 7.414110e+00
      vertex   -1.460000e+02 1.794856e+01 8.125000e+00
    endloop
  endfacet
  facet normal -1.000000e+00 0.000000e+00 0.000000e+00
    outer loop
      vertex   -1.460000e+02 1.794856e+01 8.125000e+00
      vertex   -1.460000e+02 1.754548e+01 7.414110e+00
      vertex   -1.460000e+02 1.738564e+01 7.800000e+00
    endloop
  endfacet
  facet normal -1.000000e+00 -0.000000e+00 0.000000e+00
    outer loop
      vertex   -1.460000e+02 1.794856e+01 8.125000e+00
      vertex   -1.460000e+02 1.738564e+01 7.800000e+00
      vertex   -1.460000e+02 1.759099e+01 8.590990e+00
    endloop
  endfacet
  facet normal -1.000000e+00 0.000000e+00 0.000000e+00
    outer loop
      vertex   -1.460000e+02 1.759099e+01 8.590990e+00
      vertex   -1.460000e+02 1.738564e+01 7.800000e+00
      vertex   -1.460000e+02 1.713137e+01 8.131371e+00
    endloop
  endfacet
  facet normal -1.000000e+00 -0.000000e+00 0.000000e+00
    outer loop
      vertex   -1.460000e+02 1.759099e+01 8.590990e+00
      vertex   -1.460000e+02 1.713137e+01 8.131371e+00
      vertex   -1.460000e+02 1.712500e+01 8.948557e+00
    endloop
  endfacet
  facet normal -1.000000e+00 0.000000e+00 -0.000000e+00
    outer loop
      vertex   -1.460000e+02 1.712500e+01 8.948557e+00
      vertex   -1.460000e+02 1.713137e+01 8.131371e+00
      vertex   -1.460000e+02 1.680000e+01 8.385641e+00
    endloop
  endfacet
  facet normal -1.000000e+00 -0.000000e+00 0.000000e+00
    outer loop
      vertex   -1.460000e+02 1.712500e+01 8.948557e+00
      vertex   -1.460000e+02 1.680000e+01 8.385641e+00
      vertex   -1.460000e+02 1.658234e+01 9.173333e+00
    endloop
  endfacet
  facet normal -1.000000e+00 0.000000e+00 -0.000000e+00
    outer loop
      vertex   -1.460000e+02 1.658234e+01 9.173333e+00
      vertex   -1.460000e+02 1.680000e+01 8.385641e+00
      vertex   -1.460000e+02 1.641411e+01 8.545481e+00
    endloop
  endfacet
  facet normal -1.000000e+00 -0.000000e+00 0.000000e+00
    outer loop
      vertex   -1.460000e+02 1.658234e+01 9.173333e+00
      vertex   -1.460000e+02 1.641411e+01 8.545481e+00
      vertex   -1.460000e+02 1.600000e+01 9.250000e+00
    endloop
  endfacet
  facet normal -1.000000e+00 0.000000e+00 0.000000e+00
    outer loop
      vertex   -1.460000e+02 1.600000e+01 9.250000e+00
      vertex   -1.460000e+02 1.641411e+01 8.545481e+00
      vertex   -1.460000e+02 1.600000e+01 8.600000e+00
    endloop
  endfacet
  facet normal -1.000000e+00 0.000000e+00 -0.000000e+00
    outer loop
      vertex   -1.460000e+02 1.600000e+01 9.250000e+00
      vertex   -1.460000e+02 1.600000e+01 8.600000e+00
      vertex   -1.460000e+02 1.541766e+01 9.173333e+00
    endloop
  endfacet
  facet normal -1.000000e+00 0.000000e+00 0.000000e+00
    outer loop
      vertex   -1.460000e+02 1.541766e+01 9.173333e+00
      vertex   -1.460000e+02 1.600000e+01 8.600000e+00
      vertex   -1.460000e+02 1.558589e+01 8.545481e+00
    endloop
  endfacet
  facet normal -1.000000e+00 0.000000e+00 -0.000000e+00
    outer loop
      vertex   -1.460000e+02 1.541766e+01 9.173333e+00
      vertex   -1.460000e+02 1.558589e+01 8.545481e+00
      vertex   -1.460000e+02 1.520000e+01 8.385641e+00
    endloop
  endfacet
  facet normal -1.000000e+00 0.000000e+00 0.000000e+00
    outer loop
      vertex   -1.460000e+02 1.541766e+01 9.173333e+00
      vertex   -1.460000e+02 1.520000e+01 8.385641e+00
      vertex   -1.460000e+02 1.487500e+01 8.948557e+00
    endloop
  endfacet
  facet normal -1.000000e+00 0.000000e+00 -0.000000e+00
    outer loop
      vertex   -1.460000e+02 1.487500e+01 8.948557e+00
      vertex   -1.460000e+02 1.520000e+01 8.385641e+00
      vertex   -1.460000e+02 1.486863e+01 8.131371e+00
    endloop
  endfacet
  facet normal -1.000000e+00 0.000000e+00 0.000000e+00
    outer loop
      vertex   -1.460000e+02 1.487500e+01 8.948557e+00
      vertex   -1.460000e+02 1.486863e+01 8.131371e+00
      vertex   -1.460000e+02 1.440901e+01 8.590990e+00
    endloop
  endfacet
  facet normal -1.000000e+00 0.000000e+00 0.000000e+00
    outer loop
      vertex   -1.460000e+02 1.440901e+01 8.590990e+00
      vertex   -1.460000e+02 1.486863e+01 8.131371e+00
      vertex   -1.460000e+02 1.461436e+01 7.800000e+00
    endloop
  endfacet
  facet normal -1.000000e+00 0.000000e+00 -0.000000e+00
    outer loop
      vertex   -1.460000e+02 1.440901e+01 8.590990e+00
      vertex   -1.460000e+02 1.461436e+01 7.800000e+00
      vertex   -1.460000e+02 1.405144e+01 8.125000e+00
    endloop
  endfacet
  facet normal -1.000000e+00 0.000000e+00 0.000000e+00
    outer loop
      vertex   -1.460000e+02 1.405144e+01 8.125000e+00
      vertex   -1.460000e+02 1.461436e+01 7.800000e+00
      vertex   -1.460000e+02 1.445452e+01 7.414110e+00
    endloop
  endfacet
  facet normal -1.000000e+00 0.000000e+00 -0.000000e+00
    outer loop
      vertex   -1.460000e+02 1.405144e+01 8.125000e+00
      vertex   -1.460000e+02 1.445452e+01 7.414110e+00
      vertex   -1.460000e+02 1.382667e+01 7.582343e+00
    endloop
  endfacet
  facet normal -1.000000e+00 0.000000e+00 0.000000e+00
    outer loop
      vertex   -1.460000e+02 1.382667e+01 7.582343e+00
      vertex   -1.460000e+02 1.445452e+01 7.414110e+00
      vertex   -1.460000e+02 1.440000e+01 7.000000e+00
    endloop
  endfacet
  facet normal -1.000000e+00 0.000000e+00 -0.000000e+00
    outer loop
      vertex   -1.460000e+02 1.382667e+01 7.582343e+00
      vertex   -1.460000e+02 1.440000e+01 7.000000e+00
      vertex   -1.460000e+02 1.375000e+01 7.000000e+00
    endloop
  endfacet
  facet normal -1.000000e+00 0.000000e+00 0.000000e+00
    outer loop
      vertex   -1.460000e+02 1.375000e+01 7.000000e+00
      vertex   -1.460000e+02 1.440000e+01 7.000000e+00
      vertex   -1.460000e+02 1.382667e+01 6.417657e+00
    endloop
  endfacet
  facet normal -1.000000e+00 0.000000e+00 0.000000e+00
    outer loop
      vertex   -1.460000e+02 1.382667e+01 6.417657e+00
      vertex   -1.460000e+02 1.440000e+01 7.000000e+00
      vertex   -1.460000e+02 1.445452e+01 6.585890e+00
    endloop
  endfacet
  facet normal -1.000000e+00 0.000000e+00 0.000000e+00
    outer loop
      vertex   -1.460000e+02 1.382667e+01 6.417657e+00
      vertex   -1.460000e+02 1.445452e+01 6.585890e+00
      vertex   -1.460000e+02 1.405144e+01 5.875000e+00
    endloop
  endfacet
  facet normal -1.000000e+00 0.000000e+00 0.000000e+00
    outer loop
      vertex   -1.460000e+02 1.405144e+01 5.875000e+00
      vertex   -1.460000e+02 1.445452e+01 6.585890e+00
      vertex   -1.460000e+02 1.461436e+01 6.200000e+00
    endloop
  endfacet
  facet normal -1.000000e+00 0.000000e+00 0.000000e+00
    outer loop
      vertex   -1.460000e+02 1.405144e+01 5.875000e+00
      vertex   -1.460000e+02 1.461436e+01 6.200000e+00
      vertex   -1.460000e+02 1.440901e+01 5.409010e+00
    endloop
  endfacet
  facet normal -1.000000e+00 0.000000e+00 0.000000e+00
    outer loop
      vertex   -1.460000e+02 1.440901e+01 5.409010e+00
      vertex   -1.460000e+02 1.461436e+01 6.200000e+00
      vertex   -1.460000e+02 1.486863e+01 5.868629e+00
    endloop
  endfacet
  facet normal -1.000000e+00 0.000000e+00 0.000000e+00
    outer loop
      vertex   -1.460000e+02 1.440901e+01 5.409010e+00
      vertex   -1.460000e+02 1.486863e+01 5.868629e+00
      vertex   -1.460000e+02 1.487500e+01 5.051443e+00
    endloop
  endfacet
  facet normal -1.000000e+00 0.000000e+00 0.000000e+00
    outer loop
      vertex   -1.460000e+02 1.487500e+01 5.051443e+00
      vertex   -1.460000e+02 1.486863e+01 5.868629e+00
      vertex   -1.460000e+02 1.520000e+01 5.614359e+00
    endloop
  endfacet
  facet normal -1.000000e+00 0.000000e+00 0.000000e+00
    outer loop
      vertex   -1.460000e+02 1.487500e+01 5.051443e+00
      vertex   -1.460000e+02 1.520000e+01 5.614359e+00
      vertex   -1.460000e+02 1.541766e+01 4.826667e+00
    endloop
  endfacet
  facet normal -1.000000e+00 0.000000e+00 0.000000e+00
    outer loop
      vertex   -1.460000e+02 1.541766e+01 4.826667e+00
      vertex   -1.460000e+02 1.520000e+01 5.614359e+00
      vertex   -1.460000e+02 1.558589e+01 5.454519e+00
    endloop
  endfacet
  facet normal -1.000000e+00 0.000000e+00 0.000000e+00
    outer loop
      vertex   -1.460000e+02 1.541766e+01 4.826667e+00
      vertex   -1.460000e+02 1.558589e+01 5.454519e+00
      vertex   -1.460000e+02 1.600000e+01 4.750000e+00
    endloop
  endfacet
  facet normal 0.000000e+00 -1.305262e-01 9.914449e-01
    outer loop
      vertex   -1.460000e+02 1.658234e+01 -9.173333e+00
      vertex   -1.500000e+02 1.658234e+01 -9.173333e+00
      vertex   -1.460000e+02 1.600000e+01 -9.250000e+00
    endloop
  endfacet
  facet normal 0.000000e+00 -1.305262e-01 9.914449e-01
    outer loop
      vertex   -1.460000e+02 1.600000e+01 -9.250000e+00
      vertex   -1.500000e+02 1.658234e+01 -9.173333e+00
      vertex   -1.500000e+02 1.600000e+01 -9.250000e+00
    endloop
  endfacet
  facet normal 0.000000e+00 1.305262e-01 9.914449e-01
    outer loop
      vertex   -1.460000e+02 1.600000e+01 -9.250000e+00
      vertex   -1.500000e+02 1.600000e+01 -9.250000e+00
      vertex   -1.460000e+02 1.541766e+01 -9.173333e+00
    endloop
  endfacet
  facet normal 0.000000e+00 1.305262e-01 9.914449e-01
    outer loop
      vertex   -1.460000e+02 1.541766e+01 -9.173333e+00
      vertex   -1.500000e+02 1.600000e+01 -9.250000e+00
      vertex   -1.500000e+02 1.541766e+01 -9.173333e+00
    endloop
  endfacet
  facet normal 0.000000e+00 3.826834e-01 9.238795e-01
    outer loop
      vertex   -1.460000e+02 1.541766e+01 -9.173333e+00
      vertex   -1.500000e+02 1.541766e+01 -9.173333e+00
      vertex   -1.460000e+02 1.487500e+01 -8.948557e+00
    endloop
  endfacet
  facet normal 0.000000e+00 3.826834e-01 9.238795e-01
    outer loop
      vertex   -1.460000e+02 1.487500e+01 -8.948557e+00
      vertex   -1.500000e+02 1.541766e+01 -9.173333e+00
      vertex   -1.500000e+02 1.487500e+01 -8.948557e+00
    endloop
  endfacet
  facet normal 0.000000e+00 6.087614e-01 7.933533e-01
    outer loop
      vertex   -1.460000e+02 1.487500e+01 -8.948557e+00
      vertex   -1.500000e+02 1.487500e+01 -8.948557e+00
      vertex   -1.460000e+02 1.440901e+01 -8.590990e+00
    endloop
  endfacet
  facet normal 0.000000e+00 6.087614e-01 7.933533e-01
    outer loop
      vertex   -1.460000e+02 1.440901e+01 -8.590990e+00
      vertex   -1.500000e+02 1.487500e+01 -8.948557e+00
      vertex   -1.500000e+02 1.440901e+01 -8.590990e+00
    endloop
  endfacet
  facet normal 0.000000e+00 7.933533e-01 6.087614e-01
    outer loop
      vertex   -1.460000e+02 1.440901e+01 -8.590990e+00
      vertex   -1.500000e+02 1.440901e+01 -8.590990e+00
      vertex   -1.460000e+02 1.405144e+01 -8.125000e+00
    endloop
  endfacet
  facet normal 0.000000e+00 7.933533e-01 6.087614e-01
    outer loop
      vertex   -1.460000e+02 1.405144e+01 -8.125000e+00
      vertex   -1.500000e+02 1.440901e+01 -8.590990e+00
      vertex   -1.500000e+02 1.405144e+01 -8.125000e+00
    endloop
  endfacet
  facet normal 0.000000e+00 9.238795e-01 3.826834e-01
    outer loop
      vertex   -1.460000e+02 1.405144e+01 -8.125000e+00
      vertex   -1.500000e+02 1.405144e+01 -8.125000e+00
      vertex   -1.460000e+02 1.382667e+01 -7.582343e+00
    endloop
  endfacet
  facet normal 0.000000e+00 9.238795e-01 3.826834e-01
    outer loop
      vertex   -1.460000e+02 1.382667e+01 -7.582343e+00
      vertex   -1.500000e+02 1.405144e+01 -8.125000e+00
      vertex   -1.500000e+02 1.382667e+01 -7.582343e+00
    endloop
  endfacet
  facet normal 0.000000e+00 9.914449e-01 1.305262e-01
    outer loop
      vertex   -1.460000e+02 1.382667e+01 -7.582343e+00
      vertex   -1.500000e+02 1.382667e+01 -7.582343e+00
      vertex   -1.460000e+02 1.375000e+01 -7.000000e+00
    endloop
  endfacet
  facet normal 0.000000e+00 9.914449e-01 1.305262e-01
    outer loop
      vertex   -1.460000e+02 1.375000e+01 -7.000000e+00
      vertex   -1.500000e+02 1.382667e+01 -7.582343e+00
      vertex   -1.500000e+02 1.375000e+01 -7.000000e+00
    endloop
  endfacet
  facet normal 0.000000e+00 9.914449e-01 -1.305262e-01
    outer loop
      vertex   -1.460000e+02 1.375000e+01 -7.000000e+00
      vertex   -1.500000e+02 1.375000e+01 -7.000000e+00
      vertex   -1.460000e+02 1.382667e+01 -6.417657e+00
    endloop
  endfacet
  facet normal 0.000000e+00 9.914449e-01 -1.305262e-01
    outer loop
      vertex   -1.460000e+02 1.382667e+01 -6.417657e+00
      vertex   -1.500000e+02 1.375000e+01 -7.000000e+00
      vertex   -1.500000e+02 1.382667e+01 -6.417657e+00
    endloop
  endfacet
  facet normal 0.000000e+00 9.238795e-01 -3.826834e-01
    outer loop
      vertex   -1.460000e+02 1.382667e+01 -6.417657e+00
      vertex   -1.500000e+02 1.382667e+01 -6.417657e+00
      vertex   -1.460000e+02 1.405144e+01 -5.875000e+00
    endloop
  endfacet
  facet normal 0.000000e+00 9.238795e-01 -3.826834e-01
    outer loop
      vertex   -1.460000e+02 1.405144e+01 -5.875000e+00
      vertex   -1.500000e+02 1.382667e+01 -6.417657e+00
      vertex   -1.500000e+02 1.405144e+01 -5.875000e+00
    endloop
  endfacet
  facet normal 0.000000e+00 7.933533e-01 -6.087614e-01
    outer loop
      vertex   -1.460000e+02 1.405144e+01 -5.875000e+00
      vertex   -1.500000e+02 1.405144e+01 -5.875000e+00
      vertex   -1.460000e+02 1.440901e+01 -5.409010e+00
    endloop
  endfacet
  facet normal 0.000000e+00 7.933533e-01 -6.087614e-01
    outer loop
      vertex   -1.460000e+02 1.440901e+01 -5.409010e+00
      vertex   -1.500000e+02 1.405144e+01 -5.875000e+00
      vertex   -1.500000e+02 1.440901e+01 -5.409010e+00
    endloop
  endfacet
  facet normal 0.000000e+00 6.087614e-01 -7.933533e-01
    outer loop
      vertex   -1.460000e+02 1.440901e+01 -5.409010e+00
      vertex   -1.500000e+02 1.440901e+01 -5.409010e+00
      vertex   -1.460000e+02 1.487500e+01 -5.051443e+00
    endloop
  endfacet
  facet normal 0.000000e+00 6.087614e-01 -7.933533e-01
    outer loop
      vertex   -1.460000e+02 1.487500e+01 -5.051443e+00
      vertex   -1.500000e+02 1.440901e+01 -5.409010e+00
      vertex   -1.500000e+02 1.487500e+01 -5.051443e+00
    endloop
  endfacet
  facet normal 0.000000e+00 3.826834e-01 -9.238795e-01
    outer loop
      vertex   -1.460000e+02 1.487500e+01 -5.051443e+00
      vertex   -1.500000e+02 1.487500e+01 -5.051443e+00
      vertex   -1.460000e+02 1.541766e+01 -4.826667e+00
    endloop
  endfacet
  facet normal 0.000000e+00 3.826834e-01 -9.238795e-01
    outer loop
      vertex   -1.460000e+02 1.541766e+01 -4.826667e+00
      vertex   -1.500000e+02 1.487500e+01 -5.051443e+00
      vertex   -1.500000e+02 1.541766e+01 -4.826667e+00
    endloop
  endfacet
  facet normal 0.000000e+00 1.305262e-01 -9.914449e-01
    outer loop
      vertex   -1.460000e+02 1.541766e+01 -4.826667e+00
      vertex   -1.500000e+02 1.541766e+01 -4.826667e+00
      vertex   -1.460000e+02 1.600000e+01 -4.750000e+00
    endloop
  endfacet
  facet normal 0.000000e+00 1.305262e-01 -9.914449e-01
    outer loop
      vertex   -1.460000e+02 1.600000e+01 -4.750000e+00
      vertex   -1.500000e+02 1.541766e+01 -4.826667e+00
      vertex   -1.500000e+02 1.600000e+01 -4.750000e+00
    endloop
  endfacet
  facet normal -0.000000e+00 -1.305262e-01 -9.914449e-01
    outer loop
      vertex   -1.460000e+02 1.600000e+01 -4.750000e+00
      vertex   -1.500000e+02 1.600000e+01 -4.750000e+00
      vertex   -1.460000e+02 1.658234e+01 -4.826667e+00
    endloop
  endfacet
  facet normal -0.000000e+00 -1.305262e-01 -9.914449e-01
    outer loop
      vertex   -1.460000e+02 1.658234e+01 -4.826667e+00
      vertex   -1.500000e+02 1.600000e+01 -4.750000e+00
      vertex   -1.500000e+02 1.658234e+01 -4.826667e+00
    endloop
  endfacet
  facet normal -0.000000e+00 -3.826834e-01 -9.238795e-01
    outer loop
      vertex   -1.460000e+02 1.658234e+01 -4.826667e+00
      vertex   -1.500000e+02 1.658234e+01 -4.826667e+00
      vertex   -1.460000e+02 1.712500e+01 -5.051443e+00
    endloop
  endfacet
  facet normal -0.000000e+00 -3.826834e-01 -9.238795e-01
    outer loop
      vertex   -1.460000e+02 1.712500e+01 -5.051443e+00
      vertex   -1.500000e+02 1.658234e+01 -4.826667e+00
      vertex   -1.500000e+02 1.712500e+01 -5.051443e+00
    endloop
  endfacet
  facet normal -0.000000e+00 -6.087614e-01 -7.933533e-01
    outer loop
      vertex   -1.460000e+02 1.712500e+01 -5.051443e+00
      vertex   -1.500000e+02 1.712500e+01 -5.051443e+00
      vertex   -1.460000e+02 1.759099e+01 -5.409010e+00
    endloop
  endfacet
  facet normal -0.000000e+00 -6.087614e-01 -7.933533e-01
    outer loop
      vertex   -1.460000e+02 1.759099e+01 -5.409010e+00
      vertex   -1.500000e+02 1.712500e+01 -5.051443e+00
      vertex   -1.500000e+02 1.759099e+01 -5.409010e+00
    endloop
  endfacet
  facet normal -0.000000e+00 -7.933533e-01 -6.087614e-01
    outer loop
      vertex   -1.460000e+02 1.759099e+01 -5.409010e+00
      vertex   -1.500000e+02 1.759099e+01 -5.409010e+00
      vertex   -1.460000e+02 1.794856e+01 -5.875000e+00
    endloop
  endfacet
  facet normal -0.000000e+00 -7.933533e-01 -6.087614e-01
    outer loop
      vertex   -1.460000e+02 1.794856e+01 -5.875000e+00
      vertex   -1.500000e+02 1.759099e+01 -5.409010e+00
      vertex   -1.500000e+02 1.794856e+01 -5.875000e+00
    endloop
  endfacet
  facet normal -0.000000e+00 -9.238795e-01 -3.826834e-01
    outer loop
      vertex   -1.460000e+02 1.794856e+01 -5.875000e+00
      vertex   -1.500000e+02 1.794856e+01 -5.875000e+00
      vertex   -1.460000e+02 1.817333e+01 -6.417657e+00
    endloop
  endfacet
  facet normal -0.000000e+00 -9.238795e-01 -3.826834e-01
    outer loop
      vertex   -1.460000e+02 1.817333e+01 -6.417657e+00
      vertex   -1.500000e+02 1.794856e+01 -5.875000e+00
      vertex   -1.500000e+02 1.817333e+01 -6.417657e+00
    endloop
  endfacet
  facet normal -0.000000e+00 -9.914449e-01 -1.305262e-01
    outer loop
      vertex   -1.460000e+02 1.817333e+01 -6.417657e+00
      vertex   -1.500000e+02 1.817333e+01 -6.417657e+00
      vertex   -1.460000e+02 1.825000e+01 -7.000000e+00
    endloop
  endfacet
  facet normal -0.000000e+00 -9.914449e-01 -1.305262e-01
    outer loop
      vertex   -1.460000e+02 1.825000e+01 -7.000000e+00
      vertex   -1.500000e+02 1.817333e+01 -6.417657e+00
      vertex   -1.500000e+02 1.825000e+01 -7.000000e+00
    endloop
  endfacet
  facet normal 0.000000e+00 -9.914449e-01 1.305262e-01
    outer loop
      vertex   -1.460000e+02 1.825000e+01 -7.000000e+00
      vertex   -1.500000e+02 1.825000e+01 -7.000000e+00
      vertex   -1.460000e+02 1.817333e+01 -7.582343e+00
    endloop
  endfacet
  facet normal 0.000000e+00 -9.914449e-01 1.305262e-01
    outer loop
      vertex   -1.460000e+02 1.817333e+01 -7.582343e+00
      vertex   -1.500000e+02 1.825000e+01 -7.000000e+00
      vertex   -1.500000e+02 1.817333e+01 -7.582343e+00
    endloop
  endfacet
  facet normal 0.000000e+00 -9.238795e-01 3.826834e-01
    outer loop
      vertex   -1.460000e+02 1.817333e+01 -7.582343e+00
      vertex   -1.500000e+02 1.817333e+01 -7.582343e+00
      vertex   -1.460000e+02 1.794856e+01 -8.125000e+00
    endloop
  endfacet
  facet normal 0.000000e+00 -9.238795e-01 3.826834e-01
    outer loop
      vertex   -1.460000e+02 1.794856e+01 -8.125000e+00
      vertex   -1.500000e+02 1.817333e+01 -7.582343e+00
      vertex   -1.500000e+02 1.794856e+01 -8.125000e+00
    endloop
  endfacet
  facet normal 0.000000e+00 -7.933533e-01 6.087614e-01
    outer loop
      vertex   -1.460000e+02 1.794856e+01 -8.125000e+00
      vertex   -1.500000e+02 1.794856e+01 -8.125000e+00
      vertex   -1.460000e+02 1.759099e+01 -8.590990e+00
    endloop
  endfacet
  facet normal 0.000000e+00 -7.933533e-01 6.087614e-01
    outer loop
      vertex   -1.460000e+02 1.759099e+01 -8.590990e+00
      vertex   -1.500000e+02 1.794856e+01 -8.125000e+00
      vertex   -1.500000e+02 1.759099e+01 -8.590990e+00
    endloop
  endfacet
  facet normal 0.000000e+00 -6.087614e-01 7.933533e-01
    outer loop
      vertex   -1.460000e+02 1.759099e+01 -8.590990e+00
      vertex   -1.500000e+02 1.759099e+01 -8.590990e+00
      vertex   -1.460000e+02 1.712500e+01 -8.948557e+00
    endloop
  endfacet
  facet normal 0.000000e+00 -6.087614e-01 7.933533e-01
    outer loop
      vertex   -1.460000e+02 1.712500e+01 -8.948557e+00
      vertex   -1.500000e+02 1.759099e+01 -8.590990e+00
      vertex   -1.500000e+02 1.712500e+01 -8.948557e+00
    endloop
  endfacet
  facet normal 0.000000e+00 -3.826834e-01 9.238795e-01
    outer loop
      vertex   -1.460000e+02 1.712500e+01 -8.948557e+00
      vertex   -1.500000e+02 1.712500e+01 -8.948557e+00
      vertex   -1.460000e+02 1.658234e+01 -9.173333e+00
    endloop
  endfacet
  facet normal 0.000000e+00 -3.826834e-01 9.238795e-01
    outer loop
      vertex   -1.460000e+02 1.658234e+01 -9.173333e+00
      vertex   -1.500000e+02 1.712500e+01 -8.948557e+00
      vertex   -1.500000e+02 1.658234e+01 -9.173333e+00
    endloop
  endfacet
  facet normal -1.000000e+00 0.000000e+00 0.000000e+00
    outer loop
      vertex   -1.460000e+02 1.558589e+01 -8.545481e+00
      vertex   -1.460000e+02 1.600000e+01 -8.600000e+00
      vertex   -1.460000e+02 1.600000e+01 -9.250000e+00
    endloop
  endfacet
  facet normal -1.000000e+00 0.000000e+00 0.000000e+00
    outer loop
      vertex   -1.460000e+02 1.600000e+01 -9.250000e+00
      vertex   -1.460000e+02 1.600000e+01 -8.600000e+00
      vertex   -1.460000e+02 1.641411e+01 -8.545481e+00
    endloop
  endfacet
  facet normal -1.000000e+00 0.000000e+00 0.000000e+00
    outer loop
      vertex   -1.460000e+02 1.600000e+01 -9.250000e+00
      vertex   -1.460000e+02 1.641411e+01 -8.545481e+00
      vertex   -1.460000e+02 1.658234e+01 -9.173333e+00
    endloop
  endfacet
  facet normal -1.000000e+00 0.000000e+00 0.000000e+00
    outer loop
      vertex   -1.460000e+02 1.658234e+01 -9.173333e+00
      vertex   -1.460000e+02 1.641411e+01 -8.545481e+00
      vertex   -1.460000e+02 1.680000e+01 -8.385641e+00
    endloop
  endfacet
  facet normal -1.000000e+00 0.000000e+00 0.000000e+00
    outer loop
      vertex   -1.460000e+02 1.658234e+01 -9.173333e+00
      vertex   -1.460000e+02 1.680000e+01 -8.385641e+00
      vertex   -1.460000e+02 1.712500e+01 -8.948557e+00
    endloop
  endfacet
  facet normal -1.000000e+00 0.000000e+00 0.000000e+00
    outer loop
      vertex   -1.460000e+02 1.712500e+01 -8.948557e+00
      vertex   -1.460000e+02 1.680000e+01 -8.385641e+00
      vertex   -1.460000e+02 1.713137e+01 -8.131371e+00
    endloop
  endfacet
  facet normal -1.000000e+00 0.000000e+00 0.000000e+00
    outer loop
      vertex   -1.460000e+02 1.712500e+01 -8.948557e+00
      vertex   -1.460000e+02 1.713137e+01 -8.131371e+00
      vertex   -1.460000e+02 1.759099e+01 -8.590990e+00
    endloop
  endfacet
  facet normal -1.000000e+00 0.000000e+00 0.000000e+00
    outer loop
      vertex   -1.460000e+02 1.759099e+01 -8.590990e+00
      vertex   -1.460000e+02 1.713137e+01 -8.131371e+00
      vertex   -1.460000e+02 1.738564e+01 -7.800000e+00
    endloop
  endfacet
  facet normal -1.000000e+00 0.000000e+00 0.000000e+00
    outer loop
      vertex   -1.460000e+02 1.759099e+01 -8.590990e+00
      vertex   -1.460000e+02 1.738564e+01 -7.800000e+00
      vertex   -1.460000e+02 1.794856e+01 -8.125000e+00
    endloop
  endfacet
  facet normal -1.000000e+00 0.000000e+00 0.000000e+00
    outer loop
      vertex   -1.460000e+02 1.794856e+01 -8.125000e+00
      vertex   -1.460000e+02 1.738564e+01 -7.800000e+00
      vertex   -1.460000e+02 1.754548e+01 -7.414110e+00
    endloop
  endfacet
  facet normal -1.000000e+00 0.000000e+00 0.000000e+00
    outer loop
      vertex   -1.460000e+02 1.794856e+01 -8.125000e+00
      vertex   -1.460000e+02 1.754548e+01 -7.414110e+00
      vertex   -1.460000e+02 1.817333e+01 -7.582343e+00
    endloop
  endfacet
  facet normal -1.000000e+00 0.000000e+00 0.000000e+00
    outer loop
      vertex   -1.460000e+02 1.817333e+01 -7.582343e+00
      vertex   -1.460000e+02 1.754548e+01 -7.414110e+00
      vertex   -1.460000e+02 1.760000e+01 -7.000000e+00
    endloop
  endfacet
  facet normal -1.000000e+00 0.000000e+00 0.000000e+00
    outer loop
      vertex   -1.460000e+02 1.817333e+01 -7.582343e+00
      vertex   -1.460000e+02 1.760000e+01 -7.000000e+00
      vertex   -1.460000e+02 1.825000e+01 -7.000000e+00
    endloop
  endfacet
  facet normal -1.000000e+00 0.000000e+00 0.000000e+00
    outer loop
      vertex   -1.460000e+02 1.825000e+01 -7.000000e+00
      vertex   -1.460000e+02 1.760000e+01 -7.000000e+00
      vertex   -1.460000e+02 1.817333e+01 -6.417657e+00
    endloop
  endfacet
  facet normal -1.000000e+00 0.000000e+00 0.000000e+00
    outer loop
      vertex   -1.460000e+02 1.817333e+01 -6.417657e+00
      vertex   -1.460000e+02 1.760000e+01 -7.000000e+00
      vertex   -1.460000e+02 1.754548e+01 -6.585890e+00
    endloop
  endfacet
  facet normal -1.000000e+00 -0.000000e+00 0.000000e+00
    outer loop
      vertex   -1.460000e+02 1.817333e+01 -6.417657e+00
      vertex   -1.460000e+02 1.754548e+01 -6.585890e+00
      vertex   -1.460000e+02 1.794856e+01 -5.875000e+00
    endloop
  endfacet
  facet normal -1.000000e+00 0.000000e+00 0.000000e+00
    outer loop
      vertex   -1.460000e+02 1.794856e+01 -5.875000e+00
      vertex   -1.460000e+02 1.754548e+01 -6.585890e+00
      vertex   -1.460000e+02 1.738564e+01 -6.200000e+00
    endloop
  endfacet
  facet normal -1.000000e+00 -0.000000e+00 0.000000e+00
    outer loop
      vertex   -1.460000e+02 1.794856e+01 -5.875000e+00
      vertex   -1.460000e+02 1.738564e+01 -6.200000e+00
      vertex   -1.460000e+02 1.759099e+01 -5.409010e+00
    endloop
  endfacet
  facet normal -1.000000e+00 0.000000e+00 0.000000e+00
    outer loop
      vertex   -1.460000e+02 1.759099e+01 -5.409010e+00
      vertex   -1.460000e+02 1.738564e+01 -6.200000e+00
      vertex   -1.460000e+02 1.713137e+01 -5.868629e+00
    endloop
  endfacet
  facet normal -1.000000e+00 -0.000000e+00 0.000000e+00
    outer loop
      vertex   -1.460000e+02 1.759099e+01 -5.409010e+00
      vertex   -1.460000e+02 1.713137e+01 -5.868629e+00
      vertex   -1.460000e+02 1.712500e+01 -5.051443e+00
    endloop
  endfacet
  facet normal -1.000000e+00 0.000000e+00 -0.000000e+00
    outer loop
      vertex   -1.460000e+02 1.712500e+01 -5.051443e+00
      vertex   -1.460000e+02 1.713137e+01 -5.868629e+00
      vertex   -1.460000e+02 1.680000e+01 -5.614359e+00
    endloop
  endfacet
  facet normal -1.000000e+00 -0.000000e+00 0.000000e+00
    outer loop
      vertex   -1.460000e+02 1.712500e+01 -5.051443e+00
      vertex   -1.460000e+02 1.680000e+01 -5.614359e+00
      vertex   -1.460000e+02 1.658234e+01 -4.826667e+00
    endloop
  endfacet
  facet normal -1.000000e+00 0.000000e+00 -0.000000e+00
    outer loop
      vertex   -1.460000e+02 1.658234e+01 -4.826667e+00
      vertex   -1.460000e+02 1.680000e+01 -5.614359e+00
      vertex   -1.460000e+02 1.641411e+01 -5.454519e+00
    endloop
  endfacet
  facet normal -1.000000e+00 -0.000000e+00 0.000000e+00
    outer loop
      vertex   -1.460000e+02 1.658234e+01 -4.826667e+00
      vertex   -1.460000e+02 1.641411e+01 -5.454519e+00
      vertex   -1.460000e+02 1.600000e+01 -4.750000e+00
    endloop
  endfacet
  facet normal -1.000000e+00 0.000000e+00 0.000000e+00
    outer loop
      vertex   -1.460000e+02 1.600000e+01 -4.750000e+00
      vertex   -1.460000e+02 1.641411e+01 -5.454519e+00
      vertex   -1.460000e+02 1.600000e+01 -5.400000e+00
    endloop
  endfacet
  facet normal -1.000000e+00 0.000000e+00 -0.000000e+00
    outer loop
      vertex   -1.460000e+02 1.600000e+01 -4.750000e+00
      vertex   -1.460000e+02 1.600000e+01 -5.400000e+00
      vertex   -1.460000e+02 1.541766e+01 -4.826667e+00
    endloop
  endfacet
  facet normal -1.000000e+00 0.000000e+00 0.000000e+00
    outer loop
      vertex   -1.460000e+02 1.541766e+01 -4.826667e+00
      vertex   -1.460000e+02 1.600000e+01 -5.400000e+00
      vertex   -1.460000e+02 1.558589e+01 -5.454519e+00
    endloop
  endfacet
  facet normal -1.000000e+00 0.000000e+00 -0.000000e+00
    outer loop
      vertex   -1.460000e+02 1.541766e+01 -4.826667e+00
      vertex   -1.460000e+02 1.558589e+01 -5.454519e+00
      vertex   -1.460000e+02 1.520000e+01 -5.614359e+00
    endloop
  endfacet
  facet normal -1.000000e+00 0.000000e+00 0.000000e+00
    outer loop
      vertex   -1.460000e+02 1.541766e+01 -4.826667e+00
      vertex   -1.460000e+02 1.520000e+01 -5.614359e+00
      vertex   -1.460000e+02 1.487500e+01 -5.051443e+00
    endloop
  endfacet
  facet normal -1.000000e+00 0.000000e+00 -0.000000e+00
    outer loop
      vertex   -1.460000e+02 1.487500e+01 -5.051443e+00
      vertex   -1.460000e+02 1.520000e+01 -5.614359e+00
      vertex   -1.460000e+02 1.486863e+01 -5.868629e+00
    endloop
  endfacet
  facet normal -1.000000e+00 0.000000e+00 0.000000e+00
    outer loop
      vertex   -1.460000e+02 1.487500e+01 -5.051443e+00
      vertex   -1.460000e+02 1.486863e+01 -5.868629e+00
      vertex   -1.460000e+02 1.440901e+01 -5.409010e+00
    endloop
  endfacet
  facet normal -1.000000e+00 0.000000e+00 0.000000e+00
    outer loop
      vertex   -1.460000e+02 1.440901e+01 -5.409010e+00
      vertex   -1.460000e+02 1.486863e+01 -5.868629e+00
      vertex   -1.460000e+02 1.461436e+01 -6.200000e+00
    endloop
  endfacet
  facet normal -1.000000e+00 0.000000e+00 -0.000000e+00
    outer loop
      vertex   -1.460000e+02 1.440901e+01 -5.409010e+00
      vertex   -1.460000e+02 1.461436e+01 -6.200000e+00
      vertex   -1.460000e+02 1.405144e+01 -5.875000e+00
    endloop
  endfacet
  facet normal -1.000000e+00 0.000000e+00 0.000000e+00
    outer loop
      vertex   -1.460000e+02 1.405144e+01 -5.875000e+00
      vertex   -1.460000e+02 1.461436e+01 -6.200000e+00
      vertex   -1.460000e+02 1.445452e+01 -6.585890e+00
    endloop
  endfacet
  facet normal -1.000000e+00 0.000000e+00 -0.000000e+00
    outer loop
      vertex   -1.460000e+02 1.405144e+01 -5.875000e+00
      vertex   -1.460000e+02 1.445452e+01 -6.585890e+00
      vertex   -1.460000e+02 1.382667e+01 -6.417657e+00
    endloop
  endfacet
  facet normal -1.000000e+00 0.000000e+00 0.000000e+00
    outer loop
      vertex   -1.460000e+02 1.382667e+01 -6.417657e+00
      vertex   -1.460000e+02 1.445452e+01 -6.585890e+00
      vertex   -1.460000e+02 1.440000e+01 -7.000000e+00
    endloop
  endfacet
  facet normal -1.000000e+00 0.000000e+00 -0.000000e+00
    outer loop
      vertex   -1.460000e+02 1.382667e+01 -6.417657e+00
      vertex   -1.460000e+02 1.440000e+01 -7.000000e+00
      vertex   -1.460000e+02 1.375000e+01 -7.000000e+00
    endloop
  endfacet
  facet normal -1.000000e+00 0.000000e+00 0.000000e+00
    outer loop
      vertex   -1.460000e+02 1.375000e+01 -7.000000e+00
      vertex   -1.460000e+02 1.440000e+01 -7.000000e+00
      vertex   -1.460000e+02 1.382667e+01 -7.582343e+00
    endloop
  endfacet
  facet normal -1.000000e+00 0.000000e+00 0.000000e+00
    outer loop
      vertex   -1.460000e+02 1.382667e+01 -7.582343e+00
      vertex   -1.460000e+02 1.440000e+01 -7.000000e+00
      vertex   -1.460000e+02 1.445452e+01 -7.414110e+00
    endloop
  endfacet
  facet normal -1.000000e+00 0.000000e+00 0.000000e+00
    outer loop
      vertex   -1.460000e+02 1.382667e+01 -7.582343e+00
      vertex   -1.460000e+02 1.445452e+01 -7.414110e+00
      vertex   -1.460000e+02 1.405144e+01 -8.125000e+00
    endloop
  endfacet
  facet normal -1.000000e+00 0.000000e+00 0.000000e+00
    outer loop
      vertex   -1.460000e+02 1.405144e+01 -8.125000e+00
      vertex   -1.460000e+02 1.445452e+01 -7.414110e+00
      vertex   -1.460000e+02 1.461436e+01 -7.800000e+00
    endloop
  endfacet
  facet normal -1.000000e+00 0.000000e+00 0.000000e+00
    outer loop
      vertex   -1.460000e+02 1.405144e+01 -8.125000e+00
      vertex   -1.460000e+02 1.461436e+01 -7.800000e+00
      vertex   -1.460000e+02 1.440901e+01 -8.590990e+00
    endloop
  endfacet
  facet normal -1.000000e+00 0.000000e+00 0.000000e+00
    outer loop
      vertex   -1.460000e+02 1.440901e+01 -8.590990e+00
      vertex   -1.460000e+02 1.461436e+01 -7.800000e+00
      vertex   -1.460000e+02 1.486863e+01 -8.131371e+00
    endloop
  endfacet
  facet normal -1.000000e+00 0.000000e+00 0.000000e+00
    outer loop
      vertex   -1.460000e+02 1.440901e+01 -8.590990e+00
      vertex   -1.460000e+02 1.486863e+01 -8.131371e+00
      vertex   -1.460000e+02 1.487500e+01 -8.948557e+00
    endloop
  endfacet
  facet normal -1.000000e+00 0.000000e+00 0.000000e+00
    outer loop
      vertex   -1.460000e+02 1.487500e+01 -8.948557e+00
      vertex   -1.460000e+02 1.486863e+01 -8.131371e+00
      vertex   -1.460000e+02 1.520000e+01 -8.385641e+00
    endloop
  endfacet
  facet normal -1.000000e+00 0.000000e+00 0.000000e+00
    outer loop
      vertex   -1.460000e+02 1.487500e+01 -8.948557e+00
      vertex   -1.460000e+02 1.520000e+01 -8.385641e+00
      vertex   -1.460000e+02 1.541766e+01 -9.173333e+00
    endloop
  endfacet
  facet normal -1.000000e+00 0.000000e+00 0.000000e+00
    outer loop
      vertex   -1.460000e+02 1.541766e+01 -9.173333e+00
      vertex   -1.460000e+02 1.520000e+01 -8.385641e+00
      vertex   -1.460000e+02 1.558589e+01 -8.545481e+00
    endloop
  endfacet
  facet normal -1.000000e+00 0.000000e+00 0.000000e+00
    outer loop
      vertex   -1.460000e+02 1.541766e+01 -9.173333e+00
      vertex   -1.460000e+02 1.558589e+01 -8.545481e+00
      vertex   -1.460000e+02 1.600000e+01 -9.250000e+00
    endloop
  endfacet
  facet normal 1.449132e-17 1.305262e-01 9.914449e-01
    outer loop
      vertex   -1.460000e+02 3.585890e+00 -8.545481e+00
      vertex   -1.420000e+02 3.585890e+00 -8.545481e+00
      vertex   -1.460000e+02 4.000000e+00 -8.600000e+00
    endloop
  endfacet
  facet normal -0.000000e+00 1.305262e-01 9.914449e-01
    outer loop
      vertex   -1.460000e+02 4.000000e+00 -8.600000e+00
      vertex   -1.420000e+02 3.585890e+00 -8.545481e+00
      vertex   -1.420000e+02 4.000000e+00 -8.600000e+00
    endloop
  endfacet
  facet normal 0.000000e+00 -1.305262e-01 9.914449e-01
    outer loop
      vertex   -1.460000e+02 4.000000e+00 -8.600000e+00
      vertex   -1.420000e+02 4.000000e+00 -8.600000e+00
      vertex   -1.460000e+02 4.414110e+00 -8.545481e+00
    endloop
  endfacet
  facet normal 0.000000e+00 -1.305262e-01 9.914449e-01
    outer loop
      vertex   -1.460000e+02 4.414110e+00 -8.545481e+00
      vertex   -1.420000e+02 4.000000e+00 -8.600000e+00
      vertex   -1.420000e+02 4.414110e+00 -8.545481e+00
    endloop
  endfacet
  facet normal 0.000000e+00 -3.826834e-01 9.238795e-01
    outer loop
      vertex   -1.460000e+02 4.414110e+00 -8.545481e+00
      vertex   -1.420000e+02 4.414110e+00 -8.545481e+00
      vertex   -1.460000e+02 4.800000e+00 -8.385641e+00
    endloop
  endfacet
  facet normal -8.497279e-17 -3.826834e-01 9.238795e-01
    outer loop
      vertex   -1.460000e+02 4.800000e+00 -8.385641e+00
      vertex   -1.420000e+02 4.414110e+00 -8.545481e+00
      vertex   -1.420000e+02 4.800000e+00 -8.385641e+00
    endloop
  endfacet
  facet normal -1.351722e-16 -6.087614e-01 7.933533e-01
    outer loop
      vertex   -1.460000e+02 4.800000e+00 -8.385641e+00
      vertex   -1.420000e+02 4.800000e+00 -8.385641e+00
      vertex   -1.460000e+02 5.131371e+00 -8.131371e+00
    endloop
  endfacet
  facet normal 0.000000e+00 -6.087614e-01 7.933533e-01
    outer loop
      vertex   -1.460000e+02 5.131371e+00 -8.131371e+00
      vertex   -1.420000e+02 4.800000e+00 -8.385641e+00
      vertex   -1.420000e+02 5.131371e+00 -8.131371e+00
    endloop
  endfacet
  facet normal 0.000000e+00 -7.933533e-01 6.087614e-01
    outer loop
      vertex   -1.460000e+02 5.131371e+00 -8.131371e+00
      vertex   -1.420000e+02 5.131371e+00 -8.131371e+00
      vertex   -1.460000e+02 5.385641e+00 -7.800000e+00
    endloop
  endfacet
  facet normal -4.098764e-17 -7.933533e-01 6.087614e-01
    outer loop
      vertex   -1.460000e+02 5.385641e+00 -7.800000e+00
      vertex   -1.420000e+02 5.131371e+00 -8.131371e+00
      vertex   -1.420000e+02 5.385641e+00 -7.800000e+00
    endloop
  endfacet
  facet normal -1.201697e-16 -9.238795e-01 3.826834e-01
    outer loop
      vertex   -1.460000e+02 5.385641e+00 -7.800000e+00
      vertex   -1.420000e+02 5.385641e+00 -7.800000e+00
      vertex   -1.460000e+02 5.545481e+00 -7.414110e+00
    endloop
  endfacet
  facet normal 0.000000e+00 -9.238795e-01 3.826834e-01
    outer loop
      vertex   -1.460000e+02 5.545481e+00 -7.414110e+00
      vertex   -1.420000e+02 5.385641e+00 -7.800000e+00
      vertex   -1.420000e+02 5.545481e+00 -7.414110e+00
    endloop
  endfacet
  facet normal 0.000000e+00 -9.914449e-01 1.305262e-01
    outer loop
      vertex   -1.460000e+02 5.545481e+00 -7.414110e+00
      vertex   -1.420000e+02 5.545481e+00 -7.414110e+00
      vertex   -1.460000e+02 5.600000e+00 -7.000000e+00
    endloop
  endfacet
  facet normal 0.000000e+00 -9.914449e-01 1.305262e-01
    outer loop
      vertex   -1.460000e+02 5.600000e+00 -7.000000e+00
      vertex   -1.420000e+02 5.545481e+00 -7.414110e+00
      vertex   -1.420000e+02 5.600000e+00 -7.000000e+00
    endloop
  endfacet
  facet normal 0.000000e+00 -9.914449e-01 -1.305262e-01
    outer loop
      vertex   -1.460000e+02 5.600000e+00 -7.000000e+00
      vertex   -1.420000e+02 5.600000e+00 -7.000000e+00
      vertex   -1.460000e+02 5.545481e+00 -6.585890e+00
    endloop
  endfacet
  facet normal -2.898264e-17 -9.914449e-01 -1.305262e-01
    outer loop
      vertex   -1.460000e+02 5.545481e+00 -6.585890e+00
      vertex   -1.420000e+02 5.600000e+00 -7.000000e+00
      vertex   -1.420000e+02 5.545481e+00 -6.585890e+00
    endloop
  endfacet
  facet normal -8.497279e-17 -9.238795e-01 -3.826834e-01
    outer loop
      vertex   -1.460000e+02 5.545481e+00 -6.585890e+00
      vertex   -1.420000e+02 5.545481e+00 -6.585890e+00
      vertex   -1.460000e+02 5.385641e+00 -6.200000e+00
    endloop
  endfacet
  facet normal -8.497279e-17 -9.238795e-01 -3.826834e-01
    outer loop
      vertex   -1.460000e+02 5.385641e+00 -6.200000e+00
      vertex   -1.420000e+02 5.545481e+00 -6.585890e+00
      vertex   -1.420000e+02 5.385641e+00 -6.200000e+00
    endloop
  endfacet
  facet normal -1.351722e-16 -7.933533e-01 -6.087614e-01
    outer loop
      vertex   -1.460000e+02 5.385641e+00 -6.200000e+00
      vertex   -1.420000e+02 5.385641e+00 -6.200000e+00
      vertex   -1.460000e+02 5.131371e+00 -5.868629e+00
    endloop
  endfacet
  facet normal 1.761598e-16 -7.933533e-01 -6.087614e-01
    outer loop
      vertex   -1.460000e+02 5.131371e+00 -5.868629e+00
      vertex   -1.420000e+02 5.385641e+00 -6.200000e+00
      vertex   -1.420000e+02 5.131371e+00 -5.868629e+00
    endloop
  endfacet
  facet normal 1.351722e-16 -6.087614e-01 -7.933533e-01
    outer loop
      vertex   -1.460000e+02 5.131371e+00 -5.868629e+00
      vertex   -1.420000e+02 5.131371e+00 -5.868629e+00
      vertex   -1.460000e+02 4.800000e+00 -5.614359e+00
    endloop
  endfacet
  facet normal 1.351722e-16 -6.087614e-01 -7.933533e-01
    outer loop
      vertex   -1.460000e+02 4.800000e+00 -5.614359e+00
      vertex   -1.420000e+02 5.131371e+00 -5.868629e+00
      vertex   -1.420000e+02 4.800000e+00 -5.614359e+00
    endloop
  endfacet
  facet normal 8.497279e-17 -3.826834e-01 -9.238795e-01
    outer loop
      vertex   -1.460000e+02 4.800000e+00 -5.614359e+00
      vertex   -1.420000e+02 4.800000e+00 -5.614359e+00
      vertex   -1.460000e+02 4.414110e+00 -5.454519e+00
    endloop
  endfacet
  facet normal 1.699456e-16 -3.826834e-01 -9.238795e-01
    outer loop
      vertex   -1.460000e+02 4.414110e+00 -5.454519e+00
      vertex   -1.420000e+02 4.800000e+00 -5.614359e+00
      vertex   -1.420000e+02 4.414110e+00 -5.454519e+00
    endloop
  endfacet
  facet normal 5.796527e-17 -1.305262e-01 -9.914449e-01
    outer loop
      vertex   -1.460000e+02 4.414110e+00 -5.454519e+00
      vertex   -1.420000e+02 4.414110e+00 -5.454519e+00
      vertex   -1.460000e+02 4.000000e+00 -5.400000e+00
    endloop
  endfacet
  facet normal 0.000000e+00 -1.305262e-01 -9.914449e-01
    outer loop
      vertex   -1.460000e+02 4.000000e+00 -5.400000e+00
      vertex   -1.420000e+02 4.414110e+00 -5.454519e+00
      vertex   -1.420000e+02 4.000000e+00 -5.400000e+00
    endloop
  endfacet
  facet normal 0.000000e+00 1.305262e-01 -9.914449e-01
    outer loop
      vertex   -1.460000e+02 4.000000e+00 -5.400000e+00
      vertex   -1.420000e+02 4.000000e+00 -5.400000e+00
      vertex   -1.460000e+02 3.585890e+00 -5.454519e+00
    endloop
  endfacet
  facet normal -2.898264e-17 1.305262e-01 -9.914449e-01
    outer loop
      vertex   -1.460000e+02 3.585890e+00 -5.454519e+00
      vertex   -1.420000e+02 4.000000e+00 -5.400000e+00
      vertex   -1.420000e+02 3.585890e+00 -5.454519e+00
    endloop
  endfacet
  facet normal -8.497279e-17 3.826834e-01 -9.238795e-01
    outer loop
      vertex   -1.460000e+02 3.585890e+00 -5.454519e+00
      vertex   -1.420000e+02 3.585890e+00 -5.454519e+00
      vertex   -1.460000e+02 3.200000e+00 -5.614359e+00
    endloop
  endfacet
  facet normal -8.497279e-17 3.826834e-01 -9.238795e-01
    outer loop
      vertex   -1.460000e+02 3.200000e+00 -5.614359e+00
      vertex   -1.420000e+02 3.585890e+00 -5.454519e+00
      vertex   -1.420000e+02 3.200000e+00 -5.614359e+00
    endloop
  endfacet
  facet normal -1.351722e-16 6.087614e-01 -7.933533e-01
    outer loop
      vertex   -1.460000e+02 3.200000e+00 -5.614359e+00
      vertex   -1.420000e+02 3.200000e+00 -5.614359e+00
      vertex   -1.460000e+02 2.868629e+00 -5.868629e+00
    endloop
  endfacet
  facet normal -6.758610e-17 6.087614e-01 -7.933533e-01
    outer loop
      vertex   -1.460000e+02 2.868629e+00 -5.868629e+00
      vertex   -1.420000e+02 3.200000e+00 -5.614359e+00
      vertex   -1.420000e+02 2.868629e+00 -5.868629e+00
    endloop
  endfacet
  facet normal -8.807991e-17 7.933533e-01 -6.087614e-01
    outer loop
      vertex   -1.460000e+02 2.868629e+00 -5.868629e+00
      vertex   -1.420000e+02 2.868629e+00 -5.868629e+00
      vertex   -1.460000e+02 2.614359e+00 -6.200000e+00
    endloop
  endfacet
  facet normal 1.351722e-16 7.933533e-01 -6.087614e-01
    outer loop
      vertex   -1.460000e+02 2.614359e+00 -6.200000e+00
      vertex   -1.420000e+02 2.868629e+00 -5.868629e+00
      vertex   -1.420000e+02 2.614359e+00 -6.200000e+00
    endloop
  endfacet
  facet normal 8.497279e-17 9.238795e-01 -3.826834e-01
    outer loop
      vertex   -1.460000e+02 2.614359e+00 -6.200000e+00
      vertex   -1.420000e+02 2.614359e+00 -6.200000e+00
      vertex   -1.460000e+02 2.454519e+00 -6.585890e+00
    endloop
  endfacet
  facet normal -1.759844e-17 9.238795e-01 -3.826834e-01
    outer loop
      vertex   -1.460000e+02 2.454519e+00 -6.585890e+00
      vertex   -1.420000e+02 2.614359e+00 -6.200000e+00
      vertex   -1.420000e+02 2.454519e+00 -6.585890e+00
    endloop
  endfacet
  facet normal -8.108985e-17 9.914449e-01 -1.305262e-01
    outer loop
      vertex   -1.460000e+02 2.454519e+00 -6.585890e+00
      vertex   -1.420000e+02 2.454519e+00 -6.585890e+00
      vertex   -1.460000e+02 2.400000e+00 -7.000000e+00
    endloop
  endfacet
  facet normal 0.000000e+00 9.914449e-01 -1.305262e-01
    outer loop
      vertex   -1.460000e+02 2.400000e+00 -7.000000e+00
      vertex   -1.420000e+02 2.454519e+00 -6.585890e+00
      vertex   -1.420000e+02 2.400000e+00 -7.000000e+00
    endloop
  endfacet
  facet normal -0.000000e+00 9.914449e-01 1.305262e-01
    outer loop
      vertex   -1.460000e+02 2.400000e+00 -7.000000e+00
      vertex   -1.420000e+02 2.400000e+00 -7.000000e+00
      vertex   -1.460000e+02 2.454519e+00 -7.414110e+00
    endloop
  endfacet
  facet normal -0.000000e+00 9.914449e-01 1.305262e-01
    outer loop
      vertex   -1.460000e+02 2.454519e+00 -7.414110e+00
      vertex   -1.420000e+02 2.400000e+00 -7.000000e+00
      vertex   -1.420000e+02 2.454519e+00 -7.414110e+00
    endloop
  endfacet
  facet normal -0.000000e+00 9.238795e-01 3.826834e-01
    outer loop
      vertex   -1.460000e+02 2.454519e+00 -7.414110e+00
      vertex   -1.420000e+02 2.454519e+00 -7.414110e+00
      vertex   -1.460000e+02 2.614359e+00 -7.800000e+00
    endloop
  endfacet
  facet normal 2.227409e-16 9.238795e-01 3.826834e-01
    outer loop
      vertex   -1.460000e+02 2.614359e+00 -7.800000e+00
      vertex   -1.420000e+02 2.454519e+00 -7.414110e+00
      vertex   -1.420000e+02 2.614359e+00 -7.800000e+00
    endloop
  endfacet
  facet normal 1.290676e-16 7.933533e-01 6.087614e-01
    outer loop
      vertex   -1.460000e+02 2.614359e+00 -7.800000e+00
      vertex   -1.420000e+02 2.614359e+00 -7.800000e+00
      vertex   -1.460000e+02 2.868629e+00 -8.131371e+00
    endloop
  endfacet
  facet normal -0.000000e+00 7.933533e-01 6.087614e-01
    outer loop
      vertex   -1.460000e+02 2.868629e+00 -8.131371e+00
      vertex   -1.420000e+02 2.614359e+00 -7.800000e+00
      vertex   -1.420000e+02 2.868629e+00 -8.131371e+00
    endloop
  endfacet
  facet normal -0.000000e+00 6.087614e-01 7.933533e-01
    outer loop
      vertex   -1.460000e+02 2.868629e+00 -8.131371e+00
      vertex   -1.420000e+02 2.868629e+00 -8.131371e+00
      vertex   -1.460000e+02 3.200000e+00 -8.385641e+00
    endloop
  endfacet
  facet normal 6.758610e-17 6.087614e-01 7.933533e-01
    outer loop
      vertex   -1.460000e+02 3.200000e+00 -8.385641e+00
      vertex   -1.420000e+02 2.868629e+00 -8.131371e+00
      vertex   -1.420000e+02 3.200000e+00 -8.385641e+00
    endloop
  endfacet
  facet normal 4.248640e-17 3.826834e-01 9.238795e-01
    outer loop
      vertex   -1.460000e+02 3.200000e+00 -8.385641e+00
      vertex   -1.420000e+02 3.200000e+00 -8.385641e+00
      vertex   -1.460000e+02 3.585890e+00 -8.545481e+00
    endloop
  endfacet
  facet normal 4.248640e-17 3.826834e-01 9.238795e-01
    outer loop
      vertex   -1.460000e+02 3.585890e+00 -8.545481e+00
      vertex   -1.420000e+02 3.200000e+00 -8.385641e+00
      vertex   -1.420000e+02 3.585890e+00 -8.545481e+00
    endloop
  endfacet
  facet normal -1.000000e+00 0.000000e+00 0.000000e+00
    outer loop
      vertex   -1.420000e+02 3.585890e+00 -8.545481e+00
      vertex   -1.420000e+02 3.585890e+00 -5.454519e+00
      vertex   -1.420000e+02 4.000000e+00 -8.600000e+00
    endloop
  endfacet
  facet normal -1.000000e+00 0.000000e+00 0.000000e+00
    outer loop
      vertex   -1.420000e+02 4.000000e+00 -8.600000e+00
      vertex   -1.420000e+02 3.585890e+00 -5.454519e+00
      vertex   -1.420000e+02 4.000000e+00 -5.400000e+00
    endloop
  endfacet
  facet normal -1.000000e+00 0.000000e+00 0.000000e+00
    outer loop
      vertex   -1.420000e+02 4.000000e+00 -8.600000e+00
      vertex   -1.420000e+02 4.000000e+00 -5.400000e+00
      vertex   -1.420000e+02 4.414110e+00 -8.545481e+00
    endloop
  endfacet
  facet normal -1.000000e+00 0.000000e+00 0.000000e+00
    outer loop
      vertex   -1.420000e+02 4.414110e+00 -8.545481e+00
      vertex   -1.420000e+02 4.000000e+00 -5.400000e+00
      vertex   -1.420000e+02 4.414110e+00 -5.454519e+00
    endloop
  endfacet
  facet normal -1.000000e+00 0.000000e+00 0.000000e+00
    outer loop
      vertex   -1.420000e+02 4.414110e+00 -8.545481e+00
      vertex   -1.420000e+02 4.414110e+00 -5.454519e+00
      vertex   -1.420000e+02 4.800000e+00 -8.385641e+00
    endloop
  endfacet
  facet normal -1.000000e+00 0.000000e+00 0.000000e+00
    outer loop
      vertex   -1.420000e+02 4.800000e+00 -8.385641e+00
      vertex   -1.420000e+02 4.414110e+00 -5.454519e+00
      vertex   -1.420000e+02 4.800000e+00 -5.614359e+00
    endloop
  endfacet
  facet normal -1.000000e+00 0.000000e+00 0.000000e+00
    outer loop
      vertex   -1.420000e+02 4.800000e+00 -8.385641e+00
      vertex   -1.420000e+02 4.800000e+00 -5.614359e+00
      vertex   -1.420000e+02 5.131371e+00 -8.131371e+00
    endloop
  endfacet
  facet normal -1.000000e+00 0.000000e+00 0.000000e+00
    outer loop
      vertex   -1.420000e+02 5.131371e+00 -8.131371e+00
      vertex   -1.420000e+02 4.800000e+00 -5.614359e+00
      vertex   -1.420000e+02 5.131371e+00 -5.868629e+00
    endloop
  endfacet
  facet normal -1.000000e+00 0.000000e+00 0.000000e+00
    outer loop
      vertex   -1.420000e+02 5.131371e+00 -8.131371e+00
      vertex   -1.420000e+02 5.131371e+00 -5.868629e+00
      vertex   -1.420000e+02 5.385641e+00 -7.800000e+00
    endloop
  endfacet
  facet normal -1.000000e+00 0.000000e+00 0.000000e+00
    outer loop
      vertex   -1.420000e+02 5.385641e+00 -7.800000e+00
      vertex   -1.420000e+02 5.131371e+00 -5.868629e+00
      vertex   -1.420000e+02 5.385641e+00 -6.200000e+00
    endloop
  endfacet
  facet normal -1.000000e+00 0.000000e+00 0.000000e+00
    outer loop
      vertex   -1.420000e+02 5.385641e+00 -7.800000e+00
      vertex   -1.420000e+02 5.385641e+00 -6.200000e+00
      vertex   -1.420000e+02 5.545481e+00 -7.414110e+00
    endloop
  endfacet
  facet normal -1.000000e+00 0.000000e+00 0.000000e+00
    outer loop
      vertex   -1.420000e+02 5.545481e+00 -7.414110e+00
      vertex   -1.420000e+02 5.385641e+00 -6.200000e+00
      vertex   -1.420000e+02 5.545481e+00 -6.585890e+00
    endloop
  endfacet
  facet normal -1.000000e+00 0.000000e+00 0.000000e+00
    outer loop
      vertex   -1.420000e+02 5.545481e+00 -7.414110e+00
      vertex   -1.420000e+02 5.545481e+00 -6.585890e+00
      vertex   -1.420000e+02 5.600000e+00 -7.000000e+00
    endloop
  endfacet
  facet normal -1.000000e+00 0.000000e+00 0.000000e+00
    outer loop
      vertex   -1.420000e+02 3.585890e+00 -5.454519e+00
      vertex   -1.420000e+02 3.585890e+00 -8.545481e+00
      vertex   -1.420000e+02 3.200000e+00 -5.614359e+00
    endloop
  endfacet
  facet normal -1.000000e+00 0.000000e+00 -0.000000e+00
    outer loop
      vertex   -1.420000e+02 3.200000e+00 -5.614359e+00
      vertex   -1.420000e+02 3.585890e+00 -8.545481e+00
      vertex   -1.420000e+02 3.200000e+00 -8.385641e+00
    endloop
  endfacet
  facet normal -1.000000e+00 0.000000e+00 0.000000e+00
    outer loop
      vertex   -1.420000e+02 3.200000e+00 -5.614359e+00
      vertex   -1.420000e+02 3.200000e+00 -8.385641e+00
      vertex   -1.420000e+02 2.868629e+00 -5.868629e+00
    endloop
  endfacet
  facet normal -1.000000e+00 0.000000e+00 -0.000000e+00
    outer loop
      vertex   -1.420000e+02 2.868629e+00 -5.868629e+00
      vertex   -1.420000e+02 3.200000e+00 -8.385641e+00
      vertex   -1.420000e+02 2.868629e+00 -8.131371e+00
    endloop
  endfacet
  facet normal -1.000000e+00 0.000000e+00 0.000000e+00
    outer loop
      vertex   -1.420000e+02 2.868629e+00 -5.868629e+00
      vertex   -1.420000e+02 2.868629e+00 -8.131371e+00
      vertex   -1.420000e+02 2.614359e+00 -6.200000e+00
    endloop
  endfacet
  facet normal -1.000000e+00 0.000000e+00 -0.000000e+00
    outer loop
      vertex   -1.420000e+02 2.614359e+00 -6.200000e+00
      vertex   -1.420000e+02 2.868629e+00 -8.131371e+00
      vertex   -1.420000e+02 2.614359e+00 -7.800000e+00
    endloop
  endfacet
  facet normal -1.000000e+00 0.000000e+00 0.000000e+00
    outer loop
      vertex   -1.420000e+02 2.614359e+00 -6.200000e+00
      vertex   -1.420000e+02 2.614359e+00 -7.800000e+00
      vertex   -1.420000e+02 2.454519e+00 -6.585890e+00
    endloop
  endfacet
  facet normal -1.000000e+00 0.000000e+00 -0.000000e+00
    outer loop
      vertex   -1.420000e+02 2.454519e+00 -6.585890e+00
      vertex   -1.420000e+02 2.614359e+00 -7.800000e+00
      vertex   -1.420000e+02 2.454519e+00 -7.414110e+00
    endloop
  endfacet
  facet normal -1.000000e+00 0.000000e+00 0.000000e+00
    outer loop
      vertex   -1.420000e+02 2.454519e+00 -6.585890e+00
      vertex   -1.420000e+02 2.454519e+00 -7.414110e+00
      vertex   -1.420000e+02 2.400000e+00 -7.000000e+00
    endloop
  endfacet
  facet normal 5.796527e-17 1.305262e-01 9.914449e-01
    outer loop
      vertex   -1.460000e+02 1.558589e+01 5.454519e+00
      vertex   -1.420000e+02 1.558589e+01 5.454519e+00
      vertex   -1.460000e+02 1.600000e+01 5.400000e+00
    endloop
  endfacet
  facet normal -0.000000e+00 1.305262e-01 9.914449e-01
    outer loop
      vertex   -1.460000e+02 1.600000e+01 5.400000e+00
      vertex   -1.420000e+02 1.558589e+01 5.454519e+00
      vertex   -1.420000e+02 1.600000e+01 5.400000e+00
    endloop
  endfacet
  facet normal 0.000000e+00 -1.305262e-01 9.914449e-01
    outer loop
      vertex   -1.460000e+02 1.600000e+01 5.400000e+00
      vertex   -1.420000e+02 1.600000e+01 5.400000e+00
      vertex   -1.460000e+02 1.641411e+01 5.454519e+00
    endloop
  endfacet
  facet normal -1.159305e-16 -1.305262e-01 9.914449e-01
    outer loop
      vertex   -1.460000e+02 1.641411e+01 5.454519e+00
      vertex   -1.420000e+02 1.600000e+01 5.400000e+00
      vertex   -1.420000e+02 1.641411e+01 5.454519e+00
    endloop
  endfacet
  facet normal -3.398912e-16 -3.826834e-01 9.238795e-01
    outer loop
      vertex   -1.460000e+02 1.641411e+01 5.454519e+00
      vertex   -1.420000e+02 1.641411e+01 5.454519e+00
      vertex   -1.460000e+02 1.680000e+01 5.614359e+00
    endloop
  endfacet
  facet normal 0.000000e+00 -3.826834e-01 9.238795e-01
    outer loop
      vertex   -1.460000e+02 1.680000e+01 5.614359e+00
      vertex   -1.420000e+02 1.641411e+01 5.454519e+00
      vertex   -1.420000e+02 1.680000e+01 5.614359e+00
    endloop
  endfacet
  facet normal 0.000000e+00 -6.087614e-01 7.933533e-01
    outer loop
      vertex   -1.460000e+02 1.680000e+01 5.614359e+00
      vertex   -1.420000e+02 1.680000e+01 5.614359e+00
      vertex   -1.460000e+02 1.713137e+01 5.868629e+00
    endloop
  endfacet
  facet normal 0.000000e+00 -6.087614e-01 7.933533e-01
    outer loop
      vertex   -1.460000e+02 1.713137e+01 5.868629e+00
      vertex   -1.420000e+02 1.680000e+01 5.614359e+00
      vertex   -1.420000e+02 1.713137e+01 5.868629e+00
    endloop
  endfacet
  facet normal 0.000000e+00 -7.933533e-01 6.087614e-01
    outer loop
      vertex   -1.460000e+02 1.713137e+01 5.868629e+00
      vertex   -1.420000e+02 1.713137e+01 5.868629e+00
      vertex   -1.460000e+02 1.738564e+01 6.200000e+00
    endloop
  endfacet
  facet normal 1.351722e-16 -7.933533e-01 6.087614e-01
    outer loop
      vertex   -1.460000e+02 1.738564e+01 6.200000e+00
      vertex   -1.420000e+02 1.713137e+01 5.868629e+00
      vertex   -1.420000e+02 1.738564e+01 6.200000e+00
    endloop
  endfacet
  facet normal 8.497279e-17 -9.238795e-01 3.826834e-01
    outer loop
      vertex   -1.460000e+02 1.738564e+01 6.200000e+00
      vertex   -1.420000e+02 1.738564e+01 6.200000e+00
      vertex   -1.460000e+02 1.754548e+01 6.585890e+00
    endloop
  endfacet
  facet normal 0.000000e+00 -9.238795e-01 3.826834e-01
    outer loop
      vertex   -1.460000e+02 1.754548e+01 6.585890e+00
      vertex   -1.420000e+02 1.738564e+01 6.200000e+00
      vertex   -1.420000e+02 1.754548e+01 6.585890e+00
    endloop
  endfacet
  facet normal 0.000000e+00 -9.914449e-01 1.305262e-01
    outer loop
      vertex   -1.460000e+02 1.754548e+01 6.585890e+00
      vertex   -1.420000e+02 1.754548e+01 6.585890e+00
      vertex   -1.460000e+02 1.760000e+01 7.000000e+00
    endloop
  endfacet
  facet normal 0.000000e+00 -9.914449e-01 1.305262e-01
    outer loop
      vertex   -1.460000e+02 1.760000e+01 7.000000e+00
      vertex   -1.420000e+02 1.754548e+01 6.585890e+00
      vertex   -1.420000e+02 1.760000e+01 7.000000e+00
    endloop
  endfacet
  facet normal 0.000000e+00 -9.914449e-01 -1.305262e-01
    outer loop
      vertex   -1.460000e+02 1.760000e+01 7.000000e+00
      vertex   -1.420000e+02 1.760000e+01 7.000000e+00
      vertex   -1.460000e+02 1.754548e+01 7.414110e+00
    endloop
  endfacet
  facet normal -2.898264e-17 -9.914449e-01 -1.305262e-01
    outer loop
      vertex   -1.460000e+02 1.754548e+01 7.414110e+00
      vertex   -1.420000e+02 1.760000e+01 7.000000e+00
      vertex   -1.420000e+02 1.754548e+01 7.414110e+00
    endloop
  endfacet
  facet normal -8.497279e-17 -9.238795e-01 -3.826834e-01
    outer loop
      vertex   -1.460000e+02 1.754548e+01 7.414110e+00
      vertex   -1.420000e+02 1.754548e+01 7.414110e+00
      vertex   -1.460000e+02 1.738564e+01 7.800000e+00
    endloop
  endfacet
  facet normal -8.497279e-17 -9.238795e-01 -3.826834e-01
    outer loop
      vertex   -1.460000e+02 1.738564e+01 7.800000e+00
      vertex   -1.420000e+02 1.754548e+01 7.414110e+00
      vertex   -1.420000e+02 1.738564e+01 7.800000e+00
    endloop
  endfacet
  facet normal -1.351722e-16 -7.933533e-01 -6.087614e-01
    outer loop
      vertex   -1.460000e+02 1.738564e+01 7.800000e+00
      vertex   -1.420000e+02 1.738564e+01 7.800000e+00
      vertex   -1.460000e+02 1.713137e+01 8.131371e+00
    endloop
  endfacet
  facet normal 0.000000e+00 -7.933533e-01 -6.087614e-01
    outer loop
      vertex   -1.460000e+02 1.713137e+01 8.131371e+00
      vertex   -1.420000e+02 1.738564e+01 7.800000e+00
      vertex   -1.420000e+02 1.713137e+01 8.131371e+00
    endloop
  endfacet
  facet normal 0.000000e+00 -6.087614e-01 -7.933533e-01
    outer loop
      vertex   -1.460000e+02 1.713137e+01 8.131371e+00
      vertex   -1.420000e+02 1.713137e+01 8.131371e+00
      vertex   -1.460000e+02 1.680000e+01 8.385641e+00
    endloop
  endfacet
  facet normal 0.000000e+00 -6.087614e-01 -7.933533e-01
    outer loop
      vertex   -1.460000e+02 1.680000e+01 8.385641e+00
      vertex   -1.420000e+02 1.713137e+01 8.131371e+00
      vertex   -1.420000e+02 1.680000e+01 8.385641e+00
    endloop
  endfacet
  facet normal 0.000000e+00 -3.826834e-01 -9.238795e-01
    outer loop
      vertex   -1.460000e+02 1.680000e+01 8.385641e+00
      vertex   -1.420000e+02 1.680000e+01 8.385641e+00
      vertex   -1.460000e+02 1.641411e+01 8.545481e+00
    endloop
  endfacet
  facet normal 0.000000e+00 -3.826834e-01 -9.238795e-01
    outer loop
      vertex   -1.460000e+02 1.641411e+01 8.545481e+00
      vertex   -1.420000e+02 1.680000e+01 8.385641e+00
      vertex   -1.420000e+02 1.641411e+01 8.545481e+00
    endloop
  endfacet
  facet normal 0.000000e+00 -1.305262e-01 -9.914449e-01
    outer loop
      vertex   -1.460000e+02 1.641411e+01 8.545481e+00
      vertex   -1.420000e+02 1.641411e+01 8.545481e+00
      vertex   -1.460000e+02 1.600000e+01 8.600000e+00
    endloop
  endfacet
  facet normal 0.000000e+00 -1.305262e-01 -9.914449e-01
    outer loop
      vertex   -1.460000e+02 1.600000e+01 8.600000e+00
      vertex   -1.420000e+02 1.641411e+01 8.545481e+00
      vertex   -1.420000e+02 1.600000e+01 8.600000e+00
    endloop
  endfacet
  facet normal 0.000000e+00 1.305262e-01 -9.914449e-01
    outer loop
      vertex   -1.460000e+02 1.600000e+01 8.600000e+00
      vertex   -1.420000e+02 1.600000e+01 8.600000e+00
      vertex   -1.460000e+02 1.558589e+01 8.545481e+00
    endloop
  endfacet
  facet normal 0.000000e+00 1.305262e-01 -9.914449e-01
    outer loop
      vertex   -1.460000e+02 1.558589e+01 8.545481e+00
      vertex   -1.420000e+02 1.600000e+01 8.600000e+00
      vertex   -1.420000e+02 1.558589e+01 8.545481e+00
    endloop
  endfacet
  facet normal 0.000000e+00 3.826834e-01 -9.238795e-01
    outer loop
      vertex   -1.460000e+02 1.558589e+01 8.545481e+00
      vertex   -1.420000e+02 1.558589e+01 8.545481e+00
      vertex   -1.460000e+02 1.520000e+01 8.385641e+00
    endloop
  endfacet
  facet normal 0.000000e+00 3.826834e-01 -9.238795e-01
    outer loop
      vertex   -1.460000e+02 1.520000e+01 8.385641e+00
      vertex   -1.420000e+02 1.558589e+01 8.545481e+00
      vertex   -1.420000e+02 1.520000e+01 8.385641e+00
    endloop
  endfacet
  facet normal 0.000000e+00 6.087614e-01 -7.933533e-01
    outer loop
      vertex   -1.460000e+02 1.520000e+01 8.385641e+00
      vertex   -1.420000e+02 1.520000e+01 8.385641e+00
      vertex   -1.460000e+02 1.486863e+01 8.131371e+00
    endloop
  endfacet
  facet normal 0.000000e+00 6.087614e-01 -7.933533e-01
    outer loop
      vertex   -1.460000e+02 1.486863e+01 8.131371e+00
      vertex   -1.420000e+02 1.520000e+01 8.385641e+00
      vertex   -1.420000e+02 1.486863e+01 8.131371e+00
    endloop
  endfacet
  facet normal 0.000000e+00 7.933533e-01 -6.087614e-01
    outer loop
      vertex   -1.460000e+02 1.486863e+01 8.131371e+00
      vertex   -1.420000e+02 1.486863e+01 8.131371e+00
      vertex   -1.460000e+02 1.461436e+01 7.800000e+00
    endloop
  endfacet
  facet normal 1.351722e-16 7.933533e-01 -6.087614e-01
    outer loop
      vertex   -1.460000e+02 1.461436e+01 7.800000e+00
      vertex   -1.420000e+02 1.486863e+01 8.131371e+00
      vertex   -1.420000e+02 1.461436e+01 7.800000e+00
    endloop
  endfacet
  facet normal 8.497279e-17 9.238795e-01 -3.826834e-01
    outer loop
      vertex   -1.460000e+02 1.461436e+01 7.800000e+00
      vertex   -1.420000e+02 1.461436e+01 7.800000e+00
      vertex   -1.460000e+02 1.445452e+01 7.414110e+00
    endloop
  endfacet
  facet normal 8.497279e-17 9.238795e-01 -3.826834e-01
    outer loop
      vertex   -1.460000e+02 1.445452e+01 7.414110e+00
      vertex   -1.420000e+02 1.461436e+01 7.800000e+00
      vertex   -1.420000e+02 1.445452e+01 7.414110e+00
    endloop
  endfacet
  facet normal 2.898264e-17 9.914449e-01 -1.305262e-01
    outer loop
      vertex   -1.460000e+02 1.445452e+01 7.414110e+00
      vertex   -1.420000e+02 1.445452e+01 7.414110e+00
      vertex   -1.460000e+02 1.440000e+01 7.000000e+00
    endloop
  endfacet
  facet normal 0.000000e+00 9.914449e-01 -1.305262e-01
    outer loop
      vertex   -1.460000e+02 1.440000e+01 7.000000e+00
      vertex   -1.420000e+02 1.445452e+01 7.414110e+00
      vertex   -1.420000e+02 1.440000e+01 7.000000e+00
    endloop
  endfacet
  facet normal -0.000000e+00 9.914449e-01 1.305262e-01
    outer loop
      vertex   -1.460000e+02 1.440000e+01 7.000000e+00
      vertex   -1.420000e+02 1.440000e+01 7.000000e+00
      vertex   -1.460000e+02 1.445452e+01 6.585890e+00
    endloop
  endfacet
  facet normal -0.000000e+00 9.914449e-01 1.305262e-01
    outer loop
      vertex   -1.460000e+02 1.445452e+01 6.585890e+00
      vertex   -1.420000e+02 1.440000e+01 7.000000e+00
      vertex   -1.420000e+02 1.445452e+01 6.585890e+00
    endloop
  endfacet
  facet normal -0.000000e+00 9.238795e-01 3.826834e-01
    outer loop
      vertex   -1.460000e+02 1.445452e+01 6.585890e+00
      vertex   -1.420000e+02 1.445452e+01 6.585890e+00
      vertex   -1.460000e+02 1.461436e+01 6.200000e+00
    endloop
  endfacet
  facet normal -8.497279e-17 9.238795e-01 3.826834e-01
    outer loop
      vertex   -1.460000e+02 1.461436e+01 6.200000e+00
      vertex   -1.420000e+02 1.445452e+01 6.585890e+00
      vertex   -1.420000e+02 1.461436e+01 6.200000e+00
    endloop
  endfacet
  facet normal -1.351722e-16 7.933533e-01 6.087614e-01
    outer loop
      vertex   -1.460000e+02 1.461436e+01 6.200000e+00
      vertex   -1.420000e+02 1.461436e+01 6.200000e+00
      vertex   -1.460000e+02 1.486863e+01 5.868629e+00
    endloop
  endfacet
  facet normal -0.000000e+00 7.933533e-01 6.087614e-01
    outer loop
      vertex   -1.460000e+02 1.486863e+01 5.868629e+00
      vertex   -1.420000e+02 1.461436e+01 6.200000e+00
      vertex   -1.420000e+02 1.486863e+01 5.868629e+00
    endloop
  endfacet
  facet normal -0.000000e+00 6.087614e-01 7.933533e-01
    outer loop
      vertex   -1.460000e+02 1.486863e+01 5.868629e+00
      vertex   -1.420000e+02 1.486863e+01 5.868629e+00
      vertex   -1.460000e+02 1.520000e+01 5.614359e+00
    endloop
  endfacet
  facet normal -0.000000e+00 6.087614e-01 7.933533e-01
    outer loop
      vertex   -1.460000e+02 1.520000e+01 5.614359e+00
      vertex   -1.420000e+02 1.486863e+01 5.868629e+00
      vertex   -1.420000e+02 1.520000e+01 5.614359e+00
    endloop
  endfacet
  facet normal -0.000000e+00 3.826834e-01 9.238795e-01
    outer loop
      vertex   -1.460000e+02 1.520000e+01 5.614359e+00
      vertex   -1.420000e+02 1.520000e+01 5.614359e+00
      vertex   -1.460000e+02 1.558589e+01 5.454519e+00
    endloop
  endfacet
  facet normal 1.699456e-16 3.826834e-01 9.238795e-01
    outer loop
      vertex   -1.460000e+02 1.558589e+01 5.454519e+00
      vertex   -1.420000e+02 1.520000e+01 5.614359e+00
      vertex   -1.420000e+02 1.558589e+01 5.454519e+00
    endloop
  endfacet
  facet normal -1.000000e+00 0.000000e+00 0.000000e+00
    outer loop
      vertex   -1.420000e+02 1.558589e+01 5.454519e+00
      vertex   -1.420000e+02 1.558589e+01 8.545481e+00
      vertex   -1.420000e+02 1.600000e+01 5.400000e+00
    endloop
  endfacet
  facet normal -1.000000e+00 0.000000e+00 0.000000e+00
    outer loop
      vertex   -1.420000e+02 1.600000e+01 5.400000e+00
      vertex   -1.420000e+02 1.558589e+01 8.545481e+00
      vertex   -1.420000e+02 1.600000e+01 8.600000e+00
    endloop
  endfacet
  facet normal -1.000000e+00 0.000000e+00 0.000000e+00
    outer loop
      vertex   -1.420000e+02 1.600000e+01 5.400000e+00
      vertex   -1.420000e+02 1.600000e+01 8.600000e+00
      vertex   -1.420000e+02 1.641411e+01 5.454519e+00
    endloop
  endfacet
  facet normal -1.000000e+00 0.000000e+00 0.000000e+00
    outer loop
      vertex   -1.420000e+02 1.641411e+01 5.454519e+00
      vertex   -1.420000e+02 1.600000e+01 8.600000e+00
      vertex   -1.420000e+02 1.641411e+01 8.545481e+00
    endloop
  endfacet
  facet normal -1.000000e+00 0.000000e+00 0.000000e+00
    outer loop
      vertex   -1.420000e+02 1.641411e+01 5.454519e+00
      vertex   -1.420000e+02 1.641411e+01 8.545481e+00
      vertex   -1.420000e+02 1.680000e+01 5.614359e+00
    endloop
  endfacet
  facet normal -1.000000e+00 0.000000e+00 0.000000e+00
    outer loop
      vertex   -1.420000e+02 1.680000e+01 5.614359e+00
      vertex   -1.420000e+02 1.641411e+01 8.545481e+00
      vertex   -1.420000e+02 1.680000e+01 8.385641e+00
    endloop
  endfacet
  facet normal -1.000000e+00 0.000000e+00 0.000000e+00
    outer loop
      vertex   -1.420000e+02 1.680000e+01 5.614359e+00
      vertex   -1.420000e+02 1.680000e+01 8.385641e+00
      vertex   -1.420000e+02 1.713137e+01 5.868629e+00
    endloop
  endfacet
  facet normal -1.000000e+00 0.000000e+00 0.000000e+00
    outer loop
      vertex   -1.420000e+02 1.713137e+01 5.868629e+00
      vertex   -1.420000e+02 1.680000e+01 8.385641e+00
      vertex   -1.420000e+02 1.713137e+01 8.131371e+00
    endloop
  endfacet
  facet normal -1.000000e+00 0.000000e+00 0.000000e+00
    outer loop
      vertex   -1.420000e+02 1.713137e+01 5.868629e+00
      vertex   -1.420000e+02 1.713137e+01 8.131371e+00
      vertex   -1.420000e+02 1.738564e+01 6.200000e+00
    endloop
  endfacet
  facet normal -1.000000e+00 0.000000e+00 0.000000e+00
    outer loop
      vertex   -1.420000e+02 1.738564e+01 6.200000e+00
      vertex   -1.420000e+02 1.713137e+01 8.131371e+00
      vertex   -1.420000e+02 1.738564e+01 7.800000e+00
    endloop
  endfacet
  facet normal -1.000000e+00 0.000000e+00 0.000000e+00
    outer loop
      vertex   -1.420000e+02 1.738564e+01 6.200000e+00
      vertex   -1.420000e+02 1.738564e+01 7.800000e+00
      vertex   -1.420000e+02 1.754548e+01 6.585890e+00
    endloop
  endfacet
  facet normal -1.000000e+00 0.000000e+00 0.000000e+00
    outer loop
      vertex   -1.420000e+02 1.754548e+01 6.585890e+00
      vertex   -1.420000e+02 1.738564e+01 7.800000e+00
      vertex   -1.420000e+02 1.754548e+01 7.414110e+00
    endloop
  endfacet
  facet normal -1.000000e+00 0.000000e+00 0.000000e+00
    outer loop
      vertex   -1.420000e+02 1.754548e+01 6.585890e+00
      vertex   -1.420000e+02 1.754548e+01 7.414110e+00
      vertex   -1.420000e+02 1.760000e+01 7.000000e+00
    endloop
  endfacet
  facet normal -1.000000e+00 0.000000e+00 0.000000e+00
    outer loop
      vertex   -1.420000e+02 1.558589e+01 8.545481e+00
      vertex   -1.420000e+02 1.558589e+01 5.454519e+00
      vertex   -1.420000e+02 1.520000e+01 8.385641e+00
    endloop
  endfacet
  facet normal -1.000000e+00 0.000000e+00 0.000000e+00
    outer loop
      vertex   -1.420000e+02 1.520000e+01 8.385641e+00
      vertex   -1.420000e+02 1.558589e+01 5.454519e+00
      vertex   -1.420000e+02 1.520000e+01 5.614359e+00
    endloop
  endfacet
  facet normal -1.000000e+00 0.000000e+00 -0.000000e+00
    outer loop
      vertex   -1.420000e+02 1.520000e+01 8.385641e+00
      vertex   -1.420000e+02 1.520000e+01 5.614359e+00
      vertex   -1.420000e+02 1.486863e+01 8.131371e+00
    endloop
  endfacet
  facet normal -1.000000e+00 0.000000e+00 0.000000e+00
    outer loop
      vertex   -1.420000e+02 1.486863e+01 8.131371e+00
      vertex   -1.420000e+02 1.520000e+01 5.614359e+00
      vertex   -1.420000e+02 1.486863e+01 5.868629e+00
    endloop
  endfacet
  facet normal -1.000000e+00 0.000000e+00 -0.000000e+00
    outer loop
      vertex   -1.420000e+02 1.486863e+01 8.131371e+00
      vertex   -1.420000e+02 1.486863e+01 5.868629e+00
      vertex   -1.420000e+02 1.461436e+01 7.800000e+00
    endloop
  endfacet
  facet normal -1.000000e+00 0.000000e+00 0.000000e+00
    outer loop
      vertex   -1.420000e+02 1.461436e+01 7.800000e+00
      vertex   -1.420000e+02 1.486863e+01 5.868629e+00
      vertex   -1.420000e+02 1.461436e+01 6.200000e+00
    endloop
  endfacet
  facet normal -1.000000e+00 0.000000e+00 -0.000000e+00
    outer loop
      vertex   -1.420000e+02 1.461436e+01 7.800000e+00
      vertex   -1.420000e+02 1.461436e+01 6.200000e+00
      vertex   -1.420000e+02 1.445452e+01 7.414110e+00
    endloop
  endfacet
  facet normal -1.000000e+00 0.000000e+00 0.000000e+00
    outer loop
      vertex   -1.420000e+02 1.445452e+01 7.414110e+00
      vertex   -1.420000e+02 1.461436e+01 6.200000e+00
      vertex   -1.420000e+02 1.445452e+01 6.585890e+00
    endloop
  endfacet
  facet normal -1.000000e+00 0.000000e+00 -0.000000e+00
    outer loop
      vertex   -1.420000e+02 1.445452e+01 7.414110e+00
      vertex   -1.420000e+02 1.445452e+01 6.585890e+00
      vertex   -1.420000e+02 1.440000e+01 7.000000e+00
    endloop
  endfacet
  facet normal 5.796527e-17 1.305262e-01 9.914449e-01
    outer loop
      vertex   -1.460000e+02 1.558589e+01 -8.545481e+00
      vertex   -1.420000e+02 1.558589e+01 -8.545481e+00
      vertex   -1.460000e+02 1.600000e+01 -8.600000e+00
    endloop
  endfacet
  facet normal -0.000000e+00 1.305262e-01 9.914449e-01
    outer loop
      vertex   -1.460000e+02 1.600000e+01 -8.600000e+00
      vertex   -1.420000e+02 1.558589e+01 -8.545481e+00
      vertex   -1.420000e+02 1.600000e+01 -8.600000e+00
    endloop
  endfacet
  facet normal 0.000000e+00 -1.305262e-01 9.914449e-01
    outer loop
      vertex   -1.460000e+02 1.600000e+01 -8.600000e+00
      vertex   -1.420000e+02 1.600000e+01 -8.600000e+00
      vertex   -1.460000e+02 1.641411e+01 -8.545481e+00
    endloop
  endfacet
  facet normal -1.159305e-16 -1.305262e-01 9.914449e-01
    outer loop
      vertex   -1.460000e+02 1.641411e+01 -8.545481e+00
      vertex   -1.420000e+02 1.600000e+01 -8.600000e+00
      vertex   -1.420000e+02 1.641411e+01 -8.545481e+00
    endloop
  endfacet
  facet normal -3.398912e-16 -3.826834e-01 9.238795e-01
    outer loop
      vertex   -1.460000e+02 1.641411e+01 -8.545481e+00
      vertex   -1.420000e+02 1.641411e+01 -8.545481e+00
      vertex   -1.460000e+02 1.680000e+01 -8.385641e+00
    endloop
  endfacet
  facet normal 0.000000e+00 -3.826834e-01 9.238795e-01
    outer loop
      vertex   -1.460000e+02 1.680000e+01 -8.385641e+00
      vertex   -1.420000e+02 1.641411e+01 -8.545481e+00
      vertex   -1.420000e+02 1.680000e+01 -8.385641e+00
    endloop
  endfacet
  facet normal 0.000000e+00 -6.087614e-01 7.933533e-01
    outer loop
      vertex   -1.460000e+02 1.680000e+01 -8.385641e+00
      vertex   -1.420000e+02 1.680000e+01 -8.385641e+00
      vertex   -1.460000e+02 1.713137e+01 -8.131371e+00
    endloop
  endfacet
  facet normal 0.000000e+00 -6.087614e-01 7.933533e-01
    outer loop
      vertex   -1.460000e+02 1.713137e+01 -8.131371e+00
      vertex   -1.420000e+02 1.680000e+01 -8.385641e+00
      vertex   -1.420000e+02 1.713137e+01 -8.131371e+00
    endloop
  endfacet
  facet normal 0.000000e+00 -7.933533e-01 6.087614e-01
    outer loop
      vertex   -1.460000e+02 1.713137e+01 -8.131371e+00
      vertex   -1.420000e+02 1.713137e+01 -8.131371e+00
      vertex   -1.460000e+02 1.738564e+01 -7.800000e+00
    endloop
  endfacet
  facet normal 1.351722e-16 -7.933533e-01 6.087614e-01
    outer loop
      vertex   -1.460000e+02 1.738564e+01 -7.800000e+00
      vertex   -1.420000e+02 1.713137e+01 -8.131371e+00
      vertex   -1.420000e+02 1.738564e+01 -7.800000e+00
    endloop
  endfacet
  facet normal 8.497279e-17 -9.238795e-01 3.826834e-01
    outer loop
      vertex   -1.460000e+02 1.738564e+01 -7.800000e+00
      vertex   -1.420000e+02 1.738564e+01 -7.800000e+00
      vertex   -1.460000e+02 1.754548e+01 -7.414110e+00
    endloop
  endfacet
  facet normal 0.000000e+00 -9.238795e-01 3.826834e-01
    outer loop
      vertex   -1.460000e+02 1.754548e+01 -7.414110e+00
      vertex   -1.420000e+02 1.738564e+01 -7.800000e+00
      vertex   -1.420000e+02 1.754548e+01 -7.414110e+00
    endloop
  endfacet
  facet normal 0.000000e+00 -9.914449e-01 1.305262e-01
    outer loop
      vertex   -1.460000e+02 1.754548e+01 -7.414110e+00
      vertex   -1.420000e+02 1.754548e+01 -7.414110e+00
      vertex   -1.460000e+02 1.760000e+01 -7.000000e+00
    endloop
  endfacet
  facet normal 0.000000e+00 -9.914449e-01 1.305262e-01
    outer loop
      vertex   -1.460000e+02 1.760000e+01 -7.000000e+00
      vertex   -1.420000e+02 1.754548e+01 -7.414110e+00
      vertex   -1.420000e+02 1.760000e+01 -7.000000e+00
    endloop
  endfacet
  facet normal 0.000000e+00 -9.914449e-01 -1.305262e-01
    outer loop
      vertex   -1.460000e+02 1.760000e+01 -7.000000e+00
      vertex   -1.420000e+02 1.760000e+01 -7.000000e+00
      vertex   -1.460000e+02 1.754548e+01 -6.585890e+00
    endloop
  endfacet
  facet normal -2.898264e-17 -9.914449e-01 -1.305262e-01
    outer loop
      vertex   -1.460000e+02 1.754548e+01 -6.585890e+00
      vertex   -1.420000e+02 1.760000e+01 -7.000000e+00
      vertex   -1.420000e+02 1.754548e+01 -6.585890e+00
    endloop
  endfacet
  facet normal -8.497279e-17 -9.238795e-01 -3.826834e-01
    outer loop
      vertex   -1.460000e+02 1.754548e+01 -6.585890e+00
      vertex   -1.420000e+02 1.754548e+01 -6.585890e+00
      vertex   -1.460000e+02 1.738564e+01 -6.200000e+00
    endloop
  endfacet
  facet normal -8.497279e-17 -9.238795e-01 -3.826834e-01
    outer loop
      vertex   -1.460000e+02 1.738564e+01 -6.200000e+00
      vertex   -1.420000e+02 1.754548e+01 -6.585890e+00
      vertex   -1.420000e+02 1.738564e+01 -6.200000e+00
    endloop
  endfacet
  facet normal -1.351722e-16 -7.933533e-01 -6.087614e-01
    outer loop
      vertex   -1.460000e+02 1.738564e+01 -6.200000e+00
      vertex   -1.420000e+02 1.738564e+01 -6.200000e+00
      vertex   -1.460000e+02 1.713137e+01 -5.868629e+00
    endloop
  endfacet
  facet normal 0.000000e+00 -7.933533e-01 -6.087614e-01
    outer loop
      vertex   -1.460000e+02 1.713137e+01 -5.868629e+00
      vertex   -1.420000e+02 1.738564e+01 -6.200000e+00
      vertex   -1.420000e+02 1.713137e+01 -5.868629e+00
    endloop
  endfacet
  facet normal 0.000000e+00 -6.087614e-01 -7.933533e-01
    outer loop
      vertex   -1.460000e+02 1.713137e+01 -5.868629e+00
      vertex   -1.420000e+02 1.713137e+01 -5.868629e+00
      vertex   -1.460000e+02 1.680000e+01 -5.614359e+00
    endloop
  endfacet
  facet normal 0.000000e+00 -6.087614e-01 -7.933533e-01
    outer loop
      vertex   -1.460000e+02 1.680000e+01 -5.614359e+00
      vertex   -1.420000e+02 1.713137e+01 -5.868629e+00
      vertex   -1.420000e+02 1.680000e+01 -5.614359e+00
    endloop
  endfacet
  facet normal 0.000000e+00 -3.826834e-01 -9.238795e-01
    outer loop
      vertex   -1.460000e+02 1.680000e+01 -5.614359e+00
      vertex   -1.420000e+02 1.680000e+01 -5.614359e+00
      vertex   -1.460000e+02 1.641411e+01 -5.454519e+00
    endloop
  endfacet
  facet normal 0.000000e+00 -3.826834e-01 -9.238795e-01
    outer loop
      vertex   -1.460000e+02 1.641411e+01 -5.454519e+00
      vertex   -1.420000e+02 1.680000e+01 -5.614359e+00
      vertex   -1.420000e+02 1.641411e+01 -5.454519e+00
    endloop
  endfacet
  facet normal 0.000000e+00 -1.305262e-01 -9.914449e-01
    outer loop
      vertex   -1.460000e+02 1.641411e+01 -5.454519e+00
      vertex   -1.420000e+02 1.641411e+01 -5.454519e+00
      vertex   -1.460000e+02 1.600000e+01 -5.400000e+00
    endloop
  endfacet
  facet normal 0.000000e+00 -1.305262e-01 -9.914449e-01
    outer loop
      vertex   -1.460000e+02 1.600000e+01 -5.400000e+00
      vertex   -1.420000e+02 1.641411e+01 -5.454519e+00
      vertex   -1.420000e+02 1.600000e+01 -5.400000e+00
    endloop
  endfacet
  facet normal 0.000000e+00 1.305262e-01 -9.914449e-01
    outer loop
      vertex   -1.460000e+02 1.600000e+01 -5.400000e+00
      vertex   -1.420000e+02 1.600000e+01 -5.400000e+00
      vertex   -1.460000e+02 1.558589e+01 -5.454519e+00
    endloop
  endfacet
  facet normal 0.000000e+00 1.305262e-01 -9.914449e-01
    outer loop
      vertex   -1.460000e+02 1.558589e+01 -5.454519e+00
      vertex   -1.420000e+02 1.600000e+01 -5.400000e+00
      vertex   -1.420000e+02 1.558589e+01 -5.454519e+00
    endloop
  endfacet
  facet normal 0.000000e+00 3.826834e-01 -9.238795e-01
    outer loop
      vertex   -1.460000e+02 1.558589e+01 -5.454519e+00
      vertex   -1.420000e+02 1.558589e+01 -5.454519e+00
      vertex   -1.460000e+02 1.520000e+01 -5.614359e+00
    endloop
  endfacet
  facet normal 0.000000e+00 3.826834e-01 -9.238795e-01
    outer loop
      vertex   -1.460000e+02 1.520000e+01 -5.614359e+00
      vertex   -1.420000e+02 1.558589e+01 -5.454519e+00
      vertex   -1.420000e+02 1.520000e+01 -5.614359e+00
    endloop
  endfacet
  facet normal 0.000000e+00 6.087614e-01 -7.933533e-01
    outer loop
      vertex   -1.460000e+02 1.520000e+01 -5.614359e+00
      vertex   -1.420000e+02 1.520000e+01 -5.614359e+00
      vertex   -1.460000e+02 1.486863e+01 -5.868629e+00
    endloop
  endfacet
  facet normal 0.000000e+00 6.087614e-01 -7.933533e-01
    outer loop
      vertex   -1.460000e+02 1.486863e+01 -5.868629e+00
      vertex   -1.420000e+02 1.520000e+01 -5.614359e+00
      vertex   -1.420000e+02 1.486863e+01 -5.868629e+00
    endloop
  endfacet
  facet normal 0.000000e+00 7.933533e-01 -6.087614e-01
    outer loop
      vertex   -1.460000e+02 1.486863e+01 -5.868629e+00
      vertex   -1.420000e+02 1.486863e+01 -5.868629e+00
      vertex   -1.460000e+02 1.461436e+01 -6.200000e+00
    endloop
  endfacet
  facet normal 1.351722e-16 7.933533e-01 -6.087614e-01
    outer loop
      vertex   -1.460000e+02 1.461436e+01 -6.200000e+00
      vertex   -1.420000e+02 1.486863e+01 -5.868629e+00
      vertex   -1.420000e+02 1.461436e+01 -6.200000e+00
    endloop
  endfacet
  facet normal 8.497279e-17 9.238795e-01 -3.826834e-01
    outer loop
      vertex   -1.460000e+02 1.461436e+01 -6.200000e+00
      vertex   -1.420000e+02 1.461436e+01 -6.200000e+00
      vertex   -1.460000e+02 1.445452e+01 -6.585890e+00
    endloop
  endfacet
  facet normal 8.497279e-17 9.238795e-01 -3.826834e-01
    outer loop
      vertex   -1.460000e+02 1.445452e+01 -6.585890e+00
      vertex   -1.420000e+02 1.461436e+01 -6.200000e+00
      vertex   -1.420000e+02 1.445452e+01 -6.585890e+00
    endloop
  endfacet
  facet normal 2.898264e-17 9.914449e-01 -1.305262e-01
    outer loop
      vertex   -1.460000e+02 1.445452e+01 -6.585890e+00
      vertex   -1.420000e+02 1.445452e+01 -6.585890e+00
      vertex   -1.460000e+02 1.440000e+01 -7.000000e+00
    endloop
  endfacet
  facet normal 0.000000e+00 9.914449e-01 -1.305262e-01
    outer loop
      vertex   -1.460000e+02 1.440000e+01 -7.000000e+00
      vertex   -1.420000e+02 1.445452e+01 -6.585890e+00
      vertex   -1.420000e+02 1.440000e+01 -7.000000e+00
    endloop
  endfacet
  facet normal -0.000000e+00 9.914449e-01 1.305262e-01
    outer loop
      vertex   -1.460000e+02 1.440000e+01 -7.000000e+00
      vertex   -1.420000e+02 1.440000e+01 -7.000000e+00
      vertex   -1.460000e+02 1.445452e+01 -7.414110e+00
    endloop
  endfacet
  facet normal -0.000000e+00 9.914449e-01 1.305262e-01
    outer loop
      vertex   -1.460000e+02 1.445452e+01 -7.414110e+00
      vertex   -1.420000e+02 1.440000e+01 -7.000000e+00
      vertex   -1.420000e+02 1.445452e+01 -7.414110e+00
    endloop
  endfacet
  facet normal -0.000000e+00 9.238795e-01 3.826834e-01
    outer loop
      vertex   -1.460000e+02 1.445452e+01 -7.414110e+00
      vertex   -1.420000e+02 1.445452e+01 -7.414110e+00
      vertex   -1.460000e+02 1.461436e+01 -7.800000e+00
    endloop
  endfacet
  facet normal -8.497279e-17 9.238795e-01 3.826834e-01
    outer loop
      vertex   -1.460000e+02 1.461436e+01 -7.800000e+00
      vertex   -1.420000e+02 1.445452e+01 -7.414110e+00
      vertex   -1.420000e+02 1.461436e+01 -7.800000e+00
    endloop
  endfacet
  facet normal -1.351722e-16 7.933533e-01 6.087614e-01
    outer loop
      vertex   -1.460000e+02 1.461436e+01 -7.800000e+00
      vertex   -1.420000e+02 1.461436e+01 -7.800000e+00
      vertex   -1.460000e+02 1.486863e+01 -8.131371e+00
    endloop
  endfacet
  facet normal -0.000000e+00 7.933533e-01 6.087614e-01
    outer loop
      vertex   -1.460000e+02 1.486863e+01 -8.131371e+00
      vertex   -1.420000e+02 1.461436e+01 -7.800000e+00
      vertex   -1.420000e+02 1.486863e+01 -8.131371e+00
    endloop
  endfacet
  facet normal -0.000000e+00 6.087614e-01 7.933533e-01
    outer loop
      vertex   -1.460000e+02 1.486863e+01 -8.131371e+00
      vertex   -1.420000e+02 1.486863e+01 -8.131371e+00
      vertex   -1.460000e+02 1.520000e+01 -8.385641e+00
    endloop
  endfacet
  facet normal -0.000000e+00 6.087614e-01 7.933533e-01
    outer loop
      vertex   -1.460000e+02 1.520000e+01 -8.385641e+00
      vertex   -1.420000e+02 1.486863e+01 -8.131371e+00
      vertex   -1.420000e+02 1.520000e+01 -8.385641e+00
    endloop
  endfacet
  facet normal -0.000000e+00 3.826834e-01 9.238795e-01
    outer loop
      vertex   -1.460000e+02 1.520000e+01 -8.385641e+00
      vertex   -1.420000e+02 1.520000e+01 -8.385641e+00
      vertex   -1.460000e+02 1.558589e+01 -8.545481e+00
    endloop
  endfacet
  facet normal 1.699456e-16 3.826834e-01 9.238795e-01
    outer loop
      vertex   -1.460000e+02 1.558589e+01 -8.545481e+00
      vertex   -1.420000e+02 1.520000e+01 -8.385641e+00
      vertex   -1.420000e+02 1.558589e+01 -8.545481e+00
    endloop
  endfacet
  facet normal -1.000000e+00 0.000000e+00 0.000000e+00
    outer loop
      vertex   -1.420000e+02 1.558589e+01 -8.545481e+00
      vertex   -1.420000e+02 1.558589e+01 -5.454519e+00
      vertex   -1.420000e+02 1.600000e+01 -8.600000e+00
    endloop
  endfacet
  facet normal -1.000000e+00 0.000000e+00 0.000000e+00
    outer loop
      vertex   -1.420000e+02 1.600000e+01 -8.600000e+00
      vertex   -1.420000e+02 1.558589e+01 -5.454519e+00
      vertex   -1.420000e+02 1.600000e+01 -5.400000e+00
    endloop
  endfacet
  facet normal -1.000000e+00 0.000000e+00 0.000000e+00
    outer loop
      vertex   -1.420000e+02 1.600000e+01 -8.600000e+00
      vertex   -1.420000e+02 1.600000e+01 -5.400000e+00
      vertex   -1.420000e+02 1.641411e+01 -8.545481e+00
    endloop
  endfacet
  facet normal -1.000000e+00 0.000000e+00 0.000000e+00
    outer loop
      vertex   -1.420000e+02 1.641411e+01 -8.545481e+00
      vertex   -1.420000e+02 1.600000e+01 -5.400000e+00
      vertex   -1.420000e+02 1.641411e+01 -5.454519e+00
    endloop
  endfacet
  facet normal -1.000000e+00 0.000000e+00 0.000000e+00
    outer loop
      vertex   -1.420000e+02 1.641411e+01 -8.545481e+00
      vertex   -1.420000e+02 1.641411e+01 -5.454519e+00
      vertex   -1.420000e+02 1.680000e+01 -8.385641e+00
    endloop
  endfacet
  facet normal -1.000000e+00 0.000000e+00 0.000000e+00
    outer loop
      vertex   -1.420000e+02 1.680000e+01 -8.385641e+00
      vertex   -1.420000e+02 1.641411e+01 -5.454519e+00
      vertex   -1.420000e+02 1.680000e+01 -5.614359e+00
    endloop
  endfacet
  facet normal -1.000000e+00 0.000000e+00 0.000000e+00
    outer loop
      vertex   -1.420000e+02 1.680000e+01 -8.385641e+00
      vertex   -1.420000e+02 1.680000e+01 -5.614359e+00
      vertex   -1.420000e+02 1.713137e+01 -8.131371e+00
    endloop
  endfacet
  facet normal -1.000000e+00 0.000000e+00 0.000000e+00
    outer loop
      vertex   -1.420000e+02 1.713137e+01 -8.131371e+00
      vertex   -1.420000e+02 1.680000e+01 -5.614359e+00
      vertex   -1.420000e+02 1.713137e+01 -5.868629e+00
    endloop
  endfacet
  facet normal -1.000000e+00 0.000000e+00 0.000000e+00
    outer loop
      vertex   -1.420000e+02 1.713137e+01 -8.131371e+00
      vertex   -1.420000e+02 1.713137e+01 -5.868629e+00
      vertex   -1.420000e+02 1.738564e+01 -7.800000e+00
    endloop
  endfacet
  facet normal -1.000000e+00 0.000000e+00 0.000000e+00
    outer loop
      vertex   -1.420000e+02 1.738564e+01 -7.800000e+00
      vertex   -1.420000e+02 1.713137e+01 -5.868629e+00
      vertex   -1.420000e+02 1.738564e+01 -6.200000e+00
    endloop
  endfacet
  facet normal -1.000000e+00 0.000000e+00 0.000000e+00
    outer loop
      vertex   -1.420000e+02 1.738564e+01 -7.800000e+00
      vertex   -1.420000e+02 1.738564e+01 -6.200000e+00
      vertex   -1.420000e+02 1.754548e+01 -7.414110e+00
    endloop
  endfacet
  facet normal -1.000000e+00 0.000000e+00 0.000000e+00
    outer loop
      vertex   -1.420000e+02 1.754548e+01 -7.414110e+00
      vertex   -1.420000e+02 1.738564e+01 -6.200000e+00
      vertex   -1.420000e+02 1.754548e+01 -6.585890e+00
    endloop
  endfacet
  facet normal -1.000000e+00 0.000000e+00 0.000000e+00
    outer loop
      vertex   -1.420000e+02 1.754548e+01 -7.414110e+00
      vertex   -1.420000e+02 1.754548e+01 -6.585890e+00
      vertex   -1.420000e+02 1.760000e+01 -7.000000e+00
    endloop
  endfacet
  facet normal -1.000000e+00 0.000000e+00 0.000000e+00
    outer loop
      vertex   -1.420000e+02 1.558589e+01 -5.454519e+00
      vertex   -1.420000e+02 1.558589e+01 -8.545481e+00
      vertex   -1.420000e+02 1.520000e+01 -5.614359e+00
    endloop
  endfacet
  facet normal -1.000000e+00 0.000000e+00 0.000000e+00
    outer loop
      vertex   -1.420000e+02 1.520000e+01 -5.614359e+00
      vertex   -1.420000e+02 1.558589e+01 -8.545481e+00
      vertex   -1.420000e+02 1.520000e+01 -8.385641e+00
    endloop
  endfacet
  facet normal -1.000000e+00 0.000000e+00 -0.000000e+00
    outer loop
      vertex   -1.420000e+02 1.520000e+01 -5.614359e+00
      vertex   -1.420000e+02 1.520000e+01 -8.385641e+00
      vertex   -1.420000e+02 1.486863e+01 -5.868629e+00
    endloop
  endfacet
  facet normal -1.000000e+00 0.000000e+00 0.000000e+00
    outer loop
      vertex   -1.420000e+02 1.486863e+01 -5.868629e+00
      vertex   -1.420000e+02 1.520000e+01 -8.385641e+00
      vertex   -1.420000e+02 1.486863e+01 -8.131371e+00
    endloop
  endfacet
  facet normal -1.000000e+00 0.000000e+00 -0.000000e+00
    outer loop
      vertex   -1.420000e+02 1.486863e+01 -5.868629e+00
      vertex   -1.420000e+02 1.486863e+01 -8.131371e+00
      vertex   -1.420000e+02 1.461436e+01 -6.200000e+00
    endloop
  endfacet
  facet normal -1.000000e+00 0.000000e+00 0.000000e+00
    outer loop
      vertex   -1.420000e+02 1.461436e+01 -6.200000e+00
      vertex   -1.420000e+02 1.486863e+01 -8.131371e+00
      vertex   -1.420000e+02 1.461436e+01 -7.800000e+00
    endloop
  endfacet
  facet normal -1.000000e+00 0.000000e+00 -0.000000e+00
    outer loop
      vertex   -1.420000e+02 1.461436e+01 -6.200000e+00
      vertex   -1.420000e+02 1.461436e+01 -7.800000e+00
      vertex   -1.420000e+02 1.445452e+01 -6.585890e+00
    endloop
  endfacet
  facet normal -1.000000e+00 0.000000e+00 0.000000e+00
    outer loop
      vertex   -1.420000e+02 1.445452e+01 -6.585890e+00
      vertex   -1.420000e+02 1.461436e+01 -7.800000e+00
      vertex   -1.420000e+02 1.445452e+01 -7.414110e+00
    endloop
  endfacet
  facet normal -1.000000e+00 0.000000e+00 -0.000000e+00
    outer loop
      vertex   -1.420000e+02 1.445452e+01 -6.585890e+00
      vertex   -1.420000e+02 1.445452e+01 -7.414110e+00
      vertex   -1.420000e+02 1.440000e+01 -7.000000e+00
    endloop
  endfacet
  facet normal 1.449132e-17 1.305262e-01 9.914449e-01
    outer loop
      vertex   -1.460000e+02 3.585890e+00 5.454519e+00
      vertex   -1.420000e+02 3.585890e+00 5.454519e+00
      vertex   -1.460000e+02 4.000000e+00 5.400000e+00
    endloop
  endfacet
  facet normal -0.000000e+00 1.305262e-01 9.914449e-01
    outer loop
      vertex   -1.460000e+02 4.000000e+00 5.400000e+00
      vertex   -1.420000e+02 3.585890e+00 5.454519e+00
      vertex   -1.420000e+02 4.000000e+00 5.400000e+00
    endloop
  endfacet
  facet normal 0.000000e+00 -1.305262e-01 9.914449e-01
    outer loop
      vertex   -1.460000e+02 4.000000e+00 5.400000e+00
      vertex   -1.420000e+02 4.000000e+00 5.400000e+00
      vertex   -1.460000e+02 4.414110e+00 5.454519e+00
    endloop
  endfacet
  facet normal 0.000000e+00 -1.305262e-01 9.914449e-01
    outer loop
      vertex   -1.460000e+02 4.414110e+00 5.454519e+00
      vertex   -1.420000e+02 4.000000e+00 5.400000e+00
      vertex   -1.420000e+02 4.414110e+00 5.454519e+00
    endloop
  endfacet
  facet normal 0.000000e+00 -3.826834e-01 9.238795e-01
    outer loop
      vertex   -1.460000e+02 4.414110e+00 5.454519e+00
      vertex   -1.420000e+02 4.414110e+00 5.454519e+00
      vertex   -1.460000e+02 4.800000e+00 5.614359e+00
    endloop
  endfacet
  facet normal -8.497279e-17 -3.826834e-01 9.238795e-01
    outer loop
      vertex   -1.460000e+02 4.800000e+00 5.614359e+00
      vertex   -1.420000e+02 4.414110e+00 5.454519e+00
      vertex   -1.420000e+02 4.800000e+00 5.614359e+00
    endloop
  endfacet
  facet normal -1.351722e-16 -6.087614e-01 7.933533e-01
    outer loop
      vertex   -1.460000e+02 4.800000e+00 5.614359e+00
      vertex   -1.420000e+02 4.800000e+00 5.614359e+00
      vertex   -1.460000e+02 5.131371e+00 5.868629e+00
    endloop
  endfacet
  facet normal 0.000000e+00 -6.087614e-01 7.933533e-01
    outer loop
      vertex   -1.460000e+02 5.131371e+00 5.868629e+00
      vertex   -1.420000e+02 4.800000e+00 5.614359e+00
      vertex   -1.420000e+02 5.131371e+00 5.868629e+00
    endloop
  endfacet
  facet normal 0.000000e+00 -7.933533e-01 6.087614e-01
    outer loop
      vertex   -1.460000e+02 5.131371e+00 5.868629e+00
      vertex   -1.420000e+02 5.131371e+00 5.868629e+00
      vertex   -1.460000e+02 5.385641e+00 6.200000e+00
    endloop
  endfacet
  facet normal -4.098764e-17 -7.933533e-01 6.087614e-01
    outer loop
      vertex   -1.460000e+02 5.385641e+00 6.200000e+00
      vertex   -1.420000e+02 5.131371e+00 5.868629e+00
      vertex   -1.420000e+02 5.385641e+00 6.200000e+00
    endloop
  endfacet
  facet normal -1.201697e-16 -9.238795e-01 3.826834e-01
    outer loop
      vertex   -1.460000e+02 5.385641e+00 6.200000e+00
      vertex   -1.420000e+02 5.385641e+00 6.200000e+00
      vertex   -1.460000e+02 5.545481e+00 6.585890e+00
    endloop
  endfacet
  facet normal 0.000000e+00 -9.238795e-01 3.826834e-01
    outer loop
      vertex   -1.460000e+02 5.545481e+00 6.585890e+00
      vertex   -1.420000e+02 5.385641e+00 6.200000e+00
      vertex   -1.420000e+02 5.545481e+00 6.585890e+00
    endloop
  endfacet
  facet normal 0.000000e+00 -9.914449e-01 1.305262e-01
    outer loop
      vertex   -1.460000e+02 5.545481e+00 6.585890e+00
      vertex   -1.420000e+02 5.545481e+00 6.585890e+00
      vertex   -1.460000e+02 5.600000e+00 7.000000e+00
    endloop
  endfacet
  facet normal 0.000000e+00 -9.914449e-01 1.305262e-01
    outer loop
      vertex   -1.460000e+02 5.600000e+00 7.000000e+00
      vertex   -1.420000e+02 5.545481e+00 6.585890e+00
      vertex   -1.420000e+02 5.600000e+00 7.000000e+00
    endloop
  endfacet
  facet normal 0.000000e+00 -9.914449e-01 -1.305262e-01
    outer loop
      vertex   -1.460000e+02 5.600000e+00 7.000000e+00
      vertex   -1.420000e+02 5.600000e+00 7.000000e+00
      vertex   -1.460000e+02 5.545481e+00 7.414110e+00
    endloop
  endfacet
  facet normal -2.898264e-17 -9.914449e-01 -1.305262e-01
    outer loop
      vertex   -1.460000e+02 5.545481e+00 7.414110e+00
      vertex   -1.420000e+02 5.600000e+00 7.000000e+00
      vertex   -1.420000e+02 5.545481e+00 7.414110e+00
    endloop
  endfacet
  facet normal -8.497279e-17 -9.238795e-01 -3.826834e-01
    outer loop
      vertex   -1.460000e+02 5.545481e+00 7.414110e+00
      vertex   -1.420000e+02 5.545481e+00 7.414110e+00
      vertex   -1.460000e+02 5.385641e+00 7.800000e+00
    endloop
  endfacet
  facet normal -8.497279e-17 -9.238795e-01 -3.826834e-01
    outer loop
      vertex   -1.460000e+02 5.385641e+00 7.800000e+00
      vertex   -1.420000e+02 5.545481e+00 7.414110e+00
      vertex   -1.420000e+02 5.385641e+00 7.800000e+00
    endloop
  endfacet
  facet normal -1.351722e-16 -7.933533e-01 -6.087614e-01
    outer loop
      vertex   -1.460000e+02 5.385641e+00 7.800000e+00
      vertex   -1.420000e+02 5.385641e+00 7.800000e+00
      vertex   -1.460000e+02 5.131371e+00 8.131371e+00
    endloop
  endfacet
  facet normal 1.761598e-16 -7.933533e-01 -6.087614e-01
    outer loop
      vertex   -1.460000e+02 5.131371e+00 8.131371e+00
      vertex   -1.420000e+02 5.385641e+00 7.800000e+00
      vertex   -1.420000e+02 5.131371e+00 8.131371e+00
    endloop
  endfacet
  facet normal 1.351722e-16 -6.087614e-01 -7.933533e-01
    outer loop
      vertex   -1.460000e+02 5.131371e+00 8.131371e+00
      vertex   -1.420000e+02 5.131371e+00 8.131371e+00
      vertex   -1.460000e+02 4.800000e+00 8.385641e+00
    endloop
  endfacet
  facet normal 1.351722e-16 -6.087614e-01 -7.933533e-01
    outer loop
      vertex   -1.460000e+02 4.800000e+00 8.385641e+00
      vertex   -1.420000e+02 5.131371e+00 8.131371e+00
      vertex   -1.420000e+02 4.800000e+00 8.385641e+00
    endloop
  endfacet
  facet normal 8.497279e-17 -3.826834e-01 -9.238795e-01
    outer loop
      vertex   -1.460000e+02 4.800000e+00 8.385641e+00
      vertex   -1.420000e+02 4.800000e+00 8.385641e+00
      vertex   -1.460000e+02 4.414110e+00 8.545481e+00
    endloop
  endfacet
  facet normal 1.699456e-16 -3.826834e-01 -9.238795e-01
    outer loop
      vertex   -1.460000e+02 4.414110e+00 8.545481e+00
      vertex   -1.420000e+02 4.800000e+00 8.385641e+00
      vertex   -1.420000e+02 4.414110e+00 8.545481e+00
    endloop
  endfacet
  facet normal 5.796527e-17 -1.305262e-01 -9.914449e-01
    outer loop
      vertex   -1.460000e+02 4.414110e+00 8.545481e+00
      vertex   -1.420000e+02 4.414110e+00 8.545481e+00
      vertex   -1.460000e+02 4.000000e+00 8.600000e+00
    endloop
  endfacet
  facet normal 0.000000e+00 -1.305262e-01 -9.914449e-01
    outer loop
      vertex   -1.460000e+02 4.000000e+00 8.600000e+00
      vertex   -1.420000e+02 4.414110e+00 8.545481e+00
      vertex   -1.420000e+02 4.000000e+00 8.600000e+00
    endloop
  endfacet
  facet normal 0.000000e+00 1.305262e-01 -9.914449e-01
    outer loop
      vertex   -1.460000e+02 4.000000e+00 8.600000e+00
      vertex   -1.420000e+02 4.000000e+00 8.600000e+00
      vertex   -1.460000e+02 3.585890e+00 8.545481e+00
    endloop
  endfacet
  facet normal -2.898264e-17 1.305262e-01 -9.914449e-01
    outer loop
      vertex   -1.460000e+02 3.585890e+00 8.545481e+00
      vertex   -1.420000e+02 4.000000e+00 8.600000e+00
      vertex   -1.420000e+02 3.585890e+00 8.545481e+00
    endloop
  endfacet
  facet normal -8.497279e-17 3.826834e-01 -9.238795e-01
    outer loop
      vertex   -1.460000e+02 3.585890e+00 8.545481e+00
      vertex   -1.420000e+02 3.585890e+00 8.545481e+00
      vertex   -1.460000e+02 3.200000e+00 8.385641e+00
    endloop
  endfacet
  facet normal -8.497279e-17 3.826834e-01 -9.238795e-01
    outer loop
      vertex   -1.460000e+02 3.200000e+00 8.385641e+00
      vertex   -1.420000e+02 3.585890e+00 8.545481e+00
      vertex   -1.420000e+02 3.200000e+00 8.385641e+00
    endloop
  endfacet
  facet normal -1.351722e-16 6.087614e-01 -7.933533e-01
    outer loop
      vertex   -1.460000e+02 3.200000e+00 8.385641e+00
      vertex   -1.420000e+02 3.200000e+00 8.385641e+00
      vertex   -1.460000e+02 2.868629e+00 8.131371e+00
    endloop
  endfacet
  facet normal -6.758610e-17 6.087614e-01 -7.933533e-01
    outer loop
      vertex   -1.460000e+02 2.868629e+00 8.131371e+00
      vertex   -1.420000e+02 3.200000e+00 8.385641e+00
      vertex   -1.420000e+02 2.868629e+00 8.131371e+00
    endloop
  endfacet
  facet normal -8.807991e-17 7.933533e-01 -6.087614e-01
    outer loop
      vertex   -1.460000e+02 2.868629e+00 8.131371e+00
      vertex   -1.420000e+02 2.868629e+00 8.131371e+00
      vertex   -1.460000e+02 2.614359e+00 7.800000e+00
    endloop
  endfacet
  facet normal 1.351722e-16 7.933533e-01 -6.087614e-01
    outer loop
      vertex   -1.460000e+02 2.614359e+00 7.800000e+00
      vertex   -1.420000e+02 2.868629e+00 8.131371e+00
      vertex   -1.420000e+02 2.614359e+00 7.800000e+00
    endloop
  endfacet
  facet normal 8.497279e-17 9.238795e-01 -3.826834e-01
    outer loop
      vertex   -1.460000e+02 2.614359e+00 7.800000e+00
      vertex   -1.420000e+02 2.614359e+00 7.800000e+00
      vertex   -1.460000e+02 2.454519e+00 7.414110e+00
    endloop
  endfacet
  facet normal -1.759844e-17 9.238795e-01 -3.826834e-01
    outer loop
      vertex   -1.460000e+02 2.454519e+00 7.414110e+00
      vertex   -1.420000e+02 2.614359e+00 7.800000e+00
      vertex   -1.420000e+02 2.454519e+00 7.414110e+00
    endloop
  endfacet
  facet normal -8.108985e-17 9.914449e-01 -1.305262e-01
    outer loop
      vertex   -1.460000e+02 2.454519e+00 7.414110e+00
      vertex   -1.420000e+02 2.454519e+00 7.414110e+00
      vertex   -1.460000e+02 2.400000e+00 7.000000e+00
    endloop
  endfacet
  facet normal 0.000000e+00 9.914449e-01 -1.305262e-01
    outer loop
      vertex   -1.460000e+02 2.400000e+00 7.000000e+00
      vertex   -1.420000e+02 2.454519e+00 7.414110e+00
      vertex   -1.420000e+02 2.400000e+00 7.000000e+00
    endloop
  endfacet
  facet normal -0.000000e+00 9.914449e-01 1.305262e-01
    outer loop
      vertex   -1.460000e+02 2.400000e+00 7.000000e+00
      vertex   -1.420000e+02 2.400000e+00 7.000000e+00
      vertex   -1.460000e+02 2.454519e+00 6.585890e+00
    endloop
  endfacet
  facet normal -0.000000e+00 9.914449e-01 1.305262e-01
    outer loop
      vertex   -1.460000e+02 2.454519e+00 6.585890e+00
      vertex   -1.420000e+02 2.400000e+00 7.000000e+00
      vertex   -1.420000e+02 2.454519e+00 6.585890e+00
    endloop
  endfacet
  facet normal -0.000000e+00 9.238795e-01 3.826834e-01
    outer loop
      vertex   -1.460000e+02 2.454519e+00 6.585890e+00
      vertex   -1.420000e+02 2.454519e+00 6.585890e+00
      vertex   -1.460000e+02 2.614359e+00 6.200000e+00
    endloop
  endfacet
  facet normal 2.227409e-16 9.238795e-01 3.826834e-01
    outer loop
      vertex   -1.460000e+02 2.614359e+00 6.200000e+00
      vertex   -1.420000e+02 2.454519e+00 6.585890e+00
      vertex   -1.420000e+02 2.614359e+00 6.200000e+00
    endloop
  endfacet
  facet normal 1.290676e-16 7.933533e-01 6.087614e-01
    outer loop
      vertex   -1.460000e+02 2.614359e+00 6.200000e+00
      vertex   -1.420000e+02 2.614359e+00 6.200000e+00
      vertex   -1.460000e+02 2.868629e+00 5.868629e+00
    endloop
  endfacet
  facet normal -0.000000e+00 7.933533e-01 6.087614e-01
    outer loop
      vertex   -1.460000e+02 2.868629e+00 5.868629e+00
      vertex   -1.420000e+02 2.614359e+00 6.200000e+00
      vertex   -1.420000e+02 2.868629e+00 5.868629e+00
    endloop
  endfacet
  facet normal -0.000000e+00 6.087614e-01 7.933533e-01
    outer loop
      vertex   -1.460000e+02 2.868629e+00 5.868629e+00
      vertex   -1.420000e+02 2.868629e+00 5.868629e+00
      vertex   -1.460000e+02 3.200000e+00 5.614359e+00
    endloop
  endfacet
  facet normal 6.758610e-17 6.087614e-01 7.933533e-01
    outer loop
      vertex   -1.460000e+02 3.200000e+00 5.614359e+00
      vertex   -1.420000e+02 2.868629e+00 5.868629e+00
      vertex   -1.420000e+02 3.200000e+00 5.614359e+00
    endloop
  endfacet
  facet normal 4.248640e-17 3.826834e-01 9.238795e-01
    outer loop
      vertex   -1.460000e+02 3.200000e+00 5.614359e+00
      vertex   -1.420000e+02 3.200000e+00 5.614359e+00
      vertex   -1.460000e+02 3.585890e+00 5.454519e+00
    endloop
  endfacet
  facet normal 4.248640e-17 3.826834e-01 9.238795e-01
    outer loop
      vertex   -1.460000e+02 3.585890e+00 5.454519e+00
      vertex   -1.420000e+02 3.200000e+00 5.614359e+00
      vertex   -1.420000e+02 3.585890e+00 5.454519e+00
    endloop
  endfacet
  facet normal -1.000000e+00 0.000000e+00 0.000000e+00
    outer loop
      vertex   -1.420000e+02 3.585890e+00 5.454519e+00
      vertex   -1.420000e+02 3.585890e+00 8.545481e+00
      vertex   -1.420000e+02 4.000000e+00 5.400000e+00
    endloop
  endfacet
  facet normal -1.000000e+00 0.000000e+00 0.000000e+00
    outer loop
      vertex   -1.420000e+02 4.000000e+00 5.400000e+00
      vertex   -1.420000e+02 3.585890e+00 8.545481e+00
      vertex   -1.420000e+02 4.000000e+00 8.600000e+00
    endloop
  endfacet
  facet normal -1.000000e+00 0.000000e+00 0.000000e+00
    outer loop
      vertex   -1.420000e+02 4.000000e+00 5.400000e+00
      vertex   -1.420000e+02 4.000000e+00 8.600000e+00
      vertex   -1.420000e+02 4.414110e+00 5.454519e+00
    endloop
  endfacet
  facet normal -1.000000e+00 0.000000e+00 0.000000e+00
    outer loop
      vertex   -1.420000e+02 4.414110e+00 5.454519e+00
      vertex   -1.420000e+02 4.000000e+00 8.600000e+00
      vertex   -1.420000e+02 4.414110e+00 8.545481e+00
    endloop
  endfacet
  facet normal -1.000000e+00 0.000000e+00 0.000000e+00
    outer loop
      vertex   -1.420000e+02 4.414110e+00 5.454519e+00
      vertex   -1.420000e+02 4.414110e+00 8.545481e+00
      vertex   -1.420000e+02 4.800000e+00 5.614359e+00
    endloop
  endfacet
  facet normal -1.000000e+00 0.000000e+00 0.000000e+00
    outer loop
      vertex   -1.420000e+02 4.800000e+00 5.614359e+00
      vertex   -1.420000e+02 4.414110e+00 8.545481e+00
      vertex   -1.420000e+02 4.800000e+00 8.385641e+00
    endloop
  endfacet
  facet normal -1.000000e+00 0.000000e+00 0.000000e+00
    outer loop
      vertex   -1.420000e+02 4.800000e+00 5.614359e+00
      vertex   -1.420000e+02 4.800000e+00 8.385641e+00
      vertex   -1.420000e+02 5.131371e+00 5.868629e+00
    endloop
  endfacet
  facet normal -1.000000e+00 0.000000e+00 0.000000e+00
    outer loop
      vertex   -1.420000e+02 5.131371e+00 5.868629e+00
      vertex   -1.420000e+02 4.800000e+00 8.385641e+00
      vertex   -1.420000e+02 5.131371e+00 8.131371e+00
    endloop
  endfacet
  facet normal -1.000000e+00 0.000000e+00 0.000000e+00
    outer loop
      vertex   -1.420000e+02 5.131371e+00 5.868629e+00
      vertex   -1.420000e+02 5.131371e+00 8.131371e+00
      vertex   -1.420000e+02 5.385641e+00 6.200000e+00
    endloop
  endfacet
  facet normal -1.000000e+00 0.000000e+00 0.000000e+00
    outer loop
      vertex   -1.420000e+02 5.385641e+00 6.200000e+00
      vertex   -1.420000e+02 5.131371e+00 8.131371e+00
      vertex   -1.420000e+02 5.385641e+00 7.800000e+00
    endloop
  endfacet
  facet normal -1.000000e+00 0.000000e+00 0.000000e+00
    outer loop
      vertex   -1.420000e+02 5.385641e+00 6.200000e+00
      vertex   -1.420000e+02 5.385641e+00 7.800000e+00
      vertex   -1.420000e+02 5.545481e+00 6.585890e+00
    endloop
  endfacet
  facet normal -1.000000e+00 0.000000e+00 0.000000e+00
    outer loop
      vertex   -1.420000e+02 5.545481e+00 6.585890e+00
      vertex   -1.420000e+02 5.385641e+00 7.800000e+00
      vertex   -1.420000e+02 5.545481e+00 7.414110e+00
    endloop
  endfacet
  facet normal -1.000000e+00 0.000000e+00 0.000000e+00
    outer loop
      vertex   -1.420000e+02 5.545481e+00 6.585890e+00
      vertex   -1.420000e+02 5.545481e+00 7.414110e+00
      vertex   -1.420000e+02 5.600000e+00 7.000000e+00
    endloop
  endfacet
  facet normal -1.000000e+00 0.000000e+00 0.000000e+00
    outer loop
      vertex   -1.420000e+02 3.585890e+00 8.545481e+00
      vertex   -1.420000e+02 3.585890e+00 5.454519e+00
      vertex   -1.420000e+02 3.200000e+00 8.385641e+00
    endloop
  endfacet
  facet normal -1.000000e+00 0.000000e+00 -0.000000e+00
    outer loop
      vertex   -1.420000e+02 3.200000e+00 8.385641e+00
      vertex   -1.420000e+02 3.585890e+00 5.454519e+00
      vertex   -1.420000e+02 3.200000e+00 5.614359e+00
    endloop
  endfacet
  facet normal -1.000000e+00 0.000000e+00 0.000000e+00
    outer loop
      vertex   -1.420000e+02 3.200000e+00 8.385641e+00
      vertex   -1.420000e+02 3.200000e+00 5.614359e+00
      vertex   -1.420000e+02 2.868629e+00 8.131371e+00
    endloop
  endfacet
  facet normal -1.000000e+00 0.000000e+00 -0.000000e+00
    outer loop
      vertex   -1.420000e+02 2.868629e+00 8.131371e+00
      vertex   -1.420000e+02 3.200000e+00 5.614359e+00
      vertex   -1.420000e+02 2.868629e+00 5.868629e+00
    endloop
  endfacet
  facet normal -1.000000e+00 0.000000e+00 0.000000e+00
    outer loop
      vertex   -1.420000e+02 2.868629e+00 8.131371e+00
      vertex   -1.420000e+02 2.868629e+00 5.868629e+00
      vertex   -1.420000e+02 2.614359e+00 7.800000e+00
    endloop
  endfacet
  facet normal -1.000000e+00 0.000000e+00 -0.000000e+00
    outer loop
      vertex   -1.420000e+02 2.614359e+00 7.800000e+00
      vertex   -1.420000e+02 2.868629e+00 5.868629e+00
      vertex   -1.420000e+02 2.614359e+00 6.200000e+00
    endloop
  endfacet
  facet normal -1.000000e+00 0.000000e+00 0.000000e+00
    outer loop
      vertex   -1.420000e+02 2.614359e+00 7.800000e+00
      vertex   -1.420000e+02 2.614359e+00 6.200000e+00
      vertex   -1.420000e+02 2.454519e+00 7.414110e+00
    endloop
  endfacet
  facet normal -1.000000e+00 0.000000e+00 -0.000000e+00
    outer loop
      vertex   -1.420000e+02 2.454519e+00 7.414110e+00
      vertex   -1.420000e+02 2.614359e+00 6.200000e+00
      vertex   -1.420000e+02 2.454519e+00 6.585890e+00
    endloop
  endfacet
  facet normal -1.000000e+00 0.000000e+00 0.000000e+00
    outer loop
      vertex   -1.420000e+02 2.454519e+00 7.414110e+00
      vertex   -1.420000e+02 2.454519e+00 6.585890e+00
      vertex   -1.420000e+02 2.400000e+00 7.000000e+00
    endloop
  endfacet
  facet normal -0.000000e+00 1.000000e+00 0.000000e+00
    outer loop
      vertex   -1.500000e+02 2.000000e+01 -1.100000e+01
      vertex   -1.500000e+02 2.000000e+01 1.100000e+01
      vertex   -1.430000e+02 2.000000e+01 -1.100000e+01
    endloop
  endfacet
  facet normal 0.000000e+00 1.000000e+00 -0.000000e+00
    outer loop
      vertex   -1.430000e+02 2.000000e+01 -1.100000e+01
      vertex   -1.500000e+02 2.000000e+01 1.100000e+01
      vertex   -1.430000e+02 2.000000e+01 1.100000e+01
    endloop
  endfacet
  facet normal 0.000000e+00 1.000000e+00 0.000000e+00
    outer loop
      vertex   -1.400000e+02 1.000000e+01 -1.100000e+01
      vertex   -2.817326e+00 1.000000e+01 -9.594930e+00
      vertex   6.735557e-16 1.000000e+01 -1.100000e+01
    endloop
  endfacet
  facet normal 0.000000e+00 1.000000e+00 0.000000e+00
    outer loop
      vertex   6.735557e-16 1.000000e+01 -1.100000e+01
      vertex   -2.817326e+00 1.000000e+01 -9.594930e+00
      vertex   -1.423148e+00 1.000000e+01 -9.898215e+00
    endloop
  endfacet
  facet normal 0.000000e+00 1.000000e+00 0.000000e+00
    outer loop
      vertex   6.735557e-16 1.000000e+01 -1.100000e+01
      vertex   -1.423148e+00 1.000000e+01 -9.898215e+00
      vertex   -6.123234e-16 1.000000e+01 -1.000000e+01
    endloop
  endfacet
  facet normal 0.000000e+00 1.000000e+00 0.000000e+00
    outer loop
      vertex   -1.400000e+02 1.000000e+01 1.100000e+01
      vertex   -1.000000e+01 1.000000e+01 0.000000e+00
      vertex   -1.400000e+02 1.000000e+01 -1.100000e+01
    endloop
  endfacet
  facet normal 0.000000e+00 1.000000e+00 0.000000e+00
    outer loop
      vertex   -1.400000e+02 1.000000e+01 -1.100000e+01
      vertex   -1.000000e+01 1.000000e+01 0.000000e+00
      vertex   -9.898215e+00 1.000000e+01 -1.423148e+00
    endloop
  endfacet
  facet normal 0.000000e+00 1.000000e+00 0.000000e+00
    outer loop
      vertex   -1.400000e+02 1.000000e+01 -1.100000e+01
      vertex   -9.898215e+00 1.000000e+01 -1.423148e+00
      vertex   -9.594930e+00 1.000000e+01 -2.817326e+00
    endloop
  endfacet
  facet normal 0.000000e+00 1.000000e+00 0.000000e+00
    outer loop
      vertex   0.000000e+00 1.000000e+01 1.100000e+01
      vertex   -2.817326e+00 1.000000e+01 9.594930e+00
      vertex   -1.400000e+02 1.000000e+01 1.100000e+01
    endloop
  endfacet
  facet normal 0.000000e+00 1.000000e+00 0.000000e+00
    outer loop
      vertex   -1.400000e+02 1.000000e+01 1.100000e+01
      vertex   -2.817326e+00 1.000000e+01 9.594930e+00
      vertex   -4.154150e+00 1.000000e+01 9.096320e+00
    endloop
  endfacet
  facet normal 0.000000e+00 1.000000e+00 0.000000e+00
    outer loop
      vertex   -1.400000e+02 1.000000e+01 1.100000e+01
      vertex   -4.154150e+00 1.000000e+01 9.096320e+00
      vertex   -5.406408e+00 1.000000e+01 8.412535e+00
    endloop
  endfacet
  facet normal 0.000000e+00 1.000000e+00 0.000000e+00
    outer loop
      vertex   1.497833e+00 1.000000e+01 1.089755e+01
      vertex   -6.123234e-16 1.000000e+01 1.000000e+01
      vertex   0.000000e+00 1.000000e+01 1.100000e+01
    endloop
  endfacet
  facet normal 0.000000e+00 1.000000e+00 0.000000e+00
    outer loop
      vertex   0.000000e+00 1.000000e+01 1.100000e+01
      vertex   -6.123234e-16 1.000000e+01 1.000000e+01
      vertex   -1.423148e+00 1.000000e+01 9.898215e+00
    endloop
  endfacet
  facet normal 0.000000e+00 1.000000e+00 0.000000e+00
    outer loop
      vertex   0.000000e+00 1.000000e+01 1.100000e+01
      vertex   -1.423148e+00 1.000000e+01 9.898215e+00
      vertex   -2.817326e+00 1.000000e+01 9.594930e+00
    endloop
  endfacet
  facet normal 0.000000e+00 1.000000e+00 0.000000e+00
    outer loop
      vertex   1.497833e+00 1.000000e+01 1.089755e+01
      vertex   2.967764e+00 1.000000e+01 1.059209e+01
      vertex   -6.123234e-16 1.000000e+01 1.000000e+01
    endloop
  endfacet
  facet normal -0.000000e+00 1.000000e+00 0.000000e+00
    outer loop
      vertex   -6.123234e-16 1.000000e+01 1.000000e+01
      vertex   2.967764e+00 1.000000e+01 1.059209e+01
      vertex   1.423148e+00 1.000000e+01 9.898215e+00
    endloop
  endfacet
  facet normal 0.000000e+00 1.000000e+00 0.000000e+00
    outer loop
      vertex   1.423148e+00 1.000000e+01 9.898215e+00
      vertex   2.967764e+00 1.000000e+01 1.059209e+01
      vertex   4.382412e+00 1.000000e+01 1.008932e+01
    endloop
  endfacet
  facet normal -0.000000e+00 1.000000e+00 0.000000e+00
    outer loop
      vertex   1.423148e+00 1.000000e+01 9.898215e+00
      vertex   4.382412e+00 1.000000e+01 1.008932e+01
      vertex   2.817326e+00 1.000000e+01 9.594930e+00
    endloop
  endfacet
  facet normal -0.000000e+00 1.000000e+00 0.000000e+00
    outer loop
      vertex   2.817326e+00 1.000000e+01 9.594930e+00
      vertex   4.382412e+00 1.000000e+01 1.008932e+01
      vertex   5.715423e+00 1.000000e+01 9.398613e+00
    endloop
  endfacet
  facet normal 0.000000e+00 1.000000e+00 0.000000e+00
    outer loop
      vertex   2.817326e+00 1.000000e+01 9.594930e+00
      vertex   5.715423e+00 1.000000e+01 9.398613e+00
      vertex   4.154150e+00 1.000000e+01 9.096320e+00
    endloop
  endfacet
  facet normal -0.000000e+00 1.000000e+00 0.000000e+00
    outer loop
      vertex   4.154150e+00 1.000000e+01 9.096320e+00
      vertex   5.715423e+00 1.000000e+01 9.398613e+00
      vertex   6.941967e+00 1.000000e+01 8.532824e+00
    endloop
  endfacet
  facet normal 0.000000e+00 1.000000e+00 0.000000e+00
    outer loop
      vertex   4.154150e+00 1.000000e+01 9.096320e+00
      vertex   6.941967e+00 1.000000e+01 8.532824e+00
      vertex   5.406408e+00 1.000000e+01 8.412535e+00
    endloop
  endfacet
  facet normal -0.000000e+00 1.000000e+00 0.000000e+00
    outer loop
      vertex   5.406408e+00 1.000000e+01 8.412535e+00
      vertex   6.941967e+00 1.000000e+01 8.532824e+00
      vertex   6.548607e+00 1.000000e+01 7.557496e+00
    endloop
  endfacet
  facet normal -0.000000e+00 1.000000e+00 0.000000e+00
    outer loop
      vertex   6.548607e+00 1.000000e+01 7.557496e+00
      vertex   6.941967e+00 1.000000e+01 8.532824e+00
      vertex   8.039196e+00 1.000000e+01 7.508085e+00
    endloop
  endfacet
  facet normal 0.000000e+00 1.000000e+00 0.000000e+00
    outer loop
      vertex   6.548607e+00 1.000000e+01 7.557496e+00
      vertex   8.039196e+00 1.000000e+01 7.508085e+00
      vertex   7.557496e+00 1.000000e+01 6.548607e+00
    endloop
  endfacet
  facet normal -0.000000e+00 1.000000e+00 0.000000e+00
    outer loop
      vertex   7.557496e+00 1.000000e+01 6.548607e+00
      vertex   8.039196e+00 1.000000e+01 7.508085e+00
      vertex   8.986669e+00 1.000000e+01 6.343484e+00
    endloop
  endfacet
  facet normal 0.000000e+00 1.000000e+00 0.000000e+00
    outer loop
      vertex   7.557496e+00 1.000000e+01 6.548607e+00
      vertex   8.986669e+00 1.000000e+01 6.343484e+00
      vertex   8.412535e+00 1.000000e+01 5.406408e+00
    endloop
  endfacet
  facet normal -0.000000e+00 1.000000e+00 0.000000e+00
    outer loop
      vertex   8.412535e+00 1.000000e+01 5.406408e+00
      vertex   8.986669e+00 1.000000e+01 6.343484e+00
      vertex   9.766737e+00 1.000000e+01 5.060715e+00
    endloop
  endfacet
  facet normal 0.000000e+00 1.000000e+00 0.000000e+00
    outer loop
      vertex   8.412535e+00 1.000000e+01 5.406408e+00
      vertex   9.766737e+00 1.000000e+01 5.060715e+00
      vertex   9.096320e+00 1.000000e+01 4.154150e+00
    endloop
  endfacet
  facet normal -0.000000e+00 1.000000e+00 0.000000e+00
    outer loop
      vertex   9.096320e+00 1.000000e+01 4.154150e+00
      vertex   9.766737e+00 1.000000e+01 5.060715e+00
      vertex   1.036487e+01 1.000000e+01 3.683676e+00
    endloop
  endfacet
  facet normal 0.000000e+00 1.000000e+00 0.000000e+00
    outer loop
      vertex   9.096320e+00 1.000000e+01 4.154150e+00
      vertex   1.036487e+01 1.000000e+01 3.683676e+00
      vertex   9.594930e+00 1.000000e+01 2.817326e+00
    endloop
  endfacet
  facet normal -0.000000e+00 1.000000e+00 0.000000e+00
    outer loop
      vertex   9.594930e+00 1.000000e+01 2.817326e+00
      vertex   1.036487e+01 1.000000e+01 3.683676e+00
      vertex   1.076992e+01 1.000000e+01 2.238016e+00
    endloop
  endfacet
  facet normal 0.000000e+00 1.000000e+00 0.000000e+00
    outer loop
      vertex   9.594930e+00 1.000000e+01 2.817326e+00
      vertex   1.076992e+01 1.000000e+01 2.238016e+00
      vertex   9.898215e+00 1.000000e+01 1.423148e+00
    endloop
  endfacet
  facet normal -0.000000e+00 1.000000e+00 0.000000e+00
    outer loop
      vertex   9.898215e+00 1.000000e+01 1.423148e+00
      vertex   1.076992e+01 1.000000e+01 2.238016e+00
      vertex   1.097436e+01 1.000000e+01 7.506665e-01
    endloop
  endfacet
  facet normal 0.000000e+00 1.000000e+00 0.000000e+00
    outer loop
      vertex   9.898215e+00 1.000000e+01 1.423148e+00
      vertex   1.097436e+01 1.000000e+01 7.506665e-01
      vertex   1.000000e+01 1.000000e+01 -1.224647e-15
    endloop
  endfacet
  facet normal -0.000000e+00 1.000000e+00 0.000000e+00
    outer loop
      vertex   1.000000e+01 1.000000e+01 -1.224647e-15
      vertex   1.097436e+01 1.000000e+01 7.506665e-01
      vertex   1.097436e+01 1.000000e+01 -7.506665e-01
    endloop
  endfacet
  facet normal 0.000000e+00 1.000000e+00 0.000000e+00
    outer loop
      vertex   1.000000e+01 1.000000e+01 -1.224647e-15
      vertex   1.097436e+01 1.000000e+01 -7.506665e-01
      vertex   9.898215e+00 1.000000e+01 -1.423148e+00
    endloop
  endfacet
  facet normal -0.000000e+00 1.000000e+00 0.000000e+00
    outer loop
      vertex   9.898215e+00 1.000000e+01 -1.423148e+00
      vertex   1.097436e+01 1.000000e+01 -7.506665e-01
      vertex   1.076992e+01 1.000000e+01 -2.238016e+00
    endloop
  endfacet
  facet normal 0.000000e+00 1.000000e+00 0.000000e+00
    outer loop
      vertex   9.898215e+00 1.000000e+01 -1.423148e+00
      vertex   1.076992e+01 1.000000e+01 -2.238016e+00
      vertex   9.594930e+00 1.000000e+01 -2.817326e+00
    endloop
  endfacet
  facet normal -0.000000e+00 1.000000e+00 0.000000e+00
    outer loop
      vertex   9.594930e+00 1.000000e+01 -2.817326e+00
      vertex   1.076992e+01 1.000000e+01 -2.238016e+00
      vertex   1.036487e+01 1.000000e+01 -3.683676e+00
    endloop
  endfacet
  facet normal 0.000000e+00 1.000000e+00 0.000000e+00
    outer loop
      vertex   9.594930e+00 1.000000e+01 -2.817326e+00
      vertex   1.036487e+01 1.000000e+01 -3.683676e+00
      vertex   9.096320e+00 1.000000e+01 -4.154150e+00
    endloop
  endfacet
  facet normal -0.000000e+00 1.000000e+00 0.000000e+00
    outer loop
      vertex   9.096320e+00 1.000000e+01 -4.154150e+00
      vertex   1.036487e+01 1.000000e+01 -3.683676e+00
      vertex   9.766737e+00 1.000000e+01 -5.060715e+00
    endloop
  endfacet
  facet normal 0.000000e+00 1.000000e+00 0.000000e+00
    outer loop
      vertex   9.096320e+00 1.000000e+01 -4.154150e+00
      vertex   9.766737e+00 1.000000e+01 -5.060715e+00
      vertex   8.412535e+00 1.000000e+01 -5.406408e+00
    endloop
  endfacet
  facet normal -0.000000e+00 1.000000e+00 0.000000e+00
    outer loop
      vertex   8.412535e+00 1.000000e+01 -5.406408e+00
      vertex   9.766737e+00 1.000000e+01 -5.060715e+00
      vertex   8.986669e+00 1.000000e+01 -6.343484e+00
    endloop
  endfacet
  facet normal 0.000000e+00 1.000000e+00 0.000000e+00
    outer loop
      vertex   8.412535e+00 1.000000e+01 -5.406408e+00
      vertex   8.986669e+00 1.000000e+01 -6.343484e+00
      vertex   7.557496e+00 1.000000e+01 -6.548607e+00
    endloop
  endfacet
  facet normal -0.000000e+00 1.000000e+00 0.000000e+00
    outer loop
      vertex   7.557496e+00 1.000000e+01 -6.548607e+00
      vertex   8.986669e+00 1.000000e+01 -6.343484e+00
      vertex   8.039196e+00 1.000000e+01 -7.508085e+00
    endloop
  endfacet
  facet normal 0.000000e+00 1.000000e+00 0.000000e+00
    outer loop
      vertex   7.557496e+00 1.000000e+01 -6.548607e+00
      vertex   8.039196e+00 1.000000e+01 -7.508085e+00
      vertex   6.548607e+00 1.000000e+01 -7.557496e+00
    endloop
  endfacet
  facet normal -0.000000e+00 1.000000e+00 0.000000e+00
    outer loop
      vertex   6.548607e+00 1.000000e+01 -7.557496e+00
      vertex   8.039196e+00 1.000000e+01 -7.508085e+00
      vertex   6.941967e+00 1.000000e+01 -8.532824e+00
    endloop
  endfacet
  facet normal 0.000000e+00 1.000000e+00 0.000000e+00
    outer loop
      vertex   6.548607e+00 1.000000e+01 -7.557496e+00
      vertex   6.941967e+00 1.000000e+01 -8.532824e+00
      vertex   5.406408e+00 1.000000e+01 -8.412535e+00
    endloop
  endfacet
  facet normal 0.000000e+00 1.000000e+00 0.000000e+00
    outer loop
      vertex   5.406408e+00 1.000000e+01 -8.412535e+00
      vertex   6.941967e+00 1.000000e+01 -8.532824e+00
      vertex   4.154150e+00 1.000000e+01 -9.096320e+00
    endloop
  endfacet
  facet normal -0.000000e+00 1.000000e+00 0.000000e+00
    outer loop
      vertex   4.154150e+00 1.000000e+01 -9.096320e+00
      vertex   6.941967e+00 1.000000e+01 -8.532824e+00
      vertex   5.715423e+00 1.000000e+01 -9.398613e+00
    endloop
  endfacet
  facet normal 0.000000e+00 1.000000e+00 0.000000e+00
    outer loop
      vertex   4.154150e+00 1.000000e+01 -9.096320e+00
      vertex   5.715423e+00 1.000000e+01 -9.398613e+00
      vertex   2.817326e+00 1.000000e+01 -9.594930e+00
    endloop
  endfacet
  facet normal -0.000000e+00 1.000000e+00 0.000000e+00
    outer loop
      vertex   2.817326e+00 1.000000e+01 -9.594930e+00
      vertex   5.715423e+00 1.000000e+01 -9.398613e+00
      vertex   4.382412e+00 1.000000e+01 -1.008932e+01
    endloop
  endfacet
  facet normal 0.000000e+00 1.000000e+00 0.000000e+00
    outer loop
      vertex   2.817326e+00 1.000000e+01 -9.594930e+00
      vertex   4.382412e+00 1.000000e+01 -1.008932e+01
      vertex   1.423148e+00 1.000000e+01 -9.898215e+00
    endloop
  endfacet
  facet normal 0.000000e+00 1.000000e+00 0.000000e+00
    outer loop
      vertex   1.423148e+00 1.000000e+01 -9.898215e+00
      vertex   4.382412e+00 1.000000e+01 -1.008932e+01
      vertex   2.967764e+00 1.000000e+01 -1.059209e+01
    endloop
  endfacet
  facet normal 0.000000e+00 1.000000e+00 0.000000e+00
    outer loop
      vertex   1.423148e+00 1.000000e+01 -9.898215e+00
      vertex   2.967764e+00 1.000000e+01 -1.059209e+01
      vertex   -6.123234e-16 1.000000e+01 -1.000000e+01
    endloop
  endfacet
  facet normal 0.000000e+00 1.000000e+00 0.000000e+00
    outer loop
      vertex   -6.123234e-16 1.000000e+01 -1.000000e+01
      vertex   2.967764e+00 1.000000e+01 -1.059209e+01
      vertex   1.497833e+00 1.000000e+01 -1.089755e+01
    endloop
  endfacet
  facet normal 0.000000e+00 1.000000e+00 0.000000e+00
    outer loop
      vertex   -6.123234e-16 1.000000e+01 -1.000000e+01
      vertex   1.497833e+00 1.000000e+01 -1.089755e+01
      vertex   6.735557e-16 1.000000e+01 -1.100000e+01
    endloop
  endfacet
  facet normal 0.000000e+00 1.000000e+00 0.000000e+00
    outer loop
      vertex   -5.406408e+00 1.000000e+01 8.412535e+00
      vertex   -6.548607e+00 1.000000e+01 7.557496e+00
      vertex   -1.400000e+02 1.000000e+01 1.100000e+01
    endloop
  endfacet
  facet normal 0.000000e+00 1.000000e+00 0.000000e+00
    outer loop
      vertex   -1.400000e+02 1.000000e+01 1.100000e+01
      vertex   -6.548607e+00 1.000000e+01 7.557496e+00
      vertex   -7.557496e+00 1.000000e+01 6.548607e+00
    endloop
  endfacet
  facet normal 0.000000e+00 1.000000e+00 0.000000e+00
    outer loop
      vertex   -1.400000e+02 1.000000e+01 1.100000e+01
      vertex   -7.557496e+00 1.000000e+01 6.548607e+00
      vertex   -8.412535e+00 1.000000e+01 5.406408e+00
    endloop
  endfacet
  facet normal 0.000000e+00 1.000000e+00 0.000000e+00
    outer loop
      vertex   -8.412535e+00 1.000000e+01 5.406408e+00
      vertex   -9.096320e+00 1.000000e+01 4.154150e+00
      vertex   -1.400000e+02 1.000000e+01 1.100000e+01
    endloop
  endfacet
  facet normal 0.000000e+00 1.000000e+00 0.000000e+00
    outer loop
      vertex   -1.400000e+02 1.000000e+01 1.100000e+01
      vertex   -9.096320e+00 1.000000e+01 4.154150e+00
      vertex   -9.594930e+00 1.000000e+01 2.817326e+00
    endloop
  endfacet
  facet normal 0.000000e+00 1.000000e+00 0.000000e+00
    outer loop
      vertex   -1.400000e+02 1.000000e+01 1.100000e+01
      vertex   -9.594930e+00 1.000000e+01 2.817326e+00
      vertex   -9.898215e+00 1.000000e+01 1.423148e+00
    endloop
  endfacet
  facet normal 0.000000e+00 1.000000e+00 0.000000e+00
    outer loop
      vertex   -9.898215e+00 1.000000e+01 1.423148e+00
      vertex   -1.000000e+01 1.000000e+01 0.000000e+00
      vertex   -1.400000e+02 1.000000e+01 1.100000e+01
    endloop
  endfacet
  facet normal 0.000000e+00 1.000000e+00 0.000000e+00
    outer loop
      vertex   -9.594930e+00 1.000000e+01 -2.817326e+00
      vertex   -9.096320e+00 1.000000e+01 -4.154150e+00
      vertex   -1.400000e+02 1.000000e+01 -1.100000e+01
    endloop
  endfacet
  facet normal 0.000000e+00 1.000000e+00 0.000000e+00
    outer loop
      vertex   -1.400000e+02 1.000000e+01 -1.100000e+01
      vertex   -9.096320e+00 1.000000e+01 -4.154150e+00
      vertex   -8.412535e+00 1.000000e+01 -5.406408e+00
    endloop
  endfacet
  facet normal 0.000000e+00 1.000000e+00 0.000000e+00
    outer loop
      vertex   -1.400000e+02 1.000000e+01 -1.100000e+01
      vertex   -8.412535e+00 1.000000e+01 -5.406408e+00
      vertex   -7.557496e+00 1.000000e+01 -6.548607e+00
    endloop
  endfacet
  facet normal 0.000000e+00 1.000000e+00 0.000000e+00
    outer loop
      vertex   -7.557496e+00 1.000000e+01 -6.548607e+00
      vertex   -6.548607e+00 1.000000e+01 -7.557496e+00
      vertex   -1.400000e+02 1.000000e+01 -1.100000e+01
    endloop
  endfacet
  facet normal 0.000000e+00 1.000000e+00 0.000000e+00
    outer loop
      vertex   -1.400000e+02 1.000000e+01 -1.100000e+01
      vertex   -6.548607e+00 1.000000e+01 -7.557496e+00
      vertex   -5.406408e+00 1.000000e+01 -8.412535e+00
    endloop
  endfacet
  facet normal 0.000000e+00 1.000000e+00 0.000000e+00
    outer loop
      vertex   -1.400000e+02 1.000000e+01 -1.100000e+01
      vertex   -5.406408e+00 1.000000e+01 -8.412535e+00
      vertex   -4.154150e+00 1.000000e+01 -9.096320e+00
    endloop
  endfacet
  facet normal 0.000000e+00 1.000000e+00 0.000000e+00
    outer loop
      vertex   -4.154150e+00 1.000000e+01 -9.096320e+00
      vertex   -2.817326e+00 1.000000e+01 -9.594930e+00
      vertex   -1.400000e+02 1.000000e+01 -1.100000e+01
    endloop
  endfacet
  facet normal -9.914449e-01 1.610146e-17 1.305262e-01
    outer loop
      vertex   2.414815e+00 9.000000e+00 -6.470476e-01
      vertex   2.414815e+00 0.000000e+00 -6.470476e-01
      vertex   2.500000e+00 9.000000e+00 3.061617e-16
    endloop
  endfacet
  facet normal -9.914449e-01 -8.880471e-18 1.305262e-01
    outer loop
      vertex   2.500000e+00 9.000000e+00 3.061617e-16
      vertex   2.414815e+00 0.000000e+00 -6.470476e-01
      vertex   2.500000e+00 0.000000e+00 -3.061617e-16
    endloop
  endfacet
  facet normal -9.914449e-01 8.880471e-18 -1.305262e-01
    outer loop
      vertex   2.500000e+00 9.000000e+00 3.061617e-16
      vertex   2.500000e+00 0.000000e+00 -3.061617e-16
      vertex   2.414815e+00 9.000000e+00 6.470476e-01
    endloop
  endfacet
  facet normal -9.914449e-01 -1.610146e-17 -1.305262e-01
    outer loop
      vertex   2.414815e+00 9.000000e+00 6.470476e-01
      vertex   2.500000e+00 0.000000e+00 -3.061617e-16
      vertex   2.414815e+00 0.000000e+00 6.470476e-01
    endloop
  endfacet
  facet normal -9.238795e-01 -4.720711e-17 -3.826834e-01
    outer loop
      vertex   2.414815e+00 9.000000e+00 6.470476e-01
      vertex   2.414815e+00 0.000000e+00 6.470476e-01
      vertex   2.165064e+00 9.000000e+00 1.250000e+00
    endloop
  endfacet
  facet normal -9.238795e-01 -1.619892e-18 -3.826834e-01
    outer loop
      vertex   2.165064e+00 9.000000e+00 1.250000e+00
      vertex   2.414815e+00 0.000000e+00 6.470476e-01
      vertex   2.165064e+00 0.000000e+00 1.250000e+00
    endloop
  endfacet
  facet normal -7.933533e-01 -3.594903e-17 -6.087614e-01
    outer loop
      vertex   2.165064e+00 9.000000e+00 1.250000e+00
      vertex   2.165064e+00 0.000000e+00 1.250000e+00
      vertex   1.767767e+00 9.000000e+00 1.767767e+00
    endloop
  endfacet
  facet normal -7.933533e-01 -0.000000e+00 -6.087614e-01
    outer loop
      vertex   1.767767e+00 9.000000e+00 1.767767e+00
      vertex   2.165064e+00 0.000000e+00 1.250000e+00
      vertex   1.767767e+00 0.000000e+00 1.767767e+00
    endloop
  endfacet
  facet normal -6.087614e-01 -0.000000e+00 -7.933533e-01
    outer loop
      vertex   1.767767e+00 9.000000e+00 1.767767e+00
      vertex   1.767767e+00 0.000000e+00 1.767767e+00
      vertex   1.250000e+00 9.000000e+00 2.165064e+00
    endloop
  endfacet
  facet normal -6.087614e-01 2.713173e-18 -7.933533e-01
    outer loop
      vertex   1.250000e+00 9.000000e+00 2.165064e+00
      vertex   1.767767e+00 0.000000e+00 1.767767e+00
      vertex   1.250000e+00 0.000000e+00 2.165064e+00
    endloop
  endfacet
  facet normal -3.826834e-01 -6.123027e-17 -9.238795e-01
    outer loop
      vertex   1.250000e+00 9.000000e+00 2.165064e+00
      vertex   1.250000e+00 0.000000e+00 2.165064e+00
      vertex   6.470476e-01 9.000000e+00 2.414815e+00
    endloop
  endfacet
  facet normal -3.826834e-01 1.619892e-18 -9.238795e-01
    outer loop
      vertex   6.470476e-01 9.000000e+00 2.414815e+00
      vertex   1.250000e+00 0.000000e+00 2.165064e+00
      vertex   6.470476e-01 0.000000e+00 2.414815e+00
    endloop
  endfacet
  facet normal -1.305262e-01 -3.281964e-17 -9.914449e-01
    outer loop
      vertex   6.470476e-01 9.000000e+00 2.414815e+00
      vertex   6.470476e-01 0.000000e+00 2.414815e+00
      vertex   -1.530808e-16 9.000000e+00 2.500000e+00
    endloop
  endfacet
  facet normal -1.305262e-01 -0.000000e+00 -9.914449e-01
    outer loop
      vertex   -1.530808e-16 9.000000e+00 2.500000e+00
      vertex   6.470476e-01 0.000000e+00 2.414815e+00
      vertex   -1.530808e-16 0.000000e+00 2.500000e+00
    endloop
  endfacet
  facet normal 1.305262e-01 0.000000e+00 -9.914449e-01
    outer loop
      vertex   -1.530808e-16 9.000000e+00 2.500000e+00
      vertex   -1.530808e-16 0.000000e+00 2.500000e+00
      vertex   -6.470476e-01 9.000000e+00 2.414815e+00
    endloop
  endfacet
  facet normal 1.305262e-01 2.476891e-17 -9.914449e-01
    outer loop
      vertex   -6.470476e-01 9.000000e+00 2.414815e+00
      vertex   -1.530808e-16 0.000000e+00 2.500000e+00
      vertex   -6.470476e-01 0.000000e+00 2.414815e+00
    endloop
  endfacet
  facet normal 3.826834e-01 -2.522345e-17 -9.238795e-01
    outer loop
      vertex   -6.470476e-01 9.000000e+00 2.414815e+00
      vertex   -6.470476e-01 0.000000e+00 2.414815e+00
      vertex   -1.250000e+00 9.000000e+00 2.165064e+00
    endloop
  endfacet
  facet normal 3.826834e-01 -1.619892e-18 -9.238795e-01
    outer loop
      vertex   -1.250000e+00 9.000000e+00 2.165064e+00
      vertex   -6.470476e-01 0.000000e+00 2.414815e+00
      vertex   -1.250000e+00 0.000000e+00 2.165064e+00
    endloop
  endfacet
  facet normal 6.087614e-01 -3.594903e-17 -7.933533e-01
    outer loop
      vertex   -1.250000e+00 9.000000e+00 2.165064e+00
      vertex   -1.250000e+00 0.000000e+00 2.165064e+00
      vertex   -1.767767e+00 9.000000e+00 1.767767e+00
    endloop
  endfacet
  facet normal 6.087614e-01 1.366255e-17 -7.933533e-01
    outer loop
      vertex   -1.767767e+00 9.000000e+00 1.767767e+00
      vertex   -1.250000e+00 0.000000e+00 2.165064e+00
      vertex   -1.767767e+00 0.000000e+00 1.767767e+00
    endloop
  endfacet
  facet normal 7.933533e-01 -1.366255e-17 -6.087614e-01
    outer loop
      vertex   -1.767767e+00 9.000000e+00 1.767767e+00
      vertex   -1.767767e+00 0.000000e+00 1.767767e+00
      vertex   -2.165064e+00 9.000000e+00 1.250000e+00
    endloop
  endfacet
  facet normal 7.933533e-01 2.092990e-17 -6.087614e-01
    outer loop
      vertex   -2.165064e+00 9.000000e+00 1.250000e+00
      vertex   -1.767767e+00 0.000000e+00 1.767767e+00
      vertex   -2.165064e+00 0.000000e+00 1.250000e+00
    endloop
  endfacet
  facet normal 9.238795e-01 -7.821529e-18 -3.826834e-01
    outer loop
      vertex   -2.165064e+00 9.000000e+00 1.250000e+00
      vertex   -2.165064e+00 0.000000e+00 1.250000e+00
      vertex   -2.414815e+00 9.000000e+00 6.470476e-01
    endloop
  endfacet
  facet normal 9.238795e-01 1.619892e-18 -3.826834e-01
    outer loop
      vertex   -2.414815e+00 9.000000e+00 6.470476e-01
      vertex   -2.165064e+00 0.000000e+00 1.250000e+00
      vertex   -2.414815e+00 0.000000e+00 6.470476e-01
    endloop
  endfacet
  facet normal 9.914449e-01 -3.281964e-17 -1.305262e-01
    outer loop
      vertex   -2.414815e+00 9.000000e+00 6.470476e-01
      vertex   -2.414815e+00 0.000000e+00 6.470476e-01
      vertex   -2.500000e+00 9.000000e+00 0.000000e+00
    endloop
  endfacet
  facet normal 9.914449e-01 0.000000e+00 -1.305262e-01
    outer loop
      vertex   -2.500000e+00 9.000000e+00 0.000000e+00
      vertex   -2.414815e+00 0.000000e+00 6.470476e-01
      vertex   -2.500000e+00 0.000000e+00 0.000000e+00
    endloop
  endfacet
  facet normal 9.914449e-01 0.000000e+00 1.305262e-01
    outer loop
      vertex   -2.500000e+00 9.000000e+00 0.000000e+00
      vertex   -2.500000e+00 0.000000e+00 0.000000e+00
      vertex   -2.414815e+00 9.000000e+00 -6.470476e-01
    endloop
  endfacet
  facet normal 9.914449e-01 3.281964e-17 1.305262e-01
    outer loop
      vertex   -2.414815e+00 9.000000e+00 -6.470476e-01
      vertex   -2.500000e+00 0.000000e+00 0.000000e+00
      vertex   -2.414815e+00 0.000000e+00 -6.470476e-01
    endloop
  endfacet
  facet normal 9.238795e-01 -1.619892e-18 3.826834e-01
    outer loop
      vertex   -2.414815e+00 9.000000e+00 -6.470476e-01
      vertex   -2.414815e+00 0.000000e+00 -6.470476e-01
      vertex   -2.165064e+00 9.000000e+00 -1.250000e+00
    endloop
  endfacet
  facet normal 9.238795e-01 7.821529e-18 3.826834e-01
    outer loop
      vertex   -2.165064e+00 9.000000e+00 -1.250000e+00
      vertex   -2.414815e+00 0.000000e+00 -6.470476e-01
      vertex   -2.165064e+00 0.000000e+00 -1.250000e+00
    endloop
  endfacet
  facet normal 7.933533e-01 -2.092990e-17 6.087614e-01
    outer loop
      vertex   -2.165064e+00 9.000000e+00 -1.250000e+00
      vertex   -2.165064e+00 0.000000e+00 -1.250000e+00
      vertex   -1.767767e+00 9.000000e+00 -1.767767e+00
    endloop
  endfacet
  facet normal 7.933533e-01 1.366255e-17 6.087614e-01
    outer loop
      vertex   -1.767767e+00 9.000000e+00 -1.767767e+00
      vertex   -2.165064e+00 0.000000e+00 -1.250000e+00
      vertex   -1.767767e+00 0.000000e+00 -1.767767e+00
    endloop
  endfacet
  facet normal 6.087614e-01 -1.366255e-17 7.933533e-01
    outer loop
      vertex   -1.767767e+00 9.000000e+00 -1.767767e+00
      vertex   -1.767767e+00 0.000000e+00 -1.767767e+00
      vertex   -1.250000e+00 9.000000e+00 -2.165064e+00
    endloop
  endfacet
  facet normal 6.087614e-01 3.594903e-17 7.933533e-01
    outer loop
      vertex   -1.250000e+00 9.000000e+00 -2.165064e+00
      vertex   -1.767767e+00 0.000000e+00 -1.767767e+00
      vertex   -1.250000e+00 0.000000e+00 -2.165064e+00
    endloop
  endfacet
  facet normal 3.826834e-01 1.619892e-18 9.238795e-01
    outer loop
      vertex   -1.250000e+00 9.000000e+00 -2.165064e+00
      vertex   -1.250000e+00 0.000000e+00 -2.165064e+00
      vertex   -6.470476e-01 9.000000e+00 -2.414815e+00
    endloop
  endfacet
  facet normal 3.826834e-01 2.522345e-17 9.238795e-01
    outer loop
      vertex   -6.470476e-01 9.000000e+00 -2.414815e+00
      vertex   -1.250000e+00 0.000000e+00 -2.165064e+00
      vertex   -6.470476e-01 0.000000e+00 -2.414815e+00
    endloop
  endfacet
  facet normal 1.305262e-01 -2.476891e-17 9.914449e-01
    outer loop
      vertex   -6.470476e-01 9.000000e+00 -2.414815e+00
      vertex   -6.470476e-01 0.000000e+00 -2.414815e+00
      vertex   -1.530808e-16 9.000000e+00 -2.500000e+00
    endloop
  endfacet
  facet normal 1.305262e-01 0.000000e+00 9.914449e-01
    outer loop
      vertex   -1.530808e-16 9.000000e+00 -2.500000e+00
      vertex   -6.470476e-01 0.000000e+00 -2.414815e+00
      vertex   -1.530808e-16 0.000000e+00 -2.500000e+00
    endloop
  endfacet
  facet normal -1.305262e-01 0.000000e+00 9.914449e-01
    outer loop
      vertex   -1.530808e-16 9.000000e+00 -2.500000e+00
      vertex   -1.530808e-16 0.000000e+00 -2.500000e+00
      vertex   6.470476e-01 9.000000e+00 -2.414815e+00
    endloop
  endfacet
  facet normal -1.305262e-01 3.281964e-17 9.914449e-01
    outer loop
      vertex   6.470476e-01 9.000000e+00 -2.414815e+00
      vertex   -1.530808e-16 0.000000e+00 -2.500000e+00
      vertex   6.470476e-01 0.000000e+00 -2.414815e+00
    endloop
  endfacet
  facet normal -3.826834e-01 -1.619892e-18 9.238795e-01
    outer loop
      vertex   6.470476e-01 9.000000e+00 -2.414815e+00
      vertex   6.470476e-01 0.000000e+00 -2.414815e+00
      vertex   1.250000e+00 9.000000e+00 -2.165064e+00
    endloop
  endfacet
  facet normal -3.826834e-01 6.123027e-17 9.238795e-01
    outer loop
      vertex   1.250000e+00 9.000000e+00 -2.165064e+00
      vertex   6.470476e-01 0.000000e+00 -2.414815e+00
      vertex   1.250000e+00 0.000000e+00 -2.165064e+00
    endloop
  endfacet
  facet normal -6.087614e-01 -2.713173e-18 7.933533e-01
    outer loop
      vertex   1.250000e+00 9.000000e+00 -2.165064e+00
      vertex   1.250000e+00 0.000000e+00 -2.165064e+00
      vertex   1.767767e+00 9.000000e+00 -1.767767e+00
    endloop
  endfacet
  facet normal -6.087614e-01 0.000000e+00 7.933533e-01
    outer loop
      vertex   1.767767e+00 9.000000e+00 -1.767767e+00
      vertex   1.250000e+00 0.000000e+00 -2.165064e+00
      vertex   1.767767e+00 0.000000e+00 -1.767767e+00
    endloop
  endfacet
  facet normal -7.933533e-01 0.000000e+00 6.087614e-01
    outer loop
      vertex   1.767767e+00 9.000000e+00 -1.767767e+00
      vertex   1.767767e+00 0.000000e+00 -1.767767e+00
      vertex   2.165064e+00 9.000000e+00 -1.250000e+00
    endloop
  endfacet
  facet normal -7.933533e-01 3.594903e-17 6.087614e-01
    outer loop
      vertex   2.165064e+00 9.000000e+00 -1.250000e+00
      vertex   1.767767e+00 0.000000e+00 -1.767767e+00
      vertex   2.165064e+00 0.000000e+00 -1.250000e+00
    endloop
  endfacet
  facet normal -9.238795e-01 1.619892e-18 3.826834e-01
    outer loop
      vertex   2.165064e+00 9.000000e+00 -1.250000e+00
      vertex   2.165064e+00 0.000000e+00 -1.250000e+00
      vertex   2.414815e+00 9.000000e+00 -6.470476e-01
    endloop
  endfacet
  facet normal -9.238795e-01 4.720711e-17 3.826834e-01
    outer loop
      vertex   2.414815e+00 9.000000e+00 -6.470476e-01
      vertex   2.165064e+00 0.000000e+00 -1.250000e+00
      vertex   2.414815e+00 0.000000e+00 -6.470476e-01
    endloop
  endfacet
  facet normal -9.974521e-01 0.000000e+00 -7.133918e-02
    outer loop
      vertex   9.898215e+00 9.000000e+00 1.423148e+00
      vertex   9.898215e+00 1.000000e+01 1.423148e+00
      vertex   1.000000e+01 9.000000e+00 -1.224647e-15
    endloop
  endfacet
  facet normal -9.974521e-01 0.000000e+00 -7.133918e-02
    outer loop
      vertex   1.000000e+01 9.000000e+00 -1.224647e-15
      vertex   9.898215e+00 1.000000e+01 1.423148e+00
      vertex   1.000000e+01 1.000000e+01 -1.224647e-15
    endloop
  endfacet
  facet normal -9.974521e-01 0.000000e+00 7.133918e-02
    outer loop
      vertex   1.000000e+01 9.000000e+00 -1.224647e-15
      vertex   1.000000e+01 1.000000e+01 -1.224647e-15
      vertex   9.898215e+00 9.000000e+00 -1.423148e+00
    endloop
  endfacet
  facet normal -9.974521e-01 0.000000e+00 7.133918e-02
    outer loop
      vertex   9.898215e+00 9.000000e+00 -1.423148e+00
      vertex   1.000000e+01 1.000000e+01 -1.224647e-15
      vertex   9.898215e+00 1.000000e+01 -1.423148e+00
    endloop
  endfacet
  facet normal -9.771469e-01 0.000000e+00 2.125653e-01
    outer loop
      vertex   9.898215e+00 9.000000e+00 -1.423148e+00
      vertex   9.898215e+00 1.000000e+01 -1.423148e+00
      vertex   9.594930e+00 9.000000e+00 -2.817326e+00
    endloop
  endfacet
  facet normal -9.771469e-01 0.000000e+00 2.125653e-01
    outer loop
      vertex   9.594930e+00 9.000000e+00 -2.817326e+00
      vertex   9.898215e+00 1.000000e+01 -1.423148e+00
      vertex   9.594930e+00 1.000000e+01 -2.817326e+00
    endloop
  endfacet
  facet normal -9.369497e-01 0.000000e+00 3.494642e-01
    outer loop
      vertex   9.594930e+00 9.000000e+00 -2.817326e+00
      vertex   9.594930e+00 1.000000e+01 -2.817326e+00
      vertex   9.096320e+00 9.000000e+00 -4.154150e+00
    endloop
  endfacet
  facet normal -9.369497e-01 0.000000e+00 3.494642e-01
    outer loop
      vertex   9.096320e+00 9.000000e+00 -4.154150e+00
      vertex   9.594930e+00 1.000000e+01 -2.817326e+00
      vertex   9.096320e+00 1.000000e+01 -4.154150e+00
    endloop
  endfacet
  facet normal -8.776790e-01 0.000000e+00 4.792490e-01
    outer loop
      vertex   9.096320e+00 9.000000e+00 -4.154150e+00
      vertex   9.096320e+00 1.000000e+01 -4.154150e+00
      vertex   8.412535e+00 9.000000e+00 -5.406408e+00
    endloop
  endfacet
  facet normal -8.776790e-01 0.000000e+00 4.792490e-01
    outer loop
      vertex   8.412535e+00 9.000000e+00 -5.406408e+00
      vertex   9.096320e+00 1.000000e+01 -4.154150e+00
      vertex   8.412535e+00 1.000000e+01 -5.406408e+00
    endloop
  endfacet
  facet normal -8.005412e-01 0.000000e+00 5.992777e-01
    outer loop
      vertex   8.412535e+00 9.000000e+00 -5.406408e+00
      vertex   8.412535e+00 1.000000e+01 -5.406408e+00
      vertex   7.557496e+00 9.000000e+00 -6.548607e+00
    endloop
  endfacet
  facet normal -8.005412e-01 0.000000e+00 5.992777e-01
    outer loop
      vertex   7.557496e+00 9.000000e+00 -6.548607e+00
      vertex   8.412535e+00 1.000000e+01 -5.406408e+00
      vertex   7.557496e+00 1.000000e+01 -6.548607e+00
    endloop
  endfacet
  facet normal -7.071068e-01 0.000000e+00 7.071068e-01
    outer loop
      vertex   7.557496e+00 9.000000e+00 -6.548607e+00
      vertex   7.557496e+00 1.000000e+01 -6.548607e+00
      vertex   6.548607e+00 9.000000e+00 -7.557496e+00
    endloop
  endfacet
  facet normal -7.071068e-01 0.000000e+00 7.071068e-01
    outer loop
      vertex   6.548607e+00 9.000000e+00 -7.557496e+00
      vertex   7.557496e+00 1.000000e+01 -6.548607e+00
      vertex   6.548607e+00 1.000000e+01 -7.557496e+00
    endloop
  endfacet
  facet normal -5.992777e-01 0.000000e+00 8.005412e-01
    outer loop
      vertex   6.548607e+00 9.000000e+00 -7.557496e+00
      vertex   6.548607e+00 1.000000e+01 -7.557496e+00
      vertex   5.406408e+00 9.000000e+00 -8.412535e+00
    endloop
  endfacet
  facet normal -5.992777e-01 0.000000e+00 8.005412e-01
    outer loop
      vertex   5.406408e+00 9.000000e+00 -8.412535e+00
      vertex   6.548607e+00 1.000000e+01 -7.557496e+00
      vertex   5.406408e+00 1.000000e+01 -8.412535e+00
    endloop
  endfacet
  facet normal -4.792490e-01 0.000000e+00 8.776790e-01
    outer loop
      vertex   5.406408e+00 9.000000e+00 -8.412535e+00
      vertex   5.406408e+00 1.000000e+01 -8.412535e+00
      vertex   4.154150e+00 9.000000e+00 -9.096320e+00
    endloop
  endfacet
  facet normal -4.792490e-01 0.000000e+00 8.776790e-01
    outer loop
      vertex   4.154150e+00 9.000000e+00 -9.096320e+00
      vertex   5.406408e+00 1.000000e+01 -8.412535e+00
      vertex   4.154150e+00 1.000000e+01 -9.096320e+00
    endloop
  endfacet
  facet normal -3.494642e-01 0.000000e+00 9.369497e-01
    outer loop
      vertex   4.154150e+00 9.000000e+00 -9.096320e+00
      vertex   4.154150e+00 1.000000e+01 -9.096320e+00
      vertex   2.817326e+00 9.000000e+00 -9.594930e+00
    endloop
  endfacet
  facet normal -3.494642e-01 0.000000e+00 9.369497e-01
    outer loop
      vertex   2.817326e+00 9.000000e+00 -9.594930e+00
      vertex   4.154150e+00 1.000000e+01 -9.096320e+00
      vertex   2.817326e+00 1.000000e+01 -9.594930e+00
    endloop
  endfacet
  facet normal -2.125653e-01 0.000000e+00 9.771469e-01
    outer loop
      vertex   2.817326e+00 9.000000e+00 -9.594930e+00
      vertex   2.817326e+00 1.000000e+01 -9.594930e+00
      vertex   1.423148e+00 9.000000e+00 -9.898215e+00
    endloop
  endfacet
  facet normal -2.125653e-01 0.000000e+00 9.771469e-01
    outer loop
      vertex   1.423148e+00 9.000000e+00 -9.898215e+00
      vertex   2.817326e+00 1.000000e+01 -9.594930e+00
      vertex   1.423148e+00 1.000000e+01 -9.898215e+00
    endloop
  endfacet
  facet normal -7.133918e-02 0.000000e+00 9.974521e-01
    outer loop
      vertex   1.423148e+00 9.000000e+00 -9.898215e+00
      vertex   1.423148e+00 1.000000e+01 -9.898215e+00
      vertex   -6.123234e-16 9.000000e+00 -1.000000e+01
    endloop
  endfacet
  facet normal -7.133918e-02 0.000000e+00 9.974521e-01
    outer loop
      vertex   -6.123234e-16 9.000000e+00 -1.000000e+01
      vertex   1.423148e+00 1.000000e+01 -9.898215e+00
      vertex   -6.123234e-16 1.000000e+01 -1.000000e+01
    endloop
  endfacet
  facet normal 7.133918e-02 -0.000000e+00 9.974521e-01
    outer loop
      vertex   -6.123234e-16 9.000000e+00 -1.000000e+01
      vertex   -6.123234e-16 1.000000e+01 -1.000000e+01
      vertex   -1.423148e+00 9.000000e+00 -9.898215e+00
    endloop
  endfacet
  facet normal 7.133918e-02 -0.000000e+00 9.974521e-01
    outer loop
      vertex   -1.423148e+00 9.000000e+00 -9.898215e+00
      vertex   -6.123234e-16 1.000000e+01 -1.000000e+01
      vertex   -1.423148e+00 1.000000e+01 -9.898215e+00
    endloop
  endfacet
  facet normal 2.125653e-01 -0.000000e+00 9.771469e-01
    outer loop
      vertex   -1.423148e+00 9.000000e+00 -9.898215e+00
      vertex   -1.423148e+00 1.000000e+01 -9.898215e+00
      vertex   -2.817326e+00 9.000000e+00 -9.594930e+00
    endloop
  endfacet
  facet normal 2.125653e-01 -0.000000e+00 9.771469e-01
    outer loop
      vertex   -2.817326e+00 9.000000e+00 -9.594930e+00
      vertex   -1.423148e+00 1.000000e+01 -9.898215e+00
      vertex   -2.817326e+00 1.000000e+01 -9.594930e+00
    endloop
  endfacet
  facet normal 3.494642e-01 -0.000000e+00 9.369497e-01
    outer loop
      vertex   -2.817326e+00 9.000000e+00 -9.594930e+00
      vertex   -2.817326e+00 1.000000e+01 -9.594930e+00
      vertex   -4.154150e+00 9.000000e+00 -9.096320e+00
    endloop
  endfacet
  facet normal 3.494642e-01 -0.000000e+00 9.369497e-01
    outer loop
      vertex   -4.154150e+00 9.000000e+00 -9.096320e+00
      vertex   -2.817326e+00 1.000000e+01 -9.594930e+00
      vertex   -4.154150e+00 1.000000e+01 -9.096320e+00
    endloop
  endfacet
  facet normal 4.792490e-01 -0.000000e+00 8.776790e-01
    outer loop
      vertex   -4.154150e+00 9.000000e+00 -9.096320e+00
      vertex   -4.154150e+00 1.000000e+01 -9.096320e+00
      vertex   -5.406408e+00 9.000000e+00 -8.412535e+00
    endloop
  endfacet
  facet normal 4.792490e-01 -0.000000e+00 8.776790e-01
    outer loop
      vertex   -5.406408e+00 9.000000e+00 -8.412535e+00
      vertex   -4.154150e+00 1.000000e+01 -9.096320e+00
      vertex   -5.406408e+00 1.000000e+01 -8.412535e+00
    endloop
  endfacet
  facet normal 5.992777e-01 -0.000000e+00 8.005412e-01
    outer loop
      vertex   -5.406408e+00 9.000000e+00 -8.412535e+00
      vertex   -5.406408e+00 1.000000e+01 -8.412535e+00
      vertex   -6.548607e+00 9.000000e+00 -7.557496e+00
    endloop
  endfacet
  facet normal 5.992777e-01 -0.000000e+00 8.005412e-01
    outer loop
      vertex   -6.548607e+00 9.000000e+00 -7.557496e+00
      vertex   -5.406408e+00 1.000000e+01 -8.412535e+00
      vertex   -6.548607e+00 1.000000e+01 -7.557496e+00
    endloop
  endfacet
  facet normal 7.071068e-01 -0.000000e+00 7.071068e-01
    outer loop
      vertex   -6.548607e+00 9.000000e+00 -7.557496e+00
      vertex   -6.548607e+00 1.000000e+01 -7.557496e+00
      vertex   -7.557496e+00 9.000000e+00 -6.548607e+00
    endloop
  endfacet
  facet normal 7.071068e-01 -0.000000e+00 7.071068e-01
    outer loop
      vertex   -7.557496e+00 9.000000e+00 -6.548607e+00
      vertex   -6.548607e+00 1.000000e+01 -7.557496e+00
      vertex   -7.557496e+00 1.000000e+01 -6.548607e+00
    endloop
  endfacet
  facet normal 8.005412e-01 -0.000000e+00 5.992777e-01
    outer loop
      vertex   -7.557496e+00 9.000000e+00 -6.548607e+00
      vertex   -7.557496e+00 1.000000e+01 -6.548607e+00
      vertex   -8.412535e+00 9.000000e+00 -5.406408e+00
    endloop
  endfacet
  facet normal 8.005412e-01 -0.000000e+00 5.992777e-01
    outer loop
      vertex   -8.412535e+00 9.000000e+00 -5.406408e+00
      vertex   -7.557496e+00 1.000000e+01 -6.548607e+00
      vertex   -8.412535e+00 1.000000e+01 -5.406408e+00
    endloop
  endfacet
  facet normal 8.776790e-01 -0.000000e+00 4.792490e-01
    outer loop
      vertex   -8.412535e+00 9.000000e+00 -5.406408e+00
      vertex   -8.412535e+00 1.000000e+01 -5.406408e+00
      vertex   -9.096320e+00 9.000000e+00 -4.154150e+00
    endloop
  endfacet
  facet normal 8.776790e-01 -0.000000e+00 4.792490e-01
    outer loop
      vertex   -9.096320e+00 9.000000e+00 -4.154150e+00
      vertex   -8.412535e+00 1.000000e+01 -5.406408e+00
      vertex   -9.096320e+00 1.000000e+01 -4.154150e+00
    endloop
  endfacet
  facet normal 9.369497e-01 -0.000000e+00 3.494642e-01
    outer loop
      vertex   -9.096320e+00 9.000000e+00 -4.154150e+00
      vertex   -9.096320e+00 1.000000e+01 -4.154150e+00
      vertex   -9.594930e+00 9.000000e+00 -2.817326e+00
    endloop
  endfacet
  facet normal 9.369497e-01 -0.000000e+00 3.494642e-01
    outer loop
      vertex   -9.594930e+00 9.000000e+00 -2.817326e+00
      vertex   -9.096320e+00 1.000000e+01 -4.154150e+00
      vertex   -9.594930e+00 1.000000e+01 -2.817326e+00
    endloop
  endfacet
  facet normal 9.771469e-01 -0.000000e+00 2.125653e-01
    outer loop
      vertex   -9.594930e+00 9.000000e+00 -2.817326e+00
      vertex   -9.594930e+00 1.000000e+01 -2.817326e+00
      vertex   -9.898215e+00 9.000000e+00 -1.423148e+00
    endloop
  endfacet
  facet normal 9.771469e-01 -0.000000e+00 2.125653e-01
    outer loop
      vertex   -9.898215e+00 9.000000e+00 -1.423148e+00
      vertex   -9.594930e+00 1.000000e+01 -2.817326e+00
      vertex   -9.898215e+00 1.000000e+01 -1.423148e+00
    endloop
  endfacet
  facet normal 9.974521e-01 -0.000000e+00 7.133918e-02
    outer loop
      vertex   -9.898215e+00 9.000000e+00 -1.423148e+00
      vertex   -9.898215e+00 1.000000e+01 -1.423148e+00
      vertex   -1.000000e+01 9.000000e+00 0.000000e+00
    endloop
  endfacet
  facet normal 9.974521e-01 -0.000000e+00 7.133918e-02
    outer loop
      vertex   -1.000000e+01 9.000000e+00 0.000000e+00
      vertex   -9.898215e+00 1.000000e+01 -1.423148e+00
      vertex   -1.000000e+01 1.000000e+01 0.000000e+00
    endloop
  endfacet
  facet normal 9.974521e-01 0.000000e+00 -7.133918e-02
    outer loop
      vertex   -1.000000e+01 9.000000e+00 0.000000e+00
      vertex   -1.000000e+01 1.000000e+01 0.000000e+00
      vertex   -9.898215e+00 9.000000e+00 1.423148e+00
    endloop
  endfacet
  facet normal 9.974521e-01 0.000000e+00 -7.133918e-02
    outer loop
      vertex   -9.898215e+00 9.000000e+00 1.423148e+00
      vertex   -1.000000e+01 1.000000e+01 0.000000e+00
      vertex   -9.898215e+00 1.000000e+01 1.423148e+00
    endloop
  endfacet
  facet normal 9.771469e-01 0.000000e+00 -2.125653e-01
    outer loop
      vertex   -9.898215e+00 9.000000e+00 1.423148e+00
      vertex   -9.898215e+00 1.000000e+01 1.423148e+00
      vertex   -9.594930e+00 9.000000e+00 2.817326e+00
    endloop
  endfacet
  facet normal 9.771469e-01 0.000000e+00 -2.125653e-01
    outer loop
      vertex   -9.594930e+00 9.000000e+00 2.817326e+00
      vertex   -9.898215e+00 1.000000e+01 1.423148e+00
      vertex   -9.594930e+00 1.000000e+01 2.817326e+00
    endloop
  endfacet
  facet normal 9.369497e-01 0.000000e+00 -3.494642e-01
    outer loop
      vertex   -9.594930e+00 9.000000e+00 2.817326e+00
      vertex   -9.594930e+00 1.000000e+01 2.817326e+00
      vertex   -9.096320e+00 9.000000e+00 4.154150e+00
    endloop
  endfacet
  facet normal 9.369497e-01 0.000000e+00 -3.494642e-01
    outer loop
      vertex   -9.096320e+00 9.000000e+00 4.154150e+00
      vertex   -9.594930e+00 1.000000e+01 2.817326e+00
      vertex   -9.096320e+00 1.000000e+01 4.154150e+00
    endloop
  endfacet
  facet normal 8.776790e-01 0.000000e+00 -4.792490e-01
    outer loop
      vertex   -9.096320e+00 9.000000e+00 4.154150e+00
      vertex   -9.096320e+00 1.000000e+01 4.154150e+00
      vertex   -8.412535e+00 9.000000e+00 5.406408e+00
    endloop
  endfacet
  facet normal 8.776790e-01 0.000000e+00 -4.792490e-01
    outer loop
      vertex   -8.412535e+00 9.000000e+00 5.406408e+00
      vertex   -9.096320e+00 1.000000e+01 4.154150e+00
      vertex   -8.412535e+00 1.000000e+01 5.406408e+00
    endloop
  endfacet
  facet normal 8.005412e-01 0.000000e+00 -5.992777e-01
    outer loop
      vertex   -8.412535e+00 9.000000e+00 5.406408e+00
      vertex   -8.412535e+00 1.000000e+01 5.406408e+00
      vertex   -7.557496e+00 9.000000e+00 6.548607e+00
    endloop
  endfacet
  facet normal 8.005412e-01 0.000000e+00 -5.992777e-01
    outer loop
      vertex   -7.557496e+00 9.000000e+00 6.548607e+00
      vertex   -8.412535e+00 1.000000e+01 5.406408e+00
      vertex   -7.557496e+00 1.000000e+01 6.548607e+00
    endloop
  endfacet
  facet normal 7.071068e-01 0.000000e+00 -7.071068e-01
    outer loop
      vertex   -7.557496e+00 9.000000e+00 6.548607e+00
      vertex   -7.557496e+00 1.000000e+01 6.548607e+00
      vertex   -6.548607e+00 9.000000e+00 7.557496e+00
    endloop
  endfacet
  facet normal 7.071068e-01 0.000000e+00 -7.071068e-01
    outer loop
      vertex   -6.548607e+00 9.000000e+00 7.557496e+00
      vertex   -7.557496e+00 1.000000e+01 6.548607e+00
      vertex   -6.548607e+00 1.000000e+01 7.557496e+00
    endloop
  endfacet
  facet normal 5.992777e-01 0.000000e+00 -8.005412e-01
    outer loop
      vertex   -6.548607e+00 9.000000e+00 7.557496e+00
      vertex   -6.548607e+00 1.000000e+01 7.557496e+00
      vertex   -5.406408e+00 9.000000e+00 8.412535e+00
    endloop
  endfacet
  facet normal 5.992777e-01 0.000000e+00 -8.005412e-01
    outer loop
      vertex   -5.406408e+00 9.000000e+00 8.412535e+00
      vertex   -6.548607e+00 1.000000e+01 7.557496e+00
      vertex   -5.406408e+00 1.000000e+01 8.412535e+00
    endloop
  endfacet
  facet normal 4.792490e-01 0.000000e+00 -8.776790e-01
    outer loop
      vertex   -5.406408e+00 9.000000e+00 8.412535e+00
      vertex   -5.406408e+00 1.000000e+01 8.412535e+00
      vertex   -4.154150e+00 9.000000e+00 9.096320e+00
    endloop
  endfacet
  facet normal 4.792490e-01 0.000000e+00 -8.776790e-01
    outer loop
      vertex   -4.154150e+00 9.000000e+00 9.096320e+00
      vertex   -5.406408e+00 1.000000e+01 8.412535e+00
      vertex   -4.154150e+00 1.000000e+01 9.096320e+00
    endloop
  endfacet
  facet normal 3.494642e-01 0.000000e+00 -9.369497e-01
    outer loop
      vertex   -4.154150e+00 9.000000e+00 9.096320e+00
      vertex   -4.154150e+00 1.000000e+01 9.096320e+00
      vertex   -2.817326e+00 9.000000e+00 9.594930e+00
    endloop
  endfacet
  facet normal 3.494642e-01 0.000000e+00 -9.369497e-01
    outer loop
      vertex   -2.817326e+00 9.000000e+00 9.594930e+00
      vertex   -4.154150e+00 1.000000e+01 9.096320e+00
      vertex   -2.817326e+00 1.000000e+01 9.594930e+00
    endloop
  endfacet
  facet normal 2.125653e-01 0.000000e+00 -9.771469e-01
    outer loop
      vertex   -2.817326e+00 9.000000e+00 9.594930e+00
      vertex   -2.817326e+00 1.000000e+01 9.594930e+00
      vertex   -1.423148e+00 9.000000e+00 9.898215e+00
    endloop
  endfacet
  facet normal 2.125653e-01 0.000000e+00 -9.771469e-01
    outer loop
      vertex   -1.423148e+00 9.000000e+00 9.898215e+00
      vertex   -2.817326e+00 1.000000e+01 9.594930e+00
      vertex   -1.423148e+00 1.000000e+01 9.898215e+00
    endloop
  endfacet
  facet normal 7.133918e-02 0.000000e+00 -9.974521e-01
    outer loop
      vertex   -1.423148e+00 9.000000e+00 9.898215e+00
      vertex   -1.423148e+00 1.000000e+01 9.898215e+00
      vertex   -6.123234e-16 9.000000e+00 1.000000e+01
    endloop
  endfacet
  facet normal 7.133918e-02 0.000000e+00 -9.974521e-01
    outer loop
      vertex   -6.123234e-16 9.000000e+00 1.000000e+01
      vertex   -1.423148e+00 1.000000e+01 9.898215e+00
      vertex   -6.123234e-16 1.000000e+01 1.000000e+01
    endloop
  endfacet
  facet normal -7.133918e-02 0.000000e+00 -9.974521e-01
    outer loop
      vertex   -6.123234e-16 9.000000e+00 1.000000e+01
      vertex   -6.123234e-16 1.000000e+01 1.000000e+01
      vertex   1.423148e+00 9.000000e+00 9.898215e+00
    endloop
  endfacet
  facet normal -7.133918e-02 0.000000e+00 -9.974521e-01
    outer loop
      vertex   1.423148e+00 9.000000e+00 9.898215e+00
      vertex   -6.123234e-16 1.000000e+01 1.000000e+01
      vertex   1.423148e+00 1.000000e+01 9.898215e+00
    endloop
  endfacet
  facet normal -2.125653e-01 0.000000e+00 -9.771469e-01
    outer loop
      vertex   1.423148e+00 9.000000e+00 9.898215e+00
      vertex   1.423148e+00 1.000000e+01 9.898215e+00
      vertex   2.817326e+00 9.000000e+00 9.594930e+00
    endloop
  endfacet
  facet normal -2.125653e-01 0.000000e+00 -9.771469e-01
    outer loop
      vertex   2.817326e+00 9.000000e+00 9.594930e+00
      vertex   1.423148e+00 1.000000e+01 9.898215e+00
      vertex   2.817326e+00 1.000000e+01 9.594930e+00
    endloop
  endfacet
  facet normal -3.494642e-01 0.000000e+00 -9.369497e-01
    outer loop
      vertex   2.817326e+00 9.000000e+00 9.594930e+00
      vertex   2.817326e+00 1.000000e+01 9.594930e+00
      vertex   4.154150e+00 9.000000e+00 9.096320e+00
    endloop
  endfacet
  facet normal -3.494642e-01 0.000000e+00 -9.369497e-01
    outer loop
      vertex   4.154150e+00 9.000000e+00 9.096320e+00
      vertex   2.817326e+00 1.000000e+01 9.594930e+00
      vertex   4.154150e+00 1.000000e+01 9.096320e+00
    endloop
  endfacet
  facet normal -4.792490e-01 0.000000e+00 -8.776790e-01
    outer loop
      vertex   4.154150e+00 9.000000e+00 9.096320e+00
      vertex   4.154150e+00 1.000000e+01 9.096320e+00
      vertex   5.406408e+00 9.000000e+00 8.412535e+00
    endloop
  endfacet
  facet normal -4.792490e-01 0.000000e+00 -8.776790e-01
    outer loop
      vertex   5.406408e+00 9.000000e+00 8.412535e+00
      vertex   4.154150e+00 1.000000e+01 9.096320e+00
      vertex   5.406408e+00 1.000000e+01 8.412535e+00
    endloop
  endfacet
  facet normal -5.992777e-01 0.000000e+00 -8.005412e-01
    outer loop
      vertex   5.406408e+00 9.000000e+00 8.412535e+00
      vertex   5.406408e+00 1.000000e+01 8.412535e+00
      vertex   6.548607e+00 9.000000e+00 7.557496e+00
    endloop
  endfacet
  facet normal -5.992777e-01 0.000000e+00 -8.005412e-01
    outer loop
      vertex   6.548607e+00 9.000000e+00 7.557496e+00
      vertex   5.406408e+00 1.000000e+01 8.412535e+00
      vertex   6.548607e+00 1.000000e+01 7.557496e+00
    endloop
  endfacet
  facet normal -7.071068e-01 0.000000e+00 -7.071068e-01
    outer loop
      vertex   6.548607e+00 9.000000e+00 7.557496e+00
      vertex   6.548607e+00 1.000000e+01 7.557496e+00
      vertex   7.557496e+00 9.000000e+00 6.548607e+00
    endloop
  endfacet
  facet normal -7.071068e-01 0.000000e+00 -7.071068e-01
    outer loop
      vertex   7.557496e+00 9.000000e+00 6.548607e+00
      vertex   6.548607e+00 1.000000e+01 7.557496e+00
      vertex   7.557496e+00 1.000000e+01 6.548607e+00
    endloop
  endfacet
  facet normal -8.005412e-01 0.000000e+00 -5.992777e-01
    outer loop
      vertex   7.557496e+00 9.000000e+00 6.548607e+00
      vertex   7.557496e+00 1.000000e+01 6.548607e+00
      vertex   8.412535e+00 9.000000e+00 5.406408e+00
    endloop
  endfacet
  facet normal -8.005412e-01 0.000000e+00 -5.992777e-01
    outer loop
      vertex   8.412535e+00 9.000000e+00 5.406408e+00
      vertex   7.557496e+00 1.000000e+01 6.548607e+00
      vertex   8.412535e+00 1.000000e+01 5.406408e+00
    endloop
  endfacet
  facet normal -8.776790e-01 0.000000e+00 -4.792490e-01
    outer loop
      vertex   8.412535e+00 9.000000e+00 5.406408e+00
      vertex   8.412535e+00 1.000000e+01 5.406408e+00
      vertex   9.096320e+00 9.000000e+00 4.154150e+00
    endloop
  endfacet
  facet normal -8.776790e-01 0.000000e+00 -4.792490e-01
    outer loop
      vertex   9.096320e+00 9.000000e+00 4.154150e+00
      vertex   8.412535e+00 1.000000e+01 5.406408e+00
      vertex   9.096320e+00 1.000000e+01 4.154150e+00
    endloop
  endfacet
  facet normal -9.369497e-01 0.000000e+00 -3.494642e-01
    outer loop
      vertex   9.096320e+00 9.000000e+00 4.154150e+00
      vertex   9.096320e+00 1.000000e+01 4.154150e+00
      vertex   9.594930e+00 9.000000e+00 2.817326e+00
    endloop
  endfacet
  facet normal -9.369497e-01 0.000000e+00 -3.494642e-01
    outer loop
      vertex   9.594930e+00 9.000000e+00 2.817326e+00
      vertex   9.096320e+00 1.000000e+01 4.154150e+00
      vertex   9.594930e+00 1.000000e+01 2.817326e+00
    endloop
  endfacet
  facet normal -9.771469e-01 0.000000e+00 -2.125653e-01
    outer loop
      vertex   9.594930e+00 9.000000e+00 2.817326e+00
      vertex   9.594930e+00 1.000000e+01 2.817326e+00
      vertex   9.898215e+00 9.000000e+00 1.423148e+00
    endloop
  endfacet
  facet normal -9.771469e-01 0.000000e+00 -2.125653e-01
    outer loop
      vertex   9.898215e+00 9.000000e+00 1.423148e+00
      vertex   9.594930e+00 1.000000e+01 2.817326e+00
      vertex   9.898215e+00 1.000000e+01 1.423148e+00
    endloop
  endfacet
  facet normal 0.000000e+00 1.000000e+00 -0.000000e+00
    outer loop
      vertex   9.898215e+00 9.000000e+00 -1.423148e+00
      vertex   8.545481e+00 9.000000e+00 -4.141105e-01
      vertex   1.000000e+01 9.000000e+00 -1.224647e-15
    endloop
  endfacet
  facet normal 0.000000e+00 1.000000e+00 0.000000e+00
    outer loop
      vertex   1.000000e+01 9.000000e+00 -1.224647e-15
      vertex   8.545481e+00 9.000000e+00 -4.141105e-01
      vertex   8.600000e+00 9.000000e+00 -8.572528e-16
    endloop
  endfacet
  facet normal 0.000000e+00 1.000000e+00 0.000000e+00
    outer loop
      vertex   1.000000e+01 9.000000e+00 -1.224647e-15
      vertex   8.600000e+00 9.000000e+00 -8.572528e-16
      vertex   8.545481e+00 9.000000e+00 4.141105e-01
    endloop
  endfacet
  facet normal 0.000000e+00 1.000000e+00 -0.000000e+00
    outer loop
      vertex   9.594930e+00 9.000000e+00 -2.817326e+00
      vertex   8.131371e+00 9.000000e+00 -1.131371e+00
      vertex   9.898215e+00 9.000000e+00 -1.423148e+00
    endloop
  endfacet
  facet normal 0.000000e+00 1.000000e+00 0.000000e+00
    outer loop
      vertex   9.898215e+00 9.000000e+00 -1.423148e+00
      vertex   8.131371e+00 9.000000e+00 -1.131371e+00
      vertex   8.385641e+00 9.000000e+00 -8.000000e-01
    endloop
  endfacet
  facet normal 0.000000e+00 1.000000e+00 0.000000e+00
    outer loop
      vertex   9.898215e+00 9.000000e+00 -1.423148e+00
      vertex   8.385641e+00 9.000000e+00 -8.000000e-01
      vertex   8.545481e+00 9.000000e+00 -4.141105e-01
    endloop
  endfacet
  facet normal 0.000000e+00 1.000000e+00 -0.000000e+00
    outer loop
      vertex   9.096320e+00 9.000000e+00 -4.154150e+00
      vertex   7.414111e+00 9.000000e+00 -1.545481e+00
      vertex   9.594930e+00 9.000000e+00 -2.817326e+00
    endloop
  endfacet
  facet normal 0.000000e+00 1.000000e+00 0.000000e+00
    outer loop
      vertex   9.594930e+00 9.000000e+00 -2.817326e+00
      vertex   7.414111e+00 9.000000e+00 -1.545481e+00
      vertex   7.800000e+00 9.000000e+00 -1.385641e+00
    endloop
  endfacet
  facet normal 0.000000e+00 1.000000e+00 0.000000e+00
    outer loop
      vertex   9.594930e+00 9.000000e+00 -2.817326e+00
      vertex   7.800000e+00 9.000000e+00 -1.385641e+00
      vertex   8.131371e+00 9.000000e+00 -1.131371e+00
    endloop
  endfacet
  facet normal 0.000000e+00 1.000000e+00 0.000000e+00
    outer loop
      vertex   7.414111e+00 9.000000e+00 -1.545481e+00
      vertex   9.096320e+00 9.000000e+00 -4.154150e+00
      vertex   7.000000e+00 9.000000e+00 -1.600000e+00
    endloop
  endfacet
  facet normal 0.000000e+00 1.000000e+00 0.000000e+00
    outer loop
      vertex   7.000000e+00 9.000000e+00 -1.600000e+00
      vertex   9.096320e+00 9.000000e+00 -4.154150e+00
      vertex   8.412535e+00 9.000000e+00 -5.406408e+00
    endloop
  endfacet
  facet normal 0.000000e+00 1.000000e+00 0.000000e+00
    outer loop
      vertex   7.000000e+00 9.000000e+00 -1.600000e+00
      vertex   8.412535e+00 9.000000e+00 -5.406408e+00
      vertex   6.585890e+00 9.000000e+00 -1.545481e+00
    endloop
  endfacet
  facet normal 0.000000e+00 1.000000e+00 0.000000e+00
    outer loop
      vertex   6.585890e+00 9.000000e+00 -1.545481e+00
      vertex   8.412535e+00 9.000000e+00 -5.406408e+00
      vertex   7.557496e+00 9.000000e+00 -6.548607e+00
    endloop
  endfacet
  facet normal 0.000000e+00 1.000000e+00 0.000000e+00
    outer loop
      vertex   6.585890e+00 9.000000e+00 -1.545481e+00
      vertex   7.557496e+00 9.000000e+00 -6.548607e+00
      vertex   6.200000e+00 9.000000e+00 -1.385641e+00
    endloop
  endfacet
  facet normal 0.000000e+00 1.000000e+00 0.000000e+00
    outer loop
      vertex   6.200000e+00 9.000000e+00 -1.385641e+00
      vertex   7.557496e+00 9.000000e+00 -6.548607e+00
      vertex   1.385641e+00 9.000000e+00 -6.200000e+00
    endloop
  endfacet
  facet normal 0.000000e+00 1.000000e+00 0.000000e+00
    outer loop
      vertex   6.200000e+00 9.000000e+00 -1.385641e+00
      vertex   1.385641e+00 9.000000e+00 -6.200000e+00
      vertex   1.767767e+00 9.000000e+00 -1.767767e+00
    endloop
  endfacet
  facet normal 0.000000e+00 1.000000e+00 0.000000e+00
    outer loop
      vertex   1.767767e+00 9.000000e+00 -1.767767e+00
      vertex   1.385641e+00 9.000000e+00 -6.200000e+00
      vertex   1.131371e+00 9.000000e+00 -5.868629e+00
    endloop
  endfacet
  facet normal 0.000000e+00 1.000000e+00 0.000000e+00
    outer loop
      vertex   1.767767e+00 9.000000e+00 -1.767767e+00
      vertex   1.131371e+00 9.000000e+00 -5.868629e+00
      vertex   1.250000e+00 9.000000e+00 -2.165064e+00
    endloop
  endfacet
  facet normal 0.000000e+00 1.000000e+00 0.000000e+00
    outer loop
      vertex   1.250000e+00 9.000000e+00 -2.165064e+00
      vertex   1.131371e+00 9.000000e+00 -5.868629e+00
      vertex   8.000000e-01 9.000000e+00 -5.614359e+00
    endloop
  endfacet
  facet normal 0.000000e+00 1.000000e+00 0.000000e+00
    outer loop
      vertex   1.250000e+00 9.000000e+00 -2.165064e+00
      vertex   8.000000e-01 9.000000e+00 -5.614359e+00
      vertex   6.470476e-01 9.000000e+00 -2.414815e+00
    endloop
  endfacet
  facet normal 0.000000e+00 1.000000e+00 0.000000e+00
    outer loop
      vertex   6.470476e-01 9.000000e+00 -2.414815e+00
      vertex   8.000000e-01 9.000000e+00 -5.614359e+00
      vertex   4.141105e-01 9.000000e+00 -5.454519e+00
    endloop
  endfacet
  facet normal 0.000000e+00 1.000000e+00 0.000000e+00
    outer loop
      vertex   6.470476e-01 9.000000e+00 -2.414815e+00
      vertex   4.141105e-01 9.000000e+00 -5.454519e+00
      vertex   -1.530808e-16 9.000000e+00 -2.500000e+00
    endloop
  endfacet
  facet normal 0.000000e+00 1.000000e+00 0.000000e+00
    outer loop
      vertex   -1.530808e-16 9.000000e+00 -2.500000e+00
      vertex   4.141105e-01 9.000000e+00 -5.454519e+00
      vertex   -1.456341e-15 9.000000e+00 -5.400000e+00
    endloop
  endfacet
  facet normal 0.000000e+00 1.000000e+00 0.000000e+00
    outer loop
      vertex   -1.530808e-16 9.000000e+00 -2.500000e+00
      vertex   -1.456341e-15 9.000000e+00 -5.400000e+00
      vertex   -4.141105e-01 9.000000e+00 -5.454519e+00
    endloop
  endfacet
  facet normal 0.000000e+00 1.000000e+00 0.000000e+00
    outer loop
      vertex   7.557496e+00 9.000000e+00 -6.548607e+00
      vertex   6.548607e+00 9.000000e+00 -7.557496e+00
      vertex   1.385641e+00 9.000000e+00 -6.200000e+00
    endloop
  endfacet
  facet normal 0.000000e+00 1.000000e+00 0.000000e+00
    outer loop
      vertex   1.385641e+00 9.000000e+00 -6.200000e+00
      vertex   6.548607e+00 9.000000e+00 -7.557496e+00
      vertex   1.545481e+00 9.000000e+00 -6.585890e+00
    endloop
  endfacet
  facet normal 0.000000e+00 1.000000e+00 0.000000e+00
    outer loop
      vertex   1.545481e+00 9.000000e+00 -6.585890e+00
      vertex   6.548607e+00 9.000000e+00 -7.557496e+00
      vertex   5.406408e+00 9.000000e+00 -8.412535e+00
    endloop
  endfacet
  facet normal 0.000000e+00 1.000000e+00 0.000000e+00
    outer loop
      vertex   1.545481e+00 9.000000e+00 -6.585890e+00
      vertex   5.406408e+00 9.000000e+00 -8.412535e+00
      vertex   1.600000e+00 9.000000e+00 -7.000000e+00
    endloop
  endfacet
  facet normal 0.000000e+00 1.000000e+00 0.000000e+00
    outer loop
      vertex   1.600000e+00 9.000000e+00 -7.000000e+00
      vertex   5.406408e+00 9.000000e+00 -8.412535e+00
      vertex   4.154150e+00 9.000000e+00 -9.096320e+00
    endloop
  endfacet
  facet normal 0.000000e+00 1.000000e+00 0.000000e+00
    outer loop
      vertex   1.600000e+00 9.000000e+00 -7.000000e+00
      vertex   4.154150e+00 9.000000e+00 -9.096320e+00
      vertex   1.545481e+00 9.000000e+00 -7.414111e+00
    endloop
  endfacet
  facet normal 0.000000e+00 1.000000e+00 0.000000e+00
    outer loop
      vertex   1.545481e+00 9.000000e+00 -7.414111e+00
      vertex   4.154150e+00 9.000000e+00 -9.096320e+00
      vertex   2.817326e+00 9.000000e+00 -9.594930e+00
    endloop
  endfacet
  facet normal 0.000000e+00 1.000000e+00 0.000000e+00
    outer loop
      vertex   1.545481e+00 9.000000e+00 -7.414111e+00
      vertex   2.817326e+00 9.000000e+00 -9.594930e+00
      vertex   1.385641e+00 9.000000e+00 -7.800000e+00
    endloop
  endfacet
  facet normal 0.000000e+00 1.000000e+00 0.000000e+00
    outer loop
      vertex   1.385641e+00 9.000000e+00 -7.800000e+00
      vertex   2.817326e+00 9.000000e+00 -9.594930e+00
      vertex   1.131371e+00 9.000000e+00 -8.131371e+00
    endloop
  endfacet
  facet normal 0.000000e+00 1.000000e+00 0.000000e+00
    outer loop
      vertex   1.131371e+00 9.000000e+00 -8.131371e+00
      vertex   2.817326e+00 9.000000e+00 -9.594930e+00
      vertex   1.423148e+00 9.000000e+00 -9.898215e+00
    endloop
  endfacet
  facet normal 0.000000e+00 1.000000e+00 0.000000e+00
    outer loop
      vertex   1.131371e+00 9.000000e+00 -8.131371e+00
      vertex   1.423148e+00 9.000000e+00 -9.898215e+00
      vertex   8.000000e-01 9.000000e+00 -8.385641e+00
    endloop
  endfacet
  facet normal 0.000000e+00 1.000000e+00 0.000000e+00
    outer loop
      vertex   8.000000e-01 9.000000e+00 -8.385641e+00
      vertex   1.423148e+00 9.000000e+00 -9.898215e+00
      vertex   4.141105e-01 9.000000e+00 -8.545481e+00
    endloop
  endfacet
  facet normal 0.000000e+00 1.000000e+00 0.000000e+00
    outer loop
      vertex   4.141105e-01 9.000000e+00 -8.545481e+00
      vertex   1.423148e+00 9.000000e+00 -9.898215e+00
      vertex   -6.123234e-16 9.000000e+00 -1.000000e+01
    endloop
  endfacet
  facet normal 0.000000e+00 1.000000e+00 0.000000e+00
    outer loop
      vertex   4.141105e-01 9.000000e+00 -8.545481e+00
      vertex   -6.123234e-16 9.000000e+00 -1.000000e+01
      vertex   -1.456341e-15 9.000000e+00 -8.600000e+00
    endloop
  endfacet
  facet normal 0.000000e+00 1.000000e+00 0.000000e+00
    outer loop
      vertex   -1.456341e-15 9.000000e+00 -8.600000e+00
      vertex   -6.123234e-16 9.000000e+00 -1.000000e+01
      vertex   -4.141105e-01 9.000000e+00 -8.545481e+00
    endloop
  endfacet
  facet normal 0.000000e+00 1.000000e+00 0.000000e+00
    outer loop
      vertex   -4.141105e-01 9.000000e+00 -8.545481e+00
      vertex   -6.123234e-16 9.000000e+00 -1.000000e+01
      vertex   -1.423148e+00 9.000000e+00 -9.898215e+00
    endloop
  endfacet
  facet normal 0.000000e+00 1.000000e+00 0.000000e+00
    outer loop
      vertex   -4.141105e-01 9.000000e+00 -8.545481e+00
      vertex   -1.423148e+00 9.000000e+00 -9.898215e+00
      vertex   -8.000000e-01 9.000000e+00 -8.385641e+00
    endloop
  endfacet
  facet normal 0.000000e+00 1.000000e+00 0.000000e+00
    outer loop
      vertex   -8.000000e-01 9.000000e+00 -8.385641e+00
      vertex   -1.423148e+00 9.000000e+00 -9.898215e+00
      vertex   -1.131371e+00 9.000000e+00 -8.131371e+00
    endloop
  endfacet
  facet normal 0.000000e+00 1.000000e+00 0.000000e+00
    outer loop
      vertex   -1.131371e+00 9.000000e+00 -8.131371e+00
      vertex   -1.423148e+00 9.000000e+00 -9.898215e+00
      vertex   -2.817326e+00 9.000000e+00 -9.594930e+00
    endloop
  endfacet
  facet normal 0.000000e+00 1.000000e+00 0.000000e+00
    outer loop
      vertex   -1.131371e+00 9.000000e+00 -8.131371e+00
      vertex   -2.817326e+00 9.000000e+00 -9.594930e+00
      vertex   -1.385641e+00 9.000000e+00 -7.800000e+00
    endloop
  endfacet
  facet normal 0.000000e+00 1.000000e+00 0.000000e+00
    outer loop
      vertex   -1.385641e+00 9.000000e+00 -7.800000e+00
      vertex   -2.817326e+00 9.000000e+00 -9.594930e+00
      vertex   -1.545481e+00 9.000000e+00 -7.414111e+00
    endloop
  endfacet
  facet normal 0.000000e+00 1.000000e+00 0.000000e+00
    outer loop
      vertex   -1.545481e+00 9.000000e+00 -7.414111e+00
      vertex   -2.817326e+00 9.000000e+00 -9.594930e+00
      vertex   -4.154150e+00 9.000000e+00 -9.096320e+00
    endloop
  endfacet
  facet normal 0.000000e+00 1.000000e+00 0.000000e+00
    outer loop
      vertex   -1.545481e+00 9.000000e+00 -7.414111e+00
      vertex   -4.154150e+00 9.000000e+00 -9.096320e+00
      vertex   -1.600000e+00 9.000000e+00 -7.000000e+00
    endloop
  endfacet
  facet normal 0.000000e+00 1.000000e+00 0.000000e+00
    outer loop
      vertex   -1.600000e+00 9.000000e+00 -7.000000e+00
      vertex   -4.154150e+00 9.000000e+00 -9.096320e+00
      vertex   -5.406408e+00 9.000000e+00 -8.412535e+00
    endloop
  endfacet
  facet normal 0.000000e+00 1.000000e+00 -0.000000e+00
    outer loop
      vertex   -1.600000e+00 9.000000e+00 -7.000000e+00
      vertex   -5.406408e+00 9.000000e+00 -8.412535e+00
      vertex   -1.545481e+00 9.000000e+00 -6.585890e+00
    endloop
  endfacet
  facet normal 0.000000e+00 1.000000e+00 0.000000e+00
    outer loop
      vertex   -1.545481e+00 9.000000e+00 -6.585890e+00
      vertex   -5.406408e+00 9.000000e+00 -8.412535e+00
      vertex   -6.548607e+00 9.000000e+00 -7.557496e+00
    endloop
  endfacet
  facet normal 0.000000e+00 1.000000e+00 -0.000000e+00
    outer loop
      vertex   -1.545481e+00 9.000000e+00 -6.585890e+00
      vertex   -6.548607e+00 9.000000e+00 -7.557496e+00
      vertex   -1.385641e+00 9.000000e+00 -6.200000e+00
    endloop
  endfacet
  facet normal 0.000000e+00 1.000000e+00 0.000000e+00
    outer loop
      vertex   -1.385641e+00 9.000000e+00 -6.200000e+00
      vertex   -6.548607e+00 9.000000e+00 -7.557496e+00
      vertex   -7.557496e+00 9.000000e+00 -6.548607e+00
    endloop
  endfacet
  facet normal 0.000000e+00 1.000000e+00 0.000000e+00
    outer loop
      vertex   -1.385641e+00 9.000000e+00 -6.200000e+00
      vertex   -7.557496e+00 9.000000e+00 -6.548607e+00
      vertex   -6.200000e+00 9.000000e+00 -1.385641e+00
    endloop
  endfacet
  facet normal 0.000000e+00 1.000000e+00 0.000000e+00
    outer loop
      vertex   -6.200000e+00 9.000000e+00 -1.385641e+00
      vertex   -7.557496e+00 9.000000e+00 -6.548607e+00
      vertex   -6.585890e+00 9.000000e+00 -1.545481e+00
    endloop
  endfacet
  facet normal 0.000000e+00 1.000000e+00 0.000000e+00
    outer loop
      vertex   -6.585890e+00 9.000000e+00 -1.545481e+00
      vertex   -7.557496e+00 9.000000e+00 -6.548607e+00
      vertex   -8.412535e+00 9.000000e+00 -5.406408e+00
    endloop
  endfacet
  facet normal 0.000000e+00 1.000000e+00 0.000000e+00
    outer loop
      vertex   -6.585890e+00 9.000000e+00 -1.545481e+00
      vertex   -8.412535e+00 9.000000e+00 -5.406408e+00
      vertex   -7.000000e+00 9.000000e+00 -1.600000e+00
    endloop
  endfacet
  facet normal 0.000000e+00 1.000000e+00 0.000000e+00
    outer loop
      vertex   -7.000000e+00 9.000000e+00 -1.600000e+00
      vertex   -8.412535e+00 9.000000e+00 -5.406408e+00
      vertex   -9.096320e+00 9.000000e+00 -4.154150e+00
    endloop
  endfacet
  facet normal 0.000000e+00 1.000000e+00 0.000000e+00
    outer loop
      vertex   -7.000000e+00 9.000000e+00 -1.600000e+00
      vertex   -9.096320e+00 9.000000e+00 -4.154150e+00
      vertex   -7.414111e+00 9.000000e+00 -1.545481e+00
    endloop
  endfacet
  facet normal 0.000000e+00 1.000000e+00 0.000000e+00
    outer loop
      vertex   -7.414111e+00 9.000000e+00 -1.545481e+00
      vertex   -9.096320e+00 9.000000e+00 -4.154150e+00
      vertex   -9.594930e+00 9.000000e+00 -2.817326e+00
    endloop
  endfacet
  facet normal 0.000000e+00 1.000000e+00 0.000000e+00
    outer loop
      vertex   -7.414111e+00 9.000000e+00 -1.545481e+00
      vertex   -9.594930e+00 9.000000e+00 -2.817326e+00
      vertex   -7.800000e+00 9.000000e+00 -1.385641e+00
    endloop
  endfacet
  facet normal 0.000000e+00 1.000000e+00 0.000000e+00
    outer loop
      vertex   -7.800000e+00 9.000000e+00 -1.385641e+00
      vertex   -9.594930e+00 9.000000e+00 -2.817326e+00
      vertex   -8.131371e+00 9.000000e+00 -1.131371e+00
    endloop
  endfacet
  facet normal 0.000000e+00 1.000000e+00 0.000000e+00
    outer loop
      vertex   -8.131371e+00 9.000000e+00 -1.131371e+00
      vertex   -9.594930e+00 9.000000e+00 -2.817326e+00
      vertex   -9.898215e+00 9.000000e+00 -1.423148e+00
    endloop
  endfacet
  facet normal 0.000000e+00 1.000000e+00 0.000000e+00
    outer loop
      vertex   -8.131371e+00 9.000000e+00 -1.131371e+00
      vertex   -9.898215e+00 9.000000e+00 -1.423148e+00
      vertex   -8.385641e+00 9.000000e+00 -8.000000e-01
    endloop
  endfacet
  facet normal 0.000000e+00 1.000000e+00 0.000000e+00
    outer loop
      vertex   -8.385641e+00 9.000000e+00 -8.000000e-01
      vertex   -9.898215e+00 9.000000e+00 -1.423148e+00
      vertex   -8.545481e+00 9.000000e+00 -4.141105e-01
    endloop
  endfacet
  facet normal 0.000000e+00 1.000000e+00 0.000000e+00
    outer loop
      vertex   -8.545481e+00 9.000000e+00 -4.141105e-01
      vertex   -9.898215e+00 9.000000e+00 -1.423148e+00
      vertex   -1.000000e+01 9.000000e+00 0.000000e+00
    endloop
  endfacet
  facet normal 0.000000e+00 1.000000e+00 0.000000e+00
    outer loop
      vertex   -8.545481e+00 9.000000e+00 -4.141105e-01
      vertex   -1.000000e+01 9.000000e+00 0.000000e+00
      vertex   -8.600000e+00 9.000000e+00 -1.959435e-16
    endloop
  endfacet
  facet normal 0.000000e+00 1.000000e+00 -0.000000e+00
    outer loop
      vertex   -8.600000e+00 9.000000e+00 -1.959435e-16
      vertex   -1.000000e+01 9.000000e+00 0.000000e+00
      vertex   -8.545481e+00 9.000000e+00 4.141105e-01
    endloop
  endfacet
  facet normal 0.000000e+00 1.000000e+00 0.000000e+00
    outer loop
      vertex   -8.545481e+00 9.000000e+00 4.141105e-01
      vertex   -1.000000e+01 9.000000e+00 0.000000e+00
      vertex   -9.898215e+00 9.000000e+00 1.423148e+00
    endloop
  endfacet
  facet normal 0.000000e+00 1.000000e+00 -0.000000e+00
    outer loop
      vertex   -8.545481e+00 9.000000e+00 4.141105e-01
      vertex   -9.898215e+00 9.000000e+00 1.423148e+00
      vertex   -8.385641e+00 9.000000e+00 8.000000e-01
    endloop
  endfacet
  facet normal 0.000000e+00 1.000000e+00 -0.000000e+00
    outer loop
      vertex   -8.385641e+00 9.000000e+00 8.000000e-01
      vertex   -9.898215e+00 9.000000e+00 1.423148e+00
      vertex   -8.131371e+00 9.000000e+00 1.131371e+00
    endloop
  endfacet
  facet normal 0.000000e+00 1.000000e+00 0.000000e+00
    outer loop
      vertex   -8.131371e+00 9.000000e+00 1.131371e+00
      vertex   -9.898215e+00 9.000000e+00 1.423148e+00
      vertex   -9.594930e+00 9.000000e+00 2.817326e+00
    endloop
  endfacet
  facet normal 0.000000e+00 1.000000e+00 -0.000000e+00
    outer loop
      vertex   -8.131371e+00 9.000000e+00 1.131371e+00
      vertex   -9.594930e+00 9.000000e+00 2.817326e+00
      vertex   -7.800000e+00 9.000000e+00 1.385641e+00
    endloop
  endfacet
  facet normal 0.000000e+00 1.000000e+00 -0.000000e+00
    outer loop
      vertex   -7.800000e+00 9.000000e+00 1.385641e+00
      vertex   -9.594930e+00 9.000000e+00 2.817326e+00
      vertex   -7.414111e+00 9.000000e+00 1.545481e+00
    endloop
  endfacet
  facet normal 0.000000e+00 1.000000e+00 0.000000e+00
    outer loop
      vertex   -7.414111e+00 9.000000e+00 1.545481e+00
      vertex   -9.594930e+00 9.000000e+00 2.817326e+00
      vertex   -9.096320e+00 9.000000e+00 4.154150e+00
    endloop
  endfacet
  facet normal 0.000000e+00 1.000000e+00 -0.000000e+00
    outer loop
      vertex   -7.414111e+00 9.000000e+00 1.545481e+00
      vertex   -9.096320e+00 9.000000e+00 4.154150e+00
      vertex   -7.000000e+00 9.000000e+00 1.600000e+00
    endloop
  endfacet
  facet normal 0.000000e+00 1.000000e+00 0.000000e+00
    outer loop
      vertex   -7.000000e+00 9.000000e+00 1.600000e+00
      vertex   -9.096320e+00 9.000000e+00 4.154150e+00
      vertex   -8.412535e+00 9.000000e+00 5.406408e+00
    endloop
  endfacet
  facet normal -0.000000e+00 1.000000e+00 -0.000000e+00
    outer loop
      vertex   -7.000000e+00 9.000000e+00 1.600000e+00
      vertex   -8.412535e+00 9.000000e+00 5.406408e+00
      vertex   -6.585890e+00 9.000000e+00 1.545481e+00
    endloop
  endfacet
  facet normal 0.000000e+00 1.000000e+00 0.000000e+00
    outer loop
      vertex   -6.585890e+00 9.000000e+00 1.545481e+00
      vertex   -8.412535e+00 9.000000e+00 5.406408e+00
      vertex   -7.557496e+00 9.000000e+00 6.548607e+00
    endloop
  endfacet
  facet normal -0.000000e+00 1.000000e+00 -0.000000e+00
    outer loop
      vertex   -6.585890e+00 9.000000e+00 1.545481e+00
      vertex   -7.557496e+00 9.000000e+00 6.548607e+00
      vertex   -6.200000e+00 9.000000e+00 1.385641e+00
    endloop
  endfacet
  facet normal 0.000000e+00 1.000000e+00 -0.000000e+00
    outer loop
      vertex   -6.200000e+00 9.000000e+00 1.385641e+00
      vertex   -7.557496e+00 9.000000e+00 6.548607e+00
      vertex   -1.385641e+00 9.000000e+00 6.200000e+00
    endloop
  endfacet
  facet normal 0.000000e+00 1.000000e+00 0.000000e+00
    outer loop
      vertex   -6.200000e+00 9.000000e+00 1.385641e+00
      vertex   -1.385641e+00 9.000000e+00 6.200000e+00
      vertex   -1.767767e+00 9.000000e+00 1.767767e+00
    endloop
  endfacet
  facet normal 0.000000e+00 1.000000e+00 0.000000e+00
    outer loop
      vertex   -1.767767e+00 9.000000e+00 1.767767e+00
      vertex   -1.385641e+00 9.000000e+00 6.200000e+00
      vertex   -1.131371e+00 9.000000e+00 5.868629e+00
    endloop
  endfacet
  facet normal 0.000000e+00 1.000000e+00 0.000000e+00
    outer loop
      vertex   -1.767767e+00 9.000000e+00 1.767767e+00
      vertex   -1.131371e+00 9.000000e+00 5.868629e+00
      vertex   -1.250000e+00 9.000000e+00 2.165064e+00
    endloop
  endfacet
  facet normal 0.000000e+00 1.000000e+00 0.000000e+00
    outer loop
      vertex   -1.250000e+00 9.000000e+00 2.165064e+00
      vertex   -1.131371e+00 9.000000e+00 5.868629e+00
      vertex   -8.000000e-01 9.000000e+00 5.614359e+00
    endloop
  endfacet
  facet normal 0.000000e+00 1.000000e+00 0.000000e+00
    outer loop
      vertex   -1.250000e+00 9.000000e+00 2.165064e+00
      vertex   -8.000000e-01 9.000000e+00 5.614359e+00
      vertex   -6.470476e-01 9.000000e+00 2.414815e+00
    endloop
  endfacet
  facet normal 0.000000e+00 1.000000e+00 -0.000000e+00
    outer loop
      vertex   -6.470476e-01 9.000000e+00 2.414815e+00
      vertex   -8.000000e-01 9.000000e+00 5.614359e+00
      vertex   -4.141105e-01 9.000000e+00 5.454519e+00
    endloop
  endfacet
  facet normal 0.000000e+00 1.000000e+00 0.000000e+00
    outer loop
      vertex   -6.470476e-01 9.000000e+00 2.414815e+00
      vertex   -4.141105e-01 9.000000e+00 5.454519e+00
      vertex   -1.530808e-16 9.000000e+00 2.500000e+00
    endloop
  endfacet
  facet normal 0.000000e+00 1.000000e+00 -0.000000e+00
    outer loop
      vertex   -1.530808e-16 9.000000e+00 2.500000e+00
      vertex   -4.141105e-01 9.000000e+00 5.454519e+00
      vertex   1.652284e-15 9.000000e+00 5.400000e+00
    endloop
  endfacet
  facet normal 0.000000e+00 1.000000e+00 0.000000e+00
    outer loop
      vertex   -1.530808e-16 9.000000e+00 2.500000e+00
      vertex   1.652284e-15 9.000000e+00 5.400000e+00
      vertex   4.141105e-01 9.000000e+00 5.454519e+00
    endloop
  endfacet
  facet normal -0.000000e+00 1.000000e+00 0.000000e+00
    outer loop
      vertex   -7.557496e+00 9.000000e+00 6.548607e+00
      vertex   -6.548607e+00 9.000000e+00 7.557496e+00
      vertex   -1.385641e+00 9.000000e+00 6.200000e+00
    endloop
  endfacet
  facet normal 0.000000e+00 1.000000e+00 0.000000e+00
    outer loop
      vertex   -1.385641e+00 9.000000e+00 6.200000e+00
      vertex   -6.548607e+00 9.000000e+00 7.557496e+00
      vertex   -1.545481e+00 9.000000e+00 6.585890e+00
    endloop
  endfacet
  facet normal 0.000000e+00 1.000000e+00 0.000000e+00
    outer loop
      vertex   -1.545481e+00 9.000000e+00 6.585890e+00
      vertex   -6.548607e+00 9.000000e+00 7.557496e+00
      vertex   -5.406408e+00 9.000000e+00 8.412535e+00
    endloop
  endfacet
  facet normal 0.000000e+00 1.000000e+00 0.000000e+00
    outer loop
      vertex   -1.545481e+00 9.000000e+00 6.585890e+00
      vertex   -5.406408e+00 9.000000e+00 8.412535e+00
      vertex   -1.600000e+00 9.000000e+00 7.000000e+00
    endloop
  endfacet
  facet normal 0.000000e+00 1.000000e+00 0.000000e+00
    outer loop
      vertex   -1.600000e+00 9.000000e+00 7.000000e+00
      vertex   -5.406408e+00 9.000000e+00 8.412535e+00
      vertex   -4.154150e+00 9.000000e+00 9.096320e+00
    endloop
  endfacet
  facet normal 0.000000e+00 1.000000e+00 -0.000000e+00
    outer loop
      vertex   -1.600000e+00 9.000000e+00 7.000000e+00
      vertex   -4.154150e+00 9.000000e+00 9.096320e+00
      vertex   -1.545481e+00 9.000000e+00 7.414111e+00
    endloop
  endfacet
  facet normal 0.000000e+00 1.000000e+00 0.000000e+00
    outer loop
      vertex   -1.545481e+00 9.000000e+00 7.414111e+00
      vertex   -4.154150e+00 9.000000e+00 9.096320e+00
      vertex   -2.817326e+00 9.000000e+00 9.594930e+00
    endloop
  endfacet
  facet normal 0.000000e+00 1.000000e+00 -0.000000e+00
    outer loop
      vertex   -1.545481e+00 9.000000e+00 7.414111e+00
      vertex   -2.817326e+00 9.000000e+00 9.594930e+00
      vertex   -1.385641e+00 9.000000e+00 7.800000e+00
    endloop
  endfacet
  facet normal 0.000000e+00 1.000000e+00 -0.000000e+00
    outer loop
      vertex   -1.385641e+00 9.000000e+00 7.800000e+00
      vertex   -2.817326e+00 9.000000e+00 9.594930e+00
      vertex   -1.131371e+00 9.000000e+00 8.131371e+00
    endloop
  endfacet
  facet normal 0.000000e+00 1.000000e+00 0.000000e+00
    outer loop
      vertex   -1.131371e+00 9.000000e+00 8.131371e+00
      vertex   -2.817326e+00 9.000000e+00 9.594930e+00
      vertex   -1.423148e+00 9.000000e+00 9.898215e+00
    endloop
  endfacet
  facet normal 0.000000e+00 1.000000e+00 -0.000000e+00
    outer loop
      vertex   -1.131371e+00 9.000000e+00 8.131371e+00
      vertex   -1.423148e+00 9.000000e+00 9.898215e+00
      vertex   -8.000000e-01 9.000000e+00 8.385641e+00
    endloop
  endfacet
  facet normal 0.000000e+00 1.000000e+00 -0.000000e+00
    outer loop
      vertex   -8.000000e-01 9.000000e+00 8.385641e+00
      vertex   -1.423148e+00 9.000000e+00 9.898215e+00
      vertex   -4.141105e-01 9.000000e+00 8.545481e+00
    endloop
  endfacet
  facet normal 0.000000e+00 1.000000e+00 -0.000000e+00
    outer loop
      vertex   -4.141105e-01 9.000000e+00 8.545481e+00
      vertex   -1.423148e+00 9.000000e+00 9.898215e+00
      vertex   -6.123234e-16 9.000000e+00 1.000000e+01
    endloop
  endfacet
  facet normal 0.000000e+00 1.000000e+00 0.000000e+00
    outer loop
      vertex   -4.141105e-01 9.000000e+00 8.545481e+00
      vertex   -6.123234e-16 9.000000e+00 1.000000e+01
      vertex   1.652284e-15 9.000000e+00 8.600000e+00
    endloop
  endfacet
  facet normal -0.000000e+00 1.000000e+00 -0.000000e+00
    outer loop
      vertex   1.652284e-15 9.000000e+00 8.600000e+00
      vertex   -6.123234e-16 9.000000e+00 1.000000e+01
      vertex   4.141105e-01 9.000000e+00 8.545481e+00
    endloop
  endfacet
  facet normal 0.000000e+00 1.000000e+00 -0.000000e+00
    outer loop
      vertex   4.141105e-01 9.000000e+00 8.545481e+00
      vertex   -6.123234e-16 9.000000e+00 1.000000e+01
      vertex   1.423148e+00 9.000000e+00 9.898215e+00
    endloop
  endfacet
  facet normal -0.000000e+00 1.000000e+00 0.000000e+00
    outer loop
      vertex   4.141105e-01 9.000000e+00 8.545481e+00
      vertex   1.423148e+00 9.000000e+00 9.898215e+00
      vertex   8.000000e-01 9.000000e+00 8.385641e+00
    endloop
  endfacet
  facet normal -0.000000e+00 1.000000e+00 0.000000e+00
    outer loop
      vertex   8.000000e-01 9.000000e+00 8.385641e+00
      vertex   1.423148e+00 9.000000e+00 9.898215e+00
      vertex   1.131371e+00 9.000000e+00 8.131371e+00
    endloop
  endfacet
  facet normal 0.000000e+00 1.000000e+00 0.000000e+00
    outer loop
      vertex   1.131371e+00 9.000000e+00 8.131371e+00
      vertex   1.423148e+00 9.000000e+00 9.898215e+00
      vertex   2.817326e+00 9.000000e+00 9.594930e+00
    endloop
  endfacet
  facet normal -0.000000e+00 1.000000e+00 0.000000e+00
    outer loop
      vertex   1.131371e+00 9.000000e+00 8.131371e+00
      vertex   2.817326e+00 9.000000e+00 9.594930e+00
      vertex   1.385641e+00 9.000000e+00 7.800000e+00
    endloop
  endfacet
  facet normal -0.000000e+00 1.000000e+00 0.000000e+00
    outer loop
      vertex   1.385641e+00 9.000000e+00 7.800000e+00
      vertex   2.817326e+00 9.000000e+00 9.594930e+00
      vertex   1.545481e+00 9.000000e+00 7.414111e+00
    endloop
  endfacet
  facet normal 0.000000e+00 1.000000e+00 0.000000e+00
    outer loop
      vertex   1.545481e+00 9.000000e+00 7.414111e+00
      vertex   2.817326e+00 9.000000e+00 9.594930e+00
      vertex   4.154150e+00 9.000000e+00 9.096320e+00
    endloop
  endfacet
  facet normal -0.000000e+00 1.000000e+00 0.000000e+00
    outer loop
      vertex   1.545481e+00 9.000000e+00 7.414111e+00
      vertex   4.154150e+00 9.000000e+00 9.096320e+00
      vertex   1.600000e+00 9.000000e+00 7.000000e+00
    endloop
  endfacet
  facet normal 0.000000e+00 1.000000e+00 0.000000e+00
    outer loop
      vertex   1.600000e+00 9.000000e+00 7.000000e+00
      vertex   4.154150e+00 9.000000e+00 9.096320e+00
      vertex   5.406408e+00 9.000000e+00 8.412535e+00
    endloop
  endfacet
  facet normal -0.000000e+00 1.000000e+00 0.000000e+00
    outer loop
      vertex   1.600000e+00 9.000000e+00 7.000000e+00
      vertex   5.406408e+00 9.000000e+00 8.412535e+00
      vertex   1.545481e+00 9.000000e+00 6.585890e+00
    endloop
  endfacet
  facet normal 0.000000e+00 1.000000e+00 0.000000e+00
    outer loop
      vertex   1.545481e+00 9.000000e+00 6.585890e+00
      vertex   5.406408e+00 9.000000e+00 8.412535e+00
      vertex   6.548607e+00 9.000000e+00 7.557496e+00
    endloop
  endfacet
  facet normal -0.000000e+00 1.000000e+00 0.000000e+00
    outer loop
      vertex   1.545481e+00 9.000000e+00 6.585890e+00
      vertex   6.548607e+00 9.000000e+00 7.557496e+00
      vertex   1.385641e+00 9.000000e+00 6.200000e+00
    endloop
  endfacet
  facet normal 0.000000e+00 1.000000e+00 0.000000e+00
    outer loop
      vertex   1.385641e+00 9.000000e+00 6.200000e+00
      vertex   6.548607e+00 9.000000e+00 7.557496e+00
      vertex   7.557496e+00 9.000000e+00 6.548607e+00
    endloop
  endfacet
  facet normal -0.000000e+00 1.000000e+00 0.000000e+00
    outer loop
      vertex   1.385641e+00 9.000000e+00 6.200000e+00
      vertex   7.557496e+00 9.000000e+00 6.548607e+00
      vertex   6.200000e+00 9.000000e+00 1.385641e+00
    endloop
  endfacet
  facet normal 0.000000e+00 1.000000e+00 0.000000e+00
    outer loop
      vertex   6.200000e+00 9.000000e+00 1.385641e+00
      vertex   7.557496e+00 9.000000e+00 6.548607e+00
      vertex   6.585890e+00 9.000000e+00 1.545481e+00
    endloop
  endfacet
  facet normal 0.000000e+00 1.000000e+00 0.000000e+00
    outer loop
      vertex   6.585890e+00 9.000000e+00 1.545481e+00
      vertex   7.557496e+00 9.000000e+00 6.548607e+00
      vertex   8.412535e+00 9.000000e+00 5.406408e+00
    endloop
  endfacet
  facet normal 0.000000e+00 1.000000e+00 0.000000e+00
    outer loop
      vertex   6.585890e+00 9.000000e+00 1.545481e+00
      vertex   8.412535e+00 9.000000e+00 5.406408e+00
      vertex   7.000000e+00 9.000000e+00 1.600000e+00
    endloop
  endfacet
  facet normal 0.000000e+00 1.000000e+00 0.000000e+00
    outer loop
      vertex   7.000000e+00 9.000000e+00 1.600000e+00
      vertex   8.412535e+00 9.000000e+00 5.406408e+00
      vertex   9.096320e+00 9.000000e+00 4.154150e+00
    endloop
  endfacet
  facet normal -0.000000e+00 1.000000e+00 0.000000e+00
    outer loop
      vertex   7.000000e+00 9.000000e+00 1.600000e+00
      vertex   9.096320e+00 9.000000e+00 4.154150e+00
      vertex   7.414111e+00 9.000000e+00 1.545481e+00
    endloop
  endfacet
  facet normal 0.000000e+00 1.000000e+00 0.000000e+00
    outer loop
      vertex   7.414111e+00 9.000000e+00 1.545481e+00
      vertex   9.096320e+00 9.000000e+00 4.154150e+00
      vertex   9.594930e+00 9.000000e+00 2.817326e+00
    endloop
  endfacet
  facet normal -0.000000e+00 1.000000e+00 0.000000e+00
    outer loop
      vertex   7.414111e+00 9.000000e+00 1.545481e+00
      vertex   9.594930e+00 9.000000e+00 2.817326e+00
      vertex   7.800000e+00 9.000000e+00 1.385641e+00
    endloop
  endfacet
  facet normal -0.000000e+00 1.000000e+00 0.000000e+00
    outer loop
      vertex   7.800000e+00 9.000000e+00 1.385641e+00
      vertex   9.594930e+00 9.000000e+00 2.817326e+00
      vertex   8.131371e+00 9.000000e+00 1.131371e+00
    endloop
  endfacet
  facet normal 0.000000e+00 1.000000e+00 0.000000e+00
    outer loop
      vertex   8.131371e+00 9.000000e+00 1.131371e+00
      vertex   9.594930e+00 9.000000e+00 2.817326e+00
      vertex   9.898215e+00 9.000000e+00 1.423148e+00
    endloop
  endfacet
  facet normal -0.000000e+00 1.000000e+00 0.000000e+00
    outer loop
      vertex   8.131371e+00 9.000000e+00 1.131371e+00
      vertex   9.898215e+00 9.000000e+00 1.423148e+00
      vertex   8.385641e+00 9.000000e+00 8.000000e-01
    endloop
  endfacet
  facet normal -0.000000e+00 1.000000e+00 0.000000e+00
    outer loop
      vertex   8.385641e+00 9.000000e+00 8.000000e-01
      vertex   9.898215e+00 9.000000e+00 1.423148e+00
      vertex   8.545481e+00 9.000000e+00 4.141105e-01
    endloop
  endfacet
  facet normal -0.000000e+00 1.000000e+00 0.000000e+00
    outer loop
      vertex   8.545481e+00 9.000000e+00 4.141105e-01
      vertex   9.898215e+00 9.000000e+00 1.423148e+00
      vertex   1.000000e+01 9.000000e+00 -1.224647e-15
    endloop
  endfacet
  facet normal 0.000000e+00 1.000000e+00 0.000000e+00
    outer loop
      vertex   2.414815e+00 9.000000e+00 6.470476e-01
      vertex   5.454519e+00 9.000000e+00 4.141105e-01
      vertex   2.500000e+00 9.000000e+00 3.061617e-16
    endloop
  endfacet
  facet normal -0.000000e+00 1.000000e+00 0.000000e+00
    outer loop
      vertex   2.500000e+00 9.000000e+00 3.061617e-16
      vertex   5.454519e+00 9.000000e+00 4.141105e-01
      vertex   5.400000e+00 9.000000e+00 -1.053196e-15
    endloop
  endfacet
  facet normal 0.000000e+00 1.000000e+00 0.000000e+00
    outer loop
      vertex   2.500000e+00 9.000000e+00 3.061617e-16
      vertex   5.400000e+00 9.000000e+00 -1.053196e-15
      vertex   5.454519e+00 9.000000e+00 -4.141105e-01
    endloop
  endfacet
  facet normal 0.000000e+00 1.000000e+00 -0.000000e+00
    outer loop
      vertex   5.454519e+00 9.000000e+00 4.141105e-01
      vertex   2.414815e+00 9.000000e+00 6.470476e-01
      vertex   5.614359e+00 9.000000e+00 8.000000e-01
    endloop
  endfacet
  facet normal 0.000000e+00 1.000000e+00 0.000000e+00
    outer loop
      vertex   5.614359e+00 9.000000e+00 8.000000e-01
      vertex   2.414815e+00 9.000000e+00 6.470476e-01
      vertex   2.165064e+00 9.000000e+00 1.250000e+00
    endloop
  endfacet
  facet normal 0.000000e+00 1.000000e+00 -0.000000e+00
    outer loop
      vertex   5.614359e+00 9.000000e+00 8.000000e-01
      vertex   2.165064e+00 9.000000e+00 1.250000e+00
      vertex   5.868629e+00 9.000000e+00 1.131371e+00
    endloop
  endfacet
  facet normal 0.000000e+00 1.000000e+00 0.000000e+00
    outer loop
      vertex   5.868629e+00 9.000000e+00 1.131371e+00
      vertex   2.165064e+00 9.000000e+00 1.250000e+00
      vertex   1.767767e+00 9.000000e+00 1.767767e+00
    endloop
  endfacet
  facet normal 0.000000e+00 1.000000e+00 -0.000000e+00
    outer loop
      vertex   5.868629e+00 9.000000e+00 1.131371e+00
      vertex   1.767767e+00 9.000000e+00 1.767767e+00
      vertex   6.200000e+00 9.000000e+00 1.385641e+00
    endloop
  endfacet
  facet normal 0.000000e+00 1.000000e+00 0.000000e+00
    outer loop
      vertex   6.200000e+00 9.000000e+00 1.385641e+00
      vertex   1.767767e+00 9.000000e+00 1.767767e+00
      vertex   1.385641e+00 9.000000e+00 6.200000e+00
    endloop
  endfacet
  facet normal 0.000000e+00 1.000000e+00 0.000000e+00
    outer loop
      vertex   1.385641e+00 9.000000e+00 6.200000e+00
      vertex   1.767767e+00 9.000000e+00 1.767767e+00
      vertex   1.131371e+00 9.000000e+00 5.868629e+00
    endloop
  endfacet
  facet normal 0.000000e+00 1.000000e+00 0.000000e+00
    outer loop
      vertex   1.131371e+00 9.000000e+00 5.868629e+00
      vertex   1.767767e+00 9.000000e+00 1.767767e+00
      vertex   1.250000e+00 9.000000e+00 2.165064e+00
    endloop
  endfacet
  facet normal 0.000000e+00 1.000000e+00 0.000000e+00
    outer loop
      vertex   1.131371e+00 9.000000e+00 5.868629e+00
      vertex   1.250000e+00 9.000000e+00 2.165064e+00
      vertex   8.000000e-01 9.000000e+00 5.614359e+00
    endloop
  endfacet
  facet normal 0.000000e+00 1.000000e+00 0.000000e+00
    outer loop
      vertex   8.000000e-01 9.000000e+00 5.614359e+00
      vertex   1.250000e+00 9.000000e+00 2.165064e+00
      vertex   6.470476e-01 9.000000e+00 2.414815e+00
    endloop
  endfacet
  facet normal 0.000000e+00 1.000000e+00 0.000000e+00
    outer loop
      vertex   8.000000e-01 9.000000e+00 5.614359e+00
      vertex   6.470476e-01 9.000000e+00 2.414815e+00
      vertex   4.141105e-01 9.000000e+00 5.454519e+00
    endloop
  endfacet
  facet normal 0.000000e+00 1.000000e+00 0.000000e+00
    outer loop
      vertex   4.141105e-01 9.000000e+00 5.454519e+00
      vertex   6.470476e-01 9.000000e+00 2.414815e+00
      vertex   -1.530808e-16 9.000000e+00 2.500000e+00
    endloop
  endfacet
  facet normal -0.000000e+00 1.000000e+00 0.000000e+00
    outer loop
      vertex   -6.200000e+00 9.000000e+00 1.385641e+00
      vertex   -1.767767e+00 9.000000e+00 1.767767e+00
      vertex   -5.868629e+00 9.000000e+00 1.131371e+00
    endloop
  endfacet
  facet normal 0.000000e+00 1.000000e+00 0.000000e+00
    outer loop
      vertex   -5.868629e+00 9.000000e+00 1.131371e+00
      vertex   -1.767767e+00 9.000000e+00 1.767767e+00
      vertex   -2.165064e+00 9.000000e+00 1.250000e+00
    endloop
  endfacet
  facet normal -0.000000e+00 1.000000e+00 0.000000e+00
    outer loop
      vertex   -5.868629e+00 9.000000e+00 1.131371e+00
      vertex   -2.165064e+00 9.000000e+00 1.250000e+00
      vertex   -5.614359e+00 9.000000e+00 8.000000e-01
    endloop
  endfacet
  facet normal -0.000000e+00 1.000000e+00 0.000000e+00
    outer loop
      vertex   -5.614359e+00 9.000000e+00 8.000000e-01
      vertex   -2.165064e+00 9.000000e+00 1.250000e+00
      vertex   -2.414815e+00 9.000000e+00 6.470476e-01
    endloop
  endfacet
  facet normal 0.000000e+00 1.000000e+00 0.000000e+00
    outer loop
      vertex   -5.614359e+00 9.000000e+00 8.000000e-01
      vertex   -2.414815e+00 9.000000e+00 6.470476e-01
      vertex   -5.454519e+00 9.000000e+00 4.141105e-01
    endloop
  endfacet
  facet normal -0.000000e+00 1.000000e+00 0.000000e+00
    outer loop
      vertex   -5.454519e+00 9.000000e+00 4.141105e-01
      vertex   -2.414815e+00 9.000000e+00 6.470476e-01
      vertex   -2.500000e+00 9.000000e+00 0.000000e+00
    endloop
  endfacet
  facet normal 0.000000e+00 1.000000e+00 0.000000e+00
    outer loop
      vertex   -5.454519e+00 9.000000e+00 4.141105e-01
      vertex   -2.500000e+00 9.000000e+00 0.000000e+00
      vertex   -5.400000e+00 9.000000e+00 0.000000e+00
    endloop
  endfacet
  facet normal -0.000000e+00 1.000000e+00 0.000000e+00
    outer loop
      vertex   -5.400000e+00 9.000000e+00 0.000000e+00
      vertex   -2.500000e+00 9.000000e+00 0.000000e+00
      vertex   -5.454519e+00 9.000000e+00 -4.141105e-01
    endloop
  endfacet
  facet normal -0.000000e+00 1.000000e+00 0.000000e+00
    outer loop
      vertex   -5.454519e+00 9.000000e+00 -4.141105e-01
      vertex   -2.500000e+00 9.000000e+00 0.000000e+00
      vertex   -2.414815e+00 9.000000e+00 -6.470476e-01
    endloop
  endfacet
  facet normal 0.000000e+00 1.000000e+00 0.000000e+00
    outer loop
      vertex   -5.454519e+00 9.000000e+00 -4.141105e-01
      vertex   -2.414815e+00 9.000000e+00 -6.470476e-01
      vertex   -5.614359e+00 9.000000e+00 -8.000000e-01
    endloop
  endfacet
  facet normal -0.000000e+00 1.000000e+00 0.000000e+00
    outer loop
      vertex   -5.614359e+00 9.000000e+00 -8.000000e-01
      vertex   -2.414815e+00 9.000000e+00 -6.470476e-01
      vertex   -2.165064e+00 9.000000e+00 -1.250000e+00
    endloop
  endfacet
  facet normal 0.000000e+00 1.000000e+00 0.000000e+00
    outer loop
      vertex   -5.614359e+00 9.000000e+00 -8.000000e-01
      vertex   -2.165064e+00 9.000000e+00 -1.250000e+00
      vertex   -5.868629e+00 9.000000e+00 -1.131371e+00
    endloop
  endfacet
  facet normal 0.000000e+00 1.000000e+00 0.000000e+00
    outer loop
      vertex   -5.868629e+00 9.000000e+00 -1.131371e+00
      vertex   -2.165064e+00 9.000000e+00 -1.250000e+00
      vertex   -1.767767e+00 9.000000e+00 -1.767767e+00
    endloop
  endfacet
  facet normal 0.000000e+00 1.000000e+00 0.000000e+00
    outer loop
      vertex   -5.868629e+00 9.000000e+00 -1.131371e+00
      vertex   -1.767767e+00 9.000000e+00 -1.767767e+00
      vertex   -6.200000e+00 9.000000e+00 -1.385641e+00
    endloop
  endfacet
  facet normal 0.000000e+00 1.000000e+00 0.000000e+00
    outer loop
      vertex   -6.200000e+00 9.000000e+00 -1.385641e+00
      vertex   -1.767767e+00 9.000000e+00 -1.767767e+00
      vertex   -1.385641e+00 9.000000e+00 -6.200000e+00
    endloop
  endfacet
  facet normal 0.000000e+00 1.000000e+00 -0.000000e+00
    outer loop
      vertex   -1.385641e+00 9.000000e+00 -6.200000e+00
      vertex   -1.767767e+00 9.000000e+00 -1.767767e+00
      vertex   -1.131371e+00 9.000000e+00 -5.868629e+00
    endloop
  endfacet
  facet normal 0.000000e+00 1.000000e+00 0.000000e+00
    outer loop
      vertex   -1.131371e+00 9.000000e+00 -5.868629e+00
      vertex   -1.767767e+00 9.000000e+00 -1.767767e+00
      vertex   -1.250000e+00 9.000000e+00 -2.165064e+00
    endloop
  endfacet
  facet normal 0.000000e+00 1.000000e+00 -0.000000e+00
    outer loop
      vertex   -1.131371e+00 9.000000e+00 -5.868629e+00
      vertex   -1.250000e+00 9.000000e+00 -2.165064e+00
      vertex   -8.000000e-01 9.000000e+00 -5.614359e+00
    endloop
  endfacet
  facet normal 0.000000e+00 1.000000e+00 -0.000000e+00
    outer loop
      vertex   -8.000000e-01 9.000000e+00 -5.614359e+00
      vertex   -1.250000e+00 9.000000e+00 -2.165064e+00
      vertex   -6.470476e-01 9.000000e+00 -2.414815e+00
    endloop
  endfacet
  facet normal 0.000000e+00 1.000000e+00 0.000000e+00
    outer loop
      vertex   -8.000000e-01 9.000000e+00 -5.614359e+00
      vertex   -6.470476e-01 9.000000e+00 -2.414815e+00
      vertex   -4.141105e-01 9.000000e+00 -5.454519e+00
    endloop
  endfacet
  facet normal 0.000000e+00 1.000000e+00 -0.000000e+00
    outer loop
      vertex   -4.141105e-01 9.000000e+00 -5.454519e+00
      vertex   -6.470476e-01 9.000000e+00 -2.414815e+00
      vertex   -1.530808e-16 9.000000e+00 -2.500000e+00
    endloop
  endfacet
  facet normal 0.000000e+00 1.000000e+00 0.000000e+00
    outer loop
      vertex   6.200000e+00 9.000000e+00 -1.385641e+00
      vertex   1.767767e+00 9.000000e+00 -1.767767e+00
      vertex   5.868629e+00 9.000000e+00 -1.131371e+00
    endloop
  endfacet
  facet normal 0.000000e+00 1.000000e+00 0.000000e+00
    outer loop
      vertex   5.868629e+00 9.000000e+00 -1.131371e+00
      vertex   1.767767e+00 9.000000e+00 -1.767767e+00
      vertex   2.165064e+00 9.000000e+00 -1.250000e+00
    endloop
  endfacet
  facet normal 0.000000e+00 1.000000e+00 0.000000e+00
    outer loop
      vertex   5.868629e+00 9.000000e+00 -1.131371e+00
      vertex   2.165064e+00 9.000000e+00 -1.250000e+00
      vertex   5.614359e+00 9.000000e+00 -8.000000e-01
    endloop
  endfacet
  facet normal 0.000000e+00 1.000000e+00 0.000000e+00
    outer loop
      vertex   5.614359e+00 9.000000e+00 -8.000000e-01
      vertex   2.165064e+00 9.000000e+00 -1.250000e+00
      vertex   2.414815e+00 9.000000e+00 -6.470476e-01
    endloop
  endfacet
  facet normal 0.000000e+00 1.000000e+00 0.000000e+00
    outer loop
      vertex   5.614359e+00 9.000000e+00 -8.000000e-01
      vertex   2.414815e+00 9.000000e+00 -6.470476e-01
      vertex   5.454519e+00 9.000000e+00 -4.141105e-01
    endloop
  endfacet
  facet normal 0.000000e+00 1.000000e+00 0.000000e+00
    outer loop
      vertex   5.454519e+00 9.000000e+00 -4.141105e-01
      vertex   2.414815e+00 9.000000e+00 -6.470476e-01
      vertex   2.500000e+00 9.000000e+00 3.061617e-16
    endloop
  endfacet
  facet normal -1.000000e+00 0.000000e+00 0.000000e+00
    outer loop
      vertex   -1.500000e+02 1.900000e+01 -1.200000e+01
      vertex   -1.500000e+02 1.759099e+01 -8.590990e+00
      vertex   -1.500000e+02 2.000000e+01 -1.100000e+01
    endloop
  endfacet
  facet normal -1.000000e+00 0.000000e+00 0.000000e+00
    outer loop
      vertex   -1.500000e+02 2.000000e+01 -1.100000e+01
      vertex   -1.500000e+02 1.759099e+01 -8.590990e+00
      vertex   -1.500000e+02 1.794856e+01 -8.125000e+00
    endloop
  endfacet
  facet normal -1.000000e+00 0.000000e+00 0.000000e+00
    outer loop
      vertex   -1.500000e+02 2.000000e+01 -1.100000e+01
      vertex   -1.500000e+02 1.794856e+01 -8.125000e+00
      vertex   -1.500000e+02 1.817333e+01 -7.582343e+00
    endloop
  endfacet
  facet normal -1.000000e+00 0.000000e+00 0.000000e+00
    outer loop
      vertex   -1.500000e+02 1.000000e+00 -1.200000e+01
      vertex   -1.500000e+02 1.487500e+01 -8.948557e+00
      vertex   -1.500000e+02 1.900000e+01 -1.200000e+01
    endloop
  endfacet
  facet normal -1.000000e+00 0.000000e+00 0.000000e+00
    outer loop
      vertex   -1.500000e+02 1.900000e+01 -1.200000e+01
      vertex   -1.500000e+02 1.487500e+01 -8.948557e+00
      vertex   -1.500000e+02 1.541766e+01 -9.173333e+00
    endloop
  endfacet
  facet normal -1.000000e+00 0.000000e+00 0.000000e+00
    outer loop
      vertex   -1.500000e+02 1.900000e+01 -1.200000e+01
      vertex   -1.500000e+02 1.541766e+01 -9.173333e+00
      vertex   -1.500000e+02 1.600000e+01 -9.250000e+00
    endloop
  endfacet
  facet normal -1.000000e+00 0.000000e+00 0.000000e+00
    outer loop
      vertex   -1.500000e+02 0.000000e+00 -1.100000e+01
      vertex   -1.500000e+02 2.409010e+00 -8.590990e+00
      vertex   -1.500000e+02 1.000000e+00 -1.200000e+01
    endloop
  endfacet
  facet normal -1.000000e+00 0.000000e+00 0.000000e+00
    outer loop
      vertex   -1.500000e+02 1.000000e+00 -1.200000e+01
      vertex   -1.500000e+02 2.409010e+00 -8.590990e+00
      vertex   -1.500000e+02 2.875000e+00 -8.948557e+00
    endloop
  endfacet
  facet normal -1.000000e+00 0.000000e+00 0.000000e+00
    outer loop
      vertex   -1.500000e+02 1.000000e+00 -1.200000e+01
      vertex   -1.500000e+02 2.875000e+00 -8.948557e+00
      vertex   -1.500000e+02 3.417657e+00 -9.173333e+00
    endloop
  endfacet
  facet normal -1.000000e+00 0.000000e+00 0.000000e+00
    outer loop
      vertex   -1.500000e+02 0.000000e+00 1.100000e+01
      vertex   -1.500000e+02 1.826667e+00 -6.417657e+00
      vertex   -1.500000e+02 0.000000e+00 -1.100000e+01
    endloop
  endfacet
  facet normal -1.000000e+00 0.000000e+00 0.000000e+00
    outer loop
      vertex   -1.500000e+02 0.000000e+00 -1.100000e+01
      vertex   -1.500000e+02 1.826667e+00 -6.417657e+00
      vertex   -1.500000e+02 1.750000e+00 -7.000000e+00
    endloop
  endfacet
  facet normal -1.000000e+00 0.000000e+00 0.000000e+00
    outer loop
      vertex   -1.500000e+02 0.000000e+00 -1.100000e+01
      vertex   -1.500000e+02 1.750000e+00 -7.000000e+00
      vertex   -1.500000e+02 1.826667e+00 -7.582343e+00
    endloop
  endfacet
  facet normal -1.000000e+00 0.000000e+00 -0.000000e+00
    outer loop
      vertex   -1.500000e+02 1.000000e+00 1.200000e+01
      vertex   -1.500000e+02 2.409010e+00 8.590990e+00
      vertex   -1.500000e+02 0.000000e+00 1.100000e+01
    endloop
  endfacet
  facet normal -1.000000e+00 0.000000e+00 0.000000e+00
    outer loop
      vertex   -1.500000e+02 0.000000e+00 1.100000e+01
      vertex   -1.500000e+02 2.409010e+00 8.590990e+00
      vertex   -1.500000e+02 2.051443e+00 8.125000e+00
    endloop
  endfacet
  facet normal -1.000000e+00 0.000000e+00 0.000000e+00
    outer loop
      vertex   -1.500000e+02 0.000000e+00 1.100000e+01
      vertex   -1.500000e+02 2.051443e+00 8.125000e+00
      vertex   -1.500000e+02 1.826667e+00 7.582343e+00
    endloop
  endfacet
  facet normal -1.000000e+00 -0.000000e+00 0.000000e+00
    outer loop
      vertex   -1.500000e+02 1.900000e+01 1.200000e+01
      vertex   -1.500000e+02 1.487500e+01 8.948557e+00
      vertex   -1.500000e+02 1.000000e+00 1.200000e+01
    endloop
  endfacet
  facet normal -1.000000e+00 0.000000e+00 0.000000e+00
    outer loop
      vertex   -1.500000e+02 1.000000e+00 1.200000e+01
      vertex   -1.500000e+02 1.487500e+01 8.948557e+00
      vertex   -1.500000e+02 5.125000e+00 8.948557e+00
    endloop
  endfacet
  facet normal -1.000000e+00 0.000000e+00 0.000000e+00
    outer loop
      vertex   -1.500000e+02 1.000000e+00 1.200000e+01
      vertex   -1.500000e+02 5.125000e+00 8.948557e+00
      vertex   -1.500000e+02 4.582343e+00 9.173333e+00
    endloop
  endfacet
  facet normal -1.000000e+00 -0.000000e+00 0.000000e+00
    outer loop
      vertex   -1.500000e+02 2.000000e+01 1.100000e+01
      vertex   -1.500000e+02 1.759099e+01 8.590990e+00
      vertex   -1.500000e+02 1.900000e+01 1.200000e+01
    endloop
  endfacet
  facet normal -1.000000e+00 0.000000e+00 0.000000e+00
    outer loop
      vertex   -1.500000e+02 1.900000e+01 1.200000e+01
      vertex   -1.500000e+02 1.759099e+01 8.590990e+00
      vertex   -1.500000e+02 1.712500e+01 8.948557e+00
    endloop
  endfacet
  facet normal -1.000000e+00 0.000000e+00 0.000000e+00
    outer loop
      vertex   -1.500000e+02 1.900000e+01 1.200000e+01
      vertex   -1.500000e+02 1.712500e+01 8.948557e+00
      vertex   -1.500000e+02 1.658234e+01 9.173333e+00
    endloop
  endfacet
  facet normal -1.000000e+00 0.000000e+00 0.000000e+00
    outer loop
      vertex   -1.500000e+02 2.000000e+01 -1.100000e+01
      vertex   -1.500000e+02 1.817333e+01 6.417657e+00
      vertex   -1.500000e+02 2.000000e+01 1.100000e+01
    endloop
  endfacet
  facet normal -1.000000e+00 0.000000e+00 0.000000e+00
    outer loop
      vertex   -1.500000e+02 2.000000e+01 1.100000e+01
      vertex   -1.500000e+02 1.817333e+01 6.417657e+00
      vertex   -1.500000e+02 1.825000e+01 7.000000e+00
    endloop
  endfacet
  facet normal -1.000000e+00 0.000000e+00 0.000000e+00
    outer loop
      vertex   -1.500000e+02 2.000000e+01 1.100000e+01
      vertex   -1.500000e+02 1.825000e+01 7.000000e+00
      vertex   -1.500000e+02 1.817333e+01 7.582343e+00
    endloop
  endfacet
  facet normal -1.000000e+00 0.000000e+00 0.000000e+00
    outer loop
      vertex   -1.500000e+02 1.600000e+01 -9.250000e+00
      vertex   -1.500000e+02 1.658234e+01 -9.173333e+00
      vertex   -1.500000e+02 1.900000e+01 -1.200000e+01
    endloop
  endfacet
  facet normal -1.000000e+00 0.000000e+00 0.000000e+00
    outer loop
      vertex   -1.500000e+02 1.900000e+01 -1.200000e+01
      vertex   -1.500000e+02 1.658234e+01 -9.173333e+00
      vertex   -1.500000e+02 1.712500e+01 -8.948557e+00
    endloop
  endfacet
  facet normal -1.000000e+00 0.000000e+00 0.000000e+00
    outer loop
      vertex   -1.500000e+02 1.900000e+01 -1.200000e+01
      vertex   -1.500000e+02 1.712500e+01 -8.948557e+00
      vertex   -1.500000e+02 1.759099e+01 -8.590990e+00
    endloop
  endfacet
  facet normal -1.000000e+00 0.000000e+00 0.000000e+00
    outer loop
      vertex   -1.500000e+02 1.817333e+01 -7.582343e+00
      vertex   -1.500000e+02 1.825000e+01 -7.000000e+00
      vertex   -1.500000e+02 2.000000e+01 -1.100000e+01
    endloop
  endfacet
  facet normal -1.000000e+00 0.000000e+00 0.000000e+00
    outer loop
      vertex   -1.500000e+02 2.000000e+01 -1.100000e+01
      vertex   -1.500000e+02 1.825000e+01 -7.000000e+00
      vertex   -1.500000e+02 1.817333e+01 -6.417657e+00
    endloop
  endfacet
  facet normal -1.000000e+00 0.000000e+00 0.000000e+00
    outer loop
      vertex   -1.500000e+02 2.000000e+01 -1.100000e+01
      vertex   -1.500000e+02 1.817333e+01 -6.417657e+00
      vertex   -1.500000e+02 1.817333e+01 6.417657e+00
    endloop
  endfacet
  facet normal -1.000000e+00 0.000000e+00 -0.000000e+00
    outer loop
      vertex   -1.500000e+02 1.817333e+01 6.417657e+00
      vertex   -1.500000e+02 1.817333e+01 -6.417657e+00
      vertex   -1.500000e+02 1.794856e+01 5.875000e+00
    endloop
  endfacet
  facet normal -1.000000e+00 0.000000e+00 0.000000e+00
    outer loop
      vertex   -1.500000e+02 1.794856e+01 5.875000e+00
      vertex   -1.500000e+02 1.817333e+01 -6.417657e+00
      vertex   -1.500000e+02 1.794856e+01 -5.875000e+00
    endloop
  endfacet
  facet normal -1.000000e+00 0.000000e+00 -0.000000e+00
    outer loop
      vertex   -1.500000e+02 1.794856e+01 5.875000e+00
      vertex   -1.500000e+02 1.794856e+01 -5.875000e+00
      vertex   -1.500000e+02 1.759099e+01 5.409010e+00
    endloop
  endfacet
  facet normal -1.000000e+00 0.000000e+00 0.000000e+00
    outer loop
      vertex   -1.500000e+02 1.759099e+01 5.409010e+00
      vertex   -1.500000e+02 1.794856e+01 -5.875000e+00
      vertex   -1.500000e+02 1.759099e+01 -5.409010e+00
    endloop
  endfacet
  facet normal -1.000000e+00 0.000000e+00 -0.000000e+00
    outer loop
      vertex   -1.500000e+02 1.759099e+01 5.409010e+00
      vertex   -1.500000e+02 1.759099e+01 -5.409010e+00
      vertex   -1.500000e+02 1.712500e+01 5.051443e+00
    endloop
  endfacet
  facet normal -1.000000e+00 0.000000e+00 0.000000e+00
    outer loop
      vertex   -1.500000e+02 1.712500e+01 5.051443e+00
      vertex   -1.500000e+02 1.759099e+01 -5.409010e+00
      vertex   -1.500000e+02 1.712500e+01 -5.051443e+00
    endloop
  endfacet
  facet normal -1.000000e+00 0.000000e+00 -0.000000e+00
    outer loop
      vertex   -1.500000e+02 1.712500e+01 5.051443e+00
      vertex   -1.500000e+02 1.712500e+01 -5.051443e+00
      vertex   -1.500000e+02 1.658234e+01 4.826667e+00
    endloop
  endfacet
  facet normal -1.000000e+00 0.000000e+00 0.000000e+00
    outer loop
      vertex   -1.500000e+02 1.658234e+01 4.826667e+00
      vertex   -1.500000e+02 1.712500e+01 -5.051443e+00
      vertex   -1.500000e+02 1.658234e+01 -4.826667e+00
    endloop
  endfacet
  facet normal -1.000000e+00 0.000000e+00 -0.000000e+00
    outer loop
      vertex   -1.500000e+02 1.658234e+01 4.826667e+00
      vertex   -1.500000e+02 1.658234e+01 -4.826667e+00
      vertex   -1.500000e+02 1.600000e+01 4.750000e+00
    endloop
  endfacet
  facet normal -1.000000e+00 0.000000e+00 0.000000e+00
    outer loop
      vertex   -1.500000e+02 1.600000e+01 4.750000e+00
      vertex   -1.500000e+02 1.658234e+01 -4.826667e+00
      vertex   -1.500000e+02 1.600000e+01 -4.750000e+00
    endloop
  endfacet
  facet normal -1.000000e+00 -0.000000e+00 -0.000000e+00
    outer loop
      vertex   -1.500000e+02 1.600000e+01 4.750000e+00
      vertex   -1.500000e+02 1.600000e+01 -4.750000e+00
      vertex   -1.500000e+02 1.541766e+01 4.826667e+00
    endloop
  endfacet
  facet normal -1.000000e+00 0.000000e+00 0.000000e+00
    outer loop
      vertex   -1.500000e+02 1.541766e+01 4.826667e+00
      vertex   -1.500000e+02 1.600000e+01 -4.750000e+00
      vertex   -1.500000e+02 1.541766e+01 -4.826667e+00
    endloop
  endfacet
  facet normal -1.000000e+00 -0.000000e+00 -0.000000e+00
    outer loop
      vertex   -1.500000e+02 1.541766e+01 4.826667e+00
      vertex   -1.500000e+02 1.541766e+01 -4.826667e+00
      vertex   -1.500000e+02 1.487500e+01 5.051443e+00
    endloop
  endfacet
  facet normal -1.000000e+00 0.000000e+00 0.000000e+00
    outer loop
      vertex   -1.500000e+02 1.487500e+01 5.051443e+00
      vertex   -1.500000e+02 1.541766e+01 -4.826667e+00
      vertex   -1.500000e+02 1.487500e+01 -5.051443e+00
    endloop
  endfacet
  facet normal -1.000000e+00 -0.000000e+00 -0.000000e+00
    outer loop
      vertex   -1.500000e+02 1.487500e+01 5.051443e+00
      vertex   -1.500000e+02 1.487500e+01 -5.051443e+00
      vertex   -1.500000e+02 1.440901e+01 5.409010e+00
    endloop
  endfacet
  facet normal -1.000000e+00 0.000000e+00 0.000000e+00
    outer loop
      vertex   -1.500000e+02 1.440901e+01 5.409010e+00
      vertex   -1.500000e+02 1.487500e+01 -5.051443e+00
      vertex   -1.500000e+02 1.440901e+01 -5.409010e+00
    endloop
  endfacet
  facet normal -1.000000e+00 -0.000000e+00 -0.000000e+00
    outer loop
      vertex   -1.500000e+02 1.440901e+01 5.409010e+00
      vertex   -1.500000e+02 1.440901e+01 -5.409010e+00
      vertex   -1.500000e+02 5.590990e+00 5.409010e+00
    endloop
  endfacet
  facet normal -1.000000e+00 0.000000e+00 -0.000000e+00
    outer loop
      vertex   -1.500000e+02 5.590990e+00 5.409010e+00
      vertex   -1.500000e+02 1.440901e+01 -5.409010e+00
      vertex   -1.500000e+02 5.590990e+00 -5.409010e+00
    endloop
  endfacet
  facet normal -1.000000e+00 0.000000e+00 0.000000e+00
    outer loop
      vertex   -1.500000e+02 5.590990e+00 5.409010e+00
      vertex   -1.500000e+02 5.590990e+00 -5.409010e+00
      vertex   -1.500000e+02 5.125000e+00 5.051443e+00
    endloop
  endfacet
  facet normal -1.000000e+00 0.000000e+00 0.000000e+00
    outer loop
      vertex   -1.500000e+02 5.125000e+00 5.051443e+00
      vertex   -1.500000e+02 5.590990e+00 -5.409010e+00
      vertex   -1.500000e+02 5.125000e+00 -5.051443e+00
    endloop
  endfacet
  facet normal -1.000000e+00 0.000000e+00 -0.000000e+00
    outer loop
      vertex   -1.500000e+02 5.125000e+00 5.051443e+00
      vertex   -1.500000e+02 5.125000e+00 -5.051443e+00
      vertex   -1.500000e+02 4.582343e+00 4.826667e+00
    endloop
  endfacet
  facet normal -1.000000e+00 0.000000e+00 0.000000e+00
    outer loop
      vertex   -1.500000e+02 4.582343e+00 4.826667e+00
      vertex   -1.500000e+02 5.125000e+00 -5.051443e+00
      vertex   -1.500000e+02 4.582343e+00 -4.826667e+00
    endloop
  endfacet
  facet normal -1.000000e+00 0.000000e+00 -0.000000e+00
    outer loop
      vertex   -1.500000e+02 4.582343e+00 4.826667e+00
      vertex   -1.500000e+02 4.582343e+00 -4.826667e+00
      vertex   -1.500000e+02 4.000000e+00 4.750000e+00
    endloop
  endfacet
  facet normal -1.000000e+00 0.000000e+00 0.000000e+00
    outer loop
      vertex   -1.500000e+02 4.000000e+00 4.750000e+00
      vertex   -1.500000e+02 4.582343e+00 -4.826667e+00
      vertex   -1.500000e+02 4.000000e+00 -4.750000e+00
    endloop
  endfacet
  facet normal -1.000000e+00 -0.000000e+00 -0.000000e+00
    outer loop
      vertex   -1.500000e+02 4.000000e+00 4.750000e+00
      vertex   -1.500000e+02 4.000000e+00 -4.750000e+00
      vertex   -1.500000e+02 3.417657e+00 4.826667e+00
    endloop
  endfacet
  facet normal -1.000000e+00 0.000000e+00 0.000000e+00
    outer loop
      vertex   -1.500000e+02 3.417657e+00 4.826667e+00
      vertex   -1.500000e+02 4.000000e+00 -4.750000e+00
      vertex   -1.500000e+02 3.417657e+00 -4.826667e+00
    endloop
  endfacet
  facet normal -1.000000e+00 -0.000000e+00 -0.000000e+00
    outer loop
      vertex   -1.500000e+02 3.417657e+00 4.826667e+00
      vertex   -1.500000e+02 3.417657e+00 -4.826667e+00
      vertex   -1.500000e+02 2.875000e+00 5.051443e+00
    endloop
  endfacet
  facet normal -1.000000e+00 0.000000e+00 0.000000e+00
    outer loop
      vertex   -1.500000e+02 2.875000e+00 5.051443e+00
      vertex   -1.500000e+02 3.417657e+00 -4.826667e+00
      vertex   -1.500000e+02 2.875000e+00 -5.051443e+00
    endloop
  endfacet
  facet normal -1.000000e+00 -0.000000e+00 -0.000000e+00
    outer loop
      vertex   -1.500000e+02 2.875000e+00 5.051443e+00
      vertex   -1.500000e+02 2.875000e+00 -5.051443e+00
      vertex   -1.500000e+02 2.409010e+00 5.409010e+00
    endloop
  endfacet
  facet normal -1.000000e+00 0.000000e+00 0.000000e+00
    outer loop
      vertex   -1.500000e+02 2.409010e+00 5.409010e+00
      vertex   -1.500000e+02 2.875000e+00 -5.051443e+00
      vertex   -1.500000e+02 2.409010e+00 -5.409010e+00
    endloop
  endfacet
  facet normal -1.000000e+00 -0.000000e+00 -0.000000e+00
    outer loop
      vertex   -1.500000e+02 2.409010e+00 5.409010e+00
      vertex   -1.500000e+02 2.409010e+00 -5.409010e+00
      vertex   -1.500000e+02 2.051443e+00 5.875000e+00
    endloop
  endfacet
  facet normal -1.000000e+00 0.000000e+00 0.000000e+00
    outer loop
      vertex   -1.500000e+02 2.051443e+00 5.875000e+00
      vertex   -1.500000e+02 2.409010e+00 -5.409010e+00
      vertex   -1.500000e+02 2.051443e+00 -5.875000e+00
    endloop
  endfacet
  facet normal -1.000000e+00 -0.000000e+00 -0.000000e+00
    outer loop
      vertex   -1.500000e+02 2.051443e+00 5.875000e+00
      vertex   -1.500000e+02 2.051443e+00 -5.875000e+00
      vertex   -1.500000e+02 1.826667e+00 6.417657e+00
    endloop
  endfacet
  facet normal -1.000000e+00 0.000000e+00 0.000000e+00
    outer loop
      vertex   -1.500000e+02 1.826667e+00 6.417657e+00
      vertex   -1.500000e+02 2.051443e+00 -5.875000e+00
      vertex   -1.500000e+02 1.826667e+00 -6.417657e+00
    endloop
  endfacet
  facet normal -1.000000e+00 -0.000000e+00 -0.000000e+00
    outer loop
      vertex   -1.500000e+02 1.826667e+00 6.417657e+00
      vertex   -1.500000e+02 1.826667e+00 -6.417657e+00
      vertex   -1.500000e+02 0.000000e+00 1.100000e+01
    endloop
  endfacet
  facet normal -1.000000e+00 0.000000e+00 0.000000e+00
    outer loop
      vertex   -1.500000e+02 1.440901e+01 -5.409010e+00
      vertex   -1.500000e+02 1.405144e+01 -5.875000e+00
      vertex   -1.500000e+02 5.590990e+00 -5.409010e+00
    endloop
  endfacet
  facet normal -1.000000e+00 0.000000e+00 0.000000e+00
    outer loop
      vertex   -1.500000e+02 5.590990e+00 -5.409010e+00
      vertex   -1.500000e+02 1.405144e+01 -5.875000e+00
      vertex   -1.500000e+02 5.948557e+00 -5.875000e+00
    endloop
  endfacet
  facet normal -1.000000e+00 0.000000e+00 0.000000e+00
    outer loop
      vertex   -1.500000e+02 5.948557e+00 -5.875000e+00
      vertex   -1.500000e+02 1.405144e+01 -5.875000e+00
      vertex   -1.500000e+02 1.382667e+01 -6.417657e+00
    endloop
  endfacet
  facet normal -1.000000e+00 0.000000e+00 0.000000e+00
    outer loop
      vertex   -1.500000e+02 5.948557e+00 -5.875000e+00
      vertex   -1.500000e+02 1.382667e+01 -6.417657e+00
      vertex   -1.500000e+02 6.173333e+00 -6.417657e+00
    endloop
  endfacet
  facet normal -1.000000e+00 0.000000e+00 0.000000e+00
    outer loop
      vertex   -1.500000e+02 6.173333e+00 -6.417657e+00
      vertex   -1.500000e+02 1.382667e+01 -6.417657e+00
      vertex   -1.500000e+02 1.375000e+01 -7.000000e+00
    endloop
  endfacet
  facet normal -1.000000e+00 0.000000e+00 0.000000e+00
    outer loop
      vertex   -1.500000e+02 6.173333e+00 -6.417657e+00
      vertex   -1.500000e+02 1.375000e+01 -7.000000e+00
      vertex   -1.500000e+02 6.250000e+00 -7.000000e+00
    endloop
  endfacet
  facet normal -1.000000e+00 0.000000e+00 -0.000000e+00
    outer loop
      vertex   -1.500000e+02 6.250000e+00 -7.000000e+00
      vertex   -1.500000e+02 1.375000e+01 -7.000000e+00
      vertex   -1.500000e+02 6.173333e+00 -7.582343e+00
    endloop
  endfacet
  facet normal -1.000000e+00 0.000000e+00 0.000000e+00
    outer loop
      vertex   -1.500000e+02 6.173333e+00 -7.582343e+00
      vertex   -1.500000e+02 1.375000e+01 -7.000000e+00
      vertex   -1.500000e+02 1.382667e+01 -7.582343e+00
    endloop
  endfacet
  facet normal -1.000000e+00 0.000000e+00 -0.000000e+00
    outer loop
      vertex   -1.500000e+02 6.173333e+00 -7.582343e+00
      vertex   -1.500000e+02 1.382667e+01 -7.582343e+00
      vertex   -1.500000e+02 5.948557e+00 -8.125000e+00
    endloop
  endfacet
  facet normal -1.000000e+00 0.000000e+00 0.000000e+00
    outer loop
      vertex   -1.500000e+02 5.948557e+00 -8.125000e+00
      vertex   -1.500000e+02 1.382667e+01 -7.582343e+00
      vertex   -1.500000e+02 1.405144e+01 -8.125000e+00
    endloop
  endfacet
  facet normal -1.000000e+00 0.000000e+00 -0.000000e+00
    outer loop
      vertex   -1.500000e+02 5.948557e+00 -8.125000e+00
      vertex   -1.500000e+02 1.405144e+01 -8.125000e+00
      vertex   -1.500000e+02 5.590990e+00 -8.590990e+00
    endloop
  endfacet
  facet normal -1.000000e+00 0.000000e+00 0.000000e+00
    outer loop
      vertex   -1.500000e+02 5.590990e+00 -8.590990e+00
      vertex   -1.500000e+02 1.405144e+01 -8.125000e+00
      vertex   -1.500000e+02 1.440901e+01 -8.590990e+00
    endloop
  endfacet
  facet normal -1.000000e+00 0.000000e+00 -0.000000e+00
    outer loop
      vertex   -1.500000e+02 5.590990e+00 -8.590990e+00
      vertex   -1.500000e+02 1.440901e+01 -8.590990e+00
      vertex   -1.500000e+02 5.125000e+00 -8.948557e+00
    endloop
  endfacet
  facet normal -1.000000e+00 0.000000e+00 0.000000e+00
    outer loop
      vertex   -1.500000e+02 5.125000e+00 -8.948557e+00
      vertex   -1.500000e+02 1.440901e+01 -8.590990e+00
      vertex   -1.500000e+02 1.487500e+01 -8.948557e+00
    endloop
  endfacet
  facet normal -1.000000e+00 0.000000e+00 -0.000000e+00
    outer loop
      vertex   -1.500000e+02 5.125000e+00 -8.948557e+00
      vertex   -1.500000e+02 1.487500e+01 -8.948557e+00
      vertex   -1.500000e+02 1.000000e+00 -1.200000e+01
    endloop
  endfacet
  facet normal -1.000000e+00 0.000000e+00 0.000000e+00
    outer loop
      vertex   -1.500000e+02 1.817333e+01 7.582343e+00
      vertex   -1.500000e+02 1.794856e+01 8.125000e+00
      vertex   -1.500000e+02 2.000000e+01 1.100000e+01
    endloop
  endfacet
  facet normal -1.000000e+00 0.000000e+00 0.000000e+00
    outer loop
      vertex   -1.500000e+02 2.000000e+01 1.100000e+01
      vertex   -1.500000e+02 1.794856e+01 8.125000e+00
      vertex   -1.500000e+02 1.759099e+01 8.590990e+00
    endloop
  endfacet
  facet normal -1.000000e+00 0.000000e+00 0.000000e+00
    outer loop
      vertex   -1.500000e+02 1.658234e+01 9.173333e+00
      vertex   -1.500000e+02 1.600000e+01 9.250000e+00
      vertex   -1.500000e+02 1.900000e+01 1.200000e+01
    endloop
  endfacet
  facet normal -1.000000e+00 0.000000e+00 0.000000e+00
    outer loop
      vertex   -1.500000e+02 1.900000e+01 1.200000e+01
      vertex   -1.500000e+02 1.600000e+01 9.250000e+00
      vertex   -1.500000e+02 1.541766e+01 9.173333e+00
    endloop
  endfacet
  facet normal -1.000000e+00 0.000000e+00 0.000000e+00
    outer loop
      vertex   -1.500000e+02 1.900000e+01 1.200000e+01
      vertex   -1.500000e+02 1.541766e+01 9.173333e+00
      vertex   -1.500000e+02 1.487500e+01 8.948557e+00
    endloop
  endfacet
  facet normal -1.000000e+00 -0.000000e+00 0.000000e+00
    outer loop
      vertex   -1.500000e+02 1.487500e+01 8.948557e+00
      vertex   -1.500000e+02 1.440901e+01 8.590990e+00
      vertex   -1.500000e+02 5.125000e+00 8.948557e+00
    endloop
  endfacet
  facet normal -1.000000e+00 0.000000e+00 0.000000e+00
    outer loop
      vertex   -1.500000e+02 5.125000e+00 8.948557e+00
      vertex   -1.500000e+02 1.440901e+01 8.590990e+00
      vertex   -1.500000e+02 5.590990e+00 8.590990e+00
    endloop
  endfacet
  facet normal -1.000000e+00 0.000000e+00 0.000000e+00
    outer loop
      vertex   -1.500000e+02 5.590990e+00 8.590990e+00
      vertex   -1.500000e+02 1.440901e+01 8.590990e+00
      vertex   -1.500000e+02 1.405144e+01 8.125000e+00
    endloop
  endfacet
  facet normal -1.000000e+00 0.000000e+00 0.000000e+00
    outer loop
      vertex   -1.500000e+02 5.590990e+00 8.590990e+00
      vertex   -1.500000e+02 1.405144e+01 8.125000e+00
      vertex   -1.500000e+02 5.948557e+00 8.125000e+00
    endloop
  endfacet
  facet normal -1.000000e+00 0.000000e+00 0.000000e+00
    outer loop
      vertex   -1.500000e+02 5.948557e+00 8.125000e+00
      vertex   -1.500000e+02 1.405144e+01 8.125000e+00
      vertex   -1.500000e+02 1.382667e+01 7.582343e+00
    endloop
  endfacet
  facet normal -1.000000e+00 0.000000e+00 0.000000e+00
    outer loop
      vertex   -1.500000e+02 5.948557e+00 8.125000e+00
      vertex   -1.500000e+02 1.382667e+01 7.582343e+00
      vertex   -1.500000e+02 6.173333e+00 7.582343e+00
    endloop
  endfacet
  facet normal -1.000000e+00 0.000000e+00 0.000000e+00
    outer loop
      vertex   -1.500000e+02 6.173333e+00 7.582343e+00
      vertex   -1.500000e+02 1.382667e+01 7.582343e+00
      vertex   -1.500000e+02 1.375000e+01 7.000000e+00
    endloop
  endfacet
  facet normal -1.000000e+00 0.000000e+00 0.000000e+00
    outer loop
      vertex   -1.500000e+02 6.173333e+00 7.582343e+00
      vertex   -1.500000e+02 1.375000e+01 7.000000e+00
      vertex   -1.500000e+02 6.250000e+00 7.000000e+00
    endloop
  endfacet
  facet normal -1.000000e+00 0.000000e+00 -0.000000e+00
    outer loop
      vertex   -1.500000e+02 6.250000e+00 7.000000e+00
      vertex   -1.500000e+02 1.375000e+01 7.000000e+00
      vertex   -1.500000e+02 6.173333e+00 6.417657e+00
    endloop
  endfacet
  facet normal -1.000000e+00 0.000000e+00 0.000000e+00
    outer loop
      vertex   -1.500000e+02 6.173333e+00 6.417657e+00
      vertex   -1.500000e+02 1.375000e+01 7.000000e+00
      vertex   -1.500000e+02 1.382667e+01 6.417657e+00
    endloop
  endfacet
  facet normal -1.000000e+00 0.000000e+00 -0.000000e+00
    outer loop
      vertex   -1.500000e+02 6.173333e+00 6.417657e+00
      vertex   -1.500000e+02 1.382667e+01 6.417657e+00
      vertex   -1.500000e+02 5.948557e+00 5.875000e+00
    endloop
  endfacet
  facet normal -1.000000e+00 0.000000e+00 0.000000e+00
    outer loop
      vertex   -1.500000e+02 5.948557e+00 5.875000e+00
      vertex   -1.500000e+02 1.382667e+01 6.417657e+00
      vertex   -1.500000e+02 1.405144e+01 5.875000e+00
    endloop
  endfacet
  facet normal -1.000000e+00 0.000000e+00 -0.000000e+00
    outer loop
      vertex   -1.500000e+02 5.948557e+00 5.875000e+00
      vertex   -1.500000e+02 1.405144e+01 5.875000e+00
      vertex   -1.500000e+02 5.590990e+00 5.409010e+00
    endloop
  endfacet
  facet normal -1.000000e+00 0.000000e+00 0.000000e+00
    outer loop
      vertex   -1.500000e+02 5.590990e+00 5.409010e+00
      vertex   -1.500000e+02 1.405144e+01 5.875000e+00
      vertex   -1.500000e+02 1.440901e+01 5.409010e+00
    endloop
  endfacet
  facet normal -1.000000e+00 0.000000e+00 -0.000000e+00
    outer loop
      vertex   -1.500000e+02 3.417657e+00 -9.173333e+00
      vertex   -1.500000e+02 4.000000e+00 -9.250000e+00
      vertex   -1.500000e+02 1.000000e+00 -1.200000e+01
    endloop
  endfacet
  facet normal -1.000000e+00 0.000000e+00 0.000000e+00
    outer loop
      vertex   -1.500000e+02 1.000000e+00 -1.200000e+01
      vertex   -1.500000e+02 4.000000e+00 -9.250000e+00
      vertex   -1.500000e+02 4.582343e+00 -9.173333e+00
    endloop
  endfacet
  facet normal -1.000000e+00 0.000000e+00 0.000000e+00
    outer loop
      vertex   -1.500000e+02 1.000000e+00 -1.200000e+01
      vertex   -1.500000e+02 4.582343e+00 -9.173333e+00
      vertex   -1.500000e+02 5.125000e+00 -8.948557e+00
    endloop
  endfacet
  facet normal -1.000000e+00 0.000000e+00 -0.000000e+00
    outer loop
      vertex   -1.500000e+02 1.826667e+00 -7.582343e+00
      vertex   -1.500000e+02 2.051443e+00 -8.125000e+00
      vertex   -1.500000e+02 0.000000e+00 -1.100000e+01
    endloop
  endfacet
  facet normal -1.000000e+00 0.000000e+00 0.000000e+00
    outer loop
      vertex   -1.500000e+02 0.000000e+00 -1.100000e+01
      vertex   -1.500000e+02 2.051443e+00 -8.125000e+00
      vertex   -1.500000e+02 2.409010e+00 -8.590990e+00
    endloop
  endfacet
  facet normal -1.000000e+00 0.000000e+00 0.000000e+00
    outer loop
      vertex   -1.500000e+02 4.582343e+00 9.173333e+00
      vertex   -1.500000e+02 4.000000e+00 9.250000e+00
      vertex   -1.500000e+02 1.000000e+00 1.200000e+01
    endloop
  endfacet
  facet normal -1.000000e+00 0.000000e+00 0.000000e+00
    outer loop
      vertex   -1.500000e+02 1.000000e+00 1.200000e+01
      vertex   -1.500000e+02 4.000000e+00 9.250000e+00
      vertex   -1.500000e+02 3.417657e+00 9.173333e+00
    endloop
  endfacet
  facet normal -1.000000e+00 0.000000e+00 0.000000e+00
    outer loop
      vertex   -1.500000e+02 1.000000e+00 1.200000e+01
      vertex   -1.500000e+02 3.417657e+00 9.173333e+00
      vertex   -1.500000e+02 2.875000e+00 8.948557e+00
    endloop
  endfacet
  facet normal -1.000000e+00 -0.000000e+00 0.000000e+00
    outer loop
      vertex   -1.500000e+02 2.875000e+00 8.948557e+00
      vertex   -1.500000e+02 2.409010e+00 8.590990e+00
      vertex   -1.500000e+02 1.000000e+00 1.200000e+01
    endloop
  endfacet
  facet normal -1.000000e+00 -0.000000e+00 0.000000e+00
    outer loop
      vertex   -1.500000e+02 1.826667e+00 7.582343e+00
      vertex   -1.500000e+02 1.750000e+00 7.000000e+00
      vertex   -1.500000e+02 0.000000e+00 1.100000e+01
    endloop
  endfacet
  facet normal -1.000000e+00 0.000000e+00 0.000000e+00
    outer loop
      vertex   -1.500000e+02 0.000000e+00 1.100000e+01
      vertex   -1.500000e+02 1.750000e+00 7.000000e+00
      vertex   -1.500000e+02 1.826667e+00 6.417657e+00
    endloop
  endfacet
endsolid
