solid ASCII
  facet normal -9.945219e-01 0.000000e+00 -1.045285e-01
    outer loop
      vertex   3.764100e+01 -2.000000e+00 6.561362e+00
      vertex   3.764100e+01 0.000000e+00 6.561362e+00
      vertex   3.770000e+01 -2.000000e+00 6.000000e+00
    endloop
  endfacet
  facet normal -9.945219e-01 0.000000e+00 -1.045285e-01
    outer loop
      vertex   3.770000e+01 -2.000000e+00 6.000000e+00
      vertex   3.764100e+01 0.000000e+00 6.561362e+00
      vertex   3.770000e+01 2.905747e-14 6.000000e+00
    endloop
  endfacet
  facet normal -9.945219e-01 0.000000e+00 1.045285e-01
    outer loop
      vertex   3.770000e+01 -2.000000e+00 6.000000e+00
      vertex   3.770000e+01 2.905747e-14 6.000000e+00
      vertex   3.764100e+01 -2.000000e+00 5.438639e+00
    endloop
  endfacet
  facet normal -9.945219e-01 0.000000e+00 1.045285e-01
    outer loop
      vertex   3.764100e+01 -2.000000e+00 5.438639e+00
      vertex   3.770000e+01 2.905747e-14 6.000000e+00
      vertex   3.764100e+01 0.000000e+00 5.438639e+00
    endloop
  endfacet
  facet normal -9.510565e-01 0.000000e+00 3.090170e-01
    outer loop
      vertex   3.764100e+01 -2.000000e+00 5.438639e+00
      vertex   3.764100e+01 0.000000e+00 5.438639e+00
      vertex   3.746657e+01 -2.000000e+00 4.901811e+00
    endloop
  endfacet
  facet normal -9.510565e-01 0.000000e+00 3.090170e-01
    outer loop
      vertex   3.746657e+01 -2.000000e+00 4.901811e+00
      vertex   3.764100e+01 0.000000e+00 5.438639e+00
      vertex   3.746657e+01 0.000000e+00 4.901811e+00
    endloop
  endfacet
  facet normal -8.660254e-01 0.000000e+00 5.000000e-01
    outer loop
      vertex   3.746657e+01 -2.000000e+00 4.901811e+00
      vertex   3.746657e+01 0.000000e+00 4.901811e+00
      vertex   3.718435e+01 -2.000000e+00 4.412980e+00
    endloop
  endfacet
  facet normal -8.660254e-01 0.000000e+00 5.000000e-01
    outer loop
      vertex   3.718435e+01 -2.000000e+00 4.412980e+00
      vertex   3.746657e+01 0.000000e+00 4.901811e+00
      vertex   3.718435e+01 0.000000e+00 4.412980e+00
    endloop
  endfacet
  facet normal -7.431448e-01 0.000000e+00 6.691306e-01
    outer loop
      vertex   3.718435e+01 -2.000000e+00 4.412980e+00
      vertex   3.718435e+01 0.000000e+00 4.412980e+00
      vertex   3.680665e+01 -2.000000e+00 3.993509e+00
    endloop
  endfacet
  facet normal -7.431448e-01 0.000000e+00 6.691306e-01
    outer loop
      vertex   3.680665e+01 -2.000000e+00 3.993509e+00
      vertex   3.718435e+01 0.000000e+00 4.412980e+00
      vertex   3.680665e+01 0.000000e+00 3.993509e+00
    endloop
  endfacet
  facet normal -5.877853e-01 0.000000e+00 8.090170e-01
    outer loop
      vertex   3.680665e+01 -2.000000e+00 3.993509e+00
      vertex   3.680665e+01 0.000000e+00 3.993509e+00
      vertex   3.635000e+01 -2.000000e+00 3.661731e+00
    endloop
  endfacet
  facet normal -5.877853e-01 0.000000e+00 8.090170e-01
    outer loop
      vertex   3.635000e+01 -2.000000e+00 3.661731e+00
      vertex   3.680665e+01 0.000000e+00 3.993509e+00
      vertex   3.635000e+01 0.000000e+00 3.661731e+00
    endloop
  endfacet
  facet normal -4.067366e-01 0.000000e+00 9.135455e-01
    outer loop
      vertex   3.635000e+01 -2.000000e+00 3.661731e+00
      vertex   3.635000e+01 0.000000e+00 3.661731e+00
      vertex   3.583435e+01 -2.000000e+00 3.432147e+00
    endloop
  endfacet
  facet normal -4.067366e-01 0.000000e+00 9.135455e-01
    outer loop
      vertex   3.583435e+01 -2.000000e+00 3.432147e+00
      vertex   3.635000e+01 0.000000e+00 3.661731e+00
      vertex   3.583435e+01 0.000000e+00 3.432147e+00
    endloop
  endfacet
  facet normal -2.079117e-01 0.000000e+00 9.781476e-01
    outer loop
      vertex   3.583435e+01 -2.000000e+00 3.432147e+00
      vertex   3.583435e+01 0.000000e+00 3.432147e+00
      vertex   3.528223e+01 -2.000000e+00 3.314791e+00
    endloop
  endfacet
  facet normal -2.079117e-01 0.000000e+00 9.781476e-01
    outer loop
      vertex   3.528223e+01 -2.000000e+00 3.314791e+00
      vertex   3.583435e+01 0.000000e+00 3.432147e+00
      vertex   3.528223e+01 0.000000e+00 3.314791e+00
    endloop
  endfacet
  facet normal 0.000000e+00 -0.000000e+00 1.000000e+00
    outer loop
      vertex   3.528223e+01 -2.000000e+00 3.314791e+00
      vertex   3.528223e+01 0.000000e+00 3.314791e+00
      vertex   3.471777e+01 -2.000000e+00 3.314791e+00
    endloop
  endfacet
  facet normal 0.000000e+00 0.000000e+00 1.000000e+00
    outer loop
      vertex   3.471777e+01 -2.000000e+00 3.314791e+00
      vertex   3.528223e+01 0.000000e+00 3.314791e+00
      vertex   3.471777e+01 0.000000e+00 3.314791e+00
    endloop
  endfacet
  facet normal 2.079117e-01 -0.000000e+00 9.781476e-01
    outer loop
      vertex   3.471777e+01 -2.000000e+00 3.314791e+00
      vertex   3.471777e+01 0.000000e+00 3.314791e+00
      vertex   3.416565e+01 -2.000000e+00 3.432147e+00
    endloop
  endfacet
  facet normal 2.079117e-01 -0.000000e+00 9.781476e-01
    outer loop
      vertex   3.416565e+01 -2.000000e+00 3.432147e+00
      vertex   3.471777e+01 0.000000e+00 3.314791e+00
      vertex   3.416565e+01 0.000000e+00 3.432147e+00
    endloop
  endfacet
  facet normal 4.067366e-01 -0.000000e+00 9.135455e-01
    outer loop
      vertex   3.416565e+01 -2.000000e+00 3.432147e+00
      vertex   3.416565e+01 0.000000e+00 3.432147e+00
      vertex   3.365000e+01 -2.000000e+00 3.661731e+00
    endloop
  endfacet
  facet normal 4.067366e-01 -0.000000e+00 9.135455e-01
    outer loop
      vertex   3.365000e+01 -2.000000e+00 3.661731e+00
      vertex   3.416565e+01 0.000000e+00 3.432147e+00
      vertex   3.365000e+01 0.000000e+00 3.661731e+00
    endloop
  endfacet
  facet normal 5.877853e-01 -0.000000e+00 8.090170e-01
    outer loop
      vertex   3.365000e+01 -2.000000e+00 3.661731e+00
      vertex   3.365000e+01 0.000000e+00 3.661731e+00
      vertex   3.319335e+01 -2.000000e+00 3.993509e+00
    endloop
  endfacet
  facet normal 5.877853e-01 -0.000000e+00 8.090170e-01
    outer loop
      vertex   3.319335e+01 -2.000000e+00 3.993509e+00
      vertex   3.365000e+01 0.000000e+00 3.661731e+00
      vertex   3.319335e+01 0.000000e+00 3.993509e+00
    endloop
  endfacet
  facet normal 7.431448e-01 -0.000000e+00 6.691306e-01
    outer loop
      vertex   3.319335e+01 -2.000000e+00 3.993509e+00
      vertex   3.319335e+01 0.000000e+00 3.993509e+00
      vertex   3.281565e+01 -2.000000e+00 4.412980e+00
    endloop
  endfacet
  facet normal 7.431448e-01 -0.000000e+00 6.691306e-01
    outer loop
      vertex   3.281565e+01 -2.000000e+00 4.412980e+00
      vertex   3.319335e+01 0.000000e+00 3.993509e+00
      vertex   3.281565e+01 0.000000e+00 4.412980e+00
    endloop
  endfacet
  facet normal 8.660254e-01 -0.000000e+00 5.000000e-01
    outer loop
      vertex   3.281565e+01 -2.000000e+00 4.412980e+00
      vertex   3.281565e+01 0.000000e+00 4.412980e+00
      vertex   3.253343e+01 -2.000000e+00 4.901811e+00
    endloop
  endfacet
  facet normal 8.660254e-01 -0.000000e+00 5.000000e-01
    outer loop
      vertex   3.253343e+01 -2.000000e+00 4.901811e+00
      vertex   3.281565e+01 0.000000e+00 4.412980e+00
      vertex   3.253343e+01 0.000000e+00 4.901811e+00
    endloop
  endfacet
  facet normal 9.510565e-01 -0.000000e+00 3.090170e-01
    outer loop
      vertex   3.253343e+01 -2.000000e+00 4.901811e+00
      vertex   3.253343e+01 0.000000e+00 4.901811e+00
      vertex   3.235900e+01 -2.000000e+00 5.438639e+00
    endloop
  endfacet
  facet normal 9.510565e-01 -0.000000e+00 3.090170e-01
    outer loop
      vertex   3.235900e+01 -2.000000e+00 5.438639e+00
      vertex   3.253343e+01 0.000000e+00 4.901811e+00
      vertex   3.235900e+01 0.000000e+00 5.438639e+00
    endloop
  endfacet
  facet normal 9.945219e-01 -0.000000e+00 1.045285e-01
    outer loop
      vertex   3.235900e+01 -2.000000e+00 5.438639e+00
      vertex   3.235900e+01 0.000000e+00 5.438639e+00
      vertex   3.230000e+01 -2.000000e+00 6.000000e+00
    endloop
  endfacet
  facet normal 9.945219e-01 -0.000000e+00 1.045285e-01
    outer loop
      vertex   3.230000e+01 -2.000000e+00 6.000000e+00
      vertex   3.235900e+01 0.000000e+00 5.438639e+00
      vertex   3.230000e+01 0.000000e+00 6.000000e+00
    endloop
  endfacet
  facet normal 9.945219e-01 0.000000e+00 -1.045285e-01
    outer loop
      vertex   3.230000e+01 -2.000000e+00 6.000000e+00
      vertex   3.230000e+01 0.000000e+00 6.000000e+00
      vertex   3.235900e+01 -2.000000e+00 6.561362e+00
    endloop
  endfacet
  facet normal 9.945219e-01 0.000000e+00 -1.045285e-01
    outer loop
      vertex   3.235900e+01 -2.000000e+00 6.561362e+00
      vertex   3.230000e+01 0.000000e+00 6.000000e+00
      vertex   3.235900e+01 0.000000e+00 6.561362e+00
    endloop
  endfacet
  facet normal 9.510565e-01 0.000000e+00 -3.090170e-01
    outer loop
      vertex   3.235900e+01 -2.000000e+00 6.561362e+00
      vertex   3.235900e+01 0.000000e+00 6.561362e+00
      vertex   3.253343e+01 -2.000000e+00 7.098189e+00
    endloop
  endfacet
  facet normal 9.510565e-01 0.000000e+00 -3.090170e-01
    outer loop
      vertex   3.253343e+01 -2.000000e+00 7.098189e+00
      vertex   3.235900e+01 0.000000e+00 6.561362e+00
      vertex   3.253343e+01 0.000000e+00 7.098189e+00
    endloop
  endfacet
  facet normal 8.660254e-01 0.000000e+00 -5.000000e-01
    outer loop
      vertex   3.253343e+01 -2.000000e+00 7.098189e+00
      vertex   3.253343e+01 0.000000e+00 7.098189e+00
      vertex   3.281565e+01 -2.000000e+00 7.587020e+00
    endloop
  endfacet
  facet normal 8.660254e-01 0.000000e+00 -5.000000e-01
    outer loop
      vertex   3.281565e+01 -2.000000e+00 7.587020e+00
      vertex   3.253343e+01 0.000000e+00 7.098189e+00
      vertex   3.281565e+01 0.000000e+00 7.587020e+00
    endloop
  endfacet
  facet normal 7.431448e-01 0.000000e+00 -6.691306e-01
    outer loop
      vertex   3.281565e+01 -2.000000e+00 7.587020e+00
      vertex   3.281565e+01 0.000000e+00 7.587020e+00
      vertex   3.319335e+01 -2.000000e+00 8.006491e+00
    endloop
  endfacet
  facet normal 7.431448e-01 0.000000e+00 -6.691306e-01
    outer loop
      vertex   3.319335e+01 -2.000000e+00 8.006491e+00
      vertex   3.281565e+01 0.000000e+00 7.587020e+00
      vertex   3.319335e+01 0.000000e+00 8.006491e+00
    endloop
  endfacet
  facet normal 5.877853e-01 0.000000e+00 -8.090170e-01
    outer loop
      vertex   3.319335e+01 -2.000000e+00 8.006491e+00
      vertex   3.319335e+01 0.000000e+00 8.006491e+00
      vertex   3.365000e+01 -2.000000e+00 8.338269e+00
    endloop
  endfacet
  facet normal 5.877853e-01 0.000000e+00 -8.090170e-01
    outer loop
      vertex   3.365000e+01 -2.000000e+00 8.338269e+00
      vertex   3.319335e+01 0.000000e+00 8.006491e+00
      vertex   3.365000e+01 0.000000e+00 8.338269e+00
    endloop
  endfacet
  facet normal 4.067366e-01 0.000000e+00 -9.135455e-01
    outer loop
      vertex   3.365000e+01 -2.000000e+00 8.338269e+00
      vertex   3.365000e+01 0.000000e+00 8.338269e+00
      vertex   3.416565e+01 -2.000000e+00 8.567853e+00
    endloop
  endfacet
  facet normal 4.067366e-01 0.000000e+00 -9.135455e-01
    outer loop
      vertex   3.416565e+01 -2.000000e+00 8.567853e+00
      vertex   3.365000e+01 0.000000e+00 8.338269e+00
      vertex   3.416565e+01 0.000000e+00 8.567853e+00
    endloop
  endfacet
  facet normal 2.079117e-01 0.000000e+00 -9.781476e-01
    outer loop
      vertex   3.416565e+01 -2.000000e+00 8.567853e+00
      vertex   3.416565e+01 0.000000e+00 8.567853e+00
      vertex   3.471777e+01 -2.000000e+00 8.685209e+00
    endloop
  endfacet
  facet normal 2.079117e-01 0.000000e+00 -9.781476e-01
    outer loop
      vertex   3.471777e+01 -2.000000e+00 8.685209e+00
      vertex   3.416565e+01 0.000000e+00 8.567853e+00
      vertex   3.471777e+01 0.000000e+00 8.685209e+00
    endloop
  endfacet
  facet normal 0.000000e+00 0.000000e+00 -1.000000e+00
    outer loop
      vertex   3.471777e+01 -2.000000e+00 8.685209e+00
      vertex   3.471777e+01 0.000000e+00 8.685209e+00
      vertex   3.528223e+01 -2.000000e+00 8.685209e+00
    endloop
  endfacet
  facet normal 0.000000e+00 0.000000e+00 -1.000000e+00
    outer loop
      vertex   3.528223e+01 -2.000000e+00 8.685209e+00
      vertex   3.471777e+01 0.000000e+00 8.685209e+00
      vertex   3.528223e+01 0.000000e+00 8.685209e+00
    endloop
  endfacet
  facet normal -2.079117e-01 0.000000e+00 -9.781476e-01
    outer loop
      vertex   3.528223e+01 -2.000000e+00 8.685209e+00
      vertex   3.528223e+01 0.000000e+00 8.685209e+00
      vertex   3.583435e+01 -2.000000e+00 8.567853e+00
    endloop
  endfacet
  facet normal -2.079117e-01 0.000000e+00 -9.781476e-01
    outer loop
      vertex   3.583435e+01 -2.000000e+00 8.567853e+00
      vertex   3.528223e+01 0.000000e+00 8.685209e+00
      vertex   3.583435e+01 0.000000e+00 8.567853e+00
    endloop
  endfacet
  facet normal -4.067366e-01 0.000000e+00 -9.135455e-01
    outer loop
      vertex   3.583435e+01 -2.000000e+00 8.567853e+00
      vertex   3.583435e+01 0.000000e+00 8.567853e+00
      vertex   3.635000e+01 -2.000000e+00 8.338269e+00
    endloop
  endfacet
  facet normal -4.067366e-01 0.000000e+00 -9.135455e-01
    outer loop
      vertex   3.635000e+01 -2.000000e+00 8.338269e+00
      vertex   3.583435e+01 0.000000e+00 8.567853e+00
      vertex   3.635000e+01 0.000000e+00 8.338269e+00
    endloop
  endfacet
  facet normal -5.877853e-01 0.000000e+00 -8.090170e-01
    outer loop
      vertex   3.635000e+01 -2.000000e+00 8.338269e+00
      vertex   3.635000e+01 0.000000e+00 8.338269e+00
      vertex   3.680665e+01 -2.000000e+00 8.006491e+00
    endloop
  endfacet
  facet normal -5.877853e-01 0.000000e+00 -8.090170e-01
    outer loop
      vertex   3.680665e+01 -2.000000e+00 8.006491e+00
      vertex   3.635000e+01 0.000000e+00 8.338269e+00
      vertex   3.680665e+01 0.000000e+00 8.006491e+00
    endloop
  endfacet
  facet normal -7.431448e-01 0.000000e+00 -6.691306e-01
    outer loop
      vertex   3.680665e+01 -2.000000e+00 8.006491e+00
      vertex   3.680665e+01 0.000000e+00 8.006491e+00
      vertex   3.718435e+01 -2.000000e+00 7.587020e+00
    endloop
  endfacet
  facet normal -7.431448e-01 0.000000e+00 -6.691306e-01
    outer loop
      vertex   3.718435e+01 -2.000000e+00 7.587020e+00
      vertex   3.680665e+01 0.000000e+00 8.006491e+00
      vertex   3.718435e+01 0.000000e+00 7.587020e+00
    endloop
  endfacet
  facet normal -8.660254e-01 0.000000e+00 -5.000000e-01
    outer loop
      vertex   3.718435e+01 -2.000000e+00 7.587020e+00
      vertex   3.718435e+01 0.000000e+00 7.587020e+00
      vertex   3.746657e+01 -2.000000e+00 7.098189e+00
    endloop
  endfacet
  facet normal -8.660254e-01 0.000000e+00 -5.000000e-01
    outer loop
      vertex   3.746657e+01 -2.000000e+00 7.098189e+00
      vertex   3.718435e+01 0.000000e+00 7.587020e+00
      vertex   3.746657e+01 0.000000e+00 7.098189e+00
    endloop
  endfacet
  facet normal -9.510565e-01 0.000000e+00 -3.090170e-01
    outer loop
      vertex   3.746657e+01 -2.000000e+00 7.098189e+00
      vertex   3.746657e+01 0.000000e+00 7.098189e+00
      vertex   3.764100e+01 -2.000000e+00 6.561362e+00
    endloop
  endfacet
  facet normal -9.510565e-01 0.000000e+00 -3.090170e-01
    outer loop
      vertex   3.764100e+01 -2.000000e+00 6.561362e+00
      vertex   3.746657e+01 0.000000e+00 7.098189e+00
      vertex   3.764100e+01 0.000000e+00 6.561362e+00
    endloop
  endfacet
  facet normal -0.000000e+00 1.000000e+00 0.000000e+00
    outer loop
      vertex   3.654548e+01 -2.000000e+00 6.414110e+00
      vertex   3.764100e+01 -2.000000e+00 6.561362e+00
      vertex   3.660000e+01 -2.000000e+00 6.000000e+00
    endloop
  endfacet
  facet normal 0.000000e+00 1.000000e+00 0.000000e+00
    outer loop
      vertex   3.660000e+01 -2.000000e+00 6.000000e+00
      vertex   3.764100e+01 -2.000000e+00 6.561362e+00
      vertex   3.770000e+01 -2.000000e+00 6.000000e+00
    endloop
  endfacet
  facet normal -0.000000e+00 1.000000e+00 0.000000e+00
    outer loop
      vertex   3.660000e+01 -2.000000e+00 6.000000e+00
      vertex   3.770000e+01 -2.000000e+00 6.000000e+00
      vertex   3.764100e+01 -2.000000e+00 5.438639e+00
    endloop
  endfacet
  facet normal 0.000000e+00 1.000000e+00 0.000000e+00
    outer loop
      vertex   3.764100e+01 -2.000000e+00 6.561362e+00
      vertex   3.654548e+01 -2.000000e+00 6.414110e+00
      vertex   3.746657e+01 -2.000000e+00 7.098189e+00
    endloop
  endfacet
  facet normal 0.000000e+00 1.000000e+00 0.000000e+00
    outer loop
      vertex   3.746657e+01 -2.000000e+00 7.098189e+00
      vertex   3.654548e+01 -2.000000e+00 6.414110e+00
      vertex   3.638564e+01 -2.000000e+00 6.800000e+00
    endloop
  endfacet
  facet normal 0.000000e+00 1.000000e+00 0.000000e+00
    outer loop
      vertex   3.746657e+01 -2.000000e+00 7.098189e+00
      vertex   3.638564e+01 -2.000000e+00 6.800000e+00
      vertex   3.718435e+01 -2.000000e+00 7.587020e+00
    endloop
  endfacet
  facet normal 0.000000e+00 1.000000e+00 0.000000e+00
    outer loop
      vertex   3.718435e+01 -2.000000e+00 7.587020e+00
      vertex   3.638564e+01 -2.000000e+00 6.800000e+00
      vertex   3.613137e+01 -2.000000e+00 7.131371e+00
    endloop
  endfacet
  facet normal 0.000000e+00 1.000000e+00 0.000000e+00
    outer loop
      vertex   3.718435e+01 -2.000000e+00 7.587020e+00
      vertex   3.613137e+01 -2.000000e+00 7.131371e+00
      vertex   3.680665e+01 -2.000000e+00 8.006491e+00
    endloop
  endfacet
  facet normal 0.000000e+00 1.000000e+00 0.000000e+00
    outer loop
      vertex   3.680665e+01 -2.000000e+00 8.006491e+00
      vertex   3.613137e+01 -2.000000e+00 7.131371e+00
      vertex   3.580000e+01 -2.000000e+00 7.385641e+00
    endloop
  endfacet
  facet normal 0.000000e+00 1.000000e+00 0.000000e+00
    outer loop
      vertex   3.680665e+01 -2.000000e+00 8.006491e+00
      vertex   3.580000e+01 -2.000000e+00 7.385641e+00
      vertex   3.635000e+01 -2.000000e+00 8.338269e+00
    endloop
  endfacet
  facet normal 0.000000e+00 1.000000e+00 0.000000e+00
    outer loop
      vertex   3.635000e+01 -2.000000e+00 8.338269e+00
      vertex   3.580000e+01 -2.000000e+00 7.385641e+00
      vertex   3.583435e+01 -2.000000e+00 8.567853e+00
    endloop
  endfacet
  facet normal 0.000000e+00 1.000000e+00 0.000000e+00
    outer loop
      vertex   3.583435e+01 -2.000000e+00 8.567853e+00
      vertex   3.580000e+01 -2.000000e+00 7.385641e+00
      vertex   3.541411e+01 -2.000000e+00 7.545481e+00
    endloop
  endfacet
  facet normal 0.000000e+00 1.000000e+00 0.000000e+00
    outer loop
      vertex   3.583435e+01 -2.000000e+00 8.567853e+00
      vertex   3.541411e+01 -2.000000e+00 7.545481e+00
      vertex   3.528223e+01 -2.000000e+00 8.685209e+00
    endloop
  endfacet
  facet normal 0.000000e+00 1.000000e+00 0.000000e+00
    outer loop
      vertex   3.528223e+01 -2.000000e+00 8.685209e+00
      vertex   3.541411e+01 -2.000000e+00 7.545481e+00
      vertex   3.500000e+01 -2.000000e+00 7.600000e+00
    endloop
  endfacet
  facet normal 0.000000e+00 1.000000e+00 0.000000e+00
    outer loop
      vertex   3.528223e+01 -2.000000e+00 8.685209e+00
      vertex   3.500000e+01 -2.000000e+00 7.600000e+00
      vertex   3.471777e+01 -2.000000e+00 8.685209e+00
    endloop
  endfacet
  facet normal 0.000000e+00 1.000000e+00 0.000000e+00
    outer loop
      vertex   3.471777e+01 -2.000000e+00 8.685209e+00
      vertex   3.500000e+01 -2.000000e+00 7.600000e+00
      vertex   3.458589e+01 -2.000000e+00 7.545481e+00
    endloop
  endfacet
  facet normal 0.000000e+00 1.000000e+00 0.000000e+00
    outer loop
      vertex   3.471777e+01 -2.000000e+00 8.685209e+00
      vertex   3.458589e+01 -2.000000e+00 7.545481e+00
      vertex   3.416565e+01 -2.000000e+00 8.567853e+00
    endloop
  endfacet
  facet normal 0.000000e+00 1.000000e+00 0.000000e+00
    outer loop
      vertex   3.416565e+01 -2.000000e+00 8.567853e+00
      vertex   3.458589e+01 -2.000000e+00 7.545481e+00
      vertex   3.420000e+01 -2.000000e+00 7.385641e+00
    endloop
  endfacet
  facet normal 0.000000e+00 1.000000e+00 0.000000e+00
    outer loop
      vertex   3.416565e+01 -2.000000e+00 8.567853e+00
      vertex   3.420000e+01 -2.000000e+00 7.385641e+00
      vertex   3.365000e+01 -2.000000e+00 8.338269e+00
    endloop
  endfacet
  facet normal 0.000000e+00 1.000000e+00 0.000000e+00
    outer loop
      vertex   3.365000e+01 -2.000000e+00 8.338269e+00
      vertex   3.420000e+01 -2.000000e+00 7.385641e+00
      vertex   3.319335e+01 -2.000000e+00 8.006491e+00
    endloop
  endfacet
  facet normal 0.000000e+00 1.000000e+00 0.000000e+00
    outer loop
      vertex   3.319335e+01 -2.000000e+00 8.006491e+00
      vertex   3.420000e+01 -2.000000e+00 7.385641e+00
      vertex   3.386863e+01 -2.000000e+00 7.131371e+00
    endloop
  endfacet
  facet normal 0.000000e+00 1.000000e+00 0.000000e+00
    outer loop
      vertex   3.319335e+01 -2.000000e+00 8.006491e+00
      vertex   3.386863e+01 -2.000000e+00 7.131371e+00
      vertex   3.281565e+01 -2.000000e+00 7.587020e+00
    endloop
  endfacet
  facet normal 0.000000e+00 1.000000e+00 0.000000e+00
    outer loop
      vertex   3.281565e+01 -2.000000e+00 7.587020e+00
      vertex   3.386863e+01 -2.000000e+00 7.131371e+00
      vertex   3.361436e+01 -2.000000e+00 6.800000e+00
    endloop
  endfacet
  facet normal 0.000000e+00 1.000000e+00 0.000000e+00
    outer loop
      vertex   3.281565e+01 -2.000000e+00 7.587020e+00
      vertex   3.361436e+01 -2.000000e+00 6.800000e+00
      vertex   3.253343e+01 -2.000000e+00 7.098189e+00
    endloop
  endfacet
  facet normal 0.000000e+00 1.000000e+00 0.000000e+00
    outer loop
      vertex   3.253343e+01 -2.000000e+00 7.098189e+00
      vertex   3.361436e+01 -2.000000e+00 6.800000e+00
      vertex   3.345452e+01 -2.000000e+00 6.414110e+00
    endloop
  endfacet
  facet normal 0.000000e+00 1.000000e+00 0.000000e+00
    outer loop
      vertex   3.253343e+01 -2.000000e+00 7.098189e+00
      vertex   3.345452e+01 -2.000000e+00 6.414110e+00
      vertex   3.235900e+01 -2.000000e+00 6.561362e+00
    endloop
  endfacet
  facet normal 0.000000e+00 1.000000e+00 0.000000e+00
    outer loop
      vertex   3.235900e+01 -2.000000e+00 6.561362e+00
      vertex   3.345452e+01 -2.000000e+00 6.414110e+00
      vertex   3.340000e+01 -2.000000e+00 6.000000e+00
    endloop
  endfacet
  facet normal 0.000000e+00 1.000000e+00 0.000000e+00
    outer loop
      vertex   3.235900e+01 -2.000000e+00 6.561362e+00
      vertex   3.340000e+01 -2.000000e+00 6.000000e+00
      vertex   3.230000e+01 -2.000000e+00 6.000000e+00
    endloop
  endfacet
  facet normal 0.000000e+00 1.000000e+00 0.000000e+00
    outer loop
      vertex   3.230000e+01 -2.000000e+00 6.000000e+00
      vertex   3.340000e+01 -2.000000e+00 6.000000e+00
      vertex   3.235900e+01 -2.000000e+00 5.438639e+00
    endloop
  endfacet
  facet normal 0.000000e+00 1.000000e+00 0.000000e+00
    outer loop
      vertex   3.235900e+01 -2.000000e+00 5.438639e+00
      vertex   3.340000e+01 -2.000000e+00 6.000000e+00
      vertex   3.345452e+01 -2.000000e+00 5.585890e+00
    endloop
  endfacet
  facet normal -0.000000e+00 1.000000e+00 0.000000e+00
    outer loop
      vertex   3.235900e+01 -2.000000e+00 5.438639e+00
      vertex   3.345452e+01 -2.000000e+00 5.585890e+00
      vertex   3.253343e+01 -2.000000e+00 4.901811e+00
    endloop
  endfacet
  facet normal 0.000000e+00 1.000000e+00 0.000000e+00
    outer loop
      vertex   3.253343e+01 -2.000000e+00 4.901811e+00
      vertex   3.345452e+01 -2.000000e+00 5.585890e+00
      vertex   3.361436e+01 -2.000000e+00 5.200000e+00
    endloop
  endfacet
  facet normal -0.000000e+00 1.000000e+00 0.000000e+00
    outer loop
      vertex   3.253343e+01 -2.000000e+00 4.901811e+00
      vertex   3.361436e+01 -2.000000e+00 5.200000e+00
      vertex   3.281565e+01 -2.000000e+00 4.412980e+00
    endloop
  endfacet
  facet normal 0.000000e+00 1.000000e+00 0.000000e+00
    outer loop
      vertex   3.281565e+01 -2.000000e+00 4.412980e+00
      vertex   3.361436e+01 -2.000000e+00 5.200000e+00
      vertex   3.386863e+01 -2.000000e+00 4.868629e+00
    endloop
  endfacet
  facet normal -0.000000e+00 1.000000e+00 0.000000e+00
    outer loop
      vertex   3.281565e+01 -2.000000e+00 4.412980e+00
      vertex   3.386863e+01 -2.000000e+00 4.868629e+00
      vertex   3.319335e+01 -2.000000e+00 3.993509e+00
    endloop
  endfacet
  facet normal 0.000000e+00 1.000000e+00 0.000000e+00
    outer loop
      vertex   3.319335e+01 -2.000000e+00 3.993509e+00
      vertex   3.386863e+01 -2.000000e+00 4.868629e+00
      vertex   3.420000e+01 -2.000000e+00 4.614359e+00
    endloop
  endfacet
  facet normal -0.000000e+00 1.000000e+00 0.000000e+00
    outer loop
      vertex   3.319335e+01 -2.000000e+00 3.993509e+00
      vertex   3.420000e+01 -2.000000e+00 4.614359e+00
      vertex   3.365000e+01 -2.000000e+00 3.661731e+00
    endloop
  endfacet
  facet normal -0.000000e+00 1.000000e+00 0.000000e+00
    outer loop
      vertex   3.365000e+01 -2.000000e+00 3.661731e+00
      vertex   3.420000e+01 -2.000000e+00 4.614359e+00
      vertex   3.416565e+01 -2.000000e+00 3.432147e+00
    endloop
  endfacet
  facet normal 0.000000e+00 1.000000e+00 0.000000e+00
    outer loop
      vertex   3.416565e+01 -2.000000e+00 3.432147e+00
      vertex   3.420000e+01 -2.000000e+00 4.614359e+00
      vertex   3.458589e+01 -2.000000e+00 4.454519e+00
    endloop
  endfacet
  facet normal -0.000000e+00 1.000000e+00 0.000000e+00
    outer loop
      vertex   3.416565e+01 -2.000000e+00 3.432147e+00
      vertex   3.458589e+01 -2.000000e+00 4.454519e+00
      vertex   3.471777e+01 -2.000000e+00 3.314791e+00
    endloop
  endfacet
  facet normal 0.000000e+00 1.000000e+00 -0.000000e+00
    outer loop
      vertex   3.471777e+01 -2.000000e+00 3.314791e+00
      vertex   3.458589e+01 -2.000000e+00 4.454519e+00
      vertex   3.500000e+01 -2.000000e+00 4.400000e+00
    endloop
  endfacet
  facet normal 0.000000e+00 1.000000e+00 0.000000e+00
    outer loop
      vertex   3.471777e+01 -2.000000e+00 3.314791e+00
      vertex   3.500000e+01 -2.000000e+00 4.400000e+00
      vertex   3.528223e+01 -2.000000e+00 3.314791e+00
    endloop
  endfacet
  facet normal 0.000000e+00 1.000000e+00 -0.000000e+00
    outer loop
      vertex   3.528223e+01 -2.000000e+00 3.314791e+00
      vertex   3.500000e+01 -2.000000e+00 4.400000e+00
      vertex   3.541411e+01 -2.000000e+00 4.454519e+00
    endloop
  endfacet
  facet normal 0.000000e+00 1.000000e+00 0.000000e+00
    outer loop
      vertex   3.528223e+01 -2.000000e+00 3.314791e+00
      vertex   3.541411e+01 -2.000000e+00 4.454519e+00
      vertex   3.583435e+01 -2.000000e+00 3.432147e+00
    endloop
  endfacet
  facet normal 0.000000e+00 1.000000e+00 0.000000e+00
    outer loop
      vertex   3.583435e+01 -2.000000e+00 3.432147e+00
      vertex   3.541411e+01 -2.000000e+00 4.454519e+00
      vertex   3.580000e+01 -2.000000e+00 4.614359e+00
    endloop
  endfacet
  facet normal 0.000000e+00 1.000000e+00 -0.000000e+00
    outer loop
      vertex   3.583435e+01 -2.000000e+00 3.432147e+00
      vertex   3.580000e+01 -2.000000e+00 4.614359e+00
      vertex   3.635000e+01 -2.000000e+00 3.661731e+00
    endloop
  endfacet
  facet normal 0.000000e+00 1.000000e+00 -0.000000e+00
    outer loop
      vertex   3.635000e+01 -2.000000e+00 3.661731e+00
      vertex   3.580000e+01 -2.000000e+00 4.614359e+00
      vertex   3.680665e+01 -2.000000e+00 3.993509e+00
    endloop
  endfacet
  facet normal 0.000000e+00 1.000000e+00 0.000000e+00
    outer loop
      vertex   3.680665e+01 -2.000000e+00 3.993509e+00
      vertex   3.580000e+01 -2.000000e+00 4.614359e+00
      vertex   3.613137e+01 -2.000000e+00 4.868629e+00
    endloop
  endfacet
  facet normal 0.000000e+00 1.000000e+00 -0.000000e+00
    outer loop
      vertex   3.680665e+01 -2.000000e+00 3.993509e+00
      vertex   3.613137e+01 -2.000000e+00 4.868629e+00
      vertex   3.718435e+01 -2.000000e+00 4.412980e+00
    endloop
  endfacet
  facet normal 0.000000e+00 1.000000e+00 0.000000e+00
    outer loop
      vertex   3.718435e+01 -2.000000e+00 4.412980e+00
      vertex   3.613137e+01 -2.000000e+00 4.868629e+00
      vertex   3.638564e+01 -2.000000e+00 5.200000e+00
    endloop
  endfacet
  facet normal 0.000000e+00 1.000000e+00 -0.000000e+00
    outer loop
      vertex   3.718435e+01 -2.000000e+00 4.412980e+00
      vertex   3.638564e+01 -2.000000e+00 5.200000e+00
      vertex   3.746657e+01 -2.000000e+00 4.901811e+00
    endloop
  endfacet
  facet normal 0.000000e+00 1.000000e+00 0.000000e+00
    outer loop
      vertex   3.746657e+01 -2.000000e+00 4.901811e+00
      vertex   3.638564e+01 -2.000000e+00 5.200000e+00
      vertex   3.654548e+01 -2.000000e+00 5.585890e+00
    endloop
  endfacet
  facet normal 0.000000e+00 1.000000e+00 -0.000000e+00
    outer loop
      vertex   3.746657e+01 -2.000000e+00 4.901811e+00
      vertex   3.654548e+01 -2.000000e+00 5.585890e+00
      vertex   3.764100e+01 -2.000000e+00 5.438639e+00
    endloop
  endfacet
  facet normal 0.000000e+00 1.000000e+00 0.000000e+00
    outer loop
      vertex   3.764100e+01 -2.000000e+00 5.438639e+00
      vertex   3.654548e+01 -2.000000e+00 5.585890e+00
      vertex   3.660000e+01 -2.000000e+00 6.000000e+00
    endloop
  endfacet
  facet normal -9.945219e-01 0.000000e+00 -1.045285e-01
    outer loop
      vertex   1.064100e+01 -2.000000e+00 6.956136e+01
      vertex   1.064100e+01 2.714384e-14 6.956136e+01
      vertex   1.070000e+01 -2.000000e+00 6.900000e+01
    endloop
  endfacet
  facet normal -9.945219e-01 0.000000e+00 -1.045285e-01
    outer loop
      vertex   1.070000e+01 -2.000000e+00 6.900000e+01
      vertex   1.064100e+01 2.714384e-14 6.956136e+01
      vertex   1.070000e+01 2.905747e-14 6.900000e+01
    endloop
  endfacet
  facet normal -9.945219e-01 0.000000e+00 1.045285e-01
    outer loop
      vertex   1.070000e+01 -2.000000e+00 6.900000e+01
      vertex   1.070000e+01 2.905747e-14 6.900000e+01
      vertex   1.064100e+01 -2.000000e+00 6.843864e+01
    endloop
  endfacet
  facet normal -9.945219e-01 0.000000e+00 1.045285e-01
    outer loop
      vertex   1.064100e+01 -2.000000e+00 6.843864e+01
      vertex   1.070000e+01 2.905747e-14 6.900000e+01
      vertex   1.064100e+01 2.670880e-14 6.843864e+01
    endloop
  endfacet
  facet normal -9.510565e-01 0.000000e+00 3.090170e-01
    outer loop
      vertex   1.064100e+01 -2.000000e+00 6.843864e+01
      vertex   1.064100e+01 2.670880e-14 6.843864e+01
      vertex   1.046657e+01 -2.000000e+00 6.790181e+01
    endloop
  endfacet
  facet normal -9.510565e-01 0.000000e+00 3.090170e-01
    outer loop
      vertex   1.046657e+01 -2.000000e+00 6.790181e+01
      vertex   1.064100e+01 2.670880e-14 6.843864e+01
      vertex   1.046657e+01 2.650079e-14 6.790181e+01
    endloop
  endfacet
  facet normal -8.660254e-01 0.000000e+00 5.000000e-01
    outer loop
      vertex   1.046657e+01 -2.000000e+00 6.790181e+01
      vertex   1.046657e+01 2.650079e-14 6.790181e+01
      vertex   1.018435e+01 -2.000000e+00 6.741298e+01
    endloop
  endfacet
  facet normal -8.660254e-01 0.000000e+00 5.000000e-01
    outer loop
      vertex   1.018435e+01 -2.000000e+00 6.741298e+01
      vertex   1.046657e+01 2.650079e-14 6.790181e+01
      vertex   1.018435e+01 2.631138e-14 6.741298e+01
    endloop
  endfacet
  facet normal -7.431448e-01 0.000000e+00 6.691306e-01
    outer loop
      vertex   1.018435e+01 -2.000000e+00 6.741298e+01
      vertex   1.018435e+01 2.631138e-14 6.741298e+01
      vertex   9.806653e+00 -2.000000e+00 6.699351e+01
    endloop
  endfacet
  facet normal -7.431448e-01 0.000000e+00 6.691306e-01
    outer loop
      vertex   9.806653e+00 -2.000000e+00 6.699351e+01
      vertex   1.018435e+01 2.631138e-14 6.741298e+01
      vertex   9.806653e+00 2.614884e-14 6.699351e+01
    endloop
  endfacet
  facet normal -5.877853e-01 0.000000e+00 8.090170e-01
    outer loop
      vertex   9.806653e+00 -2.000000e+00 6.699351e+01
      vertex   9.806653e+00 2.614884e-14 6.699351e+01
      vertex   9.350000e+00 -2.000000e+00 6.666173e+01
    endloop
  endfacet
  facet normal -5.877853e-01 0.000000e+00 8.090170e-01
    outer loop
      vertex   9.350000e+00 -2.000000e+00 6.666173e+01
      vertex   9.806653e+00 2.614884e-14 6.699351e+01
      vertex   9.350000e+00 2.602028e-14 6.666173e+01
    endloop
  endfacet
  facet normal -4.067366e-01 0.000000e+00 9.135455e-01
    outer loop
      vertex   9.350000e+00 -2.000000e+00 6.666173e+01
      vertex   9.350000e+00 2.602028e-14 6.666173e+01
      vertex   8.834346e+00 -2.000000e+00 6.643215e+01
    endloop
  endfacet
  facet normal -4.067366e-01 0.000000e+00 9.135455e-01
    outer loop
      vertex   8.834346e+00 -2.000000e+00 6.643215e+01
      vertex   9.350000e+00 2.602028e-14 6.666173e+01
      vertex   8.834346e+00 2.593132e-14 6.643215e+01
    endloop
  endfacet
  facet normal -2.079117e-01 0.000000e+00 9.781476e-01
    outer loop
      vertex   8.834346e+00 -2.000000e+00 6.643215e+01
      vertex   8.834346e+00 2.593132e-14 6.643215e+01
      vertex   8.282227e+00 -2.000000e+00 6.631479e+01
    endloop
  endfacet
  facet normal -2.079117e-01 0.000000e+00 9.781476e-01
    outer loop
      vertex   8.282227e+00 -2.000000e+00 6.631479e+01
      vertex   8.834346e+00 2.593132e-14 6.643215e+01
      vertex   8.282227e+00 2.588585e-14 6.631479e+01
    endloop
  endfacet
  facet normal 0.000000e+00 -0.000000e+00 1.000000e+00
    outer loop
      vertex   8.282227e+00 -2.000000e+00 6.631479e+01
      vertex   8.282227e+00 2.588585e-14 6.631479e+01
      vertex   7.717773e+00 -2.000000e+00 6.631479e+01
    endloop
  endfacet
  facet normal 0.000000e+00 0.000000e+00 1.000000e+00
    outer loop
      vertex   7.717773e+00 -2.000000e+00 6.631479e+01
      vertex   8.282227e+00 2.588585e-14 6.631479e+01
      vertex   7.717773e+00 2.588585e-14 6.631479e+01
    endloop
  endfacet
  facet normal 2.079117e-01 -0.000000e+00 9.781476e-01
    outer loop
      vertex   7.717773e+00 -2.000000e+00 6.631479e+01
      vertex   7.717773e+00 2.588585e-14 6.631479e+01
      vertex   7.165654e+00 -2.000000e+00 6.643215e+01
    endloop
  endfacet
  facet normal 2.079117e-01 -0.000000e+00 9.781476e-01
    outer loop
      vertex   7.165654e+00 -2.000000e+00 6.643215e+01
      vertex   7.717773e+00 2.588585e-14 6.631479e+01
      vertex   7.165654e+00 2.593132e-14 6.643215e+01
    endloop
  endfacet
  facet normal 4.067366e-01 -0.000000e+00 9.135455e-01
    outer loop
      vertex   7.165654e+00 -2.000000e+00 6.643215e+01
      vertex   7.165654e+00 2.593132e-14 6.643215e+01
      vertex   6.650000e+00 -2.000000e+00 6.666173e+01
    endloop
  endfacet
  facet normal 4.067366e-01 -0.000000e+00 9.135455e-01
    outer loop
      vertex   6.650000e+00 -2.000000e+00 6.666173e+01
      vertex   7.165654e+00 2.593132e-14 6.643215e+01
      vertex   6.650000e+00 2.602028e-14 6.666173e+01
    endloop
  endfacet
  facet normal 5.877853e-01 -0.000000e+00 8.090170e-01
    outer loop
      vertex   6.650000e+00 -2.000000e+00 6.666173e+01
      vertex   6.650000e+00 2.602028e-14 6.666173e+01
      vertex   6.193347e+00 -2.000000e+00 6.699351e+01
    endloop
  endfacet
  facet normal 5.877853e-01 -0.000000e+00 8.090170e-01
    outer loop
      vertex   6.193347e+00 -2.000000e+00 6.699351e+01
      vertex   6.650000e+00 2.602028e-14 6.666173e+01
      vertex   6.193347e+00 2.614884e-14 6.699351e+01
    endloop
  endfacet
  facet normal 7.431448e-01 -0.000000e+00 6.691306e-01
    outer loop
      vertex   6.193347e+00 -2.000000e+00 6.699351e+01
      vertex   6.193347e+00 2.614884e-14 6.699351e+01
      vertex   5.815654e+00 -2.000000e+00 6.741298e+01
    endloop
  endfacet
  facet normal 7.431448e-01 -0.000000e+00 6.691306e-01
    outer loop
      vertex   5.815654e+00 -2.000000e+00 6.741298e+01
      vertex   6.193347e+00 2.614884e-14 6.699351e+01
      vertex   5.815654e+00 2.631138e-14 6.741298e+01
    endloop
  endfacet
  facet normal 8.660254e-01 -0.000000e+00 5.000000e-01
    outer loop
      vertex   5.815654e+00 -2.000000e+00 6.741298e+01
      vertex   5.815654e+00 2.631138e-14 6.741298e+01
      vertex   5.533427e+00 -2.000000e+00 6.790181e+01
    endloop
  endfacet
  facet normal 8.660254e-01 -0.000000e+00 5.000000e-01
    outer loop
      vertex   5.533427e+00 -2.000000e+00 6.790181e+01
      vertex   5.815654e+00 2.631138e-14 6.741298e+01
      vertex   5.533427e+00 2.650079e-14 6.790181e+01
    endloop
  endfacet
  facet normal 9.510565e-01 -0.000000e+00 3.090170e-01
    outer loop
      vertex   5.533427e+00 -2.000000e+00 6.790181e+01
      vertex   5.533427e+00 2.650079e-14 6.790181e+01
      vertex   5.359001e+00 -2.000000e+00 6.843864e+01
    endloop
  endfacet
  facet normal 9.510565e-01 -0.000000e+00 3.090170e-01
    outer loop
      vertex   5.359001e+00 -2.000000e+00 6.843864e+01
      vertex   5.533427e+00 2.650079e-14 6.790181e+01
      vertex   5.359001e+00 2.670880e-14 6.843864e+01
    endloop
  endfacet
  facet normal 9.945219e-01 -0.000000e+00 1.045285e-01
    outer loop
      vertex   5.359001e+00 -2.000000e+00 6.843864e+01
      vertex   5.359001e+00 2.670880e-14 6.843864e+01
      vertex   5.300000e+00 -2.000000e+00 6.900000e+01
    endloop
  endfacet
  facet normal 9.945219e-01 -0.000000e+00 1.045285e-01
    outer loop
      vertex   5.300000e+00 -2.000000e+00 6.900000e+01
      vertex   5.359001e+00 2.670880e-14 6.843864e+01
      vertex   5.300000e+00 2.692632e-14 6.900000e+01
    endloop
  endfacet
  facet normal 9.945219e-01 0.000000e+00 -1.045285e-01
    outer loop
      vertex   5.300000e+00 -2.000000e+00 6.900000e+01
      vertex   5.300000e+00 2.692632e-14 6.900000e+01
      vertex   5.359001e+00 -2.000000e+00 6.956136e+01
    endloop
  endfacet
  facet normal 9.945219e-01 0.000000e+00 -1.045285e-01
    outer loop
      vertex   5.359001e+00 -2.000000e+00 6.956136e+01
      vertex   5.300000e+00 2.692632e-14 6.900000e+01
      vertex   5.359001e+00 2.714384e-14 6.956136e+01
    endloop
  endfacet
  facet normal 9.510565e-01 0.000000e+00 -3.090170e-01
    outer loop
      vertex   5.359001e+00 -2.000000e+00 6.956136e+01
      vertex   5.359001e+00 2.714384e-14 6.956136e+01
      vertex   5.533427e+00 -2.000000e+00 7.009819e+01
    endloop
  endfacet
  facet normal 9.510565e-01 0.000000e+00 -3.090170e-01
    outer loop
      vertex   5.533427e+00 -2.000000e+00 7.009819e+01
      vertex   5.359001e+00 2.714384e-14 6.956136e+01
      vertex   5.533427e+00 2.735185e-14 7.009819e+01
    endloop
  endfacet
  facet normal 8.660254e-01 0.000000e+00 -5.000000e-01
    outer loop
      vertex   5.533427e+00 -2.000000e+00 7.009819e+01
      vertex   5.533427e+00 2.735185e-14 7.009819e+01
      vertex   5.815654e+00 -2.000000e+00 7.058702e+01
    endloop
  endfacet
  facet normal 8.660254e-01 0.000000e+00 -5.000000e-01
    outer loop
      vertex   5.815654e+00 -2.000000e+00 7.058702e+01
      vertex   5.533427e+00 2.735185e-14 7.009819e+01
      vertex   5.815654e+00 2.754126e-14 7.058702e+01
    endloop
  endfacet
  facet normal 7.431448e-01 0.000000e+00 -6.691306e-01
    outer loop
      vertex   5.815654e+00 -2.000000e+00 7.058702e+01
      vertex   5.815654e+00 2.754126e-14 7.058702e+01
      vertex   6.193347e+00 -2.000000e+00 7.100649e+01
    endloop
  endfacet
  facet normal 7.431448e-01 0.000000e+00 -6.691306e-01
    outer loop
      vertex   6.193347e+00 -2.000000e+00 7.100649e+01
      vertex   5.815654e+00 2.754126e-14 7.058702e+01
      vertex   6.193347e+00 2.770380e-14 7.100649e+01
    endloop
  endfacet
  facet normal 5.877853e-01 0.000000e+00 -8.090170e-01
    outer loop
      vertex   6.193347e+00 -2.000000e+00 7.100649e+01
      vertex   6.193347e+00 2.770380e-14 7.100649e+01
      vertex   6.650000e+00 -2.000000e+00 7.133827e+01
    endloop
  endfacet
  facet normal 5.877853e-01 0.000000e+00 -8.090170e-01
    outer loop
      vertex   6.650000e+00 -2.000000e+00 7.133827e+01
      vertex   6.193347e+00 2.770380e-14 7.100649e+01
      vertex   6.650000e+00 2.783236e-14 7.133827e+01
    endloop
  endfacet
  facet normal 4.067366e-01 0.000000e+00 -9.135455e-01
    outer loop
      vertex   6.650000e+00 -2.000000e+00 7.133827e+01
      vertex   6.650000e+00 2.783236e-14 7.133827e+01
      vertex   7.165654e+00 -2.000000e+00 7.156785e+01
    endloop
  endfacet
  facet normal 4.067366e-01 0.000000e+00 -9.135455e-01
    outer loop
      vertex   7.165654e+00 -2.000000e+00 7.156785e+01
      vertex   6.650000e+00 2.783236e-14 7.133827e+01
      vertex   7.165654e+00 2.792132e-14 7.156785e+01
    endloop
  endfacet
  facet normal 2.079117e-01 0.000000e+00 -9.781476e-01
    outer loop
      vertex   7.165654e+00 -2.000000e+00 7.156785e+01
      vertex   7.165654e+00 2.792132e-14 7.156785e+01
      vertex   7.717773e+00 -2.000000e+00 7.168521e+01
    endloop
  endfacet
  facet normal 2.079117e-01 0.000000e+00 -9.781476e-01
    outer loop
      vertex   7.717773e+00 -2.000000e+00 7.168521e+01
      vertex   7.165654e+00 2.792132e-14 7.156785e+01
      vertex   7.717773e+00 2.796679e-14 7.168521e+01
    endloop
  endfacet
  facet normal 0.000000e+00 0.000000e+00 -1.000000e+00
    outer loop
      vertex   7.717773e+00 -2.000000e+00 7.168521e+01
      vertex   7.717773e+00 2.796679e-14 7.168521e+01
      vertex   8.282227e+00 -2.000000e+00 7.168521e+01
    endloop
  endfacet
  facet normal 0.000000e+00 0.000000e+00 -1.000000e+00
    outer loop
      vertex   8.282227e+00 -2.000000e+00 7.168521e+01
      vertex   7.717773e+00 2.796679e-14 7.168521e+01
      vertex   8.282227e+00 2.796679e-14 7.168521e+01
    endloop
  endfacet
  facet normal -2.079117e-01 0.000000e+00 -9.781476e-01
    outer loop
      vertex   8.282227e+00 -2.000000e+00 7.168521e+01
      vertex   8.282227e+00 2.796679e-14 7.168521e+01
      vertex   8.834346e+00 -2.000000e+00 7.156785e+01
    endloop
  endfacet
  facet normal -2.079117e-01 0.000000e+00 -9.781476e-01
    outer loop
      vertex   8.834346e+00 -2.000000e+00 7.156785e+01
      vertex   8.282227e+00 2.796679e-14 7.168521e+01
      vertex   8.834346e+00 2.792132e-14 7.156785e+01
    endloop
  endfacet
  facet normal -4.067366e-01 0.000000e+00 -9.135455e-01
    outer loop
      vertex   8.834346e+00 -2.000000e+00 7.156785e+01
      vertex   8.834346e+00 2.792132e-14 7.156785e+01
      vertex   9.350000e+00 -2.000000e+00 7.133827e+01
    endloop
  endfacet
  facet normal -4.067366e-01 0.000000e+00 -9.135455e-01
    outer loop
      vertex   9.350000e+00 -2.000000e+00 7.133827e+01
      vertex   8.834346e+00 2.792132e-14 7.156785e+01
      vertex   9.350000e+00 2.783236e-14 7.133827e+01
    endloop
  endfacet
  facet normal -5.877853e-01 0.000000e+00 -8.090170e-01
    outer loop
      vertex   9.350000e+00 -2.000000e+00 7.133827e+01
      vertex   9.350000e+00 2.783236e-14 7.133827e+01
      vertex   9.806653e+00 -2.000000e+00 7.100649e+01
    endloop
  endfacet
  facet normal -5.877853e-01 0.000000e+00 -8.090170e-01
    outer loop
      vertex   9.806653e+00 -2.000000e+00 7.100649e+01
      vertex   9.350000e+00 2.783236e-14 7.133827e+01
      vertex   9.806653e+00 2.770380e-14 7.100649e+01
    endloop
  endfacet
  facet normal -7.431448e-01 0.000000e+00 -6.691306e-01
    outer loop
      vertex   9.806653e+00 -2.000000e+00 7.100649e+01
      vertex   9.806653e+00 2.770380e-14 7.100649e+01
      vertex   1.018435e+01 -2.000000e+00 7.058702e+01
    endloop
  endfacet
  facet normal -7.431448e-01 0.000000e+00 -6.691306e-01
    outer loop
      vertex   1.018435e+01 -2.000000e+00 7.058702e+01
      vertex   9.806653e+00 2.770380e-14 7.100649e+01
      vertex   1.018435e+01 2.754126e-14 7.058702e+01
    endloop
  endfacet
  facet normal -8.660254e-01 0.000000e+00 -5.000000e-01
    outer loop
      vertex   1.018435e+01 -2.000000e+00 7.058702e+01
      vertex   1.018435e+01 2.754126e-14 7.058702e+01
      vertex   1.046657e+01 -2.000000e+00 7.009819e+01
    endloop
  endfacet
  facet normal -8.660254e-01 0.000000e+00 -5.000000e-01
    outer loop
      vertex   1.046657e+01 -2.000000e+00 7.009819e+01
      vertex   1.018435e+01 2.754126e-14 7.058702e+01
      vertex   1.046657e+01 2.735185e-14 7.009819e+01
    endloop
  endfacet
  facet normal -9.510565e-01 0.000000e+00 -3.090170e-01
    outer loop
      vertex   1.046657e+01 -2.000000e+00 7.009819e+01
      vertex   1.046657e+01 2.735185e-14 7.009819e+01
      vertex   1.064100e+01 -2.000000e+00 6.956136e+01
    endloop
  endfacet
  facet normal -9.510565e-01 0.000000e+00 -3.090170e-01
    outer loop
      vertex   1.064100e+01 -2.000000e+00 6.956136e+01
      vertex   1.046657e+01 2.735185e-14 7.009819e+01
      vertex   1.064100e+01 2.714384e-14 6.956136e+01
    endloop
  endfacet
  facet normal -0.000000e+00 1.000000e+00 0.000000e+00
    outer loop
      vertex   9.545481e+00 -2.000000e+00 6.941411e+01
      vertex   1.064100e+01 -2.000000e+00 6.956136e+01
      vertex   9.600000e+00 -2.000000e+00 6.900000e+01
    endloop
  endfacet
  facet normal 0.000000e+00 1.000000e+00 0.000000e+00
    outer loop
      vertex   9.600000e+00 -2.000000e+00 6.900000e+01
      vertex   1.064100e+01 -2.000000e+00 6.956136e+01
      vertex   1.070000e+01 -2.000000e+00 6.900000e+01
    endloop
  endfacet
  facet normal -0.000000e+00 1.000000e+00 0.000000e+00
    outer loop
      vertex   9.600000e+00 -2.000000e+00 6.900000e+01
      vertex   1.070000e+01 -2.000000e+00 6.900000e+01
      vertex   1.064100e+01 -2.000000e+00 6.843864e+01
    endloop
  endfacet
  facet normal 0.000000e+00 1.000000e+00 0.000000e+00
    outer loop
      vertex   1.064100e+01 -2.000000e+00 6.956136e+01
      vertex   9.545481e+00 -2.000000e+00 6.941411e+01
      vertex   1.046657e+01 -2.000000e+00 7.009819e+01
    endloop
  endfacet
  facet normal 0.000000e+00 1.000000e+00 0.000000e+00
    outer loop
      vertex   1.046657e+01 -2.000000e+00 7.009819e+01
      vertex   9.545481e+00 -2.000000e+00 6.941411e+01
      vertex   9.385641e+00 -2.000000e+00 6.980000e+01
    endloop
  endfacet
  facet normal 0.000000e+00 1.000000e+00 0.000000e+00
    outer loop
      vertex   1.046657e+01 -2.000000e+00 7.009819e+01
      vertex   9.385641e+00 -2.000000e+00 6.980000e+01
      vertex   1.018435e+01 -2.000000e+00 7.058702e+01
    endloop
  endfacet
  facet normal 0.000000e+00 1.000000e+00 0.000000e+00
    outer loop
      vertex   1.018435e+01 -2.000000e+00 7.058702e+01
      vertex   9.385641e+00 -2.000000e+00 6.980000e+01
      vertex   9.131371e+00 -2.000000e+00 7.013137e+01
    endloop
  endfacet
  facet normal 0.000000e+00 1.000000e+00 0.000000e+00
    outer loop
      vertex   1.018435e+01 -2.000000e+00 7.058702e+01
      vertex   9.131371e+00 -2.000000e+00 7.013137e+01
      vertex   9.806653e+00 -2.000000e+00 7.100649e+01
    endloop
  endfacet
  facet normal 0.000000e+00 1.000000e+00 0.000000e+00
    outer loop
      vertex   9.806653e+00 -2.000000e+00 7.100649e+01
      vertex   9.131371e+00 -2.000000e+00 7.013137e+01
      vertex   8.800000e+00 -2.000000e+00 7.038564e+01
    endloop
  endfacet
  facet normal 0.000000e+00 1.000000e+00 0.000000e+00
    outer loop
      vertex   9.806653e+00 -2.000000e+00 7.100649e+01
      vertex   8.800000e+00 -2.000000e+00 7.038564e+01
      vertex   9.350000e+00 -2.000000e+00 7.133827e+01
    endloop
  endfacet
  facet normal 0.000000e+00 1.000000e+00 0.000000e+00
    outer loop
      vertex   9.350000e+00 -2.000000e+00 7.133827e+01
      vertex   8.800000e+00 -2.000000e+00 7.038564e+01
      vertex   8.834346e+00 -2.000000e+00 7.156785e+01
    endloop
  endfacet
  facet normal 0.000000e+00 1.000000e+00 0.000000e+00
    outer loop
      vertex   8.834346e+00 -2.000000e+00 7.156785e+01
      vertex   8.800000e+00 -2.000000e+00 7.038564e+01
      vertex   8.414110e+00 -2.000000e+00 7.054548e+01
    endloop
  endfacet
  facet normal 0.000000e+00 1.000000e+00 0.000000e+00
    outer loop
      vertex   8.834346e+00 -2.000000e+00 7.156785e+01
      vertex   8.414110e+00 -2.000000e+00 7.054548e+01
      vertex   8.282227e+00 -2.000000e+00 7.168521e+01
    endloop
  endfacet
  facet normal 0.000000e+00 1.000000e+00 0.000000e+00
    outer loop
      vertex   8.282227e+00 -2.000000e+00 7.168521e+01
      vertex   8.414110e+00 -2.000000e+00 7.054548e+01
      vertex   8.000000e+00 -2.000000e+00 7.060000e+01
    endloop
  endfacet
  facet normal 0.000000e+00 1.000000e+00 0.000000e+00
    outer loop
      vertex   8.282227e+00 -2.000000e+00 7.168521e+01
      vertex   8.000000e+00 -2.000000e+00 7.060000e+01
      vertex   7.717773e+00 -2.000000e+00 7.168521e+01
    endloop
  endfacet
  facet normal 0.000000e+00 1.000000e+00 0.000000e+00
    outer loop
      vertex   7.717773e+00 -2.000000e+00 7.168521e+01
      vertex   8.000000e+00 -2.000000e+00 7.060000e+01
      vertex   7.585890e+00 -2.000000e+00 7.054548e+01
    endloop
  endfacet
  facet normal 0.000000e+00 1.000000e+00 0.000000e+00
    outer loop
      vertex   7.717773e+00 -2.000000e+00 7.168521e+01
      vertex   7.585890e+00 -2.000000e+00 7.054548e+01
      vertex   7.165654e+00 -2.000000e+00 7.156785e+01
    endloop
  endfacet
  facet normal 0.000000e+00 1.000000e+00 0.000000e+00
    outer loop
      vertex   7.165654e+00 -2.000000e+00 7.156785e+01
      vertex   7.585890e+00 -2.000000e+00 7.054548e+01
      vertex   7.200000e+00 -2.000000e+00 7.038564e+01
    endloop
  endfacet
  facet normal 0.000000e+00 1.000000e+00 0.000000e+00
    outer loop
      vertex   7.165654e+00 -2.000000e+00 7.156785e+01
      vertex   7.200000e+00 -2.000000e+00 7.038564e+01
      vertex   6.650000e+00 -2.000000e+00 7.133827e+01
    endloop
  endfacet
  facet normal 0.000000e+00 1.000000e+00 0.000000e+00
    outer loop
      vertex   6.650000e+00 -2.000000e+00 7.133827e+01
      vertex   7.200000e+00 -2.000000e+00 7.038564e+01
      vertex   6.193347e+00 -2.000000e+00 7.100649e+01
    endloop
  endfacet
  facet normal 0.000000e+00 1.000000e+00 0.000000e+00
    outer loop
      vertex   6.193347e+00 -2.000000e+00 7.100649e+01
      vertex   7.200000e+00 -2.000000e+00 7.038564e+01
      vertex   6.868629e+00 -2.000000e+00 7.013137e+01
    endloop
  endfacet
  facet normal 0.000000e+00 1.000000e+00 0.000000e+00
    outer loop
      vertex   6.193347e+00 -2.000000e+00 7.100649e+01
      vertex   6.868629e+00 -2.000000e+00 7.013137e+01
      vertex   5.815654e+00 -2.000000e+00 7.058702e+01
    endloop
  endfacet
  facet normal 0.000000e+00 1.000000e+00 0.000000e+00
    outer loop
      vertex   5.815654e+00 -2.000000e+00 7.058702e+01
      vertex   6.868629e+00 -2.000000e+00 7.013137e+01
      vertex   6.614359e+00 -2.000000e+00 6.980000e+01
    endloop
  endfacet
  facet normal 0.000000e+00 1.000000e+00 0.000000e+00
    outer loop
      vertex   5.815654e+00 -2.000000e+00 7.058702e+01
      vertex   6.614359e+00 -2.000000e+00 6.980000e+01
      vertex   5.533427e+00 -2.000000e+00 7.009819e+01
    endloop
  endfacet
  facet normal 0.000000e+00 1.000000e+00 0.000000e+00
    outer loop
      vertex   5.533427e+00 -2.000000e+00 7.009819e+01
      vertex   6.614359e+00 -2.000000e+00 6.980000e+01
      vertex   6.454519e+00 -2.000000e+00 6.941411e+01
    endloop
  endfacet
  facet normal 0.000000e+00 1.000000e+00 0.000000e+00
    outer loop
      vertex   5.533427e+00 -2.000000e+00 7.009819e+01
      vertex   6.454519e+00 -2.000000e+00 6.941411e+01
      vertex   5.359001e+00 -2.000000e+00 6.956136e+01
    endloop
  endfacet
  facet normal 0.000000e+00 1.000000e+00 0.000000e+00
    outer loop
      vertex   5.359001e+00 -2.000000e+00 6.956136e+01
      vertex   6.454519e+00 -2.000000e+00 6.941411e+01
      vertex   6.400000e+00 -2.000000e+00 6.900000e+01
    endloop
  endfacet
  facet normal 0.000000e+00 1.000000e+00 0.000000e+00
    outer loop
      vertex   5.359001e+00 -2.000000e+00 6.956136e+01
      vertex   6.400000e+00 -2.000000e+00 6.900000e+01
      vertex   5.300000e+00 -2.000000e+00 6.900000e+01
    endloop
  endfacet
  facet normal -0.000000e+00 1.000000e+00 0.000000e+00
    outer loop
      vertex   5.300000e+00 -2.000000e+00 6.900000e+01
      vertex   6.400000e+00 -2.000000e+00 6.900000e+01
      vertex   5.359001e+00 -2.000000e+00 6.843864e+01
    endloop
  endfacet
  facet normal 0.000000e+00 1.000000e+00 0.000000e+00
    outer loop
      vertex   5.359001e+00 -2.000000e+00 6.843864e+01
      vertex   6.400000e+00 -2.000000e+00 6.900000e+01
      vertex   6.454519e+00 -2.000000e+00 6.858589e+01
    endloop
  endfacet
  facet normal -0.000000e+00 1.000000e+00 0.000000e+00
    outer loop
      vertex   5.359001e+00 -2.000000e+00 6.843864e+01
      vertex   6.454519e+00 -2.000000e+00 6.858589e+01
      vertex   5.533427e+00 -2.000000e+00 6.790181e+01
    endloop
  endfacet
  facet normal 0.000000e+00 1.000000e+00 0.000000e+00
    outer loop
      vertex   5.533427e+00 -2.000000e+00 6.790181e+01
      vertex   6.454519e+00 -2.000000e+00 6.858589e+01
      vertex   6.614359e+00 -2.000000e+00 6.820000e+01
    endloop
  endfacet
  facet normal -0.000000e+00 1.000000e+00 0.000000e+00
    outer loop
      vertex   5.533427e+00 -2.000000e+00 6.790181e+01
      vertex   6.614359e+00 -2.000000e+00 6.820000e+01
      vertex   5.815654e+00 -2.000000e+00 6.741298e+01
    endloop
  endfacet
  facet normal 0.000000e+00 1.000000e+00 0.000000e+00
    outer loop
      vertex   5.815654e+00 -2.000000e+00 6.741298e+01
      vertex   6.614359e+00 -2.000000e+00 6.820000e+01
      vertex   6.868629e+00 -2.000000e+00 6.786863e+01
    endloop
  endfacet
  facet normal -0.000000e+00 1.000000e+00 0.000000e+00
    outer loop
      vertex   5.815654e+00 -2.000000e+00 6.741298e+01
      vertex   6.868629e+00 -2.000000e+00 6.786863e+01
      vertex   6.193347e+00 -2.000000e+00 6.699351e+01
    endloop
  endfacet
  facet normal 0.000000e+00 1.000000e+00 0.000000e+00
    outer loop
      vertex   6.193347e+00 -2.000000e+00 6.699351e+01
      vertex   6.868629e+00 -2.000000e+00 6.786863e+01
      vertex   7.200000e+00 -2.000000e+00 6.761436e+01
    endloop
  endfacet
  facet normal -0.000000e+00 1.000000e+00 0.000000e+00
    outer loop
      vertex   6.193347e+00 -2.000000e+00 6.699351e+01
      vertex   7.200000e+00 -2.000000e+00 6.761436e+01
      vertex   6.650000e+00 -2.000000e+00 6.666173e+01
    endloop
  endfacet
  facet normal -0.000000e+00 1.000000e+00 0.000000e+00
    outer loop
      vertex   6.650000e+00 -2.000000e+00 6.666173e+01
      vertex   7.200000e+00 -2.000000e+00 6.761436e+01
      vertex   7.165654e+00 -2.000000e+00 6.643215e+01
    endloop
  endfacet
  facet normal 0.000000e+00 1.000000e+00 0.000000e+00
    outer loop
      vertex   7.165654e+00 -2.000000e+00 6.643215e+01
      vertex   7.200000e+00 -2.000000e+00 6.761436e+01
      vertex   7.585890e+00 -2.000000e+00 6.745452e+01
    endloop
  endfacet
  facet normal -0.000000e+00 1.000000e+00 0.000000e+00
    outer loop
      vertex   7.165654e+00 -2.000000e+00 6.643215e+01
      vertex   7.585890e+00 -2.000000e+00 6.745452e+01
      vertex   7.717773e+00 -2.000000e+00 6.631479e+01
    endloop
  endfacet
  facet normal 0.000000e+00 1.000000e+00 -0.000000e+00
    outer loop
      vertex   7.717773e+00 -2.000000e+00 6.631479e+01
      vertex   7.585890e+00 -2.000000e+00 6.745452e+01
      vertex   8.000000e+00 -2.000000e+00 6.740000e+01
    endloop
  endfacet
  facet normal 0.000000e+00 1.000000e+00 0.000000e+00
    outer loop
      vertex   7.717773e+00 -2.000000e+00 6.631479e+01
      vertex   8.000000e+00 -2.000000e+00 6.740000e+01
      vertex   8.282227e+00 -2.000000e+00 6.631479e+01
    endloop
  endfacet
  facet normal 0.000000e+00 1.000000e+00 -0.000000e+00
    outer loop
      vertex   8.282227e+00 -2.000000e+00 6.631479e+01
      vertex   8.000000e+00 -2.000000e+00 6.740000e+01
      vertex   8.414110e+00 -2.000000e+00 6.745452e+01
    endloop
  endfacet
  facet normal 0.000000e+00 1.000000e+00 0.000000e+00
    outer loop
      vertex   8.282227e+00 -2.000000e+00 6.631479e+01
      vertex   8.414110e+00 -2.000000e+00 6.745452e+01
      vertex   8.834346e+00 -2.000000e+00 6.643215e+01
    endloop
  endfacet
  facet normal 0.000000e+00 1.000000e+00 0.000000e+00
    outer loop
      vertex   8.834346e+00 -2.000000e+00 6.643215e+01
      vertex   8.414110e+00 -2.000000e+00 6.745452e+01
      vertex   8.800000e+00 -2.000000e+00 6.761436e+01
    endloop
  endfacet
  facet normal 0.000000e+00 1.000000e+00 -0.000000e+00
    outer loop
      vertex   8.834346e+00 -2.000000e+00 6.643215e+01
      vertex   8.800000e+00 -2.000000e+00 6.761436e+01
      vertex   9.350000e+00 -2.000000e+00 6.666173e+01
    endloop
  endfacet
  facet normal 0.000000e+00 1.000000e+00 -0.000000e+00
    outer loop
      vertex   9.350000e+00 -2.000000e+00 6.666173e+01
      vertex   8.800000e+00 -2.000000e+00 6.761436e+01
      vertex   9.806653e+00 -2.000000e+00 6.699351e+01
    endloop
  endfacet
  facet normal 0.000000e+00 1.000000e+00 0.000000e+00
    outer loop
      vertex   9.806653e+00 -2.000000e+00 6.699351e+01
      vertex   8.800000e+00 -2.000000e+00 6.761436e+01
      vertex   9.131371e+00 -2.000000e+00 6.786863e+01
    endloop
  endfacet
  facet normal 0.000000e+00 1.000000e+00 -0.000000e+00
    outer loop
      vertex   9.806653e+00 -2.000000e+00 6.699351e+01
      vertex   9.131371e+00 -2.000000e+00 6.786863e+01
      vertex   1.018435e+01 -2.000000e+00 6.741298e+01
    endloop
  endfacet
  facet normal 0.000000e+00 1.000000e+00 0.000000e+00
    outer loop
      vertex   1.018435e+01 -2.000000e+00 6.741298e+01
      vertex   9.131371e+00 -2.000000e+00 6.786863e+01
      vertex   9.385641e+00 -2.000000e+00 6.820000e+01
    endloop
  endfacet
  facet normal 0.000000e+00 1.000000e+00 -0.000000e+00
    outer loop
      vertex   1.018435e+01 -2.000000e+00 6.741298e+01
      vertex   9.385641e+00 -2.000000e+00 6.820000e+01
      vertex   1.046657e+01 -2.000000e+00 6.790181e+01
    endloop
  endfacet
  facet normal 0.000000e+00 1.000000e+00 0.000000e+00
    outer loop
      vertex   1.046657e+01 -2.000000e+00 6.790181e+01
      vertex   9.385641e+00 -2.000000e+00 6.820000e+01
      vertex   9.545481e+00 -2.000000e+00 6.858589e+01
    endloop
  endfacet
  facet normal 0.000000e+00 1.000000e+00 -0.000000e+00
    outer loop
      vertex   1.046657e+01 -2.000000e+00 6.790181e+01
      vertex   9.545481e+00 -2.000000e+00 6.858589e+01
      vertex   1.064100e+01 -2.000000e+00 6.843864e+01
    endloop
  endfacet
  facet normal 0.000000e+00 1.000000e+00 0.000000e+00
    outer loop
      vertex   1.064100e+01 -2.000000e+00 6.843864e+01
      vertex   9.545481e+00 -2.000000e+00 6.858589e+01
      vertex   9.600000e+00 -2.000000e+00 6.900000e+01
    endloop
  endfacet
  facet normal -9.945219e-01 0.000000e+00 -1.045285e-01
    outer loop
      vertex   1.064100e+01 -2.000000e+00 6.561362e+00
      vertex   1.064100e+01 0.000000e+00 6.561362e+00
      vertex   1.070000e+01 -2.000000e+00 6.000000e+00
    endloop
  endfacet
  facet normal -9.945219e-01 0.000000e+00 -1.045285e-01
    outer loop
      vertex   1.070000e+01 -2.000000e+00 6.000000e+00
      vertex   1.064100e+01 0.000000e+00 6.561362e+00
      vertex   1.070000e+01 2.905747e-14 6.000000e+00
    endloop
  endfacet
  facet normal -9.945219e-01 0.000000e+00 1.045285e-01
    outer loop
      vertex   1.070000e+01 -2.000000e+00 6.000000e+00
      vertex   1.070000e+01 2.905747e-14 6.000000e+00
      vertex   1.064100e+01 -2.000000e+00 5.438638e+00
    endloop
  endfacet
  facet normal -9.945219e-01 0.000000e+00 1.045285e-01
    outer loop
      vertex   1.064100e+01 -2.000000e+00 5.438638e+00
      vertex   1.070000e+01 2.905747e-14 6.000000e+00
      vertex   1.064100e+01 0.000000e+00 5.438638e+00
    endloop
  endfacet
  facet normal -9.510565e-01 0.000000e+00 3.090170e-01
    outer loop
      vertex   1.064100e+01 -2.000000e+00 5.438638e+00
      vertex   1.064100e+01 0.000000e+00 5.438638e+00
      vertex   1.046657e+01 -2.000000e+00 4.901811e+00
    endloop
  endfacet
  facet normal -9.510565e-01 0.000000e+00 3.090170e-01
    outer loop
      vertex   1.046657e+01 -2.000000e+00 4.901811e+00
      vertex   1.064100e+01 0.000000e+00 5.438638e+00
      vertex   1.046657e+01 0.000000e+00 4.901811e+00
    endloop
  endfacet
  facet normal -8.660254e-01 0.000000e+00 5.000000e-01
    outer loop
      vertex   1.046657e+01 -2.000000e+00 4.901811e+00
      vertex   1.046657e+01 0.000000e+00 4.901811e+00
      vertex   1.018435e+01 -2.000000e+00 4.412980e+00
    endloop
  endfacet
  facet normal -8.660254e-01 0.000000e+00 5.000000e-01
    outer loop
      vertex   1.018435e+01 -2.000000e+00 4.412980e+00
      vertex   1.046657e+01 0.000000e+00 4.901811e+00
      vertex   1.018435e+01 0.000000e+00 4.412980e+00
    endloop
  endfacet
  facet normal -7.431448e-01 0.000000e+00 6.691306e-01
    outer loop
      vertex   1.018435e+01 -2.000000e+00 4.412980e+00
      vertex   1.018435e+01 0.000000e+00 4.412980e+00
      vertex   9.806653e+00 -2.000000e+00 3.993509e+00
    endloop
  endfacet
  facet normal -7.431448e-01 0.000000e+00 6.691306e-01
    outer loop
      vertex   9.806653e+00 -2.000000e+00 3.993509e+00
      vertex   1.018435e+01 0.000000e+00 4.412980e+00
      vertex   9.806653e+00 0.000000e+00 3.993509e+00
    endloop
  endfacet
  facet normal -5.877853e-01 0.000000e+00 8.090170e-01
    outer loop
      vertex   9.806653e+00 -2.000000e+00 3.993509e+00
      vertex   9.806653e+00 0.000000e+00 3.993509e+00
      vertex   9.350000e+00 -2.000000e+00 3.661731e+00
    endloop
  endfacet
  facet normal -5.877853e-01 0.000000e+00 8.090170e-01
    outer loop
      vertex   9.350000e+00 -2.000000e+00 3.661731e+00
      vertex   9.806653e+00 0.000000e+00 3.993509e+00
      vertex   9.350000e+00 0.000000e+00 3.661731e+00
    endloop
  endfacet
  facet normal -4.067366e-01 0.000000e+00 9.135455e-01
    outer loop
      vertex   9.350000e+00 -2.000000e+00 3.661731e+00
      vertex   9.350000e+00 0.000000e+00 3.661731e+00
      vertex   8.834346e+00 -2.000000e+00 3.432147e+00
    endloop
  endfacet
  facet normal -4.067366e-01 0.000000e+00 9.135455e-01
    outer loop
      vertex   8.834346e+00 -2.000000e+00 3.432147e+00
      vertex   9.350000e+00 0.000000e+00 3.661731e+00
      vertex   8.834346e+00 0.000000e+00 3.432147e+00
    endloop
  endfacet
  facet normal -2.079117e-01 0.000000e+00 9.781476e-01
    outer loop
      vertex   8.834346e+00 -2.000000e+00 3.432147e+00
      vertex   8.834346e+00 0.000000e+00 3.432147e+00
      vertex   8.282227e+00 -2.000000e+00 3.314791e+00
    endloop
  endfacet
  facet normal -2.079117e-01 0.000000e+00 9.781476e-01
    outer loop
      vertex   8.282227e+00 -2.000000e+00 3.314791e+00
      vertex   8.834346e+00 0.000000e+00 3.432147e+00
      vertex   8.282227e+00 0.000000e+00 3.314791e+00
    endloop
  endfacet
  facet normal 0.000000e+00 -0.000000e+00 1.000000e+00
    outer loop
      vertex   8.282227e+00 -2.000000e+00 3.314791e+00
      vertex   8.282227e+00 0.000000e+00 3.314791e+00
      vertex   7.717773e+00 -2.000000e+00 3.314791e+00
    endloop
  endfacet
  facet normal 0.000000e+00 0.000000e+00 1.000000e+00
    outer loop
      vertex   7.717773e+00 -2.000000e+00 3.314791e+00
      vertex   8.282227e+00 0.000000e+00 3.314791e+00
      vertex   7.717773e+00 0.000000e+00 3.314791e+00
    endloop
  endfacet
  facet normal 2.079117e-01 -0.000000e+00 9.781476e-01
    outer loop
      vertex   7.717773e+00 -2.000000e+00 3.314791e+00
      vertex   7.717773e+00 0.000000e+00 3.314791e+00
      vertex   7.165654e+00 -2.000000e+00 3.432147e+00
    endloop
  endfacet
  facet normal 2.079117e-01 -0.000000e+00 9.781476e-01
    outer loop
      vertex   7.165654e+00 -2.000000e+00 3.432147e+00
      vertex   7.717773e+00 0.000000e+00 3.314791e+00
      vertex   7.165654e+00 0.000000e+00 3.432147e+00
    endloop
  endfacet
  facet normal 4.067366e-01 -0.000000e+00 9.135455e-01
    outer loop
      vertex   7.165654e+00 -2.000000e+00 3.432147e+00
      vertex   7.165654e+00 0.000000e+00 3.432147e+00
      vertex   6.650000e+00 -2.000000e+00 3.661731e+00
    endloop
  endfacet
  facet normal 4.067366e-01 -0.000000e+00 9.135455e-01
    outer loop
      vertex   6.650000e+00 -2.000000e+00 3.661731e+00
      vertex   7.165654e+00 0.000000e+00 3.432147e+00
      vertex   6.650000e+00 0.000000e+00 3.661731e+00
    endloop
  endfacet
  facet normal 5.877853e-01 -0.000000e+00 8.090170e-01
    outer loop
      vertex   6.650000e+00 -2.000000e+00 3.661731e+00
      vertex   6.650000e+00 0.000000e+00 3.661731e+00
      vertex   6.193347e+00 -2.000000e+00 3.993509e+00
    endloop
  endfacet
  facet normal 5.877853e-01 -0.000000e+00 8.090170e-01
    outer loop
      vertex   6.193347e+00 -2.000000e+00 3.993509e+00
      vertex   6.650000e+00 0.000000e+00 3.661731e+00
      vertex   6.193347e+00 0.000000e+00 3.993509e+00
    endloop
  endfacet
  facet normal 7.431448e-01 -0.000000e+00 6.691306e-01
    outer loop
      vertex   6.193347e+00 -2.000000e+00 3.993509e+00
      vertex   6.193347e+00 0.000000e+00 3.993509e+00
      vertex   5.815654e+00 -2.000000e+00 4.412980e+00
    endloop
  endfacet
  facet normal 7.431448e-01 -0.000000e+00 6.691306e-01
    outer loop
      vertex   5.815654e+00 -2.000000e+00 4.412980e+00
      vertex   6.193347e+00 0.000000e+00 3.993509e+00
      vertex   5.815654e+00 0.000000e+00 4.412980e+00
    endloop
  endfacet
  facet normal 8.660254e-01 -0.000000e+00 5.000000e-01
    outer loop
      vertex   5.815654e+00 -2.000000e+00 4.412980e+00
      vertex   5.815654e+00 0.000000e+00 4.412980e+00
      vertex   5.533427e+00 -2.000000e+00 4.901811e+00
    endloop
  endfacet
  facet normal 8.660254e-01 -0.000000e+00 5.000000e-01
    outer loop
      vertex   5.533427e+00 -2.000000e+00 4.901811e+00
      vertex   5.815654e+00 0.000000e+00 4.412980e+00
      vertex   5.533427e+00 0.000000e+00 4.901811e+00
    endloop
  endfacet
  facet normal 9.510565e-01 -0.000000e+00 3.090170e-01
    outer loop
      vertex   5.533427e+00 -2.000000e+00 4.901811e+00
      vertex   5.533427e+00 0.000000e+00 4.901811e+00
      vertex   5.359001e+00 -2.000000e+00 5.438638e+00
    endloop
  endfacet
  facet normal 9.510565e-01 -0.000000e+00 3.090170e-01
    outer loop
      vertex   5.359001e+00 -2.000000e+00 5.438638e+00
      vertex   5.533427e+00 0.000000e+00 4.901811e+00
      vertex   5.359001e+00 0.000000e+00 5.438638e+00
    endloop
  endfacet
  facet normal 9.945219e-01 -0.000000e+00 1.045285e-01
    outer loop
      vertex   5.359001e+00 -2.000000e+00 5.438638e+00
      vertex   5.359001e+00 0.000000e+00 5.438638e+00
      vertex   5.300000e+00 -2.000000e+00 6.000000e+00
    endloop
  endfacet
  facet normal 9.945219e-01 -0.000000e+00 1.045285e-01
    outer loop
      vertex   5.300000e+00 -2.000000e+00 6.000000e+00
      vertex   5.359001e+00 0.000000e+00 5.438638e+00
      vertex   5.300000e+00 0.000000e+00 6.000000e+00
    endloop
  endfacet
  facet normal 9.945219e-01 0.000000e+00 -1.045285e-01
    outer loop
      vertex   5.300000e+00 -2.000000e+00 6.000000e+00
      vertex   5.300000e+00 0.000000e+00 6.000000e+00
      vertex   5.359001e+00 -2.000000e+00 6.561362e+00
    endloop
  endfacet
  facet normal 9.945219e-01 0.000000e+00 -1.045285e-01
    outer loop
      vertex   5.359001e+00 -2.000000e+00 6.561362e+00
      vertex   5.300000e+00 0.000000e+00 6.000000e+00
      vertex   5.359001e+00 0.000000e+00 6.561362e+00
    endloop
  endfacet
  facet normal 9.510565e-01 0.000000e+00 -3.090170e-01
    outer loop
      vertex   5.359001e+00 -2.000000e+00 6.561362e+00
      vertex   5.359001e+00 0.000000e+00 6.561362e+00
      vertex   5.533427e+00 -2.000000e+00 7.098189e+00
    endloop
  endfacet
  facet normal 9.510565e-01 0.000000e+00 -3.090170e-01
    outer loop
      vertex   5.533427e+00 -2.000000e+00 7.098189e+00
      vertex   5.359001e+00 0.000000e+00 6.561362e+00
      vertex   5.533427e+00 0.000000e+00 7.098189e+00
    endloop
  endfacet
  facet normal 8.660254e-01 0.000000e+00 -5.000000e-01
    outer loop
      vertex   5.533427e+00 -2.000000e+00 7.098189e+00
      vertex   5.533427e+00 0.000000e+00 7.098189e+00
      vertex   5.815654e+00 -2.000000e+00 7.587020e+00
    endloop
  endfacet
  facet normal 8.660254e-01 0.000000e+00 -5.000000e-01
    outer loop
      vertex   5.815654e+00 -2.000000e+00 7.587020e+00
      vertex   5.533427e+00 0.000000e+00 7.098189e+00
      vertex   5.815654e+00 0.000000e+00 7.587020e+00
    endloop
  endfacet
  facet normal 7.431448e-01 0.000000e+00 -6.691306e-01
    outer loop
      vertex   5.815654e+00 -2.000000e+00 7.587020e+00
      vertex   5.815654e+00 0.000000e+00 7.587020e+00
      vertex   6.193347e+00 -2.000000e+00 8.006491e+00
    endloop
  endfacet
  facet normal 7.431448e-01 0.000000e+00 -6.691306e-01
    outer loop
      vertex   6.193347e+00 -2.000000e+00 8.006491e+00
      vertex   5.815654e+00 0.000000e+00 7.587020e+00
      vertex   6.193347e+00 0.000000e+00 8.006491e+00
    endloop
  endfacet
  facet normal 5.877853e-01 0.000000e+00 -8.090170e-01
    outer loop
      vertex   6.193347e+00 -2.000000e+00 8.006491e+00
      vertex   6.193347e+00 0.000000e+00 8.006491e+00
      vertex   6.650000e+00 -2.000000e+00 8.338269e+00
    endloop
  endfacet
  facet normal 5.877853e-01 0.000000e+00 -8.090170e-01
    outer loop
      vertex   6.650000e+00 -2.000000e+00 8.338269e+00
      vertex   6.193347e+00 0.000000e+00 8.006491e+00
      vertex   6.650000e+00 0.000000e+00 8.338269e+00
    endloop
  endfacet
  facet normal 4.067366e-01 0.000000e+00 -9.135455e-01
    outer loop
      vertex   6.650000e+00 -2.000000e+00 8.338269e+00
      vertex   6.650000e+00 0.000000e+00 8.338269e+00
      vertex   7.165654e+00 -2.000000e+00 8.567853e+00
    endloop
  endfacet
  facet normal 4.067366e-01 0.000000e+00 -9.135455e-01
    outer loop
      vertex   7.165654e+00 -2.000000e+00 8.567853e+00
      vertex   6.650000e+00 0.000000e+00 8.338269e+00
      vertex   7.165654e+00 0.000000e+00 8.567853e+00
    endloop
  endfacet
  facet normal 2.079117e-01 0.000000e+00 -9.781476e-01
    outer loop
      vertex   7.165654e+00 -2.000000e+00 8.567853e+00
      vertex   7.165654e+00 0.000000e+00 8.567853e+00
      vertex   7.717773e+00 -2.000000e+00 8.685209e+00
    endloop
  endfacet
  facet normal 2.079117e-01 0.000000e+00 -9.781476e-01
    outer loop
      vertex   7.717773e+00 -2.000000e+00 8.685209e+00
      vertex   7.165654e+00 0.000000e+00 8.567853e+00
      vertex   7.717773e+00 0.000000e+00 8.685209e+00
    endloop
  endfacet
  facet normal 0.000000e+00 0.000000e+00 -1.000000e+00
    outer loop
      vertex   7.717773e+00 -2.000000e+00 8.685209e+00
      vertex   7.717773e+00 0.000000e+00 8.685209e+00
      vertex   8.282227e+00 -2.000000e+00 8.685209e+00
    endloop
  endfacet
  facet normal 0.000000e+00 0.000000e+00 -1.000000e+00
    outer loop
      vertex   8.282227e+00 -2.000000e+00 8.685209e+00
      vertex   7.717773e+00 0.000000e+00 8.685209e+00
      vertex   8.282227e+00 0.000000e+00 8.685209e+00
    endloop
  endfacet
  facet normal -2.079117e-01 0.000000e+00 -9.781476e-01
    outer loop
      vertex   8.282227e+00 -2.000000e+00 8.685209e+00
      vertex   8.282227e+00 0.000000e+00 8.685209e+00
      vertex   8.834346e+00 -2.000000e+00 8.567853e+00
    endloop
  endfacet
  facet normal -2.079117e-01 0.000000e+00 -9.781476e-01
    outer loop
      vertex   8.834346e+00 -2.000000e+00 8.567853e+00
      vertex   8.282227e+00 0.000000e+00 8.685209e+00
      vertex   8.834346e+00 0.000000e+00 8.567853e+00
    endloop
  endfacet
  facet normal -4.067366e-01 0.000000e+00 -9.135455e-01
    outer loop
      vertex   8.834346e+00 -2.000000e+00 8.567853e+00
      vertex   8.834346e+00 0.000000e+00 8.567853e+00
      vertex   9.350000e+00 -2.000000e+00 8.338269e+00
    endloop
  endfacet
  facet normal -4.067366e-01 0.000000e+00 -9.135455e-01
    outer loop
      vertex   9.350000e+00 -2.000000e+00 8.338269e+00
      vertex   8.834346e+00 0.000000e+00 8.567853e+00
      vertex   9.350000e+00 0.000000e+00 8.338269e+00
    endloop
  endfacet
  facet normal -5.877853e-01 0.000000e+00 -8.090170e-01
    outer loop
      vertex   9.350000e+00 -2.000000e+00 8.338269e+00
      vertex   9.350000e+00 0.000000e+00 8.338269e+00
      vertex   9.806653e+00 -2.000000e+00 8.006491e+00
    endloop
  endfacet
  facet normal -5.877853e-01 0.000000e+00 -8.090170e-01
    outer loop
      vertex   9.806653e+00 -2.000000e+00 8.006491e+00
      vertex   9.350000e+00 0.000000e+00 8.338269e+00
      vertex   9.806653e+00 0.000000e+00 8.006491e+00
    endloop
  endfacet
  facet normal -7.431448e-01 0.000000e+00 -6.691306e-01
    outer loop
      vertex   9.806653e+00 -2.000000e+00 8.006491e+00
      vertex   9.806653e+00 0.000000e+00 8.006491e+00
      vertex   1.018435e+01 -2.000000e+00 7.587020e+00
    endloop
  endfacet
  facet normal -7.431448e-01 0.000000e+00 -6.691306e-01
    outer loop
      vertex   1.018435e+01 -2.000000e+00 7.587020e+00
      vertex   9.806653e+00 0.000000e+00 8.006491e+00
      vertex   1.018435e+01 0.000000e+00 7.587020e+00
    endloop
  endfacet
  facet normal -8.660254e-01 0.000000e+00 -5.000000e-01
    outer loop
      vertex   1.018435e+01 -2.000000e+00 7.587020e+00
      vertex   1.018435e+01 0.000000e+00 7.587020e+00
      vertex   1.046657e+01 -2.000000e+00 7.098189e+00
    endloop
  endfacet
  facet normal -8.660254e-01 0.000000e+00 -5.000000e-01
    outer loop
      vertex   1.046657e+01 -2.000000e+00 7.098189e+00
      vertex   1.018435e+01 0.000000e+00 7.587020e+00
      vertex   1.046657e+01 0.000000e+00 7.098189e+00
    endloop
  endfacet
  facet normal -9.510565e-01 0.000000e+00 -3.090170e-01
    outer loop
      vertex   1.046657e+01 -2.000000e+00 7.098189e+00
      vertex   1.046657e+01 0.000000e+00 7.098189e+00
      vertex   1.064100e+01 -2.000000e+00 6.561362e+00
    endloop
  endfacet
  facet normal -9.510565e-01 0.000000e+00 -3.090170e-01
    outer loop
      vertex   1.064100e+01 -2.000000e+00 6.561362e+00
      vertex   1.046657e+01 0.000000e+00 7.098189e+00
      vertex   1.064100e+01 0.000000e+00 6.561362e+00
    endloop
  endfacet
  facet normal -0.000000e+00 1.000000e+00 0.000000e+00
    outer loop
      vertex   9.545481e+00 -2.000000e+00 6.414110e+00
      vertex   1.064100e+01 -2.000000e+00 6.561362e+00
      vertex   9.600000e+00 -2.000000e+00 6.000000e+00
    endloop
  endfacet
  facet normal 0.000000e+00 1.000000e+00 0.000000e+00
    outer loop
      vertex   9.600000e+00 -2.000000e+00 6.000000e+00
      vertex   1.064100e+01 -2.000000e+00 6.561362e+00
      vertex   1.070000e+01 -2.000000e+00 6.000000e+00
    endloop
  endfacet
  facet normal -0.000000e+00 1.000000e+00 0.000000e+00
    outer loop
      vertex   9.600000e+00 -2.000000e+00 6.000000e+00
      vertex   1.070000e+01 -2.000000e+00 6.000000e+00
      vertex   1.064100e+01 -2.000000e+00 5.438638e+00
    endloop
  endfacet
  facet normal 0.000000e+00 1.000000e+00 0.000000e+00
    outer loop
      vertex   1.064100e+01 -2.000000e+00 6.561362e+00
      vertex   9.545481e+00 -2.000000e+00 6.414110e+00
      vertex   1.046657e+01 -2.000000e+00 7.098189e+00
    endloop
  endfacet
  facet normal 0.000000e+00 1.000000e+00 0.000000e+00
    outer loop
      vertex   1.046657e+01 -2.000000e+00 7.098189e+00
      vertex   9.545481e+00 -2.000000e+00 6.414110e+00
      vertex   9.385641e+00 -2.000000e+00 6.800000e+00
    endloop
  endfacet
  facet normal 0.000000e+00 1.000000e+00 0.000000e+00
    outer loop
      vertex   1.046657e+01 -2.000000e+00 7.098189e+00
      vertex   9.385641e+00 -2.000000e+00 6.800000e+00
      vertex   1.018435e+01 -2.000000e+00 7.587020e+00
    endloop
  endfacet
  facet normal 0.000000e+00 1.000000e+00 0.000000e+00
    outer loop
      vertex   1.018435e+01 -2.000000e+00 7.587020e+00
      vertex   9.385641e+00 -2.000000e+00 6.800000e+00
      vertex   9.131371e+00 -2.000000e+00 7.131371e+00
    endloop
  endfacet
  facet normal 0.000000e+00 1.000000e+00 0.000000e+00
    outer loop
      vertex   1.018435e+01 -2.000000e+00 7.587020e+00
      vertex   9.131371e+00 -2.000000e+00 7.131371e+00
      vertex   9.806653e+00 -2.000000e+00 8.006491e+00
    endloop
  endfacet
  facet normal 0.000000e+00 1.000000e+00 0.000000e+00
    outer loop
      vertex   9.806653e+00 -2.000000e+00 8.006491e+00
      vertex   9.131371e+00 -2.000000e+00 7.131371e+00
      vertex   8.800000e+00 -2.000000e+00 7.385641e+00
    endloop
  endfacet
  facet normal 0.000000e+00 1.000000e+00 0.000000e+00
    outer loop
      vertex   9.806653e+00 -2.000000e+00 8.006491e+00
      vertex   8.800000e+00 -2.000000e+00 7.385641e+00
      vertex   9.350000e+00 -2.000000e+00 8.338269e+00
    endloop
  endfacet
  facet normal 0.000000e+00 1.000000e+00 0.000000e+00
    outer loop
      vertex   9.350000e+00 -2.000000e+00 8.338269e+00
      vertex   8.800000e+00 -2.000000e+00 7.385641e+00
      vertex   8.834346e+00 -2.000000e+00 8.567853e+00
    endloop
  endfacet
  facet normal 0.000000e+00 1.000000e+00 0.000000e+00
    outer loop
      vertex   8.834346e+00 -2.000000e+00 8.567853e+00
      vertex   8.800000e+00 -2.000000e+00 7.385641e+00
      vertex   8.414110e+00 -2.000000e+00 7.545481e+00
    endloop
  endfacet
  facet normal 0.000000e+00 1.000000e+00 0.000000e+00
    outer loop
      vertex   8.834346e+00 -2.000000e+00 8.567853e+00
      vertex   8.414110e+00 -2.000000e+00 7.545481e+00
      vertex   8.282227e+00 -2.000000e+00 8.685209e+00
    endloop
  endfacet
  facet normal 0.000000e+00 1.000000e+00 0.000000e+00
    outer loop
      vertex   8.282227e+00 -2.000000e+00 8.685209e+00
      vertex   8.414110e+00 -2.000000e+00 7.545481e+00
      vertex   8.000000e+00 -2.000000e+00 7.600000e+00
    endloop
  endfacet
  facet normal 0.000000e+00 1.000000e+00 0.000000e+00
    outer loop
      vertex   8.282227e+00 -2.000000e+00 8.685209e+00
      vertex   8.000000e+00 -2.000000e+00 7.600000e+00
      vertex   7.717773e+00 -2.000000e+00 8.685209e+00
    endloop
  endfacet
  facet normal 0.000000e+00 1.000000e+00 0.000000e+00
    outer loop
      vertex   7.717773e+00 -2.000000e+00 8.685209e+00
      vertex   8.000000e+00 -2.000000e+00 7.600000e+00
      vertex   7.585890e+00 -2.000000e+00 7.545481e+00
    endloop
  endfacet
  facet normal 0.000000e+00 1.000000e+00 0.000000e+00
    outer loop
      vertex   7.717773e+00 -2.000000e+00 8.685209e+00
      vertex   7.585890e+00 -2.000000e+00 7.545481e+00
      vertex   7.165654e+00 -2.000000e+00 8.567853e+00
    endloop
  endfacet
  facet normal 0.000000e+00 1.000000e+00 0.000000e+00
    outer loop
      vertex   7.165654e+00 -2.000000e+00 8.567853e+00
      vertex   7.585890e+00 -2.000000e+00 7.545481e+00
      vertex   7.200000e+00 -2.000000e+00 7.385641e+00
    endloop
  endfacet
  facet normal 0.000000e+00 1.000000e+00 0.000000e+00
    outer loop
      vertex   7.165654e+00 -2.000000e+00 8.567853e+00
      vertex   7.200000e+00 -2.000000e+00 7.385641e+00
      vertex   6.650000e+00 -2.000000e+00 8.338269e+00
    endloop
  endfacet
  facet normal 0.000000e+00 1.000000e+00 0.000000e+00
    outer loop
      vertex   6.650000e+00 -2.000000e+00 8.338269e+00
      vertex   7.200000e+00 -2.000000e+00 7.385641e+00
      vertex   6.193347e+00 -2.000000e+00 8.006491e+00
    endloop
  endfacet
  facet normal 0.000000e+00 1.000000e+00 0.000000e+00
    outer loop
      vertex   6.193347e+00 -2.000000e+00 8.006491e+00
      vertex   7.200000e+00 -2.000000e+00 7.385641e+00
      vertex   6.868629e+00 -2.000000e+00 7.131371e+00
    endloop
  endfacet
  facet normal 0.000000e+00 1.000000e+00 0.000000e+00
    outer loop
      vertex   6.193347e+00 -2.000000e+00 8.006491e+00
      vertex   6.868629e+00 -2.000000e+00 7.131371e+00
      vertex   5.815654e+00 -2.000000e+00 7.587020e+00
    endloop
  endfacet
  facet normal 0.000000e+00 1.000000e+00 0.000000e+00
    outer loop
      vertex   5.815654e+00 -2.000000e+00 7.587020e+00
      vertex   6.868629e+00 -2.000000e+00 7.131371e+00
      vertex   6.614359e+00 -2.000000e+00 6.800000e+00
    endloop
  endfacet
  facet normal 0.000000e+00 1.000000e+00 0.000000e+00
    outer loop
      vertex   5.815654e+00 -2.000000e+00 7.587020e+00
      vertex   6.614359e+00 -2.000000e+00 6.800000e+00
      vertex   5.533427e+00 -2.000000e+00 7.098189e+00
    endloop
  endfacet
  facet normal 0.000000e+00 1.000000e+00 0.000000e+00
    outer loop
      vertex   5.533427e+00 -2.000000e+00 7.098189e+00
      vertex   6.614359e+00 -2.000000e+00 6.800000e+00
      vertex   6.454519e+00 -2.000000e+00 6.414110e+00
    endloop
  endfacet
  facet normal 0.000000e+00 1.000000e+00 0.000000e+00
    outer loop
      vertex   5.533427e+00 -2.000000e+00 7.098189e+00
      vertex   6.454519e+00 -2.000000e+00 6.414110e+00
      vertex   5.359001e+00 -2.000000e+00 6.561362e+00
    endloop
  endfacet
  facet normal 0.000000e+00 1.000000e+00 0.000000e+00
    outer loop
      vertex   5.359001e+00 -2.000000e+00 6.561362e+00
      vertex   6.454519e+00 -2.000000e+00 6.414110e+00
      vertex   6.400000e+00 -2.000000e+00 6.000000e+00
    endloop
  endfacet
  facet normal 0.000000e+00 1.000000e+00 0.000000e+00
    outer loop
      vertex   5.359001e+00 -2.000000e+00 6.561362e+00
      vertex   6.400000e+00 -2.000000e+00 6.000000e+00
      vertex   5.300000e+00 -2.000000e+00 6.000000e+00
    endloop
  endfacet
  facet normal -0.000000e+00 1.000000e+00 0.000000e+00
    outer loop
      vertex   5.300000e+00 -2.000000e+00 6.000000e+00
      vertex   6.400000e+00 -2.000000e+00 6.000000e+00
      vertex   5.359001e+00 -2.000000e+00 5.438638e+00
    endloop
  endfacet
  facet normal 0.000000e+00 1.000000e+00 0.000000e+00
    outer loop
      vertex   5.359001e+00 -2.000000e+00 5.438638e+00
      vertex   6.400000e+00 -2.000000e+00 6.000000e+00
      vertex   6.454519e+00 -2.000000e+00 5.585890e+00
    endloop
  endfacet
  facet normal -0.000000e+00 1.000000e+00 0.000000e+00
    outer loop
      vertex   5.359001e+00 -2.000000e+00 5.438638e+00
      vertex   6.454519e+00 -2.000000e+00 5.585890e+00
      vertex   5.533427e+00 -2.000000e+00 4.901811e+00
    endloop
  endfacet
  facet normal 0.000000e+00 1.000000e+00 0.000000e+00
    outer loop
      vertex   5.533427e+00 -2.000000e+00 4.901811e+00
      vertex   6.454519e+00 -2.000000e+00 5.585890e+00
      vertex   6.614359e+00 -2.000000e+00 5.200000e+00
    endloop
  endfacet
  facet normal -0.000000e+00 1.000000e+00 0.000000e+00
    outer loop
      vertex   5.533427e+00 -2.000000e+00 4.901811e+00
      vertex   6.614359e+00 -2.000000e+00 5.200000e+00
      vertex   5.815654e+00 -2.000000e+00 4.412980e+00
    endloop
  endfacet
  facet normal 0.000000e+00 1.000000e+00 0.000000e+00
    outer loop
      vertex   5.815654e+00 -2.000000e+00 4.412980e+00
      vertex   6.614359e+00 -2.000000e+00 5.200000e+00
      vertex   6.868629e+00 -2.000000e+00 4.868629e+00
    endloop
  endfacet
  facet normal -0.000000e+00 1.000000e+00 0.000000e+00
    outer loop
      vertex   5.815654e+00 -2.000000e+00 4.412980e+00
      vertex   6.868629e+00 -2.000000e+00 4.868629e+00
      vertex   6.193347e+00 -2.000000e+00 3.993509e+00
    endloop
  endfacet
  facet normal 0.000000e+00 1.000000e+00 0.000000e+00
    outer loop
      vertex   6.193347e+00 -2.000000e+00 3.993509e+00
      vertex   6.868629e+00 -2.000000e+00 4.868629e+00
      vertex   7.200000e+00 -2.000000e+00 4.614359e+00
    endloop
  endfacet
  facet normal -0.000000e+00 1.000000e+00 0.000000e+00
    outer loop
      vertex   6.193347e+00 -2.000000e+00 3.993509e+00
      vertex   7.200000e+00 -2.000000e+00 4.614359e+00
      vertex   6.650000e+00 -2.000000e+00 3.661731e+00
    endloop
  endfacet
  facet normal -0.000000e+00 1.000000e+00 0.000000e+00
    outer loop
      vertex   6.650000e+00 -2.000000e+00 3.661731e+00
      vertex   7.200000e+00 -2.000000e+00 4.614359e+00
      vertex   7.165654e+00 -2.000000e+00 3.432147e+00
    endloop
  endfacet
  facet normal 0.000000e+00 1.000000e+00 0.000000e+00
    outer loop
      vertex   7.165654e+00 -2.000000e+00 3.432147e+00
      vertex   7.200000e+00 -2.000000e+00 4.614359e+00
      vertex   7.585890e+00 -2.000000e+00 4.454519e+00
    endloop
  endfacet
  facet normal -0.000000e+00 1.000000e+00 0.000000e+00
    outer loop
      vertex   7.165654e+00 -2.000000e+00 3.432147e+00
      vertex   7.585890e+00 -2.000000e+00 4.454519e+00
      vertex   7.717773e+00 -2.000000e+00 3.314791e+00
    endloop
  endfacet
  facet normal 0.000000e+00 1.000000e+00 -0.000000e+00
    outer loop
      vertex   7.717773e+00 -2.000000e+00 3.314791e+00
      vertex   7.585890e+00 -2.000000e+00 4.454519e+00
      vertex   8.000000e+00 -2.000000e+00 4.400000e+00
    endloop
  endfacet
  facet normal 0.000000e+00 1.000000e+00 0.000000e+00
    outer loop
      vertex   7.717773e+00 -2.000000e+00 3.314791e+00
      vertex   8.000000e+00 -2.000000e+00 4.400000e+00
      vertex   8.282227e+00 -2.000000e+00 3.314791e+00
    endloop
  endfacet
  facet normal 0.000000e+00 1.000000e+00 -0.000000e+00
    outer loop
      vertex   8.282227e+00 -2.000000e+00 3.314791e+00
      vertex   8.000000e+00 -2.000000e+00 4.400000e+00
      vertex   8.414110e+00 -2.000000e+00 4.454519e+00
    endloop
  endfacet
  facet normal 0.000000e+00 1.000000e+00 0.000000e+00
    outer loop
      vertex   8.282227e+00 -2.000000e+00 3.314791e+00
      vertex   8.414110e+00 -2.000000e+00 4.454519e+00
      vertex   8.834346e+00 -2.000000e+00 3.432147e+00
    endloop
  endfacet
  facet normal 0.000000e+00 1.000000e+00 0.000000e+00
    outer loop
      vertex   8.834346e+00 -2.000000e+00 3.432147e+00
      vertex   8.414110e+00 -2.000000e+00 4.454519e+00
      vertex   8.800000e+00 -2.000000e+00 4.614359e+00
    endloop
  endfacet
  facet normal 0.000000e+00 1.000000e+00 -0.000000e+00
    outer loop
      vertex   8.834346e+00 -2.000000e+00 3.432147e+00
      vertex   8.800000e+00 -2.000000e+00 4.614359e+00
      vertex   9.350000e+00 -2.000000e+00 3.661731e+00
    endloop
  endfacet
  facet normal 0.000000e+00 1.000000e+00 -0.000000e+00
    outer loop
      vertex   9.350000e+00 -2.000000e+00 3.661731e+00
      vertex   8.800000e+00 -2.000000e+00 4.614359e+00
      vertex   9.806653e+00 -2.000000e+00 3.993509e+00
    endloop
  endfacet
  facet normal 0.000000e+00 1.000000e+00 0.000000e+00
    outer loop
      vertex   9.806653e+00 -2.000000e+00 3.993509e+00
      vertex   8.800000e+00 -2.000000e+00 4.614359e+00
      vertex   9.131371e+00 -2.000000e+00 4.868629e+00
    endloop
  endfacet
  facet normal 0.000000e+00 1.000000e+00 -0.000000e+00
    outer loop
      vertex   9.806653e+00 -2.000000e+00 3.993509e+00
      vertex   9.131371e+00 -2.000000e+00 4.868629e+00
      vertex   1.018435e+01 -2.000000e+00 4.412980e+00
    endloop
  endfacet
  facet normal 0.000000e+00 1.000000e+00 0.000000e+00
    outer loop
      vertex   1.018435e+01 -2.000000e+00 4.412980e+00
      vertex   9.131371e+00 -2.000000e+00 4.868629e+00
      vertex   9.385641e+00 -2.000000e+00 5.200000e+00
    endloop
  endfacet
  facet normal 0.000000e+00 1.000000e+00 -0.000000e+00
    outer loop
      vertex   1.018435e+01 -2.000000e+00 4.412980e+00
      vertex   9.385641e+00 -2.000000e+00 5.200000e+00
      vertex   1.046657e+01 -2.000000e+00 4.901811e+00
    endloop
  endfacet
  facet normal 0.000000e+00 1.000000e+00 0.000000e+00
    outer loop
      vertex   1.046657e+01 -2.000000e+00 4.901811e+00
      vertex   9.385641e+00 -2.000000e+00 5.200000e+00
      vertex   9.545481e+00 -2.000000e+00 5.585890e+00
    endloop
  endfacet
  facet normal 0.000000e+00 1.000000e+00 -0.000000e+00
    outer loop
      vertex   1.046657e+01 -2.000000e+00 4.901811e+00
      vertex   9.545481e+00 -2.000000e+00 5.585890e+00
      vertex   1.064100e+01 -2.000000e+00 5.438638e+00
    endloop
  endfacet
  facet normal 0.000000e+00 1.000000e+00 0.000000e+00
    outer loop
      vertex   1.064100e+01 -2.000000e+00 5.438638e+00
      vertex   9.545481e+00 -2.000000e+00 5.585890e+00
      vertex   9.600000e+00 -2.000000e+00 6.000000e+00
    endloop
  endfacet
  facet normal -9.945219e-01 0.000000e+00 -1.045285e-01
    outer loop
      vertex   3.764100e+01 -2.000000e+00 6.956136e+01
      vertex   3.764100e+01 2.714384e-14 6.956136e+01
      vertex   3.770000e+01 -2.000000e+00 6.900000e+01
    endloop
  endfacet
  facet normal -9.945219e-01 0.000000e+00 -1.045285e-01
    outer loop
      vertex   3.770000e+01 -2.000000e+00 6.900000e+01
      vertex   3.764100e+01 2.714384e-14 6.956136e+01
      vertex   3.770000e+01 2.905747e-14 6.900000e+01
    endloop
  endfacet
  facet normal -9.945219e-01 0.000000e+00 1.045285e-01
    outer loop
      vertex   3.770000e+01 -2.000000e+00 6.900000e+01
      vertex   3.770000e+01 2.905747e-14 6.900000e+01
      vertex   3.764100e+01 -2.000000e+00 6.843864e+01
    endloop
  endfacet
  facet normal -9.945219e-01 0.000000e+00 1.045285e-01
    outer loop
      vertex   3.764100e+01 -2.000000e+00 6.843864e+01
      vertex   3.770000e+01 2.905747e-14 6.900000e+01
      vertex   3.764100e+01 2.670880e-14 6.843864e+01
    endloop
  endfacet
  facet normal -9.510565e-01 0.000000e+00 3.090170e-01
    outer loop
      vertex   3.764100e+01 -2.000000e+00 6.843864e+01
      vertex   3.764100e+01 2.670880e-14 6.843864e+01
      vertex   3.746657e+01 -2.000000e+00 6.790181e+01
    endloop
  endfacet
  facet normal -9.510565e-01 0.000000e+00 3.090170e-01
    outer loop
      vertex   3.746657e+01 -2.000000e+00 6.790181e+01
      vertex   3.764100e+01 2.670880e-14 6.843864e+01
      vertex   3.746657e+01 2.650079e-14 6.790181e+01
    endloop
  endfacet
  facet normal -8.660254e-01 0.000000e+00 5.000000e-01
    outer loop
      vertex   3.746657e+01 -2.000000e+00 6.790181e+01
      vertex   3.746657e+01 2.650079e-14 6.790181e+01
      vertex   3.718435e+01 -2.000000e+00 6.741298e+01
    endloop
  endfacet
  facet normal -8.660254e-01 0.000000e+00 5.000000e-01
    outer loop
      vertex   3.718435e+01 -2.000000e+00 6.741298e+01
      vertex   3.746657e+01 2.650079e-14 6.790181e+01
      vertex   3.718435e+01 2.631138e-14 6.741298e+01
    endloop
  endfacet
  facet normal -7.431448e-01 0.000000e+00 6.691306e-01
    outer loop
      vertex   3.718435e+01 -2.000000e+00 6.741298e+01
      vertex   3.718435e+01 2.631138e-14 6.741298e+01
      vertex   3.680665e+01 -2.000000e+00 6.699351e+01
    endloop
  endfacet
  facet normal -7.431448e-01 0.000000e+00 6.691306e-01
    outer loop
      vertex   3.680665e+01 -2.000000e+00 6.699351e+01
      vertex   3.718435e+01 2.631138e-14 6.741298e+01
      vertex   3.680665e+01 2.614884e-14 6.699351e+01
    endloop
  endfacet
  facet normal -5.877853e-01 0.000000e+00 8.090170e-01
    outer loop
      vertex   3.680665e+01 -2.000000e+00 6.699351e+01
      vertex   3.680665e+01 2.614884e-14 6.699351e+01
      vertex   3.635000e+01 -2.000000e+00 6.666173e+01
    endloop
  endfacet
  facet normal -5.877853e-01 0.000000e+00 8.090170e-01
    outer loop
      vertex   3.635000e+01 -2.000000e+00 6.666173e+01
      vertex   3.680665e+01 2.614884e-14 6.699351e+01
      vertex   3.635000e+01 2.602028e-14 6.666173e+01
    endloop
  endfacet
  facet normal -4.067366e-01 0.000000e+00 9.135455e-01
    outer loop
      vertex   3.635000e+01 -2.000000e+00 6.666173e+01
      vertex   3.635000e+01 2.602028e-14 6.666173e+01
      vertex   3.583435e+01 -2.000000e+00 6.643215e+01
    endloop
  endfacet
  facet normal -4.067366e-01 0.000000e+00 9.135455e-01
    outer loop
      vertex   3.583435e+01 -2.000000e+00 6.643215e+01
      vertex   3.635000e+01 2.602028e-14 6.666173e+01
      vertex   3.583435e+01 2.593132e-14 6.643215e+01
    endloop
  endfacet
  facet normal -2.079117e-01 0.000000e+00 9.781476e-01
    outer loop
      vertex   3.583435e+01 -2.000000e+00 6.643215e+01
      vertex   3.583435e+01 2.593132e-14 6.643215e+01
      vertex   3.528223e+01 -2.000000e+00 6.631479e+01
    endloop
  endfacet
  facet normal -2.079117e-01 0.000000e+00 9.781476e-01
    outer loop
      vertex   3.528223e+01 -2.000000e+00 6.631479e+01
      vertex   3.583435e+01 2.593132e-14 6.643215e+01
      vertex   3.528223e+01 2.588585e-14 6.631479e+01
    endloop
  endfacet
  facet normal 0.000000e+00 -0.000000e+00 1.000000e+00
    outer loop
      vertex   3.528223e+01 -2.000000e+00 6.631479e+01
      vertex   3.528223e+01 2.588585e-14 6.631479e+01
      vertex   3.471777e+01 -2.000000e+00 6.631479e+01
    endloop
  endfacet
  facet normal 0.000000e+00 0.000000e+00 1.000000e+00
    outer loop
      vertex   3.471777e+01 -2.000000e+00 6.631479e+01
      vertex   3.528223e+01 2.588585e-14 6.631479e+01
      vertex   3.471777e+01 2.588585e-14 6.631479e+01
    endloop
  endfacet
  facet normal 2.079117e-01 -0.000000e+00 9.781476e-01
    outer loop
      vertex   3.471777e+01 -2.000000e+00 6.631479e+01
      vertex   3.471777e+01 2.588585e-14 6.631479e+01
      vertex   3.416565e+01 -2.000000e+00 6.643215e+01
    endloop
  endfacet
  facet normal 2.079117e-01 -0.000000e+00 9.781476e-01
    outer loop
      vertex   3.416565e+01 -2.000000e+00 6.643215e+01
      vertex   3.471777e+01 2.588585e-14 6.631479e+01
      vertex   3.416565e+01 2.593132e-14 6.643215e+01
    endloop
  endfacet
  facet normal 4.067366e-01 -0.000000e+00 9.135455e-01
    outer loop
      vertex   3.416565e+01 -2.000000e+00 6.643215e+01
      vertex   3.416565e+01 2.593132e-14 6.643215e+01
      vertex   3.365000e+01 -2.000000e+00 6.666173e+01
    endloop
  endfacet
  facet normal 4.067366e-01 -0.000000e+00 9.135455e-01
    outer loop
      vertex   3.365000e+01 -2.000000e+00 6.666173e+01
      vertex   3.416565e+01 2.593132e-14 6.643215e+01
      vertex   3.365000e+01 2.602028e-14 6.666173e+01
    endloop
  endfacet
  facet normal 5.877853e-01 -0.000000e+00 8.090170e-01
    outer loop
      vertex   3.365000e+01 -2.000000e+00 6.666173e+01
      vertex   3.365000e+01 2.602028e-14 6.666173e+01
      vertex   3.319335e+01 -2.000000e+00 6.699351e+01
    endloop
  endfacet
  facet normal 5.877853e-01 -0.000000e+00 8.090170e-01
    outer loop
      vertex   3.319335e+01 -2.000000e+00 6.699351e+01
      vertex   3.365000e+01 2.602028e-14 6.666173e+01
      vertex   3.319335e+01 2.614884e-14 6.699351e+01
    endloop
  endfacet
  facet normal 7.431448e-01 -0.000000e+00 6.691306e-01
    outer loop
      vertex   3.319335e+01 -2.000000e+00 6.699351e+01
      vertex   3.319335e+01 2.614884e-14 6.699351e+01
      vertex   3.281565e+01 -2.000000e+00 6.741298e+01
    endloop
  endfacet
  facet normal 7.431448e-01 -0.000000e+00 6.691306e-01
    outer loop
      vertex   3.281565e+01 -2.000000e+00 6.741298e+01
      vertex   3.319335e+01 2.614884e-14 6.699351e+01
      vertex   3.281565e+01 2.631138e-14 6.741298e+01
    endloop
  endfacet
  facet normal 8.660254e-01 -0.000000e+00 5.000000e-01
    outer loop
      vertex   3.281565e+01 -2.000000e+00 6.741298e+01
      vertex   3.281565e+01 2.631138e-14 6.741298e+01
      vertex   3.253343e+01 -2.000000e+00 6.790181e+01
    endloop
  endfacet
  facet normal 8.660254e-01 -0.000000e+00 5.000000e-01
    outer loop
      vertex   3.253343e+01 -2.000000e+00 6.790181e+01
      vertex   3.281565e+01 2.631138e-14 6.741298e+01
      vertex   3.253343e+01 2.650079e-14 6.790181e+01
    endloop
  endfacet
  facet normal 9.510565e-01 -0.000000e+00 3.090170e-01
    outer loop
      vertex   3.253343e+01 -2.000000e+00 6.790181e+01
      vertex   3.253343e+01 2.650079e-14 6.790181e+01
      vertex   3.235900e+01 -2.000000e+00 6.843864e+01
    endloop
  endfacet
  facet normal 9.510565e-01 -0.000000e+00 3.090170e-01
    outer loop
      vertex   3.235900e+01 -2.000000e+00 6.843864e+01
      vertex   3.253343e+01 2.650079e-14 6.790181e+01
      vertex   3.235900e+01 2.670880e-14 6.843864e+01
    endloop
  endfacet
  facet normal 9.945219e-01 -0.000000e+00 1.045285e-01
    outer loop
      vertex   3.235900e+01 -2.000000e+00 6.843864e+01
      vertex   3.235900e+01 2.670880e-14 6.843864e+01
      vertex   3.230000e+01 -2.000000e+00 6.900000e+01
    endloop
  endfacet
  facet normal 9.945219e-01 -0.000000e+00 1.045285e-01
    outer loop
      vertex   3.230000e+01 -2.000000e+00 6.900000e+01
      vertex   3.235900e+01 2.670880e-14 6.843864e+01
      vertex   3.230000e+01 2.692632e-14 6.900000e+01
    endloop
  endfacet
  facet normal 9.945219e-01 0.000000e+00 -1.045285e-01
    outer loop
      vertex   3.230000e+01 -2.000000e+00 6.900000e+01
      vertex   3.230000e+01 2.692632e-14 6.900000e+01
      vertex   3.235900e+01 -2.000000e+00 6.956136e+01
    endloop
  endfacet
  facet normal 9.945219e-01 0.000000e+00 -1.045285e-01
    outer loop
      vertex   3.235900e+01 -2.000000e+00 6.956136e+01
      vertex   3.230000e+01 2.692632e-14 6.900000e+01
      vertex   3.235900e+01 2.714384e-14 6.956136e+01
    endloop
  endfacet
  facet normal 9.510565e-01 0.000000e+00 -3.090170e-01
    outer loop
      vertex   3.235900e+01 -2.000000e+00 6.956136e+01
      vertex   3.235900e+01 2.714384e-14 6.956136e+01
      vertex   3.253343e+01 -2.000000e+00 7.009819e+01
    endloop
  endfacet
  facet normal 9.510565e-01 0.000000e+00 -3.090170e-01
    outer loop
      vertex   3.253343e+01 -2.000000e+00 7.009819e+01
      vertex   3.235900e+01 2.714384e-14 6.956136e+01
      vertex   3.253343e+01 2.735185e-14 7.009819e+01
    endloop
  endfacet
  facet normal 8.660254e-01 0.000000e+00 -5.000000e-01
    outer loop
      vertex   3.253343e+01 -2.000000e+00 7.009819e+01
      vertex   3.253343e+01 2.735185e-14 7.009819e+01
      vertex   3.281565e+01 -2.000000e+00 7.058702e+01
    endloop
  endfacet
  facet normal 8.660254e-01 0.000000e+00 -5.000000e-01
    outer loop
      vertex   3.281565e+01 -2.000000e+00 7.058702e+01
      vertex   3.253343e+01 2.735185e-14 7.009819e+01
      vertex   3.281565e+01 2.754126e-14 7.058702e+01
    endloop
  endfacet
  facet normal 7.431448e-01 0.000000e+00 -6.691306e-01
    outer loop
      vertex   3.281565e+01 -2.000000e+00 7.058702e+01
      vertex   3.281565e+01 2.754126e-14 7.058702e+01
      vertex   3.319335e+01 -2.000000e+00 7.100649e+01
    endloop
  endfacet
  facet normal 7.431448e-01 0.000000e+00 -6.691306e-01
    outer loop
      vertex   3.319335e+01 -2.000000e+00 7.100649e+01
      vertex   3.281565e+01 2.754126e-14 7.058702e+01
      vertex   3.319335e+01 2.770380e-14 7.100649e+01
    endloop
  endfacet
  facet normal 5.877853e-01 0.000000e+00 -8.090170e-01
    outer loop
      vertex   3.319335e+01 -2.000000e+00 7.100649e+01
      vertex   3.319335e+01 2.770380e-14 7.100649e+01
      vertex   3.365000e+01 -2.000000e+00 7.133827e+01
    endloop
  endfacet
  facet normal 5.877853e-01 0.000000e+00 -8.090170e-01
    outer loop
      vertex   3.365000e+01 -2.000000e+00 7.133827e+01
      vertex   3.319335e+01 2.770380e-14 7.100649e+01
      vertex   3.365000e+01 2.783236e-14 7.133827e+01
    endloop
  endfacet
  facet normal 4.067366e-01 0.000000e+00 -9.135455e-01
    outer loop
      vertex   3.365000e+01 -2.000000e+00 7.133827e+01
      vertex   3.365000e+01 2.783236e-14 7.133827e+01
      vertex   3.416565e+01 -2.000000e+00 7.156785e+01
    endloop
  endfacet
  facet normal 4.067366e-01 0.000000e+00 -9.135455e-01
    outer loop
      vertex   3.416565e+01 -2.000000e+00 7.156785e+01
      vertex   3.365000e+01 2.783236e-14 7.133827e+01
      vertex   3.416565e+01 2.792132e-14 7.156785e+01
    endloop
  endfacet
  facet normal 2.079117e-01 0.000000e+00 -9.781476e-01
    outer loop
      vertex   3.416565e+01 -2.000000e+00 7.156785e+01
      vertex   3.416565e+01 2.792132e-14 7.156785e+01
      vertex   3.471777e+01 -2.000000e+00 7.168521e+01
    endloop
  endfacet
  facet normal 2.079117e-01 0.000000e+00 -9.781476e-01
    outer loop
      vertex   3.471777e+01 -2.000000e+00 7.168521e+01
      vertex   3.416565e+01 2.792132e-14 7.156785e+01
      vertex   3.471777e+01 2.796679e-14 7.168521e+01
    endloop
  endfacet
  facet normal 0.000000e+00 0.000000e+00 -1.000000e+00
    outer loop
      vertex   3.471777e+01 -2.000000e+00 7.168521e+01
      vertex   3.471777e+01 2.796679e-14 7.168521e+01
      vertex   3.528223e+01 -2.000000e+00 7.168521e+01
    endloop
  endfacet
  facet normal 0.000000e+00 0.000000e+00 -1.000000e+00
    outer loop
      vertex   3.528223e+01 -2.000000e+00 7.168521e+01
      vertex   3.471777e+01 2.796679e-14 7.168521e+01
      vertex   3.528223e+01 2.796679e-14 7.168521e+01
    endloop
  endfacet
  facet normal -2.079117e-01 0.000000e+00 -9.781476e-01
    outer loop
      vertex   3.528223e+01 -2.000000e+00 7.168521e+01
      vertex   3.528223e+01 2.796679e-14 7.168521e+01
      vertex   3.583435e+01 -2.000000e+00 7.156785e+01
    endloop
  endfacet
  facet normal -2.079117e-01 0.000000e+00 -9.781476e-01
    outer loop
      vertex   3.583435e+01 -2.000000e+00 7.156785e+01
      vertex   3.528223e+01 2.796679e-14 7.168521e+01
      vertex   3.583435e+01 2.792132e-14 7.156785e+01
    endloop
  endfacet
  facet normal -4.067366e-01 0.000000e+00 -9.135455e-01
    outer loop
      vertex   3.583435e+01 -2.000000e+00 7.156785e+01
      vertex   3.583435e+01 2.792132e-14 7.156785e+01
      vertex   3.635000e+01 -2.000000e+00 7.133827e+01
    endloop
  endfacet
  facet normal -4.067366e-01 0.000000e+00 -9.135455e-01
    outer loop
      vertex   3.635000e+01 -2.000000e+00 7.133827e+01
      vertex   3.583435e+01 2.792132e-14 7.156785e+01
      vertex   3.635000e+01 2.783236e-14 7.133827e+01
    endloop
  endfacet
  facet normal -5.877853e-01 0.000000e+00 -8.090170e-01
    outer loop
      vertex   3.635000e+01 -2.000000e+00 7.133827e+01
      vertex   3.635000e+01 2.783236e-14 7.133827e+01
      vertex   3.680665e+01 -2.000000e+00 7.100649e+01
    endloop
  endfacet
  facet normal -5.877853e-01 0.000000e+00 -8.090170e-01
    outer loop
      vertex   3.680665e+01 -2.000000e+00 7.100649e+01
      vertex   3.635000e+01 2.783236e-14 7.133827e+01
      vertex   3.680665e+01 2.770380e-14 7.100649e+01
    endloop
  endfacet
  facet normal -7.431448e-01 0.000000e+00 -6.691306e-01
    outer loop
      vertex   3.680665e+01 -2.000000e+00 7.100649e+01
      vertex   3.680665e+01 2.770380e-14 7.100649e+01
      vertex   3.718435e+01 -2.000000e+00 7.058702e+01
    endloop
  endfacet
  facet normal -7.431448e-01 0.000000e+00 -6.691306e-01
    outer loop
      vertex   3.718435e+01 -2.000000e+00 7.058702e+01
      vertex   3.680665e+01 2.770380e-14 7.100649e+01
      vertex   3.718435e+01 2.754126e-14 7.058702e+01
    endloop
  endfacet
  facet normal -8.660254e-01 0.000000e+00 -5.000000e-01
    outer loop
      vertex   3.718435e+01 -2.000000e+00 7.058702e+01
      vertex   3.718435e+01 2.754126e-14 7.058702e+01
      vertex   3.746657e+01 -2.000000e+00 7.009819e+01
    endloop
  endfacet
  facet normal -8.660254e-01 0.000000e+00 -5.000000e-01
    outer loop
      vertex   3.746657e+01 -2.000000e+00 7.009819e+01
      vertex   3.718435e+01 2.754126e-14 7.058702e+01
      vertex   3.746657e+01 2.735185e-14 7.009819e+01
    endloop
  endfacet
  facet normal -9.510565e-01 0.000000e+00 -3.090170e-01
    outer loop
      vertex   3.746657e+01 -2.000000e+00 7.009819e+01
      vertex   3.746657e+01 2.735185e-14 7.009819e+01
      vertex   3.764100e+01 -2.000000e+00 6.956136e+01
    endloop
  endfacet
  facet normal -9.510565e-01 0.000000e+00 -3.090170e-01
    outer loop
      vertex   3.764100e+01 -2.000000e+00 6.956136e+01
      vertex   3.746657e+01 2.735185e-14 7.009819e+01
      vertex   3.764100e+01 2.714384e-14 6.956136e+01
    endloop
  endfacet
  facet normal -0.000000e+00 1.000000e+00 0.000000e+00
    outer loop
      vertex   3.654548e+01 -2.000000e+00 6.941411e+01
      vertex   3.764100e+01 -2.000000e+00 6.956136e+01
      vertex   3.660000e+01 -2.000000e+00 6.900000e+01
    endloop
  endfacet
  facet normal 0.000000e+00 1.000000e+00 0.000000e+00
    outer loop
      vertex   3.660000e+01 -2.000000e+00 6.900000e+01
      vertex   3.764100e+01 -2.000000e+00 6.956136e+01
      vertex   3.770000e+01 -2.000000e+00 6.900000e+01
    endloop
  endfacet
  facet normal -0.000000e+00 1.000000e+00 0.000000e+00
    outer loop
      vertex   3.660000e+01 -2.000000e+00 6.900000e+01
      vertex   3.770000e+01 -2.000000e+00 6.900000e+01
      vertex   3.764100e+01 -2.000000e+00 6.843864e+01
    endloop
  endfacet
  facet normal 0.000000e+00 1.000000e+00 0.000000e+00
    outer loop
      vertex   3.764100e+01 -2.000000e+00 6.956136e+01
      vertex   3.654548e+01 -2.000000e+00 6.941411e+01
      vertex   3.746657e+01 -2.000000e+00 7.009819e+01
    endloop
  endfacet
  facet normal 0.000000e+00 1.000000e+00 0.000000e+00
    outer loop
      vertex   3.746657e+01 -2.000000e+00 7.009819e+01
      vertex   3.654548e+01 -2.000000e+00 6.941411e+01
      vertex   3.638564e+01 -2.000000e+00 6.980000e+01
    endloop
  endfacet
  facet normal 0.000000e+00 1.000000e+00 0.000000e+00
    outer loop
      vertex   3.746657e+01 -2.000000e+00 7.009819e+01
      vertex   3.638564e+01 -2.000000e+00 6.980000e+01
      vertex   3.718435e+01 -2.000000e+00 7.058702e+01
    endloop
  endfacet
  facet normal 0.000000e+00 1.000000e+00 0.000000e+00
    outer loop
      vertex   3.718435e+01 -2.000000e+00 7.058702e+01
      vertex   3.638564e+01 -2.000000e+00 6.980000e+01
      vertex   3.613137e+01 -2.000000e+00 7.013137e+01
    endloop
  endfacet
  facet normal 0.000000e+00 1.000000e+00 0.000000e+00
    outer loop
      vertex   3.718435e+01 -2.000000e+00 7.058702e+01
      vertex   3.613137e+01 -2.000000e+00 7.013137e+01
      vertex   3.680665e+01 -2.000000e+00 7.100649e+01
    endloop
  endfacet
  facet normal 0.000000e+00 1.000000e+00 0.000000e+00
    outer loop
      vertex   3.680665e+01 -2.000000e+00 7.100649e+01
      vertex   3.613137e+01 -2.000000e+00 7.013137e+01
      vertex   3.580000e+01 -2.000000e+00 7.038564e+01
    endloop
  endfacet
  facet normal 0.000000e+00 1.000000e+00 0.000000e+00
    outer loop
      vertex   3.680665e+01 -2.000000e+00 7.100649e+01
      vertex   3.580000e+01 -2.000000e+00 7.038564e+01
      vertex   3.635000e+01 -2.000000e+00 7.133827e+01
    endloop
  endfacet
  facet normal 0.000000e+00 1.000000e+00 0.000000e+00
    outer loop
      vertex   3.635000e+01 -2.000000e+00 7.133827e+01
      vertex   3.580000e+01 -2.000000e+00 7.038564e+01
      vertex   3.583435e+01 -2.000000e+00 7.156785e+01
    endloop
  endfacet
  facet normal 0.000000e+00 1.000000e+00 0.000000e+00
    outer loop
      vertex   3.583435e+01 -2.000000e+00 7.156785e+01
      vertex   3.580000e+01 -2.000000e+00 7.038564e+01
      vertex   3.541411e+01 -2.000000e+00 7.054548e+01
    endloop
  endfacet
  facet normal 0.000000e+00 1.000000e+00 0.000000e+00
    outer loop
      vertex   3.583435e+01 -2.000000e+00 7.156785e+01
      vertex   3.541411e+01 -2.000000e+00 7.054548e+01
      vertex   3.528223e+01 -2.000000e+00 7.168521e+01
    endloop
  endfacet
  facet normal 0.000000e+00 1.000000e+00 0.000000e+00
    outer loop
      vertex   3.528223e+01 -2.000000e+00 7.168521e+01
      vertex   3.541411e+01 -2.000000e+00 7.054548e+01
      vertex   3.500000e+01 -2.000000e+00 7.060000e+01
    endloop
  endfacet
  facet normal 0.000000e+00 1.000000e+00 0.000000e+00
    outer loop
      vertex   3.528223e+01 -2.000000e+00 7.168521e+01
      vertex   3.500000e+01 -2.000000e+00 7.060000e+01
      vertex   3.471777e+01 -2.000000e+00 7.168521e+01
    endloop
  endfacet
  facet normal 0.000000e+00 1.000000e+00 0.000000e+00
    outer loop
      vertex   3.471777e+01 -2.000000e+00 7.168521e+01
      vertex   3.500000e+01 -2.000000e+00 7.060000e+01
      vertex   3.458589e+01 -2.000000e+00 7.054548e+01
    endloop
  endfacet
  facet normal 0.000000e+00 1.000000e+00 0.000000e+00
    outer loop
      vertex   3.471777e+01 -2.000000e+00 7.168521e+01
      vertex   3.458589e+01 -2.000000e+00 7.054548e+01
      vertex   3.416565e+01 -2.000000e+00 7.156785e+01
    endloop
  endfacet
  facet normal 0.000000e+00 1.000000e+00 0.000000e+00
    outer loop
      vertex   3.416565e+01 -2.000000e+00 7.156785e+01
      vertex   3.458589e+01 -2.000000e+00 7.054548e+01
      vertex   3.420000e+01 -2.000000e+00 7.038564e+01
    endloop
  endfacet
  facet normal 0.000000e+00 1.000000e+00 0.000000e+00
    outer loop
      vertex   3.416565e+01 -2.000000e+00 7.156785e+01
      vertex   3.420000e+01 -2.000000e+00 7.038564e+01
      vertex   3.365000e+01 -2.000000e+00 7.133827e+01
    endloop
  endfacet
  facet normal 0.000000e+00 1.000000e+00 0.000000e+00
    outer loop
      vertex   3.365000e+01 -2.000000e+00 7.133827e+01
      vertex   3.420000e+01 -2.000000e+00 7.038564e+01
      vertex   3.319335e+01 -2.000000e+00 7.100649e+01
    endloop
  endfacet
  facet normal 0.000000e+00 1.000000e+00 0.000000e+00
    outer loop
      vertex   3.319335e+01 -2.000000e+00 7.100649e+01
      vertex   3.420000e+01 -2.000000e+00 7.038564e+01
      vertex   3.386863e+01 -2.000000e+00 7.013137e+01
    endloop
  endfacet
  facet normal 0.000000e+00 1.000000e+00 0.000000e+00
    outer loop
      vertex   3.319335e+01 -2.000000e+00 7.100649e+01
      vertex   3.386863e+01 -2.000000e+00 7.013137e+01
      vertex   3.281565e+01 -2.000000e+00 7.058702e+01
    endloop
  endfacet
  facet normal 0.000000e+00 1.000000e+00 0.000000e+00
    outer loop
      vertex   3.281565e+01 -2.000000e+00 7.058702e+01
      vertex   3.386863e+01 -2.000000e+00 7.013137e+01
      vertex   3.361436e+01 -2.000000e+00 6.980000e+01
    endloop
  endfacet
  facet normal 0.000000e+00 1.000000e+00 0.000000e+00
    outer loop
      vertex   3.281565e+01 -2.000000e+00 7.058702e+01
      vertex   3.361436e+01 -2.000000e+00 6.980000e+01
      vertex   3.253343e+01 -2.000000e+00 7.009819e+01
    endloop
  endfacet
  facet normal 0.000000e+00 1.000000e+00 0.000000e+00
    outer loop
      vertex   3.253343e+01 -2.000000e+00 7.009819e+01
      vertex   3.361436e+01 -2.000000e+00 6.980000e+01
      vertex   3.345452e+01 -2.000000e+00 6.941411e+01
    endloop
  endfacet
  facet normal 0.000000e+00 1.000000e+00 0.000000e+00
    outer loop
      vertex   3.253343e+01 -2.000000e+00 7.009819e+01
      vertex   3.345452e+01 -2.000000e+00 6.941411e+01
      vertex   3.235900e+01 -2.000000e+00 6.956136e+01
    endloop
  endfacet
  facet normal 0.000000e+00 1.000000e+00 0.000000e+00
    outer loop
      vertex   3.235900e+01 -2.000000e+00 6.956136e+01
      vertex   3.345452e+01 -2.000000e+00 6.941411e+01
      vertex   3.340000e+01 -2.000000e+00 6.900000e+01
    endloop
  endfacet
  facet normal 0.000000e+00 1.000000e+00 0.000000e+00
    outer loop
      vertex   3.235900e+01 -2.000000e+00 6.956136e+01
      vertex   3.340000e+01 -2.000000e+00 6.900000e+01
      vertex   3.230000e+01 -2.000000e+00 6.900000e+01
    endloop
  endfacet
  facet normal -0.000000e+00 1.000000e+00 0.000000e+00
    outer loop
      vertex   3.230000e+01 -2.000000e+00 6.900000e+01
      vertex   3.340000e+01 -2.000000e+00 6.900000e+01
      vertex   3.235900e+01 -2.000000e+00 6.843864e+01
    endloop
  endfacet
  facet normal 0.000000e+00 1.000000e+00 0.000000e+00
    outer loop
      vertex   3.235900e+01 -2.000000e+00 6.843864e+01
      vertex   3.340000e+01 -2.000000e+00 6.900000e+01
      vertex   3.345452e+01 -2.000000e+00 6.858589e+01
    endloop
  endfacet
  facet normal -0.000000e+00 1.000000e+00 0.000000e+00
    outer loop
      vertex   3.235900e+01 -2.000000e+00 6.843864e+01
      vertex   3.345452e+01 -2.000000e+00 6.858589e+01
      vertex   3.253343e+01 -2.000000e+00 6.790181e+01
    endloop
  endfacet
  facet normal 0.000000e+00 1.000000e+00 0.000000e+00
    outer loop
      vertex   3.253343e+01 -2.000000e+00 6.790181e+01
      vertex   3.345452e+01 -2.000000e+00 6.858589e+01
      vertex   3.361436e+01 -2.000000e+00 6.820000e+01
    endloop
  endfacet
  facet normal -0.000000e+00 1.000000e+00 0.000000e+00
    outer loop
      vertex   3.253343e+01 -2.000000e+00 6.790181e+01
      vertex   3.361436e+01 -2.000000e+00 6.820000e+01
      vertex   3.281565e+01 -2.000000e+00 6.741298e+01
    endloop
  endfacet
  facet normal 0.000000e+00 1.000000e+00 0.000000e+00
    outer loop
      vertex   3.281565e+01 -2.000000e+00 6.741298e+01
      vertex   3.361436e+01 -2.000000e+00 6.820000e+01
      vertex   3.386863e+01 -2.000000e+00 6.786863e+01
    endloop
  endfacet
  facet normal -0.000000e+00 1.000000e+00 0.000000e+00
    outer loop
      vertex   3.281565e+01 -2.000000e+00 6.741298e+01
      vertex   3.386863e+01 -2.000000e+00 6.786863e+01
      vertex   3.319335e+01 -2.000000e+00 6.699351e+01
    endloop
  endfacet
  facet normal 0.000000e+00 1.000000e+00 0.000000e+00
    outer loop
      vertex   3.319335e+01 -2.000000e+00 6.699351e+01
      vertex   3.386863e+01 -2.000000e+00 6.786863e+01
      vertex   3.420000e+01 -2.000000e+00 6.761436e+01
    endloop
  endfacet
  facet normal -0.000000e+00 1.000000e+00 0.000000e+00
    outer loop
      vertex   3.319335e+01 -2.000000e+00 6.699351e+01
      vertex   3.420000e+01 -2.000000e+00 6.761436e+01
      vertex   3.365000e+01 -2.000000e+00 6.666173e+01
    endloop
  endfacet
  facet normal -0.000000e+00 1.000000e+00 0.000000e+00
    outer loop
      vertex   3.365000e+01 -2.000000e+00 6.666173e+01
      vertex   3.420000e+01 -2.000000e+00 6.761436e+01
      vertex   3.416565e+01 -2.000000e+00 6.643215e+01
    endloop
  endfacet
  facet normal 0.000000e+00 1.000000e+00 0.000000e+00
    outer loop
      vertex   3.416565e+01 -2.000000e+00 6.643215e+01
      vertex   3.420000e+01 -2.000000e+00 6.761436e+01
      vertex   3.458589e+01 -2.000000e+00 6.745452e+01
    endloop
  endfacet
  facet normal -0.000000e+00 1.000000e+00 0.000000e+00
    outer loop
      vertex   3.416565e+01 -2.000000e+00 6.643215e+01
      vertex   3.458589e+01 -2.000000e+00 6.745452e+01
      vertex   3.471777e+01 -2.000000e+00 6.631479e+01
    endloop
  endfacet
  facet normal 0.000000e+00 1.000000e+00 -0.000000e+00
    outer loop
      vertex   3.471777e+01 -2.000000e+00 6.631479e+01
      vertex   3.458589e+01 -2.000000e+00 6.745452e+01
      vertex   3.500000e+01 -2.000000e+00 6.740000e+01
    endloop
  endfacet
  facet normal 0.000000e+00 1.000000e+00 0.000000e+00
    outer loop
      vertex   3.471777e+01 -2.000000e+00 6.631479e+01
      vertex   3.500000e+01 -2.000000e+00 6.740000e+01
      vertex   3.528223e+01 -2.000000e+00 6.631479e+01
    endloop
  endfacet
  facet normal 0.000000e+00 1.000000e+00 -0.000000e+00
    outer loop
      vertex   3.528223e+01 -2.000000e+00 6.631479e+01
      vertex   3.500000e+01 -2.000000e+00 6.740000e+01
      vertex   3.541411e+01 -2.000000e+00 6.745452e+01
    endloop
  endfacet
  facet normal 0.000000e+00 1.000000e+00 0.000000e+00
    outer loop
      vertex   3.528223e+01 -2.000000e+00 6.631479e+01
      vertex   3.541411e+01 -2.000000e+00 6.745452e+01
      vertex   3.583435e+01 -2.000000e+00 6.643215e+01
    endloop
  endfacet
  facet normal 0.000000e+00 1.000000e+00 0.000000e+00
    outer loop
      vertex   3.583435e+01 -2.000000e+00 6.643215e+01
      vertex   3.541411e+01 -2.000000e+00 6.745452e+01
      vertex   3.580000e+01 -2.000000e+00 6.761436e+01
    endloop
  endfacet
  facet normal 0.000000e+00 1.000000e+00 -0.000000e+00
    outer loop
      vertex   3.583435e+01 -2.000000e+00 6.643215e+01
      vertex   3.580000e+01 -2.000000e+00 6.761436e+01
      vertex   3.635000e+01 -2.000000e+00 6.666173e+01
    endloop
  endfacet
  facet normal 0.000000e+00 1.000000e+00 -0.000000e+00
    outer loop
      vertex   3.635000e+01 -2.000000e+00 6.666173e+01
      vertex   3.580000e+01 -2.000000e+00 6.761436e+01
      vertex   3.680665e+01 -2.000000e+00 6.699351e+01
    endloop
  endfacet
  facet normal 0.000000e+00 1.000000e+00 0.000000e+00
    outer loop
      vertex   3.680665e+01 -2.000000e+00 6.699351e+01
      vertex   3.580000e+01 -2.000000e+00 6.761436e+01
      vertex   3.613137e+01 -2.000000e+00 6.786863e+01
    endloop
  endfacet
  facet normal 0.000000e+00 1.000000e+00 -0.000000e+00
    outer loop
      vertex   3.680665e+01 -2.000000e+00 6.699351e+01
      vertex   3.613137e+01 -2.000000e+00 6.786863e+01
      vertex   3.718435e+01 -2.000000e+00 6.741298e+01
    endloop
  endfacet
  facet normal 0.000000e+00 1.000000e+00 0.000000e+00
    outer loop
      vertex   3.718435e+01 -2.000000e+00 6.741298e+01
      vertex   3.613137e+01 -2.000000e+00 6.786863e+01
      vertex   3.638564e+01 -2.000000e+00 6.820000e+01
    endloop
  endfacet
  facet normal 0.000000e+00 1.000000e+00 -0.000000e+00
    outer loop
      vertex   3.718435e+01 -2.000000e+00 6.741298e+01
      vertex   3.638564e+01 -2.000000e+00 6.820000e+01
      vertex   3.746657e+01 -2.000000e+00 6.790181e+01
    endloop
  endfacet
  facet normal 0.000000e+00 1.000000e+00 0.000000e+00
    outer loop
      vertex   3.746657e+01 -2.000000e+00 6.790181e+01
      vertex   3.638564e+01 -2.000000e+00 6.820000e+01
      vertex   3.654548e+01 -2.000000e+00 6.858589e+01
    endloop
  endfacet
  facet normal 0.000000e+00 1.000000e+00 -0.000000e+00
    outer loop
      vertex   3.746657e+01 -2.000000e+00 6.790181e+01
      vertex   3.654548e+01 -2.000000e+00 6.858589e+01
      vertex   3.764100e+01 -2.000000e+00 6.843864e+01
    endloop
  endfacet
  facet normal 0.000000e+00 1.000000e+00 0.000000e+00
    outer loop
      vertex   3.764100e+01 -2.000000e+00 6.843864e+01
      vertex   3.654548e+01 -2.000000e+00 6.858589e+01
      vertex   3.660000e+01 -2.000000e+00 6.900000e+01
    endloop
  endfacet
  facet normal -7.071068e-01 7.071068e-01 0.000000e+00
    outer loop
      vertex   0.000000e+00 -1.000000e+00 -6.123234e-17
      vertex   0.000000e+00 -1.000000e+00 1.200000e+01
      vertex   1.000000e+00 0.000000e+00 1.000000e+00
    endloop
  endfacet
  facet normal -7.071068e-01 7.071068e-01 0.000000e+00
    outer loop
      vertex   1.000000e+00 0.000000e+00 1.000000e+00
      vertex   0.000000e+00 -1.000000e+00 1.200000e+01
      vertex   1.000000e+00 0.000000e+00 1.200000e+01
    endloop
  endfacet
  facet normal 1.723272e-17 7.071068e-01 -7.071068e-01
    outer loop
      vertex   1.000000e+00 0.000000e+00 1.000000e+00
      vertex   4.200000e+01 0.000000e+00 1.000000e+00
      vertex   0.000000e+00 -1.000000e+00 -6.123234e-17
    endloop
  endfacet
  facet normal -1.825689e-17 7.071068e-01 -7.071068e-01
    outer loop
      vertex   0.000000e+00 -1.000000e+00 -6.123234e-17
      vertex   4.200000e+01 0.000000e+00 1.000000e+00
      vertex   4.300000e+01 -1.000000e+00 -6.123234e-17
    endloop
  endfacet
  facet normal 7.071068e-01 7.071068e-01 0.000000e+00
    outer loop
      vertex   4.200000e+01 0.000000e+00 1.200000e+01
      vertex   4.300000e+01 -1.000000e+00 1.200000e+01
      vertex   4.200000e+01 0.000000e+00 1.000000e+00
    endloop
  endfacet
  facet normal 7.071068e-01 7.071068e-01 0.000000e+00
    outer loop
      vertex   4.200000e+01 0.000000e+00 1.000000e+00
      vertex   4.300000e+01 -1.000000e+00 1.200000e+01
      vertex   4.300000e+01 -1.000000e+00 -6.123234e-17
    endloop
  endfacet
  facet normal -1.000000e+00 -0.000000e+00 0.000000e+00
    outer loop
      vertex   0.000000e+00 2.800000e+01 1.400000e+01
      vertex   0.000000e+00 2.600000e+01 1.200000e+01
      vertex   0.000000e+00 2.400000e+01 1.600000e+01
    endloop
  endfacet
  facet normal -1.000000e+00 0.000000e+00 -0.000000e+00
    outer loop
      vertex   0.000000e+00 2.400000e+01 1.600000e+01
      vertex   0.000000e+00 2.600000e+01 1.200000e+01
      vertex   0.000000e+00 -1.000000e+00 1.200000e+01
    endloop
  endfacet
  facet normal -1.000000e+00 0.000000e+00 0.000000e+00
    outer loop
      vertex   0.000000e+00 2.400000e+01 1.600000e+01
      vertex   0.000000e+00 -1.000000e+00 1.200000e+01
      vertex   0.000000e+00 -4.000000e+00 1.600000e+01
    endloop
  endfacet
  facet normal -1.000000e+00 0.000000e+00 0.000000e+00
    outer loop
      vertex   0.000000e+00 -4.000000e+00 1.600000e+01
      vertex   0.000000e+00 -1.000000e+00 1.200000e+01
      vertex   0.000000e+00 -4.000000e+00 -2.449294e-16
    endloop
  endfacet
  facet normal -1.000000e+00 0.000000e+00 0.000000e+00
    outer loop
      vertex   0.000000e+00 -4.000000e+00 -2.449294e-16
      vertex   0.000000e+00 -1.000000e+00 1.200000e+01
      vertex   0.000000e+00 -1.000000e+00 -6.123234e-17
    endloop
  endfacet
  facet normal -1.000000e+00 0.000000e+00 0.000000e+00
    outer loop
      vertex   0.000000e+00 2.400000e+01 1.600000e+01
      vertex   0.000000e+00 2.400000e+01 5.900000e+01
      vertex   0.000000e+00 2.800000e+01 1.400000e+01
    endloop
  endfacet
  facet normal -1.000000e+00 0.000000e+00 0.000000e+00
    outer loop
      vertex   0.000000e+00 2.800000e+01 1.400000e+01
      vertex   0.000000e+00 2.400000e+01 5.900000e+01
      vertex   0.000000e+00 2.800000e+01 6.100000e+01
    endloop
  endfacet
  facet normal -1.000000e+00 -0.000000e+00 0.000000e+00
    outer loop
      vertex   0.000000e+00 2.800000e+01 6.100000e+01
      vertex   0.000000e+00 2.400000e+01 5.900000e+01
      vertex   0.000000e+00 2.600000e+01 6.300000e+01
    endloop
  endfacet
  facet normal -1.000000e+00 -0.000000e+00 0.000000e+00
    outer loop
      vertex   0.000000e+00 2.600000e+01 6.300000e+01
      vertex   0.000000e+00 2.400000e+01 5.900000e+01
      vertex   0.000000e+00 -1.000000e+00 6.300000e+01
    endloop
  endfacet
  facet normal -1.000000e+00 0.000000e+00 -0.000000e+00
    outer loop
      vertex   0.000000e+00 -1.000000e+00 6.300000e+01
      vertex   0.000000e+00 2.400000e+01 5.900000e+01
      vertex   0.000000e+00 -4.000000e+00 5.900000e+01
    endloop
  endfacet
  facet normal -1.000000e+00 -0.000000e+00 0.000000e+00
    outer loop
      vertex   0.000000e+00 -1.000000e+00 6.300000e+01
      vertex   0.000000e+00 -4.000000e+00 5.900000e+01
      vertex   0.000000e+00 -4.000000e+00 7.500000e+01
    endloop
  endfacet
  facet normal -1.000000e+00 0.000000e+00 0.000000e+00
    outer loop
      vertex   0.000000e+00 -4.000000e+00 7.500000e+01
      vertex   0.000000e+00 -1.000000e+00 7.500000e+01
      vertex   0.000000e+00 -1.000000e+00 6.300000e+01
    endloop
  endfacet
  facet normal 1.389339e-34 6.123234e-17 -1.000000e+00
    outer loop
      vertex   4.300000e+01 -1.000000e+00 -6.123234e-17
      vertex   4.300000e+01 -4.000000e+00 -2.449294e-16
      vertex   0.000000e+00 -1.000000e+00 -6.123234e-17
    endloop
  endfacet
  facet normal 7.292709e-35 6.123234e-17 -1.000000e+00
    outer loop
      vertex   0.000000e+00 -1.000000e+00 -6.123234e-17
      vertex   4.300000e+01 -4.000000e+00 -2.449294e-16
      vertex   0.000000e+00 -4.000000e+00 -2.449294e-16
    endloop
  endfacet
  facet normal 1.000000e+00 0.000000e+00 -0.000000e+00
    outer loop
      vertex   4.300000e+01 -1.000000e+00 -6.123234e-17
      vertex   4.300000e+01 -1.000000e+00 1.200000e+01
      vertex   4.300000e+01 -4.000000e+00 -2.449294e-16
    endloop
  endfacet
  facet normal 1.000000e+00 0.000000e+00 -0.000000e+00
    outer loop
      vertex   4.300000e+01 -4.000000e+00 -2.449294e-16
      vertex   4.300000e+01 -1.000000e+00 1.200000e+01
      vertex   4.300000e+01 -4.000000e+00 1.600000e+01
    endloop
  endfacet
  facet normal 1.000000e+00 -0.000000e+00 0.000000e+00
    outer loop
      vertex   4.300000e+01 -4.000000e+00 1.600000e+01
      vertex   4.300000e+01 -1.000000e+00 1.200000e+01
      vertex   4.300000e+01 2.400000e+01 1.600000e+01
    endloop
  endfacet
  facet normal 1.000000e+00 0.000000e+00 0.000000e+00
    outer loop
      vertex   4.300000e+01 2.400000e+01 1.600000e+01
      vertex   4.300000e+01 -1.000000e+00 1.200000e+01
      vertex   4.300000e+01 3.400000e+01 1.200000e+01
    endloop
  endfacet
  facet normal 1.000000e+00 -0.000000e+00 0.000000e+00
    outer loop
      vertex   4.300000e+01 2.400000e+01 1.600000e+01
      vertex   4.300000e+01 3.400000e+01 1.200000e+01
      vertex   4.300000e+01 2.800000e+01 3.000000e+01
    endloop
  endfacet
  facet normal 1.000000e+00 0.000000e+00 0.000000e+00
    outer loop
      vertex   4.300000e+01 2.800000e+01 3.000000e+01
      vertex   4.300000e+01 3.400000e+01 1.200000e+01
      vertex   4.300000e+01 3.400000e+01 3.000000e+01
    endloop
  endfacet
  facet normal 1.000000e+00 0.000000e+00 -0.000000e+00
    outer loop
      vertex   4.300000e+01 2.400000e+01 1.600000e+01
      vertex   4.300000e+01 2.800000e+01 3.000000e+01
      vertex   4.300000e+01 2.400000e+01 5.900000e+01
    endloop
  endfacet
  facet normal 1.000000e+00 -0.000000e+00 0.000000e+00
    outer loop
      vertex   4.300000e+01 2.400000e+01 5.900000e+01
      vertex   4.300000e+01 2.800000e+01 3.000000e+01
      vertex   4.300000e+01 2.800000e+01 6.100000e+01
    endloop
  endfacet
  facet normal 1.000000e+00 0.000000e+00 0.000000e+00
    outer loop
      vertex   4.300000e+01 2.400000e+01 5.900000e+01
      vertex   4.300000e+01 2.800000e+01 6.100000e+01
      vertex   4.300000e+01 2.600000e+01 6.300000e+01
    endloop
  endfacet
  facet normal 1.000000e+00 0.000000e+00 0.000000e+00
    outer loop
      vertex   4.300000e+01 2.600000e+01 6.300000e+01
      vertex   4.300000e+01 -1.000000e+00 6.300000e+01
      vertex   4.300000e+01 2.400000e+01 5.900000e+01
    endloop
  endfacet
  facet normal 1.000000e+00 0.000000e+00 0.000000e+00
    outer loop
      vertex   4.300000e+01 2.400000e+01 5.900000e+01
      vertex   4.300000e+01 -1.000000e+00 6.300000e+01
      vertex   4.300000e+01 -4.000000e+00 5.900000e+01
    endloop
  endfacet
  facet normal 1.000000e+00 0.000000e+00 0.000000e+00
    outer loop
      vertex   4.300000e+01 -4.000000e+00 5.900000e+01
      vertex   4.300000e+01 -1.000000e+00 6.300000e+01
      vertex   4.300000e+01 -4.000000e+00 7.500000e+01
    endloop
  endfacet
  facet normal 1.000000e+00 -0.000000e+00 0.000000e+00
    outer loop
      vertex   4.300000e+01 -4.000000e+00 7.500000e+01
      vertex   4.300000e+01 -1.000000e+00 6.300000e+01
      vertex   4.300000e+01 -1.000000e+00 7.500000e+01
    endloop
  endfacet
  facet normal -7.071068e-01 7.071068e-01 -2.701975e-16
    outer loop
      vertex   1.000000e+00 2.692632e-14 6.300000e+01
      vertex   0.000000e+00 -1.000000e+00 6.300000e+01
      vertex   1.000000e+00 3.112960e-14 7.400000e+01
    endloop
  endfacet
  facet normal -7.071068e-01 7.071068e-01 -3.074764e-16
    outer loop
      vertex   1.000000e+00 3.112960e-14 7.400000e+01
      vertex   0.000000e+00 -1.000000e+00 6.300000e+01
      vertex   0.000000e+00 -1.000000e+00 7.500000e+01
    endloop
  endfacet
  facet normal -1.645631e-18 7.071068e-01 7.071068e-01
    outer loop
      vertex   4.200000e+01 3.122502e-14 7.400000e+01
      vertex   1.000000e+00 3.112960e-14 7.400000e+01
      vertex   4.300000e+01 -1.000000e+00 7.500000e+01
    endloop
  endfacet
  facet normal -9.128445e-18 7.071068e-01 7.071068e-01
    outer loop
      vertex   4.300000e+01 -1.000000e+00 7.500000e+01
      vertex   1.000000e+00 3.112960e-14 7.400000e+01
      vertex   0.000000e+00 -1.000000e+00 7.500000e+01
    endloop
  endfacet
  facet normal 7.071068e-01 7.071068e-01 -2.682241e-16
    outer loop
      vertex   4.300000e+01 -1.000000e+00 7.500000e+01
      vertex   4.300000e+01 -1.000000e+00 6.300000e+01
      vertex   4.200000e+01 3.122502e-14 7.400000e+01
    endloop
  endfacet
  facet normal 7.071068e-01 7.071068e-01 -2.763312e-16
    outer loop
      vertex   4.200000e+01 3.122502e-14 7.400000e+01
      vertex   4.300000e+01 -1.000000e+00 6.300000e+01
      vertex   4.200000e+01 2.692632e-14 6.300000e+01
    endloop
  endfacet
  facet normal 9.866442e-17 1.000000e+00 -4.194249e-15
    outer loop
      vertex   1.064100e+01 2.670880e-14 6.843864e+01
      vertex   1.070000e+01 2.905747e-14 6.900000e+01
      vertex   3.230000e+01 2.692632e-14 6.900000e+01
    endloop
  endfacet
  facet normal 9.866442e-17 1.000000e+00 3.419285e-15
    outer loop
      vertex   3.230000e+01 2.692632e-14 6.900000e+01
      vertex   1.070000e+01 2.905747e-14 6.900000e+01
      vertex   1.064100e+01 2.714384e-14 6.956136e+01
    endloop
  endfacet
  facet normal -9.430635e-34 1.000000e+00 -3.874821e-16
    outer loop
      vertex   3.230000e+01 2.692632e-14 6.900000e+01
      vertex   1.064100e+01 2.714384e-14 6.956136e+01
      vertex   3.235900e+01 2.714384e-14 6.956136e+01
    endloop
  endfacet
  facet normal 0.000000e+00 1.000000e+00 -3.874821e-16
    outer loop
      vertex   3.235900e+01 2.714384e-14 6.956136e+01
      vertex   1.064100e+01 2.714384e-14 6.956136e+01
      vertex   1.046657e+01 2.735185e-14 7.009819e+01
    endloop
  endfacet
  facet normal 4.386361e-34 1.000000e+00 -3.874821e-16
    outer loop
      vertex   3.235900e+01 2.714384e-14 6.956136e+01
      vertex   1.046657e+01 2.735185e-14 7.009819e+01
      vertex   3.253343e+01 2.735185e-14 7.009819e+01
    endloop
  endfacet
  facet normal 0.000000e+00 1.000000e+00 -3.874821e-16
    outer loop
      vertex   3.253343e+01 2.735185e-14 7.009819e+01
      vertex   1.046657e+01 2.735185e-14 7.009819e+01
      vertex   1.018435e+01 2.754126e-14 7.058702e+01
    endloop
  endfacet
  facet normal 5.193964e-34 1.000000e+00 -3.874821e-16
    outer loop
      vertex   3.253343e+01 2.735185e-14 7.009819e+01
      vertex   1.018435e+01 2.754126e-14 7.058702e+01
      vertex   3.281565e+01 2.754126e-14 7.058702e+01
    endloop
  endfacet
  facet normal 0.000000e+00 1.000000e+00 -3.874821e-16
    outer loop
      vertex   3.281565e+01 2.754126e-14 7.058702e+01
      vertex   1.018435e+01 2.754126e-14 7.058702e+01
      vertex   9.806653e+00 2.770380e-14 7.100649e+01
    endloop
  endfacet
  facet normal 2.702063e-34 1.000000e+00 -3.874821e-16
    outer loop
      vertex   3.281565e+01 2.754126e-14 7.058702e+01
      vertex   9.806653e+00 2.770380e-14 7.100649e+01
      vertex   3.319335e+01 2.770380e-14 7.100649e+01
    endloop
  endfacet
  facet normal 0.000000e+00 1.000000e+00 -3.874821e-16
    outer loop
      vertex   3.319335e+01 2.770380e-14 7.100649e+01
      vertex   9.806653e+00 2.770380e-14 7.100649e+01
      vertex   9.350000e+00 2.783236e-14 7.133827e+01
    endloop
  endfacet
  facet normal -2.250608e-34 1.000000e+00 -3.874821e-16
    outer loop
      vertex   3.319335e+01 2.770380e-14 7.100649e+01
      vertex   9.350000e+00 2.783236e-14 7.133827e+01
      vertex   3.365000e+01 2.783236e-14 7.133827e+01
    endloop
  endfacet
  facet normal 0.000000e+00 1.000000e+00 -3.874821e-16
    outer loop
      vertex   3.365000e+01 2.783236e-14 7.133827e+01
      vertex   9.350000e+00 2.783236e-14 7.133827e+01
      vertex   8.834346e+00 2.792132e-14 7.156785e+01
    endloop
  endfacet
  facet normal -4.488122e-36 1.000000e+00 -3.874821e-16
    outer loop
      vertex   3.365000e+01 2.783236e-14 7.133827e+01
      vertex   8.834346e+00 2.792132e-14 7.156785e+01
      vertex   3.416565e+01 2.792132e-14 7.156785e+01
    endloop
  endfacet
  facet normal 0.000000e+00 1.000000e+00 -3.874821e-16
    outer loop
      vertex   3.416565e+01 2.792132e-14 7.156785e+01
      vertex   8.834346e+00 2.792132e-14 7.156785e+01
      vertex   3.471777e+01 2.796679e-14 7.168521e+01
    endloop
  endfacet
  facet normal 0.000000e+00 1.000000e+00 -3.874821e-16
    outer loop
      vertex   3.471777e+01 2.796679e-14 7.168521e+01
      vertex   8.834346e+00 2.792132e-14 7.156785e+01
      vertex   8.282227e+00 2.796679e-14 7.168521e+01
    endloop
  endfacet
  facet normal 0.000000e+00 1.000000e+00 -1.366350e-15
    outer loop
      vertex   3.471777e+01 2.796679e-14 7.168521e+01
      vertex   8.282227e+00 2.796679e-14 7.168521e+01
      vertex   1.000000e+00 3.112960e-14 7.400000e+01
    endloop
  endfacet
  facet normal 4.661384e-31 1.000000e+00 -1.366350e-15
    outer loop
      vertex   1.000000e+00 3.112960e-14 7.400000e+01
      vertex   8.282227e+00 2.796679e-14 7.168521e+01
      vertex   7.717773e+00 2.796679e-14 7.168521e+01
    endloop
  endfacet
  facet normal 1.286844e-16 1.000000e+00 -9.928945e-16
    outer loop
      vertex   1.000000e+00 3.112960e-14 7.400000e+01
      vertex   7.717773e+00 2.796679e-14 7.168521e+01
      vertex   7.165654e+00 2.792132e-14 7.156785e+01
    endloop
  endfacet
  facet normal 1.948579e-16 1.000000e+00 -8.251402e-16
    outer loop
      vertex   7.165654e+00 2.792132e-14 7.156785e+01
      vertex   6.650000e+00 2.783236e-14 7.133827e+01
      vertex   1.000000e+00 3.112960e-14 7.400000e+01
    endloop
  endfacet
  facet normal 2.432878e-16 1.000000e+00 -7.223391e-16
    outer loop
      vertex   1.000000e+00 3.112960e-14 7.400000e+01
      vertex   6.650000e+00 2.783236e-14 7.133827e+01
      vertex   6.193347e+00 2.770380e-14 7.100649e+01
    endloop
  endfacet
  facet normal 2.872300e-16 1.000000e+00 -6.461051e-16
    outer loop
      vertex   1.000000e+00 3.112960e-14 7.400000e+01
      vertex   6.193347e+00 2.770380e-14 7.100649e+01
      vertex   5.815654e+00 2.754126e-14 7.058702e+01
    endloop
  endfacet
  facet normal 3.338976e-16 1.000000e+00 -5.802580e-16
    outer loop
      vertex   5.815654e+00 2.754126e-14 7.058702e+01
      vertex   5.533427e+00 2.735185e-14 7.009819e+01
      vertex   1.000000e+00 3.112960e-14 7.400000e+01
    endloop
  endfacet
  facet normal 3.905872e-16 1.000000e+00 -5.143916e-16
    outer loop
      vertex   1.000000e+00 3.112960e-14 7.400000e+01
      vertex   5.533427e+00 2.735185e-14 7.009819e+01
      vertex   5.359001e+00 2.714384e-14 6.956136e+01
    endloop
  endfacet
  facet normal 4.695608e-16 1.000000e+00 -4.368349e-16
    outer loop
      vertex   1.000000e+00 3.112960e-14 7.400000e+01
      vertex   5.359001e+00 2.714384e-14 6.956136e+01
      vertex   5.300000e+00 2.692632e-14 6.900000e+01
    endloop
  endfacet
  facet normal 5.331864e-16 1.000000e+00 -3.821169e-16
    outer loop
      vertex   1.000000e+00 3.112960e-14 7.400000e+01
      vertex   5.300000e+00 2.692632e-14 6.900000e+01
      vertex   1.000000e+00 2.692632e-14 6.300000e+01
    endloop
  endfacet
  facet normal 4.715208e-16 1.000000e+00 -3.379233e-16
    outer loop
      vertex   1.000000e+00 2.692632e-14 6.300000e+01
      vertex   5.300000e+00 2.692632e-14 6.900000e+01
      vertex   5.359001e+00 2.670880e-14 6.843864e+01
    endloop
  endfacet
  facet normal 3.795048e-16 1.000000e+00 -2.641735e-16
    outer loop
      vertex   1.000000e+00 2.692632e-14 6.300000e+01
      vertex   5.359001e+00 2.670880e-14 6.843864e+01
      vertex   5.533427e+00 2.650079e-14 6.790181e+01
    endloop
  endfacet
  facet normal 3.157325e-16 1.000000e+00 -2.051939e-16
    outer loop
      vertex   5.533427e+00 2.650079e-14 6.790181e+01
      vertex   5.815654e+00 2.631138e-14 6.741298e+01
      vertex   1.000000e+00 2.692632e-14 6.300000e+01
    endloop
  endfacet
  facet normal 2.645194e-16 1.000000e+00 -1.493077e-16
    outer loop
      vertex   1.000000e+00 2.692632e-14 6.300000e+01
      vertex   5.815654e+00 2.631138e-14 6.741298e+01
      vertex   6.193347e+00 2.614884e-14 6.699351e+01
    endloop
  endfacet
  facet normal 2.174841e-16 1.000000e+00 -8.814086e-17
    outer loop
      vertex   1.000000e+00 2.692632e-14 6.300000e+01
      vertex   6.193347e+00 2.614884e-14 6.699351e+01
      vertex   6.650000e+00 2.602028e-14 6.666173e+01
    endloop
  endfacet
  facet normal 1.675673e-16 1.000000e+00 -1.111984e-17
    outer loop
      vertex   6.650000e+00 2.602028e-14 6.666173e+01
      vertex   7.165654e+00 2.593132e-14 6.643215e+01
      vertex   1.000000e+00 2.692632e-14 6.300000e+01
    endloop
  endfacet
  facet normal 1.041962e-16 1.000000e+00 1.027226e-16
    outer loop
      vertex   1.000000e+00 2.692632e-14 6.300000e+01
      vertex   7.165654e+00 2.593132e-14 6.643215e+01
      vertex   7.717773e+00 2.588585e-14 6.631479e+01
    endloop
  endfacet
  facet normal -1.031482e-31 1.000000e+00 3.138872e-16
    outer loop
      vertex   1.000000e+00 2.692632e-14 6.300000e+01
      vertex   7.717773e+00 2.588585e-14 6.631479e+01
      vertex   8.282227e+00 2.588585e-14 6.631479e+01
    endloop
  endfacet
  facet normal -3.212032e-18 1.000000e+00 3.209437e-16
    outer loop
      vertex   1.000000e+00 2.692632e-14 6.300000e+01
      vertex   8.282227e+00 2.588585e-14 6.631479e+01
      vertex   3.416565e+01 2.593132e-14 6.643215e+01
    endloop
  endfacet
  facet normal 0.000000e+00 1.000000e+00 -3.874821e-16
    outer loop
      vertex   3.416565e+01 2.593132e-14 6.643215e+01
      vertex   8.282227e+00 2.588585e-14 6.631479e+01
      vertex   8.834346e+00 2.593132e-14 6.643215e+01
    endloop
  endfacet
  facet normal 0.000000e+00 1.000000e+00 -3.874821e-16
    outer loop
      vertex   3.416565e+01 2.593132e-14 6.643215e+01
      vertex   8.834346e+00 2.593132e-14 6.643215e+01
      vertex   3.365000e+01 2.602028e-14 6.666173e+01
    endloop
  endfacet
  facet normal 0.000000e+00 1.000000e+00 -3.874821e-16
    outer loop
      vertex   3.365000e+01 2.602028e-14 6.666173e+01
      vertex   8.834346e+00 2.593132e-14 6.643215e+01
      vertex   9.350000e+00 2.602028e-14 6.666173e+01
    endloop
  endfacet
  facet normal 0.000000e+00 1.000000e+00 -3.874821e-16
    outer loop
      vertex   3.365000e+01 2.602028e-14 6.666173e+01
      vertex   9.350000e+00 2.602028e-14 6.666173e+01
      vertex   3.319335e+01 2.614884e-14 6.699351e+01
    endloop
  endfacet
  facet normal 0.000000e+00 1.000000e+00 -3.874821e-16
    outer loop
      vertex   3.319335e+01 2.614884e-14 6.699351e+01
      vertex   9.350000e+00 2.602028e-14 6.666173e+01
      vertex   9.806653e+00 2.614884e-14 6.699351e+01
    endloop
  endfacet
  facet normal 0.000000e+00 1.000000e+00 -3.874821e-16
    outer loop
      vertex   3.319335e+01 2.614884e-14 6.699351e+01
      vertex   9.806653e+00 2.614884e-14 6.699351e+01
      vertex   3.281565e+01 2.631138e-14 6.741298e+01
    endloop
  endfacet
  facet normal 0.000000e+00 1.000000e+00 -3.874821e-16
    outer loop
      vertex   3.281565e+01 2.631138e-14 6.741298e+01
      vertex   9.806653e+00 2.614884e-14 6.699351e+01
      vertex   1.018435e+01 2.631138e-14 6.741298e+01
    endloop
  endfacet
  facet normal 0.000000e+00 1.000000e+00 -3.874821e-16
    outer loop
      vertex   3.281565e+01 2.631138e-14 6.741298e+01
      vertex   1.018435e+01 2.631138e-14 6.741298e+01
      vertex   3.253343e+01 2.650079e-14 6.790181e+01
    endloop
  endfacet
  facet normal 0.000000e+00 1.000000e+00 -3.874821e-16
    outer loop
      vertex   3.253343e+01 2.650079e-14 6.790181e+01
      vertex   1.018435e+01 2.631138e-14 6.741298e+01
      vertex   1.046657e+01 2.650079e-14 6.790181e+01
    endloop
  endfacet
  facet normal 0.000000e+00 1.000000e+00 -3.874821e-16
    outer loop
      vertex   3.253343e+01 2.650079e-14 6.790181e+01
      vertex   1.046657e+01 2.650079e-14 6.790181e+01
      vertex   3.235900e+01 2.670880e-14 6.843864e+01
    endloop
  endfacet
  facet normal 0.000000e+00 1.000000e+00 -3.874821e-16
    outer loop
      vertex   3.235900e+01 2.670880e-14 6.843864e+01
      vertex   1.046657e+01 2.650079e-14 6.790181e+01
      vertex   1.064100e+01 2.670880e-14 6.843864e+01
    endloop
  endfacet
  facet normal 0.000000e+00 1.000000e+00 -3.874821e-16
    outer loop
      vertex   3.235900e+01 2.670880e-14 6.843864e+01
      vertex   1.064100e+01 2.670880e-14 6.843864e+01
      vertex   3.230000e+01 2.692632e-14 6.900000e+01
    endloop
  endfacet
  facet normal -3.981358e-15 1.000000e+00 2.990458e-15
    outer loop
      vertex   3.764100e+01 2.714384e-14 6.956136e+01
      vertex   4.200000e+01 3.122502e-14 7.400000e+01
      vertex   3.770000e+01 2.905747e-14 6.900000e+01
    endloop
  endfacet
  facet normal -4.967355e-17 1.000000e+00 -3.907913e-16
    outer loop
      vertex   3.770000e+01 2.905747e-14 6.900000e+01
      vertex   4.200000e+01 3.122502e-14 7.400000e+01
      vertex   4.200000e+01 2.692632e-14 6.300000e+01
    endloop
  endfacet
  facet normal -4.659069e-15 1.000000e+00 -3.694191e-15
    outer loop
      vertex   3.770000e+01 2.905747e-14 6.900000e+01
      vertex   4.200000e+01 2.692632e-14 6.300000e+01
      vertex   3.764100e+01 2.670880e-14 6.843864e+01
    endloop
  endfacet
  facet normal -3.795048e-16 1.000000e+00 -2.641735e-16
    outer loop
      vertex   3.764100e+01 2.670880e-14 6.843864e+01
      vertex   4.200000e+01 2.692632e-14 6.300000e+01
      vertex   3.746657e+01 2.650079e-14 6.790181e+01
    endloop
  endfacet
  facet normal -3.157325e-16 1.000000e+00 -2.051939e-16
    outer loop
      vertex   3.746657e+01 2.650079e-14 6.790181e+01
      vertex   4.200000e+01 2.692632e-14 6.300000e+01
      vertex   3.718435e+01 2.631138e-14 6.741298e+01
    endloop
  endfacet
  facet normal -2.645194e-16 1.000000e+00 -1.493077e-16
    outer loop
      vertex   3.718435e+01 2.631138e-14 6.741298e+01
      vertex   4.200000e+01 2.692632e-14 6.300000e+01
      vertex   3.680665e+01 2.614884e-14 6.699351e+01
    endloop
  endfacet
  facet normal -2.174841e-16 1.000000e+00 -8.814086e-17
    outer loop
      vertex   3.680665e+01 2.614884e-14 6.699351e+01
      vertex   4.200000e+01 2.692632e-14 6.300000e+01
      vertex   3.635000e+01 2.602028e-14 6.666173e+01
    endloop
  endfacet
  facet normal -1.675673e-16 1.000000e+00 -1.111984e-17
    outer loop
      vertex   3.635000e+01 2.602028e-14 6.666173e+01
      vertex   4.200000e+01 2.692632e-14 6.300000e+01
      vertex   3.583435e+01 2.593132e-14 6.643215e+01
    endloop
  endfacet
  facet normal -1.041962e-16 1.000000e+00 1.027226e-16
    outer loop
      vertex   3.583435e+01 2.593132e-14 6.643215e+01
      vertex   4.200000e+01 2.692632e-14 6.300000e+01
      vertex   3.528223e+01 2.588585e-14 6.631479e+01
    endloop
  endfacet
  facet normal 0.000000e+00 1.000000e+00 3.138872e-16
    outer loop
      vertex   3.528223e+01 2.588585e-14 6.631479e+01
      vertex   4.200000e+01 2.692632e-14 6.300000e+01
      vertex   3.471777e+01 2.588585e-14 6.631479e+01
    endloop
  endfacet
  facet normal -1.420058e-33 1.000000e+00 3.138872e-16
    outer loop
      vertex   3.471777e+01 2.588585e-14 6.631479e+01
      vertex   4.200000e+01 2.692632e-14 6.300000e+01
      vertex   1.000000e+00 2.692632e-14 6.300000e+01
    endloop
  endfacet
  facet normal 4.714598e-17 1.000000e+00 -1.656777e-16
    outer loop
      vertex   3.471777e+01 2.588585e-14 6.631479e+01
      vertex   1.000000e+00 2.692632e-14 6.300000e+01
      vertex   3.416565e+01 2.593132e-14 6.643215e+01
    endloop
  endfacet
  facet normal -4.070352e-16 1.000000e+00 -5.197359e-16
    outer loop
      vertex   3.764100e+01 2.714384e-14 6.956136e+01
      vertex   3.746657e+01 2.735185e-14 7.009819e+01
      vertex   4.200000e+01 3.122502e-14 7.400000e+01
    endloop
  endfacet
  facet normal -3.479584e-16 1.000000e+00 -5.883759e-16
    outer loop
      vertex   4.200000e+01 3.122502e-14 7.400000e+01
      vertex   3.746657e+01 2.735185e-14 7.009819e+01
      vertex   3.718435e+01 2.754126e-14 7.058702e+01
    endloop
  endfacet
  facet normal -2.993255e-16 1.000000e+00 -6.569960e-16
    outer loop
      vertex   4.200000e+01 3.122502e-14 7.400000e+01
      vertex   3.718435e+01 2.754126e-14 7.058702e+01
      vertex   3.680665e+01 2.770380e-14 7.100649e+01
    endloop
  endfacet
  facet normal -2.535329e-16 1.000000e+00 -7.364402e-16
    outer loop
      vertex   3.680665e+01 2.770380e-14 7.100649e+01
      vertex   3.635000e+01 2.783236e-14 7.133827e+01
      vertex   4.200000e+01 3.122502e-14 7.400000e+01
    endloop
  endfacet
  facet normal -2.030636e-16 1.000000e+00 -8.435704e-16
    outer loop
      vertex   4.200000e+01 3.122502e-14 7.400000e+01
      vertex   3.635000e+01 2.783236e-14 7.133827e+01
      vertex   3.583435e+01 2.792132e-14 7.156785e+01
    endloop
  endfacet
  facet normal -1.341034e-16 1.000000e+00 -1.018389e-15
    outer loop
      vertex   4.200000e+01 3.122502e-14 7.400000e+01
      vertex   3.583435e+01 2.792132e-14 7.156785e+01
      vertex   3.528223e+01 2.796679e-14 7.168521e+01
    endloop
  endfacet
  facet normal 0.000000e+00 1.000000e+00 -1.407572e-15
    outer loop
      vertex   3.528223e+01 2.796679e-14 7.168521e+01
      vertex   3.471777e+01 2.796679e-14 7.168521e+01
      vertex   4.200000e+01 3.122502e-14 7.400000e+01
    endloop
  endfacet
  facet normal -2.327274e-18 1.000000e+00 -1.400250e-15
    outer loop
      vertex   4.200000e+01 3.122502e-14 7.400000e+01
      vertex   3.471777e+01 2.796679e-14 7.168521e+01
      vertex   1.000000e+00 3.112960e-14 7.400000e+01
    endloop
  endfacet
  facet normal 0.000000e+00 7.071068e-01 -7.071068e-01
    outer loop
      vertex   0.000000e+00 2.800000e+01 1.400000e+01
      vertex   3.317592e+01 2.800000e+01 1.400000e+01
      vertex   0.000000e+00 2.600000e+01 1.200000e+01
    endloop
  endfacet
  facet normal 0.000000e+00 7.071068e-01 -7.071068e-01
    outer loop
      vertex   0.000000e+00 2.600000e+01 1.200000e+01
      vertex   3.317592e+01 2.800000e+01 1.400000e+01
      vertex   3.317592e+01 2.600000e+01 1.200000e+01
    endloop
  endfacet
  facet normal 0.000000e+00 1.000000e+00 0.000000e+00
    outer loop
      vertex   0.000000e+00 2.800000e+01 1.400000e+01
      vertex   7.350000e+00 2.800000e+01 2.102776e+01
      vertex   3.317592e+01 2.800000e+01 1.400000e+01
    endloop
  endfacet
  facet normal 0.000000e+00 1.000000e+00 0.000000e+00
    outer loop
      vertex   3.317592e+01 2.800000e+01 1.400000e+01
      vertex   7.350000e+00 2.800000e+01 2.102776e+01
      vertex   7.702082e+00 2.800000e+01 2.129792e+01
    endloop
  endfacet
  facet normal 1.283221e-16 1.000000e+00 4.479163e-16
    outer loop
      vertex   3.317592e+01 2.800000e+01 1.400000e+01
      vertex   7.702082e+00 2.800000e+01 2.129792e+01
      vertex   2.060324e+01 2.800000e+01 2.553355e+01
    endloop
  endfacet
  facet normal 7.607405e-17 1.000000e+00 6.070565e-16
    outer loop
      vertex   2.060324e+01 2.800000e+01 2.553355e+01
      vertex   7.702082e+00 2.800000e+01 2.129792e+01
      vertex   1.941622e+01 2.800000e+01 2.568231e+01
    endloop
  endfacet
  facet normal 4.254808e-16 1.000000e+00 -3.264829e-16
    outer loop
      vertex   1.941622e+01 2.800000e+01 2.568231e+01
      vertex   7.702082e+00 2.800000e+01 2.129792e+01
      vertex   7.972243e+00 2.800000e+01 2.165000e+01
    endloop
  endfacet
  facet normal 1.220416e-16 1.000000e+00 5.346993e-16
    outer loop
      vertex   1.941622e+01 2.800000e+01 2.568231e+01
      vertex   7.972243e+00 2.800000e+01 2.165000e+01
      vertex   1.824991e+01 2.800000e+01 2.594851e+01
    endloop
  endfacet
  facet normal 1.539869e-16 1.000000e+00 4.583187e-16
    outer loop
      vertex   1.824991e+01 2.800000e+01 2.594851e+01
      vertex   7.972243e+00 2.800000e+01 2.165000e+01
      vertex   1.711591e+01 2.800000e+01 2.632952e+01
    endloop
  endfacet
  facet normal 4.930664e-16 1.000000e+00 -2.042348e-16
    outer loop
      vertex   1.711591e+01 2.800000e+01 2.632952e+01
      vertex   7.972243e+00 2.800000e+01 2.165000e+01
      vertex   8.142074e+00 2.800000e+01 2.206001e+01
    endloop
  endfacet
  facet normal 1.927049e-16 1.000000e+00 4.270779e-16
    outer loop
      vertex   1.711591e+01 2.800000e+01 2.632952e+01
      vertex   8.142074e+00 2.800000e+01 2.206001e+01
      vertex   1.602547e+01 2.800000e+01 2.682154e+01
    endloop
  endfacet
  facet normal 4.895885e-16 1.000000e+00 -6.445554e-17
    outer loop
      vertex   1.602547e+01 2.800000e+01 2.682154e+01
      vertex   8.142074e+00 2.800000e+01 2.206001e+01
      vertex   8.200000e+00 2.800000e+01 2.250000e+01
    endloop
  endfacet
  facet normal 2.320428e-16 1.000000e+00 4.019099e-16
    outer loop
      vertex   1.602547e+01 2.800000e+01 2.682154e+01
      vertex   8.200000e+00 2.800000e+01 2.250000e+01
      vertex   1.498944e+01 2.800000e+01 2.741969e+01
    endloop
  endfacet
  facet normal 4.776993e-16 1.000000e+00 6.289030e-17
    outer loop
      vertex   1.498944e+01 2.800000e+01 2.741969e+01
      vertex   8.200000e+00 2.800000e+01 2.250000e+01
      vertex   8.142074e+00 2.800000e+01 2.293999e+01
    endloop
  endfacet
  facet normal 2.716506e-16 1.000000e+00 3.778429e-16
    outer loop
      vertex   1.498944e+01 2.800000e+01 2.741969e+01
      vertex   8.142074e+00 2.800000e+01 2.293999e+01
      vertex   1.401812e+01 2.800000e+01 2.811802e+01
    endloop
  endfacet
  facet normal 4.429343e-16 1.000000e+00 1.834694e-16
    outer loop
      vertex   1.401812e+01 2.800000e+01 2.811802e+01
      vertex   8.142074e+00 2.800000e+01 2.293999e+01
      vertex   7.972243e+00 2.800000e+01 2.335000e+01
    endloop
  endfacet
  facet normal 3.103158e-16 1.000000e+00 3.516305e-16
    outer loop
      vertex   1.401812e+01 2.800000e+01 2.811802e+01
      vertex   7.972243e+00 2.800000e+01 2.335000e+01
      vertex   1.312116e+01 2.800000e+01 2.890960e+01
    endloop
  endfacet
  facet normal 3.773483e-16 1.000000e+00 2.895496e-16
    outer loop
      vertex   1.312116e+01 2.800000e+01 2.890960e+01
      vertex   7.972243e+00 2.800000e+01 2.335000e+01
      vertex   7.702082e+00 2.800000e+01 2.370208e+01
    endloop
  endfacet
  facet normal 3.465742e-16 1.000000e+00 3.215739e-16
    outer loop
      vertex   1.312116e+01 2.800000e+01 2.890960e+01
      vertex   7.702082e+00 2.800000e+01 2.370208e+01
      vertex   1.230747e+01 2.800000e+01 2.978655e+01
    endloop
  endfacet
  facet normal 2.834276e-16 1.000000e+00 3.693701e-16
    outer loop
      vertex   1.230747e+01 2.800000e+01 2.978655e+01
      vertex   7.702082e+00 2.800000e+01 2.370208e+01
      vertex   7.350000e+00 2.800000e+01 2.397224e+01
    endloop
  endfacet
  facet normal 3.794973e-16 1.000000e+00 2.874580e-16
    outer loop
      vertex   1.230747e+01 2.800000e+01 2.978655e+01
      vertex   7.350000e+00 2.800000e+01 2.397224e+01
      vertex   1.158513e+01 2.800000e+01 3.074016e+01
    endloop
  endfacet
  facet normal 1.726770e-16 1.000000e+00 4.168792e-16
    outer loop
      vertex   1.158513e+01 2.800000e+01 3.074016e+01
      vertex   7.350000e+00 2.800000e+01 2.397224e+01
      vertex   6.939992e+00 2.800000e+01 2.414207e+01
    endloop
  endfacet
  facet normal 4.094333e-16 1.000000e+00 2.501995e-16
    outer loop
      vertex   1.158513e+01 2.800000e+01 3.074016e+01
      vertex   6.939992e+00 2.800000e+01 2.414207e+01
      vertex   1.096134e+01 2.800000e+01 3.176095e+01
    endloop
  endfacet
  facet normal 5.740138e-17 1.000000e+00 4.360068e-16
    outer loop
      vertex   1.096134e+01 2.800000e+01 3.176095e+01
      vertex   6.939992e+00 2.800000e+01 2.414207e+01
      vertex   6.500000e+00 2.800000e+01 2.420000e+01
    endloop
  endfacet
  facet normal 4.384711e-16 1.000000e+00 2.111565e-16
    outer loop
      vertex   1.096134e+01 2.800000e+01 3.176095e+01
      vertex   6.500000e+00 2.800000e+01 2.420000e+01
      vertex   1.044229e+01 2.800000e+01 3.283878e+01
    endloop
  endfacet
  facet normal -5.760306e-17 1.000000e+00 4.375387e-16
    outer loop
      vertex   1.044229e+01 2.800000e+01 3.283878e+01
      vertex   6.500000e+00 2.800000e+01 2.420000e+01
      vertex   6.060008e+00 2.800000e+01 2.414207e+01
    endloop
  endfacet
  facet normal 4.112193e-15 1.000000e+00 -1.663624e-15
    outer loop
      vertex   1.044229e+01 2.800000e+01 3.283878e+01
      vertex   6.060008e+00 2.800000e+01 2.414207e+01
      vertex   1.003313e+01 2.800000e+01 3.396294e+01
    endloop
  endfacet
  facet normal 0.000000e+00 1.000000e+00 0.000000e+00
    outer loop
      vertex   1.003313e+01 2.800000e+01 3.396294e+01
      vertex   6.060008e+00 2.800000e+01 2.414207e+01
      vertex   5.650000e+00 2.800000e+01 2.397224e+01
    endloop
  endfacet
  facet normal 0.000000e+00 1.000000e+00 0.000000e+00
    outer loop
      vertex   1.003313e+01 2.800000e+01 3.396294e+01
      vertex   5.650000e+00 2.800000e+01 2.397224e+01
      vertex   9.737930e+00 2.800000e+01 3.512225e+01
    endloop
  endfacet
  facet normal 0.000000e+00 1.000000e+00 0.000000e+00
    outer loop
      vertex   9.737930e+00 2.800000e+01 3.512225e+01
      vertex   5.650000e+00 2.800000e+01 2.397224e+01
      vertex   5.297918e+00 2.800000e+01 2.370208e+01
    endloop
  endfacet
  facet normal 0.000000e+00 1.000000e+00 0.000000e+00
    outer loop
      vertex   9.737930e+00 2.800000e+01 3.512225e+01
      vertex   5.297918e+00 2.800000e+01 2.370208e+01
      vertex   9.559631e+00 2.800000e+01 3.630519e+01
    endloop
  endfacet
  facet normal 3.064966e-14 1.000000e+00 -1.036412e-14
    outer loop
      vertex   9.559631e+00 2.800000e+01 3.630519e+01
      vertex   5.297918e+00 2.800000e+01 2.370208e+01
      vertex   9.500000e+00 2.800000e+01 3.750000e+01
    endloop
  endfacet
  facet normal 2.225511e-15 1.000000e+00 -1.707695e-15
    outer loop
      vertex   9.500000e+00 2.800000e+01 3.750000e+01
      vertex   5.297918e+00 2.800000e+01 2.370208e+01
      vertex   5.027757e+00 2.800000e+01 2.335000e+01
    endloop
  endfacet
  facet normal -3.177568e-15 1.000000e+00 1.396165e-30
    outer loop
      vertex   9.500000e+00 2.800000e+01 3.750000e+01
      vertex   5.027757e+00 2.800000e+01 2.335000e+01
      vertex   5.027757e+00 2.800000e+01 5.165000e+01
    endloop
  endfacet
  facet normal 0.000000e+00 1.000000e+00 0.000000e+00
    outer loop
      vertex   5.027757e+00 2.800000e+01 5.165000e+01
      vertex   5.027757e+00 2.800000e+01 2.335000e+01
      vertex   4.857926e+00 2.800000e+01 5.206001e+01
    endloop
  endfacet
  facet normal 0.000000e+00 1.000000e+00 0.000000e+00
    outer loop
      vertex   4.857926e+00 2.800000e+01 5.206001e+01
      vertex   5.027757e+00 2.800000e+01 2.335000e+01
      vertex   4.857926e+00 2.800000e+01 2.293999e+01
    endloop
  endfacet
  facet normal 5.119262e-15 1.000000e+00 -2.185969e-30
    outer loop
      vertex   4.857926e+00 2.800000e+01 5.206001e+01
      vertex   4.857926e+00 2.800000e+01 2.293999e+01
      vertex   0.000000e+00 2.800000e+01 6.100000e+01
    endloop
  endfacet
  facet normal 9.737481e-16 1.000000e+00 -5.291276e-16
    outer loop
      vertex   0.000000e+00 2.800000e+01 6.100000e+01
      vertex   4.857926e+00 2.800000e+01 2.293999e+01
      vertex   0.000000e+00 2.800000e+01 1.400000e+01
    endloop
  endfacet
  facet normal -7.844257e-14 1.000000e+00 4.262512e-14
    outer loop
      vertex   0.000000e+00 2.800000e+01 1.400000e+01
      vertex   4.857926e+00 2.800000e+01 2.293999e+01
      vertex   4.800000e+00 2.800000e+01 2.250000e+01
    endloop
  endfacet
  facet normal 4.398036e-14 1.000000e+00 -2.650783e-14
    outer loop
      vertex   0.000000e+00 2.800000e+01 1.400000e+01
      vertex   4.800000e+00 2.800000e+01 2.250000e+01
      vertex   4.857926e+00 2.800000e+01 2.206001e+01
    endloop
  endfacet
  facet normal 0.000000e+00 1.000000e+00 -3.538682e-15
    outer loop
      vertex   4.300000e+01 2.800000e+01 6.100000e+01
      vertex   3.565000e+01 2.800000e+01 5.397224e+01
      vertex   0.000000e+00 2.800000e+01 6.100000e+01
    endloop
  endfacet
  facet normal 8.884752e-31 1.000000e+00 -3.538682e-15
    outer loop
      vertex   0.000000e+00 2.800000e+01 6.100000e+01
      vertex   3.565000e+01 2.800000e+01 5.397224e+01
      vertex   7.350000e+00 2.800000e+01 5.397224e+01
    endloop
  endfacet
  facet normal -2.586074e-15 1.000000e+00 -6.243335e-15
    outer loop
      vertex   0.000000e+00 2.800000e+01 6.100000e+01
      vertex   7.350000e+00 2.800000e+01 5.397224e+01
      vertex   6.939992e+00 2.800000e+01 5.414207e+01
    endloop
  endfacet
  facet normal -4.275646e-15 1.000000e+00 -4.584147e-16
    outer loop
      vertex   4.300000e+01 2.800000e+01 3.000000e+01
      vertex   3.814207e+01 2.800000e+01 5.206001e+01
      vertex   4.300000e+01 2.800000e+01 6.100000e+01
    endloop
  endfacet
  facet normal -6.756128e-15 1.000000e+00 8.894612e-16
    outer loop
      vertex   4.300000e+01 2.800000e+01 6.100000e+01
      vertex   3.814207e+01 2.800000e+01 5.206001e+01
      vertex   3.820000e+01 2.800000e+01 5.250000e+01
    endloop
  endfacet
  facet normal -4.201521e-15 1.000000e+00 -5.531407e-16
    outer loop
      vertex   4.300000e+01 2.800000e+01 6.100000e+01
      vertex   3.820000e+01 2.800000e+01 5.250000e+01
      vertex   3.814207e+01 2.800000e+01 5.293999e+01
    endloop
  endfacet
  facet normal -0.000000e+00 1.000000e+00 2.348172e-15
    outer loop
      vertex   3.317592e+01 2.800000e+01 3.000000e+01
      vertex   3.312893e+01 2.800000e+01 3.453891e+01
      vertex   4.300000e+01 2.800000e+01 3.000000e+01
    endloop
  endfacet
  facet normal -9.879047e-16 1.000000e+00 1.997092e-16
    outer loop
      vertex   4.300000e+01 2.800000e+01 3.000000e+01
      vertex   3.312893e+01 2.800000e+01 3.453891e+01
      vertex   3.336597e+01 2.800000e+01 3.571149e+01
    endloop
  endfacet
  facet normal -1.044347e-15 1.000000e+00 1.045027e-16
    outer loop
      vertex   4.300000e+01 2.800000e+01 3.000000e+01
      vertex   3.336597e+01 2.800000e+01 3.571149e+01
      vertex   3.348508e+01 2.800000e+01 3.690185e+01
    endloop
  endfacet
  facet normal -3.537071e-15 1.000000e+00 -6.661338e-16
    outer loop
      vertex   3.317592e+01 2.800000e+01 1.400000e+01
      vertex   2.944023e+01 2.800000e+01 2.850263e+01
      vertex   3.317592e+01 2.800000e+01 3.000000e+01
    endloop
  endfacet
  facet normal -6.457989e-15 1.000000e+00 6.621049e-15
    outer loop
      vertex   3.317592e+01 2.800000e+01 3.000000e+01
      vertex   2.944023e+01 2.800000e+01 2.850263e+01
      vertex   3.029662e+01 2.800000e+01 2.933793e+01
    endloop
  endfacet
  facet normal -6.115477e-15 1.000000e+00 5.131494e-15
    outer loop
      vertex   3.317592e+01 2.800000e+01 3.000000e+01
      vertex   3.029662e+01 2.800000e+01 2.933793e+01
      vertex   3.106559e+01 2.800000e+01 3.025435e+01
    endloop
  endfacet
  facet normal 7.896529e-18 1.000000e+00 3.166408e-16
    outer loop
      vertex   2.060324e+01 2.800000e+01 2.553355e+01
      vertex   2.179917e+01 2.800000e+01 2.550373e+01
      vertex   3.317592e+01 2.800000e+01 1.400000e+01
    endloop
  endfacet
  facet normal -2.154683e-17 1.000000e+00 2.875225e-16
    outer loop
      vertex   3.317592e+01 2.800000e+01 1.400000e+01
      vertex   2.179917e+01 2.800000e+01 2.550373e+01
      vertex   2.299212e+01 2.800000e+01 2.559313e+01
    endloop
  endfacet
  facet normal -4.678828e-17 1.000000e+00 2.653495e-16
    outer loop
      vertex   3.317592e+01 2.800000e+01 1.400000e+01
      vertex   2.299212e+01 2.800000e+01 2.559313e+01
      vertex   2.417025e+01 2.800000e+01 2.580087e+01
    endloop
  endfacet
  facet normal -6.973155e-17 1.000000e+00 2.478407e-16
    outer loop
      vertex   2.417025e+01 2.800000e+01 2.580087e+01
      vertex   2.532184e+01 2.800000e+01 2.612487e+01
      vertex   3.317592e+01 2.800000e+01 1.400000e+01
    endloop
  endfacet
  facet normal -9.168826e-17 1.000000e+00 2.336179e-16
    outer loop
      vertex   3.317592e+01 2.800000e+01 1.400000e+01
      vertex   2.532184e+01 2.800000e+01 2.612487e+01
      vertex   2.643545e+01 2.800000e+01 2.656193e+01
    endloop
  endfacet
  facet normal -1.137108e-16 1.000000e+00 2.218010e-16
    outer loop
      vertex   3.317592e+01 2.800000e+01 1.400000e+01
      vertex   2.643545e+01 2.800000e+01 2.656193e+01
      vertex   2.750000e+01 2.800000e+01 2.710770e+01
    endloop
  endfacet
  facet normal -1.367975e-16 1.000000e+00 2.118040e-16
    outer loop
      vertex   2.750000e+01 2.800000e+01 2.710770e+01
      vertex   2.850492e+01 2.800000e+01 2.775674e+01
      vertex   3.317592e+01 2.800000e+01 1.400000e+01
    endloop
  endfacet
  facet normal -1.620659e-16 1.000000e+00 2.032243e-16
    outer loop
      vertex   3.317592e+01 2.800000e+01 1.400000e+01
      vertex   2.850492e+01 2.800000e+01 2.775674e+01
      vertex   2.944023e+01 2.800000e+01 2.850263e+01
    endloop
  endfacet
  facet normal -6.222621e-15 1.000000e+00 4.242511e-15
    outer loop
      vertex   3.106559e+01 2.800000e+01 3.025435e+01
      vertex   3.173949e+01 2.800000e+01 3.124278e+01
      vertex   3.317592e+01 2.800000e+01 3.000000e+01
    endloop
  endfacet
  facet normal -6.724771e-15 1.000000e+00 3.662115e-15
    outer loop
      vertex   3.317592e+01 2.800000e+01 3.000000e+01
      vertex   3.173949e+01 2.800000e+01 3.124278e+01
      vertex   3.231163e+01 2.800000e+01 3.229340e+01
    endloop
  endfacet
  facet normal -1.179768e-14 1.000000e+00 1.750325e-15
    outer loop
      vertex   3.317592e+01 2.800000e+01 3.000000e+01
      vertex   3.231163e+01 2.800000e+01 3.229340e+01
      vertex   3.277631e+01 2.800000e+01 3.339576e+01
    endloop
  endfacet
  facet normal -7.365368e-15 1.000000e+00 2.271915e-15
    outer loop
      vertex   3.277631e+01 2.800000e+01 3.339576e+01
      vertex   3.312893e+01 2.800000e+01 3.453891e+01
      vertex   3.317592e+01 2.800000e+01 3.000000e+01
    endloop
  endfacet
  facet normal -1.120151e-15 1.000000e+00 0.000000e+00
    outer loop
      vertex   3.348508e+01 2.800000e+01 3.690185e+01
      vertex   3.348508e+01 2.800000e+01 3.809815e+01
      vertex   4.300000e+01 2.800000e+01 3.000000e+01
    endloop
  endfacet
  facet normal -1.224430e-15 1.000000e+00 -1.225227e-16
    outer loop
      vertex   4.300000e+01 2.800000e+01 3.000000e+01
      vertex   3.348508e+01 2.800000e+01 3.809815e+01
      vertex   3.336597e+01 2.800000e+01 3.928851e+01
    endloop
  endfacet
  facet normal -8.206313e-16 1.000000e+00 2.962967e-16
    outer loop
      vertex   4.300000e+01 2.800000e+01 3.000000e+01
      vertex   3.336597e+01 2.800000e+01 3.928851e+01
      vertex   3.770208e+01 2.800000e+01 5.129792e+01
    endloop
  endfacet
  facet normal 0.000000e+00 1.000000e+00 0.000000e+00
    outer loop
      vertex   3.770208e+01 2.800000e+01 5.129792e+01
      vertex   3.336597e+01 2.800000e+01 3.928851e+01
      vertex   3.735000e+01 2.800000e+01 5.102776e+01
    endloop
  endfacet
  facet normal 0.000000e+00 1.000000e+00 0.000000e+00
    outer loop
      vertex   3.735000e+01 2.800000e+01 5.102776e+01
      vertex   3.336597e+01 2.800000e+01 3.928851e+01
      vertex   3.312893e+01 2.800000e+01 4.046109e+01
    endloop
  endfacet
  facet normal 0.000000e+00 1.000000e+00 0.000000e+00
    outer loop
      vertex   3.735000e+01 2.800000e+01 5.102776e+01
      vertex   3.312893e+01 2.800000e+01 4.046109e+01
      vertex   3.277631e+01 2.800000e+01 4.160424e+01
    endloop
  endfacet
  facet normal 0.000000e+00 1.000000e+00 0.000000e+00
    outer loop
      vertex   3.735000e+01 2.800000e+01 5.102776e+01
      vertex   3.277631e+01 2.800000e+01 4.160424e+01
      vertex   3.693999e+01 2.800000e+01 5.085793e+01
    endloop
  endfacet
  facet normal 3.698079e-15 1.000000e+00 -1.663945e-15
    outer loop
      vertex   3.693999e+01 2.800000e+01 5.085793e+01
      vertex   3.277631e+01 2.800000e+01 4.160424e+01
      vertex   3.231163e+01 2.800000e+01 4.270660e+01
    endloop
  endfacet
  facet normal -6.201598e-17 1.000000e+00 4.710582e-16
    outer loop
      vertex   3.693999e+01 2.800000e+01 5.085793e+01
      vertex   3.231163e+01 2.800000e+01 4.270660e+01
      vertex   3.650000e+01 2.800000e+01 5.080000e+01
    endloop
  endfacet
  facet normal 4.133080e-16 1.000000e+00 2.250755e-16
    outer loop
      vertex   3.650000e+01 2.800000e+01 5.080000e+01
      vertex   3.231163e+01 2.800000e+01 4.270660e+01
      vertex   3.173949e+01 2.800000e+01 4.375722e+01
    endloop
  endfacet
  facet normal 6.098481e-17 1.000000e+00 4.632256e-16
    outer loop
      vertex   3.650000e+01 2.800000e+01 5.080000e+01
      vertex   3.173949e+01 2.800000e+01 4.375722e+01
      vertex   3.606001e+01 2.800000e+01 5.085793e+01
    endloop
  endfacet
  facet normal 3.877791e-16 1.000000e+00 2.643833e-16
    outer loop
      vertex   3.606001e+01 2.800000e+01 5.085793e+01
      vertex   3.173949e+01 2.800000e+01 4.375722e+01
      vertex   3.106559e+01 2.800000e+01 4.474565e+01
    endloop
  endfacet
  facet normal 1.798774e-16 1.000000e+00 4.342625e-16
    outer loop
      vertex   3.606001e+01 2.800000e+01 5.085793e+01
      vertex   3.106559e+01 2.800000e+01 4.474565e+01
      vertex   3.565000e+01 2.800000e+01 5.102776e+01
    endloop
  endfacet
  facet normal 2.781772e-16 1.000000e+00 3.625275e-16
    outer loop
      vertex   3.565000e+01 2.800000e+01 5.102776e+01
      vertex   3.106559e+01 2.800000e+01 4.474565e+01
      vertex   3.529792e+01 2.800000e+01 5.129792e+01
    endloop
  endfacet
  facet normal 3.651174e-16 1.000000e+00 3.063699e-16
    outer loop
      vertex   3.529792e+01 2.800000e+01 5.129792e+01
      vertex   3.106559e+01 2.800000e+01 4.474565e+01
      vertex   3.029662e+01 2.800000e+01 4.566207e+01
    endloop
  endfacet
  facet normal 3.809541e-16 1.000000e+00 2.923163e-16
    outer loop
      vertex   3.529792e+01 2.800000e+01 5.129792e+01
      vertex   3.029662e+01 2.800000e+01 4.566207e+01
      vertex   3.502776e+01 2.800000e+01 5.165000e+01
    endloop
  endfacet
  facet normal 3.268290e-16 1.000000e+00 3.350812e-16
    outer loop
      vertex   3.502776e+01 2.800000e+01 5.165000e+01
      vertex   3.029662e+01 2.800000e+01 4.566207e+01
      vertex   2.944023e+01 2.800000e+01 4.649737e+01
    endloop
  endfacet
  facet normal 4.600880e-16 1.000000e+00 1.905747e-16
    outer loop
      vertex   3.502776e+01 2.800000e+01 5.165000e+01
      vertex   2.944023e+01 2.800000e+01 4.649737e+01
      vertex   3.485793e+01 2.800000e+01 5.206001e+01
    endloop
  endfacet
  facet normal 2.866706e-16 1.000000e+00 3.594736e-16
    outer loop
      vertex   3.485793e+01 2.800000e+01 5.206001e+01
      vertex   2.944023e+01 2.800000e+01 4.649737e+01
      vertex   2.850492e+01 2.800000e+01 4.724326e+01
    endloop
  endfacet
  facet normal 2.277383e-14 1.000000e+00 -2.929972e-14
    outer loop
      vertex   3.485793e+01 2.800000e+01 5.206001e+01
      vertex   2.850492e+01 2.800000e+01 4.724326e+01
      vertex   3.480000e+01 2.800000e+01 5.250000e+01
    endloop
  endfacet
  facet normal -7.383997e-16 1.000000e+00 -1.143266e-15
    outer loop
      vertex   3.480000e+01 2.800000e+01 5.250000e+01
      vertex   2.850492e+01 2.800000e+01 4.724326e+01
      vertex   2.750000e+01 2.800000e+01 4.789230e+01
    endloop
  endfacet
  facet normal -2.382610e-14 1.000000e+00 3.543472e-14
    outer loop
      vertex   3.480000e+01 2.800000e+01 5.250000e+01
      vertex   2.750000e+01 2.800000e+01 4.789230e+01
      vertex   3.485793e+01 2.800000e+01 5.293999e+01
    endloop
  endfacet
  facet normal 2.065074e-16 1.000000e+00 4.028077e-16
    outer loop
      vertex   3.485793e+01 2.800000e+01 5.293999e+01
      vertex   2.750000e+01 2.800000e+01 4.789230e+01
      vertex   2.643545e+01 2.800000e+01 4.843807e+01
    endloop
  endfacet
  facet normal 1.785894e-16 1.000000e+00 4.550384e-16
    outer loop
      vertex   3.485793e+01 2.800000e+01 5.293999e+01
      vertex   2.643545e+01 2.800000e+01 4.843807e+01
      vertex   2.532184e+01 2.800000e+01 4.887513e+01
    endloop
  endfacet
  facet normal 4.524387e-16 1.000000e+00 -1.874063e-16
    outer loop
      vertex   3.485793e+01 2.800000e+01 5.293999e+01
      vertex   2.532184e+01 2.800000e+01 4.887513e+01
      vertex   3.502776e+01 2.800000e+01 5.335000e+01
    endloop
  endfacet
  facet normal 1.387207e-16 1.000000e+00 4.930426e-16
    outer loop
      vertex   3.502776e+01 2.800000e+01 5.335000e+01
      vertex   2.532184e+01 2.800000e+01 4.887513e+01
      vertex   2.417025e+01 2.800000e+01 4.919913e+01
    endloop
  endfacet
  facet normal 4.630491e-16 1.000000e+00 -3.553100e-16
    outer loop
      vertex   3.502776e+01 2.800000e+01 5.335000e+01
      vertex   2.417025e+01 2.800000e+01 4.919913e+01
      vertex   3.529792e+01 2.800000e+01 5.370208e+01
    endloop
  endfacet
  facet normal 9.689621e-17 1.000000e+00 5.495257e-16
    outer loop
      vertex   3.529792e+01 2.800000e+01 5.370208e+01
      vertex   2.417025e+01 2.800000e+01 4.919913e+01
      vertex   2.299212e+01 2.800000e+01 4.940687e+01
    endloop
  endfacet
  facet normal 5.102905e-17 1.000000e+00 6.809353e-16
    outer loop
      vertex   3.529792e+01 2.800000e+01 5.370208e+01
      vertex   2.299212e+01 2.800000e+01 4.940687e+01
      vertex   2.179917e+01 2.800000e+01 4.949627e+01
    endloop
  endfacet
  facet normal -1.831957e-17 1.000000e+00 7.345914e-16
    outer loop
      vertex   2.060324e+01 2.800000e+01 4.946645e+01
      vertex   7.350000e+00 2.800000e+01 5.397224e+01
      vertex   2.179917e+01 2.800000e+01 4.949627e+01
    endloop
  endfacet
  facet normal -1.992859e-31 1.000000e+00 7.937299e-16
    outer loop
      vertex   2.179917e+01 2.800000e+01 4.949627e+01
      vertex   7.350000e+00 2.800000e+01 5.397224e+01
      vertex   3.565000e+01 2.800000e+01 5.397224e+01
    endloop
  endfacet
  facet normal 4.431127e-16 1.000000e+00 -5.774757e-16
    outer loop
      vertex   2.179917e+01 2.800000e+01 4.949627e+01
      vertex   3.565000e+01 2.800000e+01 5.397224e+01
      vertex   3.529792e+01 2.800000e+01 5.370208e+01
    endloop
  endfacet
  facet normal -4.813213e-16 1.000000e+00 -6.272701e-16
    outer loop
      vertex   7.350000e+00 2.800000e+01 5.397224e+01
      vertex   2.060324e+01 2.800000e+01 4.946645e+01
      vertex   7.702082e+00 2.800000e+01 5.370208e+01
    endloop
  endfacet
  facet normal -7.607405e-17 1.000000e+00 6.070565e-16
    outer loop
      vertex   7.702082e+00 2.800000e+01 5.370208e+01
      vertex   2.060324e+01 2.800000e+01 4.946645e+01
      vertex   1.941622e+01 2.800000e+01 4.931769e+01
    endloop
  endfacet
  facet normal -4.254808e-16 1.000000e+00 -3.264829e-16
    outer loop
      vertex   7.702082e+00 2.800000e+01 5.370208e+01
      vertex   1.941622e+01 2.800000e+01 4.931769e+01
      vertex   7.972243e+00 2.800000e+01 5.335000e+01
    endloop
  endfacet
  facet normal -1.220416e-16 1.000000e+00 5.346993e-16
    outer loop
      vertex   7.972243e+00 2.800000e+01 5.335000e+01
      vertex   1.941622e+01 2.800000e+01 4.931769e+01
      vertex   1.824991e+01 2.800000e+01 4.905149e+01
    endloop
  endfacet
  facet normal -1.539869e-16 1.000000e+00 4.583187e-16
    outer loop
      vertex   7.972243e+00 2.800000e+01 5.335000e+01
      vertex   1.824991e+01 2.800000e+01 4.905149e+01
      vertex   1.711591e+01 2.800000e+01 4.867048e+01
    endloop
  endfacet
  facet normal -4.930664e-16 1.000000e+00 -2.042348e-16
    outer loop
      vertex   7.972243e+00 2.800000e+01 5.335000e+01
      vertex   1.711591e+01 2.800000e+01 4.867048e+01
      vertex   8.142074e+00 2.800000e+01 5.293999e+01
    endloop
  endfacet
  facet normal -1.927049e-16 1.000000e+00 4.270779e-16
    outer loop
      vertex   8.142074e+00 2.800000e+01 5.293999e+01
      vertex   1.711591e+01 2.800000e+01 4.867048e+01
      vertex   1.602547e+01 2.800000e+01 4.817846e+01
    endloop
  endfacet
  facet normal -4.895885e-16 1.000000e+00 -6.445554e-17
    outer loop
      vertex   8.142074e+00 2.800000e+01 5.293999e+01
      vertex   1.602547e+01 2.800000e+01 4.817846e+01
      vertex   8.200000e+00 2.800000e+01 5.250000e+01
    endloop
  endfacet
  facet normal -2.320428e-16 1.000000e+00 4.019099e-16
    outer loop
      vertex   8.200000e+00 2.800000e+01 5.250000e+01
      vertex   1.602547e+01 2.800000e+01 4.817846e+01
      vertex   1.498944e+01 2.800000e+01 4.758031e+01
    endloop
  endfacet
  facet normal -4.776993e-16 1.000000e+00 6.289030e-17
    outer loop
      vertex   8.200000e+00 2.800000e+01 5.250000e+01
      vertex   1.498944e+01 2.800000e+01 4.758031e+01
      vertex   8.142074e+00 2.800000e+01 5.206001e+01
    endloop
  endfacet
  facet normal -2.716506e-16 1.000000e+00 3.778429e-16
    outer loop
      vertex   8.142074e+00 2.800000e+01 5.206001e+01
      vertex   1.498944e+01 2.800000e+01 4.758031e+01
      vertex   1.401812e+01 2.800000e+01 4.688198e+01
    endloop
  endfacet
  facet normal -4.429343e-16 1.000000e+00 1.834694e-16
    outer loop
      vertex   8.142074e+00 2.800000e+01 5.206001e+01
      vertex   1.401812e+01 2.800000e+01 4.688198e+01
      vertex   7.972243e+00 2.800000e+01 5.165000e+01
    endloop
  endfacet
  facet normal -3.103158e-16 1.000000e+00 3.516305e-16
    outer loop
      vertex   7.972243e+00 2.800000e+01 5.165000e+01
      vertex   1.401812e+01 2.800000e+01 4.688198e+01
      vertex   1.312116e+01 2.800000e+01 4.609040e+01
    endloop
  endfacet
  facet normal -3.773483e-16 1.000000e+00 2.895496e-16
    outer loop
      vertex   7.972243e+00 2.800000e+01 5.165000e+01
      vertex   1.312116e+01 2.800000e+01 4.609040e+01
      vertex   7.702082e+00 2.800000e+01 5.129792e+01
    endloop
  endfacet
  facet normal -3.465742e-16 1.000000e+00 3.215739e-16
    outer loop
      vertex   7.702082e+00 2.800000e+01 5.129792e+01
      vertex   1.312116e+01 2.800000e+01 4.609040e+01
      vertex   1.230747e+01 2.800000e+01 4.521345e+01
    endloop
  endfacet
  facet normal -2.834276e-16 1.000000e+00 3.693701e-16
    outer loop
      vertex   7.702082e+00 2.800000e+01 5.129792e+01
      vertex   1.230747e+01 2.800000e+01 4.521345e+01
      vertex   7.350000e+00 2.800000e+01 5.102776e+01
    endloop
  endfacet
  facet normal -3.794973e-16 1.000000e+00 2.874580e-16
    outer loop
      vertex   7.350000e+00 2.800000e+01 5.102776e+01
      vertex   1.230747e+01 2.800000e+01 4.521345e+01
      vertex   1.158513e+01 2.800000e+01 4.425984e+01
    endloop
  endfacet
  facet normal -1.726770e-16 1.000000e+00 4.168792e-16
    outer loop
      vertex   7.350000e+00 2.800000e+01 5.102776e+01
      vertex   1.158513e+01 2.800000e+01 4.425984e+01
      vertex   6.939992e+00 2.800000e+01 5.085793e+01
    endloop
  endfacet
  facet normal -4.094333e-16 1.000000e+00 2.501995e-16
    outer loop
      vertex   6.939992e+00 2.800000e+01 5.085793e+01
      vertex   1.158513e+01 2.800000e+01 4.425984e+01
      vertex   1.096134e+01 2.800000e+01 4.323905e+01
    endloop
  endfacet
  facet normal -5.740138e-17 1.000000e+00 4.360068e-16
    outer loop
      vertex   6.939992e+00 2.800000e+01 5.085793e+01
      vertex   1.096134e+01 2.800000e+01 4.323905e+01
      vertex   6.500000e+00 2.800000e+01 5.080000e+01
    endloop
  endfacet
  facet normal -4.384711e-16 1.000000e+00 2.111565e-16
    outer loop
      vertex   6.500000e+00 2.800000e+01 5.080000e+01
      vertex   1.096134e+01 2.800000e+01 4.323905e+01
      vertex   1.044229e+01 2.800000e+01 4.216122e+01
    endloop
  endfacet
  facet normal 5.760306e-17 1.000000e+00 4.375387e-16
    outer loop
      vertex   6.500000e+00 2.800000e+01 5.080000e+01
      vertex   1.044229e+01 2.800000e+01 4.216122e+01
      vertex   6.060008e+00 2.800000e+01 5.085793e+01
    endloop
  endfacet
  facet normal -4.112193e-15 1.000000e+00 -1.663624e-15
    outer loop
      vertex   6.060008e+00 2.800000e+01 5.085793e+01
      vertex   1.044229e+01 2.800000e+01 4.216122e+01
      vertex   1.003313e+01 2.800000e+01 4.103706e+01
    endloop
  endfacet
  facet normal 0.000000e+00 1.000000e+00 0.000000e+00
    outer loop
      vertex   6.060008e+00 2.800000e+01 5.085793e+01
      vertex   1.003313e+01 2.800000e+01 4.103706e+01
      vertex   5.650000e+00 2.800000e+01 5.102776e+01
    endloop
  endfacet
  facet normal 0.000000e+00 1.000000e+00 0.000000e+00
    outer loop
      vertex   5.650000e+00 2.800000e+01 5.102776e+01
      vertex   1.003313e+01 2.800000e+01 4.103706e+01
      vertex   9.737930e+00 2.800000e+01 3.987775e+01
    endloop
  endfacet
  facet normal 0.000000e+00 1.000000e+00 0.000000e+00
    outer loop
      vertex   5.650000e+00 2.800000e+01 5.102776e+01
      vertex   9.737930e+00 2.800000e+01 3.987775e+01
      vertex   5.297918e+00 2.800000e+01 5.129792e+01
    endloop
  endfacet
  facet normal 0.000000e+00 1.000000e+00 0.000000e+00
    outer loop
      vertex   5.297918e+00 2.800000e+01 5.129792e+01
      vertex   9.737930e+00 2.800000e+01 3.987775e+01
      vertex   9.559631e+00 2.800000e+01 3.869481e+01
    endloop
  endfacet
  facet normal 3.064966e-14 1.000000e+00 1.036412e-14
    outer loop
      vertex   5.297918e+00 2.800000e+01 5.129792e+01
      vertex   9.559631e+00 2.800000e+01 3.869481e+01
      vertex   9.500000e+00 2.800000e+01 3.750000e+01
    endloop
  endfacet
  facet normal 4.818188e-14 1.000000e+00 2.595469e-14
    outer loop
      vertex   4.857926e+00 2.800000e+01 5.293999e+01
      vertex   4.800000e+00 2.800000e+01 5.250000e+01
      vertex   0.000000e+00 2.800000e+01 6.100000e+01
    endloop
  endfacet
  facet normal -7.168645e-14 1.000000e+00 -4.173566e-14
    outer loop
      vertex   0.000000e+00 2.800000e+01 6.100000e+01
      vertex   4.800000e+00 2.800000e+01 5.250000e+01
      vertex   4.857926e+00 2.800000e+01 5.206001e+01
    endloop
  endfacet
  facet normal 2.225511e-15 1.000000e+00 1.707695e-15
    outer loop
      vertex   5.027757e+00 2.800000e+01 5.165000e+01
      vertex   5.297918e+00 2.800000e+01 5.129792e+01
      vertex   9.500000e+00 2.800000e+01 3.750000e+01
    endloop
  endfacet
  facet normal -5.507946e-16 1.000000e+00 -4.183700e-15
    outer loop
      vertex   6.939992e+00 2.800000e+01 5.414207e+01
      vertex   6.500000e+00 2.800000e+01 5.420000e+01
      vertex   0.000000e+00 2.800000e+01 6.100000e+01
    endloop
  endfacet
  facet normal 4.276615e-16 1.000000e+00 -3.248411e-15
    outer loop
      vertex   0.000000e+00 2.800000e+01 6.100000e+01
      vertex   6.500000e+00 2.800000e+01 5.420000e+01
      vertex   6.060008e+00 2.800000e+01 5.414207e+01
    endloop
  endfacet
  facet normal 1.099595e-15 1.000000e+00 -2.654657e-15
    outer loop
      vertex   0.000000e+00 2.800000e+01 6.100000e+01
      vertex   6.060008e+00 2.800000e+01 5.414207e+01
      vertex   5.650000e+00 2.800000e+01 5.397224e+01
    endloop
  endfacet
  facet normal 1.679345e-15 1.000000e+00 -2.188564e-15
    outer loop
      vertex   5.650000e+00 2.800000e+01 5.397224e+01
      vertex   5.297918e+00 2.800000e+01 5.370208e+01
      vertex   0.000000e+00 2.800000e+01 6.100000e+01
    endloop
  endfacet
  facet normal 2.282018e-15 1.000000e+00 -1.751054e-15
    outer loop
      vertex   0.000000e+00 2.800000e+01 6.100000e+01
      vertex   5.297918e+00 2.800000e+01 5.370208e+01
      vertex   5.027757e+00 2.800000e+01 5.335000e+01
    endloop
  endfacet
  facet normal 3.034103e-15 1.000000e+00 -1.256767e-15
    outer loop
      vertex   0.000000e+00 2.800000e+01 6.100000e+01
      vertex   5.027757e+00 2.800000e+01 5.335000e+01
      vertex   4.857926e+00 2.800000e+01 5.293999e+01
    endloop
  endfacet
  facet normal 0.000000e+00 1.000000e+00 0.000000e+00
    outer loop
      vertex   4.857926e+00 2.800000e+01 2.206001e+01
      vertex   5.027757e+00 2.800000e+01 2.165000e+01
      vertex   0.000000e+00 2.800000e+01 1.400000e+01
    endloop
  endfacet
  facet normal 0.000000e+00 1.000000e+00 0.000000e+00
    outer loop
      vertex   0.000000e+00 2.800000e+01 1.400000e+01
      vertex   5.027757e+00 2.800000e+01 2.165000e+01
      vertex   5.297918e+00 2.800000e+01 2.129792e+01
    endloop
  endfacet
  facet normal 0.000000e+00 1.000000e+00 0.000000e+00
    outer loop
      vertex   0.000000e+00 2.800000e+01 1.400000e+01
      vertex   5.297918e+00 2.800000e+01 2.129792e+01
      vertex   5.650000e+00 2.800000e+01 2.102776e+01
    endloop
  endfacet
  facet normal 0.000000e+00 1.000000e+00 0.000000e+00
    outer loop
      vertex   5.650000e+00 2.800000e+01 2.102776e+01
      vertex   6.060008e+00 2.800000e+01 2.085793e+01
      vertex   0.000000e+00 2.800000e+01 1.400000e+01
    endloop
  endfacet
  facet normal 0.000000e+00 1.000000e+00 0.000000e+00
    outer loop
      vertex   0.000000e+00 2.800000e+01 1.400000e+01
      vertex   6.060008e+00 2.800000e+01 2.085793e+01
      vertex   6.500000e+00 2.800000e+01 2.080000e+01
    endloop
  endfacet
  facet normal 0.000000e+00 1.000000e+00 0.000000e+00
    outer loop
      vertex   0.000000e+00 2.800000e+01 1.400000e+01
      vertex   6.500000e+00 2.800000e+01 2.080000e+01
      vertex   6.939992e+00 2.800000e+01 2.085793e+01
    endloop
  endfacet
  facet normal -0.000000e+00 1.000000e+00 0.000000e+00
    outer loop
      vertex   6.939992e+00 2.800000e+01 2.085793e+01
      vertex   7.350000e+00 2.800000e+01 2.102776e+01
      vertex   0.000000e+00 2.800000e+01 1.400000e+01
    endloop
  endfacet
  facet normal -4.925116e-16 1.000000e+00 3.779174e-16
    outer loop
      vertex   3.770208e+01 2.800000e+01 5.129792e+01
      vertex   3.797224e+01 2.800000e+01 5.165000e+01
      vertex   4.300000e+01 2.800000e+01 3.000000e+01
    endloop
  endfacet
  facet normal -7.615416e-16 1.000000e+00 3.154409e-16
    outer loop
      vertex   4.300000e+01 2.800000e+01 3.000000e+01
      vertex   3.797224e+01 2.800000e+01 5.165000e+01
      vertex   3.814207e+01 2.800000e+01 5.206001e+01
    endloop
  endfacet
  facet normal -3.034103e-15 1.000000e+00 -1.256767e-15
    outer loop
      vertex   3.814207e+01 2.800000e+01 5.293999e+01
      vertex   3.797224e+01 2.800000e+01 5.335000e+01
      vertex   4.300000e+01 2.800000e+01 6.100000e+01
    endloop
  endfacet
  facet normal -2.282018e-15 1.000000e+00 -1.751054e-15
    outer loop
      vertex   4.300000e+01 2.800000e+01 6.100000e+01
      vertex   3.797224e+01 2.800000e+01 5.335000e+01
      vertex   3.770208e+01 2.800000e+01 5.370208e+01
    endloop
  endfacet
  facet normal -1.679345e-15 1.000000e+00 -2.188564e-15
    outer loop
      vertex   4.300000e+01 2.800000e+01 6.100000e+01
      vertex   3.770208e+01 2.800000e+01 5.370208e+01
      vertex   3.735000e+01 2.800000e+01 5.397224e+01
    endloop
  endfacet
  facet normal -1.099595e-15 1.000000e+00 -2.654657e-15
    outer loop
      vertex   3.735000e+01 2.800000e+01 5.397224e+01
      vertex   3.693999e+01 2.800000e+01 5.414207e+01
      vertex   4.300000e+01 2.800000e+01 6.100000e+01
    endloop
  endfacet
  facet normal -4.276615e-16 1.000000e+00 -3.248411e-15
    outer loop
      vertex   4.300000e+01 2.800000e+01 6.100000e+01
      vertex   3.693999e+01 2.800000e+01 5.414207e+01
      vertex   3.650000e+01 2.800000e+01 5.420000e+01
    endloop
  endfacet
  facet normal 5.507946e-16 1.000000e+00 -4.183700e-15
    outer loop
      vertex   4.300000e+01 2.800000e+01 6.100000e+01
      vertex   3.650000e+01 2.800000e+01 5.420000e+01
      vertex   3.606001e+01 2.800000e+01 5.414207e+01
    endloop
  endfacet
  facet normal 2.586074e-15 1.000000e+00 -6.243335e-15
    outer loop
      vertex   3.606001e+01 2.800000e+01 5.414207e+01
      vertex   3.565000e+01 2.800000e+01 5.397224e+01
      vertex   4.300000e+01 2.800000e+01 6.100000e+01
    endloop
  endfacet
  facet normal 0.000000e+00 7.071068e-01 7.071068e-01
    outer loop
      vertex   4.300000e+01 2.800000e+01 6.100000e+01
      vertex   0.000000e+00 2.800000e+01 6.100000e+01
      vertex   4.300000e+01 2.600000e+01 6.300000e+01
    endloop
  endfacet
  facet normal 0.000000e+00 7.071068e-01 7.071068e-01
    outer loop
      vertex   4.300000e+01 2.600000e+01 6.300000e+01
      vertex   0.000000e+00 2.800000e+01 6.100000e+01
      vertex   0.000000e+00 2.600000e+01 6.300000e+01
    endloop
  endfacet
  facet normal -9.914449e-01 0.000000e+00 1.305262e-01
    outer loop
      vertex   3.654548e+01 -2.000000e+00 5.585890e+00
      vertex   3.654548e+01 -4.000000e+00 5.585890e+00
      vertex   3.660000e+01 -2.000000e+00 6.000000e+00
    endloop
  endfacet
  facet normal -9.914449e-01 0.000000e+00 1.305262e-01
    outer loop
      vertex   3.660000e+01 -2.000000e+00 6.000000e+00
      vertex   3.654548e+01 -4.000000e+00 5.585890e+00
      vertex   3.660000e+01 -4.000000e+00 6.000000e+00
    endloop
  endfacet
  facet normal -9.914449e-01 -0.000000e+00 -1.305262e-01
    outer loop
      vertex   3.660000e+01 -2.000000e+00 6.000000e+00
      vertex   3.660000e+01 -4.000000e+00 6.000000e+00
      vertex   3.654548e+01 -2.000000e+00 6.414110e+00
    endloop
  endfacet
  facet normal -9.914449e-01 -0.000000e+00 -1.305262e-01
    outer loop
      vertex   3.654548e+01 -2.000000e+00 6.414110e+00
      vertex   3.660000e+01 -4.000000e+00 6.000000e+00
      vertex   3.654548e+01 -4.000000e+00 6.414110e+00
    endloop
  endfacet
  facet normal -9.238795e-01 -0.000000e+00 -3.826834e-01
    outer loop
      vertex   3.654548e+01 -2.000000e+00 6.414110e+00
      vertex   3.654548e+01 -4.000000e+00 6.414110e+00
      vertex   3.638564e+01 -2.000000e+00 6.800000e+00
    endloop
  endfacet
  facet normal -9.238795e-01 -0.000000e+00 -3.826834e-01
    outer loop
      vertex   3.638564e+01 -2.000000e+00 6.800000e+00
      vertex   3.654548e+01 -4.000000e+00 6.414110e+00
      vertex   3.638564e+01 -4.000000e+00 6.800000e+00
    endloop
  endfacet
  facet normal -7.933533e-01 -0.000000e+00 -6.087614e-01
    outer loop
      vertex   3.638564e+01 -2.000000e+00 6.800000e+00
      vertex   3.638564e+01 -4.000000e+00 6.800000e+00
      vertex   3.613137e+01 -2.000000e+00 7.131371e+00
    endloop
  endfacet
  facet normal -7.933533e-01 -0.000000e+00 -6.087614e-01
    outer loop
      vertex   3.613137e+01 -2.000000e+00 7.131371e+00
      vertex   3.638564e+01 -4.000000e+00 6.800000e+00
      vertex   3.613137e+01 -4.000000e+00 7.131371e+00
    endloop
  endfacet
  facet normal -6.087614e-01 -0.000000e+00 -7.933533e-01
    outer loop
      vertex   3.613137e+01 -2.000000e+00 7.131371e+00
      vertex   3.613137e+01 -4.000000e+00 7.131371e+00
      vertex   3.580000e+01 -2.000000e+00 7.385641e+00
    endloop
  endfacet
  facet normal -6.087614e-01 -0.000000e+00 -7.933533e-01
    outer loop
      vertex   3.580000e+01 -2.000000e+00 7.385641e+00
      vertex   3.613137e+01 -4.000000e+00 7.131371e+00
      vertex   3.580000e+01 -4.000000e+00 7.385641e+00
    endloop
  endfacet
  facet normal -3.826834e-01 -0.000000e+00 -9.238795e-01
    outer loop
      vertex   3.580000e+01 -2.000000e+00 7.385641e+00
      vertex   3.580000e+01 -4.000000e+00 7.385641e+00
      vertex   3.541411e+01 -2.000000e+00 7.545481e+00
    endloop
  endfacet
  facet normal -3.826834e-01 -0.000000e+00 -9.238795e-01
    outer loop
      vertex   3.541411e+01 -2.000000e+00 7.545481e+00
      vertex   3.580000e+01 -4.000000e+00 7.385641e+00
      vertex   3.541411e+01 -4.000000e+00 7.545481e+00
    endloop
  endfacet
  facet normal -1.305262e-01 -0.000000e+00 -9.914449e-01
    outer loop
      vertex   3.541411e+01 -2.000000e+00 7.545481e+00
      vertex   3.541411e+01 -4.000000e+00 7.545481e+00
      vertex   3.500000e+01 -2.000000e+00 7.600000e+00
    endloop
  endfacet
  facet normal -1.305262e-01 -0.000000e+00 -9.914449e-01
    outer loop
      vertex   3.500000e+01 -2.000000e+00 7.600000e+00
      vertex   3.541411e+01 -4.000000e+00 7.545481e+00
      vertex   3.500000e+01 -4.000000e+00 7.600000e+00
    endloop
  endfacet
  facet normal 1.305262e-01 0.000000e+00 -9.914449e-01
    outer loop
      vertex   3.500000e+01 -2.000000e+00 7.600000e+00
      vertex   3.500000e+01 -4.000000e+00 7.600000e+00
      vertex   3.458589e+01 -2.000000e+00 7.545481e+00
    endloop
  endfacet
  facet normal 1.305262e-01 0.000000e+00 -9.914449e-01
    outer loop
      vertex   3.458589e+01 -2.000000e+00 7.545481e+00
      vertex   3.500000e+01 -4.000000e+00 7.600000e+00
      vertex   3.458589e+01 -4.000000e+00 7.545481e+00
    endloop
  endfacet
  facet normal 3.826834e-01 0.000000e+00 -9.238795e-01
    outer loop
      vertex   3.458589e+01 -2.000000e+00 7.545481e+00
      vertex   3.458589e+01 -4.000000e+00 7.545481e+00
      vertex   3.420000e+01 -2.000000e+00 7.385641e+00
    endloop
  endfacet
  facet normal 3.826834e-01 0.000000e+00 -9.238795e-01
    outer loop
      vertex   3.420000e+01 -2.000000e+00 7.385641e+00
      vertex   3.458589e+01 -4.000000e+00 7.545481e+00
      vertex   3.420000e+01 -4.000000e+00 7.385641e+00
    endloop
  endfacet
  facet normal 6.087614e-01 0.000000e+00 -7.933533e-01
    outer loop
      vertex   3.420000e+01 -2.000000e+00 7.385641e+00
      vertex   3.420000e+01 -4.000000e+00 7.385641e+00
      vertex   3.386863e+01 -2.000000e+00 7.131371e+00
    endloop
  endfacet
  facet normal 6.087614e-01 0.000000e+00 -7.933533e-01
    outer loop
      vertex   3.386863e+01 -2.000000e+00 7.131371e+00
      vertex   3.420000e+01 -4.000000e+00 7.385641e+00
      vertex   3.386863e+01 -4.000000e+00 7.131371e+00
    endloop
  endfacet
  facet normal 7.933533e-01 0.000000e+00 -6.087614e-01
    outer loop
      vertex   3.386863e+01 -2.000000e+00 7.131371e+00
      vertex   3.386863e+01 -4.000000e+00 7.131371e+00
      vertex   3.361436e+01 -2.000000e+00 6.800000e+00
    endloop
  endfacet
  facet normal 7.933533e-01 0.000000e+00 -6.087614e-01
    outer loop
      vertex   3.361436e+01 -2.000000e+00 6.800000e+00
      vertex   3.386863e+01 -4.000000e+00 7.131371e+00
      vertex   3.361436e+01 -4.000000e+00 6.800000e+00
    endloop
  endfacet
  facet normal 9.238795e-01 0.000000e+00 -3.826834e-01
    outer loop
      vertex   3.361436e+01 -2.000000e+00 6.800000e+00
      vertex   3.361436e+01 -4.000000e+00 6.800000e+00
      vertex   3.345452e+01 -2.000000e+00 6.414110e+00
    endloop
  endfacet
  facet normal 9.238795e-01 0.000000e+00 -3.826834e-01
    outer loop
      vertex   3.345452e+01 -2.000000e+00 6.414110e+00
      vertex   3.361436e+01 -4.000000e+00 6.800000e+00
      vertex   3.345452e+01 -4.000000e+00 6.414110e+00
    endloop
  endfacet
  facet normal 9.914449e-01 0.000000e+00 -1.305262e-01
    outer loop
      vertex   3.345452e+01 -2.000000e+00 6.414110e+00
      vertex   3.345452e+01 -4.000000e+00 6.414110e+00
      vertex   3.340000e+01 -2.000000e+00 6.000000e+00
    endloop
  endfacet
  facet normal 9.914449e-01 0.000000e+00 -1.305262e-01
    outer loop
      vertex   3.340000e+01 -2.000000e+00 6.000000e+00
      vertex   3.345452e+01 -4.000000e+00 6.414110e+00
      vertex   3.340000e+01 -4.000000e+00 6.000000e+00
    endloop
  endfacet
  facet normal 9.914449e-01 0.000000e+00 1.305262e-01
    outer loop
      vertex   3.340000e+01 -2.000000e+00 6.000000e+00
      vertex   3.340000e+01 -4.000000e+00 6.000000e+00
      vertex   3.345452e+01 -2.000000e+00 5.585890e+00
    endloop
  endfacet
  facet normal 9.914449e-01 0.000000e+00 1.305262e-01
    outer loop
      vertex   3.345452e+01 -2.000000e+00 5.585890e+00
      vertex   3.340000e+01 -4.000000e+00 6.000000e+00
      vertex   3.345452e+01 -4.000000e+00 5.585890e+00
    endloop
  endfacet
  facet normal 9.238795e-01 0.000000e+00 3.826834e-01
    outer loop
      vertex   3.345452e+01 -2.000000e+00 5.585890e+00
      vertex   3.345452e+01 -4.000000e+00 5.585890e+00
      vertex   3.361436e+01 -2.000000e+00 5.200000e+00
    endloop
  endfacet
  facet normal 9.238795e-01 0.000000e+00 3.826834e-01
    outer loop
      vertex   3.361436e+01 -2.000000e+00 5.200000e+00
      vertex   3.345452e+01 -4.000000e+00 5.585890e+00
      vertex   3.361436e+01 -4.000000e+00 5.200000e+00
    endloop
  endfacet
  facet normal 7.933533e-01 0.000000e+00 6.087614e-01
    outer loop
      vertex   3.361436e+01 -2.000000e+00 5.200000e+00
      vertex   3.361436e+01 -4.000000e+00 5.200000e+00
      vertex   3.386863e+01 -2.000000e+00 4.868629e+00
    endloop
  endfacet
  facet normal 7.933533e-01 0.000000e+00 6.087614e-01
    outer loop
      vertex   3.386863e+01 -2.000000e+00 4.868629e+00
      vertex   3.361436e+01 -4.000000e+00 5.200000e+00
      vertex   3.386863e+01 -4.000000e+00 4.868629e+00
    endloop
  endfacet
  facet normal 6.087614e-01 0.000000e+00 7.933533e-01
    outer loop
      vertex   3.386863e+01 -2.000000e+00 4.868629e+00
      vertex   3.386863e+01 -4.000000e+00 4.868629e+00
      vertex   3.420000e+01 -2.000000e+00 4.614359e+00
    endloop
  endfacet
  facet normal 6.087614e-01 0.000000e+00 7.933533e-01
    outer loop
      vertex   3.420000e+01 -2.000000e+00 4.614359e+00
      vertex   3.386863e+01 -4.000000e+00 4.868629e+00
      vertex   3.420000e+01 -4.000000e+00 4.614359e+00
    endloop
  endfacet
  facet normal 3.826834e-01 0.000000e+00 9.238795e-01
    outer loop
      vertex   3.420000e+01 -2.000000e+00 4.614359e+00
      vertex   3.420000e+01 -4.000000e+00 4.614359e+00
      vertex   3.458589e+01 -2.000000e+00 4.454519e+00
    endloop
  endfacet
  facet normal 3.826834e-01 0.000000e+00 9.238795e-01
    outer loop
      vertex   3.458589e+01 -2.000000e+00 4.454519e+00
      vertex   3.420000e+01 -4.000000e+00 4.614359e+00
      vertex   3.458589e+01 -4.000000e+00 4.454519e+00
    endloop
  endfacet
  facet normal 1.305262e-01 0.000000e+00 9.914449e-01
    outer loop
      vertex   3.458589e+01 -2.000000e+00 4.454519e+00
      vertex   3.458589e+01 -4.000000e+00 4.454519e+00
      vertex   3.500000e+01 -2.000000e+00 4.400000e+00
    endloop
  endfacet
  facet normal 1.305262e-01 0.000000e+00 9.914449e-01
    outer loop
      vertex   3.500000e+01 -2.000000e+00 4.400000e+00
      vertex   3.458589e+01 -4.000000e+00 4.454519e+00
      vertex   3.500000e+01 -4.000000e+00 4.400000e+00
    endloop
  endfacet
  facet normal -1.305262e-01 0.000000e+00 9.914449e-01
    outer loop
      vertex   3.500000e+01 -2.000000e+00 4.400000e+00
      vertex   3.500000e+01 -4.000000e+00 4.400000e+00
      vertex   3.541411e+01 -2.000000e+00 4.454519e+00
    endloop
  endfacet
  facet normal -1.305262e-01 0.000000e+00 9.914449e-01
    outer loop
      vertex   3.541411e+01 -2.000000e+00 4.454519e+00
      vertex   3.500000e+01 -4.000000e+00 4.400000e+00
      vertex   3.541411e+01 -4.000000e+00 4.454519e+00
    endloop
  endfacet
  facet normal -3.826834e-01 0.000000e+00 9.238795e-01
    outer loop
      vertex   3.541411e+01 -2.000000e+00 4.454519e+00
      vertex   3.541411e+01 -4.000000e+00 4.454519e+00
      vertex   3.580000e+01 -2.000000e+00 4.614359e+00
    endloop
  endfacet
  facet normal -3.826834e-01 0.000000e+00 9.238795e-01
    outer loop
      vertex   3.580000e+01 -2.000000e+00 4.614359e+00
      vertex   3.541411e+01 -4.000000e+00 4.454519e+00
      vertex   3.580000e+01 -4.000000e+00 4.614359e+00
    endloop
  endfacet
  facet normal -6.087614e-01 0.000000e+00 7.933533e-01
    outer loop
      vertex   3.580000e+01 -2.000000e+00 4.614359e+00
      vertex   3.580000e+01 -4.000000e+00 4.614359e+00
      vertex   3.613137e+01 -2.000000e+00 4.868629e+00
    endloop
  endfacet
  facet normal -6.087614e-01 0.000000e+00 7.933533e-01
    outer loop
      vertex   3.613137e+01 -2.000000e+00 4.868629e+00
      vertex   3.580000e+01 -4.000000e+00 4.614359e+00
      vertex   3.613137e+01 -4.000000e+00 4.868629e+00
    endloop
  endfacet
  facet normal -7.933533e-01 0.000000e+00 6.087614e-01
    outer loop
      vertex   3.613137e+01 -2.000000e+00 4.868629e+00
      vertex   3.613137e+01 -4.000000e+00 4.868629e+00
      vertex   3.638564e+01 -2.000000e+00 5.200000e+00
    endloop
  endfacet
  facet normal -7.933533e-01 0.000000e+00 6.087614e-01
    outer loop
      vertex   3.638564e+01 -2.000000e+00 5.200000e+00
      vertex   3.613137e+01 -4.000000e+00 4.868629e+00
      vertex   3.638564e+01 -4.000000e+00 5.200000e+00
    endloop
  endfacet
  facet normal -9.238795e-01 0.000000e+00 3.826834e-01
    outer loop
      vertex   3.638564e+01 -2.000000e+00 5.200000e+00
      vertex   3.638564e+01 -4.000000e+00 5.200000e+00
      vertex   3.654548e+01 -2.000000e+00 5.585890e+00
    endloop
  endfacet
  facet normal -9.238795e-01 0.000000e+00 3.826834e-01
    outer loop
      vertex   3.654548e+01 -2.000000e+00 5.585890e+00
      vertex   3.638564e+01 -4.000000e+00 5.200000e+00
      vertex   3.654548e+01 -4.000000e+00 5.585890e+00
    endloop
  endfacet
  facet normal -9.914449e-01 0.000000e+00 1.305262e-01
    outer loop
      vertex   9.545481e+00 -2.000000e+00 6.858589e+01
      vertex   9.545481e+00 -4.000000e+00 6.858589e+01
      vertex   9.600000e+00 -2.000000e+00 6.900000e+01
    endloop
  endfacet
  facet normal -9.914449e-01 0.000000e+00 1.305262e-01
    outer loop
      vertex   9.600000e+00 -2.000000e+00 6.900000e+01
      vertex   9.545481e+00 -4.000000e+00 6.858589e+01
      vertex   9.600000e+00 -4.000000e+00 6.900000e+01
    endloop
  endfacet
  facet normal -9.914449e-01 -0.000000e+00 -1.305262e-01
    outer loop
      vertex   9.600000e+00 -2.000000e+00 6.900000e+01
      vertex   9.600000e+00 -4.000000e+00 6.900000e+01
      vertex   9.545481e+00 -2.000000e+00 6.941411e+01
    endloop
  endfacet
  facet normal -9.914449e-01 -0.000000e+00 -1.305262e-01
    outer loop
      vertex   9.545481e+00 -2.000000e+00 6.941411e+01
      vertex   9.600000e+00 -4.000000e+00 6.900000e+01
      vertex   9.545481e+00 -4.000000e+00 6.941411e+01
    endloop
  endfacet
  facet normal -9.238795e-01 -0.000000e+00 -3.826834e-01
    outer loop
      vertex   9.545481e+00 -2.000000e+00 6.941411e+01
      vertex   9.545481e+00 -4.000000e+00 6.941411e+01
      vertex   9.385641e+00 -2.000000e+00 6.980000e+01
    endloop
  endfacet
  facet normal -9.238795e-01 -0.000000e+00 -3.826834e-01
    outer loop
      vertex   9.385641e+00 -2.000000e+00 6.980000e+01
      vertex   9.545481e+00 -4.000000e+00 6.941411e+01
      vertex   9.385641e+00 -4.000000e+00 6.980000e+01
    endloop
  endfacet
  facet normal -7.933533e-01 -0.000000e+00 -6.087614e-01
    outer loop
      vertex   9.385641e+00 -2.000000e+00 6.980000e+01
      vertex   9.385641e+00 -4.000000e+00 6.980000e+01
      vertex   9.131371e+00 -2.000000e+00 7.013137e+01
    endloop
  endfacet
  facet normal -7.933533e-01 -0.000000e+00 -6.087614e-01
    outer loop
      vertex   9.131371e+00 -2.000000e+00 7.013137e+01
      vertex   9.385641e+00 -4.000000e+00 6.980000e+01
      vertex   9.131371e+00 -4.000000e+00 7.013137e+01
    endloop
  endfacet
  facet normal -6.087614e-01 -0.000000e+00 -7.933533e-01
    outer loop
      vertex   9.131371e+00 -2.000000e+00 7.013137e+01
      vertex   9.131371e+00 -4.000000e+00 7.013137e+01
      vertex   8.800000e+00 -2.000000e+00 7.038564e+01
    endloop
  endfacet
  facet normal -6.087614e-01 -0.000000e+00 -7.933533e-01
    outer loop
      vertex   8.800000e+00 -2.000000e+00 7.038564e+01
      vertex   9.131371e+00 -4.000000e+00 7.013137e+01
      vertex   8.800000e+00 -4.000000e+00 7.038564e+01
    endloop
  endfacet
  facet normal -3.826834e-01 -0.000000e+00 -9.238795e-01
    outer loop
      vertex   8.800000e+00 -2.000000e+00 7.038564e+01
      vertex   8.800000e+00 -4.000000e+00 7.038564e+01
      vertex   8.414110e+00 -2.000000e+00 7.054548e+01
    endloop
  endfacet
  facet normal -3.826834e-01 -0.000000e+00 -9.238795e-01
    outer loop
      vertex   8.414110e+00 -2.000000e+00 7.054548e+01
      vertex   8.800000e+00 -4.000000e+00 7.038564e+01
      vertex   8.414110e+00 -4.000000e+00 7.054548e+01
    endloop
  endfacet
  facet normal -1.305262e-01 -0.000000e+00 -9.914449e-01
    outer loop
      vertex   8.414110e+00 -2.000000e+00 7.054548e+01
      vertex   8.414110e+00 -4.000000e+00 7.054548e+01
      vertex   8.000000e+00 -2.000000e+00 7.060000e+01
    endloop
  endfacet
  facet normal -1.305262e-01 -0.000000e+00 -9.914449e-01
    outer loop
      vertex   8.000000e+00 -2.000000e+00 7.060000e+01
      vertex   8.414110e+00 -4.000000e+00 7.054548e+01
      vertex   8.000000e+00 -4.000000e+00 7.060000e+01
    endloop
  endfacet
  facet normal 1.305262e-01 0.000000e+00 -9.914449e-01
    outer loop
      vertex   8.000000e+00 -2.000000e+00 7.060000e+01
      vertex   8.000000e+00 -4.000000e+00 7.060000e+01
      vertex   7.585890e+00 -2.000000e+00 7.054548e+01
    endloop
  endfacet
  facet normal 1.305262e-01 0.000000e+00 -9.914449e-01
    outer loop
      vertex   7.585890e+00 -2.000000e+00 7.054548e+01
      vertex   8.000000e+00 -4.000000e+00 7.060000e+01
      vertex   7.585890e+00 -4.000000e+00 7.054548e+01
    endloop
  endfacet
  facet normal 3.826834e-01 0.000000e+00 -9.238795e-01
    outer loop
      vertex   7.585890e+00 -2.000000e+00 7.054548e+01
      vertex   7.585890e+00 -4.000000e+00 7.054548e+01
      vertex   7.200000e+00 -2.000000e+00 7.038564e+01
    endloop
  endfacet
  facet normal 3.826834e-01 0.000000e+00 -9.238795e-01
    outer loop
      vertex   7.200000e+00 -2.000000e+00 7.038564e+01
      vertex   7.585890e+00 -4.000000e+00 7.054548e+01
      vertex   7.200000e+00 -4.000000e+00 7.038564e+01
    endloop
  endfacet
  facet normal 6.087614e-01 0.000000e+00 -7.933533e-01
    outer loop
      vertex   7.200000e+00 -2.000000e+00 7.038564e+01
      vertex   7.200000e+00 -4.000000e+00 7.038564e+01
      vertex   6.868629e+00 -2.000000e+00 7.013137e+01
    endloop
  endfacet
  facet normal 6.087614e-01 0.000000e+00 -7.933533e-01
    outer loop
      vertex   6.868629e+00 -2.000000e+00 7.013137e+01
      vertex   7.200000e+00 -4.000000e+00 7.038564e+01
      vertex   6.868629e+00 -4.000000e+00 7.013137e+01
    endloop
  endfacet
  facet normal 7.933533e-01 0.000000e+00 -6.087614e-01
    outer loop
      vertex   6.868629e+00 -2.000000e+00 7.013137e+01
      vertex   6.868629e+00 -4.000000e+00 7.013137e+01
      vertex   6.614359e+00 -2.000000e+00 6.980000e+01
    endloop
  endfacet
  facet normal 7.933533e-01 0.000000e+00 -6.087614e-01
    outer loop
      vertex   6.614359e+00 -2.000000e+00 6.980000e+01
      vertex   6.868629e+00 -4.000000e+00 7.013137e+01
      vertex   6.614359e+00 -4.000000e+00 6.980000e+01
    endloop
  endfacet
  facet normal 9.238795e-01 0.000000e+00 -3.826834e-01
    outer loop
      vertex   6.614359e+00 -2.000000e+00 6.980000e+01
      vertex   6.614359e+00 -4.000000e+00 6.980000e+01
      vertex   6.454519e+00 -2.000000e+00 6.941411e+01
    endloop
  endfacet
  facet normal 9.238795e-01 0.000000e+00 -3.826834e-01
    outer loop
      vertex   6.454519e+00 -2.000000e+00 6.941411e+01
      vertex   6.614359e+00 -4.000000e+00 6.980000e+01
      vertex   6.454519e+00 -4.000000e+00 6.941411e+01
    endloop
  endfacet
  facet normal 9.914449e-01 0.000000e+00 -1.305262e-01
    outer loop
      vertex   6.454519e+00 -2.000000e+00 6.941411e+01
      vertex   6.454519e+00 -4.000000e+00 6.941411e+01
      vertex   6.400000e+00 -2.000000e+00 6.900000e+01
    endloop
  endfacet
  facet normal 9.914449e-01 0.000000e+00 -1.305262e-01
    outer loop
      vertex   6.400000e+00 -2.000000e+00 6.900000e+01
      vertex   6.454519e+00 -4.000000e+00 6.941411e+01
      vertex   6.400000e+00 -4.000000e+00 6.900000e+01
    endloop
  endfacet
  facet normal 9.914449e-01 0.000000e+00 1.305262e-01
    outer loop
      vertex   6.400000e+00 -2.000000e+00 6.900000e+01
      vertex   6.400000e+00 -4.000000e+00 6.900000e+01
      vertex   6.454519e+00 -2.000000e+00 6.858589e+01
    endloop
  endfacet
  facet normal 9.914449e-01 0.000000e+00 1.305262e-01
    outer loop
      vertex   6.454519e+00 -2.000000e+00 6.858589e+01
      vertex   6.400000e+00 -4.000000e+00 6.900000e+01
      vertex   6.454519e+00 -4.000000e+00 6.858589e+01
    endloop
  endfacet
  facet normal 9.238795e-01 0.000000e+00 3.826834e-01
    outer loop
      vertex   6.454519e+00 -2.000000e+00 6.858589e+01
      vertex   6.454519e+00 -4.000000e+00 6.858589e+01
      vertex   6.614359e+00 -2.000000e+00 6.820000e+01
    endloop
  endfacet
  facet normal 9.238795e-01 0.000000e+00 3.826834e-01
    outer loop
      vertex   6.614359e+00 -2.000000e+00 6.820000e+01
      vertex   6.454519e+00 -4.000000e+00 6.858589e+01
      vertex   6.614359e+00 -4.000000e+00 6.820000e+01
    endloop
  endfacet
  facet normal 7.933533e-01 0.000000e+00 6.087614e-01
    outer loop
      vertex   6.614359e+00 -2.000000e+00 6.820000e+01
      vertex   6.614359e+00 -4.000000e+00 6.820000e+01
      vertex   6.868629e+00 -2.000000e+00 6.786863e+01
    endloop
  endfacet
  facet normal 7.933533e-01 0.000000e+00 6.087614e-01
    outer loop
      vertex   6.868629e+00 -2.000000e+00 6.786863e+01
      vertex   6.614359e+00 -4.000000e+00 6.820000e+01
      vertex   6.868629e+00 -4.000000e+00 6.786863e+01
    endloop
  endfacet
  facet normal 6.087614e-01 0.000000e+00 7.933533e-01
    outer loop
      vertex   6.868629e+00 -2.000000e+00 6.786863e+01
      vertex   6.868629e+00 -4.000000e+00 6.786863e+01
      vertex   7.200000e+00 -2.000000e+00 6.761436e+01
    endloop
  endfacet
  facet normal 6.087614e-01 0.000000e+00 7.933533e-01
    outer loop
      vertex   7.200000e+00 -2.000000e+00 6.761436e+01
      vertex   6.868629e+00 -4.000000e+00 6.786863e+01
      vertex   7.200000e+00 -4.000000e+00 6.761436e+01
    endloop
  endfacet
  facet normal 3.826834e-01 0.000000e+00 9.238795e-01
    outer loop
      vertex   7.200000e+00 -2.000000e+00 6.761436e+01
      vertex   7.200000e+00 -4.000000e+00 6.761436e+01
      vertex   7.585890e+00 -2.000000e+00 6.745452e+01
    endloop
  endfacet
  facet normal 3.826834e-01 0.000000e+00 9.238795e-01
    outer loop
      vertex   7.585890e+00 -2.000000e+00 6.745452e+01
      vertex   7.200000e+00 -4.000000e+00 6.761436e+01
      vertex   7.585890e+00 -4.000000e+00 6.745452e+01
    endloop
  endfacet
  facet normal 1.305262e-01 0.000000e+00 9.914449e-01
    outer loop
      vertex   7.585890e+00 -2.000000e+00 6.745452e+01
      vertex   7.585890e+00 -4.000000e+00 6.745452e+01
      vertex   8.000000e+00 -2.000000e+00 6.740000e+01
    endloop
  endfacet
  facet normal 1.305262e-01 0.000000e+00 9.914449e-01
    outer loop
      vertex   8.000000e+00 -2.000000e+00 6.740000e+01
      vertex   7.585890e+00 -4.000000e+00 6.745452e+01
      vertex   8.000000e+00 -4.000000e+00 6.740000e+01
    endloop
  endfacet
  facet normal -1.305262e-01 0.000000e+00 9.914449e-01
    outer loop
      vertex   8.000000e+00 -2.000000e+00 6.740000e+01
      vertex   8.000000e+00 -4.000000e+00 6.740000e+01
      vertex   8.414110e+00 -2.000000e+00 6.745452e+01
    endloop
  endfacet
  facet normal -1.305262e-01 0.000000e+00 9.914449e-01
    outer loop
      vertex   8.414110e+00 -2.000000e+00 6.745452e+01
      vertex   8.000000e+00 -4.000000e+00 6.740000e+01
      vertex   8.414110e+00 -4.000000e+00 6.745452e+01
    endloop
  endfacet
  facet normal -3.826834e-01 0.000000e+00 9.238795e-01
    outer loop
      vertex   8.414110e+00 -2.000000e+00 6.745452e+01
      vertex   8.414110e+00 -4.000000e+00 6.745452e+01
      vertex   8.800000e+00 -2.000000e+00 6.761436e+01
    endloop
  endfacet
  facet normal -3.826834e-01 0.000000e+00 9.238795e-01
    outer loop
      vertex   8.800000e+00 -2.000000e+00 6.761436e+01
      vertex   8.414110e+00 -4.000000e+00 6.745452e+01
      vertex   8.800000e+00 -4.000000e+00 6.761436e+01
    endloop
  endfacet
  facet normal -6.087614e-01 0.000000e+00 7.933533e-01
    outer loop
      vertex   8.800000e+00 -2.000000e+00 6.761436e+01
      vertex   8.800000e+00 -4.000000e+00 6.761436e+01
      vertex   9.131371e+00 -2.000000e+00 6.786863e+01
    endloop
  endfacet
  facet normal -6.087614e-01 0.000000e+00 7.933533e-01
    outer loop
      vertex   9.131371e+00 -2.000000e+00 6.786863e+01
      vertex   8.800000e+00 -4.000000e+00 6.761436e+01
      vertex   9.131371e+00 -4.000000e+00 6.786863e+01
    endloop
  endfacet
  facet normal -7.933533e-01 0.000000e+00 6.087614e-01
    outer loop
      vertex   9.131371e+00 -2.000000e+00 6.786863e+01
      vertex   9.131371e+00 -4.000000e+00 6.786863e+01
      vertex   9.385641e+00 -2.000000e+00 6.820000e+01
    endloop
  endfacet
  facet normal -7.933533e-01 0.000000e+00 6.087614e-01
    outer loop
      vertex   9.385641e+00 -2.000000e+00 6.820000e+01
      vertex   9.131371e+00 -4.000000e+00 6.786863e+01
      vertex   9.385641e+00 -4.000000e+00 6.820000e+01
    endloop
  endfacet
  facet normal -9.238795e-01 0.000000e+00 3.826834e-01
    outer loop
      vertex   9.385641e+00 -2.000000e+00 6.820000e+01
      vertex   9.385641e+00 -4.000000e+00 6.820000e+01
      vertex   9.545481e+00 -2.000000e+00 6.858589e+01
    endloop
  endfacet
  facet normal -9.238795e-01 0.000000e+00 3.826834e-01
    outer loop
      vertex   9.545481e+00 -2.000000e+00 6.858589e+01
      vertex   9.385641e+00 -4.000000e+00 6.820000e+01
      vertex   9.545481e+00 -4.000000e+00 6.858589e+01
    endloop
  endfacet
  facet normal -9.914449e-01 0.000000e+00 1.305262e-01
    outer loop
      vertex   9.545481e+00 -2.000000e+00 5.585890e+00
      vertex   9.545481e+00 -4.000000e+00 5.585890e+00
      vertex   9.600000e+00 -2.000000e+00 6.000000e+00
    endloop
  endfacet
  facet normal -9.914449e-01 0.000000e+00 1.305262e-01
    outer loop
      vertex   9.600000e+00 -2.000000e+00 6.000000e+00
      vertex   9.545481e+00 -4.000000e+00 5.585890e+00
      vertex   9.600000e+00 -4.000000e+00 6.000000e+00
    endloop
  endfacet
  facet normal -9.914449e-01 -0.000000e+00 -1.305262e-01
    outer loop
      vertex   9.600000e+00 -2.000000e+00 6.000000e+00
      vertex   9.600000e+00 -4.000000e+00 6.000000e+00
      vertex   9.545481e+00 -2.000000e+00 6.414110e+00
    endloop
  endfacet
  facet normal -9.914449e-01 -0.000000e+00 -1.305262e-01
    outer loop
      vertex   9.545481e+00 -2.000000e+00 6.414110e+00
      vertex   9.600000e+00 -4.000000e+00 6.000000e+00
      vertex   9.545481e+00 -4.000000e+00 6.414110e+00
    endloop
  endfacet
  facet normal -9.238795e-01 -0.000000e+00 -3.826834e-01
    outer loop
      vertex   9.545481e+00 -2.000000e+00 6.414110e+00
      vertex   9.545481e+00 -4.000000e+00 6.414110e+00
      vertex   9.385641e+00 -2.000000e+00 6.800000e+00
    endloop
  endfacet
  facet normal -9.238795e-01 -0.000000e+00 -3.826834e-01
    outer loop
      vertex   9.385641e+00 -2.000000e+00 6.800000e+00
      vertex   9.545481e+00 -4.000000e+00 6.414110e+00
      vertex   9.385641e+00 -4.000000e+00 6.800000e+00
    endloop
  endfacet
  facet normal -7.933533e-01 -0.000000e+00 -6.087614e-01
    outer loop
      vertex   9.385641e+00 -2.000000e+00 6.800000e+00
      vertex   9.385641e+00 -4.000000e+00 6.800000e+00
      vertex   9.131371e+00 -2.000000e+00 7.131371e+00
    endloop
  endfacet
  facet normal -7.933533e-01 -0.000000e+00 -6.087614e-01
    outer loop
      vertex   9.131371e+00 -2.000000e+00 7.131371e+00
      vertex   9.385641e+00 -4.000000e+00 6.800000e+00
      vertex   9.131371e+00 -4.000000e+00 7.131371e+00
    endloop
  endfacet
  facet normal -6.087614e-01 -0.000000e+00 -7.933533e-01
    outer loop
      vertex   9.131371e+00 -2.000000e+00 7.131371e+00
      vertex   9.131371e+00 -4.000000e+00 7.131371e+00
      vertex   8.800000e+00 -2.000000e+00 7.385641e+00
    endloop
  endfacet
  facet normal -6.087614e-01 -0.000000e+00 -7.933533e-01
    outer loop
      vertex   8.800000e+00 -2.000000e+00 7.385641e+00
      vertex   9.131371e+00 -4.000000e+00 7.131371e+00
      vertex   8.800000e+00 -4.000000e+00 7.385641e+00
    endloop
  endfacet
  facet normal -3.826834e-01 -0.000000e+00 -9.238795e-01
    outer loop
      vertex   8.800000e+00 -2.000000e+00 7.385641e+00
      vertex   8.800000e+00 -4.000000e+00 7.385641e+00
      vertex   8.414110e+00 -2.000000e+00 7.545481e+00
    endloop
  endfacet
  facet normal -3.826834e-01 -0.000000e+00 -9.238795e-01
    outer loop
      vertex   8.414110e+00 -2.000000e+00 7.545481e+00
      vertex   8.800000e+00 -4.000000e+00 7.385641e+00
      vertex   8.414110e+00 -4.000000e+00 7.545481e+00
    endloop
  endfacet
  facet normal -1.305262e-01 -0.000000e+00 -9.914449e-01
    outer loop
      vertex   8.414110e+00 -2.000000e+00 7.545481e+00
      vertex   8.414110e+00 -4.000000e+00 7.545481e+00
      vertex   8.000000e+00 -2.000000e+00 7.600000e+00
    endloop
  endfacet
  facet normal -1.305262e-01 -0.000000e+00 -9.914449e-01
    outer loop
      vertex   8.000000e+00 -2.000000e+00 7.600000e+00
      vertex   8.414110e+00 -4.000000e+00 7.545481e+00
      vertex   8.000000e+00 -4.000000e+00 7.600000e+00
    endloop
  endfacet
  facet normal 1.305262e-01 0.000000e+00 -9.914449e-01
    outer loop
      vertex   8.000000e+00 -2.000000e+00 7.600000e+00
      vertex   8.000000e+00 -4.000000e+00 7.600000e+00
      vertex   7.585890e+00 -2.000000e+00 7.545481e+00
    endloop
  endfacet
  facet normal 1.305262e-01 0.000000e+00 -9.914449e-01
    outer loop
      vertex   7.585890e+00 -2.000000e+00 7.545481e+00
      vertex   8.000000e+00 -4.000000e+00 7.600000e+00
      vertex   7.585890e+00 -4.000000e+00 7.545481e+00
    endloop
  endfacet
  facet normal 3.826834e-01 0.000000e+00 -9.238795e-01
    outer loop
      vertex   7.585890e+00 -2.000000e+00 7.545481e+00
      vertex   7.585890e+00 -4.000000e+00 7.545481e+00
      vertex   7.200000e+00 -2.000000e+00 7.385641e+00
    endloop
  endfacet
  facet normal 3.826834e-01 0.000000e+00 -9.238795e-01
    outer loop
      vertex   7.200000e+00 -2.000000e+00 7.385641e+00
      vertex   7.585890e+00 -4.000000e+00 7.545481e+00
      vertex   7.200000e+00 -4.000000e+00 7.385641e+00
    endloop
  endfacet
  facet normal 6.087614e-01 0.000000e+00 -7.933533e-01
    outer loop
      vertex   7.200000e+00 -2.000000e+00 7.385641e+00
      vertex   7.200000e+00 -4.000000e+00 7.385641e+00
      vertex   6.868629e+00 -2.000000e+00 7.131371e+00
    endloop
  endfacet
  facet normal 6.087614e-01 0.000000e+00 -7.933533e-01
    outer loop
      vertex   6.868629e+00 -2.000000e+00 7.131371e+00
      vertex   7.200000e+00 -4.000000e+00 7.385641e+00
      vertex   6.868629e+00 -4.000000e+00 7.131371e+00
    endloop
  endfacet
  facet normal 7.933533e-01 0.000000e+00 -6.087614e-01
    outer loop
      vertex   6.868629e+00 -2.000000e+00 7.131371e+00
      vertex   6.868629e+00 -4.000000e+00 7.131371e+00
      vertex   6.614359e+00 -2.000000e+00 6.800000e+00
    endloop
  endfacet
  facet normal 7.933533e-01 0.000000e+00 -6.087614e-01
    outer loop
      vertex   6.614359e+00 -2.000000e+00 6.800000e+00
      vertex   6.868629e+00 -4.000000e+00 7.131371e+00
      vertex   6.614359e+00 -4.000000e+00 6.800000e+00
    endloop
  endfacet
  facet normal 9.238795e-01 0.000000e+00 -3.826834e-01
    outer loop
      vertex   6.614359e+00 -2.000000e+00 6.800000e+00
      vertex   6.614359e+00 -4.000000e+00 6.800000e+00
      vertex   6.454519e+00 -2.000000e+00 6.414110e+00
    endloop
  endfacet
  facet normal 9.238795e-01 0.000000e+00 -3.826834e-01
    outer loop
      vertex   6.454519e+00 -2.000000e+00 6.414110e+00
      vertex   6.614359e+00 -4.000000e+00 6.800000e+00
      vertex   6.454519e+00 -4.000000e+00 6.414110e+00
    endloop
  endfacet
  facet normal 9.914449e-01 0.000000e+00 -1.305262e-01
    outer loop
      vertex   6.454519e+00 -2.000000e+00 6.414110e+00
      vertex   6.454519e+00 -4.000000e+00 6.414110e+00
      vertex   6.400000e+00 -2.000000e+00 6.000000e+00
    endloop
  endfacet
  facet normal 9.914449e-01 0.000000e+00 -1.305262e-01
    outer loop
      vertex   6.400000e+00 -2.000000e+00 6.000000e+00
      vertex   6.454519e+00 -4.000000e+00 6.414110e+00
      vertex   6.400000e+00 -4.000000e+00 6.000000e+00
    endloop
  endfacet
  facet normal 9.914449e-01 0.000000e+00 1.305262e-01
    outer loop
      vertex   6.400000e+00 -2.000000e+00 6.000000e+00
      vertex   6.400000e+00 -4.000000e+00 6.000000e+00
      vertex   6.454519e+00 -2.000000e+00 5.585890e+00
    endloop
  endfacet
  facet normal 9.914449e-01 0.000000e+00 1.305262e-01
    outer loop
      vertex   6.454519e+00 -2.000000e+00 5.585890e+00
      vertex   6.400000e+00 -4.000000e+00 6.000000e+00
      vertex   6.454519e+00 -4.000000e+00 5.585890e+00
    endloop
  endfacet
  facet normal 9.238795e-01 0.000000e+00 3.826834e-01
    outer loop
      vertex   6.454519e+00 -2.000000e+00 5.585890e+00
      vertex   6.454519e+00 -4.000000e+00 5.585890e+00
      vertex   6.614359e+00 -2.000000e+00 5.200000e+00
    endloop
  endfacet
  facet normal 9.238795e-01 0.000000e+00 3.826834e-01
    outer loop
      vertex   6.614359e+00 -2.000000e+00 5.200000e+00
      vertex   6.454519e+00 -4.000000e+00 5.585890e+00
      vertex   6.614359e+00 -4.000000e+00 5.200000e+00
    endloop
  endfacet
  facet normal 7.933533e-01 0.000000e+00 6.087614e-01
    outer loop
      vertex   6.614359e+00 -2.000000e+00 5.200000e+00
      vertex   6.614359e+00 -4.000000e+00 5.200000e+00
      vertex   6.868629e+00 -2.000000e+00 4.868629e+00
    endloop
  endfacet
  facet normal 7.933533e-01 0.000000e+00 6.087614e-01
    outer loop
      vertex   6.868629e+00 -2.000000e+00 4.868629e+00
      vertex   6.614359e+00 -4.000000e+00 5.200000e+00
      vertex   6.868629e+00 -4.000000e+00 4.868629e+00
    endloop
  endfacet
  facet normal 6.087614e-01 0.000000e+00 7.933533e-01
    outer loop
      vertex   6.868629e+00 -2.000000e+00 4.868629e+00
      vertex   6.868629e+00 -4.000000e+00 4.868629e+00
      vertex   7.200000e+00 -2.000000e+00 4.614359e+00
    endloop
  endfacet
  facet normal 6.087614e-01 0.000000e+00 7.933533e-01
    outer loop
      vertex   7.200000e+00 -2.000000e+00 4.614359e+00
      vertex   6.868629e+00 -4.000000e+00 4.868629e+00
      vertex   7.200000e+00 -4.000000e+00 4.614359e+00
    endloop
  endfacet
  facet normal 3.826834e-01 0.000000e+00 9.238795e-01
    outer loop
      vertex   7.200000e+00 -2.000000e+00 4.614359e+00
      vertex   7.200000e+00 -4.000000e+00 4.614359e+00
      vertex   7.585890e+00 -2.000000e+00 4.454519e+00
    endloop
  endfacet
  facet normal 3.826834e-01 0.000000e+00 9.238795e-01
    outer loop
      vertex   7.585890e+00 -2.000000e+00 4.454519e+00
      vertex   7.200000e+00 -4.000000e+00 4.614359e+00
      vertex   7.585890e+00 -4.000000e+00 4.454519e+00
    endloop
  endfacet
  facet normal 1.305262e-01 0.000000e+00 9.914449e-01
    outer loop
      vertex   7.585890e+00 -2.000000e+00 4.454519e+00
      vertex   7.585890e+00 -4.000000e+00 4.454519e+00
      vertex   8.000000e+00 -2.000000e+00 4.400000e+00
    endloop
  endfacet
  facet normal 1.305262e-01 0.000000e+00 9.914449e-01
    outer loop
      vertex   8.000000e+00 -2.000000e+00 4.400000e+00
      vertex   7.585890e+00 -4.000000e+00 4.454519e+00
      vertex   8.000000e+00 -4.000000e+00 4.400000e+00
    endloop
  endfacet
  facet normal -1.305262e-01 0.000000e+00 9.914449e-01
    outer loop
      vertex   8.000000e+00 -2.000000e+00 4.400000e+00
      vertex   8.000000e+00 -4.000000e+00 4.400000e+00
      vertex   8.414110e+00 -2.000000e+00 4.454519e+00
    endloop
  endfacet
  facet normal -1.305262e-01 0.000000e+00 9.914449e-01
    outer loop
      vertex   8.414110e+00 -2.000000e+00 4.454519e+00
      vertex   8.000000e+00 -4.000000e+00 4.400000e+00
      vertex   8.414110e+00 -4.000000e+00 4.454519e+00
    endloop
  endfacet
  facet normal -3.826834e-01 0.000000e+00 9.238795e-01
    outer loop
      vertex   8.414110e+00 -2.000000e+00 4.454519e+00
      vertex   8.414110e+00 -4.000000e+00 4.454519e+00
      vertex   8.800000e+00 -2.000000e+00 4.614359e+00
    endloop
  endfacet
  facet normal -3.826834e-01 0.000000e+00 9.238795e-01
    outer loop
      vertex   8.800000e+00 -2.000000e+00 4.614359e+00
      vertex   8.414110e+00 -4.000000e+00 4.454519e+00
      vertex   8.800000e+00 -4.000000e+00 4.614359e+00
    endloop
  endfacet
  facet normal -6.087614e-01 0.000000e+00 7.933533e-01
    outer loop
      vertex   8.800000e+00 -2.000000e+00 4.614359e+00
      vertex   8.800000e+00 -4.000000e+00 4.614359e+00
      vertex   9.131371e+00 -2.000000e+00 4.868629e+00
    endloop
  endfacet
  facet normal -6.087614e-01 0.000000e+00 7.933533e-01
    outer loop
      vertex   9.131371e+00 -2.000000e+00 4.868629e+00
      vertex   8.800000e+00 -4.000000e+00 4.614359e+00
      vertex   9.131371e+00 -4.000000e+00 4.868629e+00
    endloop
  endfacet
  facet normal -7.933533e-01 0.000000e+00 6.087614e-01
    outer loop
      vertex   9.131371e+00 -2.000000e+00 4.868629e+00
      vertex   9.131371e+00 -4.000000e+00 4.868629e+00
      vertex   9.385641e+00 -2.000000e+00 5.200000e+00
    endloop
  endfacet
  facet normal -7.933533e-01 0.000000e+00 6.087614e-01
    outer loop
      vertex   9.385641e+00 -2.000000e+00 5.200000e+00
      vertex   9.131371e+00 -4.000000e+00 4.868629e+00
      vertex   9.385641e+00 -4.000000e+00 5.200000e+00
    endloop
  endfacet
  facet normal -9.238795e-01 0.000000e+00 3.826834e-01
    outer loop
      vertex   9.385641e+00 -2.000000e+00 5.200000e+00
      vertex   9.385641e+00 -4.000000e+00 5.200000e+00
      vertex   9.545481e+00 -2.000000e+00 5.585890e+00
    endloop
  endfacet
  facet normal -9.238795e-01 0.000000e+00 3.826834e-01
    outer loop
      vertex   9.545481e+00 -2.000000e+00 5.585890e+00
      vertex   9.385641e+00 -4.000000e+00 5.200000e+00
      vertex   9.545481e+00 -4.000000e+00 5.585890e+00
    endloop
  endfacet
  facet normal -9.914449e-01 0.000000e+00 1.305262e-01
    outer loop
      vertex   3.654548e+01 -2.000000e+00 6.858589e+01
      vertex   3.654548e+01 -4.000000e+00 6.858589e+01
      vertex   3.660000e+01 -2.000000e+00 6.900000e+01
    endloop
  endfacet
  facet normal -9.914449e-01 0.000000e+00 1.305262e-01
    outer loop
      vertex   3.660000e+01 -2.000000e+00 6.900000e+01
      vertex   3.654548e+01 -4.000000e+00 6.858589e+01
      vertex   3.660000e+01 -4.000000e+00 6.900000e+01
    endloop
  endfacet
  facet normal -9.914449e-01 -0.000000e+00 -1.305262e-01
    outer loop
      vertex   3.660000e+01 -2.000000e+00 6.900000e+01
      vertex   3.660000e+01 -4.000000e+00 6.900000e+01
      vertex   3.654548e+01 -2.000000e+00 6.941411e+01
    endloop
  endfacet
  facet normal -9.914449e-01 -0.000000e+00 -1.305262e-01
    outer loop
      vertex   3.654548e+01 -2.000000e+00 6.941411e+01
      vertex   3.660000e+01 -4.000000e+00 6.900000e+01
      vertex   3.654548e+01 -4.000000e+00 6.941411e+01
    endloop
  endfacet
  facet normal -9.238795e-01 -0.000000e+00 -3.826834e-01
    outer loop
      vertex   3.654548e+01 -2.000000e+00 6.941411e+01
      vertex   3.654548e+01 -4.000000e+00 6.941411e+01
      vertex   3.638564e+01 -2.000000e+00 6.980000e+01
    endloop
  endfacet
  facet normal -9.238795e-01 -0.000000e+00 -3.826834e-01
    outer loop
      vertex   3.638564e+01 -2.000000e+00 6.980000e+01
      vertex   3.654548e+01 -4.000000e+00 6.941411e+01
      vertex   3.638564e+01 -4.000000e+00 6.980000e+01
    endloop
  endfacet
  facet normal -7.933533e-01 -0.000000e+00 -6.087614e-01
    outer loop
      vertex   3.638564e+01 -2.000000e+00 6.980000e+01
      vertex   3.638564e+01 -4.000000e+00 6.980000e+01
      vertex   3.613137e+01 -2.000000e+00 7.013137e+01
    endloop
  endfacet
  facet normal -7.933533e-01 -0.000000e+00 -6.087614e-01
    outer loop
      vertex   3.613137e+01 -2.000000e+00 7.013137e+01
      vertex   3.638564e+01 -4.000000e+00 6.980000e+01
      vertex   3.613137e+01 -4.000000e+00 7.013137e+01
    endloop
  endfacet
  facet normal -6.087614e-01 -0.000000e+00 -7.933533e-01
    outer loop
      vertex   3.613137e+01 -2.000000e+00 7.013137e+01
      vertex   3.613137e+01 -4.000000e+00 7.013137e+01
      vertex   3.580000e+01 -2.000000e+00 7.038564e+01
    endloop
  endfacet
  facet normal -6.087614e-01 -0.000000e+00 -7.933533e-01
    outer loop
      vertex   3.580000e+01 -2.000000e+00 7.038564e+01
      vertex   3.613137e+01 -4.000000e+00 7.013137e+01
      vertex   3.580000e+01 -4.000000e+00 7.038564e+01
    endloop
  endfacet
  facet normal -3.826834e-01 -0.000000e+00 -9.238795e-01
    outer loop
      vertex   3.580000e+01 -2.000000e+00 7.038564e+01
      vertex   3.580000e+01 -4.000000e+00 7.038564e+01
      vertex   3.541411e+01 -2.000000e+00 7.054548e+01
    endloop
  endfacet
  facet normal -3.826834e-01 -0.000000e+00 -9.238795e-01
    outer loop
      vertex   3.541411e+01 -2.000000e+00 7.054548e+01
      vertex   3.580000e+01 -4.000000e+00 7.038564e+01
      vertex   3.541411e+01 -4.000000e+00 7.054548e+01
    endloop
  endfacet
  facet normal -1.305262e-01 -0.000000e+00 -9.914449e-01
    outer loop
      vertex   3.541411e+01 -2.000000e+00 7.054548e+01
      vertex   3.541411e+01 -4.000000e+00 7.054548e+01
      vertex   3.500000e+01 -2.000000e+00 7.060000e+01
    endloop
  endfacet
  facet normal -1.305262e-01 -0.000000e+00 -9.914449e-01
    outer loop
      vertex   3.500000e+01 -2.000000e+00 7.060000e+01
      vertex   3.541411e+01 -4.000000e+00 7.054548e+01
      vertex   3.500000e+01 -4.000000e+00 7.060000e+01
    endloop
  endfacet
  facet normal 1.305262e-01 0.000000e+00 -9.914449e-01
    outer loop
      vertex   3.500000e+01 -2.000000e+00 7.060000e+01
      vertex   3.500000e+01 -4.000000e+00 7.060000e+01
      vertex   3.458589e+01 -2.000000e+00 7.054548e+01
    endloop
  endfacet
  facet normal 1.305262e-01 0.000000e+00 -9.914449e-01
    outer loop
      vertex   3.458589e+01 -2.000000e+00 7.054548e+01
      vertex   3.500000e+01 -4.000000e+00 7.060000e+01
      vertex   3.458589e+01 -4.000000e+00 7.054548e+01
    endloop
  endfacet
  facet normal 3.826834e-01 0.000000e+00 -9.238795e-01
    outer loop
      vertex   3.458589e+01 -2.000000e+00 7.054548e+01
      vertex   3.458589e+01 -4.000000e+00 7.054548e+01
      vertex   3.420000e+01 -2.000000e+00 7.038564e+01
    endloop
  endfacet
  facet normal 3.826834e-01 0.000000e+00 -9.238795e-01
    outer loop
      vertex   3.420000e+01 -2.000000e+00 7.038564e+01
      vertex   3.458589e+01 -4.000000e+00 7.054548e+01
      vertex   3.420000e+01 -4.000000e+00 7.038564e+01
    endloop
  endfacet
  facet normal 6.087614e-01 0.000000e+00 -7.933533e-01
    outer loop
      vertex   3.420000e+01 -2.000000e+00 7.038564e+01
      vertex   3.420000e+01 -4.000000e+00 7.038564e+01
      vertex   3.386863e+01 -2.000000e+00 7.013137e+01
    endloop
  endfacet
  facet normal 6.087614e-01 0.000000e+00 -7.933533e-01
    outer loop
      vertex   3.386863e+01 -2.000000e+00 7.013137e+01
      vertex   3.420000e+01 -4.000000e+00 7.038564e+01
      vertex   3.386863e+01 -4.000000e+00 7.013137e+01
    endloop
  endfacet
  facet normal 7.933533e-01 0.000000e+00 -6.087614e-01
    outer loop
      vertex   3.386863e+01 -2.000000e+00 7.013137e+01
      vertex   3.386863e+01 -4.000000e+00 7.013137e+01
      vertex   3.361436e+01 -2.000000e+00 6.980000e+01
    endloop
  endfacet
  facet normal 7.933533e-01 0.000000e+00 -6.087614e-01
    outer loop
      vertex   3.361436e+01 -2.000000e+00 6.980000e+01
      vertex   3.386863e+01 -4.000000e+00 7.013137e+01
      vertex   3.361436e+01 -4.000000e+00 6.980000e+01
    endloop
  endfacet
  facet normal 9.238795e-01 0.000000e+00 -3.826834e-01
    outer loop
      vertex   3.361436e+01 -2.000000e+00 6.980000e+01
      vertex   3.361436e+01 -4.000000e+00 6.980000e+01
      vertex   3.345452e+01 -2.000000e+00 6.941411e+01
    endloop
  endfacet
  facet normal 9.238795e-01 0.000000e+00 -3.826834e-01
    outer loop
      vertex   3.345452e+01 -2.000000e+00 6.941411e+01
      vertex   3.361436e+01 -4.000000e+00 6.980000e+01
      vertex   3.345452e+01 -4.000000e+00 6.941411e+01
    endloop
  endfacet
  facet normal 9.914449e-01 0.000000e+00 -1.305262e-01
    outer loop
      vertex   3.345452e+01 -2.000000e+00 6.941411e+01
      vertex   3.345452e+01 -4.000000e+00 6.941411e+01
      vertex   3.340000e+01 -2.000000e+00 6.900000e+01
    endloop
  endfacet
  facet normal 9.914449e-01 0.000000e+00 -1.305262e-01
    outer loop
      vertex   3.340000e+01 -2.000000e+00 6.900000e+01
      vertex   3.345452e+01 -4.000000e+00 6.941411e+01
      vertex   3.340000e+01 -4.000000e+00 6.900000e+01
    endloop
  endfacet
  facet normal 9.914449e-01 0.000000e+00 1.305262e-01
    outer loop
      vertex   3.340000e+01 -2.000000e+00 6.900000e+01
      vertex   3.340000e+01 -4.000000e+00 6.900000e+01
      vertex   3.345452e+01 -2.000000e+00 6.858589e+01
    endloop
  endfacet
  facet normal 9.914449e-01 0.000000e+00 1.305262e-01
    outer loop
      vertex   3.345452e+01 -2.000000e+00 6.858589e+01
      vertex   3.340000e+01 -4.000000e+00 6.900000e+01
      vertex   3.345452e+01 -4.000000e+00 6.858589e+01
    endloop
  endfacet
  facet normal 9.238795e-01 0.000000e+00 3.826834e-01
    outer loop
      vertex   3.345452e+01 -2.000000e+00 6.858589e+01
      vertex   3.345452e+01 -4.000000e+00 6.858589e+01
      vertex   3.361436e+01 -2.000000e+00 6.820000e+01
    endloop
  endfacet
  facet normal 9.238795e-01 0.000000e+00 3.826834e-01
    outer loop
      vertex   3.361436e+01 -2.000000e+00 6.820000e+01
      vertex   3.345452e+01 -4.000000e+00 6.858589e+01
      vertex   3.361436e+01 -4.000000e+00 6.820000e+01
    endloop
  endfacet
  facet normal 7.933533e-01 0.000000e+00 6.087614e-01
    outer loop
      vertex   3.361436e+01 -2.000000e+00 6.820000e+01
      vertex   3.361436e+01 -4.000000e+00 6.820000e+01
      vertex   3.386863e+01 -2.000000e+00 6.786863e+01
    endloop
  endfacet
  facet normal 7.933533e-01 0.000000e+00 6.087614e-01
    outer loop
      vertex   3.386863e+01 -2.000000e+00 6.786863e+01
      vertex   3.361436e+01 -4.000000e+00 6.820000e+01
      vertex   3.386863e+01 -4.000000e+00 6.786863e+01
    endloop
  endfacet
  facet normal 6.087614e-01 0.000000e+00 7.933533e-01
    outer loop
      vertex   3.386863e+01 -2.000000e+00 6.786863e+01
      vertex   3.386863e+01 -4.000000e+00 6.786863e+01
      vertex   3.420000e+01 -2.000000e+00 6.761436e+01
    endloop
  endfacet
  facet normal 6.087614e-01 0.000000e+00 7.933533e-01
    outer loop
      vertex   3.420000e+01 -2.000000e+00 6.761436e+01
      vertex   3.386863e+01 -4.000000e+00 6.786863e+01
      vertex   3.420000e+01 -4.000000e+00 6.761436e+01
    endloop
  endfacet
  facet normal 3.826834e-01 0.000000e+00 9.238795e-01
    outer loop
      vertex   3.420000e+01 -2.000000e+00 6.761436e+01
      vertex   3.420000e+01 -4.000000e+00 6.761436e+01
      vertex   3.458589e+01 -2.000000e+00 6.745452e+01
    endloop
  endfacet
  facet normal 3.826834e-01 0.000000e+00 9.238795e-01
    outer loop
      vertex   3.458589e+01 -2.000000e+00 6.745452e+01
      vertex   3.420000e+01 -4.000000e+00 6.761436e+01
      vertex   3.458589e+01 -4.000000e+00 6.745452e+01
    endloop
  endfacet
  facet normal 1.305262e-01 0.000000e+00 9.914449e-01
    outer loop
      vertex   3.458589e+01 -2.000000e+00 6.745452e+01
      vertex   3.458589e+01 -4.000000e+00 6.745452e+01
      vertex   3.500000e+01 -2.000000e+00 6.740000e+01
    endloop
  endfacet
  facet normal 1.305262e-01 0.000000e+00 9.914449e-01
    outer loop
      vertex   3.500000e+01 -2.000000e+00 6.740000e+01
      vertex   3.458589e+01 -4.000000e+00 6.745452e+01
      vertex   3.500000e+01 -4.000000e+00 6.740000e+01
    endloop
  endfacet
  facet normal -1.305262e-01 0.000000e+00 9.914449e-01
    outer loop
      vertex   3.500000e+01 -2.000000e+00 6.740000e+01
      vertex   3.500000e+01 -4.000000e+00 6.740000e+01
      vertex   3.541411e+01 -2.000000e+00 6.745452e+01
    endloop
  endfacet
  facet normal -1.305262e-01 0.000000e+00 9.914449e-01
    outer loop
      vertex   3.541411e+01 -2.000000e+00 6.745452e+01
      vertex   3.500000e+01 -4.000000e+00 6.740000e+01
      vertex   3.541411e+01 -4.000000e+00 6.745452e+01
    endloop
  endfacet
  facet normal -3.826834e-01 0.000000e+00 9.238795e-01
    outer loop
      vertex   3.541411e+01 -2.000000e+00 6.745452e+01
      vertex   3.541411e+01 -4.000000e+00 6.745452e+01
      vertex   3.580000e+01 -2.000000e+00 6.761436e+01
    endloop
  endfacet
  facet normal -3.826834e-01 0.000000e+00 9.238795e-01
    outer loop
      vertex   3.580000e+01 -2.000000e+00 6.761436e+01
      vertex   3.541411e+01 -4.000000e+00 6.745452e+01
      vertex   3.580000e+01 -4.000000e+00 6.761436e+01
    endloop
  endfacet
  facet normal -6.087614e-01 0.000000e+00 7.933533e-01
    outer loop
      vertex   3.580000e+01 -2.000000e+00 6.761436e+01
      vertex   3.580000e+01 -4.000000e+00 6.761436e+01
      vertex   3.613137e+01 -2.000000e+00 6.786863e+01
    endloop
  endfacet
  facet normal -6.087614e-01 0.000000e+00 7.933533e-01
    outer loop
      vertex   3.613137e+01 -2.000000e+00 6.786863e+01
      vertex   3.580000e+01 -4.000000e+00 6.761436e+01
      vertex   3.613137e+01 -4.000000e+00 6.786863e+01
    endloop
  endfacet
  facet normal -7.933533e-01 0.000000e+00 6.087614e-01
    outer loop
      vertex   3.613137e+01 -2.000000e+00 6.786863e+01
      vertex   3.613137e+01 -4.000000e+00 6.786863e+01
      vertex   3.638564e+01 -2.000000e+00 6.820000e+01
    endloop
  endfacet
  facet normal -7.933533e-01 0.000000e+00 6.087614e-01
    outer loop
      vertex   3.638564e+01 -2.000000e+00 6.820000e+01
      vertex   3.613137e+01 -4.000000e+00 6.786863e+01
      vertex   3.638564e+01 -4.000000e+00 6.820000e+01
    endloop
  endfacet
  facet normal -9.238795e-01 0.000000e+00 3.826834e-01
    outer loop
      vertex   3.638564e+01 -2.000000e+00 6.820000e+01
      vertex   3.638564e+01 -4.000000e+00 6.820000e+01
      vertex   3.654548e+01 -2.000000e+00 6.858589e+01
    endloop
  endfacet
  facet normal -9.238795e-01 0.000000e+00 3.826834e-01
    outer loop
      vertex   3.654548e+01 -2.000000e+00 6.858589e+01
      vertex   3.638564e+01 -4.000000e+00 6.820000e+01
      vertex   3.654548e+01 -4.000000e+00 6.858589e+01
    endloop
  endfacet
  facet normal -0.000000e+00 5.921189e-16 1.000000e+00
    outer loop
      vertex   3.317592e+01 2.800000e+01 3.000000e+01
      vertex   4.300000e+01 2.800000e+01 3.000000e+01
      vertex   3.317592e+01 3.400000e+01 3.000000e+01
    endloop
  endfacet
  facet normal -0.000000e+00 5.921189e-16 1.000000e+00
    outer loop
      vertex   3.317592e+01 3.400000e+01 3.000000e+01
      vertex   4.300000e+01 2.800000e+01 3.000000e+01
      vertex   4.300000e+01 3.400000e+01 3.000000e+01
    endloop
  endfacet
  facet normal -1.000000e+00 0.000000e+00 -0.000000e+00
    outer loop
      vertex   3.317592e+01 2.800000e+01 3.000000e+01
      vertex   3.317592e+01 3.400000e+01 3.000000e+01
      vertex   3.317592e+01 2.800000e+01 1.400000e+01
    endloop
  endfacet
  facet normal -1.000000e+00 0.000000e+00 0.000000e+00
    outer loop
      vertex   3.317592e+01 2.800000e+01 1.400000e+01
      vertex   3.317592e+01 3.400000e+01 3.000000e+01
      vertex   3.317592e+01 3.400000e+01 1.200000e+01
    endloop
  endfacet
  facet normal -1.000000e+00 0.000000e+00 -0.000000e+00
    outer loop
      vertex   3.317592e+01 2.800000e+01 1.400000e+01
      vertex   3.317592e+01 3.400000e+01 1.200000e+01
      vertex   3.317592e+01 2.600000e+01 1.200000e+01
    endloop
  endfacet
  facet normal -1.227742e-15 1.000000e+00 -1.616353e-16
    outer loop
      vertex   3.814207e+01 3.400000e+01 2.293999e+01
      vertex   4.300000e+01 3.400000e+01 3.000000e+01
      vertex   3.820000e+01 3.400000e+01 2.250000e+01
    endloop
  endfacet
  facet normal -8.635068e-16 1.000000e+00 -3.947460e-16
    outer loop
      vertex   3.820000e+01 3.400000e+01 2.250000e+01
      vertex   4.300000e+01 3.400000e+01 3.000000e+01
      vertex   4.300000e+01 3.400000e+01 1.200000e+01
    endloop
  endfacet
  facet normal 0.000000e+00 1.000000e+00 0.000000e+00
    outer loop
      vertex   3.820000e+01 3.400000e+01 2.250000e+01
      vertex   4.300000e+01 3.400000e+01 1.200000e+01
      vertex   3.814207e+01 3.400000e+01 2.206001e+01
    endloop
  endfacet
  facet normal 0.000000e+00 1.000000e+00 0.000000e+00
    outer loop
      vertex   3.814207e+01 3.400000e+01 2.206001e+01
      vertex   4.300000e+01 3.400000e+01 1.200000e+01
      vertex   3.797224e+01 3.400000e+01 2.165000e+01
    endloop
  endfacet
  facet normal 0.000000e+00 1.000000e+00 0.000000e+00
    outer loop
      vertex   3.797224e+01 3.400000e+01 2.165000e+01
      vertex   4.300000e+01 3.400000e+01 1.200000e+01
      vertex   3.770208e+01 3.400000e+01 2.129792e+01
    endloop
  endfacet
  facet normal 0.000000e+00 1.000000e+00 0.000000e+00
    outer loop
      vertex   3.770208e+01 3.400000e+01 2.129792e+01
      vertex   4.300000e+01 3.400000e+01 1.200000e+01
      vertex   3.735000e+01 3.400000e+01 2.102776e+01
    endloop
  endfacet
  facet normal 0.000000e+00 1.000000e+00 0.000000e+00
    outer loop
      vertex   3.735000e+01 3.400000e+01 2.102776e+01
      vertex   4.300000e+01 3.400000e+01 1.200000e+01
      vertex   3.693999e+01 3.400000e+01 2.085793e+01
    endloop
  endfacet
  facet normal 0.000000e+00 1.000000e+00 0.000000e+00
    outer loop
      vertex   3.693999e+01 3.400000e+01 2.085793e+01
      vertex   4.300000e+01 3.400000e+01 1.200000e+01
      vertex   3.317592e+01 3.400000e+01 1.200000e+01
    endloop
  endfacet
  facet normal 0.000000e+00 1.000000e+00 0.000000e+00
    outer loop
      vertex   3.693999e+01 3.400000e+01 2.085793e+01
      vertex   3.317592e+01 3.400000e+01 1.200000e+01
      vertex   3.650000e+01 3.400000e+01 2.080000e+01
    endloop
  endfacet
  facet normal 0.000000e+00 1.000000e+00 0.000000e+00
    outer loop
      vertex   3.650000e+01 3.400000e+01 2.080000e+01
      vertex   3.317592e+01 3.400000e+01 1.200000e+01
      vertex   3.606001e+01 3.400000e+01 2.085793e+01
    endloop
  endfacet
  facet normal 0.000000e+00 1.000000e+00 0.000000e+00
    outer loop
      vertex   3.606001e+01 3.400000e+01 2.085793e+01
      vertex   3.317592e+01 3.400000e+01 1.200000e+01
      vertex   3.565000e+01 3.400000e+01 2.102776e+01
    endloop
  endfacet
  facet normal 0.000000e+00 1.000000e+00 0.000000e+00
    outer loop
      vertex   3.565000e+01 3.400000e+01 2.102776e+01
      vertex   3.317592e+01 3.400000e+01 1.200000e+01
      vertex   3.529792e+01 3.400000e+01 2.129792e+01
    endloop
  endfacet
  facet normal 0.000000e+00 1.000000e+00 0.000000e+00
    outer loop
      vertex   3.529792e+01 3.400000e+01 2.129792e+01
      vertex   3.317592e+01 3.400000e+01 1.200000e+01
      vertex   3.502776e+01 3.400000e+01 2.165000e+01
    endloop
  endfacet
  facet normal 0.000000e+00 1.000000e+00 0.000000e+00
    outer loop
      vertex   3.502776e+01 3.400000e+01 2.165000e+01
      vertex   3.317592e+01 3.400000e+01 1.200000e+01
      vertex   3.485793e+01 3.400000e+01 2.206001e+01
    endloop
  endfacet
  facet normal 0.000000e+00 1.000000e+00 0.000000e+00
    outer loop
      vertex   3.485793e+01 3.400000e+01 2.206001e+01
      vertex   3.317592e+01 3.400000e+01 1.200000e+01
      vertex   3.480000e+01 3.400000e+01 2.250000e+01
    endloop
  endfacet
  facet normal 2.552112e-15 1.000000e+00 -3.947460e-16
    outer loop
      vertex   3.480000e+01 3.400000e+01 2.250000e+01
      vertex   3.317592e+01 3.400000e+01 1.200000e+01
      vertex   3.317592e+01 3.400000e+01 3.000000e+01
    endloop
  endfacet
  facet normal 2.720850e-15 1.000000e+00 -3.582067e-16
    outer loop
      vertex   3.480000e+01 3.400000e+01 2.250000e+01
      vertex   3.317592e+01 3.400000e+01 3.000000e+01
      vertex   3.485793e+01 3.400000e+01 2.293999e+01
    endloop
  endfacet
  facet normal 1.542527e-15 1.000000e+00 -6.389354e-16
    outer loop
      vertex   3.485793e+01 3.400000e+01 2.293999e+01
      vertex   3.317592e+01 3.400000e+01 3.000000e+01
      vertex   3.502776e+01 3.400000e+01 2.335000e+01
    endloop
  endfacet
  facet normal 1.021693e-15 1.000000e+00 -7.839727e-16
    outer loop
      vertex   3.502776e+01 3.400000e+01 2.335000e+01
      vertex   3.317592e+01 3.400000e+01 3.000000e+01
      vertex   3.529792e+01 3.400000e+01 2.370208e+01
    endloop
  endfacet
  facet normal 6.878701e-16 1.000000e+00 -8.964498e-16
    outer loop
      vertex   3.529792e+01 3.400000e+01 2.370208e+01
      vertex   3.317592e+01 3.400000e+01 3.000000e+01
      vertex   3.565000e+01 3.400000e+01 2.397224e+01
    endloop
  endfacet
  facet normal 4.173189e-16 1.000000e+00 -1.007497e-15
    outer loop
      vertex   3.565000e+01 3.400000e+01 2.397224e+01
      vertex   3.317592e+01 3.400000e+01 3.000000e+01
      vertex   3.606001e+01 3.400000e+01 2.414207e+01
    endloop
  endfacet
  facet normal 1.499685e-16 1.000000e+00 -1.139124e-15
    outer loop
      vertex   3.606001e+01 3.400000e+01 2.414207e+01
      vertex   3.317592e+01 3.400000e+01 3.000000e+01
      vertex   3.650000e+01 3.400000e+01 2.420000e+01
    endloop
  endfacet
  facet normal -1.744464e-16 1.000000e+00 -1.325052e-15
    outer loop
      vertex   3.650000e+01 3.400000e+01 2.420000e+01
      vertex   3.317592e+01 3.400000e+01 3.000000e+01
      vertex   3.693999e+01 3.400000e+01 2.414207e+01
    endloop
  endfacet
  facet normal 0.000000e+00 1.000000e+00 -1.212959e-15
    outer loop
      vertex   3.693999e+01 3.400000e+01 2.414207e+01
      vertex   3.317592e+01 3.400000e+01 3.000000e+01
      vertex   4.300000e+01 3.400000e+01 3.000000e+01
    endloop
  endfacet
  facet normal -3.517139e-16 1.000000e+00 -8.491125e-16
    outer loop
      vertex   3.693999e+01 3.400000e+01 2.414207e+01
      vertex   4.300000e+01 3.400000e+01 3.000000e+01
      vertex   3.735000e+01 3.400000e+01 2.397224e+01
    endloop
  endfacet
  facet normal -5.261126e-16 1.000000e+00 -6.856433e-16
    outer loop
      vertex   3.735000e+01 3.400000e+01 2.397224e+01
      vertex   4.300000e+01 3.400000e+01 3.000000e+01
      vertex   3.770208e+01 3.400000e+01 2.370208e+01
    endloop
  endfacet
  facet normal -7.013909e-16 1.000000e+00 -5.381961e-16
    outer loop
      vertex   3.770208e+01 3.400000e+01 2.370208e+01
      vertex   4.300000e+01 3.400000e+01 3.000000e+01
      vertex   3.797224e+01 3.400000e+01 2.335000e+01
    endloop
  endfacet
  facet normal -9.130268e-16 1.000000e+00 -3.781881e-16
    outer loop
      vertex   3.797224e+01 3.400000e+01 2.335000e+01
      vertex   4.300000e+01 3.400000e+01 3.000000e+01
      vertex   3.814207e+01 3.400000e+01 2.293999e+01
    endloop
  endfacet
  facet normal -9.914449e-01 1.854889e-16 1.305262e-01
    outer loop
      vertex   3.814207e+01 3.400000e+01 2.206001e+01
      vertex   3.814207e+01 2.400000e+01 2.206001e+01
      vertex   3.820000e+01 3.400000e+01 2.250000e+01
    endloop
  endfacet
  facet normal -9.914449e-01 1.391167e-16 1.305262e-01
    outer loop
      vertex   3.820000e+01 3.400000e+01 2.250000e+01
      vertex   3.814207e+01 2.400000e+01 2.206001e+01
      vertex   3.820000e+01 2.400000e+01 2.250000e+01
    endloop
  endfacet
  facet normal -9.914449e-01 -1.391167e-16 -1.305262e-01
    outer loop
      vertex   3.820000e+01 3.400000e+01 2.250000e+01
      vertex   3.820000e+01 2.400000e+01 2.250000e+01
      vertex   3.814207e+01 3.400000e+01 2.293999e+01
    endloop
  endfacet
  facet normal -9.914449e-01 -1.391167e-16 -1.305262e-01
    outer loop
      vertex   3.814207e+01 3.400000e+01 2.293999e+01
      vertex   3.820000e+01 2.400000e+01 2.250000e+01
      vertex   3.814207e+01 2.400000e+01 2.293999e+01
    endloop
  endfacet
  facet normal -9.238795e-01 -4.078694e-16 -3.826834e-01
    outer loop
      vertex   3.814207e+01 3.400000e+01 2.293999e+01
      vertex   3.814207e+01 2.400000e+01 2.293999e+01
      vertex   3.797224e+01 3.400000e+01 2.335000e+01
    endloop
  endfacet
  facet normal -9.238795e-01 -2.719129e-16 -3.826834e-01
    outer loop
      vertex   3.797224e+01 3.400000e+01 2.335000e+01
      vertex   3.814207e+01 2.400000e+01 2.293999e+01
      vertex   3.797224e+01 2.400000e+01 2.335000e+01
    endloop
  endfacet
  facet normal -7.933533e-01 -4.325510e-16 -6.087614e-01
    outer loop
      vertex   3.797224e+01 3.400000e+01 2.335000e+01
      vertex   3.797224e+01 2.400000e+01 2.335000e+01
      vertex   3.770208e+01 3.400000e+01 2.370208e+01
    endloop
  endfacet
  facet normal -7.933533e-01 -6.488265e-16 -6.087614e-01
    outer loop
      vertex   3.770208e+01 3.400000e+01 2.370208e+01
      vertex   3.797224e+01 2.400000e+01 2.335000e+01
      vertex   3.770208e+01 2.400000e+01 2.370208e+01
    endloop
  endfacet
  facet normal -6.087614e-01 -8.455672e-16 -7.933533e-01
    outer loop
      vertex   3.770208e+01 3.400000e+01 2.370208e+01
      vertex   3.770208e+01 2.400000e+01 2.370208e+01
      vertex   3.735000e+01 3.400000e+01 2.397224e+01
    endloop
  endfacet
  facet normal -6.087614e-01 -8.455672e-16 -7.933533e-01
    outer loop
      vertex   3.735000e+01 3.400000e+01 2.397224e+01
      vertex   3.770208e+01 2.400000e+01 2.370208e+01
      vertex   3.735000e+01 2.400000e+01 2.397224e+01
    endloop
  endfacet
  facet normal -3.826834e-01 -9.846838e-16 -9.238795e-01
    outer loop
      vertex   3.735000e+01 3.400000e+01 2.397224e+01
      vertex   3.735000e+01 2.400000e+01 2.397224e+01
      vertex   3.693999e+01 3.400000e+01 2.414207e+01
    endloop
  endfacet
  facet normal -3.826834e-01 -3.845430e-16 -9.238795e-01
    outer loop
      vertex   3.693999e+01 3.400000e+01 2.414207e+01
      vertex   3.735000e+01 2.400000e+01 2.397224e+01
      vertex   3.693999e+01 2.400000e+01 2.414207e+01
    endloop
  endfacet
  facet normal -1.305262e-01 -6.117195e-16 -9.914449e-01
    outer loop
      vertex   3.693999e+01 3.400000e+01 2.414207e+01
      vertex   3.693999e+01 2.400000e+01 2.414207e+01
      vertex   3.650000e+01 3.400000e+01 2.420000e+01
    endloop
  endfacet
  facet normal -1.305262e-01 -1.056696e-15 -9.914449e-01
    outer loop
      vertex   3.650000e+01 3.400000e+01 2.420000e+01
      vertex   3.693999e+01 2.400000e+01 2.414207e+01
      vertex   3.650000e+01 2.400000e+01 2.420000e+01
    endloop
  endfacet
  facet normal 1.305262e-01 -1.056696e-15 -9.914449e-01
    outer loop
      vertex   3.650000e+01 3.400000e+01 2.420000e+01
      vertex   3.650000e+01 2.400000e+01 2.420000e+01
      vertex   3.606001e+01 3.400000e+01 2.414207e+01
    endloop
  endfacet
  facet normal 1.305262e-01 -7.044639e-16 -9.914449e-01
    outer loop
      vertex   3.606001e+01 3.400000e+01 2.414207e+01
      vertex   3.650000e+01 2.400000e+01 2.420000e+01
      vertex   3.606001e+01 2.400000e+01 2.414207e+01
    endloop
  endfacet
  facet normal 3.826834e-01 -6.564559e-16 -9.238795e-01
    outer loop
      vertex   3.606001e+01 3.400000e+01 2.414207e+01
      vertex   3.606001e+01 2.400000e+01 2.414207e+01
      vertex   3.565000e+01 3.400000e+01 2.397224e+01
    endloop
  endfacet
  facet normal 3.826834e-01 -9.846838e-16 -9.238795e-01
    outer loop
      vertex   3.565000e+01 3.400000e+01 2.397224e+01
      vertex   3.606001e+01 2.400000e+01 2.414207e+01
      vertex   3.565000e+01 2.400000e+01 2.397224e+01
    endloop
  endfacet
  facet normal 6.087614e-01 -8.455672e-16 -7.933533e-01
    outer loop
      vertex   3.565000e+01 3.400000e+01 2.397224e+01
      vertex   3.565000e+01 2.400000e+01 2.397224e+01
      vertex   3.529792e+01 3.400000e+01 2.370208e+01
    endloop
  endfacet
  facet normal 6.087614e-01 -8.455672e-16 -7.933533e-01
    outer loop
      vertex   3.529792e+01 3.400000e+01 2.370208e+01
      vertex   3.565000e+01 2.400000e+01 2.397224e+01
      vertex   3.529792e+01 2.400000e+01 2.370208e+01
    endloop
  endfacet
  facet normal 7.933533e-01 -6.488265e-16 -6.087614e-01
    outer loop
      vertex   3.529792e+01 3.400000e+01 2.370208e+01
      vertex   3.529792e+01 2.400000e+01 2.370208e+01
      vertex   3.502776e+01 3.400000e+01 2.335000e+01
    endloop
  endfacet
  facet normal 7.933533e-01 -4.325510e-16 -6.087614e-01
    outer loop
      vertex   3.502776e+01 3.400000e+01 2.335000e+01
      vertex   3.529792e+01 2.400000e+01 2.370208e+01
      vertex   3.502776e+01 2.400000e+01 2.335000e+01
    endloop
  endfacet
  facet normal 9.238795e-01 -2.719129e-16 -3.826834e-01
    outer loop
      vertex   3.502776e+01 3.400000e+01 2.335000e+01
      vertex   3.502776e+01 2.400000e+01 2.335000e+01
      vertex   3.485793e+01 3.400000e+01 2.293999e+01
    endloop
  endfacet
  facet normal 9.238795e-01 -4.078694e-16 -3.826834e-01
    outer loop
      vertex   3.485793e+01 3.400000e+01 2.293999e+01
      vertex   3.502776e+01 2.400000e+01 2.335000e+01
      vertex   3.485793e+01 2.400000e+01 2.293999e+01
    endloop
  endfacet
  facet normal 9.914449e-01 -1.391167e-16 -1.305262e-01
    outer loop
      vertex   3.485793e+01 3.400000e+01 2.293999e+01
      vertex   3.485793e+01 2.400000e+01 2.293999e+01
      vertex   3.480000e+01 3.400000e+01 2.250000e+01
    endloop
  endfacet
  facet normal 9.914449e-01 -1.391167e-16 -1.305262e-01
    outer loop
      vertex   3.480000e+01 3.400000e+01 2.250000e+01
      vertex   3.485793e+01 2.400000e+01 2.293999e+01
      vertex   3.480000e+01 2.400000e+01 2.250000e+01
    endloop
  endfacet
  facet normal 9.914449e-01 1.391167e-16 1.305262e-01
    outer loop
      vertex   3.480000e+01 3.400000e+01 2.250000e+01
      vertex   3.480000e+01 2.400000e+01 2.250000e+01
      vertex   3.485793e+01 3.400000e+01 2.206001e+01
    endloop
  endfacet
  facet normal 9.914449e-01 4.637222e-17 1.305262e-01
    outer loop
      vertex   3.485793e+01 3.400000e+01 2.206001e+01
      vertex   3.480000e+01 2.400000e+01 2.250000e+01
      vertex   3.485793e+01 2.400000e+01 2.206001e+01
    endloop
  endfacet
  facet normal 9.238795e-01 1.359565e-16 3.826834e-01
    outer loop
      vertex   3.485793e+01 3.400000e+01 2.206001e+01
      vertex   3.485793e+01 2.400000e+01 2.206001e+01
      vertex   3.502776e+01 3.400000e+01 2.165000e+01
    endloop
  endfacet
  facet normal 9.238795e-01 2.719129e-16 3.826834e-01
    outer loop
      vertex   3.502776e+01 3.400000e+01 2.165000e+01
      vertex   3.485793e+01 2.400000e+01 2.206001e+01
      vertex   3.502776e+01 2.400000e+01 2.165000e+01
    endloop
  endfacet
  facet normal 7.933533e-01 4.325510e-16 6.087614e-01
    outer loop
      vertex   3.502776e+01 3.400000e+01 2.165000e+01
      vertex   3.502776e+01 2.400000e+01 2.165000e+01
      vertex   3.529792e+01 3.400000e+01 2.129792e+01
    endloop
  endfacet
  facet normal 7.933533e-01 4.325510e-16 6.087614e-01
    outer loop
      vertex   3.529792e+01 3.400000e+01 2.129792e+01
      vertex   3.502776e+01 2.400000e+01 2.165000e+01
      vertex   3.529792e+01 2.400000e+01 2.129792e+01
    endloop
  endfacet
  facet normal 6.087614e-01 5.637115e-16 7.933533e-01
    outer loop
      vertex   3.529792e+01 3.400000e+01 2.129792e+01
      vertex   3.529792e+01 2.400000e+01 2.129792e+01
      vertex   3.565000e+01 3.400000e+01 2.102776e+01
    endloop
  endfacet
  facet normal 6.087614e-01 5.637115e-16 7.933533e-01
    outer loop
      vertex   3.565000e+01 3.400000e+01 2.102776e+01
      vertex   3.529792e+01 2.400000e+01 2.129792e+01
      vertex   3.565000e+01 2.400000e+01 2.102776e+01
    endloop
  endfacet
  facet normal 3.826834e-01 6.564559e-16 9.238795e-01
    outer loop
      vertex   3.565000e+01 3.400000e+01 2.102776e+01
      vertex   3.565000e+01 2.400000e+01 2.102776e+01
      vertex   3.606001e+01 3.400000e+01 2.085793e+01
    endloop
  endfacet
  facet normal 3.826834e-01 6.564559e-16 9.238795e-01
    outer loop
      vertex   3.606001e+01 3.400000e+01 2.085793e+01
      vertex   3.565000e+01 2.400000e+01 2.102776e+01
      vertex   3.606001e+01 2.400000e+01 2.085793e+01
    endloop
  endfacet
  facet normal 1.305262e-01 7.044639e-16 9.914449e-01
    outer loop
      vertex   3.606001e+01 3.400000e+01 2.085793e+01
      vertex   3.606001e+01 2.400000e+01 2.085793e+01
      vertex   3.650000e+01 3.400000e+01 2.080000e+01
    endloop
  endfacet
  facet normal 1.305262e-01 1.056696e-15 9.914449e-01
    outer loop
      vertex   3.650000e+01 3.400000e+01 2.080000e+01
      vertex   3.606001e+01 2.400000e+01 2.085793e+01
      vertex   3.650000e+01 2.400000e+01 2.080000e+01
    endloop
  endfacet
  facet normal -1.305262e-01 1.056696e-15 9.914449e-01
    outer loop
      vertex   3.650000e+01 3.400000e+01 2.080000e+01
      vertex   3.650000e+01 2.400000e+01 2.080000e+01
      vertex   3.693999e+01 3.400000e+01 2.085793e+01
    endloop
  endfacet
  facet normal -1.305262e-01 6.117195e-16 9.914449e-01
    outer loop
      vertex   3.693999e+01 3.400000e+01 2.085793e+01
      vertex   3.650000e+01 2.400000e+01 2.080000e+01
      vertex   3.693999e+01 2.400000e+01 2.085793e+01
    endloop
  endfacet
  facet normal -3.826834e-01 3.845430e-16 9.238795e-01
    outer loop
      vertex   3.693999e+01 3.400000e+01 2.085793e+01
      vertex   3.693999e+01 2.400000e+01 2.085793e+01
      vertex   3.735000e+01 3.400000e+01 2.102776e+01
    endloop
  endfacet
  facet normal -3.826834e-01 6.564559e-16 9.238795e-01
    outer loop
      vertex   3.735000e+01 3.400000e+01 2.102776e+01
      vertex   3.693999e+01 2.400000e+01 2.085793e+01
      vertex   3.735000e+01 2.400000e+01 2.102776e+01
    endloop
  endfacet
  facet normal -6.087614e-01 5.637115e-16 7.933533e-01
    outer loop
      vertex   3.735000e+01 3.400000e+01 2.102776e+01
      vertex   3.735000e+01 2.400000e+01 2.102776e+01
      vertex   3.770208e+01 3.400000e+01 2.129792e+01
    endloop
  endfacet
  facet normal -6.087614e-01 5.637115e-16 7.933533e-01
    outer loop
      vertex   3.770208e+01 3.400000e+01 2.129792e+01
      vertex   3.735000e+01 2.400000e+01 2.102776e+01
      vertex   3.770208e+01 2.400000e+01 2.129792e+01
    endloop
  endfacet
  facet normal -7.933533e-01 4.325510e-16 6.087614e-01
    outer loop
      vertex   3.770208e+01 3.400000e+01 2.129792e+01
      vertex   3.770208e+01 2.400000e+01 2.129792e+01
      vertex   3.797224e+01 3.400000e+01 2.165000e+01
    endloop
  endfacet
  facet normal -7.933533e-01 4.325510e-16 6.087614e-01
    outer loop
      vertex   3.797224e+01 3.400000e+01 2.165000e+01
      vertex   3.770208e+01 2.400000e+01 2.129792e+01
      vertex   3.797224e+01 2.400000e+01 2.165000e+01
    endloop
  endfacet
  facet normal -9.238795e-01 2.719129e-16 3.826834e-01
    outer loop
      vertex   3.797224e+01 3.400000e+01 2.165000e+01
      vertex   3.797224e+01 2.400000e+01 2.165000e+01
      vertex   3.814207e+01 3.400000e+01 2.206001e+01
    endloop
  endfacet
  facet normal -9.238795e-01 5.438259e-16 3.826834e-01
    outer loop
      vertex   3.814207e+01 3.400000e+01 2.206001e+01
      vertex   3.797224e+01 2.400000e+01 2.165000e+01
      vertex   3.814207e+01 2.400000e+01 2.206001e+01
    endloop
  endfacet
  facet normal 9.914449e-01 0.000000e+00 -1.305262e-01
    outer loop
      vertex   3.485793e+01 2.800000e+01 5.293999e+01
      vertex   3.485793e+01 2.400000e+01 5.293999e+01
      vertex   3.480000e+01 2.800000e+01 5.250000e+01
    endloop
  endfacet
  facet normal 9.914449e-01 0.000000e+00 -1.305262e-01
    outer loop
      vertex   3.480000e+01 2.800000e+01 5.250000e+01
      vertex   3.485793e+01 2.400000e+01 5.293999e+01
      vertex   3.480000e+01 2.400000e+01 5.250000e+01
    endloop
  endfacet
  facet normal 9.914449e-01 0.000000e+00 1.305262e-01
    outer loop
      vertex   3.480000e+01 2.800000e+01 5.250000e+01
      vertex   3.480000e+01 2.400000e+01 5.250000e+01
      vertex   3.485793e+01 2.800000e+01 5.206001e+01
    endloop
  endfacet
  facet normal 9.914449e-01 0.000000e+00 1.305262e-01
    outer loop
      vertex   3.485793e+01 2.800000e+01 5.206001e+01
      vertex   3.480000e+01 2.400000e+01 5.250000e+01
      vertex   3.485793e+01 2.400000e+01 5.206001e+01
    endloop
  endfacet
  facet normal 9.238795e-01 0.000000e+00 3.826834e-01
    outer loop
      vertex   3.485793e+01 2.800000e+01 5.206001e+01
      vertex   3.485793e+01 2.400000e+01 5.206001e+01
      vertex   3.502776e+01 2.800000e+01 5.165000e+01
    endloop
  endfacet
  facet normal 9.238795e-01 0.000000e+00 3.826834e-01
    outer loop
      vertex   3.502776e+01 2.800000e+01 5.165000e+01
      vertex   3.485793e+01 2.400000e+01 5.206001e+01
      vertex   3.502776e+01 2.400000e+01 5.165000e+01
    endloop
  endfacet
  facet normal 7.933533e-01 0.000000e+00 6.087614e-01
    outer loop
      vertex   3.502776e+01 2.800000e+01 5.165000e+01
      vertex   3.502776e+01 2.400000e+01 5.165000e+01
      vertex   3.529792e+01 2.800000e+01 5.129792e+01
    endloop
  endfacet
  facet normal 7.933533e-01 0.000000e+00 6.087614e-01
    outer loop
      vertex   3.529792e+01 2.800000e+01 5.129792e+01
      vertex   3.502776e+01 2.400000e+01 5.165000e+01
      vertex   3.529792e+01 2.400000e+01 5.129792e+01
    endloop
  endfacet
  facet normal 6.087614e-01 0.000000e+00 7.933533e-01
    outer loop
      vertex   3.529792e+01 2.800000e+01 5.129792e+01
      vertex   3.529792e+01 2.400000e+01 5.129792e+01
      vertex   3.565000e+01 2.800000e+01 5.102776e+01
    endloop
  endfacet
  facet normal 6.087614e-01 0.000000e+00 7.933533e-01
    outer loop
      vertex   3.565000e+01 2.800000e+01 5.102776e+01
      vertex   3.529792e+01 2.400000e+01 5.129792e+01
      vertex   3.565000e+01 2.400000e+01 5.102776e+01
    endloop
  endfacet
  facet normal 3.826834e-01 0.000000e+00 9.238795e-01
    outer loop
      vertex   3.565000e+01 2.800000e+01 5.102776e+01
      vertex   3.565000e+01 2.400000e+01 5.102776e+01
      vertex   3.606001e+01 2.800000e+01 5.085793e+01
    endloop
  endfacet
  facet normal 3.826834e-01 0.000000e+00 9.238795e-01
    outer loop
      vertex   3.606001e+01 2.800000e+01 5.085793e+01
      vertex   3.565000e+01 2.400000e+01 5.102776e+01
      vertex   3.606001e+01 2.400000e+01 5.085793e+01
    endloop
  endfacet
  facet normal 1.305262e-01 0.000000e+00 9.914449e-01
    outer loop
      vertex   3.606001e+01 2.800000e+01 5.085793e+01
      vertex   3.606001e+01 2.400000e+01 5.085793e+01
      vertex   3.650000e+01 2.800000e+01 5.080000e+01
    endloop
  endfacet
  facet normal 1.305262e-01 0.000000e+00 9.914449e-01
    outer loop
      vertex   3.650000e+01 2.800000e+01 5.080000e+01
      vertex   3.606001e+01 2.400000e+01 5.085793e+01
      vertex   3.650000e+01 2.400000e+01 5.080000e+01
    endloop
  endfacet
  facet normal -1.305262e-01 0.000000e+00 9.914449e-01
    outer loop
      vertex   3.650000e+01 2.800000e+01 5.080000e+01
      vertex   3.650000e+01 2.400000e+01 5.080000e+01
      vertex   3.693999e+01 2.800000e+01 5.085793e+01
    endloop
  endfacet
  facet normal -1.305262e-01 -2.318611e-16 9.914449e-01
    outer loop
      vertex   3.693999e+01 2.800000e+01 5.085793e+01
      vertex   3.650000e+01 2.400000e+01 5.080000e+01
      vertex   3.693999e+01 2.400000e+01 5.085793e+01
    endloop
  endfacet
  facet normal -3.826834e-01 -6.797823e-16 9.238795e-01
    outer loop
      vertex   3.693999e+01 2.800000e+01 5.085793e+01
      vertex   3.693999e+01 2.400000e+01 5.085793e+01
      vertex   3.735000e+01 2.800000e+01 5.102776e+01
    endloop
  endfacet
  facet normal -3.826834e-01 0.000000e+00 9.238795e-01
    outer loop
      vertex   3.735000e+01 2.800000e+01 5.102776e+01
      vertex   3.693999e+01 2.400000e+01 5.085793e+01
      vertex   3.735000e+01 2.400000e+01 5.102776e+01
    endloop
  endfacet
  facet normal -6.087614e-01 0.000000e+00 7.933533e-01
    outer loop
      vertex   3.735000e+01 2.800000e+01 5.102776e+01
      vertex   3.735000e+01 2.400000e+01 5.102776e+01
      vertex   3.770208e+01 2.800000e+01 5.129792e+01
    endloop
  endfacet
  facet normal -6.087614e-01 0.000000e+00 7.933533e-01
    outer loop
      vertex   3.770208e+01 2.800000e+01 5.129792e+01
      vertex   3.735000e+01 2.400000e+01 5.102776e+01
      vertex   3.770208e+01 2.400000e+01 5.129792e+01
    endloop
  endfacet
  facet normal -7.933533e-01 0.000000e+00 6.087614e-01
    outer loop
      vertex   3.770208e+01 2.800000e+01 5.129792e+01
      vertex   3.770208e+01 2.400000e+01 5.129792e+01
      vertex   3.797224e+01 2.800000e+01 5.165000e+01
    endloop
  endfacet
  facet normal -7.933533e-01 0.000000e+00 6.087614e-01
    outer loop
      vertex   3.797224e+01 2.800000e+01 5.165000e+01
      vertex   3.770208e+01 2.400000e+01 5.129792e+01
      vertex   3.797224e+01 2.400000e+01 5.165000e+01
    endloop
  endfacet
  facet normal -9.238795e-01 0.000000e+00 3.826834e-01
    outer loop
      vertex   3.797224e+01 2.800000e+01 5.165000e+01
      vertex   3.797224e+01 2.400000e+01 5.165000e+01
      vertex   3.814207e+01 2.800000e+01 5.206001e+01
    endloop
  endfacet
  facet normal -9.238795e-01 0.000000e+00 3.826834e-01
    outer loop
      vertex   3.814207e+01 2.800000e+01 5.206001e+01
      vertex   3.797224e+01 2.400000e+01 5.165000e+01
      vertex   3.814207e+01 2.400000e+01 5.206001e+01
    endloop
  endfacet
  facet normal -9.914449e-01 0.000000e+00 1.305262e-01
    outer loop
      vertex   3.814207e+01 2.800000e+01 5.206001e+01
      vertex   3.814207e+01 2.400000e+01 5.206001e+01
      vertex   3.820000e+01 2.800000e+01 5.250000e+01
    endloop
  endfacet
  facet normal -9.914449e-01 0.000000e+00 1.305262e-01
    outer loop
      vertex   3.820000e+01 2.800000e+01 5.250000e+01
      vertex   3.814207e+01 2.400000e+01 5.206001e+01
      vertex   3.820000e+01 2.400000e+01 5.250000e+01
    endloop
  endfacet
  facet normal -9.914449e-01 -0.000000e+00 -1.305262e-01
    outer loop
      vertex   3.820000e+01 2.800000e+01 5.250000e+01
      vertex   3.820000e+01 2.400000e+01 5.250000e+01
      vertex   3.814207e+01 2.800000e+01 5.293999e+01
    endloop
  endfacet
  facet normal -9.914449e-01 -0.000000e+00 -1.305262e-01
    outer loop
      vertex   3.814207e+01 2.800000e+01 5.293999e+01
      vertex   3.820000e+01 2.400000e+01 5.250000e+01
      vertex   3.814207e+01 2.400000e+01 5.293999e+01
    endloop
  endfacet
  facet normal -9.238795e-01 -0.000000e+00 -3.826834e-01
    outer loop
      vertex   3.814207e+01 2.800000e+01 5.293999e+01
      vertex   3.814207e+01 2.400000e+01 5.293999e+01
      vertex   3.797224e+01 2.800000e+01 5.335000e+01
    endloop
  endfacet
  facet normal -9.238795e-01 -0.000000e+00 -3.826834e-01
    outer loop
      vertex   3.797224e+01 2.800000e+01 5.335000e+01
      vertex   3.814207e+01 2.400000e+01 5.293999e+01
      vertex   3.797224e+01 2.400000e+01 5.335000e+01
    endloop
  endfacet
  facet normal -7.933533e-01 -0.000000e+00 -6.087614e-01
    outer loop
      vertex   3.797224e+01 2.800000e+01 5.335000e+01
      vertex   3.797224e+01 2.400000e+01 5.335000e+01
      vertex   3.770208e+01 2.800000e+01 5.370208e+01
    endloop
  endfacet
  facet normal -7.933533e-01 -0.000000e+00 -6.087614e-01
    outer loop
      vertex   3.770208e+01 2.800000e+01 5.370208e+01
      vertex   3.797224e+01 2.400000e+01 5.335000e+01
      vertex   3.770208e+01 2.400000e+01 5.370208e+01
    endloop
  endfacet
  facet normal -6.087614e-01 -0.000000e+00 -7.933533e-01
    outer loop
      vertex   3.770208e+01 2.800000e+01 5.370208e+01
      vertex   3.770208e+01 2.400000e+01 5.370208e+01
      vertex   3.735000e+01 2.800000e+01 5.397224e+01
    endloop
  endfacet
  facet normal -6.087614e-01 -0.000000e+00 -7.933533e-01
    outer loop
      vertex   3.735000e+01 2.800000e+01 5.397224e+01
      vertex   3.770208e+01 2.400000e+01 5.370208e+01
      vertex   3.735000e+01 2.400000e+01 5.397224e+01
    endloop
  endfacet
  facet normal -3.826834e-01 -0.000000e+00 -9.238795e-01
    outer loop
      vertex   3.735000e+01 2.800000e+01 5.397224e+01
      vertex   3.735000e+01 2.400000e+01 5.397224e+01
      vertex   3.693999e+01 2.800000e+01 5.414207e+01
    endloop
  endfacet
  facet normal -3.826834e-01 6.797823e-16 -9.238795e-01
    outer loop
      vertex   3.693999e+01 2.800000e+01 5.414207e+01
      vertex   3.735000e+01 2.400000e+01 5.397224e+01
      vertex   3.693999e+01 2.400000e+01 5.414207e+01
    endloop
  endfacet
  facet normal -1.305262e-01 2.318611e-16 -9.914449e-01
    outer loop
      vertex   3.693999e+01 2.800000e+01 5.414207e+01
      vertex   3.693999e+01 2.400000e+01 5.414207e+01
      vertex   3.650000e+01 2.800000e+01 5.420000e+01
    endloop
  endfacet
  facet normal -1.305262e-01 -0.000000e+00 -9.914449e-01
    outer loop
      vertex   3.650000e+01 2.800000e+01 5.420000e+01
      vertex   3.693999e+01 2.400000e+01 5.414207e+01
      vertex   3.650000e+01 2.400000e+01 5.420000e+01
    endloop
  endfacet
  facet normal 1.305262e-01 0.000000e+00 -9.914449e-01
    outer loop
      vertex   3.650000e+01 2.800000e+01 5.420000e+01
      vertex   3.650000e+01 2.400000e+01 5.420000e+01
      vertex   3.606001e+01 2.800000e+01 5.414207e+01
    endloop
  endfacet
  facet normal 1.305262e-01 0.000000e+00 -9.914449e-01
    outer loop
      vertex   3.606001e+01 2.800000e+01 5.414207e+01
      vertex   3.650000e+01 2.400000e+01 5.420000e+01
      vertex   3.606001e+01 2.400000e+01 5.414207e+01
    endloop
  endfacet
  facet normal 3.826834e-01 0.000000e+00 -9.238795e-01
    outer loop
      vertex   3.606001e+01 2.800000e+01 5.414207e+01
      vertex   3.606001e+01 2.400000e+01 5.414207e+01
      vertex   3.565000e+01 2.800000e+01 5.397224e+01
    endloop
  endfacet
  facet normal 3.826834e-01 0.000000e+00 -9.238795e-01
    outer loop
      vertex   3.565000e+01 2.800000e+01 5.397224e+01
      vertex   3.606001e+01 2.400000e+01 5.414207e+01
      vertex   3.565000e+01 2.400000e+01 5.397224e+01
    endloop
  endfacet
  facet normal 6.087614e-01 0.000000e+00 -7.933533e-01
    outer loop
      vertex   3.565000e+01 2.800000e+01 5.397224e+01
      vertex   3.565000e+01 2.400000e+01 5.397224e+01
      vertex   3.529792e+01 2.800000e+01 5.370208e+01
    endloop
  endfacet
  facet normal 6.087614e-01 0.000000e+00 -7.933533e-01
    outer loop
      vertex   3.529792e+01 2.800000e+01 5.370208e+01
      vertex   3.565000e+01 2.400000e+01 5.397224e+01
      vertex   3.529792e+01 2.400000e+01 5.370208e+01
    endloop
  endfacet
  facet normal 7.933533e-01 0.000000e+00 -6.087614e-01
    outer loop
      vertex   3.529792e+01 2.800000e+01 5.370208e+01
      vertex   3.529792e+01 2.400000e+01 5.370208e+01
      vertex   3.502776e+01 2.800000e+01 5.335000e+01
    endloop
  endfacet
  facet normal 7.933533e-01 0.000000e+00 -6.087614e-01
    outer loop
      vertex   3.502776e+01 2.800000e+01 5.335000e+01
      vertex   3.529792e+01 2.400000e+01 5.370208e+01
      vertex   3.502776e+01 2.400000e+01 5.335000e+01
    endloop
  endfacet
  facet normal 9.238795e-01 0.000000e+00 -3.826834e-01
    outer loop
      vertex   3.502776e+01 2.800000e+01 5.335000e+01
      vertex   3.502776e+01 2.400000e+01 5.335000e+01
      vertex   3.485793e+01 2.800000e+01 5.293999e+01
    endloop
  endfacet
  facet normal 9.238795e-01 0.000000e+00 -3.826834e-01
    outer loop
      vertex   3.485793e+01 2.800000e+01 5.293999e+01
      vertex   3.502776e+01 2.400000e+01 5.335000e+01
      vertex   3.485793e+01 2.400000e+01 5.293999e+01
    endloop
  endfacet
  facet normal 9.914449e-01 0.000000e+00 -1.305262e-01
    outer loop
      vertex   4.857926e+00 2.800000e+01 2.293999e+01
      vertex   4.857926e+00 2.400000e+01 2.293999e+01
      vertex   4.800000e+00 2.800000e+01 2.250000e+01
    endloop
  endfacet
  facet normal 9.914449e-01 0.000000e+00 -1.305262e-01
    outer loop
      vertex   4.800000e+00 2.800000e+01 2.250000e+01
      vertex   4.857926e+00 2.400000e+01 2.293999e+01
      vertex   4.800000e+00 2.400000e+01 2.250000e+01
    endloop
  endfacet
  facet normal 9.914449e-01 0.000000e+00 1.305262e-01
    outer loop
      vertex   4.800000e+00 2.800000e+01 2.250000e+01
      vertex   4.800000e+00 2.400000e+01 2.250000e+01
      vertex   4.857926e+00 2.800000e+01 2.206001e+01
    endloop
  endfacet
  facet normal 9.914449e-01 0.000000e+00 1.305262e-01
    outer loop
      vertex   4.857926e+00 2.800000e+01 2.206001e+01
      vertex   4.800000e+00 2.400000e+01 2.250000e+01
      vertex   4.857926e+00 2.400000e+01 2.206001e+01
    endloop
  endfacet
  facet normal 9.238795e-01 0.000000e+00 3.826834e-01
    outer loop
      vertex   4.857926e+00 2.800000e+01 2.206001e+01
      vertex   4.857926e+00 2.400000e+01 2.206001e+01
      vertex   5.027757e+00 2.800000e+01 2.165000e+01
    endloop
  endfacet
  facet normal 9.238795e-01 0.000000e+00 3.826834e-01
    outer loop
      vertex   5.027757e+00 2.800000e+01 2.165000e+01
      vertex   4.857926e+00 2.400000e+01 2.206001e+01
      vertex   5.027757e+00 2.400000e+01 2.165000e+01
    endloop
  endfacet
  facet normal 7.933533e-01 0.000000e+00 6.087614e-01
    outer loop
      vertex   5.027757e+00 2.800000e+01 2.165000e+01
      vertex   5.027757e+00 2.400000e+01 2.165000e+01
      vertex   5.297918e+00 2.800000e+01 2.129792e+01
    endloop
  endfacet
  facet normal 7.933533e-01 0.000000e+00 6.087614e-01
    outer loop
      vertex   5.297918e+00 2.800000e+01 2.129792e+01
      vertex   5.027757e+00 2.400000e+01 2.165000e+01
      vertex   5.297918e+00 2.400000e+01 2.129792e+01
    endloop
  endfacet
  facet normal 6.087614e-01 0.000000e+00 7.933533e-01
    outer loop
      vertex   5.297918e+00 2.800000e+01 2.129792e+01
      vertex   5.297918e+00 2.400000e+01 2.129792e+01
      vertex   5.650000e+00 2.800000e+01 2.102776e+01
    endloop
  endfacet
  facet normal 6.087614e-01 -5.694671e-16 7.933533e-01
    outer loop
      vertex   5.650000e+00 2.800000e+01 2.102776e+01
      vertex   5.297918e+00 2.400000e+01 2.129792e+01
      vertex   5.650000e+00 2.400000e+01 2.102776e+01
    endloop
  endfacet
  facet normal 3.826834e-01 -7.355971e-16 9.238795e-01
    outer loop
      vertex   5.650000e+00 2.800000e+01 2.102776e+01
      vertex   5.650000e+00 2.400000e+01 2.102776e+01
      vertex   6.060008e+00 2.800000e+01 2.085793e+01
    endloop
  endfacet
  facet normal 3.826834e-01 0.000000e+00 9.238795e-01
    outer loop
      vertex   6.060008e+00 2.800000e+01 2.085793e+01
      vertex   5.650000e+00 2.400000e+01 2.102776e+01
      vertex   6.060008e+00 2.400000e+01 2.085793e+01
    endloop
  endfacet
  facet normal 1.305262e-01 0.000000e+00 9.914449e-01
    outer loop
      vertex   6.060008e+00 2.800000e+01 2.085793e+01
      vertex   6.060008e+00 2.400000e+01 2.085793e+01
      vertex   6.500000e+00 2.800000e+01 2.080000e+01
    endloop
  endfacet
  facet normal 1.305262e-01 0.000000e+00 9.914449e-01
    outer loop
      vertex   6.500000e+00 2.800000e+01 2.080000e+01
      vertex   6.060008e+00 2.400000e+01 2.085793e+01
      vertex   6.500000e+00 2.400000e+01 2.080000e+01
    endloop
  endfacet
  facet normal -1.305262e-01 0.000000e+00 9.914449e-01
    outer loop
      vertex   6.500000e+00 2.800000e+01 2.080000e+01
      vertex   6.500000e+00 2.400000e+01 2.080000e+01
      vertex   6.939992e+00 2.800000e+01 2.085793e+01
    endloop
  endfacet
  facet normal -1.305262e-01 -2.898264e-17 9.914449e-01
    outer loop
      vertex   6.939992e+00 2.800000e+01 2.085793e+01
      vertex   6.500000e+00 2.400000e+01 2.080000e+01
      vertex   6.939992e+00 2.400000e+01 2.085793e+01
    endloop
  endfacet
  facet normal -3.826834e-01 -8.497279e-17 9.238795e-01
    outer loop
      vertex   6.939992e+00 2.800000e+01 2.085793e+01
      vertex   6.939992e+00 2.400000e+01 2.085793e+01
      vertex   7.350000e+00 2.800000e+01 2.102776e+01
    endloop
  endfacet
  facet normal -3.826834e-01 -1.699456e-16 9.238795e-01
    outer loop
      vertex   7.350000e+00 2.800000e+01 2.102776e+01
      vertex   6.939992e+00 2.400000e+01 2.085793e+01
      vertex   7.350000e+00 2.400000e+01 2.102776e+01
    endloop
  endfacet
  facet normal -6.087614e-01 -2.703444e-16 7.933533e-01
    outer loop
      vertex   7.350000e+00 2.800000e+01 2.102776e+01
      vertex   7.350000e+00 2.400000e+01 2.102776e+01
      vertex   7.702082e+00 2.800000e+01 2.129792e+01
    endloop
  endfacet
  facet normal -6.087614e-01 0.000000e+00 7.933533e-01
    outer loop
      vertex   7.702082e+00 2.800000e+01 2.129792e+01
      vertex   7.350000e+00 2.400000e+01 2.102776e+01
      vertex   7.702082e+00 2.400000e+01 2.129792e+01
    endloop
  endfacet
  facet normal -7.933533e-01 0.000000e+00 6.087614e-01
    outer loop
      vertex   7.702082e+00 2.800000e+01 2.129792e+01
      vertex   7.702082e+00 2.400000e+01 2.129792e+01
      vertex   7.972243e+00 2.800000e+01 2.165000e+01
    endloop
  endfacet
  facet normal -7.933533e-01 0.000000e+00 6.087614e-01
    outer loop
      vertex   7.972243e+00 2.800000e+01 2.165000e+01
      vertex   7.702082e+00 2.400000e+01 2.129792e+01
      vertex   7.972243e+00 2.400000e+01 2.165000e+01
    endloop
  endfacet
  facet normal -9.238795e-01 0.000000e+00 3.826834e-01
    outer loop
      vertex   7.972243e+00 2.800000e+01 2.165000e+01
      vertex   7.972243e+00 2.400000e+01 2.165000e+01
      vertex   8.142074e+00 2.800000e+01 2.206001e+01
    endloop
  endfacet
  facet normal -9.238795e-01 3.398912e-16 3.826834e-01
    outer loop
      vertex   8.142074e+00 2.800000e+01 2.206001e+01
      vertex   7.972243e+00 2.400000e+01 2.165000e+01
      vertex   8.142074e+00 2.400000e+01 2.206001e+01
    endloop
  endfacet
  facet normal -9.914449e-01 1.159305e-16 1.305262e-01
    outer loop
      vertex   8.142074e+00 2.800000e+01 2.206001e+01
      vertex   8.142074e+00 2.400000e+01 2.206001e+01
      vertex   8.200000e+00 2.800000e+01 2.250000e+01
    endloop
  endfacet
  facet normal -9.914449e-01 0.000000e+00 1.305262e-01
    outer loop
      vertex   8.200000e+00 2.800000e+01 2.250000e+01
      vertex   8.142074e+00 2.400000e+01 2.206001e+01
      vertex   8.200000e+00 2.400000e+01 2.250000e+01
    endloop
  endfacet
  facet normal -9.914449e-01 -0.000000e+00 -1.305262e-01
    outer loop
      vertex   8.200000e+00 2.800000e+01 2.250000e+01
      vertex   8.200000e+00 2.400000e+01 2.250000e+01
      vertex   8.142074e+00 2.800000e+01 2.293999e+01
    endloop
  endfacet
  facet normal -9.914449e-01 -2.318611e-16 -1.305262e-01
    outer loop
      vertex   8.142074e+00 2.800000e+01 2.293999e+01
      vertex   8.200000e+00 2.400000e+01 2.250000e+01
      vertex   8.142074e+00 2.400000e+01 2.293999e+01
    endloop
  endfacet
  facet normal -9.238795e-01 -6.797823e-16 -3.826834e-01
    outer loop
      vertex   8.142074e+00 2.800000e+01 2.293999e+01
      vertex   8.142074e+00 2.400000e+01 2.293999e+01
      vertex   7.972243e+00 2.800000e+01 2.335000e+01
    endloop
  endfacet
  facet normal -9.238795e-01 -0.000000e+00 -3.826834e-01
    outer loop
      vertex   7.972243e+00 2.800000e+01 2.335000e+01
      vertex   8.142074e+00 2.400000e+01 2.293999e+01
      vertex   7.972243e+00 2.400000e+01 2.335000e+01
    endloop
  endfacet
  facet normal -7.933533e-01 -0.000000e+00 -6.087614e-01
    outer loop
      vertex   7.972243e+00 2.800000e+01 2.335000e+01
      vertex   7.972243e+00 2.400000e+01 2.335000e+01
      vertex   7.702082e+00 2.800000e+01 2.370208e+01
    endloop
  endfacet
  facet normal -7.933533e-01 -0.000000e+00 -6.087614e-01
    outer loop
      vertex   7.702082e+00 2.800000e+01 2.370208e+01
      vertex   7.972243e+00 2.400000e+01 2.335000e+01
      vertex   7.702082e+00 2.400000e+01 2.370208e+01
    endloop
  endfacet
  facet normal -6.087614e-01 -0.000000e+00 -7.933533e-01
    outer loop
      vertex   7.702082e+00 2.800000e+01 2.370208e+01
      vertex   7.702082e+00 2.400000e+01 2.370208e+01
      vertex   7.350000e+00 2.800000e+01 2.397224e+01
    endloop
  endfacet
  facet normal -6.087614e-01 2.703444e-16 -7.933533e-01
    outer loop
      vertex   7.350000e+00 2.800000e+01 2.397224e+01
      vertex   7.702082e+00 2.400000e+01 2.370208e+01
      vertex   7.350000e+00 2.400000e+01 2.397224e+01
    endloop
  endfacet
  facet normal -3.826834e-01 1.699456e-16 -9.238795e-01
    outer loop
      vertex   7.350000e+00 2.800000e+01 2.397224e+01
      vertex   7.350000e+00 2.400000e+01 2.397224e+01
      vertex   6.939992e+00 2.800000e+01 2.414207e+01
    endloop
  endfacet
  facet normal -3.826834e-01 8.497279e-17 -9.238795e-01
    outer loop
      vertex   6.939992e+00 2.800000e+01 2.414207e+01
      vertex   7.350000e+00 2.400000e+01 2.397224e+01
      vertex   6.939992e+00 2.400000e+01 2.414207e+01
    endloop
  endfacet
  facet normal -1.305262e-01 2.898264e-17 -9.914449e-01
    outer loop
      vertex   6.939992e+00 2.800000e+01 2.414207e+01
      vertex   6.939992e+00 2.400000e+01 2.414207e+01
      vertex   6.500000e+00 2.800000e+01 2.420000e+01
    endloop
  endfacet
  facet normal -1.305262e-01 -0.000000e+00 -9.914449e-01
    outer loop
      vertex   6.500000e+00 2.800000e+01 2.420000e+01
      vertex   6.939992e+00 2.400000e+01 2.414207e+01
      vertex   6.500000e+00 2.400000e+01 2.420000e+01
    endloop
  endfacet
  facet normal 1.305262e-01 0.000000e+00 -9.914449e-01
    outer loop
      vertex   6.500000e+00 2.800000e+01 2.420000e+01
      vertex   6.500000e+00 2.400000e+01 2.420000e+01
      vertex   6.060008e+00 2.800000e+01 2.414207e+01
    endloop
  endfacet
  facet normal 1.305262e-01 0.000000e+00 -9.914449e-01
    outer loop
      vertex   6.060008e+00 2.800000e+01 2.414207e+01
      vertex   6.500000e+00 2.400000e+01 2.420000e+01
      vertex   6.060008e+00 2.400000e+01 2.414207e+01
    endloop
  endfacet
  facet normal 3.826834e-01 0.000000e+00 -9.238795e-01
    outer loop
      vertex   6.060008e+00 2.800000e+01 2.414207e+01
      vertex   6.060008e+00 2.400000e+01 2.414207e+01
      vertex   5.650000e+00 2.800000e+01 2.397224e+01
    endloop
  endfacet
  facet normal 3.826834e-01 7.355971e-16 -9.238795e-01
    outer loop
      vertex   5.650000e+00 2.800000e+01 2.397224e+01
      vertex   6.060008e+00 2.400000e+01 2.414207e+01
      vertex   5.650000e+00 2.400000e+01 2.397224e+01
    endloop
  endfacet
  facet normal 6.087614e-01 5.694671e-16 -7.933533e-01
    outer loop
      vertex   5.650000e+00 2.800000e+01 2.397224e+01
      vertex   5.650000e+00 2.400000e+01 2.397224e+01
      vertex   5.297918e+00 2.800000e+01 2.370208e+01
    endloop
  endfacet
  facet normal 6.087614e-01 0.000000e+00 -7.933533e-01
    outer loop
      vertex   5.297918e+00 2.800000e+01 2.370208e+01
      vertex   5.650000e+00 2.400000e+01 2.397224e+01
      vertex   5.297918e+00 2.400000e+01 2.370208e+01
    endloop
  endfacet
  facet normal 7.933533e-01 0.000000e+00 -6.087614e-01
    outer loop
      vertex   5.297918e+00 2.800000e+01 2.370208e+01
      vertex   5.297918e+00 2.400000e+01 2.370208e+01
      vertex   5.027757e+00 2.800000e+01 2.335000e+01
    endloop
  endfacet
  facet normal 7.933533e-01 0.000000e+00 -6.087614e-01
    outer loop
      vertex   5.027757e+00 2.800000e+01 2.335000e+01
      vertex   5.297918e+00 2.400000e+01 2.370208e+01
      vertex   5.027757e+00 2.400000e+01 2.335000e+01
    endloop
  endfacet
  facet normal 9.238795e-01 0.000000e+00 -3.826834e-01
    outer loop
      vertex   5.027757e+00 2.800000e+01 2.335000e+01
      vertex   5.027757e+00 2.400000e+01 2.335000e+01
      vertex   4.857926e+00 2.800000e+01 2.293999e+01
    endloop
  endfacet
  facet normal 9.238795e-01 0.000000e+00 -3.826834e-01
    outer loop
      vertex   4.857926e+00 2.800000e+01 2.293999e+01
      vertex   5.027757e+00 2.400000e+01 2.335000e+01
      vertex   4.857926e+00 2.400000e+01 2.293999e+01
    endloop
  endfacet
  facet normal 9.914449e-01 0.000000e+00 -1.305262e-01
    outer loop
      vertex   4.857926e+00 2.800000e+01 5.293999e+01
      vertex   4.857926e+00 2.400000e+01 5.293999e+01
      vertex   4.800000e+00 2.800000e+01 5.250000e+01
    endloop
  endfacet
  facet normal 9.914449e-01 0.000000e+00 -1.305262e-01
    outer loop
      vertex   4.800000e+00 2.800000e+01 5.250000e+01
      vertex   4.857926e+00 2.400000e+01 5.293999e+01
      vertex   4.800000e+00 2.400000e+01 5.250000e+01
    endloop
  endfacet
  facet normal 9.914449e-01 0.000000e+00 1.305262e-01
    outer loop
      vertex   4.800000e+00 2.800000e+01 5.250000e+01
      vertex   4.800000e+00 2.400000e+01 5.250000e+01
      vertex   4.857926e+00 2.800000e+01 5.206001e+01
    endloop
  endfacet
  facet normal 9.914449e-01 0.000000e+00 1.305262e-01
    outer loop
      vertex   4.857926e+00 2.800000e+01 5.206001e+01
      vertex   4.800000e+00 2.400000e+01 5.250000e+01
      vertex   4.857926e+00 2.400000e+01 5.206001e+01
    endloop
  endfacet
  facet normal 9.238795e-01 0.000000e+00 3.826834e-01
    outer loop
      vertex   4.857926e+00 2.800000e+01 5.206001e+01
      vertex   4.857926e+00 2.400000e+01 5.206001e+01
      vertex   5.027757e+00 2.800000e+01 5.165000e+01
    endloop
  endfacet
  facet normal 9.238795e-01 0.000000e+00 3.826834e-01
    outer loop
      vertex   5.027757e+00 2.800000e+01 5.165000e+01
      vertex   4.857926e+00 2.400000e+01 5.206001e+01
      vertex   5.027757e+00 2.400000e+01 5.165000e+01
    endloop
  endfacet
  facet normal 7.933533e-01 0.000000e+00 6.087614e-01
    outer loop
      vertex   5.027757e+00 2.800000e+01 5.165000e+01
      vertex   5.027757e+00 2.400000e+01 5.165000e+01
      vertex   5.297918e+00 2.800000e+01 5.129792e+01
    endloop
  endfacet
  facet normal 7.933533e-01 0.000000e+00 6.087614e-01
    outer loop
      vertex   5.297918e+00 2.800000e+01 5.129792e+01
      vertex   5.027757e+00 2.400000e+01 5.165000e+01
      vertex   5.297918e+00 2.400000e+01 5.129792e+01
    endloop
  endfacet
  facet normal 6.087614e-01 0.000000e+00 7.933533e-01
    outer loop
      vertex   5.297918e+00 2.800000e+01 5.129792e+01
      vertex   5.297918e+00 2.400000e+01 5.129792e+01
      vertex   5.650000e+00 2.800000e+01 5.102776e+01
    endloop
  endfacet
  facet normal 6.087614e-01 1.351722e-16 7.933533e-01
    outer loop
      vertex   5.650000e+00 2.800000e+01 5.102776e+01
      vertex   5.297918e+00 2.400000e+01 5.129792e+01
      vertex   5.650000e+00 2.400000e+01 5.102776e+01
    endloop
  endfacet
  facet normal 3.826834e-01 8.497279e-17 9.238795e-01
    outer loop
      vertex   5.650000e+00 2.800000e+01 5.102776e+01
      vertex   5.650000e+00 2.400000e+01 5.102776e+01
      vertex   6.060008e+00 2.800000e+01 5.085793e+01
    endloop
  endfacet
  facet normal 3.826834e-01 0.000000e+00 9.238795e-01
    outer loop
      vertex   6.060008e+00 2.800000e+01 5.085793e+01
      vertex   5.650000e+00 2.400000e+01 5.102776e+01
      vertex   6.060008e+00 2.400000e+01 5.085793e+01
    endloop
  endfacet
  facet normal 1.305262e-01 0.000000e+00 9.914449e-01
    outer loop
      vertex   6.060008e+00 2.800000e+01 5.085793e+01
      vertex   6.060008e+00 2.400000e+01 5.085793e+01
      vertex   6.500000e+00 2.800000e+01 5.080000e+01
    endloop
  endfacet
  facet normal 1.305262e-01 0.000000e+00 9.914449e-01
    outer loop
      vertex   6.500000e+00 2.800000e+01 5.080000e+01
      vertex   6.060008e+00 2.400000e+01 5.085793e+01
      vertex   6.500000e+00 2.400000e+01 5.080000e+01
    endloop
  endfacet
  facet normal -1.305262e-01 0.000000e+00 9.914449e-01
    outer loop
      vertex   6.500000e+00 2.800000e+01 5.080000e+01
      vertex   6.500000e+00 2.400000e+01 5.080000e+01
      vertex   6.939992e+00 2.800000e+01 5.085793e+01
    endloop
  endfacet
  facet normal -1.305262e-01 -2.898264e-17 9.914449e-01
    outer loop
      vertex   6.939992e+00 2.800000e+01 5.085793e+01
      vertex   6.500000e+00 2.400000e+01 5.080000e+01
      vertex   6.939992e+00 2.400000e+01 5.085793e+01
    endloop
  endfacet
  facet normal -3.826834e-01 -8.497279e-17 9.238795e-01
    outer loop
      vertex   6.939992e+00 2.800000e+01 5.085793e+01
      vertex   6.939992e+00 2.400000e+01 5.085793e+01
      vertex   7.350000e+00 2.800000e+01 5.102776e+01
    endloop
  endfacet
  facet normal -3.826834e-01 -1.699456e-16 9.238795e-01
    outer loop
      vertex   7.350000e+00 2.800000e+01 5.102776e+01
      vertex   6.939992e+00 2.400000e+01 5.085793e+01
      vertex   7.350000e+00 2.400000e+01 5.102776e+01
    endloop
  endfacet
  facet normal -6.087614e-01 -2.703444e-16 7.933533e-01
    outer loop
      vertex   7.350000e+00 2.800000e+01 5.102776e+01
      vertex   7.350000e+00 2.400000e+01 5.102776e+01
      vertex   7.702082e+00 2.800000e+01 5.129792e+01
    endloop
  endfacet
  facet normal -6.087614e-01 0.000000e+00 7.933533e-01
    outer loop
      vertex   7.702082e+00 2.800000e+01 5.129792e+01
      vertex   7.350000e+00 2.400000e+01 5.102776e+01
      vertex   7.702082e+00 2.400000e+01 5.129792e+01
    endloop
  endfacet
  facet normal -7.933533e-01 0.000000e+00 6.087614e-01
    outer loop
      vertex   7.702082e+00 2.800000e+01 5.129792e+01
      vertex   7.702082e+00 2.400000e+01 5.129792e+01
      vertex   7.972243e+00 2.800000e+01 5.165000e+01
    endloop
  endfacet
  facet normal -7.933533e-01 0.000000e+00 6.087614e-01
    outer loop
      vertex   7.972243e+00 2.800000e+01 5.165000e+01
      vertex   7.702082e+00 2.400000e+01 5.129792e+01
      vertex   7.972243e+00 2.400000e+01 5.165000e+01
    endloop
  endfacet
  facet normal -9.238795e-01 0.000000e+00 3.826834e-01
    outer loop
      vertex   7.972243e+00 2.800000e+01 5.165000e+01
      vertex   7.972243e+00 2.400000e+01 5.165000e+01
      vertex   8.142074e+00 2.800000e+01 5.206001e+01
    endloop
  endfacet
  facet normal -9.238795e-01 0.000000e+00 3.826834e-01
    outer loop
      vertex   8.142074e+00 2.800000e+01 5.206001e+01
      vertex   7.972243e+00 2.400000e+01 5.165000e+01
      vertex   8.142074e+00 2.400000e+01 5.206001e+01
    endloop
  endfacet
  facet normal -9.914449e-01 0.000000e+00 1.305262e-01
    outer loop
      vertex   8.142074e+00 2.800000e+01 5.206001e+01
      vertex   8.142074e+00 2.400000e+01 5.206001e+01
      vertex   8.200000e+00 2.800000e+01 5.250000e+01
    endloop
  endfacet
  facet normal -9.914449e-01 0.000000e+00 1.305262e-01
    outer loop
      vertex   8.200000e+00 2.800000e+01 5.250000e+01
      vertex   8.142074e+00 2.400000e+01 5.206001e+01
      vertex   8.200000e+00 2.400000e+01 5.250000e+01
    endloop
  endfacet
  facet normal -9.914449e-01 -0.000000e+00 -1.305262e-01
    outer loop
      vertex   8.200000e+00 2.800000e+01 5.250000e+01
      vertex   8.200000e+00 2.400000e+01 5.250000e+01
      vertex   8.142074e+00 2.800000e+01 5.293999e+01
    endloop
  endfacet
  facet normal -9.914449e-01 -0.000000e+00 -1.305262e-01
    outer loop
      vertex   8.142074e+00 2.800000e+01 5.293999e+01
      vertex   8.200000e+00 2.400000e+01 5.250000e+01
      vertex   8.142074e+00 2.400000e+01 5.293999e+01
    endloop
  endfacet
  facet normal -9.238795e-01 -0.000000e+00 -3.826834e-01
    outer loop
      vertex   8.142074e+00 2.800000e+01 5.293999e+01
      vertex   8.142074e+00 2.400000e+01 5.293999e+01
      vertex   7.972243e+00 2.800000e+01 5.335000e+01
    endloop
  endfacet
  facet normal -9.238795e-01 -0.000000e+00 -3.826834e-01
    outer loop
      vertex   7.972243e+00 2.800000e+01 5.335000e+01
      vertex   8.142074e+00 2.400000e+01 5.293999e+01
      vertex   7.972243e+00 2.400000e+01 5.335000e+01
    endloop
  endfacet
  facet normal -7.933533e-01 -0.000000e+00 -6.087614e-01
    outer loop
      vertex   7.972243e+00 2.800000e+01 5.335000e+01
      vertex   7.972243e+00 2.400000e+01 5.335000e+01
      vertex   7.702082e+00 2.800000e+01 5.370208e+01
    endloop
  endfacet
  facet normal -7.933533e-01 -0.000000e+00 -6.087614e-01
    outer loop
      vertex   7.702082e+00 2.800000e+01 5.370208e+01
      vertex   7.972243e+00 2.400000e+01 5.335000e+01
      vertex   7.702082e+00 2.400000e+01 5.370208e+01
    endloop
  endfacet
  facet normal -6.087614e-01 -0.000000e+00 -7.933533e-01
    outer loop
      vertex   7.702082e+00 2.800000e+01 5.370208e+01
      vertex   7.702082e+00 2.400000e+01 5.370208e+01
      vertex   7.350000e+00 2.800000e+01 5.397224e+01
    endloop
  endfacet
  facet normal -6.087614e-01 2.703444e-16 -7.933533e-01
    outer loop
      vertex   7.350000e+00 2.800000e+01 5.397224e+01
      vertex   7.702082e+00 2.400000e+01 5.370208e+01
      vertex   7.350000e+00 2.400000e+01 5.397224e+01
    endloop
  endfacet
  facet normal -3.826834e-01 1.699456e-16 -9.238795e-01
    outer loop
      vertex   7.350000e+00 2.800000e+01 5.397224e+01
      vertex   7.350000e+00 2.400000e+01 5.397224e+01
      vertex   6.939992e+00 2.800000e+01 5.414207e+01
    endloop
  endfacet
  facet normal -3.826834e-01 8.497279e-17 -9.238795e-01
    outer loop
      vertex   6.939992e+00 2.800000e+01 5.414207e+01
      vertex   7.350000e+00 2.400000e+01 5.397224e+01
      vertex   6.939992e+00 2.400000e+01 5.414207e+01
    endloop
  endfacet
  facet normal -1.305262e-01 2.898264e-17 -9.914449e-01
    outer loop
      vertex   6.939992e+00 2.800000e+01 5.414207e+01
      vertex   6.939992e+00 2.400000e+01 5.414207e+01
      vertex   6.500000e+00 2.800000e+01 5.420000e+01
    endloop
  endfacet
  facet normal -1.305262e-01 -0.000000e+00 -9.914449e-01
    outer loop
      vertex   6.500000e+00 2.800000e+01 5.420000e+01
      vertex   6.939992e+00 2.400000e+01 5.414207e+01
      vertex   6.500000e+00 2.400000e+01 5.420000e+01
    endloop
  endfacet
  facet normal 1.305262e-01 0.000000e+00 -9.914449e-01
    outer loop
      vertex   6.500000e+00 2.800000e+01 5.420000e+01
      vertex   6.500000e+00 2.400000e+01 5.420000e+01
      vertex   6.060008e+00 2.800000e+01 5.414207e+01
    endloop
  endfacet
  facet normal 1.305262e-01 0.000000e+00 -9.914449e-01
    outer loop
      vertex   6.060008e+00 2.800000e+01 5.414207e+01
      vertex   6.500000e+00 2.400000e+01 5.420000e+01
      vertex   6.060008e+00 2.400000e+01 5.414207e+01
    endloop
  endfacet
  facet normal 3.826834e-01 0.000000e+00 -9.238795e-01
    outer loop
      vertex   6.060008e+00 2.800000e+01 5.414207e+01
      vertex   6.060008e+00 2.400000e+01 5.414207e+01
      vertex   5.650000e+00 2.800000e+01 5.397224e+01
    endloop
  endfacet
  facet normal 3.826834e-01 -8.497279e-17 -9.238795e-01
    outer loop
      vertex   5.650000e+00 2.800000e+01 5.397224e+01
      vertex   6.060008e+00 2.400000e+01 5.414207e+01
      vertex   5.650000e+00 2.400000e+01 5.397224e+01
    endloop
  endfacet
  facet normal 6.087614e-01 -1.351722e-16 -7.933533e-01
    outer loop
      vertex   5.650000e+00 2.800000e+01 5.397224e+01
      vertex   5.650000e+00 2.400000e+01 5.397224e+01
      vertex   5.297918e+00 2.800000e+01 5.370208e+01
    endloop
  endfacet
  facet normal 6.087614e-01 0.000000e+00 -7.933533e-01
    outer loop
      vertex   5.297918e+00 2.800000e+01 5.370208e+01
      vertex   5.650000e+00 2.400000e+01 5.397224e+01
      vertex   5.297918e+00 2.400000e+01 5.370208e+01
    endloop
  endfacet
  facet normal 7.933533e-01 0.000000e+00 -6.087614e-01
    outer loop
      vertex   5.297918e+00 2.800000e+01 5.370208e+01
      vertex   5.297918e+00 2.400000e+01 5.370208e+01
      vertex   5.027757e+00 2.800000e+01 5.335000e+01
    endloop
  endfacet
  facet normal 7.933533e-01 0.000000e+00 -6.087614e-01
    outer loop
      vertex   5.027757e+00 2.800000e+01 5.335000e+01
      vertex   5.297918e+00 2.400000e+01 5.370208e+01
      vertex   5.027757e+00 2.400000e+01 5.335000e+01
    endloop
  endfacet
  facet normal 9.238795e-01 0.000000e+00 -3.826834e-01
    outer loop
      vertex   5.027757e+00 2.800000e+01 5.335000e+01
      vertex   5.027757e+00 2.400000e+01 5.335000e+01
      vertex   4.857926e+00 2.800000e+01 5.293999e+01
    endloop
  endfacet
  facet normal 9.238795e-01 0.000000e+00 -3.826834e-01
    outer loop
      vertex   4.857926e+00 2.800000e+01 5.293999e+01
      vertex   5.027757e+00 2.400000e+01 5.335000e+01
      vertex   4.857926e+00 2.400000e+01 5.293999e+01
    endloop
  endfacet
  facet normal 9.987569e-01 -8.854408e-17 -4.984589e-02
    outer loop
      vertex   9.559631e+00 2.800000e+01 3.869481e+01
      vertex   9.559631e+00 2.400000e+01 3.869481e+01
      vertex   9.500000e+00 2.800000e+01 3.750000e+01
    endloop
  endfacet
  facet normal 9.987569e-01 0.000000e+00 -4.984589e-02
    outer loop
      vertex   9.500000e+00 2.800000e+01 3.750000e+01
      vertex   9.559631e+00 2.400000e+01 3.869481e+01
      vertex   9.500000e+00 2.400000e+01 3.750000e+01
    endloop
  endfacet
  facet normal 9.987569e-01 0.000000e+00 4.984589e-02
    outer loop
      vertex   9.500000e+00 2.800000e+01 3.750000e+01
      vertex   9.500000e+00 2.400000e+01 3.750000e+01
      vertex   9.559631e+00 2.800000e+01 3.630519e+01
    endloop
  endfacet
  facet normal 9.987569e-01 8.854408e-17 4.984589e-02
    outer loop
      vertex   9.559631e+00 2.800000e+01 3.630519e+01
      vertex   9.500000e+00 2.400000e+01 3.750000e+01
      vertex   9.559631e+00 2.400000e+01 3.630519e+01
    endloop
  endfacet
  facet normal 9.888308e-01 2.647522e-16 1.490423e-01
    outer loop
      vertex   9.559631e+00 2.800000e+01 3.630519e+01
      vertex   9.559631e+00 2.400000e+01 3.630519e+01
      vertex   9.737930e+00 2.800000e+01 3.512225e+01
    endloop
  endfacet
  facet normal 9.888308e-01 0.000000e+00 1.490423e-01
    outer loop
      vertex   9.737930e+00 2.800000e+01 3.512225e+01
      vertex   9.559631e+00 2.400000e+01 3.630519e+01
      vertex   9.737930e+00 2.400000e+01 3.512225e+01
    endloop
  endfacet
  facet normal 9.690773e-01 0.000000e+00 2.467574e-01
    outer loop
      vertex   9.737930e+00 2.800000e+01 3.512225e+01
      vertex   9.737930e+00 2.400000e+01 3.512225e+01
      vertex   1.003313e+01 2.800000e+01 3.396294e+01
    endloop
  endfacet
  facet normal 9.690773e-01 -4.303568e-16 2.467574e-01
    outer loop
      vertex   1.003313e+01 2.800000e+01 3.396294e+01
      vertex   9.737930e+00 2.400000e+01 3.512225e+01
      vertex   1.003313e+01 2.400000e+01 3.396294e+01
    endloop
  endfacet
  facet normal 9.396926e-01 -4.173074e-16 3.420201e-01
    outer loop
      vertex   1.003313e+01 2.800000e+01 3.396294e+01
      vertex   1.003313e+01 2.400000e+01 3.396294e+01
      vertex   1.044229e+01 2.800000e+01 3.283878e+01
    endloop
  endfacet
  facet normal 9.396926e-01 0.000000e+00 3.420201e-01
    outer loop
      vertex   1.044229e+01 2.800000e+01 3.283878e+01
      vertex   1.003313e+01 2.400000e+01 3.396294e+01
      vertex   1.044229e+01 2.400000e+01 3.283878e+01
    endloop
  endfacet
  facet normal 9.009689e-01 0.000000e+00 4.338837e-01
    outer loop
      vertex   1.044229e+01 2.800000e+01 3.283878e+01
      vertex   1.044229e+01 2.400000e+01 3.283878e+01
      vertex   1.096134e+01 2.800000e+01 3.176095e+01
    endloop
  endfacet
  facet normal 9.009689e-01 7.559880e-16 4.338837e-01
    outer loop
      vertex   1.096134e+01 2.800000e+01 3.176095e+01
      vertex   1.044229e+01 2.400000e+01 3.283878e+01
      vertex   1.096134e+01 2.400000e+01 3.176095e+01
    endloop
  endfacet
  facet normal 8.532909e-01 1.010445e-15 5.214352e-01
    outer loop
      vertex   1.096134e+01 2.800000e+01 3.176095e+01
      vertex   1.096134e+01 2.400000e+01 3.176095e+01
      vertex   1.158513e+01 2.800000e+01 3.074016e+01
    endloop
  endfacet
  facet normal 8.532909e-01 -2.947471e-16 5.214352e-01
    outer loop
      vertex   1.158513e+01 2.800000e+01 3.074016e+01
      vertex   1.096134e+01 2.400000e+01 3.176095e+01
      vertex   1.158513e+01 2.400000e+01 3.074016e+01
    endloop
  endfacet
  facet normal 7.971325e-01 -1.717098e-16 6.038044e-01
    outer loop
      vertex   1.158513e+01 2.800000e+01 3.074016e+01
      vertex   1.158513e+01 2.400000e+01 3.074016e+01
      vertex   1.230747e+01 2.800000e+01 2.978655e+01
    endloop
  endfacet
  facet normal 7.971325e-01 1.928664e-16 6.038044e-01
    outer loop
      vertex   1.230747e+01 2.800000e+01 2.978655e+01
      vertex   1.158513e+01 2.400000e+01 3.074016e+01
      vertex   1.230747e+01 2.400000e+01 2.978655e+01
    endloop
  endfacet
  facet normal 7.330519e-01 5.101825e-16 6.801727e-01
    outer loop
      vertex   1.230747e+01 2.800000e+01 2.978655e+01
      vertex   1.230747e+01 2.400000e+01 2.978655e+01
      vertex   1.312116e+01 2.800000e+01 2.890960e+01
    endloop
  endfacet
  facet normal 7.330519e-01 -4.696611e-17 6.801727e-01
    outer loop
      vertex   1.312116e+01 2.800000e+01 2.890960e+01
      vertex   1.230747e+01 2.400000e+01 2.978655e+01
      vertex   1.312116e+01 2.400000e+01 2.890960e+01
    endloop
  endfacet
  facet normal 6.616858e-01 7.824440e-17 7.497812e-01
    outer loop
      vertex   1.312116e+01 2.800000e+01 2.890960e+01
      vertex   1.312116e+01 2.400000e+01 2.890960e+01
      vertex   1.401812e+01 2.800000e+01 2.811802e+01
    endloop
  endfacet
  facet normal 6.616858e-01 0.000000e+00 7.497812e-01
    outer loop
      vertex   1.401812e+01 2.800000e+01 2.811802e+01
      vertex   1.312116e+01 2.400000e+01 2.890960e+01
      vertex   1.401812e+01 2.400000e+01 2.811802e+01
    endloop
  endfacet
  facet normal 5.837437e-01 0.000000e+00 8.119380e-01
    outer loop
      vertex   1.401812e+01 2.800000e+01 2.811802e+01
      vertex   1.401812e+01 2.400000e+01 2.811802e+01
      vertex   1.498944e+01 2.800000e+01 2.741969e+01
    endloop
  endfacet
  facet normal 5.837437e-01 -7.777028e-16 8.119380e-01
    outer loop
      vertex   1.498944e+01 2.800000e+01 2.741969e+01
      vertex   1.401812e+01 2.400000e+01 2.811802e+01
      vertex   1.498944e+01 2.400000e+01 2.741969e+01
    endloop
  endfacet
  facet normal 5.000000e-01 -6.661338e-16 8.660254e-01
    outer loop
      vertex   1.498944e+01 2.800000e+01 2.741969e+01
      vertex   1.498944e+01 2.400000e+01 2.741969e+01
      vertex   1.602547e+01 2.800000e+01 2.682154e+01
    endloop
  endfacet
  facet normal 5.000000e-01 0.000000e+00 8.660254e-01
    outer loop
      vertex   1.602547e+01 2.800000e+01 2.682154e+01
      vertex   1.498944e+01 2.400000e+01 2.741969e+01
      vertex   1.602547e+01 2.400000e+01 2.682154e+01
    endloop
  endfacet
  facet normal 4.112871e-01 0.000000e+00 9.115059e-01
    outer loop
      vertex   1.602547e+01 2.800000e+01 2.682154e+01
      vertex   1.602547e+01 2.400000e+01 2.682154e+01
      vertex   1.711591e+01 2.800000e+01 2.632952e+01
    endloop
  endfacet
  facet normal 4.112871e-01 -7.305927e-16 9.115059e-01
    outer loop
      vertex   1.711591e+01 2.800000e+01 2.632952e+01
      vertex   1.602547e+01 2.400000e+01 2.682154e+01
      vertex   1.711591e+01 2.400000e+01 2.632952e+01
    endloop
  endfacet
  facet normal 3.184867e-01 -5.657459e-16 9.479273e-01
    outer loop
      vertex   1.711591e+01 2.800000e+01 2.632952e+01
      vertex   1.711591e+01 2.400000e+01 2.632952e+01
      vertex   1.824991e+01 2.800000e+01 2.594851e+01
    endloop
  endfacet
  facet normal 3.184867e-01 5.590556e-16 9.479273e-01
    outer loop
      vertex   1.824991e+01 2.800000e+01 2.594851e+01
      vertex   1.711591e+01 2.400000e+01 2.632952e+01
      vertex   1.824991e+01 2.400000e+01 2.594851e+01
    endloop
  endfacet
  facet normal 2.225209e-01 6.682716e-16 9.749279e-01
    outer loop
      vertex   1.824991e+01 2.800000e+01 2.594851e+01
      vertex   1.824991e+01 2.400000e+01 2.594851e+01
      vertex   1.941622e+01 2.800000e+01 2.568231e+01
    endloop
  endfacet
  facet normal 2.225209e-01 2.729951e-16 9.749279e-01
    outer loop
      vertex   1.941622e+01 2.800000e+01 2.568231e+01
      vertex   1.824991e+01 2.400000e+01 2.594851e+01
      vertex   1.941622e+01 2.400000e+01 2.568231e+01
    endloop
  endfacet
  facet normal 1.243437e-01 5.499673e-16 9.922392e-01
    outer loop
      vertex   1.941622e+01 2.800000e+01 2.568231e+01
      vertex   1.941622e+01 2.400000e+01 2.568231e+01
      vertex   2.060324e+01 2.800000e+01 2.553355e+01
    endloop
  endfacet
  facet normal 1.243437e-01 -2.208788e-16 9.922392e-01
    outer loop
      vertex   2.060324e+01 2.800000e+01 2.553355e+01
      vertex   1.941622e+01 2.400000e+01 2.568231e+01
      vertex   2.060324e+01 2.400000e+01 2.553355e+01
    endloop
  endfacet
  facet normal 2.493069e-02 -4.428580e-17 9.996892e-01
    outer loop
      vertex   2.060324e+01 2.800000e+01 2.553355e+01
      vertex   2.060324e+01 2.400000e+01 2.553355e+01
      vertex   2.179917e+01 2.800000e+01 2.550373e+01
    endloop
  endfacet
  facet normal 2.493069e-02 0.000000e+00 9.996892e-01
    outer loop
      vertex   2.179917e+01 2.800000e+01 2.550373e+01
      vertex   2.060324e+01 2.400000e+01 2.553355e+01
      vertex   2.179917e+01 2.400000e+01 2.550373e+01
    endloop
  endfacet
  facet normal -7.473009e-02 0.000000e+00 9.972038e-01
    outer loop
      vertex   2.179917e+01 2.800000e+01 2.550373e+01
      vertex   2.179917e+01 2.400000e+01 2.550373e+01
      vertex   2.299212e+01 2.800000e+01 2.559313e+01
    endloop
  endfacet
  facet normal -7.473009e-02 6.637366e-17 9.972038e-01
    outer loop
      vertex   2.299212e+01 2.800000e+01 2.559313e+01
      vertex   2.179917e+01 2.400000e+01 2.550373e+01
      vertex   2.299212e+01 2.400000e+01 2.559313e+01
    endloop
  endfacet
  facet normal -1.736482e-01 1.542306e-16 9.848078e-01
    outer loop
      vertex   2.299212e+01 2.800000e+01 2.559313e+01
      vertex   2.299212e+01 2.400000e+01 2.559313e+01
      vertex   2.417025e+01 2.800000e+01 2.580087e+01
    endloop
  endfacet
  facet normal -1.736482e-01 0.000000e+00 9.848078e-01
    outer loop
      vertex   2.417025e+01 2.800000e+01 2.580087e+01
      vertex   2.299212e+01 2.400000e+01 2.559313e+01
      vertex   2.417025e+01 2.400000e+01 2.580087e+01
    endloop
  endfacet
  facet normal -2.708405e-01 0.000000e+00 9.626242e-01
    outer loop
      vertex   2.417025e+01 2.800000e+01 2.580087e+01
      vertex   2.417025e+01 2.400000e+01 2.580087e+01
      vertex   2.532184e+01 2.800000e+01 2.612487e+01
    endloop
  endfacet
  facet normal -2.708405e-01 7.216640e-16 9.626242e-01
    outer loop
      vertex   2.532184e+01 2.800000e+01 2.612487e+01
      vertex   2.417025e+01 2.400000e+01 2.580087e+01
      vertex   2.532184e+01 2.400000e+01 2.612487e+01
    endloop
  endfacet
  facet normal -3.653410e-01 9.734640e-16 9.308737e-01
    outer loop
      vertex   2.532184e+01 2.800000e+01 2.612487e+01
      vertex   2.532184e+01 2.400000e+01 2.612487e+01
      vertex   2.643545e+01 2.800000e+01 2.656193e+01
    endloop
  endfacet
  facet normal -3.653410e-01 0.000000e+00 9.308737e-01
    outer loop
      vertex   2.643545e+01 2.800000e+01 2.656193e+01
      vertex   2.532184e+01 2.400000e+01 2.612487e+01
      vertex   2.643545e+01 2.400000e+01 2.656193e+01
    endloop
  endfacet
  facet normal -4.562107e-01 0.000000e+00 8.898718e-01
    outer loop
      vertex   2.643545e+01 2.800000e+01 2.656193e+01
      vertex   2.643545e+01 2.400000e+01 2.656193e+01
      vertex   2.750000e+01 2.800000e+01 2.710770e+01
    endloop
  endfacet
  facet normal -4.562107e-01 2.002798e-17 8.898718e-01
    outer loop
      vertex   2.750000e+01 2.800000e+01 2.710770e+01
      vertex   2.643545e+01 2.400000e+01 2.656193e+01
      vertex   2.750000e+01 2.400000e+01 2.710770e+01
    endloop
  endfacet
  facet normal -5.425463e-01 2.176629e-16 8.400259e-01
    outer loop
      vertex   2.750000e+01 2.800000e+01 2.710770e+01
      vertex   2.750000e+01 2.400000e+01 2.710770e+01
      vertex   2.850492e+01 2.800000e+01 2.775674e+01
    endloop
  endfacet
  facet normal -5.425463e-01 0.000000e+00 8.400259e-01
    outer loop
      vertex   2.850492e+01 2.800000e+01 2.775674e+01
      vertex   2.750000e+01 2.400000e+01 2.710770e+01
      vertex   2.850492e+01 2.400000e+01 2.775674e+01
    endloop
  endfacet
  facet normal -6.234898e-01 0.000000e+00 7.818315e-01
    outer loop
      vertex   2.850492e+01 2.800000e+01 2.775674e+01
      vertex   2.850492e+01 2.400000e+01 2.775674e+01
      vertex   2.944023e+01 2.800000e+01 2.850263e+01
    endloop
  endfacet
  facet normal -6.234898e-01 4.131345e-16 7.818315e-01
    outer loop
      vertex   2.944023e+01 2.800000e+01 2.850263e+01
      vertex   2.850492e+01 2.400000e+01 2.775674e+01
      vertex   2.944023e+01 2.400000e+01 2.850263e+01
    endloop
  endfacet
  facet normal -6.982368e-01 6.045003e-16 7.158668e-01
    outer loop
      vertex   2.944023e+01 2.800000e+01 2.850263e+01
      vertex   2.944023e+01 2.400000e+01 2.850263e+01
      vertex   3.029662e+01 2.800000e+01 2.933793e+01
    endloop
  endfacet
  facet normal -6.982368e-01 -6.514761e-16 7.158668e-01
    outer loop
      vertex   3.029662e+01 2.800000e+01 2.933793e+01
      vertex   2.944023e+01 2.400000e+01 2.850263e+01
      vertex   3.029662e+01 2.400000e+01 2.933793e+01
    endloop
  endfacet
  facet normal -7.660444e-01 -4.614360e-16 6.427876e-01
    outer loop
      vertex   3.029662e+01 2.800000e+01 2.933793e+01
      vertex   3.029662e+01 2.400000e+01 2.933793e+01
      vertex   3.106559e+01 2.800000e+01 3.025435e+01
    endloop
  endfacet
  facet normal -7.660444e-01 2.189481e-16 6.427876e-01
    outer loop
      vertex   3.106559e+01 2.800000e+01 3.025435e+01
      vertex   3.029662e+01 2.400000e+01 2.933793e+01
      vertex   3.106559e+01 2.400000e+01 3.025435e+01
    endloop
  endfacet
  facet normal -8.262388e-01 4.670375e-16 5.633201e-01
    outer loop
      vertex   3.106559e+01 2.800000e+01 3.025435e+01
      vertex   3.106559e+01 2.400000e+01 3.025435e+01
      vertex   3.173949e+01 2.800000e+01 3.124278e+01
    endloop
  endfacet
  facet normal -8.262388e-01 -1.000657e-15 5.633201e-01
    outer loop
      vertex   3.173949e+01 2.800000e+01 3.124278e+01
      vertex   3.106559e+01 2.400000e+01 3.025435e+01
      vertex   3.173949e+01 2.400000e+01 3.124278e+01
    endloop
  endfacet
  facet normal -8.782216e-01 -8.495497e-16 4.782540e-01
    outer loop
      vertex   3.173949e+01 2.800000e+01 3.124278e+01
      vertex   3.173949e+01 2.400000e+01 3.124278e+01
      vertex   3.231163e+01 2.800000e+01 3.229340e+01
    endloop
  endfacet
  facet normal -8.782216e-01 0.000000e+00 4.782540e-01
    outer loop
      vertex   3.231163e+01 2.800000e+01 3.229340e+01
      vertex   3.173949e+01 2.400000e+01 3.124278e+01
      vertex   3.231163e+01 2.400000e+01 3.229340e+01
    endloop
  endfacet
  facet normal -9.214762e-01 0.000000e+00 3.884348e-01
    outer loop
      vertex   3.231163e+01 2.800000e+01 3.229340e+01
      vertex   3.231163e+01 2.400000e+01 3.229340e+01
      vertex   3.277631e+01 2.800000e+01 3.339576e+01
    endloop
  endfacet
  facet normal -9.214762e-01 9.468718e-16 3.884348e-01
    outer loop
      vertex   3.277631e+01 2.800000e+01 3.339576e+01
      vertex   3.231163e+01 2.400000e+01 3.229340e+01
      vertex   3.277631e+01 2.400000e+01 3.339576e+01
    endloop
  endfacet
  facet normal -9.555728e-01 1.173848e-15 2.947552e-01
    outer loop
      vertex   3.277631e+01 2.800000e+01 3.339576e+01
      vertex   3.277631e+01 2.400000e+01 3.339576e+01
      vertex   3.312893e+01 2.800000e+01 3.453891e+01
    endloop
  endfacet
  facet normal -9.555728e-01 -5.235904e-16 2.947552e-01
    outer loop
      vertex   3.312893e+01 2.800000e+01 3.453891e+01
      vertex   3.277631e+01 2.400000e+01 3.339576e+01
      vertex   3.312893e+01 2.400000e+01 3.453891e+01
    endloop
  endfacet
  facet normal -9.801725e-01 -3.519783e-16 1.981461e-01
    outer loop
      vertex   3.312893e+01 2.800000e+01 3.453891e+01
      vertex   3.312893e+01 2.400000e+01 3.453891e+01
      vertex   3.336597e+01 2.800000e+01 3.571149e+01
    endloop
  endfacet
  facet normal -9.801725e-01 1.037180e-15 1.981461e-01
    outer loop
      vertex   3.336597e+01 2.800000e+01 3.571149e+01
      vertex   3.312893e+01 2.400000e+01 3.453891e+01
      vertex   3.336597e+01 2.400000e+01 3.571149e+01
    endloop
  endfacet
  facet normal -9.950308e-01 1.413794e-15 9.956785e-02
    outer loop
      vertex   3.336597e+01 2.800000e+01 3.571149e+01
      vertex   3.336597e+01 2.400000e+01 3.571149e+01
      vertex   3.348508e+01 2.800000e+01 3.690185e+01
    endloop
  endfacet
  facet normal -9.950308e-01 0.000000e+00 9.956785e-02
    outer loop
      vertex   3.348508e+01 2.800000e+01 3.690185e+01
      vertex   3.336597e+01 2.400000e+01 3.571149e+01
      vertex   3.348508e+01 2.400000e+01 3.690185e+01
    endloop
  endfacet
  facet normal -1.000000e+00 0.000000e+00 0.000000e+00
    outer loop
      vertex   3.348508e+01 2.800000e+01 3.690185e+01
      vertex   3.348508e+01 2.400000e+01 3.690185e+01
      vertex   3.348508e+01 2.800000e+01 3.809815e+01
    endloop
  endfacet
  facet normal -1.000000e+00 0.000000e+00 0.000000e+00
    outer loop
      vertex   3.348508e+01 2.800000e+01 3.809815e+01
      vertex   3.348508e+01 2.400000e+01 3.690185e+01
      vertex   3.348508e+01 2.400000e+01 3.809815e+01
    endloop
  endfacet
  facet normal -9.950308e-01 1.768680e-16 -9.956785e-02
    outer loop
      vertex   3.348508e+01 2.800000e+01 3.809815e+01
      vertex   3.348508e+01 2.400000e+01 3.809815e+01
      vertex   3.336597e+01 2.800000e+01 3.928851e+01
    endloop
  endfacet
  facet normal -9.950308e-01 -1.590662e-15 -9.956785e-02
    outer loop
      vertex   3.336597e+01 2.800000e+01 3.928851e+01
      vertex   3.348508e+01 2.400000e+01 3.809815e+01
      vertex   3.336597e+01 2.400000e+01 3.928851e+01
    endloop
  endfacet
  facet normal -9.801725e-01 -1.389158e-15 -1.981461e-01
    outer loop
      vertex   3.336597e+01 2.800000e+01 3.928851e+01
      vertex   3.336597e+01 2.400000e+01 3.928851e+01
      vertex   3.312893e+01 2.800000e+01 4.046109e+01
    endloop
  endfacet
  facet normal -9.801725e-01 3.519783e-16 -1.981461e-01
    outer loop
      vertex   3.312893e+01 2.800000e+01 4.046109e+01
      vertex   3.336597e+01 2.400000e+01 3.928851e+01
      vertex   3.312893e+01 2.400000e+01 4.046109e+01
    endloop
  endfacet
  facet normal -9.555728e-01 5.235904e-16 -2.947552e-01
    outer loop
      vertex   3.312893e+01 2.800000e+01 4.046109e+01
      vertex   3.312893e+01 2.400000e+01 4.046109e+01
      vertex   3.277631e+01 2.800000e+01 4.160424e+01
    endloop
  endfacet
  facet normal -9.555728e-01 -1.697438e-15 -2.947552e-01
    outer loop
      vertex   3.277631e+01 2.800000e+01 4.160424e+01
      vertex   3.312893e+01 2.400000e+01 4.046109e+01
      vertex   3.277631e+01 2.400000e+01 4.160424e+01
    endloop
  endfacet
  facet normal -9.214762e-01 -1.636871e-15 -3.884348e-01
    outer loop
      vertex   3.277631e+01 2.800000e+01 4.160424e+01
      vertex   3.277631e+01 2.400000e+01 4.160424e+01
      vertex   3.231163e+01 2.800000e+01 4.270660e+01
    endloop
  endfacet
  facet normal -9.214762e-01 -0.000000e+00 -3.884348e-01
    outer loop
      vertex   3.231163e+01 2.800000e+01 4.270660e+01
      vertex   3.277631e+01 2.400000e+01 4.160424e+01
      vertex   3.231163e+01 2.400000e+01 4.270660e+01
    endloop
  endfacet
  facet normal -8.782216e-01 -0.000000e+00 -4.782540e-01
    outer loop
      vertex   3.231163e+01 2.800000e+01 4.270660e+01
      vertex   3.231163e+01 2.400000e+01 4.270660e+01
      vertex   3.173949e+01 2.800000e+01 4.375722e+01
    endloop
  endfacet
  facet normal -8.782216e-01 8.495497e-16 -4.782540e-01
    outer loop
      vertex   3.173949e+01 2.800000e+01 4.375722e+01
      vertex   3.231163e+01 2.400000e+01 4.270660e+01
      vertex   3.173949e+01 2.400000e+01 4.375722e+01
    endloop
  endfacet
  facet normal -8.262388e-01 1.000657e-15 -5.633201e-01
    outer loop
      vertex   3.173949e+01 2.800000e+01 4.375722e+01
      vertex   3.173949e+01 2.400000e+01 4.375722e+01
      vertex   3.106559e+01 2.800000e+01 4.474565e+01
    endloop
  endfacet
  facet normal -8.262388e-01 -1.467695e-15 -5.633201e-01
    outer loop
      vertex   3.106559e+01 2.800000e+01 4.474565e+01
      vertex   3.173949e+01 2.400000e+01 4.375722e+01
      vertex   3.106559e+01 2.400000e+01 4.474565e+01
    endloop
  endfacet
  facet normal -7.660444e-01 -1.360768e-15 -6.427876e-01
    outer loop
      vertex   3.106559e+01 2.800000e+01 4.474565e+01
      vertex   3.106559e+01 2.400000e+01 4.474565e+01
      vertex   3.029662e+01 2.800000e+01 4.566207e+01
    endloop
  endfacet
  facet normal -7.660444e-01 4.614360e-16 -6.427876e-01
    outer loop
      vertex   3.029662e+01 2.800000e+01 4.566207e+01
      vertex   3.106559e+01 2.400000e+01 4.474565e+01
      vertex   3.029662e+01 2.400000e+01 4.566207e+01
    endloop
  endfacet
  facet normal -6.982368e-01 6.514761e-16 -7.158668e-01
    outer loop
      vertex   3.029662e+01 2.800000e+01 4.566207e+01
      vertex   3.029662e+01 2.400000e+01 4.566207e+01
      vertex   2.944023e+01 2.800000e+01 4.649737e+01
    endloop
  endfacet
  facet normal -6.982368e-01 1.302952e-15 -7.158668e-01
    outer loop
      vertex   2.944023e+01 2.800000e+01 4.649737e+01
      vertex   3.029662e+01 2.400000e+01 4.566207e+01
      vertex   2.944023e+01 2.400000e+01 4.649737e+01
    endloop
  endfacet
  facet normal -6.234898e-01 1.670083e-15 -7.818315e-01
    outer loop
      vertex   2.944023e+01 2.800000e+01 4.649737e+01
      vertex   2.944023e+01 2.400000e+01 4.649737e+01
      vertex   2.850492e+01 2.800000e+01 4.724326e+01
    endloop
  endfacet
  facet normal -6.234898e-01 -0.000000e+00 -7.818315e-01
    outer loop
      vertex   2.850492e+01 2.800000e+01 4.724326e+01
      vertex   2.944023e+01 2.400000e+01 4.649737e+01
      vertex   2.850492e+01 2.400000e+01 4.724326e+01
    endloop
  endfacet
  facet normal -5.425463e-01 -0.000000e+00 -8.400259e-01
    outer loop
      vertex   2.850492e+01 2.800000e+01 4.724326e+01
      vertex   2.850492e+01 2.400000e+01 4.724326e+01
      vertex   2.750000e+01 2.800000e+01 4.789230e+01
    endloop
  endfacet
  facet normal -5.425463e-01 -9.637558e-16 -8.400259e-01
    outer loop
      vertex   2.750000e+01 2.800000e+01 4.789230e+01
      vertex   2.850492e+01 2.400000e+01 4.724326e+01
      vertex   2.750000e+01 2.400000e+01 4.789230e+01
    endloop
  endfacet
  facet normal -4.562107e-01 -8.103929e-16 -8.898718e-01
    outer loop
      vertex   2.750000e+01 2.800000e+01 4.789230e+01
      vertex   2.750000e+01 2.400000e+01 4.789230e+01
      vertex   2.643545e+01 2.800000e+01 4.843807e+01
    endloop
  endfacet
  facet normal -4.562107e-01 -0.000000e+00 -8.898718e-01
    outer loop
      vertex   2.643545e+01 2.800000e+01 4.843807e+01
      vertex   2.750000e+01 2.400000e+01 4.789230e+01
      vertex   2.643545e+01 2.400000e+01 4.843807e+01
    endloop
  endfacet
  facet normal -3.653410e-01 -0.000000e+00 -9.308737e-01
    outer loop
      vertex   2.643545e+01 2.800000e+01 4.843807e+01
      vertex   2.643545e+01 2.400000e+01 4.843807e+01
      vertex   2.532184e+01 2.800000e+01 4.887513e+01
    endloop
  endfacet
  facet normal -3.653410e-01 -9.734640e-16 -9.308737e-01
    outer loop
      vertex   2.532184e+01 2.800000e+01 4.887513e+01
      vertex   2.643545e+01 2.400000e+01 4.843807e+01
      vertex   2.532184e+01 2.400000e+01 4.887513e+01
    endloop
  endfacet
  facet normal -2.708405e-01 -7.216640e-16 -9.626242e-01
    outer loop
      vertex   2.532184e+01 2.800000e+01 4.887513e+01
      vertex   2.532184e+01 2.400000e+01 4.887513e+01
      vertex   2.417025e+01 2.800000e+01 4.919913e+01
    endloop
  endfacet
  facet normal -2.708405e-01 -0.000000e+00 -9.626242e-01
    outer loop
      vertex   2.417025e+01 2.800000e+01 4.919913e+01
      vertex   2.532184e+01 2.400000e+01 4.887513e+01
      vertex   2.417025e+01 2.400000e+01 4.919913e+01
    endloop
  endfacet
  facet normal -1.736482e-01 -0.000000e+00 -9.848078e-01
    outer loop
      vertex   2.417025e+01 2.800000e+01 4.919913e+01
      vertex   2.417025e+01 2.400000e+01 4.919913e+01
      vertex   2.299212e+01 2.800000e+01 4.940687e+01
    endloop
  endfacet
  facet normal -1.736482e-01 -1.542306e-16 -9.848078e-01
    outer loop
      vertex   2.299212e+01 2.800000e+01 4.940687e+01
      vertex   2.417025e+01 2.400000e+01 4.919913e+01
      vertex   2.299212e+01 2.400000e+01 4.940687e+01
    endloop
  endfacet
  facet normal -7.473009e-02 -6.637366e-17 -9.972038e-01
    outer loop
      vertex   2.299212e+01 2.800000e+01 4.940687e+01
      vertex   2.299212e+01 2.400000e+01 4.940687e+01
      vertex   2.179917e+01 2.800000e+01 4.949627e+01
    endloop
  endfacet
  facet normal -7.473009e-02 -0.000000e+00 -9.972038e-01
    outer loop
      vertex   2.179917e+01 2.800000e+01 4.949627e+01
      vertex   2.299212e+01 2.400000e+01 4.940687e+01
      vertex   2.179917e+01 2.400000e+01 4.949627e+01
    endloop
  endfacet
  facet normal 2.493069e-02 0.000000e+00 -9.996892e-01
    outer loop
      vertex   2.179917e+01 2.800000e+01 4.949627e+01
      vertex   2.179917e+01 2.400000e+01 4.949627e+01
      vertex   2.060324e+01 2.800000e+01 4.946645e+01
    endloop
  endfacet
  facet normal 2.493069e-02 4.428580e-17 -9.996892e-01
    outer loop
      vertex   2.060324e+01 2.800000e+01 4.946645e+01
      vertex   2.179917e+01 2.400000e+01 4.949627e+01
      vertex   2.060324e+01 2.400000e+01 4.946645e+01
    endloop
  endfacet
  facet normal 1.243437e-01 2.208788e-16 -9.922392e-01
    outer loop
      vertex   2.060324e+01 2.800000e+01 4.946645e+01
      vertex   2.060324e+01 2.400000e+01 4.946645e+01
      vertex   1.941622e+01 2.800000e+01 4.931769e+01
    endloop
  endfacet
  facet normal 1.243437e-01 3.313182e-16 -9.922392e-01
    outer loop
      vertex   1.941622e+01 2.800000e+01 4.931769e+01
      vertex   2.060324e+01 2.400000e+01 4.946645e+01
      vertex   1.941622e+01 2.400000e+01 4.931769e+01
    endloop
  endfacet
  facet normal 2.225209e-01 5.929149e-16 -9.749279e-01
    outer loop
      vertex   1.941622e+01 2.800000e+01 4.931769e+01
      vertex   1.941622e+01 2.400000e+01 4.931769e+01
      vertex   1.824991e+01 2.800000e+01 4.905149e+01
    endloop
  endfacet
  facet normal 2.225209e-01 -1.534182e-15 -9.749279e-01
    outer loop
      vertex   1.824991e+01 2.800000e+01 4.905149e+01
      vertex   1.941622e+01 2.400000e+01 4.931769e+01
      vertex   1.824991e+01 2.400000e+01 4.905149e+01
    endloop
  endfacet
  facet normal 3.184867e-01 -1.400984e-15 -9.479273e-01
    outer loop
      vertex   1.824991e+01 2.800000e+01 4.905149e+01
      vertex   1.824991e+01 2.400000e+01 4.905149e+01
      vertex   1.711591e+01 2.800000e+01 4.867048e+01
    endloop
  endfacet
  facet normal 3.184867e-01 5.657459e-16 -9.479273e-01
    outer loop
      vertex   1.711591e+01 2.800000e+01 4.867048e+01
      vertex   1.824991e+01 2.400000e+01 4.905149e+01
      vertex   1.711591e+01 2.400000e+01 4.867048e+01
    endloop
  endfacet
  facet normal 4.112871e-01 7.305927e-16 -9.115059e-01
    outer loop
      vertex   1.711591e+01 2.800000e+01 4.867048e+01
      vertex   1.711591e+01 2.400000e+01 4.867048e+01
      vertex   1.602547e+01 2.800000e+01 4.817846e+01
    endloop
  endfacet
  facet normal 4.112871e-01 0.000000e+00 -9.115059e-01
    outer loop
      vertex   1.602547e+01 2.800000e+01 4.817846e+01
      vertex   1.711591e+01 2.400000e+01 4.867048e+01
      vertex   1.602547e+01 2.400000e+01 4.817846e+01
    endloop
  endfacet
  facet normal 5.000000e-01 0.000000e+00 -8.660254e-01
    outer loop
      vertex   1.602547e+01 2.800000e+01 4.817846e+01
      vertex   1.602547e+01 2.400000e+01 4.817846e+01
      vertex   1.498944e+01 2.800000e+01 4.758031e+01
    endloop
  endfacet
  facet normal 5.000000e-01 6.661338e-16 -8.660254e-01
    outer loop
      vertex   1.498944e+01 2.800000e+01 4.758031e+01
      vertex   1.602547e+01 2.400000e+01 4.817846e+01
      vertex   1.498944e+01 2.400000e+01 4.758031e+01
    endloop
  endfacet
  facet normal 5.837437e-01 7.777028e-16 -8.119380e-01
    outer loop
      vertex   1.498944e+01 2.800000e+01 4.758031e+01
      vertex   1.498944e+01 2.400000e+01 4.758031e+01
      vertex   1.401812e+01 2.800000e+01 4.688198e+01
    endloop
  endfacet
  facet normal 5.837437e-01 0.000000e+00 -8.119380e-01
    outer loop
      vertex   1.401812e+01 2.800000e+01 4.688198e+01
      vertex   1.498944e+01 2.400000e+01 4.758031e+01
      vertex   1.401812e+01 2.400000e+01 4.688198e+01
    endloop
  endfacet
  facet normal 6.616858e-01 0.000000e+00 -7.497812e-01
    outer loop
      vertex   1.401812e+01 2.800000e+01 4.688198e+01
      vertex   1.401812e+01 2.400000e+01 4.688198e+01
      vertex   1.312116e+01 2.800000e+01 4.609040e+01
    endloop
  endfacet
  facet normal 6.616858e-01 -7.441839e-16 -7.497812e-01
    outer loop
      vertex   1.312116e+01 2.800000e+01 4.609040e+01
      vertex   1.401812e+01 2.400000e+01 4.688198e+01
      vertex   1.312116e+01 2.400000e+01 4.609040e+01
    endloop
  endfacet
  facet normal 7.330519e-01 -5.571486e-16 -6.801727e-01
    outer loop
      vertex   1.312116e+01 2.800000e+01 4.609040e+01
      vertex   1.312116e+01 2.400000e+01 4.609040e+01
      vertex   1.230747e+01 2.800000e+01 4.521345e+01
    endloop
  endfacet
  facet normal 7.330519e-01 9.393221e-17 -6.801727e-01
    outer loop
      vertex   1.230747e+01 2.800000e+01 4.521345e+01
      vertex   1.312116e+01 2.400000e+01 4.609040e+01
      vertex   1.230747e+01 2.400000e+01 4.521345e+01
    endloop
  endfacet
  facet normal 7.971325e-01 3.434197e-16 -6.038044e-01
    outer loop
      vertex   1.230747e+01 2.800000e+01 4.521345e+01
      vertex   1.230747e+01 2.400000e+01 4.521345e+01
      vertex   1.158513e+01 2.800000e+01 4.425984e+01
    endloop
  endfacet
  facet normal 7.971325e-01 7.079959e-16 -6.038044e-01
    outer loop
      vertex   1.158513e+01 2.800000e+01 4.425984e+01
      vertex   1.230747e+01 2.400000e+01 4.521345e+01
      vertex   1.158513e+01 2.400000e+01 4.425984e+01
    endloop
  endfacet
  facet normal 8.532909e-01 7.578745e-16 -5.214352e-01
    outer loop
      vertex   1.158513e+01 2.800000e+01 4.425984e+01
      vertex   1.158513e+01 2.400000e+01 4.425984e+01
      vertex   1.096134e+01 2.800000e+01 4.323905e+01
    endloop
  endfacet
  facet normal 8.532909e-01 -5.473177e-16 -5.214352e-01
    outer loop
      vertex   1.096134e+01 2.800000e+01 4.323905e+01
      vertex   1.158513e+01 2.400000e+01 4.425984e+01
      vertex   1.096134e+01 2.400000e+01 4.323905e+01
    endloop
  endfacet
  facet normal 9.009689e-01 -3.706218e-16 -4.338837e-01
    outer loop
      vertex   1.096134e+01 2.800000e+01 4.323905e+01
      vertex   1.096134e+01 2.400000e+01 4.323905e+01
      vertex   1.044229e+01 2.800000e+01 4.216122e+01
    endloop
  endfacet
  facet normal 9.009689e-01 0.000000e+00 -4.338837e-01
    outer loop
      vertex   1.044229e+01 2.800000e+01 4.216122e+01
      vertex   1.096134e+01 2.400000e+01 4.323905e+01
      vertex   1.044229e+01 2.400000e+01 4.216122e+01
    endloop
  endfacet
  facet normal 9.396926e-01 0.000000e+00 -3.420201e-01
    outer loop
      vertex   1.044229e+01 2.800000e+01 4.216122e+01
      vertex   1.044229e+01 2.400000e+01 4.216122e+01
      vertex   1.003313e+01 2.800000e+01 4.103706e+01
    endloop
  endfacet
  facet normal 9.396926e-01 -7.977923e-16 -3.420201e-01
    outer loop
      vertex   1.003313e+01 2.800000e+01 4.103706e+01
      vertex   1.044229e+01 2.400000e+01 4.216122e+01
      vertex   1.003313e+01 2.400000e+01 4.103706e+01
    endloop
  endfacet
  facet normal 9.690773e-01 -4.463016e-16 -2.467574e-01
    outer loop
      vertex   1.003313e+01 2.800000e+01 4.103706e+01
      vertex   1.003313e+01 2.400000e+01 4.103706e+01
      vertex   9.737930e+00 2.800000e+01 3.987775e+01
    endloop
  endfacet
  facet normal 9.690773e-01 0.000000e+00 -2.467574e-01
    outer loop
      vertex   9.737930e+00 2.800000e+01 3.987775e+01
      vertex   1.003313e+01 2.400000e+01 4.103706e+01
      vertex   9.737930e+00 2.400000e+01 3.987775e+01
    endloop
  endfacet
  facet normal 9.888308e-01 0.000000e+00 -1.490423e-01
    outer loop
      vertex   9.737930e+00 2.800000e+01 3.987775e+01
      vertex   9.737930e+00 2.400000e+01 3.987775e+01
      vertex   9.559631e+00 2.800000e+01 3.869481e+01
    endloop
  endfacet
  facet normal 9.888308e-01 -2.647522e-16 -1.490423e-01
    outer loop
      vertex   9.559631e+00 2.800000e+01 3.869481e+01
      vertex   9.737930e+00 2.400000e+01 3.987775e+01
      vertex   9.559631e+00 2.400000e+01 3.869481e+01
    endloop
  endfacet
  facet normal -4.504855e-14 -1.000000e+00 -4.560930e-14
    outer loop
      vertex   3.654548e+01 -4.000000e+00 6.414110e+00
      vertex   3.660000e+01 -4.000000e+00 6.000000e+00
      vertex   4.300000e+01 -4.000000e+00 -2.449294e-16
    endloop
  endfacet
  facet normal 3.107357e-14 -1.000000e+00 3.558763e-14
    outer loop
      vertex   4.300000e+01 -4.000000e+00 -2.449294e-16
      vertex   3.660000e+01 -4.000000e+00 6.000000e+00
      vertex   3.654548e+01 -4.000000e+00 5.585890e+00
    endloop
  endfacet
  facet normal 2.025892e-16 -1.000000e+00 -8.391520e-17
    outer loop
      vertex   4.300000e+01 -4.000000e+00 -2.449294e-16
      vertex   3.654548e+01 -4.000000e+00 5.585890e+00
      vertex   3.638564e+01 -4.000000e+00 5.200000e+00
    endloop
  endfacet
  facet normal 1.675104e-16 -1.000000e+00 -1.285352e-16
    outer loop
      vertex   3.638564e+01 -4.000000e+00 5.200000e+00
      vertex   3.613137e+01 -4.000000e+00 4.868629e+00
      vertex   4.300000e+01 -4.000000e+00 -2.449294e-16
    endloop
  endfacet
  facet normal 1.344345e-16 -1.000000e+00 -1.751984e-16
    outer loop
      vertex   4.300000e+01 -4.000000e+00 -2.449294e-16
      vertex   3.613137e+01 -4.000000e+00 4.868629e+00
      vertex   3.580000e+01 -4.000000e+00 4.614359e+00
    endloop
  endfacet
  facet normal 9.685671e-17 -1.000000e+00 -2.338328e-16
    outer loop
      vertex   4.300000e+01 -4.000000e+00 -2.449294e-16
      vertex   3.580000e+01 -4.000000e+00 4.614359e+00
      vertex   3.541411e+01 -4.000000e+00 4.454519e+00
    endloop
  endfacet
  facet normal 4.288509e-17 -1.000000e+00 -3.257446e-16
    outer loop
      vertex   3.541411e+01 -4.000000e+00 4.454519e+00
      vertex   3.500000e+01 -4.000000e+00 4.400000e+00
      vertex   4.300000e+01 -4.000000e+00 -2.449294e-16
    endloop
  endfacet
  facet normal -6.987666e-17 -1.000000e+00 -5.307659e-16
    outer loop
      vertex   4.300000e+01 -4.000000e+00 -2.449294e-16
      vertex   3.500000e+01 -4.000000e+00 4.400000e+00
      vertex   3.458589e+01 -4.000000e+00 4.454519e+00
    endloop
  endfacet
  facet normal -0.000000e+00 -1.000000e+00 -3.987764e-16
    outer loop
      vertex   4.300000e+01 -4.000000e+00 -2.449294e-16
      vertex   3.458589e+01 -4.000000e+00 4.454519e+00
      vertex   0.000000e+00 -4.000000e+00 -2.449294e-16
    endloop
  endfacet
  facet normal -5.413229e-32 -1.000000e+00 -3.987764e-16
    outer loop
      vertex   0.000000e+00 -4.000000e+00 -2.449294e-16
      vertex   3.458589e+01 -4.000000e+00 4.454519e+00
      vertex   8.414110e+00 -4.000000e+00 4.454519e+00
    endloop
  endfacet
  facet normal 6.987666e-17 -1.000000e+00 -5.307659e-16
    outer loop
      vertex   0.000000e+00 -4.000000e+00 -2.449294e-16
      vertex   8.414110e+00 -4.000000e+00 4.454519e+00
      vertex   8.000000e+00 -4.000000e+00 4.400000e+00
    endloop
  endfacet
  facet normal 0.000000e+00 -1.000000e+00 0.000000e+00
    outer loop
      vertex   8.414110e+00 -4.000000e+00 4.454519e+00
      vertex   3.458589e+01 -4.000000e+00 4.454519e+00
      vertex   8.800000e+00 -4.000000e+00 4.614359e+00
    endloop
  endfacet
  facet normal 0.000000e+00 -1.000000e+00 0.000000e+00
    outer loop
      vertex   8.800000e+00 -4.000000e+00 4.614359e+00
      vertex   3.458589e+01 -4.000000e+00 4.454519e+00
      vertex   3.420000e+01 -4.000000e+00 4.614359e+00
    endloop
  endfacet
  facet normal 0.000000e+00 -1.000000e+00 0.000000e+00
    outer loop
      vertex   8.800000e+00 -4.000000e+00 4.614359e+00
      vertex   3.420000e+01 -4.000000e+00 4.614359e+00
      vertex   3.386863e+01 -4.000000e+00 4.868629e+00
    endloop
  endfacet
  facet normal 0.000000e+00 -1.000000e+00 0.000000e+00
    outer loop
      vertex   8.800000e+00 -4.000000e+00 4.614359e+00
      vertex   3.386863e+01 -4.000000e+00 4.868629e+00
      vertex   9.131371e+00 -4.000000e+00 4.868629e+00
    endloop
  endfacet
  facet normal 0.000000e+00 -1.000000e+00 0.000000e+00
    outer loop
      vertex   9.131371e+00 -4.000000e+00 4.868629e+00
      vertex   3.386863e+01 -4.000000e+00 4.868629e+00
      vertex   3.361436e+01 -4.000000e+00 5.200000e+00
    endloop
  endfacet
  facet normal 0.000000e+00 -1.000000e+00 0.000000e+00
    outer loop
      vertex   9.131371e+00 -4.000000e+00 4.868629e+00
      vertex   3.361436e+01 -4.000000e+00 5.200000e+00
      vertex   9.385641e+00 -4.000000e+00 5.200000e+00
    endloop
  endfacet
  facet normal 0.000000e+00 -1.000000e+00 0.000000e+00
    outer loop
      vertex   9.385641e+00 -4.000000e+00 5.200000e+00
      vertex   3.361436e+01 -4.000000e+00 5.200000e+00
      vertex   3.345452e+01 -4.000000e+00 5.585890e+00
    endloop
  endfacet
  facet normal 0.000000e+00 -1.000000e+00 0.000000e+00
    outer loop
      vertex   9.385641e+00 -4.000000e+00 5.200000e+00
      vertex   3.345452e+01 -4.000000e+00 5.585890e+00
      vertex   9.545481e+00 -4.000000e+00 5.585890e+00
    endloop
  endfacet
  facet normal 0.000000e+00 -1.000000e+00 0.000000e+00
    outer loop
      vertex   9.545481e+00 -4.000000e+00 5.585890e+00
      vertex   3.345452e+01 -4.000000e+00 5.585890e+00
      vertex   3.340000e+01 -4.000000e+00 6.000000e+00
    endloop
  endfacet
  facet normal -6.903908e-16 -1.000000e+00 3.976944e-14
    outer loop
      vertex   9.545481e+00 -4.000000e+00 5.585890e+00
      vertex   3.340000e+01 -4.000000e+00 6.000000e+00
      vertex   9.600000e+00 -4.000000e+00 6.000000e+00
    endloop
  endfacet
  facet normal -6.903908e-16 -1.000000e+00 -3.976944e-14
    outer loop
      vertex   9.600000e+00 -4.000000e+00 6.000000e+00
      vertex   3.340000e+01 -4.000000e+00 6.000000e+00
      vertex   9.545481e+00 -4.000000e+00 6.414110e+00
    endloop
  endfacet
  facet normal 0.000000e+00 -1.000000e+00 0.000000e+00
    outer loop
      vertex   9.545481e+00 -4.000000e+00 6.414110e+00
      vertex   3.340000e+01 -4.000000e+00 6.000000e+00
      vertex   3.345452e+01 -4.000000e+00 6.414110e+00
    endloop
  endfacet
  facet normal 0.000000e+00 -1.000000e+00 0.000000e+00
    outer loop
      vertex   9.545481e+00 -4.000000e+00 6.414110e+00
      vertex   3.345452e+01 -4.000000e+00 6.414110e+00
      vertex   9.385641e+00 -4.000000e+00 6.800000e+00
    endloop
  endfacet
  facet normal 0.000000e+00 -1.000000e+00 0.000000e+00
    outer loop
      vertex   9.385641e+00 -4.000000e+00 6.800000e+00
      vertex   3.345452e+01 -4.000000e+00 6.414110e+00
      vertex   3.361436e+01 -4.000000e+00 6.800000e+00
    endloop
  endfacet
  facet normal 0.000000e+00 -1.000000e+00 0.000000e+00
    outer loop
      vertex   9.385641e+00 -4.000000e+00 6.800000e+00
      vertex   3.361436e+01 -4.000000e+00 6.800000e+00
      vertex   9.131371e+00 -4.000000e+00 7.131371e+00
    endloop
  endfacet
  facet normal 0.000000e+00 -1.000000e+00 0.000000e+00
    outer loop
      vertex   9.131371e+00 -4.000000e+00 7.131371e+00
      vertex   3.361436e+01 -4.000000e+00 6.800000e+00
      vertex   3.386863e+01 -4.000000e+00 7.131371e+00
    endloop
  endfacet
  facet normal 0.000000e+00 -1.000000e+00 0.000000e+00
    outer loop
      vertex   9.131371e+00 -4.000000e+00 7.131371e+00
      vertex   3.386863e+01 -4.000000e+00 7.131371e+00
      vertex   3.420000e+01 -4.000000e+00 7.385641e+00
    endloop
  endfacet
  facet normal 0.000000e+00 -1.000000e+00 0.000000e+00
    outer loop
      vertex   9.131371e+00 -4.000000e+00 7.131371e+00
      vertex   3.420000e+01 -4.000000e+00 7.385641e+00
      vertex   8.800000e+00 -4.000000e+00 7.385641e+00
    endloop
  endfacet
  facet normal 0.000000e+00 -1.000000e+00 0.000000e+00
    outer loop
      vertex   8.800000e+00 -4.000000e+00 7.385641e+00
      vertex   3.420000e+01 -4.000000e+00 7.385641e+00
      vertex   3.458589e+01 -4.000000e+00 7.545481e+00
    endloop
  endfacet
  facet normal 0.000000e+00 -1.000000e+00 0.000000e+00
    outer loop
      vertex   8.800000e+00 -4.000000e+00 7.385641e+00
      vertex   3.458589e+01 -4.000000e+00 7.545481e+00
      vertex   8.414110e+00 -4.000000e+00 7.545481e+00
    endloop
  endfacet
  facet normal 0.000000e+00 -1.000000e+00 0.000000e+00
    outer loop
      vertex   8.414110e+00 -4.000000e+00 7.545481e+00
      vertex   3.458589e+01 -4.000000e+00 7.545481e+00
      vertex   0.000000e+00 -4.000000e+00 1.600000e+01
    endloop
  endfacet
  facet normal 0.000000e+00 -1.000000e+00 0.000000e+00
    outer loop
      vertex   8.414110e+00 -4.000000e+00 7.545481e+00
      vertex   0.000000e+00 -4.000000e+00 1.600000e+01
      vertex   8.000000e+00 -4.000000e+00 7.600000e+00
    endloop
  endfacet
  facet normal -0.000000e+00 -1.000000e+00 0.000000e+00
    outer loop
      vertex   8.000000e+00 -4.000000e+00 7.600000e+00
      vertex   0.000000e+00 -4.000000e+00 1.600000e+01
      vertex   7.585890e+00 -4.000000e+00 7.545481e+00
    endloop
  endfacet
  facet normal -0.000000e+00 -1.000000e+00 0.000000e+00
    outer loop
      vertex   7.585890e+00 -4.000000e+00 7.545481e+00
      vertex   0.000000e+00 -4.000000e+00 1.600000e+01
      vertex   7.200000e+00 -4.000000e+00 7.385641e+00
    endloop
  endfacet
  facet normal -0.000000e+00 -1.000000e+00 0.000000e+00
    outer loop
      vertex   7.200000e+00 -4.000000e+00 7.385641e+00
      vertex   0.000000e+00 -4.000000e+00 1.600000e+01
      vertex   6.868629e+00 -4.000000e+00 7.131371e+00
    endloop
  endfacet
  facet normal -0.000000e+00 -1.000000e+00 0.000000e+00
    outer loop
      vertex   6.868629e+00 -4.000000e+00 7.131371e+00
      vertex   0.000000e+00 -4.000000e+00 1.600000e+01
      vertex   6.614359e+00 -4.000000e+00 6.800000e+00
    endloop
  endfacet
  facet normal -0.000000e+00 -1.000000e+00 0.000000e+00
    outer loop
      vertex   6.614359e+00 -4.000000e+00 6.800000e+00
      vertex   0.000000e+00 -4.000000e+00 1.600000e+01
      vertex   6.454519e+00 -4.000000e+00 6.414110e+00
    endloop
  endfacet
  facet normal -1.648841e-16 -1.000000e+00 -1.110223e-16
    outer loop
      vertex   6.454519e+00 -4.000000e+00 6.414110e+00
      vertex   0.000000e+00 -4.000000e+00 1.600000e+01
      vertex   0.000000e+00 -4.000000e+00 -2.449294e-16
    endloop
  endfacet
  facet normal -3.166363e-16 -1.000000e+00 4.168597e-17
    outer loop
      vertex   6.454519e+00 -4.000000e+00 6.414110e+00
      vertex   0.000000e+00 -4.000000e+00 -2.449294e-16
      vertex   6.400000e+00 -4.000000e+00 6.000000e+00
    endloop
  endfacet
  facet normal -2.470623e-16 -1.000000e+00 -3.252637e-17
    outer loop
      vertex   6.400000e+00 -4.000000e+00 6.000000e+00
      vertex   0.000000e+00 -4.000000e+00 -2.449294e-16
      vertex   6.454519e+00 -4.000000e+00 5.585890e+00
    endloop
  endfacet
  facet normal -2.025892e-16 -1.000000e+00 -8.391520e-17
    outer loop
      vertex   6.454519e+00 -4.000000e+00 5.585890e+00
      vertex   0.000000e+00 -4.000000e+00 -2.449294e-16
      vertex   6.614359e+00 -4.000000e+00 5.200000e+00
    endloop
  endfacet
  facet normal -1.675104e-16 -1.000000e+00 -1.285352e-16
    outer loop
      vertex   6.614359e+00 -4.000000e+00 5.200000e+00
      vertex   0.000000e+00 -4.000000e+00 -2.449294e-16
      vertex   6.868629e+00 -4.000000e+00 4.868629e+00
    endloop
  endfacet
  facet normal -1.344345e-16 -1.000000e+00 -1.751984e-16
    outer loop
      vertex   6.868629e+00 -4.000000e+00 4.868629e+00
      vertex   0.000000e+00 -4.000000e+00 -2.449294e-16
      vertex   7.200000e+00 -4.000000e+00 4.614359e+00
    endloop
  endfacet
  facet normal -9.685671e-17 -1.000000e+00 -2.338328e-16
    outer loop
      vertex   7.200000e+00 -4.000000e+00 4.614359e+00
      vertex   0.000000e+00 -4.000000e+00 -2.449294e-16
      vertex   7.585890e+00 -4.000000e+00 4.454519e+00
    endloop
  endfacet
  facet normal -4.288509e-17 -1.000000e+00 -3.257446e-16
    outer loop
      vertex   7.585890e+00 -4.000000e+00 4.454519e+00
      vertex   0.000000e+00 -4.000000e+00 -2.449294e-16
      vertex   8.000000e+00 -4.000000e+00 4.400000e+00
    endloop
  endfacet
  facet normal 0.000000e+00 -1.000000e+00 0.000000e+00
    outer loop
      vertex   0.000000e+00 -4.000000e+00 1.600000e+01
      vertex   3.458589e+01 -4.000000e+00 7.545481e+00
      vertex   4.300000e+01 -4.000000e+00 1.600000e+01
    endloop
  endfacet
  facet normal 0.000000e+00 -1.000000e+00 0.000000e+00
    outer loop
      vertex   4.300000e+01 -4.000000e+00 1.600000e+01
      vertex   3.458589e+01 -4.000000e+00 7.545481e+00
      vertex   3.500000e+01 -4.000000e+00 7.600000e+00
    endloop
  endfacet
  facet normal 0.000000e+00 -1.000000e+00 0.000000e+00
    outer loop
      vertex   4.300000e+01 -4.000000e+00 1.600000e+01
      vertex   3.500000e+01 -4.000000e+00 7.600000e+00
      vertex   3.541411e+01 -4.000000e+00 7.545481e+00
    endloop
  endfacet
  facet normal 0.000000e+00 -1.000000e+00 0.000000e+00
    outer loop
      vertex   3.541411e+01 -4.000000e+00 7.545481e+00
      vertex   3.580000e+01 -4.000000e+00 7.385641e+00
      vertex   4.300000e+01 -4.000000e+00 1.600000e+01
    endloop
  endfacet
  facet normal 0.000000e+00 -1.000000e+00 0.000000e+00
    outer loop
      vertex   4.300000e+01 -4.000000e+00 1.600000e+01
      vertex   3.580000e+01 -4.000000e+00 7.385641e+00
      vertex   3.613137e+01 -4.000000e+00 7.131371e+00
    endloop
  endfacet
  facet normal 0.000000e+00 -1.000000e+00 0.000000e+00
    outer loop
      vertex   4.300000e+01 -4.000000e+00 1.600000e+01
      vertex   3.613137e+01 -4.000000e+00 7.131371e+00
      vertex   3.638564e+01 -4.000000e+00 6.800000e+00
    endloop
  endfacet
  facet normal 0.000000e+00 -1.000000e+00 0.000000e+00
    outer loop
      vertex   3.638564e+01 -4.000000e+00 6.800000e+00
      vertex   3.654548e+01 -4.000000e+00 6.414110e+00
      vertex   4.300000e+01 -4.000000e+00 1.600000e+01
    endloop
  endfacet
  facet normal 1.648841e-16 -1.000000e+00 -1.110223e-16
    outer loop
      vertex   4.300000e+01 -4.000000e+00 1.600000e+01
      vertex   3.654548e+01 -4.000000e+00 6.414110e+00
      vertex   4.300000e+01 -4.000000e+00 -2.449294e-16
    endloop
  endfacet
  facet normal 0.000000e+00 -6.344132e-17 1.000000e+00
    outer loop
      vertex   0.000000e+00 2.400000e+01 1.600000e+01
      vertex   0.000000e+00 -4.000000e+00 1.600000e+01
      vertex   4.300000e+01 2.400000e+01 1.600000e+01
    endloop
  endfacet
  facet normal 0.000000e+00 -6.344132e-17 1.000000e+00
    outer loop
      vertex   4.300000e+01 2.400000e+01 1.600000e+01
      vertex   0.000000e+00 -4.000000e+00 1.600000e+01
      vertex   4.300000e+01 -4.000000e+00 1.600000e+01
    endloop
  endfacet
  facet normal -4.831309e-16 -1.000000e+00 -3.304850e-16
    outer loop
      vertex   0.000000e+00 2.400000e+01 1.600000e+01
      vertex   5.027757e+00 2.400000e+01 5.165000e+01
      vertex   0.000000e+00 2.400000e+01 5.900000e+01
    endloop
  endfacet
  facet normal 0.000000e+00 -1.000000e+00 0.000000e+00
    outer loop
      vertex   0.000000e+00 2.400000e+01 5.900000e+01
      vertex   5.027757e+00 2.400000e+01 5.165000e+01
      vertex   4.857926e+00 2.400000e+01 5.206001e+01
    endloop
  endfacet
  facet normal 0.000000e+00 -1.000000e+00 0.000000e+00
    outer loop
      vertex   0.000000e+00 2.400000e+01 5.900000e+01
      vertex   4.857926e+00 2.400000e+01 5.206001e+01
      vertex   4.800000e+00 2.400000e+01 5.250000e+01
    endloop
  endfacet
  facet normal -0.000000e+00 -1.000000e+00 -2.826480e-15
    outer loop
      vertex   4.300000e+01 2.400000e+01 1.600000e+01
      vertex   3.565000e+01 2.400000e+01 2.102776e+01
      vertex   0.000000e+00 2.400000e+01 1.600000e+01
    endloop
  endfacet
  facet normal -7.096590e-31 -1.000000e+00 -2.826480e-15
    outer loop
      vertex   0.000000e+00 2.400000e+01 1.600000e+01
      vertex   3.565000e+01 2.400000e+01 2.102776e+01
      vertex   7.350000e+00 2.400000e+01 2.102776e+01
    endloop
  endfacet
  facet normal 2.967966e-15 -1.000000e+00 -7.165304e-15
    outer loop
      vertex   0.000000e+00 2.400000e+01 1.600000e+01
      vertex   7.350000e+00 2.400000e+01 2.102776e+01
      vertex   6.939992e+00 2.400000e+01 2.085793e+01
    endloop
  endfacet
  facet normal 2.343349e-15 -1.000000e+00 -3.304850e-16
    outer loop
      vertex   4.300000e+01 2.400000e+01 5.900000e+01
      vertex   3.797224e+01 2.400000e+01 2.335000e+01
      vertex   4.300000e+01 2.400000e+01 1.600000e+01
    endloop
  endfacet
  facet normal 7.165304e-15 -1.000000e+00 2.967966e-15
    outer loop
      vertex   4.300000e+01 2.400000e+01 1.600000e+01
      vertex   3.797224e+01 2.400000e+01 2.335000e+01
      vertex   3.814207e+01 2.400000e+01 2.293999e+01
    endloop
  endfacet
  facet normal 3.602922e-15 -1.000000e+00 4.743336e-16
    outer loop
      vertex   4.300000e+01 2.400000e+01 1.600000e+01
      vertex   3.814207e+01 2.400000e+01 2.293999e+01
      vertex   3.820000e+01 2.400000e+01 2.250000e+01
    endloop
  endfacet
  facet normal 0.000000e+00 -1.000000e+00 0.000000e+00
    outer loop
      vertex   0.000000e+00 2.400000e+01 5.900000e+01
      vertex   3.565000e+01 2.400000e+01 5.397224e+01
      vertex   4.300000e+01 2.400000e+01 5.900000e+01
    endloop
  endfacet
  facet normal 0.000000e+00 -1.000000e+00 0.000000e+00
    outer loop
      vertex   4.300000e+01 2.400000e+01 5.900000e+01
      vertex   3.565000e+01 2.400000e+01 5.397224e+01
      vertex   3.606001e+01 2.400000e+01 5.414207e+01
    endloop
  endfacet
  facet normal 0.000000e+00 -1.000000e+00 0.000000e+00
    outer loop
      vertex   4.300000e+01 2.400000e+01 5.900000e+01
      vertex   3.606001e+01 2.400000e+01 5.414207e+01
      vertex   3.650000e+01 2.400000e+01 5.420000e+01
    endloop
  endfacet
  facet normal -7.662416e-15 -1.000000e+00 -2.591029e-15
    outer loop
      vertex   9.559631e+00 2.400000e+01 3.869481e+01
      vertex   5.297918e+00 2.400000e+01 5.129792e+01
      vertex   9.500000e+00 2.400000e+01 3.750000e+01
    endloop
  endfacet
  facet normal -5.563778e-16 -1.000000e+00 -4.269237e-16
    outer loop
      vertex   9.500000e+00 2.400000e+01 3.750000e+01
      vertex   5.297918e+00 2.400000e+01 5.129792e+01
      vertex   5.027757e+00 2.400000e+01 5.165000e+01
    endloop
  endfacet
  facet normal 7.943919e-16 -1.000000e+00 -3.490411e-31
    outer loop
      vertex   9.500000e+00 2.400000e+01 3.750000e+01
      vertex   5.027757e+00 2.400000e+01 5.165000e+01
      vertex   5.027757e+00 2.400000e+01 2.335000e+01
    endloop
  endfacet
  facet normal -2.826480e-15 -1.000000e+00 1.241903e-30
    outer loop
      vertex   5.027757e+00 2.400000e+01 2.335000e+01
      vertex   5.027757e+00 2.400000e+01 5.165000e+01
      vertex   0.000000e+00 2.400000e+01 1.600000e+01
    endloop
  endfacet
  facet normal -7.165304e-15 -1.000000e+00 2.967966e-15
    outer loop
      vertex   5.027757e+00 2.400000e+01 2.335000e+01
      vertex   0.000000e+00 2.400000e+01 1.600000e+01
      vertex   4.857926e+00 2.400000e+01 2.293999e+01
    endloop
  endfacet
  facet normal 3.901869e-14 -1.000000e+00 -2.936038e-14
    outer loop
      vertex   4.857926e+00 2.400000e+01 2.293999e+01
      vertex   0.000000e+00 2.400000e+01 1.600000e+01
      vertex   4.800000e+00 2.400000e+01 2.250000e+01
    endloop
  endfacet
  facet normal -2.846758e-14 -1.000000e+00 2.047564e-14
    outer loop
      vertex   4.800000e+00 2.400000e+01 2.250000e+01
      vertex   0.000000e+00 2.400000e+01 1.600000e+01
      vertex   4.857926e+00 2.400000e+01 2.206001e+01
    endloop
  endfacet
  facet normal -1.928710e-15 -1.000000e+00 -7.988977e-16
    outer loop
      vertex   4.857926e+00 2.400000e+01 2.206001e+01
      vertex   0.000000e+00 2.400000e+01 1.600000e+01
      vertex   5.027757e+00 2.400000e+01 2.165000e+01
    endloop
  endfacet
  facet normal -1.517742e-15 -1.000000e+00 -1.164605e-15
    outer loop
      vertex   5.027757e+00 2.400000e+01 2.165000e+01
      vertex   0.000000e+00 2.400000e+01 1.600000e+01
      vertex   5.297918e+00 2.400000e+01 2.129792e+01
    endloop
  endfacet
  facet normal -1.164605e-15 -1.000000e+00 -1.517742e-15
    outer loop
      vertex   5.297918e+00 2.400000e+01 2.129792e+01
      vertex   0.000000e+00 2.400000e+01 1.600000e+01
      vertex   5.650000e+00 2.400000e+01 2.102776e+01
    endloop
  endfacet
  facet normal -7.988977e-16 -1.000000e+00 -1.928710e-15
    outer loop
      vertex   5.650000e+00 2.400000e+01 2.102776e+01
      vertex   0.000000e+00 2.400000e+01 1.600000e+01
      vertex   6.060008e+00 2.400000e+01 2.085793e+01
    endloop
  endfacet
  facet normal -3.307956e-16 -1.000000e+00 -2.512642e-15
    outer loop
      vertex   6.060008e+00 2.400000e+01 2.085793e+01
      vertex   0.000000e+00 2.400000e+01 1.600000e+01
      vertex   6.500000e+00 2.400000e+01 2.080000e+01
    endloop
  endfacet
  facet normal 4.743336e-16 -1.000000e+00 -3.602922e-15
    outer loop
      vertex   6.500000e+00 2.400000e+01 2.080000e+01
      vertex   0.000000e+00 2.400000e+01 1.600000e+01
      vertex   6.939992e+00 2.400000e+01 2.085793e+01
    endloop
  endfacet
  facet normal 0.000000e+00 -1.000000e+00 0.000000e+00
    outer loop
      vertex   9.559631e+00 2.400000e+01 3.869481e+01
      vertex   9.737930e+00 2.400000e+01 3.987775e+01
      vertex   5.297918e+00 2.400000e+01 5.129792e+01
    endloop
  endfacet
  facet normal 0.000000e+00 -1.000000e+00 0.000000e+00
    outer loop
      vertex   5.297918e+00 2.400000e+01 5.129792e+01
      vertex   9.737930e+00 2.400000e+01 3.987775e+01
      vertex   5.650000e+00 2.400000e+01 5.102776e+01
    endloop
  endfacet
  facet normal 0.000000e+00 -1.000000e+00 0.000000e+00
    outer loop
      vertex   5.650000e+00 2.400000e+01 5.102776e+01
      vertex   9.737930e+00 2.400000e+01 3.987775e+01
      vertex   1.003313e+01 2.400000e+01 4.103706e+01
    endloop
  endfacet
  facet normal 0.000000e+00 -1.000000e+00 0.000000e+00
    outer loop
      vertex   5.650000e+00 2.400000e+01 5.102776e+01
      vertex   1.003313e+01 2.400000e+01 4.103706e+01
      vertex   6.060008e+00 2.400000e+01 5.085793e+01
    endloop
  endfacet
  facet normal 0.000000e+00 -1.000000e+00 0.000000e+00
    outer loop
      vertex   6.060008e+00 2.400000e+01 5.085793e+01
      vertex   1.003313e+01 2.400000e+01 4.103706e+01
      vertex   1.044229e+01 2.400000e+01 4.216122e+01
    endloop
  endfacet
  facet normal 0.000000e+00 -1.000000e+00 0.000000e+00
    outer loop
      vertex   6.060008e+00 2.400000e+01 5.085793e+01
      vertex   1.044229e+01 2.400000e+01 4.216122e+01
      vertex   6.500000e+00 2.400000e+01 5.080000e+01
    endloop
  endfacet
  facet normal 0.000000e+00 -1.000000e+00 0.000000e+00
    outer loop
      vertex   6.500000e+00 2.400000e+01 5.080000e+01
      vertex   1.044229e+01 2.400000e+01 4.216122e+01
      vertex   1.096134e+01 2.400000e+01 4.323905e+01
    endloop
  endfacet
  facet normal 0.000000e+00 -1.000000e+00 0.000000e+00
    outer loop
      vertex   6.500000e+00 2.400000e+01 5.080000e+01
      vertex   1.096134e+01 2.400000e+01 4.323905e+01
      vertex   1.158513e+01 2.400000e+01 4.425984e+01
    endloop
  endfacet
  facet normal -2.693348e-15 -1.000000e+00 -1.685407e-15
    outer loop
      vertex   1.230747e+01 2.400000e+01 4.521345e+01
      vertex   7.350000e+00 2.400000e+01 5.102776e+01
      vertex   1.158513e+01 2.400000e+01 4.425984e+01
    endloop
  endfacet
  facet normal 0.000000e+00 -1.000000e+00 0.000000e+00
    outer loop
      vertex   1.158513e+01 2.400000e+01 4.425984e+01
      vertex   7.350000e+00 2.400000e+01 5.102776e+01
      vertex   6.939992e+00 2.400000e+01 5.085793e+01
    endloop
  endfacet
  facet normal 0.000000e+00 -1.000000e+00 0.000000e+00
    outer loop
      vertex   1.158513e+01 2.400000e+01 4.425984e+01
      vertex   6.939992e+00 2.400000e+01 5.085793e+01
      vertex   6.500000e+00 2.400000e+01 5.080000e+01
    endloop
  endfacet
  facet normal -2.834276e-16 -1.000000e+00 3.693701e-16
    outer loop
      vertex   7.350000e+00 2.400000e+01 5.102776e+01
      vertex   1.230747e+01 2.400000e+01 4.521345e+01
      vertex   7.702082e+00 2.400000e+01 5.129792e+01
    endloop
  endfacet
  facet normal -3.465742e-16 -1.000000e+00 3.215739e-16
    outer loop
      vertex   7.702082e+00 2.400000e+01 5.129792e+01
      vertex   1.230747e+01 2.400000e+01 4.521345e+01
      vertex   1.312116e+01 2.400000e+01 4.609040e+01
    endloop
  endfacet
  facet normal -3.773483e-16 -1.000000e+00 2.895496e-16
    outer loop
      vertex   7.702082e+00 2.400000e+01 5.129792e+01
      vertex   1.312116e+01 2.400000e+01 4.609040e+01
      vertex   7.972243e+00 2.400000e+01 5.165000e+01
    endloop
  endfacet
  facet normal -3.103158e-16 -1.000000e+00 3.516305e-16
    outer loop
      vertex   7.972243e+00 2.400000e+01 5.165000e+01
      vertex   1.312116e+01 2.400000e+01 4.609040e+01
      vertex   1.401812e+01 2.400000e+01 4.688198e+01
    endloop
  endfacet
  facet normal -4.429343e-16 -1.000000e+00 1.834694e-16
    outer loop
      vertex   7.972243e+00 2.400000e+01 5.165000e+01
      vertex   1.401812e+01 2.400000e+01 4.688198e+01
      vertex   8.142074e+00 2.400000e+01 5.206001e+01
    endloop
  endfacet
  facet normal -2.716506e-16 -1.000000e+00 3.778429e-16
    outer loop
      vertex   8.142074e+00 2.400000e+01 5.206001e+01
      vertex   1.401812e+01 2.400000e+01 4.688198e+01
      vertex   1.498944e+01 2.400000e+01 4.758031e+01
    endloop
  endfacet
  facet normal -4.776993e-16 -1.000000e+00 6.289030e-17
    outer loop
      vertex   8.142074e+00 2.400000e+01 5.206001e+01
      vertex   1.498944e+01 2.400000e+01 4.758031e+01
      vertex   8.200000e+00 2.400000e+01 5.250000e+01
    endloop
  endfacet
  facet normal -2.320428e-16 -1.000000e+00 4.019099e-16
    outer loop
      vertex   8.200000e+00 2.400000e+01 5.250000e+01
      vertex   1.498944e+01 2.400000e+01 4.758031e+01
      vertex   1.602547e+01 2.400000e+01 4.817846e+01
    endloop
  endfacet
  facet normal -4.895885e-16 -1.000000e+00 -6.445554e-17
    outer loop
      vertex   8.200000e+00 2.400000e+01 5.250000e+01
      vertex   1.602547e+01 2.400000e+01 4.817846e+01
      vertex   8.142074e+00 2.400000e+01 5.293999e+01
    endloop
  endfacet
  facet normal -1.927049e-16 -1.000000e+00 4.270779e-16
    outer loop
      vertex   8.142074e+00 2.400000e+01 5.293999e+01
      vertex   1.602547e+01 2.400000e+01 4.817846e+01
      vertex   1.711591e+01 2.400000e+01 4.867048e+01
    endloop
  endfacet
  facet normal -4.930664e-16 -1.000000e+00 -2.042348e-16
    outer loop
      vertex   8.142074e+00 2.400000e+01 5.293999e+01
      vertex   1.711591e+01 2.400000e+01 4.867048e+01
      vertex   7.972243e+00 2.400000e+01 5.335000e+01
    endloop
  endfacet
  facet normal -1.539869e-16 -1.000000e+00 4.583187e-16
    outer loop
      vertex   7.972243e+00 2.400000e+01 5.335000e+01
      vertex   1.711591e+01 2.400000e+01 4.867048e+01
      vertex   1.824991e+01 2.400000e+01 4.905149e+01
    endloop
  endfacet
  facet normal -1.220416e-16 -1.000000e+00 5.346993e-16
    outer loop
      vertex   7.972243e+00 2.400000e+01 5.335000e+01
      vertex   1.824991e+01 2.400000e+01 4.905149e+01
      vertex   1.941622e+01 2.400000e+01 4.931769e+01
    endloop
  endfacet
  facet normal -4.254808e-16 -1.000000e+00 -3.264829e-16
    outer loop
      vertex   7.972243e+00 2.400000e+01 5.335000e+01
      vertex   1.941622e+01 2.400000e+01 4.931769e+01
      vertex   7.702082e+00 2.400000e+01 5.370208e+01
    endloop
  endfacet
  facet normal -7.607405e-17 -1.000000e+00 6.070565e-16
    outer loop
      vertex   7.702082e+00 2.400000e+01 5.370208e+01
      vertex   1.941622e+01 2.400000e+01 4.931769e+01
      vertex   2.060324e+01 2.400000e+01 4.946645e+01
    endloop
  endfacet
  facet normal -4.813213e-16 -1.000000e+00 -6.272701e-16
    outer loop
      vertex   7.702082e+00 2.400000e+01 5.370208e+01
      vertex   2.060324e+01 2.400000e+01 4.946645e+01
      vertex   7.350000e+00 2.400000e+01 5.397224e+01
    endloop
  endfacet
  facet normal -1.831957e-17 -1.000000e+00 7.345914e-16
    outer loop
      vertex   7.350000e+00 2.400000e+01 5.397224e+01
      vertex   2.060324e+01 2.400000e+01 4.946645e+01
      vertex   2.179917e+01 2.400000e+01 4.949627e+01
    endloop
  endfacet
  facet normal -1.992859e-31 -1.000000e+00 7.937299e-16
    outer loop
      vertex   7.350000e+00 2.400000e+01 5.397224e+01
      vertex   2.179917e+01 2.400000e+01 4.949627e+01
      vertex   3.565000e+01 2.400000e+01 5.397224e+01
    endloop
  endfacet
  facet normal 4.431127e-16 -1.000000e+00 -5.774757e-16
    outer loop
      vertex   3.565000e+01 2.400000e+01 5.397224e+01
      vertex   2.179917e+01 2.400000e+01 4.949627e+01
      vertex   3.529792e+01 2.400000e+01 5.370208e+01
    endloop
  endfacet
  facet normal 5.102905e-17 -1.000000e+00 6.809353e-16
    outer loop
      vertex   3.529792e+01 2.400000e+01 5.370208e+01
      vertex   2.179917e+01 2.400000e+01 4.949627e+01
      vertex   2.299212e+01 2.400000e+01 4.940687e+01
    endloop
  endfacet
  facet normal 9.689621e-17 -1.000000e+00 5.495257e-16
    outer loop
      vertex   3.529792e+01 2.400000e+01 5.370208e+01
      vertex   2.299212e+01 2.400000e+01 4.940687e+01
      vertex   2.417025e+01 2.400000e+01 4.919913e+01
    endloop
  endfacet
  facet normal 4.630491e-16 -1.000000e+00 -3.553100e-16
    outer loop
      vertex   3.529792e+01 2.400000e+01 5.370208e+01
      vertex   2.417025e+01 2.400000e+01 4.919913e+01
      vertex   3.502776e+01 2.400000e+01 5.335000e+01
    endloop
  endfacet
  facet normal 1.387207e-16 -1.000000e+00 4.930426e-16
    outer loop
      vertex   3.502776e+01 2.400000e+01 5.335000e+01
      vertex   2.417025e+01 2.400000e+01 4.919913e+01
      vertex   2.532184e+01 2.400000e+01 4.887513e+01
    endloop
  endfacet
  facet normal 4.524387e-16 -1.000000e+00 -1.874063e-16
    outer loop
      vertex   3.502776e+01 2.400000e+01 5.335000e+01
      vertex   2.532184e+01 2.400000e+01 4.887513e+01
      vertex   3.485793e+01 2.400000e+01 5.293999e+01
    endloop
  endfacet
  facet normal 1.785894e-16 -1.000000e+00 4.550384e-16
    outer loop
      vertex   3.485793e+01 2.400000e+01 5.293999e+01
      vertex   2.532184e+01 2.400000e+01 4.887513e+01
      vertex   2.643545e+01 2.400000e+01 4.843807e+01
    endloop
  endfacet
  facet normal 4.537431e-16 -1.000000e+00 -5.973641e-17
    outer loop
      vertex   3.485793e+01 2.400000e+01 5.293999e+01
      vertex   2.643545e+01 2.400000e+01 4.843807e+01
      vertex   3.480000e+01 2.400000e+01 5.250000e+01
    endloop
  endfacet
  facet normal 2.181233e-16 -1.000000e+00 4.254652e-16
    outer loop
      vertex   3.480000e+01 2.400000e+01 5.250000e+01
      vertex   2.643545e+01 2.400000e+01 4.843807e+01
      vertex   2.750000e+01 2.400000e+01 4.789230e+01
    endloop
  endfacet
  facet normal 4.493344e-16 -1.000000e+00 5.915599e-17
    outer loop
      vertex   3.480000e+01 2.400000e+01 5.250000e+01
      vertex   2.750000e+01 2.400000e+01 4.789230e+01
      vertex   3.485793e+01 2.400000e+01 5.206001e+01
    endloop
  endfacet
  facet normal 2.572418e-16 -1.000000e+00 3.982883e-16
    outer loop
      vertex   3.485793e+01 2.400000e+01 5.206001e+01
      vertex   2.750000e+01 2.400000e+01 4.789230e+01
      vertex   2.850492e+01 2.400000e+01 4.724326e+01
    endloop
  endfacet
  facet normal 4.255682e-16 -1.000000e+00 1.762761e-16
    outer loop
      vertex   3.485793e+01 2.400000e+01 5.206001e+01
      vertex   2.850492e+01 2.400000e+01 4.724326e+01
      vertex   3.502776e+01 2.400000e+01 5.165000e+01
    endloop
  endfacet
  facet normal 2.948625e-16 -1.000000e+00 3.697458e-16
    outer loop
      vertex   3.502776e+01 2.400000e+01 5.165000e+01
      vertex   2.850492e+01 2.400000e+01 4.724326e+01
      vertex   2.944023e+01 2.400000e+01 4.649737e+01
    endloop
  endfacet
  facet normal 3.723521e-16 -1.000000e+00 2.857158e-16
    outer loop
      vertex   3.502776e+01 2.400000e+01 5.165000e+01
      vertex   2.944023e+01 2.400000e+01 4.649737e+01
      vertex   3.529792e+01 2.400000e+01 5.129792e+01
    endloop
  endfacet
  facet normal 3.295823e-16 -1.000000e+00 3.379040e-16
    outer loop
      vertex   3.529792e+01 2.400000e+01 5.129792e+01
      vertex   2.944023e+01 2.400000e+01 4.649737e+01
      vertex   3.029662e+01 2.400000e+01 4.566207e+01
    endloop
  endfacet
  facet normal 2.877606e-16 -1.000000e+00 3.750169e-16
    outer loop
      vertex   3.529792e+01 2.400000e+01 5.129792e+01
      vertex   3.029662e+01 2.400000e+01 4.566207e+01
      vertex   3.565000e+01 2.400000e+01 5.102776e+01
    endloop
  endfacet
  facet normal 3.604722e-16 -1.000000e+00 3.024721e-16
    outer loop
      vertex   3.565000e+01 2.400000e+01 5.102776e+01
      vertex   3.029662e+01 2.400000e+01 4.566207e+01
      vertex   3.106559e+01 2.400000e+01 4.474565e+01
    endloop
  endfacet
  facet normal 1.798774e-16 -1.000000e+00 4.342625e-16
    outer loop
      vertex   3.565000e+01 2.400000e+01 5.102776e+01
      vertex   3.106559e+01 2.400000e+01 4.474565e+01
      vertex   3.606001e+01 2.400000e+01 5.085793e+01
    endloop
  endfacet
  facet normal 2.785734e-15 -1.000000e+00 -1.695017e-15
    outer loop
      vertex   3.606001e+01 2.400000e+01 5.085793e+01
      vertex   3.106559e+01 2.400000e+01 4.474565e+01
      vertex   3.173949e+01 2.400000e+01 4.375722e+01
    endloop
  endfacet
  facet normal 0.000000e+00 -1.000000e+00 -0.000000e+00
    outer loop
      vertex   3.606001e+01 2.400000e+01 5.085793e+01
      vertex   3.173949e+01 2.400000e+01 4.375722e+01
      vertex   3.650000e+01 2.400000e+01 5.080000e+01
    endloop
  endfacet
  facet normal 0.000000e+00 -1.000000e+00 0.000000e+00
    outer loop
      vertex   3.650000e+01 2.400000e+01 5.080000e+01
      vertex   3.173949e+01 2.400000e+01 4.375722e+01
      vertex   3.231163e+01 2.400000e+01 4.270660e+01
    endloop
  endfacet
  facet normal 0.000000e+00 -1.000000e+00 -0.000000e+00
    outer loop
      vertex   3.650000e+01 2.400000e+01 5.080000e+01
      vertex   3.231163e+01 2.400000e+01 4.270660e+01
      vertex   3.693999e+01 2.400000e+01 5.085793e+01
    endloop
  endfacet
  facet normal 0.000000e+00 -1.000000e+00 0.000000e+00
    outer loop
      vertex   3.693999e+01 2.400000e+01 5.085793e+01
      vertex   3.231163e+01 2.400000e+01 4.270660e+01
      vertex   3.277631e+01 2.400000e+01 4.160424e+01
    endloop
  endfacet
  facet normal 0.000000e+00 -1.000000e+00 -0.000000e+00
    outer loop
      vertex   3.693999e+01 2.400000e+01 5.085793e+01
      vertex   3.277631e+01 2.400000e+01 4.160424e+01
      vertex   3.735000e+01 2.400000e+01 5.102776e+01
    endloop
  endfacet
  facet normal 0.000000e+00 -1.000000e+00 0.000000e+00
    outer loop
      vertex   3.735000e+01 2.400000e+01 5.102776e+01
      vertex   3.277631e+01 2.400000e+01 4.160424e+01
      vertex   3.312893e+01 2.400000e+01 4.046109e+01
    endloop
  endfacet
  facet normal 0.000000e+00 -1.000000e+00 0.000000e+00
    outer loop
      vertex   3.735000e+01 2.400000e+01 5.102776e+01
      vertex   3.312893e+01 2.400000e+01 4.046109e+01
      vertex   3.336597e+01 2.400000e+01 3.928851e+01
    endloop
  endfacet
  facet normal 0.000000e+00 -1.000000e+00 -0.000000e+00
    outer loop
      vertex   3.735000e+01 2.400000e+01 5.102776e+01
      vertex   3.336597e+01 2.400000e+01 3.928851e+01
      vertex   3.770208e+01 2.400000e+01 5.129792e+01
    endloop
  endfacet
  facet normal 0.000000e+00 -1.000000e+00 0.000000e+00
    outer loop
      vertex   3.770208e+01 2.400000e+01 5.129792e+01
      vertex   3.336597e+01 2.400000e+01 3.928851e+01
      vertex   3.348508e+01 2.400000e+01 3.809815e+01
    endloop
  endfacet
  facet normal 0.000000e+00 -1.000000e+00 -0.000000e+00
    outer loop
      vertex   3.770208e+01 2.400000e+01 5.129792e+01
      vertex   3.348508e+01 2.400000e+01 3.809815e+01
      vertex   3.797224e+01 2.400000e+01 5.165000e+01
    endloop
  endfacet
  facet normal 0.000000e+00 -1.000000e+00 0.000000e+00
    outer loop
      vertex   3.797224e+01 2.400000e+01 5.165000e+01
      vertex   3.348508e+01 2.400000e+01 3.809815e+01
      vertex   3.348508e+01 2.400000e+01 3.690185e+01
    endloop
  endfacet
  facet normal 0.000000e+00 -1.000000e+00 -0.000000e+00
    outer loop
      vertex   3.797224e+01 2.400000e+01 5.165000e+01
      vertex   3.348508e+01 2.400000e+01 3.690185e+01
      vertex   3.797224e+01 2.400000e+01 2.335000e+01
    endloop
  endfacet
  facet normal 0.000000e+00 -1.000000e+00 0.000000e+00
    outer loop
      vertex   3.797224e+01 2.400000e+01 2.335000e+01
      vertex   3.348508e+01 2.400000e+01 3.690185e+01
      vertex   3.770208e+01 2.400000e+01 2.370208e+01
    endloop
  endfacet
  facet normal 0.000000e+00 -1.000000e+00 0.000000e+00
    outer loop
      vertex   3.770208e+01 2.400000e+01 2.370208e+01
      vertex   3.348508e+01 2.400000e+01 3.690185e+01
      vertex   3.336597e+01 2.400000e+01 3.571149e+01
    endloop
  endfacet
  facet normal 0.000000e+00 -1.000000e+00 0.000000e+00
    outer loop
      vertex   3.770208e+01 2.400000e+01 2.370208e+01
      vertex   3.336597e+01 2.400000e+01 3.571149e+01
      vertex   3.735000e+01 2.400000e+01 2.397224e+01
    endloop
  endfacet
  facet normal 0.000000e+00 -1.000000e+00 0.000000e+00
    outer loop
      vertex   3.735000e+01 2.400000e+01 2.397224e+01
      vertex   3.336597e+01 2.400000e+01 3.571149e+01
      vertex   3.312893e+01 2.400000e+01 3.453891e+01
    endloop
  endfacet
  facet normal 0.000000e+00 -1.000000e+00 0.000000e+00
    outer loop
      vertex   3.735000e+01 2.400000e+01 2.397224e+01
      vertex   3.312893e+01 2.400000e+01 3.453891e+01
      vertex   3.277631e+01 2.400000e+01 3.339576e+01
    endloop
  endfacet
  facet normal 0.000000e+00 -1.000000e+00 0.000000e+00
    outer loop
      vertex   3.735000e+01 2.400000e+01 2.397224e+01
      vertex   3.277631e+01 2.400000e+01 3.339576e+01
      vertex   3.693999e+01 2.400000e+01 2.414207e+01
    endloop
  endfacet
  facet normal 0.000000e+00 -1.000000e+00 0.000000e+00
    outer loop
      vertex   3.693999e+01 2.400000e+01 2.414207e+01
      vertex   3.277631e+01 2.400000e+01 3.339576e+01
      vertex   3.231163e+01 2.400000e+01 3.229340e+01
    endloop
  endfacet
  facet normal 0.000000e+00 -1.000000e+00 0.000000e+00
    outer loop
      vertex   3.693999e+01 2.400000e+01 2.414207e+01
      vertex   3.231163e+01 2.400000e+01 3.229340e+01
      vertex   3.650000e+01 2.400000e+01 2.420000e+01
    endloop
  endfacet
  facet normal 0.000000e+00 -1.000000e+00 0.000000e+00
    outer loop
      vertex   3.650000e+01 2.400000e+01 2.420000e+01
      vertex   3.231163e+01 2.400000e+01 3.229340e+01
      vertex   3.173949e+01 2.400000e+01 3.124278e+01
    endloop
  endfacet
  facet normal -0.000000e+00 -1.000000e+00 0.000000e+00
    outer loop
      vertex   3.650000e+01 2.400000e+01 2.420000e+01
      vertex   3.173949e+01 2.400000e+01 3.124278e+01
      vertex   3.606001e+01 2.400000e+01 2.414207e+01
    endloop
  endfacet
  facet normal -2.785734e-15 -1.000000e+00 -1.695017e-15
    outer loop
      vertex   3.606001e+01 2.400000e+01 2.414207e+01
      vertex   3.173949e+01 2.400000e+01 3.124278e+01
      vertex   3.106559e+01 2.400000e+01 3.025435e+01
    endloop
  endfacet
  facet normal -1.798774e-16 -1.000000e+00 4.342625e-16
    outer loop
      vertex   3.606001e+01 2.400000e+01 2.414207e+01
      vertex   3.106559e+01 2.400000e+01 3.025435e+01
      vertex   3.565000e+01 2.400000e+01 2.397224e+01
    endloop
  endfacet
  facet normal -3.604722e-16 -1.000000e+00 3.024721e-16
    outer loop
      vertex   3.565000e+01 2.400000e+01 2.397224e+01
      vertex   3.106559e+01 2.400000e+01 3.025435e+01
      vertex   3.029662e+01 2.400000e+01 2.933793e+01
    endloop
  endfacet
  facet normal -2.877606e-16 -1.000000e+00 3.750169e-16
    outer loop
      vertex   3.565000e+01 2.400000e+01 2.397224e+01
      vertex   3.029662e+01 2.400000e+01 2.933793e+01
      vertex   3.529792e+01 2.400000e+01 2.370208e+01
    endloop
  endfacet
  facet normal -3.295823e-16 -1.000000e+00 3.379040e-16
    outer loop
      vertex   3.529792e+01 2.400000e+01 2.370208e+01
      vertex   3.029662e+01 2.400000e+01 2.933793e+01
      vertex   2.944023e+01 2.400000e+01 2.850263e+01
    endloop
  endfacet
  facet normal -3.723521e-16 -1.000000e+00 2.857158e-16
    outer loop
      vertex   3.529792e+01 2.400000e+01 2.370208e+01
      vertex   2.944023e+01 2.400000e+01 2.850263e+01
      vertex   3.502776e+01 2.400000e+01 2.335000e+01
    endloop
  endfacet
  facet normal -2.948625e-16 -1.000000e+00 3.697458e-16
    outer loop
      vertex   3.502776e+01 2.400000e+01 2.335000e+01
      vertex   2.944023e+01 2.400000e+01 2.850263e+01
      vertex   2.850492e+01 2.400000e+01 2.775674e+01
    endloop
  endfacet
  facet normal -4.255682e-16 -1.000000e+00 1.762761e-16
    outer loop
      vertex   3.502776e+01 2.400000e+01 2.335000e+01
      vertex   2.850492e+01 2.400000e+01 2.775674e+01
      vertex   3.485793e+01 2.400000e+01 2.293999e+01
    endloop
  endfacet
  facet normal -2.572418e-16 -1.000000e+00 3.982883e-16
    outer loop
      vertex   3.485793e+01 2.400000e+01 2.293999e+01
      vertex   2.850492e+01 2.400000e+01 2.775674e+01
      vertex   2.750000e+01 2.400000e+01 2.710770e+01
    endloop
  endfacet
  facet normal -1.321791e-14 -1.000000e+00 -2.248330e-14
    outer loop
      vertex   3.485793e+01 2.400000e+01 2.293999e+01
      vertex   2.750000e+01 2.400000e+01 2.710770e+01
      vertex   3.480000e+01 2.400000e+01 2.250000e+01
    endloop
  endfacet
  facet normal 4.362465e-16 -1.000000e+00 -8.509303e-16
    outer loop
      vertex   3.480000e+01 2.400000e+01 2.250000e+01
      vertex   2.750000e+01 2.400000e+01 2.710770e+01
      vertex   2.643545e+01 2.400000e+01 2.656193e+01
    endloop
  endfacet
  facet normal 1.347411e-14 -1.000000e+00 2.599737e-14
    outer loop
      vertex   3.480000e+01 2.400000e+01 2.250000e+01
      vertex   2.643545e+01 2.400000e+01 2.656193e+01
      vertex   3.485793e+01 2.400000e+01 2.206001e+01
    endloop
  endfacet
  facet normal -1.785894e-16 -1.000000e+00 4.550384e-16
    outer loop
      vertex   3.485793e+01 2.400000e+01 2.206001e+01
      vertex   2.643545e+01 2.400000e+01 2.656193e+01
      vertex   2.532184e+01 2.400000e+01 2.612487e+01
    endloop
  endfacet
  facet normal -4.524387e-16 -1.000000e+00 -1.874063e-16
    outer loop
      vertex   3.485793e+01 2.400000e+01 2.206001e+01
      vertex   2.532184e+01 2.400000e+01 2.612487e+01
      vertex   3.502776e+01 2.400000e+01 2.165000e+01
    endloop
  endfacet
  facet normal -1.387207e-16 -1.000000e+00 4.930426e-16
    outer loop
      vertex   3.502776e+01 2.400000e+01 2.165000e+01
      vertex   2.532184e+01 2.400000e+01 2.612487e+01
      vertex   2.417025e+01 2.400000e+01 2.580087e+01
    endloop
  endfacet
  facet normal -4.630491e-16 -1.000000e+00 -3.553100e-16
    outer loop
      vertex   3.502776e+01 2.400000e+01 2.165000e+01
      vertex   2.417025e+01 2.400000e+01 2.580087e+01
      vertex   3.529792e+01 2.400000e+01 2.129792e+01
    endloop
  endfacet
  facet normal -9.689621e-17 -1.000000e+00 5.495257e-16
    outer loop
      vertex   3.529792e+01 2.400000e+01 2.129792e+01
      vertex   2.417025e+01 2.400000e+01 2.580087e+01
      vertex   2.299212e+01 2.400000e+01 2.559313e+01
    endloop
  endfacet
  facet normal -5.102905e-17 -1.000000e+00 6.809353e-16
    outer loop
      vertex   3.529792e+01 2.400000e+01 2.129792e+01
      vertex   2.299212e+01 2.400000e+01 2.559313e+01
      vertex   2.179917e+01 2.400000e+01 2.550373e+01
    endloop
  endfacet
  facet normal 1.831957e-17 -1.000000e+00 7.345914e-16
    outer loop
      vertex   2.060324e+01 2.400000e+01 2.553355e+01
      vertex   7.350000e+00 2.400000e+01 2.102776e+01
      vertex   2.179917e+01 2.400000e+01 2.550373e+01
    endloop
  endfacet
  facet normal 1.992859e-31 -1.000000e+00 7.937299e-16
    outer loop
      vertex   2.179917e+01 2.400000e+01 2.550373e+01
      vertex   7.350000e+00 2.400000e+01 2.102776e+01
      vertex   3.565000e+01 2.400000e+01 2.102776e+01
    endloop
  endfacet
  facet normal -4.431127e-16 -1.000000e+00 -5.774757e-16
    outer loop
      vertex   2.179917e+01 2.400000e+01 2.550373e+01
      vertex   3.565000e+01 2.400000e+01 2.102776e+01
      vertex   3.529792e+01 2.400000e+01 2.129792e+01
    endloop
  endfacet
  facet normal 4.813213e-16 -1.000000e+00 -6.272701e-16
    outer loop
      vertex   7.350000e+00 2.400000e+01 2.102776e+01
      vertex   2.060324e+01 2.400000e+01 2.553355e+01
      vertex   7.702082e+00 2.400000e+01 2.129792e+01
    endloop
  endfacet
  facet normal 7.607405e-17 -1.000000e+00 6.070565e-16
    outer loop
      vertex   7.702082e+00 2.400000e+01 2.129792e+01
      vertex   2.060324e+01 2.400000e+01 2.553355e+01
      vertex   1.941622e+01 2.400000e+01 2.568231e+01
    endloop
  endfacet
  facet normal 4.254808e-16 -1.000000e+00 -3.264829e-16
    outer loop
      vertex   7.702082e+00 2.400000e+01 2.129792e+01
      vertex   1.941622e+01 2.400000e+01 2.568231e+01
      vertex   7.972243e+00 2.400000e+01 2.165000e+01
    endloop
  endfacet
  facet normal 1.220416e-16 -1.000000e+00 5.346993e-16
    outer loop
      vertex   7.972243e+00 2.400000e+01 2.165000e+01
      vertex   1.941622e+01 2.400000e+01 2.568231e+01
      vertex   1.824991e+01 2.400000e+01 2.594851e+01
    endloop
  endfacet
  facet normal 1.539869e-16 -1.000000e+00 4.583187e-16
    outer loop
      vertex   7.972243e+00 2.400000e+01 2.165000e+01
      vertex   1.824991e+01 2.400000e+01 2.594851e+01
      vertex   1.711591e+01 2.400000e+01 2.632952e+01
    endloop
  endfacet
  facet normal 4.930664e-16 -1.000000e+00 -2.042348e-16
    outer loop
      vertex   7.972243e+00 2.400000e+01 2.165000e+01
      vertex   1.711591e+01 2.400000e+01 2.632952e+01
      vertex   8.142074e+00 2.400000e+01 2.206001e+01
    endloop
  endfacet
  facet normal 1.927049e-16 -1.000000e+00 4.270779e-16
    outer loop
      vertex   8.142074e+00 2.400000e+01 2.206001e+01
      vertex   1.711591e+01 2.400000e+01 2.632952e+01
      vertex   1.602547e+01 2.400000e+01 2.682154e+01
    endloop
  endfacet
  facet normal 4.895885e-16 -1.000000e+00 -6.445554e-17
    outer loop
      vertex   8.142074e+00 2.400000e+01 2.206001e+01
      vertex   1.602547e+01 2.400000e+01 2.682154e+01
      vertex   8.200000e+00 2.400000e+01 2.250000e+01
    endloop
  endfacet
  facet normal 2.320428e-16 -1.000000e+00 4.019099e-16
    outer loop
      vertex   8.200000e+00 2.400000e+01 2.250000e+01
      vertex   1.602547e+01 2.400000e+01 2.682154e+01
      vertex   1.498944e+01 2.400000e+01 2.741969e+01
    endloop
  endfacet
  facet normal 4.776993e-16 -1.000000e+00 6.289030e-17
    outer loop
      vertex   8.200000e+00 2.400000e+01 2.250000e+01
      vertex   1.498944e+01 2.400000e+01 2.741969e+01
      vertex   8.142074e+00 2.400000e+01 2.293999e+01
    endloop
  endfacet
  facet normal 2.716506e-16 -1.000000e+00 3.778429e-16
    outer loop
      vertex   8.142074e+00 2.400000e+01 2.293999e+01
      vertex   1.498944e+01 2.400000e+01 2.741969e+01
      vertex   1.401812e+01 2.400000e+01 2.811802e+01
    endloop
  endfacet
  facet normal 4.429343e-16 -1.000000e+00 1.834694e-16
    outer loop
      vertex   8.142074e+00 2.400000e+01 2.293999e+01
      vertex   1.401812e+01 2.400000e+01 2.811802e+01
      vertex   7.972243e+00 2.400000e+01 2.335000e+01
    endloop
  endfacet
  facet normal 3.103158e-16 -1.000000e+00 3.516305e-16
    outer loop
      vertex   7.972243e+00 2.400000e+01 2.335000e+01
      vertex   1.401812e+01 2.400000e+01 2.811802e+01
      vertex   1.312116e+01 2.400000e+01 2.890960e+01
    endloop
  endfacet
  facet normal 3.773483e-16 -1.000000e+00 2.895496e-16
    outer loop
      vertex   7.972243e+00 2.400000e+01 2.335000e+01
      vertex   1.312116e+01 2.400000e+01 2.890960e+01
      vertex   7.702082e+00 2.400000e+01 2.370208e+01
    endloop
  endfacet
  facet normal 3.465742e-16 -1.000000e+00 3.215739e-16
    outer loop
      vertex   7.702082e+00 2.400000e+01 2.370208e+01
      vertex   1.312116e+01 2.400000e+01 2.890960e+01
      vertex   1.230747e+01 2.400000e+01 2.978655e+01
    endloop
  endfacet
  facet normal 2.834276e-16 -1.000000e+00 3.693701e-16
    outer loop
      vertex   7.702082e+00 2.400000e+01 2.370208e+01
      vertex   1.230747e+01 2.400000e+01 2.978655e+01
      vertex   7.350000e+00 2.400000e+01 2.397224e+01
    endloop
  endfacet
  facet normal 2.693348e-15 -1.000000e+00 -1.685407e-15
    outer loop
      vertex   7.350000e+00 2.400000e+01 2.397224e+01
      vertex   1.230747e+01 2.400000e+01 2.978655e+01
      vertex   1.158513e+01 2.400000e+01 3.074016e+01
    endloop
  endfacet
  facet normal 0.000000e+00 -1.000000e+00 0.000000e+00
    outer loop
      vertex   7.350000e+00 2.400000e+01 2.397224e+01
      vertex   1.158513e+01 2.400000e+01 3.074016e+01
      vertex   6.939992e+00 2.400000e+01 2.414207e+01
    endloop
  endfacet
  facet normal 0.000000e+00 -1.000000e+00 0.000000e+00
    outer loop
      vertex   6.939992e+00 2.400000e+01 2.414207e+01
      vertex   1.158513e+01 2.400000e+01 3.074016e+01
      vertex   6.500000e+00 2.400000e+01 2.420000e+01
    endloop
  endfacet
  facet normal 0.000000e+00 -1.000000e+00 0.000000e+00
    outer loop
      vertex   6.500000e+00 2.400000e+01 2.420000e+01
      vertex   1.158513e+01 2.400000e+01 3.074016e+01
      vertex   1.096134e+01 2.400000e+01 3.176095e+01
    endloop
  endfacet
  facet normal 0.000000e+00 -1.000000e+00 0.000000e+00
    outer loop
      vertex   6.500000e+00 2.400000e+01 2.420000e+01
      vertex   1.096134e+01 2.400000e+01 3.176095e+01
      vertex   1.044229e+01 2.400000e+01 3.283878e+01
    endloop
  endfacet
  facet normal -0.000000e+00 -1.000000e+00 0.000000e+00
    outer loop
      vertex   6.500000e+00 2.400000e+01 2.420000e+01
      vertex   1.044229e+01 2.400000e+01 3.283878e+01
      vertex   6.060008e+00 2.400000e+01 2.414207e+01
    endloop
  endfacet
  facet normal 0.000000e+00 -1.000000e+00 0.000000e+00
    outer loop
      vertex   6.060008e+00 2.400000e+01 2.414207e+01
      vertex   1.044229e+01 2.400000e+01 3.283878e+01
      vertex   1.003313e+01 2.400000e+01 3.396294e+01
    endloop
  endfacet
  facet normal -0.000000e+00 -1.000000e+00 0.000000e+00
    outer loop
      vertex   6.060008e+00 2.400000e+01 2.414207e+01
      vertex   1.003313e+01 2.400000e+01 3.396294e+01
      vertex   5.650000e+00 2.400000e+01 2.397224e+01
    endloop
  endfacet
  facet normal 0.000000e+00 -1.000000e+00 0.000000e+00
    outer loop
      vertex   5.650000e+00 2.400000e+01 2.397224e+01
      vertex   1.003313e+01 2.400000e+01 3.396294e+01
      vertex   9.737930e+00 2.400000e+01 3.512225e+01
    endloop
  endfacet
  facet normal -0.000000e+00 -1.000000e+00 0.000000e+00
    outer loop
      vertex   5.650000e+00 2.400000e+01 2.397224e+01
      vertex   9.737930e+00 2.400000e+01 3.512225e+01
      vertex   5.297918e+00 2.400000e+01 2.370208e+01
    endloop
  endfacet
  facet normal 0.000000e+00 -1.000000e+00 0.000000e+00
    outer loop
      vertex   5.297918e+00 2.400000e+01 2.370208e+01
      vertex   9.737930e+00 2.400000e+01 3.512225e+01
      vertex   9.559631e+00 2.400000e+01 3.630519e+01
    endloop
  endfacet
  facet normal -7.662416e-15 -1.000000e+00 2.591029e-15
    outer loop
      vertex   5.297918e+00 2.400000e+01 2.370208e+01
      vertex   9.559631e+00 2.400000e+01 3.630519e+01
      vertex   9.500000e+00 2.400000e+01 3.750000e+01
    endloop
  endfacet
  facet normal 0.000000e+00 -1.000000e+00 0.000000e+00
    outer loop
      vertex   4.800000e+00 2.400000e+01 5.250000e+01
      vertex   4.857926e+00 2.400000e+01 5.293999e+01
      vertex   0.000000e+00 2.400000e+01 5.900000e+01
    endloop
  endfacet
  facet normal 0.000000e+00 -1.000000e+00 0.000000e+00
    outer loop
      vertex   0.000000e+00 2.400000e+01 5.900000e+01
      vertex   4.857926e+00 2.400000e+01 5.293999e+01
      vertex   5.027757e+00 2.400000e+01 5.335000e+01
    endloop
  endfacet
  facet normal 0.000000e+00 -1.000000e+00 0.000000e+00
    outer loop
      vertex   0.000000e+00 2.400000e+01 5.900000e+01
      vertex   5.027757e+00 2.400000e+01 5.335000e+01
      vertex   5.297918e+00 2.400000e+01 5.370208e+01
    endloop
  endfacet
  facet normal 0.000000e+00 -1.000000e+00 0.000000e+00
    outer loop
      vertex   5.297918e+00 2.400000e+01 5.370208e+01
      vertex   5.650000e+00 2.400000e+01 5.397224e+01
      vertex   0.000000e+00 2.400000e+01 5.900000e+01
    endloop
  endfacet
  facet normal 0.000000e+00 -1.000000e+00 0.000000e+00
    outer loop
      vertex   0.000000e+00 2.400000e+01 5.900000e+01
      vertex   5.650000e+00 2.400000e+01 5.397224e+01
      vertex   6.060008e+00 2.400000e+01 5.414207e+01
    endloop
  endfacet
  facet normal 0.000000e+00 -1.000000e+00 0.000000e+00
    outer loop
      vertex   0.000000e+00 2.400000e+01 5.900000e+01
      vertex   6.060008e+00 2.400000e+01 5.414207e+01
      vertex   6.500000e+00 2.400000e+01 5.420000e+01
    endloop
  endfacet
  facet normal 0.000000e+00 -1.000000e+00 0.000000e+00
    outer loop
      vertex   6.500000e+00 2.400000e+01 5.420000e+01
      vertex   6.939992e+00 2.400000e+01 5.414207e+01
      vertex   0.000000e+00 2.400000e+01 5.900000e+01
    endloop
  endfacet
  facet normal 0.000000e+00 -1.000000e+00 0.000000e+00
    outer loop
      vertex   0.000000e+00 2.400000e+01 5.900000e+01
      vertex   6.939992e+00 2.400000e+01 5.414207e+01
      vertex   7.350000e+00 2.400000e+01 5.397224e+01
    endloop
  endfacet
  facet normal 0.000000e+00 -1.000000e+00 0.000000e+00
    outer loop
      vertex   0.000000e+00 2.400000e+01 5.900000e+01
      vertex   7.350000e+00 2.400000e+01 5.397224e+01
      vertex   3.565000e+01 2.400000e+01 5.397224e+01
    endloop
  endfacet
  facet normal -5.563778e-16 -1.000000e+00 4.269237e-16
    outer loop
      vertex   5.027757e+00 2.400000e+01 2.335000e+01
      vertex   5.297918e+00 2.400000e+01 2.370208e+01
      vertex   9.500000e+00 2.400000e+01 3.750000e+01
    endloop
  endfacet
  facet normal 0.000000e+00 -1.000000e+00 0.000000e+00
    outer loop
      vertex   3.650000e+01 2.400000e+01 5.420000e+01
      vertex   3.693999e+01 2.400000e+01 5.414207e+01
      vertex   4.300000e+01 2.400000e+01 5.900000e+01
    endloop
  endfacet
  facet normal 0.000000e+00 -1.000000e+00 0.000000e+00
    outer loop
      vertex   4.300000e+01 2.400000e+01 5.900000e+01
      vertex   3.693999e+01 2.400000e+01 5.414207e+01
      vertex   3.735000e+01 2.400000e+01 5.397224e+01
    endloop
  endfacet
  facet normal 0.000000e+00 -1.000000e+00 0.000000e+00
    outer loop
      vertex   4.300000e+01 2.400000e+01 5.900000e+01
      vertex   3.735000e+01 2.400000e+01 5.397224e+01
      vertex   3.770208e+01 2.400000e+01 5.370208e+01
    endloop
  endfacet
  facet normal 0.000000e+00 -1.000000e+00 0.000000e+00
    outer loop
      vertex   3.770208e+01 2.400000e+01 5.370208e+01
      vertex   3.797224e+01 2.400000e+01 5.335000e+01
      vertex   4.300000e+01 2.400000e+01 5.900000e+01
    endloop
  endfacet
  facet normal 0.000000e+00 -1.000000e+00 0.000000e+00
    outer loop
      vertex   4.300000e+01 2.400000e+01 5.900000e+01
      vertex   3.797224e+01 2.400000e+01 5.335000e+01
      vertex   3.814207e+01 2.400000e+01 5.293999e+01
    endloop
  endfacet
  facet normal 0.000000e+00 -1.000000e+00 0.000000e+00
    outer loop
      vertex   4.300000e+01 2.400000e+01 5.900000e+01
      vertex   3.814207e+01 2.400000e+01 5.293999e+01
      vertex   3.820000e+01 2.400000e+01 5.250000e+01
    endloop
  endfacet
  facet normal 0.000000e+00 -1.000000e+00 -0.000000e+00
    outer loop
      vertex   3.820000e+01 2.400000e+01 5.250000e+01
      vertex   3.814207e+01 2.400000e+01 5.206001e+01
      vertex   4.300000e+01 2.400000e+01 5.900000e+01
    endloop
  endfacet
  facet normal 0.000000e+00 -1.000000e+00 0.000000e+00
    outer loop
      vertex   4.300000e+01 2.400000e+01 5.900000e+01
      vertex   3.814207e+01 2.400000e+01 5.206001e+01
      vertex   3.797224e+01 2.400000e+01 5.165000e+01
    endloop
  endfacet
  facet normal 0.000000e+00 -1.000000e+00 0.000000e+00
    outer loop
      vertex   4.300000e+01 2.400000e+01 5.900000e+01
      vertex   3.797224e+01 2.400000e+01 5.165000e+01
      vertex   3.797224e+01 2.400000e+01 2.335000e+01
    endloop
  endfacet
  facet normal 2.512642e-15 -1.000000e+00 -3.307956e-16
    outer loop
      vertex   3.820000e+01 2.400000e+01 2.250000e+01
      vertex   3.814207e+01 2.400000e+01 2.206001e+01
      vertex   4.300000e+01 2.400000e+01 1.600000e+01
    endloop
  endfacet
  facet normal 1.928710e-15 -1.000000e+00 -7.988977e-16
    outer loop
      vertex   4.300000e+01 2.400000e+01 1.600000e+01
      vertex   3.814207e+01 2.400000e+01 2.206001e+01
      vertex   3.797224e+01 2.400000e+01 2.165000e+01
    endloop
  endfacet
  facet normal 1.517742e-15 -1.000000e+00 -1.164605e-15
    outer loop
      vertex   4.300000e+01 2.400000e+01 1.600000e+01
      vertex   3.797224e+01 2.400000e+01 2.165000e+01
      vertex   3.770208e+01 2.400000e+01 2.129792e+01
    endloop
  endfacet
  facet normal 1.164605e-15 -1.000000e+00 -1.517742e-15
    outer loop
      vertex   3.770208e+01 2.400000e+01 2.129792e+01
      vertex   3.735000e+01 2.400000e+01 2.102776e+01
      vertex   4.300000e+01 2.400000e+01 1.600000e+01
    endloop
  endfacet
  facet normal 7.988977e-16 -1.000000e+00 -1.928710e-15
    outer loop
      vertex   4.300000e+01 2.400000e+01 1.600000e+01
      vertex   3.735000e+01 2.400000e+01 2.102776e+01
      vertex   3.693999e+01 2.400000e+01 2.085793e+01
    endloop
  endfacet
  facet normal 3.307956e-16 -1.000000e+00 -2.512642e-15
    outer loop
      vertex   4.300000e+01 2.400000e+01 1.600000e+01
      vertex   3.693999e+01 2.400000e+01 2.085793e+01
      vertex   3.650000e+01 2.400000e+01 2.080000e+01
    endloop
  endfacet
  facet normal -4.743336e-16 -1.000000e+00 -3.602922e-15
    outer loop
      vertex   3.650000e+01 2.400000e+01 2.080000e+01
      vertex   3.606001e+01 2.400000e+01 2.085793e+01
      vertex   4.300000e+01 2.400000e+01 1.600000e+01
    endloop
  endfacet
  facet normal -2.967966e-15 -1.000000e+00 -7.165304e-15
    outer loop
      vertex   4.300000e+01 2.400000e+01 1.600000e+01
      vertex   3.606001e+01 2.400000e+01 2.085793e+01
      vertex   3.565000e+01 2.400000e+01 2.102776e+01
    endloop
  endfacet
  facet normal 0.000000e+00 -2.537653e-16 -1.000000e+00
    outer loop
      vertex   0.000000e+00 -4.000000e+00 5.900000e+01
      vertex   0.000000e+00 2.400000e+01 5.900000e+01
      vertex   4.300000e+01 -4.000000e+00 5.900000e+01
    endloop
  endfacet
  facet normal 0.000000e+00 -2.537653e-16 -1.000000e+00
    outer loop
      vertex   4.300000e+01 -4.000000e+00 5.900000e+01
      vertex   0.000000e+00 2.400000e+01 5.900000e+01
      vertex   4.300000e+01 2.400000e+01 5.900000e+01
    endloop
  endfacet
  facet normal 7.090500e-16 -1.000000e+00 4.084429e-14
    outer loop
      vertex   9.545481e+00 -4.000000e+00 6.941411e+01
      vertex   9.600000e+00 -4.000000e+00 6.900000e+01
      vertex   3.340000e+01 -4.000000e+00 6.900000e+01
    endloop
  endfacet
  facet normal 7.090500e-16 -1.000000e+00 -4.084429e-14
    outer loop
      vertex   3.340000e+01 -4.000000e+00 6.900000e+01
      vertex   9.600000e+00 -4.000000e+00 6.900000e+01
      vertex   9.545481e+00 -4.000000e+00 6.858589e+01
    endloop
  endfacet
  facet normal 0.000000e+00 -1.000000e+00 -0.000000e+00
    outer loop
      vertex   3.340000e+01 -4.000000e+00 6.900000e+01
      vertex   9.545481e+00 -4.000000e+00 6.858589e+01
      vertex   3.345452e+01 -4.000000e+00 6.858589e+01
    endloop
  endfacet
  facet normal 0.000000e+00 -1.000000e+00 1.150820e-15
    outer loop
      vertex   3.345452e+01 -4.000000e+00 6.858589e+01
      vertex   9.545481e+00 -4.000000e+00 6.858589e+01
      vertex   9.385641e+00 -4.000000e+00 6.820000e+01
    endloop
  endfacet
  facet normal 0.000000e+00 -1.000000e+00 1.150820e-15
    outer loop
      vertex   3.345452e+01 -4.000000e+00 6.858589e+01
      vertex   9.385641e+00 -4.000000e+00 6.820000e+01
      vertex   3.361436e+01 -4.000000e+00 6.820000e+01
    endloop
  endfacet
  facet normal -0.000000e+00 -1.000000e+00 0.000000e+00
    outer loop
      vertex   3.361436e+01 -4.000000e+00 6.820000e+01
      vertex   9.385641e+00 -4.000000e+00 6.820000e+01
      vertex   9.131371e+00 -4.000000e+00 6.786863e+01
    endloop
  endfacet
  facet normal 0.000000e+00 -1.000000e+00 -0.000000e+00
    outer loop
      vertex   3.361436e+01 -4.000000e+00 6.820000e+01
      vertex   9.131371e+00 -4.000000e+00 6.786863e+01
      vertex   3.386863e+01 -4.000000e+00 6.786863e+01
    endloop
  endfacet
  facet normal -0.000000e+00 -1.000000e+00 -0.000000e+00
    outer loop
      vertex   3.386863e+01 -4.000000e+00 6.786863e+01
      vertex   9.131371e+00 -4.000000e+00 6.786863e+01
      vertex   3.420000e+01 -4.000000e+00 6.761436e+01
    endloop
  endfacet
  facet normal 0.000000e+00 -1.000000e+00 0.000000e+00
    outer loop
      vertex   3.420000e+01 -4.000000e+00 6.761436e+01
      vertex   9.131371e+00 -4.000000e+00 6.786863e+01
      vertex   8.800000e+00 -4.000000e+00 6.761436e+01
    endloop
  endfacet
  facet normal -0.000000e+00 -1.000000e+00 -0.000000e+00
    outer loop
      vertex   3.420000e+01 -4.000000e+00 6.761436e+01
      vertex   8.800000e+00 -4.000000e+00 6.761436e+01
      vertex   3.458589e+01 -4.000000e+00 6.745452e+01
    endloop
  endfacet
  facet normal 0.000000e+00 -1.000000e+00 0.000000e+00
    outer loop
      vertex   3.458589e+01 -4.000000e+00 6.745452e+01
      vertex   8.800000e+00 -4.000000e+00 6.761436e+01
      vertex   8.414110e+00 -4.000000e+00 6.745452e+01
    endloop
  endfacet
  facet normal 0.000000e+00 -1.000000e+00 8.404296e-16
    outer loop
      vertex   3.458589e+01 -4.000000e+00 6.745452e+01
      vertex   8.414110e+00 -4.000000e+00 6.745452e+01
      vertex   0.000000e+00 -4.000000e+00 5.900000e+01
    endloop
  endfacet
  facet normal -1.273275e-16 -1.000000e+00 9.671485e-16
    outer loop
      vertex   0.000000e+00 -4.000000e+00 5.900000e+01
      vertex   8.414110e+00 -4.000000e+00 6.745452e+01
      vertex   8.000000e+00 -4.000000e+00 6.740000e+01
    endloop
  endfacet
  facet normal 9.895541e-17 -1.000000e+00 7.516410e-16
    outer loop
      vertex   0.000000e+00 -4.000000e+00 5.900000e+01
      vertex   8.000000e+00 -4.000000e+00 6.740000e+01
      vertex   7.585890e+00 -4.000000e+00 6.745452e+01
    endloop
  endfacet
  facet normal 2.537933e-16 -1.000000e+00 6.127113e-16
    outer loop
      vertex   7.585890e+00 -4.000000e+00 6.745452e+01
      vertex   7.200000e+00 -4.000000e+00 6.761436e+01
      vertex   0.000000e+00 -4.000000e+00 5.900000e+01
    endloop
  endfacet
  facet normal 3.856102e-16 -1.000000e+00 5.025370e-16
    outer loop
      vertex   0.000000e+00 -4.000000e+00 5.900000e+01
      vertex   7.200000e+00 -4.000000e+00 6.761436e+01
      vertex   6.868629e+00 -4.000000e+00 6.786863e+01
    endloop
  endfacet
  facet normal 5.196393e-16 -1.000000e+00 3.987333e-16
    outer loop
      vertex   0.000000e+00 -4.000000e+00 5.900000e+01
      vertex   6.868629e+00 -4.000000e+00 6.786863e+01
      vertex   6.614359e+00 -4.000000e+00 6.820000e+01
    endloop
  endfacet
  facet normal -3.340116e-16 -1.000000e+00 1.012467e-15
    outer loop
      vertex   6.614359e+00 -4.000000e+00 6.820000e+01
      vertex   6.454519e+00 -4.000000e+00 6.858589e+01
      vertex   0.000000e+00 -4.000000e+00 5.900000e+01
    endloop
  endfacet
  facet normal 4.688908e-16 -1.000000e+00 4.718448e-16
    outer loop
      vertex   0.000000e+00 -4.000000e+00 5.900000e+01
      vertex   6.454519e+00 -4.000000e+00 6.858589e+01
      vertex   0.000000e+00 -4.000000e+00 7.500000e+01
    endloop
  endfacet
  facet normal 0.000000e+00 -1.000000e+00 0.000000e+00
    outer loop
      vertex   0.000000e+00 -4.000000e+00 7.500000e+01
      vertex   6.454519e+00 -4.000000e+00 6.858589e+01
      vertex   6.400000e+00 -4.000000e+00 6.900000e+01
    endloop
  endfacet
  facet normal 0.000000e+00 -1.000000e+00 0.000000e+00
    outer loop
      vertex   0.000000e+00 -4.000000e+00 7.500000e+01
      vertex   6.400000e+00 -4.000000e+00 6.900000e+01
      vertex   6.454519e+00 -4.000000e+00 6.941411e+01
    endloop
  endfacet
  facet normal 7.331379e-16 -1.000000e+00 8.471439e-16
    outer loop
      vertex   6.454519e+00 -4.000000e+00 6.941411e+01
      vertex   6.614359e+00 -4.000000e+00 6.980000e+01
      vertex   0.000000e+00 -4.000000e+00 7.500000e+01
    endloop
  endfacet
  facet normal 4.187759e-17 -1.000000e+00 -3.213380e-17
    outer loop
      vertex   0.000000e+00 -4.000000e+00 7.500000e+01
      vertex   6.614359e+00 -4.000000e+00 6.980000e+01
      vertex   6.868629e+00 -4.000000e+00 7.013137e+01
    endloop
  endfacet
  facet normal 3.360862e-17 -1.000000e+00 -4.379961e-17
    outer loop
      vertex   0.000000e+00 -4.000000e+00 7.500000e+01
      vertex   6.868629e+00 -4.000000e+00 7.013137e+01
      vertex   7.200000e+00 -4.000000e+00 7.038564e+01
    endloop
  endfacet
  facet normal 2.421418e-17 -1.000000e+00 -5.845820e-17
    outer loop
      vertex   7.200000e+00 -4.000000e+00 7.038564e+01
      vertex   7.585890e+00 -4.000000e+00 7.054548e+01
      vertex   0.000000e+00 -4.000000e+00 7.500000e+01
    endloop
  endfacet
  facet normal 1.072127e-17 -1.000000e+00 -8.143614e-17
    outer loop
      vertex   0.000000e+00 -4.000000e+00 7.500000e+01
      vertex   7.585890e+00 -4.000000e+00 7.054548e+01
      vertex   8.000000e+00 -4.000000e+00 7.060000e+01
    endloop
  endfacet
  facet normal -1.746917e-17 -1.000000e+00 -1.326915e-16
    outer loop
      vertex   0.000000e+00 -4.000000e+00 7.500000e+01
      vertex   8.000000e+00 -4.000000e+00 7.060000e+01
      vertex   8.414110e+00 -4.000000e+00 7.054548e+01
    endloop
  endfacet
  facet normal 0.000000e+00 -1.000000e+00 -9.969410e-17
    outer loop
      vertex   0.000000e+00 -4.000000e+00 7.500000e+01
      vertex   8.414110e+00 -4.000000e+00 7.054548e+01
      vertex   3.458589e+01 -4.000000e+00 7.054548e+01
    endloop
  endfacet
  facet normal -0.000000e+00 -1.000000e+00 0.000000e+00
    outer loop
      vertex   3.458589e+01 -4.000000e+00 7.054548e+01
      vertex   8.414110e+00 -4.000000e+00 7.054548e+01
      vertex   8.800000e+00 -4.000000e+00 7.038564e+01
    endloop
  endfacet
  facet normal 0.000000e+00 -1.000000e+00 0.000000e+00
    outer loop
      vertex   3.458589e+01 -4.000000e+00 7.054548e+01
      vertex   8.800000e+00 -4.000000e+00 7.038564e+01
      vertex   3.420000e+01 -4.000000e+00 7.038564e+01
    endloop
  endfacet
  facet normal -0.000000e+00 -1.000000e+00 0.000000e+00
    outer loop
      vertex   3.420000e+01 -4.000000e+00 7.038564e+01
      vertex   8.800000e+00 -4.000000e+00 7.038564e+01
      vertex   3.386863e+01 -4.000000e+00 7.013137e+01
    endloop
  endfacet
  facet normal -0.000000e+00 -1.000000e+00 0.000000e+00
    outer loop
      vertex   3.386863e+01 -4.000000e+00 7.013137e+01
      vertex   8.800000e+00 -4.000000e+00 7.038564e+01
      vertex   9.131371e+00 -4.000000e+00 7.013137e+01
    endloop
  endfacet
  facet normal 0.000000e+00 -1.000000e+00 0.000000e+00
    outer loop
      vertex   3.386863e+01 -4.000000e+00 7.013137e+01
      vertex   9.131371e+00 -4.000000e+00 7.013137e+01
      vertex   3.361436e+01 -4.000000e+00 6.980000e+01
    endloop
  endfacet
  facet normal 0.000000e+00 -1.000000e+00 0.000000e+00
    outer loop
      vertex   3.361436e+01 -4.000000e+00 6.980000e+01
      vertex   9.131371e+00 -4.000000e+00 7.013137e+01
      vertex   9.385641e+00 -4.000000e+00 6.980000e+01
    endloop
  endfacet
  facet normal 0.000000e+00 -1.000000e+00 1.150820e-15
    outer loop
      vertex   3.361436e+01 -4.000000e+00 6.980000e+01
      vertex   9.385641e+00 -4.000000e+00 6.980000e+01
      vertex   3.345452e+01 -4.000000e+00 6.941411e+01
    endloop
  endfacet
  facet normal 0.000000e+00 -1.000000e+00 1.150820e-15
    outer loop
      vertex   3.345452e+01 -4.000000e+00 6.941411e+01
      vertex   9.385641e+00 -4.000000e+00 6.980000e+01
      vertex   9.545481e+00 -4.000000e+00 6.941411e+01
    endloop
  endfacet
  facet normal -0.000000e+00 -1.000000e+00 0.000000e+00
    outer loop
      vertex   3.345452e+01 -4.000000e+00 6.941411e+01
      vertex   9.545481e+00 -4.000000e+00 6.941411e+01
      vertex   3.340000e+01 -4.000000e+00 6.900000e+01
    endloop
  endfacet
  facet normal -3.165966e-14 -1.000000e+00 3.658286e-14
    outer loop
      vertex   3.654548e+01 -4.000000e+00 6.941411e+01
      vertex   3.660000e+01 -4.000000e+00 6.900000e+01
      vertex   4.300000e+01 -4.000000e+00 7.500000e+01
    endloop
  endfacet
  facet normal 4.659128e-14 -1.000000e+00 -4.688480e-14
    outer loop
      vertex   4.300000e+01 -4.000000e+00 7.500000e+01
      vertex   3.660000e+01 -4.000000e+00 6.900000e+01
      vertex   3.654548e+01 -4.000000e+00 6.858589e+01
    endloop
  endfacet
  facet normal -4.688908e-16 -1.000000e+00 4.718448e-16
    outer loop
      vertex   4.300000e+01 -4.000000e+00 7.500000e+01
      vertex   3.654548e+01 -4.000000e+00 6.858589e+01
      vertex   4.300000e+01 -4.000000e+00 5.900000e+01
    endloop
  endfacet
  facet normal 3.340116e-16 -1.000000e+00 1.012467e-15
    outer loop
      vertex   4.300000e+01 -4.000000e+00 5.900000e+01
      vertex   3.654548e+01 -4.000000e+00 6.858589e+01
      vertex   3.638564e+01 -4.000000e+00 6.820000e+01
    endloop
  endfacet
  facet normal -5.196393e-16 -1.000000e+00 3.987333e-16
    outer loop
      vertex   4.300000e+01 -4.000000e+00 5.900000e+01
      vertex   3.638564e+01 -4.000000e+00 6.820000e+01
      vertex   3.613137e+01 -4.000000e+00 6.786863e+01
    endloop
  endfacet
  facet normal -3.856102e-16 -1.000000e+00 5.025370e-16
    outer loop
      vertex   3.613137e+01 -4.000000e+00 6.786863e+01
      vertex   3.580000e+01 -4.000000e+00 6.761436e+01
      vertex   4.300000e+01 -4.000000e+00 5.900000e+01
    endloop
  endfacet
  facet normal -2.537933e-16 -1.000000e+00 6.127113e-16
    outer loop
      vertex   4.300000e+01 -4.000000e+00 5.900000e+01
      vertex   3.580000e+01 -4.000000e+00 6.761436e+01
      vertex   3.541411e+01 -4.000000e+00 6.745452e+01
    endloop
  endfacet
  facet normal -9.895541e-17 -1.000000e+00 7.516410e-16
    outer loop
      vertex   4.300000e+01 -4.000000e+00 5.900000e+01
      vertex   3.541411e+01 -4.000000e+00 6.745452e+01
      vertex   3.500000e+01 -4.000000e+00 6.740000e+01
    endloop
  endfacet
  facet normal 1.273275e-16 -1.000000e+00 9.671485e-16
    outer loop
      vertex   3.500000e+01 -4.000000e+00 6.740000e+01
      vertex   3.458589e+01 -4.000000e+00 6.745452e+01
      vertex   4.300000e+01 -4.000000e+00 5.900000e+01
    endloop
  endfacet
  facet normal 0.000000e+00 -1.000000e+00 8.404296e-16
    outer loop
      vertex   4.300000e+01 -4.000000e+00 5.900000e+01
      vertex   3.458589e+01 -4.000000e+00 6.745452e+01
      vertex   0.000000e+00 -4.000000e+00 5.900000e+01
    endloop
  endfacet
  facet normal 0.000000e+00 -1.000000e+00 -9.969410e-17
    outer loop
      vertex   0.000000e+00 -4.000000e+00 7.500000e+01
      vertex   3.458589e+01 -4.000000e+00 7.054548e+01
      vertex   4.300000e+01 -4.000000e+00 7.500000e+01
    endloop
  endfacet
  facet normal 1.746917e-17 -1.000000e+00 -1.326915e-16
    outer loop
      vertex   4.300000e+01 -4.000000e+00 7.500000e+01
      vertex   3.458589e+01 -4.000000e+00 7.054548e+01
      vertex   3.500000e+01 -4.000000e+00 7.060000e+01
    endloop
  endfacet
  facet normal -1.072127e-17 -1.000000e+00 -8.143614e-17
    outer loop
      vertex   4.300000e+01 -4.000000e+00 7.500000e+01
      vertex   3.500000e+01 -4.000000e+00 7.060000e+01
      vertex   3.541411e+01 -4.000000e+00 7.054548e+01
    endloop
  endfacet
  facet normal -2.421418e-17 -1.000000e+00 -5.845820e-17
    outer loop
      vertex   3.541411e+01 -4.000000e+00 7.054548e+01
      vertex   3.580000e+01 -4.000000e+00 7.038564e+01
      vertex   4.300000e+01 -4.000000e+00 7.500000e+01
    endloop
  endfacet
  facet normal -3.360862e-17 -1.000000e+00 -4.379961e-17
    outer loop
      vertex   4.300000e+01 -4.000000e+00 7.500000e+01
      vertex   3.580000e+01 -4.000000e+00 7.038564e+01
      vertex   3.613137e+01 -4.000000e+00 7.013137e+01
    endloop
  endfacet
  facet normal -4.187759e-17 -1.000000e+00 -3.213380e-17
    outer loop
      vertex   4.300000e+01 -4.000000e+00 7.500000e+01
      vertex   3.613137e+01 -4.000000e+00 7.013137e+01
      vertex   3.638564e+01 -4.000000e+00 6.980000e+01
    endloop
  endfacet
  facet normal -7.331379e-16 -1.000000e+00 8.471439e-16
    outer loop
      vertex   3.638564e+01 -4.000000e+00 6.980000e+01
      vertex   3.654548e+01 -4.000000e+00 6.941411e+01
      vertex   4.300000e+01 -4.000000e+00 7.500000e+01
    endloop
  endfacet
  facet normal -0.000000e+00 0.000000e+00 1.000000e+00
    outer loop
      vertex   0.000000e+00 -1.000000e+00 7.500000e+01
      vertex   0.000000e+00 -4.000000e+00 7.500000e+01
      vertex   4.300000e+01 -1.000000e+00 7.500000e+01
    endloop
  endfacet
  facet normal 0.000000e+00 0.000000e+00 1.000000e+00
    outer loop
      vertex   4.300000e+01 -1.000000e+00 7.500000e+01
      vertex   0.000000e+00 -4.000000e+00 7.500000e+01
      vertex   4.300000e+01 -4.000000e+00 7.500000e+01
    endloop
  endfacet
  facet normal 1.052656e-15 1.052656e-15 1.000000e+00
    outer loop
      vertex   4.300000e+01 -1.000000e+00 6.300000e+01
      vertex   4.300000e+01 2.600000e+01 6.300000e+01
      vertex   4.200000e+01 2.692632e-14 6.300000e+01
    endloop
  endfacet
  facet normal 0.000000e+00 1.093143e-15 1.000000e+00
    outer loop
      vertex   4.200000e+01 2.692632e-14 6.300000e+01
      vertex   4.300000e+01 2.600000e+01 6.300000e+01
      vertex   0.000000e+00 2.600000e+01 6.300000e+01
    endloop
  endfacet
  facet normal 0.000000e+00 1.093143e-15 1.000000e+00
    outer loop
      vertex   4.200000e+01 2.692632e-14 6.300000e+01
      vertex   0.000000e+00 2.600000e+01 6.300000e+01
      vertex   1.000000e+00 2.692632e-14 6.300000e+01
    endloop
  endfacet
  facet normal -1.052656e-15 1.052656e-15 1.000000e+00
    outer loop
      vertex   1.000000e+00 2.692632e-14 6.300000e+01
      vertex   0.000000e+00 2.600000e+01 6.300000e+01
      vertex   0.000000e+00 -1.000000e+00 6.300000e+01
    endloop
  endfacet
  facet normal 0.000000e+00 -6.661338e-16 -1.000000e+00
    outer loop
      vertex   3.317592e+01 3.400000e+01 1.200000e+01
      vertex   4.300000e+01 3.400000e+01 1.200000e+01
      vertex   3.317592e+01 2.600000e+01 1.200000e+01
    endloop
  endfacet
  facet normal -8.172952e-16 3.375128e-16 -1.000000e+00
    outer loop
      vertex   3.317592e+01 2.600000e+01 1.200000e+01
      vertex   4.300000e+01 3.400000e+01 1.200000e+01
      vertex   4.200000e+01 0.000000e+00 1.200000e+01
    endloop
  endfacet
  facet normal -1.184031e-32 6.148928e-16 -1.000000e+00
    outer loop
      vertex   3.317592e+01 2.600000e+01 1.200000e+01
      vertex   4.200000e+01 0.000000e+00 1.200000e+01
      vertex   1.000000e+00 0.000000e+00 1.200000e+01
    endloop
  endfacet
  facet normal 3.045183e-16 3.045183e-16 -1.000000e+00
    outer loop
      vertex   4.300000e+01 3.400000e+01 1.200000e+01
      vertex   4.300000e+01 -1.000000e+00 1.200000e+01
      vertex   4.200000e+01 0.000000e+00 1.200000e+01
    endloop
  endfacet
  facet normal -5.921189e-16 5.921189e-16 -1.000000e+00
    outer loop
      vertex   0.000000e+00 -1.000000e+00 1.200000e+01
      vertex   0.000000e+00 2.600000e+01 1.200000e+01
      vertex   1.000000e+00 0.000000e+00 1.200000e+01
    endloop
  endfacet
  facet normal -1.463269e-32 6.148928e-16 -1.000000e+00
    outer loop
      vertex   1.000000e+00 0.000000e+00 1.200000e+01
      vertex   0.000000e+00 2.600000e+01 1.200000e+01
      vertex   3.317592e+01 2.600000e+01 1.200000e+01
    endloop
  endfacet
  facet normal -5.709569e-14 1.000000e+00 4.576149e-14
    outer loop
      vertex   3.764100e+01 0.000000e+00 6.561362e+00
      vertex   4.200000e+01 0.000000e+00 1.200000e+01
      vertex   3.770000e+01 2.905747e-14 6.000000e+00
    endloop
  endfacet
  facet normal 6.757552e-15 1.000000e+00 -2.281484e-31
    outer loop
      vertex   3.770000e+01 2.905747e-14 6.000000e+00
      vertex   4.200000e+01 0.000000e+00 1.200000e+01
      vertex   4.200000e+01 0.000000e+00 1.000000e+00
    endloop
  endfacet
  facet normal -4.761247e-14 1.000000e+00 -4.675821e-14
    outer loop
      vertex   3.770000e+01 2.905747e-14 6.000000e+00
      vertex   4.200000e+01 0.000000e+00 1.000000e+00
      vertex   3.764100e+01 0.000000e+00 5.438639e+00
    endloop
  endfacet
  facet normal 0.000000e+00 1.000000e+00 0.000000e+00
    outer loop
      vertex   3.764100e+01 0.000000e+00 5.438639e+00
      vertex   4.200000e+01 0.000000e+00 1.000000e+00
      vertex   3.746657e+01 0.000000e+00 4.901811e+00
    endloop
  endfacet
  facet normal 0.000000e+00 1.000000e+00 0.000000e+00
    outer loop
      vertex   3.746657e+01 0.000000e+00 4.901811e+00
      vertex   4.200000e+01 0.000000e+00 1.000000e+00
      vertex   3.718435e+01 0.000000e+00 4.412980e+00
    endloop
  endfacet
  facet normal 0.000000e+00 1.000000e+00 0.000000e+00
    outer loop
      vertex   3.718435e+01 0.000000e+00 4.412980e+00
      vertex   4.200000e+01 0.000000e+00 1.000000e+00
      vertex   3.680665e+01 0.000000e+00 3.993509e+00
    endloop
  endfacet
  facet normal 0.000000e+00 1.000000e+00 0.000000e+00
    outer loop
      vertex   3.680665e+01 0.000000e+00 3.993509e+00
      vertex   4.200000e+01 0.000000e+00 1.000000e+00
      vertex   3.635000e+01 0.000000e+00 3.661731e+00
    endloop
  endfacet
  facet normal 0.000000e+00 1.000000e+00 0.000000e+00
    outer loop
      vertex   3.635000e+01 0.000000e+00 3.661731e+00
      vertex   4.200000e+01 0.000000e+00 1.000000e+00
      vertex   3.583435e+01 0.000000e+00 3.432147e+00
    endloop
  endfacet
  facet normal 0.000000e+00 1.000000e+00 0.000000e+00
    outer loop
      vertex   3.583435e+01 0.000000e+00 3.432147e+00
      vertex   4.200000e+01 0.000000e+00 1.000000e+00
      vertex   3.528223e+01 0.000000e+00 3.314791e+00
    endloop
  endfacet
  facet normal 0.000000e+00 1.000000e+00 0.000000e+00
    outer loop
      vertex   3.528223e+01 0.000000e+00 3.314791e+00
      vertex   4.200000e+01 0.000000e+00 1.000000e+00
      vertex   3.471777e+01 0.000000e+00 3.314791e+00
    endloop
  endfacet
  facet normal 0.000000e+00 1.000000e+00 0.000000e+00
    outer loop
      vertex   3.471777e+01 0.000000e+00 3.314791e+00
      vertex   4.200000e+01 0.000000e+00 1.000000e+00
      vertex   8.282227e+00 0.000000e+00 3.314791e+00
    endloop
  endfacet
  facet normal 0.000000e+00 1.000000e+00 0.000000e+00
    outer loop
      vertex   3.471777e+01 0.000000e+00 3.314791e+00
      vertex   8.282227e+00 0.000000e+00 3.314791e+00
      vertex   8.834346e+00 0.000000e+00 3.432147e+00
    endloop
  endfacet
  facet normal 0.000000e+00 1.000000e+00 -0.000000e+00
    outer loop
      vertex   3.764100e+01 0.000000e+00 6.561362e+00
      vertex   3.746657e+01 0.000000e+00 7.098189e+00
      vertex   4.200000e+01 0.000000e+00 1.200000e+01
    endloop
  endfacet
  facet normal 0.000000e+00 1.000000e+00 0.000000e+00
    outer loop
      vertex   4.200000e+01 0.000000e+00 1.200000e+01
      vertex   3.746657e+01 0.000000e+00 7.098189e+00
      vertex   3.718435e+01 0.000000e+00 7.587020e+00
    endloop
  endfacet
  facet normal 0.000000e+00 1.000000e+00 0.000000e+00
    outer loop
      vertex   4.200000e+01 0.000000e+00 1.200000e+01
      vertex   3.718435e+01 0.000000e+00 7.587020e+00
      vertex   3.680665e+01 0.000000e+00 8.006491e+00
    endloop
  endfacet
  facet normal 0.000000e+00 1.000000e+00 -0.000000e+00
    outer loop
      vertex   3.680665e+01 0.000000e+00 8.006491e+00
      vertex   3.635000e+01 0.000000e+00 8.338269e+00
      vertex   4.200000e+01 0.000000e+00 1.200000e+01
    endloop
  endfacet
  facet normal 0.000000e+00 1.000000e+00 0.000000e+00
    outer loop
      vertex   4.200000e+01 0.000000e+00 1.200000e+01
      vertex   3.635000e+01 0.000000e+00 8.338269e+00
      vertex   3.583435e+01 0.000000e+00 8.567853e+00
    endloop
  endfacet
  facet normal 0.000000e+00 1.000000e+00 0.000000e+00
    outer loop
      vertex   4.200000e+01 0.000000e+00 1.200000e+01
      vertex   3.583435e+01 0.000000e+00 8.567853e+00
      vertex   3.528223e+01 0.000000e+00 8.685209e+00
    endloop
  endfacet
  facet normal 0.000000e+00 1.000000e+00 -0.000000e+00
    outer loop
      vertex   3.528223e+01 0.000000e+00 8.685209e+00
      vertex   3.471777e+01 0.000000e+00 8.685209e+00
      vertex   4.200000e+01 0.000000e+00 1.200000e+01
    endloop
  endfacet
  facet normal 0.000000e+00 1.000000e+00 0.000000e+00
    outer loop
      vertex   4.200000e+01 0.000000e+00 1.200000e+01
      vertex   3.471777e+01 0.000000e+00 8.685209e+00
      vertex   1.000000e+00 0.000000e+00 1.200000e+01
    endloop
  endfacet
  facet normal 0.000000e+00 1.000000e+00 0.000000e+00
    outer loop
      vertex   1.000000e+00 0.000000e+00 1.200000e+01
      vertex   3.471777e+01 0.000000e+00 8.685209e+00
      vertex   3.416565e+01 0.000000e+00 8.567853e+00
    endloop
  endfacet
  facet normal 0.000000e+00 1.000000e+00 0.000000e+00
    outer loop
      vertex   1.000000e+00 0.000000e+00 1.200000e+01
      vertex   3.416565e+01 0.000000e+00 8.567853e+00
      vertex   8.282227e+00 0.000000e+00 8.685209e+00
    endloop
  endfacet
  facet normal 0.000000e+00 1.000000e+00 0.000000e+00
    outer loop
      vertex   8.282227e+00 0.000000e+00 8.685209e+00
      vertex   3.416565e+01 0.000000e+00 8.567853e+00
      vertex   8.834346e+00 0.000000e+00 8.567853e+00
    endloop
  endfacet
  facet normal -0.000000e+00 1.000000e+00 0.000000e+00
    outer loop
      vertex   8.834346e+00 0.000000e+00 8.567853e+00
      vertex   3.416565e+01 0.000000e+00 8.567853e+00
      vertex   3.365000e+01 0.000000e+00 8.338269e+00
    endloop
  endfacet
  facet normal 0.000000e+00 1.000000e+00 0.000000e+00
    outer loop
      vertex   8.834346e+00 0.000000e+00 8.567853e+00
      vertex   3.365000e+01 0.000000e+00 8.338269e+00
      vertex   9.350000e+00 0.000000e+00 8.338269e+00
    endloop
  endfacet
  facet normal -0.000000e+00 1.000000e+00 0.000000e+00
    outer loop
      vertex   9.350000e+00 0.000000e+00 8.338269e+00
      vertex   3.365000e+01 0.000000e+00 8.338269e+00
      vertex   3.319335e+01 0.000000e+00 8.006491e+00
    endloop
  endfacet
  facet normal 0.000000e+00 1.000000e+00 0.000000e+00
    outer loop
      vertex   9.350000e+00 0.000000e+00 8.338269e+00
      vertex   3.319335e+01 0.000000e+00 8.006491e+00
      vertex   9.806653e+00 0.000000e+00 8.006491e+00
    endloop
  endfacet
  facet normal -0.000000e+00 1.000000e+00 0.000000e+00
    outer loop
      vertex   9.806653e+00 0.000000e+00 8.006491e+00
      vertex   3.319335e+01 0.000000e+00 8.006491e+00
      vertex   3.281565e+01 0.000000e+00 7.587020e+00
    endloop
  endfacet
  facet normal 0.000000e+00 1.000000e+00 0.000000e+00
    outer loop
      vertex   9.806653e+00 0.000000e+00 8.006491e+00
      vertex   3.281565e+01 0.000000e+00 7.587020e+00
      vertex   1.018435e+01 0.000000e+00 7.587020e+00
    endloop
  endfacet
  facet normal -0.000000e+00 1.000000e+00 0.000000e+00
    outer loop
      vertex   1.018435e+01 0.000000e+00 7.587020e+00
      vertex   3.281565e+01 0.000000e+00 7.587020e+00
      vertex   3.253343e+01 0.000000e+00 7.098189e+00
    endloop
  endfacet
  facet normal 0.000000e+00 1.000000e+00 0.000000e+00
    outer loop
      vertex   1.018435e+01 0.000000e+00 7.587020e+00
      vertex   3.253343e+01 0.000000e+00 7.098189e+00
      vertex   1.046657e+01 0.000000e+00 7.098189e+00
    endloop
  endfacet
  facet normal -0.000000e+00 1.000000e+00 0.000000e+00
    outer loop
      vertex   1.046657e+01 0.000000e+00 7.098189e+00
      vertex   3.253343e+01 0.000000e+00 7.098189e+00
      vertex   3.235900e+01 0.000000e+00 6.561362e+00
    endloop
  endfacet
  facet normal 0.000000e+00 1.000000e+00 0.000000e+00
    outer loop
      vertex   1.046657e+01 0.000000e+00 7.098189e+00
      vertex   3.235900e+01 0.000000e+00 6.561362e+00
      vertex   1.064100e+01 0.000000e+00 6.561362e+00
    endloop
  endfacet
  facet normal -0.000000e+00 1.000000e+00 0.000000e+00
    outer loop
      vertex   1.064100e+01 0.000000e+00 6.561362e+00
      vertex   3.235900e+01 0.000000e+00 6.561362e+00
      vertex   3.230000e+01 0.000000e+00 6.000000e+00
    endloop
  endfacet
  facet normal 1.345253e-15 1.000000e+00 5.190388e-14
    outer loop
      vertex   1.064100e+01 0.000000e+00 6.561362e+00
      vertex   3.230000e+01 0.000000e+00 6.000000e+00
      vertex   1.070000e+01 2.905747e-14 6.000000e+00
    endloop
  endfacet
  facet normal 1.345253e-15 1.000000e+00 1.413918e-16
    outer loop
      vertex   1.070000e+01 2.905747e-14 6.000000e+00
      vertex   3.230000e+01 0.000000e+00 6.000000e+00
      vertex   3.235900e+01 0.000000e+00 5.438639e+00
    endloop
  endfacet
  facet normal 2.130917e-22 1.000000e+00 -5.176249e-14
    outer loop
      vertex   1.070000e+01 2.905747e-14 6.000000e+00
      vertex   3.235900e+01 0.000000e+00 5.438639e+00
      vertex   1.064100e+01 0.000000e+00 5.438638e+00
    endloop
  endfacet
  facet normal -0.000000e+00 1.000000e+00 0.000000e+00
    outer loop
      vertex   1.064100e+01 0.000000e+00 5.438638e+00
      vertex   3.235900e+01 0.000000e+00 5.438639e+00
      vertex   3.253343e+01 0.000000e+00 4.901811e+00
    endloop
  endfacet
  facet normal 0.000000e+00 1.000000e+00 0.000000e+00
    outer loop
      vertex   1.064100e+01 0.000000e+00 5.438638e+00
      vertex   3.253343e+01 0.000000e+00 4.901811e+00
      vertex   1.046657e+01 0.000000e+00 4.901811e+00
    endloop
  endfacet
  facet normal -0.000000e+00 1.000000e+00 0.000000e+00
    outer loop
      vertex   1.046657e+01 0.000000e+00 4.901811e+00
      vertex   3.253343e+01 0.000000e+00 4.901811e+00
      vertex   3.281565e+01 0.000000e+00 4.412980e+00
    endloop
  endfacet
  facet normal 0.000000e+00 1.000000e+00 0.000000e+00
    outer loop
      vertex   1.046657e+01 0.000000e+00 4.901811e+00
      vertex   3.281565e+01 0.000000e+00 4.412980e+00
      vertex   1.018435e+01 0.000000e+00 4.412980e+00
    endloop
  endfacet
  facet normal -0.000000e+00 1.000000e+00 0.000000e+00
    outer loop
      vertex   1.018435e+01 0.000000e+00 4.412980e+00
      vertex   3.281565e+01 0.000000e+00 4.412980e+00
      vertex   3.319335e+01 0.000000e+00 3.993509e+00
    endloop
  endfacet
  facet normal 0.000000e+00 1.000000e+00 0.000000e+00
    outer loop
      vertex   1.018435e+01 0.000000e+00 4.412980e+00
      vertex   3.319335e+01 0.000000e+00 3.993509e+00
      vertex   9.806653e+00 0.000000e+00 3.993509e+00
    endloop
  endfacet
  facet normal -0.000000e+00 1.000000e+00 0.000000e+00
    outer loop
      vertex   9.806653e+00 0.000000e+00 3.993509e+00
      vertex   3.319335e+01 0.000000e+00 3.993509e+00
      vertex   3.365000e+01 0.000000e+00 3.661731e+00
    endloop
  endfacet
  facet normal 0.000000e+00 1.000000e+00 0.000000e+00
    outer loop
      vertex   9.806653e+00 0.000000e+00 3.993509e+00
      vertex   3.365000e+01 0.000000e+00 3.661731e+00
      vertex   9.350000e+00 0.000000e+00 3.661731e+00
    endloop
  endfacet
  facet normal -0.000000e+00 1.000000e+00 0.000000e+00
    outer loop
      vertex   9.350000e+00 0.000000e+00 3.661731e+00
      vertex   3.365000e+01 0.000000e+00 3.661731e+00
      vertex   3.416565e+01 0.000000e+00 3.432147e+00
    endloop
  endfacet
  facet normal 0.000000e+00 1.000000e+00 0.000000e+00
    outer loop
      vertex   9.350000e+00 0.000000e+00 3.661731e+00
      vertex   3.416565e+01 0.000000e+00 3.432147e+00
      vertex   8.834346e+00 0.000000e+00 3.432147e+00
    endloop
  endfacet
  facet normal -0.000000e+00 1.000000e+00 0.000000e+00
    outer loop
      vertex   8.834346e+00 0.000000e+00 3.432147e+00
      vertex   3.416565e+01 0.000000e+00 3.432147e+00
      vertex   3.471777e+01 0.000000e+00 3.314791e+00
    endloop
  endfacet
  facet normal 0.000000e+00 1.000000e+00 0.000000e+00
    outer loop
      vertex   8.282227e+00 0.000000e+00 8.685209e+00
      vertex   7.717773e+00 0.000000e+00 8.685209e+00
      vertex   1.000000e+00 0.000000e+00 1.200000e+01
    endloop
  endfacet
  facet normal 0.000000e+00 1.000000e+00 0.000000e+00
    outer loop
      vertex   1.000000e+00 0.000000e+00 1.200000e+01
      vertex   7.717773e+00 0.000000e+00 8.685209e+00
      vertex   7.165654e+00 0.000000e+00 8.567853e+00
    endloop
  endfacet
  facet normal 0.000000e+00 1.000000e+00 0.000000e+00
    outer loop
      vertex   1.000000e+00 0.000000e+00 1.200000e+01
      vertex   7.165654e+00 0.000000e+00 8.567853e+00
      vertex   6.650000e+00 0.000000e+00 8.338269e+00
    endloop
  endfacet
  facet normal 0.000000e+00 1.000000e+00 0.000000e+00
    outer loop
      vertex   6.650000e+00 0.000000e+00 8.338269e+00
      vertex   6.193347e+00 0.000000e+00 8.006491e+00
      vertex   1.000000e+00 0.000000e+00 1.200000e+01
    endloop
  endfacet
  facet normal 0.000000e+00 1.000000e+00 0.000000e+00
    outer loop
      vertex   1.000000e+00 0.000000e+00 1.200000e+01
      vertex   6.193347e+00 0.000000e+00 8.006491e+00
      vertex   5.815654e+00 0.000000e+00 7.587020e+00
    endloop
  endfacet
  facet normal 0.000000e+00 1.000000e+00 0.000000e+00
    outer loop
      vertex   1.000000e+00 0.000000e+00 1.200000e+01
      vertex   5.815654e+00 0.000000e+00 7.587020e+00
      vertex   5.533427e+00 0.000000e+00 7.098189e+00
    endloop
  endfacet
  facet normal 0.000000e+00 1.000000e+00 0.000000e+00
    outer loop
      vertex   5.533427e+00 0.000000e+00 7.098189e+00
      vertex   5.359001e+00 0.000000e+00 6.561362e+00
      vertex   1.000000e+00 0.000000e+00 1.200000e+01
    endloop
  endfacet
  facet normal 0.000000e+00 1.000000e+00 0.000000e+00
    outer loop
      vertex   1.000000e+00 0.000000e+00 1.200000e+01
      vertex   5.359001e+00 0.000000e+00 6.561362e+00
      vertex   5.300000e+00 0.000000e+00 6.000000e+00
    endloop
  endfacet
  facet normal 0.000000e+00 1.000000e+00 0.000000e+00
    outer loop
      vertex   1.000000e+00 0.000000e+00 1.200000e+01
      vertex   5.300000e+00 0.000000e+00 6.000000e+00
      vertex   1.000000e+00 0.000000e+00 1.000000e+00
    endloop
  endfacet
  facet normal 0.000000e+00 1.000000e+00 0.000000e+00
    outer loop
      vertex   1.000000e+00 0.000000e+00 1.000000e+00
      vertex   5.300000e+00 0.000000e+00 6.000000e+00
      vertex   5.359001e+00 0.000000e+00 5.438638e+00
    endloop
  endfacet
  facet normal 0.000000e+00 1.000000e+00 0.000000e+00
    outer loop
      vertex   1.000000e+00 0.000000e+00 1.000000e+00
      vertex   5.359001e+00 0.000000e+00 5.438638e+00
      vertex   5.533427e+00 0.000000e+00 4.901811e+00
    endloop
  endfacet
  facet normal 0.000000e+00 1.000000e+00 0.000000e+00
    outer loop
      vertex   5.533427e+00 0.000000e+00 4.901811e+00
      vertex   5.815654e+00 0.000000e+00 4.412980e+00
      vertex   1.000000e+00 0.000000e+00 1.000000e+00
    endloop
  endfacet
  facet normal 0.000000e+00 1.000000e+00 0.000000e+00
    outer loop
      vertex   1.000000e+00 0.000000e+00 1.000000e+00
      vertex   5.815654e+00 0.000000e+00 4.412980e+00
      vertex   6.193347e+00 0.000000e+00 3.993509e+00
    endloop
  endfacet
  facet normal 0.000000e+00 1.000000e+00 0.000000e+00
    outer loop
      vertex   1.000000e+00 0.000000e+00 1.000000e+00
      vertex   6.193347e+00 0.000000e+00 3.993509e+00
      vertex   6.650000e+00 0.000000e+00 3.661731e+00
    endloop
  endfacet
  facet normal 0.000000e+00 1.000000e+00 0.000000e+00
    outer loop
      vertex   6.650000e+00 0.000000e+00 3.661731e+00
      vertex   7.165654e+00 0.000000e+00 3.432147e+00
      vertex   1.000000e+00 0.000000e+00 1.000000e+00
    endloop
  endfacet
  facet normal 0.000000e+00 1.000000e+00 0.000000e+00
    outer loop
      vertex   1.000000e+00 0.000000e+00 1.000000e+00
      vertex   7.165654e+00 0.000000e+00 3.432147e+00
      vertex   7.717773e+00 0.000000e+00 3.314791e+00
    endloop
  endfacet
  facet normal 0.000000e+00 1.000000e+00 0.000000e+00
    outer loop
      vertex   1.000000e+00 0.000000e+00 1.000000e+00
      vertex   7.717773e+00 0.000000e+00 3.314791e+00
      vertex   8.282227e+00 0.000000e+00 3.314791e+00
    endloop
  endfacet
  facet normal 0.000000e+00 1.000000e+00 0.000000e+00
    outer loop
      vertex   4.200000e+01 0.000000e+00 1.000000e+00
      vertex   1.000000e+00 0.000000e+00 1.000000e+00
      vertex   8.282227e+00 0.000000e+00 3.314791e+00
    endloop
  endfacet
endsolid
