solid ASCII
  facet normal 0.000000e+00 0.000000e+00 1.000000e+00
    outer loop
      vertex   -4.286921e+00 2.000000e+00 -1.899385e+01
      vertex   -4.524301e+00 2.000000e+00 -1.899385e+01
      vertex   -4.286921e+00 1.000000e+00 -1.899385e+01
    endloop
  endfacet
  facet normal 0.000000e+00 0.000000e+00 1.000000e+00
    outer loop
      vertex   -4.286921e+00 1.000000e+00 -1.899385e+01
      vertex   -4.524301e+00 2.000000e+00 -1.899385e+01
      vertex   -4.524301e+00 1.000000e+00 -1.899385e+01
    endloop
  endfacet
  facet normal 8.512431e-01 0.000000e+00 5.247715e-01
    outer loop
      vertex   -4.524301e+00 2.000000e+00 -1.899385e+01
      vertex   -4.592748e+00 2.000000e+00 -1.888282e+01
      vertex   -4.524301e+00 1.000000e+00 -1.899385e+01
    endloop
  endfacet
  facet normal 8.512431e-01 6.218302e-19 5.247715e-01
    outer loop
      vertex   -4.524301e+00 1.000000e+00 -1.899385e+01
      vertex   -4.592748e+00 2.000000e+00 -1.888282e+01
      vertex   -4.592748e+00 1.000000e+00 -1.888282e+01
    endloop
  endfacet
  facet normal 8.083110e-01 -0.000000e+00 5.887557e-01
    outer loop
      vertex   -4.592748e+00 1.000000e+00 -1.888282e+01
      vertex   -4.592748e+00 2.000000e+00 -1.888282e+01
      vertex   -4.669037e+00 2.000000e+00 -1.877808e+01
    endloop
  endfacet
  facet normal 8.083110e-01 2.719385e-18 5.887557e-01
    outer loop
      vertex   -4.592748e+00 1.000000e+00 -1.888282e+01
      vertex   -4.669037e+00 2.000000e+00 -1.877808e+01
      vertex   -4.669037e+00 1.000000e+00 -1.877808e+01
    endloop
  endfacet
  facet normal 7.343788e-01 -0.000000e+00 6.787398e-01
    outer loop
      vertex   -4.669037e+00 1.000000e+00 -1.877808e+01
      vertex   -4.669037e+00 2.000000e+00 -1.877808e+01
      vertex   -4.757106e+00 2.000000e+00 -1.868279e+01
    endloop
  endfacet
  facet normal 7.343788e-01 8.582981e-19 6.787398e-01
    outer loop
      vertex   -4.669037e+00 1.000000e+00 -1.877808e+01
      vertex   -4.757106e+00 2.000000e+00 -1.868279e+01
      vertex   -4.757106e+00 1.000000e+00 -1.868279e+01
    endloop
  endfacet
  facet normal 6.893532e-01 -0.000000e+00 7.244254e-01
    outer loop
      vertex   -4.757106e+00 1.000000e+00 -1.868279e+01
      vertex   -4.757106e+00 2.000000e+00 -1.868279e+01
      vertex   -4.851723e+00 2.000000e+00 -1.859276e+01
    endloop
  endfacet
  facet normal 6.893532e-01 5.873593e-18 7.244254e-01
    outer loop
      vertex   -4.757106e+00 1.000000e+00 -1.868279e+01
      vertex   -4.851723e+00 2.000000e+00 -1.859276e+01
      vertex   -4.851723e+00 1.000000e+00 -1.859276e+01
    endloop
  endfacet
  facet normal 6.271937e-01 0.000000e+00 7.788633e-01
    outer loop
      vertex   -4.851723e+00 2.000000e+00 -1.859276e+01
      vertex   -4.977888e+00 2.000000e+00 -1.849116e+01
      vertex   -4.851723e+00 1.000000e+00 -1.859276e+01
    endloop
  endfacet
  facet normal 6.271937e-01 4.335591e-18 7.788633e-01
    outer loop
      vertex   -4.851723e+00 1.000000e+00 -1.859276e+01
      vertex   -4.977888e+00 2.000000e+00 -1.849116e+01
      vertex   -4.977888e+00 1.000000e+00 -1.849116e+01
    endloop
  endfacet
  facet normal 5.828566e-01 -0.000000e+00 8.125750e-01
    outer loop
      vertex   -4.977888e+00 1.000000e+00 -1.849116e+01
      vertex   -4.977888e+00 2.000000e+00 -1.849116e+01
      vertex   -5.108994e+00 2.000000e+00 -1.839712e+01
    endloop
  endfacet
  facet normal 5.828566e-01 1.712788e-18 8.125750e-01
    outer loop
      vertex   -4.977888e+00 1.000000e+00 -1.849116e+01
      vertex   -5.108994e+00 2.000000e+00 -1.839712e+01
      vertex   -5.108994e+00 1.000000e+00 -1.839712e+01
    endloop
  endfacet
  facet normal 5.066693e-01 -0.000000e+00 8.621405e-01
    outer loop
      vertex   -5.108994e+00 1.000000e+00 -1.839712e+01
      vertex   -5.108994e+00 2.000000e+00 -1.839712e+01
      vertex   -5.248128e+00 2.000000e+00 -1.831535e+01
    endloop
  endfacet
  facet normal 5.066693e-01 3.259814e-18 8.621405e-01
    outer loop
      vertex   -5.108994e+00 1.000000e+00 -1.839712e+01
      vertex   -5.248128e+00 2.000000e+00 -1.831535e+01
      vertex   -5.248128e+00 1.000000e+00 -1.831535e+01
    endloop
  endfacet
  facet normal 4.602621e-01 -0.000000e+00 8.877831e-01
    outer loop
      vertex   -5.248128e+00 1.000000e+00 -1.831535e+01
      vertex   -5.248128e+00 2.000000e+00 -1.831535e+01
      vertex   -5.391968e+00 2.000000e+00 -1.824078e+01
    endloop
  endfacet
  facet normal 4.602621e-01 1.014833e-18 8.877831e-01
    outer loop
      vertex   -5.248128e+00 1.000000e+00 -1.831535e+01
      vertex   -5.391968e+00 2.000000e+00 -1.824078e+01
      vertex   -5.391968e+00 1.000000e+00 -1.824078e+01
    endloop
  endfacet
  facet normal 1.000000e+00 0.000000e+00 -0.000000e+00
    outer loop
      vertex   -5.391968e+00 2.000000e+00 -1.824078e+01
      vertex   -5.391968e+00 2.000000e+00 -1.788471e+01
      vertex   -5.391968e+00 1.000000e+00 -1.824078e+01
    endloop
  endfacet
  facet normal 1.000000e+00 0.000000e+00 0.000000e+00
    outer loop
      vertex   -5.391968e+00 1.000000e+00 -1.824078e+01
      vertex   -5.391968e+00 2.000000e+00 -1.788471e+01
      vertex   -5.391968e+00 1.000000e+00 -1.788471e+01
    endloop
  endfacet
  facet normal -3.850089e-01 -0.000000e+00 -9.229128e-01
    outer loop
      vertex   -5.391968e+00 2.000000e+00 -1.788471e+01
      vertex   -5.292341e+00 2.000000e+00 -1.792627e+01
      vertex   -5.391968e+00 1.000000e+00 -1.788471e+01
    endloop
  endfacet
  facet normal -3.850089e-01 1.670558e-18 -9.229128e-01
    outer loop
      vertex   -5.391968e+00 1.000000e+00 -1.788471e+01
      vertex   -5.292341e+00 2.000000e+00 -1.792627e+01
      vertex   -5.292341e+00 1.000000e+00 -1.792627e+01
    endloop
  endfacet
  facet normal -4.178667e-01 0.000000e+00 -9.085084e-01
    outer loop
      vertex   -5.292341e+00 1.000000e+00 -1.792627e+01
      vertex   -5.292341e+00 2.000000e+00 -1.792627e+01
      vertex   -5.194412e+00 2.000000e+00 -1.797131e+01
    endloop
  endfacet
  facet normal -4.178667e-01 3.475299e-18 -9.085084e-01
    outer loop
      vertex   -5.292341e+00 1.000000e+00 -1.792627e+01
      vertex   -5.194412e+00 2.000000e+00 -1.797131e+01
      vertex   -5.194412e+00 1.000000e+00 -1.797131e+01
    endloop
  endfacet
  facet normal -4.670999e-01 0.000000e+00 -8.842045e-01
    outer loop
      vertex   -5.194412e+00 1.000000e+00 -1.797131e+01
      vertex   -5.194412e+00 2.000000e+00 -1.797131e+01
      vertex   -5.099079e+00 2.000000e+00 -1.802167e+01
    endloop
  endfacet
  facet normal -4.670999e-01 2.696007e-18 -8.842045e-01
    outer loop
      vertex   -5.194412e+00 1.000000e+00 -1.797131e+01
      vertex   -5.099079e+00 2.000000e+00 -1.802167e+01
      vertex   -5.099079e+00 1.000000e+00 -1.802167e+01
    endloop
  endfacet
  facet normal -4.940740e-01 0.000000e+00 -8.694198e-01
    outer loop
      vertex   -5.099079e+00 1.000000e+00 -1.802167e+01
      vertex   -5.099079e+00 2.000000e+00 -1.802167e+01
      vertex   -5.005202e+00 2.000000e+00 -1.807502e+01
    endloop
  endfacet
  facet normal -4.940740e-01 -1.926934e-18 -8.694198e-01
    outer loop
      vertex   -5.099079e+00 1.000000e+00 -1.802167e+01
      vertex   -5.005202e+00 2.000000e+00 -1.807502e+01
      vertex   -5.005202e+00 1.000000e+00 -1.807502e+01
    endloop
  endfacet
  facet normal -5.231008e-01 -0.000000e+00 -8.522708e-01
    outer loop
      vertex   -5.005202e+00 2.000000e+00 -1.807502e+01
      vertex   -4.912798e+00 2.000000e+00 -1.813174e+01
      vertex   -5.005202e+00 1.000000e+00 -1.807502e+01
    endloop
  endfacet
  facet normal -5.231008e-01 2.865121e-18 -8.522708e-01
    outer loop
      vertex   -5.005202e+00 1.000000e+00 -1.807502e+01
      vertex   -4.912798e+00 2.000000e+00 -1.813174e+01
      vertex   -4.912798e+00 1.000000e+00 -1.813174e+01
    endloop
  endfacet
  facet normal -5.565280e-01 0.000000e+00 -8.308288e-01
    outer loop
      vertex   -4.912798e+00 1.000000e+00 -1.813174e+01
      vertex   -4.912798e+00 2.000000e+00 -1.813174e+01
      vertex   -4.822938e+00 2.000000e+00 -1.819193e+01
    endloop
  endfacet
  facet normal -5.565280e-01 -3.122657e-18 -8.308288e-01
    outer loop
      vertex   -4.912798e+00 1.000000e+00 -1.813174e+01
      vertex   -4.822938e+00 2.000000e+00 -1.819193e+01
      vertex   -4.822938e+00 1.000000e+00 -1.819193e+01
    endloop
  endfacet
  facet normal -6.141134e-01 0.000000e+00 -7.892178e-01
    outer loop
      vertex   -4.822938e+00 1.000000e+00 -1.819193e+01
      vertex   -4.822938e+00 2.000000e+00 -1.819193e+01
      vertex   -4.737617e+00 2.000000e+00 -1.825832e+01
    endloop
  endfacet
  facet normal -6.141134e-01 -2.707942e-18 -7.892178e-01
    outer loop
      vertex   -4.822938e+00 1.000000e+00 -1.819193e+01
      vertex   -4.737617e+00 2.000000e+00 -1.825832e+01
      vertex   -4.737617e+00 1.000000e+00 -1.825832e+01
    endloop
  endfacet
  facet normal -6.501007e-01 0.000000e+00 -7.598481e-01
    outer loop
      vertex   -4.737617e+00 1.000000e+00 -1.825832e+01
      vertex   -4.737617e+00 2.000000e+00 -1.825832e+01
      vertex   -4.655270e+00 2.000000e+00 -1.832877e+01
    endloop
  endfacet
  facet normal -6.501007e-01 -3.941371e-18 -7.598481e-01
    outer loop
      vertex   -4.737617e+00 1.000000e+00 -1.825832e+01
      vertex   -4.655270e+00 2.000000e+00 -1.832877e+01
      vertex   -4.655270e+00 1.000000e+00 -1.832877e+01
    endloop
  endfacet
  facet normal 1.000000e+00 0.000000e+00 -0.000000e+00
    outer loop
      vertex   -4.655270e+00 2.000000e+00 -1.832877e+01
      vertex   -4.655270e+00 2.000000e+00 -1.598157e+01
      vertex   -4.655270e+00 1.000000e+00 -1.832877e+01
    endloop
  endfacet
  facet normal 1.000000e+00 0.000000e+00 0.000000e+00
    outer loop
      vertex   -4.655270e+00 1.000000e+00 -1.832877e+01
      vertex   -4.655270e+00 2.000000e+00 -1.598157e+01
      vertex   -4.655270e+00 1.000000e+00 -1.598157e+01
    endloop
  endfacet
  facet normal 0.000000e+00 0.000000e+00 -1.000000e+00
    outer loop
      vertex   -4.655270e+00 2.000000e+00 -1.598157e+01
      vertex   -4.286921e+00 2.000000e+00 -1.598157e+01
      vertex   -4.655270e+00 1.000000e+00 -1.598157e+01
    endloop
  endfacet
  facet normal 0.000000e+00 0.000000e+00 -1.000000e+00
    outer loop
      vertex   -4.655270e+00 1.000000e+00 -1.598157e+01
      vertex   -4.286921e+00 2.000000e+00 -1.598157e+01
      vertex   -4.286921e+00 1.000000e+00 -1.598157e+01
    endloop
  endfacet
  facet normal -1.000000e+00 -0.000000e+00 -0.000000e+00
    outer loop
      vertex   -4.286921e+00 2.000000e+00 -1.598157e+01
      vertex   -4.286921e+00 2.000000e+00 -1.899385e+01
      vertex   -4.286921e+00 1.000000e+00 -1.598157e+01
    endloop
  endfacet
  facet normal -1.000000e+00 0.000000e+00 0.000000e+00
    outer loop
      vertex   -4.286921e+00 1.000000e+00 -1.598157e+01
      vertex   -4.286921e+00 2.000000e+00 -1.899385e+01
      vertex   -4.286921e+00 1.000000e+00 -1.899385e+01
    endloop
  endfacet
  facet normal -0.000000e+00 1.000000e+00 0.000000e+00
    outer loop
      vertex   -4.655270e+00 1.000000e+00 -1.598157e+01
      vertex   -4.286921e+00 1.000000e+00 -1.598157e+01
      vertex   -4.655270e+00 1.000000e+00 -1.832877e+01
    endloop
  endfacet
  facet normal -0.000000e+00 1.000000e+00 0.000000e+00
    outer loop
      vertex   -4.655270e+00 1.000000e+00 -1.832877e+01
      vertex   -4.286921e+00 1.000000e+00 -1.598157e+01
      vertex   -4.286921e+00 1.000000e+00 -1.899385e+01
    endloop
  endfacet
  facet normal 0.000000e+00 1.000000e+00 0.000000e+00
    outer loop
      vertex   -4.655270e+00 1.000000e+00 -1.832877e+01
      vertex   -4.286921e+00 1.000000e+00 -1.899385e+01
      vertex   -4.524301e+00 1.000000e+00 -1.899385e+01
    endloop
  endfacet
  facet normal 0.000000e+00 1.000000e+00 0.000000e+00
    outer loop
      vertex   -4.524301e+00 1.000000e+00 -1.899385e+01
      vertex   -4.592748e+00 1.000000e+00 -1.888282e+01
      vertex   -4.655270e+00 1.000000e+00 -1.832877e+01
    endloop
  endfacet
  facet normal 0.000000e+00 1.000000e+00 0.000000e+00
    outer loop
      vertex   -4.655270e+00 1.000000e+00 -1.832877e+01
      vertex   -4.592748e+00 1.000000e+00 -1.888282e+01
      vertex   -4.669037e+00 1.000000e+00 -1.877808e+01
    endloop
  endfacet
  facet normal 0.000000e+00 1.000000e+00 0.000000e+00
    outer loop
      vertex   -4.655270e+00 1.000000e+00 -1.832877e+01
      vertex   -4.669037e+00 1.000000e+00 -1.877808e+01
      vertex   -4.757106e+00 1.000000e+00 -1.868279e+01
    endloop
  endfacet
  facet normal 0.000000e+00 1.000000e+00 0.000000e+00
    outer loop
      vertex   -4.655270e+00 1.000000e+00 -1.832877e+01
      vertex   -4.757106e+00 1.000000e+00 -1.868279e+01
      vertex   -4.737617e+00 1.000000e+00 -1.825832e+01
    endloop
  endfacet
  facet normal 0.000000e+00 1.000000e+00 0.000000e+00
    outer loop
      vertex   -4.737617e+00 1.000000e+00 -1.825832e+01
      vertex   -4.757106e+00 1.000000e+00 -1.868279e+01
      vertex   -4.851723e+00 1.000000e+00 -1.859276e+01
    endloop
  endfacet
  facet normal 0.000000e+00 1.000000e+00 0.000000e+00
    outer loop
      vertex   -4.737617e+00 1.000000e+00 -1.825832e+01
      vertex   -4.851723e+00 1.000000e+00 -1.859276e+01
      vertex   -4.822938e+00 1.000000e+00 -1.819193e+01
    endloop
  endfacet
  facet normal 0.000000e+00 1.000000e+00 0.000000e+00
    outer loop
      vertex   -4.822938e+00 1.000000e+00 -1.819193e+01
      vertex   -4.851723e+00 1.000000e+00 -1.859276e+01
      vertex   -4.912798e+00 1.000000e+00 -1.813174e+01
    endloop
  endfacet
  facet normal 0.000000e+00 1.000000e+00 0.000000e+00
    outer loop
      vertex   -4.912798e+00 1.000000e+00 -1.813174e+01
      vertex   -4.851723e+00 1.000000e+00 -1.859276e+01
      vertex   -4.977888e+00 1.000000e+00 -1.849116e+01
    endloop
  endfacet
  facet normal 0.000000e+00 1.000000e+00 0.000000e+00
    outer loop
      vertex   -4.912798e+00 1.000000e+00 -1.813174e+01
      vertex   -4.977888e+00 1.000000e+00 -1.849116e+01
      vertex   -5.005202e+00 1.000000e+00 -1.807502e+01
    endloop
  endfacet
  facet normal 0.000000e+00 1.000000e+00 0.000000e+00
    outer loop
      vertex   -5.005202e+00 1.000000e+00 -1.807502e+01
      vertex   -4.977888e+00 1.000000e+00 -1.849116e+01
      vertex   -5.108994e+00 1.000000e+00 -1.839712e+01
    endloop
  endfacet
  facet normal 0.000000e+00 1.000000e+00 0.000000e+00
    outer loop
      vertex   -5.005202e+00 1.000000e+00 -1.807502e+01
      vertex   -5.108994e+00 1.000000e+00 -1.839712e+01
      vertex   -5.099079e+00 1.000000e+00 -1.802167e+01
    endloop
  endfacet
  facet normal 2.297083e-15 1.000000e+00 -6.066440e-17
    outer loop
      vertex   -5.099079e+00 1.000000e+00 -1.802167e+01
      vertex   -5.108994e+00 1.000000e+00 -1.839712e+01
      vertex   -5.194412e+00 1.000000e+00 -1.797131e+01
    endloop
  endfacet
  facet normal -3.474176e-16 1.000000e+00 -5.911604e-16
    outer loop
      vertex   -5.194412e+00 1.000000e+00 -1.797131e+01
      vertex   -5.108994e+00 1.000000e+00 -1.839712e+01
      vertex   -5.248128e+00 1.000000e+00 -1.831535e+01
    endloop
  endfacet
  facet normal -2.392450e-15 1.000000e+00 -2.718644e-16
    outer loop
      vertex   -5.194412e+00 1.000000e+00 -1.797131e+01
      vertex   -5.248128e+00 1.000000e+00 -1.831535e+01
      vertex   -5.292341e+00 1.000000e+00 -1.792627e+01
    endloop
  endfacet
  facet normal 0.000000e+00 1.000000e+00 0.000000e+00
    outer loop
      vertex   -5.292341e+00 1.000000e+00 -1.792627e+01
      vertex   -5.248128e+00 1.000000e+00 -1.831535e+01
      vertex   -5.391968e+00 1.000000e+00 -1.824078e+01
    endloop
  endfacet
  facet normal 0.000000e+00 1.000000e+00 0.000000e+00
    outer loop
      vertex   -5.292341e+00 1.000000e+00 -1.792627e+01
      vertex   -5.391968e+00 1.000000e+00 -1.824078e+01
      vertex   -5.391968e+00 1.000000e+00 -1.788471e+01
    endloop
  endfacet
  facet normal -1.000000e+00 -0.000000e+00 -0.000000e+00
    outer loop
      vertex   5.277882e+00 2.000000e+00 -1.598157e+01
      vertex   5.277882e+00 2.000000e+00 -1.710913e+01
      vertex   5.277882e+00 1.000000e+00 -1.598157e+01
    endloop
  endfacet
  facet normal -1.000000e+00 0.000000e+00 0.000000e+00
    outer loop
      vertex   5.277882e+00 1.000000e+00 -1.598157e+01
      vertex   5.277882e+00 2.000000e+00 -1.710913e+01
      vertex   5.277882e+00 1.000000e+00 -1.710913e+01
    endloop
  endfacet
  facet normal -9.998460e-01 -0.000000e+00 -1.755018e-02
    outer loop
      vertex   5.277882e+00 2.000000e+00 -1.710913e+01
      vertex   5.279908e+00 2.000000e+00 -1.722453e+01
      vertex   5.277882e+00 1.000000e+00 -1.710913e+01
    endloop
  endfacet
  facet normal -9.998460e-01 1.100604e-19 -1.755018e-02
    outer loop
      vertex   5.277882e+00 1.000000e+00 -1.710913e+01
      vertex   5.279908e+00 2.000000e+00 -1.722453e+01
      vertex   5.279908e+00 1.000000e+00 -1.722453e+01
    endloop
  endfacet
  facet normal -9.973166e-01 0.000000e+00 -7.320895e-02
    outer loop
      vertex   5.279908e+00 1.000000e+00 -1.722453e+01
      vertex   5.279908e+00 2.000000e+00 -1.722453e+01
      vertex   5.288312e+00 2.000000e+00 -1.733903e+01
    endloop
  endfacet
  facet normal -9.973166e-01 1.473286e-19 -7.320895e-02
    outer loop
      vertex   5.279908e+00 1.000000e+00 -1.722453e+01
      vertex   5.288312e+00 2.000000e+00 -1.733903e+01
      vertex   5.288312e+00 1.000000e+00 -1.733903e+01
    endloop
  endfacet
  facet normal -9.842700e-01 0.000000e+00 -1.766709e-01
    outer loop
      vertex   5.288312e+00 1.000000e+00 -1.733903e+01
      vertex   5.288312e+00 2.000000e+00 -1.733903e+01
      vertex   5.308559e+00 2.000000e+00 -1.745183e+01
    endloop
  endfacet
  facet normal -9.842700e-01 -1.621076e-18 -1.766709e-01
    outer loop
      vertex   5.288312e+00 1.000000e+00 -1.733903e+01
      vertex   5.308559e+00 2.000000e+00 -1.745183e+01
      vertex   5.308559e+00 1.000000e+00 -1.745183e+01
    endloop
  endfacet
  facet normal -9.685536e-01 0.000000e+00 -2.488048e-01
    outer loop
      vertex   5.308559e+00 1.000000e+00 -1.745183e+01
      vertex   5.308559e+00 2.000000e+00 -1.745183e+01
      vertex   5.337227e+00 2.000000e+00 -1.756343e+01
    endloop
  endfacet
  facet normal -9.685536e-01 -1.572523e-18 -2.488048e-01
    outer loop
      vertex   5.308559e+00 1.000000e+00 -1.745183e+01
      vertex   5.337227e+00 2.000000e+00 -1.756343e+01
      vertex   5.337227e+00 1.000000e+00 -1.756343e+01
    endloop
  endfacet
  facet normal -9.025270e-01 -0.000000e+00 -4.306333e-01
    outer loop
      vertex   5.337227e+00 2.000000e+00 -1.756343e+01
      vertex   5.371047e+00 2.000000e+00 -1.763431e+01
      vertex   5.337227e+00 1.000000e+00 -1.756343e+01
    endloop
  endfacet
  facet normal -9.025270e-01 5.027015e-19 -4.306333e-01
    outer loop
      vertex   5.337227e+00 1.000000e+00 -1.756343e+01
      vertex   5.371047e+00 2.000000e+00 -1.763431e+01
      vertex   5.371047e+00 1.000000e+00 -1.763431e+01
    endloop
  endfacet
  facet normal -8.444964e-01 0.000000e+00 -5.355612e-01
    outer loop
      vertex   5.371047e+00 1.000000e+00 -1.763431e+01
      vertex   5.371047e+00 2.000000e+00 -1.763431e+01
      vertex   5.412248e+00 2.000000e+00 -1.769927e+01
    endloop
  endfacet
  facet normal -8.444964e-01 1.753594e-18 -5.355612e-01
    outer loop
      vertex   5.371047e+00 1.000000e+00 -1.763431e+01
      vertex   5.412248e+00 2.000000e+00 -1.769927e+01
      vertex   5.412248e+00 1.000000e+00 -1.769927e+01
    endloop
  endfacet
  facet normal -7.142794e-01 0.000000e+00 -6.998607e-01
    outer loop
      vertex   5.412248e+00 1.000000e+00 -1.769927e+01
      vertex   5.412248e+00 2.000000e+00 -1.769927e+01
      vertex   5.466028e+00 2.000000e+00 -1.775416e+01
    endloop
  endfacet
  facet normal -7.142794e-01 3.247949e-19 -6.998607e-01
    outer loop
      vertex   5.412248e+00 1.000000e+00 -1.769927e+01
      vertex   5.466028e+00 2.000000e+00 -1.775416e+01
      vertex   5.466028e+00 1.000000e+00 -1.775416e+01
    endloop
  endfacet
  facet normal -6.206466e-01 0.000000e+00 -7.840904e-01
    outer loop
      vertex   5.466028e+00 1.000000e+00 -1.775416e+01
      vertex   5.466028e+00 2.000000e+00 -1.775416e+01
      vertex   5.527541e+00 2.000000e+00 -1.780285e+01
    endloop
  endfacet
  facet normal -6.206466e-01 -8.866337e-19 -7.840904e-01
    outer loop
      vertex   5.466028e+00 1.000000e+00 -1.775416e+01
      vertex   5.527541e+00 2.000000e+00 -1.780285e+01
      vertex   5.527541e+00 1.000000e+00 -1.780285e+01
    endloop
  endfacet
  facet normal -4.515941e-01 -0.000000e+00 -8.922235e-01
    outer loop
      vertex   5.527541e+00 2.000000e+00 -1.780285e+01
      vertex   5.595697e+00 2.000000e+00 -1.783735e+01
      vertex   5.527541e+00 1.000000e+00 -1.780285e+01
    endloop
  endfacet
  facet normal -4.515941e-01 4.026603e-19 -8.922235e-01
    outer loop
      vertex   5.527541e+00 1.000000e+00 -1.780285e+01
      vertex   5.595697e+00 2.000000e+00 -1.783735e+01
      vertex   5.595697e+00 1.000000e+00 -1.783735e+01
    endloop
  endfacet
  facet normal -3.566724e-01 0.000000e+00 -9.342295e-01
    outer loop
      vertex   5.595697e+00 1.000000e+00 -1.783735e+01
      vertex   5.595697e+00 2.000000e+00 -1.783735e+01
      vertex   5.666022e+00 2.000000e+00 -1.786420e+01
    endloop
  endfacet
  facet normal -3.566724e-01 5.112589e-20 -9.342295e-01
    outer loop
      vertex   5.595697e+00 1.000000e+00 -1.783735e+01
      vertex   5.666022e+00 2.000000e+00 -1.786420e+01
      vertex   5.666022e+00 1.000000e+00 -1.786420e+01
    endloop
  endfacet
  facet normal -1.871523e-01 0.000000e+00 -9.823309e-01
    outer loop
      vertex   5.666022e+00 1.000000e+00 -1.786420e+01
      vertex   5.666022e+00 2.000000e+00 -1.786420e+01
      vertex   5.739965e+00 2.000000e+00 -1.787829e+01
    endloop
  endfacet
  facet normal -1.871523e-01 6.996576e-19 -9.823309e-01
    outer loop
      vertex   5.666022e+00 1.000000e+00 -1.786420e+01
      vertex   5.739965e+00 2.000000e+00 -1.787829e+01
      vertex   5.739965e+00 1.000000e+00 -1.787829e+01
    endloop
  endfacet
  facet normal -8.407385e-02 0.000000e+00 -9.964595e-01
    outer loop
      vertex   5.739965e+00 1.000000e+00 -1.787829e+01
      vertex   5.739965e+00 2.000000e+00 -1.787829e+01
      vertex   5.816081e+00 2.000000e+00 -1.788471e+01
    endloop
  endfacet
  facet normal -8.407385e-02 -1.605513e-19 -9.964595e-01
    outer loop
      vertex   5.739965e+00 1.000000e+00 -1.787829e+01
      vertex   5.816081e+00 2.000000e+00 -1.788471e+01
      vertex   5.816081e+00 1.000000e+00 -1.788471e+01
    endloop
  endfacet
  facet normal 7.514224e-02 0.000000e+00 -9.971728e-01
    outer loop
      vertex   5.816081e+00 2.000000e+00 -1.788471e+01
      vertex   5.900509e+00 2.000000e+00 -1.787835e+01
      vertex   5.816081e+00 1.000000e+00 -1.788471e+01
    endloop
  endfacet
  facet normal 7.514224e-02 -2.587802e-19 -9.971728e-01
    outer loop
      vertex   5.816081e+00 1.000000e+00 -1.788471e+01
      vertex   5.900509e+00 2.000000e+00 -1.787835e+01
      vertex   5.900509e+00 1.000000e+00 -1.787835e+01
    endloop
  endfacet
  facet normal 2.327656e-01 0.000000e+00 -9.725329e-01
    outer loop
      vertex   5.900509e+00 1.000000e+00 -1.787835e+01
      vertex   5.900509e+00 2.000000e+00 -1.787835e+01
      vertex   5.979402e+00 2.000000e+00 -1.785946e+01
    endloop
  endfacet
  facet normal 2.327656e-01 6.135017e-19 -9.725329e-01
    outer loop
      vertex   5.900509e+00 1.000000e+00 -1.787835e+01
      vertex   5.979402e+00 2.000000e+00 -1.785946e+01
      vertex   5.979402e+00 1.000000e+00 -1.785946e+01
    endloop
  endfacet
  facet normal 4.478705e-01 0.000000e+00 -8.940984e-01
    outer loop
      vertex   5.979402e+00 1.000000e+00 -1.785946e+01
      vertex   5.979402e+00 2.000000e+00 -1.785946e+01
      vertex   6.015113e+00 2.000000e+00 -1.784158e+01
    endloop
  endfacet
  facet normal 4.478705e-01 -1.173321e-19 -8.940984e-01
    outer loop
      vertex   5.979402e+00 1.000000e+00 -1.785946e+01
      vertex   6.015113e+00 2.000000e+00 -1.784158e+01
      vertex   6.015113e+00 1.000000e+00 -1.784158e+01
    endloop
  endfacet
  facet normal 5.762743e-01 0.000000e+00 -8.172563e-01
    outer loop
      vertex   6.015113e+00 1.000000e+00 -1.784158e+01
      vertex   6.015113e+00 2.000000e+00 -1.784158e+01
      vertex   6.048367e+00 2.000000e+00 -1.781813e+01
    endloop
  endfacet
  facet normal 5.762743e-01 8.483472e-19 -8.172563e-01
    outer loop
      vertex   6.015113e+00 1.000000e+00 -1.784158e+01
      vertex   6.048367e+00 2.000000e+00 -1.781813e+01
      vertex   6.048367e+00 1.000000e+00 -1.781813e+01
    endloop
  endfacet
  facet normal 6.692794e-01 0.000000e+00 -7.430109e-01
    outer loop
      vertex   6.048367e+00 1.000000e+00 -1.781813e+01
      vertex   6.048367e+00 2.000000e+00 -1.781813e+01
      vertex   6.110760e+00 2.000000e+00 -1.776193e+01
    endloop
  endfacet
  facet normal 6.692794e-01 -1.866563e-18 -7.430109e-01
    outer loop
      vertex   6.048367e+00 1.000000e+00 -1.781813e+01
      vertex   6.110760e+00 2.000000e+00 -1.776193e+01
      vertex   6.110760e+00 1.000000e+00 -1.776193e+01
    endloop
  endfacet
  facet normal 8.964873e-01 0.000000e+00 -4.430694e-01
    outer loop
      vertex   6.110760e+00 2.000000e+00 -1.776193e+01
      vertex   6.153605e+00 2.000000e+00 -1.767524e+01
      vertex   6.110760e+00 1.000000e+00 -1.776193e+01
    endloop
  endfacet
  facet normal 8.964873e-01 -3.625021e-19 -4.430694e-01
    outer loop
      vertex   6.110760e+00 1.000000e+00 -1.776193e+01
      vertex   6.153605e+00 2.000000e+00 -1.767524e+01
      vertex   6.153605e+00 1.000000e+00 -1.767524e+01
    endloop
  endfacet
  facet normal 9.466586e-01 0.000000e+00 -3.222381e-01
    outer loop
      vertex   6.153605e+00 1.000000e+00 -1.767524e+01
      vertex   6.153605e+00 2.000000e+00 -1.767524e+01
      vertex   6.184219e+00 2.000000e+00 -1.758530e+01
    endloop
  endfacet
  facet normal 9.466586e-01 -3.814362e-19 -3.222381e-01
    outer loop
      vertex   6.153605e+00 1.000000e+00 -1.767524e+01
      vertex   6.184219e+00 2.000000e+00 -1.758530e+01
      vertex   6.184219e+00 1.000000e+00 -1.758530e+01
    endloop
  endfacet
  facet normal 9.906034e-01 0.000000e+00 -1.367660e-01
    outer loop
      vertex   6.184219e+00 1.000000e+00 -1.758530e+01
      vertex   6.184219e+00 2.000000e+00 -1.758530e+01
      vertex   6.197279e+00 2.000000e+00 -1.749070e+01
    endloop
  endfacet
  facet normal 9.906034e-01 -3.641072e-19 -1.367660e-01
    outer loop
      vertex   6.184219e+00 1.000000e+00 -1.758530e+01
      vertex   6.197279e+00 2.000000e+00 -1.749070e+01
      vertex   6.197279e+00 1.000000e+00 -1.749070e+01
    endloop
  endfacet
  facet normal 9.993430e-01 0.000000e+00 -3.624190e-02
    outer loop
      vertex   6.197279e+00 1.000000e+00 -1.749070e+01
      vertex   6.197279e+00 2.000000e+00 -1.749070e+01
      vertex   6.200802e+00 2.000000e+00 -1.739358e+01
    endloop
  endfacet
  facet normal 9.993430e-01 1.207901e-19 -3.624190e-02
    outer loop
      vertex   6.197279e+00 1.000000e+00 -1.749070e+01
      vertex   6.200802e+00 2.000000e+00 -1.739358e+01
      vertex   6.200802e+00 1.000000e+00 -1.739358e+01
    endloop
  endfacet
  facet normal 1.000000e+00 0.000000e+00 -0.000000e+00
    outer loop
      vertex   6.200802e+00 2.000000e+00 -1.739358e+01
      vertex   6.200802e+00 2.000000e+00 -1.598157e+01
      vertex   6.200802e+00 1.000000e+00 -1.739358e+01
    endloop
  endfacet
  facet normal 1.000000e+00 0.000000e+00 0.000000e+00
    outer loop
      vertex   6.200802e+00 1.000000e+00 -1.739358e+01
      vertex   6.200802e+00 2.000000e+00 -1.598157e+01
      vertex   6.200802e+00 1.000000e+00 -1.598157e+01
    endloop
  endfacet
  facet normal 0.000000e+00 0.000000e+00 -1.000000e+00
    outer loop
      vertex   6.200802e+00 2.000000e+00 -1.598157e+01
      vertex   6.569151e+00 2.000000e+00 -1.598157e+01
      vertex   6.200802e+00 1.000000e+00 -1.598157e+01
    endloop
  endfacet
  facet normal 0.000000e+00 0.000000e+00 -1.000000e+00
    outer loop
      vertex   6.200802e+00 1.000000e+00 -1.598157e+01
      vertex   6.569151e+00 2.000000e+00 -1.598157e+01
      vertex   6.569151e+00 1.000000e+00 -1.598157e+01
    endloop
  endfacet
  facet normal -1.000000e+00 -0.000000e+00 -0.000000e+00
    outer loop
      vertex   6.569151e+00 2.000000e+00 -1.598157e+01
      vertex   6.569151e+00 2.000000e+00 -1.724419e+01
      vertex   6.569151e+00 1.000000e+00 -1.598157e+01
    endloop
  endfacet
  facet normal -1.000000e+00 0.000000e+00 0.000000e+00
    outer loop
      vertex   6.569151e+00 1.000000e+00 -1.598157e+01
      vertex   6.569151e+00 2.000000e+00 -1.724419e+01
      vertex   6.569151e+00 1.000000e+00 -1.724419e+01
    endloop
  endfacet
  facet normal -9.989600e-01 -0.000000e+00 -4.559466e-02
    outer loop
      vertex   6.569151e+00 2.000000e+00 -1.724419e+01
      vertex   6.575199e+00 2.000000e+00 -1.737670e+01
      vertex   6.569151e+00 1.000000e+00 -1.724419e+01
    endloop
  endfacet
  facet normal -9.989600e-01 1.065899e-19 -4.559466e-02
    outer loop
      vertex   6.569151e+00 1.000000e+00 -1.724419e+01
      vertex   6.575199e+00 2.000000e+00 -1.737670e+01
      vertex   6.575199e+00 1.000000e+00 -1.737670e+01
    endloop
  endfacet
  facet normal -9.852834e-01 0.000000e+00 -1.709288e-01
    outer loop
      vertex   6.575199e+00 1.000000e+00 -1.737670e+01
      vertex   6.575199e+00 2.000000e+00 -1.737670e+01
      vertex   6.597249e+00 2.000000e+00 -1.750381e+01
    endloop
  endfacet
  facet normal -9.852834e-01 -1.310227e-18 -1.709288e-01
    outer loop
      vertex   6.575199e+00 1.000000e+00 -1.737670e+01
      vertex   6.597249e+00 2.000000e+00 -1.750381e+01
      vertex   6.597249e+00 1.000000e+00 -1.750381e+01
    endloop
  endfacet
  facet normal -9.155893e-01 0.000000e+00 -4.021146e-01
    outer loop
      vertex   6.597249e+00 1.000000e+00 -1.750381e+01
      vertex   6.597249e+00 2.000000e+00 -1.750381e+01
      vertex   6.648706e+00 2.000000e+00 -1.762097e+01
    endloop
  endfacet
  facet normal -9.155893e-01 1.564747e-18 -4.021146e-01
    outer loop
      vertex   6.597249e+00 1.000000e+00 -1.750381e+01
      vertex   6.648706e+00 2.000000e+00 -1.762097e+01
      vertex   6.648706e+00 1.000000e+00 -1.762097e+01
    endloop
  endfacet
  facet normal -8.377186e-01 0.000000e+00 -5.461021e-01
    outer loop
      vertex   6.648706e+00 1.000000e+00 -1.762097e+01
      vertex   6.648706e+00 2.000000e+00 -1.762097e+01
      vertex   6.720584e+00 2.000000e+00 -1.773123e+01
    endloop
  endfacet
  facet normal -8.377186e-01 4.006051e-18 -5.461021e-01
    outer loop
      vertex   6.648706e+00 1.000000e+00 -1.762097e+01
      vertex   6.720584e+00 2.000000e+00 -1.773123e+01
      vertex   6.720584e+00 1.000000e+00 -1.773123e+01
    endloop
  endfacet
  facet normal -6.166784e-01 -0.000000e+00 -7.872151e-01
    outer loop
      vertex   6.720584e+00 2.000000e+00 -1.773123e+01
      vertex   6.804569e+00 2.000000e+00 -1.779702e+01
      vertex   6.720584e+00 1.000000e+00 -1.773123e+01
    endloop
  endfacet
  facet normal -6.166784e-01 -1.399803e-18 -7.872151e-01
    outer loop
      vertex   6.720584e+00 1.000000e+00 -1.773123e+01
      vertex   6.804569e+00 2.000000e+00 -1.779702e+01
      vertex   6.804569e+00 1.000000e+00 -1.779702e+01
    endloop
  endfacet
  facet normal -4.897482e-01 0.000000e+00 -8.718639e-01
    outer loop
      vertex   6.804569e+00 1.000000e+00 -1.779702e+01
      vertex   6.804569e+00 2.000000e+00 -1.779702e+01
      vertex   6.894725e+00 2.000000e+00 -1.784766e+01
    endloop
  endfacet
  facet normal -4.897482e-01 7.808662e-20 -8.718639e-01
    outer loop
      vertex   6.804569e+00 1.000000e+00 -1.779702e+01
      vertex   6.894725e+00 2.000000e+00 -1.784766e+01
      vertex   6.894725e+00 1.000000e+00 -1.784766e+01
    endloop
  endfacet
  facet normal -2.495743e-01 0.000000e+00 -9.683557e-01
    outer loop
      vertex   6.894725e+00 1.000000e+00 -1.784766e+01
      vertex   6.894725e+00 2.000000e+00 -1.784766e+01
      vertex   6.994987e+00 2.000000e+00 -1.787350e+01
    endloop
  endfacet
  facet normal -2.495743e-01 -7.179703e-20 -9.683557e-01
    outer loop
      vertex   6.894725e+00 1.000000e+00 -1.784766e+01
      vertex   6.994987e+00 2.000000e+00 -1.787350e+01
      vertex   6.994987e+00 1.000000e+00 -1.787350e+01
    endloop
  endfacet
  facet normal -1.048952e-01 0.000000e+00 -9.944833e-01
    outer loop
      vertex   6.994987e+00 1.000000e+00 -1.787350e+01
      vertex   6.994987e+00 2.000000e+00 -1.787350e+01
      vertex   7.101211e+00 2.000000e+00 -1.788471e+01
    endloop
  endfacet
  facet normal -1.048952e-01 -5.151424e-19 -9.944833e-01
    outer loop
      vertex   6.994987e+00 1.000000e+00 -1.787350e+01
      vertex   7.101211e+00 2.000000e+00 -1.788471e+01
      vertex   7.101211e+00 1.000000e+00 -1.788471e+01
    endloop
  endfacet
  facet normal 6.887628e-02 0.000000e+00 -9.976252e-01
    outer loop
      vertex   7.101211e+00 2.000000e+00 -1.788471e+01
      vertex   7.159426e+00 2.000000e+00 -1.788069e+01
      vertex   7.101211e+00 1.000000e+00 -1.788471e+01
    endloop
  endfacet
  facet normal 6.887628e-02 2.885277e-20 -9.976252e-01
    outer loop
      vertex   7.101211e+00 1.000000e+00 -1.788471e+01
      vertex   7.159426e+00 2.000000e+00 -1.788069e+01
      vertex   7.159426e+00 1.000000e+00 -1.788069e+01
    endloop
  endfacet
  facet normal 1.700974e-01 0.000000e+00 -9.854273e-01
    outer loop
      vertex   7.159426e+00 1.000000e+00 -1.788069e+01
      vertex   7.159426e+00 2.000000e+00 -1.788069e+01
      vertex   7.216065e+00 2.000000e+00 -1.787091e+01
    endloop
  endfacet
  facet normal 1.700974e-01 -3.483271e-19 -9.854273e-01
    outer loop
      vertex   7.159426e+00 1.000000e+00 -1.788069e+01
      vertex   7.216065e+00 2.000000e+00 -1.787091e+01
      vertex   7.216065e+00 1.000000e+00 -1.787091e+01
    endloop
  endfacet
  facet normal 3.429845e-01 0.000000e+00 -9.393411e-01
    outer loop
      vertex   7.216065e+00 1.000000e+00 -1.787091e+01
      vertex   7.216065e+00 2.000000e+00 -1.787091e+01
      vertex   7.269988e+00 2.000000e+00 -1.785122e+01
    endloop
  endfacet
  facet normal 3.429845e-01 -1.347893e-19 -9.393411e-01
    outer loop
      vertex   7.216065e+00 1.000000e+00 -1.787091e+01
      vertex   7.269988e+00 2.000000e+00 -1.785122e+01
      vertex   7.269988e+00 1.000000e+00 -1.785122e+01
    endloop
  endfacet
  facet normal 4.436910e-01 0.000000e+00 -8.961798e-01
    outer loop
      vertex   7.269988e+00 1.000000e+00 -1.785122e+01
      vertex   7.269988e+00 2.000000e+00 -1.785122e+01
      vertex   7.322221e+00 2.000000e+00 -1.782536e+01
    endloop
  endfacet
  facet normal 4.436910e-01 -1.799467e-18 -8.961798e-01
    outer loop
      vertex   7.269988e+00 1.000000e+00 -1.785122e+01
      vertex   7.322221e+00 2.000000e+00 -1.782536e+01
      vertex   7.322221e+00 1.000000e+00 -1.782536e+01
    endloop
  endfacet
  facet normal 6.070830e-01 0.000000e+00 -7.946384e-01
    outer loop
      vertex   7.322221e+00 2.000000e+00 -1.782536e+01
      vertex   7.363817e+00 2.000000e+00 -1.779358e+01
      vertex   7.322221e+00 1.000000e+00 -1.782536e+01
    endloop
  endfacet
  facet normal 6.070830e-01 4.011057e-19 -7.946384e-01
    outer loop
      vertex   7.322221e+00 1.000000e+00 -1.782536e+01
      vertex   7.363817e+00 2.000000e+00 -1.779358e+01
      vertex   7.363817e+00 1.000000e+00 -1.779358e+01
    endloop
  endfacet
  facet normal 7.005024e-01 0.000000e+00 -7.136500e-01
    outer loop
      vertex   7.363817e+00 1.000000e+00 -1.779358e+01
      vertex   7.363817e+00 2.000000e+00 -1.779358e+01
      vertex   7.400370e+00 2.000000e+00 -1.775771e+01
    endloop
  endfacet
  facet normal 7.005024e-01 2.303679e-19 -7.136500e-01
    outer loop
      vertex   7.363817e+00 1.000000e+00 -1.779358e+01
      vertex   7.400370e+00 2.000000e+00 -1.775771e+01
      vertex   7.400370e+00 1.000000e+00 -1.775771e+01
    endloop
  endfacet
  facet normal 8.370221e-01 0.000000e+00 -5.471691e-01
    outer loop
      vertex   7.400370e+00 1.000000e+00 -1.775771e+01
      vertex   7.400370e+00 2.000000e+00 -1.775771e+01
      vertex   7.428370e+00 2.000000e+00 -1.771487e+01
    endloop
  endfacet
  facet normal 8.370221e-01 -1.678450e-18 -5.471691e-01
    outer loop
      vertex   7.400370e+00 1.000000e+00 -1.775771e+01
      vertex   7.428370e+00 2.000000e+00 -1.771487e+01
      vertex   7.428370e+00 1.000000e+00 -1.771487e+01
    endloop
  endfacet
  facet normal 9.002242e-01 0.000000e+00 -4.354268e-01
    outer loop
      vertex   7.428370e+00 1.000000e+00 -1.771487e+01
      vertex   7.428370e+00 2.000000e+00 -1.771487e+01
      vertex   7.451143e+00 2.000000e+00 -1.766779e+01
    endloop
  endfacet
  facet normal 9.002242e-01 -8.790938e-19 -4.354268e-01
    outer loop
      vertex   7.428370e+00 1.000000e+00 -1.771487e+01
      vertex   7.451143e+00 2.000000e+00 -1.766779e+01
      vertex   7.451143e+00 1.000000e+00 -1.766779e+01
    endloop
  endfacet
  facet normal 9.726715e-01 0.000000e+00 -2.321854e-01
    outer loop
      vertex   7.451143e+00 2.000000e+00 -1.766779e+01
      vertex   7.469775e+00 2.000000e+00 -1.758974e+01
      vertex   7.451143e+00 1.000000e+00 -1.766779e+01
    endloop
  endfacet
  facet normal 9.726715e-01 3.031992e-20 -2.321854e-01
    outer loop
      vertex   7.451143e+00 1.000000e+00 -1.766779e+01
      vertex   7.469775e+00 2.000000e+00 -1.758974e+01
      vertex   7.469775e+00 1.000000e+00 -1.758974e+01
    endloop
  endfacet
  facet normal 9.872990e-01 0.000000e+00 -1.588729e-01
    outer loop
      vertex   7.469775e+00 1.000000e+00 -1.758974e+01
      vertex   7.469775e+00 2.000000e+00 -1.758974e+01
      vertex   7.482462e+00 2.000000e+00 -1.751090e+01
    endloop
  endfacet
  facet normal 9.872990e-01 8.187947e-19 -1.588729e-01
    outer loop
      vertex   7.469775e+00 1.000000e+00 -1.758974e+01
      vertex   7.482462e+00 2.000000e+00 -1.751090e+01
      vertex   7.482462e+00 1.000000e+00 -1.751090e+01
    endloop
  endfacet
  facet normal 9.981784e-01 0.000000e+00 -6.033070e-02
    outer loop
      vertex   7.482462e+00 1.000000e+00 -1.751090e+01
      vertex   7.482462e+00 2.000000e+00 -1.751090e+01
      vertex   7.487289e+00 2.000000e+00 -1.743102e+01
    endloop
  endfacet
  facet normal 9.981784e-01 -1.483808e-19 -6.033070e-02
    outer loop
      vertex   7.482462e+00 1.000000e+00 -1.751090e+01
      vertex   7.487289e+00 2.000000e+00 -1.743102e+01
      vertex   7.487289e+00 1.000000e+00 -1.743102e+01
    endloop
  endfacet
  facet normal 9.999633e-01 0.000000e+00 -8.565491e-03
    outer loop
      vertex   7.487289e+00 1.000000e+00 -1.743102e+01
      vertex   7.487289e+00 2.000000e+00 -1.743102e+01
      vertex   7.487978e+00 2.000000e+00 -1.735060e+01
    endloop
  endfacet
  facet normal 9.999633e-01 3.493468e-21 -8.565491e-03
    outer loop
      vertex   7.487289e+00 1.000000e+00 -1.743102e+01
      vertex   7.487978e+00 2.000000e+00 -1.735060e+01
      vertex   7.487978e+00 1.000000e+00 -1.735060e+01
    endloop
  endfacet
  facet normal 1.000000e+00 0.000000e+00 -0.000000e+00
    outer loop
      vertex   7.487978e+00 2.000000e+00 -1.735060e+01
      vertex   7.487978e+00 2.000000e+00 -1.598157e+01
      vertex   7.487978e+00 1.000000e+00 -1.735060e+01
    endloop
  endfacet
  facet normal 1.000000e+00 0.000000e+00 0.000000e+00
    outer loop
      vertex   7.487978e+00 1.000000e+00 -1.735060e+01
      vertex   7.487978e+00 2.000000e+00 -1.598157e+01
      vertex   7.487978e+00 1.000000e+00 -1.598157e+01
    endloop
  endfacet
  facet normal 0.000000e+00 0.000000e+00 -1.000000e+00
    outer loop
      vertex   7.487978e+00 2.000000e+00 -1.598157e+01
      vertex   7.854281e+00 2.000000e+00 -1.598157e+01
      vertex   7.487978e+00 1.000000e+00 -1.598157e+01
    endloop
  endfacet
  facet normal 0.000000e+00 0.000000e+00 -1.000000e+00
    outer loop
      vertex   7.487978e+00 1.000000e+00 -1.598157e+01
      vertex   7.854281e+00 2.000000e+00 -1.598157e+01
      vertex   7.854281e+00 1.000000e+00 -1.598157e+01
    endloop
  endfacet
  facet normal -1.000000e+00 -0.000000e+00 -0.000000e+00
    outer loop
      vertex   7.854281e+00 2.000000e+00 -1.598157e+01
      vertex   7.854281e+00 2.000000e+00 -1.747339e+01
      vertex   7.854281e+00 1.000000e+00 -1.598157e+01
    endloop
  endfacet
  facet normal -1.000000e+00 0.000000e+00 0.000000e+00
    outer loop
      vertex   7.854281e+00 1.000000e+00 -1.598157e+01
      vertex   7.854281e+00 2.000000e+00 -1.747339e+01
      vertex   7.854281e+00 1.000000e+00 -1.747339e+01
    endloop
  endfacet
  facet normal -9.986959e-01 0.000000e+00 5.105308e-02
    outer loop
      vertex   7.854281e+00 2.000000e+00 -1.747339e+01
      vertex   7.846623e+00 2.000000e+00 -1.762319e+01
      vertex   7.854281e+00 1.000000e+00 -1.747339e+01
    endloop
  endfacet
  facet normal -9.986959e-01 -1.117114e-19 5.105308e-02
    outer loop
      vertex   7.854281e+00 1.000000e+00 -1.747339e+01
      vertex   7.846623e+00 2.000000e+00 -1.762319e+01
      vertex   7.846623e+00 1.000000e+00 -1.762319e+01
    endloop
  endfacet
  facet normal -9.842268e-01 0.000000e+00 1.769111e-01
    outer loop
      vertex   7.846623e+00 1.000000e+00 -1.762319e+01
      vertex   7.846623e+00 2.000000e+00 -1.762319e+01
      vertex   7.820806e+00 2.000000e+00 -1.776682e+01
    endloop
  endfacet
  facet normal -9.842268e-01 3.663609e-19 1.769111e-01
    outer loop
      vertex   7.846623e+00 1.000000e+00 -1.762319e+01
      vertex   7.820806e+00 2.000000e+00 -1.776682e+01
      vertex   7.820806e+00 1.000000e+00 -1.776682e+01
    endloop
  endfacet
  facet normal -9.135636e-01 0.000000e+00 4.066959e-01
    outer loop
      vertex   7.820806e+00 1.000000e+00 -1.776682e+01
      vertex   7.820806e+00 2.000000e+00 -1.776682e+01
      vertex   7.761879e+00 2.000000e+00 -1.789919e+01
    endloop
  endfacet
  facet normal -9.135636e-01 -1.554763e-18 4.066959e-01
    outer loop
      vertex   7.820806e+00 1.000000e+00 -1.776682e+01
      vertex   7.761879e+00 2.000000e+00 -1.789919e+01
      vertex   7.761879e+00 1.000000e+00 -1.789919e+01
    endloop
  endfacet
  facet normal -8.368957e-01 0.000000e+00 5.473624e-01
    outer loop
      vertex   7.761879e+00 1.000000e+00 -1.789919e+01
      vertex   7.761879e+00 2.000000e+00 -1.789919e+01
      vertex   7.680338e+00 2.000000e+00 -1.802386e+01
    endloop
  endfacet
  facet normal -8.368957e-01 2.940357e-18 5.473624e-01
    outer loop
      vertex   7.761879e+00 1.000000e+00 -1.789919e+01
      vertex   7.680338e+00 2.000000e+00 -1.802386e+01
      vertex   7.680338e+00 1.000000e+00 -1.802386e+01
    endloop
  endfacet
  facet normal -5.922385e-01 0.000000e+00 8.057627e-01
    outer loop
      vertex   7.680338e+00 2.000000e+00 -1.802386e+01
      vertex   7.569766e+00 2.000000e+00 -1.810513e+01
      vertex   7.680338e+00 1.000000e+00 -1.802386e+01
    endloop
  endfacet
  facet normal -5.922385e-01 5.222094e-18 8.057627e-01
    outer loop
      vertex   7.680338e+00 1.000000e+00 -1.802386e+01
      vertex   7.569766e+00 2.000000e+00 -1.810513e+01
      vertex   7.569766e+00 1.000000e+00 -1.810513e+01
    endloop
  endfacet
  facet normal -4.540753e-01 0.000000e+00 8.909633e-01
    outer loop
      vertex   7.569766e+00 1.000000e+00 -1.810513e+01
      vertex   7.569766e+00 2.000000e+00 -1.810513e+01
      vertex   7.451276e+00 2.000000e+00 -1.816552e+01
    endloop
  endfacet
  facet normal -4.540753e-01 -1.384594e-18 8.909633e-01
    outer loop
      vertex   7.569766e+00 1.000000e+00 -1.810513e+01
      vertex   7.451276e+00 2.000000e+00 -1.816552e+01
      vertex   7.451276e+00 1.000000e+00 -1.816552e+01
    endloop
  endfacet
  facet normal -2.114102e-01 0.000000e+00 9.773974e-01
    outer loop
      vertex   7.451276e+00 1.000000e+00 -1.816552e+01
      vertex   7.451276e+00 2.000000e+00 -1.816552e+01
      vertex   7.320604e+00 2.000000e+00 -1.819379e+01
    endloop
  endfacet
  facet normal -2.114102e-01 1.464289e-18 9.773974e-01
    outer loop
      vertex   7.451276e+00 1.000000e+00 -1.816552e+01
      vertex   7.320604e+00 2.000000e+00 -1.819379e+01
      vertex   7.320604e+00 1.000000e+00 -1.819379e+01
    endloop
  endfacet
  facet normal -7.366342e-02 0.000000e+00 9.972832e-01
    outer loop
      vertex   7.320604e+00 1.000000e+00 -1.819379e+01
      vertex   7.320604e+00 2.000000e+00 -1.819379e+01
      vertex   7.183067e+00 2.000000e+00 -1.820394e+01
    endloop
  endfacet
  facet normal -7.366342e-02 8.902601e-20 9.972832e-01
    outer loop
      vertex   7.320604e+00 1.000000e+00 -1.819379e+01
      vertex   7.183067e+00 2.000000e+00 -1.820394e+01
      vertex   7.183067e+00 1.000000e+00 -1.820394e+01
    endloop
  endfacet
  facet normal 1.625366e-01 0.000000e+00 9.867025e-01
    outer loop
      vertex   7.183067e+00 2.000000e+00 -1.820394e+01
      vertex   6.980874e+00 2.000000e+00 -1.817064e+01
      vertex   7.183067e+00 1.000000e+00 -1.820394e+01
    endloop
  endfacet
  facet normal 1.625366e-01 1.550710e-18 9.867025e-01
    outer loop
      vertex   7.183067e+00 1.000000e+00 -1.820394e+01
      vertex   6.980874e+00 2.000000e+00 -1.817064e+01
      vertex   6.980874e+00 1.000000e+00 -1.817064e+01
    endloop
  endfacet
  facet normal 2.773336e-01 -0.000000e+00 9.607737e-01
    outer loop
      vertex   6.980874e+00 1.000000e+00 -1.817064e+01
      vertex   6.980874e+00 2.000000e+00 -1.817064e+01
      vertex   6.885780e+00 2.000000e+00 -1.814319e+01
    endloop
  endfacet
  facet normal 2.773336e-01 -2.181046e-18 9.607737e-01
    outer loop
      vertex   6.980874e+00 1.000000e+00 -1.817064e+01
      vertex   6.885780e+00 2.000000e+00 -1.814319e+01
      vertex   6.885780e+00 1.000000e+00 -1.814319e+01
    endloop
  endfacet
  facet normal 4.176630e-01 -0.000000e+00 9.086020e-01
    outer loop
      vertex   6.885780e+00 1.000000e+00 -1.814319e+01
      vertex   6.885780e+00 2.000000e+00 -1.814319e+01
      vertex   6.797888e+00 2.000000e+00 -1.810279e+01
    endloop
  endfacet
  facet normal 4.176630e-01 -7.836471e-19 9.086020e-01
    outer loop
      vertex   6.885780e+00 1.000000e+00 -1.814319e+01
      vertex   6.797888e+00 2.000000e+00 -1.810279e+01
      vertex   6.797888e+00 1.000000e+00 -1.810279e+01
    endloop
  endfacet
  facet normal 5.742039e-01 -0.000000e+00 8.187123e-01
    outer loop
      vertex   6.797888e+00 1.000000e+00 -1.810279e+01
      vertex   6.797888e+00 2.000000e+00 -1.810279e+01
      vertex   6.718493e+00 2.000000e+00 -1.804710e+01
    endloop
  endfacet
  facet normal 5.742039e-01 -3.938808e-18 8.187123e-01
    outer loop
      vertex   6.797888e+00 1.000000e+00 -1.810279e+01
      vertex   6.718493e+00 2.000000e+00 -1.804710e+01
      vertex   6.718493e+00 1.000000e+00 -1.804710e+01
    endloop
  endfacet
  facet normal 6.825761e-01 -0.000000e+00 7.308145e-01
    outer loop
      vertex   6.718493e+00 1.000000e+00 -1.804710e+01
      vertex   6.718493e+00 2.000000e+00 -1.804710e+01
      vertex   6.645857e+00 2.000000e+00 -1.797926e+01
    endloop
  endfacet
  facet normal 6.825761e-01 -7.015832e-19 7.308145e-01
    outer loop
      vertex   6.718493e+00 1.000000e+00 -1.804710e+01
      vertex   6.645857e+00 2.000000e+00 -1.797926e+01
      vertex   6.645857e+00 1.000000e+00 -1.797926e+01
    endloop
  endfacet
  facet normal 7.584430e-01 -0.000000e+00 6.517393e-01
    outer loop
      vertex   6.645857e+00 1.000000e+00 -1.797926e+01
      vertex   6.645857e+00 2.000000e+00 -1.797926e+01
      vertex   6.511852e+00 2.000000e+00 -1.782332e+01
    endloop
  endfacet
  facet normal 7.584430e-01 -6.193853e-18 6.517393e-01
    outer loop
      vertex   6.645857e+00 1.000000e+00 -1.797926e+01
      vertex   6.511852e+00 2.000000e+00 -1.782332e+01
      vertex   6.511852e+00 1.000000e+00 -1.782332e+01
    endloop
  endfacet
  facet normal -9.078667e-01 0.000000e+00 4.192590e-01
    outer loop
      vertex   6.511852e+00 2.000000e+00 -1.782332e+01
      vertex   6.473541e+00 2.000000e+00 -1.790628e+01
      vertex   6.511852e+00 1.000000e+00 -1.782332e+01
    endloop
  endfacet
  facet normal -9.078667e-01 7.238300e-19 4.192590e-01
    outer loop
      vertex   6.511852e+00 1.000000e+00 -1.782332e+01
      vertex   6.473541e+00 2.000000e+00 -1.790628e+01
      vertex   6.473541e+00 1.000000e+00 -1.790628e+01
    endloop
  endfacet
  facet normal -8.493555e-01 0.000000e+00 5.278213e-01
    outer loop
      vertex   6.473541e+00 1.000000e+00 -1.790628e+01
      vertex   6.473541e+00 2.000000e+00 -1.790628e+01
      vertex   6.426323e+00 2.000000e+00 -1.798226e+01
    endloop
  endfacet
  facet normal -8.493555e-01 -2.419084e-18 5.278213e-01
    outer loop
      vertex   6.473541e+00 1.000000e+00 -1.790628e+01
      vertex   6.426323e+00 2.000000e+00 -1.798226e+01
      vertex   6.426323e+00 1.000000e+00 -1.798226e+01
    endloop
  endfacet
  facet normal -7.185772e-01 0.000000e+00 6.954472e-01
    outer loop
      vertex   6.426323e+00 1.000000e+00 -1.798226e+01
      vertex   6.426323e+00 2.000000e+00 -1.798226e+01
      vertex   6.364136e+00 2.000000e+00 -1.804651e+01
    endloop
  endfacet
  facet normal -7.185772e-01 -3.318590e-18 6.954472e-01
    outer loop
      vertex   6.426323e+00 1.000000e+00 -1.798226e+01
      vertex   6.364136e+00 2.000000e+00 -1.804651e+01
      vertex   6.364136e+00 1.000000e+00 -1.804651e+01
    endloop
  endfacet
  facet normal -6.257729e-01 0.000000e+00 7.800053e-01
    outer loop
      vertex   6.364136e+00 1.000000e+00 -1.804651e+01
      vertex   6.364136e+00 2.000000e+00 -1.804651e+01
      vertex   6.292890e+00 2.000000e+00 -1.810367e+01
    endloop
  endfacet
  facet normal -6.257729e-01 -4.241699e-18 7.800053e-01
    outer loop
      vertex   6.364136e+00 1.000000e+00 -1.804651e+01
      vertex   6.292890e+00 2.000000e+00 -1.810367e+01
      vertex   6.292890e+00 1.000000e+00 -1.810367e+01
    endloop
  endfacet
  facet normal -4.365145e-01 0.000000e+00 8.996972e-01
    outer loop
      vertex   6.292890e+00 2.000000e+00 -1.810367e+01
      vertex   6.199519e+00 2.000000e+00 -1.814897e+01
      vertex   6.292890e+00 1.000000e+00 -1.810367e+01
    endloop
  endfacet
  facet normal -4.365145e-01 -3.984420e-19 8.996972e-01
    outer loop
      vertex   6.292890e+00 1.000000e+00 -1.810367e+01
      vertex   6.199519e+00 2.000000e+00 -1.814897e+01
      vertex   6.199519e+00 1.000000e+00 -1.814897e+01
    endloop
  endfacet
  facet normal -3.292390e-01 0.000000e+00 9.442466e-01
    outer loop
      vertex   6.199519e+00 1.000000e+00 -1.814897e+01
      vertex   6.199519e+00 2.000000e+00 -1.814897e+01
      vertex   6.103054e+00 2.000000e+00 -1.818261e+01
    endloop
  endfacet
  facet normal -3.292390e-01 -1.529527e-19 9.442466e-01
    outer loop
      vertex   6.199519e+00 1.000000e+00 -1.814897e+01
      vertex   6.103054e+00 2.000000e+00 -1.818261e+01
      vertex   6.103054e+00 1.000000e+00 -1.818261e+01
    endloop
  endfacet
  facet normal -1.534087e-01 0.000000e+00 9.881628e-01
    outer loop
      vertex   6.103054e+00 1.000000e+00 -1.818261e+01
      vertex   6.103054e+00 2.000000e+00 -1.818261e+01
      vertex   6.001834e+00 2.000000e+00 -1.819832e+01
    endloop
  endfacet
  facet normal -1.534087e-01 3.620511e-19 9.881628e-01
    outer loop
      vertex   6.103054e+00 1.000000e+00 -1.818261e+01
      vertex   6.001834e+00 2.000000e+00 -1.819832e+01
      vertex   6.001834e+00 1.000000e+00 -1.819832e+01
    endloop
  endfacet
  facet normal -5.403102e-02 0.000000e+00 9.985393e-01
    outer loop
      vertex   6.001834e+00 1.000000e+00 -1.819832e+01
      vertex   6.001834e+00 2.000000e+00 -1.819832e+01
      vertex   5.897937e+00 2.000000e+00 -1.820394e+01
    endloop
  endfacet
  facet normal -5.403102e-02 1.669435e-19 9.985393e-01
    outer loop
      vertex   6.001834e+00 1.000000e+00 -1.819832e+01
      vertex   5.897937e+00 2.000000e+00 -1.820394e+01
      vertex   5.897937e+00 1.000000e+00 -1.820394e+01
    endloop
  endfacet
  facet normal 6.799161e-02 0.000000e+00 9.976859e-01
    outer loop
      vertex   5.897937e+00 2.000000e+00 -1.820394e+01
      vertex   5.796695e+00 2.000000e+00 -1.819704e+01
      vertex   5.897937e+00 1.000000e+00 -1.820394e+01
    endloop
  endfacet
  facet normal 6.799161e-02 -4.673471e-19 9.976859e-01
    outer loop
      vertex   5.897937e+00 1.000000e+00 -1.820394e+01
      vertex   5.796695e+00 2.000000e+00 -1.819704e+01
      vertex   5.796695e+00 1.000000e+00 -1.819704e+01
    endloop
  endfacet
  facet normal 1.632714e-01 -0.000000e+00 9.865812e-01
    outer loop
      vertex   5.796695e+00 1.000000e+00 -1.819704e+01
      vertex   5.796695e+00 2.000000e+00 -1.819704e+01
      vertex   5.697888e+00 2.000000e+00 -1.818069e+01
    endloop
  endfacet
  facet normal 1.632714e-01 9.741106e-19 9.865812e-01
    outer loop
      vertex   5.796695e+00 1.000000e+00 -1.819704e+01
      vertex   5.697888e+00 2.000000e+00 -1.818069e+01
      vertex   5.697888e+00 1.000000e+00 -1.818069e+01
    endloop
  endfacet
  facet normal 3.248293e-01 -0.000000e+00 9.457727e-01
    outer loop
      vertex   5.697888e+00 1.000000e+00 -1.818069e+01
      vertex   5.697888e+00 2.000000e+00 -1.818069e+01
      vertex   5.603245e+00 2.000000e+00 -1.814819e+01
    endloop
  endfacet
  facet normal 3.248293e-01 1.710314e-18 9.457727e-01
    outer loop
      vertex   5.697888e+00 1.000000e+00 -1.818069e+01
      vertex   5.603245e+00 2.000000e+00 -1.814819e+01
      vertex   5.603245e+00 1.000000e+00 -1.814819e+01
    endloop
  endfacet
  facet normal 4.188411e-01 -0.000000e+00 9.080595e-01
    outer loop
      vertex   5.603245e+00 1.000000e+00 -1.814819e+01
      vertex   5.603245e+00 2.000000e+00 -1.814819e+01
      vertex   5.511170e+00 2.000000e+00 -1.810572e+01
    endloop
  endfacet
  facet normal 4.188411e-01 9.994275e-19 9.080595e-01
    outer loop
      vertex   5.603245e+00 1.000000e+00 -1.814819e+01
      vertex   5.511170e+00 2.000000e+00 -1.810572e+01
      vertex   5.511170e+00 1.000000e+00 -1.810572e+01
    endloop
  endfacet
  facet normal 5.531705e-01 0.000000e+00 8.330681e-01
    outer loop
      vertex   5.511170e+00 2.000000e+00 -1.810572e+01
      vertex   5.432254e+00 2.000000e+00 -1.805332e+01
      vertex   5.511170e+00 1.000000e+00 -1.810572e+01
    endloop
  endfacet
  facet normal 5.531705e-01 -1.691556e-18 8.330681e-01
    outer loop
      vertex   5.511170e+00 1.000000e+00 -1.810572e+01
      vertex   5.432254e+00 2.000000e+00 -1.805332e+01
      vertex   5.432254e+00 1.000000e+00 -1.805332e+01
    endloop
  endfacet
  facet normal 6.263345e-01 -0.000000e+00 7.795544e-01
    outer loop
      vertex   5.432254e+00 1.000000e+00 -1.805332e+01
      vertex   5.432254e+00 2.000000e+00 -1.805332e+01
      vertex   5.359236e+00 2.000000e+00 -1.799465e+01
    endloop
  endfacet
  facet normal 6.263345e-01 -7.450573e-19 7.795544e-01
    outer loop
      vertex   5.432254e+00 1.000000e+00 -1.805332e+01
      vertex   5.359236e+00 2.000000e+00 -1.799465e+01
      vertex   5.359236e+00 1.000000e+00 -1.799465e+01
    endloop
  endfacet
  facet normal 7.387870e-01 -0.000000e+00 6.739390e-01
    outer loop
      vertex   5.359236e+00 1.000000e+00 -1.799465e+01
      vertex   5.359236e+00 2.000000e+00 -1.799465e+01
      vertex   5.296124e+00 2.000000e+00 -1.792547e+01
    endloop
  endfacet
  facet normal 7.387870e-01 -7.840124e-19 6.739390e-01
    outer loop
      vertex   5.359236e+00 1.000000e+00 -1.799465e+01
      vertex   5.296124e+00 2.000000e+00 -1.792547e+01
      vertex   5.296124e+00 1.000000e+00 -1.792547e+01
    endloop
  endfacet
  facet normal 7.976413e-01 -0.000000e+00 6.031322e-01
    outer loop
      vertex   5.296124e+00 1.000000e+00 -1.792547e+01
      vertex   5.296124e+00 2.000000e+00 -1.792547e+01
      vertex   5.239001e+00 2.000000e+00 -1.784992e+01
    endloop
  endfacet
  facet normal 7.976413e-01 -6.958269e-19 6.031322e-01
    outer loop
      vertex   5.296124e+00 1.000000e+00 -1.792547e+01
      vertex   5.239001e+00 2.000000e+00 -1.784992e+01
      vertex   5.239001e+00 1.000000e+00 -1.784992e+01
    endloop
  endfacet
  facet normal -1.000000e+00 -0.000000e+00 -0.000000e+00
    outer loop
      vertex   5.239001e+00 2.000000e+00 -1.784992e+01
      vertex   5.239001e+00 2.000000e+00 -1.815483e+01
      vertex   5.239001e+00 1.000000e+00 -1.784992e+01
    endloop
  endfacet
  facet normal -1.000000e+00 0.000000e+00 0.000000e+00
    outer loop
      vertex   5.239001e+00 1.000000e+00 -1.784992e+01
      vertex   5.239001e+00 2.000000e+00 -1.815483e+01
      vertex   5.239001e+00 1.000000e+00 -1.815483e+01
    endloop
  endfacet
  facet normal 0.000000e+00 0.000000e+00 1.000000e+00
    outer loop
      vertex   5.239001e+00 2.000000e+00 -1.815483e+01
      vertex   4.909533e+00 2.000000e+00 -1.815483e+01
      vertex   5.239001e+00 1.000000e+00 -1.815483e+01
    endloop
  endfacet
  facet normal 0.000000e+00 0.000000e+00 1.000000e+00
    outer loop
      vertex   5.239001e+00 1.000000e+00 -1.815483e+01
      vertex   4.909533e+00 2.000000e+00 -1.815483e+01
      vertex   4.909533e+00 1.000000e+00 -1.815483e+01
    endloop
  endfacet
  facet normal 1.000000e+00 0.000000e+00 -0.000000e+00
    outer loop
      vertex   4.909533e+00 2.000000e+00 -1.815483e+01
      vertex   4.909533e+00 2.000000e+00 -1.598157e+01
      vertex   4.909533e+00 1.000000e+00 -1.815483e+01
    endloop
  endfacet
  facet normal 1.000000e+00 0.000000e+00 0.000000e+00
    outer loop
      vertex   4.909533e+00 1.000000e+00 -1.815483e+01
      vertex   4.909533e+00 2.000000e+00 -1.598157e+01
      vertex   4.909533e+00 1.000000e+00 -1.598157e+01
    endloop
  endfacet
  facet normal 0.000000e+00 0.000000e+00 -1.000000e+00
    outer loop
      vertex   4.909533e+00 2.000000e+00 -1.598157e+01
      vertex   5.277882e+00 2.000000e+00 -1.598157e+01
      vertex   4.909533e+00 1.000000e+00 -1.598157e+01
    endloop
  endfacet
  facet normal 0.000000e+00 0.000000e+00 -1.000000e+00
    outer loop
      vertex   4.909533e+00 1.000000e+00 -1.598157e+01
      vertex   5.277882e+00 2.000000e+00 -1.598157e+01
      vertex   5.277882e+00 1.000000e+00 -1.598157e+01
    endloop
  endfacet
  facet normal 0.000000e+00 1.000000e+00 0.000000e+00
    outer loop
      vertex   5.277882e+00 1.000000e+00 -1.598157e+01
      vertex   5.277882e+00 1.000000e+00 -1.710913e+01
      vertex   4.909533e+00 1.000000e+00 -1.598157e+01
    endloop
  endfacet
  facet normal 0.000000e+00 1.000000e+00 0.000000e+00
    outer loop
      vertex   4.909533e+00 1.000000e+00 -1.598157e+01
      vertex   5.277882e+00 1.000000e+00 -1.710913e+01
      vertex   4.909533e+00 1.000000e+00 -1.815483e+01
    endloop
  endfacet
  facet normal 0.000000e+00 1.000000e+00 0.000000e+00
    outer loop
      vertex   4.909533e+00 1.000000e+00 -1.815483e+01
      vertex   5.277882e+00 1.000000e+00 -1.710913e+01
      vertex   5.279908e+00 1.000000e+00 -1.722453e+01
    endloop
  endfacet
  facet normal 0.000000e+00 1.000000e+00 0.000000e+00
    outer loop
      vertex   4.909533e+00 1.000000e+00 -1.815483e+01
      vertex   5.279908e+00 1.000000e+00 -1.722453e+01
      vertex   5.288312e+00 1.000000e+00 -1.733903e+01
    endloop
  endfacet
  facet normal 0.000000e+00 1.000000e+00 0.000000e+00
    outer loop
      vertex   5.288312e+00 1.000000e+00 -1.733903e+01
      vertex   5.308559e+00 1.000000e+00 -1.745183e+01
      vertex   4.909533e+00 1.000000e+00 -1.815483e+01
    endloop
  endfacet
  facet normal 0.000000e+00 1.000000e+00 0.000000e+00
    outer loop
      vertex   4.909533e+00 1.000000e+00 -1.815483e+01
      vertex   5.308559e+00 1.000000e+00 -1.745183e+01
      vertex   5.239001e+00 1.000000e+00 -1.784992e+01
    endloop
  endfacet
  facet normal 0.000000e+00 1.000000e+00 0.000000e+00
    outer loop
      vertex   4.909533e+00 1.000000e+00 -1.815483e+01
      vertex   5.239001e+00 1.000000e+00 -1.784992e+01
      vertex   5.239001e+00 1.000000e+00 -1.815483e+01
    endloop
  endfacet
  facet normal 0.000000e+00 1.000000e+00 0.000000e+00
    outer loop
      vertex   5.308559e+00 1.000000e+00 -1.745183e+01
      vertex   5.337227e+00 1.000000e+00 -1.756343e+01
      vertex   5.239001e+00 1.000000e+00 -1.784992e+01
    endloop
  endfacet
  facet normal 0.000000e+00 1.000000e+00 0.000000e+00
    outer loop
      vertex   5.239001e+00 1.000000e+00 -1.784992e+01
      vertex   5.337227e+00 1.000000e+00 -1.756343e+01
      vertex   5.371047e+00 1.000000e+00 -1.763431e+01
    endloop
  endfacet
  facet normal 0.000000e+00 1.000000e+00 0.000000e+00
    outer loop
      vertex   5.239001e+00 1.000000e+00 -1.784992e+01
      vertex   5.371047e+00 1.000000e+00 -1.763431e+01
      vertex   5.412248e+00 1.000000e+00 -1.769927e+01
    endloop
  endfacet
  facet normal 0.000000e+00 1.000000e+00 0.000000e+00
    outer loop
      vertex   5.412248e+00 1.000000e+00 -1.769927e+01
      vertex   5.466028e+00 1.000000e+00 -1.775416e+01
      vertex   5.239001e+00 1.000000e+00 -1.784992e+01
    endloop
  endfacet
  facet normal -0.000000e+00 1.000000e+00 0.000000e+00
    outer loop
      vertex   5.239001e+00 1.000000e+00 -1.784992e+01
      vertex   5.466028e+00 1.000000e+00 -1.775416e+01
      vertex   5.296124e+00 1.000000e+00 -1.792547e+01
    endloop
  endfacet
  facet normal 0.000000e+00 1.000000e+00 0.000000e+00
    outer loop
      vertex   5.296124e+00 1.000000e+00 -1.792547e+01
      vertex   5.466028e+00 1.000000e+00 -1.775416e+01
      vertex   5.527541e+00 1.000000e+00 -1.780285e+01
    endloop
  endfacet
  facet normal -0.000000e+00 1.000000e+00 0.000000e+00
    outer loop
      vertex   5.296124e+00 1.000000e+00 -1.792547e+01
      vertex   5.527541e+00 1.000000e+00 -1.780285e+01
      vertex   5.359236e+00 1.000000e+00 -1.799465e+01
    endloop
  endfacet
  facet normal 0.000000e+00 1.000000e+00 0.000000e+00
    outer loop
      vertex   5.359236e+00 1.000000e+00 -1.799465e+01
      vertex   5.527541e+00 1.000000e+00 -1.780285e+01
      vertex   5.595697e+00 1.000000e+00 -1.783735e+01
    endloop
  endfacet
  facet normal -0.000000e+00 1.000000e+00 0.000000e+00
    outer loop
      vertex   5.359236e+00 1.000000e+00 -1.799465e+01
      vertex   5.595697e+00 1.000000e+00 -1.783735e+01
      vertex   5.432254e+00 1.000000e+00 -1.805332e+01
    endloop
  endfacet
  facet normal 0.000000e+00 1.000000e+00 0.000000e+00
    outer loop
      vertex   5.432254e+00 1.000000e+00 -1.805332e+01
      vertex   5.595697e+00 1.000000e+00 -1.783735e+01
      vertex   5.666022e+00 1.000000e+00 -1.786420e+01
    endloop
  endfacet
  facet normal -0.000000e+00 1.000000e+00 0.000000e+00
    outer loop
      vertex   5.432254e+00 1.000000e+00 -1.805332e+01
      vertex   5.666022e+00 1.000000e+00 -1.786420e+01
      vertex   5.511170e+00 1.000000e+00 -1.810572e+01
    endloop
  endfacet
  facet normal -0.000000e+00 1.000000e+00 0.000000e+00
    outer loop
      vertex   5.511170e+00 1.000000e+00 -1.810572e+01
      vertex   5.666022e+00 1.000000e+00 -1.786420e+01
      vertex   5.603245e+00 1.000000e+00 -1.814819e+01
    endloop
  endfacet
  facet normal 0.000000e+00 1.000000e+00 0.000000e+00
    outer loop
      vertex   5.603245e+00 1.000000e+00 -1.814819e+01
      vertex   5.666022e+00 1.000000e+00 -1.786420e+01
      vertex   5.739965e+00 1.000000e+00 -1.787829e+01
    endloop
  endfacet
  facet normal -0.000000e+00 1.000000e+00 0.000000e+00
    outer loop
      vertex   5.603245e+00 1.000000e+00 -1.814819e+01
      vertex   5.739965e+00 1.000000e+00 -1.787829e+01
      vertex   5.697888e+00 1.000000e+00 -1.818069e+01
    endloop
  endfacet
  facet normal 0.000000e+00 1.000000e+00 0.000000e+00
    outer loop
      vertex   5.697888e+00 1.000000e+00 -1.818069e+01
      vertex   5.739965e+00 1.000000e+00 -1.787829e+01
      vertex   5.816081e+00 1.000000e+00 -1.788471e+01
    endloop
  endfacet
  facet normal -0.000000e+00 1.000000e+00 0.000000e+00
    outer loop
      vertex   5.697888e+00 1.000000e+00 -1.818069e+01
      vertex   5.816081e+00 1.000000e+00 -1.788471e+01
      vertex   5.796695e+00 1.000000e+00 -1.819704e+01
    endloop
  endfacet
  facet normal -0.000000e+00 1.000000e+00 0.000000e+00
    outer loop
      vertex   5.796695e+00 1.000000e+00 -1.819704e+01
      vertex   5.816081e+00 1.000000e+00 -1.788471e+01
      vertex   5.897937e+00 1.000000e+00 -1.820394e+01
    endloop
  endfacet
  facet normal 0.000000e+00 1.000000e+00 -0.000000e+00
    outer loop
      vertex   5.897937e+00 1.000000e+00 -1.820394e+01
      vertex   5.816081e+00 1.000000e+00 -1.788471e+01
      vertex   5.900509e+00 1.000000e+00 -1.787835e+01
    endloop
  endfacet
  facet normal 0.000000e+00 1.000000e+00 0.000000e+00
    outer loop
      vertex   5.897937e+00 1.000000e+00 -1.820394e+01
      vertex   5.900509e+00 1.000000e+00 -1.787835e+01
      vertex   6.001834e+00 1.000000e+00 -1.819832e+01
    endloop
  endfacet
  facet normal 0.000000e+00 1.000000e+00 0.000000e+00
    outer loop
      vertex   6.001834e+00 1.000000e+00 -1.819832e+01
      vertex   5.900509e+00 1.000000e+00 -1.787835e+01
      vertex   5.979402e+00 1.000000e+00 -1.785946e+01
    endloop
  endfacet
  facet normal 0.000000e+00 1.000000e+00 -0.000000e+00
    outer loop
      vertex   6.001834e+00 1.000000e+00 -1.819832e+01
      vertex   5.979402e+00 1.000000e+00 -1.785946e+01
      vertex   6.103054e+00 1.000000e+00 -1.818261e+01
    endloop
  endfacet
  facet normal 0.000000e+00 1.000000e+00 -0.000000e+00
    outer loop
      vertex   6.103054e+00 1.000000e+00 -1.818261e+01
      vertex   5.979402e+00 1.000000e+00 -1.785946e+01
      vertex   6.199519e+00 1.000000e+00 -1.814897e+01
    endloop
  endfacet
  facet normal 0.000000e+00 1.000000e+00 0.000000e+00
    outer loop
      vertex   6.199519e+00 1.000000e+00 -1.814897e+01
      vertex   5.979402e+00 1.000000e+00 -1.785946e+01
      vertex   6.015113e+00 1.000000e+00 -1.784158e+01
    endloop
  endfacet
  facet normal 0.000000e+00 1.000000e+00 -0.000000e+00
    outer loop
      vertex   6.199519e+00 1.000000e+00 -1.814897e+01
      vertex   6.015113e+00 1.000000e+00 -1.784158e+01
      vertex   6.292890e+00 1.000000e+00 -1.810367e+01
    endloop
  endfacet
  facet normal 0.000000e+00 1.000000e+00 -0.000000e+00
    outer loop
      vertex   6.292890e+00 1.000000e+00 -1.810367e+01
      vertex   6.015113e+00 1.000000e+00 -1.784158e+01
      vertex   6.364136e+00 1.000000e+00 -1.804651e+01
    endloop
  endfacet
  facet normal 0.000000e+00 1.000000e+00 0.000000e+00
    outer loop
      vertex   6.364136e+00 1.000000e+00 -1.804651e+01
      vertex   6.015113e+00 1.000000e+00 -1.784158e+01
      vertex   6.048367e+00 1.000000e+00 -1.781813e+01
    endloop
  endfacet
  facet normal 0.000000e+00 1.000000e+00 -0.000000e+00
    outer loop
      vertex   6.364136e+00 1.000000e+00 -1.804651e+01
      vertex   6.048367e+00 1.000000e+00 -1.781813e+01
      vertex   6.426323e+00 1.000000e+00 -1.798226e+01
    endloop
  endfacet
  facet normal 0.000000e+00 1.000000e+00 0.000000e+00
    outer loop
      vertex   6.426323e+00 1.000000e+00 -1.798226e+01
      vertex   6.048367e+00 1.000000e+00 -1.781813e+01
      vertex   6.110760e+00 1.000000e+00 -1.776193e+01
    endloop
  endfacet
  facet normal 0.000000e+00 1.000000e+00 -0.000000e+00
    outer loop
      vertex   6.426323e+00 1.000000e+00 -1.798226e+01
      vertex   6.110760e+00 1.000000e+00 -1.776193e+01
      vertex   6.473541e+00 1.000000e+00 -1.790628e+01
    endloop
  endfacet
  facet normal 0.000000e+00 1.000000e+00 -0.000000e+00
    outer loop
      vertex   6.473541e+00 1.000000e+00 -1.790628e+01
      vertex   6.110760e+00 1.000000e+00 -1.776193e+01
      vertex   6.511852e+00 1.000000e+00 -1.782332e+01
    endloop
  endfacet
  facet normal 0.000000e+00 1.000000e+00 0.000000e+00
    outer loop
      vertex   6.511852e+00 1.000000e+00 -1.782332e+01
      vertex   6.110760e+00 1.000000e+00 -1.776193e+01
      vertex   6.153605e+00 1.000000e+00 -1.767524e+01
    endloop
  endfacet
  facet normal -8.946456e-16 1.000000e+00 -2.164374e-15
    outer loop
      vertex   6.511852e+00 1.000000e+00 -1.782332e+01
      vertex   6.153605e+00 1.000000e+00 -1.767524e+01
      vertex   6.184219e+00 1.000000e+00 -1.758530e+01
    endloop
  endfacet
  facet normal 7.654919e-17 1.000000e+00 2.336734e-15
    outer loop
      vertex   6.197279e+00 1.000000e+00 -1.749070e+01
      vertex   6.597249e+00 1.000000e+00 -1.750381e+01
      vertex   6.184219e+00 1.000000e+00 -1.758530e+01
    endloop
  endfacet
  facet normal 4.947286e-16 1.000000e+00 2.172782e-16
    outer loop
      vertex   6.184219e+00 1.000000e+00 -1.758530e+01
      vertex   6.597249e+00 1.000000e+00 -1.750381e+01
      vertex   6.648706e+00 1.000000e+00 -1.762097e+01
    endloop
  endfacet
  facet normal 4.544395e-16 1.000000e+00 -3.073516e-16
    outer loop
      vertex   6.184219e+00 1.000000e+00 -1.758530e+01
      vertex   6.648706e+00 1.000000e+00 -1.762097e+01
      vertex   6.511852e+00 1.000000e+00 -1.782332e+01
    endloop
  endfacet
  facet normal 0.000000e+00 1.000000e+00 0.000000e+00
    outer loop
      vertex   6.511852e+00 1.000000e+00 -1.782332e+01
      vertex   6.648706e+00 1.000000e+00 -1.762097e+01
      vertex   6.720584e+00 1.000000e+00 -1.773123e+01
    endloop
  endfacet
  facet normal 0.000000e+00 1.000000e+00 0.000000e+00
    outer loop
      vertex   6.511852e+00 1.000000e+00 -1.782332e+01
      vertex   6.720584e+00 1.000000e+00 -1.773123e+01
      vertex   6.804569e+00 1.000000e+00 -1.779702e+01
    endloop
  endfacet
  facet normal 0.000000e+00 1.000000e+00 0.000000e+00
    outer loop
      vertex   6.597249e+00 1.000000e+00 -1.750381e+01
      vertex   6.197279e+00 1.000000e+00 -1.749070e+01
      vertex   6.575199e+00 1.000000e+00 -1.737670e+01
    endloop
  endfacet
  facet normal 0.000000e+00 1.000000e+00 0.000000e+00
    outer loop
      vertex   6.575199e+00 1.000000e+00 -1.737670e+01
      vertex   6.197279e+00 1.000000e+00 -1.749070e+01
      vertex   6.200802e+00 1.000000e+00 -1.739358e+01
    endloop
  endfacet
  facet normal 0.000000e+00 1.000000e+00 0.000000e+00
    outer loop
      vertex   6.575199e+00 1.000000e+00 -1.737670e+01
      vertex   6.200802e+00 1.000000e+00 -1.739358e+01
      vertex   6.569151e+00 1.000000e+00 -1.724419e+01
    endloop
  endfacet
  facet normal 0.000000e+00 1.000000e+00 0.000000e+00
    outer loop
      vertex   6.569151e+00 1.000000e+00 -1.724419e+01
      vertex   6.200802e+00 1.000000e+00 -1.739358e+01
      vertex   6.200802e+00 1.000000e+00 -1.598157e+01
    endloop
  endfacet
  facet normal 0.000000e+00 1.000000e+00 -0.000000e+00
    outer loop
      vertex   6.569151e+00 1.000000e+00 -1.724419e+01
      vertex   6.200802e+00 1.000000e+00 -1.598157e+01
      vertex   6.569151e+00 1.000000e+00 -1.598157e+01
    endloop
  endfacet
  facet normal -0.000000e+00 1.000000e+00 0.000000e+00
    outer loop
      vertex   6.511852e+00 1.000000e+00 -1.782332e+01
      vertex   6.804569e+00 1.000000e+00 -1.779702e+01
      vertex   6.645857e+00 1.000000e+00 -1.797926e+01
    endloop
  endfacet
  facet normal 0.000000e+00 1.000000e+00 0.000000e+00
    outer loop
      vertex   6.645857e+00 1.000000e+00 -1.797926e+01
      vertex   6.804569e+00 1.000000e+00 -1.779702e+01
      vertex   6.894725e+00 1.000000e+00 -1.784766e+01
    endloop
  endfacet
  facet normal -0.000000e+00 1.000000e+00 0.000000e+00
    outer loop
      vertex   6.645857e+00 1.000000e+00 -1.797926e+01
      vertex   6.894725e+00 1.000000e+00 -1.784766e+01
      vertex   6.718493e+00 1.000000e+00 -1.804710e+01
    endloop
  endfacet
  facet normal -0.000000e+00 1.000000e+00 0.000000e+00
    outer loop
      vertex   6.718493e+00 1.000000e+00 -1.804710e+01
      vertex   6.894725e+00 1.000000e+00 -1.784766e+01
      vertex   6.797888e+00 1.000000e+00 -1.810279e+01
    endloop
  endfacet
  facet normal 0.000000e+00 1.000000e+00 0.000000e+00
    outer loop
      vertex   6.797888e+00 1.000000e+00 -1.810279e+01
      vertex   6.894725e+00 1.000000e+00 -1.784766e+01
      vertex   6.994987e+00 1.000000e+00 -1.787350e+01
    endloop
  endfacet
  facet normal -1.810790e-15 1.000000e+00 1.556620e-15
    outer loop
      vertex   6.797888e+00 1.000000e+00 -1.810279e+01
      vertex   6.994987e+00 1.000000e+00 -1.787350e+01
      vertex   6.885780e+00 1.000000e+00 -1.814319e+01
    endloop
  endfacet
  facet normal 2.303423e-15 1.000000e+00 -1.094059e-16
    outer loop
      vertex   6.885780e+00 1.000000e+00 -1.814319e+01
      vertex   6.994987e+00 1.000000e+00 -1.787350e+01
      vertex   6.980874e+00 1.000000e+00 -1.817064e+01
    endloop
  endfacet
  facet normal 0.000000e+00 1.000000e+00 0.000000e+00
    outer loop
      vertex   6.980874e+00 1.000000e+00 -1.817064e+01
      vertex   6.994987e+00 1.000000e+00 -1.787350e+01
      vertex   7.101211e+00 1.000000e+00 -1.788471e+01
    endloop
  endfacet
  facet normal -0.000000e+00 1.000000e+00 0.000000e+00
    outer loop
      vertex   6.980874e+00 1.000000e+00 -1.817064e+01
      vertex   7.101211e+00 1.000000e+00 -1.788471e+01
      vertex   7.183067e+00 1.000000e+00 -1.820394e+01
    endloop
  endfacet
  facet normal 0.000000e+00 1.000000e+00 0.000000e+00
    outer loop
      vertex   7.183067e+00 1.000000e+00 -1.820394e+01
      vertex   7.101211e+00 1.000000e+00 -1.788471e+01
      vertex   7.159426e+00 1.000000e+00 -1.788069e+01
    endloop
  endfacet
  facet normal 0.000000e+00 1.000000e+00 -0.000000e+00
    outer loop
      vertex   7.183067e+00 1.000000e+00 -1.820394e+01
      vertex   7.159426e+00 1.000000e+00 -1.788069e+01
      vertex   7.320604e+00 1.000000e+00 -1.819379e+01
    endloop
  endfacet
  facet normal 0.000000e+00 1.000000e+00 0.000000e+00
    outer loop
      vertex   7.320604e+00 1.000000e+00 -1.819379e+01
      vertex   7.159426e+00 1.000000e+00 -1.788069e+01
      vertex   7.216065e+00 1.000000e+00 -1.787091e+01
    endloop
  endfacet
  facet normal 0.000000e+00 1.000000e+00 -0.000000e+00
    outer loop
      vertex   7.320604e+00 1.000000e+00 -1.819379e+01
      vertex   7.216065e+00 1.000000e+00 -1.787091e+01
      vertex   7.451276e+00 1.000000e+00 -1.816552e+01
    endloop
  endfacet
  facet normal 0.000000e+00 1.000000e+00 0.000000e+00
    outer loop
      vertex   7.451276e+00 1.000000e+00 -1.816552e+01
      vertex   7.216065e+00 1.000000e+00 -1.787091e+01
      vertex   7.269988e+00 1.000000e+00 -1.785122e+01
    endloop
  endfacet
  facet normal 0.000000e+00 1.000000e+00 -0.000000e+00
    outer loop
      vertex   7.451276e+00 1.000000e+00 -1.816552e+01
      vertex   7.269988e+00 1.000000e+00 -1.785122e+01
      vertex   7.569766e+00 1.000000e+00 -1.810513e+01
    endloop
  endfacet
  facet normal 0.000000e+00 1.000000e+00 0.000000e+00
    outer loop
      vertex   7.569766e+00 1.000000e+00 -1.810513e+01
      vertex   7.269988e+00 1.000000e+00 -1.785122e+01
      vertex   7.322221e+00 1.000000e+00 -1.782536e+01
    endloop
  endfacet
  facet normal 0.000000e+00 1.000000e+00 -0.000000e+00
    outer loop
      vertex   7.569766e+00 1.000000e+00 -1.810513e+01
      vertex   7.322221e+00 1.000000e+00 -1.782536e+01
      vertex   7.680338e+00 1.000000e+00 -1.802386e+01
    endloop
  endfacet
  facet normal 0.000000e+00 1.000000e+00 0.000000e+00
    outer loop
      vertex   7.680338e+00 1.000000e+00 -1.802386e+01
      vertex   7.322221e+00 1.000000e+00 -1.782536e+01
      vertex   7.363817e+00 1.000000e+00 -1.779358e+01
    endloop
  endfacet
  facet normal 0.000000e+00 1.000000e+00 -0.000000e+00
    outer loop
      vertex   7.680338e+00 1.000000e+00 -1.802386e+01
      vertex   7.363817e+00 1.000000e+00 -1.779358e+01
      vertex   7.761879e+00 1.000000e+00 -1.789919e+01
    endloop
  endfacet
  facet normal 0.000000e+00 1.000000e+00 0.000000e+00
    outer loop
      vertex   7.761879e+00 1.000000e+00 -1.789919e+01
      vertex   7.363817e+00 1.000000e+00 -1.779358e+01
      vertex   7.400370e+00 1.000000e+00 -1.775771e+01
    endloop
  endfacet
  facet normal 0.000000e+00 1.000000e+00 0.000000e+00
    outer loop
      vertex   7.761879e+00 1.000000e+00 -1.789919e+01
      vertex   7.400370e+00 1.000000e+00 -1.775771e+01
      vertex   7.428370e+00 1.000000e+00 -1.771487e+01
    endloop
  endfacet
  facet normal 0.000000e+00 1.000000e+00 -0.000000e+00
    outer loop
      vertex   7.761879e+00 1.000000e+00 -1.789919e+01
      vertex   7.428370e+00 1.000000e+00 -1.771487e+01
      vertex   7.820806e+00 1.000000e+00 -1.776682e+01
    endloop
  endfacet
  facet normal 0.000000e+00 1.000000e+00 0.000000e+00
    outer loop
      vertex   7.820806e+00 1.000000e+00 -1.776682e+01
      vertex   7.428370e+00 1.000000e+00 -1.771487e+01
      vertex   7.451143e+00 1.000000e+00 -1.766779e+01
    endloop
  endfacet
  facet normal 0.000000e+00 1.000000e+00 -0.000000e+00
    outer loop
      vertex   7.820806e+00 1.000000e+00 -1.776682e+01
      vertex   7.451143e+00 1.000000e+00 -1.766779e+01
      vertex   7.846623e+00 1.000000e+00 -1.762319e+01
    endloop
  endfacet
  facet normal 0.000000e+00 1.000000e+00 0.000000e+00
    outer loop
      vertex   7.846623e+00 1.000000e+00 -1.762319e+01
      vertex   7.451143e+00 1.000000e+00 -1.766779e+01
      vertex   7.469775e+00 1.000000e+00 -1.758974e+01
    endloop
  endfacet
  facet normal 0.000000e+00 1.000000e+00 0.000000e+00
    outer loop
      vertex   7.846623e+00 1.000000e+00 -1.762319e+01
      vertex   7.469775e+00 1.000000e+00 -1.758974e+01
      vertex   7.482462e+00 1.000000e+00 -1.751090e+01
    endloop
  endfacet
  facet normal 0.000000e+00 1.000000e+00 -0.000000e+00
    outer loop
      vertex   7.846623e+00 1.000000e+00 -1.762319e+01
      vertex   7.482462e+00 1.000000e+00 -1.751090e+01
      vertex   7.854281e+00 1.000000e+00 -1.747339e+01
    endloop
  endfacet
  facet normal 0.000000e+00 1.000000e+00 0.000000e+00
    outer loop
      vertex   7.854281e+00 1.000000e+00 -1.747339e+01
      vertex   7.482462e+00 1.000000e+00 -1.751090e+01
      vertex   7.487289e+00 1.000000e+00 -1.743102e+01
    endloop
  endfacet
  facet normal 0.000000e+00 1.000000e+00 0.000000e+00
    outer loop
      vertex   7.854281e+00 1.000000e+00 -1.747339e+01
      vertex   7.487289e+00 1.000000e+00 -1.743102e+01
      vertex   7.487978e+00 1.000000e+00 -1.735060e+01
    endloop
  endfacet
  facet normal -0.000000e+00 1.000000e+00 0.000000e+00
    outer loop
      vertex   7.487978e+00 1.000000e+00 -1.598157e+01
      vertex   7.854281e+00 1.000000e+00 -1.598157e+01
      vertex   7.487978e+00 1.000000e+00 -1.735060e+01
    endloop
  endfacet
  facet normal -0.000000e+00 1.000000e+00 0.000000e+00
    outer loop
      vertex   7.487978e+00 1.000000e+00 -1.735060e+01
      vertex   7.854281e+00 1.000000e+00 -1.598157e+01
      vertex   7.854281e+00 1.000000e+00 -1.747339e+01
    endloop
  endfacet
  facet normal -1.000000e+00 -0.000000e+00 -0.000000e+00
    outer loop
      vertex   1.786749e+00 2.000000e+00 -1.598157e+01
      vertex   1.786749e+00 2.000000e+00 -1.710913e+01
      vertex   1.786749e+00 1.000000e+00 -1.598157e+01
    endloop
  endfacet
  facet normal -1.000000e+00 0.000000e+00 0.000000e+00
    outer loop
      vertex   1.786749e+00 1.000000e+00 -1.598157e+01
      vertex   1.786749e+00 2.000000e+00 -1.710913e+01
      vertex   1.786749e+00 1.000000e+00 -1.710913e+01
    endloop
  endfacet
  facet normal -9.998460e-01 -0.000000e+00 -1.754889e-02
    outer loop
      vertex   1.786749e+00 2.000000e+00 -1.710913e+01
      vertex   1.788774e+00 2.000000e+00 -1.722453e+01
      vertex   1.786749e+00 1.000000e+00 -1.710913e+01
    endloop
  endfacet
  facet normal -9.998460e-01 -3.417860e-20 -1.754889e-02
    outer loop
      vertex   1.786749e+00 1.000000e+00 -1.710913e+01
      vertex   1.788774e+00 2.000000e+00 -1.722453e+01
      vertex   1.788774e+00 1.000000e+00 -1.722453e+01
    endloop
  endfacet
  facet normal -9.973166e-01 0.000000e+00 -7.320958e-02
    outer loop
      vertex   1.788774e+00 1.000000e+00 -1.722453e+01
      vertex   1.788774e+00 2.000000e+00 -1.722453e+01
      vertex   1.797179e+00 2.000000e+00 -1.733903e+01
    endloop
  endfacet
  facet normal -9.973166e-01 1.657767e-19 -7.320958e-02
    outer loop
      vertex   1.788774e+00 1.000000e+00 -1.722453e+01
      vertex   1.797179e+00 2.000000e+00 -1.733903e+01
      vertex   1.797179e+00 1.000000e+00 -1.733903e+01
    endloop
  endfacet
  facet normal -9.842692e-01 0.000000e+00 -1.766751e-01
    outer loop
      vertex   1.797179e+00 1.000000e+00 -1.733903e+01
      vertex   1.797179e+00 2.000000e+00 -1.733903e+01
      vertex   1.817426e+00 2.000000e+00 -1.745183e+01
    endloop
  endfacet
  facet normal -9.842692e-01 -9.659549e-19 -1.766751e-01
    outer loop
      vertex   1.797179e+00 1.000000e+00 -1.733903e+01
      vertex   1.817426e+00 2.000000e+00 -1.745183e+01
      vertex   1.817426e+00 1.000000e+00 -1.745183e+01
    endloop
  endfacet
  facet normal -9.685520e-01 0.000000e+00 -2.488114e-01
    outer loop
      vertex   1.817426e+00 1.000000e+00 -1.745183e+01
      vertex   1.817426e+00 2.000000e+00 -1.745183e+01
      vertex   1.846095e+00 2.000000e+00 -1.756343e+01
    endloop
  endfacet
  facet normal -9.685520e-01 9.329914e-19 -2.488114e-01
    outer loop
      vertex   1.817426e+00 1.000000e+00 -1.745183e+01
      vertex   1.846095e+00 2.000000e+00 -1.756343e+01
      vertex   1.846095e+00 1.000000e+00 -1.756343e+01
    endloop
  endfacet
  facet normal -9.025270e-01 -0.000000e+00 -4.306333e-01
    outer loop
      vertex   1.846095e+00 2.000000e+00 -1.756343e+01
      vertex   1.879915e+00 2.000000e+00 -1.763431e+01
      vertex   1.846095e+00 1.000000e+00 -1.756343e+01
    endloop
  endfacet
  facet normal -9.025270e-01 1.198738e-18 -4.306333e-01
    outer loop
      vertex   1.846095e+00 1.000000e+00 -1.756343e+01
      vertex   1.879915e+00 2.000000e+00 -1.763431e+01
      vertex   1.879915e+00 1.000000e+00 -1.763431e+01
    endloop
  endfacet
  facet normal -8.444964e-01 0.000000e+00 -5.355612e-01
    outer loop
      vertex   1.879915e+00 1.000000e+00 -1.763431e+01
      vertex   1.879915e+00 2.000000e+00 -1.763431e+01
      vertex   1.921116e+00 2.000000e+00 -1.769927e+01
    endloop
  endfacet
  facet normal -8.444964e-01 1.753594e-18 -5.355612e-01
    outer loop
      vertex   1.879915e+00 1.000000e+00 -1.763431e+01
      vertex   1.921116e+00 2.000000e+00 -1.769927e+01
      vertex   1.921116e+00 1.000000e+00 -1.769927e+01
    endloop
  endfacet
  facet normal -7.142794e-01 0.000000e+00 -6.998607e-01
    outer loop
      vertex   1.921116e+00 1.000000e+00 -1.769927e+01
      vertex   1.921116e+00 2.000000e+00 -1.769927e+01
      vertex   1.974896e+00 2.000000e+00 -1.775416e+01
    endloop
  endfacet
  facet normal -7.142794e-01 -2.427558e-18 -6.998607e-01
    outer loop
      vertex   1.921116e+00 1.000000e+00 -1.769927e+01
      vertex   1.974896e+00 2.000000e+00 -1.775416e+01
      vertex   1.974896e+00 1.000000e+00 -1.775416e+01
    endloop
  endfacet
  facet normal -6.206466e-01 0.000000e+00 -7.840904e-01
    outer loop
      vertex   1.974896e+00 1.000000e+00 -1.775416e+01
      vertex   1.974896e+00 2.000000e+00 -1.775416e+01
      vertex   2.036409e+00 2.000000e+00 -1.780285e+01
    endloop
  endfacet
  facet normal -6.206466e-01 -1.082881e-19 -7.840904e-01
    outer loop
      vertex   1.974896e+00 1.000000e+00 -1.775416e+01
      vertex   2.036409e+00 2.000000e+00 -1.780285e+01
      vertex   2.036409e+00 1.000000e+00 -1.780285e+01
    endloop
  endfacet
  facet normal -4.515941e-01 -0.000000e+00 -8.922235e-01
    outer loop
      vertex   2.036409e+00 2.000000e+00 -1.780285e+01
      vertex   2.104565e+00 2.000000e+00 -1.783735e+01
      vertex   2.036409e+00 1.000000e+00 -1.780285e+01
    endloop
  endfacet
  facet normal -4.515941e-01 2.247309e-18 -8.922235e-01
    outer loop
      vertex   2.036409e+00 1.000000e+00 -1.780285e+01
      vertex   2.104565e+00 2.000000e+00 -1.783735e+01
      vertex   2.104565e+00 1.000000e+00 -1.783735e+01
    endloop
  endfacet
  facet normal -3.566724e-01 0.000000e+00 -9.342295e-01
    outer loop
      vertex   2.104565e+00 1.000000e+00 -1.783735e+01
      vertex   2.104565e+00 2.000000e+00 -1.783735e+01
      vertex   2.174890e+00 2.000000e+00 -1.786420e+01
    endloop
  endfacet
  facet normal -3.566724e-01 9.063537e-20 -9.342295e-01
    outer loop
      vertex   2.104565e+00 1.000000e+00 -1.783735e+01
      vertex   2.174890e+00 2.000000e+00 -1.786420e+01
      vertex   2.174890e+00 1.000000e+00 -1.786420e+01
    endloop
  endfacet
  facet normal -1.871523e-01 0.000000e+00 -9.823309e-01
    outer loop
      vertex   2.174890e+00 1.000000e+00 -1.786420e+01
      vertex   2.174890e+00 2.000000e+00 -1.786420e+01
      vertex   2.248833e+00 2.000000e+00 -1.787829e+01
    endloop
  endfacet
  facet normal -1.871523e-01 -3.729720e-20 -9.823309e-01
    outer loop
      vertex   2.174890e+00 1.000000e+00 -1.786420e+01
      vertex   2.248833e+00 2.000000e+00 -1.787829e+01
      vertex   2.248833e+00 1.000000e+00 -1.787829e+01
    endloop
  endfacet
  facet normal -8.407385e-02 0.000000e+00 -9.964595e-01
    outer loop
      vertex   2.248833e+00 1.000000e+00 -1.787829e+01
      vertex   2.248833e+00 2.000000e+00 -1.787829e+01
      vertex   2.324949e+00 2.000000e+00 -1.788471e+01
    endloop
  endfacet
  facet normal -8.407385e-02 5.843564e-19 -9.964595e-01
    outer loop
      vertex   2.248833e+00 1.000000e+00 -1.787829e+01
      vertex   2.324949e+00 2.000000e+00 -1.788471e+01
      vertex   2.324949e+00 1.000000e+00 -1.788471e+01
    endloop
  endfacet
  facet normal 7.514224e-02 0.000000e+00 -9.971728e-01
    outer loop
      vertex   2.324949e+00 2.000000e+00 -1.788471e+01
      vertex   2.409377e+00 2.000000e+00 -1.787835e+01
      vertex   2.324949e+00 1.000000e+00 -1.788471e+01
    endloop
  endfacet
  facet normal 7.514224e-02 -2.587802e-19 -9.971728e-01
    outer loop
      vertex   2.324949e+00 1.000000e+00 -1.788471e+01
      vertex   2.409377e+00 2.000000e+00 -1.787835e+01
      vertex   2.409377e+00 1.000000e+00 -1.787835e+01
    endloop
  endfacet
  facet normal 2.327656e-01 0.000000e+00 -9.725329e-01
    outer loop
      vertex   2.409377e+00 1.000000e+00 -1.787835e+01
      vertex   2.409377e+00 2.000000e+00 -1.787835e+01
      vertex   2.488269e+00 2.000000e+00 -1.785946e+01
    endloop
  endfacet
  facet normal 2.327656e-01 -1.210686e-18 -9.725329e-01
    outer loop
      vertex   2.409377e+00 1.000000e+00 -1.787835e+01
      vertex   2.488269e+00 2.000000e+00 -1.785946e+01
      vertex   2.488269e+00 1.000000e+00 -1.785946e+01
    endloop
  endfacet
  facet normal 4.478705e-01 0.000000e+00 -8.940984e-01
    outer loop
      vertex   2.488269e+00 1.000000e+00 -1.785946e+01
      vertex   2.488269e+00 2.000000e+00 -1.785946e+01
      vertex   2.523981e+00 2.000000e+00 -1.784158e+01
    endloop
  endfacet
  facet normal 4.478705e-01 -6.179596e-19 -8.940984e-01
    outer loop
      vertex   2.488269e+00 1.000000e+00 -1.785946e+01
      vertex   2.523981e+00 2.000000e+00 -1.784158e+01
      vertex   2.523981e+00 1.000000e+00 -1.784158e+01
    endloop
  endfacet
  facet normal 5.762743e-01 0.000000e+00 -8.172563e-01
    outer loop
      vertex   2.523981e+00 1.000000e+00 -1.784158e+01
      vertex   2.523981e+00 2.000000e+00 -1.784158e+01
      vertex   2.557235e+00 2.000000e+00 -1.781813e+01
    endloop
  endfacet
  facet normal 5.762743e-01 7.304270e-19 -8.172563e-01
    outer loop
      vertex   2.523981e+00 1.000000e+00 -1.784158e+01
      vertex   2.557235e+00 2.000000e+00 -1.781813e+01
      vertex   2.557235e+00 1.000000e+00 -1.781813e+01
    endloop
  endfacet
  facet normal 6.692794e-01 0.000000e+00 -7.430109e-01
    outer loop
      vertex   2.557235e+00 1.000000e+00 -1.781813e+01
      vertex   2.557235e+00 2.000000e+00 -1.781813e+01
      vertex   2.619628e+00 2.000000e+00 -1.776193e+01
    endloop
  endfacet
  facet normal 6.692794e-01 -1.341034e-18 -7.430109e-01
    outer loop
      vertex   2.557235e+00 1.000000e+00 -1.781813e+01
      vertex   2.619628e+00 2.000000e+00 -1.776193e+01
      vertex   2.619628e+00 1.000000e+00 -1.776193e+01
    endloop
  endfacet
  facet normal 8.964873e-01 0.000000e+00 -4.430694e-01
    outer loop
      vertex   2.619628e+00 2.000000e+00 -1.776193e+01
      vertex   2.662473e+00 2.000000e+00 -1.767524e+01
      vertex   2.619628e+00 1.000000e+00 -1.776193e+01
    endloop
  endfacet
  facet normal 8.964873e-01 6.663864e-19 -4.430694e-01
    outer loop
      vertex   2.619628e+00 1.000000e+00 -1.776193e+01
      vertex   2.662473e+00 2.000000e+00 -1.767524e+01
      vertex   2.662473e+00 1.000000e+00 -1.767524e+01
    endloop
  endfacet
  facet normal 9.466586e-01 0.000000e+00 -3.222381e-01
    outer loop
      vertex   2.662473e+00 1.000000e+00 -1.767524e+01
      vertex   2.662473e+00 2.000000e+00 -1.767524e+01
      vertex   2.693087e+00 2.000000e+00 -1.758530e+01
    endloop
  endfacet
  facet normal 9.466586e-01 9.176919e-19 -3.222381e-01
    outer loop
      vertex   2.662473e+00 1.000000e+00 -1.767524e+01
      vertex   2.693087e+00 2.000000e+00 -1.758530e+01
      vertex   2.693087e+00 1.000000e+00 -1.758530e+01
    endloop
  endfacet
  facet normal 9.906034e-01 0.000000e+00 -1.367660e-01
    outer loop
      vertex   2.693087e+00 1.000000e+00 -1.758530e+01
      vertex   2.693087e+00 2.000000e+00 -1.758530e+01
      vertex   2.706147e+00 2.000000e+00 -1.749070e+01
    endloop
  endfacet
  facet normal 9.906034e-01 8.537439e-19 -1.367660e-01
    outer loop
      vertex   2.693087e+00 1.000000e+00 -1.758530e+01
      vertex   2.706147e+00 2.000000e+00 -1.749070e+01
      vertex   2.706147e+00 1.000000e+00 -1.749070e+01
    endloop
  endfacet
  facet normal 9.993430e-01 0.000000e+00 -3.624190e-02
    outer loop
      vertex   2.706147e+00 1.000000e+00 -1.749070e+01
      vertex   2.706147e+00 2.000000e+00 -1.749070e+01
      vertex   2.709669e+00 2.000000e+00 -1.739358e+01
    endloop
  endfacet
  facet normal 9.993430e-01 1.207901e-19 -3.624190e-02
    outer loop
      vertex   2.706147e+00 1.000000e+00 -1.749070e+01
      vertex   2.709669e+00 2.000000e+00 -1.739358e+01
      vertex   2.709669e+00 1.000000e+00 -1.739358e+01
    endloop
  endfacet
  facet normal 1.000000e+00 0.000000e+00 -0.000000e+00
    outer loop
      vertex   2.709669e+00 2.000000e+00 -1.739358e+01
      vertex   2.709669e+00 2.000000e+00 -1.598157e+01
      vertex   2.709669e+00 1.000000e+00 -1.739358e+01
    endloop
  endfacet
  facet normal 1.000000e+00 0.000000e+00 0.000000e+00
    outer loop
      vertex   2.709669e+00 1.000000e+00 -1.739358e+01
      vertex   2.709669e+00 2.000000e+00 -1.598157e+01
      vertex   2.709669e+00 1.000000e+00 -1.598157e+01
    endloop
  endfacet
  facet normal 0.000000e+00 0.000000e+00 -1.000000e+00
    outer loop
      vertex   2.709669e+00 2.000000e+00 -1.598157e+01
      vertex   3.078018e+00 2.000000e+00 -1.598157e+01
      vertex   2.709669e+00 1.000000e+00 -1.598157e+01
    endloop
  endfacet
  facet normal 0.000000e+00 0.000000e+00 -1.000000e+00
    outer loop
      vertex   2.709669e+00 1.000000e+00 -1.598157e+01
      vertex   3.078018e+00 2.000000e+00 -1.598157e+01
      vertex   3.078018e+00 1.000000e+00 -1.598157e+01
    endloop
  endfacet
  facet normal -1.000000e+00 -0.000000e+00 -0.000000e+00
    outer loop
      vertex   3.078018e+00 2.000000e+00 -1.598157e+01
      vertex   3.078018e+00 2.000000e+00 -1.724419e+01
      vertex   3.078018e+00 1.000000e+00 -1.598157e+01
    endloop
  endfacet
  facet normal -1.000000e+00 0.000000e+00 0.000000e+00
    outer loop
      vertex   3.078018e+00 1.000000e+00 -1.598157e+01
      vertex   3.078018e+00 2.000000e+00 -1.724419e+01
      vertex   3.078018e+00 1.000000e+00 -1.724419e+01
    endloop
  endfacet
  facet normal -9.989600e-01 -0.000000e+00 -4.559466e-02
    outer loop
      vertex   3.078018e+00 2.000000e+00 -1.724419e+01
      vertex   3.084066e+00 2.000000e+00 -1.737670e+01
      vertex   3.078018e+00 1.000000e+00 -1.724419e+01
    endloop
  endfacet
  facet normal -9.989600e-01 1.771097e-19 -4.559466e-02
    outer loop
      vertex   3.078018e+00 1.000000e+00 -1.724419e+01
      vertex   3.084066e+00 2.000000e+00 -1.737670e+01
      vertex   3.084066e+00 1.000000e+00 -1.737670e+01
    endloop
  endfacet
  facet normal -9.852834e-01 0.000000e+00 -1.709288e-01
    outer loop
      vertex   3.084066e+00 1.000000e+00 -1.737670e+01
      vertex   3.084066e+00 2.000000e+00 -1.737670e+01
      vertex   3.106116e+00 2.000000e+00 -1.750381e+01
    endloop
  endfacet
  facet normal -9.852834e-01 1.533940e-18 -1.709288e-01
    outer loop
      vertex   3.084066e+00 1.000000e+00 -1.737670e+01
      vertex   3.106116e+00 2.000000e+00 -1.750381e+01
      vertex   3.106116e+00 1.000000e+00 -1.750381e+01
    endloop
  endfacet
  facet normal -9.155893e-01 0.000000e+00 -4.021146e-01
    outer loop
      vertex   3.106116e+00 1.000000e+00 -1.750381e+01
      vertex   3.106116e+00 2.000000e+00 -1.750381e+01
      vertex   3.157573e+00 2.000000e+00 -1.762097e+01
    endloop
  endfacet
  facet normal -9.155893e-01 1.816232e-18 -4.021146e-01
    outer loop
      vertex   3.106116e+00 1.000000e+00 -1.750381e+01
      vertex   3.157573e+00 2.000000e+00 -1.762097e+01
      vertex   3.157573e+00 1.000000e+00 -1.762097e+01
    endloop
  endfacet
  facet normal -8.377186e-01 0.000000e+00 -5.461021e-01
    outer loop
      vertex   3.157573e+00 1.000000e+00 -1.762097e+01
      vertex   3.157573e+00 2.000000e+00 -1.762097e+01
      vertex   3.229450e+00 2.000000e+00 -1.773123e+01
    endloop
  endfacet
  facet normal -8.377186e-01 4.006051e-18 -5.461021e-01
    outer loop
      vertex   3.157573e+00 1.000000e+00 -1.762097e+01
      vertex   3.229450e+00 2.000000e+00 -1.773123e+01
      vertex   3.229450e+00 1.000000e+00 -1.773123e+01
    endloop
  endfacet
  facet normal -6.166757e-01 -0.000000e+00 -7.872173e-01
    outer loop
      vertex   3.229450e+00 2.000000e+00 -1.773123e+01
      vertex   3.313436e+00 2.000000e+00 -1.779702e+01
      vertex   3.229450e+00 1.000000e+00 -1.773123e+01
    endloop
  endfacet
  facet normal -6.166757e-01 1.460865e-18 -7.872173e-01
    outer loop
      vertex   3.229450e+00 1.000000e+00 -1.773123e+01
      vertex   3.313436e+00 2.000000e+00 -1.779702e+01
      vertex   3.313436e+00 1.000000e+00 -1.779702e+01
    endloop
  endfacet
  facet normal -4.897465e-01 0.000000e+00 -8.718649e-01
    outer loop
      vertex   3.313436e+00 1.000000e+00 -1.779702e+01
      vertex   3.313436e+00 2.000000e+00 -1.779702e+01
      vertex   3.403593e+00 2.000000e+00 -1.784766e+01
    endloop
  endfacet
  facet normal -4.897465e-01 1.765462e-19 -8.718649e-01
    outer loop
      vertex   3.313436e+00 1.000000e+00 -1.779702e+01
      vertex   3.403593e+00 2.000000e+00 -1.784766e+01
      vertex   3.403593e+00 1.000000e+00 -1.784766e+01
    endloop
  endfacet
  facet normal -2.495744e-01 0.000000e+00 -9.683556e-01
    outer loop
      vertex   3.403593e+00 1.000000e+00 -1.784766e+01
      vertex   3.403593e+00 2.000000e+00 -1.784766e+01
      vertex   3.503854e+00 2.000000e+00 -1.787350e+01
    endloop
  endfacet
  facet normal -2.495744e-01 -6.811144e-19 -9.683556e-01
    outer loop
      vertex   3.403593e+00 1.000000e+00 -1.784766e+01
      vertex   3.503854e+00 2.000000e+00 -1.787350e+01
      vertex   3.503854e+00 1.000000e+00 -1.787350e+01
    endloop
  endfacet
  facet normal -1.048960e-01 0.000000e+00 -9.944832e-01
    outer loop
      vertex   3.503854e+00 1.000000e+00 -1.787350e+01
      vertex   3.503854e+00 2.000000e+00 -1.787350e+01
      vertex   3.610079e+00 2.000000e+00 -1.788471e+01
    endloop
  endfacet
  facet normal -1.048960e-01 4.543527e-19 -9.944832e-01
    outer loop
      vertex   3.503854e+00 1.000000e+00 -1.787350e+01
      vertex   3.610079e+00 2.000000e+00 -1.788471e+01
      vertex   3.610079e+00 1.000000e+00 -1.788471e+01
    endloop
  endfacet
  facet normal 6.887508e-02 0.000000e+00 -9.976253e-01
    outer loop
      vertex   3.610079e+00 2.000000e+00 -1.788471e+01
      vertex   3.668294e+00 2.000000e+00 -1.788069e+01
      vertex   3.610079e+00 1.000000e+00 -1.788471e+01
    endloop
  endfacet
  facet normal 6.887508e-02 1.676546e-19 -9.976253e-01
    outer loop
      vertex   3.610079e+00 1.000000e+00 -1.788471e+01
      vertex   3.668294e+00 2.000000e+00 -1.788069e+01
      vertex   3.668294e+00 1.000000e+00 -1.788069e+01
    endloop
  endfacet
  facet normal 1.700971e-01 0.000000e+00 -9.854273e-01
    outer loop
      vertex   3.668294e+00 1.000000e+00 -1.788069e+01
      vertex   3.668294e+00 2.000000e+00 -1.788069e+01
      vertex   3.724932e+00 2.000000e+00 -1.787091e+01
    endloop
  endfacet
  facet normal 1.700971e-01 -7.968504e-19 -9.854273e-01
    outer loop
      vertex   3.668294e+00 1.000000e+00 -1.788069e+01
      vertex   3.724932e+00 2.000000e+00 -1.787091e+01
      vertex   3.724932e+00 1.000000e+00 -1.787091e+01
    endloop
  endfacet
  facet normal 3.429867e-01 0.000000e+00 -9.393403e-01
    outer loop
      vertex   3.724932e+00 1.000000e+00 -1.787091e+01
      vertex   3.724932e+00 2.000000e+00 -1.787091e+01
      vertex   3.778855e+00 2.000000e+00 -1.785122e+01
    endloop
  endfacet
  facet normal 3.429867e-01 3.422971e-19 -9.393403e-01
    outer loop
      vertex   3.724932e+00 1.000000e+00 -1.787091e+01
      vertex   3.778855e+00 2.000000e+00 -1.785122e+01
      vertex   3.778855e+00 1.000000e+00 -1.785122e+01
    endloop
  endfacet
  facet normal 4.436951e-01 0.000000e+00 -8.961778e-01
    outer loop
      vertex   3.778855e+00 1.000000e+00 -1.785122e+01
      vertex   3.778855e+00 2.000000e+00 -1.785122e+01
      vertex   3.831088e+00 2.000000e+00 -1.782536e+01
    endloop
  endfacet
  facet normal 4.436951e-01 1.457434e-19 -8.961778e-01
    outer loop
      vertex   3.778855e+00 1.000000e+00 -1.785122e+01
      vertex   3.831088e+00 2.000000e+00 -1.782536e+01
      vertex   3.831088e+00 1.000000e+00 -1.782536e+01
    endloop
  endfacet
  facet normal 6.070757e-01 0.000000e+00 -7.946440e-01
    outer loop
      vertex   3.831088e+00 2.000000e+00 -1.782536e+01
      vertex   3.872684e+00 2.000000e+00 -1.779359e+01
      vertex   3.831088e+00 1.000000e+00 -1.782536e+01
    endloop
  endfacet
  facet normal 6.070757e-01 1.808491e-18 -7.946440e-01
    outer loop
      vertex   3.831088e+00 1.000000e+00 -1.782536e+01
      vertex   3.872684e+00 2.000000e+00 -1.779359e+01
      vertex   3.872684e+00 1.000000e+00 -1.779359e+01
    endloop
  endfacet
  facet normal 7.004973e-01 0.000000e+00 -7.136550e-01
    outer loop
      vertex   3.872684e+00 1.000000e+00 -1.779359e+01
      vertex   3.872684e+00 2.000000e+00 -1.779359e+01
      vertex   3.909237e+00 2.000000e+00 -1.775771e+01
    endloop
  endfacet
  facet normal 7.004973e-01 -1.815229e-18 -7.136550e-01
    outer loop
      vertex   3.872684e+00 1.000000e+00 -1.779359e+01
      vertex   3.909237e+00 2.000000e+00 -1.775771e+01
      vertex   3.909237e+00 1.000000e+00 -1.775771e+01
    endloop
  endfacet
  facet normal 8.370207e-01 0.000000e+00 -5.471712e-01
    outer loop
      vertex   3.909237e+00 1.000000e+00 -1.775771e+01
      vertex   3.909237e+00 2.000000e+00 -1.775771e+01
      vertex   3.937237e+00 2.000000e+00 -1.771487e+01
    endloop
  endfacet
  facet normal 8.370207e-01 -1.495455e-18 -5.471712e-01
    outer loop
      vertex   3.909237e+00 1.000000e+00 -1.775771e+01
      vertex   3.937237e+00 2.000000e+00 -1.771487e+01
      vertex   3.937237e+00 1.000000e+00 -1.771487e+01
    endloop
  endfacet
  facet normal 9.002245e-01 0.000000e+00 -4.354260e-01
    outer loop
      vertex   3.937237e+00 1.000000e+00 -1.771487e+01
      vertex   3.937237e+00 2.000000e+00 -1.771487e+01
      vertex   3.960010e+00 2.000000e+00 -1.766779e+01
    endloop
  endfacet
  facet normal 9.002245e-01 2.525474e-19 -4.354260e-01
    outer loop
      vertex   3.937237e+00 1.000000e+00 -1.771487e+01
      vertex   3.960010e+00 2.000000e+00 -1.766779e+01
      vertex   3.960010e+00 1.000000e+00 -1.766779e+01
    endloop
  endfacet
  facet normal 9.726714e-01 0.000000e+00 -2.321862e-01
    outer loop
      vertex   3.960010e+00 2.000000e+00 -1.766779e+01
      vertex   3.978643e+00 2.000000e+00 -1.758974e+01
      vertex   3.960010e+00 1.000000e+00 -1.766779e+01
    endloop
  endfacet
  facet normal 9.726714e-01 3.308011e-20 -2.321862e-01
    outer loop
      vertex   3.960010e+00 1.000000e+00 -1.766779e+01
      vertex   3.978643e+00 2.000000e+00 -1.758974e+01
      vertex   3.978643e+00 1.000000e+00 -1.758974e+01
    endloop
  endfacet
  facet normal 9.872994e-01 0.000000e+00 -1.588709e-01
    outer loop
      vertex   3.978643e+00 1.000000e+00 -1.758974e+01
      vertex   3.978643e+00 2.000000e+00 -1.758974e+01
      vertex   3.991329e+00 2.000000e+00 -1.751090e+01
    endloop
  endfacet
  facet normal 9.872994e-01 1.053686e-18 -1.588709e-01
    outer loop
      vertex   3.978643e+00 1.000000e+00 -1.758974e+01
      vertex   3.991329e+00 2.000000e+00 -1.751090e+01
      vertex   3.991329e+00 1.000000e+00 -1.751090e+01
    endloop
  endfacet
  facet normal 9.981788e-01 0.000000e+00 -6.032491e-02
    outer loop
      vertex   3.991329e+00 1.000000e+00 -1.751090e+01
      vertex   3.991329e+00 2.000000e+00 -1.751090e+01
      vertex   3.996157e+00 2.000000e+00 -1.743102e+01
    endloop
  endfacet
  facet normal 9.981788e-01 -8.812994e-20 -6.032491e-02
    outer loop
      vertex   3.991329e+00 1.000000e+00 -1.751090e+01
      vertex   3.996157e+00 2.000000e+00 -1.743102e+01
      vertex   3.996157e+00 1.000000e+00 -1.743102e+01
    endloop
  endfacet
  facet normal 9.999634e-01 0.000000e+00 -8.557743e-03
    outer loop
      vertex   3.996157e+00 1.000000e+00 -1.743102e+01
      vertex   3.996157e+00 2.000000e+00 -1.743102e+01
      vertex   3.996845e+00 2.000000e+00 -1.735060e+01
    endloop
  endfacet
  facet normal 9.999634e-01 1.268697e-20 -8.557743e-03
    outer loop
      vertex   3.996157e+00 1.000000e+00 -1.743102e+01
      vertex   3.996845e+00 2.000000e+00 -1.735060e+01
      vertex   3.996845e+00 1.000000e+00 -1.735060e+01
    endloop
  endfacet
  facet normal 1.000000e+00 0.000000e+00 -0.000000e+00
    outer loop
      vertex   3.996845e+00 2.000000e+00 -1.735060e+01
      vertex   3.996845e+00 2.000000e+00 -1.598157e+01
      vertex   3.996845e+00 1.000000e+00 -1.735060e+01
    endloop
  endfacet
  facet normal 1.000000e+00 0.000000e+00 0.000000e+00
    outer loop
      vertex   3.996845e+00 1.000000e+00 -1.735060e+01
      vertex   3.996845e+00 2.000000e+00 -1.598157e+01
      vertex   3.996845e+00 1.000000e+00 -1.598157e+01
    endloop
  endfacet
  facet normal 0.000000e+00 0.000000e+00 -1.000000e+00
    outer loop
      vertex   3.996845e+00 2.000000e+00 -1.598157e+01
      vertex   4.363148e+00 2.000000e+00 -1.598157e+01
      vertex   3.996845e+00 1.000000e+00 -1.598157e+01
    endloop
  endfacet
  facet normal 0.000000e+00 0.000000e+00 -1.000000e+00
    outer loop
      vertex   3.996845e+00 1.000000e+00 -1.598157e+01
      vertex   4.363148e+00 2.000000e+00 -1.598157e+01
      vertex   4.363148e+00 1.000000e+00 -1.598157e+01
    endloop
  endfacet
  facet normal -1.000000e+00 -0.000000e+00 -0.000000e+00
    outer loop
      vertex   4.363148e+00 2.000000e+00 -1.598157e+01
      vertex   4.363148e+00 2.000000e+00 -1.747339e+01
      vertex   4.363148e+00 1.000000e+00 -1.598157e+01
    endloop
  endfacet
  facet normal -1.000000e+00 0.000000e+00 0.000000e+00
    outer loop
      vertex   4.363148e+00 1.000000e+00 -1.598157e+01
      vertex   4.363148e+00 2.000000e+00 -1.747339e+01
      vertex   4.363148e+00 1.000000e+00 -1.747339e+01
    endloop
  endfacet
  facet normal -9.986959e-01 0.000000e+00 5.105372e-02
    outer loop
      vertex   4.363148e+00 2.000000e+00 -1.747339e+01
      vertex   4.355489e+00 2.000000e+00 -1.762319e+01
      vertex   4.363148e+00 1.000000e+00 -1.747339e+01
    endloop
  endfacet
  facet normal -9.986959e-01 -1.135787e-19 5.105372e-02
    outer loop
      vertex   4.363148e+00 1.000000e+00 -1.747339e+01
      vertex   4.355489e+00 2.000000e+00 -1.762319e+01
      vertex   4.355489e+00 1.000000e+00 -1.762319e+01
    endloop
  endfacet
  facet normal -9.842270e-01 0.000000e+00 1.769105e-01
    outer loop
      vertex   4.355489e+00 1.000000e+00 -1.762319e+01
      vertex   4.355489e+00 2.000000e+00 -1.762319e+01
      vertex   4.329673e+00 2.000000e+00 -1.776682e+01
    endloop
  endfacet
  facet normal -9.842270e-01 6.318210e-19 1.769105e-01
    outer loop
      vertex   4.355489e+00 1.000000e+00 -1.762319e+01
      vertex   4.329673e+00 2.000000e+00 -1.776682e+01
      vertex   4.329673e+00 1.000000e+00 -1.776682e+01
    endloop
  endfacet
  facet normal -9.135649e-01 0.000000e+00 4.066929e-01
    outer loop
      vertex   4.329673e+00 1.000000e+00 -1.776682e+01
      vertex   4.329673e+00 2.000000e+00 -1.776682e+01
      vertex   4.270747e+00 2.000000e+00 -1.789919e+01
    endloop
  endfacet
  facet normal -9.135649e-01 4.486314e-19 4.066929e-01
    outer loop
      vertex   4.329673e+00 1.000000e+00 -1.776682e+01
      vertex   4.270747e+00 2.000000e+00 -1.789919e+01
      vertex   4.270747e+00 1.000000e+00 -1.789919e+01
    endloop
  endfacet
  facet normal -8.368982e-01 0.000000e+00 5.473585e-01
    outer loop
      vertex   4.270747e+00 1.000000e+00 -1.789919e+01
      vertex   4.270747e+00 2.000000e+00 -1.789919e+01
      vertex   4.189206e+00 2.000000e+00 -1.802386e+01
    endloop
  endfacet
  facet normal -8.368982e-01 1.675822e-18 5.473585e-01
    outer loop
      vertex   4.270747e+00 1.000000e+00 -1.789919e+01
      vertex   4.189206e+00 2.000000e+00 -1.802386e+01
      vertex   4.189206e+00 1.000000e+00 -1.802386e+01
    endloop
  endfacet
  facet normal -5.922404e-01 0.000000e+00 8.057613e-01
    outer loop
      vertex   4.189206e+00 2.000000e+00 -1.802386e+01
      vertex   4.078634e+00 2.000000e+00 -1.810513e+01
      vertex   4.189206e+00 1.000000e+00 -1.802386e+01
    endloop
  endfacet
  facet normal -5.922404e-01 6.416720e-19 8.057613e-01
    outer loop
      vertex   4.189206e+00 1.000000e+00 -1.802386e+01
      vertex   4.078634e+00 2.000000e+00 -1.810513e+01
      vertex   4.078634e+00 1.000000e+00 -1.810513e+01
    endloop
  endfacet
  facet normal -4.540751e-01 0.000000e+00 8.909634e-01
    outer loop
      vertex   4.078634e+00 1.000000e+00 -1.810513e+01
      vertex   4.078634e+00 2.000000e+00 -1.810513e+01
      vertex   3.960144e+00 2.000000e+00 -1.816552e+01
    endloop
  endfacet
  facet normal -4.540751e-01 2.473850e-18 8.909634e-01
    outer loop
      vertex   4.078634e+00 1.000000e+00 -1.810513e+01
      vertex   3.960144e+00 2.000000e+00 -1.816552e+01
      vertex   3.960144e+00 1.000000e+00 -1.816552e+01
    endloop
  endfacet
  facet normal -2.114079e-01 0.000000e+00 9.773979e-01
    outer loop
      vertex   3.960144e+00 1.000000e+00 -1.816552e+01
      vertex   3.960144e+00 2.000000e+00 -1.816552e+01
      vertex   3.829471e+00 2.000000e+00 -1.819379e+01
    endloop
  endfacet
  facet normal -2.114079e-01 8.704972e-19 9.773979e-01
    outer loop
      vertex   3.960144e+00 1.000000e+00 -1.816552e+01
      vertex   3.829471e+00 2.000000e+00 -1.819379e+01
      vertex   3.829471e+00 1.000000e+00 -1.819379e+01
    endloop
  endfacet
  facet normal -7.366075e-02 0.000000e+00 9.972834e-01
    outer loop
      vertex   3.829471e+00 1.000000e+00 -1.819379e+01
      vertex   3.829471e+00 2.000000e+00 -1.819379e+01
      vertex   3.691934e+00 2.000000e+00 -1.820394e+01
    endloop
  endfacet
  facet normal -7.366075e-02 -5.161446e-19 9.972834e-01
    outer loop
      vertex   3.829471e+00 1.000000e+00 -1.819379e+01
      vertex   3.691934e+00 2.000000e+00 -1.820394e+01
      vertex   3.691934e+00 1.000000e+00 -1.820394e+01
    endloop
  endfacet
  facet normal 1.625362e-01 0.000000e+00 9.867026e-01
    outer loop
      vertex   3.691934e+00 2.000000e+00 -1.820394e+01
      vertex   3.489740e+00 2.000000e+00 -1.817064e+01
      vertex   3.691934e+00 1.000000e+00 -1.820394e+01
    endloop
  endfacet
  facet normal 1.625362e-01 1.057510e-18 9.867026e-01
    outer loop
      vertex   3.691934e+00 1.000000e+00 -1.820394e+01
      vertex   3.489740e+00 2.000000e+00 -1.817064e+01
      vertex   3.489740e+00 1.000000e+00 -1.817064e+01
    endloop
  endfacet
  facet normal 2.773334e-01 -0.000000e+00 9.607737e-01
    outer loop
      vertex   3.489740e+00 1.000000e+00 -1.817064e+01
      vertex   3.489740e+00 2.000000e+00 -1.817064e+01
      vertex   3.394647e+00 2.000000e+00 -1.814319e+01
    endloop
  endfacet
  facet normal 2.773334e-01 8.895162e-19 9.607737e-01
    outer loop
      vertex   3.489740e+00 1.000000e+00 -1.817064e+01
      vertex   3.394647e+00 2.000000e+00 -1.814319e+01
      vertex   3.394647e+00 1.000000e+00 -1.814319e+01
    endloop
  endfacet
  facet normal 4.176632e-01 -0.000000e+00 9.086019e-01
    outer loop
      vertex   3.394647e+00 1.000000e+00 -1.814319e+01
      vertex   3.394647e+00 2.000000e+00 -1.814319e+01
      vertex   3.306755e+00 2.000000e+00 -1.810279e+01
    endloop
  endfacet
  facet normal 4.176632e-01 2.029018e-18 9.086019e-01
    outer loop
      vertex   3.394647e+00 1.000000e+00 -1.814319e+01
      vertex   3.306755e+00 2.000000e+00 -1.810279e+01
      vertex   3.306755e+00 1.000000e+00 -1.810279e+01
    endloop
  endfacet
  facet normal 5.742047e-01 -0.000000e+00 8.187118e-01
    outer loop
      vertex   3.306755e+00 1.000000e+00 -1.810279e+01
      vertex   3.306755e+00 2.000000e+00 -1.810279e+01
      vertex   3.227360e+00 2.000000e+00 -1.804710e+01
    endloop
  endfacet
  facet normal 5.742047e-01 1.536913e-18 8.187118e-01
    outer loop
      vertex   3.306755e+00 1.000000e+00 -1.810279e+01
      vertex   3.227360e+00 2.000000e+00 -1.804710e+01
      vertex   3.227360e+00 1.000000e+00 -1.804710e+01
    endloop
  endfacet
  facet normal 6.825774e-01 -0.000000e+00 7.308133e-01
    outer loop
      vertex   3.227360e+00 1.000000e+00 -1.804710e+01
      vertex   3.227360e+00 2.000000e+00 -1.804710e+01
      vertex   3.154724e+00 2.000000e+00 -1.797926e+01
    endloop
  endfacet
  facet normal 6.825774e-01 8.101969e-19 7.308133e-01
    outer loop
      vertex   3.227360e+00 1.000000e+00 -1.804710e+01
      vertex   3.154724e+00 2.000000e+00 -1.797926e+01
      vertex   3.154724e+00 1.000000e+00 -1.797926e+01
    endloop
  endfacet
  facet normal 7.584445e-01 -0.000000e+00 6.517377e-01
    outer loop
      vertex   3.154724e+00 1.000000e+00 -1.797926e+01
      vertex   3.154724e+00 2.000000e+00 -1.797926e+01
      vertex   3.020720e+00 2.000000e+00 -1.782332e+01
    endloop
  endfacet
  facet normal 7.584445e-01 1.186850e-18 6.517377e-01
    outer loop
      vertex   3.154724e+00 1.000000e+00 -1.797926e+01
      vertex   3.020720e+00 2.000000e+00 -1.782332e+01
      vertex   3.020720e+00 1.000000e+00 -1.782332e+01
    endloop
  endfacet
  facet normal -9.078639e-01 0.000000e+00 4.192650e-01
    outer loop
      vertex   3.020720e+00 2.000000e+00 -1.782332e+01
      vertex   2.982408e+00 2.000000e+00 -1.790628e+01
      vertex   3.020720e+00 1.000000e+00 -1.782332e+01
    endloop
  endfacet
  facet normal -9.078639e-01 -5.238222e-20 4.192650e-01
    outer loop
      vertex   3.020720e+00 1.000000e+00 -1.782332e+01
      vertex   2.982408e+00 2.000000e+00 -1.790628e+01
      vertex   2.982408e+00 1.000000e+00 -1.790628e+01
    endloop
  endfacet
  facet normal -8.493532e-01 0.000000e+00 5.278250e-01
    outer loop
      vertex   2.982408e+00 1.000000e+00 -1.790628e+01
      vertex   2.982408e+00 2.000000e+00 -1.790628e+01
      vertex   2.935190e+00 2.000000e+00 -1.798226e+01
    endloop
  endfacet
  facet normal -8.493532e-01 2.429260e-19 5.278250e-01
    outer loop
      vertex   2.982408e+00 1.000000e+00 -1.790628e+01
      vertex   2.935190e+00 2.000000e+00 -1.798226e+01
      vertex   2.935190e+00 1.000000e+00 -1.798226e+01
    endloop
  endfacet
  facet normal -7.185767e-01 0.000000e+00 6.954477e-01
    outer loop
      vertex   2.935190e+00 1.000000e+00 -1.798226e+01
      vertex   2.935190e+00 2.000000e+00 -1.798226e+01
      vertex   2.873003e+00 2.000000e+00 -1.804651e+01
    endloop
  endfacet
  facet normal -7.185767e-01 4.547474e-18 6.954477e-01
    outer loop
      vertex   2.935190e+00 1.000000e+00 -1.798226e+01
      vertex   2.873003e+00 2.000000e+00 -1.804651e+01
      vertex   2.873003e+00 1.000000e+00 -1.804651e+01
    endloop
  endfacet
  facet normal -6.257738e-01 0.000000e+00 7.800046e-01
    outer loop
      vertex   2.873003e+00 1.000000e+00 -1.804651e+01
      vertex   2.873003e+00 2.000000e+00 -1.804651e+01
      vertex   2.801756e+00 2.000000e+00 -1.810367e+01
    endloop
  endfacet
  facet normal -6.257738e-01 -3.407364e-18 7.800046e-01
    outer loop
      vertex   2.873003e+00 1.000000e+00 -1.804651e+01
      vertex   2.801756e+00 2.000000e+00 -1.810367e+01
      vertex   2.801756e+00 1.000000e+00 -1.810367e+01
    endloop
  endfacet
  facet normal -4.365167e-01 0.000000e+00 8.996962e-01
    outer loop
      vertex   2.801756e+00 2.000000e+00 -1.810367e+01
      vertex   2.708386e+00 2.000000e+00 -1.814897e+01
      vertex   2.801756e+00 1.000000e+00 -1.810367e+01
    endloop
  endfacet
  facet normal -4.365167e-01 -2.334047e-18 8.996962e-01
    outer loop
      vertex   2.801756e+00 1.000000e+00 -1.810367e+01
      vertex   2.708386e+00 2.000000e+00 -1.814897e+01
      vertex   2.708386e+00 1.000000e+00 -1.814897e+01
    endloop
  endfacet
  facet normal -3.292395e-01 0.000000e+00 9.442464e-01
    outer loop
      vertex   2.708386e+00 1.000000e+00 -1.814897e+01
      vertex   2.708386e+00 2.000000e+00 -1.814897e+01
      vertex   2.611920e+00 2.000000e+00 -1.818261e+01
    endloop
  endfacet
  facet normal -3.292395e-01 1.085646e-18 9.442464e-01
    outer loop
      vertex   2.708386e+00 1.000000e+00 -1.814897e+01
      vertex   2.611920e+00 2.000000e+00 -1.818261e+01
      vertex   2.611920e+00 1.000000e+00 -1.818261e+01
    endloop
  endfacet
  facet normal -1.534075e-01 0.000000e+00 9.881630e-01
    outer loop
      vertex   2.611920e+00 1.000000e+00 -1.818261e+01
      vertex   2.611920e+00 2.000000e+00 -1.818261e+01
      vertex   2.510701e+00 2.000000e+00 -1.819832e+01
    endloop
  endfacet
  facet normal -1.534075e-01 9.089455e-19 9.881630e-01
    outer loop
      vertex   2.611920e+00 1.000000e+00 -1.818261e+01
      vertex   2.510701e+00 2.000000e+00 -1.819832e+01
      vertex   2.510701e+00 1.000000e+00 -1.819832e+01
    endloop
  endfacet
  facet normal -5.402934e-02 0.000000e+00 9.985393e-01
    outer loop
      vertex   2.510701e+00 1.000000e+00 -1.819832e+01
      vertex   2.510701e+00 2.000000e+00 -1.819832e+01
      vertex   2.406804e+00 2.000000e+00 -1.820394e+01
    endloop
  endfacet
  facet normal -5.402934e-02 2.141443e-19 9.985393e-01
    outer loop
      vertex   2.510701e+00 1.000000e+00 -1.819832e+01
      vertex   2.406804e+00 2.000000e+00 -1.820394e+01
      vertex   2.406804e+00 1.000000e+00 -1.820394e+01
    endloop
  endfacet
  facet normal 6.799096e-02 0.000000e+00 9.976859e-01
    outer loop
      vertex   2.406804e+00 2.000000e+00 -1.820394e+01
      vertex   2.305562e+00 2.000000e+00 -1.819704e+01
      vertex   2.406804e+00 1.000000e+00 -1.820394e+01
    endloop
  endfacet
  facet normal 6.799096e-02 1.362267e-19 9.976859e-01
    outer loop
      vertex   2.406804e+00 1.000000e+00 -1.820394e+01
      vertex   2.305562e+00 2.000000e+00 -1.819704e+01
      vertex   2.305562e+00 1.000000e+00 -1.819704e+01
    endloop
  endfacet
  facet normal 1.632712e-01 -0.000000e+00 9.865812e-01
    outer loop
      vertex   2.305562e+00 1.000000e+00 -1.819704e+01
      vertex   2.305562e+00 2.000000e+00 -1.819704e+01
      vertex   2.206755e+00 2.000000e+00 -1.818069e+01
    endloop
  endfacet
  facet normal 1.632712e-01 5.495196e-19 9.865812e-01
    outer loop
      vertex   2.305562e+00 1.000000e+00 -1.819704e+01
      vertex   2.206755e+00 2.000000e+00 -1.818069e+01
      vertex   2.206755e+00 1.000000e+00 -1.818069e+01
    endloop
  endfacet
  facet normal 3.248305e-01 -0.000000e+00 9.457723e-01
    outer loop
      vertex   2.206755e+00 1.000000e+00 -1.818069e+01
      vertex   2.206755e+00 2.000000e+00 -1.818069e+01
      vertex   2.112112e+00 2.000000e+00 -1.814819e+01
    endloop
  endfacet
  facet normal 3.248305e-01 1.516194e-18 9.457723e-01
    outer loop
      vertex   2.206755e+00 1.000000e+00 -1.818069e+01
      vertex   2.112112e+00 2.000000e+00 -1.814819e+01
      vertex   2.112112e+00 1.000000e+00 -1.814819e+01
    endloop
  endfacet
  facet normal 4.188433e-01 -0.000000e+00 9.080585e-01
    outer loop
      vertex   2.112112e+00 1.000000e+00 -1.814819e+01
      vertex   2.112112e+00 2.000000e+00 -1.814819e+01
      vertex   2.020038e+00 2.000000e+00 -1.810572e+01
    endloop
  endfacet
  facet normal 4.188433e-01 3.410795e-18 9.080585e-01
    outer loop
      vertex   2.112112e+00 1.000000e+00 -1.814819e+01
      vertex   2.020038e+00 2.000000e+00 -1.810572e+01
      vertex   2.020038e+00 1.000000e+00 -1.810572e+01
    endloop
  endfacet
  facet normal 5.531667e-01 0.000000e+00 8.330706e-01
    outer loop
      vertex   2.020038e+00 2.000000e+00 -1.810572e+01
      vertex   1.941121e+00 2.000000e+00 -1.805332e+01
      vertex   2.020038e+00 1.000000e+00 -1.810572e+01
    endloop
  endfacet
  facet normal 5.531667e-01 1.060622e-18 8.330706e-01
    outer loop
      vertex   2.020038e+00 1.000000e+00 -1.810572e+01
      vertex   1.941121e+00 2.000000e+00 -1.805332e+01
      vertex   1.941121e+00 1.000000e+00 -1.805332e+01
    endloop
  endfacet
  facet normal 6.263318e-01 -0.000000e+00 7.795566e-01
    outer loop
      vertex   1.941121e+00 1.000000e+00 -1.805332e+01
      vertex   1.941121e+00 2.000000e+00 -1.805332e+01
      vertex   1.868103e+00 2.000000e+00 -1.799465e+01
    endloop
  endfacet
  facet normal 6.263318e-01 -1.524115e-18 7.795566e-01
    outer loop
      vertex   1.941121e+00 1.000000e+00 -1.805332e+01
      vertex   1.868103e+00 2.000000e+00 -1.799465e+01
      vertex   1.868103e+00 1.000000e+00 -1.799465e+01
    endloop
  endfacet
  facet normal 7.387862e-01 -0.000000e+00 6.739398e-01
    outer loop
      vertex   1.868103e+00 1.000000e+00 -1.799465e+01
      vertex   1.868103e+00 2.000000e+00 -1.799465e+01
      vertex   1.804991e+00 2.000000e+00 -1.792547e+01
    endloop
  endfacet
  facet normal 7.387862e-01 2.425782e-18 6.739398e-01
    outer loop
      vertex   1.868103e+00 1.000000e+00 -1.799465e+01
      vertex   1.804991e+00 2.000000e+00 -1.792547e+01
      vertex   1.804991e+00 1.000000e+00 -1.792547e+01
    endloop
  endfacet
  facet normal 7.976415e-01 -0.000000e+00 6.031318e-01
    outer loop
      vertex   1.804991e+00 1.000000e+00 -1.792547e+01
      vertex   1.804991e+00 2.000000e+00 -1.792547e+01
      vertex   1.747867e+00 2.000000e+00 -1.784992e+01
    endloop
  endfacet
  facet normal 7.976415e-01 2.199142e-18 6.031318e-01
    outer loop
      vertex   1.804991e+00 1.000000e+00 -1.792547e+01
      vertex   1.747867e+00 2.000000e+00 -1.784992e+01
      vertex   1.747867e+00 1.000000e+00 -1.784992e+01
    endloop
  endfacet
  facet normal -1.000000e+00 -0.000000e+00 -0.000000e+00
    outer loop
      vertex   1.747867e+00 2.000000e+00 -1.784992e+01
      vertex   1.747867e+00 2.000000e+00 -1.815483e+01
      vertex   1.747867e+00 1.000000e+00 -1.784992e+01
    endloop
  endfacet
  facet normal -1.000000e+00 0.000000e+00 0.000000e+00
    outer loop
      vertex   1.747867e+00 1.000000e+00 -1.784992e+01
      vertex   1.747867e+00 2.000000e+00 -1.815483e+01
      vertex   1.747867e+00 1.000000e+00 -1.815483e+01
    endloop
  endfacet
  facet normal 0.000000e+00 0.000000e+00 1.000000e+00
    outer loop
      vertex   1.747867e+00 2.000000e+00 -1.815483e+01
      vertex   1.418400e+00 2.000000e+00 -1.815483e+01
      vertex   1.747867e+00 1.000000e+00 -1.815483e+01
    endloop
  endfacet
  facet normal 0.000000e+00 0.000000e+00 1.000000e+00
    outer loop
      vertex   1.747867e+00 1.000000e+00 -1.815483e+01
      vertex   1.418400e+00 2.000000e+00 -1.815483e+01
      vertex   1.418400e+00 1.000000e+00 -1.815483e+01
    endloop
  endfacet
  facet normal 1.000000e+00 0.000000e+00 -0.000000e+00
    outer loop
      vertex   1.418400e+00 2.000000e+00 -1.815483e+01
      vertex   1.418400e+00 2.000000e+00 -1.598157e+01
      vertex   1.418400e+00 1.000000e+00 -1.815483e+01
    endloop
  endfacet
  facet normal 1.000000e+00 0.000000e+00 0.000000e+00
    outer loop
      vertex   1.418400e+00 1.000000e+00 -1.815483e+01
      vertex   1.418400e+00 2.000000e+00 -1.598157e+01
      vertex   1.418400e+00 1.000000e+00 -1.598157e+01
    endloop
  endfacet
  facet normal 0.000000e+00 0.000000e+00 -1.000000e+00
    outer loop
      vertex   1.418400e+00 2.000000e+00 -1.598157e+01
      vertex   1.786749e+00 2.000000e+00 -1.598157e+01
      vertex   1.418400e+00 1.000000e+00 -1.598157e+01
    endloop
  endfacet
  facet normal 0.000000e+00 0.000000e+00 -1.000000e+00
    outer loop
      vertex   1.418400e+00 1.000000e+00 -1.598157e+01
      vertex   1.786749e+00 2.000000e+00 -1.598157e+01
      vertex   1.786749e+00 1.000000e+00 -1.598157e+01
    endloop
  endfacet
  facet normal 0.000000e+00 1.000000e+00 0.000000e+00
    outer loop
      vertex   1.786749e+00 1.000000e+00 -1.598157e+01
      vertex   1.786749e+00 1.000000e+00 -1.710913e+01
      vertex   1.418400e+00 1.000000e+00 -1.598157e+01
    endloop
  endfacet
  facet normal 0.000000e+00 1.000000e+00 0.000000e+00
    outer loop
      vertex   1.418400e+00 1.000000e+00 -1.598157e+01
      vertex   1.786749e+00 1.000000e+00 -1.710913e+01
      vertex   1.418400e+00 1.000000e+00 -1.815483e+01
    endloop
  endfacet
  facet normal 0.000000e+00 1.000000e+00 0.000000e+00
    outer loop
      vertex   1.418400e+00 1.000000e+00 -1.815483e+01
      vertex   1.786749e+00 1.000000e+00 -1.710913e+01
      vertex   1.788774e+00 1.000000e+00 -1.722453e+01
    endloop
  endfacet
  facet normal 0.000000e+00 1.000000e+00 0.000000e+00
    outer loop
      vertex   1.418400e+00 1.000000e+00 -1.815483e+01
      vertex   1.788774e+00 1.000000e+00 -1.722453e+01
      vertex   1.797179e+00 1.000000e+00 -1.733903e+01
    endloop
  endfacet
  facet normal 0.000000e+00 1.000000e+00 0.000000e+00
    outer loop
      vertex   1.797179e+00 1.000000e+00 -1.733903e+01
      vertex   1.817426e+00 1.000000e+00 -1.745183e+01
      vertex   1.418400e+00 1.000000e+00 -1.815483e+01
    endloop
  endfacet
  facet normal 0.000000e+00 1.000000e+00 0.000000e+00
    outer loop
      vertex   1.418400e+00 1.000000e+00 -1.815483e+01
      vertex   1.817426e+00 1.000000e+00 -1.745183e+01
      vertex   1.747867e+00 1.000000e+00 -1.784992e+01
    endloop
  endfacet
  facet normal 0.000000e+00 1.000000e+00 0.000000e+00
    outer loop
      vertex   1.418400e+00 1.000000e+00 -1.815483e+01
      vertex   1.747867e+00 1.000000e+00 -1.784992e+01
      vertex   1.747867e+00 1.000000e+00 -1.815483e+01
    endloop
  endfacet
  facet normal 0.000000e+00 1.000000e+00 0.000000e+00
    outer loop
      vertex   1.817426e+00 1.000000e+00 -1.745183e+01
      vertex   1.846095e+00 1.000000e+00 -1.756343e+01
      vertex   1.747867e+00 1.000000e+00 -1.784992e+01
    endloop
  endfacet
  facet normal 0.000000e+00 1.000000e+00 0.000000e+00
    outer loop
      vertex   1.747867e+00 1.000000e+00 -1.784992e+01
      vertex   1.846095e+00 1.000000e+00 -1.756343e+01
      vertex   1.879915e+00 1.000000e+00 -1.763431e+01
    endloop
  endfacet
  facet normal 0.000000e+00 1.000000e+00 0.000000e+00
    outer loop
      vertex   1.747867e+00 1.000000e+00 -1.784992e+01
      vertex   1.879915e+00 1.000000e+00 -1.763431e+01
      vertex   1.921116e+00 1.000000e+00 -1.769927e+01
    endloop
  endfacet
  facet normal 0.000000e+00 1.000000e+00 0.000000e+00
    outer loop
      vertex   1.921116e+00 1.000000e+00 -1.769927e+01
      vertex   1.974896e+00 1.000000e+00 -1.775416e+01
      vertex   1.747867e+00 1.000000e+00 -1.784992e+01
    endloop
  endfacet
  facet normal -0.000000e+00 1.000000e+00 0.000000e+00
    outer loop
      vertex   1.747867e+00 1.000000e+00 -1.784992e+01
      vertex   1.974896e+00 1.000000e+00 -1.775416e+01
      vertex   1.804991e+00 1.000000e+00 -1.792547e+01
    endloop
  endfacet
  facet normal 0.000000e+00 1.000000e+00 0.000000e+00
    outer loop
      vertex   1.804991e+00 1.000000e+00 -1.792547e+01
      vertex   1.974896e+00 1.000000e+00 -1.775416e+01
      vertex   2.036409e+00 1.000000e+00 -1.780285e+01
    endloop
  endfacet
  facet normal -0.000000e+00 1.000000e+00 0.000000e+00
    outer loop
      vertex   1.804991e+00 1.000000e+00 -1.792547e+01
      vertex   2.036409e+00 1.000000e+00 -1.780285e+01
      vertex   1.868103e+00 1.000000e+00 -1.799465e+01
    endloop
  endfacet
  facet normal 0.000000e+00 1.000000e+00 0.000000e+00
    outer loop
      vertex   1.868103e+00 1.000000e+00 -1.799465e+01
      vertex   2.036409e+00 1.000000e+00 -1.780285e+01
      vertex   2.104565e+00 1.000000e+00 -1.783735e+01
    endloop
  endfacet
  facet normal -0.000000e+00 1.000000e+00 0.000000e+00
    outer loop
      vertex   1.868103e+00 1.000000e+00 -1.799465e+01
      vertex   2.104565e+00 1.000000e+00 -1.783735e+01
      vertex   1.941121e+00 1.000000e+00 -1.805332e+01
    endloop
  endfacet
  facet normal 0.000000e+00 1.000000e+00 0.000000e+00
    outer loop
      vertex   1.941121e+00 1.000000e+00 -1.805332e+01
      vertex   2.104565e+00 1.000000e+00 -1.783735e+01
      vertex   2.174890e+00 1.000000e+00 -1.786420e+01
    endloop
  endfacet
  facet normal -0.000000e+00 1.000000e+00 0.000000e+00
    outer loop
      vertex   1.941121e+00 1.000000e+00 -1.805332e+01
      vertex   2.174890e+00 1.000000e+00 -1.786420e+01
      vertex   2.020038e+00 1.000000e+00 -1.810572e+01
    endloop
  endfacet
  facet normal -0.000000e+00 1.000000e+00 0.000000e+00
    outer loop
      vertex   2.020038e+00 1.000000e+00 -1.810572e+01
      vertex   2.174890e+00 1.000000e+00 -1.786420e+01
      vertex   2.112112e+00 1.000000e+00 -1.814819e+01
    endloop
  endfacet
  facet normal 0.000000e+00 1.000000e+00 0.000000e+00
    outer loop
      vertex   2.112112e+00 1.000000e+00 -1.814819e+01
      vertex   2.174890e+00 1.000000e+00 -1.786420e+01
      vertex   2.248833e+00 1.000000e+00 -1.787829e+01
    endloop
  endfacet
  facet normal -0.000000e+00 1.000000e+00 0.000000e+00
    outer loop
      vertex   2.112112e+00 1.000000e+00 -1.814819e+01
      vertex   2.248833e+00 1.000000e+00 -1.787829e+01
      vertex   2.206755e+00 1.000000e+00 -1.818069e+01
    endloop
  endfacet
  facet normal 0.000000e+00 1.000000e+00 0.000000e+00
    outer loop
      vertex   2.206755e+00 1.000000e+00 -1.818069e+01
      vertex   2.248833e+00 1.000000e+00 -1.787829e+01
      vertex   2.324949e+00 1.000000e+00 -1.788471e+01
    endloop
  endfacet
  facet normal -0.000000e+00 1.000000e+00 0.000000e+00
    outer loop
      vertex   2.206755e+00 1.000000e+00 -1.818069e+01
      vertex   2.324949e+00 1.000000e+00 -1.788471e+01
      vertex   2.305562e+00 1.000000e+00 -1.819704e+01
    endloop
  endfacet
  facet normal -0.000000e+00 1.000000e+00 0.000000e+00
    outer loop
      vertex   2.305562e+00 1.000000e+00 -1.819704e+01
      vertex   2.324949e+00 1.000000e+00 -1.788471e+01
      vertex   2.406804e+00 1.000000e+00 -1.820394e+01
    endloop
  endfacet
  facet normal 0.000000e+00 1.000000e+00 -0.000000e+00
    outer loop
      vertex   2.406804e+00 1.000000e+00 -1.820394e+01
      vertex   2.324949e+00 1.000000e+00 -1.788471e+01
      vertex   2.409377e+00 1.000000e+00 -1.787835e+01
    endloop
  endfacet
  facet normal 0.000000e+00 1.000000e+00 0.000000e+00
    outer loop
      vertex   2.406804e+00 1.000000e+00 -1.820394e+01
      vertex   2.409377e+00 1.000000e+00 -1.787835e+01
      vertex   2.510701e+00 1.000000e+00 -1.819832e+01
    endloop
  endfacet
  facet normal 0.000000e+00 1.000000e+00 0.000000e+00
    outer loop
      vertex   2.510701e+00 1.000000e+00 -1.819832e+01
      vertex   2.409377e+00 1.000000e+00 -1.787835e+01
      vertex   2.488269e+00 1.000000e+00 -1.785946e+01
    endloop
  endfacet
  facet normal 0.000000e+00 1.000000e+00 -0.000000e+00
    outer loop
      vertex   2.510701e+00 1.000000e+00 -1.819832e+01
      vertex   2.488269e+00 1.000000e+00 -1.785946e+01
      vertex   2.611920e+00 1.000000e+00 -1.818261e+01
    endloop
  endfacet
  facet normal 0.000000e+00 1.000000e+00 -0.000000e+00
    outer loop
      vertex   2.611920e+00 1.000000e+00 -1.818261e+01
      vertex   2.488269e+00 1.000000e+00 -1.785946e+01
      vertex   2.708386e+00 1.000000e+00 -1.814897e+01
    endloop
  endfacet
  facet normal 0.000000e+00 1.000000e+00 0.000000e+00
    outer loop
      vertex   2.708386e+00 1.000000e+00 -1.814897e+01
      vertex   2.488269e+00 1.000000e+00 -1.785946e+01
      vertex   2.523981e+00 1.000000e+00 -1.784158e+01
    endloop
  endfacet
  facet normal 0.000000e+00 1.000000e+00 -0.000000e+00
    outer loop
      vertex   2.708386e+00 1.000000e+00 -1.814897e+01
      vertex   2.523981e+00 1.000000e+00 -1.784158e+01
      vertex   2.801756e+00 1.000000e+00 -1.810367e+01
    endloop
  endfacet
  facet normal 0.000000e+00 1.000000e+00 -0.000000e+00
    outer loop
      vertex   2.801756e+00 1.000000e+00 -1.810367e+01
      vertex   2.523981e+00 1.000000e+00 -1.784158e+01
      vertex   2.873003e+00 1.000000e+00 -1.804651e+01
    endloop
  endfacet
  facet normal 0.000000e+00 1.000000e+00 0.000000e+00
    outer loop
      vertex   2.873003e+00 1.000000e+00 -1.804651e+01
      vertex   2.523981e+00 1.000000e+00 -1.784158e+01
      vertex   2.557235e+00 1.000000e+00 -1.781813e+01
    endloop
  endfacet
  facet normal 0.000000e+00 1.000000e+00 -0.000000e+00
    outer loop
      vertex   2.873003e+00 1.000000e+00 -1.804651e+01
      vertex   2.557235e+00 1.000000e+00 -1.781813e+01
      vertex   2.935190e+00 1.000000e+00 -1.798226e+01
    endloop
  endfacet
  facet normal 0.000000e+00 1.000000e+00 0.000000e+00
    outer loop
      vertex   2.935190e+00 1.000000e+00 -1.798226e+01
      vertex   2.557235e+00 1.000000e+00 -1.781813e+01
      vertex   2.619628e+00 1.000000e+00 -1.776193e+01
    endloop
  endfacet
  facet normal 0.000000e+00 1.000000e+00 -0.000000e+00
    outer loop
      vertex   2.935190e+00 1.000000e+00 -1.798226e+01
      vertex   2.619628e+00 1.000000e+00 -1.776193e+01
      vertex   2.982408e+00 1.000000e+00 -1.790628e+01
    endloop
  endfacet
  facet normal 0.000000e+00 1.000000e+00 -0.000000e+00
    outer loop
      vertex   2.982408e+00 1.000000e+00 -1.790628e+01
      vertex   2.619628e+00 1.000000e+00 -1.776193e+01
      vertex   3.020720e+00 1.000000e+00 -1.782332e+01
    endloop
  endfacet
  facet normal 0.000000e+00 1.000000e+00 0.000000e+00
    outer loop
      vertex   3.020720e+00 1.000000e+00 -1.782332e+01
      vertex   2.619628e+00 1.000000e+00 -1.776193e+01
      vertex   2.662473e+00 1.000000e+00 -1.767524e+01
    endloop
  endfacet
  facet normal -8.946456e-16 1.000000e+00 -2.164374e-15
    outer loop
      vertex   3.020720e+00 1.000000e+00 -1.782332e+01
      vertex   2.662473e+00 1.000000e+00 -1.767524e+01
      vertex   2.693087e+00 1.000000e+00 -1.758530e+01
    endloop
  endfacet
  facet normal 7.654942e-17 1.000000e+00 2.336734e-15
    outer loop
      vertex   2.706147e+00 1.000000e+00 -1.749070e+01
      vertex   3.106116e+00 1.000000e+00 -1.750381e+01
      vertex   2.693087e+00 1.000000e+00 -1.758530e+01
    endloop
  endfacet
  facet normal 4.947299e-16 1.000000e+00 2.172787e-16
    outer loop
      vertex   2.693087e+00 1.000000e+00 -1.758530e+01
      vertex   3.106116e+00 1.000000e+00 -1.750381e+01
      vertex   3.157573e+00 1.000000e+00 -1.762097e+01
    endloop
  endfacet
  facet normal 4.544408e-16 1.000000e+00 -3.073498e-16
    outer loop
      vertex   2.693087e+00 1.000000e+00 -1.758530e+01
      vertex   3.157573e+00 1.000000e+00 -1.762097e+01
      vertex   3.020720e+00 1.000000e+00 -1.782332e+01
    endloop
  endfacet
  facet normal 0.000000e+00 1.000000e+00 0.000000e+00
    outer loop
      vertex   3.020720e+00 1.000000e+00 -1.782332e+01
      vertex   3.157573e+00 1.000000e+00 -1.762097e+01
      vertex   3.229450e+00 1.000000e+00 -1.773123e+01
    endloop
  endfacet
  facet normal 0.000000e+00 1.000000e+00 0.000000e+00
    outer loop
      vertex   3.020720e+00 1.000000e+00 -1.782332e+01
      vertex   3.229450e+00 1.000000e+00 -1.773123e+01
      vertex   3.313436e+00 1.000000e+00 -1.779702e+01
    endloop
  endfacet
  facet normal 0.000000e+00 1.000000e+00 0.000000e+00
    outer loop
      vertex   3.106116e+00 1.000000e+00 -1.750381e+01
      vertex   2.706147e+00 1.000000e+00 -1.749070e+01
      vertex   3.084066e+00 1.000000e+00 -1.737670e+01
    endloop
  endfacet
  facet normal 0.000000e+00 1.000000e+00 0.000000e+00
    outer loop
      vertex   3.084066e+00 1.000000e+00 -1.737670e+01
      vertex   2.706147e+00 1.000000e+00 -1.749070e+01
      vertex   2.709669e+00 1.000000e+00 -1.739358e+01
    endloop
  endfacet
  facet normal 0.000000e+00 1.000000e+00 0.000000e+00
    outer loop
      vertex   3.084066e+00 1.000000e+00 -1.737670e+01
      vertex   2.709669e+00 1.000000e+00 -1.739358e+01
      vertex   3.078018e+00 1.000000e+00 -1.724419e+01
    endloop
  endfacet
  facet normal 0.000000e+00 1.000000e+00 0.000000e+00
    outer loop
      vertex   3.078018e+00 1.000000e+00 -1.724419e+01
      vertex   2.709669e+00 1.000000e+00 -1.739358e+01
      vertex   2.709669e+00 1.000000e+00 -1.598157e+01
    endloop
  endfacet
  facet normal 0.000000e+00 1.000000e+00 -0.000000e+00
    outer loop
      vertex   3.078018e+00 1.000000e+00 -1.724419e+01
      vertex   2.709669e+00 1.000000e+00 -1.598157e+01
      vertex   3.078018e+00 1.000000e+00 -1.598157e+01
    endloop
  endfacet
  facet normal -0.000000e+00 1.000000e+00 0.000000e+00
    outer loop
      vertex   3.020720e+00 1.000000e+00 -1.782332e+01
      vertex   3.313436e+00 1.000000e+00 -1.779702e+01
      vertex   3.154724e+00 1.000000e+00 -1.797926e+01
    endloop
  endfacet
  facet normal 0.000000e+00 1.000000e+00 0.000000e+00
    outer loop
      vertex   3.154724e+00 1.000000e+00 -1.797926e+01
      vertex   3.313436e+00 1.000000e+00 -1.779702e+01
      vertex   3.403593e+00 1.000000e+00 -1.784766e+01
    endloop
  endfacet
  facet normal -0.000000e+00 1.000000e+00 0.000000e+00
    outer loop
      vertex   3.154724e+00 1.000000e+00 -1.797926e+01
      vertex   3.403593e+00 1.000000e+00 -1.784766e+01
      vertex   3.227360e+00 1.000000e+00 -1.804710e+01
    endloop
  endfacet
  facet normal -0.000000e+00 1.000000e+00 0.000000e+00
    outer loop
      vertex   3.227360e+00 1.000000e+00 -1.804710e+01
      vertex   3.403593e+00 1.000000e+00 -1.784766e+01
      vertex   3.306755e+00 1.000000e+00 -1.810279e+01
    endloop
  endfacet
  facet normal 0.000000e+00 1.000000e+00 0.000000e+00
    outer loop
      vertex   3.306755e+00 1.000000e+00 -1.810279e+01
      vertex   3.403593e+00 1.000000e+00 -1.784766e+01
      vertex   3.503854e+00 1.000000e+00 -1.787350e+01
    endloop
  endfacet
  facet normal -0.000000e+00 1.000000e+00 0.000000e+00
    outer loop
      vertex   3.306755e+00 1.000000e+00 -1.810279e+01
      vertex   3.503854e+00 1.000000e+00 -1.787350e+01
      vertex   3.394647e+00 1.000000e+00 -1.814319e+01
    endloop
  endfacet
  facet normal -0.000000e+00 1.000000e+00 0.000000e+00
    outer loop
      vertex   3.394647e+00 1.000000e+00 -1.814319e+01
      vertex   3.503854e+00 1.000000e+00 -1.787350e+01
      vertex   3.489740e+00 1.000000e+00 -1.817064e+01
    endloop
  endfacet
  facet normal 0.000000e+00 1.000000e+00 0.000000e+00
    outer loop
      vertex   3.489740e+00 1.000000e+00 -1.817064e+01
      vertex   3.503854e+00 1.000000e+00 -1.787350e+01
      vertex   3.610079e+00 1.000000e+00 -1.788471e+01
    endloop
  endfacet
  facet normal -0.000000e+00 1.000000e+00 0.000000e+00
    outer loop
      vertex   3.489740e+00 1.000000e+00 -1.817064e+01
      vertex   3.610079e+00 1.000000e+00 -1.788471e+01
      vertex   3.691934e+00 1.000000e+00 -1.820394e+01
    endloop
  endfacet
  facet normal 0.000000e+00 1.000000e+00 0.000000e+00
    outer loop
      vertex   3.691934e+00 1.000000e+00 -1.820394e+01
      vertex   3.610079e+00 1.000000e+00 -1.788471e+01
      vertex   3.668294e+00 1.000000e+00 -1.788069e+01
    endloop
  endfacet
  facet normal 0.000000e+00 1.000000e+00 -0.000000e+00
    outer loop
      vertex   3.691934e+00 1.000000e+00 -1.820394e+01
      vertex   3.668294e+00 1.000000e+00 -1.788069e+01
      vertex   3.829471e+00 1.000000e+00 -1.819379e+01
    endloop
  endfacet
  facet normal 0.000000e+00 1.000000e+00 0.000000e+00
    outer loop
      vertex   3.829471e+00 1.000000e+00 -1.819379e+01
      vertex   3.668294e+00 1.000000e+00 -1.788069e+01
      vertex   3.724932e+00 1.000000e+00 -1.787091e+01
    endloop
  endfacet
  facet normal 0.000000e+00 1.000000e+00 -0.000000e+00
    outer loop
      vertex   3.829471e+00 1.000000e+00 -1.819379e+01
      vertex   3.724932e+00 1.000000e+00 -1.787091e+01
      vertex   3.960144e+00 1.000000e+00 -1.816552e+01
    endloop
  endfacet
  facet normal 0.000000e+00 1.000000e+00 0.000000e+00
    outer loop
      vertex   3.960144e+00 1.000000e+00 -1.816552e+01
      vertex   3.724932e+00 1.000000e+00 -1.787091e+01
      vertex   3.778855e+00 1.000000e+00 -1.785122e+01
    endloop
  endfacet
  facet normal 0.000000e+00 1.000000e+00 -0.000000e+00
    outer loop
      vertex   3.960144e+00 1.000000e+00 -1.816552e+01
      vertex   3.778855e+00 1.000000e+00 -1.785122e+01
      vertex   4.078634e+00 1.000000e+00 -1.810513e+01
    endloop
  endfacet
  facet normal 0.000000e+00 1.000000e+00 0.000000e+00
    outer loop
      vertex   4.078634e+00 1.000000e+00 -1.810513e+01
      vertex   3.778855e+00 1.000000e+00 -1.785122e+01
      vertex   3.831088e+00 1.000000e+00 -1.782536e+01
    endloop
  endfacet
  facet normal 0.000000e+00 1.000000e+00 -0.000000e+00
    outer loop
      vertex   4.078634e+00 1.000000e+00 -1.810513e+01
      vertex   3.831088e+00 1.000000e+00 -1.782536e+01
      vertex   4.189206e+00 1.000000e+00 -1.802386e+01
    endloop
  endfacet
  facet normal 0.000000e+00 1.000000e+00 0.000000e+00
    outer loop
      vertex   4.189206e+00 1.000000e+00 -1.802386e+01
      vertex   3.831088e+00 1.000000e+00 -1.782536e+01
      vertex   3.872684e+00 1.000000e+00 -1.779359e+01
    endloop
  endfacet
  facet normal 0.000000e+00 1.000000e+00 -0.000000e+00
    outer loop
      vertex   4.189206e+00 1.000000e+00 -1.802386e+01
      vertex   3.872684e+00 1.000000e+00 -1.779359e+01
      vertex   4.270747e+00 1.000000e+00 -1.789919e+01
    endloop
  endfacet
  facet normal 0.000000e+00 1.000000e+00 0.000000e+00
    outer loop
      vertex   4.270747e+00 1.000000e+00 -1.789919e+01
      vertex   3.872684e+00 1.000000e+00 -1.779359e+01
      vertex   3.909237e+00 1.000000e+00 -1.775771e+01
    endloop
  endfacet
  facet normal 0.000000e+00 1.000000e+00 0.000000e+00
    outer loop
      vertex   4.270747e+00 1.000000e+00 -1.789919e+01
      vertex   3.909237e+00 1.000000e+00 -1.775771e+01
      vertex   3.937237e+00 1.000000e+00 -1.771487e+01
    endloop
  endfacet
  facet normal 0.000000e+00 1.000000e+00 -0.000000e+00
    outer loop
      vertex   4.270747e+00 1.000000e+00 -1.789919e+01
      vertex   3.937237e+00 1.000000e+00 -1.771487e+01
      vertex   4.329673e+00 1.000000e+00 -1.776682e+01
    endloop
  endfacet
  facet normal 0.000000e+00 1.000000e+00 0.000000e+00
    outer loop
      vertex   4.329673e+00 1.000000e+00 -1.776682e+01
      vertex   3.937237e+00 1.000000e+00 -1.771487e+01
      vertex   3.960010e+00 1.000000e+00 -1.766779e+01
    endloop
  endfacet
  facet normal 0.000000e+00 1.000000e+00 -0.000000e+00
    outer loop
      vertex   4.329673e+00 1.000000e+00 -1.776682e+01
      vertex   3.960010e+00 1.000000e+00 -1.766779e+01
      vertex   4.355489e+00 1.000000e+00 -1.762319e+01
    endloop
  endfacet
  facet normal 0.000000e+00 1.000000e+00 0.000000e+00
    outer loop
      vertex   4.355489e+00 1.000000e+00 -1.762319e+01
      vertex   3.960010e+00 1.000000e+00 -1.766779e+01
      vertex   3.978643e+00 1.000000e+00 -1.758974e+01
    endloop
  endfacet
  facet normal 0.000000e+00 1.000000e+00 0.000000e+00
    outer loop
      vertex   4.355489e+00 1.000000e+00 -1.762319e+01
      vertex   3.978643e+00 1.000000e+00 -1.758974e+01
      vertex   3.991329e+00 1.000000e+00 -1.751090e+01
    endloop
  endfacet
  facet normal 0.000000e+00 1.000000e+00 -0.000000e+00
    outer loop
      vertex   4.355489e+00 1.000000e+00 -1.762319e+01
      vertex   3.991329e+00 1.000000e+00 -1.751090e+01
      vertex   4.363148e+00 1.000000e+00 -1.747339e+01
    endloop
  endfacet
  facet normal 0.000000e+00 1.000000e+00 0.000000e+00
    outer loop
      vertex   4.363148e+00 1.000000e+00 -1.747339e+01
      vertex   3.991329e+00 1.000000e+00 -1.751090e+01
      vertex   3.996157e+00 1.000000e+00 -1.743102e+01
    endloop
  endfacet
  facet normal 0.000000e+00 1.000000e+00 0.000000e+00
    outer loop
      vertex   4.363148e+00 1.000000e+00 -1.747339e+01
      vertex   3.996157e+00 1.000000e+00 -1.743102e+01
      vertex   3.996845e+00 1.000000e+00 -1.735060e+01
    endloop
  endfacet
  facet normal -0.000000e+00 1.000000e+00 0.000000e+00
    outer loop
      vertex   3.996845e+00 1.000000e+00 -1.598157e+01
      vertex   4.363148e+00 1.000000e+00 -1.598157e+01
      vertex   3.996845e+00 1.000000e+00 -1.735060e+01
    endloop
  endfacet
  facet normal -0.000000e+00 1.000000e+00 0.000000e+00
    outer loop
      vertex   3.996845e+00 1.000000e+00 -1.735060e+01
      vertex   4.363148e+00 1.000000e+00 -1.598157e+01
      vertex   4.363148e+00 1.000000e+00 -1.747339e+01
    endloop
  endfacet
  facet normal 5.533016e-01 0.000000e+00 -8.329810e-01
    outer loop
      vertex   -1.884465e+00 2.000000e+00 -1.615961e+01
      vertex   -1.732534e+00 2.000000e+00 -1.605869e+01
      vertex   -1.884465e+00 1.000000e+00 -1.615961e+01
    endloop
  endfacet
  facet normal 5.533016e-01 8.371169e-19 -8.329810e-01
    outer loop
      vertex   -1.884465e+00 1.000000e+00 -1.615961e+01
      vertex   -1.732534e+00 2.000000e+00 -1.605869e+01
      vertex   -1.732534e+00 1.000000e+00 -1.605869e+01
    endloop
  endfacet
  facet normal 4.290875e-01 0.000000e+00 -9.032629e-01
    outer loop
      vertex   -1.732534e+00 1.000000e+00 -1.605869e+01
      vertex   -1.732534e+00 2.000000e+00 -1.605869e+01
      vertex   -1.571931e+00 2.000000e+00 -1.598239e+01
    endloop
  endfacet
  facet normal 4.290875e-01 2.914154e-18 -9.032629e-01
    outer loop
      vertex   -1.732534e+00 1.000000e+00 -1.605869e+01
      vertex   -1.571931e+00 2.000000e+00 -1.598239e+01
      vertex   -1.571931e+00 1.000000e+00 -1.598239e+01
    endloop
  endfacet
  facet normal 2.088112e-01 0.000000e+00 -9.779560e-01
    outer loop
      vertex   -1.571931e+00 1.000000e+00 -1.598239e+01
      vertex   -1.571931e+00 2.000000e+00 -1.598239e+01
      vertex   -1.397571e+00 2.000000e+00 -1.594516e+01
    endloop
  endfacet
  facet normal 2.088112e-01 1.070588e-18 -9.779560e-01
    outer loop
      vertex   -1.571931e+00 1.000000e+00 -1.598239e+01
      vertex   -1.397571e+00 2.000000e+00 -1.594516e+01
      vertex   -1.397571e+00 1.000000e+00 -1.594516e+01
    endloop
  endfacet
  facet normal 8.067985e-02 0.000000e+00 -9.967401e-01
    outer loop
      vertex   -1.397571e+00 1.000000e+00 -1.594516e+01
      vertex   -1.397571e+00 2.000000e+00 -1.594516e+01
      vertex   -1.215297e+00 2.000000e+00 -1.593041e+01
    endloop
  endfacet
  facet normal 8.067985e-02 -4.679088e-19 -9.967401e-01
    outer loop
      vertex   -1.397571e+00 1.000000e+00 -1.594516e+01
      vertex   -1.215297e+00 2.000000e+00 -1.593041e+01
      vertex   -1.215297e+00 1.000000e+00 -1.593041e+01
    endloop
  endfacet
  facet normal -1.144043e-01 -0.000000e+00 -9.934343e-01
    outer loop
      vertex   -1.215297e+00 2.000000e+00 -1.593041e+01
      vertex   -9.879364e-01 2.000000e+00 -1.595659e+01
      vertex   -1.215297e+00 1.000000e+00 -1.593041e+01
    endloop
  endfacet
  facet normal -1.144043e-01 -1.511721e-18 -9.934343e-01
    outer loop
      vertex   -1.215297e+00 1.000000e+00 -1.593041e+01
      vertex   -9.879364e-01 2.000000e+00 -1.595659e+01
      vertex   -9.879364e-01 1.000000e+00 -1.595659e+01
    endloop
  endfacet
  facet normal -2.778930e-01 0.000000e+00 -9.606120e-01
    outer loop
      vertex   -9.879364e-01 1.000000e+00 -1.595659e+01
      vertex   -9.879364e-01 2.000000e+00 -1.595659e+01
      vertex   -7.769094e-01 2.000000e+00 -1.601764e+01
    endloop
  endfacet
  facet normal -2.778930e-01 2.572236e-18 -9.606120e-01
    outer loop
      vertex   -9.879364e-01 1.000000e+00 -1.595659e+01
      vertex   -7.769094e-01 2.000000e+00 -1.601764e+01
      vertex   -7.769094e-01 1.000000e+00 -1.601764e+01
    endloop
  endfacet
  facet normal -4.903737e-01 0.000000e+00 -8.715123e-01
    outer loop
      vertex   -7.769094e-01 1.000000e+00 -1.601764e+01
      vertex   -7.769094e-01 2.000000e+00 -1.601764e+01
      vertex   -6.820905e-01 2.000000e+00 -1.607099e+01
    endloop
  endfacet
  facet normal -4.903737e-01 3.556112e-18 -8.715123e-01
    outer loop
      vertex   -7.769094e-01 1.000000e+00 -1.601764e+01
      vertex   -6.820905e-01 2.000000e+00 -1.607099e+01
      vertex   -6.820905e-01 1.000000e+00 -1.607099e+01
    endloop
  endfacet
  facet normal -6.038001e-01 0.000000e+00 -7.971357e-01
    outer loop
      vertex   -6.820905e-01 1.000000e+00 -1.607099e+01
      vertex   -6.820905e-01 2.000000e+00 -1.607099e+01
      vertex   -5.936582e-01 2.000000e+00 -1.613798e+01
    endloop
  endfacet
  facet normal -6.038001e-01 -2.520895e-18 -7.971357e-01
    outer loop
      vertex   -6.820905e-01 1.000000e+00 -1.607099e+01
      vertex   -5.936582e-01 2.000000e+00 -1.613798e+01
      vertex   -5.936582e-01 1.000000e+00 -1.613798e+01
    endloop
  endfacet
  facet normal -6.859411e-01 0.000000e+00 -7.276571e-01
    outer loop
      vertex   -5.936582e-01 1.000000e+00 -1.613798e+01
      vertex   -5.936582e-01 2.000000e+00 -1.613798e+01
      vertex   -4.274387e-01 2.000000e+00 -1.629467e+01
    endloop
  endfacet
  facet normal -6.859411e-01 -8.660012e-19 -7.276571e-01
    outer loop
      vertex   -5.936582e-01 1.000000e+00 -1.613798e+01
      vertex   -4.274387e-01 2.000000e+00 -1.629467e+01
      vertex   -4.274387e-01 1.000000e+00 -1.629467e+01
    endloop
  endfacet
  facet normal -8.456583e-01 -0.000000e+00 -5.337246e-01
    outer loop
      vertex   -4.274387e-01 2.000000e+00 -1.629467e+01
      vertex   -3.255245e-01 2.000000e+00 -1.645615e+01
      vertex   -4.274387e-01 1.000000e+00 -1.629467e+01
    endloop
  endfacet
  facet normal -8.456583e-01 -2.437385e-18 -5.337246e-01
    outer loop
      vertex   -4.274387e-01 1.000000e+00 -1.629467e+01
      vertex   -3.255245e-01 2.000000e+00 -1.645615e+01
      vertex   -3.255245e-01 1.000000e+00 -1.645615e+01
    endloop
  endfacet
  facet normal -9.076805e-01 0.000000e+00 -4.196619e-01
    outer loop
      vertex   -3.255245e-01 1.000000e+00 -1.645615e+01
      vertex   -3.255245e-01 2.000000e+00 -1.645615e+01
      vertex   -2.471552e-01 2.000000e+00 -1.662565e+01
    endloop
  endfacet
  facet normal -9.076805e-01 2.923376e-18 -4.196619e-01
    outer loop
      vertex   -3.255245e-01 1.000000e+00 -1.645615e+01
      vertex   -2.471552e-01 2.000000e+00 -1.662565e+01
      vertex   -2.471552e-01 1.000000e+00 -1.662565e+01
    endloop
  endfacet
  facet normal -9.769706e-01 0.000000e+00 -2.133741e-01
    outer loop
      vertex   -2.471552e-01 1.000000e+00 -1.662565e+01
      vertex   -2.471552e-01 2.000000e+00 -1.662565e+01
      vertex   -2.072697e-01 2.000000e+00 -1.680827e+01
    endloop
  endfacet
  facet normal -9.769706e-01 -6.546091e-19 -2.133741e-01
    outer loop
      vertex   -2.471552e-01 1.000000e+00 -1.662565e+01
      vertex   -2.072697e-01 2.000000e+00 -1.680827e+01
      vertex   -2.072697e-01 1.000000e+00 -1.680827e+01
    endloop
  endfacet
  facet normal -9.959372e-01 0.000000e+00 -9.005072e-02
    outer loop
      vertex   -2.072697e-01 1.000000e+00 -1.680827e+01
      vertex   -2.072697e-01 2.000000e+00 -1.680827e+01
      vertex   -1.900584e-01 2.000000e+00 -1.699862e+01
    endloop
  endfacet
  facet normal -9.959372e-01 3.381712e-19 -9.005072e-02
    outer loop
      vertex   -2.072697e-01 1.000000e+00 -1.680827e+01
      vertex   -1.900584e-01 2.000000e+00 -1.699862e+01
      vertex   -1.900584e-01 1.000000e+00 -1.699862e+01
    endloop
  endfacet
  facet normal -9.954285e-01 0.000000e+00 9.551016e-02
    outer loop
      vertex   -1.900584e-01 2.000000e+00 -1.699862e+01
      vertex   -2.086910e-01 2.000000e+00 -1.719282e+01
      vertex   -1.900584e-01 1.000000e+00 -1.699862e+01
    endloop
  endfacet
  facet normal -9.954285e-01 -3.820481e-19 9.551016e-02
    outer loop
      vertex   -1.900584e-01 1.000000e+00 -1.699862e+01
      vertex   -2.086910e-01 2.000000e+00 -1.719282e+01
      vertex   -2.086910e-01 1.000000e+00 -1.719282e+01
    endloop
  endfacet
  facet normal -9.716764e-01 0.000000e+00 2.363156e-01
    outer loop
      vertex   -2.086910e-01 1.000000e+00 -1.719282e+01
      vertex   -2.086910e-01 2.000000e+00 -1.719282e+01
      vertex   -2.534236e-01 2.000000e+00 -1.737675e+01
    endloop
  endfacet
  facet normal -9.716764e-01 2.970006e-18 2.363156e-01
    outer loop
      vertex   -2.086910e-01 1.000000e+00 -1.719282e+01
      vertex   -2.534236e-01 2.000000e+00 -1.737675e+01
      vertex   -2.534236e-01 1.000000e+00 -1.737675e+01
    endloop
  endfacet
  facet normal -8.805887e-01 0.000000e+00 4.738814e-01
    outer loop
      vertex   -2.534236e-01 1.000000e+00 -1.737675e+01
      vertex   -2.534236e-01 2.000000e+00 -1.737675e+01
      vertex   -3.429300e-01 2.000000e+00 -1.754307e+01
    endloop
  endfacet
  facet normal -8.805887e-01 1.018120e-18 4.738814e-01
    outer loop
      vertex   -2.534236e-01 1.000000e+00 -1.737675e+01
      vertex   -3.429300e-01 2.000000e+00 -1.754307e+01
      vertex   -3.429300e-01 1.000000e+00 -1.754307e+01
    endloop
  endfacet
  facet normal -7.982963e-01 0.000000e+00 6.022650e-01
    outer loop
      vertex   -3.429300e-01 1.000000e+00 -1.754307e+01
      vertex   -3.429300e-01 2.000000e+00 -1.754307e+01
      vertex   -4.601813e-01 2.000000e+00 -1.769849e+01
    endloop
  endfacet
  facet normal -7.982963e-01 -1.365512e-18 6.022650e-01
    outer loop
      vertex   -3.429300e-01 1.000000e+00 -1.754307e+01
      vertex   -4.601813e-01 2.000000e+00 -1.769849e+01
      vertex   -4.601813e-01 1.000000e+00 -1.769849e+01
    endloop
  endfacet
  facet normal -6.201400e-01 0.000000e+00 7.844912e-01
    outer loop
      vertex   -4.601813e-01 2.000000e+00 -1.769849e+01
      vertex   -6.063570e-01 2.000000e+00 -1.781404e+01
      vertex   -4.601813e-01 1.000000e+00 -1.769849e+01
    endloop
  endfacet
  facet normal -6.201400e-01 -8.363779e-18 7.844912e-01
    outer loop
      vertex   -4.601813e-01 1.000000e+00 -1.769849e+01
      vertex   -6.063570e-01 2.000000e+00 -1.781404e+01
      vertex   -6.063570e-01 1.000000e+00 -1.781404e+01
    endloop
  endfacet
  facet normal -4.954906e-01 0.000000e+00 8.686133e-01
    outer loop
      vertex   -6.063570e-01 1.000000e+00 -1.781404e+01
      vertex   -6.063570e-01 2.000000e+00 -1.781404e+01
      vertex   -7.632670e-01 2.000000e+00 -1.790355e+01
    endloop
  endfacet
  facet normal -4.954906e-01 -2.001641e-18 8.686133e-01
    outer loop
      vertex   -6.063570e-01 1.000000e+00 -1.781404e+01
      vertex   -7.632670e-01 2.000000e+00 -1.790355e+01
      vertex   -7.632670e-01 1.000000e+00 -1.790355e+01
    endloop
  endfacet
  facet normal -2.567304e-01 0.000000e+00 9.664831e-01
    outer loop
      vertex   -7.632670e-01 1.000000e+00 -1.790355e+01
      vertex   -7.632670e-01 2.000000e+00 -1.790355e+01
      vertex   -9.379441e-01 2.000000e+00 -1.794995e+01
    endloop
  endfacet
  facet normal -2.567304e-01 4.536537e-18 9.664831e-01
    outer loop
      vertex   -7.632670e-01 1.000000e+00 -1.790355e+01
      vertex   -9.379441e-01 2.000000e+00 -1.794995e+01
      vertex   -9.379441e-01 1.000000e+00 -1.794995e+01
    endloop
  endfacet
  facet normal -1.110919e-01 0.000000e+00 9.938101e-01
    outer loop
      vertex   -9.379441e-01 1.000000e+00 -1.794995e+01
      vertex   -9.379441e-01 2.000000e+00 -1.794995e+01
      vertex   -1.123210e+00 2.000000e+00 -1.797066e+01
    endloop
  endfacet
  facet normal -1.110919e-01 6.199923e-19 9.938101e-01
    outer loop
      vertex   -9.379441e-01 1.000000e+00 -1.794995e+01
      vertex   -1.123210e+00 2.000000e+00 -1.797066e+01
      vertex   -1.123210e+00 1.000000e+00 -1.797066e+01
    endloop
  endfacet
  facet normal 1.064914e-01 0.000000e+00 9.943136e-01
    outer loop
      vertex   -1.123210e+00 2.000000e+00 -1.797066e+01
      vertex   -1.275005e+00 2.000000e+00 -1.795440e+01
      vertex   -1.123210e+00 1.000000e+00 -1.797066e+01
    endloop
  endfacet
  facet normal 1.064914e-01 1.770003e-19 9.943136e-01
    outer loop
      vertex   -1.123210e+00 1.000000e+00 -1.797066e+01
      vertex   -1.275005e+00 2.000000e+00 -1.795440e+01
      vertex   -1.275005e+00 1.000000e+00 -1.795440e+01
    endloop
  endfacet
  facet normal 2.228333e-01 -0.000000e+00 9.748566e-01
    outer loop
      vertex   -1.275005e+00 1.000000e+00 -1.795440e+01
      vertex   -1.275005e+00 2.000000e+00 -1.795440e+01
      vertex   -1.421186e+00 2.000000e+00 -1.792098e+01
    endloop
  endfacet
  facet normal 2.228333e-01 3.008629e-19 9.748566e-01
    outer loop
      vertex   -1.275005e+00 1.000000e+00 -1.795440e+01
      vertex   -1.421186e+00 2.000000e+00 -1.792098e+01
      vertex   -1.421186e+00 1.000000e+00 -1.792098e+01
    endloop
  endfacet
  facet normal 4.075539e-01 -0.000000e+00 9.131812e-01
    outer loop
      vertex   -1.421186e+00 1.000000e+00 -1.792098e+01
      vertex   -1.421186e+00 2.000000e+00 -1.792098e+01
      vertex   -1.558278e+00 2.000000e+00 -1.785980e+01
    endloop
  endfacet
  facet normal 4.075539e-01 3.881914e-18 9.131812e-01
    outer loop
      vertex   -1.421186e+00 1.000000e+00 -1.792098e+01
      vertex   -1.558278e+00 2.000000e+00 -1.785980e+01
      vertex   -1.558278e+00 1.000000e+00 -1.785980e+01
    endloop
  endfacet
  facet normal 5.065038e-01 -0.000000e+00 8.622377e-01
    outer loop
      vertex   -1.558278e+00 1.000000e+00 -1.785980e+01
      vertex   -1.558278e+00 2.000000e+00 -1.785980e+01
      vertex   -1.690058e+00 2.000000e+00 -1.778239e+01
    endloop
  endfacet
  facet normal 5.065038e-01 4.841299e-18 8.622377e-01
    outer loop
      vertex   -1.558278e+00 1.000000e+00 -1.785980e+01
      vertex   -1.690058e+00 2.000000e+00 -1.778239e+01
      vertex   -1.690058e+00 1.000000e+00 -1.778239e+01
    endloop
  endfacet
  facet normal -9.804848e-01 -0.000000e+00 -1.965948e-01
    outer loop
      vertex   -1.690058e+00 2.000000e+00 -1.778239e+01
      vertex   -1.528394e+00 2.000000e+00 -1.858866e+01
      vertex   -1.690058e+00 1.000000e+00 -1.778239e+01
    endloop
  endfacet
  facet normal -9.804848e-01 0.000000e+00 -1.965948e-01
    outer loop
      vertex   -1.690058e+00 1.000000e+00 -1.778239e+01
      vertex   -1.528394e+00 2.000000e+00 -1.858866e+01
      vertex   -1.528394e+00 1.000000e+00 -1.858866e+01
    endloop
  endfacet
  facet normal 0.000000e+00 0.000000e+00 -1.000000e+00
    outer loop
      vertex   -1.528394e+00 2.000000e+00 -1.858866e+01
      vertex   -3.312589e-01 2.000000e+00 -1.858866e+01
      vertex   -1.528394e+00 1.000000e+00 -1.858866e+01
    endloop
  endfacet
  facet normal 0.000000e+00 0.000000e+00 -1.000000e+00
    outer loop
      vertex   -1.528394e+00 1.000000e+00 -1.858866e+01
      vertex   -3.312589e-01 2.000000e+00 -1.858866e+01
      vertex   -3.312589e-01 1.000000e+00 -1.858866e+01
    endloop
  endfacet
  facet normal -1.000000e+00 -0.000000e+00 -0.000000e+00
    outer loop
      vertex   -3.312589e-01 2.000000e+00 -1.858866e+01
      vertex   -3.312589e-01 2.000000e+00 -1.894064e+01
      vertex   -3.312589e-01 1.000000e+00 -1.858866e+01
    endloop
  endfacet
  facet normal -1.000000e+00 0.000000e+00 0.000000e+00
    outer loop
      vertex   -3.312589e-01 1.000000e+00 -1.858866e+01
      vertex   -3.312589e-01 2.000000e+00 -1.894064e+01
      vertex   -3.312589e-01 1.000000e+00 -1.894064e+01
    endloop
  endfacet
  facet normal 0.000000e+00 0.000000e+00 1.000000e+00
    outer loop
      vertex   -3.312589e-01 2.000000e+00 -1.894064e+01
      vertex   -1.823073e+00 2.000000e+00 -1.894064e+01
      vertex   -3.312589e-01 1.000000e+00 -1.894064e+01
    endloop
  endfacet
  facet normal 0.000000e+00 0.000000e+00 1.000000e+00
    outer loop
      vertex   -3.312589e-01 1.000000e+00 -1.894064e+01
      vertex   -1.823073e+00 2.000000e+00 -1.894064e+01
      vertex   -1.823073e+00 1.000000e+00 -1.894064e+01
    endloop
  endfacet
  facet normal 9.826796e-01 0.000000e+00 1.853129e-01
    outer loop
      vertex   -1.823073e+00 2.000000e+00 -1.894064e+01
      vertex   -2.113660e+00 2.000000e+00 -1.739972e+01
      vertex   -1.823073e+00 1.000000e+00 -1.894064e+01
    endloop
  endfacet
  facet normal 9.826796e-01 0.000000e+00 1.853129e-01
    outer loop
      vertex   -1.823073e+00 1.000000e+00 -1.894064e+01
      vertex   -2.113660e+00 2.000000e+00 -1.739972e+01
      vertex   -2.113660e+00 1.000000e+00 -1.739972e+01
    endloop
  endfacet
  facet normal 1.290882e-01 0.000000e+00 -9.916331e-01
    outer loop
      vertex   -2.113660e+00 2.000000e+00 -1.739972e+01
      vertex   -1.767821e+00 2.000000e+00 -1.735469e+01
      vertex   -2.113660e+00 1.000000e+00 -1.739972e+01
    endloop
  endfacet
  facet normal 1.290882e-01 0.000000e+00 -9.916331e-01
    outer loop
      vertex   -2.113660e+00 1.000000e+00 -1.739972e+01
      vertex   -1.767821e+00 2.000000e+00 -1.735469e+01
      vertex   -1.767821e+00 1.000000e+00 -1.735469e+01
    endloop
  endfacet
  facet normal -7.962492e-01 -0.000000e+00 -6.049688e-01
    outer loop
      vertex   -1.767821e+00 2.000000e+00 -1.735469e+01
      vertex   -1.720704e+00 2.000000e+00 -1.741671e+01
      vertex   -1.767821e+00 1.000000e+00 -1.735469e+01
    endloop
  endfacet
  facet normal -7.962492e-01 1.412366e-18 -6.049688e-01
    outer loop
      vertex   -1.767821e+00 1.000000e+00 -1.735469e+01
      vertex   -1.720704e+00 2.000000e+00 -1.741671e+01
      vertex   -1.720704e+00 1.000000e+00 -1.741671e+01
    endloop
  endfacet
  facet normal -7.350855e-01 0.000000e+00 -6.779745e-01
    outer loop
      vertex   -1.720704e+00 1.000000e+00 -1.741671e+01
      vertex   -1.720704e+00 2.000000e+00 -1.741671e+01
      vertex   -1.668523e+00 2.000000e+00 -1.747329e+01
    endloop
  endfacet
  facet normal -7.350855e-01 1.422826e-18 -6.779745e-01
    outer loop
      vertex   -1.720704e+00 1.000000e+00 -1.741671e+01
      vertex   -1.668523e+00 2.000000e+00 -1.747329e+01
      vertex   -1.668523e+00 1.000000e+00 -1.747329e+01
    endloop
  endfacet
  facet normal -6.192896e-01 0.000000e+00 -7.851626e-01
    outer loop
      vertex   -1.668523e+00 1.000000e+00 -1.747329e+01
      vertex   -1.668523e+00 2.000000e+00 -1.747329e+01
      vertex   -1.608061e+00 2.000000e+00 -1.752097e+01
    endloop
  endfacet
  facet normal -6.192896e-01 -9.107888e-19 -7.851626e-01
    outer loop
      vertex   -1.668523e+00 1.000000e+00 -1.747329e+01
      vertex   -1.608061e+00 2.000000e+00 -1.752097e+01
      vertex   -1.608061e+00 1.000000e+00 -1.752097e+01
    endloop
  endfacet
  facet normal -5.447973e-01 0.000000e+00 -8.385678e-01
    outer loop
      vertex   -1.608061e+00 1.000000e+00 -1.752097e+01
      vertex   -1.608061e+00 2.000000e+00 -1.752097e+01
      vertex   -1.542719e+00 2.000000e+00 -1.756343e+01
    endloop
  endfacet
  facet normal -5.447973e-01 -2.638478e-18 -8.385678e-01
    outer loop
      vertex   -1.608061e+00 1.000000e+00 -1.752097e+01
      vertex   -1.542719e+00 2.000000e+00 -1.756343e+01
      vertex   -1.542719e+00 1.000000e+00 -1.756343e+01
    endloop
  endfacet
  facet normal -4.176854e-01 -0.000000e+00 -9.085917e-01
    outer loop
      vertex   -1.542719e+00 2.000000e+00 -1.756343e+01
      vertex   -1.466189e+00 2.000000e+00 -1.759861e+01
      vertex   -1.542719e+00 1.000000e+00 -1.756343e+01
    endloop
  endfacet
  facet normal -4.176854e-01 -2.772207e-19 -9.085917e-01
    outer loop
      vertex   -1.542719e+00 1.000000e+00 -1.756343e+01
      vertex   -1.466189e+00 2.000000e+00 -1.759861e+01
      vertex   -1.466189e+00 1.000000e+00 -1.759861e+01
    endloop
  endfacet
  facet normal -3.251386e-01 0.000000e+00 -9.456664e-01
    outer loop
      vertex   -1.466189e+00 1.000000e+00 -1.759861e+01
      vertex   -1.466189e+00 2.000000e+00 -1.759861e+01
      vertex   -1.387561e+00 2.000000e+00 -1.762564e+01
    endloop
  endfacet
  facet normal -3.251386e-01 1.948137e-18 -9.456664e-01
    outer loop
      vertex   -1.466189e+00 1.000000e+00 -1.759861e+01
      vertex   -1.387561e+00 2.000000e+00 -1.762564e+01
      vertex   -1.387561e+00 1.000000e+00 -1.762564e+01
    endloop
  endfacet
  facet normal -1.650814e-01 0.000000e+00 -9.862800e-01
    outer loop
      vertex   -1.387561e+00 1.000000e+00 -1.762564e+01
      vertex   -1.387561e+00 2.000000e+00 -1.762564e+01
      vertex   -1.305507e+00 2.000000e+00 -1.763937e+01
    endloop
  endfacet
  facet normal -1.650814e-01 6.687522e-19 -9.862800e-01
    outer loop
      vertex   -1.387561e+00 1.000000e+00 -1.762564e+01
      vertex   -1.305507e+00 2.000000e+00 -1.763937e+01
      vertex   -1.305507e+00 1.000000e+00 -1.763937e+01
    endloop
  endfacet
  facet normal -7.008286e-02 0.000000e+00 -9.975412e-01
    outer loop
      vertex   -1.305507e+00 1.000000e+00 -1.763937e+01
      vertex   -1.305507e+00 2.000000e+00 -1.763937e+01
      vertex   -1.221436e+00 2.000000e+00 -1.764528e+01
    endloop
  endfacet
  facet normal -7.008286e-02 5.908638e-19 -9.975412e-01
    outer loop
      vertex   -1.305507e+00 1.000000e+00 -1.763937e+01
      vertex   -1.221436e+00 2.000000e+00 -1.764528e+01
      vertex   -1.221436e+00 1.000000e+00 -1.764528e+01
    endloop
  endfacet
  facet normal 9.519598e-02 0.000000e+00 -9.954586e-01
    outer loop
      vertex   -1.221436e+00 2.000000e+00 -1.764528e+01
      vertex   -1.092459e+00 2.000000e+00 -1.763295e+01
      vertex   -1.221436e+00 1.000000e+00 -1.764528e+01
    endloop
  endfacet
  facet normal 9.519598e-02 -3.270392e-19 -9.954586e-01
    outer loop
      vertex   -1.221436e+00 1.000000e+00 -1.764528e+01
      vertex   -1.092459e+00 2.000000e+00 -1.763295e+01
      vertex   -1.092459e+00 1.000000e+00 -1.763295e+01
    endloop
  endfacet
  facet normal 2.390564e-01 0.000000e+00 -9.710057e-01
    outer loop
      vertex   -1.092459e+00 1.000000e+00 -1.763295e+01
      vertex   -1.092459e+00 2.000000e+00 -1.763295e+01
      vertex   -9.705912e-01 2.000000e+00 -1.760294e+01
    endloop
  endfacet
  facet normal 2.390564e-01 7.920620e-19 -9.710057e-01
    outer loop
      vertex   -1.092459e+00 1.000000e+00 -1.763295e+01
      vertex   -9.705912e-01 2.000000e+00 -1.760294e+01
      vertex   -9.705912e-01 1.000000e+00 -1.760294e+01
    endloop
  endfacet
  facet normal 4.827151e-01 0.000000e+00 -8.757774e-01
    outer loop
      vertex   -9.705912e-01 1.000000e+00 -1.760294e+01
      vertex   -9.705912e-01 2.000000e+00 -1.760294e+01
      vertex   -8.609624e-01 2.000000e+00 -1.754252e+01
    endloop
  endfacet
  facet normal 4.827151e-01 -6.138186e-19 -8.757774e-01
    outer loop
      vertex   -9.705912e-01 1.000000e+00 -1.760294e+01
      vertex   -8.609624e-01 2.000000e+00 -1.754252e+01
      vertex   -8.609624e-01 1.000000e+00 -1.754252e+01
    endloop
  endfacet
  facet normal 6.140585e-01 0.000000e+00 -7.892605e-01
    outer loop
      vertex   -8.609624e-01 1.000000e+00 -1.754252e+01
      vertex   -8.609624e-01 2.000000e+00 -1.754252e+01
      vertex   -7.589532e-01 2.000000e+00 -1.746315e+01
    endloop
  endfacet
  facet normal 6.140585e-01 -3.646955e-18 -7.892605e-01
    outer loop
      vertex   -8.609624e-01 1.000000e+00 -1.754252e+01
      vertex   -7.589532e-01 2.000000e+00 -1.746315e+01
      vertex   -7.589532e-01 1.000000e+00 -1.746315e+01
    endloop
  endfacet
  facet normal 8.141882e-01 0.000000e+00 -5.806011e-01
    outer loop
      vertex   -7.589532e-01 2.000000e+00 -1.746315e+01
      vertex   -6.795485e-01 2.000000e+00 -1.735180e+01
      vertex   -7.589532e-01 1.000000e+00 -1.746315e+01
    endloop
  endfacet
  facet normal 8.141882e-01 4.830238e-18 -5.806011e-01
    outer loop
      vertex   -7.589532e-01 1.000000e+00 -1.746315e+01
      vertex   -6.795485e-01 2.000000e+00 -1.735180e+01
      vertex   -6.795485e-01 1.000000e+00 -1.735180e+01
    endloop
  endfacet
  facet normal 8.940603e-01 0.000000e+00 -4.479466e-01
    outer loop
      vertex   -6.795485e-01 1.000000e+00 -1.735180e+01
      vertex   -6.795485e-01 2.000000e+00 -1.735180e+01
      vertex   -6.200524e-01 2.000000e+00 -1.723305e+01
    endloop
  endfacet
  facet normal 8.940603e-01 -1.727319e-18 -4.479466e-01
    outer loop
      vertex   -6.795485e-01 1.000000e+00 -1.735180e+01
      vertex   -6.200524e-01 2.000000e+00 -1.723305e+01
      vertex   -6.200524e-01 1.000000e+00 -1.723305e+01
    endloop
  endfacet
  facet normal 9.770435e-01 0.000000e+00 -2.130401e-01
    outer loop
      vertex   -6.200524e-01 1.000000e+00 -1.723305e+01
      vertex   -6.200524e-01 2.000000e+00 -1.723305e+01
      vertex   -5.916411e-01 2.000000e+00 -1.710275e+01
    endloop
  endfacet
  facet normal 9.770435e-01 8.537027e-21 -2.130401e-01
    outer loop
      vertex   -6.200524e-01 1.000000e+00 -1.723305e+01
      vertex   -5.916411e-01 2.000000e+00 -1.710275e+01
      vertex   -5.916411e-01 1.000000e+00 -1.710275e+01
    endloop
  endfacet
  facet normal 9.969450e-01 0.000000e+00 -7.810704e-02
    outer loop
      vertex   -5.916411e-01 1.000000e+00 -1.710275e+01
      vertex   -5.916411e-01 2.000000e+00 -1.710275e+01
      vertex   -5.809177e-01 2.000000e+00 -1.696588e+01
    endloop
  endfacet
  facet normal 9.969450e-01 -3.920674e-19 -7.810704e-02
    outer loop
      vertex   -5.916411e-01 1.000000e+00 -1.710275e+01
      vertex   -5.809177e-01 2.000000e+00 -1.696588e+01
      vertex   -5.809177e-01 1.000000e+00 -1.696588e+01
    endloop
  endfacet
  facet normal 9.969563e-01 0.000000e+00 7.796285e-02
    outer loop
      vertex   -5.809177e-01 2.000000e+00 -1.696588e+01
      vertex   -5.922901e-01 2.000000e+00 -1.682046e+01
      vertex   -5.809177e-01 1.000000e+00 -1.696588e+01
    endloop
  endfacet
  facet normal 9.969563e-01 3.610159e-20 7.796285e-02
    outer loop
      vertex   -5.809177e-01 1.000000e+00 -1.696588e+01
      vertex   -5.922901e-01 2.000000e+00 -1.682046e+01
      vertex   -5.922901e-01 1.000000e+00 -1.682046e+01
    endloop
  endfacet
  facet normal 9.780649e-01 -0.000000e+00 2.083005e-01
    outer loop
      vertex   -5.922901e-01 1.000000e+00 -1.682046e+01
      vertex   -5.922901e-01 2.000000e+00 -1.682046e+01
      vertex   -6.218735e-01 2.000000e+00 -1.668155e+01
    endloop
  endfacet
  facet normal 9.780649e-01 2.875646e-18 2.083005e-01
    outer loop
      vertex   -5.922901e-01 1.000000e+00 -1.682046e+01
      vertex   -6.218735e-01 2.000000e+00 -1.668155e+01
      vertex   -6.218735e-01 1.000000e+00 -1.668155e+01
    endloop
  endfacet
  facet normal 9.007978e-01 -0.000000e+00 4.342387e-01
    outer loop
      vertex   -6.218735e-01 1.000000e+00 -1.668155e+01
      vertex   -6.218735e-01 2.000000e+00 -1.668155e+01
      vertex   -6.833343e-01 2.000000e+00 -1.655405e+01
    endloop
  endfacet
  facet normal 9.007978e-01 -4.945761e-19 4.342387e-01
    outer loop
      vertex   -6.218735e-01 1.000000e+00 -1.668155e+01
      vertex   -6.833343e-01 2.000000e+00 -1.655405e+01
      vertex   -6.833343e-01 1.000000e+00 -1.655405e+01
    endloop
  endfacet
  facet normal 8.269222e-01 -0.000000e+00 5.623164e-01
    outer loop
      vertex   -6.833343e-01 1.000000e+00 -1.655405e+01
      vertex   -6.833343e-01 2.000000e+00 -1.655405e+01
      vertex   -7.650925e-01 2.000000e+00 -1.643382e+01
    endloop
  endfacet
  facet normal 8.269222e-01 -4.612475e-18 5.623164e-01
    outer loop
      vertex   -6.833343e-01 1.000000e+00 -1.655405e+01
      vertex   -7.650925e-01 2.000000e+00 -1.643382e+01
      vertex   -7.650925e-01 1.000000e+00 -1.643382e+01
    endloop
  endfacet
  facet normal 6.531622e-01 0.000000e+00 7.572180e-01
    outer loop
      vertex   -7.650925e-01 2.000000e+00 -1.643382e+01
      vertex   -8.625782e-01 2.000000e+00 -1.634973e+01
      vertex   -7.650925e-01 1.000000e+00 -1.643382e+01
    endloop
  endfacet
  facet normal 6.531622e-01 -1.331806e-18 7.572180e-01
    outer loop
      vertex   -7.650925e-01 1.000000e+00 -1.643382e+01
      vertex   -8.625782e-01 2.000000e+00 -1.634973e+01
      vertex   -8.625782e-01 1.000000e+00 -1.634973e+01
    endloop
  endfacet
  facet normal 5.277886e-01 -0.000000e+00 8.493758e-01
    outer loop
      vertex   -8.625782e-01 1.000000e+00 -1.634973e+01
      vertex   -8.625782e-01 2.000000e+00 -1.634973e+01
      vertex   -9.682422e-01 2.000000e+00 -1.628407e+01
    endloop
  endfacet
  facet normal 5.277886e-01 -1.540881e-19 8.493758e-01
    outer loop
      vertex   -8.625782e-01 1.000000e+00 -1.634973e+01
      vertex   -9.682422e-01 2.000000e+00 -1.628407e+01
      vertex   -9.682422e-01 1.000000e+00 -1.628407e+01
    endloop
  endfacet
  facet normal 2.793873e-01 -0.000000e+00 9.601785e-01
    outer loop
      vertex   -9.682422e-01 1.000000e+00 -1.628407e+01
      vertex   -9.682422e-01 2.000000e+00 -1.628407e+01
      vertex   -1.087626e+00 2.000000e+00 -1.624934e+01
    endloop
  endfacet
  facet normal 2.793873e-01 -8.867127e-19 9.601785e-01
    outer loop
      vertex   -9.682422e-01 1.000000e+00 -1.628407e+01
      vertex   -1.087626e+00 2.000000e+00 -1.624934e+01
      vertex   -1.087626e+00 1.000000e+00 -1.624934e+01
    endloop
  endfacet
  facet normal 1.248148e-01 -0.000000e+00 9.921801e-01
    outer loop
      vertex   -1.087626e+00 1.000000e+00 -1.624934e+01
      vertex   -1.087626e+00 2.000000e+00 -1.624934e+01
      vertex   -1.215297e+00 2.000000e+00 -1.623328e+01
    endloop
  endfacet
  facet normal 1.248148e-01 -1.597180e-18 9.921801e-01
    outer loop
      vertex   -1.087626e+00 1.000000e+00 -1.624934e+01
      vertex   -1.215297e+00 2.000000e+00 -1.623328e+01
      vertex   -1.215297e+00 1.000000e+00 -1.623328e+01
    endloop
  endfacet
  facet normal -1.007330e-01 0.000000e+00 9.949135e-01
    outer loop
      vertex   -1.215297e+00 2.000000e+00 -1.623328e+01
      vertex   -1.319248e+00 2.000000e+00 -1.624380e+01
      vertex   -1.215297e+00 1.000000e+00 -1.623328e+01
    endloop
  endfacet
  facet normal -1.007330e-01 -8.019573e-19 9.949135e-01
    outer loop
      vertex   -1.215297e+00 1.000000e+00 -1.623328e+01
      vertex   -1.319248e+00 2.000000e+00 -1.624380e+01
      vertex   -1.319248e+00 1.000000e+00 -1.624380e+01
    endloop
  endfacet
  facet normal -2.350574e-01 0.000000e+00 9.719815e-01
    outer loop
      vertex   -1.319248e+00 1.000000e+00 -1.624380e+01
      vertex   -1.319248e+00 2.000000e+00 -1.624380e+01
      vertex   -1.418167e+00 2.000000e+00 -1.626772e+01
    endloop
  endfacet
  facet normal -2.350574e-01 1.999000e-18 9.719815e-01
    outer loop
      vertex   -1.319248e+00 1.000000e+00 -1.624380e+01
      vertex   -1.418167e+00 2.000000e+00 -1.626772e+01
      vertex   -1.418167e+00 1.000000e+00 -1.626772e+01
    endloop
  endfacet
  facet normal -4.573985e-01 0.000000e+00 8.892618e-01
    outer loop
      vertex   -1.418167e+00 1.000000e+00 -1.626772e+01
      vertex   -1.418167e+00 2.000000e+00 -1.626772e+01
      vertex   -1.508600e+00 2.000000e+00 -1.631424e+01
    endloop
  endfacet
  facet normal -4.573985e-01 -1.430650e-18 8.892618e-01
    outer loop
      vertex   -1.418167e+00 1.000000e+00 -1.626772e+01
      vertex   -1.508600e+00 2.000000e+00 -1.631424e+01
      vertex   -1.508600e+00 1.000000e+00 -1.631424e+01
    endloop
  endfacet
  facet normal -5.769536e-01 0.000000e+00 8.167769e-01
    outer loop
      vertex   -1.508600e+00 1.000000e+00 -1.631424e+01
      vertex   -1.508600e+00 2.000000e+00 -1.631424e+01
      vertex   -1.593878e+00 2.000000e+00 -1.637448e+01
    endloop
  endfacet
  facet normal -5.769536e-01 3.451360e-18 8.167769e-01
    outer loop
      vertex   -1.508600e+00 1.000000e+00 -1.631424e+01
      vertex   -1.593878e+00 2.000000e+00 -1.637448e+01
      vertex   -1.593878e+00 1.000000e+00 -1.637448e+01
    endloop
  endfacet
  facet normal -7.809306e-01 0.000000e+00 6.246177e-01
    outer loop
      vertex   -1.593878e+00 2.000000e+00 -1.637448e+01
      vertex   -1.669094e+00 2.000000e+00 -1.646852e+01
      vertex   -1.593878e+00 1.000000e+00 -1.637448e+01
    endloop
  endfacet
  facet normal -7.809306e-01 1.027447e-18 6.246177e-01
    outer loop
      vertex   -1.593878e+00 1.000000e+00 -1.637448e+01
      vertex   -1.669094e+00 2.000000e+00 -1.646852e+01
      vertex   -1.669094e+00 1.000000e+00 -1.646852e+01
    endloop
  endfacet
  facet normal -8.588741e-01 0.000000e+00 5.121868e-01
    outer loop
      vertex   -1.669094e+00 1.000000e+00 -1.646852e+01
      vertex   -1.669094e+00 2.000000e+00 -1.646852e+01
      vertex   -1.729456e+00 2.000000e+00 -1.656974e+01
    endloop
  endfacet
  facet normal -8.588741e-01 -3.528051e-18 5.121868e-01
    outer loop
      vertex   -1.669094e+00 1.000000e+00 -1.646852e+01
      vertex   -1.729456e+00 2.000000e+00 -1.656974e+01
      vertex   -1.729456e+00 1.000000e+00 -1.656974e+01
    endloop
  endfacet
  facet normal -9.476646e-01 0.000000e+00 3.192677e-01
    outer loop
      vertex   -1.729456e+00 1.000000e+00 -1.656974e+01
      vertex   -1.729456e+00 2.000000e+00 -1.656974e+01
      vertex   -1.767236e+00 2.000000e+00 -1.668187e+01
    endloop
  endfacet
  facet normal -9.476646e-01 -6.140699e-19 3.192677e-01
    outer loop
      vertex   -1.729456e+00 1.000000e+00 -1.656974e+01
      vertex   -1.767236e+00 2.000000e+00 -1.668187e+01
      vertex   -1.767236e+00 1.000000e+00 -1.668187e+01
    endloop
  endfacet
  facet normal -9.781368e-01 0.000000e+00 2.079626e-01
    outer loop
      vertex   -1.767236e+00 1.000000e+00 -1.668187e+01
      vertex   -1.767236e+00 2.000000e+00 -1.668187e+01
      vertex   -1.792377e+00 2.000000e+00 -1.680012e+01
    endloop
  endfacet
  facet normal -9.781368e-01 1.591335e-19 2.079626e-01
    outer loop
      vertex   -1.767236e+00 1.000000e+00 -1.668187e+01
      vertex   -1.792377e+00 2.000000e+00 -1.680012e+01
      vertex   -1.792377e+00 1.000000e+00 -1.680012e+01
    endloop
  endfacet
  facet normal 8.435400e-02 0.000000e+00 9.964358e-01
    outer loop
      vertex   -1.792377e+00 2.000000e+00 -1.680012e+01
      vertex   -2.179144e+00 2.000000e+00 -1.676738e+01
      vertex   -1.792377e+00 1.000000e+00 -1.680012e+01
    endloop
  endfacet
  facet normal 8.435400e-02 0.000000e+00 9.964358e-01
    outer loop
      vertex   -1.792377e+00 1.000000e+00 -1.680012e+01
      vertex   -2.179144e+00 2.000000e+00 -1.676738e+01
      vertex   -2.179144e+00 1.000000e+00 -1.676738e+01
    endloop
  endfacet
  facet normal 9.818261e-01 0.000000e+00 -1.897826e-01
    outer loop
      vertex   -2.179144e+00 2.000000e+00 -1.676738e+01
      vertex   -2.145931e+00 2.000000e+00 -1.659556e+01
      vertex   -2.179144e+00 1.000000e+00 -1.676738e+01
    endloop
  endfacet
  facet normal 9.818261e-01 5.773802e-19 -1.897826e-01
    outer loop
      vertex   -2.179144e+00 1.000000e+00 -1.676738e+01
      vertex   -2.145931e+00 2.000000e+00 -1.659556e+01
      vertex   -2.145931e+00 1.000000e+00 -1.659556e+01
    endloop
  endfacet
  facet normal 9.466728e-01 0.000000e+00 -3.221967e-01
    outer loop
      vertex   -2.145931e+00 1.000000e+00 -1.659556e+01
      vertex   -2.145931e+00 2.000000e+00 -1.659556e+01
      vertex   -2.091071e+00 2.000000e+00 -1.643437e+01
    endloop
  endfacet
  facet normal 9.466728e-01 -1.240205e-18 -3.221967e-01
    outer loop
      vertex   -2.145931e+00 1.000000e+00 -1.659556e+01
      vertex   -2.091071e+00 2.000000e+00 -1.643437e+01
      vertex   -2.091071e+00 1.000000e+00 -1.643437e+01
    endloop
  endfacet
  facet normal 8.413081e-01 0.000000e+00 -5.405559e-01
    outer loop
      vertex   -2.091071e+00 1.000000e+00 -1.643437e+01
      vertex   -2.091071e+00 2.000000e+00 -1.643437e+01
      vertex   -1.999194e+00 2.000000e+00 -1.629137e+01
    endloop
  endfacet
  facet normal 8.413081e-01 1.377226e-18 -5.405559e-01
    outer loop
      vertex   -2.091071e+00 1.000000e+00 -1.643437e+01
      vertex   -1.999194e+00 2.000000e+00 -1.629137e+01
      vertex   -1.999194e+00 1.000000e+00 -1.629137e+01
    endloop
  endfacet
  facet normal 7.541839e-01 0.000000e+00 -6.566632e-01
    outer loop
      vertex   -1.999194e+00 1.000000e+00 -1.629137e+01
      vertex   -1.999194e+00 2.000000e+00 -1.629137e+01
      vertex   -1.884465e+00 2.000000e+00 -1.615961e+01
    endloop
  endfacet
  facet normal 7.541839e-01 -1.513849e-18 -6.566632e-01
    outer loop
      vertex   -1.999194e+00 1.000000e+00 -1.629137e+01
      vertex   -1.884465e+00 2.000000e+00 -1.615961e+01
      vertex   -1.884465e+00 1.000000e+00 -1.615961e+01
    endloop
  endfacet
  facet normal -0.000000e+00 1.000000e+00 0.000000e+00
    outer loop
      vertex   -2.179144e+00 1.000000e+00 -1.676738e+01
      vertex   -2.145931e+00 1.000000e+00 -1.659556e+01
      vertex   -1.792377e+00 1.000000e+00 -1.680012e+01
    endloop
  endfacet
  facet normal 0.000000e+00 1.000000e+00 -0.000000e+00
    outer loop
      vertex   -1.792377e+00 1.000000e+00 -1.680012e+01
      vertex   -2.145931e+00 1.000000e+00 -1.659556e+01
      vertex   -1.767236e+00 1.000000e+00 -1.668187e+01
    endloop
  endfacet
  facet normal -2.913856e-16 1.000000e+00 -1.278382e-15
    outer loop
      vertex   -1.767236e+00 1.000000e+00 -1.668187e+01
      vertex   -2.145931e+00 1.000000e+00 -1.659556e+01
      vertex   -2.091071e+00 1.000000e+00 -1.643437e+01
    endloop
  endfacet
  facet normal 1.255783e-15 1.000000e+00 7.459342e-16
    outer loop
      vertex   -1.767236e+00 1.000000e+00 -1.668187e+01
      vertex   -2.091071e+00 1.000000e+00 -1.643437e+01
      vertex   -1.999194e+00 1.000000e+00 -1.629137e+01
    endloop
  endfacet
  facet normal 1.063532e-15 1.000000e+00 6.317371e-16
    outer loop
      vertex   -1.767236e+00 1.000000e+00 -1.668187e+01
      vertex   -1.999194e+00 1.000000e+00 -1.629137e+01
      vertex   -1.729456e+00 1.000000e+00 -1.656974e+01
    endloop
  endfacet
  facet normal 2.167959e-16 1.000000e+00 -1.887628e-16
    outer loop
      vertex   -1.729456e+00 1.000000e+00 -1.656974e+01
      vertex   -1.999194e+00 1.000000e+00 -1.629137e+01
      vertex   -1.884465e+00 1.000000e+00 -1.615961e+01
    endloop
  endfacet
  facet normal -8.479322e-16 1.000000e+00 -5.911764e-16
    outer loop
      vertex   -1.729456e+00 1.000000e+00 -1.656974e+01
      vertex   -1.884465e+00 1.000000e+00 -1.615961e+01
      vertex   -1.669094e+00 1.000000e+00 -1.646852e+01
    endloop
  endfacet
  facet normal 0.000000e+00 1.000000e+00 0.000000e+00
    outer loop
      vertex   -1.669094e+00 1.000000e+00 -1.646852e+01
      vertex   -1.884465e+00 1.000000e+00 -1.615961e+01
      vertex   -1.732534e+00 1.000000e+00 -1.605869e+01
    endloop
  endfacet
  facet normal 0.000000e+00 1.000000e+00 -0.000000e+00
    outer loop
      vertex   -1.669094e+00 1.000000e+00 -1.646852e+01
      vertex   -1.732534e+00 1.000000e+00 -1.605869e+01
      vertex   -1.593878e+00 1.000000e+00 -1.637448e+01
    endloop
  endfacet
  facet normal 0.000000e+00 1.000000e+00 -0.000000e+00
    outer loop
      vertex   -1.593878e+00 1.000000e+00 -1.637448e+01
      vertex   -1.732534e+00 1.000000e+00 -1.605869e+01
      vertex   -1.571931e+00 1.000000e+00 -1.598239e+01
    endloop
  endfacet
  facet normal 0.000000e+00 1.000000e+00 0.000000e+00
    outer loop
      vertex   -1.593878e+00 1.000000e+00 -1.637448e+01
      vertex   -1.571931e+00 1.000000e+00 -1.598239e+01
      vertex   -1.508600e+00 1.000000e+00 -1.631424e+01
    endloop
  endfacet
  facet normal 0.000000e+00 1.000000e+00 -0.000000e+00
    outer loop
      vertex   -1.508600e+00 1.000000e+00 -1.631424e+01
      vertex   -1.571931e+00 1.000000e+00 -1.598239e+01
      vertex   -1.418167e+00 1.000000e+00 -1.626772e+01
    endloop
  endfacet
  facet normal 0.000000e+00 1.000000e+00 -0.000000e+00
    outer loop
      vertex   -1.418167e+00 1.000000e+00 -1.626772e+01
      vertex   -1.571931e+00 1.000000e+00 -1.598239e+01
      vertex   -1.397571e+00 1.000000e+00 -1.594516e+01
    endloop
  endfacet
  facet normal 0.000000e+00 1.000000e+00 0.000000e+00
    outer loop
      vertex   -1.418167e+00 1.000000e+00 -1.626772e+01
      vertex   -1.397571e+00 1.000000e+00 -1.594516e+01
      vertex   -1.319248e+00 1.000000e+00 -1.624380e+01
    endloop
  endfacet
  facet normal 0.000000e+00 1.000000e+00 -0.000000e+00
    outer loop
      vertex   -1.319248e+00 1.000000e+00 -1.624380e+01
      vertex   -1.397571e+00 1.000000e+00 -1.594516e+01
      vertex   -1.215297e+00 1.000000e+00 -1.593041e+01
    endloop
  endfacet
  facet normal 0.000000e+00 1.000000e+00 0.000000e+00
    outer loop
      vertex   -1.319248e+00 1.000000e+00 -1.624380e+01
      vertex   -1.215297e+00 1.000000e+00 -1.593041e+01
      vertex   -1.215297e+00 1.000000e+00 -1.623328e+01
    endloop
  endfacet
  facet normal -0.000000e+00 1.000000e+00 0.000000e+00
    outer loop
      vertex   -1.215297e+00 1.000000e+00 -1.623328e+01
      vertex   -1.215297e+00 1.000000e+00 -1.593041e+01
      vertex   -1.087626e+00 1.000000e+00 -1.624934e+01
    endloop
  endfacet
  facet normal 0.000000e+00 1.000000e+00 -0.000000e+00
    outer loop
      vertex   -1.087626e+00 1.000000e+00 -1.624934e+01
      vertex   -1.215297e+00 1.000000e+00 -1.593041e+01
      vertex   -9.879364e-01 1.000000e+00 -1.595659e+01
    endloop
  endfacet
  facet normal -0.000000e+00 1.000000e+00 0.000000e+00
    outer loop
      vertex   -1.087626e+00 1.000000e+00 -1.624934e+01
      vertex   -9.879364e-01 1.000000e+00 -1.595659e+01
      vertex   -9.682422e-01 1.000000e+00 -1.628407e+01
    endloop
  endfacet
  facet normal 0.000000e+00 1.000000e+00 -0.000000e+00
    outer loop
      vertex   -9.682422e-01 1.000000e+00 -1.628407e+01
      vertex   -9.879364e-01 1.000000e+00 -1.595659e+01
      vertex   -7.769094e-01 1.000000e+00 -1.601764e+01
    endloop
  endfacet
  facet normal -0.000000e+00 1.000000e+00 0.000000e+00
    outer loop
      vertex   -9.682422e-01 1.000000e+00 -1.628407e+01
      vertex   -7.769094e-01 1.000000e+00 -1.601764e+01
      vertex   -8.625782e-01 1.000000e+00 -1.634973e+01
    endloop
  endfacet
  facet normal 0.000000e+00 1.000000e+00 0.000000e+00
    outer loop
      vertex   -8.625782e-01 1.000000e+00 -1.634973e+01
      vertex   -7.769094e-01 1.000000e+00 -1.601764e+01
      vertex   -6.820905e-01 1.000000e+00 -1.607099e+01
    endloop
  endfacet
  facet normal -0.000000e+00 1.000000e+00 0.000000e+00
    outer loop
      vertex   -8.625782e-01 1.000000e+00 -1.634973e+01
      vertex   -6.820905e-01 1.000000e+00 -1.607099e+01
      vertex   -7.650925e-01 1.000000e+00 -1.643382e+01
    endloop
  endfacet
  facet normal 0.000000e+00 1.000000e+00 0.000000e+00
    outer loop
      vertex   -7.650925e-01 1.000000e+00 -1.643382e+01
      vertex   -6.820905e-01 1.000000e+00 -1.607099e+01
      vertex   -5.936582e-01 1.000000e+00 -1.613798e+01
    endloop
  endfacet
  facet normal -0.000000e+00 1.000000e+00 0.000000e+00
    outer loop
      vertex   -7.650925e-01 1.000000e+00 -1.643382e+01
      vertex   -5.936582e-01 1.000000e+00 -1.613798e+01
      vertex   -6.833343e-01 1.000000e+00 -1.655405e+01
    endloop
  endfacet
  facet normal 0.000000e+00 1.000000e+00 0.000000e+00
    outer loop
      vertex   -6.833343e-01 1.000000e+00 -1.655405e+01
      vertex   -5.936582e-01 1.000000e+00 -1.613798e+01
      vertex   -4.274387e-01 1.000000e+00 -1.629467e+01
    endloop
  endfacet
  facet normal -1.185869e-15 1.000000e+00 1.169918e-15
    outer loop
      vertex   -6.833343e-01 1.000000e+00 -1.655405e+01
      vertex   -4.274387e-01 1.000000e+00 -1.629467e+01
      vertex   -6.218735e-01 1.000000e+00 -1.668155e+01
    endloop
  endfacet
  facet normal 5.062473e-16 1.000000e+00 3.195105e-16
    outer loop
      vertex   -6.218735e-01 1.000000e+00 -1.668155e+01
      vertex   -4.274387e-01 1.000000e+00 -1.629467e+01
      vertex   -3.255245e-01 1.000000e+00 -1.645615e+01
    endloop
  endfacet
  facet normal 1.691152e-15 1.000000e+00 -1.238342e-15
    outer loop
      vertex   -6.218735e-01 1.000000e+00 -1.668155e+01
      vertex   -3.255245e-01 1.000000e+00 -1.645615e+01
      vertex   -5.922901e-01 1.000000e+00 -1.682046e+01
    endloop
  endfacet
  facet normal 0.000000e+00 1.000000e+00 0.000000e+00
    outer loop
      vertex   -5.922901e-01 1.000000e+00 -1.682046e+01
      vertex   -3.255245e-01 1.000000e+00 -1.645615e+01
      vertex   -2.471552e-01 1.000000e+00 -1.662565e+01
    endloop
  endfacet
  facet normal 0.000000e+00 1.000000e+00 0.000000e+00
    outer loop
      vertex   -5.922901e-01 1.000000e+00 -1.682046e+01
      vertex   -2.471552e-01 1.000000e+00 -1.662565e+01
      vertex   -2.072697e-01 1.000000e+00 -1.680827e+01
    endloop
  endfacet
  facet normal -0.000000e+00 1.000000e+00 0.000000e+00
    outer loop
      vertex   -5.922901e-01 1.000000e+00 -1.682046e+01
      vertex   -2.072697e-01 1.000000e+00 -1.680827e+01
      vertex   -5.809177e-01 1.000000e+00 -1.696588e+01
    endloop
  endfacet
  facet normal -0.000000e+00 1.000000e+00 0.000000e+00
    outer loop
      vertex   -5.809177e-01 1.000000e+00 -1.696588e+01
      vertex   -2.072697e-01 1.000000e+00 -1.680827e+01
      vertex   -1.900584e-01 1.000000e+00 -1.699862e+01
    endloop
  endfacet
  facet normal 0.000000e+00 1.000000e+00 0.000000e+00
    outer loop
      vertex   -5.809177e-01 1.000000e+00 -1.696588e+01
      vertex   -1.900584e-01 1.000000e+00 -1.699862e+01
      vertex   -2.086910e-01 1.000000e+00 -1.719282e+01
    endloop
  endfacet
  facet normal 0.000000e+00 1.000000e+00 0.000000e+00
    outer loop
      vertex   -5.809177e-01 1.000000e+00 -1.696588e+01
      vertex   -2.086910e-01 1.000000e+00 -1.719282e+01
      vertex   -5.916411e-01 1.000000e+00 -1.710275e+01
    endloop
  endfacet
  facet normal -1.342775e-16 1.000000e+00 -5.709541e-16
    outer loop
      vertex   -5.916411e-01 1.000000e+00 -1.710275e+01
      vertex   -2.086910e-01 1.000000e+00 -1.719282e+01
      vertex   -2.534236e-01 1.000000e+00 -1.737675e+01
    endloop
  endfacet
  facet normal -3.076544e-16 1.000000e+00 -7.849711e-16
    outer loop
      vertex   -5.916411e-01 1.000000e+00 -1.710275e+01
      vertex   -2.534236e-01 1.000000e+00 -1.737675e+01
      vertex   -6.200524e-01 1.000000e+00 -1.723305e+01
    endloop
  endfacet
  facet normal 2.160473e-16 1.000000e+00 5.512383e-16
    outer loop
      vertex   -6.200524e-01 1.000000e+00 -1.723305e+01
      vertex   -2.534236e-01 1.000000e+00 -1.737675e+01
      vertex   -3.429300e-01 1.000000e+00 -1.754307e+01
    endloop
  endfacet
  facet normal -2.172597e-16 1.000000e+00 1.639090e-16
    outer loop
      vertex   -6.200524e-01 1.000000e+00 -1.723305e+01
      vertex   -3.429300e-01 1.000000e+00 -1.754307e+01
      vertex   -4.601813e-01 1.000000e+00 -1.769849e+01
    endloop
  endfacet
  facet normal 8.246164e-16 1.000000e+00 5.217814e-16
    outer loop
      vertex   -6.200524e-01 1.000000e+00 -1.723305e+01
      vertex   -4.601813e-01 1.000000e+00 -1.769849e+01
      vertex   -6.795485e-01 1.000000e+00 -1.735180e+01
    endloop
  endfacet
  facet normal 0.000000e+00 1.000000e+00 0.000000e+00
    outer loop
      vertex   -6.795485e-01 1.000000e+00 -1.735180e+01
      vertex   -4.601813e-01 1.000000e+00 -1.769849e+01
      vertex   -6.063570e-01 1.000000e+00 -1.781404e+01
    endloop
  endfacet
  facet normal 0.000000e+00 1.000000e+00 0.000000e+00
    outer loop
      vertex   -6.795485e-01 1.000000e+00 -1.735180e+01
      vertex   -6.063570e-01 1.000000e+00 -1.781404e+01
      vertex   -7.589532e-01 1.000000e+00 -1.746315e+01
    endloop
  endfacet
  facet normal 0.000000e+00 1.000000e+00 0.000000e+00
    outer loop
      vertex   -7.589532e-01 1.000000e+00 -1.746315e+01
      vertex   -6.063570e-01 1.000000e+00 -1.781404e+01
      vertex   -7.632670e-01 1.000000e+00 -1.790355e+01
    endloop
  endfacet
  facet normal 0.000000e+00 1.000000e+00 0.000000e+00
    outer loop
      vertex   -7.589532e-01 1.000000e+00 -1.746315e+01
      vertex   -7.632670e-01 1.000000e+00 -1.790355e+01
      vertex   -8.609624e-01 1.000000e+00 -1.754252e+01
    endloop
  endfacet
  facet normal 0.000000e+00 1.000000e+00 0.000000e+00
    outer loop
      vertex   -8.609624e-01 1.000000e+00 -1.754252e+01
      vertex   -7.632670e-01 1.000000e+00 -1.790355e+01
      vertex   -9.705912e-01 1.000000e+00 -1.760294e+01
    endloop
  endfacet
  facet normal 0.000000e+00 1.000000e+00 0.000000e+00
    outer loop
      vertex   -9.705912e-01 1.000000e+00 -1.760294e+01
      vertex   -7.632670e-01 1.000000e+00 -1.790355e+01
      vertex   -9.379441e-01 1.000000e+00 -1.794995e+01
    endloop
  endfacet
  facet normal 0.000000e+00 1.000000e+00 0.000000e+00
    outer loop
      vertex   -9.705912e-01 1.000000e+00 -1.760294e+01
      vertex   -9.379441e-01 1.000000e+00 -1.794995e+01
      vertex   -1.092459e+00 1.000000e+00 -1.763295e+01
    endloop
  endfacet
  facet normal 0.000000e+00 1.000000e+00 0.000000e+00
    outer loop
      vertex   -1.092459e+00 1.000000e+00 -1.763295e+01
      vertex   -9.379441e-01 1.000000e+00 -1.794995e+01
      vertex   -1.123210e+00 1.000000e+00 -1.797066e+01
    endloop
  endfacet
  facet normal 0.000000e+00 1.000000e+00 0.000000e+00
    outer loop
      vertex   -1.092459e+00 1.000000e+00 -1.763295e+01
      vertex   -1.123210e+00 1.000000e+00 -1.797066e+01
      vertex   -1.221436e+00 1.000000e+00 -1.764528e+01
    endloop
  endfacet
  facet normal 0.000000e+00 1.000000e+00 0.000000e+00
    outer loop
      vertex   -1.221436e+00 1.000000e+00 -1.764528e+01
      vertex   -1.123210e+00 1.000000e+00 -1.797066e+01
      vertex   -1.275005e+00 1.000000e+00 -1.795440e+01
    endloop
  endfacet
  facet normal 0.000000e+00 1.000000e+00 0.000000e+00
    outer loop
      vertex   -1.221436e+00 1.000000e+00 -1.764528e+01
      vertex   -1.275005e+00 1.000000e+00 -1.795440e+01
      vertex   -1.305507e+00 1.000000e+00 -1.763937e+01
    endloop
  endfacet
  facet normal 0.000000e+00 1.000000e+00 0.000000e+00
    outer loop
      vertex   -1.305507e+00 1.000000e+00 -1.763937e+01
      vertex   -1.275005e+00 1.000000e+00 -1.795440e+01
      vertex   -1.421186e+00 1.000000e+00 -1.792098e+01
    endloop
  endfacet
  facet normal 0.000000e+00 1.000000e+00 0.000000e+00
    outer loop
      vertex   -1.305507e+00 1.000000e+00 -1.763937e+01
      vertex   -1.421186e+00 1.000000e+00 -1.792098e+01
      vertex   -1.387561e+00 1.000000e+00 -1.762564e+01
    endloop
  endfacet
  facet normal 0.000000e+00 1.000000e+00 0.000000e+00
    outer loop
      vertex   -1.387561e+00 1.000000e+00 -1.762564e+01
      vertex   -1.421186e+00 1.000000e+00 -1.792098e+01
      vertex   -1.466189e+00 1.000000e+00 -1.759861e+01
    endloop
  endfacet
  facet normal 0.000000e+00 1.000000e+00 0.000000e+00
    outer loop
      vertex   -1.466189e+00 1.000000e+00 -1.759861e+01
      vertex   -1.421186e+00 1.000000e+00 -1.792098e+01
      vertex   -1.558278e+00 1.000000e+00 -1.785980e+01
    endloop
  endfacet
  facet normal 0.000000e+00 1.000000e+00 0.000000e+00
    outer loop
      vertex   -1.466189e+00 1.000000e+00 -1.759861e+01
      vertex   -1.558278e+00 1.000000e+00 -1.785980e+01
      vertex   -1.542719e+00 1.000000e+00 -1.756343e+01
    endloop
  endfacet
  facet normal 0.000000e+00 1.000000e+00 0.000000e+00
    outer loop
      vertex   -1.542719e+00 1.000000e+00 -1.756343e+01
      vertex   -1.558278e+00 1.000000e+00 -1.785980e+01
      vertex   -1.690058e+00 1.000000e+00 -1.778239e+01
    endloop
  endfacet
  facet normal 0.000000e+00 1.000000e+00 0.000000e+00
    outer loop
      vertex   -1.542719e+00 1.000000e+00 -1.756343e+01
      vertex   -1.690058e+00 1.000000e+00 -1.778239e+01
      vertex   -1.608061e+00 1.000000e+00 -1.752097e+01
    endloop
  endfacet
  facet normal 0.000000e+00 1.000000e+00 0.000000e+00
    outer loop
      vertex   -1.608061e+00 1.000000e+00 -1.752097e+01
      vertex   -1.690058e+00 1.000000e+00 -1.778239e+01
      vertex   -1.668523e+00 1.000000e+00 -1.747329e+01
    endloop
  endfacet
  facet normal 0.000000e+00 1.000000e+00 0.000000e+00
    outer loop
      vertex   -1.668523e+00 1.000000e+00 -1.747329e+01
      vertex   -1.690058e+00 1.000000e+00 -1.778239e+01
      vertex   -1.720704e+00 1.000000e+00 -1.741671e+01
    endloop
  endfacet
  facet normal 0.000000e+00 1.000000e+00 0.000000e+00
    outer loop
      vertex   -1.720704e+00 1.000000e+00 -1.741671e+01
      vertex   -1.690058e+00 1.000000e+00 -1.778239e+01
      vertex   -1.767821e+00 1.000000e+00 -1.735469e+01
    endloop
  endfacet
  facet normal 0.000000e+00 1.000000e+00 0.000000e+00
    outer loop
      vertex   -1.767821e+00 1.000000e+00 -1.735469e+01
      vertex   -1.690058e+00 1.000000e+00 -1.778239e+01
      vertex   -2.113660e+00 1.000000e+00 -1.739972e+01
    endloop
  endfacet
  facet normal 0.000000e+00 1.000000e+00 0.000000e+00
    outer loop
      vertex   -2.113660e+00 1.000000e+00 -1.739972e+01
      vertex   -1.690058e+00 1.000000e+00 -1.778239e+01
      vertex   -1.823073e+00 1.000000e+00 -1.894064e+01
    endloop
  endfacet
  facet normal 0.000000e+00 1.000000e+00 0.000000e+00
    outer loop
      vertex   -1.823073e+00 1.000000e+00 -1.894064e+01
      vertex   -1.690058e+00 1.000000e+00 -1.778239e+01
      vertex   -1.528394e+00 1.000000e+00 -1.858866e+01
    endloop
  endfacet
  facet normal 0.000000e+00 1.000000e+00 0.000000e+00
    outer loop
      vertex   -1.823073e+00 1.000000e+00 -1.894064e+01
      vertex   -1.528394e+00 1.000000e+00 -1.858866e+01
      vertex   -3.312589e-01 1.000000e+00 -1.894064e+01
    endloop
  endfacet
  facet normal 0.000000e+00 1.000000e+00 -0.000000e+00
    outer loop
      vertex   -3.312589e-01 1.000000e+00 -1.894064e+01
      vertex   -1.528394e+00 1.000000e+00 -1.858866e+01
      vertex   -3.312589e-01 1.000000e+00 -1.858866e+01
    endloop
  endfacet
  facet normal -1.000000e+00 -0.000000e+00 -0.000000e+00
    outer loop
      vertex   -2.717344e+00 2.000000e+00 -1.598157e+01
      vertex   -2.717344e+00 2.000000e+00 -1.640108e+01
      vertex   -2.717344e+00 1.000000e+00 -1.598157e+01
    endloop
  endfacet
  facet normal -1.000000e+00 0.000000e+00 0.000000e+00
    outer loop
      vertex   -2.717344e+00 1.000000e+00 -1.598157e+01
      vertex   -2.717344e+00 2.000000e+00 -1.640108e+01
      vertex   -2.717344e+00 1.000000e+00 -1.640108e+01
    endloop
  endfacet
  facet normal 0.000000e+00 0.000000e+00 1.000000e+00
    outer loop
      vertex   -2.717344e+00 2.000000e+00 -1.640108e+01
      vertex   -3.136852e+00 2.000000e+00 -1.640108e+01
      vertex   -2.717344e+00 1.000000e+00 -1.640108e+01
    endloop
  endfacet
  facet normal 0.000000e+00 0.000000e+00 1.000000e+00
    outer loop
      vertex   -2.717344e+00 1.000000e+00 -1.640108e+01
      vertex   -3.136852e+00 2.000000e+00 -1.640108e+01
      vertex   -3.136852e+00 1.000000e+00 -1.640108e+01
    endloop
  endfacet
  facet normal 1.000000e+00 0.000000e+00 -0.000000e+00
    outer loop
      vertex   -3.136852e+00 2.000000e+00 -1.640108e+01
      vertex   -3.136852e+00 2.000000e+00 -1.598157e+01
      vertex   -3.136852e+00 1.000000e+00 -1.640108e+01
    endloop
  endfacet
  facet normal 1.000000e+00 0.000000e+00 0.000000e+00
    outer loop
      vertex   -3.136852e+00 1.000000e+00 -1.640108e+01
      vertex   -3.136852e+00 2.000000e+00 -1.598157e+01
      vertex   -3.136852e+00 1.000000e+00 -1.598157e+01
    endloop
  endfacet
  facet normal 0.000000e+00 0.000000e+00 -1.000000e+00
    outer loop
      vertex   -3.136852e+00 2.000000e+00 -1.598157e+01
      vertex   -2.717344e+00 2.000000e+00 -1.598157e+01
      vertex   -3.136852e+00 1.000000e+00 -1.598157e+01
    endloop
  endfacet
  facet normal 0.000000e+00 0.000000e+00 -1.000000e+00
    outer loop
      vertex   -3.136852e+00 1.000000e+00 -1.598157e+01
      vertex   -2.717344e+00 2.000000e+00 -1.598157e+01
      vertex   -2.717344e+00 1.000000e+00 -1.598157e+01
    endloop
  endfacet
  facet normal 0.000000e+00 1.000000e+00 0.000000e+00
    outer loop
      vertex   -2.717344e+00 1.000000e+00 -1.598157e+01
      vertex   -2.717344e+00 1.000000e+00 -1.640108e+01
      vertex   -3.136852e+00 1.000000e+00 -1.598157e+01
    endloop
  endfacet
  facet normal 0.000000e+00 1.000000e+00 0.000000e+00
    outer loop
      vertex   -3.136852e+00 1.000000e+00 -1.598157e+01
      vertex   -2.717344e+00 1.000000e+00 -1.640108e+01
      vertex   -3.136852e+00 1.000000e+00 -1.640108e+01
    endloop
  endfacet
  facet normal 5.674870e-01 0.000000e+00 -8.233824e-01
    outer loop
      vertex   -7.706429e+00 2.000000e+00 -1.616370e+01
      vertex   -7.558061e+00 2.000000e+00 -1.606144e+01
      vertex   -7.706429e+00 1.000000e+00 -1.616370e+01
    endloop
  endfacet
  facet normal 5.674870e-01 4.430890e-18 -8.233824e-01
    outer loop
      vertex   -7.706429e+00 1.000000e+00 -1.616370e+01
      vertex   -7.558061e+00 2.000000e+00 -1.606144e+01
      vertex   -7.558061e+00 1.000000e+00 -1.606144e+01
    endloop
  endfacet
  facet normal 4.444511e-01 0.000000e+00 -8.958031e-01
    outer loop
      vertex   -7.558061e+00 1.000000e+00 -1.606144e+01
      vertex   -7.558061e+00 2.000000e+00 -1.606144e+01
      vertex   -7.400839e+00 2.000000e+00 -1.598344e+01
    endloop
  endfacet
  facet normal 4.444511e-01 2.625100e-18 -8.958031e-01
    outer loop
      vertex   -7.558061e+00 1.000000e+00 -1.606144e+01
      vertex   -7.400839e+00 2.000000e+00 -1.598344e+01
      vertex   -7.400839e+00 1.000000e+00 -1.598344e+01
    endloop
  endfacet
  facet normal 2.213043e-01 0.000000e+00 -9.752048e-01
    outer loop
      vertex   -7.400839e+00 1.000000e+00 -1.598344e+01
      vertex   -7.400839e+00 2.000000e+00 -1.598344e+01
      vertex   -7.229345e+00 2.000000e+00 -1.594452e+01
    endloop
  endfacet
  facet normal 2.213043e-01 2.234972e-18 -9.752048e-01
    outer loop
      vertex   -7.400839e+00 1.000000e+00 -1.598344e+01
      vertex   -7.229345e+00 2.000000e+00 -1.594452e+01
      vertex   -7.229345e+00 1.000000e+00 -1.594452e+01
    endloop
  endfacet
  facet normal 8.948127e-02 0.000000e+00 -9.959885e-01
    outer loop
      vertex   -7.229345e+00 1.000000e+00 -1.594452e+01
      vertex   -7.229345e+00 2.000000e+00 -1.594452e+01
      vertex   -7.049540e+00 2.000000e+00 -1.592836e+01
    endloop
  endfacet
  facet normal 8.948127e-02 6.711368e-19 -9.959885e-01
    outer loop
      vertex   -7.229345e+00 1.000000e+00 -1.594452e+01
      vertex   -7.049540e+00 2.000000e+00 -1.592836e+01
      vertex   -7.049540e+00 1.000000e+00 -1.592836e+01
    endloop
  endfacet
  facet normal -9.431680e-02 -0.000000e+00 -9.955422e-01
    outer loop
      vertex   -7.049540e+00 2.000000e+00 -1.592836e+01
      vertex   -6.849665e+00 2.000000e+00 -1.594730e+01
      vertex   -7.049540e+00 1.000000e+00 -1.592836e+01
    endloop
  endfacet
  facet normal -9.431680e-02 -3.299007e-20 -9.955422e-01
    outer loop
      vertex   -7.049540e+00 1.000000e+00 -1.592836e+01
      vertex   -6.849665e+00 2.000000e+00 -1.594730e+01
      vertex   -6.849665e+00 1.000000e+00 -1.594730e+01
    endloop
  endfacet
  facet normal -2.315350e-01 0.000000e+00 -9.728266e-01
    outer loop
      vertex   -6.849665e+00 1.000000e+00 -1.594730e+01
      vertex   -6.849665e+00 2.000000e+00 -1.594730e+01
      vertex   -6.659823e+00 2.000000e+00 -1.599248e+01
    endloop
  endfacet
  facet normal -2.315350e-01 1.301027e-18 -9.728266e-01
    outer loop
      vertex   -6.849665e+00 1.000000e+00 -1.594730e+01
      vertex   -6.659823e+00 2.000000e+00 -1.599248e+01
      vertex   -6.659823e+00 1.000000e+00 -1.599248e+01
    endloop
  endfacet
  facet normal -4.627461e-01 0.000000e+00 -8.864909e-01
    outer loop
      vertex   -6.659823e+00 1.000000e+00 -1.599248e+01
      vertex   -6.659823e+00 2.000000e+00 -1.599248e+01
      vertex   -6.487160e+00 2.000000e+00 -1.608261e+01
    endloop
  endfacet
  facet normal -4.627461e-01 2.094264e-18 -8.864909e-01
    outer loop
      vertex   -6.659823e+00 1.000000e+00 -1.599248e+01
      vertex   -6.487160e+00 2.000000e+00 -1.608261e+01
      vertex   -6.487160e+00 1.000000e+00 -1.608261e+01
    endloop
  endfacet
  facet normal -5.884115e-01 0.000000e+00 -8.085616e-01
    outer loop
      vertex   -6.487160e+00 1.000000e+00 -1.608261e+01
      vertex   -6.487160e+00 2.000000e+00 -1.608261e+01
      vertex   -6.325120e+00 2.000000e+00 -1.620053e+01
    endloop
  endfacet
  facet normal -5.884115e-01 -6.891185e-18 -8.085616e-01
    outer loop
      vertex   -6.487160e+00 1.000000e+00 -1.608261e+01
      vertex   -6.325120e+00 2.000000e+00 -1.620053e+01
      vertex   -6.325120e+00 1.000000e+00 -1.620053e+01
    endloop
  endfacet
  facet normal -7.706148e-01 -0.000000e+00 -6.373012e-01
    outer loop
      vertex   -6.325120e+00 2.000000e+00 -1.620053e+01
      vertex   -6.204549e+00 2.000000e+00 -1.634633e+01
      vertex   -6.325120e+00 1.000000e+00 -1.620053e+01
    endloop
  endfacet
  facet normal -7.706148e-01 -5.361734e-18 -6.373012e-01
    outer loop
      vertex   -6.325120e+00 1.000000e+00 -1.620053e+01
      vertex   -6.204549e+00 2.000000e+00 -1.634633e+01
      vertex   -6.204549e+00 1.000000e+00 -1.634633e+01
    endloop
  endfacet
  facet normal -8.584742e-01 0.000000e+00 -5.128568e-01
    outer loop
      vertex   -6.204549e+00 1.000000e+00 -1.634633e+01
      vertex   -6.204549e+00 2.000000e+00 -1.634633e+01
      vertex   -6.110626e+00 2.000000e+00 -1.650355e+01
    endloop
  endfacet
  facet normal -8.584742e-01 1.663702e-18 -5.128568e-01
    outer loop
      vertex   -6.204549e+00 1.000000e+00 -1.634633e+01
      vertex   -6.110626e+00 2.000000e+00 -1.650355e+01
      vertex   -6.110626e+00 1.000000e+00 -1.650355e+01
    endloop
  endfacet
  facet normal -9.629262e-01 0.000000e+00 -2.697648e-01
    outer loop
      vertex   -6.110626e+00 1.000000e+00 -1.650355e+01
      vertex   -6.110626e+00 2.000000e+00 -1.650355e+01
      vertex   -6.061232e+00 2.000000e+00 -1.667986e+01
    endloop
  endfacet
  facet normal -9.629262e-01 -3.528165e-18 -2.697648e-01
    outer loop
      vertex   -6.110626e+00 1.000000e+00 -1.650355e+01
      vertex   -6.061232e+00 2.000000e+00 -1.667986e+01
      vertex   -6.061232e+00 1.000000e+00 -1.667986e+01
    endloop
  endfacet
  facet normal -9.928330e-01 0.000000e+00 -1.195100e-01
    outer loop
      vertex   -6.061232e+00 1.000000e+00 -1.667986e+01
      vertex   -6.061232e+00 2.000000e+00 -1.667986e+01
      vertex   -6.038626e+00 2.000000e+00 -1.686766e+01
    endloop
  endfacet
  facet normal -9.928330e-01 8.029973e-19 -1.195100e-01
    outer loop
      vertex   -6.061232e+00 1.000000e+00 -1.667986e+01
      vertex   -6.038626e+00 2.000000e+00 -1.686766e+01
      vertex   -6.038626e+00 1.000000e+00 -1.686766e+01
    endloop
  endfacet
  facet normal -9.974057e-01 0.000000e+00 7.198584e-02
    outer loop
      vertex   -6.038626e+00 2.000000e+00 -1.686766e+01
      vertex   -6.047963e+00 2.000000e+00 -1.699703e+01
      vertex   -6.038626e+00 1.000000e+00 -1.686766e+01
    endloop
  endfacet
  facet normal -9.974057e-01 -6.345966e-19 7.198584e-02
    outer loop
      vertex   -6.038626e+00 1.000000e+00 -1.686766e+01
      vertex   -6.047963e+00 2.000000e+00 -1.699703e+01
      vertex   -6.047963e+00 1.000000e+00 -1.699703e+01
    endloop
  endfacet
  facet normal -9.822576e-01 0.000000e+00 1.875367e-01
    outer loop
      vertex   -6.047963e+00 1.000000e+00 -1.699703e+01
      vertex   -6.047963e+00 2.000000e+00 -1.699703e+01
      vertex   -6.071795e+00 2.000000e+00 -1.712185e+01
    endloop
  endfacet
  facet normal -9.822576e-01 2.132408e-19 1.875367e-01
    outer loop
      vertex   -6.047963e+00 1.000000e+00 -1.699703e+01
      vertex   -6.071795e+00 2.000000e+00 -1.712185e+01
      vertex   -6.071795e+00 1.000000e+00 -1.712185e+01
    endloop
  endfacet
  facet normal -9.219801e-01 0.000000e+00 3.872374e-01
    outer loop
      vertex   -6.071795e+00 1.000000e+00 -1.712185e+01
      vertex   -6.071795e+00 2.000000e+00 -1.712185e+01
      vertex   -6.120888e+00 2.000000e+00 -1.723874e+01
    endloop
  endfacet
  facet normal -9.219801e-01 -1.556185e-18 3.872374e-01
    outer loop
      vertex   -6.071795e+00 1.000000e+00 -1.712185e+01
      vertex   -6.120888e+00 2.000000e+00 -1.723874e+01
      vertex   -6.120888e+00 1.000000e+00 -1.723874e+01
    endloop
  endfacet
  facet normal -8.643709e-01 0.000000e+00 5.028548e-01
    outer loop
      vertex   -6.120888e+00 1.000000e+00 -1.723874e+01
      vertex   -6.120888e+00 2.000000e+00 -1.723874e+01
      vertex   -6.185966e+00 2.000000e+00 -1.735060e+01
    endloop
  endfacet
  facet normal -8.643709e-01 1.453112e-18 5.028548e-01
    outer loop
      vertex   -6.120888e+00 1.000000e+00 -1.723874e+01
      vertex   -6.185966e+00 2.000000e+00 -1.735060e+01
      vertex   -6.185966e+00 1.000000e+00 -1.735060e+01
    endloop
  endfacet
  facet normal -7.173638e-01 0.000000e+00 6.966988e-01
    outer loop
      vertex   -6.185966e+00 2.000000e+00 -1.735060e+01
      vertex   -6.273138e+00 2.000000e+00 -1.744036e+01
      vertex   -6.185966e+00 1.000000e+00 -1.735060e+01
    endloop
  endfacet
  facet normal -7.173638e-01 1.865761e-18 6.966988e-01
    outer loop
      vertex   -6.185966e+00 1.000000e+00 -1.735060e+01
      vertex   -6.273138e+00 2.000000e+00 -1.744036e+01
      vertex   -6.273138e+00 1.000000e+00 -1.744036e+01
    endloop
  endfacet
  facet normal -6.166598e-01 0.000000e+00 7.872297e-01
    outer loop
      vertex   -6.273138e+00 1.000000e+00 -1.744036e+01
      vertex   -6.273138e+00 2.000000e+00 -1.744036e+01
      vertex   -6.369335e+00 2.000000e+00 -1.751571e+01
    endloop
  endfacet
  facet normal -6.166598e-01 1.586452e-18 7.872297e-01
    outer loop
      vertex   -6.273138e+00 1.000000e+00 -1.744036e+01
      vertex   -6.369335e+00 2.000000e+00 -1.751571e+01
      vertex   -6.369335e+00 1.000000e+00 -1.751571e+01
    endloop
  endfacet
  facet normal -4.257569e-01 0.000000e+00 9.048376e-01
    outer loop
      vertex   -6.369335e+00 1.000000e+00 -1.751571e+01
      vertex   -6.369335e+00 2.000000e+00 -1.751571e+01
      vertex   -6.480092e+00 2.000000e+00 -1.756783e+01
    endloop
  endfacet
  facet normal -4.257569e-01 3.815986e-19 9.048376e-01
    outer loop
      vertex   -6.369335e+00 1.000000e+00 -1.751571e+01
      vertex   -6.480092e+00 2.000000e+00 -1.756783e+01
      vertex   -6.480092e+00 1.000000e+00 -1.756783e+01
    endloop
  endfacet
  facet normal -3.077659e-01 0.000000e+00 9.514621e-01
    outer loop
      vertex   -6.480092e+00 1.000000e+00 -1.756783e+01
      vertex   -6.480092e+00 2.000000e+00 -1.756783e+01
      vertex   -6.599335e+00 2.000000e+00 -1.760640e+01
    endloop
  endfacet
  facet normal -3.077659e-01 -1.519737e-19 9.514621e-01
    outer loop
      vertex   -6.480092e+00 1.000000e+00 -1.756783e+01
      vertex   -6.599335e+00 2.000000e+00 -1.760640e+01
      vertex   -6.599335e+00 1.000000e+00 -1.760640e+01
    endloop
  endfacet
  facet normal -4.756792e-01 -0.000000e+00 -8.796188e-01
    outer loop
      vertex   -6.599335e+00 2.000000e+00 -1.760640e+01
      vertex   -6.509656e+00 2.000000e+00 -1.765490e+01
      vertex   -6.599335e+00 1.000000e+00 -1.760640e+01
    endloop
  endfacet
  facet normal -4.756792e-01 -1.400598e-18 -8.796188e-01
    outer loop
      vertex   -6.599335e+00 1.000000e+00 -1.760640e+01
      vertex   -6.509656e+00 2.000000e+00 -1.765490e+01
      vertex   -6.509656e+00 1.000000e+00 -1.765490e+01
    endloop
  endfacet
  facet normal -5.615390e-01 0.000000e+00 -8.274502e-01
    outer loop
      vertex   -6.509656e+00 1.000000e+00 -1.765490e+01
      vertex   -6.509656e+00 2.000000e+00 -1.765490e+01
      vertex   -6.426550e+00 2.000000e+00 -1.771130e+01
    endloop
  endfacet
  facet normal -5.615390e-01 3.143532e-18 -8.274502e-01
    outer loop
      vertex   -6.509656e+00 1.000000e+00 -1.765490e+01
      vertex   -6.426550e+00 2.000000e+00 -1.771130e+01
      vertex   -6.426550e+00 1.000000e+00 -1.771130e+01
    endloop
  endfacet
  facet normal -6.991646e-01 0.000000e+00 -7.149608e-01
    outer loop
      vertex   -6.426550e+00 1.000000e+00 -1.771130e+01
      vertex   -6.426550e+00 2.000000e+00 -1.771130e+01
      vertex   -6.354852e+00 2.000000e+00 -1.778141e+01
    endloop
  endfacet
  facet normal -6.991646e-01 -2.828102e-20 -7.149608e-01
    outer loop
      vertex   -6.426550e+00 1.000000e+00 -1.771130e+01
      vertex   -6.354852e+00 2.000000e+00 -1.778141e+01
      vertex   -6.354852e+00 1.000000e+00 -1.778141e+01
    endloop
  endfacet
  facet normal -7.734984e-01 0.000000e+00 -6.337983e-01
    outer loop
      vertex   -6.354852e+00 1.000000e+00 -1.778141e+01
      vertex   -6.354852e+00 2.000000e+00 -1.778141e+01
      vertex   -6.290331e+00 2.000000e+00 -1.786015e+01
    endloop
  endfacet
  facet normal -7.734984e-01 4.187412e-18 -6.337983e-01
    outer loop
      vertex   -6.354852e+00 1.000000e+00 -1.778141e+01
      vertex   -6.290331e+00 2.000000e+00 -1.786015e+01
      vertex   -6.290331e+00 1.000000e+00 -1.786015e+01
    endloop
  endfacet
  facet normal -8.828097e-01 -0.000000e+00 -4.697309e-01
    outer loop
      vertex   -6.290331e+00 2.000000e+00 -1.786015e+01
      vertex   -6.246093e+00 2.000000e+00 -1.794329e+01
      vertex   -6.290331e+00 1.000000e+00 -1.786015e+01
    endloop
  endfacet
  facet normal -8.828097e-01 -1.723064e-18 -4.697309e-01
    outer loop
      vertex   -6.290331e+00 1.000000e+00 -1.786015e+01
      vertex   -6.246093e+00 2.000000e+00 -1.794329e+01
      vertex   -6.246093e+00 1.000000e+00 -1.794329e+01
    endloop
  endfacet
  facet normal -9.289538e-01 0.000000e+00 -3.701956e-01
    outer loop
      vertex   -6.246093e+00 1.000000e+00 -1.794329e+01
      vertex   -6.246093e+00 2.000000e+00 -1.794329e+01
      vertex   -6.211790e+00 2.000000e+00 -1.802937e+01
    endloop
  endfacet
  facet normal -9.289538e-01 -1.417896e-18 -3.701956e-01
    outer loop
      vertex   -6.246093e+00 1.000000e+00 -1.794329e+01
      vertex   -6.211790e+00 2.000000e+00 -1.802937e+01
      vertex   -6.211790e+00 1.000000e+00 -1.802937e+01
    endloop
  endfacet
  facet normal -9.813215e-01 0.000000e+00 -1.923750e-01
    outer loop
      vertex   -6.211790e+00 1.000000e+00 -1.802937e+01
      vertex   -6.211790e+00 2.000000e+00 -1.802937e+01
      vertex   -6.193961e+00 2.000000e+00 -1.812032e+01
    endloop
  endfacet
  facet normal -9.813215e-01 4.168177e-19 -1.923750e-01
    outer loop
      vertex   -6.211790e+00 1.000000e+00 -1.802937e+01
      vertex   -6.193961e+00 2.000000e+00 -1.812032e+01
      vertex   -6.193961e+00 1.000000e+00 -1.812032e+01
    endloop
  endfacet
  facet normal -9.963915e-01 0.000000e+00 -8.487572e-02
    outer loop
      vertex   -6.193961e+00 1.000000e+00 -1.812032e+01
      vertex   -6.193961e+00 2.000000e+00 -1.812032e+01
      vertex   -6.185966e+00 2.000000e+00 -1.821418e+01
    endloop
  endfacet
  facet normal -9.963915e-01 1.039490e-19 -8.487572e-02
    outer loop
      vertex   -6.193961e+00 1.000000e+00 -1.812032e+01
      vertex   -6.185966e+00 2.000000e+00 -1.821418e+01
      vertex   -6.185966e+00 1.000000e+00 -1.821418e+01
    endloop
  endfacet
  facet normal -9.961453e-01 0.000000e+00 8.771861e-02
    outer loop
      vertex   -6.185966e+00 2.000000e+00 -1.821418e+01
      vertex   -6.194947e+00 2.000000e+00 -1.831617e+01
      vertex   -6.185966e+00 1.000000e+00 -1.821418e+01
    endloop
  endfacet
  facet normal -9.961453e-01 6.319498e-20 8.771861e-02
    outer loop
      vertex   -6.185966e+00 1.000000e+00 -1.821418e+01
      vertex   -6.194947e+00 2.000000e+00 -1.831617e+01
      vertex   -6.194947e+00 1.000000e+00 -1.831617e+01
    endloop
  endfacet
  facet normal -9.816790e-01 0.000000e+00 1.905422e-01
    outer loop
      vertex   -6.194947e+00 1.000000e+00 -1.831617e+01
      vertex   -6.194947e+00 2.000000e+00 -1.831617e+01
      vertex   -6.214177e+00 2.000000e+00 -1.841524e+01
    endloop
  endfacet
  facet normal -9.816790e-01 -9.399468e-20 1.905422e-01
    outer loop
      vertex   -6.194947e+00 1.000000e+00 -1.831617e+01
      vertex   -6.214177e+00 2.000000e+00 -1.841524e+01
      vertex   -6.214177e+00 1.000000e+00 -1.841524e+01
    endloop
  endfacet
  facet normal -9.337780e-01 0.000000e+00 3.578529e-01
    outer loop
      vertex   -6.214177e+00 1.000000e+00 -1.841524e+01
      vertex   -6.214177e+00 2.000000e+00 -1.841524e+01
      vertex   -6.250307e+00 2.000000e+00 -1.850952e+01
    endloop
  endfacet
  facet normal -9.337780e-01 -7.345674e-19 3.578529e-01
    outer loop
      vertex   -6.214177e+00 1.000000e+00 -1.841524e+01
      vertex   -6.250307e+00 2.000000e+00 -1.850952e+01
      vertex   -6.250307e+00 1.000000e+00 -1.850952e+01
    endloop
  endfacet
  facet normal -8.926581e-01 0.000000e+00 4.507344e-01
    outer loop
      vertex   -6.250307e+00 1.000000e+00 -1.850952e+01
      vertex   -6.250307e+00 2.000000e+00 -1.850952e+01
      vertex   -6.296470e+00 2.000000e+00 -1.860094e+01
    endloop
  endfacet
  facet normal -8.926581e-01 2.090736e-18 4.507344e-01
    outer loop
      vertex   -6.250307e+00 1.000000e+00 -1.850952e+01
      vertex   -6.296470e+00 2.000000e+00 -1.860094e+01
      vertex   -6.296470e+00 1.000000e+00 -1.860094e+01
    endloop
  endfacet
  facet normal -8.053241e-01 0.000000e+00 5.928348e-01
    outer loop
      vertex   -6.296470e+00 2.000000e+00 -1.860094e+01
      vertex   -6.360812e+00 2.000000e+00 -1.868835e+01
      vertex   -6.296470e+00 1.000000e+00 -1.860094e+01
    endloop
  endfacet
  facet normal -8.053241e-01 1.205627e-18 5.928348e-01
    outer loop
      vertex   -6.296470e+00 1.000000e+00 -1.860094e+01
      vertex   -6.360812e+00 2.000000e+00 -1.868835e+01
      vertex   -6.360812e+00 1.000000e+00 -1.868835e+01
    endloop
  endfacet
  facet normal -7.359114e-01 0.000000e+00 6.770779e-01
    outer loop
      vertex   -6.360812e+00 1.000000e+00 -1.868835e+01
      vertex   -6.360812e+00 2.000000e+00 -1.868835e+01
      vertex   -6.433170e+00 2.000000e+00 -1.876699e+01
    endloop
  endfacet
  facet normal -7.359114e-01 9.619575e-19 6.770779e-01
    outer loop
      vertex   -6.360812e+00 1.000000e+00 -1.868835e+01
      vertex   -6.433170e+00 2.000000e+00 -1.876699e+01
      vertex   -6.433170e+00 1.000000e+00 -1.876699e+01
    endloop
  endfacet
  facet normal -6.021128e-01 0.000000e+00 7.984110e-01
    outer loop
      vertex   -6.433170e+00 1.000000e+00 -1.876699e+01
      vertex   -6.433170e+00 2.000000e+00 -1.876699e+01
      vertex   -6.518567e+00 2.000000e+00 -1.883139e+01
    endloop
  endfacet
  facet normal -6.021128e-01 -1.428408e-18 7.984110e-01
    outer loop
      vertex   -6.433170e+00 1.000000e+00 -1.876699e+01
      vertex   -6.518567e+00 2.000000e+00 -1.883139e+01
      vertex   -6.518567e+00 1.000000e+00 -1.883139e+01
    endloop
  endfacet
  facet normal -5.159548e-01 0.000000e+00 8.566158e-01
    outer loop
      vertex   -6.518567e+00 1.000000e+00 -1.883139e+01
      vertex   -6.518567e+00 2.000000e+00 -1.883139e+01
      vertex   -6.611614e+00 2.000000e+00 -1.888744e+01
    endloop
  endfacet
  facet normal -5.159548e-01 -2.890481e-18 8.566158e-01
    outer loop
      vertex   -6.518567e+00 1.000000e+00 -1.883139e+01
      vertex   -6.611614e+00 2.000000e+00 -1.888744e+01
      vertex   -6.611614e+00 1.000000e+00 -1.888744e+01
    endloop
  endfacet
  facet normal -3.864162e-01 0.000000e+00 9.223245e-01
    outer loop
      vertex   -6.611614e+00 2.000000e+00 -1.888744e+01
      vertex   -6.720197e+00 2.000000e+00 -1.893293e+01
      vertex   -6.611614e+00 1.000000e+00 -1.888744e+01
    endloop
  endfacet
  facet normal -3.864162e-01 -2.523863e-18 9.223245e-01
    outer loop
      vertex   -6.611614e+00 1.000000e+00 -1.888744e+01
      vertex   -6.720197e+00 2.000000e+00 -1.893293e+01
      vertex   -6.720197e+00 1.000000e+00 -1.893293e+01
    endloop
  endfacet
  facet normal -3.012155e-01 0.000000e+00 9.535561e-01
    outer loop
      vertex   -6.720197e+00 1.000000e+00 -1.893293e+01
      vertex   -6.720197e+00 2.000000e+00 -1.893293e+01
      vertex   -6.831250e+00 2.000000e+00 -1.896801e+01
    endloop
  endfacet
  facet normal -3.012155e-01 1.355501e-18 9.535561e-01
    outer loop
      vertex   -6.720197e+00 1.000000e+00 -1.893293e+01
      vertex   -6.831250e+00 2.000000e+00 -1.896801e+01
      vertex   -6.831250e+00 1.000000e+00 -1.896801e+01
    endloop
  endfacet
  facet normal -1.543238e-01 0.000000e+00 9.880203e-01
    outer loop
      vertex   -6.831250e+00 1.000000e+00 -1.896801e+01
      vertex   -6.831250e+00 2.000000e+00 -1.896801e+01
      vertex   -6.946358e+00 2.000000e+00 -1.898599e+01
    endloop
  endfacet
  facet normal -1.543238e-01 -1.856987e-18 9.880203e-01
    outer loop
      vertex   -6.831250e+00 1.000000e+00 -1.896801e+01
      vertex   -6.946358e+00 2.000000e+00 -1.898599e+01
      vertex   -6.946358e+00 1.000000e+00 -1.898599e+01
    endloop
  endfacet
  facet normal -6.674454e-02 0.000000e+00 9.977701e-01
    outer loop
      vertex   -6.946358e+00 1.000000e+00 -1.898599e+01
      vertex   -6.946358e+00 2.000000e+00 -1.898599e+01
      vertex   -7.063865e+00 2.000000e+00 -1.899385e+01
    endloop
  endfacet
  facet normal -6.674454e-02 1.642378e-19 9.977701e-01
    outer loop
      vertex   -6.946358e+00 1.000000e+00 -1.898599e+01
      vertex   -7.063865e+00 2.000000e+00 -1.899385e+01
      vertex   -7.063865e+00 1.000000e+00 -1.899385e+01
    endloop
  endfacet
  facet normal 8.568835e-02 0.000000e+00 9.963220e-01
    outer loop
      vertex   -7.063865e+00 2.000000e+00 -1.899385e+01
      vertex   -7.225792e+00 2.000000e+00 -1.897992e+01
      vertex   -7.063865e+00 1.000000e+00 -1.899385e+01
    endloop
  endfacet
  facet normal 8.568835e-02 -1.181432e-18 9.963220e-01
    outer loop
      vertex   -7.063865e+00 1.000000e+00 -1.899385e+01
      vertex   -7.225792e+00 2.000000e+00 -1.897992e+01
      vertex   -7.225792e+00 1.000000e+00 -1.897992e+01
    endloop
  endfacet
  facet normal 2.128398e-01 -0.000000e+00 9.770871e-01
    outer loop
      vertex   -7.225792e+00 1.000000e+00 -1.897992e+01
      vertex   -7.225792e+00 2.000000e+00 -1.897992e+01
      vertex   -7.380767e+00 2.000000e+00 -1.894616e+01
    endloop
  endfacet
  facet normal 2.128398e-01 8.734055e-19 9.770871e-01
    outer loop
      vertex   -7.225792e+00 1.000000e+00 -1.897992e+01
      vertex   -7.380767e+00 2.000000e+00 -1.894616e+01
      vertex   -7.380767e+00 1.000000e+00 -1.894616e+01
    endloop
  endfacet
  facet normal 4.287422e-01 -0.000000e+00 9.034269e-01
    outer loop
      vertex   -7.380767e+00 1.000000e+00 -1.894616e+01
      vertex   -7.380767e+00 2.000000e+00 -1.894616e+01
      vertex   -7.523783e+00 2.000000e+00 -1.887829e+01
    endloop
  endfacet
  facet normal 4.287422e-01 -4.483863e-18 9.034269e-01
    outer loop
      vertex   -7.380767e+00 1.000000e+00 -1.894616e+01
      vertex   -7.523783e+00 2.000000e+00 -1.887829e+01
      vertex   -7.523783e+00 1.000000e+00 -1.887829e+01
    endloop
  endfacet
  facet normal 5.491220e-01 -0.000000e+00 8.357422e-01
    outer loop
      vertex   -7.523783e+00 1.000000e+00 -1.887829e+01
      vertex   -7.523783e+00 2.000000e+00 -1.887829e+01
      vertex   -7.659363e+00 2.000000e+00 -1.878921e+01
    endloop
  endfacet
  facet normal 5.491220e-01 -3.777072e-18 8.357422e-01
    outer loop
      vertex   -7.523783e+00 1.000000e+00 -1.887829e+01
      vertex   -7.659363e+00 2.000000e+00 -1.878921e+01
      vertex   -7.659363e+00 1.000000e+00 -1.878921e+01
    endloop
  endfacet
  facet normal 7.415913e-01 0.000000e+00 6.708520e-01
    outer loop
      vertex   -7.659363e+00 2.000000e+00 -1.878921e+01
      vertex   -7.771449e+00 2.000000e+00 -1.866530e+01
      vertex   -7.659363e+00 1.000000e+00 -1.878921e+01
    endloop
  endfacet
  facet normal 7.415913e-01 2.755236e-18 6.708520e-01
    outer loop
      vertex   -7.659363e+00 1.000000e+00 -1.878921e+01
      vertex   -7.771449e+00 2.000000e+00 -1.866530e+01
      vertex   -7.771449e+00 1.000000e+00 -1.866530e+01
    endloop
  endfacet
  facet normal 8.258825e-01 -0.000000e+00 5.638422e-01
    outer loop
      vertex   -7.771449e+00 1.000000e+00 -1.866530e+01
      vertex   -7.771449e+00 2.000000e+00 -1.866530e+01
      vertex   -7.863519e+00 2.000000e+00 -1.853045e+01
    endloop
  endfacet
  facet normal 8.258825e-01 -7.898660e-19 5.638422e-01
    outer loop
      vertex   -7.771449e+00 1.000000e+00 -1.866530e+01
      vertex   -7.863519e+00 2.000000e+00 -1.853045e+01
      vertex   -7.863519e+00 1.000000e+00 -1.853045e+01
    endloop
  endfacet
  facet normal 9.293133e-01 -0.000000e+00 3.692922e-01
    outer loop
      vertex   -7.863519e+00 1.000000e+00 -1.853045e+01
      vertex   -7.863519e+00 2.000000e+00 -1.853045e+01
      vertex   -7.923982e+00 2.000000e+00 -1.837829e+01
    endloop
  endfacet
  facet normal 9.293133e-01 -2.123281e-18 3.692922e-01
    outer loop
      vertex   -7.863519e+00 1.000000e+00 -1.853045e+01
      vertex   -7.923982e+00 2.000000e+00 -1.837829e+01
      vertex   -7.923982e+00 1.000000e+00 -1.837829e+01
    endloop
  endfacet
  facet normal 9.675312e-01 -0.000000e+00 2.527515e-01
    outer loop
      vertex   -7.923982e+00 1.000000e+00 -1.837829e+01
      vertex   -7.923982e+00 2.000000e+00 -1.837829e+01
      vertex   -7.966320e+00 2.000000e+00 -1.821622e+01
    endloop
  endfacet
  facet normal 9.675312e-01 -8.271607e-19 2.527515e-01
    outer loop
      vertex   -7.923982e+00 1.000000e+00 -1.837829e+01
      vertex   -7.966320e+00 2.000000e+00 -1.821622e+01
      vertex   -7.966320e+00 1.000000e+00 -1.821622e+01
    endloop
  endfacet
  facet normal 1.750334e-01 0.000000e+00 -9.845625e-01
    outer loop
      vertex   -7.966320e+00 2.000000e+00 -1.821622e+01
      vertex   -7.597971e+00 2.000000e+00 -1.815074e+01
      vertex   -7.966320e+00 1.000000e+00 -1.821622e+01
    endloop
  endfacet
  facet normal 1.750334e-01 0.000000e+00 -9.845625e-01
    outer loop
      vertex   -7.966320e+00 1.000000e+00 -1.821622e+01
      vertex   -7.597971e+00 2.000000e+00 -1.815074e+01
      vertex   -7.597971e+00 1.000000e+00 -1.815074e+01
    endloop
  endfacet
  facet normal -9.791001e-01 -0.000000e+00 -2.033788e-01
    outer loop
      vertex   -7.597971e+00 2.000000e+00 -1.815074e+01
      vertex   -7.574695e+00 2.000000e+00 -1.826279e+01
      vertex   -7.597971e+00 1.000000e+00 -1.815074e+01
    endloop
  endfacet
  facet normal -9.791001e-01 -1.165533e-18 -2.033788e-01
    outer loop
      vertex   -7.597971e+00 1.000000e+00 -1.815074e+01
      vertex   -7.574695e+00 2.000000e+00 -1.826279e+01
      vertex   -7.574695e+00 1.000000e+00 -1.826279e+01
    endloop
  endfacet
  facet normal -9.500925e-01 0.000000e+00 -3.119684e-01
    outer loop
      vertex   -7.574695e+00 1.000000e+00 -1.826279e+01
      vertex   -7.574695e+00 2.000000e+00 -1.826279e+01
      vertex   -7.539716e+00 2.000000e+00 -1.836932e+01
    endloop
  endfacet
  facet normal -9.500925e-01 -9.141710e-19 -3.119684e-01
    outer loop
      vertex   -7.574695e+00 1.000000e+00 -1.826279e+01
      vertex   -7.539716e+00 2.000000e+00 -1.836932e+01
      vertex   -7.539716e+00 1.000000e+00 -1.836932e+01
    endloop
  endfacet
  facet normal -8.651659e-01 0.000000e+00 -5.014858e-01
    outer loop
      vertex   -7.539716e+00 1.000000e+00 -1.836932e+01
      vertex   -7.539716e+00 2.000000e+00 -1.836932e+01
      vertex   -7.483726e+00 2.000000e+00 -1.846592e+01
    endloop
  endfacet
  facet normal -8.651659e-01 -1.566319e-18 -5.014858e-01
    outer loop
      vertex   -7.539716e+00 1.000000e+00 -1.836932e+01
      vertex   -7.483726e+00 2.000000e+00 -1.846592e+01
      vertex   -7.483726e+00 1.000000e+00 -1.846592e+01
    endloop
  endfacet
  facet normal -7.896765e-01 0.000000e+00 -6.135234e-01
    outer loop
      vertex   -7.483726e+00 1.000000e+00 -1.846592e+01
      vertex   -7.483726e+00 2.000000e+00 -1.846592e+01
      vertex   -7.413796e+00 2.000000e+00 -1.855592e+01
    endloop
  endfacet
  facet normal -7.896765e-01 3.417432e-19 -6.135234e-01
    outer loop
      vertex   -7.483726e+00 1.000000e+00 -1.846592e+01
      vertex   -7.413796e+00 2.000000e+00 -1.855592e+01
      vertex   -7.413796e+00 1.000000e+00 -1.855592e+01
    endloop
  endfacet
  facet normal -5.881347e-01 -0.000000e+00 -8.087630e-01
    outer loop
      vertex   -7.413796e+00 2.000000e+00 -1.855592e+01
      vertex   -7.333649e+00 2.000000e+00 -1.861421e+01
      vertex   -7.413796e+00 1.000000e+00 -1.855592e+01
    endloop
  endfacet
  facet normal -5.881347e-01 7.638896e-19 -8.087630e-01
    outer loop
      vertex   -7.413796e+00 1.000000e+00 -1.855592e+01
      vertex   -7.333649e+00 2.000000e+00 -1.861421e+01
      vertex   -7.333649e+00 1.000000e+00 -1.861421e+01
    endloop
  endfacet
  facet normal -4.636424e-01 0.000000e+00 -8.860224e-01
    outer loop
      vertex   -7.333649e+00 1.000000e+00 -1.861421e+01
      vertex   -7.333649e+00 2.000000e+00 -1.861421e+01
      vertex   -7.248291e+00 2.000000e+00 -1.865887e+01
    endloop
  endfacet
  facet normal -4.636424e-01 2.939053e-19 -8.860224e-01
    outer loop
      vertex   -7.333649e+00 1.000000e+00 -1.861421e+01
      vertex   -7.248291e+00 2.000000e+00 -1.865887e+01
      vertex   -7.248291e+00 1.000000e+00 -1.865887e+01
    endloop
  endfacet
  facet normal -2.335998e-01 0.000000e+00 -9.723328e-01
    outer loop
      vertex   -7.248291e+00 1.000000e+00 -1.865887e+01
      vertex   -7.248291e+00 2.000000e+00 -1.865887e+01
      vertex   -7.154467e+00 2.000000e+00 -1.868141e+01
    endloop
  endfacet
  facet normal -2.335998e-01 -1.918004e-18 -9.723328e-01
    outer loop
      vertex   -7.248291e+00 1.000000e+00 -1.865887e+01
      vertex   -7.154467e+00 2.000000e+00 -1.868141e+01
      vertex   -7.154467e+00 1.000000e+00 -1.868141e+01
    endloop
  endfacet
  facet normal -9.642884e-02 0.000000e+00 -9.953399e-01
    outer loop
      vertex   -7.154467e+00 1.000000e+00 -1.868141e+01
      vertex   -7.154467e+00 2.000000e+00 -1.868141e+01
      vertex   -7.055679e+00 2.000000e+00 -1.869098e+01
    endloop
  endfacet
  facet normal -9.642884e-02 -4.666587e-19 -9.953399e-01
    outer loop
      vertex   -7.154467e+00 1.000000e+00 -1.868141e+01
      vertex   -7.055679e+00 2.000000e+00 -1.869098e+01
      vertex   -7.055679e+00 1.000000e+00 -1.869098e+01
    endloop
  endfacet
  facet normal 9.139900e-02 0.000000e+00 -9.958144e-01
    outer loop
      vertex   -7.055679e+00 2.000000e+00 -1.869098e+01
      vertex   -6.957853e+00 2.000000e+00 -1.868201e+01
      vertex   -7.055679e+00 1.000000e+00 -1.869098e+01
    endloop
  endfacet
  facet normal 9.139900e-02 -4.179128e-20 -9.958144e-01
    outer loop
      vertex   -7.055679e+00 1.000000e+00 -1.869098e+01
      vertex   -6.957853e+00 2.000000e+00 -1.868201e+01
      vertex   -6.957853e+00 1.000000e+00 -1.868201e+01
    endloop
  endfacet
  facet normal 2.294475e-01 0.000000e+00 -9.733210e-01
    outer loop
      vertex   -6.957853e+00 1.000000e+00 -1.868201e+01
      vertex   -6.957853e+00 2.000000e+00 -1.868201e+01
      vertex   -6.864985e+00 2.000000e+00 -1.866011e+01
    endloop
  endfacet
  facet normal 2.294475e-01 -2.041243e-18 -9.733210e-01
    outer loop
      vertex   -6.957853e+00 1.000000e+00 -1.868201e+01
      vertex   -6.864985e+00 2.000000e+00 -1.866011e+01
      vertex   -6.864985e+00 1.000000e+00 -1.866011e+01
    endloop
  endfacet
  facet normal 4.637595e-01 0.000000e+00 -8.859611e-01
    outer loop
      vertex   -6.864985e+00 1.000000e+00 -1.866011e+01
      vertex   -6.864985e+00 2.000000e+00 -1.866011e+01
      vertex   -6.780659e+00 2.000000e+00 -1.861597e+01
    endloop
  endfacet
  facet normal 4.637595e-01 4.899877e-19 -8.859611e-01
    outer loop
      vertex   -6.864985e+00 1.000000e+00 -1.866011e+01
      vertex   -6.780659e+00 2.000000e+00 -1.861597e+01
      vertex   -6.780659e+00 1.000000e+00 -1.861597e+01
    endloop
  endfacet
  facet normal 5.918036e-01 0.000000e+00 -8.060822e-01
    outer loop
      vertex   -6.780659e+00 1.000000e+00 -1.861597e+01
      vertex   -6.780659e+00 2.000000e+00 -1.861597e+01
      vertex   -6.701655e+00 2.000000e+00 -1.855797e+01
    endloop
  endfacet
  facet normal 5.918036e-01 4.040147e-18 -8.060822e-01
    outer loop
      vertex   -6.780659e+00 1.000000e+00 -1.861597e+01
      vertex   -6.701655e+00 2.000000e+00 -1.855797e+01
      vertex   -6.701655e+00 1.000000e+00 -1.855797e+01
    endloop
  endfacet
  facet normal 7.824506e-01 0.000000e+00 -6.227127e-01
    outer loop
      vertex   -6.701655e+00 2.000000e+00 -1.855797e+01
      vertex   -6.642915e+00 2.000000e+00 -1.848416e+01
      vertex   -6.701655e+00 1.000000e+00 -1.855797e+01
    endloop
  endfacet
  facet normal 7.824506e-01 -2.046244e-18 -6.227127e-01
    outer loop
      vertex   -6.701655e+00 1.000000e+00 -1.855797e+01
      vertex   -6.642915e+00 2.000000e+00 -1.848416e+01
      vertex   -6.642915e+00 1.000000e+00 -1.848416e+01
    endloop
  endfacet
  facet normal 8.688475e-01 0.000000e+00 -4.950798e-01
    outer loop
      vertex   -6.642915e+00 1.000000e+00 -1.848416e+01
      vertex   -6.642915e+00 2.000000e+00 -1.848416e+01
      vertex   -6.597682e+00 2.000000e+00 -1.840478e+01
    endloop
  endfacet
  facet normal 8.688475e-01 -9.021531e-19 -4.950798e-01
    outer loop
      vertex   -6.642915e+00 1.000000e+00 -1.848416e+01
      vertex   -6.597682e+00 2.000000e+00 -1.840478e+01
      vertex   -6.597682e+00 1.000000e+00 -1.840478e+01
    endloop
  endfacet
  facet normal 9.675881e-01 0.000000e+00 -2.525338e-01
    outer loop
      vertex   -6.597682e+00 1.000000e+00 -1.840478e+01
      vertex   -6.597682e+00 2.000000e+00 -1.840478e+01
      vertex   -6.574581e+00 2.000000e+00 -1.831627e+01
    endloop
  endfacet
  facet normal 9.675881e-01 2.167152e-18 -2.525338e-01
    outer loop
      vertex   -6.597682e+00 1.000000e+00 -1.840478e+01
      vertex   -6.574581e+00 2.000000e+00 -1.831627e+01
      vertex   -6.574581e+00 1.000000e+00 -1.831627e+01
    endloop
  endfacet
  facet normal 9.943393e-01 0.000000e+00 -1.062510e-01
    outer loop
      vertex   -6.574581e+00 1.000000e+00 -1.831627e+01
      vertex   -6.574581e+00 2.000000e+00 -1.831627e+01
      vertex   -6.564547e+00 2.000000e+00 -1.822236e+01
    endloop
  endfacet
  facet normal 9.943393e-01 -3.526757e-19 -1.062510e-01
    outer loop
      vertex   -6.574581e+00 1.000000e+00 -1.831627e+01
      vertex   -6.564547e+00 2.000000e+00 -1.822236e+01
      vertex   -6.564547e+00 1.000000e+00 -1.822236e+01
    endloop
  endfacet
  facet normal 9.938464e-01 0.000000e+00 1.107668e-01
    outer loop
      vertex   -6.564547e+00 2.000000e+00 -1.822236e+01
      vertex   -6.577061e+00 2.000000e+00 -1.811008e+01
      vertex   -6.564547e+00 1.000000e+00 -1.822236e+01
    endloop
  endfacet
  facet normal 9.938464e-01 -2.290947e-19 1.107668e-01
    outer loop
      vertex   -6.564547e+00 1.000000e+00 -1.822236e+01
      vertex   -6.577061e+00 2.000000e+00 -1.811008e+01
      vertex   -6.577061e+00 1.000000e+00 -1.811008e+01
    endloop
  endfacet
  facet normal 9.755539e-01 -0.000000e+00 2.197605e-01
    outer loop
      vertex   -6.577061e+00 1.000000e+00 -1.811008e+01
      vertex   -6.577061e+00 2.000000e+00 -1.811008e+01
      vertex   -6.589049e+00 2.000000e+00 -1.805686e+01
    endloop
  endfacet
  facet normal 9.755539e-01 -1.354283e-19 2.197605e-01
    outer loop
      vertex   -6.577061e+00 1.000000e+00 -1.811008e+01
      vertex   -6.589049e+00 2.000000e+00 -1.805686e+01
      vertex   -6.589049e+00 1.000000e+00 -1.805686e+01
    endloop
  endfacet
  facet normal 9.349299e-01 -0.000000e+00 3.548325e-01
    outer loop
      vertex   -6.589049e+00 1.000000e+00 -1.805686e+01
      vertex   -6.589049e+00 2.000000e+00 -1.805686e+01
      vertex   -6.607914e+00 2.000000e+00 -1.800716e+01
    endloop
  endfacet
  facet normal 9.349299e-01 7.865260e-19 3.548325e-01
    outer loop
      vertex   -6.589049e+00 1.000000e+00 -1.805686e+01
      vertex   -6.607914e+00 2.000000e+00 -1.800716e+01
      vertex   -6.607914e+00 1.000000e+00 -1.800716e+01
    endloop
  endfacet
  facet normal 8.542011e-01 -0.000000e+00 5.199428e-01
    outer loop
      vertex   -6.607914e+00 1.000000e+00 -1.800716e+01
      vertex   -6.607914e+00 2.000000e+00 -1.800716e+01
      vertex   -6.635469e+00 2.000000e+00 -1.796189e+01
    endloop
  endfacet
  facet normal 8.542011e-01 -7.527256e-19 5.199428e-01
    outer loop
      vertex   -6.607914e+00 1.000000e+00 -1.800716e+01
      vertex   -6.635469e+00 2.000000e+00 -1.796189e+01
      vertex   -6.635469e+00 1.000000e+00 -1.796189e+01
    endloop
  endfacet
  facet normal 7.643880e-01 -0.000000e+00 6.447565e-01
    outer loop
      vertex   -6.635469e+00 1.000000e+00 -1.796189e+01
      vertex   -6.635469e+00 2.000000e+00 -1.796189e+01
      vertex   -6.670454e+00 2.000000e+00 -1.792041e+01
    endloop
  endfacet
  facet normal 7.643880e-01 -1.651495e-18 6.447565e-01
    outer loop
      vertex   -6.635469e+00 1.000000e+00 -1.796189e+01
      vertex   -6.670454e+00 2.000000e+00 -1.792041e+01
      vertex   -6.670454e+00 1.000000e+00 -1.792041e+01
    endloop
  endfacet
  facet normal 6.811804e-01 -0.000000e+00 7.321156e-01
    outer loop
      vertex   -6.670454e+00 1.000000e+00 -1.792041e+01
      vertex   -6.670454e+00 2.000000e+00 -1.792041e+01
      vertex   -6.752814e+00 2.000000e+00 -1.784378e+01
    endloop
  endfacet
  facet normal 6.811804e-01 -2.422820e-18 7.321156e-01
    outer loop
      vertex   -6.670454e+00 1.000000e+00 -1.792041e+01
      vertex   -6.752814e+00 2.000000e+00 -1.784378e+01
      vertex   -6.752814e+00 1.000000e+00 -1.784378e+01
    endloop
  endfacet
  facet normal 4.656444e-01 0.000000e+00 8.849719e-01
    outer loop
      vertex   -6.752814e+00 2.000000e+00 -1.784378e+01
      vertex   -6.852384e+00 2.000000e+00 -1.779139e+01
      vertex   -6.752814e+00 1.000000e+00 -1.784378e+01
    endloop
  endfacet
  facet normal 4.656444e-01 2.168470e-18 8.849719e-01
    outer loop
      vertex   -6.752814e+00 1.000000e+00 -1.784378e+01
      vertex   -6.852384e+00 2.000000e+00 -1.779139e+01
      vertex   -6.852384e+00 1.000000e+00 -1.779139e+01
    endloop
  endfacet
  facet normal 3.653763e-01 -0.000000e+00 9.308599e-01
    outer loop
      vertex   -6.852384e+00 1.000000e+00 -1.779139e+01
      vertex   -6.852384e+00 2.000000e+00 -1.779139e+01
      vertex   -6.955437e+00 2.000000e+00 -1.775094e+01
    endloop
  endfacet
  facet normal 3.653763e-01 -2.032050e-18 9.308599e-01
    outer loop
      vertex   -6.852384e+00 1.000000e+00 -1.779139e+01
      vertex   -6.955437e+00 2.000000e+00 -1.775094e+01
      vertex   -6.955437e+00 1.000000e+00 -1.775094e+01
    endloop
  endfacet
  facet normal 1.877699e-01 -0.000000e+00 9.822130e-01
    outer loop
      vertex   -6.955437e+00 1.000000e+00 -1.775094e+01
      vertex   -6.955437e+00 2.000000e+00 -1.775094e+01
      vertex   -7.064226e+00 2.000000e+00 -1.773014e+01
    endloop
  endfacet
  facet normal 1.877699e-01 1.312861e-18 9.822130e-01
    outer loop
      vertex   -6.955437e+00 1.000000e+00 -1.775094e+01
      vertex   -7.064226e+00 2.000000e+00 -1.773014e+01
      vertex   -7.064226e+00 1.000000e+00 -1.773014e+01
    endloop
  endfacet
  facet normal 8.124907e-02 -0.000000e+00 9.966938e-01
    outer loop
      vertex   -7.064226e+00 1.000000e+00 -1.773014e+01
      vertex   -7.064226e+00 2.000000e+00 -1.773014e+01
      vertex   -7.176416e+00 2.000000e+00 -1.772100e+01
    endloop
  endfacet
  facet normal 8.124907e-02 6.905016e-19 9.966938e-01
    outer loop
      vertex   -7.064226e+00 1.000000e+00 -1.773014e+01
      vertex   -7.176416e+00 2.000000e+00 -1.772100e+01
      vertex   -7.176416e+00 1.000000e+00 -1.772100e+01
    endloop
  endfacet
  facet normal -3.136763e-02 0.000000e+00 9.995079e-01
    outer loop
      vertex   -7.176416e+00 2.000000e+00 -1.772100e+01
      vertex   -7.191289e+00 2.000000e+00 -1.772146e+01
      vertex   -7.176416e+00 1.000000e+00 -1.772100e+01
    endloop
  endfacet
  facet normal -3.136763e-02 1.093798e-20 9.995079e-01
    outer loop
      vertex   -7.176416e+00 1.000000e+00 -1.772100e+01
      vertex   -7.191289e+00 2.000000e+00 -1.772146e+01
      vertex   -7.191289e+00 1.000000e+00 -1.772146e+01
    endloop
  endfacet
  facet normal -5.382186e-02 0.000000e+00 9.985506e-01
    outer loop
      vertex   -7.191289e+00 1.000000e+00 -1.772146e+01
      vertex   -7.191289e+00 2.000000e+00 -1.772146e+01
      vertex   -7.206140e+00 2.000000e+00 -1.772226e+01
    endloop
  endfacet
  facet normal -5.382186e-02 -2.952595e-21 9.985506e-01
    outer loop
      vertex   -7.191289e+00 1.000000e+00 -1.772146e+01
      vertex   -7.206140e+00 2.000000e+00 -1.772226e+01
      vertex   -7.206140e+00 1.000000e+00 -1.772226e+01
    endloop
  endfacet
  facet normal -8.616861e-02 0.000000e+00 9.962806e-01
    outer loop
      vertex   -7.206140e+00 1.000000e+00 -1.772226e+01
      vertex   -7.206140e+00 2.000000e+00 -1.772226e+01
      vertex   -7.220959e+00 2.000000e+00 -1.772355e+01
    endloop
  endfacet
  facet normal -8.616861e-02 -1.095257e-19 9.962806e-01
    outer loop
      vertex   -7.206140e+00 1.000000e+00 -1.772226e+01
      vertex   -7.220959e+00 2.000000e+00 -1.772355e+01
      vertex   -7.220959e+00 1.000000e+00 -1.772355e+01
    endloop
  endfacet
  facet normal -1.037330e-01 0.000000e+00 9.946052e-01
    outer loop
      vertex   -7.220959e+00 1.000000e+00 -1.772355e+01
      vertex   -7.220959e+00 2.000000e+00 -1.772355e+01
      vertex   -7.235761e+00 2.000000e+00 -1.772509e+01
    endloop
  endfacet
  facet normal -1.037330e-01 -5.125712e-20 9.946052e-01
    outer loop
      vertex   -7.220959e+00 1.000000e+00 -1.772355e+01
      vertex   -7.235761e+00 2.000000e+00 -1.772509e+01
      vertex   -7.235761e+00 1.000000e+00 -1.772509e+01
    endloop
  endfacet
  facet normal 9.920835e-01 0.000000e+00 1.255797e-01
    outer loop
      vertex   -7.235761e+00 2.000000e+00 -1.772509e+01
      vertex   -7.276689e+00 2.000000e+00 -1.740176e+01
      vertex   -7.235761e+00 1.000000e+00 -1.772509e+01
    endloop
  endfacet
  facet normal 9.920835e-01 0.000000e+00 1.255797e-01
    outer loop
      vertex   -7.235761e+00 1.000000e+00 -1.772509e+01
      vertex   -7.276689e+00 2.000000e+00 -1.740176e+01
      vertex   -7.276689e+00 1.000000e+00 -1.740176e+01
    endloop
  endfacet
  facet normal -2.369288e-01 -0.000000e+00 -9.715270e-01
    outer loop
      vertex   -7.276689e+00 2.000000e+00 -1.740176e+01
      vertex   -7.212531e+00 2.000000e+00 -1.741741e+01
      vertex   -7.276689e+00 1.000000e+00 -1.740176e+01
    endloop
  endfacet
  facet normal -2.369288e-01 -4.076897e-19 -9.715270e-01
    outer loop
      vertex   -7.276689e+00 1.000000e+00 -1.740176e+01
      vertex   -7.212531e+00 2.000000e+00 -1.741741e+01
      vertex   -7.212531e+00 1.000000e+00 -1.741741e+01
    endloop
  endfacet
  facet normal -1.958605e-01 0.000000e+00 -9.806318e-01
    outer loop
      vertex   -7.212531e+00 1.000000e+00 -1.741741e+01
      vertex   -7.212531e+00 2.000000e+00 -1.741741e+01
      vertex   -7.147960e+00 2.000000e+00 -1.743030e+01
    endloop
  endfacet
  facet normal -1.958605e-01 2.146571e-20 -9.806318e-01
    outer loop
      vertex   -7.212531e+00 1.000000e+00 -1.741741e+01
      vertex   -7.147960e+00 2.000000e+00 -1.743030e+01
      vertex   -7.147960e+00 1.000000e+00 -1.743030e+01
    endloop
  endfacet
  facet normal -1.199678e-01 0.000000e+00 -9.927778e-01
    outer loop
      vertex   -7.147960e+00 1.000000e+00 -1.743030e+01
      vertex   -7.147960e+00 2.000000e+00 -1.743030e+01
      vertex   -7.082635e+00 2.000000e+00 -1.743820e+01
    endloop
  endfacet
  facet normal -1.199678e-01 -4.504730e-19 -9.927778e-01
    outer loop
      vertex   -7.147960e+00 1.000000e+00 -1.743030e+01
      vertex   -7.082635e+00 2.000000e+00 -1.743820e+01
      vertex   -7.082635e+00 1.000000e+00 -1.743820e+01
    endloop
  endfacet
  facet normal -6.805259e-02 0.000000e+00 -9.976817e-01
    outer loop
      vertex   -7.082635e+00 1.000000e+00 -1.743820e+01
      vertex   -7.082635e+00 2.000000e+00 -1.743820e+01
      vertex   -7.016798e+00 2.000000e+00 -1.744269e+01
    endloop
  endfacet
  facet normal -6.805259e-02 1.494819e-19 -9.976817e-01
    outer loop
      vertex   -7.082635e+00 1.000000e+00 -1.743820e+01
      vertex   -7.016798e+00 2.000000e+00 -1.744269e+01
      vertex   -7.016798e+00 1.000000e+00 -1.744269e+01
    endloop
  endfacet
  facet normal 9.961585e-02 0.000000e+00 -9.950260e-01
    outer loop
      vertex   -7.016798e+00 2.000000e+00 -1.744269e+01
      vertex   -6.899556e+00 2.000000e+00 -1.743095e+01
      vertex   -7.016798e+00 1.000000e+00 -1.744269e+01
    endloop
  endfacet
  facet normal 9.961585e-02 -6.308849e-19 -9.950260e-01
    outer loop
      vertex   -7.016798e+00 1.000000e+00 -1.744269e+01
      vertex   -6.899556e+00 2.000000e+00 -1.743095e+01
      vertex   -6.899556e+00 1.000000e+00 -1.743095e+01
    endloop
  endfacet
  facet normal 2.420107e-01 0.000000e+00 -9.702736e-01
    outer loop
      vertex   -6.899556e+00 1.000000e+00 -1.743095e+01
      vertex   -6.899556e+00 2.000000e+00 -1.743095e+01
      vertex   -6.788668e+00 2.000000e+00 -1.740329e+01
    endloop
  endfacet
  facet normal 2.420107e-01 -1.357289e-18 -9.702736e-01
    outer loop
      vertex   -6.899556e+00 1.000000e+00 -1.743095e+01
      vertex   -6.788668e+00 2.000000e+00 -1.740329e+01
      vertex   -6.788668e+00 1.000000e+00 -1.740329e+01
    endloop
  endfacet
  facet normal 4.805320e-01 0.000000e+00 -8.769772e-01
    outer loop
      vertex   -6.788668e+00 1.000000e+00 -1.740329e+01
      vertex   -6.788668e+00 2.000000e+00 -1.740329e+01
      vertex   -6.688619e+00 2.000000e+00 -1.734847e+01
    endloop
  endfacet
  facet normal 4.805320e-01 -6.312325e-19 -8.769772e-01
    outer loop
      vertex   -6.788668e+00 1.000000e+00 -1.740329e+01
      vertex   -6.688619e+00 2.000000e+00 -1.734847e+01
      vertex   -6.688619e+00 1.000000e+00 -1.734847e+01
    endloop
  endfacet
  facet normal 6.081742e-01 0.000000e+00 -7.938036e-01
    outer loop
      vertex   -6.688619e+00 1.000000e+00 -1.734847e+01
      vertex   -6.688619e+00 2.000000e+00 -1.734847e+01
      vertex   -6.595243e+00 2.000000e+00 -1.727693e+01
    endloop
  endfacet
  facet normal 6.081742e-01 -1.191708e-18 -7.938036e-01
    outer loop
      vertex   -6.688619e+00 1.000000e+00 -1.734847e+01
      vertex   -6.595243e+00 2.000000e+00 -1.727693e+01
      vertex   -6.595243e+00 1.000000e+00 -1.727693e+01
    endloop
  endfacet
  facet normal 7.903579e-01 0.000000e+00 -6.126455e-01
    outer loop
      vertex   -6.595243e+00 2.000000e+00 -1.727693e+01
      vertex   -6.523734e+00 2.000000e+00 -1.718468e+01
      vertex   -6.595243e+00 1.000000e+00 -1.727693e+01
    endloop
  endfacet
  facet normal 7.903579e-01 3.513340e-18 -6.126455e-01
    outer loop
      vertex   -6.595243e+00 1.000000e+00 -1.727693e+01
      vertex   -6.523734e+00 2.000000e+00 -1.718468e+01
      vertex   -6.523734e+00 1.000000e+00 -1.718468e+01
    endloop
  endfacet
  facet normal 8.748133e-01 0.000000e+00 -4.844603e-01
    outer loop
      vertex   -6.523734e+00 1.000000e+00 -1.718468e+01
      vertex   -6.523734e+00 2.000000e+00 -1.718468e+01
      vertex   -6.468921e+00 2.000000e+00 -1.708570e+01
    endloop
  endfacet
  facet normal 8.748133e-01 -9.299987e-19 -4.844603e-01
    outer loop
      vertex   -6.523734e+00 1.000000e+00 -1.718468e+01
      vertex   -6.468921e+00 2.000000e+00 -1.708570e+01
      vertex   -6.468921e+00 1.000000e+00 -1.708570e+01
    endloop
  endfacet
  facet normal 9.697324e-01 0.000000e+00 -2.441704e-01
    outer loop
      vertex   -6.468921e+00 1.000000e+00 -1.708570e+01
      vertex   -6.468921e+00 2.000000e+00 -1.708570e+01
      vertex   -6.441247e+00 2.000000e+00 -1.697579e+01
    endloop
  endfacet
  facet normal 9.697324e-01 9.110575e-19 -2.441704e-01
    outer loop
      vertex   -6.468921e+00 1.000000e+00 -1.708570e+01
      vertex   -6.441247e+00 2.000000e+00 -1.697579e+01
      vertex   -6.441247e+00 1.000000e+00 -1.697579e+01
    endloop
  endfacet
  facet normal 9.949273e-01 0.000000e+00 -1.005966e-01
    outer loop
      vertex   -6.441247e+00 1.000000e+00 -1.697579e+01
      vertex   -6.441247e+00 2.000000e+00 -1.697579e+01
      vertex   -6.429485e+00 2.000000e+00 -1.685947e+01
    endloop
  endfacet
  facet normal 9.949273e-01 -7.956543e-19 -1.005966e-01
    outer loop
      vertex   -6.441247e+00 1.000000e+00 -1.697579e+01
      vertex   -6.429485e+00 2.000000e+00 -1.685947e+01
      vertex   -6.429485e+00 1.000000e+00 -1.685947e+01
    endloop
  endfacet
  facet normal 9.942363e-01 0.000000e+00 1.072109e-01
    outer loop
      vertex   -6.429485e+00 2.000000e+00 -1.685947e+01
      vertex   -6.442898e+00 2.000000e+00 -1.673509e+01
      vertex   -6.429485e+00 1.000000e+00 -1.685947e+01
    endloop
  endfacet
  facet normal 9.942363e-01 -7.930731e-19 1.072109e-01
    outer loop
      vertex   -6.429485e+00 1.000000e+00 -1.685947e+01
      vertex   -6.442898e+00 2.000000e+00 -1.673509e+01
      vertex   -6.442898e+00 1.000000e+00 -1.673509e+01
    endloop
  endfacet
  facet normal 9.678836e-01 -0.000000e+00 2.513989e-01
    outer loop
      vertex   -6.442898e+00 1.000000e+00 -1.673509e+01
      vertex   -6.442898e+00 2.000000e+00 -1.673509e+01
      vertex   -6.473399e+00 2.000000e+00 -1.661766e+01
    endloop
  endfacet
  facet normal 9.678836e-01 -1.527764e-18 2.513989e-01
    outer loop
      vertex   -6.442898e+00 1.000000e+00 -1.673509e+01
      vertex   -6.473399e+00 2.000000e+00 -1.661766e+01
      vertex   -6.473399e+00 1.000000e+00 -1.661766e+01
    endloop
  endfacet
  facet normal 8.720508e-01 -0.000000e+00 4.894154e-01
    outer loop
      vertex   -6.473399e+00 1.000000e+00 -1.661766e+01
      vertex   -6.473399e+00 2.000000e+00 -1.661766e+01
      vertex   -6.532727e+00 2.000000e+00 -1.651195e+01
    endloop
  endfacet
  facet normal 8.720508e-01 -3.548279e-18 4.894154e-01
    outer loop
      vertex   -6.473399e+00 1.000000e+00 -1.661766e+01
      vertex   -6.532727e+00 2.000000e+00 -1.651195e+01
      vertex   -6.532727e+00 1.000000e+00 -1.651195e+01
    endloop
  endfacet
  facet normal 7.887316e-01 -0.000000e+00 6.147378e-01
    outer loop
      vertex   -6.532727e+00 1.000000e+00 -1.651195e+01
      vertex   -6.532727e+00 2.000000e+00 -1.651195e+01
      vertex   -6.609567e+00 2.000000e+00 -1.641336e+01
    endloop
  endfacet
  facet normal 7.887316e-01 1.498486e-18 6.147378e-01
    outer loop
      vertex   -6.532727e+00 1.000000e+00 -1.651195e+01
      vertex   -6.609567e+00 2.000000e+00 -1.641336e+01
      vertex   -6.609567e+00 1.000000e+00 -1.641336e+01
    endloop
  endfacet
  facet normal 6.212202e-01 0.000000e+00 7.836360e-01
    outer loop
      vertex   -6.609567e+00 2.000000e+00 -1.641336e+01
      vertex   -6.706053e+00 2.000000e+00 -1.633687e+01
      vertex   -6.609567e+00 1.000000e+00 -1.641336e+01
    endloop
  endfacet
  facet normal 6.212202e-01 6.366244e-19 7.836360e-01
    outer loop
      vertex   -6.609567e+00 1.000000e+00 -1.641336e+01
      vertex   -6.706053e+00 2.000000e+00 -1.633687e+01
      vertex   -6.706053e+00 1.000000e+00 -1.633687e+01
    endloop
  endfacet
  facet normal 4.962962e-01 -0.000000e+00 8.681533e-01
    outer loop
      vertex   -6.706053e+00 1.000000e+00 -1.633687e+01
      vertex   -6.706053e+00 2.000000e+00 -1.633687e+01
      vertex   -6.809665e+00 2.000000e+00 -1.627764e+01
    endloop
  endfacet
  facet normal 4.962962e-01 -2.704628e-18 8.681533e-01
    outer loop
      vertex   -6.706053e+00 1.000000e+00 -1.633687e+01
      vertex   -6.809665e+00 2.000000e+00 -1.627764e+01
      vertex   -6.809665e+00 1.000000e+00 -1.627764e+01
    endloop
  endfacet
  facet normal 2.569577e-01 -0.000000e+00 9.664227e-01
    outer loop
      vertex   -6.809665e+00 1.000000e+00 -1.627764e+01
      vertex   -6.809665e+00 2.000000e+00 -1.627764e+01
      vertex   -6.925068e+00 2.000000e+00 -1.624695e+01
    endloop
  endfacet
  facet normal 2.569577e-01 1.531729e-18 9.664227e-01
    outer loop
      vertex   -6.809665e+00 1.000000e+00 -1.627764e+01
      vertex   -6.925068e+00 2.000000e+00 -1.624695e+01
      vertex   -6.925068e+00 1.000000e+00 -1.624695e+01
    endloop
  endfacet
  facet normal 1.110334e-01 -0.000000e+00 9.938167e-01
    outer loop
      vertex   -6.925068e+00 1.000000e+00 -1.624695e+01
      vertex   -6.925068e+00 2.000000e+00 -1.624695e+01
      vertex   -7.047494e+00 2.000000e+00 -1.623328e+01
    endloop
  endfacet
  facet normal 1.110334e-01 -4.086213e-19 9.938167e-01
    outer loop
      vertex   -6.925068e+00 1.000000e+00 -1.624695e+01
      vertex   -7.047494e+00 2.000000e+00 -1.623328e+01
      vertex   -7.047494e+00 1.000000e+00 -1.623328e+01
    endloop
  endfacet
  facet normal -9.755890e-02 0.000000e+00 9.952298e-01
    outer loop
      vertex   -7.047494e+00 2.000000e+00 -1.623328e+01
      vertex   -7.149627e+00 2.000000e+00 -1.624329e+01
      vertex   -7.047494e+00 1.000000e+00 -1.623328e+01
    endloop
  endfacet
  facet normal -9.755890e-02 7.582455e-19 9.952298e-01
    outer loop
      vertex   -7.047494e+00 1.000000e+00 -1.623328e+01
      vertex   -7.149627e+00 2.000000e+00 -1.624329e+01
      vertex   -7.149627e+00 1.000000e+00 -1.624329e+01
    endloop
  endfacet
  facet normal -2.309192e-01 0.000000e+00 9.729729e-01
    outer loop
      vertex   -7.149627e+00 1.000000e+00 -1.624329e+01
      vertex   -7.149627e+00 2.000000e+00 -1.624329e+01
      vertex   -7.246899e+00 2.000000e+00 -1.626637e+01
    endloop
  endfacet
  facet normal -2.309192e-01 1.822226e-18 9.729729e-01
    outer loop
      vertex   -7.149627e+00 1.000000e+00 -1.624329e+01
      vertex   -7.246899e+00 2.000000e+00 -1.626637e+01
      vertex   -7.246899e+00 1.000000e+00 -1.626637e+01
    endloop
  endfacet
  facet normal -4.529984e-01 0.000000e+00 8.915113e-01
    outer loop
      vertex   -7.246899e+00 1.000000e+00 -1.626637e+01
      vertex   -7.246899e+00 2.000000e+00 -1.626637e+01
      vertex   -7.335933e+00 2.000000e+00 -1.631161e+01
    endloop
  endfacet
  facet normal -4.529984e-01 -3.036776e-18 8.915113e-01
    outer loop
      vertex   -7.246899e+00 1.000000e+00 -1.626637e+01
      vertex   -7.335933e+00 2.000000e+00 -1.631161e+01
      vertex   -7.335933e+00 1.000000e+00 -1.631161e+01
    endloop
  endfacet
  facet normal -5.732504e-01 0.000000e+00 8.193802e-01
    outer loop
      vertex   -7.335933e+00 1.000000e+00 -1.631161e+01
      vertex   -7.335933e+00 2.000000e+00 -1.631161e+01
      vertex   -7.419936e+00 2.000000e+00 -1.637038e+01
    endloop
  endfacet
  facet normal -5.732504e-01 -2.440402e-18 8.193802e-01
    outer loop
      vertex   -7.335933e+00 1.000000e+00 -1.631161e+01
      vertex   -7.419936e+00 2.000000e+00 -1.637038e+01
      vertex   -7.419936e+00 1.000000e+00 -1.637038e+01
    endloop
  endfacet
  facet normal -7.888043e-01 0.000000e+00 6.146444e-01
    outer loop
      vertex   -7.419936e+00 2.000000e+00 -1.637038e+01
      vertex   -7.498429e+00 2.000000e+00 -1.647112e+01
      vertex   -7.419936e+00 1.000000e+00 -1.637038e+01
    endloop
  endfacet
  facet normal -7.888043e-01 -6.586494e-18 6.146444e-01
    outer loop
      vertex   -7.419936e+00 1.000000e+00 -1.637038e+01
      vertex   -7.498429e+00 2.000000e+00 -1.647112e+01
      vertex   -7.498429e+00 1.000000e+00 -1.647112e+01
    endloop
  endfacet
  facet normal -8.615101e-01 0.000000e+00 5.077405e-01
    outer loop
      vertex   -7.498429e+00 1.000000e+00 -1.647112e+01
      vertex   -7.498429e+00 2.000000e+00 -1.647112e+01
      vertex   -7.562135e+00 2.000000e+00 -1.657921e+01
    endloop
  endfacet
  facet normal -8.615101e-01 2.902931e-18 5.077405e-01
    outer loop
      vertex   -7.498429e+00 1.000000e+00 -1.647112e+01
      vertex   -7.562135e+00 2.000000e+00 -1.657921e+01
      vertex   -7.562135e+00 1.000000e+00 -1.657921e+01
    endloop
  endfacet
  facet normal -9.422801e-01 0.000000e+00 3.348255e-01
    outer loop
      vertex   -7.562135e+00 1.000000e+00 -1.657921e+01
      vertex   -7.562135e+00 2.000000e+00 -1.657921e+01
      vertex   -7.604345e+00 2.000000e+00 -1.669800e+01
    endloop
  endfacet
  facet normal -9.422801e-01 3.095305e-18 3.348255e-01
    outer loop
      vertex   -7.562135e+00 1.000000e+00 -1.657921e+01
      vertex   -7.604345e+00 2.000000e+00 -1.669800e+01
      vertex   -7.604345e+00 1.000000e+00 -1.669800e+01
    endloop
  endfacet
  facet normal -9.714083e-01 0.000000e+00 2.374152e-01
    outer loop
      vertex   -7.604345e+00 1.000000e+00 -1.669800e+01
      vertex   -7.604345e+00 2.000000e+00 -1.669800e+01
      vertex   -7.634806e+00 2.000000e+00 -1.682263e+01
    endloop
  endfacet
  facet normal -9.714083e-01 -1.263365e-19 2.374152e-01
    outer loop
      vertex   -7.604345e+00 1.000000e+00 -1.669800e+01
      vertex   -7.634806e+00 2.000000e+00 -1.682263e+01
      vertex   -7.634806e+00 1.000000e+00 -1.682263e+01
    endloop
  endfacet
  facet normal 1.321640e-01 0.000000e+00 9.912279e-01
    outer loop
      vertex   -7.634806e+00 2.000000e+00 -1.682263e+01
      vertex   -8.003155e+00 2.000000e+00 -1.677352e+01
      vertex   -7.634806e+00 1.000000e+00 -1.682263e+01
    endloop
  endfacet
  facet normal 1.321640e-01 0.000000e+00 9.912279e-01
    outer loop
      vertex   -7.634806e+00 1.000000e+00 -1.682263e+01
      vertex   -8.003155e+00 2.000000e+00 -1.677352e+01
      vertex   -8.003155e+00 1.000000e+00 -1.677352e+01
    endloop
  endfacet
  facet normal 9.810008e-01 0.000000e+00 -1.940036e-01
    outer loop
      vertex   -8.003155e+00 2.000000e+00 -1.677352e+01
      vertex   -7.969107e+00 2.000000e+00 -1.660135e+01
      vertex   -8.003155e+00 1.000000e+00 -1.677352e+01
    endloop
  endfacet
  facet normal 9.810008e-01 6.133416e-19 -1.940036e-01
    outer loop
      vertex   -8.003155e+00 1.000000e+00 -1.677352e+01
      vertex   -7.969107e+00 2.000000e+00 -1.660135e+01
      vertex   -7.969107e+00 1.000000e+00 -1.660135e+01
    endloop
  endfacet
  facet normal 9.455128e-01 0.000000e+00 -3.255848e-01
    outer loop
      vertex   -7.969107e+00 1.000000e+00 -1.660135e+01
      vertex   -7.969107e+00 2.000000e+00 -1.660135e+01
      vertex   -7.913472e+00 2.000000e+00 -1.643978e+01
    endloop
  endfacet
  facet normal 9.455128e-01 9.402853e-19 -3.255848e-01
    outer loop
      vertex   -7.969107e+00 1.000000e+00 -1.660135e+01
      vertex   -7.913472e+00 2.000000e+00 -1.643978e+01
      vertex   -7.913472e+00 1.000000e+00 -1.643978e+01
    endloop
  endfacet
  facet normal 8.411491e-01 0.000000e+00 -5.408033e-01
    outer loop
      vertex   -7.913472e+00 1.000000e+00 -1.643978e+01
      vertex   -7.913472e+00 2.000000e+00 -1.643978e+01
      vertex   -7.821174e+00 2.000000e+00 -1.629623e+01
    endloop
  endfacet
  facet normal 8.411491e-01 -4.724860e-18 -5.408033e-01
    outer loop
      vertex   -7.913472e+00 1.000000e+00 -1.643978e+01
      vertex   -7.821174e+00 2.000000e+00 -1.629623e+01
      vertex   -7.821174e+00 1.000000e+00 -1.629623e+01
    endloop
  endfacet
  facet normal 7.560088e-01 0.000000e+00 -6.545614e-01
    outer loop
      vertex   -7.821174e+00 1.000000e+00 -1.629623e+01
      vertex   -7.821174e+00 2.000000e+00 -1.629623e+01
      vertex   -7.706429e+00 2.000000e+00 -1.616370e+01
    endloop
  endfacet
  facet normal 7.560088e-01 2.303306e-18 -6.545614e-01
    outer loop
      vertex   -7.821174e+00 1.000000e+00 -1.629623e+01
      vertex   -7.706429e+00 2.000000e+00 -1.616370e+01
      vertex   -7.706429e+00 1.000000e+00 -1.616370e+01
    endloop
  endfacet
  facet normal -0.000000e+00 1.000000e+00 0.000000e+00
    outer loop
      vertex   -8.003155e+00 1.000000e+00 -1.677352e+01
      vertex   -7.969107e+00 1.000000e+00 -1.660135e+01
      vertex   -7.634806e+00 1.000000e+00 -1.682263e+01
    endloop
  endfacet
  facet normal 0.000000e+00 1.000000e+00 -0.000000e+00
    outer loop
      vertex   -7.634806e+00 1.000000e+00 -1.682263e+01
      vertex   -7.969107e+00 1.000000e+00 -1.660135e+01
      vertex   -7.604345e+00 1.000000e+00 -1.669800e+01
    endloop
  endfacet
  facet normal 0.000000e+00 1.000000e+00 0.000000e+00
    outer loop
      vertex   -7.604345e+00 1.000000e+00 -1.669800e+01
      vertex   -7.969107e+00 1.000000e+00 -1.660135e+01
      vertex   -7.913472e+00 1.000000e+00 -1.643978e+01
    endloop
  endfacet
  facet normal 0.000000e+00 1.000000e+00 0.000000e+00
    outer loop
      vertex   -7.604345e+00 1.000000e+00 -1.669800e+01
      vertex   -7.913472e+00 1.000000e+00 -1.643978e+01
      vertex   -7.821174e+00 1.000000e+00 -1.629623e+01
    endloop
  endfacet
  facet normal 0.000000e+00 1.000000e+00 -0.000000e+00
    outer loop
      vertex   -7.604345e+00 1.000000e+00 -1.669800e+01
      vertex   -7.821174e+00 1.000000e+00 -1.629623e+01
      vertex   -7.562135e+00 1.000000e+00 -1.657921e+01
    endloop
  endfacet
  facet normal 0.000000e+00 1.000000e+00 0.000000e+00
    outer loop
      vertex   -7.562135e+00 1.000000e+00 -1.657921e+01
      vertex   -7.821174e+00 1.000000e+00 -1.629623e+01
      vertex   -7.706429e+00 1.000000e+00 -1.616370e+01
    endloop
  endfacet
  facet normal 0.000000e+00 1.000000e+00 -0.000000e+00
    outer loop
      vertex   -7.562135e+00 1.000000e+00 -1.657921e+01
      vertex   -7.706429e+00 1.000000e+00 -1.616370e+01
      vertex   -7.498429e+00 1.000000e+00 -1.647112e+01
    endloop
  endfacet
  facet normal 0.000000e+00 1.000000e+00 0.000000e+00
    outer loop
      vertex   -7.498429e+00 1.000000e+00 -1.647112e+01
      vertex   -7.706429e+00 1.000000e+00 -1.616370e+01
      vertex   -7.558061e+00 1.000000e+00 -1.606144e+01
    endloop
  endfacet
  facet normal 0.000000e+00 1.000000e+00 -0.000000e+00
    outer loop
      vertex   -7.498429e+00 1.000000e+00 -1.647112e+01
      vertex   -7.558061e+00 1.000000e+00 -1.606144e+01
      vertex   -7.419936e+00 1.000000e+00 -1.637038e+01
    endloop
  endfacet
  facet normal 0.000000e+00 1.000000e+00 -0.000000e+00
    outer loop
      vertex   -7.419936e+00 1.000000e+00 -1.637038e+01
      vertex   -7.558061e+00 1.000000e+00 -1.606144e+01
      vertex   -7.400839e+00 1.000000e+00 -1.598344e+01
    endloop
  endfacet
  facet normal 0.000000e+00 1.000000e+00 0.000000e+00
    outer loop
      vertex   -7.419936e+00 1.000000e+00 -1.637038e+01
      vertex   -7.400839e+00 1.000000e+00 -1.598344e+01
      vertex   -7.335933e+00 1.000000e+00 -1.631161e+01
    endloop
  endfacet
  facet normal 0.000000e+00 1.000000e+00 -0.000000e+00
    outer loop
      vertex   -7.335933e+00 1.000000e+00 -1.631161e+01
      vertex   -7.400839e+00 1.000000e+00 -1.598344e+01
      vertex   -7.246899e+00 1.000000e+00 -1.626637e+01
    endloop
  endfacet
  facet normal 0.000000e+00 1.000000e+00 -0.000000e+00
    outer loop
      vertex   -7.246899e+00 1.000000e+00 -1.626637e+01
      vertex   -7.400839e+00 1.000000e+00 -1.598344e+01
      vertex   -7.229345e+00 1.000000e+00 -1.594452e+01
    endloop
  endfacet
  facet normal 0.000000e+00 1.000000e+00 0.000000e+00
    outer loop
      vertex   -7.246899e+00 1.000000e+00 -1.626637e+01
      vertex   -7.229345e+00 1.000000e+00 -1.594452e+01
      vertex   -7.149627e+00 1.000000e+00 -1.624329e+01
    endloop
  endfacet
  facet normal 0.000000e+00 1.000000e+00 -0.000000e+00
    outer loop
      vertex   -7.149627e+00 1.000000e+00 -1.624329e+01
      vertex   -7.229345e+00 1.000000e+00 -1.594452e+01
      vertex   -7.049540e+00 1.000000e+00 -1.592836e+01
    endloop
  endfacet
  facet normal 0.000000e+00 1.000000e+00 0.000000e+00
    outer loop
      vertex   -7.149627e+00 1.000000e+00 -1.624329e+01
      vertex   -7.049540e+00 1.000000e+00 -1.592836e+01
      vertex   -7.047494e+00 1.000000e+00 -1.623328e+01
    endloop
  endfacet
  facet normal -0.000000e+00 1.000000e+00 -0.000000e+00
    outer loop
      vertex   -7.047494e+00 1.000000e+00 -1.623328e+01
      vertex   -7.049540e+00 1.000000e+00 -1.592836e+01
      vertex   -6.925068e+00 1.000000e+00 -1.624695e+01
    endloop
  endfacet
  facet normal 0.000000e+00 1.000000e+00 -0.000000e+00
    outer loop
      vertex   -6.925068e+00 1.000000e+00 -1.624695e+01
      vertex   -7.049540e+00 1.000000e+00 -1.592836e+01
      vertex   -6.849665e+00 1.000000e+00 -1.594730e+01
    endloop
  endfacet
  facet normal 9.017143e-16 1.000000e+00 -2.268996e-16
    outer loop
      vertex   -6.925068e+00 1.000000e+00 -1.624695e+01
      vertex   -6.849665e+00 1.000000e+00 -1.594730e+01
      vertex   -6.809665e+00 1.000000e+00 -1.627764e+01
    endloop
  endfacet
  facet normal -8.236332e-17 1.000000e+00 -3.460610e-16
    outer loop
      vertex   -6.809665e+00 1.000000e+00 -1.627764e+01
      vertex   -6.849665e+00 1.000000e+00 -1.594730e+01
      vertex   -6.659823e+00 1.000000e+00 -1.599248e+01
    endloop
  endfacet
  facet normal -9.951493e-16 1.000000e+00 1.335872e-16
    outer loop
      vertex   -6.809665e+00 1.000000e+00 -1.627764e+01
      vertex   -6.659823e+00 1.000000e+00 -1.599248e+01
      vertex   -6.706053e+00 1.000000e+00 -1.633687e+01
    endloop
  endfacet
  facet normal 0.000000e+00 1.000000e+00 0.000000e+00
    outer loop
      vertex   -6.706053e+00 1.000000e+00 -1.633687e+01
      vertex   -6.659823e+00 1.000000e+00 -1.599248e+01
      vertex   -6.487160e+00 1.000000e+00 -1.608261e+01
    endloop
  endfacet
  facet normal -0.000000e+00 1.000000e+00 0.000000e+00
    outer loop
      vertex   -6.706053e+00 1.000000e+00 -1.633687e+01
      vertex   -6.487160e+00 1.000000e+00 -1.608261e+01
      vertex   -6.609567e+00 1.000000e+00 -1.641336e+01
    endloop
  endfacet
  facet normal -0.000000e+00 1.000000e+00 0.000000e+00
    outer loop
      vertex   -6.609567e+00 1.000000e+00 -1.641336e+01
      vertex   -6.487160e+00 1.000000e+00 -1.608261e+01
      vertex   -6.532727e+00 1.000000e+00 -1.651195e+01
    endloop
  endfacet
  facet normal 0.000000e+00 1.000000e+00 0.000000e+00
    outer loop
      vertex   -6.532727e+00 1.000000e+00 -1.651195e+01
      vertex   -6.487160e+00 1.000000e+00 -1.608261e+01
      vertex   -6.325120e+00 1.000000e+00 -1.620053e+01
    endloop
  endfacet
  facet normal -0.000000e+00 1.000000e+00 0.000000e+00
    outer loop
      vertex   -6.532727e+00 1.000000e+00 -1.651195e+01
      vertex   -6.325120e+00 1.000000e+00 -1.620053e+01
      vertex   -6.473399e+00 1.000000e+00 -1.661766e+01
    endloop
  endfacet
  facet normal 0.000000e+00 1.000000e+00 0.000000e+00
    outer loop
      vertex   -6.473399e+00 1.000000e+00 -1.661766e+01
      vertex   -6.325120e+00 1.000000e+00 -1.620053e+01
      vertex   -6.204549e+00 1.000000e+00 -1.634633e+01
    endloop
  endfacet
  facet normal -0.000000e+00 1.000000e+00 0.000000e+00
    outer loop
      vertex   -6.473399e+00 1.000000e+00 -1.661766e+01
      vertex   -6.204549e+00 1.000000e+00 -1.634633e+01
      vertex   -6.442898e+00 1.000000e+00 -1.673509e+01
    endloop
  endfacet
  facet normal 0.000000e+00 1.000000e+00 0.000000e+00
    outer loop
      vertex   -6.442898e+00 1.000000e+00 -1.673509e+01
      vertex   -6.204549e+00 1.000000e+00 -1.634633e+01
      vertex   -6.110626e+00 1.000000e+00 -1.650355e+01
    endloop
  endfacet
  facet normal 0.000000e+00 1.000000e+00 0.000000e+00
    outer loop
      vertex   -6.442898e+00 1.000000e+00 -1.673509e+01
      vertex   -6.110626e+00 1.000000e+00 -1.650355e+01
      vertex   -6.061232e+00 1.000000e+00 -1.667986e+01
    endloop
  endfacet
  facet normal -0.000000e+00 1.000000e+00 0.000000e+00
    outer loop
      vertex   -6.442898e+00 1.000000e+00 -1.673509e+01
      vertex   -6.061232e+00 1.000000e+00 -1.667986e+01
      vertex   -6.429485e+00 1.000000e+00 -1.685947e+01
    endloop
  endfacet
  facet normal -0.000000e+00 1.000000e+00 0.000000e+00
    outer loop
      vertex   -6.429485e+00 1.000000e+00 -1.685947e+01
      vertex   -6.061232e+00 1.000000e+00 -1.667986e+01
      vertex   -6.038626e+00 1.000000e+00 -1.686766e+01
    endloop
  endfacet
  facet normal 7.177777e-17 1.000000e+00 3.427401e-15
    outer loop
      vertex   -6.429485e+00 1.000000e+00 -1.685947e+01
      vertex   -6.038626e+00 1.000000e+00 -1.686766e+01
      vertex   -6.047963e+00 1.000000e+00 -1.699703e+01
    endloop
  endfacet
  facet normal -1.123052e-15 1.000000e+00 1.135512e-16
    outer loop
      vertex   -6.429485e+00 1.000000e+00 -1.685947e+01
      vertex   -6.047963e+00 1.000000e+00 -1.699703e+01
      vertex   -6.441247e+00 1.000000e+00 -1.697579e+01
    endloop
  endfacet
  facet normal -1.307829e-15 1.000000e+00 -3.308097e-15
    outer loop
      vertex   -6.441247e+00 1.000000e+00 -1.697579e+01
      vertex   -6.047963e+00 1.000000e+00 -1.699703e+01
      vertex   -6.071795e+00 1.000000e+00 -1.712185e+01
    endloop
  endfacet
  facet normal 0.000000e+00 1.000000e+00 0.000000e+00
    outer loop
      vertex   -6.441247e+00 1.000000e+00 -1.697579e+01
      vertex   -6.071795e+00 1.000000e+00 -1.712185e+01
      vertex   -6.120888e+00 1.000000e+00 -1.723874e+01
    endloop
  endfacet
  facet normal 0.000000e+00 1.000000e+00 0.000000e+00
    outer loop
      vertex   -6.120888e+00 1.000000e+00 -1.723874e+01
      vertex   -6.185966e+00 1.000000e+00 -1.735060e+01
      vertex   -6.441247e+00 1.000000e+00 -1.697579e+01
    endloop
  endfacet
  facet normal 0.000000e+00 1.000000e+00 0.000000e+00
    outer loop
      vertex   -6.441247e+00 1.000000e+00 -1.697579e+01
      vertex   -6.185966e+00 1.000000e+00 -1.735060e+01
      vertex   -6.468921e+00 1.000000e+00 -1.708570e+01
    endloop
  endfacet
  facet normal 0.000000e+00 1.000000e+00 0.000000e+00
    outer loop
      vertex   -6.468921e+00 1.000000e+00 -1.708570e+01
      vertex   -6.185966e+00 1.000000e+00 -1.735060e+01
      vertex   -6.273138e+00 1.000000e+00 -1.744036e+01
    endloop
  endfacet
  facet normal 0.000000e+00 1.000000e+00 0.000000e+00
    outer loop
      vertex   -6.468921e+00 1.000000e+00 -1.708570e+01
      vertex   -6.273138e+00 1.000000e+00 -1.744036e+01
      vertex   -6.523734e+00 1.000000e+00 -1.718468e+01
    endloop
  endfacet
  facet normal -6.528695e-16 1.000000e+00 -6.398890e-16
    outer loop
      vertex   -6.523734e+00 1.000000e+00 -1.718468e+01
      vertex   -6.273138e+00 1.000000e+00 -1.744036e+01
      vertex   -6.369335e+00 1.000000e+00 -1.751571e+01
    endloop
  endfacet
  facet normal 9.514029e-16 1.000000e+00 1.083673e-16
    outer loop
      vertex   -6.523734e+00 1.000000e+00 -1.718468e+01
      vertex   -6.369335e+00 1.000000e+00 -1.751571e+01
      vertex   -6.480092e+00 1.000000e+00 -1.756783e+01
    endloop
  endfacet
  facet normal 0.000000e+00 1.000000e+00 0.000000e+00
    outer loop
      vertex   -6.523734e+00 1.000000e+00 -1.718468e+01
      vertex   -6.480092e+00 1.000000e+00 -1.756783e+01
      vertex   -6.595243e+00 1.000000e+00 -1.727693e+01
    endloop
  endfacet
  facet normal 0.000000e+00 1.000000e+00 0.000000e+00
    outer loop
      vertex   -6.595243e+00 1.000000e+00 -1.727693e+01
      vertex   -6.480092e+00 1.000000e+00 -1.756783e+01
      vertex   -6.599335e+00 1.000000e+00 -1.760640e+01
    endloop
  endfacet
  facet normal 0.000000e+00 1.000000e+00 0.000000e+00
    outer loop
      vertex   -6.595243e+00 1.000000e+00 -1.727693e+01
      vertex   -6.599335e+00 1.000000e+00 -1.760640e+01
      vertex   -6.688619e+00 1.000000e+00 -1.734847e+01
    endloop
  endfacet
  facet normal 0.000000e+00 1.000000e+00 0.000000e+00
    outer loop
      vertex   -6.688619e+00 1.000000e+00 -1.734847e+01
      vertex   -6.599335e+00 1.000000e+00 -1.760640e+01
      vertex   -6.788668e+00 1.000000e+00 -1.740329e+01
    endloop
  endfacet
  facet normal 0.000000e+00 1.000000e+00 0.000000e+00
    outer loop
      vertex   -6.788668e+00 1.000000e+00 -1.740329e+01
      vertex   -6.599335e+00 1.000000e+00 -1.760640e+01
      vertex   -6.752814e+00 1.000000e+00 -1.784378e+01
    endloop
  endfacet
  facet normal 0.000000e+00 1.000000e+00 0.000000e+00
    outer loop
      vertex   -6.788668e+00 1.000000e+00 -1.740329e+01
      vertex   -6.752814e+00 1.000000e+00 -1.784378e+01
      vertex   -6.852384e+00 1.000000e+00 -1.779139e+01
    endloop
  endfacet
  facet normal -0.000000e+00 1.000000e+00 0.000000e+00
    outer loop
      vertex   -6.752814e+00 1.000000e+00 -1.784378e+01
      vertex   -6.599335e+00 1.000000e+00 -1.760640e+01
      vertex   -6.670454e+00 1.000000e+00 -1.792041e+01
    endloop
  endfacet
  facet normal 0.000000e+00 1.000000e+00 0.000000e+00
    outer loop
      vertex   -6.670454e+00 1.000000e+00 -1.792041e+01
      vertex   -6.599335e+00 1.000000e+00 -1.760640e+01
      vertex   -6.509656e+00 1.000000e+00 -1.765490e+01
    endloop
  endfacet
  facet normal -0.000000e+00 1.000000e+00 0.000000e+00
    outer loop
      vertex   -6.670454e+00 1.000000e+00 -1.792041e+01
      vertex   -6.509656e+00 1.000000e+00 -1.765490e+01
      vertex   -6.635469e+00 1.000000e+00 -1.796189e+01
    endloop
  endfacet
  facet normal 2.407882e-15 1.000000e+00 -9.868112e-16
    outer loop
      vertex   -6.635469e+00 1.000000e+00 -1.796189e+01
      vertex   -6.509656e+00 1.000000e+00 -1.765490e+01
      vertex   -6.607914e+00 1.000000e+00 -1.800716e+01
    endloop
  endfacet
  facet normal -2.426402e-15 1.000000e+00 3.616354e-16
    outer loop
      vertex   -6.607914e+00 1.000000e+00 -1.800716e+01
      vertex   -6.509656e+00 1.000000e+00 -1.765490e+01
      vertex   -6.426550e+00 1.000000e+00 -1.771130e+01
    endloop
  endfacet
  facet normal -3.384626e-15 1.000000e+00 9.490278e-16
    outer loop
      vertex   -6.607914e+00 1.000000e+00 -1.800716e+01
      vertex   -6.426550e+00 1.000000e+00 -1.771130e+01
      vertex   -6.589049e+00 1.000000e+00 -1.805686e+01
    endloop
  endfacet
  facet normal 1.690991e-15 1.000000e+00 -1.437718e-15
    outer loop
      vertex   -6.589049e+00 1.000000e+00 -1.805686e+01
      vertex   -6.426550e+00 1.000000e+00 -1.771130e+01
      vertex   -6.354852e+00 1.000000e+00 -1.778141e+01
    endloop
  endfacet
  facet normal -0.000000e+00 1.000000e+00 0.000000e+00
    outer loop
      vertex   -6.589049e+00 1.000000e+00 -1.805686e+01
      vertex   -6.354852e+00 1.000000e+00 -1.778141e+01
      vertex   -6.577061e+00 1.000000e+00 -1.811008e+01
    endloop
  endfacet
  facet normal 0.000000e+00 1.000000e+00 0.000000e+00
    outer loop
      vertex   -6.577061e+00 1.000000e+00 -1.811008e+01
      vertex   -6.354852e+00 1.000000e+00 -1.778141e+01
      vertex   -6.290331e+00 1.000000e+00 -1.786015e+01
    endloop
  endfacet
  facet normal 0.000000e+00 1.000000e+00 0.000000e+00
    outer loop
      vertex   -6.577061e+00 1.000000e+00 -1.811008e+01
      vertex   -6.290331e+00 1.000000e+00 -1.786015e+01
      vertex   -6.246093e+00 1.000000e+00 -1.794329e+01
    endloop
  endfacet
  facet normal -0.000000e+00 1.000000e+00 0.000000e+00
    outer loop
      vertex   -6.577061e+00 1.000000e+00 -1.811008e+01
      vertex   -6.246093e+00 1.000000e+00 -1.794329e+01
      vertex   -6.564547e+00 1.000000e+00 -1.822236e+01
    endloop
  endfacet
  facet normal 0.000000e+00 1.000000e+00 0.000000e+00
    outer loop
      vertex   -6.564547e+00 1.000000e+00 -1.822236e+01
      vertex   -6.246093e+00 1.000000e+00 -1.794329e+01
      vertex   -6.211790e+00 1.000000e+00 -1.802937e+01
    endloop
  endfacet
  facet normal 0.000000e+00 1.000000e+00 0.000000e+00
    outer loop
      vertex   -6.564547e+00 1.000000e+00 -1.822236e+01
      vertex   -6.211790e+00 1.000000e+00 -1.802937e+01
      vertex   -6.193961e+00 1.000000e+00 -1.812032e+01
    endloop
  endfacet
  facet normal 0.000000e+00 1.000000e+00 0.000000e+00
    outer loop
      vertex   -6.193961e+00 1.000000e+00 -1.812032e+01
      vertex   -6.185966e+00 1.000000e+00 -1.821418e+01
      vertex   -6.564547e+00 1.000000e+00 -1.822236e+01
    endloop
  endfacet
  facet normal -0.000000e+00 1.000000e+00 0.000000e+00
    outer loop
      vertex   -6.564547e+00 1.000000e+00 -1.822236e+01
      vertex   -6.185966e+00 1.000000e+00 -1.821418e+01
      vertex   -6.194947e+00 1.000000e+00 -1.831617e+01
    endloop
  endfacet
  facet normal 5.420890e-16 1.000000e+00 2.135914e-15
    outer loop
      vertex   -6.564547e+00 1.000000e+00 -1.822236e+01
      vertex   -6.194947e+00 1.000000e+00 -1.831617e+01
      vertex   -6.214177e+00 1.000000e+00 -1.841524e+01
    endloop
  endfacet
  facet normal -5.985354e-16 1.000000e+00 6.395701e-17
    outer loop
      vertex   -6.564547e+00 1.000000e+00 -1.822236e+01
      vertex   -6.214177e+00 1.000000e+00 -1.841524e+01
      vertex   -6.574581e+00 1.000000e+00 -1.831627e+01
    endloop
  endfacet
  facet normal -1.142653e-15 1.000000e+00 -1.917365e-15
    outer loop
      vertex   -6.574581e+00 1.000000e+00 -1.831627e+01
      vertex   -6.214177e+00 1.000000e+00 -1.841524e+01
      vertex   -6.250307e+00 1.000000e+00 -1.850952e+01
    endloop
  endfacet
  facet normal 0.000000e+00 1.000000e+00 0.000000e+00
    outer loop
      vertex   -6.574581e+00 1.000000e+00 -1.831627e+01
      vertex   -6.250307e+00 1.000000e+00 -1.850952e+01
      vertex   -6.296470e+00 1.000000e+00 -1.860094e+01
    endloop
  endfacet
  facet normal 0.000000e+00 1.000000e+00 0.000000e+00
    outer loop
      vertex   -6.574581e+00 1.000000e+00 -1.831627e+01
      vertex   -6.296470e+00 1.000000e+00 -1.860094e+01
      vertex   -6.597682e+00 1.000000e+00 -1.840478e+01
    endloop
  endfacet
  facet normal 0.000000e+00 1.000000e+00 0.000000e+00
    outer loop
      vertex   -6.597682e+00 1.000000e+00 -1.840478e+01
      vertex   -6.296470e+00 1.000000e+00 -1.860094e+01
      vertex   -6.360812e+00 1.000000e+00 -1.868835e+01
    endloop
  endfacet
  facet normal 0.000000e+00 1.000000e+00 0.000000e+00
    outer loop
      vertex   -6.597682e+00 1.000000e+00 -1.840478e+01
      vertex   -6.360812e+00 1.000000e+00 -1.868835e+01
      vertex   -6.433170e+00 1.000000e+00 -1.876699e+01
    endloop
  endfacet
  facet normal 0.000000e+00 1.000000e+00 0.000000e+00
    outer loop
      vertex   -6.597682e+00 1.000000e+00 -1.840478e+01
      vertex   -6.433170e+00 1.000000e+00 -1.876699e+01
      vertex   -6.642915e+00 1.000000e+00 -1.848416e+01
    endloop
  endfacet
  facet normal 0.000000e+00 1.000000e+00 0.000000e+00
    outer loop
      vertex   -6.642915e+00 1.000000e+00 -1.848416e+01
      vertex   -6.433170e+00 1.000000e+00 -1.876699e+01
      vertex   -6.518567e+00 1.000000e+00 -1.883139e+01
    endloop
  endfacet
  facet normal 0.000000e+00 1.000000e+00 0.000000e+00
    outer loop
      vertex   -6.642915e+00 1.000000e+00 -1.848416e+01
      vertex   -6.518567e+00 1.000000e+00 -1.883139e+01
      vertex   -6.701655e+00 1.000000e+00 -1.855797e+01
    endloop
  endfacet
  facet normal 0.000000e+00 1.000000e+00 0.000000e+00
    outer loop
      vertex   -6.701655e+00 1.000000e+00 -1.855797e+01
      vertex   -6.518567e+00 1.000000e+00 -1.883139e+01
      vertex   -6.611614e+00 1.000000e+00 -1.888744e+01
    endloop
  endfacet
  facet normal 0.000000e+00 1.000000e+00 0.000000e+00
    outer loop
      vertex   -6.701655e+00 1.000000e+00 -1.855797e+01
      vertex   -6.611614e+00 1.000000e+00 -1.888744e+01
      vertex   -6.780659e+00 1.000000e+00 -1.861597e+01
    endloop
  endfacet
  facet normal 0.000000e+00 1.000000e+00 0.000000e+00
    outer loop
      vertex   -6.780659e+00 1.000000e+00 -1.861597e+01
      vertex   -6.611614e+00 1.000000e+00 -1.888744e+01
      vertex   -6.720197e+00 1.000000e+00 -1.893293e+01
    endloop
  endfacet
  facet normal 0.000000e+00 1.000000e+00 0.000000e+00
    outer loop
      vertex   -6.780659e+00 1.000000e+00 -1.861597e+01
      vertex   -6.720197e+00 1.000000e+00 -1.893293e+01
      vertex   -6.864985e+00 1.000000e+00 -1.866011e+01
    endloop
  endfacet
  facet normal 0.000000e+00 1.000000e+00 0.000000e+00
    outer loop
      vertex   -6.864985e+00 1.000000e+00 -1.866011e+01
      vertex   -6.720197e+00 1.000000e+00 -1.893293e+01
      vertex   -6.831250e+00 1.000000e+00 -1.896801e+01
    endloop
  endfacet
  facet normal 0.000000e+00 1.000000e+00 0.000000e+00
    outer loop
      vertex   -6.864985e+00 1.000000e+00 -1.866011e+01
      vertex   -6.831250e+00 1.000000e+00 -1.896801e+01
      vertex   -6.957853e+00 1.000000e+00 -1.868201e+01
    endloop
  endfacet
  facet normal 0.000000e+00 1.000000e+00 0.000000e+00
    outer loop
      vertex   -6.957853e+00 1.000000e+00 -1.868201e+01
      vertex   -6.831250e+00 1.000000e+00 -1.896801e+01
      vertex   -6.946358e+00 1.000000e+00 -1.898599e+01
    endloop
  endfacet
  facet normal 0.000000e+00 1.000000e+00 0.000000e+00
    outer loop
      vertex   -6.957853e+00 1.000000e+00 -1.868201e+01
      vertex   -6.946358e+00 1.000000e+00 -1.898599e+01
      vertex   -7.055679e+00 1.000000e+00 -1.869098e+01
    endloop
  endfacet
  facet normal 0.000000e+00 1.000000e+00 0.000000e+00
    outer loop
      vertex   -7.055679e+00 1.000000e+00 -1.869098e+01
      vertex   -6.946358e+00 1.000000e+00 -1.898599e+01
      vertex   -7.063865e+00 1.000000e+00 -1.899385e+01
    endloop
  endfacet
  facet normal 0.000000e+00 1.000000e+00 0.000000e+00
    outer loop
      vertex   -7.055679e+00 1.000000e+00 -1.869098e+01
      vertex   -7.063865e+00 1.000000e+00 -1.899385e+01
      vertex   -7.154467e+00 1.000000e+00 -1.868141e+01
    endloop
  endfacet
  facet normal 0.000000e+00 1.000000e+00 0.000000e+00
    outer loop
      vertex   -7.154467e+00 1.000000e+00 -1.868141e+01
      vertex   -7.063865e+00 1.000000e+00 -1.899385e+01
      vertex   -7.225792e+00 1.000000e+00 -1.897992e+01
    endloop
  endfacet
  facet normal 0.000000e+00 1.000000e+00 0.000000e+00
    outer loop
      vertex   -7.154467e+00 1.000000e+00 -1.868141e+01
      vertex   -7.225792e+00 1.000000e+00 -1.897992e+01
      vertex   -7.248291e+00 1.000000e+00 -1.865887e+01
    endloop
  endfacet
  facet normal 0.000000e+00 1.000000e+00 0.000000e+00
    outer loop
      vertex   -7.248291e+00 1.000000e+00 -1.865887e+01
      vertex   -7.225792e+00 1.000000e+00 -1.897992e+01
      vertex   -7.380767e+00 1.000000e+00 -1.894616e+01
    endloop
  endfacet
  facet normal 0.000000e+00 1.000000e+00 0.000000e+00
    outer loop
      vertex   -7.248291e+00 1.000000e+00 -1.865887e+01
      vertex   -7.380767e+00 1.000000e+00 -1.894616e+01
      vertex   -7.333649e+00 1.000000e+00 -1.861421e+01
    endloop
  endfacet
  facet normal 0.000000e+00 1.000000e+00 0.000000e+00
    outer loop
      vertex   -7.333649e+00 1.000000e+00 -1.861421e+01
      vertex   -7.380767e+00 1.000000e+00 -1.894616e+01
      vertex   -7.523783e+00 1.000000e+00 -1.887829e+01
    endloop
  endfacet
  facet normal 0.000000e+00 1.000000e+00 0.000000e+00
    outer loop
      vertex   -7.333649e+00 1.000000e+00 -1.861421e+01
      vertex   -7.523783e+00 1.000000e+00 -1.887829e+01
      vertex   -7.413796e+00 1.000000e+00 -1.855592e+01
    endloop
  endfacet
  facet normal 0.000000e+00 1.000000e+00 0.000000e+00
    outer loop
      vertex   -7.413796e+00 1.000000e+00 -1.855592e+01
      vertex   -7.523783e+00 1.000000e+00 -1.887829e+01
      vertex   -7.483726e+00 1.000000e+00 -1.846592e+01
    endloop
  endfacet
  facet normal 0.000000e+00 1.000000e+00 0.000000e+00
    outer loop
      vertex   -7.483726e+00 1.000000e+00 -1.846592e+01
      vertex   -7.523783e+00 1.000000e+00 -1.887829e+01
      vertex   -7.659363e+00 1.000000e+00 -1.878921e+01
    endloop
  endfacet
  facet normal -1.023551e-15 1.000000e+00 5.560648e-16
    outer loop
      vertex   -7.483726e+00 1.000000e+00 -1.846592e+01
      vertex   -7.659363e+00 1.000000e+00 -1.878921e+01
      vertex   -7.539716e+00 1.000000e+00 -1.836932e+01
    endloop
  endfacet
  facet normal 2.222740e-16 1.000000e+00 2.010717e-16
    outer loop
      vertex   -7.539716e+00 1.000000e+00 -1.836932e+01
      vertex   -7.659363e+00 1.000000e+00 -1.878921e+01
      vertex   -7.771449e+00 1.000000e+00 -1.866530e+01
    endloop
  endfacet
  facet normal 1.275385e-15 1.000000e+00 -6.234327e-16
    outer loop
      vertex   -7.539716e+00 1.000000e+00 -1.836932e+01
      vertex   -7.771449e+00 1.000000e+00 -1.866530e+01
      vertex   -7.574695e+00 1.000000e+00 -1.826279e+01
    endloop
  endfacet
  facet normal 0.000000e+00 1.000000e+00 0.000000e+00
    outer loop
      vertex   -7.574695e+00 1.000000e+00 -1.826279e+01
      vertex   -7.771449e+00 1.000000e+00 -1.866530e+01
      vertex   -7.863519e+00 1.000000e+00 -1.853045e+01
    endloop
  endfacet
  facet normal 0.000000e+00 1.000000e+00 0.000000e+00
    outer loop
      vertex   -7.574695e+00 1.000000e+00 -1.826279e+01
      vertex   -7.863519e+00 1.000000e+00 -1.853045e+01
      vertex   -7.923982e+00 1.000000e+00 -1.837829e+01
    endloop
  endfacet
  facet normal -0.000000e+00 1.000000e+00 0.000000e+00
    outer loop
      vertex   -7.966320e+00 1.000000e+00 -1.821622e+01
      vertex   -7.597971e+00 1.000000e+00 -1.815074e+01
      vertex   -7.923982e+00 1.000000e+00 -1.837829e+01
    endloop
  endfacet
  facet normal 0.000000e+00 1.000000e+00 0.000000e+00
    outer loop
      vertex   -7.923982e+00 1.000000e+00 -1.837829e+01
      vertex   -7.597971e+00 1.000000e+00 -1.815074e+01
      vertex   -7.574695e+00 1.000000e+00 -1.826279e+01
    endloop
  endfacet
  facet normal 0.000000e+00 1.000000e+00 0.000000e+00
    outer loop
      vertex   -6.788668e+00 1.000000e+00 -1.740329e+01
      vertex   -6.852384e+00 1.000000e+00 -1.779139e+01
      vertex   -6.899556e+00 1.000000e+00 -1.743095e+01
    endloop
  endfacet
  facet normal 0.000000e+00 1.000000e+00 0.000000e+00
    outer loop
      vertex   -6.899556e+00 1.000000e+00 -1.743095e+01
      vertex   -6.852384e+00 1.000000e+00 -1.779139e+01
      vertex   -6.955437e+00 1.000000e+00 -1.775094e+01
    endloop
  endfacet
  facet normal 0.000000e+00 1.000000e+00 0.000000e+00
    outer loop
      vertex   -6.899556e+00 1.000000e+00 -1.743095e+01
      vertex   -6.955437e+00 1.000000e+00 -1.775094e+01
      vertex   -7.016798e+00 1.000000e+00 -1.744269e+01
    endloop
  endfacet
  facet normal 0.000000e+00 1.000000e+00 0.000000e+00
    outer loop
      vertex   -7.016798e+00 1.000000e+00 -1.744269e+01
      vertex   -6.955437e+00 1.000000e+00 -1.775094e+01
      vertex   -7.064226e+00 1.000000e+00 -1.773014e+01
    endloop
  endfacet
  facet normal 0.000000e+00 1.000000e+00 0.000000e+00
    outer loop
      vertex   -7.016798e+00 1.000000e+00 -1.744269e+01
      vertex   -7.064226e+00 1.000000e+00 -1.773014e+01
      vertex   -7.082635e+00 1.000000e+00 -1.743820e+01
    endloop
  endfacet
  facet normal 0.000000e+00 1.000000e+00 0.000000e+00
    outer loop
      vertex   -7.082635e+00 1.000000e+00 -1.743820e+01
      vertex   -7.064226e+00 1.000000e+00 -1.773014e+01
      vertex   -7.176416e+00 1.000000e+00 -1.772100e+01
    endloop
  endfacet
  facet normal 0.000000e+00 1.000000e+00 0.000000e+00
    outer loop
      vertex   -7.082635e+00 1.000000e+00 -1.743820e+01
      vertex   -7.176416e+00 1.000000e+00 -1.772100e+01
      vertex   -7.147960e+00 1.000000e+00 -1.743030e+01
    endloop
  endfacet
  facet normal 0.000000e+00 1.000000e+00 0.000000e+00
    outer loop
      vertex   -7.147960e+00 1.000000e+00 -1.743030e+01
      vertex   -7.176416e+00 1.000000e+00 -1.772100e+01
      vertex   -7.191289e+00 1.000000e+00 -1.772146e+01
    endloop
  endfacet
  facet normal 0.000000e+00 1.000000e+00 0.000000e+00
    outer loop
      vertex   -7.147960e+00 1.000000e+00 -1.743030e+01
      vertex   -7.191289e+00 1.000000e+00 -1.772146e+01
      vertex   -7.212531e+00 1.000000e+00 -1.741741e+01
    endloop
  endfacet
  facet normal 0.000000e+00 1.000000e+00 0.000000e+00
    outer loop
      vertex   -7.212531e+00 1.000000e+00 -1.741741e+01
      vertex   -7.191289e+00 1.000000e+00 -1.772146e+01
      vertex   -7.206140e+00 1.000000e+00 -1.772226e+01
    endloop
  endfacet
  facet normal 0.000000e+00 1.000000e+00 0.000000e+00
    outer loop
      vertex   -7.212531e+00 1.000000e+00 -1.741741e+01
      vertex   -7.206140e+00 1.000000e+00 -1.772226e+01
      vertex   -7.220959e+00 1.000000e+00 -1.772355e+01
    endloop
  endfacet
  facet normal 0.000000e+00 1.000000e+00 -0.000000e+00
    outer loop
      vertex   -7.220959e+00 1.000000e+00 -1.772355e+01
      vertex   -7.235761e+00 1.000000e+00 -1.772509e+01
      vertex   -7.212531e+00 1.000000e+00 -1.741741e+01
    endloop
  endfacet
  facet normal 0.000000e+00 1.000000e+00 0.000000e+00
    outer loop
      vertex   -7.212531e+00 1.000000e+00 -1.741741e+01
      vertex   -7.235761e+00 1.000000e+00 -1.772509e+01
      vertex   -7.276689e+00 1.000000e+00 -1.740176e+01
    endloop
  endfacet
  facet normal 9.992094e-01 0.000000e+00 -3.975652e-02
    outer loop
      vertex   -1.196244e+01 2.000000e+00 9.534020e-01
      vertex   -1.196244e+01 0.000000e+00 9.534020e-01
      vertex   -1.200037e+01 2.000000e+00 -1.132427e-13
    endloop
  endfacet
  facet normal 9.992094e-01 2.034935e-17 -3.975652e-02
    outer loop
      vertex   -1.200037e+01 2.000000e+00 -1.132427e-13
      vertex   -1.196244e+01 0.000000e+00 9.534020e-01
      vertex   -1.200037e+01 0.000000e+00 -1.142664e-13
    endloop
  endfacet
  facet normal 9.992094e-01 -2.034935e-17 3.975652e-02
    outer loop
      vertex   -1.200037e+01 2.000000e+00 -1.132427e-13
      vertex   -1.200037e+01 0.000000e+00 -1.142664e-13
      vertex   -1.196244e+01 2.000000e+00 -9.534020e-01
    endloop
  endfacet
  facet normal 9.992094e-01 0.000000e+00 3.975652e-02
    outer loop
      vertex   -1.196244e+01 2.000000e+00 -9.534020e-01
      vertex   -1.200037e+01 0.000000e+00 -1.142664e-13
      vertex   -1.196244e+01 0.000000e+00 -9.534020e-01
    endloop
  endfacet
  facet normal 9.928921e-01 0.000000e+00 1.190182e-01
    outer loop
      vertex   -1.196244e+01 2.000000e+00 -9.534020e-01
      vertex   -1.196244e+01 0.000000e+00 -9.534020e-01
      vertex   -1.184887e+01 2.000000e+00 -1.900776e+00
    endloop
  endfacet
  facet normal 9.928921e-01 0.000000e+00 1.190182e-01
    outer loop
      vertex   -1.184887e+01 2.000000e+00 -1.900776e+00
      vertex   -1.196244e+01 0.000000e+00 -9.534020e-01
      vertex   -1.184887e+01 0.000000e+00 -1.900776e+00
    endloop
  endfacet
  facet normal 9.802974e-01 0.000000e+00 1.975274e-01
    outer loop
      vertex   -1.184887e+01 2.000000e+00 -1.900776e+00
      vertex   -1.184887e+01 0.000000e+00 -1.900776e+00
      vertex   -1.166040e+01 2.000000e+00 -2.836133e+00
    endloop
  endfacet
  facet normal 9.802974e-01 0.000000e+00 1.975274e-01
    outer loop
      vertex   -1.166040e+01 2.000000e+00 -2.836133e+00
      vertex   -1.184887e+01 0.000000e+00 -1.900776e+00
      vertex   -1.166040e+01 0.000000e+00 -2.836133e+00
    endloop
  endfacet
  facet normal 9.615049e-01 0.000000e+00 2.747878e-01
    outer loop
      vertex   -1.166040e+01 2.000000e+00 -2.836133e+00
      vertex   -1.166040e+01 0.000000e+00 -2.836133e+00
      vertex   -1.139821e+01 2.000000e+00 -3.753559e+00
    endloop
  endfacet
  facet normal 9.615049e-01 0.000000e+00 2.747878e-01
    outer loop
      vertex   -1.139821e+01 2.000000e+00 -3.753559e+00
      vertex   -1.166040e+01 0.000000e+00 -2.836133e+00
      vertex   -1.139821e+01 0.000000e+00 -3.753559e+00
    endloop
  endfacet
  facet normal 9.366335e-01 0.000000e+00 3.503108e-01
    outer loop
      vertex   -1.139821e+01 2.000000e+00 -3.753559e+00
      vertex   -1.139821e+01 0.000000e+00 -3.753559e+00
      vertex   -1.106396e+01 2.000000e+00 -4.647254e+00
    endloop
  endfacet
  facet normal 9.366335e-01 0.000000e+00 3.503108e-01
    outer loop
      vertex   -1.106396e+01 2.000000e+00 -4.647254e+00
      vertex   -1.139821e+01 0.000000e+00 -3.753559e+00
      vertex   -1.106396e+01 0.000000e+00 -4.647254e+00
    endloop
  endfacet
  facet normal 9.058404e-01 0.000000e+00 4.236191e-01
    outer loop
      vertex   -1.106396e+01 2.000000e+00 -4.647254e+00
      vertex   -1.106396e+01 0.000000e+00 -4.647254e+00
      vertex   -1.065976e+01 2.000000e+00 -5.511567e+00
    endloop
  endfacet
  facet normal 9.058404e-01 0.000000e+00 4.236191e-01
    outer loop
      vertex   -1.065976e+01 2.000000e+00 -5.511567e+00
      vertex   -1.106396e+01 0.000000e+00 -4.647254e+00
      vertex   -1.065976e+01 0.000000e+00 -5.511567e+00
    endloop
  endfacet
  facet normal 8.693203e-01 0.000000e+00 4.942492e-01
    outer loop
      vertex   -1.065976e+01 2.000000e+00 -5.511567e+00
      vertex   -1.065976e+01 0.000000e+00 -5.511567e+00
      vertex   -1.018817e+01 2.000000e+00 -6.341035e+00
    endloop
  endfacet
  facet normal 8.693203e-01 0.000000e+00 4.942492e-01
    outer loop
      vertex   -1.018817e+01 2.000000e+00 -6.341035e+00
      vertex   -1.065976e+01 0.000000e+00 -5.511567e+00
      vertex   -1.018817e+01 0.000000e+00 -6.341035e+00
    endloop
  endfacet
  facet normal 8.273040e-01 0.000000e+00 5.617544e-01
    outer loop
      vertex   -1.018817e+01 2.000000e+00 -6.341035e+00
      vertex   -1.018817e+01 0.000000e+00 -6.341035e+00
      vertex   -9.652169e+00 2.000000e+00 -7.130412e+00
    endloop
  endfacet
  facet normal 8.273040e-01 0.000000e+00 5.617544e-01
    outer loop
      vertex   -9.652169e+00 2.000000e+00 -7.130412e+00
      vertex   -1.018817e+01 0.000000e+00 -6.341035e+00
      vertex   -9.652169e+00 0.000000e+00 -7.130412e+00
    endloop
  endfacet
  facet normal 7.800573e-01 0.000000e+00 6.257081e-01
    outer loop
      vertex   -9.652169e+00 2.000000e+00 -7.130412e+00
      vertex   -9.652169e+00 0.000000e+00 -7.130412e+00
      vertex   -9.055146e+00 2.000000e+00 -7.874709e+00
    endloop
  endfacet
  facet normal 7.800573e-01 0.000000e+00 6.257081e-01
    outer loop
      vertex   -9.055146e+00 2.000000e+00 -7.874709e+00
      vertex   -9.652169e+00 0.000000e+00 -7.130412e+00
      vertex   -9.055146e+00 0.000000e+00 -7.874709e+00
    endloop
  endfacet
  facet normal 7.278788e-01 0.000000e+00 6.857058e-01
    outer loop
      vertex   -9.055146e+00 2.000000e+00 -7.874709e+00
      vertex   -9.055146e+00 0.000000e+00 -7.874709e+00
      vertex   -8.400876e+00 2.000000e+00 -8.569219e+00
    endloop
  endfacet
  facet normal 7.278788e-01 0.000000e+00 6.857058e-01
    outer loop
      vertex   -8.400876e+00 2.000000e+00 -8.569219e+00
      vertex   -9.055146e+00 0.000000e+00 -7.874709e+00
      vertex   -8.400876e+00 0.000000e+00 -8.569219e+00
    endloop
  endfacet
  facet normal 6.710984e-01 0.000000e+00 7.413683e-01
    outer loop
      vertex   -8.400876e+00 2.000000e+00 -8.569219e+00
      vertex   -8.400876e+00 0.000000e+00 -8.569219e+00
      vertex   -7.693494e+00 2.000000e+00 -9.209552e+00
    endloop
  endfacet
  facet normal 6.710984e-01 0.000000e+00 7.413683e-01
    outer loop
      vertex   -7.693494e+00 2.000000e+00 -9.209552e+00
      vertex   -8.400876e+00 0.000000e+00 -8.569219e+00
      vertex   -7.693494e+00 0.000000e+00 -9.209552e+00
    endloop
  endfacet
  facet normal 6.100751e-01 0.000000e+00 7.923436e-01
    outer loop
      vertex   -7.693494e+00 2.000000e+00 -9.209552e+00
      vertex   -7.693494e+00 0.000000e+00 -9.209552e+00
      vertex   -6.937475e+00 2.000000e+00 -9.791659e+00
    endloop
  endfacet
  facet normal 6.100751e-01 0.000000e+00 7.923436e-01
    outer loop
      vertex   -6.937475e+00 2.000000e+00 -9.791659e+00
      vertex   -7.693494e+00 0.000000e+00 -9.209552e+00
      vertex   -6.937475e+00 0.000000e+00 -9.791659e+00
    endloop
  endfacet
  facet normal 5.451948e-01 0.000000e+00 8.383094e-01
    outer loop
      vertex   -6.937475e+00 2.000000e+00 -9.791659e+00
      vertex   -6.937475e+00 0.000000e+00 -9.791659e+00
      vertex   -6.137596e+00 2.000000e+00 -1.031186e+01
    endloop
  endfacet
  facet normal 5.451948e-01 0.000000e+00 8.383094e-01
    outer loop
      vertex   -6.137596e+00 2.000000e+00 -1.031186e+01
      vertex   -6.937475e+00 0.000000e+00 -9.791659e+00
      vertex   -6.137596e+00 0.000000e+00 -1.031186e+01
    endloop
  endfacet
  facet normal 4.768675e-01 0.000000e+00 8.789752e-01
    outer loop
      vertex   -6.137596e+00 2.000000e+00 -1.031186e+01
      vertex   -6.137596e+00 0.000000e+00 -1.031186e+01
      vertex   -5.298917e+00 2.000000e+00 -1.076687e+01
    endloop
  endfacet
  facet normal 4.768675e-01 0.000000e+00 8.789752e-01
    outer loop
      vertex   -5.298917e+00 2.000000e+00 -1.076687e+01
      vertex   -6.137596e+00 0.000000e+00 -1.031186e+01
      vertex   -5.298917e+00 0.000000e+00 -1.076687e+01
    endloop
  endfacet
  facet normal 4.055253e-01 0.000000e+00 9.140838e-01
    outer loop
      vertex   -5.298917e+00 2.000000e+00 -1.076687e+01
      vertex   -5.298917e+00 0.000000e+00 -1.076687e+01
      vertex   -4.426738e+00 2.000000e+00 -1.115380e+01
    endloop
  endfacet
  facet normal 4.055253e-01 0.000000e+00 9.140838e-01
    outer loop
      vertex   -4.426738e+00 2.000000e+00 -1.115380e+01
      vertex   -5.298917e+00 0.000000e+00 -1.076687e+01
      vertex   -4.426738e+00 0.000000e+00 -1.115380e+01
    endloop
  endfacet
  facet normal 3.316193e-01 0.000000e+00 9.434133e-01
    outer loop
      vertex   -4.426738e+00 2.000000e+00 -1.115380e+01
      vertex   -4.426738e+00 0.000000e+00 -1.115380e+01
      vertex   -3.526574e+00 2.000000e+00 -1.147022e+01
    endloop
  endfacet
  facet normal 3.316193e-01 0.000000e+00 9.434133e-01
    outer loop
      vertex   -3.526574e+00 2.000000e+00 -1.147022e+01
      vertex   -4.426738e+00 0.000000e+00 -1.115380e+01
      vertex   -3.526574e+00 0.000000e+00 -1.147022e+01
    endloop
  endfacet
  facet normal 2.556166e-01 0.000000e+00 9.667782e-01
    outer loop
      vertex   -3.526574e+00 2.000000e+00 -1.147022e+01
      vertex   -3.526574e+00 0.000000e+00 -1.147022e+01
      vertex   -2.604116e+00 2.000000e+00 -1.171412e+01
    endloop
  endfacet
  facet normal 2.556166e-01 0.000000e+00 9.667782e-01
    outer loop
      vertex   -2.604116e+00 2.000000e+00 -1.171412e+01
      vertex   -3.526574e+00 0.000000e+00 -1.147022e+01
      vertex   -2.604116e+00 0.000000e+00 -1.171412e+01
    endloop
  endfacet
  facet normal 1.779979e-01 0.000000e+00 9.840309e-01
    outer loop
      vertex   -2.604116e+00 2.000000e+00 -1.171412e+01
      vertex   -2.604116e+00 0.000000e+00 -1.171412e+01
      vertex   -1.665197e+00 2.000000e+00 -1.188395e+01
    endloop
  endfacet
  facet normal 1.779979e-01 0.000000e+00 9.840309e-01
    outer loop
      vertex   -1.665197e+00 2.000000e+00 -1.188395e+01
      vertex   -2.604116e+00 0.000000e+00 -1.171412e+01
      vertex   -1.665197e+00 0.000000e+00 -1.188395e+01
    endloop
  endfacet
  facet normal 9.925380e-02 0.000000e+00 9.950622e-01
    outer loop
      vertex   -1.665197e+00 2.000000e+00 -1.188395e+01
      vertex   -1.665197e+00 0.000000e+00 -1.188395e+01
      vertex   -7.157522e-01 2.000000e+00 -1.197866e+01
    endloop
  endfacet
  facet normal 9.925380e-02 0.000000e+00 9.950622e-01
    outer loop
      vertex   -7.157522e-01 2.000000e+00 -1.197866e+01
      vertex   -1.665197e+00 0.000000e+00 -1.188395e+01
      vertex   -7.157522e-01 0.000000e+00 -1.197866e+01
    endloop
  endfacet
  facet normal 1.988219e-02 0.000000e+00 9.998023e-01
    outer loop
      vertex   -7.157522e-01 2.000000e+00 -1.197866e+01
      vertex   -7.157522e-01 0.000000e+00 -1.197866e+01
      vertex   2.382155e-01 2.000000e+00 -1.199763e+01
    endloop
  endfacet
  facet normal 1.988219e-02 0.000000e+00 9.998023e-01
    outer loop
      vertex   2.382155e-01 2.000000e+00 -1.199763e+01
      vertex   -7.157522e-01 0.000000e+00 -1.197866e+01
      vertex   2.382155e-01 0.000000e+00 -1.199763e+01
    endloop
  endfacet
  facet normal -5.961513e-02 0.000000e+00 9.982214e-01
    outer loop
      vertex   2.382155e-01 2.000000e+00 -1.199763e+01
      vertex   2.382155e-01 0.000000e+00 -1.199763e+01
      vertex   1.190675e+00 2.000000e+00 -1.194075e+01
    endloop
  endfacet
  facet normal -5.961513e-02 0.000000e+00 9.982214e-01
    outer loop
      vertex   1.190675e+00 2.000000e+00 -1.194075e+01
      vertex   2.382155e-01 0.000000e+00 -1.199763e+01
      vertex   1.190675e+00 0.000000e+00 -1.194075e+01
    endloop
  endfacet
  facet normal -1.387355e-01 0.000000e+00 9.903295e-01
    outer loop
      vertex   1.190675e+00 2.000000e+00 -1.194075e+01
      vertex   1.190675e+00 0.000000e+00 -1.194075e+01
      vertex   2.135604e+00 2.000000e+00 -1.180837e+01
    endloop
  endfacet
  facet normal -1.387355e-01 0.000000e+00 9.903295e-01
    outer loop
      vertex   2.135604e+00 2.000000e+00 -1.180837e+01
      vertex   1.190675e+00 0.000000e+00 -1.194075e+01
      vertex   2.135604e+00 0.000000e+00 -1.180837e+01
    endloop
  endfacet
  facet normal -2.169788e-01 0.000000e+00 9.761763e-01
    outer loop
      vertex   2.135604e+00 2.000000e+00 -1.180837e+01
      vertex   2.135604e+00 0.000000e+00 -1.180837e+01
      vertex   3.067029e+00 2.000000e+00 -1.160134e+01
    endloop
  endfacet
  facet normal -2.169788e-01 0.000000e+00 9.761763e-01
    outer loop
      vertex   3.067029e+00 2.000000e+00 -1.160134e+01
      vertex   2.135604e+00 0.000000e+00 -1.180837e+01
      vertex   3.067029e+00 0.000000e+00 -1.160134e+01
    endloop
  endfacet
  facet normal -2.938503e-01 0.000000e+00 9.558515e-01
    outer loop
      vertex   3.067029e+00 2.000000e+00 -1.160134e+01
      vertex   3.067029e+00 0.000000e+00 -1.160134e+01
      vertex   3.979061e+00 2.000000e+00 -1.132096e+01
    endloop
  endfacet
  facet normal -2.938503e-01 0.000000e+00 9.558515e-01
    outer loop
      vertex   3.979061e+00 2.000000e+00 -1.132096e+01
      vertex   3.067029e+00 0.000000e+00 -1.160134e+01
      vertex   3.979061e+00 0.000000e+00 -1.132096e+01
    endloop
  endfacet
  facet normal -3.688639e-01 0.000000e+00 9.294834e-01
    outer loop
      vertex   3.979061e+00 2.000000e+00 -1.132096e+01
      vertex   3.979061e+00 0.000000e+00 -1.132096e+01
      vertex   4.865933e+00 2.000000e+00 -1.096901e+01
    endloop
  endfacet
  facet normal -3.688639e-01 0.000000e+00 9.294834e-01
    outer loop
      vertex   4.865933e+00 2.000000e+00 -1.096901e+01
      vertex   3.979061e+00 0.000000e+00 -1.132096e+01
      vertex   4.865933e+00 0.000000e+00 -1.096901e+01
    endloop
  endfacet
  facet normal -4.415455e-01 0.000000e+00 8.972389e-01
    outer loop
      vertex   4.865933e+00 2.000000e+00 -1.096901e+01
      vertex   4.865933e+00 0.000000e+00 -1.096901e+01
      vertex   5.722039e+00 2.000000e+00 -1.054770e+01
    endloop
  endfacet
  facet normal -4.415455e-01 0.000000e+00 8.972389e-01
    outer loop
      vertex   5.722039e+00 2.000000e+00 -1.054770e+01
      vertex   4.865933e+00 0.000000e+00 -1.096901e+01
      vertex   5.722039e+00 0.000000e+00 -1.054770e+01
    endloop
  endfacet
  facet normal -5.114355e-01 0.000000e+00 8.593217e-01
    outer loop
      vertex   5.722039e+00 2.000000e+00 -1.054770e+01
      vertex   5.722039e+00 0.000000e+00 -1.054770e+01
      vertex   6.541967e+00 2.000000e+00 -1.005971e+01
    endloop
  endfacet
  facet normal -5.114355e-01 0.000000e+00 8.593217e-01
    outer loop
      vertex   6.541967e+00 2.000000e+00 -1.005971e+01
      vertex   5.722039e+00 0.000000e+00 -1.054770e+01
      vertex   6.541967e+00 0.000000e+00 -1.005971e+01
    endloop
  endfacet
  facet normal -5.780920e-01 0.000000e+00 8.159716e-01
    outer loop
      vertex   6.541967e+00 2.000000e+00 -1.005971e+01
      vertex   6.541967e+00 0.000000e+00 -1.005971e+01
      vertex   7.320531e+00 2.000000e+00 -9.508123e+00
    endloop
  endfacet
  facet normal -5.780920e-01 0.000000e+00 8.159716e-01
    outer loop
      vertex   7.320531e+00 2.000000e+00 -9.508123e+00
      vertex   6.541967e+00 0.000000e+00 -1.005971e+01
      vertex   7.320531e+00 0.000000e+00 -9.508123e+00
    endloop
  endfacet
  facet normal -6.410936e-01 0.000000e+00 7.674627e-01
    outer loop
      vertex   7.320531e+00 2.000000e+00 -9.508123e+00
      vertex   7.320531e+00 0.000000e+00 -9.508123e+00
      vertex   8.052810e+00 2.000000e+00 -8.896419e+00
    endloop
  endfacet
  facet normal -6.410936e-01 0.000000e+00 7.674627e-01
    outer loop
      vertex   8.052810e+00 2.000000e+00 -8.896419e+00
      vertex   7.320531e+00 0.000000e+00 -9.508123e+00
      vertex   8.052810e+00 0.000000e+00 -8.896419e+00
    endloop
  endfacet
  facet normal -7.000421e-01 0.000000e+00 7.141016e-01
    outer loop
      vertex   8.052810e+00 2.000000e+00 -8.896419e+00
      vertex   8.052810e+00 0.000000e+00 -8.896419e+00
      vertex   8.734175e+00 2.000000e+00 -8.228470e+00
    endloop
  endfacet
  facet normal -7.000421e-01 0.000000e+00 7.141016e-01
    outer loop
      vertex   8.734175e+00 2.000000e+00 -8.228470e+00
      vertex   8.052810e+00 0.000000e+00 -8.896419e+00
      vertex   8.734175e+00 0.000000e+00 -8.228470e+00
    endloop
  endfacet
  facet normal -7.545646e-01 0.000000e+00 6.562257e-01
    outer loop
      vertex   8.734175e+00 2.000000e+00 -8.228470e+00
      vertex   8.734175e+00 0.000000e+00 -8.228470e+00
      vertex   9.360317e+00 2.000000e+00 -7.508497e+00
    endloop
  endfacet
  facet normal -7.545646e-01 0.000000e+00 6.562257e-01
    outer loop
      vertex   9.360317e+00 2.000000e+00 -7.508497e+00
      vertex   8.734175e+00 0.000000e+00 -8.228470e+00
      vertex   9.360317e+00 0.000000e+00 -7.508497e+00
    endloop
  endfacet
  facet normal -8.043166e-01 0.000000e+00 5.942010e-01
    outer loop
      vertex   9.360317e+00 2.000000e+00 -7.508497e+00
      vertex   9.360317e+00 0.000000e+00 -7.508497e+00
      vertex   9.927278e+00 2.000000e+00 -6.741053e+00
    endloop
  endfacet
  facet normal -8.043166e-01 0.000000e+00 5.942010e-01
    outer loop
      vertex   9.927278e+00 2.000000e+00 -6.741053e+00
      vertex   9.360317e+00 0.000000e+00 -7.508497e+00
      vertex   9.927278e+00 0.000000e+00 -6.741053e+00
    endloop
  endfacet
  facet normal -8.489834e-01 0.000000e+00 5.284196e-01
    outer loop
      vertex   9.927278e+00 2.000000e+00 -6.741053e+00
      vertex   9.927278e+00 0.000000e+00 -6.741053e+00
      vertex   1.043147e+01 2.000000e+00 -5.930990e+00
    endloop
  endfacet
  facet normal -8.489834e-01 0.000000e+00 5.284196e-01
    outer loop
      vertex   1.043147e+01 2.000000e+00 -5.930990e+00
      vertex   9.927278e+00 0.000000e+00 -6.741053e+00
      vertex   1.043147e+01 0.000000e+00 -5.930990e+00
    endloop
  endfacet
  facet normal -8.882826e-01 0.000000e+00 4.592973e-01
    outer loop
      vertex   1.043147e+01 2.000000e+00 -5.930990e+00
      vertex   1.043147e+01 0.000000e+00 -5.930990e+00
      vertex   1.086971e+01 2.000000e+00 -5.083430e+00
    endloop
  endfacet
  facet normal -8.882826e-01 0.000000e+00 4.592973e-01
    outer loop
      vertex   1.086971e+01 2.000000e+00 -5.083430e+00
      vertex   1.043147e+01 0.000000e+00 -5.930990e+00
      vertex   1.086971e+01 0.000000e+00 -5.083430e+00
    endloop
  endfacet
  facet normal -9.219659e-01 0.000000e+00 3.872712e-01
    outer loop
      vertex   1.086971e+01 2.000000e+00 -5.083430e+00
      vertex   1.086971e+01 0.000000e+00 -5.083430e+00
      vertex   1.123923e+01 2.000000e+00 -4.203730e+00
    endloop
  endfacet
  facet normal -9.219659e-01 0.000000e+00 3.872712e-01
    outer loop
      vertex   1.123923e+01 2.000000e+00 -4.203730e+00
      vertex   1.086971e+01 0.000000e+00 -5.083430e+00
      vertex   1.123923e+01 0.000000e+00 -4.203730e+00
    endloop
  endfacet
  facet normal -9.498201e-01 0.000000e+00 3.127966e-01
    outer loop
      vertex   1.123923e+01 2.000000e+00 -4.203730e+00
      vertex   1.123923e+01 0.000000e+00 -4.203730e+00
      vertex   1.153769e+01 2.000000e+00 -3.297453e+00
    endloop
  endfacet
  facet normal -9.498201e-01 0.000000e+00 3.127966e-01
    outer loop
      vertex   1.153769e+01 2.000000e+00 -3.297453e+00
      vertex   1.123923e+01 0.000000e+00 -4.203730e+00
      vertex   1.153769e+01 0.000000e+00 -3.297453e+00
    endloop
  endfacet
  facet normal -9.716693e-01 0.000000e+00 2.363444e-01
    outer loop
      vertex   1.153769e+01 2.000000e+00 -3.297453e+00
      vertex   1.153769e+01 0.000000e+00 -3.297453e+00
      vertex   1.176320e+01 2.000000e+00 -2.370329e+00
    endloop
  endfacet
  facet normal -9.716693e-01 0.000000e+00 2.363444e-01
    outer loop
      vertex   1.176320e+01 2.000000e+00 -2.370329e+00
      vertex   1.153769e+01 0.000000e+00 -3.297453e+00
      vertex   1.176320e+01 0.000000e+00 -2.370329e+00
    endloop
  endfacet
  facet normal -9.873753e-01 0.000000e+00 1.583980e-01
    outer loop
      vertex   1.176320e+01 2.000000e+00 -2.370329e+00
      vertex   1.176320e+01 0.000000e+00 -2.370329e+00
      vertex   1.191433e+01 2.000000e+00 -1.428218e+00
    endloop
  endfacet
  facet normal -9.873753e-01 0.000000e+00 1.583980e-01
    outer loop
      vertex   1.191433e+01 2.000000e+00 -1.428218e+00
      vertex   1.176320e+01 0.000000e+00 -2.370329e+00
      vertex   1.191433e+01 0.000000e+00 -1.428218e+00
    endloop
  endfacet
  facet normal -9.968388e-01 0.000000e+00 7.945017e-02
    outer loop
      vertex   1.191433e+01 2.000000e+00 -1.428218e+00
      vertex   1.191433e+01 0.000000e+00 -1.428218e+00
      vertex   1.199014e+01 2.000000e+00 -4.770782e-01
    endloop
  endfacet
  facet normal -9.968388e-01 0.000000e+00 7.945017e-02
    outer loop
      vertex   1.199014e+01 2.000000e+00 -4.770782e-01
      vertex   1.191433e+01 0.000000e+00 -1.428218e+00
      vertex   1.199014e+01 0.000000e+00 -4.770782e-01
    endloop
  endfacet
  facet normal -1.000000e+00 0.000000e+00 0.000000e+00
    outer loop
      vertex   1.199014e+01 2.000000e+00 -4.770782e-01
      vertex   1.199014e+01 0.000000e+00 -4.770782e-01
      vertex   1.199014e+01 2.000000e+00 4.770782e-01
    endloop
  endfacet
  facet normal -1.000000e+00 -0.000000e+00 0.000000e+00
    outer loop
      vertex   1.199014e+01 2.000000e+00 4.770782e-01
      vertex   1.199014e+01 0.000000e+00 -4.770782e-01
      vertex   1.199014e+01 0.000000e+00 4.770782e-01
    endloop
  endfacet
  facet normal -9.968388e-01 -0.000000e+00 -7.945017e-02
    outer loop
      vertex   1.199014e+01 2.000000e+00 4.770782e-01
      vertex   1.199014e+01 0.000000e+00 4.770782e-01
      vertex   1.191433e+01 2.000000e+00 1.428218e+00
    endloop
  endfacet
  facet normal -9.968388e-01 -0.000000e+00 -7.945017e-02
    outer loop
      vertex   1.191433e+01 2.000000e+00 1.428218e+00
      vertex   1.199014e+01 0.000000e+00 4.770782e-01
      vertex   1.191433e+01 0.000000e+00 1.428218e+00
    endloop
  endfacet
  facet normal -9.873753e-01 -0.000000e+00 -1.583980e-01
    outer loop
      vertex   1.191433e+01 2.000000e+00 1.428218e+00
      vertex   1.191433e+01 0.000000e+00 1.428218e+00
      vertex   1.176320e+01 2.000000e+00 2.370329e+00
    endloop
  endfacet
  facet normal -9.873753e-01 -0.000000e+00 -1.583980e-01
    outer loop
      vertex   1.176320e+01 2.000000e+00 2.370329e+00
      vertex   1.191433e+01 0.000000e+00 1.428218e+00
      vertex   1.176320e+01 0.000000e+00 2.370329e+00
    endloop
  endfacet
  facet normal -9.716693e-01 -0.000000e+00 -2.363444e-01
    outer loop
      vertex   1.176320e+01 2.000000e+00 2.370329e+00
      vertex   1.176320e+01 0.000000e+00 2.370329e+00
      vertex   1.153769e+01 2.000000e+00 3.297453e+00
    endloop
  endfacet
  facet normal -9.716693e-01 -0.000000e+00 -2.363444e-01
    outer loop
      vertex   1.153769e+01 2.000000e+00 3.297453e+00
      vertex   1.176320e+01 0.000000e+00 2.370329e+00
      vertex   1.153769e+01 0.000000e+00 3.297453e+00
    endloop
  endfacet
  facet normal -9.498201e-01 -0.000000e+00 -3.127966e-01
    outer loop
      vertex   1.153769e+01 2.000000e+00 3.297453e+00
      vertex   1.153769e+01 0.000000e+00 3.297453e+00
      vertex   1.123923e+01 2.000000e+00 4.203730e+00
    endloop
  endfacet
  facet normal -9.498201e-01 -0.000000e+00 -3.127966e-01
    outer loop
      vertex   1.123923e+01 2.000000e+00 4.203730e+00
      vertex   1.153769e+01 0.000000e+00 3.297453e+00
      vertex   1.123923e+01 0.000000e+00 4.203730e+00
    endloop
  endfacet
  facet normal -9.219659e-01 -0.000000e+00 -3.872712e-01
    outer loop
      vertex   1.123923e+01 2.000000e+00 4.203730e+00
      vertex   1.123923e+01 0.000000e+00 4.203730e+00
      vertex   1.086971e+01 2.000000e+00 5.083430e+00
    endloop
  endfacet
  facet normal -9.219659e-01 -0.000000e+00 -3.872712e-01
    outer loop
      vertex   1.086971e+01 2.000000e+00 5.083430e+00
      vertex   1.123923e+01 0.000000e+00 4.203730e+00
      vertex   1.086971e+01 0.000000e+00 5.083430e+00
    endloop
  endfacet
  facet normal -8.882826e-01 -0.000000e+00 -4.592973e-01
    outer loop
      vertex   1.086971e+01 2.000000e+00 5.083430e+00
      vertex   1.086971e+01 0.000000e+00 5.083430e+00
      vertex   1.043147e+01 2.000000e+00 5.930990e+00
    endloop
  endfacet
  facet normal -8.882826e-01 -0.000000e+00 -4.592973e-01
    outer loop
      vertex   1.043147e+01 2.000000e+00 5.930990e+00
      vertex   1.086971e+01 0.000000e+00 5.083430e+00
      vertex   1.043147e+01 0.000000e+00 5.930990e+00
    endloop
  endfacet
  facet normal -8.489834e-01 -0.000000e+00 -5.284196e-01
    outer loop
      vertex   1.043147e+01 2.000000e+00 5.930990e+00
      vertex   1.043147e+01 0.000000e+00 5.930990e+00
      vertex   9.927278e+00 2.000000e+00 6.741053e+00
    endloop
  endfacet
  facet normal -8.489834e-01 -0.000000e+00 -5.284196e-01
    outer loop
      vertex   9.927278e+00 2.000000e+00 6.741053e+00
      vertex   1.043147e+01 0.000000e+00 5.930990e+00
      vertex   9.927278e+00 0.000000e+00 6.741053e+00
    endloop
  endfacet
  facet normal -8.043166e-01 -0.000000e+00 -5.942010e-01
    outer loop
      vertex   9.927278e+00 2.000000e+00 6.741053e+00
      vertex   9.927278e+00 0.000000e+00 6.741053e+00
      vertex   9.360317e+00 2.000000e+00 7.508497e+00
    endloop
  endfacet
  facet normal -8.043166e-01 -0.000000e+00 -5.942010e-01
    outer loop
      vertex   9.360317e+00 2.000000e+00 7.508497e+00
      vertex   9.927278e+00 0.000000e+00 6.741053e+00
      vertex   9.360317e+00 0.000000e+00 7.508497e+00
    endloop
  endfacet
  facet normal -7.545646e-01 -0.000000e+00 -6.562257e-01
    outer loop
      vertex   9.360317e+00 2.000000e+00 7.508497e+00
      vertex   9.360317e+00 0.000000e+00 7.508497e+00
      vertex   8.734175e+00 2.000000e+00 8.228470e+00
    endloop
  endfacet
  facet normal -7.545646e-01 -0.000000e+00 -6.562257e-01
    outer loop
      vertex   8.734175e+00 2.000000e+00 8.228470e+00
      vertex   9.360317e+00 0.000000e+00 7.508497e+00
      vertex   8.734175e+00 0.000000e+00 8.228470e+00
    endloop
  endfacet
  facet normal -7.000421e-01 -0.000000e+00 -7.141016e-01
    outer loop
      vertex   8.734175e+00 2.000000e+00 8.228470e+00
      vertex   8.734175e+00 0.000000e+00 8.228470e+00
      vertex   8.052810e+00 2.000000e+00 8.896419e+00
    endloop
  endfacet
  facet normal -7.000421e-01 -0.000000e+00 -7.141016e-01
    outer loop
      vertex   8.052810e+00 2.000000e+00 8.896419e+00
      vertex   8.734175e+00 0.000000e+00 8.228470e+00
      vertex   8.052810e+00 0.000000e+00 8.896419e+00
    endloop
  endfacet
  facet normal -6.410936e-01 -0.000000e+00 -7.674627e-01
    outer loop
      vertex   8.052810e+00 2.000000e+00 8.896419e+00
      vertex   8.052810e+00 0.000000e+00 8.896419e+00
      vertex   7.320531e+00 2.000000e+00 9.508123e+00
    endloop
  endfacet
  facet normal -6.410936e-01 -0.000000e+00 -7.674627e-01
    outer loop
      vertex   7.320531e+00 2.000000e+00 9.508123e+00
      vertex   8.052810e+00 0.000000e+00 8.896419e+00
      vertex   7.320531e+00 0.000000e+00 9.508123e+00
    endloop
  endfacet
  facet normal -5.780920e-01 -0.000000e+00 -8.159716e-01
    outer loop
      vertex   7.320531e+00 2.000000e+00 9.508123e+00
      vertex   7.320531e+00 0.000000e+00 9.508123e+00
      vertex   6.541967e+00 2.000000e+00 1.005971e+01
    endloop
  endfacet
  facet normal -5.780920e-01 -0.000000e+00 -8.159716e-01
    outer loop
      vertex   6.541967e+00 2.000000e+00 1.005971e+01
      vertex   7.320531e+00 0.000000e+00 9.508123e+00
      vertex   6.541967e+00 0.000000e+00 1.005971e+01
    endloop
  endfacet
  facet normal -5.114355e-01 -0.000000e+00 -8.593217e-01
    outer loop
      vertex   6.541967e+00 2.000000e+00 1.005971e+01
      vertex   6.541967e+00 0.000000e+00 1.005971e+01
      vertex   5.722039e+00 2.000000e+00 1.054770e+01
    endloop
  endfacet
  facet normal -5.114355e-01 -0.000000e+00 -8.593217e-01
    outer loop
      vertex   5.722039e+00 2.000000e+00 1.054770e+01
      vertex   6.541967e+00 0.000000e+00 1.005971e+01
      vertex   5.722039e+00 0.000000e+00 1.054770e+01
    endloop
  endfacet
  facet normal -4.415455e-01 -0.000000e+00 -8.972389e-01
    outer loop
      vertex   5.722039e+00 2.000000e+00 1.054770e+01
      vertex   5.722039e+00 0.000000e+00 1.054770e+01
      vertex   4.865933e+00 2.000000e+00 1.096901e+01
    endloop
  endfacet
  facet normal -4.415455e-01 -0.000000e+00 -8.972389e-01
    outer loop
      vertex   4.865933e+00 2.000000e+00 1.096901e+01
      vertex   5.722039e+00 0.000000e+00 1.054770e+01
      vertex   4.865933e+00 0.000000e+00 1.096901e+01
    endloop
  endfacet
  facet normal -3.688639e-01 -0.000000e+00 -9.294834e-01
    outer loop
      vertex   4.865933e+00 2.000000e+00 1.096901e+01
      vertex   4.865933e+00 0.000000e+00 1.096901e+01
      vertex   3.979061e+00 2.000000e+00 1.132096e+01
    endloop
  endfacet
  facet normal -3.688639e-01 -0.000000e+00 -9.294834e-01
    outer loop
      vertex   3.979061e+00 2.000000e+00 1.132096e+01
      vertex   4.865933e+00 0.000000e+00 1.096901e+01
      vertex   3.979061e+00 0.000000e+00 1.132096e+01
    endloop
  endfacet
  facet normal -2.938503e-01 -0.000000e+00 -9.558515e-01
    outer loop
      vertex   3.979061e+00 2.000000e+00 1.132096e+01
      vertex   3.979061e+00 0.000000e+00 1.132096e+01
      vertex   3.067029e+00 2.000000e+00 1.160134e+01
    endloop
  endfacet
  facet normal -2.938503e-01 -0.000000e+00 -9.558515e-01
    outer loop
      vertex   3.067029e+00 2.000000e+00 1.160134e+01
      vertex   3.979061e+00 0.000000e+00 1.132096e+01
      vertex   3.067029e+00 0.000000e+00 1.160134e+01
    endloop
  endfacet
  facet normal -2.169788e-01 -0.000000e+00 -9.761763e-01
    outer loop
      vertex   3.067029e+00 2.000000e+00 1.160134e+01
      vertex   3.067029e+00 0.000000e+00 1.160134e+01
      vertex   2.135604e+00 2.000000e+00 1.180837e+01
    endloop
  endfacet
  facet normal -2.169788e-01 -0.000000e+00 -9.761763e-01
    outer loop
      vertex   2.135604e+00 2.000000e+00 1.180837e+01
      vertex   3.067029e+00 0.000000e+00 1.160134e+01
      vertex   2.135604e+00 0.000000e+00 1.180837e+01
    endloop
  endfacet
  facet normal -1.387355e-01 -0.000000e+00 -9.903295e-01
    outer loop
      vertex   2.135604e+00 2.000000e+00 1.180837e+01
      vertex   2.135604e+00 0.000000e+00 1.180837e+01
      vertex   1.190675e+00 2.000000e+00 1.194075e+01
    endloop
  endfacet
  facet normal -1.387355e-01 -0.000000e+00 -9.903295e-01
    outer loop
      vertex   1.190675e+00 2.000000e+00 1.194075e+01
      vertex   2.135604e+00 0.000000e+00 1.180837e+01
      vertex   1.190675e+00 0.000000e+00 1.194075e+01
    endloop
  endfacet
  facet normal -5.961513e-02 -0.000000e+00 -9.982214e-01
    outer loop
      vertex   1.190675e+00 2.000000e+00 1.194075e+01
      vertex   1.190675e+00 0.000000e+00 1.194075e+01
      vertex   2.382155e-01 2.000000e+00 1.199763e+01
    endloop
  endfacet
  facet normal -5.961513e-02 -0.000000e+00 -9.982214e-01
    outer loop
      vertex   2.382155e-01 2.000000e+00 1.199763e+01
      vertex   1.190675e+00 0.000000e+00 1.194075e+01
      vertex   2.382155e-01 0.000000e+00 1.199763e+01
    endloop
  endfacet
  facet normal 1.988219e-02 0.000000e+00 -9.998023e-01
    outer loop
      vertex   2.382155e-01 2.000000e+00 1.199763e+01
      vertex   2.382155e-01 0.000000e+00 1.199763e+01
      vertex   -7.157522e-01 2.000000e+00 1.197866e+01
    endloop
  endfacet
  facet normal 1.988219e-02 0.000000e+00 -9.998023e-01
    outer loop
      vertex   -7.157522e-01 2.000000e+00 1.197866e+01
      vertex   2.382155e-01 0.000000e+00 1.199763e+01
      vertex   -7.157522e-01 0.000000e+00 1.197866e+01
    endloop
  endfacet
  facet normal 9.925380e-02 0.000000e+00 -9.950622e-01
    outer loop
      vertex   -7.157522e-01 2.000000e+00 1.197866e+01
      vertex   -7.157522e-01 0.000000e+00 1.197866e+01
      vertex   -1.665197e+00 2.000000e+00 1.188395e+01
    endloop
  endfacet
  facet normal 9.925380e-02 0.000000e+00 -9.950622e-01
    outer loop
      vertex   -1.665197e+00 2.000000e+00 1.188395e+01
      vertex   -7.157522e-01 0.000000e+00 1.197866e+01
      vertex   -1.665197e+00 0.000000e+00 1.188395e+01
    endloop
  endfacet
  facet normal 1.779979e-01 0.000000e+00 -9.840309e-01
    outer loop
      vertex   -1.665197e+00 2.000000e+00 1.188395e+01
      vertex   -1.665197e+00 0.000000e+00 1.188395e+01
      vertex   -2.604116e+00 2.000000e+00 1.171412e+01
    endloop
  endfacet
  facet normal 1.779979e-01 0.000000e+00 -9.840309e-01
    outer loop
      vertex   -2.604116e+00 2.000000e+00 1.171412e+01
      vertex   -1.665197e+00 0.000000e+00 1.188395e+01
      vertex   -2.604116e+00 0.000000e+00 1.171412e+01
    endloop
  endfacet
  facet normal 2.556166e-01 0.000000e+00 -9.667782e-01
    outer loop
      vertex   -2.604116e+00 2.000000e+00 1.171412e+01
      vertex   -2.604116e+00 0.000000e+00 1.171412e+01
      vertex   -3.526574e+00 2.000000e+00 1.147022e+01
    endloop
  endfacet
  facet normal 2.556166e-01 0.000000e+00 -9.667782e-01
    outer loop
      vertex   -3.526574e+00 2.000000e+00 1.147022e+01
      vertex   -2.604116e+00 0.000000e+00 1.171412e+01
      vertex   -3.526574e+00 0.000000e+00 1.147022e+01
    endloop
  endfacet
  facet normal 3.316193e-01 0.000000e+00 -9.434133e-01
    outer loop
      vertex   -3.526574e+00 2.000000e+00 1.147022e+01
      vertex   -3.526574e+00 0.000000e+00 1.147022e+01
      vertex   -4.426738e+00 2.000000e+00 1.115380e+01
    endloop
  endfacet
  facet normal 3.316193e-01 0.000000e+00 -9.434133e-01
    outer loop
      vertex   -4.426738e+00 2.000000e+00 1.115380e+01
      vertex   -3.526574e+00 0.000000e+00 1.147022e+01
      vertex   -4.426738e+00 0.000000e+00 1.115380e+01
    endloop
  endfacet
  facet normal 4.055253e-01 0.000000e+00 -9.140838e-01
    outer loop
      vertex   -4.426738e+00 2.000000e+00 1.115380e+01
      vertex   -4.426738e+00 0.000000e+00 1.115380e+01
      vertex   -5.298917e+00 2.000000e+00 1.076687e+01
    endloop
  endfacet
  facet normal 4.055253e-01 0.000000e+00 -9.140838e-01
    outer loop
      vertex   -5.298917e+00 2.000000e+00 1.076687e+01
      vertex   -4.426738e+00 0.000000e+00 1.115380e+01
      vertex   -5.298917e+00 0.000000e+00 1.076687e+01
    endloop
  endfacet
  facet normal 4.768675e-01 0.000000e+00 -8.789752e-01
    outer loop
      vertex   -5.298917e+00 2.000000e+00 1.076687e+01
      vertex   -5.298917e+00 0.000000e+00 1.076687e+01
      vertex   -6.137596e+00 2.000000e+00 1.031186e+01
    endloop
  endfacet
  facet normal 4.768675e-01 0.000000e+00 -8.789752e-01
    outer loop
      vertex   -6.137596e+00 2.000000e+00 1.031186e+01
      vertex   -5.298917e+00 0.000000e+00 1.076687e+01
      vertex   -6.137596e+00 0.000000e+00 1.031186e+01
    endloop
  endfacet
  facet normal 5.451948e-01 0.000000e+00 -8.383094e-01
    outer loop
      vertex   -6.137596e+00 2.000000e+00 1.031186e+01
      vertex   -6.137596e+00 0.000000e+00 1.031186e+01
      vertex   -6.937475e+00 2.000000e+00 9.791659e+00
    endloop
  endfacet
  facet normal 5.451948e-01 0.000000e+00 -8.383094e-01
    outer loop
      vertex   -6.937475e+00 2.000000e+00 9.791659e+00
      vertex   -6.137596e+00 0.000000e+00 1.031186e+01
      vertex   -6.937475e+00 0.000000e+00 9.791659e+00
    endloop
  endfacet
  facet normal 6.100751e-01 0.000000e+00 -7.923436e-01
    outer loop
      vertex   -6.937475e+00 2.000000e+00 9.791659e+00
      vertex   -6.937475e+00 0.000000e+00 9.791659e+00
      vertex   -7.693494e+00 2.000000e+00 9.209552e+00
    endloop
  endfacet
  facet normal 6.100751e-01 0.000000e+00 -7.923436e-01
    outer loop
      vertex   -7.693494e+00 2.000000e+00 9.209552e+00
      vertex   -6.937475e+00 0.000000e+00 9.791659e+00
      vertex   -7.693494e+00 0.000000e+00 9.209552e+00
    endloop
  endfacet
  facet normal 6.710984e-01 0.000000e+00 -7.413683e-01
    outer loop
      vertex   -7.693494e+00 2.000000e+00 9.209552e+00
      vertex   -7.693494e+00 0.000000e+00 9.209552e+00
      vertex   -8.400876e+00 2.000000e+00 8.569219e+00
    endloop
  endfacet
  facet normal 6.710984e-01 0.000000e+00 -7.413683e-01
    outer loop
      vertex   -8.400876e+00 2.000000e+00 8.569219e+00
      vertex   -7.693494e+00 0.000000e+00 9.209552e+00
      vertex   -8.400876e+00 0.000000e+00 8.569219e+00
    endloop
  endfacet
  facet normal 7.278788e-01 0.000000e+00 -6.857058e-01
    outer loop
      vertex   -8.400876e+00 2.000000e+00 8.569219e+00
      vertex   -8.400876e+00 0.000000e+00 8.569219e+00
      vertex   -9.055146e+00 2.000000e+00 7.874709e+00
    endloop
  endfacet
  facet normal 7.278788e-01 0.000000e+00 -6.857058e-01
    outer loop
      vertex   -9.055146e+00 2.000000e+00 7.874709e+00
      vertex   -8.400876e+00 0.000000e+00 8.569219e+00
      vertex   -9.055146e+00 0.000000e+00 7.874709e+00
    endloop
  endfacet
  facet normal 7.800573e-01 0.000000e+00 -6.257081e-01
    outer loop
      vertex   -9.055146e+00 2.000000e+00 7.874709e+00
      vertex   -9.055146e+00 0.000000e+00 7.874709e+00
      vertex   -9.652169e+00 2.000000e+00 7.130412e+00
    endloop
  endfacet
  facet normal 7.800573e-01 0.000000e+00 -6.257081e-01
    outer loop
      vertex   -9.652169e+00 2.000000e+00 7.130412e+00
      vertex   -9.055146e+00 0.000000e+00 7.874709e+00
      vertex   -9.652169e+00 0.000000e+00 7.130412e+00
    endloop
  endfacet
  facet normal 8.273040e-01 0.000000e+00 -5.617544e-01
    outer loop
      vertex   -9.652169e+00 2.000000e+00 7.130412e+00
      vertex   -9.652169e+00 0.000000e+00 7.130412e+00
      vertex   -1.018817e+01 2.000000e+00 6.341035e+00
    endloop
  endfacet
  facet normal 8.273040e-01 0.000000e+00 -5.617544e-01
    outer loop
      vertex   -1.018817e+01 2.000000e+00 6.341035e+00
      vertex   -9.652169e+00 0.000000e+00 7.130412e+00
      vertex   -1.018817e+01 0.000000e+00 6.341035e+00
    endloop
  endfacet
  facet normal 8.693203e-01 0.000000e+00 -4.942492e-01
    outer loop
      vertex   -1.018817e+01 2.000000e+00 6.341035e+00
      vertex   -1.018817e+01 0.000000e+00 6.341035e+00
      vertex   -1.065976e+01 2.000000e+00 5.511567e+00
    endloop
  endfacet
  facet normal 8.693203e-01 0.000000e+00 -4.942492e-01
    outer loop
      vertex   -1.065976e+01 2.000000e+00 5.511567e+00
      vertex   -1.018817e+01 0.000000e+00 6.341035e+00
      vertex   -1.065976e+01 0.000000e+00 5.511567e+00
    endloop
  endfacet
  facet normal 9.058404e-01 0.000000e+00 -4.236191e-01
    outer loop
      vertex   -1.065976e+01 2.000000e+00 5.511567e+00
      vertex   -1.065976e+01 0.000000e+00 5.511567e+00
      vertex   -1.106396e+01 2.000000e+00 4.647254e+00
    endloop
  endfacet
  facet normal 9.058404e-01 0.000000e+00 -4.236191e-01
    outer loop
      vertex   -1.106396e+01 2.000000e+00 4.647254e+00
      vertex   -1.065976e+01 0.000000e+00 5.511567e+00
      vertex   -1.106396e+01 0.000000e+00 4.647254e+00
    endloop
  endfacet
  facet normal 9.366335e-01 0.000000e+00 -3.503108e-01
    outer loop
      vertex   -1.106396e+01 2.000000e+00 4.647254e+00
      vertex   -1.106396e+01 0.000000e+00 4.647254e+00
      vertex   -1.139821e+01 2.000000e+00 3.753559e+00
    endloop
  endfacet
  facet normal 9.366335e-01 0.000000e+00 -3.503108e-01
    outer loop
      vertex   -1.139821e+01 2.000000e+00 3.753559e+00
      vertex   -1.106396e+01 0.000000e+00 4.647254e+00
      vertex   -1.139821e+01 0.000000e+00 3.753559e+00
    endloop
  endfacet
  facet normal 9.615049e-01 0.000000e+00 -2.747878e-01
    outer loop
      vertex   -1.139821e+01 2.000000e+00 3.753559e+00
      vertex   -1.139821e+01 0.000000e+00 3.753559e+00
      vertex   -1.166040e+01 2.000000e+00 2.836133e+00
    endloop
  endfacet
  facet normal 9.615049e-01 0.000000e+00 -2.747878e-01
    outer loop
      vertex   -1.166040e+01 2.000000e+00 2.836133e+00
      vertex   -1.139821e+01 0.000000e+00 3.753559e+00
      vertex   -1.166040e+01 0.000000e+00 2.836133e+00
    endloop
  endfacet
  facet normal 9.802974e-01 0.000000e+00 -1.975274e-01
    outer loop
      vertex   -1.166040e+01 2.000000e+00 2.836133e+00
      vertex   -1.166040e+01 0.000000e+00 2.836133e+00
      vertex   -1.184887e+01 2.000000e+00 1.900776e+00
    endloop
  endfacet
  facet normal 9.802974e-01 0.000000e+00 -1.975274e-01
    outer loop
      vertex   -1.184887e+01 2.000000e+00 1.900776e+00
      vertex   -1.166040e+01 0.000000e+00 2.836133e+00
      vertex   -1.184887e+01 0.000000e+00 1.900776e+00
    endloop
  endfacet
  facet normal 9.928921e-01 0.000000e+00 -1.190182e-01
    outer loop
      vertex   -1.184887e+01 2.000000e+00 1.900776e+00
      vertex   -1.184887e+01 0.000000e+00 1.900776e+00
      vertex   -1.196244e+01 2.000000e+00 9.534020e-01
    endloop
  endfacet
  facet normal 9.928921e-01 0.000000e+00 -1.190182e-01
    outer loop
      vertex   -1.196244e+01 2.000000e+00 9.534020e-01
      vertex   -1.184887e+01 0.000000e+00 1.900776e+00
      vertex   -1.196244e+01 0.000000e+00 9.534020e-01
    endloop
  endfacet
  facet normal 9.945219e-01 0.000000e+00 -1.045285e-01
    outer loop
      vertex   1.408677e+01 2.000000e+00 1.610344e+01
      vertex   1.408677e+01 0.000000e+00 1.610344e+01
      vertex   1.404962e+01 2.000000e+00 1.574999e+01
    endloop
  endfacet
  facet normal 9.945219e-01 0.000000e+00 -1.045285e-01
    outer loop
      vertex   1.404962e+01 2.000000e+00 1.574999e+01
      vertex   1.408677e+01 0.000000e+00 1.610344e+01
      vertex   1.404962e+01 0.000000e+00 1.574999e+01
    endloop
  endfacet
  facet normal 9.945219e-01 0.000000e+00 1.045285e-01
    outer loop
      vertex   1.404962e+01 2.000000e+00 1.574999e+01
      vertex   1.404962e+01 0.000000e+00 1.574999e+01
      vertex   1.408677e+01 2.000000e+00 1.539654e+01
    endloop
  endfacet
  facet normal 9.945219e-01 0.000000e+00 1.045285e-01
    outer loop
      vertex   1.408677e+01 2.000000e+00 1.539654e+01
      vertex   1.404962e+01 0.000000e+00 1.574999e+01
      vertex   1.408677e+01 0.000000e+00 1.539654e+01
    endloop
  endfacet
  facet normal 9.510565e-01 0.000000e+00 3.090170e-01
    outer loop
      vertex   1.408677e+01 2.000000e+00 1.539654e+01
      vertex   1.408677e+01 0.000000e+00 1.539654e+01
      vertex   1.419660e+01 2.000000e+00 1.505854e+01
    endloop
  endfacet
  facet normal 9.510565e-01 0.000000e+00 3.090170e-01
    outer loop
      vertex   1.419660e+01 2.000000e+00 1.505854e+01
      vertex   1.408677e+01 0.000000e+00 1.539654e+01
      vertex   1.419660e+01 0.000000e+00 1.505854e+01
    endloop
  endfacet
  facet normal 8.660254e-01 0.000000e+00 5.000000e-01
    outer loop
      vertex   1.419660e+01 2.000000e+00 1.505854e+01
      vertex   1.419660e+01 0.000000e+00 1.505854e+01
      vertex   1.437429e+01 2.000000e+00 1.475076e+01
    endloop
  endfacet
  facet normal 8.660254e-01 0.000000e+00 5.000000e-01
    outer loop
      vertex   1.437429e+01 2.000000e+00 1.475076e+01
      vertex   1.419660e+01 0.000000e+00 1.505854e+01
      vertex   1.437429e+01 0.000000e+00 1.475076e+01
    endloop
  endfacet
  facet normal 7.431448e-01 0.000000e+00 6.691306e-01
    outer loop
      vertex   1.437429e+01 2.000000e+00 1.475076e+01
      vertex   1.437429e+01 0.000000e+00 1.475076e+01
      vertex   1.461210e+01 2.000000e+00 1.448665e+01
    endloop
  endfacet
  facet normal 7.431448e-01 0.000000e+00 6.691306e-01
    outer loop
      vertex   1.461210e+01 2.000000e+00 1.448665e+01
      vertex   1.437429e+01 0.000000e+00 1.475076e+01
      vertex   1.461210e+01 0.000000e+00 1.448665e+01
    endloop
  endfacet
  facet normal 5.877853e-01 0.000000e+00 8.090170e-01
    outer loop
      vertex   1.461210e+01 2.000000e+00 1.448665e+01
      vertex   1.461210e+01 0.000000e+00 1.448665e+01
      vertex   1.489962e+01 2.000000e+00 1.427775e+01
    endloop
  endfacet
  facet normal 5.877853e-01 0.000000e+00 8.090170e-01
    outer loop
      vertex   1.489962e+01 2.000000e+00 1.427775e+01
      vertex   1.461210e+01 0.000000e+00 1.448665e+01
      vertex   1.489962e+01 0.000000e+00 1.427775e+01
    endloop
  endfacet
  facet normal 4.067366e-01 0.000000e+00 9.135455e-01
    outer loop
      vertex   1.489962e+01 2.000000e+00 1.427775e+01
      vertex   1.489962e+01 0.000000e+00 1.427775e+01
      vertex   1.522429e+01 2.000000e+00 1.413320e+01
    endloop
  endfacet
  facet normal 4.067366e-01 0.000000e+00 9.135455e-01
    outer loop
      vertex   1.522429e+01 2.000000e+00 1.413320e+01
      vertex   1.489962e+01 0.000000e+00 1.427775e+01
      vertex   1.522429e+01 0.000000e+00 1.413320e+01
    endloop
  endfacet
  facet normal 2.079117e-01 0.000000e+00 9.781476e-01
    outer loop
      vertex   1.522429e+01 2.000000e+00 1.413320e+01
      vertex   1.522429e+01 0.000000e+00 1.413320e+01
      vertex   1.557193e+01 2.000000e+00 1.405931e+01
    endloop
  endfacet
  facet normal 2.079117e-01 0.000000e+00 9.781476e-01
    outer loop
      vertex   1.557193e+01 2.000000e+00 1.405931e+01
      vertex   1.522429e+01 0.000000e+00 1.413320e+01
      vertex   1.557193e+01 0.000000e+00 1.405931e+01
    endloop
  endfacet
  facet normal -0.000000e+00 0.000000e+00 1.000000e+00
    outer loop
      vertex   1.557193e+01 2.000000e+00 1.405931e+01
      vertex   1.557193e+01 0.000000e+00 1.405931e+01
      vertex   1.592732e+01 2.000000e+00 1.405931e+01
    endloop
  endfacet
  facet normal 0.000000e+00 0.000000e+00 1.000000e+00
    outer loop
      vertex   1.592732e+01 2.000000e+00 1.405931e+01
      vertex   1.557193e+01 0.000000e+00 1.405931e+01
      vertex   1.592732e+01 0.000000e+00 1.405931e+01
    endloop
  endfacet
  facet normal -2.079117e-01 0.000000e+00 9.781476e-01
    outer loop
      vertex   1.592732e+01 2.000000e+00 1.405931e+01
      vertex   1.592732e+01 0.000000e+00 1.405931e+01
      vertex   1.627495e+01 2.000000e+00 1.413320e+01
    endloop
  endfacet
  facet normal -2.079117e-01 0.000000e+00 9.781476e-01
    outer loop
      vertex   1.627495e+01 2.000000e+00 1.413320e+01
      vertex   1.592732e+01 0.000000e+00 1.405931e+01
      vertex   1.627495e+01 0.000000e+00 1.413320e+01
    endloop
  endfacet
  facet normal -4.067366e-01 0.000000e+00 9.135455e-01
    outer loop
      vertex   1.627495e+01 2.000000e+00 1.413320e+01
      vertex   1.627495e+01 0.000000e+00 1.413320e+01
      vertex   1.659962e+01 2.000000e+00 1.427775e+01
    endloop
  endfacet
  facet normal -4.067366e-01 0.000000e+00 9.135455e-01
    outer loop
      vertex   1.659962e+01 2.000000e+00 1.427775e+01
      vertex   1.627495e+01 0.000000e+00 1.413320e+01
      vertex   1.659962e+01 0.000000e+00 1.427775e+01
    endloop
  endfacet
  facet normal -5.877853e-01 0.000000e+00 8.090170e-01
    outer loop
      vertex   1.659962e+01 2.000000e+00 1.427775e+01
      vertex   1.659962e+01 0.000000e+00 1.427775e+01
      vertex   1.688715e+01 2.000000e+00 1.448665e+01
    endloop
  endfacet
  facet normal -5.877853e-01 0.000000e+00 8.090170e-01
    outer loop
      vertex   1.688715e+01 2.000000e+00 1.448665e+01
      vertex   1.659962e+01 0.000000e+00 1.427775e+01
      vertex   1.688715e+01 0.000000e+00 1.448665e+01
    endloop
  endfacet
  facet normal -7.431448e-01 0.000000e+00 6.691306e-01
    outer loop
      vertex   1.688715e+01 2.000000e+00 1.448665e+01
      vertex   1.688715e+01 0.000000e+00 1.448665e+01
      vertex   1.712495e+01 2.000000e+00 1.475076e+01
    endloop
  endfacet
  facet normal -7.431448e-01 0.000000e+00 6.691306e-01
    outer loop
      vertex   1.712495e+01 2.000000e+00 1.475076e+01
      vertex   1.688715e+01 0.000000e+00 1.448665e+01
      vertex   1.712495e+01 0.000000e+00 1.475076e+01
    endloop
  endfacet
  facet normal -8.660254e-01 0.000000e+00 5.000000e-01
    outer loop
      vertex   1.712495e+01 2.000000e+00 1.475076e+01
      vertex   1.712495e+01 0.000000e+00 1.475076e+01
      vertex   1.730265e+01 2.000000e+00 1.505854e+01
    endloop
  endfacet
  facet normal -8.660254e-01 0.000000e+00 5.000000e-01
    outer loop
      vertex   1.730265e+01 2.000000e+00 1.505854e+01
      vertex   1.712495e+01 0.000000e+00 1.475076e+01
      vertex   1.730265e+01 0.000000e+00 1.505854e+01
    endloop
  endfacet
  facet normal -9.510565e-01 0.000000e+00 3.090170e-01
    outer loop
      vertex   1.730265e+01 2.000000e+00 1.505854e+01
      vertex   1.730265e+01 0.000000e+00 1.505854e+01
      vertex   1.741247e+01 2.000000e+00 1.539654e+01
    endloop
  endfacet
  facet normal -9.510565e-01 0.000000e+00 3.090170e-01
    outer loop
      vertex   1.741247e+01 2.000000e+00 1.539654e+01
      vertex   1.730265e+01 0.000000e+00 1.505854e+01
      vertex   1.741247e+01 0.000000e+00 1.539654e+01
    endloop
  endfacet
  facet normal -9.945219e-01 0.000000e+00 1.045285e-01
    outer loop
      vertex   1.741247e+01 2.000000e+00 1.539654e+01
      vertex   1.741247e+01 0.000000e+00 1.539654e+01
      vertex   1.744962e+01 2.000000e+00 1.574999e+01
    endloop
  endfacet
  facet normal -9.945219e-01 0.000000e+00 1.045285e-01
    outer loop
      vertex   1.744962e+01 2.000000e+00 1.574999e+01
      vertex   1.741247e+01 0.000000e+00 1.539654e+01
      vertex   1.744962e+01 0.000000e+00 1.574999e+01
    endloop
  endfacet
  facet normal -9.945219e-01 -0.000000e+00 -1.045285e-01
    outer loop
      vertex   1.744962e+01 2.000000e+00 1.574999e+01
      vertex   1.744962e+01 0.000000e+00 1.574999e+01
      vertex   1.741247e+01 2.000000e+00 1.610344e+01
    endloop
  endfacet
  facet normal -9.945219e-01 -0.000000e+00 -1.045285e-01
    outer loop
      vertex   1.741247e+01 2.000000e+00 1.610344e+01
      vertex   1.744962e+01 0.000000e+00 1.574999e+01
      vertex   1.741247e+01 0.000000e+00 1.610344e+01
    endloop
  endfacet
  facet normal -9.510565e-01 -0.000000e+00 -3.090170e-01
    outer loop
      vertex   1.741247e+01 2.000000e+00 1.610344e+01
      vertex   1.741247e+01 0.000000e+00 1.610344e+01
      vertex   1.730265e+01 2.000000e+00 1.644145e+01
    endloop
  endfacet
  facet normal -9.510565e-01 -0.000000e+00 -3.090170e-01
    outer loop
      vertex   1.730265e+01 2.000000e+00 1.644145e+01
      vertex   1.741247e+01 0.000000e+00 1.610344e+01
      vertex   1.730265e+01 0.000000e+00 1.644145e+01
    endloop
  endfacet
  facet normal -8.660254e-01 -0.000000e+00 -5.000000e-01
    outer loop
      vertex   1.730265e+01 2.000000e+00 1.644145e+01
      vertex   1.730265e+01 0.000000e+00 1.644145e+01
      vertex   1.712495e+01 2.000000e+00 1.674923e+01
    endloop
  endfacet
  facet normal -8.660254e-01 -0.000000e+00 -5.000000e-01
    outer loop
      vertex   1.712495e+01 2.000000e+00 1.674923e+01
      vertex   1.730265e+01 0.000000e+00 1.644145e+01
      vertex   1.712495e+01 0.000000e+00 1.674923e+01
    endloop
  endfacet
  facet normal -7.431448e-01 -0.000000e+00 -6.691306e-01
    outer loop
      vertex   1.712495e+01 2.000000e+00 1.674923e+01
      vertex   1.712495e+01 0.000000e+00 1.674923e+01
      vertex   1.688715e+01 2.000000e+00 1.701334e+01
    endloop
  endfacet
  facet normal -7.431448e-01 -0.000000e+00 -6.691306e-01
    outer loop
      vertex   1.688715e+01 2.000000e+00 1.701334e+01
      vertex   1.712495e+01 0.000000e+00 1.674923e+01
      vertex   1.688715e+01 0.000000e+00 1.701334e+01
    endloop
  endfacet
  facet normal -5.877853e-01 -0.000000e+00 -8.090170e-01
    outer loop
      vertex   1.688715e+01 2.000000e+00 1.701334e+01
      vertex   1.688715e+01 0.000000e+00 1.701334e+01
      vertex   1.659962e+01 2.000000e+00 1.722224e+01
    endloop
  endfacet
  facet normal -5.877853e-01 -0.000000e+00 -8.090170e-01
    outer loop
      vertex   1.659962e+01 2.000000e+00 1.722224e+01
      vertex   1.688715e+01 0.000000e+00 1.701334e+01
      vertex   1.659962e+01 0.000000e+00 1.722224e+01
    endloop
  endfacet
  facet normal -4.067366e-01 -0.000000e+00 -9.135455e-01
    outer loop
      vertex   1.659962e+01 2.000000e+00 1.722224e+01
      vertex   1.659962e+01 0.000000e+00 1.722224e+01
      vertex   1.627495e+01 2.000000e+00 1.736679e+01
    endloop
  endfacet
  facet normal -4.067366e-01 -0.000000e+00 -9.135455e-01
    outer loop
      vertex   1.627495e+01 2.000000e+00 1.736679e+01
      vertex   1.659962e+01 0.000000e+00 1.722224e+01
      vertex   1.627495e+01 0.000000e+00 1.736679e+01
    endloop
  endfacet
  facet normal -2.079117e-01 -0.000000e+00 -9.781476e-01
    outer loop
      vertex   1.627495e+01 2.000000e+00 1.736679e+01
      vertex   1.627495e+01 0.000000e+00 1.736679e+01
      vertex   1.592732e+01 2.000000e+00 1.744068e+01
    endloop
  endfacet
  facet normal -2.079117e-01 -0.000000e+00 -9.781476e-01
    outer loop
      vertex   1.592732e+01 2.000000e+00 1.744068e+01
      vertex   1.627495e+01 0.000000e+00 1.736679e+01
      vertex   1.592732e+01 0.000000e+00 1.744068e+01
    endloop
  endfacet
  facet normal -0.000000e+00 -0.000000e+00 -1.000000e+00
    outer loop
      vertex   1.592732e+01 2.000000e+00 1.744068e+01
      vertex   1.592732e+01 0.000000e+00 1.744068e+01
      vertex   1.557193e+01 2.000000e+00 1.744068e+01
    endloop
  endfacet
  facet normal 0.000000e+00 0.000000e+00 -1.000000e+00
    outer loop
      vertex   1.557193e+01 2.000000e+00 1.744068e+01
      vertex   1.592732e+01 0.000000e+00 1.744068e+01
      vertex   1.557193e+01 0.000000e+00 1.744068e+01
    endloop
  endfacet
  facet normal 2.079117e-01 0.000000e+00 -9.781476e-01
    outer loop
      vertex   1.557193e+01 2.000000e+00 1.744068e+01
      vertex   1.557193e+01 0.000000e+00 1.744068e+01
      vertex   1.522429e+01 2.000000e+00 1.736679e+01
    endloop
  endfacet
  facet normal 2.079117e-01 0.000000e+00 -9.781476e-01
    outer loop
      vertex   1.522429e+01 2.000000e+00 1.736679e+01
      vertex   1.557193e+01 0.000000e+00 1.744068e+01
      vertex   1.522429e+01 0.000000e+00 1.736679e+01
    endloop
  endfacet
  facet normal 4.067366e-01 0.000000e+00 -9.135455e-01
    outer loop
      vertex   1.522429e+01 2.000000e+00 1.736679e+01
      vertex   1.522429e+01 0.000000e+00 1.736679e+01
      vertex   1.489962e+01 2.000000e+00 1.722224e+01
    endloop
  endfacet
  facet normal 4.067366e-01 0.000000e+00 -9.135455e-01
    outer loop
      vertex   1.489962e+01 2.000000e+00 1.722224e+01
      vertex   1.522429e+01 0.000000e+00 1.736679e+01
      vertex   1.489962e+01 0.000000e+00 1.722224e+01
    endloop
  endfacet
  facet normal 5.877853e-01 0.000000e+00 -8.090170e-01
    outer loop
      vertex   1.489962e+01 2.000000e+00 1.722224e+01
      vertex   1.489962e+01 0.000000e+00 1.722224e+01
      vertex   1.461210e+01 2.000000e+00 1.701334e+01
    endloop
  endfacet
  facet normal 5.877853e-01 0.000000e+00 -8.090170e-01
    outer loop
      vertex   1.461210e+01 2.000000e+00 1.701334e+01
      vertex   1.489962e+01 0.000000e+00 1.722224e+01
      vertex   1.461210e+01 0.000000e+00 1.701334e+01
    endloop
  endfacet
  facet normal 7.431448e-01 0.000000e+00 -6.691306e-01
    outer loop
      vertex   1.461210e+01 2.000000e+00 1.701334e+01
      vertex   1.461210e+01 0.000000e+00 1.701334e+01
      vertex   1.437429e+01 2.000000e+00 1.674923e+01
    endloop
  endfacet
  facet normal 7.431448e-01 0.000000e+00 -6.691306e-01
    outer loop
      vertex   1.437429e+01 2.000000e+00 1.674923e+01
      vertex   1.461210e+01 0.000000e+00 1.701334e+01
      vertex   1.437429e+01 0.000000e+00 1.674923e+01
    endloop
  endfacet
  facet normal 8.660254e-01 0.000000e+00 -5.000000e-01
    outer loop
      vertex   1.437429e+01 2.000000e+00 1.674923e+01
      vertex   1.437429e+01 0.000000e+00 1.674923e+01
      vertex   1.419660e+01 2.000000e+00 1.644145e+01
    endloop
  endfacet
  facet normal 8.660254e-01 0.000000e+00 -5.000000e-01
    outer loop
      vertex   1.419660e+01 2.000000e+00 1.644145e+01
      vertex   1.437429e+01 0.000000e+00 1.674923e+01
      vertex   1.419660e+01 0.000000e+00 1.644145e+01
    endloop
  endfacet
  facet normal 9.510565e-01 0.000000e+00 -3.090170e-01
    outer loop
      vertex   1.419660e+01 2.000000e+00 1.644145e+01
      vertex   1.419660e+01 0.000000e+00 1.644145e+01
      vertex   1.408677e+01 2.000000e+00 1.610344e+01
    endloop
  endfacet
  facet normal 9.510565e-01 0.000000e+00 -3.090170e-01
    outer loop
      vertex   1.408677e+01 2.000000e+00 1.610344e+01
      vertex   1.419660e+01 0.000000e+00 1.644145e+01
      vertex   1.408677e+01 0.000000e+00 1.610344e+01
    endloop
  endfacet
  facet normal 9.945219e-01 0.000000e+00 -1.045285e-01
    outer loop
      vertex   -1.741323e+01 2.000000e+00 1.610345e+01
      vertex   -1.741323e+01 0.000000e+00 1.610345e+01
      vertex   -1.745038e+01 2.000000e+00 1.575000e+01
    endloop
  endfacet
  facet normal 9.945219e-01 -9.283993e-17 -1.045285e-01
    outer loop
      vertex   -1.745038e+01 2.000000e+00 1.575000e+01
      vertex   -1.741323e+01 0.000000e+00 1.610345e+01
      vertex   -1.745038e+01 0.000000e+00 1.575000e+01
    endloop
  endfacet
  facet normal 9.945219e-01 9.283993e-17 1.045285e-01
    outer loop
      vertex   -1.745038e+01 2.000000e+00 1.575000e+01
      vertex   -1.745038e+01 0.000000e+00 1.575000e+01
      vertex   -1.741323e+01 2.000000e+00 1.539655e+01
    endloop
  endfacet
  facet normal 9.945219e-01 0.000000e+00 1.045285e-01
    outer loop
      vertex   -1.741323e+01 2.000000e+00 1.539655e+01
      vertex   -1.745038e+01 0.000000e+00 1.575000e+01
      vertex   -1.741323e+01 0.000000e+00 1.539655e+01
    endloop
  endfacet
  facet normal 9.510565e-01 0.000000e+00 3.090170e-01
    outer loop
      vertex   -1.741323e+01 2.000000e+00 1.539655e+01
      vertex   -1.741323e+01 0.000000e+00 1.539655e+01
      vertex   -1.730340e+01 2.000000e+00 1.505855e+01
    endloop
  endfacet
  facet normal 9.510565e-01 0.000000e+00 3.090170e-01
    outer loop
      vertex   -1.730340e+01 2.000000e+00 1.505855e+01
      vertex   -1.741323e+01 0.000000e+00 1.539655e+01
      vertex   -1.730340e+01 0.000000e+00 1.505855e+01
    endloop
  endfacet
  facet normal 8.660254e-01 0.000000e+00 5.000000e-01
    outer loop
      vertex   -1.730340e+01 2.000000e+00 1.505855e+01
      vertex   -1.730340e+01 0.000000e+00 1.505855e+01
      vertex   -1.712571e+01 2.000000e+00 1.475076e+01
    endloop
  endfacet
  facet normal 8.660254e-01 0.000000e+00 5.000000e-01
    outer loop
      vertex   -1.712571e+01 2.000000e+00 1.475076e+01
      vertex   -1.730340e+01 0.000000e+00 1.505855e+01
      vertex   -1.712571e+01 0.000000e+00 1.475076e+01
    endloop
  endfacet
  facet normal 7.431448e-01 0.000000e+00 6.691306e-01
    outer loop
      vertex   -1.712571e+01 2.000000e+00 1.475076e+01
      vertex   -1.712571e+01 0.000000e+00 1.475076e+01
      vertex   -1.688790e+01 2.000000e+00 1.448665e+01
    endloop
  endfacet
  facet normal 7.431448e-01 0.000000e+00 6.691306e-01
    outer loop
      vertex   -1.688790e+01 2.000000e+00 1.448665e+01
      vertex   -1.712571e+01 0.000000e+00 1.475076e+01
      vertex   -1.688790e+01 0.000000e+00 1.448665e+01
    endloop
  endfacet
  facet normal 5.877853e-01 0.000000e+00 8.090170e-01
    outer loop
      vertex   -1.688790e+01 2.000000e+00 1.448665e+01
      vertex   -1.688790e+01 0.000000e+00 1.448665e+01
      vertex   -1.660038e+01 2.000000e+00 1.427775e+01
    endloop
  endfacet
  facet normal 5.877853e-01 0.000000e+00 8.090170e-01
    outer loop
      vertex   -1.660038e+01 2.000000e+00 1.427775e+01
      vertex   -1.688790e+01 0.000000e+00 1.448665e+01
      vertex   -1.660038e+01 0.000000e+00 1.427775e+01
    endloop
  endfacet
  facet normal 4.067366e-01 0.000000e+00 9.135455e-01
    outer loop
      vertex   -1.660038e+01 2.000000e+00 1.427775e+01
      vertex   -1.660038e+01 0.000000e+00 1.427775e+01
      vertex   -1.627571e+01 2.000000e+00 1.413320e+01
    endloop
  endfacet
  facet normal 4.067366e-01 0.000000e+00 9.135455e-01
    outer loop
      vertex   -1.627571e+01 2.000000e+00 1.413320e+01
      vertex   -1.660038e+01 0.000000e+00 1.427775e+01
      vertex   -1.627571e+01 0.000000e+00 1.413320e+01
    endloop
  endfacet
  facet normal 2.079117e-01 0.000000e+00 9.781476e-01
    outer loop
      vertex   -1.627571e+01 2.000000e+00 1.413320e+01
      vertex   -1.627571e+01 0.000000e+00 1.413320e+01
      vertex   -1.592807e+01 2.000000e+00 1.405931e+01
    endloop
  endfacet
  facet normal 2.079117e-01 0.000000e+00 9.781476e-01
    outer loop
      vertex   -1.592807e+01 2.000000e+00 1.405931e+01
      vertex   -1.627571e+01 0.000000e+00 1.413320e+01
      vertex   -1.592807e+01 0.000000e+00 1.405931e+01
    endloop
  endfacet
  facet normal -0.000000e+00 0.000000e+00 1.000000e+00
    outer loop
      vertex   -1.592807e+01 2.000000e+00 1.405931e+01
      vertex   -1.592807e+01 0.000000e+00 1.405931e+01
      vertex   -1.557268e+01 2.000000e+00 1.405931e+01
    endloop
  endfacet
  facet normal 0.000000e+00 0.000000e+00 1.000000e+00
    outer loop
      vertex   -1.557268e+01 2.000000e+00 1.405931e+01
      vertex   -1.592807e+01 0.000000e+00 1.405931e+01
      vertex   -1.557268e+01 0.000000e+00 1.405931e+01
    endloop
  endfacet
  facet normal -2.079117e-01 0.000000e+00 9.781476e-01
    outer loop
      vertex   -1.557268e+01 2.000000e+00 1.405931e+01
      vertex   -1.557268e+01 0.000000e+00 1.405931e+01
      vertex   -1.522505e+01 2.000000e+00 1.413320e+01
    endloop
  endfacet
  facet normal -2.079117e-01 0.000000e+00 9.781476e-01
    outer loop
      vertex   -1.522505e+01 2.000000e+00 1.413320e+01
      vertex   -1.557268e+01 0.000000e+00 1.405931e+01
      vertex   -1.522505e+01 0.000000e+00 1.413320e+01
    endloop
  endfacet
  facet normal -4.067366e-01 0.000000e+00 9.135455e-01
    outer loop
      vertex   -1.522505e+01 2.000000e+00 1.413320e+01
      vertex   -1.522505e+01 0.000000e+00 1.413320e+01
      vertex   -1.490038e+01 2.000000e+00 1.427775e+01
    endloop
  endfacet
  facet normal -4.067366e-01 0.000000e+00 9.135455e-01
    outer loop
      vertex   -1.490038e+01 2.000000e+00 1.427775e+01
      vertex   -1.522505e+01 0.000000e+00 1.413320e+01
      vertex   -1.490038e+01 0.000000e+00 1.427775e+01
    endloop
  endfacet
  facet normal -5.877853e-01 0.000000e+00 8.090170e-01
    outer loop
      vertex   -1.490038e+01 2.000000e+00 1.427775e+01
      vertex   -1.490038e+01 0.000000e+00 1.427775e+01
      vertex   -1.461285e+01 2.000000e+00 1.448665e+01
    endloop
  endfacet
  facet normal -5.877853e-01 0.000000e+00 8.090170e-01
    outer loop
      vertex   -1.461285e+01 2.000000e+00 1.448665e+01
      vertex   -1.490038e+01 0.000000e+00 1.427775e+01
      vertex   -1.461285e+01 0.000000e+00 1.448665e+01
    endloop
  endfacet
  facet normal -7.431448e-01 0.000000e+00 6.691306e-01
    outer loop
      vertex   -1.461285e+01 2.000000e+00 1.448665e+01
      vertex   -1.461285e+01 0.000000e+00 1.448665e+01
      vertex   -1.437505e+01 2.000000e+00 1.475076e+01
    endloop
  endfacet
  facet normal -7.431448e-01 0.000000e+00 6.691306e-01
    outer loop
      vertex   -1.437505e+01 2.000000e+00 1.475076e+01
      vertex   -1.461285e+01 0.000000e+00 1.448665e+01
      vertex   -1.437505e+01 0.000000e+00 1.475076e+01
    endloop
  endfacet
  facet normal -8.660254e-01 0.000000e+00 5.000000e-01
    outer loop
      vertex   -1.437505e+01 2.000000e+00 1.475076e+01
      vertex   -1.437505e+01 0.000000e+00 1.475076e+01
      vertex   -1.419735e+01 2.000000e+00 1.505855e+01
    endloop
  endfacet
  facet normal -8.660254e-01 0.000000e+00 5.000000e-01
    outer loop
      vertex   -1.419735e+01 2.000000e+00 1.505855e+01
      vertex   -1.437505e+01 0.000000e+00 1.475076e+01
      vertex   -1.419735e+01 0.000000e+00 1.505855e+01
    endloop
  endfacet
  facet normal -9.510565e-01 0.000000e+00 3.090170e-01
    outer loop
      vertex   -1.419735e+01 2.000000e+00 1.505855e+01
      vertex   -1.419735e+01 0.000000e+00 1.505855e+01
      vertex   -1.408753e+01 2.000000e+00 1.539655e+01
    endloop
  endfacet
  facet normal -9.510565e-01 0.000000e+00 3.090170e-01
    outer loop
      vertex   -1.408753e+01 2.000000e+00 1.539655e+01
      vertex   -1.419735e+01 0.000000e+00 1.505855e+01
      vertex   -1.408753e+01 0.000000e+00 1.539655e+01
    endloop
  endfacet
  facet normal -9.945219e-01 0.000000e+00 1.045285e-01
    outer loop
      vertex   -1.408753e+01 2.000000e+00 1.539655e+01
      vertex   -1.408753e+01 0.000000e+00 1.539655e+01
      vertex   -1.405038e+01 2.000000e+00 1.575000e+01
    endloop
  endfacet
  facet normal -9.945219e-01 0.000000e+00 1.045285e-01
    outer loop
      vertex   -1.405038e+01 2.000000e+00 1.575000e+01
      vertex   -1.408753e+01 0.000000e+00 1.539655e+01
      vertex   -1.405038e+01 0.000000e+00 1.575000e+01
    endloop
  endfacet
  facet normal -9.945219e-01 -0.000000e+00 -1.045285e-01
    outer loop
      vertex   -1.405038e+01 2.000000e+00 1.575000e+01
      vertex   -1.405038e+01 0.000000e+00 1.575000e+01
      vertex   -1.408753e+01 2.000000e+00 1.610345e+01
    endloop
  endfacet
  facet normal -9.945219e-01 -0.000000e+00 -1.045285e-01
    outer loop
      vertex   -1.408753e+01 2.000000e+00 1.610345e+01
      vertex   -1.405038e+01 0.000000e+00 1.575000e+01
      vertex   -1.408753e+01 0.000000e+00 1.610345e+01
    endloop
  endfacet
  facet normal -9.510565e-01 -0.000000e+00 -3.090170e-01
    outer loop
      vertex   -1.408753e+01 2.000000e+00 1.610345e+01
      vertex   -1.408753e+01 0.000000e+00 1.610345e+01
      vertex   -1.419735e+01 2.000000e+00 1.644145e+01
    endloop
  endfacet
  facet normal -9.510565e-01 -0.000000e+00 -3.090170e-01
    outer loop
      vertex   -1.419735e+01 2.000000e+00 1.644145e+01
      vertex   -1.408753e+01 0.000000e+00 1.610345e+01
      vertex   -1.419735e+01 0.000000e+00 1.644145e+01
    endloop
  endfacet
  facet normal -8.660254e-01 -0.000000e+00 -5.000000e-01
    outer loop
      vertex   -1.419735e+01 2.000000e+00 1.644145e+01
      vertex   -1.419735e+01 0.000000e+00 1.644145e+01
      vertex   -1.437505e+01 2.000000e+00 1.674923e+01
    endloop
  endfacet
  facet normal -8.660254e-01 -0.000000e+00 -5.000000e-01
    outer loop
      vertex   -1.437505e+01 2.000000e+00 1.674923e+01
      vertex   -1.419735e+01 0.000000e+00 1.644145e+01
      vertex   -1.437505e+01 0.000000e+00 1.674923e+01
    endloop
  endfacet
  facet normal -7.431448e-01 -0.000000e+00 -6.691306e-01
    outer loop
      vertex   -1.437505e+01 2.000000e+00 1.674923e+01
      vertex   -1.437505e+01 0.000000e+00 1.674923e+01
      vertex   -1.461285e+01 2.000000e+00 1.701334e+01
    endloop
  endfacet
  facet normal -7.431448e-01 -0.000000e+00 -6.691306e-01
    outer loop
      vertex   -1.461285e+01 2.000000e+00 1.701334e+01
      vertex   -1.437505e+01 0.000000e+00 1.674923e+01
      vertex   -1.461285e+01 0.000000e+00 1.701334e+01
    endloop
  endfacet
  facet normal -5.877853e-01 -0.000000e+00 -8.090170e-01
    outer loop
      vertex   -1.461285e+01 2.000000e+00 1.701334e+01
      vertex   -1.461285e+01 0.000000e+00 1.701334e+01
      vertex   -1.490038e+01 2.000000e+00 1.722224e+01
    endloop
  endfacet
  facet normal -5.877853e-01 -0.000000e+00 -8.090170e-01
    outer loop
      vertex   -1.490038e+01 2.000000e+00 1.722224e+01
      vertex   -1.461285e+01 0.000000e+00 1.701334e+01
      vertex   -1.490038e+01 0.000000e+00 1.722224e+01
    endloop
  endfacet
  facet normal -4.067366e-01 -0.000000e+00 -9.135455e-01
    outer loop
      vertex   -1.490038e+01 2.000000e+00 1.722224e+01
      vertex   -1.490038e+01 0.000000e+00 1.722224e+01
      vertex   -1.522505e+01 2.000000e+00 1.736679e+01
    endloop
  endfacet
  facet normal -4.067366e-01 -0.000000e+00 -9.135455e-01
    outer loop
      vertex   -1.522505e+01 2.000000e+00 1.736679e+01
      vertex   -1.490038e+01 0.000000e+00 1.722224e+01
      vertex   -1.522505e+01 0.000000e+00 1.736679e+01
    endloop
  endfacet
  facet normal -2.079117e-01 -0.000000e+00 -9.781476e-01
    outer loop
      vertex   -1.522505e+01 2.000000e+00 1.736679e+01
      vertex   -1.522505e+01 0.000000e+00 1.736679e+01
      vertex   -1.557268e+01 2.000000e+00 1.744069e+01
    endloop
  endfacet
  facet normal -2.079117e-01 -0.000000e+00 -9.781476e-01
    outer loop
      vertex   -1.557268e+01 2.000000e+00 1.744069e+01
      vertex   -1.522505e+01 0.000000e+00 1.736679e+01
      vertex   -1.557268e+01 0.000000e+00 1.744069e+01
    endloop
  endfacet
  facet normal -0.000000e+00 -0.000000e+00 -1.000000e+00
    outer loop
      vertex   -1.557268e+01 2.000000e+00 1.744069e+01
      vertex   -1.557268e+01 0.000000e+00 1.744069e+01
      vertex   -1.592807e+01 2.000000e+00 1.744069e+01
    endloop
  endfacet
  facet normal 0.000000e+00 0.000000e+00 -1.000000e+00
    outer loop
      vertex   -1.592807e+01 2.000000e+00 1.744069e+01
      vertex   -1.557268e+01 0.000000e+00 1.744069e+01
      vertex   -1.592807e+01 0.000000e+00 1.744069e+01
    endloop
  endfacet
  facet normal 2.079117e-01 0.000000e+00 -9.781476e-01
    outer loop
      vertex   -1.592807e+01 2.000000e+00 1.744069e+01
      vertex   -1.592807e+01 0.000000e+00 1.744069e+01
      vertex   -1.627571e+01 2.000000e+00 1.736679e+01
    endloop
  endfacet
  facet normal 2.079117e-01 0.000000e+00 -9.781476e-01
    outer loop
      vertex   -1.627571e+01 2.000000e+00 1.736679e+01
      vertex   -1.592807e+01 0.000000e+00 1.744069e+01
      vertex   -1.627571e+01 0.000000e+00 1.736679e+01
    endloop
  endfacet
  facet normal 4.067366e-01 0.000000e+00 -9.135455e-01
    outer loop
      vertex   -1.627571e+01 2.000000e+00 1.736679e+01
      vertex   -1.627571e+01 0.000000e+00 1.736679e+01
      vertex   -1.660038e+01 2.000000e+00 1.722224e+01
    endloop
  endfacet
  facet normal 4.067366e-01 0.000000e+00 -9.135455e-01
    outer loop
      vertex   -1.660038e+01 2.000000e+00 1.722224e+01
      vertex   -1.627571e+01 0.000000e+00 1.736679e+01
      vertex   -1.660038e+01 0.000000e+00 1.722224e+01
    endloop
  endfacet
  facet normal 5.877853e-01 0.000000e+00 -8.090170e-01
    outer loop
      vertex   -1.660038e+01 2.000000e+00 1.722224e+01
      vertex   -1.660038e+01 0.000000e+00 1.722224e+01
      vertex   -1.688790e+01 2.000000e+00 1.701334e+01
    endloop
  endfacet
  facet normal 5.877853e-01 0.000000e+00 -8.090170e-01
    outer loop
      vertex   -1.688790e+01 2.000000e+00 1.701334e+01
      vertex   -1.660038e+01 0.000000e+00 1.722224e+01
      vertex   -1.688790e+01 0.000000e+00 1.701334e+01
    endloop
  endfacet
  facet normal 7.431448e-01 0.000000e+00 -6.691306e-01
    outer loop
      vertex   -1.688790e+01 2.000000e+00 1.701334e+01
      vertex   -1.688790e+01 0.000000e+00 1.701334e+01
      vertex   -1.712571e+01 2.000000e+00 1.674923e+01
    endloop
  endfacet
  facet normal 7.431448e-01 0.000000e+00 -6.691306e-01
    outer loop
      vertex   -1.712571e+01 2.000000e+00 1.674923e+01
      vertex   -1.688790e+01 0.000000e+00 1.701334e+01
      vertex   -1.712571e+01 0.000000e+00 1.674923e+01
    endloop
  endfacet
  facet normal 8.660254e-01 0.000000e+00 -5.000000e-01
    outer loop
      vertex   -1.712571e+01 2.000000e+00 1.674923e+01
      vertex   -1.712571e+01 0.000000e+00 1.674923e+01
      vertex   -1.730340e+01 2.000000e+00 1.644145e+01
    endloop
  endfacet
  facet normal 8.660254e-01 0.000000e+00 -5.000000e-01
    outer loop
      vertex   -1.730340e+01 2.000000e+00 1.644145e+01
      vertex   -1.712571e+01 0.000000e+00 1.674923e+01
      vertex   -1.730340e+01 0.000000e+00 1.644145e+01
    endloop
  endfacet
  facet normal 9.510565e-01 0.000000e+00 -3.090170e-01
    outer loop
      vertex   -1.730340e+01 2.000000e+00 1.644145e+01
      vertex   -1.730340e+01 0.000000e+00 1.644145e+01
      vertex   -1.741323e+01 2.000000e+00 1.610345e+01
    endloop
  endfacet
  facet normal 9.510565e-01 0.000000e+00 -3.090170e-01
    outer loop
      vertex   -1.741323e+01 2.000000e+00 1.610345e+01
      vertex   -1.730340e+01 0.000000e+00 1.644145e+01
      vertex   -1.741323e+01 0.000000e+00 1.610345e+01
    endloop
  endfacet
  facet normal 9.945219e-01 0.000000e+00 -1.045285e-01
    outer loop
      vertex   -1.741322e+01 2.000000e+00 -1.539655e+01
      vertex   -1.741322e+01 0.000000e+00 -1.539655e+01
      vertex   -1.745037e+01 2.000000e+00 -1.575000e+01
    endloop
  endfacet
  facet normal 9.945219e-01 0.000000e+00 -1.045285e-01
    outer loop
      vertex   -1.745037e+01 2.000000e+00 -1.575000e+01
      vertex   -1.741322e+01 0.000000e+00 -1.539655e+01
      vertex   -1.745037e+01 0.000000e+00 -1.575000e+01
    endloop
  endfacet
  facet normal 9.945219e-01 0.000000e+00 1.045285e-01
    outer loop
      vertex   -1.745037e+01 2.000000e+00 -1.575000e+01
      vertex   -1.745037e+01 0.000000e+00 -1.575000e+01
      vertex   -1.741322e+01 2.000000e+00 -1.610345e+01
    endloop
  endfacet
  facet normal 9.945219e-01 0.000000e+00 1.045285e-01
    outer loop
      vertex   -1.741322e+01 2.000000e+00 -1.610345e+01
      vertex   -1.745037e+01 0.000000e+00 -1.575000e+01
      vertex   -1.741322e+01 0.000000e+00 -1.610345e+01
    endloop
  endfacet
  facet normal 9.510565e-01 0.000000e+00 3.090170e-01
    outer loop
      vertex   -1.741322e+01 2.000000e+00 -1.610345e+01
      vertex   -1.741322e+01 0.000000e+00 -1.610345e+01
      vertex   -1.730340e+01 2.000000e+00 -1.644145e+01
    endloop
  endfacet
  facet normal 9.510565e-01 0.000000e+00 3.090170e-01
    outer loop
      vertex   -1.730340e+01 2.000000e+00 -1.644145e+01
      vertex   -1.741322e+01 0.000000e+00 -1.610345e+01
      vertex   -1.730340e+01 0.000000e+00 -1.644145e+01
    endloop
  endfacet
  facet normal 8.660254e-01 0.000000e+00 5.000000e-01
    outer loop
      vertex   -1.730340e+01 2.000000e+00 -1.644145e+01
      vertex   -1.730340e+01 0.000000e+00 -1.644145e+01
      vertex   -1.712570e+01 2.000000e+00 -1.674924e+01
    endloop
  endfacet
  facet normal 8.660254e-01 0.000000e+00 5.000000e-01
    outer loop
      vertex   -1.712570e+01 2.000000e+00 -1.674924e+01
      vertex   -1.730340e+01 0.000000e+00 -1.644145e+01
      vertex   -1.712570e+01 0.000000e+00 -1.674924e+01
    endloop
  endfacet
  facet normal 7.431448e-01 0.000000e+00 6.691306e-01
    outer loop
      vertex   -1.712570e+01 2.000000e+00 -1.674924e+01
      vertex   -1.712570e+01 0.000000e+00 -1.674924e+01
      vertex   -1.688789e+01 2.000000e+00 -1.701335e+01
    endloop
  endfacet
  facet normal 7.431448e-01 0.000000e+00 6.691306e-01
    outer loop
      vertex   -1.688789e+01 2.000000e+00 -1.701335e+01
      vertex   -1.712570e+01 0.000000e+00 -1.674924e+01
      vertex   -1.688789e+01 0.000000e+00 -1.701335e+01
    endloop
  endfacet
  facet normal 5.877853e-01 0.000000e+00 8.090170e-01
    outer loop
      vertex   -1.688789e+01 2.000000e+00 -1.701335e+01
      vertex   -1.688789e+01 0.000000e+00 -1.701335e+01
      vertex   -1.660037e+01 2.000000e+00 -1.722225e+01
    endloop
  endfacet
  facet normal 5.877853e-01 0.000000e+00 8.090170e-01
    outer loop
      vertex   -1.660037e+01 2.000000e+00 -1.722225e+01
      vertex   -1.688789e+01 0.000000e+00 -1.701335e+01
      vertex   -1.660037e+01 0.000000e+00 -1.722225e+01
    endloop
  endfacet
  facet normal 4.067366e-01 0.000000e+00 9.135455e-01
    outer loop
      vertex   -1.660037e+01 2.000000e+00 -1.722225e+01
      vertex   -1.660037e+01 0.000000e+00 -1.722225e+01
      vertex   -1.627570e+01 2.000000e+00 -1.736680e+01
    endloop
  endfacet
  facet normal 4.067366e-01 0.000000e+00 9.135455e-01
    outer loop
      vertex   -1.627570e+01 2.000000e+00 -1.736680e+01
      vertex   -1.660037e+01 0.000000e+00 -1.722225e+01
      vertex   -1.627570e+01 0.000000e+00 -1.736680e+01
    endloop
  endfacet
  facet normal 2.079117e-01 0.000000e+00 9.781476e-01
    outer loop
      vertex   -1.627570e+01 2.000000e+00 -1.736680e+01
      vertex   -1.627570e+01 0.000000e+00 -1.736680e+01
      vertex   -1.592807e+01 2.000000e+00 -1.744069e+01
    endloop
  endfacet
  facet normal 2.079117e-01 0.000000e+00 9.781476e-01
    outer loop
      vertex   -1.592807e+01 2.000000e+00 -1.744069e+01
      vertex   -1.627570e+01 0.000000e+00 -1.736680e+01
      vertex   -1.592807e+01 0.000000e+00 -1.744069e+01
    endloop
  endfacet
  facet normal -0.000000e+00 0.000000e+00 1.000000e+00
    outer loop
      vertex   -1.592807e+01 2.000000e+00 -1.744069e+01
      vertex   -1.592807e+01 0.000000e+00 -1.744069e+01
      vertex   -1.557267e+01 2.000000e+00 -1.744069e+01
    endloop
  endfacet
  facet normal 0.000000e+00 0.000000e+00 1.000000e+00
    outer loop
      vertex   -1.557267e+01 2.000000e+00 -1.744069e+01
      vertex   -1.592807e+01 0.000000e+00 -1.744069e+01
      vertex   -1.557267e+01 0.000000e+00 -1.744069e+01
    endloop
  endfacet
  facet normal -2.079117e-01 0.000000e+00 9.781476e-01
    outer loop
      vertex   -1.557267e+01 2.000000e+00 -1.744069e+01
      vertex   -1.557267e+01 0.000000e+00 -1.744069e+01
      vertex   -1.522504e+01 2.000000e+00 -1.736680e+01
    endloop
  endfacet
  facet normal -2.079117e-01 0.000000e+00 9.781476e-01
    outer loop
      vertex   -1.522504e+01 2.000000e+00 -1.736680e+01
      vertex   -1.557267e+01 0.000000e+00 -1.744069e+01
      vertex   -1.522504e+01 0.000000e+00 -1.736680e+01
    endloop
  endfacet
  facet normal -4.067366e-01 0.000000e+00 9.135455e-01
    outer loop
      vertex   -1.522504e+01 2.000000e+00 -1.736680e+01
      vertex   -1.522504e+01 0.000000e+00 -1.736680e+01
      vertex   -1.490037e+01 2.000000e+00 -1.722225e+01
    endloop
  endfacet
  facet normal -4.067366e-01 0.000000e+00 9.135455e-01
    outer loop
      vertex   -1.490037e+01 2.000000e+00 -1.722225e+01
      vertex   -1.522504e+01 0.000000e+00 -1.736680e+01
      vertex   -1.490037e+01 0.000000e+00 -1.722225e+01
    endloop
  endfacet
  facet normal -5.877853e-01 0.000000e+00 8.090170e-01
    outer loop
      vertex   -1.490037e+01 2.000000e+00 -1.722225e+01
      vertex   -1.490037e+01 0.000000e+00 -1.722225e+01
      vertex   -1.461285e+01 2.000000e+00 -1.701335e+01
    endloop
  endfacet
  facet normal -5.877853e-01 0.000000e+00 8.090170e-01
    outer loop
      vertex   -1.461285e+01 2.000000e+00 -1.701335e+01
      vertex   -1.490037e+01 0.000000e+00 -1.722225e+01
      vertex   -1.461285e+01 0.000000e+00 -1.701335e+01
    endloop
  endfacet
  facet normal -7.431448e-01 0.000000e+00 6.691306e-01
    outer loop
      vertex   -1.461285e+01 2.000000e+00 -1.701335e+01
      vertex   -1.461285e+01 0.000000e+00 -1.701335e+01
      vertex   -1.437504e+01 2.000000e+00 -1.674924e+01
    endloop
  endfacet
  facet normal -7.431448e-01 0.000000e+00 6.691306e-01
    outer loop
      vertex   -1.437504e+01 2.000000e+00 -1.674924e+01
      vertex   -1.461285e+01 0.000000e+00 -1.701335e+01
      vertex   -1.437504e+01 0.000000e+00 -1.674924e+01
    endloop
  endfacet
  facet normal -8.660254e-01 0.000000e+00 5.000000e-01
    outer loop
      vertex   -1.437504e+01 2.000000e+00 -1.674924e+01
      vertex   -1.437504e+01 0.000000e+00 -1.674924e+01
      vertex   -1.419735e+01 2.000000e+00 -1.644145e+01
    endloop
  endfacet
  facet normal -8.660254e-01 0.000000e+00 5.000000e-01
    outer loop
      vertex   -1.419735e+01 2.000000e+00 -1.644145e+01
      vertex   -1.437504e+01 0.000000e+00 -1.674924e+01
      vertex   -1.419735e+01 0.000000e+00 -1.644145e+01
    endloop
  endfacet
  facet normal -9.510565e-01 0.000000e+00 3.090170e-01
    outer loop
      vertex   -1.419735e+01 2.000000e+00 -1.644145e+01
      vertex   -1.419735e+01 0.000000e+00 -1.644145e+01
      vertex   -1.408752e+01 2.000000e+00 -1.610345e+01
    endloop
  endfacet
  facet normal -9.510565e-01 0.000000e+00 3.090170e-01
    outer loop
      vertex   -1.408752e+01 2.000000e+00 -1.610345e+01
      vertex   -1.419735e+01 0.000000e+00 -1.644145e+01
      vertex   -1.408752e+01 0.000000e+00 -1.610345e+01
    endloop
  endfacet
  facet normal -9.945219e-01 0.000000e+00 1.045285e-01
    outer loop
      vertex   -1.408752e+01 2.000000e+00 -1.610345e+01
      vertex   -1.408752e+01 0.000000e+00 -1.610345e+01
      vertex   -1.405037e+01 2.000000e+00 -1.575000e+01
    endloop
  endfacet
  facet normal -9.945219e-01 0.000000e+00 1.045285e-01
    outer loop
      vertex   -1.405037e+01 2.000000e+00 -1.575000e+01
      vertex   -1.408752e+01 0.000000e+00 -1.610345e+01
      vertex   -1.405037e+01 0.000000e+00 -1.575000e+01
    endloop
  endfacet
  facet normal -9.945219e-01 -0.000000e+00 -1.045285e-01
    outer loop
      vertex   -1.405037e+01 2.000000e+00 -1.575000e+01
      vertex   -1.405037e+01 0.000000e+00 -1.575000e+01
      vertex   -1.408752e+01 2.000000e+00 -1.539655e+01
    endloop
  endfacet
  facet normal -9.945219e-01 -0.000000e+00 -1.045285e-01
    outer loop
      vertex   -1.408752e+01 2.000000e+00 -1.539655e+01
      vertex   -1.405037e+01 0.000000e+00 -1.575000e+01
      vertex   -1.408752e+01 0.000000e+00 -1.539655e+01
    endloop
  endfacet
  facet normal -9.510565e-01 -0.000000e+00 -3.090170e-01
    outer loop
      vertex   -1.408752e+01 2.000000e+00 -1.539655e+01
      vertex   -1.408752e+01 0.000000e+00 -1.539655e+01
      vertex   -1.419735e+01 2.000000e+00 -1.505855e+01
    endloop
  endfacet
  facet normal -9.510565e-01 -0.000000e+00 -3.090170e-01
    outer loop
      vertex   -1.419735e+01 2.000000e+00 -1.505855e+01
      vertex   -1.408752e+01 0.000000e+00 -1.539655e+01
      vertex   -1.419735e+01 0.000000e+00 -1.505855e+01
    endloop
  endfacet
  facet normal -8.660254e-01 -0.000000e+00 -5.000000e-01
    outer loop
      vertex   -1.419735e+01 2.000000e+00 -1.505855e+01
      vertex   -1.419735e+01 0.000000e+00 -1.505855e+01
      vertex   -1.437504e+01 2.000000e+00 -1.475077e+01
    endloop
  endfacet
  facet normal -8.660254e-01 -0.000000e+00 -5.000000e-01
    outer loop
      vertex   -1.437504e+01 2.000000e+00 -1.475077e+01
      vertex   -1.419735e+01 0.000000e+00 -1.505855e+01
      vertex   -1.437504e+01 0.000000e+00 -1.475077e+01
    endloop
  endfacet
  facet normal -7.431448e-01 -0.000000e+00 -6.691306e-01
    outer loop
      vertex   -1.437504e+01 2.000000e+00 -1.475077e+01
      vertex   -1.437504e+01 0.000000e+00 -1.475077e+01
      vertex   -1.461285e+01 2.000000e+00 -1.448666e+01
    endloop
  endfacet
  facet normal -7.431448e-01 -0.000000e+00 -6.691306e-01
    outer loop
      vertex   -1.461285e+01 2.000000e+00 -1.448666e+01
      vertex   -1.437504e+01 0.000000e+00 -1.475077e+01
      vertex   -1.461285e+01 0.000000e+00 -1.448666e+01
    endloop
  endfacet
  facet normal -5.877853e-01 -0.000000e+00 -8.090170e-01
    outer loop
      vertex   -1.461285e+01 2.000000e+00 -1.448666e+01
      vertex   -1.461285e+01 0.000000e+00 -1.448666e+01
      vertex   -1.490037e+01 2.000000e+00 -1.427776e+01
    endloop
  endfacet
  facet normal -5.877853e-01 -0.000000e+00 -8.090170e-01
    outer loop
      vertex   -1.490037e+01 2.000000e+00 -1.427776e+01
      vertex   -1.461285e+01 0.000000e+00 -1.448666e+01
      vertex   -1.490037e+01 0.000000e+00 -1.427776e+01
    endloop
  endfacet
  facet normal -4.067366e-01 -0.000000e+00 -9.135455e-01
    outer loop
      vertex   -1.490037e+01 2.000000e+00 -1.427776e+01
      vertex   -1.490037e+01 0.000000e+00 -1.427776e+01
      vertex   -1.522504e+01 2.000000e+00 -1.413321e+01
    endloop
  endfacet
  facet normal -4.067366e-01 -0.000000e+00 -9.135455e-01
    outer loop
      vertex   -1.522504e+01 2.000000e+00 -1.413321e+01
      vertex   -1.490037e+01 0.000000e+00 -1.427776e+01
      vertex   -1.522504e+01 0.000000e+00 -1.413321e+01
    endloop
  endfacet
  facet normal -2.079117e-01 -0.000000e+00 -9.781476e-01
    outer loop
      vertex   -1.522504e+01 2.000000e+00 -1.413321e+01
      vertex   -1.522504e+01 0.000000e+00 -1.413321e+01
      vertex   -1.557267e+01 2.000000e+00 -1.405931e+01
    endloop
  endfacet
  facet normal -2.079117e-01 -0.000000e+00 -9.781476e-01
    outer loop
      vertex   -1.557267e+01 2.000000e+00 -1.405931e+01
      vertex   -1.522504e+01 0.000000e+00 -1.413321e+01
      vertex   -1.557267e+01 0.000000e+00 -1.405931e+01
    endloop
  endfacet
  facet normal -0.000000e+00 -0.000000e+00 -1.000000e+00
    outer loop
      vertex   -1.557267e+01 2.000000e+00 -1.405931e+01
      vertex   -1.557267e+01 0.000000e+00 -1.405931e+01
      vertex   -1.592807e+01 2.000000e+00 -1.405931e+01
    endloop
  endfacet
  facet normal 0.000000e+00 0.000000e+00 -1.000000e+00
    outer loop
      vertex   -1.592807e+01 2.000000e+00 -1.405931e+01
      vertex   -1.557267e+01 0.000000e+00 -1.405931e+01
      vertex   -1.592807e+01 0.000000e+00 -1.405931e+01
    endloop
  endfacet
  facet normal 2.079117e-01 0.000000e+00 -9.781476e-01
    outer loop
      vertex   -1.592807e+01 2.000000e+00 -1.405931e+01
      vertex   -1.592807e+01 0.000000e+00 -1.405931e+01
      vertex   -1.627570e+01 2.000000e+00 -1.413321e+01
    endloop
  endfacet
  facet normal 2.079117e-01 0.000000e+00 -9.781476e-01
    outer loop
      vertex   -1.627570e+01 2.000000e+00 -1.413321e+01
      vertex   -1.592807e+01 0.000000e+00 -1.405931e+01
      vertex   -1.627570e+01 0.000000e+00 -1.413321e+01
    endloop
  endfacet
  facet normal 4.067366e-01 0.000000e+00 -9.135455e-01
    outer loop
      vertex   -1.627570e+01 2.000000e+00 -1.413321e+01
      vertex   -1.627570e+01 0.000000e+00 -1.413321e+01
      vertex   -1.660037e+01 2.000000e+00 -1.427776e+01
    endloop
  endfacet
  facet normal 4.067366e-01 0.000000e+00 -9.135455e-01
    outer loop
      vertex   -1.660037e+01 2.000000e+00 -1.427776e+01
      vertex   -1.627570e+01 0.000000e+00 -1.413321e+01
      vertex   -1.660037e+01 0.000000e+00 -1.427776e+01
    endloop
  endfacet
  facet normal 5.877853e-01 0.000000e+00 -8.090170e-01
    outer loop
      vertex   -1.660037e+01 2.000000e+00 -1.427776e+01
      vertex   -1.660037e+01 0.000000e+00 -1.427776e+01
      vertex   -1.688789e+01 2.000000e+00 -1.448666e+01
    endloop
  endfacet
  facet normal 5.877853e-01 0.000000e+00 -8.090170e-01
    outer loop
      vertex   -1.688789e+01 2.000000e+00 -1.448666e+01
      vertex   -1.660037e+01 0.000000e+00 -1.427776e+01
      vertex   -1.688789e+01 0.000000e+00 -1.448666e+01
    endloop
  endfacet
  facet normal 7.431448e-01 0.000000e+00 -6.691306e-01
    outer loop
      vertex   -1.688789e+01 2.000000e+00 -1.448666e+01
      vertex   -1.688789e+01 0.000000e+00 -1.448666e+01
      vertex   -1.712570e+01 2.000000e+00 -1.475077e+01
    endloop
  endfacet
  facet normal 7.431448e-01 0.000000e+00 -6.691306e-01
    outer loop
      vertex   -1.712570e+01 2.000000e+00 -1.475077e+01
      vertex   -1.688789e+01 0.000000e+00 -1.448666e+01
      vertex   -1.712570e+01 0.000000e+00 -1.475077e+01
    endloop
  endfacet
  facet normal 8.660254e-01 0.000000e+00 -5.000000e-01
    outer loop
      vertex   -1.712570e+01 2.000000e+00 -1.475077e+01
      vertex   -1.712570e+01 0.000000e+00 -1.475077e+01
      vertex   -1.730340e+01 2.000000e+00 -1.505855e+01
    endloop
  endfacet
  facet normal 8.660254e-01 0.000000e+00 -5.000000e-01
    outer loop
      vertex   -1.730340e+01 2.000000e+00 -1.505855e+01
      vertex   -1.712570e+01 0.000000e+00 -1.475077e+01
      vertex   -1.730340e+01 0.000000e+00 -1.505855e+01
    endloop
  endfacet
  facet normal 9.510565e-01 0.000000e+00 -3.090170e-01
    outer loop
      vertex   -1.730340e+01 2.000000e+00 -1.505855e+01
      vertex   -1.730340e+01 0.000000e+00 -1.505855e+01
      vertex   -1.741322e+01 2.000000e+00 -1.539655e+01
    endloop
  endfacet
  facet normal 9.510565e-01 0.000000e+00 -3.090170e-01
    outer loop
      vertex   -1.741322e+01 2.000000e+00 -1.539655e+01
      vertex   -1.730340e+01 0.000000e+00 -1.505855e+01
      vertex   -1.741322e+01 0.000000e+00 -1.539655e+01
    endloop
  endfacet
  facet normal 9.945219e-01 0.000000e+00 -1.045285e-01
    outer loop
      vertex   1.408678e+01 2.000000e+00 -1.539655e+01
      vertex   1.408678e+01 0.000000e+00 -1.539655e+01
      vertex   1.404963e+01 2.000000e+00 -1.575000e+01
    endloop
  endfacet
  facet normal 9.945219e-01 0.000000e+00 -1.045285e-01
    outer loop
      vertex   1.404963e+01 2.000000e+00 -1.575000e+01
      vertex   1.408678e+01 0.000000e+00 -1.539655e+01
      vertex   1.404963e+01 0.000000e+00 -1.575000e+01
    endloop
  endfacet
  facet normal 9.945219e-01 0.000000e+00 1.045285e-01
    outer loop
      vertex   1.404963e+01 2.000000e+00 -1.575000e+01
      vertex   1.404963e+01 0.000000e+00 -1.575000e+01
      vertex   1.408678e+01 2.000000e+00 -1.610345e+01
    endloop
  endfacet
  facet normal 9.945219e-01 0.000000e+00 1.045285e-01
    outer loop
      vertex   1.408678e+01 2.000000e+00 -1.610345e+01
      vertex   1.404963e+01 0.000000e+00 -1.575000e+01
      vertex   1.408678e+01 0.000000e+00 -1.610345e+01
    endloop
  endfacet
  facet normal 9.510565e-01 0.000000e+00 3.090170e-01
    outer loop
      vertex   1.408678e+01 2.000000e+00 -1.610345e+01
      vertex   1.408678e+01 0.000000e+00 -1.610345e+01
      vertex   1.419660e+01 2.000000e+00 -1.644145e+01
    endloop
  endfacet
  facet normal 9.510565e-01 0.000000e+00 3.090170e-01
    outer loop
      vertex   1.419660e+01 2.000000e+00 -1.644145e+01
      vertex   1.408678e+01 0.000000e+00 -1.610345e+01
      vertex   1.419660e+01 0.000000e+00 -1.644145e+01
    endloop
  endfacet
  facet normal 8.660254e-01 0.000000e+00 5.000000e-01
    outer loop
      vertex   1.419660e+01 2.000000e+00 -1.644145e+01
      vertex   1.419660e+01 0.000000e+00 -1.644145e+01
      vertex   1.437430e+01 2.000000e+00 -1.674923e+01
    endloop
  endfacet
  facet normal 8.660254e-01 0.000000e+00 5.000000e-01
    outer loop
      vertex   1.437430e+01 2.000000e+00 -1.674923e+01
      vertex   1.419660e+01 0.000000e+00 -1.644145e+01
      vertex   1.437430e+01 0.000000e+00 -1.674923e+01
    endloop
  endfacet
  facet normal 7.431448e-01 0.000000e+00 6.691306e-01
    outer loop
      vertex   1.437430e+01 2.000000e+00 -1.674923e+01
      vertex   1.437430e+01 0.000000e+00 -1.674923e+01
      vertex   1.461211e+01 2.000000e+00 -1.701334e+01
    endloop
  endfacet
  facet normal 7.431448e-01 0.000000e+00 6.691306e-01
    outer loop
      vertex   1.461211e+01 2.000000e+00 -1.701334e+01
      vertex   1.437430e+01 0.000000e+00 -1.674923e+01
      vertex   1.461211e+01 0.000000e+00 -1.701334e+01
    endloop
  endfacet
  facet normal 5.877853e-01 0.000000e+00 8.090170e-01
    outer loop
      vertex   1.461211e+01 2.000000e+00 -1.701334e+01
      vertex   1.461211e+01 0.000000e+00 -1.701334e+01
      vertex   1.489963e+01 2.000000e+00 -1.722224e+01
    endloop
  endfacet
  facet normal 5.877853e-01 0.000000e+00 8.090170e-01
    outer loop
      vertex   1.489963e+01 2.000000e+00 -1.722224e+01
      vertex   1.461211e+01 0.000000e+00 -1.701334e+01
      vertex   1.489963e+01 0.000000e+00 -1.722224e+01
    endloop
  endfacet
  facet normal 4.067366e-01 0.000000e+00 9.135455e-01
    outer loop
      vertex   1.489963e+01 2.000000e+00 -1.722224e+01
      vertex   1.489963e+01 0.000000e+00 -1.722224e+01
      vertex   1.522430e+01 2.000000e+00 -1.736679e+01
    endloop
  endfacet
  facet normal 4.067366e-01 0.000000e+00 9.135455e-01
    outer loop
      vertex   1.522430e+01 2.000000e+00 -1.736679e+01
      vertex   1.489963e+01 0.000000e+00 -1.722224e+01
      vertex   1.522430e+01 0.000000e+00 -1.736679e+01
    endloop
  endfacet
  facet normal 2.079117e-01 0.000000e+00 9.781476e-01
    outer loop
      vertex   1.522430e+01 2.000000e+00 -1.736679e+01
      vertex   1.522430e+01 0.000000e+00 -1.736679e+01
      vertex   1.557193e+01 2.000000e+00 -1.744069e+01
    endloop
  endfacet
  facet normal 2.079117e-01 0.000000e+00 9.781476e-01
    outer loop
      vertex   1.557193e+01 2.000000e+00 -1.744069e+01
      vertex   1.522430e+01 0.000000e+00 -1.736679e+01
      vertex   1.557193e+01 0.000000e+00 -1.744069e+01
    endloop
  endfacet
  facet normal -0.000000e+00 0.000000e+00 1.000000e+00
    outer loop
      vertex   1.557193e+01 2.000000e+00 -1.744069e+01
      vertex   1.557193e+01 0.000000e+00 -1.744069e+01
      vertex   1.592733e+01 2.000000e+00 -1.744069e+01
    endloop
  endfacet
  facet normal 0.000000e+00 0.000000e+00 1.000000e+00
    outer loop
      vertex   1.592733e+01 2.000000e+00 -1.744069e+01
      vertex   1.557193e+01 0.000000e+00 -1.744069e+01
      vertex   1.592733e+01 0.000000e+00 -1.744069e+01
    endloop
  endfacet
  facet normal -2.079117e-01 0.000000e+00 9.781476e-01
    outer loop
      vertex   1.592733e+01 2.000000e+00 -1.744069e+01
      vertex   1.592733e+01 0.000000e+00 -1.744069e+01
      vertex   1.627496e+01 2.000000e+00 -1.736679e+01
    endloop
  endfacet
  facet normal -2.079117e-01 0.000000e+00 9.781476e-01
    outer loop
      vertex   1.627496e+01 2.000000e+00 -1.736679e+01
      vertex   1.592733e+01 0.000000e+00 -1.744069e+01
      vertex   1.627496e+01 0.000000e+00 -1.736679e+01
    endloop
  endfacet
  facet normal -4.067366e-01 0.000000e+00 9.135455e-01
    outer loop
      vertex   1.627496e+01 2.000000e+00 -1.736679e+01
      vertex   1.627496e+01 0.000000e+00 -1.736679e+01
      vertex   1.659963e+01 2.000000e+00 -1.722224e+01
    endloop
  endfacet
  facet normal -4.067366e-01 0.000000e+00 9.135455e-01
    outer loop
      vertex   1.659963e+01 2.000000e+00 -1.722224e+01
      vertex   1.627496e+01 0.000000e+00 -1.736679e+01
      vertex   1.659963e+01 0.000000e+00 -1.722224e+01
    endloop
  endfacet
  facet normal -5.877853e-01 0.000000e+00 8.090170e-01
    outer loop
      vertex   1.659963e+01 2.000000e+00 -1.722224e+01
      vertex   1.659963e+01 0.000000e+00 -1.722224e+01
      vertex   1.688715e+01 2.000000e+00 -1.701334e+01
    endloop
  endfacet
  facet normal -5.877853e-01 0.000000e+00 8.090170e-01
    outer loop
      vertex   1.688715e+01 2.000000e+00 -1.701334e+01
      vertex   1.659963e+01 0.000000e+00 -1.722224e+01
      vertex   1.688715e+01 0.000000e+00 -1.701334e+01
    endloop
  endfacet
  facet normal -7.431448e-01 0.000000e+00 6.691306e-01
    outer loop
      vertex   1.688715e+01 2.000000e+00 -1.701334e+01
      vertex   1.688715e+01 0.000000e+00 -1.701334e+01
      vertex   1.712496e+01 2.000000e+00 -1.674923e+01
    endloop
  endfacet
  facet normal -7.431448e-01 0.000000e+00 6.691306e-01
    outer loop
      vertex   1.712496e+01 2.000000e+00 -1.674923e+01
      vertex   1.688715e+01 0.000000e+00 -1.701334e+01
      vertex   1.712496e+01 0.000000e+00 -1.674923e+01
    endloop
  endfacet
  facet normal -8.660254e-01 0.000000e+00 5.000000e-01
    outer loop
      vertex   1.712496e+01 2.000000e+00 -1.674923e+01
      vertex   1.712496e+01 0.000000e+00 -1.674923e+01
      vertex   1.730265e+01 2.000000e+00 -1.644145e+01
    endloop
  endfacet
  facet normal -8.660254e-01 0.000000e+00 5.000000e-01
    outer loop
      vertex   1.730265e+01 2.000000e+00 -1.644145e+01
      vertex   1.712496e+01 0.000000e+00 -1.674923e+01
      vertex   1.730265e+01 0.000000e+00 -1.644145e+01
    endloop
  endfacet
  facet normal -9.510565e-01 0.000000e+00 3.090170e-01
    outer loop
      vertex   1.730265e+01 2.000000e+00 -1.644145e+01
      vertex   1.730265e+01 0.000000e+00 -1.644145e+01
      vertex   1.741248e+01 2.000000e+00 -1.610345e+01
    endloop
  endfacet
  facet normal -9.510565e-01 0.000000e+00 3.090170e-01
    outer loop
      vertex   1.741248e+01 2.000000e+00 -1.610345e+01
      vertex   1.730265e+01 0.000000e+00 -1.644145e+01
      vertex   1.741248e+01 0.000000e+00 -1.610345e+01
    endloop
  endfacet
  facet normal -9.945219e-01 0.000000e+00 1.045285e-01
    outer loop
      vertex   1.741248e+01 2.000000e+00 -1.610345e+01
      vertex   1.741248e+01 0.000000e+00 -1.610345e+01
      vertex   1.744963e+01 2.000000e+00 -1.575000e+01
    endloop
  endfacet
  facet normal -9.945219e-01 0.000000e+00 1.045285e-01
    outer loop
      vertex   1.744963e+01 2.000000e+00 -1.575000e+01
      vertex   1.741248e+01 0.000000e+00 -1.610345e+01
      vertex   1.744963e+01 0.000000e+00 -1.575000e+01
    endloop
  endfacet
  facet normal -9.945219e-01 -0.000000e+00 -1.045285e-01
    outer loop
      vertex   1.744963e+01 2.000000e+00 -1.575000e+01
      vertex   1.744963e+01 0.000000e+00 -1.575000e+01
      vertex   1.741248e+01 2.000000e+00 -1.539655e+01
    endloop
  endfacet
  facet normal -9.945219e-01 -0.000000e+00 -1.045285e-01
    outer loop
      vertex   1.741248e+01 2.000000e+00 -1.539655e+01
      vertex   1.744963e+01 0.000000e+00 -1.575000e+01
      vertex   1.741248e+01 0.000000e+00 -1.539655e+01
    endloop
  endfacet
  facet normal -9.510565e-01 -0.000000e+00 -3.090170e-01
    outer loop
      vertex   1.741248e+01 2.000000e+00 -1.539655e+01
      vertex   1.741248e+01 0.000000e+00 -1.539655e+01
      vertex   1.730265e+01 2.000000e+00 -1.505855e+01
    endloop
  endfacet
  facet normal -9.510565e-01 -0.000000e+00 -3.090170e-01
    outer loop
      vertex   1.730265e+01 2.000000e+00 -1.505855e+01
      vertex   1.741248e+01 0.000000e+00 -1.539655e+01
      vertex   1.730265e+01 0.000000e+00 -1.505855e+01
    endloop
  endfacet
  facet normal -8.660254e-01 -0.000000e+00 -5.000000e-01
    outer loop
      vertex   1.730265e+01 2.000000e+00 -1.505855e+01
      vertex   1.730265e+01 0.000000e+00 -1.505855e+01
      vertex   1.712496e+01 2.000000e+00 -1.475076e+01
    endloop
  endfacet
  facet normal -8.660254e-01 -0.000000e+00 -5.000000e-01
    outer loop
      vertex   1.712496e+01 2.000000e+00 -1.475076e+01
      vertex   1.730265e+01 0.000000e+00 -1.505855e+01
      vertex   1.712496e+01 0.000000e+00 -1.475076e+01
    endloop
  endfacet
  facet normal -7.431448e-01 -0.000000e+00 -6.691306e-01
    outer loop
      vertex   1.712496e+01 2.000000e+00 -1.475076e+01
      vertex   1.712496e+01 0.000000e+00 -1.475076e+01
      vertex   1.688715e+01 2.000000e+00 -1.448665e+01
    endloop
  endfacet
  facet normal -7.431448e-01 -0.000000e+00 -6.691306e-01
    outer loop
      vertex   1.688715e+01 2.000000e+00 -1.448665e+01
      vertex   1.712496e+01 0.000000e+00 -1.475076e+01
      vertex   1.688715e+01 0.000000e+00 -1.448665e+01
    endloop
  endfacet
  facet normal -5.877853e-01 -0.000000e+00 -8.090170e-01
    outer loop
      vertex   1.688715e+01 2.000000e+00 -1.448665e+01
      vertex   1.688715e+01 0.000000e+00 -1.448665e+01
      vertex   1.659963e+01 2.000000e+00 -1.427775e+01
    endloop
  endfacet
  facet normal -5.877853e-01 -0.000000e+00 -8.090170e-01
    outer loop
      vertex   1.659963e+01 2.000000e+00 -1.427775e+01
      vertex   1.688715e+01 0.000000e+00 -1.448665e+01
      vertex   1.659963e+01 0.000000e+00 -1.427775e+01
    endloop
  endfacet
  facet normal -4.067366e-01 -0.000000e+00 -9.135455e-01
    outer loop
      vertex   1.659963e+01 2.000000e+00 -1.427775e+01
      vertex   1.659963e+01 0.000000e+00 -1.427775e+01
      vertex   1.627496e+01 2.000000e+00 -1.413320e+01
    endloop
  endfacet
  facet normal -4.067366e-01 -0.000000e+00 -9.135455e-01
    outer loop
      vertex   1.627496e+01 2.000000e+00 -1.413320e+01
      vertex   1.659963e+01 0.000000e+00 -1.427775e+01
      vertex   1.627496e+01 0.000000e+00 -1.413320e+01
    endloop
  endfacet
  facet normal -2.079117e-01 -0.000000e+00 -9.781476e-01
    outer loop
      vertex   1.627496e+01 2.000000e+00 -1.413320e+01
      vertex   1.627496e+01 0.000000e+00 -1.413320e+01
      vertex   1.592733e+01 2.000000e+00 -1.405931e+01
    endloop
  endfacet
  facet normal -2.079117e-01 -0.000000e+00 -9.781476e-01
    outer loop
      vertex   1.592733e+01 2.000000e+00 -1.405931e+01
      vertex   1.627496e+01 0.000000e+00 -1.413320e+01
      vertex   1.592733e+01 0.000000e+00 -1.405931e+01
    endloop
  endfacet
  facet normal -0.000000e+00 -0.000000e+00 -1.000000e+00
    outer loop
      vertex   1.592733e+01 2.000000e+00 -1.405931e+01
      vertex   1.592733e+01 0.000000e+00 -1.405931e+01
      vertex   1.557193e+01 2.000000e+00 -1.405931e+01
    endloop
  endfacet
  facet normal 0.000000e+00 0.000000e+00 -1.000000e+00
    outer loop
      vertex   1.557193e+01 2.000000e+00 -1.405931e+01
      vertex   1.592733e+01 0.000000e+00 -1.405931e+01
      vertex   1.557193e+01 0.000000e+00 -1.405931e+01
    endloop
  endfacet
  facet normal 2.079117e-01 0.000000e+00 -9.781476e-01
    outer loop
      vertex   1.557193e+01 2.000000e+00 -1.405931e+01
      vertex   1.557193e+01 0.000000e+00 -1.405931e+01
      vertex   1.522430e+01 2.000000e+00 -1.413320e+01
    endloop
  endfacet
  facet normal 2.079117e-01 0.000000e+00 -9.781476e-01
    outer loop
      vertex   1.522430e+01 2.000000e+00 -1.413320e+01
      vertex   1.557193e+01 0.000000e+00 -1.405931e+01
      vertex   1.522430e+01 0.000000e+00 -1.413320e+01
    endloop
  endfacet
  facet normal 4.067366e-01 0.000000e+00 -9.135455e-01
    outer loop
      vertex   1.522430e+01 2.000000e+00 -1.413320e+01
      vertex   1.522430e+01 0.000000e+00 -1.413320e+01
      vertex   1.489963e+01 2.000000e+00 -1.427775e+01
    endloop
  endfacet
  facet normal 4.067366e-01 0.000000e+00 -9.135455e-01
    outer loop
      vertex   1.489963e+01 2.000000e+00 -1.427775e+01
      vertex   1.522430e+01 0.000000e+00 -1.413320e+01
      vertex   1.489963e+01 0.000000e+00 -1.427775e+01
    endloop
  endfacet
  facet normal 5.877853e-01 0.000000e+00 -8.090170e-01
    outer loop
      vertex   1.489963e+01 2.000000e+00 -1.427775e+01
      vertex   1.489963e+01 0.000000e+00 -1.427775e+01
      vertex   1.461211e+01 2.000000e+00 -1.448665e+01
    endloop
  endfacet
  facet normal 5.877853e-01 0.000000e+00 -8.090170e-01
    outer loop
      vertex   1.461211e+01 2.000000e+00 -1.448665e+01
      vertex   1.489963e+01 0.000000e+00 -1.427775e+01
      vertex   1.461211e+01 0.000000e+00 -1.448665e+01
    endloop
  endfacet
  facet normal 7.431448e-01 0.000000e+00 -6.691306e-01
    outer loop
      vertex   1.461211e+01 2.000000e+00 -1.448665e+01
      vertex   1.461211e+01 0.000000e+00 -1.448665e+01
      vertex   1.437430e+01 2.000000e+00 -1.475076e+01
    endloop
  endfacet
  facet normal 7.431448e-01 0.000000e+00 -6.691306e-01
    outer loop
      vertex   1.437430e+01 2.000000e+00 -1.475076e+01
      vertex   1.461211e+01 0.000000e+00 -1.448665e+01
      vertex   1.437430e+01 0.000000e+00 -1.475076e+01
    endloop
  endfacet
  facet normal 8.660254e-01 0.000000e+00 -5.000000e-01
    outer loop
      vertex   1.437430e+01 2.000000e+00 -1.475076e+01
      vertex   1.437430e+01 0.000000e+00 -1.475076e+01
      vertex   1.419660e+01 2.000000e+00 -1.505855e+01
    endloop
  endfacet
  facet normal 8.660254e-01 0.000000e+00 -5.000000e-01
    outer loop
      vertex   1.419660e+01 2.000000e+00 -1.505855e+01
      vertex   1.437430e+01 0.000000e+00 -1.475076e+01
      vertex   1.419660e+01 0.000000e+00 -1.505855e+01
    endloop
  endfacet
  facet normal 9.510565e-01 0.000000e+00 -3.090170e-01
    outer loop
      vertex   1.419660e+01 2.000000e+00 -1.505855e+01
      vertex   1.419660e+01 0.000000e+00 -1.505855e+01
      vertex   1.408678e+01 2.000000e+00 -1.539655e+01
    endloop
  endfacet
  facet normal 9.510565e-01 0.000000e+00 -3.090170e-01
    outer loop
      vertex   1.408678e+01 2.000000e+00 -1.539655e+01
      vertex   1.419660e+01 0.000000e+00 -1.505855e+01
      vertex   1.408678e+01 0.000000e+00 -1.539655e+01
    endloop
  endfacet
  facet normal -1.000000e+00 0.000000e+00 4.131062e-16
    outer loop
      vertex   -2.150037e+01 0.000000e+00 -2.150000e+01
      vertex   -2.150037e+01 0.000000e+00 2.150000e+01
      vertex   -2.150037e+01 2.000000e+00 -2.150000e+01
    endloop
  endfacet
  facet normal -1.000000e+00 0.000000e+00 4.131062e-16
    outer loop
      vertex   -2.150037e+01 2.000000e+00 -2.150000e+01
      vertex   -2.150037e+01 0.000000e+00 2.150000e+01
      vertex   -2.150037e+01 2.000000e+00 2.150000e+01
    endloop
  endfacet
  facet normal 0.000000e+00 0.000000e+00 -1.000000e+00
    outer loop
      vertex   2.149963e+01 0.000000e+00 -2.150000e+01
      vertex   -2.150037e+01 0.000000e+00 -2.150000e+01
      vertex   2.149963e+01 2.000000e+00 -2.150000e+01
    endloop
  endfacet
  facet normal -0.000000e+00 0.000000e+00 -1.000000e+00
    outer loop
      vertex   2.149963e+01 2.000000e+00 -2.150000e+01
      vertex   -2.150037e+01 0.000000e+00 -2.150000e+01
      vertex   -2.150037e+01 2.000000e+00 -2.150000e+01
    endloop
  endfacet
  facet normal 1.000000e+00 1.467648e-30 -8.262125e-16
    outer loop
      vertex   2.149963e+01 0.000000e+00 2.150000e+01
      vertex   2.149963e+01 0.000000e+00 -2.150000e+01
      vertex   2.149963e+01 2.000000e+00 2.150000e+01
    endloop
  endfacet
  facet normal 1.000000e+00 0.000000e+00 -8.262125e-16
    outer loop
      vertex   2.149963e+01 2.000000e+00 2.150000e+01
      vertex   2.149963e+01 0.000000e+00 -2.150000e+01
      vertex   2.149963e+01 2.000000e+00 -2.150000e+01
    endloop
  endfacet
  facet normal 0.000000e+00 -1.776357e-15 1.000000e+00
    outer loop
      vertex   -2.150037e+01 0.000000e+00 2.150000e+01
      vertex   2.149963e+01 0.000000e+00 2.150000e+01
      vertex   -2.150037e+01 2.000000e+00 2.150000e+01
    endloop
  endfacet
  facet normal 0.000000e+00 -1.776357e-15 1.000000e+00
    outer loop
      vertex   -2.150037e+01 2.000000e+00 2.150000e+01
      vertex   2.149963e+01 0.000000e+00 2.150000e+01
      vertex   2.149963e+01 2.000000e+00 2.150000e+01
    endloop
  endfacet
  facet normal 0.000000e+00 1.000000e+00 0.000000e+00
    outer loop
      vertex   2.149963e+01 2.000000e+00 2.150000e+01
      vertex   -1.490038e+01 2.000000e+00 1.722224e+01
      vertex   -2.150037e+01 2.000000e+00 2.150000e+01
    endloop
  endfacet
  facet normal 0.000000e+00 1.000000e+00 0.000000e+00
    outer loop
      vertex   -2.150037e+01 2.000000e+00 2.150000e+01
      vertex   -1.490038e+01 2.000000e+00 1.722224e+01
      vertex   -1.522505e+01 2.000000e+00 1.736679e+01
    endloop
  endfacet
  facet normal 0.000000e+00 1.000000e+00 0.000000e+00
    outer loop
      vertex   -2.150037e+01 2.000000e+00 2.150000e+01
      vertex   -1.522505e+01 2.000000e+00 1.736679e+01
      vertex   -1.557268e+01 2.000000e+00 1.744069e+01
    endloop
  endfacet
  facet normal 0.000000e+00 1.000000e+00 -0.000000e+00
    outer loop
      vertex   2.149963e+01 2.000000e+00 -2.150000e+01
      vertex   1.730265e+01 2.000000e+00 -1.505855e+01
      vertex   2.149963e+01 2.000000e+00 2.150000e+01
    endloop
  endfacet
  facet normal 0.000000e+00 1.000000e+00 0.000000e+00
    outer loop
      vertex   2.149963e+01 2.000000e+00 2.150000e+01
      vertex   1.730265e+01 2.000000e+00 -1.505855e+01
      vertex   1.730265e+01 2.000000e+00 1.505854e+01
    endloop
  endfacet
  facet normal 0.000000e+00 1.000000e+00 0.000000e+00
    outer loop
      vertex   2.149963e+01 2.000000e+00 2.150000e+01
      vertex   1.730265e+01 2.000000e+00 1.505854e+01
      vertex   1.741247e+01 2.000000e+00 1.539654e+01
    endloop
  endfacet
  facet normal 0.000000e+00 1.000000e+00 0.000000e+00
    outer loop
      vertex   -2.150037e+01 2.000000e+00 -2.150000e+01
      vertex   -3.312589e-01 2.000000e+00 -1.894064e+01
      vertex   2.149963e+01 2.000000e+00 -2.150000e+01
    endloop
  endfacet
  facet normal 0.000000e+00 1.000000e+00 0.000000e+00
    outer loop
      vertex   2.149963e+01 2.000000e+00 -2.150000e+01
      vertex   -3.312589e-01 2.000000e+00 -1.894064e+01
      vertex   7.183067e+00 2.000000e+00 -1.820394e+01
    endloop
  endfacet
  facet normal 0.000000e+00 1.000000e+00 0.000000e+00
    outer loop
      vertex   2.149963e+01 2.000000e+00 -2.150000e+01
      vertex   7.183067e+00 2.000000e+00 -1.820394e+01
      vertex   7.320604e+00 2.000000e+00 -1.819379e+01
    endloop
  endfacet
  facet normal 0.000000e+00 1.000000e+00 0.000000e+00
    outer loop
      vertex   -2.150037e+01 2.000000e+00 2.150000e+01
      vertex   -1.730340e+01 2.000000e+00 1.505855e+01
      vertex   -2.150037e+01 2.000000e+00 -2.150000e+01
    endloop
  endfacet
  facet normal 0.000000e+00 1.000000e+00 0.000000e+00
    outer loop
      vertex   -2.150037e+01 2.000000e+00 -2.150000e+01
      vertex   -1.730340e+01 2.000000e+00 1.505855e+01
      vertex   -1.730340e+01 2.000000e+00 -1.505855e+01
    endloop
  endfacet
  facet normal 0.000000e+00 1.000000e+00 0.000000e+00
    outer loop
      vertex   -2.150037e+01 2.000000e+00 -2.150000e+01
      vertex   -1.730340e+01 2.000000e+00 -1.505855e+01
      vertex   -1.741322e+01 2.000000e+00 -1.539655e+01
    endloop
  endfacet
  facet normal 0.000000e+00 1.000000e+00 0.000000e+00
    outer loop
      vertex   -1.196244e+01 2.000000e+00 -9.534020e-01
      vertex   -1.712570e+01 2.000000e+00 -1.475077e+01
      vertex   -1.200037e+01 2.000000e+00 -1.132427e-13
    endloop
  endfacet
  facet normal 0.000000e+00 1.000000e+00 0.000000e+00
    outer loop
      vertex   -1.200037e+01 2.000000e+00 -1.132427e-13
      vertex   -1.712570e+01 2.000000e+00 -1.475077e+01
      vertex   -1.712571e+01 2.000000e+00 1.475076e+01
    endloop
  endfacet
  facet normal 0.000000e+00 1.000000e+00 -0.000000e+00
    outer loop
      vertex   -1.200037e+01 2.000000e+00 -1.132427e-13
      vertex   -1.712571e+01 2.000000e+00 1.475076e+01
      vertex   -1.196244e+01 2.000000e+00 9.534020e-01
    endloop
  endfacet
  facet normal 0.000000e+00 1.000000e+00 0.000000e+00
    outer loop
      vertex   -1.196244e+01 2.000000e+00 9.534020e-01
      vertex   -1.712571e+01 2.000000e+00 1.475076e+01
      vertex   -1.688790e+01 2.000000e+00 1.448665e+01
    endloop
  endfacet
  facet normal 0.000000e+00 1.000000e+00 -0.000000e+00
    outer loop
      vertex   -1.196244e+01 2.000000e+00 9.534020e-01
      vertex   -1.688790e+01 2.000000e+00 1.448665e+01
      vertex   -1.184887e+01 2.000000e+00 1.900776e+00
    endloop
  endfacet
  facet normal 0.000000e+00 1.000000e+00 0.000000e+00
    outer loop
      vertex   -1.184887e+01 2.000000e+00 1.900776e+00
      vertex   -1.688790e+01 2.000000e+00 1.448665e+01
      vertex   -1.660038e+01 2.000000e+00 1.427775e+01
    endloop
  endfacet
  facet normal 0.000000e+00 1.000000e+00 -0.000000e+00
    outer loop
      vertex   -1.184887e+01 2.000000e+00 1.900776e+00
      vertex   -1.660038e+01 2.000000e+00 1.427775e+01
      vertex   -1.166040e+01 2.000000e+00 2.836133e+00
    endloop
  endfacet
  facet normal 0.000000e+00 1.000000e+00 -0.000000e+00
    outer loop
      vertex   -1.166040e+01 2.000000e+00 2.836133e+00
      vertex   -1.660038e+01 2.000000e+00 1.427775e+01
      vertex   -1.139821e+01 2.000000e+00 3.753559e+00
    endloop
  endfacet
  facet normal 0.000000e+00 1.000000e+00 0.000000e+00
    outer loop
      vertex   -1.139821e+01 2.000000e+00 3.753559e+00
      vertex   -1.660038e+01 2.000000e+00 1.427775e+01
      vertex   -1.627571e+01 2.000000e+00 1.413320e+01
    endloop
  endfacet
  facet normal 0.000000e+00 1.000000e+00 -0.000000e+00
    outer loop
      vertex   -1.139821e+01 2.000000e+00 3.753559e+00
      vertex   -1.627571e+01 2.000000e+00 1.413320e+01
      vertex   -1.106396e+01 2.000000e+00 4.647254e+00
    endloop
  endfacet
  facet normal 0.000000e+00 1.000000e+00 0.000000e+00
    outer loop
      vertex   -1.106396e+01 2.000000e+00 4.647254e+00
      vertex   -1.627571e+01 2.000000e+00 1.413320e+01
      vertex   -1.592807e+01 2.000000e+00 1.405931e+01
    endloop
  endfacet
  facet normal 0.000000e+00 1.000000e+00 -0.000000e+00
    outer loop
      vertex   -1.106396e+01 2.000000e+00 4.647254e+00
      vertex   -1.592807e+01 2.000000e+00 1.405931e+01
      vertex   -1.065976e+01 2.000000e+00 5.511567e+00
    endloop
  endfacet
  facet normal 0.000000e+00 1.000000e+00 0.000000e+00
    outer loop
      vertex   -1.065976e+01 2.000000e+00 5.511567e+00
      vertex   -1.592807e+01 2.000000e+00 1.405931e+01
      vertex   -1.557268e+01 2.000000e+00 1.405931e+01
    endloop
  endfacet
  facet normal 0.000000e+00 1.000000e+00 -0.000000e+00
    outer loop
      vertex   -1.065976e+01 2.000000e+00 5.511567e+00
      vertex   -1.557268e+01 2.000000e+00 1.405931e+01
      vertex   -1.018817e+01 2.000000e+00 6.341035e+00
    endloop
  endfacet
  facet normal 0.000000e+00 1.000000e+00 0.000000e+00
    outer loop
      vertex   -1.018817e+01 2.000000e+00 6.341035e+00
      vertex   -1.557268e+01 2.000000e+00 1.405931e+01
      vertex   -1.522505e+01 2.000000e+00 1.413320e+01
    endloop
  endfacet
  facet normal 0.000000e+00 1.000000e+00 -0.000000e+00
    outer loop
      vertex   -1.018817e+01 2.000000e+00 6.341035e+00
      vertex   -1.522505e+01 2.000000e+00 1.413320e+01
      vertex   -9.652169e+00 2.000000e+00 7.130412e+00
    endloop
  endfacet
  facet normal 0.000000e+00 1.000000e+00 0.000000e+00
    outer loop
      vertex   -9.652169e+00 2.000000e+00 7.130412e+00
      vertex   -1.522505e+01 2.000000e+00 1.413320e+01
      vertex   -1.490038e+01 2.000000e+00 1.427775e+01
    endloop
  endfacet
  facet normal 0.000000e+00 1.000000e+00 -0.000000e+00
    outer loop
      vertex   -9.652169e+00 2.000000e+00 7.130412e+00
      vertex   -1.490038e+01 2.000000e+00 1.427775e+01
      vertex   -9.055146e+00 2.000000e+00 7.874709e+00
    endloop
  endfacet
  facet normal 0.000000e+00 1.000000e+00 0.000000e+00
    outer loop
      vertex   -9.055146e+00 2.000000e+00 7.874709e+00
      vertex   -1.490038e+01 2.000000e+00 1.427775e+01
      vertex   -1.461285e+01 2.000000e+00 1.448665e+01
    endloop
  endfacet
  facet normal 0.000000e+00 1.000000e+00 -0.000000e+00
    outer loop
      vertex   -9.055146e+00 2.000000e+00 7.874709e+00
      vertex   -1.461285e+01 2.000000e+00 1.448665e+01
      vertex   -8.400876e+00 2.000000e+00 8.569219e+00
    endloop
  endfacet
  facet normal 0.000000e+00 1.000000e+00 0.000000e+00
    outer loop
      vertex   -8.400876e+00 2.000000e+00 8.569219e+00
      vertex   -1.461285e+01 2.000000e+00 1.448665e+01
      vertex   -1.437505e+01 2.000000e+00 1.475076e+01
    endloop
  endfacet
  facet normal 0.000000e+00 1.000000e+00 -0.000000e+00
    outer loop
      vertex   -8.400876e+00 2.000000e+00 8.569219e+00
      vertex   -1.437505e+01 2.000000e+00 1.475076e+01
      vertex   -7.693494e+00 2.000000e+00 9.209552e+00
    endloop
  endfacet
  facet normal 0.000000e+00 1.000000e+00 0.000000e+00
    outer loop
      vertex   -7.693494e+00 2.000000e+00 9.209552e+00
      vertex   -1.437505e+01 2.000000e+00 1.475076e+01
      vertex   -1.419735e+01 2.000000e+00 1.505855e+01
    endloop
  endfacet
  facet normal 0.000000e+00 1.000000e+00 -0.000000e+00
    outer loop
      vertex   -7.693494e+00 2.000000e+00 9.209552e+00
      vertex   -1.419735e+01 2.000000e+00 1.505855e+01
      vertex   -6.937475e+00 2.000000e+00 9.791659e+00
    endloop
  endfacet
  facet normal 0.000000e+00 1.000000e+00 0.000000e+00
    outer loop
      vertex   -6.937475e+00 2.000000e+00 9.791659e+00
      vertex   -1.419735e+01 2.000000e+00 1.505855e+01
      vertex   -1.408753e+01 2.000000e+00 1.539655e+01
    endloop
  endfacet
  facet normal 0.000000e+00 1.000000e+00 -0.000000e+00
    outer loop
      vertex   -6.937475e+00 2.000000e+00 9.791659e+00
      vertex   -1.408753e+01 2.000000e+00 1.539655e+01
      vertex   -6.137596e+00 2.000000e+00 1.031186e+01
    endloop
  endfacet
  facet normal 0.000000e+00 1.000000e+00 0.000000e+00
    outer loop
      vertex   -6.137596e+00 2.000000e+00 1.031186e+01
      vertex   -1.408753e+01 2.000000e+00 1.539655e+01
      vertex   -1.405038e+01 2.000000e+00 1.575000e+01
    endloop
  endfacet
  facet normal 0.000000e+00 1.000000e+00 -0.000000e+00
    outer loop
      vertex   -6.137596e+00 2.000000e+00 1.031186e+01
      vertex   -1.405038e+01 2.000000e+00 1.575000e+01
      vertex   -5.298917e+00 2.000000e+00 1.076687e+01
    endloop
  endfacet
  facet normal 0.000000e+00 1.000000e+00 0.000000e+00
    outer loop
      vertex   -5.298917e+00 2.000000e+00 1.076687e+01
      vertex   -1.405038e+01 2.000000e+00 1.575000e+01
      vertex   -1.408753e+01 2.000000e+00 1.610345e+01
    endloop
  endfacet
  facet normal 0.000000e+00 1.000000e+00 -0.000000e+00
    outer loop
      vertex   -5.298917e+00 2.000000e+00 1.076687e+01
      vertex   -1.408753e+01 2.000000e+00 1.610345e+01
      vertex   -4.426738e+00 2.000000e+00 1.115380e+01
    endloop
  endfacet
  facet normal 0.000000e+00 1.000000e+00 0.000000e+00
    outer loop
      vertex   -4.426738e+00 2.000000e+00 1.115380e+01
      vertex   -1.408753e+01 2.000000e+00 1.610345e+01
      vertex   -1.419735e+01 2.000000e+00 1.644145e+01
    endloop
  endfacet
  facet normal 0.000000e+00 1.000000e+00 -0.000000e+00
    outer loop
      vertex   -4.426738e+00 2.000000e+00 1.115380e+01
      vertex   -1.419735e+01 2.000000e+00 1.644145e+01
      vertex   -3.526574e+00 2.000000e+00 1.147022e+01
    endloop
  endfacet
  facet normal 0.000000e+00 1.000000e+00 -0.000000e+00
    outer loop
      vertex   -3.526574e+00 2.000000e+00 1.147022e+01
      vertex   -1.419735e+01 2.000000e+00 1.644145e+01
      vertex   -2.604116e+00 2.000000e+00 1.171412e+01
    endloop
  endfacet
  facet normal 0.000000e+00 1.000000e+00 0.000000e+00
    outer loop
      vertex   -2.604116e+00 2.000000e+00 1.171412e+01
      vertex   -1.419735e+01 2.000000e+00 1.644145e+01
      vertex   -1.437505e+01 2.000000e+00 1.674923e+01
    endloop
  endfacet
  facet normal 0.000000e+00 1.000000e+00 -0.000000e+00
    outer loop
      vertex   -2.604116e+00 2.000000e+00 1.171412e+01
      vertex   -1.437505e+01 2.000000e+00 1.674923e+01
      vertex   -1.665197e+00 2.000000e+00 1.188395e+01
    endloop
  endfacet
  facet normal 0.000000e+00 1.000000e+00 0.000000e+00
    outer loop
      vertex   -1.665197e+00 2.000000e+00 1.188395e+01
      vertex   -1.437505e+01 2.000000e+00 1.674923e+01
      vertex   -1.461285e+01 2.000000e+00 1.701334e+01
    endloop
  endfacet
  facet normal 0.000000e+00 1.000000e+00 -0.000000e+00
    outer loop
      vertex   -1.665197e+00 2.000000e+00 1.188395e+01
      vertex   -1.461285e+01 2.000000e+00 1.701334e+01
      vertex   -7.157522e-01 2.000000e+00 1.197866e+01
    endloop
  endfacet
  facet normal 0.000000e+00 1.000000e+00 -0.000000e+00
    outer loop
      vertex   -7.157522e-01 2.000000e+00 1.197866e+01
      vertex   -1.461285e+01 2.000000e+00 1.701334e+01
      vertex   2.382155e-01 2.000000e+00 1.199763e+01
    endloop
  endfacet
  facet normal 0.000000e+00 1.000000e+00 -0.000000e+00
    outer loop
      vertex   2.382155e-01 2.000000e+00 1.199763e+01
      vertex   -1.461285e+01 2.000000e+00 1.701334e+01
      vertex   1.461210e+01 2.000000e+00 1.701334e+01
    endloop
  endfacet
  facet normal -0.000000e+00 1.000000e+00 0.000000e+00
    outer loop
      vertex   2.382155e-01 2.000000e+00 1.199763e+01
      vertex   1.461210e+01 2.000000e+00 1.701334e+01
      vertex   1.190675e+00 2.000000e+00 1.194075e+01
    endloop
  endfacet
  facet normal 0.000000e+00 1.000000e+00 0.000000e+00
    outer loop
      vertex   1.190675e+00 2.000000e+00 1.194075e+01
      vertex   1.461210e+01 2.000000e+00 1.701334e+01
      vertex   1.437429e+01 2.000000e+00 1.674923e+01
    endloop
  endfacet
  facet normal -0.000000e+00 1.000000e+00 0.000000e+00
    outer loop
      vertex   1.190675e+00 2.000000e+00 1.194075e+01
      vertex   1.437429e+01 2.000000e+00 1.674923e+01
      vertex   2.135604e+00 2.000000e+00 1.180837e+01
    endloop
  endfacet
  facet normal -0.000000e+00 1.000000e+00 0.000000e+00
    outer loop
      vertex   2.135604e+00 2.000000e+00 1.180837e+01
      vertex   1.437429e+01 2.000000e+00 1.674923e+01
      vertex   3.067029e+00 2.000000e+00 1.160134e+01
    endloop
  endfacet
  facet normal 0.000000e+00 1.000000e+00 0.000000e+00
    outer loop
      vertex   3.067029e+00 2.000000e+00 1.160134e+01
      vertex   1.437429e+01 2.000000e+00 1.674923e+01
      vertex   1.419660e+01 2.000000e+00 1.644145e+01
    endloop
  endfacet
  facet normal -0.000000e+00 1.000000e+00 0.000000e+00
    outer loop
      vertex   3.067029e+00 2.000000e+00 1.160134e+01
      vertex   1.419660e+01 2.000000e+00 1.644145e+01
      vertex   3.979061e+00 2.000000e+00 1.132096e+01
    endloop
  endfacet
  facet normal 0.000000e+00 1.000000e+00 0.000000e+00
    outer loop
      vertex   3.979061e+00 2.000000e+00 1.132096e+01
      vertex   1.419660e+01 2.000000e+00 1.644145e+01
      vertex   1.408677e+01 2.000000e+00 1.610344e+01
    endloop
  endfacet
  facet normal -0.000000e+00 1.000000e+00 0.000000e+00
    outer loop
      vertex   3.979061e+00 2.000000e+00 1.132096e+01
      vertex   1.408677e+01 2.000000e+00 1.610344e+01
      vertex   4.865933e+00 2.000000e+00 1.096901e+01
    endloop
  endfacet
  facet normal 0.000000e+00 1.000000e+00 0.000000e+00
    outer loop
      vertex   4.865933e+00 2.000000e+00 1.096901e+01
      vertex   1.408677e+01 2.000000e+00 1.610344e+01
      vertex   1.404962e+01 2.000000e+00 1.574999e+01
    endloop
  endfacet
  facet normal -0.000000e+00 1.000000e+00 0.000000e+00
    outer loop
      vertex   4.865933e+00 2.000000e+00 1.096901e+01
      vertex   1.404962e+01 2.000000e+00 1.574999e+01
      vertex   5.722039e+00 2.000000e+00 1.054770e+01
    endloop
  endfacet
  facet normal 0.000000e+00 1.000000e+00 0.000000e+00
    outer loop
      vertex   5.722039e+00 2.000000e+00 1.054770e+01
      vertex   1.404962e+01 2.000000e+00 1.574999e+01
      vertex   1.408677e+01 2.000000e+00 1.539654e+01
    endloop
  endfacet
  facet normal -0.000000e+00 1.000000e+00 0.000000e+00
    outer loop
      vertex   5.722039e+00 2.000000e+00 1.054770e+01
      vertex   1.408677e+01 2.000000e+00 1.539654e+01
      vertex   6.541967e+00 2.000000e+00 1.005971e+01
    endloop
  endfacet
  facet normal 0.000000e+00 1.000000e+00 0.000000e+00
    outer loop
      vertex   6.541967e+00 2.000000e+00 1.005971e+01
      vertex   1.408677e+01 2.000000e+00 1.539654e+01
      vertex   1.419660e+01 2.000000e+00 1.505854e+01
    endloop
  endfacet
  facet normal -0.000000e+00 1.000000e+00 0.000000e+00
    outer loop
      vertex   6.541967e+00 2.000000e+00 1.005971e+01
      vertex   1.419660e+01 2.000000e+00 1.505854e+01
      vertex   7.320531e+00 2.000000e+00 9.508123e+00
    endloop
  endfacet
  facet normal 0.000000e+00 1.000000e+00 0.000000e+00
    outer loop
      vertex   7.320531e+00 2.000000e+00 9.508123e+00
      vertex   1.419660e+01 2.000000e+00 1.505854e+01
      vertex   1.437429e+01 2.000000e+00 1.475076e+01
    endloop
  endfacet
  facet normal -0.000000e+00 1.000000e+00 0.000000e+00
    outer loop
      vertex   7.320531e+00 2.000000e+00 9.508123e+00
      vertex   1.437429e+01 2.000000e+00 1.475076e+01
      vertex   8.052810e+00 2.000000e+00 8.896419e+00
    endloop
  endfacet
  facet normal 0.000000e+00 1.000000e+00 0.000000e+00
    outer loop
      vertex   8.052810e+00 2.000000e+00 8.896419e+00
      vertex   1.437429e+01 2.000000e+00 1.475076e+01
      vertex   1.461210e+01 2.000000e+00 1.448665e+01
    endloop
  endfacet
  facet normal -0.000000e+00 1.000000e+00 0.000000e+00
    outer loop
      vertex   8.052810e+00 2.000000e+00 8.896419e+00
      vertex   1.461210e+01 2.000000e+00 1.448665e+01
      vertex   8.734175e+00 2.000000e+00 8.228470e+00
    endloop
  endfacet
  facet normal 0.000000e+00 1.000000e+00 0.000000e+00
    outer loop
      vertex   8.734175e+00 2.000000e+00 8.228470e+00
      vertex   1.461210e+01 2.000000e+00 1.448665e+01
      vertex   1.489962e+01 2.000000e+00 1.427775e+01
    endloop
  endfacet
  facet normal -0.000000e+00 1.000000e+00 0.000000e+00
    outer loop
      vertex   8.734175e+00 2.000000e+00 8.228470e+00
      vertex   1.489962e+01 2.000000e+00 1.427775e+01
      vertex   9.360317e+00 2.000000e+00 7.508497e+00
    endloop
  endfacet
  facet normal 0.000000e+00 1.000000e+00 0.000000e+00
    outer loop
      vertex   9.360317e+00 2.000000e+00 7.508497e+00
      vertex   1.489962e+01 2.000000e+00 1.427775e+01
      vertex   1.522429e+01 2.000000e+00 1.413320e+01
    endloop
  endfacet
  facet normal -0.000000e+00 1.000000e+00 0.000000e+00
    outer loop
      vertex   9.360317e+00 2.000000e+00 7.508497e+00
      vertex   1.522429e+01 2.000000e+00 1.413320e+01
      vertex   9.927278e+00 2.000000e+00 6.741053e+00
    endloop
  endfacet
  facet normal 0.000000e+00 1.000000e+00 0.000000e+00
    outer loop
      vertex   9.927278e+00 2.000000e+00 6.741053e+00
      vertex   1.522429e+01 2.000000e+00 1.413320e+01
      vertex   1.557193e+01 2.000000e+00 1.405931e+01
    endloop
  endfacet
  facet normal -0.000000e+00 1.000000e+00 0.000000e+00
    outer loop
      vertex   9.927278e+00 2.000000e+00 6.741053e+00
      vertex   1.557193e+01 2.000000e+00 1.405931e+01
      vertex   1.043147e+01 2.000000e+00 5.930990e+00
    endloop
  endfacet
  facet normal 0.000000e+00 1.000000e+00 0.000000e+00
    outer loop
      vertex   1.043147e+01 2.000000e+00 5.930990e+00
      vertex   1.557193e+01 2.000000e+00 1.405931e+01
      vertex   1.592732e+01 2.000000e+00 1.405931e+01
    endloop
  endfacet
  facet normal -0.000000e+00 1.000000e+00 0.000000e+00
    outer loop
      vertex   1.043147e+01 2.000000e+00 5.930990e+00
      vertex   1.592732e+01 2.000000e+00 1.405931e+01
      vertex   1.086971e+01 2.000000e+00 5.083430e+00
    endloop
  endfacet
  facet normal -0.000000e+00 1.000000e+00 0.000000e+00
    outer loop
      vertex   1.086971e+01 2.000000e+00 5.083430e+00
      vertex   1.592732e+01 2.000000e+00 1.405931e+01
      vertex   1.123923e+01 2.000000e+00 4.203730e+00
    endloop
  endfacet
  facet normal 0.000000e+00 1.000000e+00 0.000000e+00
    outer loop
      vertex   1.123923e+01 2.000000e+00 4.203730e+00
      vertex   1.592732e+01 2.000000e+00 1.405931e+01
      vertex   1.627495e+01 2.000000e+00 1.413320e+01
    endloop
  endfacet
  facet normal -0.000000e+00 1.000000e+00 0.000000e+00
    outer loop
      vertex   1.123923e+01 2.000000e+00 4.203730e+00
      vertex   1.627495e+01 2.000000e+00 1.413320e+01
      vertex   1.153769e+01 2.000000e+00 3.297453e+00
    endloop
  endfacet
  facet normal 0.000000e+00 1.000000e+00 0.000000e+00
    outer loop
      vertex   1.153769e+01 2.000000e+00 3.297453e+00
      vertex   1.627495e+01 2.000000e+00 1.413320e+01
      vertex   1.659962e+01 2.000000e+00 1.427775e+01
    endloop
  endfacet
  facet normal -0.000000e+00 1.000000e+00 0.000000e+00
    outer loop
      vertex   1.153769e+01 2.000000e+00 3.297453e+00
      vertex   1.659962e+01 2.000000e+00 1.427775e+01
      vertex   1.176320e+01 2.000000e+00 2.370329e+00
    endloop
  endfacet
  facet normal 0.000000e+00 1.000000e+00 0.000000e+00
    outer loop
      vertex   1.176320e+01 2.000000e+00 2.370329e+00
      vertex   1.659962e+01 2.000000e+00 1.427775e+01
      vertex   1.688715e+01 2.000000e+00 1.448665e+01
    endloop
  endfacet
  facet normal -0.000000e+00 1.000000e+00 0.000000e+00
    outer loop
      vertex   1.176320e+01 2.000000e+00 2.370329e+00
      vertex   1.688715e+01 2.000000e+00 1.448665e+01
      vertex   1.191433e+01 2.000000e+00 1.428218e+00
    endloop
  endfacet
  facet normal -0.000000e+00 1.000000e+00 0.000000e+00
    outer loop
      vertex   1.191433e+01 2.000000e+00 1.428218e+00
      vertex   1.688715e+01 2.000000e+00 1.448665e+01
      vertex   1.199014e+01 2.000000e+00 4.770782e-01
    endloop
  endfacet
  facet normal 0.000000e+00 1.000000e+00 0.000000e+00
    outer loop
      vertex   1.199014e+01 2.000000e+00 4.770782e-01
      vertex   1.688715e+01 2.000000e+00 1.448665e+01
      vertex   1.712495e+01 2.000000e+00 1.475076e+01
    endloop
  endfacet
  facet normal -0.000000e+00 1.000000e+00 0.000000e+00
    outer loop
      vertex   1.199014e+01 2.000000e+00 4.770782e-01
      vertex   1.712495e+01 2.000000e+00 1.475076e+01
      vertex   1.712496e+01 2.000000e+00 -1.475076e+01
    endloop
  endfacet
  facet normal 0.000000e+00 1.000000e+00 -0.000000e+00
    outer loop
      vertex   1.712496e+01 2.000000e+00 -1.475076e+01
      vertex   1.712495e+01 2.000000e+00 1.475076e+01
      vertex   1.730265e+01 2.000000e+00 1.505854e+01
    endloop
  endfacet
  facet normal -0.000000e+00 1.000000e+00 0.000000e+00
    outer loop
      vertex   1.712496e+01 2.000000e+00 -1.475076e+01
      vertex   1.730265e+01 2.000000e+00 1.505854e+01
      vertex   1.730265e+01 2.000000e+00 -1.505855e+01
    endloop
  endfacet
  facet normal 0.000000e+00 1.000000e+00 0.000000e+00
    outer loop
      vertex   -1.712570e+01 2.000000e+00 -1.475077e+01
      vertex   -1.196244e+01 2.000000e+00 -9.534020e-01
      vertex   -1.688789e+01 2.000000e+00 -1.448666e+01
    endloop
  endfacet
  facet normal 0.000000e+00 1.000000e+00 0.000000e+00
    outer loop
      vertex   -1.688789e+01 2.000000e+00 -1.448666e+01
      vertex   -1.196244e+01 2.000000e+00 -9.534020e-01
      vertex   -1.184887e+01 2.000000e+00 -1.900776e+00
    endloop
  endfacet
  facet normal 0.000000e+00 1.000000e+00 0.000000e+00
    outer loop
      vertex   -1.688789e+01 2.000000e+00 -1.448666e+01
      vertex   -1.184887e+01 2.000000e+00 -1.900776e+00
      vertex   -1.660037e+01 2.000000e+00 -1.427776e+01
    endloop
  endfacet
  facet normal 0.000000e+00 1.000000e+00 0.000000e+00
    outer loop
      vertex   -1.660037e+01 2.000000e+00 -1.427776e+01
      vertex   -1.184887e+01 2.000000e+00 -1.900776e+00
      vertex   -1.166040e+01 2.000000e+00 -2.836133e+00
    endloop
  endfacet
  facet normal 0.000000e+00 1.000000e+00 0.000000e+00
    outer loop
      vertex   -1.660037e+01 2.000000e+00 -1.427776e+01
      vertex   -1.166040e+01 2.000000e+00 -2.836133e+00
      vertex   -1.139821e+01 2.000000e+00 -3.753559e+00
    endloop
  endfacet
  facet normal 0.000000e+00 1.000000e+00 0.000000e+00
    outer loop
      vertex   -1.660037e+01 2.000000e+00 -1.427776e+01
      vertex   -1.139821e+01 2.000000e+00 -3.753559e+00
      vertex   -1.627570e+01 2.000000e+00 -1.413321e+01
    endloop
  endfacet
  facet normal 0.000000e+00 1.000000e+00 0.000000e+00
    outer loop
      vertex   -1.627570e+01 2.000000e+00 -1.413321e+01
      vertex   -1.139821e+01 2.000000e+00 -3.753559e+00
      vertex   -1.106396e+01 2.000000e+00 -4.647254e+00
    endloop
  endfacet
  facet normal 0.000000e+00 1.000000e+00 0.000000e+00
    outer loop
      vertex   -1.627570e+01 2.000000e+00 -1.413321e+01
      vertex   -1.106396e+01 2.000000e+00 -4.647254e+00
      vertex   -1.592807e+01 2.000000e+00 -1.405931e+01
    endloop
  endfacet
  facet normal 0.000000e+00 1.000000e+00 0.000000e+00
    outer loop
      vertex   -1.592807e+01 2.000000e+00 -1.405931e+01
      vertex   -1.106396e+01 2.000000e+00 -4.647254e+00
      vertex   -1.065976e+01 2.000000e+00 -5.511567e+00
    endloop
  endfacet
  facet normal 0.000000e+00 1.000000e+00 0.000000e+00
    outer loop
      vertex   -1.592807e+01 2.000000e+00 -1.405931e+01
      vertex   -1.065976e+01 2.000000e+00 -5.511567e+00
      vertex   -1.557267e+01 2.000000e+00 -1.405931e+01
    endloop
  endfacet
  facet normal 0.000000e+00 1.000000e+00 0.000000e+00
    outer loop
      vertex   -1.557267e+01 2.000000e+00 -1.405931e+01
      vertex   -1.065976e+01 2.000000e+00 -5.511567e+00
      vertex   -1.018817e+01 2.000000e+00 -6.341035e+00
    endloop
  endfacet
  facet normal -0.000000e+00 1.000000e+00 0.000000e+00
    outer loop
      vertex   -1.557267e+01 2.000000e+00 -1.405931e+01
      vertex   -1.018817e+01 2.000000e+00 -6.341035e+00
      vertex   -1.522504e+01 2.000000e+00 -1.413321e+01
    endloop
  endfacet
  facet normal 0.000000e+00 1.000000e+00 0.000000e+00
    outer loop
      vertex   -1.522504e+01 2.000000e+00 -1.413321e+01
      vertex   -1.018817e+01 2.000000e+00 -6.341035e+00
      vertex   -9.652169e+00 2.000000e+00 -7.130412e+00
    endloop
  endfacet
  facet normal -0.000000e+00 1.000000e+00 0.000000e+00
    outer loop
      vertex   -1.522504e+01 2.000000e+00 -1.413321e+01
      vertex   -9.652169e+00 2.000000e+00 -7.130412e+00
      vertex   -1.490037e+01 2.000000e+00 -1.427776e+01
    endloop
  endfacet
  facet normal 0.000000e+00 1.000000e+00 0.000000e+00
    outer loop
      vertex   -1.490037e+01 2.000000e+00 -1.427776e+01
      vertex   -9.652169e+00 2.000000e+00 -7.130412e+00
      vertex   -9.055146e+00 2.000000e+00 -7.874709e+00
    endloop
  endfacet
  facet normal -0.000000e+00 1.000000e+00 0.000000e+00
    outer loop
      vertex   -1.490037e+01 2.000000e+00 -1.427776e+01
      vertex   -9.055146e+00 2.000000e+00 -7.874709e+00
      vertex   -1.461285e+01 2.000000e+00 -1.448666e+01
    endloop
  endfacet
  facet normal 0.000000e+00 1.000000e+00 0.000000e+00
    outer loop
      vertex   -1.461285e+01 2.000000e+00 -1.448666e+01
      vertex   -9.055146e+00 2.000000e+00 -7.874709e+00
      vertex   -8.400876e+00 2.000000e+00 -8.569219e+00
    endloop
  endfacet
  facet normal -0.000000e+00 1.000000e+00 0.000000e+00
    outer loop
      vertex   -1.461285e+01 2.000000e+00 -1.448666e+01
      vertex   -8.400876e+00 2.000000e+00 -8.569219e+00
      vertex   -1.437504e+01 2.000000e+00 -1.475077e+01
    endloop
  endfacet
  facet normal 0.000000e+00 1.000000e+00 0.000000e+00
    outer loop
      vertex   -1.437504e+01 2.000000e+00 -1.475077e+01
      vertex   -8.400876e+00 2.000000e+00 -8.569219e+00
      vertex   -7.693494e+00 2.000000e+00 -9.209552e+00
    endloop
  endfacet
  facet normal -0.000000e+00 1.000000e+00 0.000000e+00
    outer loop
      vertex   -1.437504e+01 2.000000e+00 -1.475077e+01
      vertex   -7.693494e+00 2.000000e+00 -9.209552e+00
      vertex   -7.706429e+00 2.000000e+00 -1.616370e+01
    endloop
  endfacet
  facet normal 0.000000e+00 1.000000e+00 0.000000e+00
    outer loop
      vertex   -7.706429e+00 2.000000e+00 -1.616370e+01
      vertex   -7.693494e+00 2.000000e+00 -9.209552e+00
      vertex   -7.558061e+00 2.000000e+00 -1.606144e+01
    endloop
  endfacet
  facet normal 0.000000e+00 1.000000e+00 -0.000000e+00
    outer loop
      vertex   -7.558061e+00 2.000000e+00 -1.606144e+01
      vertex   -7.693494e+00 2.000000e+00 -9.209552e+00
      vertex   -6.937475e+00 2.000000e+00 -9.791659e+00
    endloop
  endfacet
  facet normal 0.000000e+00 1.000000e+00 0.000000e+00
    outer loop
      vertex   -7.558061e+00 2.000000e+00 -1.606144e+01
      vertex   -6.937475e+00 2.000000e+00 -9.791659e+00
      vertex   -7.400839e+00 2.000000e+00 -1.598344e+01
    endloop
  endfacet
  facet normal 0.000000e+00 1.000000e+00 0.000000e+00
    outer loop
      vertex   -7.400839e+00 2.000000e+00 -1.598344e+01
      vertex   -6.937475e+00 2.000000e+00 -9.791659e+00
      vertex   -6.137596e+00 2.000000e+00 -1.031186e+01
    endloop
  endfacet
  facet normal 0.000000e+00 1.000000e+00 0.000000e+00
    outer loop
      vertex   -7.400839e+00 2.000000e+00 -1.598344e+01
      vertex   -6.137596e+00 2.000000e+00 -1.031186e+01
      vertex   -7.229345e+00 2.000000e+00 -1.594452e+01
    endloop
  endfacet
  facet normal 0.000000e+00 1.000000e+00 0.000000e+00
    outer loop
      vertex   -7.229345e+00 2.000000e+00 -1.594452e+01
      vertex   -6.137596e+00 2.000000e+00 -1.031186e+01
      vertex   -7.049540e+00 2.000000e+00 -1.592836e+01
    endloop
  endfacet
  facet normal 0.000000e+00 1.000000e+00 0.000000e+00
    outer loop
      vertex   -7.049540e+00 2.000000e+00 -1.592836e+01
      vertex   -6.137596e+00 2.000000e+00 -1.031186e+01
      vertex   -5.298917e+00 2.000000e+00 -1.076687e+01
    endloop
  endfacet
  facet normal -0.000000e+00 1.000000e+00 0.000000e+00
    outer loop
      vertex   -7.049540e+00 2.000000e+00 -1.592836e+01
      vertex   -5.298917e+00 2.000000e+00 -1.076687e+01
      vertex   -6.849665e+00 2.000000e+00 -1.594730e+01
    endloop
  endfacet
  facet normal -0.000000e+00 1.000000e+00 0.000000e+00
    outer loop
      vertex   -6.849665e+00 2.000000e+00 -1.594730e+01
      vertex   -5.298917e+00 2.000000e+00 -1.076687e+01
      vertex   -6.659823e+00 2.000000e+00 -1.599248e+01
    endloop
  endfacet
  facet normal 0.000000e+00 1.000000e+00 0.000000e+00
    outer loop
      vertex   -6.659823e+00 2.000000e+00 -1.599248e+01
      vertex   -5.298917e+00 2.000000e+00 -1.076687e+01
      vertex   -4.426738e+00 2.000000e+00 -1.115380e+01
    endloop
  endfacet
  facet normal 0.000000e+00 1.000000e+00 0.000000e+00
    outer loop
      vertex   -6.659823e+00 2.000000e+00 -1.599248e+01
      vertex   -4.426738e+00 2.000000e+00 -1.115380e+01
      vertex   -4.655270e+00 2.000000e+00 -1.598157e+01
    endloop
  endfacet
  facet normal 0.000000e+00 1.000000e+00 0.000000e+00
    outer loop
      vertex   -4.655270e+00 2.000000e+00 -1.598157e+01
      vertex   -4.426738e+00 2.000000e+00 -1.115380e+01
      vertex   -3.526574e+00 2.000000e+00 -1.147022e+01
    endloop
  endfacet
  facet normal 0.000000e+00 1.000000e+00 0.000000e+00
    outer loop
      vertex   -4.655270e+00 2.000000e+00 -1.598157e+01
      vertex   -3.526574e+00 2.000000e+00 -1.147022e+01
      vertex   -4.286921e+00 2.000000e+00 -1.598157e+01
    endloop
  endfacet
  facet normal 0.000000e+00 1.000000e+00 0.000000e+00
    outer loop
      vertex   -4.286921e+00 2.000000e+00 -1.598157e+01
      vertex   -3.526574e+00 2.000000e+00 -1.147022e+01
      vertex   -3.136852e+00 2.000000e+00 -1.598157e+01
    endloop
  endfacet
  facet normal -0.000000e+00 1.000000e+00 0.000000e+00
    outer loop
      vertex   -4.286921e+00 2.000000e+00 -1.598157e+01
      vertex   -3.136852e+00 2.000000e+00 -1.598157e+01
      vertex   -3.136852e+00 2.000000e+00 -1.640108e+01
    endloop
  endfacet
  facet normal 0.000000e+00 1.000000e+00 0.000000e+00
    outer loop
      vertex   -3.526574e+00 2.000000e+00 -1.147022e+01
      vertex   -2.604116e+00 2.000000e+00 -1.171412e+01
      vertex   -3.136852e+00 2.000000e+00 -1.598157e+01
    endloop
  endfacet
  facet normal 0.000000e+00 1.000000e+00 0.000000e+00
    outer loop
      vertex   -3.136852e+00 2.000000e+00 -1.598157e+01
      vertex   -2.604116e+00 2.000000e+00 -1.171412e+01
      vertex   -2.717344e+00 2.000000e+00 -1.598157e+01
    endloop
  endfacet
  facet normal 0.000000e+00 1.000000e+00 0.000000e+00
    outer loop
      vertex   -2.717344e+00 2.000000e+00 -1.598157e+01
      vertex   -2.604116e+00 2.000000e+00 -1.171412e+01
      vertex   -1.665197e+00 2.000000e+00 -1.188395e+01
    endloop
  endfacet
  facet normal -0.000000e+00 1.000000e+00 0.000000e+00
    outer loop
      vertex   -2.717344e+00 2.000000e+00 -1.598157e+01
      vertex   -1.665197e+00 2.000000e+00 -1.188395e+01
      vertex   -1.571931e+00 2.000000e+00 -1.598239e+01
    endloop
  endfacet
  facet normal 0.000000e+00 1.000000e+00 -0.000000e+00
    outer loop
      vertex   -1.571931e+00 2.000000e+00 -1.598239e+01
      vertex   -1.665197e+00 2.000000e+00 -1.188395e+01
      vertex   -1.397571e+00 2.000000e+00 -1.594516e+01
    endloop
  endfacet
  facet normal 0.000000e+00 1.000000e+00 -0.000000e+00
    outer loop
      vertex   -1.397571e+00 2.000000e+00 -1.594516e+01
      vertex   -1.665197e+00 2.000000e+00 -1.188395e+01
      vertex   -1.215297e+00 2.000000e+00 -1.593041e+01
    endloop
  endfacet
  facet normal 0.000000e+00 1.000000e+00 -0.000000e+00
    outer loop
      vertex   -1.215297e+00 2.000000e+00 -1.593041e+01
      vertex   -1.665197e+00 2.000000e+00 -1.188395e+01
      vertex   -7.157522e-01 2.000000e+00 -1.197866e+01
    endloop
  endfacet
  facet normal -0.000000e+00 1.000000e+00 0.000000e+00
    outer loop
      vertex   -1.215297e+00 2.000000e+00 -1.593041e+01
      vertex   -7.157522e-01 2.000000e+00 -1.197866e+01
      vertex   -9.879364e-01 2.000000e+00 -1.595659e+01
    endloop
  endfacet
  facet normal -0.000000e+00 1.000000e+00 0.000000e+00
    outer loop
      vertex   -9.879364e-01 2.000000e+00 -1.595659e+01
      vertex   -7.157522e-01 2.000000e+00 -1.197866e+01
      vertex   -7.769094e-01 2.000000e+00 -1.601764e+01
    endloop
  endfacet
  facet normal 0.000000e+00 1.000000e+00 0.000000e+00
    outer loop
      vertex   -7.769094e-01 2.000000e+00 -1.601764e+01
      vertex   -7.157522e-01 2.000000e+00 -1.197866e+01
      vertex   2.382155e-01 2.000000e+00 -1.199763e+01
    endloop
  endfacet
  facet normal 0.000000e+00 1.000000e+00 0.000000e+00
    outer loop
      vertex   -7.769094e-01 2.000000e+00 -1.601764e+01
      vertex   2.382155e-01 2.000000e+00 -1.199763e+01
      vertex   1.418400e+00 2.000000e+00 -1.598157e+01
    endloop
  endfacet
  facet normal 0.000000e+00 1.000000e+00 0.000000e+00
    outer loop
      vertex   1.418400e+00 2.000000e+00 -1.598157e+01
      vertex   2.382155e-01 2.000000e+00 -1.199763e+01
      vertex   1.190675e+00 2.000000e+00 -1.194075e+01
    endloop
  endfacet
  facet normal 0.000000e+00 1.000000e+00 -0.000000e+00
    outer loop
      vertex   1.418400e+00 2.000000e+00 -1.598157e+01
      vertex   1.190675e+00 2.000000e+00 -1.194075e+01
      vertex   1.786749e+00 2.000000e+00 -1.598157e+01
    endloop
  endfacet
  facet normal 0.000000e+00 1.000000e+00 -0.000000e+00
    outer loop
      vertex   1.786749e+00 2.000000e+00 -1.598157e+01
      vertex   1.190675e+00 2.000000e+00 -1.194075e+01
      vertex   2.135604e+00 2.000000e+00 -1.180837e+01
    endloop
  endfacet
  facet normal 0.000000e+00 1.000000e+00 0.000000e+00
    outer loop
      vertex   1.786749e+00 2.000000e+00 -1.598157e+01
      vertex   2.135604e+00 2.000000e+00 -1.180837e+01
      vertex   2.709669e+00 2.000000e+00 -1.598157e+01
    endloop
  endfacet
  facet normal 0.000000e+00 1.000000e+00 -0.000000e+00
    outer loop
      vertex   2.709669e+00 2.000000e+00 -1.598157e+01
      vertex   2.135604e+00 2.000000e+00 -1.180837e+01
      vertex   3.078018e+00 2.000000e+00 -1.598157e+01
    endloop
  endfacet
  facet normal 0.000000e+00 1.000000e+00 0.000000e+00
    outer loop
      vertex   3.078018e+00 2.000000e+00 -1.598157e+01
      vertex   2.135604e+00 2.000000e+00 -1.180837e+01
      vertex   3.067029e+00 2.000000e+00 -1.160134e+01
    endloop
  endfacet
  facet normal 0.000000e+00 1.000000e+00 -0.000000e+00
    outer loop
      vertex   3.078018e+00 2.000000e+00 -1.598157e+01
      vertex   3.067029e+00 2.000000e+00 -1.160134e+01
      vertex   3.996845e+00 2.000000e+00 -1.598157e+01
    endloop
  endfacet
  facet normal 0.000000e+00 1.000000e+00 -0.000000e+00
    outer loop
      vertex   3.996845e+00 2.000000e+00 -1.598157e+01
      vertex   3.067029e+00 2.000000e+00 -1.160134e+01
      vertex   4.363148e+00 2.000000e+00 -1.598157e+01
    endloop
  endfacet
  facet normal 0.000000e+00 1.000000e+00 0.000000e+00
    outer loop
      vertex   4.363148e+00 2.000000e+00 -1.598157e+01
      vertex   3.067029e+00 2.000000e+00 -1.160134e+01
      vertex   3.979061e+00 2.000000e+00 -1.132096e+01
    endloop
  endfacet
  facet normal 0.000000e+00 1.000000e+00 -0.000000e+00
    outer loop
      vertex   4.363148e+00 2.000000e+00 -1.598157e+01
      vertex   3.979061e+00 2.000000e+00 -1.132096e+01
      vertex   4.909533e+00 2.000000e+00 -1.598157e+01
    endloop
  endfacet
  facet normal 0.000000e+00 1.000000e+00 -0.000000e+00
    outer loop
      vertex   4.909533e+00 2.000000e+00 -1.598157e+01
      vertex   3.979061e+00 2.000000e+00 -1.132096e+01
      vertex   5.277882e+00 2.000000e+00 -1.598157e+01
    endloop
  endfacet
  facet normal 0.000000e+00 1.000000e+00 0.000000e+00
    outer loop
      vertex   5.277882e+00 2.000000e+00 -1.598157e+01
      vertex   3.979061e+00 2.000000e+00 -1.132096e+01
      vertex   4.865933e+00 2.000000e+00 -1.096901e+01
    endloop
  endfacet
  facet normal 0.000000e+00 1.000000e+00 -0.000000e+00
    outer loop
      vertex   5.277882e+00 2.000000e+00 -1.598157e+01
      vertex   4.865933e+00 2.000000e+00 -1.096901e+01
      vertex   6.200802e+00 2.000000e+00 -1.598157e+01
    endloop
  endfacet
  facet normal 0.000000e+00 1.000000e+00 -0.000000e+00
    outer loop
      vertex   6.200802e+00 2.000000e+00 -1.598157e+01
      vertex   4.865933e+00 2.000000e+00 -1.096901e+01
      vertex   6.569151e+00 2.000000e+00 -1.598157e+01
    endloop
  endfacet
  facet normal 0.000000e+00 1.000000e+00 0.000000e+00
    outer loop
      vertex   6.569151e+00 2.000000e+00 -1.598157e+01
      vertex   4.865933e+00 2.000000e+00 -1.096901e+01
      vertex   5.722039e+00 2.000000e+00 -1.054770e+01
    endloop
  endfacet
  facet normal 0.000000e+00 1.000000e+00 -0.000000e+00
    outer loop
      vertex   6.569151e+00 2.000000e+00 -1.598157e+01
      vertex   5.722039e+00 2.000000e+00 -1.054770e+01
      vertex   7.487978e+00 2.000000e+00 -1.598157e+01
    endloop
  endfacet
  facet normal 0.000000e+00 1.000000e+00 -0.000000e+00
    outer loop
      vertex   7.487978e+00 2.000000e+00 -1.598157e+01
      vertex   5.722039e+00 2.000000e+00 -1.054770e+01
      vertex   7.854281e+00 2.000000e+00 -1.598157e+01
    endloop
  endfacet
  facet normal 0.000000e+00 1.000000e+00 0.000000e+00
    outer loop
      vertex   7.854281e+00 2.000000e+00 -1.598157e+01
      vertex   5.722039e+00 2.000000e+00 -1.054770e+01
      vertex   6.541967e+00 2.000000e+00 -1.005971e+01
    endloop
  endfacet
  facet normal 0.000000e+00 1.000000e+00 0.000000e+00
    outer loop
      vertex   7.854281e+00 2.000000e+00 -1.598157e+01
      vertex   6.541967e+00 2.000000e+00 -1.005971e+01
      vertex   7.320531e+00 2.000000e+00 -9.508123e+00
    endloop
  endfacet
  facet normal -0.000000e+00 1.000000e+00 0.000000e+00
    outer loop
      vertex   7.320531e+00 2.000000e+00 -9.508123e+00
      vertex   8.052810e+00 2.000000e+00 -8.896419e+00
      vertex   7.854281e+00 2.000000e+00 -1.598157e+01
    endloop
  endfacet
  facet normal 0.000000e+00 1.000000e+00 0.000000e+00
    outer loop
      vertex   7.854281e+00 2.000000e+00 -1.598157e+01
      vertex   8.052810e+00 2.000000e+00 -8.896419e+00
      vertex   1.437430e+01 2.000000e+00 -1.475076e+01
    endloop
  endfacet
  facet normal 0.000000e+00 1.000000e+00 0.000000e+00
    outer loop
      vertex   7.854281e+00 2.000000e+00 -1.598157e+01
      vertex   1.437430e+01 2.000000e+00 -1.475076e+01
      vertex   1.419660e+01 2.000000e+00 -1.505855e+01
    endloop
  endfacet
  facet normal 0.000000e+00 1.000000e+00 -0.000000e+00
    outer loop
      vertex   1.437430e+01 2.000000e+00 -1.475076e+01
      vertex   8.052810e+00 2.000000e+00 -8.896419e+00
      vertex   1.461211e+01 2.000000e+00 -1.448665e+01
    endloop
  endfacet
  facet normal 0.000000e+00 1.000000e+00 0.000000e+00
    outer loop
      vertex   1.461211e+01 2.000000e+00 -1.448665e+01
      vertex   8.052810e+00 2.000000e+00 -8.896419e+00
      vertex   8.734175e+00 2.000000e+00 -8.228470e+00
    endloop
  endfacet
  facet normal 0.000000e+00 1.000000e+00 -0.000000e+00
    outer loop
      vertex   1.461211e+01 2.000000e+00 -1.448665e+01
      vertex   8.734175e+00 2.000000e+00 -8.228470e+00
      vertex   1.489963e+01 2.000000e+00 -1.427775e+01
    endloop
  endfacet
  facet normal 0.000000e+00 1.000000e+00 0.000000e+00
    outer loop
      vertex   1.489963e+01 2.000000e+00 -1.427775e+01
      vertex   8.734175e+00 2.000000e+00 -8.228470e+00
      vertex   9.360317e+00 2.000000e+00 -7.508497e+00
    endloop
  endfacet
  facet normal 0.000000e+00 1.000000e+00 -0.000000e+00
    outer loop
      vertex   1.489963e+01 2.000000e+00 -1.427775e+01
      vertex   9.360317e+00 2.000000e+00 -7.508497e+00
      vertex   1.522430e+01 2.000000e+00 -1.413320e+01
    endloop
  endfacet
  facet normal 0.000000e+00 1.000000e+00 0.000000e+00
    outer loop
      vertex   1.522430e+01 2.000000e+00 -1.413320e+01
      vertex   9.360317e+00 2.000000e+00 -7.508497e+00
      vertex   9.927278e+00 2.000000e+00 -6.741053e+00
    endloop
  endfacet
  facet normal 0.000000e+00 1.000000e+00 -0.000000e+00
    outer loop
      vertex   1.522430e+01 2.000000e+00 -1.413320e+01
      vertex   9.927278e+00 2.000000e+00 -6.741053e+00
      vertex   1.557193e+01 2.000000e+00 -1.405931e+01
    endloop
  endfacet
  facet normal 0.000000e+00 1.000000e+00 0.000000e+00
    outer loop
      vertex   1.557193e+01 2.000000e+00 -1.405931e+01
      vertex   9.927278e+00 2.000000e+00 -6.741053e+00
      vertex   1.043147e+01 2.000000e+00 -5.930990e+00
    endloop
  endfacet
  facet normal 0.000000e+00 1.000000e+00 -0.000000e+00
    outer loop
      vertex   1.557193e+01 2.000000e+00 -1.405931e+01
      vertex   1.043147e+01 2.000000e+00 -5.930990e+00
      vertex   1.592733e+01 2.000000e+00 -1.405931e+01
    endloop
  endfacet
  facet normal 0.000000e+00 1.000000e+00 0.000000e+00
    outer loop
      vertex   1.592733e+01 2.000000e+00 -1.405931e+01
      vertex   1.043147e+01 2.000000e+00 -5.930990e+00
      vertex   1.086971e+01 2.000000e+00 -5.083430e+00
    endloop
  endfacet
  facet normal 0.000000e+00 1.000000e+00 0.000000e+00
    outer loop
      vertex   1.592733e+01 2.000000e+00 -1.405931e+01
      vertex   1.086971e+01 2.000000e+00 -5.083430e+00
      vertex   1.123923e+01 2.000000e+00 -4.203730e+00
    endloop
  endfacet
  facet normal -0.000000e+00 1.000000e+00 -0.000000e+00
    outer loop
      vertex   1.592733e+01 2.000000e+00 -1.405931e+01
      vertex   1.123923e+01 2.000000e+00 -4.203730e+00
      vertex   1.627496e+01 2.000000e+00 -1.413320e+01
    endloop
  endfacet
  facet normal 0.000000e+00 1.000000e+00 0.000000e+00
    outer loop
      vertex   1.627496e+01 2.000000e+00 -1.413320e+01
      vertex   1.123923e+01 2.000000e+00 -4.203730e+00
      vertex   1.153769e+01 2.000000e+00 -3.297453e+00
    endloop
  endfacet
  facet normal -0.000000e+00 1.000000e+00 -0.000000e+00
    outer loop
      vertex   1.627496e+01 2.000000e+00 -1.413320e+01
      vertex   1.153769e+01 2.000000e+00 -3.297453e+00
      vertex   1.659963e+01 2.000000e+00 -1.427775e+01
    endloop
  endfacet
  facet normal 0.000000e+00 1.000000e+00 0.000000e+00
    outer loop
      vertex   1.659963e+01 2.000000e+00 -1.427775e+01
      vertex   1.153769e+01 2.000000e+00 -3.297453e+00
      vertex   1.176320e+01 2.000000e+00 -2.370329e+00
    endloop
  endfacet
  facet normal -0.000000e+00 1.000000e+00 -0.000000e+00
    outer loop
      vertex   1.659963e+01 2.000000e+00 -1.427775e+01
      vertex   1.176320e+01 2.000000e+00 -2.370329e+00
      vertex   1.688715e+01 2.000000e+00 -1.448665e+01
    endloop
  endfacet
  facet normal 0.000000e+00 1.000000e+00 0.000000e+00
    outer loop
      vertex   1.688715e+01 2.000000e+00 -1.448665e+01
      vertex   1.176320e+01 2.000000e+00 -2.370329e+00
      vertex   1.191433e+01 2.000000e+00 -1.428218e+00
    endloop
  endfacet
  facet normal 0.000000e+00 1.000000e+00 0.000000e+00
    outer loop
      vertex   1.688715e+01 2.000000e+00 -1.448665e+01
      vertex   1.191433e+01 2.000000e+00 -1.428218e+00
      vertex   1.199014e+01 2.000000e+00 -4.770782e-01
    endloop
  endfacet
  facet normal -0.000000e+00 1.000000e+00 -0.000000e+00
    outer loop
      vertex   1.688715e+01 2.000000e+00 -1.448665e+01
      vertex   1.199014e+01 2.000000e+00 -4.770782e-01
      vertex   1.712496e+01 2.000000e+00 -1.475076e+01
    endloop
  endfacet
  facet normal 0.000000e+00 1.000000e+00 0.000000e+00
    outer loop
      vertex   1.712496e+01 2.000000e+00 -1.475076e+01
      vertex   1.199014e+01 2.000000e+00 -4.770782e-01
      vertex   1.199014e+01 2.000000e+00 4.770782e-01
    endloop
  endfacet
  facet normal 0.000000e+00 1.000000e+00 0.000000e+00
    outer loop
      vertex   1.741247e+01 2.000000e+00 1.539654e+01
      vertex   1.744962e+01 2.000000e+00 1.574999e+01
      vertex   2.149963e+01 2.000000e+00 2.150000e+01
    endloop
  endfacet
  facet normal 0.000000e+00 1.000000e+00 0.000000e+00
    outer loop
      vertex   2.149963e+01 2.000000e+00 2.150000e+01
      vertex   1.744962e+01 2.000000e+00 1.574999e+01
      vertex   1.741247e+01 2.000000e+00 1.610344e+01
    endloop
  endfacet
  facet normal 0.000000e+00 1.000000e+00 0.000000e+00
    outer loop
      vertex   2.149963e+01 2.000000e+00 2.150000e+01
      vertex   1.741247e+01 2.000000e+00 1.610344e+01
      vertex   1.730265e+01 2.000000e+00 1.644145e+01
    endloop
  endfacet
  facet normal 0.000000e+00 1.000000e+00 -0.000000e+00
    outer loop
      vertex   1.730265e+01 2.000000e+00 1.644145e+01
      vertex   1.712495e+01 2.000000e+00 1.674923e+01
      vertex   2.149963e+01 2.000000e+00 2.150000e+01
    endloop
  endfacet
  facet normal 0.000000e+00 1.000000e+00 0.000000e+00
    outer loop
      vertex   2.149963e+01 2.000000e+00 2.150000e+01
      vertex   1.712495e+01 2.000000e+00 1.674923e+01
      vertex   1.688715e+01 2.000000e+00 1.701334e+01
    endloop
  endfacet
  facet normal 0.000000e+00 1.000000e+00 0.000000e+00
    outer loop
      vertex   2.149963e+01 2.000000e+00 2.150000e+01
      vertex   1.688715e+01 2.000000e+00 1.701334e+01
      vertex   1.659962e+01 2.000000e+00 1.722224e+01
    endloop
  endfacet
  facet normal 0.000000e+00 1.000000e+00 -0.000000e+00
    outer loop
      vertex   1.659962e+01 2.000000e+00 1.722224e+01
      vertex   1.627495e+01 2.000000e+00 1.736679e+01
      vertex   2.149963e+01 2.000000e+00 2.150000e+01
    endloop
  endfacet
  facet normal 0.000000e+00 1.000000e+00 0.000000e+00
    outer loop
      vertex   2.149963e+01 2.000000e+00 2.150000e+01
      vertex   1.627495e+01 2.000000e+00 1.736679e+01
      vertex   1.592732e+01 2.000000e+00 1.744068e+01
    endloop
  endfacet
  facet normal 0.000000e+00 1.000000e+00 0.000000e+00
    outer loop
      vertex   2.149963e+01 2.000000e+00 2.150000e+01
      vertex   1.592732e+01 2.000000e+00 1.744068e+01
      vertex   1.557193e+01 2.000000e+00 1.744068e+01
    endloop
  endfacet
  facet normal 0.000000e+00 1.000000e+00 -0.000000e+00
    outer loop
      vertex   1.557193e+01 2.000000e+00 1.744068e+01
      vertex   1.522429e+01 2.000000e+00 1.736679e+01
      vertex   2.149963e+01 2.000000e+00 2.150000e+01
    endloop
  endfacet
  facet normal 0.000000e+00 1.000000e+00 0.000000e+00
    outer loop
      vertex   2.149963e+01 2.000000e+00 2.150000e+01
      vertex   1.522429e+01 2.000000e+00 1.736679e+01
      vertex   1.489962e+01 2.000000e+00 1.722224e+01
    endloop
  endfacet
  facet normal 0.000000e+00 1.000000e+00 0.000000e+00
    outer loop
      vertex   2.149963e+01 2.000000e+00 2.150000e+01
      vertex   1.489962e+01 2.000000e+00 1.722224e+01
      vertex   -1.490038e+01 2.000000e+00 1.722224e+01
    endloop
  endfacet
  facet normal 0.000000e+00 1.000000e+00 0.000000e+00
    outer loop
      vertex   -1.490038e+01 2.000000e+00 1.722224e+01
      vertex   1.489962e+01 2.000000e+00 1.722224e+01
      vertex   -1.461285e+01 2.000000e+00 1.701334e+01
    endloop
  endfacet
  facet normal -0.000000e+00 1.000000e+00 0.000000e+00
    outer loop
      vertex   -1.461285e+01 2.000000e+00 1.701334e+01
      vertex   1.489962e+01 2.000000e+00 1.722224e+01
      vertex   1.461210e+01 2.000000e+00 1.701334e+01
    endloop
  endfacet
  facet normal 0.000000e+00 1.000000e+00 0.000000e+00
    outer loop
      vertex   -1.741323e+01 2.000000e+00 1.610345e+01
      vertex   -1.745038e+01 2.000000e+00 1.575000e+01
      vertex   -2.150037e+01 2.000000e+00 2.150000e+01
    endloop
  endfacet
  facet normal 0.000000e+00 1.000000e+00 0.000000e+00
    outer loop
      vertex   -2.150037e+01 2.000000e+00 2.150000e+01
      vertex   -1.745038e+01 2.000000e+00 1.575000e+01
      vertex   -1.741323e+01 2.000000e+00 1.539655e+01
    endloop
  endfacet
  facet normal 0.000000e+00 1.000000e+00 0.000000e+00
    outer loop
      vertex   -2.150037e+01 2.000000e+00 2.150000e+01
      vertex   -1.741323e+01 2.000000e+00 1.539655e+01
      vertex   -1.730340e+01 2.000000e+00 1.505855e+01
    endloop
  endfacet
  facet normal 0.000000e+00 1.000000e+00 0.000000e+00
    outer loop
      vertex   -1.730340e+01 2.000000e+00 1.505855e+01
      vertex   -1.712571e+01 2.000000e+00 1.475076e+01
      vertex   -1.730340e+01 2.000000e+00 -1.505855e+01
    endloop
  endfacet
  facet normal 0.000000e+00 1.000000e+00 0.000000e+00
    outer loop
      vertex   -1.730340e+01 2.000000e+00 -1.505855e+01
      vertex   -1.712571e+01 2.000000e+00 1.475076e+01
      vertex   -1.712570e+01 2.000000e+00 -1.475077e+01
    endloop
  endfacet
  facet normal 0.000000e+00 1.000000e+00 0.000000e+00
    outer loop
      vertex   -1.557268e+01 2.000000e+00 1.744069e+01
      vertex   -1.592807e+01 2.000000e+00 1.744069e+01
      vertex   -2.150037e+01 2.000000e+00 2.150000e+01
    endloop
  endfacet
  facet normal 0.000000e+00 1.000000e+00 0.000000e+00
    outer loop
      vertex   -2.150037e+01 2.000000e+00 2.150000e+01
      vertex   -1.592807e+01 2.000000e+00 1.744069e+01
      vertex   -1.627571e+01 2.000000e+00 1.736679e+01
    endloop
  endfacet
  facet normal 0.000000e+00 1.000000e+00 0.000000e+00
    outer loop
      vertex   -2.150037e+01 2.000000e+00 2.150000e+01
      vertex   -1.627571e+01 2.000000e+00 1.736679e+01
      vertex   -1.660038e+01 2.000000e+00 1.722224e+01
    endloop
  endfacet
  facet normal 0.000000e+00 1.000000e+00 0.000000e+00
    outer loop
      vertex   -1.660038e+01 2.000000e+00 1.722224e+01
      vertex   -1.688790e+01 2.000000e+00 1.701334e+01
      vertex   -2.150037e+01 2.000000e+00 2.150000e+01
    endloop
  endfacet
  facet normal 0.000000e+00 1.000000e+00 0.000000e+00
    outer loop
      vertex   -2.150037e+01 2.000000e+00 2.150000e+01
      vertex   -1.688790e+01 2.000000e+00 1.701334e+01
      vertex   -1.712571e+01 2.000000e+00 1.674923e+01
    endloop
  endfacet
  facet normal 0.000000e+00 1.000000e+00 0.000000e+00
    outer loop
      vertex   -2.150037e+01 2.000000e+00 2.150000e+01
      vertex   -1.712571e+01 2.000000e+00 1.674923e+01
      vertex   -1.730340e+01 2.000000e+00 1.644145e+01
    endloop
  endfacet
  facet normal 0.000000e+00 1.000000e+00 0.000000e+00
    outer loop
      vertex   -1.730340e+01 2.000000e+00 1.644145e+01
      vertex   -1.741323e+01 2.000000e+00 1.610345e+01
      vertex   -2.150037e+01 2.000000e+00 2.150000e+01
    endloop
  endfacet
  facet normal 0.000000e+00 1.000000e+00 0.000000e+00
    outer loop
      vertex   -1.741322e+01 2.000000e+00 -1.539655e+01
      vertex   -1.745037e+01 2.000000e+00 -1.575000e+01
      vertex   -2.150037e+01 2.000000e+00 -2.150000e+01
    endloop
  endfacet
  facet normal 0.000000e+00 1.000000e+00 0.000000e+00
    outer loop
      vertex   -2.150037e+01 2.000000e+00 -2.150000e+01
      vertex   -1.745037e+01 2.000000e+00 -1.575000e+01
      vertex   -1.741322e+01 2.000000e+00 -1.610345e+01
    endloop
  endfacet
  facet normal 0.000000e+00 1.000000e+00 0.000000e+00
    outer loop
      vertex   -2.150037e+01 2.000000e+00 -2.150000e+01
      vertex   -1.741322e+01 2.000000e+00 -1.610345e+01
      vertex   -1.730340e+01 2.000000e+00 -1.644145e+01
    endloop
  endfacet
  facet normal 0.000000e+00 1.000000e+00 0.000000e+00
    outer loop
      vertex   -1.730340e+01 2.000000e+00 -1.644145e+01
      vertex   -1.712570e+01 2.000000e+00 -1.674924e+01
      vertex   -2.150037e+01 2.000000e+00 -2.150000e+01
    endloop
  endfacet
  facet normal 0.000000e+00 1.000000e+00 0.000000e+00
    outer loop
      vertex   -2.150037e+01 2.000000e+00 -2.150000e+01
      vertex   -1.712570e+01 2.000000e+00 -1.674924e+01
      vertex   -1.688789e+01 2.000000e+00 -1.701335e+01
    endloop
  endfacet
  facet normal 0.000000e+00 1.000000e+00 0.000000e+00
    outer loop
      vertex   -2.150037e+01 2.000000e+00 -2.150000e+01
      vertex   -1.688789e+01 2.000000e+00 -1.701335e+01
      vertex   -1.660037e+01 2.000000e+00 -1.722225e+01
    endloop
  endfacet
  facet normal 0.000000e+00 1.000000e+00 0.000000e+00
    outer loop
      vertex   -1.660037e+01 2.000000e+00 -1.722225e+01
      vertex   -1.627570e+01 2.000000e+00 -1.736680e+01
      vertex   -2.150037e+01 2.000000e+00 -2.150000e+01
    endloop
  endfacet
  facet normal 0.000000e+00 1.000000e+00 0.000000e+00
    outer loop
      vertex   -2.150037e+01 2.000000e+00 -2.150000e+01
      vertex   -1.627570e+01 2.000000e+00 -1.736680e+01
      vertex   -1.592807e+01 2.000000e+00 -1.744069e+01
    endloop
  endfacet
  facet normal 0.000000e+00 1.000000e+00 0.000000e+00
    outer loop
      vertex   -2.150037e+01 2.000000e+00 -2.150000e+01
      vertex   -1.592807e+01 2.000000e+00 -1.744069e+01
      vertex   -1.557267e+01 2.000000e+00 -1.744069e+01
    endloop
  endfacet
  facet normal -0.000000e+00 1.000000e+00 0.000000e+00
    outer loop
      vertex   -1.557267e+01 2.000000e+00 -1.744069e+01
      vertex   -1.522504e+01 2.000000e+00 -1.736680e+01
      vertex   -2.150037e+01 2.000000e+00 -2.150000e+01
    endloop
  endfacet
  facet normal 0.000000e+00 1.000000e+00 0.000000e+00
    outer loop
      vertex   -2.150037e+01 2.000000e+00 -2.150000e+01
      vertex   -1.522504e+01 2.000000e+00 -1.736680e+01
      vertex   -7.659363e+00 2.000000e+00 -1.878921e+01
    endloop
  endfacet
  facet normal 0.000000e+00 1.000000e+00 0.000000e+00
    outer loop
      vertex   -2.150037e+01 2.000000e+00 -2.150000e+01
      vertex   -7.659363e+00 2.000000e+00 -1.878921e+01
      vertex   -7.523783e+00 2.000000e+00 -1.887829e+01
    endloop
  endfacet
  facet normal -0.000000e+00 1.000000e+00 0.000000e+00
    outer loop
      vertex   -1.522504e+01 2.000000e+00 -1.736680e+01
      vertex   -1.490037e+01 2.000000e+00 -1.722225e+01
      vertex   -7.659363e+00 2.000000e+00 -1.878921e+01
    endloop
  endfacet
  facet normal 0.000000e+00 1.000000e+00 0.000000e+00
    outer loop
      vertex   -7.659363e+00 2.000000e+00 -1.878921e+01
      vertex   -1.490037e+01 2.000000e+00 -1.722225e+01
      vertex   -7.771449e+00 2.000000e+00 -1.866530e+01
    endloop
  endfacet
  facet normal 0.000000e+00 1.000000e+00 0.000000e+00
    outer loop
      vertex   -7.771449e+00 2.000000e+00 -1.866530e+01
      vertex   -1.490037e+01 2.000000e+00 -1.722225e+01
      vertex   -7.863519e+00 2.000000e+00 -1.853045e+01
    endloop
  endfacet
  facet normal 0.000000e+00 1.000000e+00 0.000000e+00
    outer loop
      vertex   -7.863519e+00 2.000000e+00 -1.853045e+01
      vertex   -1.490037e+01 2.000000e+00 -1.722225e+01
      vertex   -1.461285e+01 2.000000e+00 -1.701335e+01
    endloop
  endfacet
  facet normal 0.000000e+00 1.000000e+00 0.000000e+00
    outer loop
      vertex   -7.863519e+00 2.000000e+00 -1.853045e+01
      vertex   -1.461285e+01 2.000000e+00 -1.701335e+01
      vertex   -7.923982e+00 2.000000e+00 -1.837829e+01
    endloop
  endfacet
  facet normal 0.000000e+00 1.000000e+00 0.000000e+00
    outer loop
      vertex   -7.923982e+00 2.000000e+00 -1.837829e+01
      vertex   -1.461285e+01 2.000000e+00 -1.701335e+01
      vertex   -1.437504e+01 2.000000e+00 -1.674924e+01
    endloop
  endfacet
  facet normal 0.000000e+00 1.000000e+00 0.000000e+00
    outer loop
      vertex   -7.923982e+00 2.000000e+00 -1.837829e+01
      vertex   -1.437504e+01 2.000000e+00 -1.674924e+01
      vertex   -7.966320e+00 2.000000e+00 -1.821622e+01
    endloop
  endfacet
  facet normal 0.000000e+00 1.000000e+00 0.000000e+00
    outer loop
      vertex   -7.966320e+00 2.000000e+00 -1.821622e+01
      vertex   -1.437504e+01 2.000000e+00 -1.674924e+01
      vertex   -1.419735e+01 2.000000e+00 -1.644145e+01
    endloop
  endfacet
  facet normal 0.000000e+00 1.000000e+00 0.000000e+00
    outer loop
      vertex   -7.966320e+00 2.000000e+00 -1.821622e+01
      vertex   -1.419735e+01 2.000000e+00 -1.644145e+01
      vertex   -8.003155e+00 2.000000e+00 -1.677352e+01
    endloop
  endfacet
  facet normal 0.000000e+00 1.000000e+00 0.000000e+00
    outer loop
      vertex   -8.003155e+00 2.000000e+00 -1.677352e+01
      vertex   -1.419735e+01 2.000000e+00 -1.644145e+01
      vertex   -1.408752e+01 2.000000e+00 -1.610345e+01
    endloop
  endfacet
  facet normal 0.000000e+00 1.000000e+00 0.000000e+00
    outer loop
      vertex   -8.003155e+00 2.000000e+00 -1.677352e+01
      vertex   -1.408752e+01 2.000000e+00 -1.610345e+01
      vertex   -1.405037e+01 2.000000e+00 -1.575000e+01
    endloop
  endfacet
  facet normal 0.000000e+00 1.000000e+00 0.000000e+00
    outer loop
      vertex   -1.408752e+01 2.000000e+00 -1.539655e+01
      vertex   -7.913472e+00 2.000000e+00 -1.643978e+01
      vertex   -1.405037e+01 2.000000e+00 -1.575000e+01
    endloop
  endfacet
  facet normal 0.000000e+00 1.000000e+00 0.000000e+00
    outer loop
      vertex   -1.405037e+01 2.000000e+00 -1.575000e+01
      vertex   -7.913472e+00 2.000000e+00 -1.643978e+01
      vertex   -7.969107e+00 2.000000e+00 -1.660135e+01
    endloop
  endfacet
  facet normal 0.000000e+00 1.000000e+00 0.000000e+00
    outer loop
      vertex   -1.405037e+01 2.000000e+00 -1.575000e+01
      vertex   -7.969107e+00 2.000000e+00 -1.660135e+01
      vertex   -8.003155e+00 2.000000e+00 -1.677352e+01
    endloop
  endfacet
  facet normal 0.000000e+00 1.000000e+00 -0.000000e+00
    outer loop
      vertex   -7.913472e+00 2.000000e+00 -1.643978e+01
      vertex   -1.408752e+01 2.000000e+00 -1.539655e+01
      vertex   -7.821174e+00 2.000000e+00 -1.629623e+01
    endloop
  endfacet
  facet normal 0.000000e+00 1.000000e+00 0.000000e+00
    outer loop
      vertex   -7.821174e+00 2.000000e+00 -1.629623e+01
      vertex   -1.408752e+01 2.000000e+00 -1.539655e+01
      vertex   -1.419735e+01 2.000000e+00 -1.505855e+01
    endloop
  endfacet
  facet normal 0.000000e+00 1.000000e+00 -0.000000e+00
    outer loop
      vertex   -7.821174e+00 2.000000e+00 -1.629623e+01
      vertex   -1.419735e+01 2.000000e+00 -1.505855e+01
      vertex   -7.706429e+00 2.000000e+00 -1.616370e+01
    endloop
  endfacet
  facet normal 0.000000e+00 1.000000e+00 0.000000e+00
    outer loop
      vertex   -7.706429e+00 2.000000e+00 -1.616370e+01
      vertex   -1.419735e+01 2.000000e+00 -1.505855e+01
      vertex   -1.437504e+01 2.000000e+00 -1.475077e+01
    endloop
  endfacet
  facet normal 0.000000e+00 1.000000e+00 0.000000e+00
    outer loop
      vertex   1.408678e+01 2.000000e+00 -1.539655e+01
      vertex   1.404963e+01 2.000000e+00 -1.575000e+01
      vertex   7.854281e+00 2.000000e+00 -1.598157e+01
    endloop
  endfacet
  facet normal -0.000000e+00 1.000000e+00 0.000000e+00
    outer loop
      vertex   7.854281e+00 2.000000e+00 -1.598157e+01
      vertex   1.404963e+01 2.000000e+00 -1.575000e+01
      vertex   1.408678e+01 2.000000e+00 -1.610345e+01
    endloop
  endfacet
  facet normal 0.000000e+00 1.000000e+00 0.000000e+00
    outer loop
      vertex   7.854281e+00 2.000000e+00 -1.598157e+01
      vertex   1.408678e+01 2.000000e+00 -1.610345e+01
      vertex   7.854281e+00 2.000000e+00 -1.747339e+01
    endloop
  endfacet
  facet normal 0.000000e+00 1.000000e+00 0.000000e+00
    outer loop
      vertex   7.854281e+00 2.000000e+00 -1.747339e+01
      vertex   1.408678e+01 2.000000e+00 -1.610345e+01
      vertex   1.419660e+01 2.000000e+00 -1.644145e+01
    endloop
  endfacet
  facet normal -0.000000e+00 1.000000e+00 0.000000e+00
    outer loop
      vertex   7.854281e+00 2.000000e+00 -1.747339e+01
      vertex   1.419660e+01 2.000000e+00 -1.644145e+01
      vertex   7.846623e+00 2.000000e+00 -1.762319e+01
    endloop
  endfacet
  facet normal -0.000000e+00 1.000000e+00 0.000000e+00
    outer loop
      vertex   7.846623e+00 2.000000e+00 -1.762319e+01
      vertex   1.419660e+01 2.000000e+00 -1.644145e+01
      vertex   7.820806e+00 2.000000e+00 -1.776682e+01
    endloop
  endfacet
  facet normal 0.000000e+00 1.000000e+00 0.000000e+00
    outer loop
      vertex   7.820806e+00 2.000000e+00 -1.776682e+01
      vertex   1.419660e+01 2.000000e+00 -1.644145e+01
      vertex   1.437430e+01 2.000000e+00 -1.674923e+01
    endloop
  endfacet
  facet normal -0.000000e+00 1.000000e+00 0.000000e+00
    outer loop
      vertex   7.820806e+00 2.000000e+00 -1.776682e+01
      vertex   1.437430e+01 2.000000e+00 -1.674923e+01
      vertex   7.761879e+00 2.000000e+00 -1.789919e+01
    endloop
  endfacet
  facet normal 0.000000e+00 1.000000e+00 0.000000e+00
    outer loop
      vertex   7.761879e+00 2.000000e+00 -1.789919e+01
      vertex   1.437430e+01 2.000000e+00 -1.674923e+01
      vertex   1.461211e+01 2.000000e+00 -1.701334e+01
    endloop
  endfacet
  facet normal -0.000000e+00 1.000000e+00 0.000000e+00
    outer loop
      vertex   7.761879e+00 2.000000e+00 -1.789919e+01
      vertex   1.461211e+01 2.000000e+00 -1.701334e+01
      vertex   7.680338e+00 2.000000e+00 -1.802386e+01
    endloop
  endfacet
  facet normal 0.000000e+00 1.000000e+00 0.000000e+00
    outer loop
      vertex   7.680338e+00 2.000000e+00 -1.802386e+01
      vertex   1.461211e+01 2.000000e+00 -1.701334e+01
      vertex   1.489963e+01 2.000000e+00 -1.722224e+01
    endloop
  endfacet
  facet normal -0.000000e+00 1.000000e+00 0.000000e+00
    outer loop
      vertex   7.680338e+00 2.000000e+00 -1.802386e+01
      vertex   1.489963e+01 2.000000e+00 -1.722224e+01
      vertex   7.569766e+00 2.000000e+00 -1.810513e+01
    endloop
  endfacet
  facet normal 0.000000e+00 1.000000e+00 0.000000e+00
    outer loop
      vertex   7.569766e+00 2.000000e+00 -1.810513e+01
      vertex   1.489963e+01 2.000000e+00 -1.722224e+01
      vertex   1.522430e+01 2.000000e+00 -1.736679e+01
    endloop
  endfacet
  facet normal -0.000000e+00 1.000000e+00 0.000000e+00
    outer loop
      vertex   7.569766e+00 2.000000e+00 -1.810513e+01
      vertex   1.522430e+01 2.000000e+00 -1.736679e+01
      vertex   7.451276e+00 2.000000e+00 -1.816552e+01
    endloop
  endfacet
  facet normal -0.000000e+00 1.000000e+00 0.000000e+00
    outer loop
      vertex   7.451276e+00 2.000000e+00 -1.816552e+01
      vertex   1.522430e+01 2.000000e+00 -1.736679e+01
      vertex   2.149963e+01 2.000000e+00 -2.150000e+01
    endloop
  endfacet
  facet normal 0.000000e+00 1.000000e+00 0.000000e+00
    outer loop
      vertex   7.451276e+00 2.000000e+00 -1.816552e+01
      vertex   2.149963e+01 2.000000e+00 -2.150000e+01
      vertex   7.320604e+00 2.000000e+00 -1.819379e+01
    endloop
  endfacet
  facet normal 0.000000e+00 1.000000e+00 0.000000e+00
    outer loop
      vertex   1.522430e+01 2.000000e+00 -1.736679e+01
      vertex   1.557193e+01 2.000000e+00 -1.744069e+01
      vertex   2.149963e+01 2.000000e+00 -2.150000e+01
    endloop
  endfacet
  facet normal 0.000000e+00 1.000000e+00 0.000000e+00
    outer loop
      vertex   2.149963e+01 2.000000e+00 -2.150000e+01
      vertex   1.557193e+01 2.000000e+00 -1.744069e+01
      vertex   1.592733e+01 2.000000e+00 -1.744069e+01
    endloop
  endfacet
  facet normal 0.000000e+00 1.000000e+00 0.000000e+00
    outer loop
      vertex   2.149963e+01 2.000000e+00 -2.150000e+01
      vertex   1.592733e+01 2.000000e+00 -1.744069e+01
      vertex   1.627496e+01 2.000000e+00 -1.736679e+01
    endloop
  endfacet
  facet normal -0.000000e+00 1.000000e+00 0.000000e+00
    outer loop
      vertex   1.627496e+01 2.000000e+00 -1.736679e+01
      vertex   1.659963e+01 2.000000e+00 -1.722224e+01
      vertex   2.149963e+01 2.000000e+00 -2.150000e+01
    endloop
  endfacet
  facet normal 0.000000e+00 1.000000e+00 0.000000e+00
    outer loop
      vertex   2.149963e+01 2.000000e+00 -2.150000e+01
      vertex   1.659963e+01 2.000000e+00 -1.722224e+01
      vertex   1.688715e+01 2.000000e+00 -1.701334e+01
    endloop
  endfacet
  facet normal 0.000000e+00 1.000000e+00 0.000000e+00
    outer loop
      vertex   2.149963e+01 2.000000e+00 -2.150000e+01
      vertex   1.688715e+01 2.000000e+00 -1.701334e+01
      vertex   1.712496e+01 2.000000e+00 -1.674923e+01
    endloop
  endfacet
  facet normal -0.000000e+00 1.000000e+00 0.000000e+00
    outer loop
      vertex   1.712496e+01 2.000000e+00 -1.674923e+01
      vertex   1.730265e+01 2.000000e+00 -1.644145e+01
      vertex   2.149963e+01 2.000000e+00 -2.150000e+01
    endloop
  endfacet
  facet normal 0.000000e+00 1.000000e+00 0.000000e+00
    outer loop
      vertex   2.149963e+01 2.000000e+00 -2.150000e+01
      vertex   1.730265e+01 2.000000e+00 -1.644145e+01
      vertex   1.741248e+01 2.000000e+00 -1.610345e+01
    endloop
  endfacet
  facet normal 0.000000e+00 1.000000e+00 0.000000e+00
    outer loop
      vertex   2.149963e+01 2.000000e+00 -2.150000e+01
      vertex   1.741248e+01 2.000000e+00 -1.610345e+01
      vertex   1.744963e+01 2.000000e+00 -1.575000e+01
    endloop
  endfacet
  facet normal -0.000000e+00 1.000000e+00 -0.000000e+00
    outer loop
      vertex   1.744963e+01 2.000000e+00 -1.575000e+01
      vertex   1.741248e+01 2.000000e+00 -1.539655e+01
      vertex   2.149963e+01 2.000000e+00 -2.150000e+01
    endloop
  endfacet
  facet normal 0.000000e+00 1.000000e+00 0.000000e+00
    outer loop
      vertex   2.149963e+01 2.000000e+00 -2.150000e+01
      vertex   1.741248e+01 2.000000e+00 -1.539655e+01
      vertex   1.730265e+01 2.000000e+00 -1.505855e+01
    endloop
  endfacet
  facet normal 0.000000e+00 1.000000e+00 0.000000e+00
    outer loop
      vertex   1.419660e+01 2.000000e+00 -1.505855e+01
      vertex   1.408678e+01 2.000000e+00 -1.539655e+01
      vertex   7.854281e+00 2.000000e+00 -1.598157e+01
    endloop
  endfacet
  facet normal 0.000000e+00 1.000000e+00 -0.000000e+00
    outer loop
      vertex   -7.966320e+00 2.000000e+00 -1.821622e+01
      vertex   -8.003155e+00 2.000000e+00 -1.677352e+01
      vertex   -7.276689e+00 2.000000e+00 -1.740176e+01
    endloop
  endfacet
  facet normal 0.000000e+00 1.000000e+00 0.000000e+00
    outer loop
      vertex   -7.276689e+00 2.000000e+00 -1.740176e+01
      vertex   -8.003155e+00 2.000000e+00 -1.677352e+01
      vertex   -7.634806e+00 2.000000e+00 -1.682263e+01
    endloop
  endfacet
  facet normal -0.000000e+00 1.000000e+00 -0.000000e+00
    outer loop
      vertex   -7.276689e+00 2.000000e+00 -1.740176e+01
      vertex   -7.634806e+00 2.000000e+00 -1.682263e+01
      vertex   -7.212531e+00 2.000000e+00 -1.741741e+01
    endloop
  endfacet
  facet normal 0.000000e+00 1.000000e+00 0.000000e+00
    outer loop
      vertex   -7.212531e+00 2.000000e+00 -1.741741e+01
      vertex   -7.634806e+00 2.000000e+00 -1.682263e+01
      vertex   -7.604345e+00 2.000000e+00 -1.669800e+01
    endloop
  endfacet
  facet normal -0.000000e+00 1.000000e+00 -0.000000e+00
    outer loop
      vertex   -7.212531e+00 2.000000e+00 -1.741741e+01
      vertex   -7.604345e+00 2.000000e+00 -1.669800e+01
      vertex   -7.147960e+00 2.000000e+00 -1.743030e+01
    endloop
  endfacet
  facet normal -0.000000e+00 1.000000e+00 -0.000000e+00
    outer loop
      vertex   -7.147960e+00 2.000000e+00 -1.743030e+01
      vertex   -7.604345e+00 2.000000e+00 -1.669800e+01
      vertex   -7.082635e+00 2.000000e+00 -1.743820e+01
    endloop
  endfacet
  facet normal 0.000000e+00 1.000000e+00 -0.000000e+00
    outer loop
      vertex   -7.082635e+00 2.000000e+00 -1.743820e+01
      vertex   -7.604345e+00 2.000000e+00 -1.669800e+01
      vertex   -6.442898e+00 2.000000e+00 -1.673509e+01
    endloop
  endfacet
  facet normal -0.000000e+00 1.000000e+00 0.000000e+00
    outer loop
      vertex   -7.082635e+00 2.000000e+00 -1.743820e+01
      vertex   -6.442898e+00 2.000000e+00 -1.673509e+01
      vertex   -7.016798e+00 2.000000e+00 -1.744269e+01
    endloop
  endfacet
  facet normal 0.000000e+00 1.000000e+00 0.000000e+00
    outer loop
      vertex   -7.016798e+00 2.000000e+00 -1.744269e+01
      vertex   -6.442898e+00 2.000000e+00 -1.673509e+01
      vertex   -6.429485e+00 2.000000e+00 -1.685947e+01
    endloop
  endfacet
  facet normal 0.000000e+00 1.000000e+00 0.000000e+00
    outer loop
      vertex   -7.016798e+00 2.000000e+00 -1.744269e+01
      vertex   -6.429485e+00 2.000000e+00 -1.685947e+01
      vertex   -6.441247e+00 2.000000e+00 -1.697579e+01
    endloop
  endfacet
  facet normal -0.000000e+00 1.000000e+00 0.000000e+00
    outer loop
      vertex   -7.604345e+00 2.000000e+00 -1.669800e+01
      vertex   -7.562135e+00 2.000000e+00 -1.657921e+01
      vertex   -6.442898e+00 2.000000e+00 -1.673509e+01
    endloop
  endfacet
  facet normal 0.000000e+00 1.000000e+00 0.000000e+00
    outer loop
      vertex   -6.442898e+00 2.000000e+00 -1.673509e+01
      vertex   -7.562135e+00 2.000000e+00 -1.657921e+01
      vertex   -6.473399e+00 2.000000e+00 -1.661766e+01
    endloop
  endfacet
  facet normal 0.000000e+00 1.000000e+00 0.000000e+00
    outer loop
      vertex   -6.473399e+00 2.000000e+00 -1.661766e+01
      vertex   -7.562135e+00 2.000000e+00 -1.657921e+01
      vertex   -6.532727e+00 2.000000e+00 -1.651195e+01
    endloop
  endfacet
  facet normal 0.000000e+00 1.000000e+00 0.000000e+00
    outer loop
      vertex   -6.532727e+00 2.000000e+00 -1.651195e+01
      vertex   -7.562135e+00 2.000000e+00 -1.657921e+01
      vertex   -6.609567e+00 2.000000e+00 -1.641336e+01
    endloop
  endfacet
  facet normal 0.000000e+00 1.000000e+00 0.000000e+00
    outer loop
      vertex   -6.609567e+00 2.000000e+00 -1.641336e+01
      vertex   -7.562135e+00 2.000000e+00 -1.657921e+01
      vertex   -6.706053e+00 2.000000e+00 -1.633687e+01
    endloop
  endfacet
  facet normal 0.000000e+00 1.000000e+00 0.000000e+00
    outer loop
      vertex   -6.706053e+00 2.000000e+00 -1.633687e+01
      vertex   -7.562135e+00 2.000000e+00 -1.657921e+01
      vertex   -7.498429e+00 2.000000e+00 -1.647112e+01
    endloop
  endfacet
  facet normal -4.899305e-16 1.000000e+00 2.891715e-15
    outer loop
      vertex   -6.706053e+00 2.000000e+00 -1.633687e+01
      vertex   -7.498429e+00 2.000000e+00 -1.647112e+01
      vertex   -6.809665e+00 2.000000e+00 -1.627764e+01
    endloop
  endfacet
  facet normal 1.145240e-15 1.000000e+00 -2.929261e-15
    outer loop
      vertex   -6.809665e+00 2.000000e+00 -1.627764e+01
      vertex   -7.498429e+00 2.000000e+00 -1.647112e+01
      vertex   -6.925068e+00 2.000000e+00 -1.624695e+01
    endloop
  endfacet
  facet normal 0.000000e+00 1.000000e+00 0.000000e+00
    outer loop
      vertex   -6.925068e+00 2.000000e+00 -1.624695e+01
      vertex   -7.498429e+00 2.000000e+00 -1.647112e+01
      vertex   -7.047494e+00 2.000000e+00 -1.623328e+01
    endloop
  endfacet
  facet normal 0.000000e+00 1.000000e+00 0.000000e+00
    outer loop
      vertex   -7.047494e+00 2.000000e+00 -1.623328e+01
      vertex   -7.498429e+00 2.000000e+00 -1.647112e+01
      vertex   -7.149627e+00 2.000000e+00 -1.624329e+01
    endloop
  endfacet
  facet normal 0.000000e+00 1.000000e+00 0.000000e+00
    outer loop
      vertex   -7.149627e+00 2.000000e+00 -1.624329e+01
      vertex   -7.498429e+00 2.000000e+00 -1.647112e+01
      vertex   -7.246899e+00 2.000000e+00 -1.626637e+01
    endloop
  endfacet
  facet normal 0.000000e+00 1.000000e+00 0.000000e+00
    outer loop
      vertex   -7.246899e+00 2.000000e+00 -1.626637e+01
      vertex   -7.498429e+00 2.000000e+00 -1.647112e+01
      vertex   -7.335933e+00 2.000000e+00 -1.631161e+01
    endloop
  endfacet
  facet normal 0.000000e+00 1.000000e+00 0.000000e+00
    outer loop
      vertex   -7.335933e+00 2.000000e+00 -1.631161e+01
      vertex   -7.498429e+00 2.000000e+00 -1.647112e+01
      vertex   -7.419936e+00 2.000000e+00 -1.637038e+01
    endloop
  endfacet
  facet normal 0.000000e+00 1.000000e+00 0.000000e+00
    outer loop
      vertex   -6.441247e+00 2.000000e+00 -1.697579e+01
      vertex   -6.468921e+00 2.000000e+00 -1.708570e+01
      vertex   -7.016798e+00 2.000000e+00 -1.744269e+01
    endloop
  endfacet
  facet normal 0.000000e+00 1.000000e+00 0.000000e+00
    outer loop
      vertex   -7.016798e+00 2.000000e+00 -1.744269e+01
      vertex   -6.468921e+00 2.000000e+00 -1.708570e+01
      vertex   -6.523734e+00 2.000000e+00 -1.718468e+01
    endloop
  endfacet
  facet normal 0.000000e+00 1.000000e+00 0.000000e+00
    outer loop
      vertex   -7.016798e+00 2.000000e+00 -1.744269e+01
      vertex   -6.523734e+00 2.000000e+00 -1.718468e+01
      vertex   -6.899556e+00 2.000000e+00 -1.743095e+01
    endloop
  endfacet
  facet normal 0.000000e+00 1.000000e+00 0.000000e+00
    outer loop
      vertex   -6.899556e+00 2.000000e+00 -1.743095e+01
      vertex   -6.523734e+00 2.000000e+00 -1.718468e+01
      vertex   -6.688619e+00 2.000000e+00 -1.734847e+01
    endloop
  endfacet
  facet normal 0.000000e+00 1.000000e+00 0.000000e+00
    outer loop
      vertex   -6.899556e+00 2.000000e+00 -1.743095e+01
      vertex   -6.688619e+00 2.000000e+00 -1.734847e+01
      vertex   -6.788668e+00 2.000000e+00 -1.740329e+01
    endloop
  endfacet
  facet normal 0.000000e+00 1.000000e+00 0.000000e+00
    outer loop
      vertex   -6.523734e+00 2.000000e+00 -1.718468e+01
      vertex   -6.595243e+00 2.000000e+00 -1.727693e+01
      vertex   -6.688619e+00 2.000000e+00 -1.734847e+01
    endloop
  endfacet
  facet normal 0.000000e+00 1.000000e+00 0.000000e+00
    outer loop
      vertex   -7.966320e+00 2.000000e+00 -1.821622e+01
      vertex   -7.276689e+00 2.000000e+00 -1.740176e+01
      vertex   -7.597971e+00 2.000000e+00 -1.815074e+01
    endloop
  endfacet
  facet normal 0.000000e+00 1.000000e+00 0.000000e+00
    outer loop
      vertex   -7.597971e+00 2.000000e+00 -1.815074e+01
      vertex   -7.276689e+00 2.000000e+00 -1.740176e+01
      vertex   -7.235761e+00 2.000000e+00 -1.772509e+01
    endloop
  endfacet
  facet normal -0.000000e+00 1.000000e+00 0.000000e+00
    outer loop
      vertex   -7.597971e+00 2.000000e+00 -1.815074e+01
      vertex   -7.235761e+00 2.000000e+00 -1.772509e+01
      vertex   -7.574695e+00 2.000000e+00 -1.826279e+01
    endloop
  endfacet
  facet normal 0.000000e+00 1.000000e+00 0.000000e+00
    outer loop
      vertex   -7.574695e+00 2.000000e+00 -1.826279e+01
      vertex   -7.235761e+00 2.000000e+00 -1.772509e+01
      vertex   -7.220959e+00 2.000000e+00 -1.772355e+01
    endloop
  endfacet
  facet normal 0.000000e+00 1.000000e+00 0.000000e+00
    outer loop
      vertex   -7.574695e+00 2.000000e+00 -1.826279e+01
      vertex   -7.220959e+00 2.000000e+00 -1.772355e+01
      vertex   -7.206140e+00 2.000000e+00 -1.772226e+01
    endloop
  endfacet
  facet normal -0.000000e+00 1.000000e+00 0.000000e+00
    outer loop
      vertex   -7.206140e+00 2.000000e+00 -1.772226e+01
      vertex   -7.191289e+00 2.000000e+00 -1.772146e+01
      vertex   -7.574695e+00 2.000000e+00 -1.826279e+01
    endloop
  endfacet
  facet normal 0.000000e+00 1.000000e+00 0.000000e+00
    outer loop
      vertex   -7.574695e+00 2.000000e+00 -1.826279e+01
      vertex   -7.191289e+00 2.000000e+00 -1.772146e+01
      vertex   -7.176416e+00 2.000000e+00 -1.772100e+01
    endloop
  endfacet
  facet normal 0.000000e+00 1.000000e+00 0.000000e+00
    outer loop
      vertex   -7.574695e+00 2.000000e+00 -1.826279e+01
      vertex   -7.176416e+00 2.000000e+00 -1.772100e+01
      vertex   -7.064226e+00 2.000000e+00 -1.773014e+01
    endloop
  endfacet
  facet normal 0.000000e+00 1.000000e+00 0.000000e+00
    outer loop
      vertex   -6.955437e+00 2.000000e+00 -1.775094e+01
      vertex   -7.483726e+00 2.000000e+00 -1.846592e+01
      vertex   -7.064226e+00 2.000000e+00 -1.773014e+01
    endloop
  endfacet
  facet normal -1.999247e-15 1.000000e+00 1.139868e-15
    outer loop
      vertex   -7.064226e+00 2.000000e+00 -1.773014e+01
      vertex   -7.483726e+00 2.000000e+00 -1.846592e+01
      vertex   -7.539716e+00 2.000000e+00 -1.836932e+01
    endloop
  endfacet
  facet normal 1.619966e-15 1.000000e+00 -1.552500e-15
    outer loop
      vertex   -7.064226e+00 2.000000e+00 -1.773014e+01
      vertex   -7.539716e+00 2.000000e+00 -1.836932e+01
      vertex   -7.574695e+00 2.000000e+00 -1.826279e+01
    endloop
  endfacet
  facet normal 0.000000e+00 1.000000e+00 0.000000e+00
    outer loop
      vertex   -6.955437e+00 2.000000e+00 -1.775094e+01
      vertex   -6.852384e+00 2.000000e+00 -1.779139e+01
      vertex   -7.483726e+00 2.000000e+00 -1.846592e+01
    endloop
  endfacet
  facet normal -0.000000e+00 1.000000e+00 0.000000e+00
    outer loop
      vertex   -7.483726e+00 2.000000e+00 -1.846592e+01
      vertex   -6.852384e+00 2.000000e+00 -1.779139e+01
      vertex   -7.413796e+00 2.000000e+00 -1.855592e+01
    endloop
  endfacet
  facet normal -0.000000e+00 1.000000e+00 0.000000e+00
    outer loop
      vertex   -7.413796e+00 2.000000e+00 -1.855592e+01
      vertex   -6.852384e+00 2.000000e+00 -1.779139e+01
      vertex   -7.333649e+00 2.000000e+00 -1.861421e+01
    endloop
  endfacet
  facet normal 0.000000e+00 1.000000e+00 0.000000e+00
    outer loop
      vertex   -7.333649e+00 2.000000e+00 -1.861421e+01
      vertex   -6.852384e+00 2.000000e+00 -1.779139e+01
      vertex   -6.574581e+00 2.000000e+00 -1.831627e+01
    endloop
  endfacet
  facet normal 0.000000e+00 1.000000e+00 0.000000e+00
    outer loop
      vertex   -7.333649e+00 2.000000e+00 -1.861421e+01
      vertex   -6.574581e+00 2.000000e+00 -1.831627e+01
      vertex   -6.597682e+00 2.000000e+00 -1.840478e+01
    endloop
  endfacet
  facet normal 0.000000e+00 1.000000e+00 0.000000e+00
    outer loop
      vertex   -6.752814e+00 2.000000e+00 -1.784378e+01
      vertex   -6.577061e+00 2.000000e+00 -1.811008e+01
      vertex   -6.852384e+00 2.000000e+00 -1.779139e+01
    endloop
  endfacet
  facet normal 0.000000e+00 1.000000e+00 0.000000e+00
    outer loop
      vertex   -6.852384e+00 2.000000e+00 -1.779139e+01
      vertex   -6.577061e+00 2.000000e+00 -1.811008e+01
      vertex   -6.564547e+00 2.000000e+00 -1.822236e+01
    endloop
  endfacet
  facet normal 0.000000e+00 1.000000e+00 0.000000e+00
    outer loop
      vertex   -6.852384e+00 2.000000e+00 -1.779139e+01
      vertex   -6.564547e+00 2.000000e+00 -1.822236e+01
      vertex   -6.574581e+00 2.000000e+00 -1.831627e+01
    endloop
  endfacet
  facet normal 0.000000e+00 1.000000e+00 0.000000e+00
    outer loop
      vertex   -6.752814e+00 2.000000e+00 -1.784378e+01
      vertex   -6.670454e+00 2.000000e+00 -1.792041e+01
      vertex   -6.577061e+00 2.000000e+00 -1.811008e+01
    endloop
  endfacet
  facet normal 0.000000e+00 1.000000e+00 0.000000e+00
    outer loop
      vertex   -6.577061e+00 2.000000e+00 -1.811008e+01
      vertex   -6.670454e+00 2.000000e+00 -1.792041e+01
      vertex   -6.589049e+00 2.000000e+00 -1.805686e+01
    endloop
  endfacet
  facet normal 0.000000e+00 1.000000e+00 0.000000e+00
    outer loop
      vertex   -6.589049e+00 2.000000e+00 -1.805686e+01
      vertex   -6.670454e+00 2.000000e+00 -1.792041e+01
      vertex   -6.635469e+00 2.000000e+00 -1.796189e+01
    endloop
  endfacet
  facet normal 4.089755e-14 1.000000e+00 1.998896e-14
    outer loop
      vertex   -6.589049e+00 2.000000e+00 -1.805686e+01
      vertex   -6.635469e+00 2.000000e+00 -1.796189e+01
      vertex   -6.607914e+00 2.000000e+00 -1.800716e+01
    endloop
  endfacet
  facet normal 0.000000e+00 1.000000e+00 0.000000e+00
    outer loop
      vertex   -6.597682e+00 2.000000e+00 -1.840478e+01
      vertex   -6.642915e+00 2.000000e+00 -1.848416e+01
      vertex   -7.333649e+00 2.000000e+00 -1.861421e+01
    endloop
  endfacet
  facet normal 0.000000e+00 1.000000e+00 0.000000e+00
    outer loop
      vertex   -7.333649e+00 2.000000e+00 -1.861421e+01
      vertex   -6.642915e+00 2.000000e+00 -1.848416e+01
      vertex   -6.701655e+00 2.000000e+00 -1.855797e+01
    endloop
  endfacet
  facet normal -0.000000e+00 1.000000e+00 0.000000e+00
    outer loop
      vertex   -7.333649e+00 2.000000e+00 -1.861421e+01
      vertex   -6.701655e+00 2.000000e+00 -1.855797e+01
      vertex   -6.780659e+00 2.000000e+00 -1.861597e+01
    endloop
  endfacet
  facet normal 0.000000e+00 1.000000e+00 -0.000000e+00
    outer loop
      vertex   -6.864985e+00 2.000000e+00 -1.866011e+01
      vertex   -6.957853e+00 2.000000e+00 -1.868201e+01
      vertex   -6.780659e+00 2.000000e+00 -1.861597e+01
    endloop
  endfacet
  facet normal 0.000000e+00 1.000000e+00 0.000000e+00
    outer loop
      vertex   -6.780659e+00 2.000000e+00 -1.861597e+01
      vertex   -6.957853e+00 2.000000e+00 -1.868201e+01
      vertex   -7.055679e+00 2.000000e+00 -1.869098e+01
    endloop
  endfacet
  facet normal 0.000000e+00 1.000000e+00 0.000000e+00
    outer loop
      vertex   -6.780659e+00 2.000000e+00 -1.861597e+01
      vertex   -7.055679e+00 2.000000e+00 -1.869098e+01
      vertex   -7.154467e+00 2.000000e+00 -1.868141e+01
    endloop
  endfacet
  facet normal -0.000000e+00 1.000000e+00 -0.000000e+00
    outer loop
      vertex   -7.248291e+00 2.000000e+00 -1.865887e+01
      vertex   -7.333649e+00 2.000000e+00 -1.861421e+01
      vertex   -7.154467e+00 2.000000e+00 -1.868141e+01
    endloop
  endfacet
  facet normal 0.000000e+00 1.000000e+00 -0.000000e+00
    outer loop
      vertex   -7.154467e+00 2.000000e+00 -1.868141e+01
      vertex   -7.333649e+00 2.000000e+00 -1.861421e+01
      vertex   -6.780659e+00 2.000000e+00 -1.861597e+01
    endloop
  endfacet
  facet normal 0.000000e+00 1.000000e+00 0.000000e+00
    outer loop
      vertex   -7.523783e+00 2.000000e+00 -1.887829e+01
      vertex   -7.380767e+00 2.000000e+00 -1.894616e+01
      vertex   -2.150037e+01 2.000000e+00 -2.150000e+01
    endloop
  endfacet
  facet normal 0.000000e+00 1.000000e+00 0.000000e+00
    outer loop
      vertex   -2.150037e+01 2.000000e+00 -2.150000e+01
      vertex   -7.380767e+00 2.000000e+00 -1.894616e+01
      vertex   -7.225792e+00 2.000000e+00 -1.897992e+01
    endloop
  endfacet
  facet normal 0.000000e+00 1.000000e+00 0.000000e+00
    outer loop
      vertex   -2.150037e+01 2.000000e+00 -2.150000e+01
      vertex   -7.225792e+00 2.000000e+00 -1.897992e+01
      vertex   -7.063865e+00 2.000000e+00 -1.899385e+01
    endloop
  endfacet
  facet normal 0.000000e+00 1.000000e+00 0.000000e+00
    outer loop
      vertex   -2.150037e+01 2.000000e+00 -2.150000e+01
      vertex   -7.063865e+00 2.000000e+00 -1.899385e+01
      vertex   -4.524301e+00 2.000000e+00 -1.899385e+01
    endloop
  endfacet
  facet normal 0.000000e+00 1.000000e+00 0.000000e+00
    outer loop
      vertex   -4.524301e+00 2.000000e+00 -1.899385e+01
      vertex   -7.063865e+00 2.000000e+00 -1.899385e+01
      vertex   -6.946358e+00 2.000000e+00 -1.898599e+01
    endloop
  endfacet
  facet normal 0.000000e+00 1.000000e+00 0.000000e+00
    outer loop
      vertex   -4.524301e+00 2.000000e+00 -1.899385e+01
      vertex   -6.946358e+00 2.000000e+00 -1.898599e+01
      vertex   -6.831250e+00 2.000000e+00 -1.896801e+01
    endloop
  endfacet
  facet normal -0.000000e+00 1.000000e+00 0.000000e+00
    outer loop
      vertex   -6.831250e+00 2.000000e+00 -1.896801e+01
      vertex   -6.720197e+00 2.000000e+00 -1.893293e+01
      vertex   -4.524301e+00 2.000000e+00 -1.899385e+01
    endloop
  endfacet
  facet normal 0.000000e+00 1.000000e+00 0.000000e+00
    outer loop
      vertex   -4.524301e+00 2.000000e+00 -1.899385e+01
      vertex   -6.720197e+00 2.000000e+00 -1.893293e+01
      vertex   -6.611614e+00 2.000000e+00 -1.888744e+01
    endloop
  endfacet
  facet normal 0.000000e+00 1.000000e+00 0.000000e+00
    outer loop
      vertex   -4.524301e+00 2.000000e+00 -1.899385e+01
      vertex   -6.611614e+00 2.000000e+00 -1.888744e+01
      vertex   -6.518567e+00 2.000000e+00 -1.883139e+01
    endloop
  endfacet
  facet normal -0.000000e+00 1.000000e+00 0.000000e+00
    outer loop
      vertex   -6.518567e+00 2.000000e+00 -1.883139e+01
      vertex   -6.433170e+00 2.000000e+00 -1.876699e+01
      vertex   -4.524301e+00 2.000000e+00 -1.899385e+01
    endloop
  endfacet
  facet normal 0.000000e+00 1.000000e+00 0.000000e+00
    outer loop
      vertex   -4.524301e+00 2.000000e+00 -1.899385e+01
      vertex   -6.433170e+00 2.000000e+00 -1.876699e+01
      vertex   -4.592748e+00 2.000000e+00 -1.888282e+01
    endloop
  endfacet
  facet normal 0.000000e+00 1.000000e+00 0.000000e+00
    outer loop
      vertex   -4.592748e+00 2.000000e+00 -1.888282e+01
      vertex   -6.433170e+00 2.000000e+00 -1.876699e+01
      vertex   -4.669037e+00 2.000000e+00 -1.877808e+01
    endloop
  endfacet
  facet normal 0.000000e+00 1.000000e+00 0.000000e+00
    outer loop
      vertex   -4.669037e+00 2.000000e+00 -1.877808e+01
      vertex   -6.433170e+00 2.000000e+00 -1.876699e+01
      vertex   -4.757106e+00 2.000000e+00 -1.868279e+01
    endloop
  endfacet
  facet normal 0.000000e+00 1.000000e+00 0.000000e+00
    outer loop
      vertex   -4.757106e+00 2.000000e+00 -1.868279e+01
      vertex   -6.433170e+00 2.000000e+00 -1.876699e+01
      vertex   -6.360812e+00 2.000000e+00 -1.868835e+01
    endloop
  endfacet
  facet normal 0.000000e+00 1.000000e+00 0.000000e+00
    outer loop
      vertex   -4.757106e+00 2.000000e+00 -1.868279e+01
      vertex   -6.360812e+00 2.000000e+00 -1.868835e+01
      vertex   -4.851723e+00 2.000000e+00 -1.859276e+01
    endloop
  endfacet
  facet normal 0.000000e+00 1.000000e+00 0.000000e+00
    outer loop
      vertex   -4.851723e+00 2.000000e+00 -1.859276e+01
      vertex   -6.360812e+00 2.000000e+00 -1.868835e+01
      vertex   -4.977888e+00 2.000000e+00 -1.849116e+01
    endloop
  endfacet
  facet normal 0.000000e+00 1.000000e+00 0.000000e+00
    outer loop
      vertex   -4.977888e+00 2.000000e+00 -1.849116e+01
      vertex   -6.360812e+00 2.000000e+00 -1.868835e+01
      vertex   -6.296470e+00 2.000000e+00 -1.860094e+01
    endloop
  endfacet
  facet normal 0.000000e+00 1.000000e+00 0.000000e+00
    outer loop
      vertex   -4.977888e+00 2.000000e+00 -1.849116e+01
      vertex   -6.296470e+00 2.000000e+00 -1.860094e+01
      vertex   -5.108994e+00 2.000000e+00 -1.839712e+01
    endloop
  endfacet
  facet normal 0.000000e+00 1.000000e+00 0.000000e+00
    outer loop
      vertex   -5.108994e+00 2.000000e+00 -1.839712e+01
      vertex   -6.296470e+00 2.000000e+00 -1.860094e+01
      vertex   -5.248128e+00 2.000000e+00 -1.831535e+01
    endloop
  endfacet
  facet normal 0.000000e+00 1.000000e+00 0.000000e+00
    outer loop
      vertex   -5.248128e+00 2.000000e+00 -1.831535e+01
      vertex   -6.296470e+00 2.000000e+00 -1.860094e+01
      vertex   -5.391968e+00 2.000000e+00 -1.824078e+01
    endloop
  endfacet
  facet normal 0.000000e+00 1.000000e+00 0.000000e+00
    outer loop
      vertex   -5.391968e+00 2.000000e+00 -1.824078e+01
      vertex   -6.296470e+00 2.000000e+00 -1.860094e+01
      vertex   -6.250307e+00 2.000000e+00 -1.850952e+01
    endloop
  endfacet
  facet normal 1.675917e-15 1.000000e+00 -5.352794e-15
    outer loop
      vertex   -5.391968e+00 2.000000e+00 -1.824078e+01
      vertex   -6.250307e+00 2.000000e+00 -1.850952e+01
      vertex   -6.214177e+00 2.000000e+00 -1.841524e+01
    endloop
  endfacet
  facet normal -4.286195e-16 1.000000e+00 4.565460e-15
    outer loop
      vertex   -6.214177e+00 2.000000e+00 -1.841524e+01
      vertex   -6.194947e+00 2.000000e+00 -1.831617e+01
      vertex   -5.391968e+00 2.000000e+00 -1.824078e+01
    endloop
  endfacet
  facet normal 0.000000e+00 1.000000e+00 0.000000e+00
    outer loop
      vertex   -5.391968e+00 2.000000e+00 -1.824078e+01
      vertex   -6.194947e+00 2.000000e+00 -1.831617e+01
      vertex   -6.185966e+00 2.000000e+00 -1.821418e+01
    endloop
  endfacet
  facet normal 0.000000e+00 1.000000e+00 0.000000e+00
    outer loop
      vertex   -5.391968e+00 2.000000e+00 -1.824078e+01
      vertex   -6.185966e+00 2.000000e+00 -1.821418e+01
      vertex   -6.193961e+00 2.000000e+00 -1.812032e+01
    endloop
  endfacet
  facet normal 0.000000e+00 1.000000e+00 -0.000000e+00
    outer loop
      vertex   -5.391968e+00 2.000000e+00 -1.824078e+01
      vertex   -6.193961e+00 2.000000e+00 -1.812032e+01
      vertex   -5.391968e+00 2.000000e+00 -1.788471e+01
    endloop
  endfacet
  facet normal 0.000000e+00 1.000000e+00 0.000000e+00
    outer loop
      vertex   -5.391968e+00 2.000000e+00 -1.788471e+01
      vertex   -6.193961e+00 2.000000e+00 -1.812032e+01
      vertex   -6.211790e+00 2.000000e+00 -1.802937e+01
    endloop
  endfacet
  facet normal 0.000000e+00 1.000000e+00 0.000000e+00
    outer loop
      vertex   -5.391968e+00 2.000000e+00 -1.788471e+01
      vertex   -6.211790e+00 2.000000e+00 -1.802937e+01
      vertex   -6.246093e+00 2.000000e+00 -1.794329e+01
    endloop
  endfacet
  facet normal 0.000000e+00 1.000000e+00 0.000000e+00
    outer loop
      vertex   -5.391968e+00 2.000000e+00 -1.788471e+01
      vertex   -6.246093e+00 2.000000e+00 -1.794329e+01
      vertex   -6.185966e+00 2.000000e+00 -1.735060e+01
    endloop
  endfacet
  facet normal 0.000000e+00 1.000000e+00 0.000000e+00
    outer loop
      vertex   -6.185966e+00 2.000000e+00 -1.735060e+01
      vertex   -6.246093e+00 2.000000e+00 -1.794329e+01
      vertex   -6.290331e+00 2.000000e+00 -1.786015e+01
    endloop
  endfacet
  facet normal 0.000000e+00 1.000000e+00 0.000000e+00
    outer loop
      vertex   -6.185966e+00 2.000000e+00 -1.735060e+01
      vertex   -6.290331e+00 2.000000e+00 -1.786015e+01
      vertex   -6.273138e+00 2.000000e+00 -1.744036e+01
    endloop
  endfacet
  facet normal 0.000000e+00 1.000000e+00 0.000000e+00
    outer loop
      vertex   -6.273138e+00 2.000000e+00 -1.744036e+01
      vertex   -6.290331e+00 2.000000e+00 -1.786015e+01
      vertex   -6.354852e+00 2.000000e+00 -1.778141e+01
    endloop
  endfacet
  facet normal -2.841532e-15 1.000000e+00 6.808196e-16
    outer loop
      vertex   -6.273138e+00 2.000000e+00 -1.744036e+01
      vertex   -6.354852e+00 2.000000e+00 -1.778141e+01
      vertex   -6.369335e+00 2.000000e+00 -1.751571e+01
    endloop
  endfacet
  facet normal 7.405911e-15 1.000000e+00 1.239404e-15
    outer loop
      vertex   -6.369335e+00 2.000000e+00 -1.751571e+01
      vertex   -6.354852e+00 2.000000e+00 -1.778141e+01
      vertex   -6.426550e+00 2.000000e+00 -1.771130e+01
    endloop
  endfacet
  facet normal 4.663874e-16 1.000000e+00 3.269475e-15
    outer loop
      vertex   -6.369335e+00 2.000000e+00 -1.751571e+01
      vertex   -6.426550e+00 2.000000e+00 -1.771130e+01
      vertex   -6.480092e+00 2.000000e+00 -1.756783e+01
    endloop
  endfacet
  facet normal -4.342903e-15 1.000000e+00 1.474632e-15
    outer loop
      vertex   -6.480092e+00 2.000000e+00 -1.756783e+01
      vertex   -6.426550e+00 2.000000e+00 -1.771130e+01
      vertex   -6.509656e+00 2.000000e+00 -1.765490e+01
    endloop
  endfacet
  facet normal 0.000000e+00 1.000000e+00 0.000000e+00
    outer loop
      vertex   -6.480092e+00 2.000000e+00 -1.756783e+01
      vertex   -6.509656e+00 2.000000e+00 -1.765490e+01
      vertex   -6.599335e+00 2.000000e+00 -1.760640e+01
    endloop
  endfacet
  facet normal -0.000000e+00 1.000000e+00 0.000000e+00
    outer loop
      vertex   -6.185966e+00 2.000000e+00 -1.735060e+01
      vertex   -6.120888e+00 2.000000e+00 -1.723874e+01
      vertex   -5.391968e+00 2.000000e+00 -1.788471e+01
    endloop
  endfacet
  facet normal 0.000000e+00 1.000000e+00 0.000000e+00
    outer loop
      vertex   -5.391968e+00 2.000000e+00 -1.788471e+01
      vertex   -6.120888e+00 2.000000e+00 -1.723874e+01
      vertex   -6.071795e+00 2.000000e+00 -1.712185e+01
    endloop
  endfacet
  facet normal -6.575824e-15 1.000000e+00 -5.860102e-15
    outer loop
      vertex   -5.391968e+00 2.000000e+00 -1.788471e+01
      vertex   -6.071795e+00 2.000000e+00 -1.712185e+01
      vertex   -6.047963e+00 2.000000e+00 -1.699703e+01
    endloop
  endfacet
  facet normal 9.696722e-15 1.000000e+00 6.165321e-15
    outer loop
      vertex   -6.047963e+00 2.000000e+00 -1.699703e+01
      vertex   -6.038626e+00 2.000000e+00 -1.686766e+01
      vertex   -5.391968e+00 2.000000e+00 -1.788471e+01
    endloop
  endfacet
  facet normal 0.000000e+00 1.000000e+00 -0.000000e+00
    outer loop
      vertex   -5.391968e+00 2.000000e+00 -1.788471e+01
      vertex   -6.038626e+00 2.000000e+00 -1.686766e+01
      vertex   -4.655270e+00 2.000000e+00 -1.598157e+01
    endloop
  endfacet
  facet normal -0.000000e+00 1.000000e+00 0.000000e+00
    outer loop
      vertex   -5.391968e+00 2.000000e+00 -1.788471e+01
      vertex   -4.655270e+00 2.000000e+00 -1.598157e+01
      vertex   -5.292341e+00 2.000000e+00 -1.792627e+01
    endloop
  endfacet
  facet normal -3.940999e-15 1.000000e+00 1.291047e-15
    outer loop
      vertex   -5.292341e+00 2.000000e+00 -1.792627e+01
      vertex   -4.655270e+00 2.000000e+00 -1.598157e+01
      vertex   -5.194412e+00 2.000000e+00 -1.797131e+01
    endloop
  endfacet
  facet normal 4.178107e-15 1.000000e+00 -9.089153e-16
    outer loop
      vertex   -5.194412e+00 2.000000e+00 -1.797131e+01
      vertex   -4.655270e+00 2.000000e+00 -1.598157e+01
      vertex   -5.099079e+00 2.000000e+00 -1.802167e+01
    endloop
  endfacet
  facet normal -0.000000e+00 1.000000e+00 0.000000e+00
    outer loop
      vertex   -5.099079e+00 2.000000e+00 -1.802167e+01
      vertex   -4.655270e+00 2.000000e+00 -1.598157e+01
      vertex   -5.005202e+00 2.000000e+00 -1.807502e+01
    endloop
  endfacet
  facet normal -0.000000e+00 1.000000e+00 0.000000e+00
    outer loop
      vertex   -5.005202e+00 2.000000e+00 -1.807502e+01
      vertex   -4.655270e+00 2.000000e+00 -1.598157e+01
      vertex   -4.912798e+00 2.000000e+00 -1.813174e+01
    endloop
  endfacet
  facet normal -0.000000e+00 1.000000e+00 0.000000e+00
    outer loop
      vertex   -4.912798e+00 2.000000e+00 -1.813174e+01
      vertex   -4.655270e+00 2.000000e+00 -1.598157e+01
      vertex   -4.822938e+00 2.000000e+00 -1.819193e+01
    endloop
  endfacet
  facet normal -0.000000e+00 1.000000e+00 0.000000e+00
    outer loop
      vertex   -4.822938e+00 2.000000e+00 -1.819193e+01
      vertex   -4.655270e+00 2.000000e+00 -1.598157e+01
      vertex   -4.737617e+00 2.000000e+00 -1.825832e+01
    endloop
  endfacet
  facet normal -0.000000e+00 1.000000e+00 0.000000e+00
    outer loop
      vertex   -4.737617e+00 2.000000e+00 -1.825832e+01
      vertex   -4.655270e+00 2.000000e+00 -1.598157e+01
      vertex   -4.655270e+00 2.000000e+00 -1.832877e+01
    endloop
  endfacet
  facet normal 0.000000e+00 1.000000e+00 -0.000000e+00
    outer loop
      vertex   -6.038626e+00 2.000000e+00 -1.686766e+01
      vertex   -6.061232e+00 2.000000e+00 -1.667986e+01
      vertex   -4.655270e+00 2.000000e+00 -1.598157e+01
    endloop
  endfacet
  facet normal 0.000000e+00 1.000000e+00 0.000000e+00
    outer loop
      vertex   -4.655270e+00 2.000000e+00 -1.598157e+01
      vertex   -6.061232e+00 2.000000e+00 -1.667986e+01
      vertex   -6.110626e+00 2.000000e+00 -1.650355e+01
    endloop
  endfacet
  facet normal 0.000000e+00 1.000000e+00 0.000000e+00
    outer loop
      vertex   -4.655270e+00 2.000000e+00 -1.598157e+01
      vertex   -6.110626e+00 2.000000e+00 -1.650355e+01
      vertex   -6.204549e+00 2.000000e+00 -1.634633e+01
    endloop
  endfacet
  facet normal 0.000000e+00 1.000000e+00 -0.000000e+00
    outer loop
      vertex   -6.204549e+00 2.000000e+00 -1.634633e+01
      vertex   -6.325120e+00 2.000000e+00 -1.620053e+01
      vertex   -4.655270e+00 2.000000e+00 -1.598157e+01
    endloop
  endfacet
  facet normal 0.000000e+00 1.000000e+00 0.000000e+00
    outer loop
      vertex   -4.655270e+00 2.000000e+00 -1.598157e+01
      vertex   -6.325120e+00 2.000000e+00 -1.620053e+01
      vertex   -6.487160e+00 2.000000e+00 -1.608261e+01
    endloop
  endfacet
  facet normal 0.000000e+00 1.000000e+00 0.000000e+00
    outer loop
      vertex   -4.655270e+00 2.000000e+00 -1.598157e+01
      vertex   -6.487160e+00 2.000000e+00 -1.608261e+01
      vertex   -6.659823e+00 2.000000e+00 -1.599248e+01
    endloop
  endfacet
  facet normal -7.090994e-16 1.000000e+00 0.000000e+00
    outer loop
      vertex   -2.717344e+00 2.000000e+00 -1.598157e+01
      vertex   -2.091071e+00 2.000000e+00 -1.643437e+01
      vertex   -2.717344e+00 2.000000e+00 -1.640108e+01
    endloop
  endfacet
  facet normal -8.403478e-16 1.000000e+00 -2.469098e-15
    outer loop
      vertex   -2.717344e+00 2.000000e+00 -1.640108e+01
      vertex   -2.091071e+00 2.000000e+00 -1.643437e+01
      vertex   -2.145931e+00 2.000000e+00 -1.659556e+01
    endloop
  endfacet
  facet normal 0.000000e+00 1.000000e+00 0.000000e+00
    outer loop
      vertex   -2.717344e+00 2.000000e+00 -1.640108e+01
      vertex   -2.145931e+00 2.000000e+00 -1.659556e+01
      vertex   -2.179144e+00 2.000000e+00 -1.676738e+01
    endloop
  endfacet
  facet normal 0.000000e+00 1.000000e+00 0.000000e+00
    outer loop
      vertex   -2.717344e+00 2.000000e+00 -1.640108e+01
      vertex   -2.113660e+00 2.000000e+00 -1.739972e+01
      vertex   -3.136852e+00 2.000000e+00 -1.640108e+01
    endloop
  endfacet
  facet normal 0.000000e+00 1.000000e+00 0.000000e+00
    outer loop
      vertex   -3.136852e+00 2.000000e+00 -1.640108e+01
      vertex   -2.113660e+00 2.000000e+00 -1.739972e+01
      vertex   -4.286921e+00 2.000000e+00 -1.899385e+01
    endloop
  endfacet
  facet normal 0.000000e+00 1.000000e+00 0.000000e+00
    outer loop
      vertex   -3.136852e+00 2.000000e+00 -1.640108e+01
      vertex   -4.286921e+00 2.000000e+00 -1.899385e+01
      vertex   -4.286921e+00 2.000000e+00 -1.598157e+01
    endloop
  endfacet
  facet normal 0.000000e+00 1.000000e+00 0.000000e+00
    outer loop
      vertex   -1.571931e+00 2.000000e+00 -1.598239e+01
      vertex   -1.732534e+00 2.000000e+00 -1.605869e+01
      vertex   -2.717344e+00 2.000000e+00 -1.598157e+01
    endloop
  endfacet
  facet normal 0.000000e+00 1.000000e+00 0.000000e+00
    outer loop
      vertex   -2.717344e+00 2.000000e+00 -1.598157e+01
      vertex   -1.732534e+00 2.000000e+00 -1.605869e+01
      vertex   -1.884465e+00 2.000000e+00 -1.615961e+01
    endloop
  endfacet
  facet normal 0.000000e+00 1.000000e+00 0.000000e+00
    outer loop
      vertex   -2.717344e+00 2.000000e+00 -1.598157e+01
      vertex   -1.884465e+00 2.000000e+00 -1.615961e+01
      vertex   -1.999194e+00 2.000000e+00 -1.629137e+01
    endloop
  endfacet
  facet normal 1.048973e-15 1.000000e+00 2.431611e-15
    outer loop
      vertex   -1.999194e+00 2.000000e+00 -1.629137e+01
      vertex   -2.091071e+00 2.000000e+00 -1.643437e+01
      vertex   -2.717344e+00 2.000000e+00 -1.598157e+01
    endloop
  endfacet
  facet normal 0.000000e+00 1.000000e+00 0.000000e+00
    outer loop
      vertex   -2.717344e+00 2.000000e+00 -1.640108e+01
      vertex   -2.179144e+00 2.000000e+00 -1.676738e+01
      vertex   -2.113660e+00 2.000000e+00 -1.739972e+01
    endloop
  endfacet
  facet normal 0.000000e+00 1.000000e+00 -0.000000e+00
    outer loop
      vertex   -2.113660e+00 2.000000e+00 -1.739972e+01
      vertex   -2.179144e+00 2.000000e+00 -1.676738e+01
      vertex   -1.792377e+00 2.000000e+00 -1.680012e+01
    endloop
  endfacet
  facet normal 0.000000e+00 1.000000e+00 0.000000e+00
    outer loop
      vertex   -2.113660e+00 2.000000e+00 -1.739972e+01
      vertex   -1.792377e+00 2.000000e+00 -1.680012e+01
      vertex   -1.767821e+00 2.000000e+00 -1.735469e+01
    endloop
  endfacet
  facet normal -0.000000e+00 1.000000e+00 -0.000000e+00
    outer loop
      vertex   -1.767821e+00 2.000000e+00 -1.735469e+01
      vertex   -1.792377e+00 2.000000e+00 -1.680012e+01
      vertex   -1.720704e+00 2.000000e+00 -1.741671e+01
    endloop
  endfacet
  facet normal -0.000000e+00 1.000000e+00 -0.000000e+00
    outer loop
      vertex   -1.720704e+00 2.000000e+00 -1.741671e+01
      vertex   -1.792377e+00 2.000000e+00 -1.680012e+01
      vertex   -1.668523e+00 2.000000e+00 -1.747329e+01
    endloop
  endfacet
  facet normal -0.000000e+00 1.000000e+00 -0.000000e+00
    outer loop
      vertex   -1.668523e+00 2.000000e+00 -1.747329e+01
      vertex   -1.792377e+00 2.000000e+00 -1.680012e+01
      vertex   -1.608061e+00 2.000000e+00 -1.752097e+01
    endloop
  endfacet
  facet normal -0.000000e+00 1.000000e+00 -0.000000e+00
    outer loop
      vertex   -1.608061e+00 2.000000e+00 -1.752097e+01
      vertex   -1.792377e+00 2.000000e+00 -1.680012e+01
      vertex   -1.542719e+00 2.000000e+00 -1.756343e+01
    endloop
  endfacet
  facet normal -0.000000e+00 1.000000e+00 -0.000000e+00
    outer loop
      vertex   -1.542719e+00 2.000000e+00 -1.756343e+01
      vertex   -1.792377e+00 2.000000e+00 -1.680012e+01
      vertex   -1.466189e+00 2.000000e+00 -1.759861e+01
    endloop
  endfacet
  facet normal -0.000000e+00 1.000000e+00 -0.000000e+00
    outer loop
      vertex   -1.466189e+00 2.000000e+00 -1.759861e+01
      vertex   -1.792377e+00 2.000000e+00 -1.680012e+01
      vertex   -1.387561e+00 2.000000e+00 -1.762564e+01
    endloop
  endfacet
  facet normal -0.000000e+00 1.000000e+00 -0.000000e+00
    outer loop
      vertex   -1.387561e+00 2.000000e+00 -1.762564e+01
      vertex   -1.792377e+00 2.000000e+00 -1.680012e+01
      vertex   -1.305507e+00 2.000000e+00 -1.763937e+01
    endloop
  endfacet
  facet normal -0.000000e+00 1.000000e+00 -0.000000e+00
    outer loop
      vertex   -1.305507e+00 2.000000e+00 -1.763937e+01
      vertex   -1.792377e+00 2.000000e+00 -1.680012e+01
      vertex   -1.221436e+00 2.000000e+00 -1.764528e+01
    endloop
  endfacet
  facet normal 0.000000e+00 1.000000e+00 -0.000000e+00
    outer loop
      vertex   -1.221436e+00 2.000000e+00 -1.764528e+01
      vertex   -1.792377e+00 2.000000e+00 -1.680012e+01
      vertex   -1.092459e+00 2.000000e+00 -1.763295e+01
    endloop
  endfacet
  facet normal 0.000000e+00 1.000000e+00 -0.000000e+00
    outer loop
      vertex   -1.092459e+00 2.000000e+00 -1.763295e+01
      vertex   -1.792377e+00 2.000000e+00 -1.680012e+01
      vertex   -9.705912e-01 2.000000e+00 -1.760294e+01
    endloop
  endfacet
  facet normal 0.000000e+00 1.000000e+00 -0.000000e+00
    outer loop
      vertex   -9.705912e-01 2.000000e+00 -1.760294e+01
      vertex   -1.792377e+00 2.000000e+00 -1.680012e+01
      vertex   -8.609624e-01 2.000000e+00 -1.754252e+01
    endloop
  endfacet
  facet normal 0.000000e+00 1.000000e+00 -0.000000e+00
    outer loop
      vertex   -8.609624e-01 2.000000e+00 -1.754252e+01
      vertex   -1.792377e+00 2.000000e+00 -1.680012e+01
      vertex   -7.589532e-01 2.000000e+00 -1.746315e+01
    endloop
  endfacet
  facet normal 0.000000e+00 1.000000e+00 -0.000000e+00
    outer loop
      vertex   -7.589532e-01 2.000000e+00 -1.746315e+01
      vertex   -1.792377e+00 2.000000e+00 -1.680012e+01
      vertex   -6.795485e-01 2.000000e+00 -1.735180e+01
    endloop
  endfacet
  facet normal 7.425433e-16 1.000000e+00 1.497837e-15
    outer loop
      vertex   -6.795485e-01 2.000000e+00 -1.735180e+01
      vertex   -1.792377e+00 2.000000e+00 -1.680012e+01
      vertex   -6.200524e-01 2.000000e+00 -1.723305e+01
    endloop
  endfacet
  facet normal -4.071239e-16 1.000000e+00 -1.615336e-15
    outer loop
      vertex   -6.200524e-01 2.000000e+00 -1.723305e+01
      vertex   -1.792377e+00 2.000000e+00 -1.680012e+01
      vertex   -5.916411e-01 2.000000e+00 -1.710275e+01
    endloop
  endfacet
  facet normal 0.000000e+00 1.000000e+00 -0.000000e+00
    outer loop
      vertex   -5.916411e-01 2.000000e+00 -1.710275e+01
      vertex   -1.792377e+00 2.000000e+00 -1.680012e+01
      vertex   -5.809177e-01 2.000000e+00 -1.696588e+01
    endloop
  endfacet
  facet normal 0.000000e+00 1.000000e+00 0.000000e+00
    outer loop
      vertex   -5.809177e-01 2.000000e+00 -1.696588e+01
      vertex   -1.792377e+00 2.000000e+00 -1.680012e+01
      vertex   -5.922901e-01 2.000000e+00 -1.682046e+01
    endloop
  endfacet
  facet normal -5.435835e-17 1.000000e+00 -3.208598e-15
    outer loop
      vertex   -5.922901e-01 2.000000e+00 -1.682046e+01
      vertex   -1.792377e+00 2.000000e+00 -1.680012e+01
      vertex   -6.218735e-01 2.000000e+00 -1.668155e+01
    endloop
  endfacet
  facet normal -6.981611e-16 1.000000e+00 3.146600e-15
    outer loop
      vertex   -6.218735e-01 2.000000e+00 -1.668155e+01
      vertex   -1.792377e+00 2.000000e+00 -1.680012e+01
      vertex   -6.833343e-01 2.000000e+00 -1.655405e+01
    endloop
  endfacet
  facet normal 0.000000e+00 1.000000e+00 0.000000e+00
    outer loop
      vertex   -6.833343e-01 2.000000e+00 -1.655405e+01
      vertex   -1.792377e+00 2.000000e+00 -1.680012e+01
      vertex   -1.767236e+00 2.000000e+00 -1.668187e+01
    endloop
  endfacet
  facet normal -2.431678e-16 1.000000e+00 2.062004e-15
    outer loop
      vertex   -6.833343e-01 2.000000e+00 -1.655405e+01
      vertex   -1.767236e+00 2.000000e+00 -1.668187e+01
      vertex   -1.729456e+00 2.000000e+00 -1.656974e+01
    endloop
  endfacet
  facet normal -1.809862e-16 1.000000e+00 -2.085746e-15
    outer loop
      vertex   -1.729456e+00 2.000000e+00 -1.656974e+01
      vertex   -1.669094e+00 2.000000e+00 -1.646852e+01
      vertex   -6.833343e-01 2.000000e+00 -1.655405e+01
    endloop
  endfacet
  facet normal 0.000000e+00 1.000000e+00 0.000000e+00
    outer loop
      vertex   -6.833343e-01 2.000000e+00 -1.655405e+01
      vertex   -1.669094e+00 2.000000e+00 -1.646852e+01
      vertex   -7.650925e-01 2.000000e+00 -1.643382e+01
    endloop
  endfacet
  facet normal 0.000000e+00 1.000000e+00 0.000000e+00
    outer loop
      vertex   -7.650925e-01 2.000000e+00 -1.643382e+01
      vertex   -1.669094e+00 2.000000e+00 -1.646852e+01
      vertex   -8.625782e-01 2.000000e+00 -1.634973e+01
    endloop
  endfacet
  facet normal 0.000000e+00 1.000000e+00 0.000000e+00
    outer loop
      vertex   -8.625782e-01 2.000000e+00 -1.634973e+01
      vertex   -1.669094e+00 2.000000e+00 -1.646852e+01
      vertex   -9.682422e-01 2.000000e+00 -1.628407e+01
    endloop
  endfacet
  facet normal 0.000000e+00 1.000000e+00 0.000000e+00
    outer loop
      vertex   -9.682422e-01 2.000000e+00 -1.628407e+01
      vertex   -1.669094e+00 2.000000e+00 -1.646852e+01
      vertex   -1.087626e+00 2.000000e+00 -1.624934e+01
    endloop
  endfacet
  facet normal 0.000000e+00 1.000000e+00 0.000000e+00
    outer loop
      vertex   -1.087626e+00 2.000000e+00 -1.624934e+01
      vertex   -1.669094e+00 2.000000e+00 -1.646852e+01
      vertex   -1.215297e+00 2.000000e+00 -1.623328e+01
    endloop
  endfacet
  facet normal 0.000000e+00 1.000000e+00 0.000000e+00
    outer loop
      vertex   -1.215297e+00 2.000000e+00 -1.623328e+01
      vertex   -1.669094e+00 2.000000e+00 -1.646852e+01
      vertex   -1.319248e+00 2.000000e+00 -1.624380e+01
    endloop
  endfacet
  facet normal 0.000000e+00 1.000000e+00 0.000000e+00
    outer loop
      vertex   -1.319248e+00 2.000000e+00 -1.624380e+01
      vertex   -1.669094e+00 2.000000e+00 -1.646852e+01
      vertex   -1.418167e+00 2.000000e+00 -1.626772e+01
    endloop
  endfacet
  facet normal 0.000000e+00 1.000000e+00 0.000000e+00
    outer loop
      vertex   -1.418167e+00 2.000000e+00 -1.626772e+01
      vertex   -1.669094e+00 2.000000e+00 -1.646852e+01
      vertex   -1.508600e+00 2.000000e+00 -1.631424e+01
    endloop
  endfacet
  facet normal 0.000000e+00 1.000000e+00 0.000000e+00
    outer loop
      vertex   -1.508600e+00 2.000000e+00 -1.631424e+01
      vertex   -1.669094e+00 2.000000e+00 -1.646852e+01
      vertex   -1.593878e+00 2.000000e+00 -1.637448e+01
    endloop
  endfacet
  facet normal 0.000000e+00 1.000000e+00 0.000000e+00
    outer loop
      vertex   -2.113660e+00 2.000000e+00 -1.739972e+01
      vertex   -1.823073e+00 2.000000e+00 -1.894064e+01
      vertex   -4.286921e+00 2.000000e+00 -1.899385e+01
    endloop
  endfacet
  facet normal -0.000000e+00 1.000000e+00 0.000000e+00
    outer loop
      vertex   -4.286921e+00 2.000000e+00 -1.899385e+01
      vertex   -1.823073e+00 2.000000e+00 -1.894064e+01
      vertex   -2.150037e+01 2.000000e+00 -2.150000e+01
    endloop
  endfacet
  facet normal 0.000000e+00 1.000000e+00 0.000000e+00
    outer loop
      vertex   -4.286921e+00 2.000000e+00 -1.899385e+01
      vertex   -2.150037e+01 2.000000e+00 -2.150000e+01
      vertex   -4.524301e+00 2.000000e+00 -1.899385e+01
    endloop
  endfacet
  facet normal -0.000000e+00 1.000000e+00 0.000000e+00
    outer loop
      vertex   -1.823073e+00 2.000000e+00 -1.894064e+01
      vertex   -3.312589e-01 2.000000e+00 -1.894064e+01
      vertex   -2.150037e+01 2.000000e+00 -2.150000e+01
    endloop
  endfacet
  facet normal -0.000000e+00 1.000000e+00 0.000000e+00
    outer loop
      vertex   -3.312589e-01 2.000000e+00 -1.858866e+01
      vertex   1.418400e+00 2.000000e+00 -1.815483e+01
      vertex   -3.312589e-01 2.000000e+00 -1.894064e+01
    endloop
  endfacet
  facet normal 0.000000e+00 1.000000e+00 0.000000e+00
    outer loop
      vertex   -3.312589e-01 2.000000e+00 -1.894064e+01
      vertex   1.418400e+00 2.000000e+00 -1.815483e+01
      vertex   1.747867e+00 2.000000e+00 -1.815483e+01
    endloop
  endfacet
  facet normal 0.000000e+00 1.000000e+00 0.000000e+00
    outer loop
      vertex   -3.312589e-01 2.000000e+00 -1.894064e+01
      vertex   1.747867e+00 2.000000e+00 -1.815483e+01
      vertex   2.305562e+00 2.000000e+00 -1.819704e+01
    endloop
  endfacet
  facet normal 0.000000e+00 1.000000e+00 0.000000e+00
    outer loop
      vertex   2.305562e+00 2.000000e+00 -1.819704e+01
      vertex   1.747867e+00 2.000000e+00 -1.815483e+01
      vertex   2.206755e+00 2.000000e+00 -1.818069e+01
    endloop
  endfacet
  facet normal 0.000000e+00 1.000000e+00 0.000000e+00
    outer loop
      vertex   2.206755e+00 2.000000e+00 -1.818069e+01
      vertex   1.747867e+00 2.000000e+00 -1.815483e+01
      vertex   2.112112e+00 2.000000e+00 -1.814819e+01
    endloop
  endfacet
  facet normal 0.000000e+00 1.000000e+00 0.000000e+00
    outer loop
      vertex   2.112112e+00 2.000000e+00 -1.814819e+01
      vertex   1.747867e+00 2.000000e+00 -1.815483e+01
      vertex   2.020038e+00 2.000000e+00 -1.810572e+01
    endloop
  endfacet
  facet normal 0.000000e+00 1.000000e+00 0.000000e+00
    outer loop
      vertex   2.020038e+00 2.000000e+00 -1.810572e+01
      vertex   1.747867e+00 2.000000e+00 -1.815483e+01
      vertex   1.941121e+00 2.000000e+00 -1.805332e+01
    endloop
  endfacet
  facet normal 0.000000e+00 1.000000e+00 0.000000e+00
    outer loop
      vertex   1.941121e+00 2.000000e+00 -1.805332e+01
      vertex   1.747867e+00 2.000000e+00 -1.815483e+01
      vertex   1.868103e+00 2.000000e+00 -1.799465e+01
    endloop
  endfacet
  facet normal 0.000000e+00 1.000000e+00 0.000000e+00
    outer loop
      vertex   1.868103e+00 2.000000e+00 -1.799465e+01
      vertex   1.747867e+00 2.000000e+00 -1.815483e+01
      vertex   1.804991e+00 2.000000e+00 -1.792547e+01
    endloop
  endfacet
  facet normal 0.000000e+00 1.000000e+00 0.000000e+00
    outer loop
      vertex   1.804991e+00 2.000000e+00 -1.792547e+01
      vertex   1.747867e+00 2.000000e+00 -1.815483e+01
      vertex   1.747867e+00 2.000000e+00 -1.784992e+01
    endloop
  endfacet
  facet normal 0.000000e+00 1.000000e+00 0.000000e+00
    outer loop
      vertex   -1.528394e+00 2.000000e+00 -1.858866e+01
      vertex   -9.379441e-01 2.000000e+00 -1.794995e+01
      vertex   -3.312589e-01 2.000000e+00 -1.858866e+01
    endloop
  endfacet
  facet normal 0.000000e+00 1.000000e+00 0.000000e+00
    outer loop
      vertex   -3.312589e-01 2.000000e+00 -1.858866e+01
      vertex   -9.379441e-01 2.000000e+00 -1.794995e+01
      vertex   -7.632670e-01 2.000000e+00 -1.790355e+01
    endloop
  endfacet
  facet normal 0.000000e+00 1.000000e+00 0.000000e+00
    outer loop
      vertex   -3.312589e-01 2.000000e+00 -1.858866e+01
      vertex   -7.632670e-01 2.000000e+00 -1.790355e+01
      vertex   -6.063570e-01 2.000000e+00 -1.781404e+01
    endloop
  endfacet
  facet normal 0.000000e+00 1.000000e+00 0.000000e+00
    outer loop
      vertex   -1.690058e+00 2.000000e+00 -1.778239e+01
      vertex   -1.558278e+00 2.000000e+00 -1.785980e+01
      vertex   -1.528394e+00 2.000000e+00 -1.858866e+01
    endloop
  endfacet
  facet normal 0.000000e+00 1.000000e+00 -0.000000e+00
    outer loop
      vertex   -1.528394e+00 2.000000e+00 -1.858866e+01
      vertex   -1.558278e+00 2.000000e+00 -1.785980e+01
      vertex   -1.421186e+00 2.000000e+00 -1.792098e+01
    endloop
  endfacet
  facet normal 0.000000e+00 1.000000e+00 0.000000e+00
    outer loop
      vertex   -1.528394e+00 2.000000e+00 -1.858866e+01
      vertex   -1.421186e+00 2.000000e+00 -1.792098e+01
      vertex   -1.275005e+00 2.000000e+00 -1.795440e+01
    endloop
  endfacet
  facet normal 0.000000e+00 1.000000e+00 0.000000e+00
    outer loop
      vertex   -1.275005e+00 2.000000e+00 -1.795440e+01
      vertex   -1.123210e+00 2.000000e+00 -1.797066e+01
      vertex   -1.528394e+00 2.000000e+00 -1.858866e+01
    endloop
  endfacet
  facet normal 0.000000e+00 1.000000e+00 0.000000e+00
    outer loop
      vertex   -1.528394e+00 2.000000e+00 -1.858866e+01
      vertex   -1.123210e+00 2.000000e+00 -1.797066e+01
      vertex   -9.379441e-01 2.000000e+00 -1.794995e+01
    endloop
  endfacet
  facet normal -0.000000e+00 1.000000e+00 0.000000e+00
    outer loop
      vertex   -6.063570e-01 2.000000e+00 -1.781404e+01
      vertex   -4.601813e-01 2.000000e+00 -1.769849e+01
      vertex   -3.312589e-01 2.000000e+00 -1.858866e+01
    endloop
  endfacet
  facet normal 0.000000e+00 1.000000e+00 0.000000e+00
    outer loop
      vertex   -3.312589e-01 2.000000e+00 -1.858866e+01
      vertex   -4.601813e-01 2.000000e+00 -1.769849e+01
      vertex   -3.429300e-01 2.000000e+00 -1.754307e+01
    endloop
  endfacet
  facet normal 0.000000e+00 1.000000e+00 -0.000000e+00
    outer loop
      vertex   -3.312589e-01 2.000000e+00 -1.858866e+01
      vertex   -3.429300e-01 2.000000e+00 -1.754307e+01
      vertex   1.418400e+00 2.000000e+00 -1.815483e+01
    endloop
  endfacet
  facet normal 3.906648e-16 1.000000e+00 1.124772e-15
    outer loop
      vertex   1.418400e+00 2.000000e+00 -1.815483e+01
      vertex   -3.429300e-01 2.000000e+00 -1.754307e+01
      vertex   -2.534236e-01 2.000000e+00 -1.737675e+01
    endloop
  endfacet
  facet normal -6.240352e-16 1.000000e+00 -1.055454e-15
    outer loop
      vertex   1.418400e+00 2.000000e+00 -1.815483e+01
      vertex   -2.534236e-01 2.000000e+00 -1.737675e+01
      vertex   -2.086910e-01 2.000000e+00 -1.719282e+01
    endloop
  endfacet
  facet normal -0.000000e+00 1.000000e+00 0.000000e+00
    outer loop
      vertex   -2.086910e-01 2.000000e+00 -1.719282e+01
      vertex   -1.900584e-01 2.000000e+00 -1.699862e+01
      vertex   1.418400e+00 2.000000e+00 -1.815483e+01
    endloop
  endfacet
  facet normal 0.000000e+00 1.000000e+00 -0.000000e+00
    outer loop
      vertex   1.418400e+00 2.000000e+00 -1.815483e+01
      vertex   -1.900584e-01 2.000000e+00 -1.699862e+01
      vertex   1.418400e+00 2.000000e+00 -1.598157e+01
    endloop
  endfacet
  facet normal 0.000000e+00 1.000000e+00 0.000000e+00
    outer loop
      vertex   1.418400e+00 2.000000e+00 -1.598157e+01
      vertex   -1.900584e-01 2.000000e+00 -1.699862e+01
      vertex   -2.072697e-01 2.000000e+00 -1.680827e+01
    endloop
  endfacet
  facet normal 0.000000e+00 1.000000e+00 0.000000e+00
    outer loop
      vertex   1.418400e+00 2.000000e+00 -1.598157e+01
      vertex   -2.072697e-01 2.000000e+00 -1.680827e+01
      vertex   -2.471552e-01 2.000000e+00 -1.662565e+01
    endloop
  endfacet
  facet normal 0.000000e+00 1.000000e+00 -0.000000e+00
    outer loop
      vertex   -2.471552e-01 2.000000e+00 -1.662565e+01
      vertex   -3.255245e-01 2.000000e+00 -1.645615e+01
      vertex   1.418400e+00 2.000000e+00 -1.598157e+01
    endloop
  endfacet
  facet normal 0.000000e+00 1.000000e+00 0.000000e+00
    outer loop
      vertex   1.418400e+00 2.000000e+00 -1.598157e+01
      vertex   -3.255245e-01 2.000000e+00 -1.645615e+01
      vertex   -4.274387e-01 2.000000e+00 -1.629467e+01
    endloop
  endfacet
  facet normal 0.000000e+00 1.000000e+00 0.000000e+00
    outer loop
      vertex   1.418400e+00 2.000000e+00 -1.598157e+01
      vertex   -4.274387e-01 2.000000e+00 -1.629467e+01
      vertex   -5.936582e-01 2.000000e+00 -1.613798e+01
    endloop
  endfacet
  facet normal 0.000000e+00 1.000000e+00 -0.000000e+00
    outer loop
      vertex   -5.936582e-01 2.000000e+00 -1.613798e+01
      vertex   -6.820905e-01 2.000000e+00 -1.607099e+01
      vertex   1.418400e+00 2.000000e+00 -1.598157e+01
    endloop
  endfacet
  facet normal 0.000000e+00 1.000000e+00 0.000000e+00
    outer loop
      vertex   1.418400e+00 2.000000e+00 -1.598157e+01
      vertex   -6.820905e-01 2.000000e+00 -1.607099e+01
      vertex   -7.769094e-01 2.000000e+00 -1.601764e+01
    endloop
  endfacet
  facet normal -0.000000e+00 1.000000e+00 0.000000e+00
    outer loop
      vertex   1.786749e+00 2.000000e+00 -1.598157e+01
      vertex   2.709669e+00 2.000000e+00 -1.598157e+01
      vertex   1.786749e+00 2.000000e+00 -1.710913e+01
    endloop
  endfacet
  facet normal -0.000000e+00 1.000000e+00 0.000000e+00
    outer loop
      vertex   1.786749e+00 2.000000e+00 -1.710913e+01
      vertex   2.709669e+00 2.000000e+00 -1.598157e+01
      vertex   2.709669e+00 2.000000e+00 -1.739358e+01
    endloop
  endfacet
  facet normal 0.000000e+00 1.000000e+00 0.000000e+00
    outer loop
      vertex   1.786749e+00 2.000000e+00 -1.710913e+01
      vertex   2.709669e+00 2.000000e+00 -1.739358e+01
      vertex   1.788774e+00 2.000000e+00 -1.722453e+01
    endloop
  endfacet
  facet normal 0.000000e+00 1.000000e+00 0.000000e+00
    outer loop
      vertex   1.788774e+00 2.000000e+00 -1.722453e+01
      vertex   2.709669e+00 2.000000e+00 -1.739358e+01
      vertex   1.797179e+00 2.000000e+00 -1.733903e+01
    endloop
  endfacet
  facet normal 0.000000e+00 1.000000e+00 0.000000e+00
    outer loop
      vertex   1.797179e+00 2.000000e+00 -1.733903e+01
      vertex   2.709669e+00 2.000000e+00 -1.739358e+01
      vertex   1.817426e+00 2.000000e+00 -1.745183e+01
    endloop
  endfacet
  facet normal -0.000000e+00 1.000000e+00 0.000000e+00
    outer loop
      vertex   1.817426e+00 2.000000e+00 -1.745183e+01
      vertex   2.709669e+00 2.000000e+00 -1.739358e+01
      vertex   1.846095e+00 2.000000e+00 -1.756343e+01
    endloop
  endfacet
  facet normal -0.000000e+00 1.000000e+00 0.000000e+00
    outer loop
      vertex   1.846095e+00 2.000000e+00 -1.756343e+01
      vertex   2.709669e+00 2.000000e+00 -1.739358e+01
      vertex   1.879915e+00 2.000000e+00 -1.763431e+01
    endloop
  endfacet
  facet normal 0.000000e+00 1.000000e+00 0.000000e+00
    outer loop
      vertex   1.879915e+00 2.000000e+00 -1.763431e+01
      vertex   2.709669e+00 2.000000e+00 -1.739358e+01
      vertex   2.706147e+00 2.000000e+00 -1.749070e+01
    endloop
  endfacet
  facet normal -0.000000e+00 1.000000e+00 0.000000e+00
    outer loop
      vertex   1.879915e+00 2.000000e+00 -1.763431e+01
      vertex   2.706147e+00 2.000000e+00 -1.749070e+01
      vertex   1.921116e+00 2.000000e+00 -1.769927e+01
    endloop
  endfacet
  facet normal -0.000000e+00 1.000000e+00 0.000000e+00
    outer loop
      vertex   1.921116e+00 2.000000e+00 -1.769927e+01
      vertex   2.706147e+00 2.000000e+00 -1.749070e+01
      vertex   1.974896e+00 2.000000e+00 -1.775416e+01
    endloop
  endfacet
  facet normal -0.000000e+00 1.000000e+00 0.000000e+00
    outer loop
      vertex   1.974896e+00 2.000000e+00 -1.775416e+01
      vertex   2.706147e+00 2.000000e+00 -1.749070e+01
      vertex   2.036409e+00 2.000000e+00 -1.780285e+01
    endloop
  endfacet
  facet normal -0.000000e+00 1.000000e+00 0.000000e+00
    outer loop
      vertex   2.036409e+00 2.000000e+00 -1.780285e+01
      vertex   2.706147e+00 2.000000e+00 -1.749070e+01
      vertex   2.104565e+00 2.000000e+00 -1.783735e+01
    endloop
  endfacet
  facet normal -0.000000e+00 1.000000e+00 0.000000e+00
    outer loop
      vertex   2.104565e+00 2.000000e+00 -1.783735e+01
      vertex   2.706147e+00 2.000000e+00 -1.749070e+01
      vertex   2.174890e+00 2.000000e+00 -1.786420e+01
    endloop
  endfacet
  facet normal -0.000000e+00 1.000000e+00 0.000000e+00
    outer loop
      vertex   2.174890e+00 2.000000e+00 -1.786420e+01
      vertex   2.706147e+00 2.000000e+00 -1.749070e+01
      vertex   2.248833e+00 2.000000e+00 -1.787829e+01
    endloop
  endfacet
  facet normal -4.506031e-15 1.000000e+00 5.316724e-15
    outer loop
      vertex   2.248833e+00 2.000000e+00 -1.787829e+01
      vertex   2.706147e+00 2.000000e+00 -1.749070e+01
      vertex   2.693087e+00 2.000000e+00 -1.758530e+01
    endloop
  endfacet
  facet normal -1.133807e-16 1.000000e+00 -1.343810e-15
    outer loop
      vertex   2.248833e+00 2.000000e+00 -1.787829e+01
      vertex   2.693087e+00 2.000000e+00 -1.758530e+01
      vertex   2.324949e+00 2.000000e+00 -1.788471e+01
    endloop
  endfacet
  facet normal 1.231813e-16 1.000000e+00 -1.634673e-15
    outer loop
      vertex   2.324949e+00 2.000000e+00 -1.788471e+01
      vertex   2.693087e+00 2.000000e+00 -1.758530e+01
      vertex   2.409377e+00 2.000000e+00 -1.787835e+01
    endloop
  endfacet
  facet normal 5.451918e-15 1.000000e+00 -6.793622e-15
    outer loop
      vertex   2.409377e+00 2.000000e+00 -1.787835e+01
      vertex   2.693087e+00 2.000000e+00 -1.758530e+01
      vertex   2.662473e+00 2.000000e+00 -1.767524e+01
    endloop
  endfacet
  facet normal 0.000000e+00 1.000000e+00 0.000000e+00
    outer loop
      vertex   2.409377e+00 2.000000e+00 -1.787835e+01
      vertex   2.662473e+00 2.000000e+00 -1.767524e+01
      vertex   2.557235e+00 2.000000e+00 -1.781813e+01
    endloop
  endfacet
  facet normal 0.000000e+00 1.000000e+00 0.000000e+00
    outer loop
      vertex   2.557235e+00 2.000000e+00 -1.781813e+01
      vertex   2.662473e+00 2.000000e+00 -1.767524e+01
      vertex   2.619628e+00 2.000000e+00 -1.776193e+01
    endloop
  endfacet
  facet normal 0.000000e+00 1.000000e+00 0.000000e+00
    outer loop
      vertex   2.305562e+00 2.000000e+00 -1.819704e+01
      vertex   2.406804e+00 2.000000e+00 -1.820394e+01
      vertex   -3.312589e-01 2.000000e+00 -1.894064e+01
    endloop
  endfacet
  facet normal 0.000000e+00 1.000000e+00 0.000000e+00
    outer loop
      vertex   -3.312589e-01 2.000000e+00 -1.894064e+01
      vertex   2.406804e+00 2.000000e+00 -1.820394e+01
      vertex   2.510701e+00 2.000000e+00 -1.819832e+01
    endloop
  endfacet
  facet normal 0.000000e+00 1.000000e+00 0.000000e+00
    outer loop
      vertex   -3.312589e-01 2.000000e+00 -1.894064e+01
      vertex   2.510701e+00 2.000000e+00 -1.819832e+01
      vertex   3.691934e+00 2.000000e+00 -1.820394e+01
    endloop
  endfacet
  facet normal 0.000000e+00 1.000000e+00 0.000000e+00
    outer loop
      vertex   3.691934e+00 2.000000e+00 -1.820394e+01
      vertex   2.510701e+00 2.000000e+00 -1.819832e+01
      vertex   2.611920e+00 2.000000e+00 -1.818261e+01
    endloop
  endfacet
  facet normal 0.000000e+00 1.000000e+00 0.000000e+00
    outer loop
      vertex   3.691934e+00 2.000000e+00 -1.820394e+01
      vertex   2.611920e+00 2.000000e+00 -1.818261e+01
      vertex   3.489740e+00 2.000000e+00 -1.817064e+01
    endloop
  endfacet
  facet normal 0.000000e+00 1.000000e+00 0.000000e+00
    outer loop
      vertex   3.489740e+00 2.000000e+00 -1.817064e+01
      vertex   2.611920e+00 2.000000e+00 -1.818261e+01
      vertex   3.394647e+00 2.000000e+00 -1.814319e+01
    endloop
  endfacet
  facet normal 0.000000e+00 1.000000e+00 0.000000e+00
    outer loop
      vertex   3.394647e+00 2.000000e+00 -1.814319e+01
      vertex   2.611920e+00 2.000000e+00 -1.818261e+01
      vertex   2.708386e+00 2.000000e+00 -1.814897e+01
    endloop
  endfacet
  facet normal 0.000000e+00 1.000000e+00 0.000000e+00
    outer loop
      vertex   3.394647e+00 2.000000e+00 -1.814319e+01
      vertex   2.708386e+00 2.000000e+00 -1.814897e+01
      vertex   3.306755e+00 2.000000e+00 -1.810279e+01
    endloop
  endfacet
  facet normal 0.000000e+00 1.000000e+00 0.000000e+00
    outer loop
      vertex   3.306755e+00 2.000000e+00 -1.810279e+01
      vertex   2.708386e+00 2.000000e+00 -1.814897e+01
      vertex   2.801756e+00 2.000000e+00 -1.810367e+01
    endloop
  endfacet
  facet normal 0.000000e+00 1.000000e+00 0.000000e+00
    outer loop
      vertex   3.306755e+00 2.000000e+00 -1.810279e+01
      vertex   2.801756e+00 2.000000e+00 -1.810367e+01
      vertex   3.227360e+00 2.000000e+00 -1.804710e+01
    endloop
  endfacet
  facet normal 0.000000e+00 1.000000e+00 0.000000e+00
    outer loop
      vertex   3.227360e+00 2.000000e+00 -1.804710e+01
      vertex   2.801756e+00 2.000000e+00 -1.810367e+01
      vertex   2.873003e+00 2.000000e+00 -1.804651e+01
    endloop
  endfacet
  facet normal 0.000000e+00 1.000000e+00 0.000000e+00
    outer loop
      vertex   3.227360e+00 2.000000e+00 -1.804710e+01
      vertex   2.873003e+00 2.000000e+00 -1.804651e+01
      vertex   2.935190e+00 2.000000e+00 -1.798226e+01
    endloop
  endfacet
  facet normal 0.000000e+00 1.000000e+00 0.000000e+00
    outer loop
      vertex   3.227360e+00 2.000000e+00 -1.804710e+01
      vertex   2.935190e+00 2.000000e+00 -1.798226e+01
      vertex   3.154724e+00 2.000000e+00 -1.797926e+01
    endloop
  endfacet
  facet normal 0.000000e+00 1.000000e+00 0.000000e+00
    outer loop
      vertex   3.154724e+00 2.000000e+00 -1.797926e+01
      vertex   2.935190e+00 2.000000e+00 -1.798226e+01
      vertex   2.982408e+00 2.000000e+00 -1.790628e+01
    endloop
  endfacet
  facet normal 0.000000e+00 1.000000e+00 0.000000e+00
    outer loop
      vertex   3.154724e+00 2.000000e+00 -1.797926e+01
      vertex   2.982408e+00 2.000000e+00 -1.790628e+01
      vertex   3.020720e+00 2.000000e+00 -1.782332e+01
    endloop
  endfacet
  facet normal 0.000000e+00 1.000000e+00 0.000000e+00
    outer loop
      vertex   3.829471e+00 2.000000e+00 -1.819379e+01
      vertex   5.796695e+00 2.000000e+00 -1.819704e+01
      vertex   3.691934e+00 2.000000e+00 -1.820394e+01
    endloop
  endfacet
  facet normal 0.000000e+00 1.000000e+00 0.000000e+00
    outer loop
      vertex   3.691934e+00 2.000000e+00 -1.820394e+01
      vertex   5.796695e+00 2.000000e+00 -1.819704e+01
      vertex   5.897937e+00 2.000000e+00 -1.820394e+01
    endloop
  endfacet
  facet normal -0.000000e+00 1.000000e+00 0.000000e+00
    outer loop
      vertex   3.691934e+00 2.000000e+00 -1.820394e+01
      vertex   5.897937e+00 2.000000e+00 -1.820394e+01
      vertex   -3.312589e-01 2.000000e+00 -1.894064e+01
    endloop
  endfacet
  facet normal 0.000000e+00 1.000000e+00 0.000000e+00
    outer loop
      vertex   -3.312589e-01 2.000000e+00 -1.894064e+01
      vertex   5.897937e+00 2.000000e+00 -1.820394e+01
      vertex   7.183067e+00 2.000000e+00 -1.820394e+01
    endloop
  endfacet
  facet normal 0.000000e+00 1.000000e+00 0.000000e+00
    outer loop
      vertex   5.796695e+00 2.000000e+00 -1.819704e+01
      vertex   3.829471e+00 2.000000e+00 -1.819379e+01
      vertex   4.909533e+00 2.000000e+00 -1.815483e+01
    endloop
  endfacet
  facet normal 0.000000e+00 1.000000e+00 0.000000e+00
    outer loop
      vertex   4.909533e+00 2.000000e+00 -1.815483e+01
      vertex   3.829471e+00 2.000000e+00 -1.819379e+01
      vertex   3.960144e+00 2.000000e+00 -1.816552e+01
    endloop
  endfacet
  facet normal 0.000000e+00 1.000000e+00 0.000000e+00
    outer loop
      vertex   4.909533e+00 2.000000e+00 -1.815483e+01
      vertex   3.960144e+00 2.000000e+00 -1.816552e+01
      vertex   4.078634e+00 2.000000e+00 -1.810513e+01
    endloop
  endfacet
  facet normal -0.000000e+00 1.000000e+00 0.000000e+00
    outer loop
      vertex   4.078634e+00 2.000000e+00 -1.810513e+01
      vertex   4.189206e+00 2.000000e+00 -1.802386e+01
      vertex   4.909533e+00 2.000000e+00 -1.815483e+01
    endloop
  endfacet
  facet normal 0.000000e+00 1.000000e+00 0.000000e+00
    outer loop
      vertex   4.909533e+00 2.000000e+00 -1.815483e+01
      vertex   4.189206e+00 2.000000e+00 -1.802386e+01
      vertex   4.270747e+00 2.000000e+00 -1.789919e+01
    endloop
  endfacet
  facet normal 0.000000e+00 1.000000e+00 0.000000e+00
    outer loop
      vertex   4.909533e+00 2.000000e+00 -1.815483e+01
      vertex   4.270747e+00 2.000000e+00 -1.789919e+01
      vertex   4.329673e+00 2.000000e+00 -1.776682e+01
    endloop
  endfacet
  facet normal -0.000000e+00 1.000000e+00 0.000000e+00
    outer loop
      vertex   4.329673e+00 2.000000e+00 -1.776682e+01
      vertex   4.355489e+00 2.000000e+00 -1.762319e+01
      vertex   4.909533e+00 2.000000e+00 -1.815483e+01
    endloop
  endfacet
  facet normal 0.000000e+00 1.000000e+00 0.000000e+00
    outer loop
      vertex   4.909533e+00 2.000000e+00 -1.815483e+01
      vertex   4.355489e+00 2.000000e+00 -1.762319e+01
      vertex   4.363148e+00 2.000000e+00 -1.747339e+01
    endloop
  endfacet
  facet normal 0.000000e+00 1.000000e+00 -0.000000e+00
    outer loop
      vertex   4.909533e+00 2.000000e+00 -1.815483e+01
      vertex   4.363148e+00 2.000000e+00 -1.747339e+01
      vertex   4.909533e+00 2.000000e+00 -1.598157e+01
    endloop
  endfacet
  facet normal 0.000000e+00 1.000000e+00 0.000000e+00
    outer loop
      vertex   4.909533e+00 2.000000e+00 -1.598157e+01
      vertex   4.363148e+00 2.000000e+00 -1.747339e+01
      vertex   4.363148e+00 2.000000e+00 -1.598157e+01
    endloop
  endfacet
  facet normal -0.000000e+00 1.000000e+00 0.000000e+00
    outer loop
      vertex   3.078018e+00 2.000000e+00 -1.598157e+01
      vertex   3.996845e+00 2.000000e+00 -1.598157e+01
      vertex   3.078018e+00 2.000000e+00 -1.724419e+01
    endloop
  endfacet
  facet normal -0.000000e+00 1.000000e+00 0.000000e+00
    outer loop
      vertex   3.078018e+00 2.000000e+00 -1.724419e+01
      vertex   3.996845e+00 2.000000e+00 -1.598157e+01
      vertex   3.996845e+00 2.000000e+00 -1.735060e+01
    endloop
  endfacet
  facet normal 0.000000e+00 1.000000e+00 0.000000e+00
    outer loop
      vertex   3.078018e+00 2.000000e+00 -1.724419e+01
      vertex   3.996845e+00 2.000000e+00 -1.735060e+01
      vertex   3.084066e+00 2.000000e+00 -1.737670e+01
    endloop
  endfacet
  facet normal -0.000000e+00 1.000000e+00 0.000000e+00
    outer loop
      vertex   3.084066e+00 2.000000e+00 -1.737670e+01
      vertex   3.996845e+00 2.000000e+00 -1.735060e+01
      vertex   3.106116e+00 2.000000e+00 -1.750381e+01
    endloop
  endfacet
  facet normal -0.000000e+00 1.000000e+00 0.000000e+00
    outer loop
      vertex   3.106116e+00 2.000000e+00 -1.750381e+01
      vertex   3.996845e+00 2.000000e+00 -1.735060e+01
      vertex   3.157573e+00 2.000000e+00 -1.762097e+01
    endloop
  endfacet
  facet normal 0.000000e+00 1.000000e+00 0.000000e+00
    outer loop
      vertex   3.157573e+00 2.000000e+00 -1.762097e+01
      vertex   3.996845e+00 2.000000e+00 -1.735060e+01
      vertex   3.996157e+00 2.000000e+00 -1.743102e+01
    endloop
  endfacet
  facet normal -0.000000e+00 1.000000e+00 0.000000e+00
    outer loop
      vertex   3.157573e+00 2.000000e+00 -1.762097e+01
      vertex   3.996157e+00 2.000000e+00 -1.743102e+01
      vertex   3.229450e+00 2.000000e+00 -1.773123e+01
    endloop
  endfacet
  facet normal -0.000000e+00 1.000000e+00 0.000000e+00
    outer loop
      vertex   3.229450e+00 2.000000e+00 -1.773123e+01
      vertex   3.996157e+00 2.000000e+00 -1.743102e+01
      vertex   3.313436e+00 2.000000e+00 -1.779702e+01
    endloop
  endfacet
  facet normal 0.000000e+00 1.000000e+00 0.000000e+00
    outer loop
      vertex   3.313436e+00 2.000000e+00 -1.779702e+01
      vertex   3.996157e+00 2.000000e+00 -1.743102e+01
      vertex   3.991329e+00 2.000000e+00 -1.751090e+01
    endloop
  endfacet
  facet normal -0.000000e+00 1.000000e+00 0.000000e+00
    outer loop
      vertex   3.313436e+00 2.000000e+00 -1.779702e+01
      vertex   3.991329e+00 2.000000e+00 -1.751090e+01
      vertex   3.403593e+00 2.000000e+00 -1.784766e+01
    endloop
  endfacet
  facet normal -0.000000e+00 1.000000e+00 0.000000e+00
    outer loop
      vertex   3.403593e+00 2.000000e+00 -1.784766e+01
      vertex   3.991329e+00 2.000000e+00 -1.751090e+01
      vertex   3.503854e+00 2.000000e+00 -1.787350e+01
    endloop
  endfacet
  facet normal 0.000000e+00 1.000000e+00 0.000000e+00
    outer loop
      vertex   3.503854e+00 2.000000e+00 -1.787350e+01
      vertex   3.991329e+00 2.000000e+00 -1.751090e+01
      vertex   3.978643e+00 2.000000e+00 -1.758974e+01
    endloop
  endfacet
  facet normal -0.000000e+00 1.000000e+00 0.000000e+00
    outer loop
      vertex   3.503854e+00 2.000000e+00 -1.787350e+01
      vertex   3.978643e+00 2.000000e+00 -1.758974e+01
      vertex   3.610079e+00 2.000000e+00 -1.788471e+01
    endloop
  endfacet
  facet normal 0.000000e+00 1.000000e+00 0.000000e+00
    outer loop
      vertex   3.610079e+00 2.000000e+00 -1.788471e+01
      vertex   3.978643e+00 2.000000e+00 -1.758974e+01
      vertex   3.668294e+00 2.000000e+00 -1.788069e+01
    endloop
  endfacet
  facet normal 0.000000e+00 1.000000e+00 0.000000e+00
    outer loop
      vertex   3.668294e+00 2.000000e+00 -1.788069e+01
      vertex   3.978643e+00 2.000000e+00 -1.758974e+01
      vertex   3.724932e+00 2.000000e+00 -1.787091e+01
    endloop
  endfacet
  facet normal 0.000000e+00 1.000000e+00 0.000000e+00
    outer loop
      vertex   3.724932e+00 2.000000e+00 -1.787091e+01
      vertex   3.978643e+00 2.000000e+00 -1.758974e+01
      vertex   3.778855e+00 2.000000e+00 -1.785122e+01
    endloop
  endfacet
  facet normal 0.000000e+00 1.000000e+00 0.000000e+00
    outer loop
      vertex   3.778855e+00 2.000000e+00 -1.785122e+01
      vertex   3.978643e+00 2.000000e+00 -1.758974e+01
      vertex   3.960010e+00 2.000000e+00 -1.766779e+01
    endloop
  endfacet
  facet normal 0.000000e+00 1.000000e+00 0.000000e+00
    outer loop
      vertex   3.778855e+00 2.000000e+00 -1.785122e+01
      vertex   3.960010e+00 2.000000e+00 -1.766779e+01
      vertex   3.937237e+00 2.000000e+00 -1.771487e+01
    endloop
  endfacet
  facet normal 0.000000e+00 1.000000e+00 -0.000000e+00
    outer loop
      vertex   3.909237e+00 2.000000e+00 -1.775771e+01
      vertex   3.872684e+00 2.000000e+00 -1.779359e+01
      vertex   3.937237e+00 2.000000e+00 -1.771487e+01
    endloop
  endfacet
  facet normal 0.000000e+00 1.000000e+00 0.000000e+00
    outer loop
      vertex   3.937237e+00 2.000000e+00 -1.771487e+01
      vertex   3.872684e+00 2.000000e+00 -1.779359e+01
      vertex   3.831088e+00 2.000000e+00 -1.782536e+01
    endloop
  endfacet
  facet normal 0.000000e+00 1.000000e+00 0.000000e+00
    outer loop
      vertex   3.937237e+00 2.000000e+00 -1.771487e+01
      vertex   3.831088e+00 2.000000e+00 -1.782536e+01
      vertex   3.778855e+00 2.000000e+00 -1.785122e+01
    endloop
  endfacet
  facet normal 0.000000e+00 1.000000e+00 0.000000e+00
    outer loop
      vertex   2.557235e+00 2.000000e+00 -1.781813e+01
      vertex   2.523981e+00 2.000000e+00 -1.784158e+01
      vertex   2.409377e+00 2.000000e+00 -1.787835e+01
    endloop
  endfacet
  facet normal 0.000000e+00 1.000000e+00 0.000000e+00
    outer loop
      vertex   2.409377e+00 2.000000e+00 -1.787835e+01
      vertex   2.523981e+00 2.000000e+00 -1.784158e+01
      vertex   2.488269e+00 2.000000e+00 -1.785946e+01
    endloop
  endfacet
  facet normal -0.000000e+00 1.000000e+00 0.000000e+00
    outer loop
      vertex   5.277882e+00 2.000000e+00 -1.598157e+01
      vertex   6.200802e+00 2.000000e+00 -1.598157e+01
      vertex   5.277882e+00 2.000000e+00 -1.710913e+01
    endloop
  endfacet
  facet normal -0.000000e+00 1.000000e+00 0.000000e+00
    outer loop
      vertex   5.277882e+00 2.000000e+00 -1.710913e+01
      vertex   6.200802e+00 2.000000e+00 -1.598157e+01
      vertex   6.200802e+00 2.000000e+00 -1.739358e+01
    endloop
  endfacet
  facet normal 0.000000e+00 1.000000e+00 0.000000e+00
    outer loop
      vertex   5.277882e+00 2.000000e+00 -1.710913e+01
      vertex   6.200802e+00 2.000000e+00 -1.739358e+01
      vertex   5.279908e+00 2.000000e+00 -1.722453e+01
    endloop
  endfacet
  facet normal 0.000000e+00 1.000000e+00 0.000000e+00
    outer loop
      vertex   5.279908e+00 2.000000e+00 -1.722453e+01
      vertex   6.200802e+00 2.000000e+00 -1.739358e+01
      vertex   5.288312e+00 2.000000e+00 -1.733903e+01
    endloop
  endfacet
  facet normal 0.000000e+00 1.000000e+00 0.000000e+00
    outer loop
      vertex   5.288312e+00 2.000000e+00 -1.733903e+01
      vertex   6.200802e+00 2.000000e+00 -1.739358e+01
      vertex   5.308559e+00 2.000000e+00 -1.745183e+01
    endloop
  endfacet
  facet normal -0.000000e+00 1.000000e+00 0.000000e+00
    outer loop
      vertex   5.308559e+00 2.000000e+00 -1.745183e+01
      vertex   6.200802e+00 2.000000e+00 -1.739358e+01
      vertex   5.337227e+00 2.000000e+00 -1.756343e+01
    endloop
  endfacet
  facet normal -0.000000e+00 1.000000e+00 0.000000e+00
    outer loop
      vertex   5.337227e+00 2.000000e+00 -1.756343e+01
      vertex   6.200802e+00 2.000000e+00 -1.739358e+01
      vertex   5.371047e+00 2.000000e+00 -1.763431e+01
    endloop
  endfacet
  facet normal 0.000000e+00 1.000000e+00 0.000000e+00
    outer loop
      vertex   5.371047e+00 2.000000e+00 -1.763431e+01
      vertex   6.200802e+00 2.000000e+00 -1.739358e+01
      vertex   6.197279e+00 2.000000e+00 -1.749070e+01
    endloop
  endfacet
  facet normal -0.000000e+00 1.000000e+00 0.000000e+00
    outer loop
      vertex   5.371047e+00 2.000000e+00 -1.763431e+01
      vertex   6.197279e+00 2.000000e+00 -1.749070e+01
      vertex   5.412248e+00 2.000000e+00 -1.769927e+01
    endloop
  endfacet
  facet normal -0.000000e+00 1.000000e+00 0.000000e+00
    outer loop
      vertex   5.412248e+00 2.000000e+00 -1.769927e+01
      vertex   6.197279e+00 2.000000e+00 -1.749070e+01
      vertex   5.466028e+00 2.000000e+00 -1.775416e+01
    endloop
  endfacet
  facet normal -0.000000e+00 1.000000e+00 0.000000e+00
    outer loop
      vertex   5.466028e+00 2.000000e+00 -1.775416e+01
      vertex   6.197279e+00 2.000000e+00 -1.749070e+01
      vertex   5.527541e+00 2.000000e+00 -1.780285e+01
    endloop
  endfacet
  facet normal -0.000000e+00 1.000000e+00 0.000000e+00
    outer loop
      vertex   5.527541e+00 2.000000e+00 -1.780285e+01
      vertex   6.197279e+00 2.000000e+00 -1.749070e+01
      vertex   5.595697e+00 2.000000e+00 -1.783735e+01
    endloop
  endfacet
  facet normal -0.000000e+00 1.000000e+00 0.000000e+00
    outer loop
      vertex   5.595697e+00 2.000000e+00 -1.783735e+01
      vertex   6.197279e+00 2.000000e+00 -1.749070e+01
      vertex   5.666022e+00 2.000000e+00 -1.786420e+01
    endloop
  endfacet
  facet normal -0.000000e+00 1.000000e+00 0.000000e+00
    outer loop
      vertex   5.666022e+00 2.000000e+00 -1.786420e+01
      vertex   6.197279e+00 2.000000e+00 -1.749070e+01
      vertex   5.739965e+00 2.000000e+00 -1.787829e+01
    endloop
  endfacet
  facet normal -4.506031e-15 1.000000e+00 5.316724e-15
    outer loop
      vertex   5.739965e+00 2.000000e+00 -1.787829e+01
      vertex   6.197279e+00 2.000000e+00 -1.749070e+01
      vertex   6.184219e+00 2.000000e+00 -1.758530e+01
    endloop
  endfacet
  facet normal -1.133807e-16 1.000000e+00 -1.343810e-15
    outer loop
      vertex   5.739965e+00 2.000000e+00 -1.787829e+01
      vertex   6.184219e+00 2.000000e+00 -1.758530e+01
      vertex   5.816081e+00 2.000000e+00 -1.788471e+01
    endloop
  endfacet
  facet normal 1.231813e-16 1.000000e+00 -1.634673e-15
    outer loop
      vertex   5.816081e+00 2.000000e+00 -1.788471e+01
      vertex   6.184219e+00 2.000000e+00 -1.758530e+01
      vertex   5.900509e+00 2.000000e+00 -1.787835e+01
    endloop
  endfacet
  facet normal 5.451918e-15 1.000000e+00 -6.793622e-15
    outer loop
      vertex   5.900509e+00 2.000000e+00 -1.787835e+01
      vertex   6.184219e+00 2.000000e+00 -1.758530e+01
      vertex   6.153605e+00 2.000000e+00 -1.767524e+01
    endloop
  endfacet
  facet normal 0.000000e+00 1.000000e+00 0.000000e+00
    outer loop
      vertex   5.900509e+00 2.000000e+00 -1.787835e+01
      vertex   6.153605e+00 2.000000e+00 -1.767524e+01
      vertex   6.048367e+00 2.000000e+00 -1.781813e+01
    endloop
  endfacet
  facet normal 0.000000e+00 1.000000e+00 0.000000e+00
    outer loop
      vertex   6.048367e+00 2.000000e+00 -1.781813e+01
      vertex   6.153605e+00 2.000000e+00 -1.767524e+01
      vertex   6.110760e+00 2.000000e+00 -1.776193e+01
    endloop
  endfacet
  facet normal -0.000000e+00 1.000000e+00 0.000000e+00
    outer loop
      vertex   4.909533e+00 2.000000e+00 -1.815483e+01
      vertex   5.239001e+00 2.000000e+00 -1.815483e+01
      vertex   5.796695e+00 2.000000e+00 -1.819704e+01
    endloop
  endfacet
  facet normal 0.000000e+00 1.000000e+00 0.000000e+00
    outer loop
      vertex   5.796695e+00 2.000000e+00 -1.819704e+01
      vertex   5.239001e+00 2.000000e+00 -1.815483e+01
      vertex   5.697888e+00 2.000000e+00 -1.818069e+01
    endloop
  endfacet
  facet normal 0.000000e+00 1.000000e+00 0.000000e+00
    outer loop
      vertex   5.697888e+00 2.000000e+00 -1.818069e+01
      vertex   5.239001e+00 2.000000e+00 -1.815483e+01
      vertex   5.603245e+00 2.000000e+00 -1.814819e+01
    endloop
  endfacet
  facet normal 0.000000e+00 1.000000e+00 0.000000e+00
    outer loop
      vertex   5.603245e+00 2.000000e+00 -1.814819e+01
      vertex   5.239001e+00 2.000000e+00 -1.815483e+01
      vertex   5.511170e+00 2.000000e+00 -1.810572e+01
    endloop
  endfacet
  facet normal 0.000000e+00 1.000000e+00 0.000000e+00
    outer loop
      vertex   5.511170e+00 2.000000e+00 -1.810572e+01
      vertex   5.239001e+00 2.000000e+00 -1.815483e+01
      vertex   5.432254e+00 2.000000e+00 -1.805332e+01
    endloop
  endfacet
  facet normal 0.000000e+00 1.000000e+00 0.000000e+00
    outer loop
      vertex   5.432254e+00 2.000000e+00 -1.805332e+01
      vertex   5.239001e+00 2.000000e+00 -1.815483e+01
      vertex   5.359236e+00 2.000000e+00 -1.799465e+01
    endloop
  endfacet
  facet normal 0.000000e+00 1.000000e+00 0.000000e+00
    outer loop
      vertex   5.359236e+00 2.000000e+00 -1.799465e+01
      vertex   5.239001e+00 2.000000e+00 -1.815483e+01
      vertex   5.296124e+00 2.000000e+00 -1.792547e+01
    endloop
  endfacet
  facet normal 0.000000e+00 1.000000e+00 0.000000e+00
    outer loop
      vertex   5.296124e+00 2.000000e+00 -1.792547e+01
      vertex   5.239001e+00 2.000000e+00 -1.815483e+01
      vertex   5.239001e+00 2.000000e+00 -1.784992e+01
    endloop
  endfacet
  facet normal 0.000000e+00 1.000000e+00 0.000000e+00
    outer loop
      vertex   5.897937e+00 2.000000e+00 -1.820394e+01
      vertex   6.001834e+00 2.000000e+00 -1.819832e+01
      vertex   7.183067e+00 2.000000e+00 -1.820394e+01
    endloop
  endfacet
  facet normal 0.000000e+00 1.000000e+00 0.000000e+00
    outer loop
      vertex   7.183067e+00 2.000000e+00 -1.820394e+01
      vertex   6.001834e+00 2.000000e+00 -1.819832e+01
      vertex   6.103054e+00 2.000000e+00 -1.818261e+01
    endloop
  endfacet
  facet normal 0.000000e+00 1.000000e+00 0.000000e+00
    outer loop
      vertex   7.183067e+00 2.000000e+00 -1.820394e+01
      vertex   6.103054e+00 2.000000e+00 -1.818261e+01
      vertex   6.980874e+00 2.000000e+00 -1.817064e+01
    endloop
  endfacet
  facet normal 2.106735e-16 1.000000e+00 -1.544858e-14
    outer loop
      vertex   6.980874e+00 2.000000e+00 -1.817064e+01
      vertex   6.103054e+00 2.000000e+00 -1.818261e+01
      vertex   6.885780e+00 2.000000e+00 -1.814319e+01
    endloop
  endfacet
  facet normal -6.631466e-16 1.000000e+00 1.901882e-15
    outer loop
      vertex   6.885780e+00 2.000000e+00 -1.814319e+01
      vertex   6.103054e+00 2.000000e+00 -1.818261e+01
      vertex   6.199519e+00 2.000000e+00 -1.814897e+01
    endloop
  endfacet
  facet normal -7.264493e-16 1.000000e+00 9.411429e-15
    outer loop
      vertex   6.885780e+00 2.000000e+00 -1.814319e+01
      vertex   6.199519e+00 2.000000e+00 -1.814897e+01
      vertex   6.797888e+00 2.000000e+00 -1.810279e+01
    endloop
  endfacet
  facet normal 0.000000e+00 1.000000e+00 0.000000e+00
    outer loop
      vertex   6.797888e+00 2.000000e+00 -1.810279e+01
      vertex   6.199519e+00 2.000000e+00 -1.814897e+01
      vertex   6.292890e+00 2.000000e+00 -1.810367e+01
    endloop
  endfacet
  facet normal 0.000000e+00 1.000000e+00 0.000000e+00
    outer loop
      vertex   6.797888e+00 2.000000e+00 -1.810279e+01
      vertex   6.292890e+00 2.000000e+00 -1.810367e+01
      vertex   6.718493e+00 2.000000e+00 -1.804710e+01
    endloop
  endfacet
  facet normal 0.000000e+00 1.000000e+00 0.000000e+00
    outer loop
      vertex   6.718493e+00 2.000000e+00 -1.804710e+01
      vertex   6.292890e+00 2.000000e+00 -1.810367e+01
      vertex   6.364136e+00 2.000000e+00 -1.804651e+01
    endloop
  endfacet
  facet normal 0.000000e+00 1.000000e+00 0.000000e+00
    outer loop
      vertex   6.718493e+00 2.000000e+00 -1.804710e+01
      vertex   6.364136e+00 2.000000e+00 -1.804651e+01
      vertex   6.426323e+00 2.000000e+00 -1.798226e+01
    endloop
  endfacet
  facet normal 0.000000e+00 1.000000e+00 0.000000e+00
    outer loop
      vertex   6.718493e+00 2.000000e+00 -1.804710e+01
      vertex   6.426323e+00 2.000000e+00 -1.798226e+01
      vertex   6.645857e+00 2.000000e+00 -1.797926e+01
    endloop
  endfacet
  facet normal 0.000000e+00 1.000000e+00 0.000000e+00
    outer loop
      vertex   6.645857e+00 2.000000e+00 -1.797926e+01
      vertex   6.426323e+00 2.000000e+00 -1.798226e+01
      vertex   6.473541e+00 2.000000e+00 -1.790628e+01
    endloop
  endfacet
  facet normal 0.000000e+00 1.000000e+00 0.000000e+00
    outer loop
      vertex   6.645857e+00 2.000000e+00 -1.797926e+01
      vertex   6.473541e+00 2.000000e+00 -1.790628e+01
      vertex   6.511852e+00 2.000000e+00 -1.782332e+01
    endloop
  endfacet
  facet normal -0.000000e+00 1.000000e+00 0.000000e+00
    outer loop
      vertex   6.569151e+00 2.000000e+00 -1.598157e+01
      vertex   7.487978e+00 2.000000e+00 -1.598157e+01
      vertex   6.569151e+00 2.000000e+00 -1.724419e+01
    endloop
  endfacet
  facet normal -0.000000e+00 1.000000e+00 0.000000e+00
    outer loop
      vertex   6.569151e+00 2.000000e+00 -1.724419e+01
      vertex   7.487978e+00 2.000000e+00 -1.598157e+01
      vertex   7.487978e+00 2.000000e+00 -1.735060e+01
    endloop
  endfacet
  facet normal 0.000000e+00 1.000000e+00 0.000000e+00
    outer loop
      vertex   6.569151e+00 2.000000e+00 -1.724419e+01
      vertex   7.487978e+00 2.000000e+00 -1.735060e+01
      vertex   6.575199e+00 2.000000e+00 -1.737670e+01
    endloop
  endfacet
  facet normal -0.000000e+00 1.000000e+00 0.000000e+00
    outer loop
      vertex   6.575199e+00 2.000000e+00 -1.737670e+01
      vertex   7.487978e+00 2.000000e+00 -1.735060e+01
      vertex   6.597249e+00 2.000000e+00 -1.750381e+01
    endloop
  endfacet
  facet normal -0.000000e+00 1.000000e+00 0.000000e+00
    outer loop
      vertex   6.597249e+00 2.000000e+00 -1.750381e+01
      vertex   7.487978e+00 2.000000e+00 -1.735060e+01
      vertex   6.648706e+00 2.000000e+00 -1.762097e+01
    endloop
  endfacet
  facet normal 0.000000e+00 1.000000e+00 0.000000e+00
    outer loop
      vertex   6.648706e+00 2.000000e+00 -1.762097e+01
      vertex   7.487978e+00 2.000000e+00 -1.735060e+01
      vertex   7.487289e+00 2.000000e+00 -1.743102e+01
    endloop
  endfacet
  facet normal -0.000000e+00 1.000000e+00 0.000000e+00
    outer loop
      vertex   6.648706e+00 2.000000e+00 -1.762097e+01
      vertex   7.487289e+00 2.000000e+00 -1.743102e+01
      vertex   6.720584e+00 2.000000e+00 -1.773123e+01
    endloop
  endfacet
  facet normal -0.000000e+00 1.000000e+00 0.000000e+00
    outer loop
      vertex   6.720584e+00 2.000000e+00 -1.773123e+01
      vertex   7.487289e+00 2.000000e+00 -1.743102e+01
      vertex   6.804569e+00 2.000000e+00 -1.779702e+01
    endloop
  endfacet
  facet normal 0.000000e+00 1.000000e+00 0.000000e+00
    outer loop
      vertex   6.804569e+00 2.000000e+00 -1.779702e+01
      vertex   7.487289e+00 2.000000e+00 -1.743102e+01
      vertex   7.482462e+00 2.000000e+00 -1.751090e+01
    endloop
  endfacet
  facet normal -0.000000e+00 1.000000e+00 0.000000e+00
    outer loop
      vertex   6.804569e+00 2.000000e+00 -1.779702e+01
      vertex   7.482462e+00 2.000000e+00 -1.751090e+01
      vertex   6.894725e+00 2.000000e+00 -1.784766e+01
    endloop
  endfacet
  facet normal -0.000000e+00 1.000000e+00 0.000000e+00
    outer loop
      vertex   6.894725e+00 2.000000e+00 -1.784766e+01
      vertex   7.482462e+00 2.000000e+00 -1.751090e+01
      vertex   6.994987e+00 2.000000e+00 -1.787350e+01
    endloop
  endfacet
  facet normal 0.000000e+00 1.000000e+00 0.000000e+00
    outer loop
      vertex   6.994987e+00 2.000000e+00 -1.787350e+01
      vertex   7.482462e+00 2.000000e+00 -1.751090e+01
      vertex   7.469775e+00 2.000000e+00 -1.758974e+01
    endloop
  endfacet
  facet normal -0.000000e+00 1.000000e+00 0.000000e+00
    outer loop
      vertex   6.994987e+00 2.000000e+00 -1.787350e+01
      vertex   7.469775e+00 2.000000e+00 -1.758974e+01
      vertex   7.101211e+00 2.000000e+00 -1.788471e+01
    endloop
  endfacet
  facet normal 0.000000e+00 1.000000e+00 0.000000e+00
    outer loop
      vertex   7.101211e+00 2.000000e+00 -1.788471e+01
      vertex   7.469775e+00 2.000000e+00 -1.758974e+01
      vertex   7.159426e+00 2.000000e+00 -1.788069e+01
    endloop
  endfacet
  facet normal 0.000000e+00 1.000000e+00 0.000000e+00
    outer loop
      vertex   7.159426e+00 2.000000e+00 -1.788069e+01
      vertex   7.469775e+00 2.000000e+00 -1.758974e+01
      vertex   7.216065e+00 2.000000e+00 -1.787091e+01
    endloop
  endfacet
  facet normal 0.000000e+00 1.000000e+00 0.000000e+00
    outer loop
      vertex   7.216065e+00 2.000000e+00 -1.787091e+01
      vertex   7.469775e+00 2.000000e+00 -1.758974e+01
      vertex   7.269988e+00 2.000000e+00 -1.785122e+01
    endloop
  endfacet
  facet normal 0.000000e+00 1.000000e+00 0.000000e+00
    outer loop
      vertex   7.269988e+00 2.000000e+00 -1.785122e+01
      vertex   7.469775e+00 2.000000e+00 -1.758974e+01
      vertex   7.451143e+00 2.000000e+00 -1.766779e+01
    endloop
  endfacet
  facet normal 0.000000e+00 1.000000e+00 0.000000e+00
    outer loop
      vertex   7.269988e+00 2.000000e+00 -1.785122e+01
      vertex   7.451143e+00 2.000000e+00 -1.766779e+01
      vertex   7.428370e+00 2.000000e+00 -1.771487e+01
    endloop
  endfacet
  facet normal 0.000000e+00 1.000000e+00 -0.000000e+00
    outer loop
      vertex   7.400370e+00 2.000000e+00 -1.775771e+01
      vertex   7.363817e+00 2.000000e+00 -1.779358e+01
      vertex   7.428370e+00 2.000000e+00 -1.771487e+01
    endloop
  endfacet
  facet normal 0.000000e+00 1.000000e+00 0.000000e+00
    outer loop
      vertex   7.428370e+00 2.000000e+00 -1.771487e+01
      vertex   7.363817e+00 2.000000e+00 -1.779358e+01
      vertex   7.322221e+00 2.000000e+00 -1.782536e+01
    endloop
  endfacet
  facet normal 0.000000e+00 1.000000e+00 0.000000e+00
    outer loop
      vertex   7.428370e+00 2.000000e+00 -1.771487e+01
      vertex   7.322221e+00 2.000000e+00 -1.782536e+01
      vertex   7.269988e+00 2.000000e+00 -1.785122e+01
    endloop
  endfacet
  facet normal 0.000000e+00 1.000000e+00 0.000000e+00
    outer loop
      vertex   6.048367e+00 2.000000e+00 -1.781813e+01
      vertex   6.015113e+00 2.000000e+00 -1.784158e+01
      vertex   5.900509e+00 2.000000e+00 -1.787835e+01
    endloop
  endfacet
  facet normal 0.000000e+00 1.000000e+00 0.000000e+00
    outer loop
      vertex   5.900509e+00 2.000000e+00 -1.787835e+01
      vertex   6.015113e+00 2.000000e+00 -1.784158e+01
      vertex   5.979402e+00 2.000000e+00 -1.785946e+01
    endloop
  endfacet
  facet normal -0.000000e+00 -1.000000e+00 0.000000e+00
    outer loop
      vertex   1.408678e+01 0.000000e+00 -1.539655e+01
      vertex   5.722039e+00 0.000000e+00 -1.054770e+01
      vertex   1.404963e+01 0.000000e+00 -1.575000e+01
    endloop
  endfacet
  facet normal 0.000000e+00 -1.000000e+00 0.000000e+00
    outer loop
      vertex   1.404963e+01 0.000000e+00 -1.575000e+01
      vertex   5.722039e+00 0.000000e+00 -1.054770e+01
      vertex   4.865933e+00 0.000000e+00 -1.096901e+01
    endloop
  endfacet
  facet normal -0.000000e+00 -1.000000e+00 -0.000000e+00
    outer loop
      vertex   1.404963e+01 0.000000e+00 -1.575000e+01
      vertex   4.865933e+00 0.000000e+00 -1.096901e+01
      vertex   1.408678e+01 0.000000e+00 -1.610345e+01
    endloop
  endfacet
  facet normal 0.000000e+00 -1.000000e+00 0.000000e+00
    outer loop
      vertex   1.408678e+01 0.000000e+00 -1.610345e+01
      vertex   4.865933e+00 0.000000e+00 -1.096901e+01
      vertex   3.979061e+00 0.000000e+00 -1.132096e+01
    endloop
  endfacet
  facet normal -0.000000e+00 -1.000000e+00 -0.000000e+00
    outer loop
      vertex   1.408678e+01 0.000000e+00 -1.610345e+01
      vertex   3.979061e+00 0.000000e+00 -1.132096e+01
      vertex   1.419660e+01 0.000000e+00 -1.644145e+01
    endloop
  endfacet
  facet normal 0.000000e+00 -1.000000e+00 0.000000e+00
    outer loop
      vertex   1.419660e+01 0.000000e+00 -1.644145e+01
      vertex   3.979061e+00 0.000000e+00 -1.132096e+01
      vertex   3.067029e+00 0.000000e+00 -1.160134e+01
    endloop
  endfacet
  facet normal -0.000000e+00 -1.000000e+00 -0.000000e+00
    outer loop
      vertex   1.419660e+01 0.000000e+00 -1.644145e+01
      vertex   3.067029e+00 0.000000e+00 -1.160134e+01
      vertex   1.437430e+01 0.000000e+00 -1.674923e+01
    endloop
  endfacet
  facet normal 0.000000e+00 -1.000000e+00 0.000000e+00
    outer loop
      vertex   1.437430e+01 0.000000e+00 -1.674923e+01
      vertex   3.067029e+00 0.000000e+00 -1.160134e+01
      vertex   2.135604e+00 0.000000e+00 -1.180837e+01
    endloop
  endfacet
  facet normal 0.000000e+00 -1.000000e+00 0.000000e+00
    outer loop
      vertex   1.437430e+01 0.000000e+00 -1.674923e+01
      vertex   2.135604e+00 0.000000e+00 -1.180837e+01
      vertex   1.190675e+00 0.000000e+00 -1.194075e+01
    endloop
  endfacet
  facet normal 0.000000e+00 -1.000000e+00 0.000000e+00
    outer loop
      vertex   5.722039e+00 0.000000e+00 -1.054770e+01
      vertex   1.408678e+01 0.000000e+00 -1.539655e+01
      vertex   6.541967e+00 0.000000e+00 -1.005971e+01
    endloop
  endfacet
  facet normal 0.000000e+00 -1.000000e+00 0.000000e+00
    outer loop
      vertex   6.541967e+00 0.000000e+00 -1.005971e+01
      vertex   1.408678e+01 0.000000e+00 -1.539655e+01
      vertex   1.419660e+01 0.000000e+00 -1.505855e+01
    endloop
  endfacet
  facet normal 0.000000e+00 -1.000000e+00 0.000000e+00
    outer loop
      vertex   6.541967e+00 0.000000e+00 -1.005971e+01
      vertex   1.419660e+01 0.000000e+00 -1.505855e+01
      vertex   7.320531e+00 0.000000e+00 -9.508123e+00
    endloop
  endfacet
  facet normal 0.000000e+00 -1.000000e+00 0.000000e+00
    outer loop
      vertex   7.320531e+00 0.000000e+00 -9.508123e+00
      vertex   1.419660e+01 0.000000e+00 -1.505855e+01
      vertex   1.437430e+01 0.000000e+00 -1.475076e+01
    endloop
  endfacet
  facet normal 0.000000e+00 -1.000000e+00 0.000000e+00
    outer loop
      vertex   7.320531e+00 0.000000e+00 -9.508123e+00
      vertex   1.437430e+01 0.000000e+00 -1.475076e+01
      vertex   8.052810e+00 0.000000e+00 -8.896419e+00
    endloop
  endfacet
  facet normal 0.000000e+00 -1.000000e+00 0.000000e+00
    outer loop
      vertex   8.052810e+00 0.000000e+00 -8.896419e+00
      vertex   1.437430e+01 0.000000e+00 -1.475076e+01
      vertex   1.461211e+01 0.000000e+00 -1.448665e+01
    endloop
  endfacet
  facet normal 0.000000e+00 -1.000000e+00 0.000000e+00
    outer loop
      vertex   8.052810e+00 0.000000e+00 -8.896419e+00
      vertex   1.461211e+01 0.000000e+00 -1.448665e+01
      vertex   8.734175e+00 0.000000e+00 -8.228470e+00
    endloop
  endfacet
  facet normal 0.000000e+00 -1.000000e+00 0.000000e+00
    outer loop
      vertex   8.734175e+00 0.000000e+00 -8.228470e+00
      vertex   1.461211e+01 0.000000e+00 -1.448665e+01
      vertex   1.489963e+01 0.000000e+00 -1.427775e+01
    endloop
  endfacet
  facet normal 0.000000e+00 -1.000000e+00 0.000000e+00
    outer loop
      vertex   8.734175e+00 0.000000e+00 -8.228470e+00
      vertex   1.489963e+01 0.000000e+00 -1.427775e+01
      vertex   9.360317e+00 0.000000e+00 -7.508497e+00
    endloop
  endfacet
  facet normal 0.000000e+00 -1.000000e+00 0.000000e+00
    outer loop
      vertex   9.360317e+00 0.000000e+00 -7.508497e+00
      vertex   1.489963e+01 0.000000e+00 -1.427775e+01
      vertex   1.522430e+01 0.000000e+00 -1.413320e+01
    endloop
  endfacet
  facet normal 0.000000e+00 -1.000000e+00 0.000000e+00
    outer loop
      vertex   9.360317e+00 0.000000e+00 -7.508497e+00
      vertex   1.522430e+01 0.000000e+00 -1.413320e+01
      vertex   9.927278e+00 0.000000e+00 -6.741053e+00
    endloop
  endfacet
  facet normal 0.000000e+00 -1.000000e+00 0.000000e+00
    outer loop
      vertex   9.927278e+00 0.000000e+00 -6.741053e+00
      vertex   1.522430e+01 0.000000e+00 -1.413320e+01
      vertex   1.557193e+01 0.000000e+00 -1.405931e+01
    endloop
  endfacet
  facet normal 0.000000e+00 -1.000000e+00 0.000000e+00
    outer loop
      vertex   9.927278e+00 0.000000e+00 -6.741053e+00
      vertex   1.557193e+01 0.000000e+00 -1.405931e+01
      vertex   1.043147e+01 0.000000e+00 -5.930990e+00
    endloop
  endfacet
  facet normal 0.000000e+00 -1.000000e+00 0.000000e+00
    outer loop
      vertex   1.043147e+01 0.000000e+00 -5.930990e+00
      vertex   1.557193e+01 0.000000e+00 -1.405931e+01
      vertex   1.592733e+01 0.000000e+00 -1.405931e+01
    endloop
  endfacet
  facet normal 0.000000e+00 -1.000000e+00 0.000000e+00
    outer loop
      vertex   1.043147e+01 0.000000e+00 -5.930990e+00
      vertex   1.592733e+01 0.000000e+00 -1.405931e+01
      vertex   1.086971e+01 0.000000e+00 -5.083430e+00
    endloop
  endfacet
  facet normal 0.000000e+00 -1.000000e+00 0.000000e+00
    outer loop
      vertex   1.086971e+01 0.000000e+00 -5.083430e+00
      vertex   1.592733e+01 0.000000e+00 -1.405931e+01
      vertex   1.123923e+01 0.000000e+00 -4.203730e+00
    endloop
  endfacet
  facet normal 0.000000e+00 -1.000000e+00 0.000000e+00
    outer loop
      vertex   1.123923e+01 0.000000e+00 -4.203730e+00
      vertex   1.592733e+01 0.000000e+00 -1.405931e+01
      vertex   1.627496e+01 0.000000e+00 -1.413320e+01
    endloop
  endfacet
  facet normal 0.000000e+00 -1.000000e+00 0.000000e+00
    outer loop
      vertex   1.123923e+01 0.000000e+00 -4.203730e+00
      vertex   1.627496e+01 0.000000e+00 -1.413320e+01
      vertex   1.153769e+01 0.000000e+00 -3.297453e+00
    endloop
  endfacet
  facet normal 0.000000e+00 -1.000000e+00 0.000000e+00
    outer loop
      vertex   1.153769e+01 0.000000e+00 -3.297453e+00
      vertex   1.627496e+01 0.000000e+00 -1.413320e+01
      vertex   1.659963e+01 0.000000e+00 -1.427775e+01
    endloop
  endfacet
  facet normal 0.000000e+00 -1.000000e+00 0.000000e+00
    outer loop
      vertex   1.153769e+01 0.000000e+00 -3.297453e+00
      vertex   1.659963e+01 0.000000e+00 -1.427775e+01
      vertex   1.176320e+01 0.000000e+00 -2.370329e+00
    endloop
  endfacet
  facet normal 0.000000e+00 -1.000000e+00 0.000000e+00
    outer loop
      vertex   1.176320e+01 0.000000e+00 -2.370329e+00
      vertex   1.659963e+01 0.000000e+00 -1.427775e+01
      vertex   1.688715e+01 0.000000e+00 -1.448665e+01
    endloop
  endfacet
  facet normal 0.000000e+00 -1.000000e+00 0.000000e+00
    outer loop
      vertex   1.176320e+01 0.000000e+00 -2.370329e+00
      vertex   1.688715e+01 0.000000e+00 -1.448665e+01
      vertex   1.191433e+01 0.000000e+00 -1.428218e+00
    endloop
  endfacet
  facet normal 0.000000e+00 -1.000000e+00 0.000000e+00
    outer loop
      vertex   1.191433e+01 0.000000e+00 -1.428218e+00
      vertex   1.688715e+01 0.000000e+00 -1.448665e+01
      vertex   1.199014e+01 0.000000e+00 -4.770782e-01
    endloop
  endfacet
  facet normal 0.000000e+00 -1.000000e+00 0.000000e+00
    outer loop
      vertex   1.199014e+01 0.000000e+00 -4.770782e-01
      vertex   1.688715e+01 0.000000e+00 -1.448665e+01
      vertex   1.712496e+01 0.000000e+00 -1.475076e+01
    endloop
  endfacet
  facet normal 0.000000e+00 -1.000000e+00 0.000000e+00
    outer loop
      vertex   1.199014e+01 0.000000e+00 -4.770782e-01
      vertex   1.712496e+01 0.000000e+00 -1.475076e+01
      vertex   1.199014e+01 0.000000e+00 4.770782e-01
    endloop
  endfacet
  facet normal 0.000000e+00 -1.000000e+00 0.000000e+00
    outer loop
      vertex   1.199014e+01 0.000000e+00 4.770782e-01
      vertex   1.712496e+01 0.000000e+00 -1.475076e+01
      vertex   1.712495e+01 0.000000e+00 1.475076e+01
    endloop
  endfacet
  facet normal 0.000000e+00 -1.000000e+00 0.000000e+00
    outer loop
      vertex   1.199014e+01 0.000000e+00 4.770782e-01
      vertex   1.712495e+01 0.000000e+00 1.475076e+01
      vertex   1.688715e+01 0.000000e+00 1.448665e+01
    endloop
  endfacet
  facet normal 0.000000e+00 -1.000000e+00 0.000000e+00
    outer loop
      vertex   1.712495e+01 0.000000e+00 1.475076e+01
      vertex   1.712496e+01 0.000000e+00 -1.475076e+01
      vertex   1.730265e+01 0.000000e+00 1.505854e+01
    endloop
  endfacet
  facet normal 0.000000e+00 -1.000000e+00 -0.000000e+00
    outer loop
      vertex   1.730265e+01 0.000000e+00 1.505854e+01
      vertex   1.712496e+01 0.000000e+00 -1.475076e+01
      vertex   1.730265e+01 0.000000e+00 -1.505855e+01
    endloop
  endfacet
  facet normal 0.000000e+00 -1.000000e+00 0.000000e+00
    outer loop
      vertex   1.730265e+01 0.000000e+00 1.505854e+01
      vertex   1.730265e+01 0.000000e+00 -1.505855e+01
      vertex   2.149963e+01 0.000000e+00 2.150000e+01
    endloop
  endfacet
  facet normal 0.000000e+00 -1.000000e+00 0.000000e+00
    outer loop
      vertex   2.149963e+01 0.000000e+00 2.150000e+01
      vertex   1.730265e+01 0.000000e+00 -1.505855e+01
      vertex   2.149963e+01 0.000000e+00 -2.150000e+01
    endloop
  endfacet
  facet normal 0.000000e+00 -1.000000e+00 0.000000e+00
    outer loop
      vertex   2.149963e+01 0.000000e+00 -2.150000e+01
      vertex   1.730265e+01 0.000000e+00 -1.505855e+01
      vertex   1.741248e+01 0.000000e+00 -1.539655e+01
    endloop
  endfacet
  facet normal 0.000000e+00 -1.000000e+00 0.000000e+00
    outer loop
      vertex   2.149963e+01 0.000000e+00 -2.150000e+01
      vertex   1.741248e+01 0.000000e+00 -1.539655e+01
      vertex   1.744963e+01 0.000000e+00 -1.575000e+01
    endloop
  endfacet
  facet normal 0.000000e+00 -1.000000e+00 -0.000000e+00
    outer loop
      vertex   1.744963e+01 0.000000e+00 -1.575000e+01
      vertex   1.741248e+01 0.000000e+00 -1.610345e+01
      vertex   2.149963e+01 0.000000e+00 -2.150000e+01
    endloop
  endfacet
  facet normal 0.000000e+00 -1.000000e+00 0.000000e+00
    outer loop
      vertex   2.149963e+01 0.000000e+00 -2.150000e+01
      vertex   1.741248e+01 0.000000e+00 -1.610345e+01
      vertex   1.730265e+01 0.000000e+00 -1.644145e+01
    endloop
  endfacet
  facet normal 0.000000e+00 -1.000000e+00 0.000000e+00
    outer loop
      vertex   2.149963e+01 0.000000e+00 -2.150000e+01
      vertex   1.730265e+01 0.000000e+00 -1.644145e+01
      vertex   1.712496e+01 0.000000e+00 -1.674923e+01
    endloop
  endfacet
  facet normal 0.000000e+00 -1.000000e+00 -0.000000e+00
    outer loop
      vertex   1.712496e+01 0.000000e+00 -1.674923e+01
      vertex   1.688715e+01 0.000000e+00 -1.701334e+01
      vertex   2.149963e+01 0.000000e+00 -2.150000e+01
    endloop
  endfacet
  facet normal 0.000000e+00 -1.000000e+00 0.000000e+00
    outer loop
      vertex   2.149963e+01 0.000000e+00 -2.150000e+01
      vertex   1.688715e+01 0.000000e+00 -1.701334e+01
      vertex   1.659963e+01 0.000000e+00 -1.722224e+01
    endloop
  endfacet
  facet normal 0.000000e+00 -1.000000e+00 0.000000e+00
    outer loop
      vertex   2.149963e+01 0.000000e+00 -2.150000e+01
      vertex   1.659963e+01 0.000000e+00 -1.722224e+01
      vertex   1.627496e+01 0.000000e+00 -1.736679e+01
    endloop
  endfacet
  facet normal 0.000000e+00 -1.000000e+00 -0.000000e+00
    outer loop
      vertex   1.627496e+01 0.000000e+00 -1.736679e+01
      vertex   1.592733e+01 0.000000e+00 -1.744069e+01
      vertex   2.149963e+01 0.000000e+00 -2.150000e+01
    endloop
  endfacet
  facet normal 0.000000e+00 -1.000000e+00 0.000000e+00
    outer loop
      vertex   2.149963e+01 0.000000e+00 -2.150000e+01
      vertex   1.592733e+01 0.000000e+00 -1.744069e+01
      vertex   1.557193e+01 0.000000e+00 -1.744069e+01
    endloop
  endfacet
  facet normal 0.000000e+00 -1.000000e+00 0.000000e+00
    outer loop
      vertex   2.149963e+01 0.000000e+00 -2.150000e+01
      vertex   1.557193e+01 0.000000e+00 -1.744069e+01
      vertex   1.522430e+01 0.000000e+00 -1.736679e+01
    endloop
  endfacet
  facet normal -0.000000e+00 -1.000000e+00 -0.000000e+00
    outer loop
      vertex   1.522430e+01 0.000000e+00 -1.736679e+01
      vertex   1.489963e+01 0.000000e+00 -1.722224e+01
      vertex   2.149963e+01 0.000000e+00 -2.150000e+01
    endloop
  endfacet
  facet normal 0.000000e+00 -1.000000e+00 0.000000e+00
    outer loop
      vertex   2.149963e+01 0.000000e+00 -2.150000e+01
      vertex   1.489963e+01 0.000000e+00 -1.722224e+01
      vertex   -1.490037e+01 0.000000e+00 -1.722225e+01
    endloop
  endfacet
  facet normal 0.000000e+00 -1.000000e+00 0.000000e+00
    outer loop
      vertex   2.149963e+01 0.000000e+00 -2.150000e+01
      vertex   -1.490037e+01 0.000000e+00 -1.722225e+01
      vertex   -2.150037e+01 0.000000e+00 -2.150000e+01
    endloop
  endfacet
  facet normal 0.000000e+00 -1.000000e+00 0.000000e+00
    outer loop
      vertex   -2.150037e+01 0.000000e+00 -2.150000e+01
      vertex   -1.490037e+01 0.000000e+00 -1.722225e+01
      vertex   -1.522504e+01 0.000000e+00 -1.736680e+01
    endloop
  endfacet
  facet normal 0.000000e+00 -1.000000e+00 0.000000e+00
    outer loop
      vertex   -2.150037e+01 0.000000e+00 -2.150000e+01
      vertex   -1.522504e+01 0.000000e+00 -1.736680e+01
      vertex   -1.557267e+01 0.000000e+00 -1.744069e+01
    endloop
  endfacet
  facet normal 0.000000e+00 -1.000000e+00 0.000000e+00
    outer loop
      vertex   -1.490037e+01 0.000000e+00 -1.722225e+01
      vertex   1.489963e+01 0.000000e+00 -1.722224e+01
      vertex   -1.461285e+01 0.000000e+00 -1.701335e+01
    endloop
  endfacet
  facet normal 0.000000e+00 -1.000000e+00 0.000000e+00
    outer loop
      vertex   -1.461285e+01 0.000000e+00 -1.701335e+01
      vertex   1.489963e+01 0.000000e+00 -1.722224e+01
      vertex   1.461211e+01 0.000000e+00 -1.701334e+01
    endloop
  endfacet
  facet normal 0.000000e+00 -1.000000e+00 0.000000e+00
    outer loop
      vertex   -1.461285e+01 0.000000e+00 -1.701335e+01
      vertex   1.461211e+01 0.000000e+00 -1.701334e+01
      vertex   2.382155e-01 0.000000e+00 -1.199763e+01
    endloop
  endfacet
  facet normal 0.000000e+00 -1.000000e+00 0.000000e+00
    outer loop
      vertex   2.382155e-01 0.000000e+00 -1.199763e+01
      vertex   1.461211e+01 0.000000e+00 -1.701334e+01
      vertex   1.190675e+00 0.000000e+00 -1.194075e+01
    endloop
  endfacet
  facet normal 0.000000e+00 -1.000000e+00 0.000000e+00
    outer loop
      vertex   1.190675e+00 0.000000e+00 -1.194075e+01
      vertex   1.461211e+01 0.000000e+00 -1.701334e+01
      vertex   1.437430e+01 0.000000e+00 -1.674923e+01
    endloop
  endfacet
  facet normal -0.000000e+00 -1.000000e+00 0.000000e+00
    outer loop
      vertex   -1.741322e+01 0.000000e+00 -1.610345e+01
      vertex   -1.745037e+01 0.000000e+00 -1.575000e+01
      vertex   -2.150037e+01 0.000000e+00 -2.150000e+01
    endloop
  endfacet
  facet normal 0.000000e+00 -1.000000e+00 0.000000e+00
    outer loop
      vertex   -2.150037e+01 0.000000e+00 -2.150000e+01
      vertex   -1.745037e+01 0.000000e+00 -1.575000e+01
      vertex   -1.741322e+01 0.000000e+00 -1.539655e+01
    endloop
  endfacet
  facet normal 0.000000e+00 -1.000000e+00 0.000000e+00
    outer loop
      vertex   -2.150037e+01 0.000000e+00 -2.150000e+01
      vertex   -1.741322e+01 0.000000e+00 -1.539655e+01
      vertex   -1.730340e+01 0.000000e+00 -1.505855e+01
    endloop
  endfacet
  facet normal -0.000000e+00 -1.000000e+00 0.000000e+00
    outer loop
      vertex   -1.712570e+01 0.000000e+00 -1.475077e+01
      vertex   -1.712571e+01 0.000000e+00 1.475076e+01
      vertex   -1.730340e+01 0.000000e+00 -1.505855e+01
    endloop
  endfacet
  facet normal 0.000000e+00 -1.000000e+00 0.000000e+00
    outer loop
      vertex   -1.730340e+01 0.000000e+00 -1.505855e+01
      vertex   -1.712571e+01 0.000000e+00 1.475076e+01
      vertex   -1.730340e+01 0.000000e+00 1.505855e+01
    endloop
  endfacet
  facet normal -0.000000e+00 -1.000000e+00 0.000000e+00
    outer loop
      vertex   -1.730340e+01 0.000000e+00 -1.505855e+01
      vertex   -1.730340e+01 0.000000e+00 1.505855e+01
      vertex   -2.150037e+01 0.000000e+00 -2.150000e+01
    endloop
  endfacet
  facet normal 0.000000e+00 -1.000000e+00 0.000000e+00
    outer loop
      vertex   -2.150037e+01 0.000000e+00 -2.150000e+01
      vertex   -1.730340e+01 0.000000e+00 1.505855e+01
      vertex   -2.150037e+01 0.000000e+00 2.150000e+01
    endloop
  endfacet
  facet normal 0.000000e+00 -1.000000e+00 0.000000e+00
    outer loop
      vertex   -2.150037e+01 0.000000e+00 2.150000e+01
      vertex   -1.730340e+01 0.000000e+00 1.505855e+01
      vertex   -1.741323e+01 0.000000e+00 1.539655e+01
    endloop
  endfacet
  facet normal 0.000000e+00 -1.000000e+00 0.000000e+00
    outer loop
      vertex   -2.150037e+01 0.000000e+00 2.150000e+01
      vertex   -1.741323e+01 0.000000e+00 1.539655e+01
      vertex   -1.745038e+01 0.000000e+00 1.575000e+01
    endloop
  endfacet
  facet normal -0.000000e+00 -1.000000e+00 0.000000e+00
    outer loop
      vertex   -1.688789e+01 0.000000e+00 -1.448666e+01
      vertex   -1.196244e+01 0.000000e+00 -9.534020e-01
      vertex   -1.712570e+01 0.000000e+00 -1.475077e+01
    endloop
  endfacet
  facet normal 0.000000e+00 -1.000000e+00 0.000000e+00
    outer loop
      vertex   -1.712570e+01 0.000000e+00 -1.475077e+01
      vertex   -1.196244e+01 0.000000e+00 -9.534020e-01
      vertex   -1.200037e+01 0.000000e+00 -1.142664e-13
    endloop
  endfacet
  facet normal 0.000000e+00 -1.000000e+00 0.000000e+00
    outer loop
      vertex   -1.712570e+01 0.000000e+00 -1.475077e+01
      vertex   -1.200037e+01 0.000000e+00 -1.142664e-13
      vertex   -1.712571e+01 0.000000e+00 1.475076e+01
    endloop
  endfacet
  facet normal 0.000000e+00 -1.000000e+00 0.000000e+00
    outer loop
      vertex   -1.712571e+01 0.000000e+00 1.475076e+01
      vertex   -1.200037e+01 0.000000e+00 -1.142664e-13
      vertex   -1.196244e+01 0.000000e+00 9.534020e-01
    endloop
  endfacet
  facet normal 0.000000e+00 -1.000000e+00 0.000000e+00
    outer loop
      vertex   -1.712571e+01 0.000000e+00 1.475076e+01
      vertex   -1.196244e+01 0.000000e+00 9.534020e-01
      vertex   -1.688790e+01 0.000000e+00 1.448665e+01
    endloop
  endfacet
  facet normal 0.000000e+00 -1.000000e+00 0.000000e+00
    outer loop
      vertex   -1.688790e+01 0.000000e+00 1.448665e+01
      vertex   -1.196244e+01 0.000000e+00 9.534020e-01
      vertex   -1.184887e+01 0.000000e+00 1.900776e+00
    endloop
  endfacet
  facet normal 0.000000e+00 -1.000000e+00 0.000000e+00
    outer loop
      vertex   -1.688790e+01 0.000000e+00 1.448665e+01
      vertex   -1.184887e+01 0.000000e+00 1.900776e+00
      vertex   -1.660038e+01 0.000000e+00 1.427775e+01
    endloop
  endfacet
  facet normal 0.000000e+00 -1.000000e+00 0.000000e+00
    outer loop
      vertex   -1.660038e+01 0.000000e+00 1.427775e+01
      vertex   -1.184887e+01 0.000000e+00 1.900776e+00
      vertex   -1.166040e+01 0.000000e+00 2.836133e+00
    endloop
  endfacet
  facet normal 0.000000e+00 -1.000000e+00 0.000000e+00
    outer loop
      vertex   -1.660038e+01 0.000000e+00 1.427775e+01
      vertex   -1.166040e+01 0.000000e+00 2.836133e+00
      vertex   -1.139821e+01 0.000000e+00 3.753559e+00
    endloop
  endfacet
  facet normal 0.000000e+00 -1.000000e+00 -0.000000e+00
    outer loop
      vertex   -1.196244e+01 0.000000e+00 -9.534020e-01
      vertex   -1.688789e+01 0.000000e+00 -1.448666e+01
      vertex   -1.184887e+01 0.000000e+00 -1.900776e+00
    endloop
  endfacet
  facet normal 0.000000e+00 -1.000000e+00 0.000000e+00
    outer loop
      vertex   -1.184887e+01 0.000000e+00 -1.900776e+00
      vertex   -1.688789e+01 0.000000e+00 -1.448666e+01
      vertex   -1.660037e+01 0.000000e+00 -1.427776e+01
    endloop
  endfacet
  facet normal 0.000000e+00 -1.000000e+00 -0.000000e+00
    outer loop
      vertex   -1.184887e+01 0.000000e+00 -1.900776e+00
      vertex   -1.660037e+01 0.000000e+00 -1.427776e+01
      vertex   -1.166040e+01 0.000000e+00 -2.836133e+00
    endloop
  endfacet
  facet normal 0.000000e+00 -1.000000e+00 -0.000000e+00
    outer loop
      vertex   -1.166040e+01 0.000000e+00 -2.836133e+00
      vertex   -1.660037e+01 0.000000e+00 -1.427776e+01
      vertex   -1.139821e+01 0.000000e+00 -3.753559e+00
    endloop
  endfacet
  facet normal 0.000000e+00 -1.000000e+00 0.000000e+00
    outer loop
      vertex   -1.139821e+01 0.000000e+00 -3.753559e+00
      vertex   -1.660037e+01 0.000000e+00 -1.427776e+01
      vertex   -1.627570e+01 0.000000e+00 -1.413321e+01
    endloop
  endfacet
  facet normal 0.000000e+00 -1.000000e+00 -0.000000e+00
    outer loop
      vertex   -1.139821e+01 0.000000e+00 -3.753559e+00
      vertex   -1.627570e+01 0.000000e+00 -1.413321e+01
      vertex   -1.106396e+01 0.000000e+00 -4.647254e+00
    endloop
  endfacet
  facet normal 0.000000e+00 -1.000000e+00 0.000000e+00
    outer loop
      vertex   -1.106396e+01 0.000000e+00 -4.647254e+00
      vertex   -1.627570e+01 0.000000e+00 -1.413321e+01
      vertex   -1.592807e+01 0.000000e+00 -1.405931e+01
    endloop
  endfacet
  facet normal 0.000000e+00 -1.000000e+00 -0.000000e+00
    outer loop
      vertex   -1.106396e+01 0.000000e+00 -4.647254e+00
      vertex   -1.592807e+01 0.000000e+00 -1.405931e+01
      vertex   -1.065976e+01 0.000000e+00 -5.511567e+00
    endloop
  endfacet
  facet normal 0.000000e+00 -1.000000e+00 0.000000e+00
    outer loop
      vertex   -1.065976e+01 0.000000e+00 -5.511567e+00
      vertex   -1.592807e+01 0.000000e+00 -1.405931e+01
      vertex   -1.557267e+01 0.000000e+00 -1.405931e+01
    endloop
  endfacet
  facet normal 0.000000e+00 -1.000000e+00 -0.000000e+00
    outer loop
      vertex   -1.065976e+01 0.000000e+00 -5.511567e+00
      vertex   -1.557267e+01 0.000000e+00 -1.405931e+01
      vertex   -1.018817e+01 0.000000e+00 -6.341035e+00
    endloop
  endfacet
  facet normal 0.000000e+00 -1.000000e+00 0.000000e+00
    outer loop
      vertex   -1.018817e+01 0.000000e+00 -6.341035e+00
      vertex   -1.557267e+01 0.000000e+00 -1.405931e+01
      vertex   -1.522504e+01 0.000000e+00 -1.413321e+01
    endloop
  endfacet
  facet normal 0.000000e+00 -1.000000e+00 -0.000000e+00
    outer loop
      vertex   -1.018817e+01 0.000000e+00 -6.341035e+00
      vertex   -1.522504e+01 0.000000e+00 -1.413321e+01
      vertex   -9.652169e+00 0.000000e+00 -7.130412e+00
    endloop
  endfacet
  facet normal 0.000000e+00 -1.000000e+00 0.000000e+00
    outer loop
      vertex   -9.652169e+00 0.000000e+00 -7.130412e+00
      vertex   -1.522504e+01 0.000000e+00 -1.413321e+01
      vertex   -1.490037e+01 0.000000e+00 -1.427776e+01
    endloop
  endfacet
  facet normal 0.000000e+00 -1.000000e+00 -0.000000e+00
    outer loop
      vertex   -9.652169e+00 0.000000e+00 -7.130412e+00
      vertex   -1.490037e+01 0.000000e+00 -1.427776e+01
      vertex   -9.055146e+00 0.000000e+00 -7.874709e+00
    endloop
  endfacet
  facet normal 0.000000e+00 -1.000000e+00 0.000000e+00
    outer loop
      vertex   -9.055146e+00 0.000000e+00 -7.874709e+00
      vertex   -1.490037e+01 0.000000e+00 -1.427776e+01
      vertex   -1.461285e+01 0.000000e+00 -1.448666e+01
    endloop
  endfacet
  facet normal 0.000000e+00 -1.000000e+00 -0.000000e+00
    outer loop
      vertex   -9.055146e+00 0.000000e+00 -7.874709e+00
      vertex   -1.461285e+01 0.000000e+00 -1.448666e+01
      vertex   -8.400876e+00 0.000000e+00 -8.569219e+00
    endloop
  endfacet
  facet normal 0.000000e+00 -1.000000e+00 0.000000e+00
    outer loop
      vertex   -8.400876e+00 0.000000e+00 -8.569219e+00
      vertex   -1.461285e+01 0.000000e+00 -1.448666e+01
      vertex   -1.437504e+01 0.000000e+00 -1.475077e+01
    endloop
  endfacet
  facet normal 0.000000e+00 -1.000000e+00 -0.000000e+00
    outer loop
      vertex   -8.400876e+00 0.000000e+00 -8.569219e+00
      vertex   -1.437504e+01 0.000000e+00 -1.475077e+01
      vertex   -7.693494e+00 0.000000e+00 -9.209552e+00
    endloop
  endfacet
  facet normal 0.000000e+00 -1.000000e+00 0.000000e+00
    outer loop
      vertex   -7.693494e+00 0.000000e+00 -9.209552e+00
      vertex   -1.437504e+01 0.000000e+00 -1.475077e+01
      vertex   -1.419735e+01 0.000000e+00 -1.505855e+01
    endloop
  endfacet
  facet normal 0.000000e+00 -1.000000e+00 -0.000000e+00
    outer loop
      vertex   -7.693494e+00 0.000000e+00 -9.209552e+00
      vertex   -1.419735e+01 0.000000e+00 -1.505855e+01
      vertex   -6.937475e+00 0.000000e+00 -9.791659e+00
    endloop
  endfacet
  facet normal 0.000000e+00 -1.000000e+00 0.000000e+00
    outer loop
      vertex   -6.937475e+00 0.000000e+00 -9.791659e+00
      vertex   -1.419735e+01 0.000000e+00 -1.505855e+01
      vertex   -1.408752e+01 0.000000e+00 -1.539655e+01
    endloop
  endfacet
  facet normal 0.000000e+00 -1.000000e+00 -0.000000e+00
    outer loop
      vertex   -6.937475e+00 0.000000e+00 -9.791659e+00
      vertex   -1.408752e+01 0.000000e+00 -1.539655e+01
      vertex   -6.137596e+00 0.000000e+00 -1.031186e+01
    endloop
  endfacet
  facet normal 0.000000e+00 -1.000000e+00 0.000000e+00
    outer loop
      vertex   -6.137596e+00 0.000000e+00 -1.031186e+01
      vertex   -1.408752e+01 0.000000e+00 -1.539655e+01
      vertex   -1.405037e+01 0.000000e+00 -1.575000e+01
    endloop
  endfacet
  facet normal 0.000000e+00 -1.000000e+00 -0.000000e+00
    outer loop
      vertex   -6.137596e+00 0.000000e+00 -1.031186e+01
      vertex   -1.405037e+01 0.000000e+00 -1.575000e+01
      vertex   -5.298917e+00 0.000000e+00 -1.076687e+01
    endloop
  endfacet
  facet normal 0.000000e+00 -1.000000e+00 0.000000e+00
    outer loop
      vertex   -5.298917e+00 0.000000e+00 -1.076687e+01
      vertex   -1.405037e+01 0.000000e+00 -1.575000e+01
      vertex   -1.408752e+01 0.000000e+00 -1.610345e+01
    endloop
  endfacet
  facet normal 0.000000e+00 -1.000000e+00 -0.000000e+00
    outer loop
      vertex   -5.298917e+00 0.000000e+00 -1.076687e+01
      vertex   -1.408752e+01 0.000000e+00 -1.610345e+01
      vertex   -4.426738e+00 0.000000e+00 -1.115380e+01
    endloop
  endfacet
  facet normal 0.000000e+00 -1.000000e+00 0.000000e+00
    outer loop
      vertex   -4.426738e+00 0.000000e+00 -1.115380e+01
      vertex   -1.408752e+01 0.000000e+00 -1.610345e+01
      vertex   -1.419735e+01 0.000000e+00 -1.644145e+01
    endloop
  endfacet
  facet normal 0.000000e+00 -1.000000e+00 -0.000000e+00
    outer loop
      vertex   -4.426738e+00 0.000000e+00 -1.115380e+01
      vertex   -1.419735e+01 0.000000e+00 -1.644145e+01
      vertex   -3.526574e+00 0.000000e+00 -1.147022e+01
    endloop
  endfacet
  facet normal 0.000000e+00 -1.000000e+00 -0.000000e+00
    outer loop
      vertex   -3.526574e+00 0.000000e+00 -1.147022e+01
      vertex   -1.419735e+01 0.000000e+00 -1.644145e+01
      vertex   -2.604116e+00 0.000000e+00 -1.171412e+01
    endloop
  endfacet
  facet normal 0.000000e+00 -1.000000e+00 0.000000e+00
    outer loop
      vertex   -2.604116e+00 0.000000e+00 -1.171412e+01
      vertex   -1.419735e+01 0.000000e+00 -1.644145e+01
      vertex   -1.437504e+01 0.000000e+00 -1.674924e+01
    endloop
  endfacet
  facet normal 0.000000e+00 -1.000000e+00 -0.000000e+00
    outer loop
      vertex   -2.604116e+00 0.000000e+00 -1.171412e+01
      vertex   -1.437504e+01 0.000000e+00 -1.674924e+01
      vertex   -1.665197e+00 0.000000e+00 -1.188395e+01
    endloop
  endfacet
  facet normal 0.000000e+00 -1.000000e+00 0.000000e+00
    outer loop
      vertex   -1.665197e+00 0.000000e+00 -1.188395e+01
      vertex   -1.437504e+01 0.000000e+00 -1.674924e+01
      vertex   -1.461285e+01 0.000000e+00 -1.701335e+01
    endloop
  endfacet
  facet normal 0.000000e+00 -1.000000e+00 -0.000000e+00
    outer loop
      vertex   -1.665197e+00 0.000000e+00 -1.188395e+01
      vertex   -1.461285e+01 0.000000e+00 -1.701335e+01
      vertex   -7.157522e-01 0.000000e+00 -1.197866e+01
    endloop
  endfacet
  facet normal 0.000000e+00 -1.000000e+00 -0.000000e+00
    outer loop
      vertex   -7.157522e-01 0.000000e+00 -1.197866e+01
      vertex   -1.461285e+01 0.000000e+00 -1.701335e+01
      vertex   2.382155e-01 0.000000e+00 -1.199763e+01
    endloop
  endfacet
  facet normal -0.000000e+00 -1.000000e+00 0.000000e+00
    outer loop
      vertex   -1.557267e+01 0.000000e+00 -1.744069e+01
      vertex   -1.592807e+01 0.000000e+00 -1.744069e+01
      vertex   -2.150037e+01 0.000000e+00 -2.150000e+01
    endloop
  endfacet
  facet normal 0.000000e+00 -1.000000e+00 0.000000e+00
    outer loop
      vertex   -2.150037e+01 0.000000e+00 -2.150000e+01
      vertex   -1.592807e+01 0.000000e+00 -1.744069e+01
      vertex   -1.627570e+01 0.000000e+00 -1.736680e+01
    endloop
  endfacet
  facet normal 0.000000e+00 -1.000000e+00 0.000000e+00
    outer loop
      vertex   -2.150037e+01 0.000000e+00 -2.150000e+01
      vertex   -1.627570e+01 0.000000e+00 -1.736680e+01
      vertex   -1.660037e+01 0.000000e+00 -1.722225e+01
    endloop
  endfacet
  facet normal -0.000000e+00 -1.000000e+00 0.000000e+00
    outer loop
      vertex   -1.660037e+01 0.000000e+00 -1.722225e+01
      vertex   -1.688789e+01 0.000000e+00 -1.701335e+01
      vertex   -2.150037e+01 0.000000e+00 -2.150000e+01
    endloop
  endfacet
  facet normal 0.000000e+00 -1.000000e+00 0.000000e+00
    outer loop
      vertex   -2.150037e+01 0.000000e+00 -2.150000e+01
      vertex   -1.688789e+01 0.000000e+00 -1.701335e+01
      vertex   -1.712570e+01 0.000000e+00 -1.674924e+01
    endloop
  endfacet
  facet normal 0.000000e+00 -1.000000e+00 0.000000e+00
    outer loop
      vertex   -2.150037e+01 0.000000e+00 -2.150000e+01
      vertex   -1.712570e+01 0.000000e+00 -1.674924e+01
      vertex   -1.730340e+01 0.000000e+00 -1.644145e+01
    endloop
  endfacet
  facet normal -0.000000e+00 -1.000000e+00 0.000000e+00
    outer loop
      vertex   -1.730340e+01 0.000000e+00 -1.644145e+01
      vertex   -1.741322e+01 0.000000e+00 -1.610345e+01
      vertex   -2.150037e+01 0.000000e+00 -2.150000e+01
    endloop
  endfacet
  facet normal 0.000000e+00 -1.000000e+00 0.000000e+00
    outer loop
      vertex   -1.745038e+01 0.000000e+00 1.575000e+01
      vertex   -1.741323e+01 0.000000e+00 1.610345e+01
      vertex   -2.150037e+01 0.000000e+00 2.150000e+01
    endloop
  endfacet
  facet normal 0.000000e+00 -1.000000e+00 0.000000e+00
    outer loop
      vertex   -2.150037e+01 0.000000e+00 2.150000e+01
      vertex   -1.741323e+01 0.000000e+00 1.610345e+01
      vertex   -1.730340e+01 0.000000e+00 1.644145e+01
    endloop
  endfacet
  facet normal 0.000000e+00 -1.000000e+00 0.000000e+00
    outer loop
      vertex   -2.150037e+01 0.000000e+00 2.150000e+01
      vertex   -1.730340e+01 0.000000e+00 1.644145e+01
      vertex   -1.712571e+01 0.000000e+00 1.674923e+01
    endloop
  endfacet
  facet normal 0.000000e+00 -1.000000e+00 0.000000e+00
    outer loop
      vertex   -1.712571e+01 0.000000e+00 1.674923e+01
      vertex   -1.688790e+01 0.000000e+00 1.701334e+01
      vertex   -2.150037e+01 0.000000e+00 2.150000e+01
    endloop
  endfacet
  facet normal 0.000000e+00 -1.000000e+00 0.000000e+00
    outer loop
      vertex   -2.150037e+01 0.000000e+00 2.150000e+01
      vertex   -1.688790e+01 0.000000e+00 1.701334e+01
      vertex   -1.660038e+01 0.000000e+00 1.722224e+01
    endloop
  endfacet
  facet normal 0.000000e+00 -1.000000e+00 0.000000e+00
    outer loop
      vertex   -2.150037e+01 0.000000e+00 2.150000e+01
      vertex   -1.660038e+01 0.000000e+00 1.722224e+01
      vertex   -1.627571e+01 0.000000e+00 1.736679e+01
    endloop
  endfacet
  facet normal 0.000000e+00 -1.000000e+00 0.000000e+00
    outer loop
      vertex   -1.627571e+01 0.000000e+00 1.736679e+01
      vertex   -1.592807e+01 0.000000e+00 1.744069e+01
      vertex   -2.150037e+01 0.000000e+00 2.150000e+01
    endloop
  endfacet
  facet normal 0.000000e+00 -1.000000e+00 0.000000e+00
    outer loop
      vertex   -2.150037e+01 0.000000e+00 2.150000e+01
      vertex   -1.592807e+01 0.000000e+00 1.744069e+01
      vertex   -1.557268e+01 0.000000e+00 1.744069e+01
    endloop
  endfacet
  facet normal 0.000000e+00 -1.000000e+00 0.000000e+00
    outer loop
      vertex   -2.150037e+01 0.000000e+00 2.150000e+01
      vertex   -1.557268e+01 0.000000e+00 1.744069e+01
      vertex   -1.522505e+01 0.000000e+00 1.736679e+01
    endloop
  endfacet
  facet normal 0.000000e+00 -1.000000e+00 0.000000e+00
    outer loop
      vertex   -1.522505e+01 0.000000e+00 1.736679e+01
      vertex   -1.490038e+01 0.000000e+00 1.722224e+01
      vertex   -2.150037e+01 0.000000e+00 2.150000e+01
    endloop
  endfacet
  facet normal 0.000000e+00 -1.000000e+00 0.000000e+00
    outer loop
      vertex   -2.150037e+01 0.000000e+00 2.150000e+01
      vertex   -1.490038e+01 0.000000e+00 1.722224e+01
      vertex   2.149963e+01 0.000000e+00 2.150000e+01
    endloop
  endfacet
  facet normal 0.000000e+00 -1.000000e+00 0.000000e+00
    outer loop
      vertex   2.149963e+01 0.000000e+00 2.150000e+01
      vertex   -1.490038e+01 0.000000e+00 1.722224e+01
      vertex   1.489962e+01 0.000000e+00 1.722224e+01
    endloop
  endfacet
  facet normal 0.000000e+00 -1.000000e+00 0.000000e+00
    outer loop
      vertex   2.149963e+01 0.000000e+00 2.150000e+01
      vertex   1.489962e+01 0.000000e+00 1.722224e+01
      vertex   1.522429e+01 0.000000e+00 1.736679e+01
    endloop
  endfacet
  facet normal 0.000000e+00 -1.000000e+00 0.000000e+00
    outer loop
      vertex   -1.490038e+01 0.000000e+00 1.722224e+01
      vertex   -1.461285e+01 0.000000e+00 1.701334e+01
      vertex   1.489962e+01 0.000000e+00 1.722224e+01
    endloop
  endfacet
  facet normal 0.000000e+00 -1.000000e+00 0.000000e+00
    outer loop
      vertex   1.489962e+01 0.000000e+00 1.722224e+01
      vertex   -1.461285e+01 0.000000e+00 1.701334e+01
      vertex   1.461210e+01 0.000000e+00 1.701334e+01
    endloop
  endfacet
  facet normal -0.000000e+00 -1.000000e+00 0.000000e+00
    outer loop
      vertex   1.461210e+01 0.000000e+00 1.701334e+01
      vertex   -1.461285e+01 0.000000e+00 1.701334e+01
      vertex   2.382155e-01 0.000000e+00 1.199763e+01
    endloop
  endfacet
  facet normal 0.000000e+00 -1.000000e+00 0.000000e+00
    outer loop
      vertex   1.461210e+01 0.000000e+00 1.701334e+01
      vertex   2.382155e-01 0.000000e+00 1.199763e+01
      vertex   1.190675e+00 0.000000e+00 1.194075e+01
    endloop
  endfacet
  facet normal 0.000000e+00 -1.000000e+00 0.000000e+00
    outer loop
      vertex   -1.437505e+01 0.000000e+00 1.674923e+01
      vertex   -1.665197e+00 0.000000e+00 1.188395e+01
      vertex   -1.461285e+01 0.000000e+00 1.701334e+01
    endloop
  endfacet
  facet normal 0.000000e+00 -1.000000e+00 0.000000e+00
    outer loop
      vertex   -1.461285e+01 0.000000e+00 1.701334e+01
      vertex   -1.665197e+00 0.000000e+00 1.188395e+01
      vertex   -7.157522e-01 0.000000e+00 1.197866e+01
    endloop
  endfacet
  facet normal 0.000000e+00 -1.000000e+00 0.000000e+00
    outer loop
      vertex   -1.461285e+01 0.000000e+00 1.701334e+01
      vertex   -7.157522e-01 0.000000e+00 1.197866e+01
      vertex   2.382155e-01 0.000000e+00 1.199763e+01
    endloop
  endfacet
  facet normal -0.000000e+00 -1.000000e+00 0.000000e+00
    outer loop
      vertex   -1.665197e+00 0.000000e+00 1.188395e+01
      vertex   -1.437505e+01 0.000000e+00 1.674923e+01
      vertex   -2.604116e+00 0.000000e+00 1.171412e+01
    endloop
  endfacet
  facet normal 0.000000e+00 -1.000000e+00 0.000000e+00
    outer loop
      vertex   -2.604116e+00 0.000000e+00 1.171412e+01
      vertex   -1.437505e+01 0.000000e+00 1.674923e+01
      vertex   -1.419735e+01 0.000000e+00 1.644145e+01
    endloop
  endfacet
  facet normal -0.000000e+00 -1.000000e+00 0.000000e+00
    outer loop
      vertex   -2.604116e+00 0.000000e+00 1.171412e+01
      vertex   -1.419735e+01 0.000000e+00 1.644145e+01
      vertex   -3.526574e+00 0.000000e+00 1.147022e+01
    endloop
  endfacet
  facet normal -0.000000e+00 -1.000000e+00 0.000000e+00
    outer loop
      vertex   -3.526574e+00 0.000000e+00 1.147022e+01
      vertex   -1.419735e+01 0.000000e+00 1.644145e+01
      vertex   -4.426738e+00 0.000000e+00 1.115380e+01
    endloop
  endfacet
  facet normal 0.000000e+00 -1.000000e+00 0.000000e+00
    outer loop
      vertex   -4.426738e+00 0.000000e+00 1.115380e+01
      vertex   -1.419735e+01 0.000000e+00 1.644145e+01
      vertex   -1.408753e+01 0.000000e+00 1.610345e+01
    endloop
  endfacet
  facet normal -0.000000e+00 -1.000000e+00 0.000000e+00
    outer loop
      vertex   -4.426738e+00 0.000000e+00 1.115380e+01
      vertex   -1.408753e+01 0.000000e+00 1.610345e+01
      vertex   -5.298917e+00 0.000000e+00 1.076687e+01
    endloop
  endfacet
  facet normal 0.000000e+00 -1.000000e+00 0.000000e+00
    outer loop
      vertex   -5.298917e+00 0.000000e+00 1.076687e+01
      vertex   -1.408753e+01 0.000000e+00 1.610345e+01
      vertex   -1.405038e+01 0.000000e+00 1.575000e+01
    endloop
  endfacet
  facet normal -0.000000e+00 -1.000000e+00 0.000000e+00
    outer loop
      vertex   -5.298917e+00 0.000000e+00 1.076687e+01
      vertex   -1.405038e+01 0.000000e+00 1.575000e+01
      vertex   -6.137596e+00 0.000000e+00 1.031186e+01
    endloop
  endfacet
  facet normal 0.000000e+00 -1.000000e+00 0.000000e+00
    outer loop
      vertex   -6.137596e+00 0.000000e+00 1.031186e+01
      vertex   -1.405038e+01 0.000000e+00 1.575000e+01
      vertex   -1.408753e+01 0.000000e+00 1.539655e+01
    endloop
  endfacet
  facet normal -0.000000e+00 -1.000000e+00 0.000000e+00
    outer loop
      vertex   -6.137596e+00 0.000000e+00 1.031186e+01
      vertex   -1.408753e+01 0.000000e+00 1.539655e+01
      vertex   -6.937475e+00 0.000000e+00 9.791659e+00
    endloop
  endfacet
  facet normal 0.000000e+00 -1.000000e+00 0.000000e+00
    outer loop
      vertex   -6.937475e+00 0.000000e+00 9.791659e+00
      vertex   -1.408753e+01 0.000000e+00 1.539655e+01
      vertex   -1.419735e+01 0.000000e+00 1.505855e+01
    endloop
  endfacet
  facet normal -0.000000e+00 -1.000000e+00 0.000000e+00
    outer loop
      vertex   -6.937475e+00 0.000000e+00 9.791659e+00
      vertex   -1.419735e+01 0.000000e+00 1.505855e+01
      vertex   -7.693494e+00 0.000000e+00 9.209552e+00
    endloop
  endfacet
  facet normal 0.000000e+00 -1.000000e+00 0.000000e+00
    outer loop
      vertex   -7.693494e+00 0.000000e+00 9.209552e+00
      vertex   -1.419735e+01 0.000000e+00 1.505855e+01
      vertex   -1.437505e+01 0.000000e+00 1.475076e+01
    endloop
  endfacet
  facet normal -0.000000e+00 -1.000000e+00 0.000000e+00
    outer loop
      vertex   -7.693494e+00 0.000000e+00 9.209552e+00
      vertex   -1.437505e+01 0.000000e+00 1.475076e+01
      vertex   -8.400876e+00 0.000000e+00 8.569219e+00
    endloop
  endfacet
  facet normal 0.000000e+00 -1.000000e+00 0.000000e+00
    outer loop
      vertex   -8.400876e+00 0.000000e+00 8.569219e+00
      vertex   -1.437505e+01 0.000000e+00 1.475076e+01
      vertex   -1.461285e+01 0.000000e+00 1.448665e+01
    endloop
  endfacet
  facet normal -0.000000e+00 -1.000000e+00 0.000000e+00
    outer loop
      vertex   -8.400876e+00 0.000000e+00 8.569219e+00
      vertex   -1.461285e+01 0.000000e+00 1.448665e+01
      vertex   -9.055146e+00 0.000000e+00 7.874709e+00
    endloop
  endfacet
  facet normal 0.000000e+00 -1.000000e+00 0.000000e+00
    outer loop
      vertex   -9.055146e+00 0.000000e+00 7.874709e+00
      vertex   -1.461285e+01 0.000000e+00 1.448665e+01
      vertex   -1.490038e+01 0.000000e+00 1.427775e+01
    endloop
  endfacet
  facet normal -0.000000e+00 -1.000000e+00 0.000000e+00
    outer loop
      vertex   -9.055146e+00 0.000000e+00 7.874709e+00
      vertex   -1.490038e+01 0.000000e+00 1.427775e+01
      vertex   -9.652169e+00 0.000000e+00 7.130412e+00
    endloop
  endfacet
  facet normal 0.000000e+00 -1.000000e+00 0.000000e+00
    outer loop
      vertex   -9.652169e+00 0.000000e+00 7.130412e+00
      vertex   -1.490038e+01 0.000000e+00 1.427775e+01
      vertex   -1.522505e+01 0.000000e+00 1.413320e+01
    endloop
  endfacet
  facet normal -0.000000e+00 -1.000000e+00 0.000000e+00
    outer loop
      vertex   -9.652169e+00 0.000000e+00 7.130412e+00
      vertex   -1.522505e+01 0.000000e+00 1.413320e+01
      vertex   -1.018817e+01 0.000000e+00 6.341035e+00
    endloop
  endfacet
  facet normal 0.000000e+00 -1.000000e+00 0.000000e+00
    outer loop
      vertex   -1.018817e+01 0.000000e+00 6.341035e+00
      vertex   -1.522505e+01 0.000000e+00 1.413320e+01
      vertex   -1.557268e+01 0.000000e+00 1.405931e+01
    endloop
  endfacet
  facet normal -0.000000e+00 -1.000000e+00 0.000000e+00
    outer loop
      vertex   -1.018817e+01 0.000000e+00 6.341035e+00
      vertex   -1.557268e+01 0.000000e+00 1.405931e+01
      vertex   -1.065976e+01 0.000000e+00 5.511567e+00
    endloop
  endfacet
  facet normal 0.000000e+00 -1.000000e+00 0.000000e+00
    outer loop
      vertex   -1.065976e+01 0.000000e+00 5.511567e+00
      vertex   -1.557268e+01 0.000000e+00 1.405931e+01
      vertex   -1.592807e+01 0.000000e+00 1.405931e+01
    endloop
  endfacet
  facet normal -0.000000e+00 -1.000000e+00 0.000000e+00
    outer loop
      vertex   -1.065976e+01 0.000000e+00 5.511567e+00
      vertex   -1.592807e+01 0.000000e+00 1.405931e+01
      vertex   -1.106396e+01 0.000000e+00 4.647254e+00
    endloop
  endfacet
  facet normal 0.000000e+00 -1.000000e+00 0.000000e+00
    outer loop
      vertex   -1.106396e+01 0.000000e+00 4.647254e+00
      vertex   -1.592807e+01 0.000000e+00 1.405931e+01
      vertex   -1.627571e+01 0.000000e+00 1.413320e+01
    endloop
  endfacet
  facet normal -0.000000e+00 -1.000000e+00 0.000000e+00
    outer loop
      vertex   -1.106396e+01 0.000000e+00 4.647254e+00
      vertex   -1.627571e+01 0.000000e+00 1.413320e+01
      vertex   -1.139821e+01 0.000000e+00 3.753559e+00
    endloop
  endfacet
  facet normal 0.000000e+00 -1.000000e+00 0.000000e+00
    outer loop
      vertex   -1.139821e+01 0.000000e+00 3.753559e+00
      vertex   -1.627571e+01 0.000000e+00 1.413320e+01
      vertex   -1.660038e+01 0.000000e+00 1.427775e+01
    endloop
  endfacet
  facet normal 0.000000e+00 -1.000000e+00 0.000000e+00
    outer loop
      vertex   1.408677e+01 0.000000e+00 1.610344e+01
      vertex   4.865933e+00 0.000000e+00 1.096901e+01
      vertex   1.404962e+01 0.000000e+00 1.574999e+01
    endloop
  endfacet
  facet normal 0.000000e+00 -1.000000e+00 0.000000e+00
    outer loop
      vertex   1.404962e+01 0.000000e+00 1.574999e+01
      vertex   4.865933e+00 0.000000e+00 1.096901e+01
      vertex   5.722039e+00 0.000000e+00 1.054770e+01
    endloop
  endfacet
  facet normal 0.000000e+00 -1.000000e+00 -0.000000e+00
    outer loop
      vertex   1.404962e+01 0.000000e+00 1.574999e+01
      vertex   5.722039e+00 0.000000e+00 1.054770e+01
      vertex   1.408677e+01 0.000000e+00 1.539654e+01
    endloop
  endfacet
  facet normal 0.000000e+00 -1.000000e+00 0.000000e+00
    outer loop
      vertex   1.408677e+01 0.000000e+00 1.539654e+01
      vertex   5.722039e+00 0.000000e+00 1.054770e+01
      vertex   6.541967e+00 0.000000e+00 1.005971e+01
    endloop
  endfacet
  facet normal 0.000000e+00 -1.000000e+00 -0.000000e+00
    outer loop
      vertex   1.408677e+01 0.000000e+00 1.539654e+01
      vertex   6.541967e+00 0.000000e+00 1.005971e+01
      vertex   1.419660e+01 0.000000e+00 1.505854e+01
    endloop
  endfacet
  facet normal 0.000000e+00 -1.000000e+00 0.000000e+00
    outer loop
      vertex   1.419660e+01 0.000000e+00 1.505854e+01
      vertex   6.541967e+00 0.000000e+00 1.005971e+01
      vertex   7.320531e+00 0.000000e+00 9.508123e+00
    endloop
  endfacet
  facet normal 0.000000e+00 -1.000000e+00 -0.000000e+00
    outer loop
      vertex   1.419660e+01 0.000000e+00 1.505854e+01
      vertex   7.320531e+00 0.000000e+00 9.508123e+00
      vertex   1.437429e+01 0.000000e+00 1.475076e+01
    endloop
  endfacet
  facet normal 0.000000e+00 -1.000000e+00 0.000000e+00
    outer loop
      vertex   1.437429e+01 0.000000e+00 1.475076e+01
      vertex   7.320531e+00 0.000000e+00 9.508123e+00
      vertex   8.052810e+00 0.000000e+00 8.896419e+00
    endloop
  endfacet
  facet normal 0.000000e+00 -1.000000e+00 -0.000000e+00
    outer loop
      vertex   1.437429e+01 0.000000e+00 1.475076e+01
      vertex   8.052810e+00 0.000000e+00 8.896419e+00
      vertex   1.461210e+01 0.000000e+00 1.448665e+01
    endloop
  endfacet
  facet normal 0.000000e+00 -1.000000e+00 0.000000e+00
    outer loop
      vertex   1.461210e+01 0.000000e+00 1.448665e+01
      vertex   8.052810e+00 0.000000e+00 8.896419e+00
      vertex   8.734175e+00 0.000000e+00 8.228470e+00
    endloop
  endfacet
  facet normal 0.000000e+00 -1.000000e+00 -0.000000e+00
    outer loop
      vertex   1.461210e+01 0.000000e+00 1.448665e+01
      vertex   8.734175e+00 0.000000e+00 8.228470e+00
      vertex   1.489962e+01 0.000000e+00 1.427775e+01
    endloop
  endfacet
  facet normal 0.000000e+00 -1.000000e+00 0.000000e+00
    outer loop
      vertex   1.489962e+01 0.000000e+00 1.427775e+01
      vertex   8.734175e+00 0.000000e+00 8.228470e+00
      vertex   9.360317e+00 0.000000e+00 7.508497e+00
    endloop
  endfacet
  facet normal 0.000000e+00 -1.000000e+00 -0.000000e+00
    outer loop
      vertex   1.489962e+01 0.000000e+00 1.427775e+01
      vertex   9.360317e+00 0.000000e+00 7.508497e+00
      vertex   1.522429e+01 0.000000e+00 1.413320e+01
    endloop
  endfacet
  facet normal 0.000000e+00 -1.000000e+00 0.000000e+00
    outer loop
      vertex   1.522429e+01 0.000000e+00 1.413320e+01
      vertex   9.360317e+00 0.000000e+00 7.508497e+00
      vertex   9.927278e+00 0.000000e+00 6.741053e+00
    endloop
  endfacet
  facet normal 0.000000e+00 -1.000000e+00 -0.000000e+00
    outer loop
      vertex   1.522429e+01 0.000000e+00 1.413320e+01
      vertex   9.927278e+00 0.000000e+00 6.741053e+00
      vertex   1.557193e+01 0.000000e+00 1.405931e+01
    endloop
  endfacet
  facet normal 0.000000e+00 -1.000000e+00 0.000000e+00
    outer loop
      vertex   1.557193e+01 0.000000e+00 1.405931e+01
      vertex   9.927278e+00 0.000000e+00 6.741053e+00
      vertex   1.043147e+01 0.000000e+00 5.930990e+00
    endloop
  endfacet
  facet normal 0.000000e+00 -1.000000e+00 -0.000000e+00
    outer loop
      vertex   1.557193e+01 0.000000e+00 1.405931e+01
      vertex   1.043147e+01 0.000000e+00 5.930990e+00
      vertex   1.592732e+01 0.000000e+00 1.405931e+01
    endloop
  endfacet
  facet normal 0.000000e+00 -1.000000e+00 0.000000e+00
    outer loop
      vertex   1.592732e+01 0.000000e+00 1.405931e+01
      vertex   1.043147e+01 0.000000e+00 5.930990e+00
      vertex   1.086971e+01 0.000000e+00 5.083430e+00
    endloop
  endfacet
  facet normal 0.000000e+00 -1.000000e+00 0.000000e+00
    outer loop
      vertex   1.592732e+01 0.000000e+00 1.405931e+01
      vertex   1.086971e+01 0.000000e+00 5.083430e+00
      vertex   1.123923e+01 0.000000e+00 4.203730e+00
    endloop
  endfacet
  facet normal 0.000000e+00 -1.000000e+00 0.000000e+00
    outer loop
      vertex   4.865933e+00 0.000000e+00 1.096901e+01
      vertex   1.408677e+01 0.000000e+00 1.610344e+01
      vertex   3.979061e+00 0.000000e+00 1.132096e+01
    endloop
  endfacet
  facet normal 0.000000e+00 -1.000000e+00 0.000000e+00
    outer loop
      vertex   3.979061e+00 0.000000e+00 1.132096e+01
      vertex   1.408677e+01 0.000000e+00 1.610344e+01
      vertex   1.419660e+01 0.000000e+00 1.644145e+01
    endloop
  endfacet
  facet normal 0.000000e+00 -1.000000e+00 0.000000e+00
    outer loop
      vertex   3.979061e+00 0.000000e+00 1.132096e+01
      vertex   1.419660e+01 0.000000e+00 1.644145e+01
      vertex   3.067029e+00 0.000000e+00 1.160134e+01
    endloop
  endfacet
  facet normal 0.000000e+00 -1.000000e+00 0.000000e+00
    outer loop
      vertex   3.067029e+00 0.000000e+00 1.160134e+01
      vertex   1.419660e+01 0.000000e+00 1.644145e+01
      vertex   1.437429e+01 0.000000e+00 1.674923e+01
    endloop
  endfacet
  facet normal 0.000000e+00 -1.000000e+00 0.000000e+00
    outer loop
      vertex   3.067029e+00 0.000000e+00 1.160134e+01
      vertex   1.437429e+01 0.000000e+00 1.674923e+01
      vertex   2.135604e+00 0.000000e+00 1.180837e+01
    endloop
  endfacet
  facet normal 0.000000e+00 -1.000000e+00 0.000000e+00
    outer loop
      vertex   2.135604e+00 0.000000e+00 1.180837e+01
      vertex   1.437429e+01 0.000000e+00 1.674923e+01
      vertex   1.190675e+00 0.000000e+00 1.194075e+01
    endloop
  endfacet
  facet normal 0.000000e+00 -1.000000e+00 0.000000e+00
    outer loop
      vertex   1.190675e+00 0.000000e+00 1.194075e+01
      vertex   1.437429e+01 0.000000e+00 1.674923e+01
      vertex   1.461210e+01 0.000000e+00 1.701334e+01
    endloop
  endfacet
  facet normal 0.000000e+00 -1.000000e+00 0.000000e+00
    outer loop
      vertex   1.522429e+01 0.000000e+00 1.736679e+01
      vertex   1.557193e+01 0.000000e+00 1.744068e+01
      vertex   2.149963e+01 0.000000e+00 2.150000e+01
    endloop
  endfacet
  facet normal 0.000000e+00 -1.000000e+00 0.000000e+00
    outer loop
      vertex   2.149963e+01 0.000000e+00 2.150000e+01
      vertex   1.557193e+01 0.000000e+00 1.744068e+01
      vertex   1.592732e+01 0.000000e+00 1.744068e+01
    endloop
  endfacet
  facet normal 0.000000e+00 -1.000000e+00 0.000000e+00
    outer loop
      vertex   2.149963e+01 0.000000e+00 2.150000e+01
      vertex   1.592732e+01 0.000000e+00 1.744068e+01
      vertex   1.627495e+01 0.000000e+00 1.736679e+01
    endloop
  endfacet
  facet normal 0.000000e+00 -1.000000e+00 0.000000e+00
    outer loop
      vertex   1.627495e+01 0.000000e+00 1.736679e+01
      vertex   1.659962e+01 0.000000e+00 1.722224e+01
      vertex   2.149963e+01 0.000000e+00 2.150000e+01
    endloop
  endfacet
  facet normal 0.000000e+00 -1.000000e+00 0.000000e+00
    outer loop
      vertex   2.149963e+01 0.000000e+00 2.150000e+01
      vertex   1.659962e+01 0.000000e+00 1.722224e+01
      vertex   1.688715e+01 0.000000e+00 1.701334e+01
    endloop
  endfacet
  facet normal 0.000000e+00 -1.000000e+00 0.000000e+00
    outer loop
      vertex   2.149963e+01 0.000000e+00 2.150000e+01
      vertex   1.688715e+01 0.000000e+00 1.701334e+01
      vertex   1.712495e+01 0.000000e+00 1.674923e+01
    endloop
  endfacet
  facet normal 0.000000e+00 -1.000000e+00 0.000000e+00
    outer loop
      vertex   1.712495e+01 0.000000e+00 1.674923e+01
      vertex   1.730265e+01 0.000000e+00 1.644145e+01
      vertex   2.149963e+01 0.000000e+00 2.150000e+01
    endloop
  endfacet
  facet normal 0.000000e+00 -1.000000e+00 0.000000e+00
    outer loop
      vertex   2.149963e+01 0.000000e+00 2.150000e+01
      vertex   1.730265e+01 0.000000e+00 1.644145e+01
      vertex   1.741247e+01 0.000000e+00 1.610344e+01
    endloop
  endfacet
  facet normal 0.000000e+00 -1.000000e+00 0.000000e+00
    outer loop
      vertex   2.149963e+01 0.000000e+00 2.150000e+01
      vertex   1.741247e+01 0.000000e+00 1.610344e+01
      vertex   1.744962e+01 0.000000e+00 1.574999e+01
    endloop
  endfacet
  facet normal 0.000000e+00 -1.000000e+00 -0.000000e+00
    outer loop
      vertex   1.744962e+01 0.000000e+00 1.574999e+01
      vertex   1.741247e+01 0.000000e+00 1.539654e+01
      vertex   2.149963e+01 0.000000e+00 2.150000e+01
    endloop
  endfacet
  facet normal 0.000000e+00 -1.000000e+00 0.000000e+00
    outer loop
      vertex   2.149963e+01 0.000000e+00 2.150000e+01
      vertex   1.741247e+01 0.000000e+00 1.539654e+01
      vertex   1.730265e+01 0.000000e+00 1.505854e+01
    endloop
  endfacet
  facet normal 0.000000e+00 -1.000000e+00 -0.000000e+00
    outer loop
      vertex   1.659962e+01 0.000000e+00 1.427775e+01
      vertex   1.176320e+01 0.000000e+00 2.370329e+00
      vertex   1.688715e+01 0.000000e+00 1.448665e+01
    endloop
  endfacet
  facet normal 0.000000e+00 -1.000000e+00 0.000000e+00
    outer loop
      vertex   1.688715e+01 0.000000e+00 1.448665e+01
      vertex   1.176320e+01 0.000000e+00 2.370329e+00
      vertex   1.191433e+01 0.000000e+00 1.428218e+00
    endloop
  endfacet
  facet normal 0.000000e+00 -1.000000e+00 0.000000e+00
    outer loop
      vertex   1.688715e+01 0.000000e+00 1.448665e+01
      vertex   1.191433e+01 0.000000e+00 1.428218e+00
      vertex   1.199014e+01 0.000000e+00 4.770782e-01
    endloop
  endfacet
  facet normal 0.000000e+00 -1.000000e+00 0.000000e+00
    outer loop
      vertex   1.176320e+01 0.000000e+00 2.370329e+00
      vertex   1.659962e+01 0.000000e+00 1.427775e+01
      vertex   1.153769e+01 0.000000e+00 3.297453e+00
    endloop
  endfacet
  facet normal 0.000000e+00 -1.000000e+00 0.000000e+00
    outer loop
      vertex   1.153769e+01 0.000000e+00 3.297453e+00
      vertex   1.659962e+01 0.000000e+00 1.427775e+01
      vertex   1.627495e+01 0.000000e+00 1.413320e+01
    endloop
  endfacet
  facet normal 0.000000e+00 -1.000000e+00 0.000000e+00
    outer loop
      vertex   1.153769e+01 0.000000e+00 3.297453e+00
      vertex   1.627495e+01 0.000000e+00 1.413320e+01
      vertex   1.123923e+01 0.000000e+00 4.203730e+00
    endloop
  endfacet
  facet normal 0.000000e+00 -1.000000e+00 0.000000e+00
    outer loop
      vertex   1.123923e+01 0.000000e+00 4.203730e+00
      vertex   1.627495e+01 0.000000e+00 1.413320e+01
      vertex   1.592732e+01 0.000000e+00 1.405931e+01
    endloop
  endfacet
endsolid
