solid ASCII
  facet normal 7.810611e-03 7.071068e-01 -7.070636e-01
    outer loop
      vertex   1.295923e+01 7.000000e+00 -3.357059e+00
      vertex   1.311049e+01 6.496726e+00 -3.858693e+00
      vertex   3.866055e-02 7.000000e+00 -3.499786e+00
    endloop
  endfacet
  facet normal 7.810611e-03 7.071068e-01 -7.070636e-01
    outer loop
      vertex   3.866055e-02 7.000000e+00 -3.499786e+00
      vertex   1.311049e+01 6.496726e+00 -3.858693e+00
      vertex   4.970642e-02 6.000000e+00 -4.499725e+00
    endloop
  endfacet
  facet normal 7.810611e-03 7.071068e-01 -7.070636e-01
    outer loop
      vertex   4.970642e-02 6.000000e+00 -4.499725e+00
      vertex   1.311049e+01 6.496726e+00 -3.858693e+00
      vertex   1.328264e+01 6.000000e+00 -4.353547e+00
    endloop
  endfacet
  facet normal -2.715325e-02 7.066745e-01 7.070176e-01
    outer loop
      vertex   4.970642e-02 6.000000e+00 4.499725e+00
      vertex   3.866055e-02 7.000000e+00 3.499786e+00
      vertex   -3.946780e-01 6.000000e+00 4.482659e+00
    endloop
  endfacet
  facet normal -3.210091e-02 7.076524e-01 7.058311e-01
    outer loop
      vertex   -3.946780e-01 6.000000e+00 4.482659e+00
      vertex   3.866055e-02 7.000000e+00 3.499786e+00
      vertex   -3.561816e-01 7.000000e+00 3.481829e+00
    endloop
  endfacet
  facet normal -9.690765e-02 7.059317e-01 7.016191e-01
    outer loop
      vertex   -3.946780e-01 6.000000e+00 4.482659e+00
      vertex   -3.561816e-01 7.000000e+00 3.481829e+00
      vertex   -8.352078e-01 6.000000e+00 4.421813e+00
    endloop
  endfacet
  facet normal -1.113526e-01 7.084425e-01 6.969289e-01
    outer loop
      vertex   -8.352078e-01 6.000000e+00 4.421813e+00
      vertex   -3.561816e-01 7.000000e+00 3.481829e+00
      vertex   -7.464814e-01 7.000000e+00 3.419469e+00
    endloop
  endfacet
  facet normal -1.658029e-01 7.054351e-01 6.891086e-01
    outer loop
      vertex   -8.352078e-01 6.000000e+00 4.421813e+00
      vertex   -7.464814e-01 7.000000e+00 3.419469e+00
      vertex   -1.267581e+00 6.000000e+00 4.317782e+00
    endloop
  endfacet
  facet normal -1.890929e-01 7.089153e-01 6.794725e-01
    outer loop
      vertex   -1.267581e+00 6.000000e+00 4.317782e+00
      vertex   -7.464814e-01 7.000000e+00 3.419469e+00
      vertex   -1.127261e+00 7.000000e+00 3.313500e+00
    endloop
  endfacet
  facet normal -2.330925e-01 7.051864e-01 6.696119e-01
    outer loop
      vertex   -1.267581e+00 6.000000e+00 4.317782e+00
      vertex   -1.127261e+00 7.000000e+00 3.313500e+00
      vertex   -1.687574e+00 6.000000e+00 4.171582e+00
    endloop
  endfacet
  facet normal -2.644374e-01 7.090727e-01 6.536733e-01
    outer loop
      vertex   -1.687574e+00 6.000000e+00 4.171582e+00
      vertex   -1.127261e+00 7.000000e+00 3.313500e+00
      vertex   -1.493666e+00 7.000000e+00 3.165275e+00
    endloop
  endfacet
  facet normal -2.980477e-01 7.051864e-01 6.433348e-01
    outer loop
      vertex   -1.687574e+00 6.000000e+00 4.171582e+00
      vertex   -1.493666e+00 7.000000e+00 3.165275e+00
      vertex   -2.091086e+00 6.000000e+00 3.984641e+00
    endloop
  endfacet
  facet normal -3.365274e-01 7.089153e-01 6.198293e-01
    outer loop
      vertex   -2.091086e+00 6.000000e+00 3.984641e+00
      vertex   -1.493666e+00 7.000000e+00 3.165275e+00
      vertex   -1.841021e+00 7.000000e+00 2.976683e+00
    endloop
  endfacet
  facet normal -3.599665e-01 7.054351e-01 6.105616e-01
    outer loop
      vertex   -2.091086e+00 6.000000e+00 3.984641e+00
      vertex   -1.841021e+00 7.000000e+00 2.976683e+00
      vertex   -2.474175e+00 6.000000e+00 3.758784e+00
    endloop
  endfacet
  facet normal -4.045386e-01 7.084425e-01 5.783233e-01
    outer loop
      vertex   -2.474175e+00 6.000000e+00 3.758784e+00
      vertex   -1.841021e+00 7.000000e+00 2.976683e+00
      vertex   -2.164899e+00 7.000000e+00 2.750130e+00
    endloop
  endfacet
  facet normal -4.181816e-01 7.059317e-01 5.716507e-01
    outer loop
      vertex   -2.474175e+00 6.000000e+00 3.758784e+00
      vertex   -2.164899e+00 7.000000e+00 2.750130e+00
      vertex   -2.833101e+00 6.000000e+00 3.496218e+00
    endloop
  endfacet
  facet normal -4.676885e-01 7.076524e-01 5.296183e-01
    outer loop
      vertex   -2.833101e+00 6.000000e+00 3.496218e+00
      vertex   -2.164899e+00 7.000000e+00 2.750130e+00
      vertex   -2.461167e+00 7.000000e+00 2.488505e+00
    endloop
  endfacet
  facet normal -4.720694e-01 7.066745e-01 5.270309e-01
    outer loop
      vertex   -2.833101e+00 6.000000e+00 3.496218e+00
      vertex   -2.461167e+00 7.000000e+00 2.488505e+00
      vertex   -3.164358e+00 6.000000e+00 3.199506e+00
    endloop
  endfacet
  facet normal -5.217844e-01 7.066745e-01 4.778621e-01
    outer loop
      vertex   -3.164358e+00 6.000000e+00 3.199506e+00
      vertex   -2.461167e+00 7.000000e+00 2.488505e+00
      vertex   -3.464710e+00 6.000000e+00 2.871547e+00
    endloop
  endfacet
  facet normal -5.244200e-01 7.076524e-01 4.735101e-01
    outer loop
      vertex   -3.464710e+00 6.000000e+00 2.871547e+00
      vertex   -2.461167e+00 7.000000e+00 2.488505e+00
      vertex   -2.726049e+00 7.000000e+00 2.195144e+00
    endloop
  endfacet
  facet normal -5.669967e-01 7.059317e-01 4.244705e-01
    outer loop
      vertex   -3.464710e+00 6.000000e+00 2.871547e+00
      vertex   -2.726049e+00 7.000000e+00 2.195144e+00
      vertex   -3.731225e+00 6.000000e+00 2.515543e+00
    endloop
  endfacet
  facet normal -5.738195e-01 7.084425e-01 4.109020e-01
    outer loop
      vertex   -3.731225e+00 6.000000e+00 2.515543e+00
      vertex   -2.726049e+00 7.000000e+00 2.195144e+00
      vertex   -2.956166e+00 7.000000e+00 1.873789e+00
    endloop
  endfacet
  facet normal -6.065482e-01 7.054351e-01 3.666887e-01
    outer loop
      vertex   -3.731225e+00 6.000000e+00 2.515543e+00
      vertex   -2.956166e+00 7.000000e+00 1.873789e+00
      vertex   -3.961300e+00 6.000000e+00 2.134972e+00
    endloop
  endfacet
  facet normal -6.160743e-01 7.089153e-01 3.433534e-01
    outer loop
      vertex   -3.961300e+00 6.000000e+00 2.134972e+00
      vertex   -2.956166e+00 7.000000e+00 1.873789e+00
      vertex   -3.148583e+00 7.000000e+00 1.528538e+00
    endloop
  endfacet
  facet normal -6.400034e-01 7.051864e-01 3.051357e-01
    outer loop
      vertex   -3.961300e+00 6.000000e+00 2.134972e+00
      vertex   -3.148583e+00 7.000000e+00 1.528538e+00
      vertex   -4.152686e+00 6.000000e+00 1.733550e+00
    endloop
  endfacet
  facet normal -6.507125e-01 7.090727e-01 2.716416e-01
    outer loop
      vertex   -4.152686e+00 6.000000e+00 1.733550e+00
      vertex   -3.148583e+00 7.000000e+00 1.528538e+00
      vertex   -3.300846e+00 7.000000e+00 1.163793e+00
    endloop
  endfacet
  facet normal -6.669963e-01 7.051864e-01 2.404747e-01
    outer loop
      vertex   -4.152686e+00 6.000000e+00 1.733550e+00
      vertex   -3.300846e+00 7.000000e+00 1.163793e+00
      vertex   -4.303517e+00 6.000000e+00 1.315197e+00
    endloop
  endfacet
  facet normal -6.773424e-01 7.089153e-01 1.965868e-01
    outer loop
      vertex   -4.303517e+00 6.000000e+00 1.315197e+00
      vertex   -3.300846e+00 7.000000e+00 1.163793e+00
      vertex   -3.411014e+00 7.000000e+00 7.842069e-01
    endloop
  endfacet
  facet normal -6.872352e-01 7.054351e-01 1.734046e-01
    outer loop
      vertex   -4.303517e+00 6.000000e+00 1.315197e+00
      vertex   -3.411014e+00 7.000000e+00 7.842069e-01
      vertex   -4.412317e+00 6.000000e+00 8.839997e-01
    endloop
  endfacet
  facet normal -6.956564e-01 7.084425e-01 1.190440e-01
    outer loop
      vertex   -4.412317e+00 6.000000e+00 8.839997e-01
      vertex   -3.411014e+00 7.000000e+00 7.842069e-01
      vertex   -3.477682e+00 7.000000e+00 3.946197e-01
    endloop
  endfacet
  facet normal -7.005059e-01 7.059317e-01 1.046517e-01
    outer loop
      vertex   -4.412317e+00 6.000000e+00 8.839997e-01
      vertex   -3.477682e+00 7.000000e+00 3.946197e-01
      vertex   -4.478026e+00 6.000000e+00 4.441688e-01
    endloop
  endfacet
  facet normal -7.054335e-01 7.076524e-01 3.989548e-02
    outer loop
      vertex   -4.478026e+00 6.000000e+00 4.441688e-01
      vertex   -3.477682e+00 7.000000e+00 3.946197e-01
      vertex   -3.500000e+00 7.000000e+00 -8.803722e-16
    endloop
  endfacet
  facet normal -7.066745e-01 7.066745e-01 3.496122e-02
    outer loop
      vertex   -4.478026e+00 6.000000e+00 4.441688e-01
      vertex   -3.500000e+00 7.000000e+00 -8.803722e-16
      vertex   -4.500000e+00 6.000000e+00 -1.127570e-15
    endloop
  endfacet
  facet normal -7.066745e-01 7.066745e-01 -3.496122e-02
    outer loop
      vertex   -4.500000e+00 6.000000e+00 -1.127570e-15
      vertex   -3.500000e+00 7.000000e+00 -8.803722e-16
      vertex   -4.478026e+00 6.000000e+00 -4.441688e-01
    endloop
  endfacet
  facet normal -7.054335e-01 7.076524e-01 -3.989548e-02
    outer loop
      vertex   -4.478026e+00 6.000000e+00 -4.441688e-01
      vertex   -3.500000e+00 7.000000e+00 -8.803722e-16
      vertex   -3.477682e+00 7.000000e+00 -3.946197e-01
    endloop
  endfacet
  facet normal -7.005059e-01 7.059317e-01 -1.046517e-01
    outer loop
      vertex   -4.478026e+00 6.000000e+00 -4.441688e-01
      vertex   -3.477682e+00 7.000000e+00 -3.946197e-01
      vertex   -4.412317e+00 6.000000e+00 -8.839997e-01
    endloop
  endfacet
  facet normal -6.956564e-01 7.084425e-01 -1.190440e-01
    outer loop
      vertex   -4.412317e+00 6.000000e+00 -8.839997e-01
      vertex   -3.477682e+00 7.000000e+00 -3.946197e-01
      vertex   -3.411014e+00 7.000000e+00 -7.842069e-01
    endloop
  endfacet
  facet normal -6.872352e-01 7.054351e-01 -1.734046e-01
    outer loop
      vertex   -4.412317e+00 6.000000e+00 -8.839997e-01
      vertex   -3.411014e+00 7.000000e+00 -7.842069e-01
      vertex   -4.303517e+00 6.000000e+00 -1.315197e+00
    endloop
  endfacet
  facet normal -6.773424e-01 7.089153e-01 -1.965868e-01
    outer loop
      vertex   -4.303517e+00 6.000000e+00 -1.315197e+00
      vertex   -3.411014e+00 7.000000e+00 -7.842069e-01
      vertex   -3.300846e+00 7.000000e+00 -1.163793e+00
    endloop
  endfacet
  facet normal -6.669963e-01 7.051864e-01 -2.404747e-01
    outer loop
      vertex   -4.303517e+00 6.000000e+00 -1.315197e+00
      vertex   -3.300846e+00 7.000000e+00 -1.163793e+00
      vertex   -4.152686e+00 6.000000e+00 -1.733550e+00
    endloop
  endfacet
  facet normal -6.507125e-01 7.090727e-01 -2.716416e-01
    outer loop
      vertex   -4.152686e+00 6.000000e+00 -1.733550e+00
      vertex   -3.300846e+00 7.000000e+00 -1.163793e+00
      vertex   -3.148583e+00 7.000000e+00 -1.528538e+00
    endloop
  endfacet
  facet normal -6.400034e-01 7.051864e-01 -3.051357e-01
    outer loop
      vertex   -4.152686e+00 6.000000e+00 -1.733550e+00
      vertex   -3.148583e+00 7.000000e+00 -1.528538e+00
      vertex   -3.961300e+00 6.000000e+00 -2.134972e+00
    endloop
  endfacet
  facet normal -6.160743e-01 7.089153e-01 -3.433534e-01
    outer loop
      vertex   -3.961300e+00 6.000000e+00 -2.134972e+00
      vertex   -3.148583e+00 7.000000e+00 -1.528538e+00
      vertex   -2.956166e+00 7.000000e+00 -1.873789e+00
    endloop
  endfacet
  facet normal -6.065482e-01 7.054351e-01 -3.666887e-01
    outer loop
      vertex   -3.961300e+00 6.000000e+00 -2.134972e+00
      vertex   -2.956166e+00 7.000000e+00 -1.873789e+00
      vertex   -3.731225e+00 6.000000e+00 -2.515543e+00
    endloop
  endfacet
  facet normal -5.738195e-01 7.084425e-01 -4.109020e-01
    outer loop
      vertex   -3.731225e+00 6.000000e+00 -2.515543e+00
      vertex   -2.956166e+00 7.000000e+00 -1.873789e+00
      vertex   -2.726049e+00 7.000000e+00 -2.195144e+00
    endloop
  endfacet
  facet normal -5.669967e-01 7.059317e-01 -4.244705e-01
    outer loop
      vertex   -3.731225e+00 6.000000e+00 -2.515543e+00
      vertex   -2.726049e+00 7.000000e+00 -2.195144e+00
      vertex   -3.464710e+00 6.000000e+00 -2.871547e+00
    endloop
  endfacet
  facet normal -5.244200e-01 7.076524e-01 -4.735101e-01
    outer loop
      vertex   -3.464710e+00 6.000000e+00 -2.871547e+00
      vertex   -2.726049e+00 7.000000e+00 -2.195144e+00
      vertex   -2.461167e+00 7.000000e+00 -2.488505e+00
    endloop
  endfacet
  facet normal -5.217844e-01 7.066745e-01 -4.778621e-01
    outer loop
      vertex   -3.464710e+00 6.000000e+00 -2.871547e+00
      vertex   -2.461167e+00 7.000000e+00 -2.488505e+00
      vertex   -3.164358e+00 6.000000e+00 -3.199506e+00
    endloop
  endfacet
  facet normal -4.720694e-01 7.066745e-01 -5.270309e-01
    outer loop
      vertex   -3.164358e+00 6.000000e+00 -3.199506e+00
      vertex   -2.461167e+00 7.000000e+00 -2.488505e+00
      vertex   -2.833101e+00 6.000000e+00 -3.496218e+00
    endloop
  endfacet
  facet normal -4.676885e-01 7.076524e-01 -5.296183e-01
    outer loop
      vertex   -2.833101e+00 6.000000e+00 -3.496218e+00
      vertex   -2.461167e+00 7.000000e+00 -2.488505e+00
      vertex   -2.164899e+00 7.000000e+00 -2.750130e+00
    endloop
  endfacet
  facet normal -4.181816e-01 7.059317e-01 -5.716507e-01
    outer loop
      vertex   -2.833101e+00 6.000000e+00 -3.496218e+00
      vertex   -2.164899e+00 7.000000e+00 -2.750130e+00
      vertex   -2.474175e+00 6.000000e+00 -3.758784e+00
    endloop
  endfacet
  facet normal -4.045386e-01 7.084425e-01 -5.783233e-01
    outer loop
      vertex   -2.474175e+00 6.000000e+00 -3.758784e+00
      vertex   -2.164899e+00 7.000000e+00 -2.750130e+00
      vertex   -1.841021e+00 7.000000e+00 -2.976683e+00
    endloop
  endfacet
  facet normal -3.599665e-01 7.054351e-01 -6.105616e-01
    outer loop
      vertex   -2.474175e+00 6.000000e+00 -3.758784e+00
      vertex   -1.841021e+00 7.000000e+00 -2.976683e+00
      vertex   -2.091086e+00 6.000000e+00 -3.984641e+00
    endloop
  endfacet
  facet normal -3.365274e-01 7.089153e-01 -6.198293e-01
    outer loop
      vertex   -2.091086e+00 6.000000e+00 -3.984641e+00
      vertex   -1.841021e+00 7.000000e+00 -2.976683e+00
      vertex   -1.493666e+00 7.000000e+00 -3.165275e+00
    endloop
  endfacet
  facet normal -2.980477e-01 7.051864e-01 -6.433348e-01
    outer loop
      vertex   -2.091086e+00 6.000000e+00 -3.984641e+00
      vertex   -1.493666e+00 7.000000e+00 -3.165275e+00
      vertex   -1.687574e+00 6.000000e+00 -4.171582e+00
    endloop
  endfacet
  facet normal -2.644374e-01 7.090727e-01 -6.536733e-01
    outer loop
      vertex   -1.687574e+00 6.000000e+00 -4.171582e+00
      vertex   -1.493666e+00 7.000000e+00 -3.165275e+00
      vertex   -1.127261e+00 7.000000e+00 -3.313500e+00
    endloop
  endfacet
  facet normal -2.330925e-01 7.051864e-01 -6.696119e-01
    outer loop
      vertex   -1.687574e+00 6.000000e+00 -4.171582e+00
      vertex   -1.127261e+00 7.000000e+00 -3.313500e+00
      vertex   -1.267581e+00 6.000000e+00 -4.317782e+00
    endloop
  endfacet
  facet normal -1.890929e-01 7.089153e-01 -6.794725e-01
    outer loop
      vertex   -1.267581e+00 6.000000e+00 -4.317782e+00
      vertex   -1.127261e+00 7.000000e+00 -3.313500e+00
      vertex   -7.464814e-01 7.000000e+00 -3.419469e+00
    endloop
  endfacet
  facet normal -1.658029e-01 7.054351e-01 -6.891086e-01
    outer loop
      vertex   -1.267581e+00 6.000000e+00 -4.317782e+00
      vertex   -7.464814e-01 7.000000e+00 -3.419469e+00
      vertex   -8.352078e-01 6.000000e+00 -4.421813e+00
    endloop
  endfacet
  facet normal -1.113526e-01 7.084425e-01 -6.969289e-01
    outer loop
      vertex   -8.352078e-01 6.000000e+00 -4.421813e+00
      vertex   -7.464814e-01 7.000000e+00 -3.419469e+00
      vertex   -3.561816e-01 7.000000e+00 -3.481829e+00
    endloop
  endfacet
  facet normal -9.690765e-02 7.059317e-01 -7.016191e-01
    outer loop
      vertex   -8.352078e-01 6.000000e+00 -4.421813e+00
      vertex   -3.561816e-01 7.000000e+00 -3.481829e+00
      vertex   -3.946780e-01 6.000000e+00 -4.482659e+00
    endloop
  endfacet
  facet normal -3.210091e-02 7.076524e-01 -7.058311e-01
    outer loop
      vertex   -3.946780e-01 6.000000e+00 -4.482659e+00
      vertex   -3.561816e-01 7.000000e+00 -3.481829e+00
      vertex   3.866055e-02 7.000000e+00 -3.499786e+00
    endloop
  endfacet
  facet normal -2.715325e-02 7.066745e-01 -7.070176e-01
    outer loop
      vertex   -3.946780e-01 6.000000e+00 -4.482659e+00
      vertex   3.866055e-02 7.000000e+00 -3.499786e+00
      vertex   4.970642e-02 6.000000e+00 -4.499725e+00
    endloop
  endfacet
  facet normal 7.810611e-03 7.071068e-01 7.070636e-01
    outer loop
      vertex   1.328264e+01 6.000000e+00 4.353547e+00
      vertex   1.311049e+01 6.496726e+00 3.858693e+00
      vertex   4.970642e-02 6.000000e+00 4.499725e+00
    endloop
  endfacet
  facet normal 7.810611e-03 7.071068e-01 7.070636e-01
    outer loop
      vertex   4.970642e-02 6.000000e+00 4.499725e+00
      vertex   1.311049e+01 6.496726e+00 3.858693e+00
      vertex   3.866055e-02 7.000000e+00 3.499786e+00
    endloop
  endfacet
  facet normal 7.810611e-03 7.071068e-01 7.070636e-01
    outer loop
      vertex   3.866055e-02 7.000000e+00 3.499786e+00
      vertex   1.311049e+01 6.496726e+00 3.858693e+00
      vertex   1.295923e+01 7.000000e+00 3.357059e+00
    endloop
  endfacet
  facet normal 0.000000e+00 1.000000e+00 0.000000e+00
    outer loop
      vertex   2.702628e+00 7.000000e+00 -3.484653e-01
      vertex   2.725000e+00 7.000000e+00 -3.337163e-16
      vertex   1.250000e+01 7.000000e+00 -5.551115e-16
    endloop
  endfacet
  facet normal 0.000000e+00 1.000000e+00 0.000000e+00
    outer loop
      vertex   1.250000e+01 7.000000e+00 -5.551115e-16
      vertex   2.725000e+00 7.000000e+00 -3.337163e-16
      vertex   2.702628e+00 7.000000e+00 3.484653e-01
    endloop
  endfacet
  facet normal 0.000000e+00 1.000000e+00 -0.000000e+00
    outer loop
      vertex   1.250000e+01 7.000000e+00 -5.551115e-16
      vertex   2.702628e+00 7.000000e+00 3.484653e-01
      vertex   1.251848e+01 7.000000e+00 6.794217e-01
    endloop
  endfacet
  facet normal 0.000000e+00 1.000000e+00 0.000000e+00
    outer loop
      vertex   1.251848e+01 7.000000e+00 6.794217e-01
      vertex   2.702628e+00 7.000000e+00 3.484653e-01
      vertex   2.635879e+00 7.000000e+00 6.912087e-01
    endloop
  endfacet
  facet normal 0.000000e+00 1.000000e+00 -0.000000e+00
    outer loop
      vertex   1.251848e+01 7.000000e+00 6.794217e-01
      vertex   2.635879e+00 7.000000e+00 6.912087e-01
      vertex   1.257386e+01 7.000000e+00 1.356835e+00
    endloop
  endfacet
  facet normal 0.000000e+00 1.000000e+00 0.000000e+00
    outer loop
      vertex   1.257386e+01 7.000000e+00 1.356835e+00
      vertex   2.635879e+00 7.000000e+00 6.912087e-01
      vertex   2.525848e+00 7.000000e+00 1.022603e+00
    endloop
  endfacet
  facet normal 0.000000e+00 1.000000e+00 0.000000e+00
    outer loop
      vertex   1.257386e+01 7.000000e+00 1.356835e+00
      vertex   2.525848e+00 7.000000e+00 1.022603e+00
      vertex   2.374343e+00 7.000000e+00 1.337205e+00
    endloop
  endfacet
  facet normal 0.000000e+00 1.000000e+00 -0.000000e+00
    outer loop
      vertex   1.257386e+01 7.000000e+00 1.356835e+00
      vertex   2.374343e+00 7.000000e+00 1.337205e+00
      vertex   1.266598e+01 7.000000e+00 2.030236e+00
    endloop
  endfacet
  facet normal 0.000000e+00 1.000000e+00 0.000000e+00
    outer loop
      vertex   1.266598e+01 7.000000e+00 2.030236e+00
      vertex   2.374343e+00 7.000000e+00 1.337205e+00
      vertex   2.183852e+00 7.000000e+00 1.629851e+00
    endloop
  endfacet
  facet normal 0.000000e+00 1.000000e+00 -0.000000e+00
    outer loop
      vertex   1.266598e+01 7.000000e+00 2.030236e+00
      vertex   2.183852e+00 7.000000e+00 1.629851e+00
      vertex   1.279456e+01 7.000000e+00 2.697635e+00
    endloop
  endfacet
  facet normal 0.000000e+00 1.000000e+00 0.000000e+00
    outer loop
      vertex   1.279456e+01 7.000000e+00 2.697635e+00
      vertex   2.183852e+00 7.000000e+00 1.629851e+00
      vertex   1.957502e+00 7.000000e+00 1.895735e+00
    endloop
  endfacet
  facet normal 0.000000e+00 1.000000e+00 0.000000e+00
    outer loop
      vertex   1.279456e+01 7.000000e+00 2.697635e+00
      vertex   1.957502e+00 7.000000e+00 1.895735e+00
      vertex   1.699010e+00 7.000000e+00 2.130491e+00
    endloop
  endfacet
  facet normal 0.000000e+00 1.000000e+00 -0.000000e+00
    outer loop
      vertex   1.279456e+01 7.000000e+00 2.697635e+00
      vertex   1.699010e+00 7.000000e+00 2.130491e+00
      vertex   1.295923e+01 7.000000e+00 3.357059e+00
    endloop
  endfacet
  facet normal 0.000000e+00 1.000000e+00 0.000000e+00
    outer loop
      vertex   1.295923e+01 7.000000e+00 3.357059e+00
      vertex   1.699010e+00 7.000000e+00 2.130491e+00
      vertex   1.412620e+00 7.000000e+00 2.330264e+00
    endloop
  endfacet
  facet normal 0.000000e+00 1.000000e+00 0.000000e+00
    outer loop
      vertex   1.295923e+01 7.000000e+00 3.357059e+00
      vertex   1.412620e+00 7.000000e+00 2.330264e+00
      vertex   3.866055e-02 7.000000e+00 3.499786e+00
    endloop
  endfacet
  facet normal 0.000000e+00 1.000000e+00 0.000000e+00
    outer loop
      vertex   3.866055e-02 7.000000e+00 3.499786e+00
      vertex   1.412620e+00 7.000000e+00 2.330264e+00
      vertex   1.103035e+00 7.000000e+00 2.491774e+00
    endloop
  endfacet
  facet normal 0.000000e+00 1.000000e+00 0.000000e+00
    outer loop
      vertex   3.866055e-02 7.000000e+00 3.499786e+00
      vertex   1.103035e+00 7.000000e+00 2.491774e+00
      vertex   7.753377e-01 7.000000e+00 2.612370e+00
    endloop
  endfacet
  facet normal 0.000000e+00 1.000000e+00 0.000000e+00
    outer loop
      vertex   7.753377e-01 7.000000e+00 2.612370e+00
      vertex   4.349097e-01 7.000000e+00 2.690070e+00
      vertex   3.866055e-02 7.000000e+00 3.499786e+00
    endloop
  endfacet
  facet normal 0.000000e+00 1.000000e+00 0.000000e+00
    outer loop
      vertex   3.866055e-02 7.000000e+00 3.499786e+00
      vertex   4.349097e-01 7.000000e+00 2.690070e+00
      vertex   8.734055e-02 7.000000e+00 2.723600e+00
    endloop
  endfacet
  facet normal 0.000000e+00 1.000000e+00 0.000000e+00
    outer loop
      vertex   3.866055e-02 7.000000e+00 3.499786e+00
      vertex   8.734055e-02 7.000000e+00 2.723600e+00
      vertex   -3.561816e-01 7.000000e+00 3.481829e+00
    endloop
  endfacet
  facet normal 0.000000e+00 1.000000e+00 0.000000e+00
    outer loop
      vertex   -3.561816e-01 7.000000e+00 3.481829e+00
      vertex   8.734055e-02 7.000000e+00 2.723600e+00
      vertex   -2.616627e-01 7.000000e+00 2.712408e+00
    endloop
  endfacet
  facet normal 0.000000e+00 1.000000e+00 0.000000e+00
    outer loop
      vertex   -3.561816e-01 7.000000e+00 3.481829e+00
      vertex   -2.616627e-01 7.000000e+00 2.712408e+00
      vertex   -7.464814e-01 7.000000e+00 3.419469e+00
    endloop
  endfacet
  facet normal 0.000000e+00 1.000000e+00 0.000000e+00
    outer loop
      vertex   -7.464814e-01 7.000000e+00 3.419469e+00
      vertex   -2.616627e-01 7.000000e+00 2.712408e+00
      vertex   -1.127261e+00 7.000000e+00 3.313500e+00
    endloop
  endfacet
  facet normal 0.000000e+00 1.000000e+00 0.000000e+00
    outer loop
      vertex   -1.127261e+00 7.000000e+00 3.313500e+00
      vertex   -2.616627e-01 7.000000e+00 2.712408e+00
      vertex   -6.063695e-01 7.000000e+00 2.656679e+00
    endloop
  endfacet
  facet normal 0.000000e+00 1.000000e+00 0.000000e+00
    outer loop
      vertex   -1.127261e+00 7.000000e+00 3.313500e+00
      vertex   -6.063695e-01 7.000000e+00 2.656679e+00
      vertex   -1.493666e+00 7.000000e+00 3.165275e+00
    endloop
  endfacet
  facet normal 0.000000e+00 1.000000e+00 0.000000e+00
    outer loop
      vertex   -1.493666e+00 7.000000e+00 3.165275e+00
      vertex   -6.063695e-01 7.000000e+00 2.656679e+00
      vertex   -1.841021e+00 7.000000e+00 2.976683e+00
    endloop
  endfacet
  facet normal 0.000000e+00 1.000000e+00 0.000000e+00
    outer loop
      vertex   -1.841021e+00 7.000000e+00 2.976683e+00
      vertex   -6.063695e-01 7.000000e+00 2.656679e+00
      vertex   -9.411198e-01 7.000000e+00 2.557326e+00
    endloop
  endfacet
  facet normal 0.000000e+00 1.000000e+00 0.000000e+00
    outer loop
      vertex   -1.841021e+00 7.000000e+00 2.976683e+00
      vertex   -9.411198e-01 7.000000e+00 2.557326e+00
      vertex   -2.164899e+00 7.000000e+00 2.750130e+00
    endloop
  endfacet
  facet normal 0.000000e+00 1.000000e+00 0.000000e+00
    outer loop
      vertex   -2.164899e+00 7.000000e+00 2.750130e+00
      vertex   -9.411198e-01 7.000000e+00 2.557326e+00
      vertex   -1.260417e+00 7.000000e+00 2.415983e+00
    endloop
  endfacet
  facet normal 0.000000e+00 1.000000e+00 0.000000e+00
    outer loop
      vertex   -2.164899e+00 7.000000e+00 2.750130e+00
      vertex   -1.260417e+00 7.000000e+00 2.415983e+00
      vertex   -2.461167e+00 7.000000e+00 2.488505e+00
    endloop
  endfacet
  facet normal 0.000000e+00 1.000000e+00 0.000000e+00
    outer loop
      vertex   -2.461167e+00 7.000000e+00 2.488505e+00
      vertex   -1.260417e+00 7.000000e+00 2.415983e+00
      vertex   -1.559018e+00 7.000000e+00 2.234969e+00
    endloop
  endfacet
  facet normal 0.000000e+00 1.000000e+00 0.000000e+00
    outer loop
      vertex   -2.461167e+00 7.000000e+00 2.488505e+00
      vertex   -1.559018e+00 7.000000e+00 2.234969e+00
      vertex   -2.726049e+00 7.000000e+00 2.195144e+00
    endloop
  endfacet
  facet normal -0.000000e+00 1.000000e+00 0.000000e+00
    outer loop
      vertex   -2.726049e+00 7.000000e+00 2.195144e+00
      vertex   -1.559018e+00 7.000000e+00 2.234969e+00
      vertex   -1.832020e+00 7.000000e+00 2.017258e+00
    endloop
  endfacet
  facet normal 0.000000e+00 1.000000e+00 0.000000e+00
    outer loop
      vertex   -2.726049e+00 7.000000e+00 2.195144e+00
      vertex   -1.832020e+00 7.000000e+00 2.017258e+00
      vertex   -2.074940e+00 7.000000e+00 1.766422e+00
    endloop
  endfacet
  facet normal 0.000000e+00 1.000000e+00 0.000000e+00
    outer loop
      vertex   -2.726049e+00 7.000000e+00 2.195144e+00
      vertex   -2.074940e+00 7.000000e+00 1.766422e+00
      vertex   -2.956166e+00 7.000000e+00 1.873789e+00
    endloop
  endfacet
  facet normal 0.000000e+00 1.000000e+00 0.000000e+00
    outer loop
      vertex   -2.956166e+00 7.000000e+00 1.873789e+00
      vertex   -2.074940e+00 7.000000e+00 1.766422e+00
      vertex   -2.283790e+00 7.000000e+00 1.486583e+00
    endloop
  endfacet
  facet normal 0.000000e+00 1.000000e+00 0.000000e+00
    outer loop
      vertex   -2.956166e+00 7.000000e+00 1.873789e+00
      vertex   -2.283790e+00 7.000000e+00 1.486583e+00
      vertex   -3.148583e+00 7.000000e+00 1.528538e+00
    endloop
  endfacet
  facet normal 0.000000e+00 1.000000e+00 0.000000e+00
    outer loop
      vertex   -3.148583e+00 7.000000e+00 1.528538e+00
      vertex   -2.283790e+00 7.000000e+00 1.486583e+00
      vertex   -2.455140e+00 7.000000e+00 1.182333e+00
    endloop
  endfacet
  facet normal 0.000000e+00 1.000000e+00 0.000000e+00
    outer loop
      vertex   -3.148583e+00 7.000000e+00 1.528538e+00
      vertex   -2.455140e+00 7.000000e+00 1.182333e+00
      vertex   -3.300846e+00 7.000000e+00 1.163793e+00
    endloop
  endfacet
  facet normal -0.000000e+00 1.000000e+00 0.000000e+00
    outer loop
      vertex   -3.300846e+00 7.000000e+00 1.163793e+00
      vertex   -2.455140e+00 7.000000e+00 1.182333e+00
      vertex   -2.586177e+00 7.000000e+00 8.586699e-01
    endloop
  endfacet
  facet normal 0.000000e+00 1.000000e+00 0.000000e+00
    outer loop
      vertex   -3.300846e+00 7.000000e+00 1.163793e+00
      vertex   -2.586177e+00 7.000000e+00 8.586699e-01
      vertex   -3.411014e+00 7.000000e+00 7.842069e-01
    endloop
  endfacet
  facet normal -0.000000e+00 1.000000e+00 0.000000e+00
    outer loop
      vertex   -3.411014e+00 7.000000e+00 7.842069e-01
      vertex   -2.586177e+00 7.000000e+00 8.586699e-01
      vertex   -2.674749e+00 7.000000e+00 5.209073e-01
    endloop
  endfacet
  facet normal 0.000000e+00 1.000000e+00 0.000000e+00
    outer loop
      vertex   -3.411014e+00 7.000000e+00 7.842069e-01
      vertex   -2.674749e+00 7.000000e+00 5.209073e-01
      vertex   -3.477682e+00 7.000000e+00 3.946197e-01
    endloop
  endfacet
  facet normal -0.000000e+00 1.000000e+00 0.000000e+00
    outer loop
      vertex   -3.477682e+00 7.000000e+00 3.946197e-01
      vertex   -2.674749e+00 7.000000e+00 5.209073e-01
      vertex   -2.719401e+00 7.000000e+00 1.745913e-01
    endloop
  endfacet
  facet normal 0.000000e+00 1.000000e+00 0.000000e+00
    outer loop
      vertex   -3.477682e+00 7.000000e+00 3.946197e-01
      vertex   -2.719401e+00 7.000000e+00 1.745913e-01
      vertex   -3.500000e+00 7.000000e+00 -8.803722e-16
    endloop
  endfacet
  facet normal -0.000000e+00 1.000000e+00 0.000000e+00
    outer loop
      vertex   -3.500000e+00 7.000000e+00 -8.803722e-16
      vertex   -2.719401e+00 7.000000e+00 1.745913e-01
      vertex   -2.719401e+00 7.000000e+00 -1.745913e-01
    endloop
  endfacet
  facet normal 0.000000e+00 1.000000e+00 0.000000e+00
    outer loop
      vertex   -3.500000e+00 7.000000e+00 -8.803722e-16
      vertex   -2.719401e+00 7.000000e+00 -1.745913e-01
      vertex   -3.477682e+00 7.000000e+00 -3.946197e-01
    endloop
  endfacet
  facet normal -0.000000e+00 1.000000e+00 0.000000e+00
    outer loop
      vertex   -3.477682e+00 7.000000e+00 -3.946197e-01
      vertex   -2.719401e+00 7.000000e+00 -1.745913e-01
      vertex   -2.674749e+00 7.000000e+00 -5.209073e-01
    endloop
  endfacet
  facet normal 0.000000e+00 1.000000e+00 0.000000e+00
    outer loop
      vertex   -3.477682e+00 7.000000e+00 -3.946197e-01
      vertex   -2.674749e+00 7.000000e+00 -5.209073e-01
      vertex   -3.411014e+00 7.000000e+00 -7.842069e-01
    endloop
  endfacet
  facet normal -0.000000e+00 1.000000e+00 0.000000e+00
    outer loop
      vertex   -3.411014e+00 7.000000e+00 -7.842069e-01
      vertex   -2.674749e+00 7.000000e+00 -5.209073e-01
      vertex   -2.586177e+00 7.000000e+00 -8.586699e-01
    endloop
  endfacet
  facet normal 0.000000e+00 1.000000e+00 0.000000e+00
    outer loop
      vertex   -3.411014e+00 7.000000e+00 -7.842069e-01
      vertex   -2.586177e+00 7.000000e+00 -8.586699e-01
      vertex   -3.300846e+00 7.000000e+00 -1.163793e+00
    endloop
  endfacet
  facet normal -0.000000e+00 1.000000e+00 0.000000e+00
    outer loop
      vertex   -3.300846e+00 7.000000e+00 -1.163793e+00
      vertex   -2.586177e+00 7.000000e+00 -8.586699e-01
      vertex   -2.455140e+00 7.000000e+00 -1.182333e+00
    endloop
  endfacet
  facet normal 0.000000e+00 1.000000e+00 0.000000e+00
    outer loop
      vertex   -3.300846e+00 7.000000e+00 -1.163793e+00
      vertex   -2.455140e+00 7.000000e+00 -1.182333e+00
      vertex   -3.148583e+00 7.000000e+00 -1.528538e+00
    endloop
  endfacet
  facet normal 0.000000e+00 1.000000e+00 0.000000e+00
    outer loop
      vertex   -3.148583e+00 7.000000e+00 -1.528538e+00
      vertex   -2.455140e+00 7.000000e+00 -1.182333e+00
      vertex   -2.283790e+00 7.000000e+00 -1.486583e+00
    endloop
  endfacet
  facet normal -0.000000e+00 1.000000e+00 0.000000e+00
    outer loop
      vertex   -3.148583e+00 7.000000e+00 -1.528538e+00
      vertex   -2.283790e+00 7.000000e+00 -1.486583e+00
      vertex   -2.956166e+00 7.000000e+00 -1.873789e+00
    endloop
  endfacet
  facet normal 0.000000e+00 1.000000e+00 0.000000e+00
    outer loop
      vertex   -2.956166e+00 7.000000e+00 -1.873789e+00
      vertex   -2.283790e+00 7.000000e+00 -1.486583e+00
      vertex   -2.074940e+00 7.000000e+00 -1.766422e+00
    endloop
  endfacet
  facet normal -0.000000e+00 1.000000e+00 0.000000e+00
    outer loop
      vertex   -2.956166e+00 7.000000e+00 -1.873789e+00
      vertex   -2.074940e+00 7.000000e+00 -1.766422e+00
      vertex   -2.726049e+00 7.000000e+00 -2.195144e+00
    endloop
  endfacet
  facet normal 0.000000e+00 1.000000e+00 0.000000e+00
    outer loop
      vertex   -2.726049e+00 7.000000e+00 -2.195144e+00
      vertex   -2.074940e+00 7.000000e+00 -1.766422e+00
      vertex   -1.832020e+00 7.000000e+00 -2.017258e+00
    endloop
  endfacet
  facet normal -0.000000e+00 1.000000e+00 0.000000e+00
    outer loop
      vertex   -2.726049e+00 7.000000e+00 -2.195144e+00
      vertex   -1.832020e+00 7.000000e+00 -2.017258e+00
      vertex   -1.559018e+00 7.000000e+00 -2.234969e+00
    endloop
  endfacet
  facet normal 0.000000e+00 1.000000e+00 0.000000e+00
    outer loop
      vertex   -2.726049e+00 7.000000e+00 -2.195144e+00
      vertex   -1.559018e+00 7.000000e+00 -2.234969e+00
      vertex   -2.461167e+00 7.000000e+00 -2.488505e+00
    endloop
  endfacet
  facet normal 0.000000e+00 1.000000e+00 0.000000e+00
    outer loop
      vertex   -2.461167e+00 7.000000e+00 -2.488505e+00
      vertex   -1.559018e+00 7.000000e+00 -2.234969e+00
      vertex   -1.260417e+00 7.000000e+00 -2.415983e+00
    endloop
  endfacet
  facet normal -0.000000e+00 1.000000e+00 0.000000e+00
    outer loop
      vertex   -2.461167e+00 7.000000e+00 -2.488505e+00
      vertex   -1.260417e+00 7.000000e+00 -2.415983e+00
      vertex   -2.164899e+00 7.000000e+00 -2.750130e+00
    endloop
  endfacet
  facet normal 0.000000e+00 1.000000e+00 0.000000e+00
    outer loop
      vertex   -2.164899e+00 7.000000e+00 -2.750130e+00
      vertex   -1.260417e+00 7.000000e+00 -2.415983e+00
      vertex   -9.411198e-01 7.000000e+00 -2.557326e+00
    endloop
  endfacet
  facet normal -0.000000e+00 1.000000e+00 0.000000e+00
    outer loop
      vertex   -2.164899e+00 7.000000e+00 -2.750130e+00
      vertex   -9.411198e-01 7.000000e+00 -2.557326e+00
      vertex   -1.841021e+00 7.000000e+00 -2.976683e+00
    endloop
  endfacet
  facet normal 0.000000e+00 1.000000e+00 0.000000e+00
    outer loop
      vertex   -1.841021e+00 7.000000e+00 -2.976683e+00
      vertex   -9.411198e-01 7.000000e+00 -2.557326e+00
      vertex   -6.063695e-01 7.000000e+00 -2.656679e+00
    endloop
  endfacet
  facet normal -0.000000e+00 1.000000e+00 0.000000e+00
    outer loop
      vertex   -1.841021e+00 7.000000e+00 -2.976683e+00
      vertex   -6.063695e-01 7.000000e+00 -2.656679e+00
      vertex   -1.493666e+00 7.000000e+00 -3.165275e+00
    endloop
  endfacet
  facet normal -0.000000e+00 1.000000e+00 0.000000e+00
    outer loop
      vertex   -1.493666e+00 7.000000e+00 -3.165275e+00
      vertex   -6.063695e-01 7.000000e+00 -2.656679e+00
      vertex   -1.127261e+00 7.000000e+00 -3.313500e+00
    endloop
  endfacet
  facet normal 0.000000e+00 1.000000e+00 0.000000e+00
    outer loop
      vertex   -1.127261e+00 7.000000e+00 -3.313500e+00
      vertex   -6.063695e-01 7.000000e+00 -2.656679e+00
      vertex   -2.616627e-01 7.000000e+00 -2.712408e+00
    endloop
  endfacet
  facet normal -0.000000e+00 1.000000e+00 0.000000e+00
    outer loop
      vertex   -1.127261e+00 7.000000e+00 -3.313500e+00
      vertex   -2.616627e-01 7.000000e+00 -2.712408e+00
      vertex   -7.464814e-01 7.000000e+00 -3.419469e+00
    endloop
  endfacet
  facet normal -0.000000e+00 1.000000e+00 0.000000e+00
    outer loop
      vertex   -7.464814e-01 7.000000e+00 -3.419469e+00
      vertex   -2.616627e-01 7.000000e+00 -2.712408e+00
      vertex   -3.561816e-01 7.000000e+00 -3.481829e+00
    endloop
  endfacet
  facet normal 0.000000e+00 1.000000e+00 0.000000e+00
    outer loop
      vertex   -3.561816e-01 7.000000e+00 -3.481829e+00
      vertex   -2.616627e-01 7.000000e+00 -2.712408e+00
      vertex   8.734055e-02 7.000000e+00 -2.723600e+00
    endloop
  endfacet
  facet normal -0.000000e+00 1.000000e+00 0.000000e+00
    outer loop
      vertex   -3.561816e-01 7.000000e+00 -3.481829e+00
      vertex   8.734055e-02 7.000000e+00 -2.723600e+00
      vertex   3.866055e-02 7.000000e+00 -3.499786e+00
    endloop
  endfacet
  facet normal 0.000000e+00 1.000000e+00 0.000000e+00
    outer loop
      vertex   3.866055e-02 7.000000e+00 -3.499786e+00
      vertex   8.734055e-02 7.000000e+00 -2.723600e+00
      vertex   4.349097e-01 7.000000e+00 -2.690070e+00
    endloop
  endfacet
  facet normal 0.000000e+00 1.000000e+00 0.000000e+00
    outer loop
      vertex   3.866055e-02 7.000000e+00 -3.499786e+00
      vertex   4.349097e-01 7.000000e+00 -2.690070e+00
      vertex   7.753377e-01 7.000000e+00 -2.612370e+00
    endloop
  endfacet
  facet normal -0.000000e+00 1.000000e+00 0.000000e+00
    outer loop
      vertex   7.753377e-01 7.000000e+00 -2.612370e+00
      vertex   1.103035e+00 7.000000e+00 -2.491774e+00
      vertex   3.866055e-02 7.000000e+00 -3.499786e+00
    endloop
  endfacet
  facet normal 0.000000e+00 1.000000e+00 0.000000e+00
    outer loop
      vertex   3.866055e-02 7.000000e+00 -3.499786e+00
      vertex   1.103035e+00 7.000000e+00 -2.491774e+00
      vertex   1.412620e+00 7.000000e+00 -2.330264e+00
    endloop
  endfacet
  facet normal 0.000000e+00 1.000000e+00 0.000000e+00
    outer loop
      vertex   3.866055e-02 7.000000e+00 -3.499786e+00
      vertex   1.412620e+00 7.000000e+00 -2.330264e+00
      vertex   1.295923e+01 7.000000e+00 -3.357059e+00
    endloop
  endfacet
  facet normal 0.000000e+00 1.000000e+00 0.000000e+00
    outer loop
      vertex   1.295923e+01 7.000000e+00 -3.357059e+00
      vertex   1.412620e+00 7.000000e+00 -2.330264e+00
      vertex   1.699010e+00 7.000000e+00 -2.130491e+00
    endloop
  endfacet
  facet normal 0.000000e+00 1.000000e+00 0.000000e+00
    outer loop
      vertex   1.295923e+01 7.000000e+00 -3.357059e+00
      vertex   1.699010e+00 7.000000e+00 -2.130491e+00
      vertex   1.279456e+01 7.000000e+00 -2.697635e+00
    endloop
  endfacet
  facet normal 0.000000e+00 1.000000e+00 0.000000e+00
    outer loop
      vertex   1.279456e+01 7.000000e+00 -2.697635e+00
      vertex   1.699010e+00 7.000000e+00 -2.130491e+00
      vertex   1.957502e+00 7.000000e+00 -1.895735e+00
    endloop
  endfacet
  facet normal 0.000000e+00 1.000000e+00 0.000000e+00
    outer loop
      vertex   1.279456e+01 7.000000e+00 -2.697635e+00
      vertex   1.957502e+00 7.000000e+00 -1.895735e+00
      vertex   2.183852e+00 7.000000e+00 -1.629851e+00
    endloop
  endfacet
  facet normal 0.000000e+00 1.000000e+00 0.000000e+00
    outer loop
      vertex   1.279456e+01 7.000000e+00 -2.697635e+00
      vertex   2.183852e+00 7.000000e+00 -1.629851e+00
      vertex   1.266598e+01 7.000000e+00 -2.030236e+00
    endloop
  endfacet
  facet normal 0.000000e+00 1.000000e+00 0.000000e+00
    outer loop
      vertex   1.266598e+01 7.000000e+00 -2.030236e+00
      vertex   2.183852e+00 7.000000e+00 -1.629851e+00
      vertex   2.374343e+00 7.000000e+00 -1.337205e+00
    endloop
  endfacet
  facet normal 0.000000e+00 1.000000e+00 0.000000e+00
    outer loop
      vertex   1.266598e+01 7.000000e+00 -2.030236e+00
      vertex   2.374343e+00 7.000000e+00 -1.337205e+00
      vertex   1.257386e+01 7.000000e+00 -1.356835e+00
    endloop
  endfacet
  facet normal 0.000000e+00 1.000000e+00 0.000000e+00
    outer loop
      vertex   1.257386e+01 7.000000e+00 -1.356835e+00
      vertex   2.374343e+00 7.000000e+00 -1.337205e+00
      vertex   2.525848e+00 7.000000e+00 -1.022603e+00
    endloop
  endfacet
  facet normal 0.000000e+00 1.000000e+00 0.000000e+00
    outer loop
      vertex   1.257386e+01 7.000000e+00 -1.356835e+00
      vertex   2.525848e+00 7.000000e+00 -1.022603e+00
      vertex   2.635879e+00 7.000000e+00 -6.912087e-01
    endloop
  endfacet
  facet normal 0.000000e+00 1.000000e+00 0.000000e+00
    outer loop
      vertex   1.257386e+01 7.000000e+00 -1.356835e+00
      vertex   2.635879e+00 7.000000e+00 -6.912087e-01
      vertex   1.251848e+01 7.000000e+00 -6.794217e-01
    endloop
  endfacet
  facet normal 0.000000e+00 1.000000e+00 0.000000e+00
    outer loop
      vertex   1.251848e+01 7.000000e+00 -6.794217e-01
      vertex   2.635879e+00 7.000000e+00 -6.912087e-01
      vertex   2.702628e+00 7.000000e+00 -3.484653e-01
    endloop
  endfacet
  facet normal 0.000000e+00 1.000000e+00 0.000000e+00
    outer loop
      vertex   1.251848e+01 7.000000e+00 -6.794217e-01
      vertex   2.702628e+00 7.000000e+00 -3.484653e-01
      vertex   1.250000e+01 7.000000e+00 -5.551115e-16
    endloop
  endfacet
  facet normal 8.660254e-01 0.000000e+00 -5.000000e-01
    outer loop
      vertex   2.338342e+01 0.000000e+00 2.800000e+00
      vertex   2.176684e+01 0.000000e+00 2.775558e-15
      vertex   2.338342e+01 1.500000e+00 2.800000e+00
    endloop
  endfacet
  facet normal 8.660254e-01 -6.832166e-17 -5.000000e-01
    outer loop
      vertex   2.338342e+01 1.500000e+00 2.800000e+00
      vertex   2.176684e+01 0.000000e+00 2.775558e-15
      vertex   2.176684e+01 1.500000e+00 2.775558e-15
    endloop
  endfacet
  facet normal 8.660254e-01 1.314768e-31 5.000000e-01
    outer loop
      vertex   2.176684e+01 0.000000e+00 2.775558e-15
      vertex   2.338342e+01 0.000000e+00 -2.800000e+00
      vertex   2.176684e+01 1.500000e+00 2.775558e-15
    endloop
  endfacet
  facet normal 8.660254e-01 4.251066e-17 5.000000e-01
    outer loop
      vertex   2.176684e+01 1.500000e+00 2.775558e-15
      vertex   2.338342e+01 0.000000e+00 -2.800000e+00
      vertex   2.338342e+01 1.500000e+00 -2.800000e+00
    endloop
  endfacet
  facet normal 2.747090e-16 -0.000000e+00 1.000000e+00
    outer loop
      vertex   2.338342e+01 0.000000e+00 -2.800000e+00
      vertex   2.661658e+01 0.000000e+00 -2.800000e+00
      vertex   2.338342e+01 1.500000e+00 -2.800000e+00
    endloop
  endfacet
  facet normal 2.747090e-16 0.000000e+00 1.000000e+00
    outer loop
      vertex   2.338342e+01 1.500000e+00 -2.800000e+00
      vertex   2.661658e+01 0.000000e+00 -2.800000e+00
      vertex   2.661658e+01 1.500000e+00 -2.800000e+00
    endloop
  endfacet
  facet normal -8.660254e-01 0.000000e+00 5.000000e-01
    outer loop
      vertex   2.661658e+01 0.000000e+00 -2.800000e+00
      vertex   2.823316e+01 0.000000e+00 -4.440892e-15
      vertex   2.661658e+01 1.500000e+00 -2.800000e+00
    endloop
  endfacet
  facet normal -8.660254e-01 4.611681e-17 5.000000e-01
    outer loop
      vertex   2.661658e+01 1.500000e+00 -2.800000e+00
      vertex   2.823316e+01 0.000000e+00 -4.440892e-15
      vertex   2.823316e+01 1.500000e+00 -4.440892e-15
    endloop
  endfacet
  facet normal -8.660254e-01 0.000000e+00 -5.000000e-01
    outer loop
      vertex   2.823316e+01 0.000000e+00 -4.440892e-15
      vertex   2.661658e+01 0.000000e+00 2.800000e+00
      vertex   2.823316e+01 1.500000e+00 -4.440892e-15
    endloop
  endfacet
  facet normal -8.660254e-01 1.195598e-17 -5.000000e-01
    outer loop
      vertex   2.823316e+01 1.500000e+00 -4.440892e-15
      vertex   2.661658e+01 0.000000e+00 2.800000e+00
      vertex   2.661658e+01 1.500000e+00 2.800000e+00
    endloop
  endfacet
  facet normal -4.120634e-16 0.000000e+00 -1.000000e+00
    outer loop
      vertex   2.661658e+01 0.000000e+00 2.800000e+00
      vertex   2.338342e+01 0.000000e+00 2.800000e+00
      vertex   2.661658e+01 1.500000e+00 2.800000e+00
    endloop
  endfacet
  facet normal -4.120634e-16 0.000000e+00 -1.000000e+00
    outer loop
      vertex   2.661658e+01 1.500000e+00 2.800000e+00
      vertex   2.338342e+01 0.000000e+00 2.800000e+00
      vertex   2.338342e+01 1.500000e+00 2.800000e+00
    endloop
  endfacet
  facet normal 0.000000e+00 -1.000000e+00 0.000000e+00
    outer loop
      vertex   2.342182e+01 1.500000e+00 -2.633513e-01
      vertex   2.340000e+01 1.500000e+00 -1.861278e-15
      vertex   2.176684e+01 1.500000e+00 2.775558e-15
    endloop
  endfacet
  facet normal 0.000000e+00 -1.000000e+00 0.000000e+00
    outer loop
      vertex   2.176684e+01 1.500000e+00 2.775558e-15
      vertex   2.340000e+01 1.500000e+00 -1.861278e-15
      vertex   2.342182e+01 1.500000e+00 2.633513e-01
    endloop
  endfacet
  facet normal 0.000000e+00 -1.000000e+00 0.000000e+00
    outer loop
      vertex   2.176684e+01 1.500000e+00 2.775558e-15
      vertex   2.342182e+01 1.500000e+00 2.633513e-01
      vertex   2.348669e+01 1.500000e+00 5.195192e-01
    endloop
  endfacet
  facet normal -0.000000e+00 -1.000000e+00 0.000000e+00
    outer loop
      vertex   2.348669e+01 1.500000e+00 5.195192e-01
      vertex   2.359284e+01 1.500000e+00 7.615158e-01
      vertex   2.176684e+01 1.500000e+00 2.775558e-15
    endloop
  endfacet
  facet normal 0.000000e+00 -1.000000e+00 0.000000e+00
    outer loop
      vertex   2.176684e+01 1.500000e+00 2.775558e-15
      vertex   2.359284e+01 1.500000e+00 7.615158e-01
      vertex   2.338342e+01 1.500000e+00 2.800000e+00
    endloop
  endfacet
  facet normal 0.000000e+00 -1.000000e+00 0.000000e+00
    outer loop
      vertex   2.338342e+01 1.500000e+00 2.800000e+00
      vertex   2.359284e+01 1.500000e+00 7.615158e-01
      vertex   2.373738e+01 1.500000e+00 9.827403e-01
    endloop
  endfacet
  facet normal 0.000000e+00 -1.000000e+00 0.000000e+00
    outer loop
      vertex   2.338342e+01 1.500000e+00 2.800000e+00
      vertex   2.373738e+01 1.500000e+00 9.827403e-01
      vertex   2.391635e+01 1.500000e+00 1.177158e+00
    endloop
  endfacet
  facet normal 0.000000e+00 -1.000000e+00 0.000000e+00
    outer loop
      vertex   2.391635e+01 1.500000e+00 1.177158e+00
      vertex   2.412488e+01 1.500000e+00 1.339466e+00
      vertex   2.338342e+01 1.500000e+00 2.800000e+00
    endloop
  endfacet
  facet normal 0.000000e+00 -1.000000e+00 0.000000e+00
    outer loop
      vertex   2.338342e+01 1.500000e+00 2.800000e+00
      vertex   2.412488e+01 1.500000e+00 1.339466e+00
      vertex   2.435729e+01 1.500000e+00 1.465237e+00
    endloop
  endfacet
  facet normal 0.000000e+00 -1.000000e+00 0.000000e+00
    outer loop
      vertex   2.338342e+01 1.500000e+00 2.800000e+00
      vertex   2.435729e+01 1.500000e+00 1.465237e+00
      vertex   2.460722e+01 1.500000e+00 1.551040e+00
    endloop
  endfacet
  facet normal 0.000000e+00 -1.000000e+00 0.000000e+00
    outer loop
      vertex   2.460722e+01 1.500000e+00 1.551040e+00
      vertex   2.486787e+01 1.500000e+00 1.594535e+00
      vertex   2.338342e+01 1.500000e+00 2.800000e+00
    endloop
  endfacet
  facet normal 0.000000e+00 -1.000000e+00 0.000000e+00
    outer loop
      vertex   2.338342e+01 1.500000e+00 2.800000e+00
      vertex   2.486787e+01 1.500000e+00 1.594535e+00
      vertex   2.513213e+01 1.500000e+00 1.594535e+00
    endloop
  endfacet
  facet normal 0.000000e+00 -1.000000e+00 0.000000e+00
    outer loop
      vertex   2.338342e+01 1.500000e+00 2.800000e+00
      vertex   2.513213e+01 1.500000e+00 1.594535e+00
      vertex   2.661658e+01 1.500000e+00 2.800000e+00
    endloop
  endfacet
  facet normal 0.000000e+00 -1.000000e+00 0.000000e+00
    outer loop
      vertex   2.661658e+01 1.500000e+00 2.800000e+00
      vertex   2.513213e+01 1.500000e+00 1.594535e+00
      vertex   2.539278e+01 1.500000e+00 1.551040e+00
    endloop
  endfacet
  facet normal 0.000000e+00 -1.000000e+00 0.000000e+00
    outer loop
      vertex   2.661658e+01 1.500000e+00 2.800000e+00
      vertex   2.539278e+01 1.500000e+00 1.551040e+00
      vertex   2.564271e+01 1.500000e+00 1.465237e+00
    endloop
  endfacet
  facet normal 0.000000e+00 -1.000000e+00 0.000000e+00
    outer loop
      vertex   2.564271e+01 1.500000e+00 1.465237e+00
      vertex   2.587512e+01 1.500000e+00 1.339466e+00
      vertex   2.661658e+01 1.500000e+00 2.800000e+00
    endloop
  endfacet
  facet normal 0.000000e+00 -1.000000e+00 0.000000e+00
    outer loop
      vertex   2.661658e+01 1.500000e+00 2.800000e+00
      vertex   2.587512e+01 1.500000e+00 1.339466e+00
      vertex   2.608365e+01 1.500000e+00 1.177158e+00
    endloop
  endfacet
  facet normal 0.000000e+00 -1.000000e+00 0.000000e+00
    outer loop
      vertex   2.661658e+01 1.500000e+00 2.800000e+00
      vertex   2.608365e+01 1.500000e+00 1.177158e+00
      vertex   2.626262e+01 1.500000e+00 9.827403e-01
    endloop
  endfacet
  facet normal 0.000000e+00 -1.000000e+00 0.000000e+00
    outer loop
      vertex   2.626262e+01 1.500000e+00 9.827403e-01
      vertex   2.640716e+01 1.500000e+00 7.615158e-01
      vertex   2.661658e+01 1.500000e+00 2.800000e+00
    endloop
  endfacet
  facet normal 0.000000e+00 -1.000000e+00 -0.000000e+00
    outer loop
      vertex   2.661658e+01 1.500000e+00 2.800000e+00
      vertex   2.640716e+01 1.500000e+00 7.615158e-01
      vertex   2.823316e+01 1.500000e+00 -4.440892e-15
    endloop
  endfacet
  facet normal 0.000000e+00 -1.000000e+00 0.000000e+00
    outer loop
      vertex   2.823316e+01 1.500000e+00 -4.440892e-15
      vertex   2.640716e+01 1.500000e+00 7.615158e-01
      vertex   2.651331e+01 1.500000e+00 5.195192e-01
    endloop
  endfacet
  facet normal 0.000000e+00 -1.000000e+00 0.000000e+00
    outer loop
      vertex   2.823316e+01 1.500000e+00 -4.440892e-15
      vertex   2.651331e+01 1.500000e+00 5.195192e-01
      vertex   2.657818e+01 1.500000e+00 2.633513e-01
    endloop
  endfacet
  facet normal 0.000000e+00 -1.000000e+00 0.000000e+00
    outer loop
      vertex   2.657818e+01 1.500000e+00 2.633513e-01
      vertex   2.660000e+01 1.500000e+00 -1.861278e-15
      vertex   2.823316e+01 1.500000e+00 -4.440892e-15
    endloop
  endfacet
  facet normal -0.000000e+00 -1.000000e+00 0.000000e+00
    outer loop
      vertex   2.823316e+01 1.500000e+00 -4.440892e-15
      vertex   2.660000e+01 1.500000e+00 -1.861278e-15
      vertex   2.657818e+01 1.500000e+00 -2.633513e-01
    endloop
  endfacet
  facet normal 0.000000e+00 -1.000000e+00 0.000000e+00
    outer loop
      vertex   2.823316e+01 1.500000e+00 -4.440892e-15
      vertex   2.657818e+01 1.500000e+00 -2.633513e-01
      vertex   2.651331e+01 1.500000e+00 -5.195192e-01
    endloop
  endfacet
  facet normal 0.000000e+00 -1.000000e+00 -0.000000e+00
    outer loop
      vertex   2.651331e+01 1.500000e+00 -5.195192e-01
      vertex   2.640716e+01 1.500000e+00 -7.615158e-01
      vertex   2.823316e+01 1.500000e+00 -4.440892e-15
    endloop
  endfacet
  facet normal 0.000000e+00 -1.000000e+00 0.000000e+00
    outer loop
      vertex   2.823316e+01 1.500000e+00 -4.440892e-15
      vertex   2.640716e+01 1.500000e+00 -7.615158e-01
      vertex   2.661658e+01 1.500000e+00 -2.800000e+00
    endloop
  endfacet
  facet normal 0.000000e+00 -1.000000e+00 0.000000e+00
    outer loop
      vertex   2.661658e+01 1.500000e+00 -2.800000e+00
      vertex   2.640716e+01 1.500000e+00 -7.615158e-01
      vertex   2.626262e+01 1.500000e+00 -9.827403e-01
    endloop
  endfacet
  facet normal 0.000000e+00 -1.000000e+00 0.000000e+00
    outer loop
      vertex   2.661658e+01 1.500000e+00 -2.800000e+00
      vertex   2.626262e+01 1.500000e+00 -9.827403e-01
      vertex   2.608365e+01 1.500000e+00 -1.177158e+00
    endloop
  endfacet
  facet normal 0.000000e+00 -1.000000e+00 -0.000000e+00
    outer loop
      vertex   2.608365e+01 1.500000e+00 -1.177158e+00
      vertex   2.587512e+01 1.500000e+00 -1.339466e+00
      vertex   2.661658e+01 1.500000e+00 -2.800000e+00
    endloop
  endfacet
  facet normal 0.000000e+00 -1.000000e+00 0.000000e+00
    outer loop
      vertex   2.661658e+01 1.500000e+00 -2.800000e+00
      vertex   2.587512e+01 1.500000e+00 -1.339466e+00
      vertex   2.564271e+01 1.500000e+00 -1.465237e+00
    endloop
  endfacet
  facet normal 0.000000e+00 -1.000000e+00 0.000000e+00
    outer loop
      vertex   2.661658e+01 1.500000e+00 -2.800000e+00
      vertex   2.564271e+01 1.500000e+00 -1.465237e+00
      vertex   2.539278e+01 1.500000e+00 -1.551040e+00
    endloop
  endfacet
  facet normal 0.000000e+00 -1.000000e+00 -0.000000e+00
    outer loop
      vertex   2.539278e+01 1.500000e+00 -1.551040e+00
      vertex   2.513213e+01 1.500000e+00 -1.594535e+00
      vertex   2.661658e+01 1.500000e+00 -2.800000e+00
    endloop
  endfacet
  facet normal 0.000000e+00 -1.000000e+00 0.000000e+00
    outer loop
      vertex   2.661658e+01 1.500000e+00 -2.800000e+00
      vertex   2.513213e+01 1.500000e+00 -1.594535e+00
      vertex   2.486787e+01 1.500000e+00 -1.594535e+00
    endloop
  endfacet
  facet normal 0.000000e+00 -1.000000e+00 0.000000e+00
    outer loop
      vertex   2.661658e+01 1.500000e+00 -2.800000e+00
      vertex   2.486787e+01 1.500000e+00 -1.594535e+00
      vertex   2.338342e+01 1.500000e+00 -2.800000e+00
    endloop
  endfacet
  facet normal 0.000000e+00 -1.000000e+00 0.000000e+00
    outer loop
      vertex   2.338342e+01 1.500000e+00 -2.800000e+00
      vertex   2.486787e+01 1.500000e+00 -1.594535e+00
      vertex   2.460722e+01 1.500000e+00 -1.551040e+00
    endloop
  endfacet
  facet normal 0.000000e+00 -1.000000e+00 0.000000e+00
    outer loop
      vertex   2.338342e+01 1.500000e+00 -2.800000e+00
      vertex   2.460722e+01 1.500000e+00 -1.551040e+00
      vertex   2.435729e+01 1.500000e+00 -1.465237e+00
    endloop
  endfacet
  facet normal -0.000000e+00 -1.000000e+00 0.000000e+00
    outer loop
      vertex   2.435729e+01 1.500000e+00 -1.465237e+00
      vertex   2.412488e+01 1.500000e+00 -1.339466e+00
      vertex   2.338342e+01 1.500000e+00 -2.800000e+00
    endloop
  endfacet
  facet normal 0.000000e+00 -1.000000e+00 0.000000e+00
    outer loop
      vertex   2.338342e+01 1.500000e+00 -2.800000e+00
      vertex   2.412488e+01 1.500000e+00 -1.339466e+00
      vertex   2.391635e+01 1.500000e+00 -1.177158e+00
    endloop
  endfacet
  facet normal 0.000000e+00 -1.000000e+00 0.000000e+00
    outer loop
      vertex   2.338342e+01 1.500000e+00 -2.800000e+00
      vertex   2.391635e+01 1.500000e+00 -1.177158e+00
      vertex   2.373738e+01 1.500000e+00 -9.827403e-01
    endloop
  endfacet
  facet normal -0.000000e+00 -1.000000e+00 0.000000e+00
    outer loop
      vertex   2.373738e+01 1.500000e+00 -9.827403e-01
      vertex   2.359284e+01 1.500000e+00 -7.615158e-01
      vertex   2.338342e+01 1.500000e+00 -2.800000e+00
    endloop
  endfacet
  facet normal 0.000000e+00 -1.000000e+00 0.000000e+00
    outer loop
      vertex   2.338342e+01 1.500000e+00 -2.800000e+00
      vertex   2.359284e+01 1.500000e+00 -7.615158e-01
      vertex   2.176684e+01 1.500000e+00 2.775558e-15
    endloop
  endfacet
  facet normal 0.000000e+00 -1.000000e+00 0.000000e+00
    outer loop
      vertex   2.176684e+01 1.500000e+00 2.775558e-15
      vertex   2.359284e+01 1.500000e+00 -7.615158e-01
      vertex   2.348669e+01 1.500000e+00 -5.195192e-01
    endloop
  endfacet
  facet normal 0.000000e+00 -1.000000e+00 0.000000e+00
    outer loop
      vertex   2.176684e+01 1.500000e+00 2.775558e-15
      vertex   2.348669e+01 1.500000e+00 -5.195192e-01
      vertex   2.342182e+01 1.500000e+00 -2.633513e-01
    endloop
  endfacet
  facet normal 9.965845e-01 -2.619471e-18 8.257935e-02
    outer loop
      vertex   2.342182e+01 1.500000e+00 -2.633513e-01
      vertex   2.342182e+01 5.000000e+00 -2.633513e-01
      vertex   2.340000e+01 1.500000e+00 -1.861278e-15
    endloop
  endfacet
  facet normal 9.965845e-01 -4.623110e-18 8.257935e-02
    outer loop
      vertex   2.340000e+01 1.500000e+00 -1.861278e-15
      vertex   2.342182e+01 5.000000e+00 -2.633513e-01
      vertex   2.340000e+01 5.000000e+00 -1.665335e-15
    endloop
  endfacet
  facet normal 9.965845e-01 4.623110e-18 -8.257935e-02
    outer loop
      vertex   2.340000e+01 1.500000e+00 -1.861278e-15
      vertex   2.340000e+01 5.000000e+00 -1.665335e-15
      vertex   2.342182e+01 1.500000e+00 2.633513e-01
    endloop
  endfacet
  facet normal 9.965845e-01 1.998303e-15 -8.257935e-02
    outer loop
      vertex   2.342182e+01 1.500000e+00 2.633513e-01
      vertex   2.340000e+01 5.000000e+00 -1.665335e-15
      vertex   2.342182e+01 5.000000e+00 2.633513e-01
    endloop
  endfacet
  facet normal 9.694003e-01 1.894025e-15 -2.454855e-01
    outer loop
      vertex   2.342182e+01 1.500000e+00 2.633513e-01
      vertex   2.342182e+01 5.000000e+00 2.633513e-01
      vertex   2.348669e+01 1.500000e+00 5.195192e-01
    endloop
  endfacet
  facet normal 9.694003e-01 -3.114784e-17 -2.454855e-01
    outer loop
      vertex   2.348669e+01 1.500000e+00 5.195192e-01
      vertex   2.342182e+01 5.000000e+00 2.633513e-01
      vertex   2.348669e+01 5.000000e+00 5.195192e-01
    endloop
  endfacet
  facet normal 9.157733e-01 -5.096817e-17 -4.016954e-01
    outer loop
      vertex   2.348669e+01 1.500000e+00 5.195192e-01
      vertex   2.348669e+01 5.000000e+00 5.195192e-01
      vertex   2.359284e+01 1.500000e+00 7.615158e-01
    endloop
  endfacet
  facet normal 9.157733e-01 -1.019363e-16 -4.016954e-01
    outer loop
      vertex   2.359284e+01 1.500000e+00 7.615158e-01
      vertex   2.348669e+01 5.000000e+00 5.195192e-01
      vertex   2.359284e+01 5.000000e+00 7.615158e-01
    endloop
  endfacet
  facet normal 8.371665e-01 -1.387964e-16 -5.469482e-01
    outer loop
      vertex   2.359284e+01 1.500000e+00 7.615158e-01
      vertex   2.359284e+01 5.000000e+00 7.615158e-01
      vertex   2.373738e+01 1.500000e+00 9.827403e-01
    endloop
  endfacet
  facet normal 8.371665e-01 -3.469911e-17 -5.469482e-01
    outer loop
      vertex   2.373738e+01 1.500000e+00 9.827403e-01
      vertex   2.359284e+01 5.000000e+00 7.615158e-01
      vertex   2.373738e+01 5.000000e+00 9.827403e-01
    endloop
  endfacet
  facet normal 7.357239e-01 -4.296763e-17 -6.772816e-01
    outer loop
      vertex   2.373738e+01 1.500000e+00 9.827403e-01
      vertex   2.373738e+01 5.000000e+00 9.827403e-01
      vertex   2.391635e+01 1.500000e+00 1.177158e+00
    endloop
  endfacet
  facet normal 7.357239e-01 -1.289029e-16 -6.772816e-01
    outer loop
      vertex   2.391635e+01 1.500000e+00 1.177158e+00
      vertex   2.373738e+01 5.000000e+00 9.827403e-01
      vertex   2.391635e+01 5.000000e+00 1.177158e+00
    endloop
  endfacet
  facet normal 6.142127e-01 -1.501923e-16 -7.891405e-01
    outer loop
      vertex   2.391635e+01 1.500000e+00 1.177158e+00
      vertex   2.391635e+01 5.000000e+00 1.177158e+00
      vertex   2.412488e+01 1.500000e+00 1.339466e+00
    endloop
  endfacet
  facet normal 6.142127e-01 -5.006411e-17 -7.891405e-01
    outer loop
      vertex   2.412488e+01 1.500000e+00 1.339466e+00
      vertex   2.391635e+01 5.000000e+00 1.177158e+00
      vertex   2.412488e+01 5.000000e+00 1.339466e+00
    endloop
  endfacet
  facet normal 4.759474e-01 -5.579497e-17 -8.794738e-01
    outer loop
      vertex   2.412488e+01 1.500000e+00 1.339466e+00
      vertex   2.412488e+01 5.000000e+00 1.339466e+00
      vertex   2.435729e+01 1.500000e+00 1.465237e+00
    endloop
  endfacet
  facet normal 4.759474e-01 5.579497e-17 -8.794738e-01
    outer loop
      vertex   2.435729e+01 1.500000e+00 1.465237e+00
      vertex   2.412488e+01 5.000000e+00 1.339466e+00
      vertex   2.435729e+01 5.000000e+00 1.465237e+00
    endloop
  endfacet
  facet normal 3.246995e-01 6.000389e-17 -9.458172e-01
    outer loop
      vertex   2.435729e+01 1.500000e+00 1.465237e+00
      vertex   2.435729e+01 5.000000e+00 1.465237e+00
      vertex   2.460722e+01 1.500000e+00 1.551040e+00
    endloop
  endfacet
  facet normal 3.246995e-01 3.295898e-16 -9.458172e-01
    outer loop
      vertex   2.460722e+01 1.500000e+00 1.551040e+00
      vertex   2.435729e+01 5.000000e+00 1.465237e+00
      vertex   2.460722e+01 5.000000e+00 1.551040e+00
    endloop
  endfacet
  facet normal 1.645946e-01 1.670736e-16 -9.863613e-01
    outer loop
      vertex   2.460722e+01 1.500000e+00 1.551040e+00
      vertex   2.460722e+01 5.000000e+00 1.551040e+00
      vertex   2.486787e+01 1.500000e+00 1.594535e+00
    endloop
  endfacet
  facet normal 1.645946e-01 0.000000e+00 -9.863613e-01
    outer loop
      vertex   2.486787e+01 1.500000e+00 1.594535e+00
      vertex   2.460722e+01 5.000000e+00 1.551040e+00
      vertex   2.486787e+01 5.000000e+00 1.594535e+00
    endloop
  endfacet
  facet normal 0.000000e+00 0.000000e+00 -1.000000e+00
    outer loop
      vertex   2.486787e+01 1.500000e+00 1.594535e+00
      vertex   2.486787e+01 5.000000e+00 1.594535e+00
      vertex   2.513213e+01 1.500000e+00 1.594535e+00
    endloop
  endfacet
  facet normal 0.000000e+00 0.000000e+00 -1.000000e+00
    outer loop
      vertex   2.513213e+01 1.500000e+00 1.594535e+00
      vertex   2.486787e+01 5.000000e+00 1.594535e+00
      vertex   2.513213e+01 5.000000e+00 1.594535e+00
    endloop
  endfacet
  facet normal -1.645946e-01 0.000000e+00 -9.863613e-01
    outer loop
      vertex   2.513213e+01 1.500000e+00 1.594535e+00
      vertex   2.513213e+01 5.000000e+00 1.594535e+00
      vertex   2.539278e+01 1.500000e+00 1.551040e+00
    endloop
  endfacet
  facet normal -1.645946e-01 0.000000e+00 -9.863613e-01
    outer loop
      vertex   2.539278e+01 1.500000e+00 1.551040e+00
      vertex   2.513213e+01 5.000000e+00 1.594535e+00
      vertex   2.539278e+01 5.000000e+00 1.551040e+00
    endloop
  endfacet
  facet normal -3.246995e-01 0.000000e+00 -9.458172e-01
    outer loop
      vertex   2.539278e+01 1.500000e+00 1.551040e+00
      vertex   2.539278e+01 5.000000e+00 1.551040e+00
      vertex   2.564271e+01 1.500000e+00 1.465237e+00
    endloop
  endfacet
  facet normal -3.246995e-01 0.000000e+00 -9.458172e-01
    outer loop
      vertex   2.564271e+01 1.500000e+00 1.465237e+00
      vertex   2.539278e+01 5.000000e+00 1.551040e+00
      vertex   2.564271e+01 5.000000e+00 1.465237e+00
    endloop
  endfacet
  facet normal -4.759474e-01 0.000000e+00 -8.794738e-01
    outer loop
      vertex   2.564271e+01 1.500000e+00 1.465237e+00
      vertex   2.564271e+01 5.000000e+00 1.465237e+00
      vertex   2.587512e+01 1.500000e+00 1.339466e+00
    endloop
  endfacet
  facet normal -4.759474e-01 0.000000e+00 -8.794738e-01
    outer loop
      vertex   2.587512e+01 1.500000e+00 1.339466e+00
      vertex   2.564271e+01 5.000000e+00 1.465237e+00
      vertex   2.587512e+01 5.000000e+00 1.339466e+00
    endloop
  endfacet
  facet normal -6.142127e-01 0.000000e+00 -7.891405e-01
    outer loop
      vertex   2.587512e+01 1.500000e+00 1.339466e+00
      vertex   2.587512e+01 5.000000e+00 1.339466e+00
      vertex   2.608365e+01 1.500000e+00 1.177158e+00
    endloop
  endfacet
  facet normal -6.142127e-01 -4.232070e-16 -7.891405e-01
    outer loop
      vertex   2.608365e+01 1.500000e+00 1.177158e+00
      vertex   2.587512e+01 5.000000e+00 1.339466e+00
      vertex   2.608365e+01 5.000000e+00 1.177158e+00
    endloop
  endfacet
  facet normal -7.357239e-01 -5.749342e-16 -6.772816e-01
    outer loop
      vertex   2.608365e+01 1.500000e+00 1.177158e+00
      vertex   2.608365e+01 5.000000e+00 1.177158e+00
      vertex   2.626262e+01 1.500000e+00 9.827403e-01
    endloop
  endfacet
  facet normal -7.357239e-01 2.148382e-17 -6.772816e-01
    outer loop
      vertex   2.626262e+01 1.500000e+00 9.827403e-01
      vertex   2.608365e+01 5.000000e+00 1.177158e+00
      vertex   2.626262e+01 5.000000e+00 9.827403e-01
    endloop
  endfacet
  facet normal -8.371665e-01 1.734956e-17 -5.469482e-01
    outer loop
      vertex   2.626262e+01 1.500000e+00 9.827403e-01
      vertex   2.626262e+01 5.000000e+00 9.827403e-01
      vertex   2.640716e+01 1.500000e+00 7.615158e-01
    endloop
  endfacet
  facet normal -8.371665e-01 5.204867e-17 -5.469482e-01
    outer loop
      vertex   2.640716e+01 1.500000e+00 7.615158e-01
      vertex   2.626262e+01 5.000000e+00 9.827403e-01
      vertex   2.640716e+01 5.000000e+00 7.615158e-01
    endloop
  endfacet
  facet normal -9.157733e-01 3.822613e-17 -4.016954e-01
    outer loop
      vertex   2.640716e+01 1.500000e+00 7.615158e-01
      vertex   2.640716e+01 5.000000e+00 7.615158e-01
      vertex   2.651331e+01 1.500000e+00 5.195192e-01
    endloop
  endfacet
  facet normal -9.157733e-01 3.822613e-17 -4.016954e-01
    outer loop
      vertex   2.651331e+01 1.500000e+00 5.195192e-01
      vertex   2.640716e+01 5.000000e+00 7.615158e-01
      vertex   2.651331e+01 5.000000e+00 5.195192e-01
    endloop
  endfacet
  facet normal -9.694003e-01 2.336088e-17 -2.454855e-01
    outer loop
      vertex   2.651331e+01 1.500000e+00 5.195192e-01
      vertex   2.651331e+01 5.000000e+00 5.195192e-01
      vertex   2.657818e+01 1.500000e+00 2.633513e-01
    endloop
  endfacet
  facet normal -9.694003e-01 2.725436e-17 -2.454855e-01
    outer loop
      vertex   2.657818e+01 1.500000e+00 2.633513e-01
      vertex   2.651331e+01 5.000000e+00 5.195192e-01
      vertex   2.657818e+01 5.000000e+00 2.633513e-01
    endloop
  endfacet
  facet normal -9.965845e-01 9.168149e-18 -8.257935e-02
    outer loop
      vertex   2.657818e+01 1.500000e+00 2.633513e-01
      vertex   2.657818e+01 5.000000e+00 2.633513e-01
      vertex   2.660000e+01 1.500000e+00 -1.861278e-15
    endloop
  endfacet
  facet normal -9.965845e-01 0.000000e+00 -8.257935e-02
    outer loop
      vertex   2.660000e+01 1.500000e+00 -1.861278e-15
      vertex   2.657818e+01 5.000000e+00 2.633513e-01
      vertex   2.660000e+01 5.000000e+00 -1.861278e-15
    endloop
  endfacet
  facet normal -9.965845e-01 0.000000e+00 8.257935e-02
    outer loop
      vertex   2.660000e+01 1.500000e+00 -1.861278e-15
      vertex   2.660000e+01 5.000000e+00 -1.861278e-15
      vertex   2.657818e+01 1.500000e+00 -2.633513e-01
    endloop
  endfacet
  facet normal -9.965845e-01 1.702656e-17 8.257935e-02
    outer loop
      vertex   2.657818e+01 1.500000e+00 -2.633513e-01
      vertex   2.660000e+01 5.000000e+00 -1.861278e-15
      vertex   2.657818e+01 5.000000e+00 -2.633513e-01
    endloop
  endfacet
  facet normal -9.694003e-01 5.061525e-17 2.454855e-01
    outer loop
      vertex   2.657818e+01 1.500000e+00 -2.633513e-01
      vertex   2.657818e+01 5.000000e+00 -2.633513e-01
      vertex   2.651331e+01 1.500000e+00 -5.195192e-01
    endloop
  endfacet
  facet normal -9.694003e-01 0.000000e+00 2.454855e-01
    outer loop
      vertex   2.651331e+01 1.500000e+00 -5.195192e-01
      vertex   2.657818e+01 5.000000e+00 -2.633513e-01
      vertex   2.651331e+01 5.000000e+00 -5.195192e-01
    endloop
  endfacet
  facet normal -9.157733e-01 0.000000e+00 4.016954e-01
    outer loop
      vertex   2.651331e+01 1.500000e+00 -5.195192e-01
      vertex   2.651331e+01 5.000000e+00 -5.195192e-01
      vertex   2.640716e+01 1.500000e+00 -7.615158e-01
    endloop
  endfacet
  facet normal -9.157733e-01 7.645226e-17 4.016954e-01
    outer loop
      vertex   2.640716e+01 1.500000e+00 -7.615158e-01
      vertex   2.651331e+01 5.000000e+00 -5.195192e-01
      vertex   2.640716e+01 5.000000e+00 -7.615158e-01
    endloop
  endfacet
  facet normal -8.371665e-01 1.040973e-16 5.469482e-01
    outer loop
      vertex   2.640716e+01 1.500000e+00 -7.615158e-01
      vertex   2.640716e+01 5.000000e+00 -7.615158e-01
      vertex   2.626262e+01 1.500000e+00 -9.827403e-01
    endloop
  endfacet
  facet normal -8.371665e-01 0.000000e+00 5.469482e-01
    outer loop
      vertex   2.626262e+01 1.500000e+00 -9.827403e-01
      vertex   2.640716e+01 5.000000e+00 -7.615158e-01
      vertex   2.626262e+01 5.000000e+00 -9.827403e-01
    endloop
  endfacet
  facet normal -7.357239e-01 0.000000e+00 6.772816e-01
    outer loop
      vertex   2.626262e+01 1.500000e+00 -9.827403e-01
      vertex   2.626262e+01 5.000000e+00 -9.827403e-01
      vertex   2.608365e+01 1.500000e+00 -1.177158e+00
    endloop
  endfacet
  facet normal -7.357239e-01 4.296763e-17 6.772816e-01
    outer loop
      vertex   2.608365e+01 1.500000e+00 -1.177158e+00
      vertex   2.626262e+01 5.000000e+00 -9.827403e-01
      vertex   2.608365e+01 5.000000e+00 -1.177158e+00
    endloop
  endfacet
  facet normal -6.142127e-01 5.006411e-17 7.891405e-01
    outer loop
      vertex   2.608365e+01 1.500000e+00 -1.177158e+00
      vertex   2.608365e+01 5.000000e+00 -1.177158e+00
      vertex   2.587512e+01 1.500000e+00 -1.339466e+00
    endloop
  endfacet
  facet normal -6.142127e-01 0.000000e+00 7.891405e-01
    outer loop
      vertex   2.587512e+01 1.500000e+00 -1.339466e+00
      vertex   2.608365e+01 5.000000e+00 -1.177158e+00
      vertex   2.587512e+01 5.000000e+00 -1.339466e+00
    endloop
  endfacet
  facet normal -4.759474e-01 0.000000e+00 8.794738e-01
    outer loop
      vertex   2.587512e+01 1.500000e+00 -1.339466e+00
      vertex   2.587512e+01 5.000000e+00 -1.339466e+00
      vertex   2.564271e+01 1.500000e+00 -1.465237e+00
    endloop
  endfacet
  facet normal -4.759474e-01 0.000000e+00 8.794738e-01
    outer loop
      vertex   2.564271e+01 1.500000e+00 -1.465237e+00
      vertex   2.587512e+01 5.000000e+00 -1.339466e+00
      vertex   2.564271e+01 5.000000e+00 -1.465237e+00
    endloop
  endfacet
  facet normal -3.246995e-01 0.000000e+00 9.458172e-01
    outer loop
      vertex   2.564271e+01 1.500000e+00 -1.465237e+00
      vertex   2.564271e+01 5.000000e+00 -1.465237e+00
      vertex   2.539278e+01 1.500000e+00 -1.551040e+00
    endloop
  endfacet
  facet normal -3.246995e-01 -3.295898e-16 9.458172e-01
    outer loop
      vertex   2.539278e+01 1.500000e+00 -1.551040e+00
      vertex   2.564271e+01 5.000000e+00 -1.465237e+00
      vertex   2.539278e+01 5.000000e+00 -1.551040e+00
    endloop
  endfacet
  facet normal -1.645946e-01 -1.670736e-16 9.863613e-01
    outer loop
      vertex   2.539278e+01 1.500000e+00 -1.551040e+00
      vertex   2.539278e+01 5.000000e+00 -1.551040e+00
      vertex   2.513213e+01 1.500000e+00 -1.594535e+00
    endloop
  endfacet
  facet normal -1.645946e-01 0.000000e+00 9.863613e-01
    outer loop
      vertex   2.513213e+01 1.500000e+00 -1.594535e+00
      vertex   2.539278e+01 5.000000e+00 -1.551040e+00
      vertex   2.513213e+01 5.000000e+00 -1.594535e+00
    endloop
  endfacet
  facet normal 0.000000e+00 -0.000000e+00 1.000000e+00
    outer loop
      vertex   2.513213e+01 1.500000e+00 -1.594535e+00
      vertex   2.513213e+01 5.000000e+00 -1.594535e+00
      vertex   2.486787e+01 1.500000e+00 -1.594535e+00
    endloop
  endfacet
  facet normal 0.000000e+00 0.000000e+00 1.000000e+00
    outer loop
      vertex   2.486787e+01 1.500000e+00 -1.594535e+00
      vertex   2.513213e+01 5.000000e+00 -1.594535e+00
      vertex   2.486787e+01 5.000000e+00 -1.594535e+00
    endloop
  endfacet
  facet normal 1.645946e-01 -0.000000e+00 9.863613e-01
    outer loop
      vertex   2.486787e+01 1.500000e+00 -1.594535e+00
      vertex   2.486787e+01 5.000000e+00 -1.594535e+00
      vertex   2.460722e+01 1.500000e+00 -1.551040e+00
    endloop
  endfacet
  facet normal 1.645946e-01 -0.000000e+00 9.863613e-01
    outer loop
      vertex   2.460722e+01 1.500000e+00 -1.551040e+00
      vertex   2.486787e+01 5.000000e+00 -1.594535e+00
      vertex   2.460722e+01 5.000000e+00 -1.551040e+00
    endloop
  endfacet
  facet normal 3.246995e-01 -0.000000e+00 9.458172e-01
    outer loop
      vertex   2.460722e+01 1.500000e+00 -1.551040e+00
      vertex   2.460722e+01 5.000000e+00 -1.551040e+00
      vertex   2.435729e+01 1.500000e+00 -1.465237e+00
    endloop
  endfacet
  facet normal 3.246995e-01 -1.200078e-16 9.458172e-01
    outer loop
      vertex   2.435729e+01 1.500000e+00 -1.465237e+00
      vertex   2.460722e+01 5.000000e+00 -1.551040e+00
      vertex   2.435729e+01 5.000000e+00 -1.465237e+00
    endloop
  endfacet
  facet normal 4.759474e-01 -1.115899e-16 8.794738e-01
    outer loop
      vertex   2.435729e+01 1.500000e+00 -1.465237e+00
      vertex   2.435729e+01 5.000000e+00 -1.465237e+00
      vertex   2.412488e+01 1.500000e+00 -1.339466e+00
    endloop
  endfacet
  facet normal 4.759474e-01 -0.000000e+00 8.794738e-01
    outer loop
      vertex   2.412488e+01 1.500000e+00 -1.339466e+00
      vertex   2.435729e+01 5.000000e+00 -1.465237e+00
      vertex   2.412488e+01 5.000000e+00 -1.339466e+00
    endloop
  endfacet
  facet normal 6.142127e-01 -0.000000e+00 7.891405e-01
    outer loop
      vertex   2.412488e+01 1.500000e+00 -1.339466e+00
      vertex   2.412488e+01 5.000000e+00 -1.339466e+00
      vertex   2.391635e+01 1.500000e+00 -1.177158e+00
    endloop
  endfacet
  facet normal 6.142127e-01 5.233352e-16 7.891405e-01
    outer loop
      vertex   2.391635e+01 1.500000e+00 -1.177158e+00
      vertex   2.412488e+01 5.000000e+00 -1.339466e+00
      vertex   2.391635e+01 5.000000e+00 -1.177158e+00
    endloop
  endfacet
  facet normal 7.357239e-01 6.608694e-16 6.772816e-01
    outer loop
      vertex   2.391635e+01 1.500000e+00 -1.177158e+00
      vertex   2.391635e+01 5.000000e+00 -1.177158e+00
      vertex   2.373738e+01 1.500000e+00 -9.827403e-01
    endloop
  endfacet
  facet normal 7.357239e-01 -0.000000e+00 6.772816e-01
    outer loop
      vertex   2.373738e+01 1.500000e+00 -9.827403e-01
      vertex   2.391635e+01 5.000000e+00 -1.177158e+00
      vertex   2.373738e+01 5.000000e+00 -9.827403e-01
    endloop
  endfacet
  facet normal 8.371665e-01 -0.000000e+00 5.469482e-01
    outer loop
      vertex   2.373738e+01 1.500000e+00 -9.827403e-01
      vertex   2.373738e+01 5.000000e+00 -9.827403e-01
      vertex   2.359284e+01 1.500000e+00 -7.615158e-01
    endloop
  endfacet
  facet normal 8.371665e-01 -0.000000e+00 5.469482e-01
    outer loop
      vertex   2.359284e+01 1.500000e+00 -7.615158e-01
      vertex   2.373738e+01 5.000000e+00 -9.827403e-01
      vertex   2.359284e+01 5.000000e+00 -7.615158e-01
    endloop
  endfacet
  facet normal 9.157733e-01 -0.000000e+00 4.016954e-01
    outer loop
      vertex   2.359284e+01 1.500000e+00 -7.615158e-01
      vertex   2.359284e+01 5.000000e+00 -7.615158e-01
      vertex   2.348669e+01 1.500000e+00 -5.195192e-01
    endloop
  endfacet
  facet normal 9.157733e-01 -2.548409e-17 4.016954e-01
    outer loop
      vertex   2.348669e+01 1.500000e+00 -5.195192e-01
      vertex   2.359284e+01 5.000000e+00 -7.615158e-01
      vertex   2.348669e+01 5.000000e+00 -5.195192e-01
    endloop
  endfacet
  facet normal 9.694003e-01 -1.557392e-17 2.454855e-01
    outer loop
      vertex   2.348669e+01 1.500000e+00 -5.195192e-01
      vertex   2.348669e+01 5.000000e+00 -5.195192e-01
      vertex   2.342182e+01 1.500000e+00 -2.633513e-01
    endloop
  endfacet
  facet normal 9.694003e-01 -7.786961e-18 2.454855e-01
    outer loop
      vertex   2.342182e+01 1.500000e+00 -2.633513e-01
      vertex   2.348669e+01 5.000000e+00 -5.195192e-01
      vertex   2.342182e+01 5.000000e+00 -2.633513e-01
    endloop
  endfacet
  facet normal 9.473006e-01 1.682744e-15 3.203460e-01
    outer loop
      vertex   1.328264e+01 5.000000e+00 -4.353547e+00
      vertex   1.328264e+01 6.000000e+00 -4.353547e+00
      vertex   1.304525e+01 5.000000e+00 -3.651583e+00
    endloop
  endfacet
  facet normal 9.456472e-01 3.780387e-03 3.251723e-01
    outer loop
      vertex   1.304525e+01 5.000000e+00 -3.651583e+00
      vertex   1.328264e+01 6.000000e+00 -4.353547e+00
      vertex   1.311049e+01 6.496726e+00 -3.858693e+00
    endloop
  endfacet
  facet normal 9.569860e-01 -1.562790e-03 2.901300e-01
    outer loop
      vertex   1.304525e+01 5.000000e+00 -3.651583e+00
      vertex   1.311049e+01 6.496726e+00 -3.858693e+00
      vertex   1.295923e+01 7.000000e+00 -3.357059e+00
    endloop
  endfacet
  facet normal 9.646148e-01 2.664899e-03 2.636496e-01
    outer loop
      vertex   1.304525e+01 5.000000e+00 -3.651583e+00
      vertex   1.295923e+01 7.000000e+00 -3.357059e+00
      vertex   1.284989e+01 5.000000e+00 -2.936785e+00
    endloop
  endfacet
  facet normal 9.702048e-01 -2.131941e-03 2.422768e-01
    outer loop
      vertex   1.284989e+01 5.000000e+00 -2.936785e+00
      vertex   1.295923e+01 7.000000e+00 -3.357059e+00
      vertex   1.279456e+01 7.000000e+00 -2.697635e+00
    endloop
  endfacet
  facet normal 9.785431e-01 2.433160e-03 2.060280e-01
    outer loop
      vertex   1.284989e+01 5.000000e+00 -2.936785e+00
      vertex   1.279456e+01 7.000000e+00 -2.697635e+00
      vertex   1.269721e+01 5.000000e+00 -2.211668e+00
    endloop
  endfacet
  facet normal 9.819399e-01 -1.824885e-03 1.891845e-01
    outer loop
      vertex   1.269721e+01 5.000000e+00 -2.211668e+00
      vertex   1.279456e+01 7.000000e+00 -2.697635e+00
      vertex   1.266598e+01 7.000000e+00 -2.030236e+00
    endloop
  endfacet
  facet normal 9.890327e-01 2.050790e-03 1.476824e-01
    outer loop
      vertex   1.269721e+01 5.000000e+00 -2.211668e+00
      vertex   1.266598e+01 7.000000e+00 -2.030236e+00
      vertex   1.258778e+01 5.000000e+00 -1.478777e+00
    endloop
  endfacet
  facet normal 9.907719e-01 -1.367202e-03 1.355328e-01
    outer loop
      vertex   1.258778e+01 5.000000e+00 -1.478777e+00
      vertex   1.266598e+01 7.000000e+00 -2.030236e+00
      vertex   1.257386e+01 7.000000e+00 -1.356835e+00
    endloop
  endfacet
  facet normal 9.960467e-01 1.517798e-03 8.881762e-02
    outer loop
      vertex   1.258778e+01 5.000000e+00 -1.478777e+00
      vertex   1.257386e+01 7.000000e+00 -1.356835e+00
      vertex   1.252196e+01 5.000000e+00 -7.406901e-01
    endloop
  endfacet
  facet normal 9.966747e-01 -7.589019e-04 8.148035e-02
    outer loop
      vertex   1.252196e+01 5.000000e+00 -7.406901e-01
      vertex   1.257386e+01 7.000000e+00 -1.356835e+00
      vertex   1.251848e+01 7.000000e+00 -6.794217e-01
    endloop
  endfacet
  facet normal 9.995603e-01 8.341958e-04 2.964062e-02
    outer loop
      vertex   1.252196e+01 5.000000e+00 -7.406901e-01
      vertex   1.251848e+01 7.000000e+00 -6.794217e-01
      vertex   1.250000e+01 5.000000e+00 -1.665335e-15
    endloop
  endfacet
  facet normal 9.996304e-01 -1.509177e-17 2.718692e-02
    outer loop
      vertex   1.250000e+01 5.000000e+00 -1.665335e-15
      vertex   1.251848e+01 7.000000e+00 -6.794217e-01
      vertex   1.250000e+01 7.000000e+00 -5.551115e-16
    endloop
  endfacet
  facet normal 9.996304e-01 1.509177e-17 -2.718692e-02
    outer loop
      vertex   1.250000e+01 5.000000e+00 -1.665335e-15
      vertex   1.250000e+01 7.000000e+00 -5.551115e-16
      vertex   1.251848e+01 7.000000e+00 6.794217e-01
    endloop
  endfacet
  facet normal 9.995603e-01 8.341958e-04 -2.964062e-02
    outer loop
      vertex   1.250000e+01 5.000000e+00 -1.665335e-15
      vertex   1.251848e+01 7.000000e+00 6.794217e-01
      vertex   1.252196e+01 5.000000e+00 7.406901e-01
    endloop
  endfacet
  facet normal 9.966747e-01 -7.589019e-04 -8.148035e-02
    outer loop
      vertex   1.252196e+01 5.000000e+00 7.406901e-01
      vertex   1.251848e+01 7.000000e+00 6.794217e-01
      vertex   1.257386e+01 7.000000e+00 1.356835e+00
    endloop
  endfacet
  facet normal 9.960467e-01 1.517798e-03 -8.881762e-02
    outer loop
      vertex   1.252196e+01 5.000000e+00 7.406901e-01
      vertex   1.257386e+01 7.000000e+00 1.356835e+00
      vertex   1.258778e+01 5.000000e+00 1.478777e+00
    endloop
  endfacet
  facet normal 9.907719e-01 -1.367202e-03 -1.355328e-01
    outer loop
      vertex   1.258778e+01 5.000000e+00 1.478777e+00
      vertex   1.257386e+01 7.000000e+00 1.356835e+00
      vertex   1.266598e+01 7.000000e+00 2.030236e+00
    endloop
  endfacet
  facet normal 9.890327e-01 2.050790e-03 -1.476824e-01
    outer loop
      vertex   1.258778e+01 5.000000e+00 1.478777e+00
      vertex   1.266598e+01 7.000000e+00 2.030236e+00
      vertex   1.269721e+01 5.000000e+00 2.211668e+00
    endloop
  endfacet
  facet normal 9.819399e-01 -1.824885e-03 -1.891845e-01
    outer loop
      vertex   1.269721e+01 5.000000e+00 2.211668e+00
      vertex   1.266598e+01 7.000000e+00 2.030236e+00
      vertex   1.279456e+01 7.000000e+00 2.697635e+00
    endloop
  endfacet
  facet normal 9.785431e-01 2.433160e-03 -2.060280e-01
    outer loop
      vertex   1.269721e+01 5.000000e+00 2.211668e+00
      vertex   1.279456e+01 7.000000e+00 2.697635e+00
      vertex   1.284989e+01 5.000000e+00 2.936785e+00
    endloop
  endfacet
  facet normal 9.702048e-01 -2.131941e-03 -2.422768e-01
    outer loop
      vertex   1.284989e+01 5.000000e+00 2.936785e+00
      vertex   1.279456e+01 7.000000e+00 2.697635e+00
      vertex   1.295923e+01 7.000000e+00 3.357059e+00
    endloop
  endfacet
  facet normal 9.646148e-01 2.664899e-03 -2.636496e-01
    outer loop
      vertex   1.284989e+01 5.000000e+00 2.936785e+00
      vertex   1.295923e+01 7.000000e+00 3.357059e+00
      vertex   1.304525e+01 5.000000e+00 3.651583e+00
    endloop
  endfacet
  facet normal 9.569860e-01 -1.562790e-03 -2.901300e-01
    outer loop
      vertex   1.304525e+01 5.000000e+00 3.651583e+00
      vertex   1.295923e+01 7.000000e+00 3.357059e+00
      vertex   1.311049e+01 6.496726e+00 3.858693e+00
    endloop
  endfacet
  facet normal 9.472962e-01 3.040468e-03 -3.203445e-01
    outer loop
      vertex   1.304525e+01 5.000000e+00 3.651583e+00
      vertex   1.311049e+01 6.496726e+00 3.858693e+00
      vertex   1.328264e+01 5.000000e+00 4.353547e+00
    endloop
  endfacet
  facet normal 9.444825e-01 -2.771833e-15 -3.285618e-01
    outer loop
      vertex   1.328264e+01 5.000000e+00 4.353547e+00
      vertex   1.311049e+01 6.496726e+00 3.858693e+00
      vertex   1.328264e+01 6.000000e+00 4.353547e+00
    endloop
  endfacet
  facet normal 0.000000e+00 1.000000e+00 0.000000e+00
    outer loop
      vertex   2.657818e+01 5.000000e+00 2.633513e-01
      vertex   2.921851e+01 5.000000e+00 2.124315e-01
      vertex   2.660000e+01 5.000000e+00 -1.861278e-15
    endloop
  endfacet
  facet normal -0.000000e+00 1.000000e+00 0.000000e+00
    outer loop
      vertex   2.660000e+01 5.000000e+00 -1.861278e-15
      vertex   2.921851e+01 5.000000e+00 2.124315e-01
      vertex   2.921851e+01 5.000000e+00 -2.124315e-01
    endloop
  endfacet
  facet normal 0.000000e+00 1.000000e+00 0.000000e+00
    outer loop
      vertex   2.660000e+01 5.000000e+00 -1.861278e-15
      vertex   2.921851e+01 5.000000e+00 -2.124315e-01
      vertex   2.657818e+01 5.000000e+00 -2.633513e-01
    endloop
  endfacet
  facet normal -0.000000e+00 1.000000e+00 0.000000e+00
    outer loop
      vertex   2.657818e+01 5.000000e+00 -2.633513e-01
      vertex   2.921851e+01 5.000000e+00 -2.124315e-01
      vertex   2.917583e+01 5.000000e+00 -6.351452e-01
    endloop
  endfacet
  facet normal 0.000000e+00 1.000000e+00 0.000000e+00
    outer loop
      vertex   2.657818e+01 5.000000e+00 -2.633513e-01
      vertex   2.917583e+01 5.000000e+00 -6.351452e-01
      vertex   2.651331e+01 5.000000e+00 -5.195192e-01
    endloop
  endfacet
  facet normal 0.000000e+00 1.000000e+00 0.000000e+00
    outer loop
      vertex   2.651331e+01 5.000000e+00 -5.195192e-01
      vertex   2.917583e+01 5.000000e+00 -6.351452e-01
      vertex   2.909090e+01 5.000000e+00 -1.051433e+00
    endloop
  endfacet
  facet normal 0.000000e+00 1.000000e+00 0.000000e+00
    outer loop
      vertex   2.651331e+01 5.000000e+00 -5.195192e-01
      vertex   2.909090e+01 5.000000e+00 -1.051433e+00
      vertex   2.640716e+01 5.000000e+00 -7.615158e-01
    endloop
  endfacet
  facet normal 0.000000e+00 1.000000e+00 0.000000e+00
    outer loop
      vertex   2.640716e+01 5.000000e+00 -7.615158e-01
      vertex   2.909090e+01 5.000000e+00 -1.051433e+00
      vertex   2.626262e+01 5.000000e+00 -9.827403e-01
    endloop
  endfacet
  facet normal 0.000000e+00 1.000000e+00 0.000000e+00
    outer loop
      vertex   2.626262e+01 5.000000e+00 -9.827403e-01
      vertex   2.909090e+01 5.000000e+00 -1.051433e+00
      vertex   2.896457e+01 5.000000e+00 -1.457082e+00
    endloop
  endfacet
  facet normal 0.000000e+00 1.000000e+00 0.000000e+00
    outer loop
      vertex   2.626262e+01 5.000000e+00 -9.827403e-01
      vertex   2.896457e+01 5.000000e+00 -1.457082e+00
      vertex   2.608365e+01 5.000000e+00 -1.177158e+00
    endloop
  endfacet
  facet normal 0.000000e+00 1.000000e+00 0.000000e+00
    outer loop
      vertex   2.608365e+01 5.000000e+00 -1.177158e+00
      vertex   2.896457e+01 5.000000e+00 -1.457082e+00
      vertex   2.879814e+01 5.000000e+00 -1.847989e+00
    endloop
  endfacet
  facet normal 0.000000e+00 1.000000e+00 0.000000e+00
    outer loop
      vertex   2.608365e+01 5.000000e+00 -1.177158e+00
      vertex   2.879814e+01 5.000000e+00 -1.847989e+00
      vertex   2.587512e+01 5.000000e+00 -1.339466e+00
    endloop
  endfacet
  facet normal 0.000000e+00 1.000000e+00 0.000000e+00
    outer loop
      vertex   2.587512e+01 5.000000e+00 -1.339466e+00
      vertex   2.879814e+01 5.000000e+00 -1.847989e+00
      vertex   2.859328e+01 5.000000e+00 -2.220199e+00
    endloop
  endfacet
  facet normal 0.000000e+00 1.000000e+00 0.000000e+00
    outer loop
      vertex   2.587512e+01 5.000000e+00 -1.339466e+00
      vertex   2.859328e+01 5.000000e+00 -2.220199e+00
      vertex   2.564271e+01 5.000000e+00 -1.465237e+00
    endloop
  endfacet
  facet normal 0.000000e+00 1.000000e+00 0.000000e+00
    outer loop
      vertex   2.564271e+01 5.000000e+00 -1.465237e+00
      vertex   2.859328e+01 5.000000e+00 -2.220199e+00
      vertex   2.835206e+01 5.000000e+00 -2.569946e+00
    endloop
  endfacet
  facet normal 0.000000e+00 1.000000e+00 0.000000e+00
    outer loop
      vertex   2.564271e+01 5.000000e+00 -1.465237e+00
      vertex   2.835206e+01 5.000000e+00 -2.569946e+00
      vertex   2.539278e+01 5.000000e+00 -1.551040e+00
    endloop
  endfacet
  facet normal 0.000000e+00 1.000000e+00 0.000000e+00
    outer loop
      vertex   2.539278e+01 5.000000e+00 -1.551040e+00
      vertex   2.835206e+01 5.000000e+00 -2.569946e+00
      vertex   2.807693e+01 5.000000e+00 -2.893691e+00
    endloop
  endfacet
  facet normal 0.000000e+00 1.000000e+00 0.000000e+00
    outer loop
      vertex   2.539278e+01 5.000000e+00 -1.551040e+00
      vertex   2.807693e+01 5.000000e+00 -2.893691e+00
      vertex   2.777066e+01 5.000000e+00 -3.188158e+00
    endloop
  endfacet
  facet normal 0.000000e+00 1.000000e+00 0.000000e+00
    outer loop
      vertex   2.921851e+01 5.000000e+00 2.124315e-01
      vertex   2.657818e+01 5.000000e+00 2.633513e-01
      vertex   2.917583e+01 5.000000e+00 6.351452e-01
    endloop
  endfacet
  facet normal 0.000000e+00 1.000000e+00 0.000000e+00
    outer loop
      vertex   2.917583e+01 5.000000e+00 6.351452e-01
      vertex   2.657818e+01 5.000000e+00 2.633513e-01
      vertex   2.651331e+01 5.000000e+00 5.195192e-01
    endloop
  endfacet
  facet normal 0.000000e+00 1.000000e+00 0.000000e+00
    outer loop
      vertex   2.917583e+01 5.000000e+00 6.351452e-01
      vertex   2.651331e+01 5.000000e+00 5.195192e-01
      vertex   2.909090e+01 5.000000e+00 1.051433e+00
    endloop
  endfacet
  facet normal 0.000000e+00 1.000000e+00 0.000000e+00
    outer loop
      vertex   2.909090e+01 5.000000e+00 1.051433e+00
      vertex   2.651331e+01 5.000000e+00 5.195192e-01
      vertex   2.640716e+01 5.000000e+00 7.615158e-01
    endloop
  endfacet
  facet normal 0.000000e+00 1.000000e+00 0.000000e+00
    outer loop
      vertex   2.909090e+01 5.000000e+00 1.051433e+00
      vertex   2.640716e+01 5.000000e+00 7.615158e-01
      vertex   2.626262e+01 5.000000e+00 9.827403e-01
    endloop
  endfacet
  facet normal 0.000000e+00 1.000000e+00 0.000000e+00
    outer loop
      vertex   2.909090e+01 5.000000e+00 1.051433e+00
      vertex   2.626262e+01 5.000000e+00 9.827403e-01
      vertex   2.896457e+01 5.000000e+00 1.457082e+00
    endloop
  endfacet
  facet normal 0.000000e+00 1.000000e+00 0.000000e+00
    outer loop
      vertex   2.896457e+01 5.000000e+00 1.457082e+00
      vertex   2.626262e+01 5.000000e+00 9.827403e-01
      vertex   2.608365e+01 5.000000e+00 1.177158e+00
    endloop
  endfacet
  facet normal 0.000000e+00 1.000000e+00 0.000000e+00
    outer loop
      vertex   2.896457e+01 5.000000e+00 1.457082e+00
      vertex   2.608365e+01 5.000000e+00 1.177158e+00
      vertex   2.879814e+01 5.000000e+00 1.847989e+00
    endloop
  endfacet
  facet normal 0.000000e+00 1.000000e+00 0.000000e+00
    outer loop
      vertex   2.879814e+01 5.000000e+00 1.847989e+00
      vertex   2.608365e+01 5.000000e+00 1.177158e+00
      vertex   2.587512e+01 5.000000e+00 1.339466e+00
    endloop
  endfacet
  facet normal 0.000000e+00 1.000000e+00 0.000000e+00
    outer loop
      vertex   2.879814e+01 5.000000e+00 1.847989e+00
      vertex   2.587512e+01 5.000000e+00 1.339466e+00
      vertex   2.859328e+01 5.000000e+00 2.220199e+00
    endloop
  endfacet
  facet normal 0.000000e+00 1.000000e+00 0.000000e+00
    outer loop
      vertex   2.859328e+01 5.000000e+00 2.220199e+00
      vertex   2.587512e+01 5.000000e+00 1.339466e+00
      vertex   2.564271e+01 5.000000e+00 1.465237e+00
    endloop
  endfacet
  facet normal 0.000000e+00 1.000000e+00 0.000000e+00
    outer loop
      vertex   2.859328e+01 5.000000e+00 2.220199e+00
      vertex   2.564271e+01 5.000000e+00 1.465237e+00
      vertex   2.835206e+01 5.000000e+00 2.569946e+00
    endloop
  endfacet
  facet normal 0.000000e+00 1.000000e+00 0.000000e+00
    outer loop
      vertex   2.835206e+01 5.000000e+00 2.569946e+00
      vertex   2.564271e+01 5.000000e+00 1.465237e+00
      vertex   2.539278e+01 5.000000e+00 1.551040e+00
    endloop
  endfacet
  facet normal 0.000000e+00 1.000000e+00 0.000000e+00
    outer loop
      vertex   2.835206e+01 5.000000e+00 2.569946e+00
      vertex   2.539278e+01 5.000000e+00 1.551040e+00
      vertex   2.807693e+01 5.000000e+00 2.893691e+00
    endloop
  endfacet
  facet normal 0.000000e+00 1.000000e+00 0.000000e+00
    outer loop
      vertex   2.807693e+01 5.000000e+00 2.893691e+00
      vertex   2.539278e+01 5.000000e+00 1.551040e+00
      vertex   2.777066e+01 5.000000e+00 3.188158e+00
    endloop
  endfacet
  facet normal 0.000000e+00 1.000000e+00 0.000000e+00
    outer loop
      vertex   2.777066e+01 5.000000e+00 3.188158e+00
      vertex   2.539278e+01 5.000000e+00 1.551040e+00
      vertex   2.513213e+01 5.000000e+00 1.594535e+00
    endloop
  endfacet
  facet normal 0.000000e+00 1.000000e+00 0.000000e+00
    outer loop
      vertex   2.777066e+01 5.000000e+00 3.188158e+00
      vertex   2.513213e+01 5.000000e+00 1.594535e+00
      vertex   2.743637e+01 5.000000e+00 3.450369e+00
    endloop
  endfacet
  facet normal 0.000000e+00 1.000000e+00 0.000000e+00
    outer loop
      vertex   2.743637e+01 5.000000e+00 3.450369e+00
      vertex   2.513213e+01 5.000000e+00 1.594535e+00
      vertex   2.707742e+01 5.000000e+00 3.677670e+00
    endloop
  endfacet
  facet normal 0.000000e+00 1.000000e+00 0.000000e+00
    outer loop
      vertex   2.707742e+01 5.000000e+00 3.677670e+00
      vertex   2.513213e+01 5.000000e+00 1.594535e+00
      vertex   2.669746e+01 5.000000e+00 3.867761e+00
    endloop
  endfacet
  facet normal 0.000000e+00 1.000000e+00 0.000000e+00
    outer loop
      vertex   2.669746e+01 5.000000e+00 3.867761e+00
      vertex   2.513213e+01 5.000000e+00 1.594535e+00
      vertex   2.630032e+01 5.000000e+00 4.018720e+00
    endloop
  endfacet
  facet normal 0.000000e+00 1.000000e+00 0.000000e+00
    outer loop
      vertex   2.630032e+01 5.000000e+00 4.018720e+00
      vertex   2.513213e+01 5.000000e+00 1.594535e+00
      vertex   2.486787e+01 5.000000e+00 1.594535e+00
    endloop
  endfacet
  facet normal 0.000000e+00 1.000000e+00 0.000000e+00
    outer loop
      vertex   2.630032e+01 5.000000e+00 4.018720e+00
      vertex   2.486787e+01 5.000000e+00 1.594535e+00
      vertex   2.589002e+01 5.000000e+00 4.129019e+00
    endloop
  endfacet
  facet normal 0.000000e+00 1.000000e+00 0.000000e+00
    outer loop
      vertex   2.589002e+01 5.000000e+00 4.129019e+00
      vertex   2.486787e+01 5.000000e+00 1.594535e+00
      vertex   2.547072e+01 5.000000e+00 4.197542e+00
    endloop
  endfacet
  facet normal 0.000000e+00 1.000000e+00 0.000000e+00
    outer loop
      vertex   2.547072e+01 5.000000e+00 4.197542e+00
      vertex   2.486787e+01 5.000000e+00 1.594535e+00
      vertex   2.504666e+01 5.000000e+00 4.223596e+00
    endloop
  endfacet
  facet normal 0.000000e+00 1.000000e+00 0.000000e+00
    outer loop
      vertex   2.504666e+01 5.000000e+00 4.223596e+00
      vertex   2.486787e+01 5.000000e+00 1.594535e+00
      vertex   2.460722e+01 5.000000e+00 1.551040e+00
    endloop
  endfacet
  facet normal 0.000000e+00 1.000000e+00 0.000000e+00
    outer loop
      vertex   2.504666e+01 5.000000e+00 4.223596e+00
      vertex   2.460722e+01 5.000000e+00 1.551040e+00
      vertex   2.435729e+01 5.000000e+00 1.465237e+00
    endloop
  endfacet
  facet normal 0.000000e+00 1.000000e+00 -0.000000e+00
    outer loop
      vertex   2.435729e+01 5.000000e+00 1.465237e+00
      vertex   2.412488e+01 5.000000e+00 1.339466e+00
      vertex   2.504666e+01 5.000000e+00 4.223596e+00
    endloop
  endfacet
  facet normal 0.000000e+00 1.000000e+00 0.000000e+00
    outer loop
      vertex   2.504666e+01 5.000000e+00 4.223596e+00
      vertex   2.412488e+01 5.000000e+00 1.339466e+00
      vertex   1.304525e+01 5.000000e+00 3.651583e+00
    endloop
  endfacet
  facet normal 0.000000e+00 1.000000e+00 0.000000e+00
    outer loop
      vertex   2.504666e+01 5.000000e+00 4.223596e+00
      vertex   1.304525e+01 5.000000e+00 3.651583e+00
      vertex   1.328264e+01 5.000000e+00 4.353547e+00
    endloop
  endfacet
  facet normal 0.000000e+00 1.000000e+00 0.000000e+00
    outer loop
      vertex   2.412488e+01 5.000000e+00 1.339466e+00
      vertex   2.391635e+01 5.000000e+00 1.177158e+00
      vertex   1.304525e+01 5.000000e+00 3.651583e+00
    endloop
  endfacet
  facet normal 0.000000e+00 1.000000e+00 0.000000e+00
    outer loop
      vertex   1.304525e+01 5.000000e+00 3.651583e+00
      vertex   2.391635e+01 5.000000e+00 1.177158e+00
      vertex   1.284989e+01 5.000000e+00 2.936785e+00
    endloop
  endfacet
  facet normal 0.000000e+00 1.000000e+00 0.000000e+00
    outer loop
      vertex   1.284989e+01 5.000000e+00 2.936785e+00
      vertex   2.391635e+01 5.000000e+00 1.177158e+00
      vertex   2.373738e+01 5.000000e+00 9.827403e-01
    endloop
  endfacet
  facet normal 0.000000e+00 1.000000e+00 0.000000e+00
    outer loop
      vertex   1.284989e+01 5.000000e+00 2.936785e+00
      vertex   2.373738e+01 5.000000e+00 9.827403e-01
      vertex   1.269721e+01 5.000000e+00 2.211668e+00
    endloop
  endfacet
  facet normal 0.000000e+00 1.000000e+00 0.000000e+00
    outer loop
      vertex   1.269721e+01 5.000000e+00 2.211668e+00
      vertex   2.373738e+01 5.000000e+00 9.827403e-01
      vertex   2.359284e+01 5.000000e+00 7.615158e-01
    endloop
  endfacet
  facet normal 0.000000e+00 1.000000e+00 0.000000e+00
    outer loop
      vertex   1.269721e+01 5.000000e+00 2.211668e+00
      vertex   2.359284e+01 5.000000e+00 7.615158e-01
      vertex   1.258778e+01 5.000000e+00 1.478777e+00
    endloop
  endfacet
  facet normal 0.000000e+00 1.000000e+00 0.000000e+00
    outer loop
      vertex   1.258778e+01 5.000000e+00 1.478777e+00
      vertex   2.359284e+01 5.000000e+00 7.615158e-01
      vertex   2.348669e+01 5.000000e+00 5.195192e-01
    endloop
  endfacet
  facet normal 0.000000e+00 1.000000e+00 0.000000e+00
    outer loop
      vertex   1.258778e+01 5.000000e+00 1.478777e+00
      vertex   2.348669e+01 5.000000e+00 5.195192e-01
      vertex   1.252196e+01 5.000000e+00 7.406901e-01
    endloop
  endfacet
  facet normal 0.000000e+00 1.000000e+00 0.000000e+00
    outer loop
      vertex   1.252196e+01 5.000000e+00 7.406901e-01
      vertex   2.348669e+01 5.000000e+00 5.195192e-01
      vertex   2.342182e+01 5.000000e+00 2.633513e-01
    endloop
  endfacet
  facet normal 0.000000e+00 1.000000e+00 0.000000e+00
    outer loop
      vertex   1.252196e+01 5.000000e+00 7.406901e-01
      vertex   2.342182e+01 5.000000e+00 2.633513e-01
      vertex   1.250000e+01 5.000000e+00 -1.665335e-15
    endloop
  endfacet
  facet normal 0.000000e+00 1.000000e+00 0.000000e+00
    outer loop
      vertex   1.250000e+01 5.000000e+00 -1.665335e-15
      vertex   2.342182e+01 5.000000e+00 2.633513e-01
      vertex   2.340000e+01 5.000000e+00 -1.665335e-15
    endloop
  endfacet
  facet normal -0.000000e+00 1.000000e+00 0.000000e+00
    outer loop
      vertex   1.250000e+01 5.000000e+00 -1.665335e-15
      vertex   2.340000e+01 5.000000e+00 -1.665335e-15
      vertex   2.342182e+01 5.000000e+00 -2.633513e-01
    endloop
  endfacet
  facet normal 0.000000e+00 1.000000e+00 0.000000e+00
    outer loop
      vertex   1.250000e+01 5.000000e+00 -1.665335e-15
      vertex   2.342182e+01 5.000000e+00 -2.633513e-01
      vertex   1.252196e+01 5.000000e+00 -7.406901e-01
    endloop
  endfacet
  facet normal 0.000000e+00 1.000000e+00 0.000000e+00
    outer loop
      vertex   1.252196e+01 5.000000e+00 -7.406901e-01
      vertex   2.342182e+01 5.000000e+00 -2.633513e-01
      vertex   2.348669e+01 5.000000e+00 -5.195192e-01
    endloop
  endfacet
  facet normal -0.000000e+00 1.000000e+00 0.000000e+00
    outer loop
      vertex   1.252196e+01 5.000000e+00 -7.406901e-01
      vertex   2.348669e+01 5.000000e+00 -5.195192e-01
      vertex   1.258778e+01 5.000000e+00 -1.478777e+00
    endloop
  endfacet
  facet normal 0.000000e+00 1.000000e+00 0.000000e+00
    outer loop
      vertex   1.258778e+01 5.000000e+00 -1.478777e+00
      vertex   2.348669e+01 5.000000e+00 -5.195192e-01
      vertex   2.359284e+01 5.000000e+00 -7.615158e-01
    endloop
  endfacet
  facet normal -0.000000e+00 1.000000e+00 0.000000e+00
    outer loop
      vertex   1.258778e+01 5.000000e+00 -1.478777e+00
      vertex   2.359284e+01 5.000000e+00 -7.615158e-01
      vertex   1.269721e+01 5.000000e+00 -2.211668e+00
    endloop
  endfacet
  facet normal 0.000000e+00 1.000000e+00 0.000000e+00
    outer loop
      vertex   1.269721e+01 5.000000e+00 -2.211668e+00
      vertex   2.359284e+01 5.000000e+00 -7.615158e-01
      vertex   2.373738e+01 5.000000e+00 -9.827403e-01
    endloop
  endfacet
  facet normal -0.000000e+00 1.000000e+00 0.000000e+00
    outer loop
      vertex   1.269721e+01 5.000000e+00 -2.211668e+00
      vertex   2.373738e+01 5.000000e+00 -9.827403e-01
      vertex   1.284989e+01 5.000000e+00 -2.936785e+00
    endloop
  endfacet
  facet normal 0.000000e+00 1.000000e+00 0.000000e+00
    outer loop
      vertex   1.284989e+01 5.000000e+00 -2.936785e+00
      vertex   2.373738e+01 5.000000e+00 -9.827403e-01
      vertex   2.391635e+01 5.000000e+00 -1.177158e+00
    endloop
  endfacet
  facet normal -0.000000e+00 1.000000e+00 0.000000e+00
    outer loop
      vertex   1.284989e+01 5.000000e+00 -2.936785e+00
      vertex   2.391635e+01 5.000000e+00 -1.177158e+00
      vertex   1.304525e+01 5.000000e+00 -3.651583e+00
    endloop
  endfacet
  facet normal 0.000000e+00 1.000000e+00 0.000000e+00
    outer loop
      vertex   1.304525e+01 5.000000e+00 -3.651583e+00
      vertex   2.391635e+01 5.000000e+00 -1.177158e+00
      vertex   2.412488e+01 5.000000e+00 -1.339466e+00
    endloop
  endfacet
  facet normal -0.000000e+00 1.000000e+00 0.000000e+00
    outer loop
      vertex   1.304525e+01 5.000000e+00 -3.651583e+00
      vertex   2.412488e+01 5.000000e+00 -1.339466e+00
      vertex   2.504666e+01 5.000000e+00 -4.223596e+00
    endloop
  endfacet
  facet normal 0.000000e+00 1.000000e+00 0.000000e+00
    outer loop
      vertex   2.504666e+01 5.000000e+00 -4.223596e+00
      vertex   2.412488e+01 5.000000e+00 -1.339466e+00
      vertex   2.435729e+01 5.000000e+00 -1.465237e+00
    endloop
  endfacet
  facet normal 0.000000e+00 1.000000e+00 0.000000e+00
    outer loop
      vertex   2.504666e+01 5.000000e+00 -4.223596e+00
      vertex   2.435729e+01 5.000000e+00 -1.465237e+00
      vertex   2.460722e+01 5.000000e+00 -1.551040e+00
    endloop
  endfacet
  facet normal 0.000000e+00 1.000000e+00 0.000000e+00
    outer loop
      vertex   2.460722e+01 5.000000e+00 -1.551040e+00
      vertex   2.486787e+01 5.000000e+00 -1.594535e+00
      vertex   2.504666e+01 5.000000e+00 -4.223596e+00
    endloop
  endfacet
  facet normal 0.000000e+00 1.000000e+00 -0.000000e+00
    outer loop
      vertex   2.504666e+01 5.000000e+00 -4.223596e+00
      vertex   2.486787e+01 5.000000e+00 -1.594535e+00
      vertex   2.547072e+01 5.000000e+00 -4.197542e+00
    endloop
  endfacet
  facet normal 0.000000e+00 1.000000e+00 -0.000000e+00
    outer loop
      vertex   2.547072e+01 5.000000e+00 -4.197542e+00
      vertex   2.486787e+01 5.000000e+00 -1.594535e+00
      vertex   2.589002e+01 5.000000e+00 -4.129019e+00
    endloop
  endfacet
  facet normal 0.000000e+00 1.000000e+00 -0.000000e+00
    outer loop
      vertex   2.589002e+01 5.000000e+00 -4.129019e+00
      vertex   2.486787e+01 5.000000e+00 -1.594535e+00
      vertex   2.630032e+01 5.000000e+00 -4.018720e+00
    endloop
  endfacet
  facet normal 0.000000e+00 1.000000e+00 0.000000e+00
    outer loop
      vertex   2.630032e+01 5.000000e+00 -4.018720e+00
      vertex   2.486787e+01 5.000000e+00 -1.594535e+00
      vertex   2.513213e+01 5.000000e+00 -1.594535e+00
    endloop
  endfacet
  facet normal 0.000000e+00 1.000000e+00 -0.000000e+00
    outer loop
      vertex   2.630032e+01 5.000000e+00 -4.018720e+00
      vertex   2.513213e+01 5.000000e+00 -1.594535e+00
      vertex   2.669746e+01 5.000000e+00 -3.867761e+00
    endloop
  endfacet
  facet normal 0.000000e+00 1.000000e+00 -0.000000e+00
    outer loop
      vertex   2.669746e+01 5.000000e+00 -3.867761e+00
      vertex   2.513213e+01 5.000000e+00 -1.594535e+00
      vertex   2.707742e+01 5.000000e+00 -3.677670e+00
    endloop
  endfacet
  facet normal 0.000000e+00 1.000000e+00 -0.000000e+00
    outer loop
      vertex   2.707742e+01 5.000000e+00 -3.677670e+00
      vertex   2.513213e+01 5.000000e+00 -1.594535e+00
      vertex   2.743637e+01 5.000000e+00 -3.450369e+00
    endloop
  endfacet
  facet normal 0.000000e+00 1.000000e+00 -0.000000e+00
    outer loop
      vertex   2.743637e+01 5.000000e+00 -3.450369e+00
      vertex   2.513213e+01 5.000000e+00 -1.594535e+00
      vertex   2.777066e+01 5.000000e+00 -3.188158e+00
    endloop
  endfacet
  facet normal 0.000000e+00 1.000000e+00 0.000000e+00
    outer loop
      vertex   2.777066e+01 5.000000e+00 -3.188158e+00
      vertex   2.513213e+01 5.000000e+00 -1.594535e+00
      vertex   2.539278e+01 5.000000e+00 -1.551040e+00
    endloop
  endfacet
  facet normal 0.000000e+00 1.000000e+00 -0.000000e+00
    outer loop
      vertex   1.328264e+01 5.000000e+00 -4.353547e+00
      vertex   1.304525e+01 5.000000e+00 -3.651583e+00
      vertex   2.504666e+01 5.000000e+00 -4.223596e+00
    endloop
  endfacet
  facet normal 1.104587e-02 1.962141e-17 -9.999390e-01
    outer loop
      vertex   1.328264e+01 6.000000e+00 -4.353547e+00
      vertex   1.328264e+01 5.000000e+00 -4.353547e+00
      vertex   4.970642e-02 6.000000e+00 -4.499725e+00
    endloop
  endfacet
  facet normal 1.104587e-02 0.000000e+00 -9.999390e-01
    outer loop
      vertex   4.970642e-02 6.000000e+00 -4.499725e+00
      vertex   1.328264e+01 5.000000e+00 -4.353547e+00
      vertex   4.970642e-02 0.000000e+00 -4.499725e+00
    endloop
  endfacet
  facet normal 1.104587e-02 4.169462e-19 -9.999390e-01
    outer loop
      vertex   4.970642e-02 0.000000e+00 -4.499725e+00
      vertex   1.328264e+01 5.000000e+00 -4.353547e+00
      vertex   2.504666e+01 0.000000e+00 -4.223596e+00
    endloop
  endfacet
  facet normal 1.104587e-02 0.000000e+00 -9.999390e-01
    outer loop
      vertex   2.504666e+01 0.000000e+00 -4.223596e+00
      vertex   1.328264e+01 5.000000e+00 -4.353547e+00
      vertex   2.504666e+01 5.000000e+00 -4.223596e+00
    endloop
  endfacet
  facet normal -9.979454e-01 0.000000e+00 -6.407022e-02
    outer loop
      vertex   2.702628e+00 4.000000e+00 3.484653e-01
      vertex   2.702628e+00 7.000000e+00 3.484653e-01
      vertex   2.725000e+00 4.000000e+00 -3.337163e-16
    endloop
  endfacet
  facet normal -9.979454e-01 0.000000e+00 -6.407022e-02
    outer loop
      vertex   2.725000e+00 4.000000e+00 -3.337163e-16
      vertex   2.702628e+00 7.000000e+00 3.484653e-01
      vertex   2.725000e+00 7.000000e+00 -3.337163e-16
    endloop
  endfacet
  facet normal -9.979454e-01 0.000000e+00 6.407022e-02
    outer loop
      vertex   2.725000e+00 4.000000e+00 -3.337163e-16
      vertex   2.725000e+00 7.000000e+00 -3.337163e-16
      vertex   2.702628e+00 4.000000e+00 -3.484653e-01
    endloop
  endfacet
  facet normal -9.979454e-01 0.000000e+00 6.407022e-02
    outer loop
      vertex   2.702628e+00 4.000000e+00 -3.484653e-01
      vertex   2.725000e+00 7.000000e+00 -3.337163e-16
      vertex   2.702628e+00 7.000000e+00 -3.484653e-01
    endloop
  endfacet
  facet normal -9.815592e-01 0.000000e+00 1.911586e-01
    outer loop
      vertex   2.702628e+00 4.000000e+00 -3.484653e-01
      vertex   2.702628e+00 7.000000e+00 -3.484653e-01
      vertex   2.635879e+00 4.000000e+00 -6.912087e-01
    endloop
  endfacet
  facet normal -9.815592e-01 0.000000e+00 1.911586e-01
    outer loop
      vertex   2.635879e+00 4.000000e+00 -6.912087e-01
      vertex   2.702628e+00 7.000000e+00 -3.484653e-01
      vertex   2.635879e+00 7.000000e+00 -6.912087e-01
    endloop
  endfacet
  facet normal -9.490557e-01 0.000000e+00 3.151082e-01
    outer loop
      vertex   2.635879e+00 4.000000e+00 -6.912087e-01
      vertex   2.635879e+00 7.000000e+00 -6.912087e-01
      vertex   2.525848e+00 4.000000e+00 -1.022603e+00
    endloop
  endfacet
  facet normal -9.490557e-01 0.000000e+00 3.151082e-01
    outer loop
      vertex   2.525848e+00 4.000000e+00 -1.022603e+00
      vertex   2.635879e+00 7.000000e+00 -6.912087e-01
      vertex   2.525848e+00 7.000000e+00 -1.022603e+00
    endloop
  endfacet
  facet normal -9.009689e-01 0.000000e+00 4.338837e-01
    outer loop
      vertex   2.525848e+00 4.000000e+00 -1.022603e+00
      vertex   2.525848e+00 7.000000e+00 -1.022603e+00
      vertex   2.374343e+00 4.000000e+00 -1.337205e+00
    endloop
  endfacet
  facet normal -9.009689e-01 0.000000e+00 4.338837e-01
    outer loop
      vertex   2.374343e+00 4.000000e+00 -1.337205e+00
      vertex   2.525848e+00 7.000000e+00 -1.022603e+00
      vertex   2.374343e+00 7.000000e+00 -1.337205e+00
    endloop
  endfacet
  facet normal -8.380881e-01 0.000000e+00 5.455349e-01
    outer loop
      vertex   2.374343e+00 4.000000e+00 -1.337205e+00
      vertex   2.374343e+00 7.000000e+00 -1.337205e+00
      vertex   2.183852e+00 4.000000e+00 -1.629851e+00
    endloop
  endfacet
  facet normal -8.380881e-01 0.000000e+00 5.455349e-01
    outer loop
      vertex   2.183852e+00 4.000000e+00 -1.629851e+00
      vertex   2.374343e+00 7.000000e+00 -1.337205e+00
      vertex   2.183852e+00 7.000000e+00 -1.629851e+00
    endloop
  endfacet
  facet normal -7.614460e-01 0.000000e+00 6.482284e-01
    outer loop
      vertex   2.183852e+00 4.000000e+00 -1.629851e+00
      vertex   2.183852e+00 7.000000e+00 -1.629851e+00
      vertex   1.957502e+00 4.000000e+00 -1.895735e+00
    endloop
  endfacet
  facet normal -7.614460e-01 0.000000e+00 6.482284e-01
    outer loop
      vertex   1.957502e+00 4.000000e+00 -1.895735e+00
      vertex   2.183852e+00 7.000000e+00 -1.629851e+00
      vertex   1.957502e+00 7.000000e+00 -1.895735e+00
    endloop
  endfacet
  facet normal -6.723009e-01 0.000000e+00 7.402780e-01
    outer loop
      vertex   1.957502e+00 4.000000e+00 -1.895735e+00
      vertex   1.957502e+00 7.000000e+00 -1.895735e+00
      vertex   1.699010e+00 4.000000e+00 -2.130491e+00
    endloop
  endfacet
  facet normal -6.723009e-01 0.000000e+00 7.402780e-01
    outer loop
      vertex   1.699010e+00 4.000000e+00 -2.130491e+00
      vertex   1.957502e+00 7.000000e+00 -1.895735e+00
      vertex   1.699010e+00 7.000000e+00 -2.130491e+00
    endloop
  endfacet
  facet normal -5.721167e-01 0.000000e+00 8.201723e-01
    outer loop
      vertex   1.699010e+00 4.000000e+00 -2.130491e+00
      vertex   1.699010e+00 7.000000e+00 -2.130491e+00
      vertex   1.412620e+00 4.000000e+00 -2.330264e+00
    endloop
  endfacet
  facet normal -5.721167e-01 0.000000e+00 8.201723e-01
    outer loop
      vertex   1.412620e+00 4.000000e+00 -2.330264e+00
      vertex   1.699010e+00 7.000000e+00 -2.130491e+00
      vertex   1.412620e+00 7.000000e+00 -2.330264e+00
    endloop
  endfacet
  facet normal -4.625383e-01 0.000000e+00 8.865993e-01
    outer loop
      vertex   1.412620e+00 4.000000e+00 -2.330264e+00
      vertex   1.412620e+00 7.000000e+00 -2.330264e+00
      vertex   1.103035e+00 4.000000e+00 -2.491774e+00
    endloop
  endfacet
  facet normal -4.625383e-01 0.000000e+00 8.865993e-01
    outer loop
      vertex   1.103035e+00 4.000000e+00 -2.491774e+00
      vertex   1.412620e+00 7.000000e+00 -2.330264e+00
      vertex   1.103035e+00 7.000000e+00 -2.491774e+00
    endloop
  endfacet
  facet normal -3.453651e-01 0.000000e+00 9.384684e-01
    outer loop
      vertex   1.103035e+00 4.000000e+00 -2.491774e+00
      vertex   1.103035e+00 7.000000e+00 -2.491774e+00
      vertex   7.753377e-01 4.000000e+00 -2.612370e+00
    endloop
  endfacet
  facet normal -3.453651e-01 0.000000e+00 9.384684e-01
    outer loop
      vertex   7.753377e-01 4.000000e+00 -2.612370e+00
      vertex   1.103035e+00 7.000000e+00 -2.491774e+00
      vertex   7.753377e-01 7.000000e+00 -2.612370e+00
    endloop
  endfacet
  facet normal -2.225209e-01 0.000000e+00 9.749279e-01
    outer loop
      vertex   7.753377e-01 4.000000e+00 -2.612370e+00
      vertex   7.753377e-01 7.000000e+00 -2.612370e+00
      vertex   4.349097e-01 4.000000e+00 -2.690070e+00
    endloop
  endfacet
  facet normal -2.225209e-01 0.000000e+00 9.749279e-01
    outer loop
      vertex   4.349097e-01 4.000000e+00 -2.690070e+00
      vertex   7.753377e-01 7.000000e+00 -2.612370e+00
      vertex   4.349097e-01 7.000000e+00 -2.690070e+00
    endloop
  endfacet
  facet normal -9.602303e-02 0.000000e+00 9.953791e-01
    outer loop
      vertex   4.349097e-01 4.000000e+00 -2.690070e+00
      vertex   4.349097e-01 7.000000e+00 -2.690070e+00
      vertex   8.734055e-02 4.000000e+00 -2.723600e+00
    endloop
  endfacet
  facet normal -9.602303e-02 0.000000e+00 9.953791e-01
    outer loop
      vertex   8.734055e-02 4.000000e+00 -2.723600e+00
      vertex   4.349097e-01 7.000000e+00 -2.690070e+00
      vertex   8.734055e-02 7.000000e+00 -2.723600e+00
    endloop
  endfacet
  facet normal 3.205158e-02 -0.000000e+00 9.994862e-01
    outer loop
      vertex   8.734055e-02 4.000000e+00 -2.723600e+00
      vertex   8.734055e-02 7.000000e+00 -2.723600e+00
      vertex   -2.616627e-01 4.000000e+00 -2.712408e+00
    endloop
  endfacet
  facet normal 3.205158e-02 -0.000000e+00 9.994862e-01
    outer loop
      vertex   -2.616627e-01 4.000000e+00 -2.712408e+00
      vertex   8.734055e-02 7.000000e+00 -2.723600e+00
      vertex   -2.616627e-01 7.000000e+00 -2.712408e+00
    endloop
  endfacet
  facet normal 1.595999e-01 -0.000000e+00 9.871818e-01
    outer loop
      vertex   -2.616627e-01 4.000000e+00 -2.712408e+00
      vertex   -2.616627e-01 7.000000e+00 -2.712408e+00
      vertex   -6.063695e-01 4.000000e+00 -2.656679e+00
    endloop
  endfacet
  facet normal 1.595999e-01 -0.000000e+00 9.871818e-01
    outer loop
      vertex   -6.063695e-01 4.000000e+00 -2.656679e+00
      vertex   -2.616627e-01 7.000000e+00 -2.712408e+00
      vertex   -6.063695e-01 7.000000e+00 -2.656679e+00
    endloop
  endfacet
  facet normal 2.845276e-01 -0.000000e+00 9.586679e-01
    outer loop
      vertex   -6.063695e-01 4.000000e+00 -2.656679e+00
      vertex   -6.063695e-01 7.000000e+00 -2.656679e+00
      vertex   -9.411198e-01 4.000000e+00 -2.557326e+00
    endloop
  endfacet
  facet normal 2.845276e-01 -0.000000e+00 9.586679e-01
    outer loop
      vertex   -9.411198e-01 4.000000e+00 -2.557326e+00
      vertex   -6.063695e-01 7.000000e+00 -2.656679e+00
      vertex   -9.411198e-01 7.000000e+00 -2.557326e+00
    endloop
  endfacet
  facet normal 4.047833e-01 -0.000000e+00 9.144126e-01
    outer loop
      vertex   -9.411198e-01 4.000000e+00 -2.557326e+00
      vertex   -9.411198e-01 7.000000e+00 -2.557326e+00
      vertex   -1.260417e+00 4.000000e+00 -2.415983e+00
    endloop
  endfacet
  facet normal 4.047833e-01 -0.000000e+00 9.144126e-01
    outer loop
      vertex   -1.260417e+00 4.000000e+00 -2.415983e+00
      vertex   -9.411198e-01 7.000000e+00 -2.557326e+00
      vertex   -1.260417e+00 7.000000e+00 -2.415983e+00
    endloop
  endfacet
  facet normal 5.183926e-01 -0.000000e+00 8.551428e-01
    outer loop
      vertex   -1.260417e+00 4.000000e+00 -2.415983e+00
      vertex   -1.260417e+00 7.000000e+00 -2.415983e+00
      vertex   -1.559018e+00 4.000000e+00 -2.234969e+00
    endloop
  endfacet
  facet normal 5.183926e-01 -0.000000e+00 8.551428e-01
    outer loop
      vertex   -1.559018e+00 4.000000e+00 -2.234969e+00
      vertex   -1.260417e+00 7.000000e+00 -2.415983e+00
      vertex   -1.559018e+00 7.000000e+00 -2.234969e+00
    endloop
  endfacet
  facet normal 6.234898e-01 -0.000000e+00 7.818315e-01
    outer loop
      vertex   -1.559018e+00 4.000000e+00 -2.234969e+00
      vertex   -1.559018e+00 7.000000e+00 -2.234969e+00
      vertex   -1.832020e+00 4.000000e+00 -2.017258e+00
    endloop
  endfacet
  facet normal 6.234898e-01 -0.000000e+00 7.818315e-01
    outer loop
      vertex   -1.832020e+00 4.000000e+00 -2.017258e+00
      vertex   -1.559018e+00 7.000000e+00 -2.234969e+00
      vertex   -1.832020e+00 7.000000e+00 -2.017258e+00
    endloop
  endfacet
  facet normal 7.183494e-01 -0.000000e+00 6.956826e-01
    outer loop
      vertex   -1.832020e+00 4.000000e+00 -2.017258e+00
      vertex   -1.832020e+00 7.000000e+00 -2.017258e+00
      vertex   -2.074940e+00 4.000000e+00 -1.766422e+00
    endloop
  endfacet
  facet normal 7.183494e-01 -0.000000e+00 6.956826e-01
    outer loop
      vertex   -2.074940e+00 4.000000e+00 -1.766422e+00
      vertex   -1.832020e+00 7.000000e+00 -2.017258e+00
      vertex   -2.074940e+00 7.000000e+00 -1.766422e+00
    endloop
  endfacet
  facet normal 8.014136e-01 -0.000000e+00 5.981105e-01
    outer loop
      vertex   -2.074940e+00 4.000000e+00 -1.766422e+00
      vertex   -2.074940e+00 7.000000e+00 -1.766422e+00
      vertex   -2.283790e+00 4.000000e+00 -1.486583e+00
    endloop
  endfacet
  facet normal 8.014136e-01 -0.000000e+00 5.981105e-01
    outer loop
      vertex   -2.283790e+00 4.000000e+00 -1.486583e+00
      vertex   -2.074940e+00 7.000000e+00 -1.766422e+00
      vertex   -2.283790e+00 7.000000e+00 -1.486583e+00
    endloop
  endfacet
  facet normal 8.713187e-01 -0.000000e+00 4.907176e-01
    outer loop
      vertex   -2.283790e+00 4.000000e+00 -1.486583e+00
      vertex   -2.283790e+00 7.000000e+00 -1.486583e+00
      vertex   -2.455140e+00 4.000000e+00 -1.182333e+00
    endloop
  endfacet
  facet normal 8.713187e-01 -0.000000e+00 4.907176e-01
    outer loop
      vertex   -2.455140e+00 4.000000e+00 -1.182333e+00
      vertex   -2.283790e+00 7.000000e+00 -1.486583e+00
      vertex   -2.455140e+00 7.000000e+00 -1.182333e+00
    endloop
  endfacet
  facet normal 9.269168e-01 -0.000000e+00 3.752670e-01
    outer loop
      vertex   -2.455140e+00 4.000000e+00 -1.182333e+00
      vertex   -2.455140e+00 7.000000e+00 -1.182333e+00
      vertex   -2.586177e+00 4.000000e+00 -8.586699e-01
    endloop
  endfacet
  facet normal 9.269168e-01 -0.000000e+00 3.752670e-01
    outer loop
      vertex   -2.586177e+00 4.000000e+00 -8.586699e-01
      vertex   -2.455140e+00 7.000000e+00 -1.182333e+00
      vertex   -2.586177e+00 7.000000e+00 -8.586699e-01
    endloop
  endfacet
  facet normal 9.672949e-01 -0.000000e+00 2.536546e-01
    outer loop
      vertex   -2.586177e+00 4.000000e+00 -8.586699e-01
      vertex   -2.586177e+00 7.000000e+00 -8.586699e-01
      vertex   -2.674749e+00 4.000000e+00 -5.209073e-01
    endloop
  endfacet
  facet normal 9.672949e-01 -0.000000e+00 2.536546e-01
    outer loop
      vertex   -2.674749e+00 4.000000e+00 -5.209073e-01
      vertex   -2.586177e+00 7.000000e+00 -8.586699e-01
      vertex   -2.674749e+00 7.000000e+00 -5.209073e-01
    endloop
  endfacet
  facet normal 9.917900e-01 -0.000000e+00 1.278772e-01
    outer loop
      vertex   -2.674749e+00 4.000000e+00 -5.209073e-01
      vertex   -2.674749e+00 7.000000e+00 -5.209073e-01
      vertex   -2.719401e+00 4.000000e+00 -1.745913e-01
    endloop
  endfacet
  facet normal 9.917900e-01 -0.000000e+00 1.278772e-01
    outer loop
      vertex   -2.719401e+00 4.000000e+00 -1.745913e-01
      vertex   -2.674749e+00 7.000000e+00 -5.209073e-01
      vertex   -2.719401e+00 7.000000e+00 -1.745913e-01
    endloop
  endfacet
  facet normal 1.000000e+00 0.000000e+00 0.000000e+00
    outer loop
      vertex   -2.719401e+00 4.000000e+00 -1.745913e-01
      vertex   -2.719401e+00 7.000000e+00 -1.745913e-01
      vertex   -2.719401e+00 4.000000e+00 1.745913e-01
    endloop
  endfacet
  facet normal 1.000000e+00 -0.000000e+00 0.000000e+00
    outer loop
      vertex   -2.719401e+00 4.000000e+00 1.745913e-01
      vertex   -2.719401e+00 7.000000e+00 -1.745913e-01
      vertex   -2.719401e+00 7.000000e+00 1.745913e-01
    endloop
  endfacet
  facet normal 9.917900e-01 0.000000e+00 -1.278772e-01
    outer loop
      vertex   -2.719401e+00 4.000000e+00 1.745913e-01
      vertex   -2.719401e+00 7.000000e+00 1.745913e-01
      vertex   -2.674749e+00 4.000000e+00 5.209073e-01
    endloop
  endfacet
  facet normal 9.917900e-01 0.000000e+00 -1.278772e-01
    outer loop
      vertex   -2.674749e+00 4.000000e+00 5.209073e-01
      vertex   -2.719401e+00 7.000000e+00 1.745913e-01
      vertex   -2.674749e+00 7.000000e+00 5.209073e-01
    endloop
  endfacet
  facet normal 9.672949e-01 0.000000e+00 -2.536546e-01
    outer loop
      vertex   -2.674749e+00 4.000000e+00 5.209073e-01
      vertex   -2.674749e+00 7.000000e+00 5.209073e-01
      vertex   -2.586177e+00 4.000000e+00 8.586699e-01
    endloop
  endfacet
  facet normal 9.672949e-01 0.000000e+00 -2.536546e-01
    outer loop
      vertex   -2.586177e+00 4.000000e+00 8.586699e-01
      vertex   -2.674749e+00 7.000000e+00 5.209073e-01
      vertex   -2.586177e+00 7.000000e+00 8.586699e-01
    endloop
  endfacet
  facet normal 9.269168e-01 0.000000e+00 -3.752670e-01
    outer loop
      vertex   -2.586177e+00 4.000000e+00 8.586699e-01
      vertex   -2.586177e+00 7.000000e+00 8.586699e-01
      vertex   -2.455140e+00 4.000000e+00 1.182333e+00
    endloop
  endfacet
  facet normal 9.269168e-01 0.000000e+00 -3.752670e-01
    outer loop
      vertex   -2.455140e+00 4.000000e+00 1.182333e+00
      vertex   -2.586177e+00 7.000000e+00 8.586699e-01
      vertex   -2.455140e+00 7.000000e+00 1.182333e+00
    endloop
  endfacet
  facet normal 8.713187e-01 0.000000e+00 -4.907176e-01
    outer loop
      vertex   -2.455140e+00 4.000000e+00 1.182333e+00
      vertex   -2.455140e+00 7.000000e+00 1.182333e+00
      vertex   -2.283790e+00 4.000000e+00 1.486583e+00
    endloop
  endfacet
  facet normal 8.713187e-01 0.000000e+00 -4.907176e-01
    outer loop
      vertex   -2.283790e+00 4.000000e+00 1.486583e+00
      vertex   -2.455140e+00 7.000000e+00 1.182333e+00
      vertex   -2.283790e+00 7.000000e+00 1.486583e+00
    endloop
  endfacet
  facet normal 8.014136e-01 0.000000e+00 -5.981105e-01
    outer loop
      vertex   -2.283790e+00 4.000000e+00 1.486583e+00
      vertex   -2.283790e+00 7.000000e+00 1.486583e+00
      vertex   -2.074940e+00 4.000000e+00 1.766422e+00
    endloop
  endfacet
  facet normal 8.014136e-01 0.000000e+00 -5.981105e-01
    outer loop
      vertex   -2.074940e+00 4.000000e+00 1.766422e+00
      vertex   -2.283790e+00 7.000000e+00 1.486583e+00
      vertex   -2.074940e+00 7.000000e+00 1.766422e+00
    endloop
  endfacet
  facet normal 7.183494e-01 0.000000e+00 -6.956826e-01
    outer loop
      vertex   -2.074940e+00 4.000000e+00 1.766422e+00
      vertex   -2.074940e+00 7.000000e+00 1.766422e+00
      vertex   -1.832020e+00 4.000000e+00 2.017258e+00
    endloop
  endfacet
  facet normal 7.183494e-01 0.000000e+00 -6.956826e-01
    outer loop
      vertex   -1.832020e+00 4.000000e+00 2.017258e+00
      vertex   -2.074940e+00 7.000000e+00 1.766422e+00
      vertex   -1.832020e+00 7.000000e+00 2.017258e+00
    endloop
  endfacet
  facet normal 6.234898e-01 0.000000e+00 -7.818315e-01
    outer loop
      vertex   -1.832020e+00 4.000000e+00 2.017258e+00
      vertex   -1.832020e+00 7.000000e+00 2.017258e+00
      vertex   -1.559018e+00 4.000000e+00 2.234969e+00
    endloop
  endfacet
  facet normal 6.234898e-01 0.000000e+00 -7.818315e-01
    outer loop
      vertex   -1.559018e+00 4.000000e+00 2.234969e+00
      vertex   -1.832020e+00 7.000000e+00 2.017258e+00
      vertex   -1.559018e+00 7.000000e+00 2.234969e+00
    endloop
  endfacet
  facet normal 5.183926e-01 0.000000e+00 -8.551428e-01
    outer loop
      vertex   -1.559018e+00 4.000000e+00 2.234969e+00
      vertex   -1.559018e+00 7.000000e+00 2.234969e+00
      vertex   -1.260417e+00 4.000000e+00 2.415983e+00
    endloop
  endfacet
  facet normal 5.183926e-01 0.000000e+00 -8.551428e-01
    outer loop
      vertex   -1.260417e+00 4.000000e+00 2.415983e+00
      vertex   -1.559018e+00 7.000000e+00 2.234969e+00
      vertex   -1.260417e+00 7.000000e+00 2.415983e+00
    endloop
  endfacet
  facet normal 4.047833e-01 0.000000e+00 -9.144126e-01
    outer loop
      vertex   -1.260417e+00 4.000000e+00 2.415983e+00
      vertex   -1.260417e+00 7.000000e+00 2.415983e+00
      vertex   -9.411198e-01 4.000000e+00 2.557326e+00
    endloop
  endfacet
  facet normal 4.047833e-01 0.000000e+00 -9.144126e-01
    outer loop
      vertex   -9.411198e-01 4.000000e+00 2.557326e+00
      vertex   -1.260417e+00 7.000000e+00 2.415983e+00
      vertex   -9.411198e-01 7.000000e+00 2.557326e+00
    endloop
  endfacet
  facet normal 2.845276e-01 0.000000e+00 -9.586679e-01
    outer loop
      vertex   -9.411198e-01 4.000000e+00 2.557326e+00
      vertex   -9.411198e-01 7.000000e+00 2.557326e+00
      vertex   -6.063695e-01 4.000000e+00 2.656679e+00
    endloop
  endfacet
  facet normal 2.845276e-01 0.000000e+00 -9.586679e-01
    outer loop
      vertex   -6.063695e-01 4.000000e+00 2.656679e+00
      vertex   -9.411198e-01 7.000000e+00 2.557326e+00
      vertex   -6.063695e-01 7.000000e+00 2.656679e+00
    endloop
  endfacet
  facet normal 1.595999e-01 0.000000e+00 -9.871818e-01
    outer loop
      vertex   -6.063695e-01 4.000000e+00 2.656679e+00
      vertex   -6.063695e-01 7.000000e+00 2.656679e+00
      vertex   -2.616627e-01 4.000000e+00 2.712408e+00
    endloop
  endfacet
  facet normal 1.595999e-01 0.000000e+00 -9.871818e-01
    outer loop
      vertex   -2.616627e-01 4.000000e+00 2.712408e+00
      vertex   -6.063695e-01 7.000000e+00 2.656679e+00
      vertex   -2.616627e-01 7.000000e+00 2.712408e+00
    endloop
  endfacet
  facet normal 3.205158e-02 0.000000e+00 -9.994862e-01
    outer loop
      vertex   -2.616627e-01 4.000000e+00 2.712408e+00
      vertex   -2.616627e-01 7.000000e+00 2.712408e+00
      vertex   8.734055e-02 4.000000e+00 2.723600e+00
    endloop
  endfacet
  facet normal 3.205158e-02 0.000000e+00 -9.994862e-01
    outer loop
      vertex   8.734055e-02 4.000000e+00 2.723600e+00
      vertex   -2.616627e-01 7.000000e+00 2.712408e+00
      vertex   8.734055e-02 7.000000e+00 2.723600e+00
    endloop
  endfacet
  facet normal -9.602303e-02 0.000000e+00 -9.953791e-01
    outer loop
      vertex   8.734055e-02 4.000000e+00 2.723600e+00
      vertex   8.734055e-02 7.000000e+00 2.723600e+00
      vertex   4.349097e-01 4.000000e+00 2.690070e+00
    endloop
  endfacet
  facet normal -9.602303e-02 0.000000e+00 -9.953791e-01
    outer loop
      vertex   4.349097e-01 4.000000e+00 2.690070e+00
      vertex   8.734055e-02 7.000000e+00 2.723600e+00
      vertex   4.349097e-01 7.000000e+00 2.690070e+00
    endloop
  endfacet
  facet normal -2.225209e-01 0.000000e+00 -9.749279e-01
    outer loop
      vertex   4.349097e-01 4.000000e+00 2.690070e+00
      vertex   4.349097e-01 7.000000e+00 2.690070e+00
      vertex   7.753377e-01 4.000000e+00 2.612370e+00
    endloop
  endfacet
  facet normal -2.225209e-01 0.000000e+00 -9.749279e-01
    outer loop
      vertex   7.753377e-01 4.000000e+00 2.612370e+00
      vertex   4.349097e-01 7.000000e+00 2.690070e+00
      vertex   7.753377e-01 7.000000e+00 2.612370e+00
    endloop
  endfacet
  facet normal -3.453651e-01 0.000000e+00 -9.384684e-01
    outer loop
      vertex   7.753377e-01 4.000000e+00 2.612370e+00
      vertex   7.753377e-01 7.000000e+00 2.612370e+00
      vertex   1.103035e+00 4.000000e+00 2.491774e+00
    endloop
  endfacet
  facet normal -3.453651e-01 0.000000e+00 -9.384684e-01
    outer loop
      vertex   1.103035e+00 4.000000e+00 2.491774e+00
      vertex   7.753377e-01 7.000000e+00 2.612370e+00
      vertex   1.103035e+00 7.000000e+00 2.491774e+00
    endloop
  endfacet
  facet normal -4.625383e-01 0.000000e+00 -8.865993e-01
    outer loop
      vertex   1.103035e+00 4.000000e+00 2.491774e+00
      vertex   1.103035e+00 7.000000e+00 2.491774e+00
      vertex   1.412620e+00 4.000000e+00 2.330264e+00
    endloop
  endfacet
  facet normal -4.625383e-01 0.000000e+00 -8.865993e-01
    outer loop
      vertex   1.412620e+00 4.000000e+00 2.330264e+00
      vertex   1.103035e+00 7.000000e+00 2.491774e+00
      vertex   1.412620e+00 7.000000e+00 2.330264e+00
    endloop
  endfacet
  facet normal -5.721167e-01 0.000000e+00 -8.201723e-01
    outer loop
      vertex   1.412620e+00 4.000000e+00 2.330264e+00
      vertex   1.412620e+00 7.000000e+00 2.330264e+00
      vertex   1.699010e+00 4.000000e+00 2.130491e+00
    endloop
  endfacet
  facet normal -5.721167e-01 0.000000e+00 -8.201723e-01
    outer loop
      vertex   1.699010e+00 4.000000e+00 2.130491e+00
      vertex   1.412620e+00 7.000000e+00 2.330264e+00
      vertex   1.699010e+00 7.000000e+00 2.130491e+00
    endloop
  endfacet
  facet normal -6.723009e-01 0.000000e+00 -7.402780e-01
    outer loop
      vertex   1.699010e+00 4.000000e+00 2.130491e+00
      vertex   1.699010e+00 7.000000e+00 2.130491e+00
      vertex   1.957502e+00 4.000000e+00 1.895735e+00
    endloop
  endfacet
  facet normal -6.723009e-01 0.000000e+00 -7.402780e-01
    outer loop
      vertex   1.957502e+00 4.000000e+00 1.895735e+00
      vertex   1.699010e+00 7.000000e+00 2.130491e+00
      vertex   1.957502e+00 7.000000e+00 1.895735e+00
    endloop
  endfacet
  facet normal -7.614460e-01 0.000000e+00 -6.482284e-01
    outer loop
      vertex   1.957502e+00 4.000000e+00 1.895735e+00
      vertex   1.957502e+00 7.000000e+00 1.895735e+00
      vertex   2.183852e+00 4.000000e+00 1.629851e+00
    endloop
  endfacet
  facet normal -7.614460e-01 0.000000e+00 -6.482284e-01
    outer loop
      vertex   2.183852e+00 4.000000e+00 1.629851e+00
      vertex   1.957502e+00 7.000000e+00 1.895735e+00
      vertex   2.183852e+00 7.000000e+00 1.629851e+00
    endloop
  endfacet
  facet normal -8.380881e-01 0.000000e+00 -5.455349e-01
    outer loop
      vertex   2.183852e+00 4.000000e+00 1.629851e+00
      vertex   2.183852e+00 7.000000e+00 1.629851e+00
      vertex   2.374343e+00 4.000000e+00 1.337205e+00
    endloop
  endfacet
  facet normal -8.380881e-01 0.000000e+00 -5.455349e-01
    outer loop
      vertex   2.374343e+00 4.000000e+00 1.337205e+00
      vertex   2.183852e+00 7.000000e+00 1.629851e+00
      vertex   2.374343e+00 7.000000e+00 1.337205e+00
    endloop
  endfacet
  facet normal -9.009689e-01 0.000000e+00 -4.338837e-01
    outer loop
      vertex   2.374343e+00 4.000000e+00 1.337205e+00
      vertex   2.374343e+00 7.000000e+00 1.337205e+00
      vertex   2.525848e+00 4.000000e+00 1.022603e+00
    endloop
  endfacet
  facet normal -9.009689e-01 0.000000e+00 -4.338837e-01
    outer loop
      vertex   2.525848e+00 4.000000e+00 1.022603e+00
      vertex   2.374343e+00 7.000000e+00 1.337205e+00
      vertex   2.525848e+00 7.000000e+00 1.022603e+00
    endloop
  endfacet
  facet normal -9.490557e-01 0.000000e+00 -3.151082e-01
    outer loop
      vertex   2.525848e+00 4.000000e+00 1.022603e+00
      vertex   2.525848e+00 7.000000e+00 1.022603e+00
      vertex   2.635879e+00 4.000000e+00 6.912087e-01
    endloop
  endfacet
  facet normal -9.490557e-01 0.000000e+00 -3.151082e-01
    outer loop
      vertex   2.635879e+00 4.000000e+00 6.912087e-01
      vertex   2.525848e+00 7.000000e+00 1.022603e+00
      vertex   2.635879e+00 7.000000e+00 6.912087e-01
    endloop
  endfacet
  facet normal -9.815592e-01 0.000000e+00 -1.911586e-01
    outer loop
      vertex   2.635879e+00 4.000000e+00 6.912087e-01
      vertex   2.635879e+00 7.000000e+00 6.912087e-01
      vertex   2.702628e+00 4.000000e+00 3.484653e-01
    endloop
  endfacet
  facet normal -9.815592e-01 0.000000e+00 -1.911586e-01
    outer loop
      vertex   2.702628e+00 4.000000e+00 3.484653e-01
      vertex   2.635879e+00 7.000000e+00 6.912087e-01
      vertex   2.702628e+00 7.000000e+00 3.484653e-01
    endloop
  endfacet
  facet normal -0.000000e+00 1.000000e+00 0.000000e+00
    outer loop
      vertex   1.578178e+00 4.000000e+00 2.633513e-01
      vertex   2.702628e+00 4.000000e+00 3.484653e-01
      vertex   1.600000e+00 4.000000e+00 -1.959435e-16
    endloop
  endfacet
  facet normal -0.000000e+00 1.000000e+00 0.000000e+00
    outer loop
      vertex   1.600000e+00 4.000000e+00 -1.959435e-16
      vertex   2.702628e+00 4.000000e+00 3.484653e-01
      vertex   2.725000e+00 4.000000e+00 -3.337163e-16
    endloop
  endfacet
  facet normal 0.000000e+00 1.000000e+00 0.000000e+00
    outer loop
      vertex   1.600000e+00 4.000000e+00 -1.959435e-16
      vertex   2.725000e+00 4.000000e+00 -3.337163e-16
      vertex   2.702628e+00 4.000000e+00 -3.484653e-01
    endloop
  endfacet
  facet normal 0.000000e+00 1.000000e+00 0.000000e+00
    outer loop
      vertex   2.702628e+00 4.000000e+00 3.484653e-01
      vertex   1.578178e+00 4.000000e+00 2.633513e-01
      vertex   2.635879e+00 4.000000e+00 6.912087e-01
    endloop
  endfacet
  facet normal 0.000000e+00 1.000000e+00 0.000000e+00
    outer loop
      vertex   2.635879e+00 4.000000e+00 6.912087e-01
      vertex   1.578178e+00 4.000000e+00 2.633513e-01
      vertex   1.513308e+00 4.000000e+00 5.195192e-01
    endloop
  endfacet
  facet normal 0.000000e+00 1.000000e+00 0.000000e+00
    outer loop
      vertex   2.635879e+00 4.000000e+00 6.912087e-01
      vertex   1.513308e+00 4.000000e+00 5.195192e-01
      vertex   2.525848e+00 4.000000e+00 1.022603e+00
    endloop
  endfacet
  facet normal 0.000000e+00 1.000000e+00 0.000000e+00
    outer loop
      vertex   2.525848e+00 4.000000e+00 1.022603e+00
      vertex   1.513308e+00 4.000000e+00 5.195192e-01
      vertex   1.407158e+00 4.000000e+00 7.615158e-01
    endloop
  endfacet
  facet normal 0.000000e+00 1.000000e+00 0.000000e+00
    outer loop
      vertex   2.525848e+00 4.000000e+00 1.022603e+00
      vertex   1.407158e+00 4.000000e+00 7.615158e-01
      vertex   2.374343e+00 4.000000e+00 1.337205e+00
    endloop
  endfacet
  facet normal 0.000000e+00 1.000000e+00 0.000000e+00
    outer loop
      vertex   2.374343e+00 4.000000e+00 1.337205e+00
      vertex   1.407158e+00 4.000000e+00 7.615158e-01
      vertex   2.183852e+00 4.000000e+00 1.629851e+00
    endloop
  endfacet
  facet normal 0.000000e+00 1.000000e+00 0.000000e+00
    outer loop
      vertex   2.183852e+00 4.000000e+00 1.629851e+00
      vertex   1.407158e+00 4.000000e+00 7.615158e-01
      vertex   1.262625e+00 4.000000e+00 9.827403e-01
    endloop
  endfacet
  facet normal 0.000000e+00 1.000000e+00 0.000000e+00
    outer loop
      vertex   2.183852e+00 4.000000e+00 1.629851e+00
      vertex   1.262625e+00 4.000000e+00 9.827403e-01
      vertex   1.957502e+00 4.000000e+00 1.895735e+00
    endloop
  endfacet
  facet normal 0.000000e+00 1.000000e+00 0.000000e+00
    outer loop
      vertex   1.957502e+00 4.000000e+00 1.895735e+00
      vertex   1.262625e+00 4.000000e+00 9.827403e-01
      vertex   1.083651e+00 4.000000e+00 1.177158e+00
    endloop
  endfacet
  facet normal 0.000000e+00 1.000000e+00 0.000000e+00
    outer loop
      vertex   1.957502e+00 4.000000e+00 1.895735e+00
      vertex   1.083651e+00 4.000000e+00 1.177158e+00
      vertex   1.699010e+00 4.000000e+00 2.130491e+00
    endloop
  endfacet
  facet normal 0.000000e+00 1.000000e+00 0.000000e+00
    outer loop
      vertex   1.699010e+00 4.000000e+00 2.130491e+00
      vertex   1.083651e+00 4.000000e+00 1.177158e+00
      vertex   8.751171e-01 4.000000e+00 1.339466e+00
    endloop
  endfacet
  facet normal 0.000000e+00 1.000000e+00 0.000000e+00
    outer loop
      vertex   1.699010e+00 4.000000e+00 2.130491e+00
      vertex   8.751171e-01 4.000000e+00 1.339466e+00
      vertex   1.412620e+00 4.000000e+00 2.330264e+00
    endloop
  endfacet
  facet normal 0.000000e+00 1.000000e+00 0.000000e+00
    outer loop
      vertex   1.412620e+00 4.000000e+00 2.330264e+00
      vertex   8.751171e-01 4.000000e+00 1.339466e+00
      vertex   6.427127e-01 4.000000e+00 1.465237e+00
    endloop
  endfacet
  facet normal 0.000000e+00 1.000000e+00 0.000000e+00
    outer loop
      vertex   1.412620e+00 4.000000e+00 2.330264e+00
      vertex   6.427127e-01 4.000000e+00 1.465237e+00
      vertex   1.103035e+00 4.000000e+00 2.491774e+00
    endloop
  endfacet
  facet normal 0.000000e+00 1.000000e+00 0.000000e+00
    outer loop
      vertex   1.103035e+00 4.000000e+00 2.491774e+00
      vertex   6.427127e-01 4.000000e+00 1.465237e+00
      vertex   7.753377e-01 4.000000e+00 2.612370e+00
    endloop
  endfacet
  facet normal 0.000000e+00 1.000000e+00 0.000000e+00
    outer loop
      vertex   7.753377e-01 4.000000e+00 2.612370e+00
      vertex   6.427127e-01 4.000000e+00 1.465237e+00
      vertex   3.927768e-01 4.000000e+00 1.551040e+00
    endloop
  endfacet
  facet normal 0.000000e+00 1.000000e+00 0.000000e+00
    outer loop
      vertex   7.753377e-01 4.000000e+00 2.612370e+00
      vertex   3.927768e-01 4.000000e+00 1.551040e+00
      vertex   4.349097e-01 4.000000e+00 2.690070e+00
    endloop
  endfacet
  facet normal 0.000000e+00 1.000000e+00 0.000000e+00
    outer loop
      vertex   4.349097e-01 4.000000e+00 2.690070e+00
      vertex   3.927768e-01 4.000000e+00 1.551040e+00
      vertex   1.321270e-01 4.000000e+00 1.594535e+00
    endloop
  endfacet
  facet normal 0.000000e+00 1.000000e+00 0.000000e+00
    outer loop
      vertex   4.349097e-01 4.000000e+00 2.690070e+00
      vertex   1.321270e-01 4.000000e+00 1.594535e+00
      vertex   8.734055e-02 4.000000e+00 2.723600e+00
    endloop
  endfacet
  facet normal 0.000000e+00 1.000000e+00 0.000000e+00
    outer loop
      vertex   8.734055e-02 4.000000e+00 2.723600e+00
      vertex   1.321270e-01 4.000000e+00 1.594535e+00
      vertex   -1.321270e-01 4.000000e+00 1.594535e+00
    endloop
  endfacet
  facet normal 0.000000e+00 1.000000e+00 0.000000e+00
    outer loop
      vertex   8.734055e-02 4.000000e+00 2.723600e+00
      vertex   -1.321270e-01 4.000000e+00 1.594535e+00
      vertex   -2.616627e-01 4.000000e+00 2.712408e+00
    endloop
  endfacet
  facet normal 0.000000e+00 1.000000e+00 0.000000e+00
    outer loop
      vertex   -2.616627e-01 4.000000e+00 2.712408e+00
      vertex   -1.321270e-01 4.000000e+00 1.594535e+00
      vertex   -6.063695e-01 4.000000e+00 2.656679e+00
    endloop
  endfacet
  facet normal 0.000000e+00 1.000000e+00 0.000000e+00
    outer loop
      vertex   -6.063695e-01 4.000000e+00 2.656679e+00
      vertex   -1.321270e-01 4.000000e+00 1.594535e+00
      vertex   -3.927768e-01 4.000000e+00 1.551040e+00
    endloop
  endfacet
  facet normal 0.000000e+00 1.000000e+00 0.000000e+00
    outer loop
      vertex   -6.063695e-01 4.000000e+00 2.656679e+00
      vertex   -3.927768e-01 4.000000e+00 1.551040e+00
      vertex   -9.411198e-01 4.000000e+00 2.557326e+00
    endloop
  endfacet
  facet normal 0.000000e+00 1.000000e+00 0.000000e+00
    outer loop
      vertex   -9.411198e-01 4.000000e+00 2.557326e+00
      vertex   -3.927768e-01 4.000000e+00 1.551040e+00
      vertex   -6.427127e-01 4.000000e+00 1.465237e+00
    endloop
  endfacet
  facet normal 0.000000e+00 1.000000e+00 0.000000e+00
    outer loop
      vertex   -9.411198e-01 4.000000e+00 2.557326e+00
      vertex   -6.427127e-01 4.000000e+00 1.465237e+00
      vertex   -1.260417e+00 4.000000e+00 2.415983e+00
    endloop
  endfacet
  facet normal 0.000000e+00 1.000000e+00 0.000000e+00
    outer loop
      vertex   -1.260417e+00 4.000000e+00 2.415983e+00
      vertex   -6.427127e-01 4.000000e+00 1.465237e+00
      vertex   -8.751171e-01 4.000000e+00 1.339466e+00
    endloop
  endfacet
  facet normal 0.000000e+00 1.000000e+00 0.000000e+00
    outer loop
      vertex   -1.260417e+00 4.000000e+00 2.415983e+00
      vertex   -8.751171e-01 4.000000e+00 1.339466e+00
      vertex   -1.559018e+00 4.000000e+00 2.234969e+00
    endloop
  endfacet
  facet normal 0.000000e+00 1.000000e+00 0.000000e+00
    outer loop
      vertex   -1.559018e+00 4.000000e+00 2.234969e+00
      vertex   -8.751171e-01 4.000000e+00 1.339466e+00
      vertex   -1.083651e+00 4.000000e+00 1.177158e+00
    endloop
  endfacet
  facet normal 0.000000e+00 1.000000e+00 0.000000e+00
    outer loop
      vertex   -1.559018e+00 4.000000e+00 2.234969e+00
      vertex   -1.083651e+00 4.000000e+00 1.177158e+00
      vertex   -1.832020e+00 4.000000e+00 2.017258e+00
    endloop
  endfacet
  facet normal 0.000000e+00 1.000000e+00 0.000000e+00
    outer loop
      vertex   -1.832020e+00 4.000000e+00 2.017258e+00
      vertex   -1.083651e+00 4.000000e+00 1.177158e+00
      vertex   -2.074940e+00 4.000000e+00 1.766422e+00
    endloop
  endfacet
  facet normal 0.000000e+00 1.000000e+00 0.000000e+00
    outer loop
      vertex   -2.074940e+00 4.000000e+00 1.766422e+00
      vertex   -1.083651e+00 4.000000e+00 1.177158e+00
      vertex   -1.262625e+00 4.000000e+00 9.827403e-01
    endloop
  endfacet
  facet normal 0.000000e+00 1.000000e+00 0.000000e+00
    outer loop
      vertex   -2.074940e+00 4.000000e+00 1.766422e+00
      vertex   -1.262625e+00 4.000000e+00 9.827403e-01
      vertex   -2.283790e+00 4.000000e+00 1.486583e+00
    endloop
  endfacet
  facet normal 0.000000e+00 1.000000e+00 0.000000e+00
    outer loop
      vertex   -2.283790e+00 4.000000e+00 1.486583e+00
      vertex   -1.262625e+00 4.000000e+00 9.827403e-01
      vertex   -1.407158e+00 4.000000e+00 7.615158e-01
    endloop
  endfacet
  facet normal 0.000000e+00 1.000000e+00 0.000000e+00
    outer loop
      vertex   -2.283790e+00 4.000000e+00 1.486583e+00
      vertex   -1.407158e+00 4.000000e+00 7.615158e-01
      vertex   -2.455140e+00 4.000000e+00 1.182333e+00
    endloop
  endfacet
  facet normal 0.000000e+00 1.000000e+00 0.000000e+00
    outer loop
      vertex   -2.455140e+00 4.000000e+00 1.182333e+00
      vertex   -1.407158e+00 4.000000e+00 7.615158e-01
      vertex   -1.513308e+00 4.000000e+00 5.195192e-01
    endloop
  endfacet
  facet normal 0.000000e+00 1.000000e+00 0.000000e+00
    outer loop
      vertex   -2.455140e+00 4.000000e+00 1.182333e+00
      vertex   -1.513308e+00 4.000000e+00 5.195192e-01
      vertex   -2.586177e+00 4.000000e+00 8.586699e-01
    endloop
  endfacet
  facet normal 0.000000e+00 1.000000e+00 0.000000e+00
    outer loop
      vertex   -2.586177e+00 4.000000e+00 8.586699e-01
      vertex   -1.513308e+00 4.000000e+00 5.195192e-01
      vertex   -2.674749e+00 4.000000e+00 5.209073e-01
    endloop
  endfacet
  facet normal 0.000000e+00 1.000000e+00 0.000000e+00
    outer loop
      vertex   -2.674749e+00 4.000000e+00 5.209073e-01
      vertex   -1.513308e+00 4.000000e+00 5.195192e-01
      vertex   -1.578178e+00 4.000000e+00 2.633513e-01
    endloop
  endfacet
  facet normal 0.000000e+00 1.000000e+00 0.000000e+00
    outer loop
      vertex   -2.674749e+00 4.000000e+00 5.209073e-01
      vertex   -1.578178e+00 4.000000e+00 2.633513e-01
      vertex   -2.719401e+00 4.000000e+00 1.745913e-01
    endloop
  endfacet
  facet normal -0.000000e+00 1.000000e+00 0.000000e+00
    outer loop
      vertex   -2.719401e+00 4.000000e+00 1.745913e-01
      vertex   -1.578178e+00 4.000000e+00 2.633513e-01
      vertex   -1.600000e+00 4.000000e+00 0.000000e+00
    endloop
  endfacet
  facet normal 0.000000e+00 1.000000e+00 0.000000e+00
    outer loop
      vertex   -2.719401e+00 4.000000e+00 1.745913e-01
      vertex   -1.600000e+00 4.000000e+00 0.000000e+00
      vertex   -2.719401e+00 4.000000e+00 -1.745913e-01
    endloop
  endfacet
  facet normal -0.000000e+00 1.000000e+00 0.000000e+00
    outer loop
      vertex   -2.719401e+00 4.000000e+00 -1.745913e-01
      vertex   -1.600000e+00 4.000000e+00 0.000000e+00
      vertex   -1.578178e+00 4.000000e+00 -2.633513e-01
    endloop
  endfacet
  facet normal 0.000000e+00 1.000000e+00 0.000000e+00
    outer loop
      vertex   -2.719401e+00 4.000000e+00 -1.745913e-01
      vertex   -1.578178e+00 4.000000e+00 -2.633513e-01
      vertex   -2.674749e+00 4.000000e+00 -5.209073e-01
    endloop
  endfacet
  facet normal 0.000000e+00 1.000000e+00 0.000000e+00
    outer loop
      vertex   -2.674749e+00 4.000000e+00 -5.209073e-01
      vertex   -1.578178e+00 4.000000e+00 -2.633513e-01
      vertex   -1.513308e+00 4.000000e+00 -5.195192e-01
    endloop
  endfacet
  facet normal -0.000000e+00 1.000000e+00 0.000000e+00
    outer loop
      vertex   -2.674749e+00 4.000000e+00 -5.209073e-01
      vertex   -1.513308e+00 4.000000e+00 -5.195192e-01
      vertex   -2.586177e+00 4.000000e+00 -8.586699e-01
    endloop
  endfacet
  facet normal -0.000000e+00 1.000000e+00 0.000000e+00
    outer loop
      vertex   -2.586177e+00 4.000000e+00 -8.586699e-01
      vertex   -1.513308e+00 4.000000e+00 -5.195192e-01
      vertex   -2.455140e+00 4.000000e+00 -1.182333e+00
    endloop
  endfacet
  facet normal 0.000000e+00 1.000000e+00 0.000000e+00
    outer loop
      vertex   -2.455140e+00 4.000000e+00 -1.182333e+00
      vertex   -1.513308e+00 4.000000e+00 -5.195192e-01
      vertex   -1.407158e+00 4.000000e+00 -7.615158e-01
    endloop
  endfacet
  facet normal -0.000000e+00 1.000000e+00 0.000000e+00
    outer loop
      vertex   -2.455140e+00 4.000000e+00 -1.182333e+00
      vertex   -1.407158e+00 4.000000e+00 -7.615158e-01
      vertex   -2.283790e+00 4.000000e+00 -1.486583e+00
    endloop
  endfacet
  facet normal 0.000000e+00 1.000000e+00 0.000000e+00
    outer loop
      vertex   -2.283790e+00 4.000000e+00 -1.486583e+00
      vertex   -1.407158e+00 4.000000e+00 -7.615158e-01
      vertex   -1.262625e+00 4.000000e+00 -9.827403e-01
    endloop
  endfacet
  facet normal -0.000000e+00 1.000000e+00 0.000000e+00
    outer loop
      vertex   -2.283790e+00 4.000000e+00 -1.486583e+00
      vertex   -1.262625e+00 4.000000e+00 -9.827403e-01
      vertex   -2.074940e+00 4.000000e+00 -1.766422e+00
    endloop
  endfacet
  facet normal 0.000000e+00 1.000000e+00 0.000000e+00
    outer loop
      vertex   -2.074940e+00 4.000000e+00 -1.766422e+00
      vertex   -1.262625e+00 4.000000e+00 -9.827403e-01
      vertex   -1.083651e+00 4.000000e+00 -1.177158e+00
    endloop
  endfacet
  facet normal -0.000000e+00 1.000000e+00 0.000000e+00
    outer loop
      vertex   -2.074940e+00 4.000000e+00 -1.766422e+00
      vertex   -1.083651e+00 4.000000e+00 -1.177158e+00
      vertex   -1.832020e+00 4.000000e+00 -2.017258e+00
    endloop
  endfacet
  facet normal -0.000000e+00 1.000000e+00 0.000000e+00
    outer loop
      vertex   -1.832020e+00 4.000000e+00 -2.017258e+00
      vertex   -1.083651e+00 4.000000e+00 -1.177158e+00
      vertex   -1.559018e+00 4.000000e+00 -2.234969e+00
    endloop
  endfacet
  facet normal 0.000000e+00 1.000000e+00 0.000000e+00
    outer loop
      vertex   -1.559018e+00 4.000000e+00 -2.234969e+00
      vertex   -1.083651e+00 4.000000e+00 -1.177158e+00
      vertex   -8.751171e-01 4.000000e+00 -1.339466e+00
    endloop
  endfacet
  facet normal -0.000000e+00 1.000000e+00 0.000000e+00
    outer loop
      vertex   -1.559018e+00 4.000000e+00 -2.234969e+00
      vertex   -8.751171e-01 4.000000e+00 -1.339466e+00
      vertex   -1.260417e+00 4.000000e+00 -2.415983e+00
    endloop
  endfacet
  facet normal 0.000000e+00 1.000000e+00 0.000000e+00
    outer loop
      vertex   -1.260417e+00 4.000000e+00 -2.415983e+00
      vertex   -8.751171e-01 4.000000e+00 -1.339466e+00
      vertex   -6.427127e-01 4.000000e+00 -1.465237e+00
    endloop
  endfacet
  facet normal -0.000000e+00 1.000000e+00 0.000000e+00
    outer loop
      vertex   -1.260417e+00 4.000000e+00 -2.415983e+00
      vertex   -6.427127e-01 4.000000e+00 -1.465237e+00
      vertex   -9.411198e-01 4.000000e+00 -2.557326e+00
    endloop
  endfacet
  facet normal 0.000000e+00 1.000000e+00 0.000000e+00
    outer loop
      vertex   -9.411198e-01 4.000000e+00 -2.557326e+00
      vertex   -6.427127e-01 4.000000e+00 -1.465237e+00
      vertex   -3.927768e-01 4.000000e+00 -1.551040e+00
    endloop
  endfacet
  facet normal -0.000000e+00 1.000000e+00 0.000000e+00
    outer loop
      vertex   -9.411198e-01 4.000000e+00 -2.557326e+00
      vertex   -3.927768e-01 4.000000e+00 -1.551040e+00
      vertex   -6.063695e-01 4.000000e+00 -2.656679e+00
    endloop
  endfacet
  facet normal 0.000000e+00 1.000000e+00 0.000000e+00
    outer loop
      vertex   -6.063695e-01 4.000000e+00 -2.656679e+00
      vertex   -3.927768e-01 4.000000e+00 -1.551040e+00
      vertex   -1.321270e-01 4.000000e+00 -1.594535e+00
    endloop
  endfacet
  facet normal -0.000000e+00 1.000000e+00 0.000000e+00
    outer loop
      vertex   -6.063695e-01 4.000000e+00 -2.656679e+00
      vertex   -1.321270e-01 4.000000e+00 -1.594535e+00
      vertex   -2.616627e-01 4.000000e+00 -2.712408e+00
    endloop
  endfacet
  facet normal -0.000000e+00 1.000000e+00 0.000000e+00
    outer loop
      vertex   -2.616627e-01 4.000000e+00 -2.712408e+00
      vertex   -1.321270e-01 4.000000e+00 -1.594535e+00
      vertex   8.734055e-02 4.000000e+00 -2.723600e+00
    endloop
  endfacet
  facet normal 0.000000e+00 1.000000e+00 -0.000000e+00
    outer loop
      vertex   8.734055e-02 4.000000e+00 -2.723600e+00
      vertex   -1.321270e-01 4.000000e+00 -1.594535e+00
      vertex   1.321270e-01 4.000000e+00 -1.594535e+00
    endloop
  endfacet
  facet normal 0.000000e+00 1.000000e+00 0.000000e+00
    outer loop
      vertex   8.734055e-02 4.000000e+00 -2.723600e+00
      vertex   1.321270e-01 4.000000e+00 -1.594535e+00
      vertex   4.349097e-01 4.000000e+00 -2.690070e+00
    endloop
  endfacet
  facet normal 0.000000e+00 1.000000e+00 0.000000e+00
    outer loop
      vertex   4.349097e-01 4.000000e+00 -2.690070e+00
      vertex   1.321270e-01 4.000000e+00 -1.594535e+00
      vertex   3.927768e-01 4.000000e+00 -1.551040e+00
    endloop
  endfacet
  facet normal 0.000000e+00 1.000000e+00 -0.000000e+00
    outer loop
      vertex   4.349097e-01 4.000000e+00 -2.690070e+00
      vertex   3.927768e-01 4.000000e+00 -1.551040e+00
      vertex   7.753377e-01 4.000000e+00 -2.612370e+00
    endloop
  endfacet
  facet normal 0.000000e+00 1.000000e+00 0.000000e+00
    outer loop
      vertex   7.753377e-01 4.000000e+00 -2.612370e+00
      vertex   3.927768e-01 4.000000e+00 -1.551040e+00
      vertex   6.427127e-01 4.000000e+00 -1.465237e+00
    endloop
  endfacet
  facet normal 0.000000e+00 1.000000e+00 -0.000000e+00
    outer loop
      vertex   7.753377e-01 4.000000e+00 -2.612370e+00
      vertex   6.427127e-01 4.000000e+00 -1.465237e+00
      vertex   1.103035e+00 4.000000e+00 -2.491774e+00
    endloop
  endfacet
  facet normal 0.000000e+00 1.000000e+00 -0.000000e+00
    outer loop
      vertex   1.103035e+00 4.000000e+00 -2.491774e+00
      vertex   6.427127e-01 4.000000e+00 -1.465237e+00
      vertex   1.412620e+00 4.000000e+00 -2.330264e+00
    endloop
  endfacet
  facet normal 0.000000e+00 1.000000e+00 0.000000e+00
    outer loop
      vertex   1.412620e+00 4.000000e+00 -2.330264e+00
      vertex   6.427127e-01 4.000000e+00 -1.465237e+00
      vertex   8.751171e-01 4.000000e+00 -1.339466e+00
    endloop
  endfacet
  facet normal 0.000000e+00 1.000000e+00 -0.000000e+00
    outer loop
      vertex   1.412620e+00 4.000000e+00 -2.330264e+00
      vertex   8.751171e-01 4.000000e+00 -1.339466e+00
      vertex   1.699010e+00 4.000000e+00 -2.130491e+00
    endloop
  endfacet
  facet normal 0.000000e+00 1.000000e+00 0.000000e+00
    outer loop
      vertex   1.699010e+00 4.000000e+00 -2.130491e+00
      vertex   8.751171e-01 4.000000e+00 -1.339466e+00
      vertex   1.083651e+00 4.000000e+00 -1.177158e+00
    endloop
  endfacet
  facet normal 0.000000e+00 1.000000e+00 -0.000000e+00
    outer loop
      vertex   1.699010e+00 4.000000e+00 -2.130491e+00
      vertex   1.083651e+00 4.000000e+00 -1.177158e+00
      vertex   1.957502e+00 4.000000e+00 -1.895735e+00
    endloop
  endfacet
  facet normal 0.000000e+00 1.000000e+00 0.000000e+00
    outer loop
      vertex   1.957502e+00 4.000000e+00 -1.895735e+00
      vertex   1.083651e+00 4.000000e+00 -1.177158e+00
      vertex   1.262625e+00 4.000000e+00 -9.827403e-01
    endloop
  endfacet
  facet normal 0.000000e+00 1.000000e+00 -0.000000e+00
    outer loop
      vertex   1.957502e+00 4.000000e+00 -1.895735e+00
      vertex   1.262625e+00 4.000000e+00 -9.827403e-01
      vertex   2.183852e+00 4.000000e+00 -1.629851e+00
    endloop
  endfacet
  facet normal 0.000000e+00 1.000000e+00 0.000000e+00
    outer loop
      vertex   2.183852e+00 4.000000e+00 -1.629851e+00
      vertex   1.262625e+00 4.000000e+00 -9.827403e-01
      vertex   1.407158e+00 4.000000e+00 -7.615158e-01
    endloop
  endfacet
  facet normal 0.000000e+00 1.000000e+00 -0.000000e+00
    outer loop
      vertex   2.183852e+00 4.000000e+00 -1.629851e+00
      vertex   1.407158e+00 4.000000e+00 -7.615158e-01
      vertex   2.374343e+00 4.000000e+00 -1.337205e+00
    endloop
  endfacet
  facet normal 0.000000e+00 1.000000e+00 -0.000000e+00
    outer loop
      vertex   2.374343e+00 4.000000e+00 -1.337205e+00
      vertex   1.407158e+00 4.000000e+00 -7.615158e-01
      vertex   2.525848e+00 4.000000e+00 -1.022603e+00
    endloop
  endfacet
  facet normal 0.000000e+00 1.000000e+00 0.000000e+00
    outer loop
      vertex   2.525848e+00 4.000000e+00 -1.022603e+00
      vertex   1.407158e+00 4.000000e+00 -7.615158e-01
      vertex   1.513308e+00 4.000000e+00 -5.195192e-01
    endloop
  endfacet
  facet normal 0.000000e+00 1.000000e+00 -0.000000e+00
    outer loop
      vertex   2.525848e+00 4.000000e+00 -1.022603e+00
      vertex   1.513308e+00 4.000000e+00 -5.195192e-01
      vertex   2.635879e+00 4.000000e+00 -6.912087e-01
    endloop
  endfacet
  facet normal 0.000000e+00 1.000000e+00 0.000000e+00
    outer loop
      vertex   2.635879e+00 4.000000e+00 -6.912087e-01
      vertex   1.513308e+00 4.000000e+00 -5.195192e-01
      vertex   1.578178e+00 4.000000e+00 -2.633513e-01
    endloop
  endfacet
  facet normal 0.000000e+00 1.000000e+00 -0.000000e+00
    outer loop
      vertex   2.635879e+00 4.000000e+00 -6.912087e-01
      vertex   1.578178e+00 4.000000e+00 -2.633513e-01
      vertex   2.702628e+00 4.000000e+00 -3.484653e-01
    endloop
  endfacet
  facet normal 0.000000e+00 1.000000e+00 0.000000e+00
    outer loop
      vertex   2.702628e+00 4.000000e+00 -3.484653e-01
      vertex   1.578178e+00 4.000000e+00 -2.633513e-01
      vertex   1.600000e+00 4.000000e+00 -1.959435e-16
    endloop
  endfacet
  facet normal -9.965845e-01 0.000000e+00 8.257935e-02
    outer loop
      vertex   1.578178e+00 4.000000e+00 -2.633513e-01
      vertex   1.578178e+00 0.000000e+00 -2.633513e-01
      vertex   1.600000e+00 4.000000e+00 -1.959435e-16
    endloop
  endfacet
  facet normal -9.965845e-01 0.000000e+00 8.257935e-02
    outer loop
      vertex   1.600000e+00 4.000000e+00 -1.959435e-16
      vertex   1.578178e+00 0.000000e+00 -2.633513e-01
      vertex   1.600000e+00 0.000000e+00 -1.959435e-16
    endloop
  endfacet
  facet normal -9.965845e-01 -0.000000e+00 -8.257935e-02
    outer loop
      vertex   1.600000e+00 4.000000e+00 -1.959435e-16
      vertex   1.600000e+00 0.000000e+00 -1.959435e-16
      vertex   1.578178e+00 4.000000e+00 2.633513e-01
    endloop
  endfacet
  facet normal -9.965845e-01 -0.000000e+00 -8.257935e-02
    outer loop
      vertex   1.578178e+00 4.000000e+00 2.633513e-01
      vertex   1.600000e+00 0.000000e+00 -1.959435e-16
      vertex   1.578178e+00 0.000000e+00 2.633513e-01
    endloop
  endfacet
  facet normal -9.694003e-01 -0.000000e+00 -2.454855e-01
    outer loop
      vertex   1.578178e+00 4.000000e+00 2.633513e-01
      vertex   1.578178e+00 0.000000e+00 2.633513e-01
      vertex   1.513308e+00 4.000000e+00 5.195192e-01
    endloop
  endfacet
  facet normal -9.694003e-01 -0.000000e+00 -2.454855e-01
    outer loop
      vertex   1.513308e+00 4.000000e+00 5.195192e-01
      vertex   1.578178e+00 0.000000e+00 2.633513e-01
      vertex   1.513308e+00 0.000000e+00 5.195192e-01
    endloop
  endfacet
  facet normal -9.157733e-01 -0.000000e+00 -4.016954e-01
    outer loop
      vertex   1.513308e+00 4.000000e+00 5.195192e-01
      vertex   1.513308e+00 0.000000e+00 5.195192e-01
      vertex   1.407158e+00 4.000000e+00 7.615158e-01
    endloop
  endfacet
  facet normal -9.157733e-01 -0.000000e+00 -4.016954e-01
    outer loop
      vertex   1.407158e+00 4.000000e+00 7.615158e-01
      vertex   1.513308e+00 0.000000e+00 5.195192e-01
      vertex   1.407158e+00 0.000000e+00 7.615158e-01
    endloop
  endfacet
  facet normal -8.371665e-01 -0.000000e+00 -5.469482e-01
    outer loop
      vertex   1.407158e+00 4.000000e+00 7.615158e-01
      vertex   1.407158e+00 0.000000e+00 7.615158e-01
      vertex   1.262625e+00 4.000000e+00 9.827403e-01
    endloop
  endfacet
  facet normal -8.371665e-01 -0.000000e+00 -5.469482e-01
    outer loop
      vertex   1.262625e+00 4.000000e+00 9.827403e-01
      vertex   1.407158e+00 0.000000e+00 7.615158e-01
      vertex   1.262625e+00 0.000000e+00 9.827403e-01
    endloop
  endfacet
  facet normal -7.357239e-01 -0.000000e+00 -6.772816e-01
    outer loop
      vertex   1.262625e+00 4.000000e+00 9.827403e-01
      vertex   1.262625e+00 0.000000e+00 9.827403e-01
      vertex   1.083651e+00 4.000000e+00 1.177158e+00
    endloop
  endfacet
  facet normal -7.357239e-01 -0.000000e+00 -6.772816e-01
    outer loop
      vertex   1.083651e+00 4.000000e+00 1.177158e+00
      vertex   1.262625e+00 0.000000e+00 9.827403e-01
      vertex   1.083651e+00 0.000000e+00 1.177158e+00
    endloop
  endfacet
  facet normal -6.142127e-01 -0.000000e+00 -7.891405e-01
    outer loop
      vertex   1.083651e+00 4.000000e+00 1.177158e+00
      vertex   1.083651e+00 0.000000e+00 1.177158e+00
      vertex   8.751171e-01 4.000000e+00 1.339466e+00
    endloop
  endfacet
  facet normal -6.142127e-01 -0.000000e+00 -7.891405e-01
    outer loop
      vertex   8.751171e-01 4.000000e+00 1.339466e+00
      vertex   1.083651e+00 0.000000e+00 1.177158e+00
      vertex   8.751171e-01 0.000000e+00 1.339466e+00
    endloop
  endfacet
  facet normal -4.759474e-01 -0.000000e+00 -8.794738e-01
    outer loop
      vertex   8.751171e-01 4.000000e+00 1.339466e+00
      vertex   8.751171e-01 0.000000e+00 1.339466e+00
      vertex   6.427127e-01 4.000000e+00 1.465237e+00
    endloop
  endfacet
  facet normal -4.759474e-01 -0.000000e+00 -8.794738e-01
    outer loop
      vertex   6.427127e-01 4.000000e+00 1.465237e+00
      vertex   8.751171e-01 0.000000e+00 1.339466e+00
      vertex   6.427127e-01 0.000000e+00 1.465237e+00
    endloop
  endfacet
  facet normal -3.246995e-01 -0.000000e+00 -9.458172e-01
    outer loop
      vertex   6.427127e-01 4.000000e+00 1.465237e+00
      vertex   6.427127e-01 0.000000e+00 1.465237e+00
      vertex   3.927768e-01 4.000000e+00 1.551040e+00
    endloop
  endfacet
  facet normal -3.246995e-01 -0.000000e+00 -9.458172e-01
    outer loop
      vertex   3.927768e-01 4.000000e+00 1.551040e+00
      vertex   6.427127e-01 0.000000e+00 1.465237e+00
      vertex   3.927768e-01 0.000000e+00 1.551040e+00
    endloop
  endfacet
  facet normal -1.645946e-01 -0.000000e+00 -9.863613e-01
    outer loop
      vertex   3.927768e-01 4.000000e+00 1.551040e+00
      vertex   3.927768e-01 0.000000e+00 1.551040e+00
      vertex   1.321270e-01 4.000000e+00 1.594535e+00
    endloop
  endfacet
  facet normal -1.645946e-01 -0.000000e+00 -9.863613e-01
    outer loop
      vertex   1.321270e-01 4.000000e+00 1.594535e+00
      vertex   3.927768e-01 0.000000e+00 1.551040e+00
      vertex   1.321270e-01 0.000000e+00 1.594535e+00
    endloop
  endfacet
  facet normal -0.000000e+00 -0.000000e+00 -1.000000e+00
    outer loop
      vertex   1.321270e-01 4.000000e+00 1.594535e+00
      vertex   1.321270e-01 0.000000e+00 1.594535e+00
      vertex   -1.321270e-01 4.000000e+00 1.594535e+00
    endloop
  endfacet
  facet normal 0.000000e+00 0.000000e+00 -1.000000e+00
    outer loop
      vertex   -1.321270e-01 4.000000e+00 1.594535e+00
      vertex   1.321270e-01 0.000000e+00 1.594535e+00
      vertex   -1.321270e-01 0.000000e+00 1.594535e+00
    endloop
  endfacet
  facet normal 1.645946e-01 0.000000e+00 -9.863613e-01
    outer loop
      vertex   -1.321270e-01 4.000000e+00 1.594535e+00
      vertex   -1.321270e-01 0.000000e+00 1.594535e+00
      vertex   -3.927768e-01 4.000000e+00 1.551040e+00
    endloop
  endfacet
  facet normal 1.645946e-01 0.000000e+00 -9.863613e-01
    outer loop
      vertex   -3.927768e-01 4.000000e+00 1.551040e+00
      vertex   -1.321270e-01 0.000000e+00 1.594535e+00
      vertex   -3.927768e-01 0.000000e+00 1.551040e+00
    endloop
  endfacet
  facet normal 3.246995e-01 0.000000e+00 -9.458172e-01
    outer loop
      vertex   -3.927768e-01 4.000000e+00 1.551040e+00
      vertex   -3.927768e-01 0.000000e+00 1.551040e+00
      vertex   -6.427127e-01 4.000000e+00 1.465237e+00
    endloop
  endfacet
  facet normal 3.246995e-01 0.000000e+00 -9.458172e-01
    outer loop
      vertex   -6.427127e-01 4.000000e+00 1.465237e+00
      vertex   -3.927768e-01 0.000000e+00 1.551040e+00
      vertex   -6.427127e-01 0.000000e+00 1.465237e+00
    endloop
  endfacet
  facet normal 4.759474e-01 0.000000e+00 -8.794738e-01
    outer loop
      vertex   -6.427127e-01 4.000000e+00 1.465237e+00
      vertex   -6.427127e-01 0.000000e+00 1.465237e+00
      vertex   -8.751171e-01 4.000000e+00 1.339466e+00
    endloop
  endfacet
  facet normal 4.759474e-01 0.000000e+00 -8.794738e-01
    outer loop
      vertex   -8.751171e-01 4.000000e+00 1.339466e+00
      vertex   -6.427127e-01 0.000000e+00 1.465237e+00
      vertex   -8.751171e-01 0.000000e+00 1.339466e+00
    endloop
  endfacet
  facet normal 6.142127e-01 0.000000e+00 -7.891405e-01
    outer loop
      vertex   -8.751171e-01 4.000000e+00 1.339466e+00
      vertex   -8.751171e-01 0.000000e+00 1.339466e+00
      vertex   -1.083651e+00 4.000000e+00 1.177158e+00
    endloop
  endfacet
  facet normal 6.142127e-01 0.000000e+00 -7.891405e-01
    outer loop
      vertex   -1.083651e+00 4.000000e+00 1.177158e+00
      vertex   -8.751171e-01 0.000000e+00 1.339466e+00
      vertex   -1.083651e+00 0.000000e+00 1.177158e+00
    endloop
  endfacet
  facet normal 7.357239e-01 0.000000e+00 -6.772816e-01
    outer loop
      vertex   -1.083651e+00 4.000000e+00 1.177158e+00
      vertex   -1.083651e+00 0.000000e+00 1.177158e+00
      vertex   -1.262625e+00 4.000000e+00 9.827403e-01
    endloop
  endfacet
  facet normal 7.357239e-01 0.000000e+00 -6.772816e-01
    outer loop
      vertex   -1.262625e+00 4.000000e+00 9.827403e-01
      vertex   -1.083651e+00 0.000000e+00 1.177158e+00
      vertex   -1.262625e+00 0.000000e+00 9.827403e-01
    endloop
  endfacet
  facet normal 8.371665e-01 0.000000e+00 -5.469482e-01
    outer loop
      vertex   -1.262625e+00 4.000000e+00 9.827403e-01
      vertex   -1.262625e+00 0.000000e+00 9.827403e-01
      vertex   -1.407158e+00 4.000000e+00 7.615158e-01
    endloop
  endfacet
  facet normal 8.371665e-01 0.000000e+00 -5.469482e-01
    outer loop
      vertex   -1.407158e+00 4.000000e+00 7.615158e-01
      vertex   -1.262625e+00 0.000000e+00 9.827403e-01
      vertex   -1.407158e+00 0.000000e+00 7.615158e-01
    endloop
  endfacet
  facet normal 9.157733e-01 0.000000e+00 -4.016954e-01
    outer loop
      vertex   -1.407158e+00 4.000000e+00 7.615158e-01
      vertex   -1.407158e+00 0.000000e+00 7.615158e-01
      vertex   -1.513308e+00 4.000000e+00 5.195192e-01
    endloop
  endfacet
  facet normal 9.157733e-01 0.000000e+00 -4.016954e-01
    outer loop
      vertex   -1.513308e+00 4.000000e+00 5.195192e-01
      vertex   -1.407158e+00 0.000000e+00 7.615158e-01
      vertex   -1.513308e+00 0.000000e+00 5.195192e-01
    endloop
  endfacet
  facet normal 9.694003e-01 0.000000e+00 -2.454855e-01
    outer loop
      vertex   -1.513308e+00 4.000000e+00 5.195192e-01
      vertex   -1.513308e+00 0.000000e+00 5.195192e-01
      vertex   -1.578178e+00 4.000000e+00 2.633513e-01
    endloop
  endfacet
  facet normal 9.694003e-01 0.000000e+00 -2.454855e-01
    outer loop
      vertex   -1.578178e+00 4.000000e+00 2.633513e-01
      vertex   -1.513308e+00 0.000000e+00 5.195192e-01
      vertex   -1.578178e+00 0.000000e+00 2.633513e-01
    endloop
  endfacet
  facet normal 9.965845e-01 0.000000e+00 -8.257935e-02
    outer loop
      vertex   -1.578178e+00 4.000000e+00 2.633513e-01
      vertex   -1.578178e+00 0.000000e+00 2.633513e-01
      vertex   -1.600000e+00 4.000000e+00 0.000000e+00
    endloop
  endfacet
  facet normal 9.965845e-01 0.000000e+00 -8.257935e-02
    outer loop
      vertex   -1.600000e+00 4.000000e+00 0.000000e+00
      vertex   -1.578178e+00 0.000000e+00 2.633513e-01
      vertex   -1.600000e+00 0.000000e+00 0.000000e+00
    endloop
  endfacet
  facet normal 9.965845e-01 0.000000e+00 8.257935e-02
    outer loop
      vertex   -1.600000e+00 4.000000e+00 0.000000e+00
      vertex   -1.600000e+00 0.000000e+00 0.000000e+00
      vertex   -1.578178e+00 4.000000e+00 -2.633513e-01
    endloop
  endfacet
  facet normal 9.965845e-01 0.000000e+00 8.257935e-02
    outer loop
      vertex   -1.578178e+00 4.000000e+00 -2.633513e-01
      vertex   -1.600000e+00 0.000000e+00 0.000000e+00
      vertex   -1.578178e+00 0.000000e+00 -2.633513e-01
    endloop
  endfacet
  facet normal 9.694003e-01 0.000000e+00 2.454855e-01
    outer loop
      vertex   -1.578178e+00 4.000000e+00 -2.633513e-01
      vertex   -1.578178e+00 0.000000e+00 -2.633513e-01
      vertex   -1.513308e+00 4.000000e+00 -5.195192e-01
    endloop
  endfacet
  facet normal 9.694003e-01 0.000000e+00 2.454855e-01
    outer loop
      vertex   -1.513308e+00 4.000000e+00 -5.195192e-01
      vertex   -1.578178e+00 0.000000e+00 -2.633513e-01
      vertex   -1.513308e+00 0.000000e+00 -5.195192e-01
    endloop
  endfacet
  facet normal 9.157733e-01 0.000000e+00 4.016954e-01
    outer loop
      vertex   -1.513308e+00 4.000000e+00 -5.195192e-01
      vertex   -1.513308e+00 0.000000e+00 -5.195192e-01
      vertex   -1.407158e+00 4.000000e+00 -7.615158e-01
    endloop
  endfacet
  facet normal 9.157733e-01 0.000000e+00 4.016954e-01
    outer loop
      vertex   -1.407158e+00 4.000000e+00 -7.615158e-01
      vertex   -1.513308e+00 0.000000e+00 -5.195192e-01
      vertex   -1.407158e+00 0.000000e+00 -7.615158e-01
    endloop
  endfacet
  facet normal 8.371665e-01 0.000000e+00 5.469482e-01
    outer loop
      vertex   -1.407158e+00 4.000000e+00 -7.615158e-01
      vertex   -1.407158e+00 0.000000e+00 -7.615158e-01
      vertex   -1.262625e+00 4.000000e+00 -9.827403e-01
    endloop
  endfacet
  facet normal 8.371665e-01 0.000000e+00 5.469482e-01
    outer loop
      vertex   -1.262625e+00 4.000000e+00 -9.827403e-01
      vertex   -1.407158e+00 0.000000e+00 -7.615158e-01
      vertex   -1.262625e+00 0.000000e+00 -9.827403e-01
    endloop
  endfacet
  facet normal 7.357239e-01 0.000000e+00 6.772816e-01
    outer loop
      vertex   -1.262625e+00 4.000000e+00 -9.827403e-01
      vertex   -1.262625e+00 0.000000e+00 -9.827403e-01
      vertex   -1.083651e+00 4.000000e+00 -1.177158e+00
    endloop
  endfacet
  facet normal 7.357239e-01 0.000000e+00 6.772816e-01
    outer loop
      vertex   -1.083651e+00 4.000000e+00 -1.177158e+00
      vertex   -1.262625e+00 0.000000e+00 -9.827403e-01
      vertex   -1.083651e+00 0.000000e+00 -1.177158e+00
    endloop
  endfacet
  facet normal 6.142127e-01 0.000000e+00 7.891405e-01
    outer loop
      vertex   -1.083651e+00 4.000000e+00 -1.177158e+00
      vertex   -1.083651e+00 0.000000e+00 -1.177158e+00
      vertex   -8.751171e-01 4.000000e+00 -1.339466e+00
    endloop
  endfacet
  facet normal 6.142127e-01 0.000000e+00 7.891405e-01
    outer loop
      vertex   -8.751171e-01 4.000000e+00 -1.339466e+00
      vertex   -1.083651e+00 0.000000e+00 -1.177158e+00
      vertex   -8.751171e-01 0.000000e+00 -1.339466e+00
    endloop
  endfacet
  facet normal 4.759474e-01 0.000000e+00 8.794738e-01
    outer loop
      vertex   -8.751171e-01 4.000000e+00 -1.339466e+00
      vertex   -8.751171e-01 0.000000e+00 -1.339466e+00
      vertex   -6.427127e-01 4.000000e+00 -1.465237e+00
    endloop
  endfacet
  facet normal 4.759474e-01 0.000000e+00 8.794738e-01
    outer loop
      vertex   -6.427127e-01 4.000000e+00 -1.465237e+00
      vertex   -8.751171e-01 0.000000e+00 -1.339466e+00
      vertex   -6.427127e-01 0.000000e+00 -1.465237e+00
    endloop
  endfacet
  facet normal 3.246995e-01 0.000000e+00 9.458172e-01
    outer loop
      vertex   -6.427127e-01 4.000000e+00 -1.465237e+00
      vertex   -6.427127e-01 0.000000e+00 -1.465237e+00
      vertex   -3.927768e-01 4.000000e+00 -1.551040e+00
    endloop
  endfacet
  facet normal 3.246995e-01 0.000000e+00 9.458172e-01
    outer loop
      vertex   -3.927768e-01 4.000000e+00 -1.551040e+00
      vertex   -6.427127e-01 0.000000e+00 -1.465237e+00
      vertex   -3.927768e-01 0.000000e+00 -1.551040e+00
    endloop
  endfacet
  facet normal 1.645946e-01 0.000000e+00 9.863613e-01
    outer loop
      vertex   -3.927768e-01 4.000000e+00 -1.551040e+00
      vertex   -3.927768e-01 0.000000e+00 -1.551040e+00
      vertex   -1.321270e-01 4.000000e+00 -1.594535e+00
    endloop
  endfacet
  facet normal 1.645946e-01 0.000000e+00 9.863613e-01
    outer loop
      vertex   -1.321270e-01 4.000000e+00 -1.594535e+00
      vertex   -3.927768e-01 0.000000e+00 -1.551040e+00
      vertex   -1.321270e-01 0.000000e+00 -1.594535e+00
    endloop
  endfacet
  facet normal -0.000000e+00 0.000000e+00 1.000000e+00
    outer loop
      vertex   -1.321270e-01 4.000000e+00 -1.594535e+00
      vertex   -1.321270e-01 0.000000e+00 -1.594535e+00
      vertex   1.321270e-01 4.000000e+00 -1.594535e+00
    endloop
  endfacet
  facet normal 0.000000e+00 0.000000e+00 1.000000e+00
    outer loop
      vertex   1.321270e-01 4.000000e+00 -1.594535e+00
      vertex   -1.321270e-01 0.000000e+00 -1.594535e+00
      vertex   1.321270e-01 0.000000e+00 -1.594535e+00
    endloop
  endfacet
  facet normal -1.645946e-01 0.000000e+00 9.863613e-01
    outer loop
      vertex   1.321270e-01 4.000000e+00 -1.594535e+00
      vertex   1.321270e-01 0.000000e+00 -1.594535e+00
      vertex   3.927768e-01 4.000000e+00 -1.551040e+00
    endloop
  endfacet
  facet normal -1.645946e-01 0.000000e+00 9.863613e-01
    outer loop
      vertex   3.927768e-01 4.000000e+00 -1.551040e+00
      vertex   1.321270e-01 0.000000e+00 -1.594535e+00
      vertex   3.927768e-01 0.000000e+00 -1.551040e+00
    endloop
  endfacet
  facet normal -3.246995e-01 0.000000e+00 9.458172e-01
    outer loop
      vertex   3.927768e-01 4.000000e+00 -1.551040e+00
      vertex   3.927768e-01 0.000000e+00 -1.551040e+00
      vertex   6.427127e-01 4.000000e+00 -1.465237e+00
    endloop
  endfacet
  facet normal -3.246995e-01 0.000000e+00 9.458172e-01
    outer loop
      vertex   6.427127e-01 4.000000e+00 -1.465237e+00
      vertex   3.927768e-01 0.000000e+00 -1.551040e+00
      vertex   6.427127e-01 0.000000e+00 -1.465237e+00
    endloop
  endfacet
  facet normal -4.759474e-01 0.000000e+00 8.794738e-01
    outer loop
      vertex   6.427127e-01 4.000000e+00 -1.465237e+00
      vertex   6.427127e-01 0.000000e+00 -1.465237e+00
      vertex   8.751171e-01 4.000000e+00 -1.339466e+00
    endloop
  endfacet
  facet normal -4.759474e-01 0.000000e+00 8.794738e-01
    outer loop
      vertex   8.751171e-01 4.000000e+00 -1.339466e+00
      vertex   6.427127e-01 0.000000e+00 -1.465237e+00
      vertex   8.751171e-01 0.000000e+00 -1.339466e+00
    endloop
  endfacet
  facet normal -6.142127e-01 0.000000e+00 7.891405e-01
    outer loop
      vertex   8.751171e-01 4.000000e+00 -1.339466e+00
      vertex   8.751171e-01 0.000000e+00 -1.339466e+00
      vertex   1.083651e+00 4.000000e+00 -1.177158e+00
    endloop
  endfacet
  facet normal -6.142127e-01 0.000000e+00 7.891405e-01
    outer loop
      vertex   1.083651e+00 4.000000e+00 -1.177158e+00
      vertex   8.751171e-01 0.000000e+00 -1.339466e+00
      vertex   1.083651e+00 0.000000e+00 -1.177158e+00
    endloop
  endfacet
  facet normal -7.357239e-01 0.000000e+00 6.772816e-01
    outer loop
      vertex   1.083651e+00 4.000000e+00 -1.177158e+00
      vertex   1.083651e+00 0.000000e+00 -1.177158e+00
      vertex   1.262625e+00 4.000000e+00 -9.827403e-01
    endloop
  endfacet
  facet normal -7.357239e-01 0.000000e+00 6.772816e-01
    outer loop
      vertex   1.262625e+00 4.000000e+00 -9.827403e-01
      vertex   1.083651e+00 0.000000e+00 -1.177158e+00
      vertex   1.262625e+00 0.000000e+00 -9.827403e-01
    endloop
  endfacet
  facet normal -8.371665e-01 0.000000e+00 5.469482e-01
    outer loop
      vertex   1.262625e+00 4.000000e+00 -9.827403e-01
      vertex   1.262625e+00 0.000000e+00 -9.827403e-01
      vertex   1.407158e+00 4.000000e+00 -7.615158e-01
    endloop
  endfacet
  facet normal -8.371665e-01 0.000000e+00 5.469482e-01
    outer loop
      vertex   1.407158e+00 4.000000e+00 -7.615158e-01
      vertex   1.262625e+00 0.000000e+00 -9.827403e-01
      vertex   1.407158e+00 0.000000e+00 -7.615158e-01
    endloop
  endfacet
  facet normal -9.157733e-01 0.000000e+00 4.016954e-01
    outer loop
      vertex   1.407158e+00 4.000000e+00 -7.615158e-01
      vertex   1.407158e+00 0.000000e+00 -7.615158e-01
      vertex   1.513308e+00 4.000000e+00 -5.195192e-01
    endloop
  endfacet
  facet normal -9.157733e-01 0.000000e+00 4.016954e-01
    outer loop
      vertex   1.513308e+00 4.000000e+00 -5.195192e-01
      vertex   1.407158e+00 0.000000e+00 -7.615158e-01
      vertex   1.513308e+00 0.000000e+00 -5.195192e-01
    endloop
  endfacet
  facet normal -9.694003e-01 0.000000e+00 2.454855e-01
    outer loop
      vertex   1.513308e+00 4.000000e+00 -5.195192e-01
      vertex   1.513308e+00 0.000000e+00 -5.195192e-01
      vertex   1.578178e+00 4.000000e+00 -2.633513e-01
    endloop
  endfacet
  facet normal -9.694003e-01 0.000000e+00 2.454855e-01
    outer loop
      vertex   1.578178e+00 4.000000e+00 -2.633513e-01
      vertex   1.513308e+00 0.000000e+00 -5.195192e-01
      vertex   1.578178e+00 0.000000e+00 -2.633513e-01
    endloop
  endfacet
  facet normal -3.837705e-02 0.000000e+00 9.992633e-01
    outer loop
      vertex   4.970642e-02 0.000000e+00 4.499725e+00
      vertex   4.970642e-02 6.000000e+00 4.499725e+00
      vertex   -3.946780e-01 0.000000e+00 4.482659e+00
    endloop
  endfacet
  facet normal -3.837705e-02 -4.297758e-16 9.992633e-01
    outer loop
      vertex   -3.946780e-01 0.000000e+00 4.482659e+00
      vertex   4.970642e-02 6.000000e+00 4.499725e+00
      vertex   -3.946780e-01 6.000000e+00 4.482659e+00
    endloop
  endfacet
  facet normal -1.368211e-01 -9.323119e-18 9.905958e-01
    outer loop
      vertex   -3.946780e-01 0.000000e+00 4.482659e+00
      vertex   -3.946780e-01 6.000000e+00 4.482659e+00
      vertex   -8.352078e-01 0.000000e+00 4.421813e+00
    endloop
  endfacet
  facet normal -1.368211e-01 -5.049334e-16 9.905958e-01
    outer loop
      vertex   -8.352078e-01 0.000000e+00 4.421813e+00
      vertex   -3.946780e-01 6.000000e+00 4.482659e+00
      vertex   -8.352078e-01 6.000000e+00 4.421813e+00
    endloop
  endfacet
  facet normal -2.339289e-01 -1.157749e-16 9.722537e-01
    outer loop
      vertex   -8.352078e-01 0.000000e+00 4.421813e+00
      vertex   -8.352078e-01 6.000000e+00 4.421813e+00
      vertex   -1.267581e+00 0.000000e+00 4.317782e+00
    endloop
  endfacet
  facet normal -2.339289e-01 -2.196603e-16 9.722537e-01
    outer loop
      vertex   -1.267581e+00 0.000000e+00 4.317782e+00
      vertex   -8.352078e-01 6.000000e+00 4.421813e+00
      vertex   -1.267581e+00 6.000000e+00 4.317782e+00
    endloop
  endfacet
  facet normal -3.287521e-01 1.285189e-16 9.444162e-01
    outer loop
      vertex   -1.267581e+00 0.000000e+00 4.317782e+00
      vertex   -1.267581e+00 6.000000e+00 4.317782e+00
      vertex   -1.687574e+00 0.000000e+00 4.171582e+00
    endloop
  endfacet
  facet normal -3.287521e-01 -3.698565e-16 9.444162e-01
    outer loop
      vertex   -1.687574e+00 0.000000e+00 4.171582e+00
      vertex   -1.267581e+00 6.000000e+00 4.317782e+00
      vertex   -1.687574e+00 6.000000e+00 4.171582e+00
    endloop
  endfacet
  facet normal -4.203646e-01 1.596378e-17 9.073553e-01
    outer loop
      vertex   -1.687574e+00 0.000000e+00 4.171582e+00
      vertex   -1.687574e+00 6.000000e+00 4.171582e+00
      vertex   -2.091086e+00 0.000000e+00 3.984641e+00
    endloop
  endfacet
  facet normal -4.203646e-01 -1.608529e-16 9.073553e-01
    outer loop
      vertex   -2.091086e+00 0.000000e+00 3.984641e+00
      vertex   -1.687574e+00 6.000000e+00 4.171582e+00
      vertex   -2.091086e+00 6.000000e+00 3.984641e+00
    endloop
  endfacet
  facet normal -5.078716e-01 1.532453e-16 8.614328e-01
    outer loop
      vertex   -2.091086e+00 0.000000e+00 3.984641e+00
      vertex   -2.091086e+00 6.000000e+00 3.984641e+00
      vertex   -2.474175e+00 0.000000e+00 3.758784e+00
    endloop
  endfacet
  facet normal -5.078716e-01 -1.998127e-16 8.614328e-01
    outer loop
      vertex   -2.474175e+00 0.000000e+00 3.758784e+00
      vertex   -2.091086e+00 6.000000e+00 3.984641e+00
      vertex   -2.474175e+00 6.000000e+00 3.758784e+00
    endloop
  endfacet
  facet normal -5.904186e-01 8.417392e-17 8.070972e-01
    outer loop
      vertex   -2.474175e+00 0.000000e+00 3.758784e+00
      vertex   -2.474175e+00 6.000000e+00 3.758784e+00
      vertex   -2.833101e+00 0.000000e+00 3.496218e+00
    endloop
  endfacet
  facet normal -5.904186e-01 -2.742492e-16 8.070972e-01
    outer loop
      vertex   -2.833101e+00 0.000000e+00 3.496218e+00
      vertex   -2.474175e+00 6.000000e+00 3.758784e+00
      vertex   -2.833101e+00 6.000000e+00 3.496218e+00
    endloop
  endfacet
  facet normal -6.671993e-01 3.654565e-17 7.448792e-01
    outer loop
      vertex   -2.833101e+00 0.000000e+00 3.496218e+00
      vertex   -2.833101e+00 6.000000e+00 3.496218e+00
      vertex   -3.164358e+00 0.000000e+00 3.199506e+00
    endloop
  endfacet
  facet normal -6.671993e-01 -2.597504e-16 7.448792e-01
    outer loop
      vertex   -3.164358e+00 0.000000e+00 3.199506e+00
      vertex   -2.833101e+00 6.000000e+00 3.496218e+00
      vertex   -3.164358e+00 6.000000e+00 3.199506e+00
    endloop
  endfacet
  facet normal -7.374640e-01 1.948382e-17 6.753865e-01
    outer loop
      vertex   -3.164358e+00 0.000000e+00 3.199506e+00
      vertex   -3.164358e+00 6.000000e+00 3.199506e+00
      vertex   -3.464710e+00 0.000000e+00 2.871547e+00
    endloop
  endfacet
  facet normal -7.374640e-01 -1.488607e-16 6.753865e-01
    outer loop
      vertex   -3.464710e+00 0.000000e+00 2.871547e+00
      vertex   -3.164358e+00 6.000000e+00 3.199506e+00
      vertex   -3.464710e+00 6.000000e+00 2.871547e+00
    endloop
  endfacet
  facet normal -8.005263e-01 1.058813e-16 5.992977e-01
    outer loop
      vertex   -3.464710e+00 0.000000e+00 2.871547e+00
      vertex   -3.464710e+00 6.000000e+00 2.871547e+00
      vertex   -3.731225e+00 0.000000e+00 2.515543e+00
    endloop
  endfacet
  facet normal -8.005263e-01 -2.344051e-16 5.992977e-01
    outer loop
      vertex   -3.731225e+00 0.000000e+00 2.515543e+00
      vertex   -3.464710e+00 6.000000e+00 2.871547e+00
      vertex   -3.731225e+00 6.000000e+00 2.515543e+00
    endloop
  endfacet
  facet normal -8.557703e-01 4.144963e-17 5.173559e-01
    outer loop
      vertex   -3.731225e+00 0.000000e+00 2.515543e+00
      vertex   -3.731225e+00 6.000000e+00 2.515543e+00
      vertex   -3.961300e+00 0.000000e+00 2.134972e+00
    endloop
  endfacet
  facet normal -8.557703e-01 -2.369570e-16 5.173559e-01
    outer loop
      vertex   -3.961300e+00 0.000000e+00 2.134972e+00
      vertex   -3.731225e+00 6.000000e+00 2.515543e+00
      vertex   -3.961300e+00 6.000000e+00 2.134972e+00
    endloop
  endfacet
  facet normal -9.026566e-01 1.470263e-17 4.303615e-01
    outer loop
      vertex   -3.961300e+00 0.000000e+00 2.134972e+00
      vertex   -3.961300e+00 6.000000e+00 2.134972e+00
      vertex   -4.152686e+00 0.000000e+00 1.733550e+00
    endloop
  endfacet
  facet normal -9.026566e-01 -1.600817e-16 4.303615e-01
    outer loop
      vertex   -4.152686e+00 0.000000e+00 1.733550e+00
      vertex   -3.961300e+00 6.000000e+00 2.134972e+00
      vertex   -4.152686e+00 6.000000e+00 1.733550e+00
    endloop
  endfacet
  facet normal -9.407273e-01 4.359550e-17 3.391640e-01
    outer loop
      vertex   -4.152686e+00 0.000000e+00 1.733550e+00
      vertex   -4.152686e+00 6.000000e+00 1.733550e+00
      vertex   -4.303517e+00 0.000000e+00 1.315197e+00
    endloop
  endfacet
  facet normal -9.407273e-01 -9.447196e-17 3.391640e-01
    outer loop
      vertex   -4.303517e+00 0.000000e+00 1.315197e+00
      vertex   -4.152686e+00 6.000000e+00 1.733550e+00
      vertex   -4.303517e+00 6.000000e+00 1.315197e+00
    endloop
  endfacet
  facet normal -9.696104e-01 1.472527e-16 2.446540e-01
    outer loop
      vertex   -4.303517e+00 0.000000e+00 1.315197e+00
      vertex   -4.303517e+00 6.000000e+00 1.315197e+00
      vertex   -4.412317e+00 0.000000e+00 8.839997e-01
    endloop
  endfacet
  facet normal -9.696104e-01 -3.136968e-16 2.446540e-01
    outer loop
      vertex   -4.412317e+00 0.000000e+00 8.839997e-01
      vertex   -4.303517e+00 6.000000e+00 1.315197e+00
      vertex   -4.412317e+00 6.000000e+00 8.839997e-01
    endloop
  endfacet
  facet normal -9.890240e-01 -1.297303e-16 1.477548e-01
    outer loop
      vertex   -4.412317e+00 0.000000e+00 8.839997e-01
      vertex   -4.412317e+00 6.000000e+00 8.839997e-01
      vertex   -4.478026e+00 0.000000e+00 4.441688e-01
    endloop
  endfacet
  facet normal -9.890240e-01 -2.337580e-16 1.477548e-01
    outer loop
      vertex   -4.478026e+00 0.000000e+00 4.441688e-01
      vertex   -4.412317e+00 6.000000e+00 8.839997e-01
      vertex   -4.478026e+00 6.000000e+00 4.441688e-01
    endloop
  endfacet
  facet normal -9.987785e-01 -7.817384e-17 4.941245e-02
    outer loop
      vertex   -4.478026e+00 0.000000e+00 4.441688e-01
      vertex   -4.478026e+00 6.000000e+00 4.441688e-01
      vertex   -4.500000e+00 0.000000e+00 -1.256807e-14
    endloop
  endfacet
  facet normal -9.987785e-01 -2.420661e-16 4.941245e-02
    outer loop
      vertex   -4.500000e+00 0.000000e+00 -1.256807e-14
      vertex   -4.478026e+00 6.000000e+00 4.441688e-01
      vertex   -4.500000e+00 6.000000e+00 -1.127570e-15
    endloop
  endfacet
  facet normal -9.987785e-01 -5.363172e-17 -4.941245e-02
    outer loop
      vertex   -4.500000e+00 0.000000e+00 -1.256807e-14
      vertex   -4.500000e+00 6.000000e+00 -1.127570e-15
      vertex   -4.478026e+00 0.000000e+00 -4.441688e-01
    endloop
  endfacet
  facet normal -9.987785e-01 -1.859802e-16 -4.941245e-02
    outer loop
      vertex   -4.478026e+00 0.000000e+00 -4.441688e-01
      vertex   -4.500000e+00 6.000000e+00 -1.127570e-15
      vertex   -4.478026e+00 6.000000e+00 -4.441688e-01
    endloop
  endfacet
  facet normal -9.890240e-01 3.527154e-17 -1.477548e-01
    outer loop
      vertex   -4.478026e+00 0.000000e+00 -4.441688e-01
      vertex   -4.478026e+00 6.000000e+00 -4.441688e-01
      vertex   -4.412317e+00 0.000000e+00 -8.839997e-01
    endloop
  endfacet
  facet normal -9.890240e-01 -1.630797e-16 -1.477548e-01
    outer loop
      vertex   -4.412317e+00 0.000000e+00 -8.839997e-01
      vertex   -4.478026e+00 6.000000e+00 -4.441688e-01
      vertex   -4.412317e+00 6.000000e+00 -8.839997e-01
    endloop
  endfacet
  facet normal -9.696104e-01 2.663440e-17 -2.446540e-01
    outer loop
      vertex   -4.412317e+00 0.000000e+00 -8.839997e-01
      vertex   -4.412317e+00 6.000000e+00 -8.839997e-01
      vertex   -4.303517e+00 0.000000e+00 -1.315197e+00
    endloop
  endfacet
  facet normal -9.696104e-01 -2.662881e-16 -2.446540e-01
    outer loop
      vertex   -4.303517e+00 0.000000e+00 -1.315197e+00
      vertex   -4.412317e+00 6.000000e+00 -8.839997e-01
      vertex   -4.303517e+00 6.000000e+00 -1.315197e+00
    endloop
  endfacet
  facet normal -9.407273e-01 -1.302685e-16 -3.391640e-01
    outer loop
      vertex   -4.303517e+00 0.000000e+00 -1.315197e+00
      vertex   -4.303517e+00 6.000000e+00 -1.315197e+00
      vertex   -4.152686e+00 0.000000e+00 -1.733550e+00
    endloop
  endfacet
  facet normal -9.407273e-01 -1.730418e-17 -3.391640e-01
    outer loop
      vertex   -4.152686e+00 0.000000e+00 -1.733550e+00
      vertex   -4.303517e+00 6.000000e+00 -1.315197e+00
      vertex   -4.152686e+00 6.000000e+00 -1.733550e+00
    endloop
  endfacet
  facet normal -9.026566e-01 1.503626e-16 -4.303615e-01
    outer loop
      vertex   -4.152686e+00 0.000000e+00 -1.733550e+00
      vertex   -4.152686e+00 6.000000e+00 -1.733550e+00
      vertex   -3.961300e+00 0.000000e+00 -2.134972e+00
    endloop
  endfacet
  facet normal -9.026566e-01 -1.584498e-16 -4.303615e-01
    outer loop
      vertex   -3.961300e+00 0.000000e+00 -2.134972e+00
      vertex   -4.152686e+00 6.000000e+00 -1.733550e+00
      vertex   -3.961300e+00 6.000000e+00 -2.134972e+00
    endloop
  endfacet
  facet normal -8.557703e-01 -2.072482e-17 -5.173559e-01
    outer loop
      vertex   -3.961300e+00 0.000000e+00 -2.134972e+00
      vertex   -3.961300e+00 6.000000e+00 -2.134972e+00
      vertex   -3.731225e+00 0.000000e+00 -2.515543e+00
    endloop
  endfacet
  facet normal -8.557703e-01 -8.550551e-17 -5.173559e-01
    outer loop
      vertex   -3.731225e+00 0.000000e+00 -2.515543e+00
      vertex   -3.961300e+00 6.000000e+00 -2.134972e+00
      vertex   -3.731225e+00 6.000000e+00 -2.515543e+00
    endloop
  endfacet
  facet normal -8.005263e-01 1.391955e-17 -5.992977e-01
    outer loop
      vertex   -3.731225e+00 0.000000e+00 -2.515543e+00
      vertex   -3.731225e+00 6.000000e+00 -2.515543e+00
      vertex   -3.464710e+00 0.000000e+00 -2.871547e+00
    endloop
  endfacet
  facet normal -8.005263e-01 -1.787269e-16 -5.992977e-01
    outer loop
      vertex   -3.464710e+00 0.000000e+00 -2.871547e+00
      vertex   -3.731225e+00 6.000000e+00 -2.515543e+00
      vertex   -3.464710e+00 6.000000e+00 -2.871547e+00
    endloop
  endfacet
  facet normal -7.374640e-01 -5.513589e-17 -6.753865e-01
    outer loop
      vertex   -3.464710e+00 0.000000e+00 -2.871547e+00
      vertex   -3.464710e+00 6.000000e+00 -2.871547e+00
      vertex   -3.164358e+00 0.000000e+00 -3.199506e+00
    endloop
  endfacet
  facet normal -7.374640e-01 -1.413292e-16 -6.753865e-01
    outer loop
      vertex   -3.164358e+00 0.000000e+00 -3.199506e+00
      vertex   -3.464710e+00 6.000000e+00 -2.871547e+00
      vertex   -3.164358e+00 6.000000e+00 -3.199506e+00
    endloop
  endfacet
  facet normal -6.671993e-01 -5.851908e-17 -7.448792e-01
    outer loop
      vertex   -3.164358e+00 0.000000e+00 -3.199506e+00
      vertex   -3.164358e+00 6.000000e+00 -3.199506e+00
      vertex   -2.833101e+00 0.000000e+00 -3.496218e+00
    endloop
  endfacet
  facet normal -6.671993e-01 -1.572844e-16 -7.448792e-01
    outer loop
      vertex   -2.833101e+00 0.000000e+00 -3.496218e+00
      vertex   -3.164358e+00 6.000000e+00 -3.199506e+00
      vertex   -2.833101e+00 6.000000e+00 -3.496218e+00
    endloop
  endfacet
  facet normal -5.904186e-01 -6.253695e-17 -8.070972e-01
    outer loop
      vertex   -2.833101e+00 0.000000e+00 -3.496218e+00
      vertex   -2.833101e+00 6.000000e+00 -3.496218e+00
      vertex   -2.474175e+00 0.000000e+00 -3.758784e+00
    endloop
  endfacet
  facet normal -5.904186e-01 -3.487464e-17 -8.070972e-01
    outer loop
      vertex   -2.474175e+00 0.000000e+00 -3.758784e+00
      vertex   -2.833101e+00 6.000000e+00 -3.496218e+00
      vertex   -2.474175e+00 6.000000e+00 -3.758784e+00
    endloop
  endfacet
  facet normal -5.078716e-01 4.424254e-17 -8.614328e-01
    outer loop
      vertex   -2.474175e+00 0.000000e+00 -3.758784e+00
      vertex   -2.474175e+00 6.000000e+00 -3.758784e+00
      vertex   -2.091086e+00 0.000000e+00 -3.984641e+00
    endloop
  endfacet
  facet normal -5.078716e-01 -1.241914e-16 -8.614328e-01
    outer loop
      vertex   -2.091086e+00 0.000000e+00 -3.984641e+00
      vertex   -2.474175e+00 6.000000e+00 -3.758784e+00
      vertex   -2.091086e+00 6.000000e+00 -3.984641e+00
    endloop
  endfacet
  facet normal -4.203646e-01 -8.840836e-17 -9.073553e-01
    outer loop
      vertex   -2.091086e+00 0.000000e+00 -3.984641e+00
      vertex   -2.091086e+00 6.000000e+00 -3.984641e+00
      vertex   -1.687574e+00 0.000000e+00 -4.171582e+00
    endloop
  endfacet
  facet normal -4.203646e-01 -1.866794e-16 -9.073553e-01
    outer loop
      vertex   -1.687574e+00 0.000000e+00 -4.171582e+00
      vertex   -2.091086e+00 6.000000e+00 -3.984641e+00
      vertex   -1.687574e+00 6.000000e+00 -4.171582e+00
    endloop
  endfacet
  facet normal -3.287521e-01 -1.459953e-16 -9.444162e-01
    outer loop
      vertex   -1.687574e+00 0.000000e+00 -4.171582e+00
      vertex   -1.687574e+00 6.000000e+00 -4.171582e+00
      vertex   -1.267581e+00 0.000000e+00 -4.317782e+00
    endloop
  endfacet
  facet normal -3.287521e-01 5.972697e-18 -9.444162e-01
    outer loop
      vertex   -1.267581e+00 0.000000e+00 -4.317782e+00
      vertex   -1.687574e+00 6.000000e+00 -4.171582e+00
      vertex   -1.267581e+00 6.000000e+00 -4.317782e+00
    endloop
  endfacet
  facet normal -2.339289e-01 4.869426e-17 -9.722537e-01
    outer loop
      vertex   -1.267581e+00 0.000000e+00 -4.317782e+00
      vertex   -1.267581e+00 6.000000e+00 -4.317782e+00
      vertex   -8.352078e-01 0.000000e+00 -4.421813e+00
    endloop
  endfacet
  facet normal -2.339289e-01 -1.482510e-16 -9.722537e-01
    outer loop
      vertex   -8.352078e-01 0.000000e+00 -4.421813e+00
      vertex   -1.267581e+00 6.000000e+00 -4.317782e+00
      vertex   -8.352078e-01 6.000000e+00 -4.421813e+00
    endloop
  endfacet
  facet normal -1.368211e-01 -1.491693e-16 -9.905958e-01
    outer loop
      vertex   -8.352078e-01 0.000000e+00 -4.421813e+00
      vertex   -8.352078e-01 6.000000e+00 -4.421813e+00
      vertex   -3.946780e-01 0.000000e+00 -4.482659e+00
    endloop
  endfacet
  facet normal -1.368211e-01 -1.403084e-16 -9.905958e-01
    outer loop
      vertex   -3.946780e-01 0.000000e+00 -4.482659e+00
      vertex   -8.352078e-01 6.000000e+00 -4.421813e+00
      vertex   -3.946780e-01 6.000000e+00 -4.482659e+00
    endloop
  endfacet
  facet normal -3.837705e-02 -1.461454e-16 -9.992633e-01
    outer loop
      vertex   -3.946780e-01 0.000000e+00 -4.482659e+00
      vertex   -3.946780e-01 6.000000e+00 -4.482659e+00
      vertex   4.970642e-02 0.000000e+00 -4.499725e+00
    endloop
  endfacet
  facet normal -3.837705e-02 0.000000e+00 -9.992633e-01
    outer loop
      vertex   4.970642e-02 0.000000e+00 -4.499725e+00
      vertex   -3.946780e-01 6.000000e+00 -4.482659e+00
      vertex   4.970642e-02 6.000000e+00 -4.499725e+00
    endloop
  endfacet
  facet normal 6.132212e-02 0.000000e+00 -9.981180e-01
    outer loop
      vertex   2.504666e+01 0.000000e+00 -4.223596e+00
      vertex   2.504666e+01 5.000000e+00 -4.223596e+00
      vertex   2.547072e+01 0.000000e+00 -4.197542e+00
    endloop
  endfacet
  facet normal 6.132212e-02 0.000000e+00 -9.981180e-01
    outer loop
      vertex   2.547072e+01 0.000000e+00 -4.197542e+00
      vertex   2.504666e+01 5.000000e+00 -4.223596e+00
      vertex   2.547072e+01 5.000000e+00 -4.197542e+00
    endloop
  endfacet
  facet normal 1.612821e-01 0.000000e+00 -9.869083e-01
    outer loop
      vertex   2.547072e+01 0.000000e+00 -4.197542e+00
      vertex   2.547072e+01 5.000000e+00 -4.197542e+00
      vertex   2.589002e+01 0.000000e+00 -4.129019e+00
    endloop
  endfacet
  facet normal 1.612821e-01 0.000000e+00 -9.869083e-01
    outer loop
      vertex   2.589002e+01 0.000000e+00 -4.129019e+00
      vertex   2.547072e+01 5.000000e+00 -4.197542e+00
      vertex   2.589002e+01 5.000000e+00 -4.129019e+00
    endloop
  endfacet
  facet normal 2.596104e-01 0.000000e+00 -9.657134e-01
    outer loop
      vertex   2.589002e+01 0.000000e+00 -4.129019e+00
      vertex   2.589002e+01 5.000000e+00 -4.129019e+00
      vertex   2.630032e+01 0.000000e+00 -4.018720e+00
    endloop
  endfacet
  facet normal 2.596104e-01 0.000000e+00 -9.657134e-01
    outer loop
      vertex   2.630032e+01 0.000000e+00 -4.018720e+00
      vertex   2.589002e+01 5.000000e+00 -4.129019e+00
      vertex   2.630032e+01 5.000000e+00 -4.018720e+00
    endloop
  endfacet
  facet normal 3.553119e-01 0.000000e+00 -9.347478e-01
    outer loop
      vertex   2.630032e+01 0.000000e+00 -4.018720e+00
      vertex   2.630032e+01 5.000000e+00 -4.018720e+00
      vertex   2.669746e+01 0.000000e+00 -3.867761e+00
    endloop
  endfacet
  facet normal 3.553119e-01 -1.660446e-16 -9.347478e-01
    outer loop
      vertex   2.669746e+01 0.000000e+00 -3.867761e+00
      vertex   2.630032e+01 5.000000e+00 -4.018720e+00
      vertex   2.669746e+01 5.000000e+00 -3.867761e+00
    endloop
  endfacet
  facet normal 4.474186e-01 -1.588640e-16 -8.943247e-01
    outer loop
      vertex   2.669746e+01 0.000000e+00 -3.867761e+00
      vertex   2.669746e+01 5.000000e+00 -3.867761e+00
      vertex   2.707742e+01 0.000000e+00 -3.677670e+00
    endloop
  endfacet
  facet normal 4.474186e-01 7.961407e-17 -8.943247e-01
    outer loop
      vertex   2.707742e+01 0.000000e+00 -3.677670e+00
      vertex   2.669746e+01 5.000000e+00 -3.867761e+00
      vertex   2.707742e+01 5.000000e+00 -3.677670e+00
    endloop
  endfacet
  facet normal 5.349984e-01 1.550251e-16 -8.448531e-01
    outer loop
      vertex   2.707742e+01 0.000000e+00 -3.677670e+00
      vertex   2.707742e+01 5.000000e+00 -3.677670e+00
      vertex   2.743637e+01 0.000000e+00 -3.450369e+00
    endloop
  endfacet
  facet normal 5.349984e-01 0.000000e+00 -8.448531e-01
    outer loop
      vertex   2.743637e+01 0.000000e+00 -3.450369e+00
      vertex   2.707742e+01 5.000000e+00 -3.677670e+00
      vertex   2.743637e+01 5.000000e+00 -3.450369e+00
    endloop
  endfacet
  facet normal 6.171653e-01 0.000000e+00 -7.868335e-01
    outer loop
      vertex   2.743637e+01 0.000000e+00 -3.450369e+00
      vertex   2.743637e+01 5.000000e+00 -3.450369e+00
      vertex   2.777066e+01 0.000000e+00 -3.188158e+00
    endloop
  endfacet
  facet normal 6.171653e-01 0.000000e+00 -7.868335e-01
    outer loop
      vertex   2.777066e+01 0.000000e+00 -3.188158e+00
      vertex   2.743637e+01 5.000000e+00 -3.450369e+00
      vertex   2.777066e+01 5.000000e+00 -3.188158e+00
    endloop
  endfacet
  facet normal 6.930879e-01 0.000000e+00 -7.208531e-01
    outer loop
      vertex   2.777066e+01 0.000000e+00 -3.188158e+00
      vertex   2.777066e+01 5.000000e+00 -3.188158e+00
      vertex   2.807693e+01 0.000000e+00 -2.893691e+00
    endloop
  endfacet
  facet normal 6.930879e-01 0.000000e+00 -7.208531e-01
    outer loop
      vertex   2.807693e+01 0.000000e+00 -2.893691e+00
      vertex   2.777066e+01 5.000000e+00 -3.188158e+00
      vertex   2.807693e+01 5.000000e+00 -2.893691e+00
    endloop
  endfacet
  facet normal 7.619981e-01 0.000000e+00 -6.475793e-01
    outer loop
      vertex   2.807693e+01 0.000000e+00 -2.893691e+00
      vertex   2.807693e+01 5.000000e+00 -2.893691e+00
      vertex   2.835206e+01 0.000000e+00 -2.569946e+00
    endloop
  endfacet
  facet normal 7.619981e-01 0.000000e+00 -6.475793e-01
    outer loop
      vertex   2.835206e+01 0.000000e+00 -2.569946e+00
      vertex   2.807693e+01 5.000000e+00 -2.893691e+00
      vertex   2.835206e+01 5.000000e+00 -2.569946e+00
    endloop
  endfacet
  facet normal 8.231986e-01 0.000000e+00 -5.677535e-01
    outer loop
      vertex   2.835206e+01 0.000000e+00 -2.569946e+00
      vertex   2.835206e+01 5.000000e+00 -2.569946e+00
      vertex   2.859328e+01 0.000000e+00 -2.220199e+00
    endloop
  endfacet
  facet normal 8.231986e-01 0.000000e+00 -5.677535e-01
    outer loop
      vertex   2.859328e+01 0.000000e+00 -2.220199e+00
      vertex   2.835206e+01 5.000000e+00 -2.569946e+00
      vertex   2.859328e+01 5.000000e+00 -2.220199e+00
    endloop
  endfacet
  facet normal 8.760703e-01 0.000000e+00 -4.821834e-01
    outer loop
      vertex   2.859328e+01 0.000000e+00 -2.220199e+00
      vertex   2.859328e+01 5.000000e+00 -2.220199e+00
      vertex   2.879814e+01 0.000000e+00 -1.847989e+00
    endloop
  endfacet
  facet normal 8.760703e-01 0.000000e+00 -4.821834e-01
    outer loop
      vertex   2.879814e+01 0.000000e+00 -1.847989e+00
      vertex   2.859328e+01 5.000000e+00 -2.220199e+00
      vertex   2.879814e+01 5.000000e+00 -1.847989e+00
    endloop
  endfacet
  facet normal 9.200782e-01 0.000000e+00 -3.917347e-01
    outer loop
      vertex   2.879814e+01 0.000000e+00 -1.847989e+00
      vertex   2.879814e+01 5.000000e+00 -1.847989e+00
      vertex   2.896457e+01 0.000000e+00 -1.457082e+00
    endloop
  endfacet
  facet normal 9.200782e-01 0.000000e+00 -3.917347e-01
    outer loop
      vertex   2.896457e+01 0.000000e+00 -1.457082e+00
      vertex   2.879814e+01 5.000000e+00 -1.847989e+00
      vertex   2.896457e+01 5.000000e+00 -1.457082e+00
    endloop
  endfacet
  facet normal 9.547771e-01 0.000000e+00 -2.973225e-01
    outer loop
      vertex   2.896457e+01 0.000000e+00 -1.457082e+00
      vertex   2.896457e+01 5.000000e+00 -1.457082e+00
      vertex   2.909090e+01 0.000000e+00 -1.051433e+00
    endloop
  endfacet
  facet normal 9.547771e-01 -6.601886e-17 -2.973225e-01
    outer loop
      vertex   2.909090e+01 0.000000e+00 -1.051433e+00
      vertex   2.896457e+01 5.000000e+00 -1.457082e+00
      vertex   2.909090e+01 5.000000e+00 -1.051433e+00
    endloop
  endfacet
  facet normal 9.798159e-01 -4.438720e-17 -1.999022e-01
    outer loop
      vertex   2.909090e+01 0.000000e+00 -1.051433e+00
      vertex   2.909090e+01 5.000000e+00 -1.051433e+00
      vertex   2.917583e+01 0.000000e+00 -6.351452e-01
    endloop
  endfacet
  facet normal 9.798159e-01 0.000000e+00 -1.999022e-01
    outer loop
      vertex   2.917583e+01 0.000000e+00 -6.351452e-01
      vertex   2.909090e+01 5.000000e+00 -1.051433e+00
      vertex   2.917583e+01 5.000000e+00 -6.351452e-01
    endloop
  endfacet
  facet normal 9.949412e-01 0.000000e+00 -1.004593e-01
    outer loop
      vertex   2.917583e+01 0.000000e+00 -6.351452e-01
      vertex   2.917583e+01 5.000000e+00 -6.351452e-01
      vertex   2.921851e+01 0.000000e+00 -2.124315e-01
    endloop
  endfacet
  facet normal 9.949412e-01 0.000000e+00 -1.004593e-01
    outer loop
      vertex   2.921851e+01 0.000000e+00 -2.124315e-01
      vertex   2.917583e+01 5.000000e+00 -6.351452e-01
      vertex   2.921851e+01 5.000000e+00 -2.124315e-01
    endloop
  endfacet
  facet normal 1.000000e+00 0.000000e+00 0.000000e+00
    outer loop
      vertex   2.921851e+01 0.000000e+00 -2.124315e-01
      vertex   2.921851e+01 5.000000e+00 -2.124315e-01
      vertex   2.921851e+01 0.000000e+00 2.124315e-01
    endloop
  endfacet
  facet normal 1.000000e+00 -0.000000e+00 0.000000e+00
    outer loop
      vertex   2.921851e+01 0.000000e+00 2.124315e-01
      vertex   2.921851e+01 5.000000e+00 -2.124315e-01
      vertex   2.921851e+01 5.000000e+00 2.124315e-01
    endloop
  endfacet
  facet normal 9.949412e-01 -0.000000e+00 1.004593e-01
    outer loop
      vertex   2.921851e+01 0.000000e+00 2.124315e-01
      vertex   2.921851e+01 5.000000e+00 2.124315e-01
      vertex   2.917583e+01 0.000000e+00 6.351452e-01
    endloop
  endfacet
  facet normal 9.949412e-01 -0.000000e+00 1.004593e-01
    outer loop
      vertex   2.917583e+01 0.000000e+00 6.351452e-01
      vertex   2.921851e+01 5.000000e+00 2.124315e-01
      vertex   2.917583e+01 5.000000e+00 6.351452e-01
    endloop
  endfacet
  facet normal 9.798159e-01 -0.000000e+00 1.999022e-01
    outer loop
      vertex   2.917583e+01 0.000000e+00 6.351452e-01
      vertex   2.917583e+01 5.000000e+00 6.351452e-01
      vertex   2.909090e+01 0.000000e+00 1.051433e+00
    endloop
  endfacet
  facet normal 9.798159e-01 2.663232e-17 1.999022e-01
    outer loop
      vertex   2.909090e+01 0.000000e+00 1.051433e+00
      vertex   2.917583e+01 5.000000e+00 6.351452e-01
      vertex   2.909090e+01 5.000000e+00 1.051433e+00
    endloop
  endfacet
  facet normal 9.547771e-01 3.961132e-17 2.973225e-01
    outer loop
      vertex   2.909090e+01 0.000000e+00 1.051433e+00
      vertex   2.909090e+01 5.000000e+00 1.051433e+00
      vertex   2.896457e+01 0.000000e+00 1.457082e+00
    endloop
  endfacet
  facet normal 9.547771e-01 -0.000000e+00 2.973225e-01
    outer loop
      vertex   2.896457e+01 0.000000e+00 1.457082e+00
      vertex   2.909090e+01 5.000000e+00 1.051433e+00
      vertex   2.896457e+01 5.000000e+00 1.457082e+00
    endloop
  endfacet
  facet normal 9.200782e-01 -0.000000e+00 3.917347e-01
    outer loop
      vertex   2.896457e+01 0.000000e+00 1.457082e+00
      vertex   2.896457e+01 5.000000e+00 1.457082e+00
      vertex   2.879814e+01 0.000000e+00 1.847989e+00
    endloop
  endfacet
  facet normal 9.200782e-01 8.698257e-17 3.917347e-01
    outer loop
      vertex   2.879814e+01 0.000000e+00 1.847989e+00
      vertex   2.896457e+01 5.000000e+00 1.457082e+00
      vertex   2.879814e+01 5.000000e+00 1.847989e+00
    endloop
  endfacet
  facet normal 8.760703e-01 1.070662e-16 4.821834e-01
    outer loop
      vertex   2.879814e+01 0.000000e+00 1.847989e+00
      vertex   2.879814e+01 5.000000e+00 1.847989e+00
      vertex   2.859328e+01 0.000000e+00 2.220199e+00
    endloop
  endfacet
  facet normal 8.760703e-01 -0.000000e+00 4.821834e-01
    outer loop
      vertex   2.859328e+01 0.000000e+00 2.220199e+00
      vertex   2.879814e+01 5.000000e+00 1.847989e+00
      vertex   2.859328e+01 5.000000e+00 2.220199e+00
    endloop
  endfacet
  facet normal 8.231986e-01 -0.000000e+00 5.677535e-01
    outer loop
      vertex   2.859328e+01 0.000000e+00 2.220199e+00
      vertex   2.859328e+01 5.000000e+00 2.220199e+00
      vertex   2.835206e+01 0.000000e+00 2.569946e+00
    endloop
  endfacet
  facet normal 8.231986e-01 -0.000000e+00 5.677535e-01
    outer loop
      vertex   2.835206e+01 0.000000e+00 2.569946e+00
      vertex   2.859328e+01 5.000000e+00 2.220199e+00
      vertex   2.835206e+01 5.000000e+00 2.569946e+00
    endloop
  endfacet
  facet normal 7.619981e-01 -0.000000e+00 6.475793e-01
    outer loop
      vertex   2.835206e+01 0.000000e+00 2.569946e+00
      vertex   2.835206e+01 5.000000e+00 2.569946e+00
      vertex   2.807693e+01 0.000000e+00 2.893691e+00
    endloop
  endfacet
  facet normal 7.619981e-01 -0.000000e+00 6.475793e-01
    outer loop
      vertex   2.807693e+01 0.000000e+00 2.893691e+00
      vertex   2.835206e+01 5.000000e+00 2.569946e+00
      vertex   2.807693e+01 5.000000e+00 2.893691e+00
    endloop
  endfacet
  facet normal 6.930879e-01 -0.000000e+00 7.208531e-01
    outer loop
      vertex   2.807693e+01 0.000000e+00 2.893691e+00
      vertex   2.807693e+01 5.000000e+00 2.893691e+00
      vertex   2.777066e+01 0.000000e+00 3.188158e+00
    endloop
  endfacet
  facet normal 6.930879e-01 -0.000000e+00 7.208531e-01
    outer loop
      vertex   2.777066e+01 0.000000e+00 3.188158e+00
      vertex   2.807693e+01 5.000000e+00 2.893691e+00
      vertex   2.777066e+01 5.000000e+00 3.188158e+00
    endloop
  endfacet
  facet normal 6.171653e-01 -0.000000e+00 7.868335e-01
    outer loop
      vertex   2.777066e+01 0.000000e+00 3.188158e+00
      vertex   2.777066e+01 5.000000e+00 3.188158e+00
      vertex   2.743637e+01 0.000000e+00 3.450369e+00
    endloop
  endfacet
  facet normal 6.171653e-01 -0.000000e+00 7.868335e-01
    outer loop
      vertex   2.743637e+01 0.000000e+00 3.450369e+00
      vertex   2.777066e+01 5.000000e+00 3.188158e+00
      vertex   2.743637e+01 5.000000e+00 3.450369e+00
    endloop
  endfacet
  facet normal 5.349984e-01 -0.000000e+00 8.448531e-01
    outer loop
      vertex   2.743637e+01 0.000000e+00 3.450369e+00
      vertex   2.743637e+01 5.000000e+00 3.450369e+00
      vertex   2.707742e+01 0.000000e+00 3.677670e+00
    endloop
  endfacet
  facet normal 5.349984e-01 -6.102024e-16 8.448531e-01
    outer loop
      vertex   2.707742e+01 0.000000e+00 3.677670e+00
      vertex   2.743637e+01 5.000000e+00 3.450369e+00
      vertex   2.707742e+01 5.000000e+00 3.677670e+00
    endloop
  endfacet
  facet normal 4.474186e-01 -4.769561e-16 8.943247e-01
    outer loop
      vertex   2.707742e+01 0.000000e+00 3.677670e+00
      vertex   2.707742e+01 5.000000e+00 3.677670e+00
      vertex   2.669746e+01 0.000000e+00 3.867761e+00
    endloop
  endfacet
  facet normal 4.474186e-01 -2.384780e-16 8.943247e-01
    outer loop
      vertex   2.669746e+01 0.000000e+00 3.867761e+00
      vertex   2.707742e+01 5.000000e+00 3.677670e+00
      vertex   2.669746e+01 5.000000e+00 3.867761e+00
    endloop
  endfacet
  facet normal 3.553119e-01 -1.694420e-16 9.347478e-01
    outer loop
      vertex   2.669746e+01 0.000000e+00 3.867761e+00
      vertex   2.669746e+01 5.000000e+00 3.867761e+00
      vertex   2.630032e+01 0.000000e+00 4.018720e+00
    endloop
  endfacet
  facet normal 3.553119e-01 -0.000000e+00 9.347478e-01
    outer loop
      vertex   2.630032e+01 0.000000e+00 4.018720e+00
      vertex   2.669746e+01 5.000000e+00 3.867761e+00
      vertex   2.630032e+01 5.000000e+00 4.018720e+00
    endloop
  endfacet
  facet normal 2.596104e-01 -0.000000e+00 9.657134e-01
    outer loop
      vertex   2.630032e+01 0.000000e+00 4.018720e+00
      vertex   2.630032e+01 5.000000e+00 4.018720e+00
      vertex   2.589002e+01 0.000000e+00 4.129019e+00
    endloop
  endfacet
  facet normal 2.596104e-01 -0.000000e+00 9.657134e-01
    outer loop
      vertex   2.589002e+01 0.000000e+00 4.129019e+00
      vertex   2.630032e+01 5.000000e+00 4.018720e+00
      vertex   2.589002e+01 5.000000e+00 4.129019e+00
    endloop
  endfacet
  facet normal 1.612821e-01 -0.000000e+00 9.869083e-01
    outer loop
      vertex   2.589002e+01 0.000000e+00 4.129019e+00
      vertex   2.589002e+01 5.000000e+00 4.129019e+00
      vertex   2.547072e+01 0.000000e+00 4.197542e+00
    endloop
  endfacet
  facet normal 1.612821e-01 -0.000000e+00 9.869083e-01
    outer loop
      vertex   2.547072e+01 0.000000e+00 4.197542e+00
      vertex   2.589002e+01 5.000000e+00 4.129019e+00
      vertex   2.547072e+01 5.000000e+00 4.197542e+00
    endloop
  endfacet
  facet normal 6.132212e-02 -0.000000e+00 9.981180e-01
    outer loop
      vertex   2.547072e+01 0.000000e+00 4.197542e+00
      vertex   2.547072e+01 5.000000e+00 4.197542e+00
      vertex   2.504666e+01 0.000000e+00 4.223596e+00
    endloop
  endfacet
  facet normal 6.132212e-02 -0.000000e+00 9.981180e-01
    outer loop
      vertex   2.504666e+01 0.000000e+00 4.223596e+00
      vertex   2.547072e+01 5.000000e+00 4.197542e+00
      vertex   2.504666e+01 5.000000e+00 4.223596e+00
    endloop
  endfacet
  facet normal 1.104587e-02 -1.815491e-15 9.999390e-01
    outer loop
      vertex   1.328264e+01 6.000000e+00 4.353547e+00
      vertex   4.970642e-02 6.000000e+00 4.499725e+00
      vertex   1.328264e+01 5.000000e+00 4.353547e+00
    endloop
  endfacet
  facet normal 1.104587e-02 -9.365403e-19 9.999390e-01
    outer loop
      vertex   1.328264e+01 5.000000e+00 4.353547e+00
      vertex   4.970642e-02 6.000000e+00 4.499725e+00
      vertex   4.970642e-02 0.000000e+00 4.499725e+00
    endloop
  endfacet
  facet normal 1.104587e-02 3.336953e-16 9.999390e-01
    outer loop
      vertex   1.328264e+01 5.000000e+00 4.353547e+00
      vertex   4.970642e-02 0.000000e+00 4.499725e+00
      vertex   2.504666e+01 0.000000e+00 4.223596e+00
    endloop
  endfacet
  facet normal 1.104587e-02 -0.000000e+00 9.999390e-01
    outer loop
      vertex   2.504666e+01 0.000000e+00 4.223596e+00
      vertex   2.504666e+01 5.000000e+00 4.223596e+00
      vertex   1.328264e+01 5.000000e+00 4.353547e+00
    endloop
  endfacet
  facet normal 0.000000e+00 -1.000000e+00 0.000000e+00
    outer loop
      vertex   2.338342e+01 0.000000e+00 2.800000e+00
      vertex   1.083651e+00 0.000000e+00 1.177158e+00
      vertex   2.176684e+01 0.000000e+00 2.775558e-15
    endloop
  endfacet
  facet normal 0.000000e+00 -1.000000e+00 0.000000e+00
    outer loop
      vertex   2.176684e+01 0.000000e+00 2.775558e-15
      vertex   1.083651e+00 0.000000e+00 1.177158e+00
      vertex   1.262625e+00 0.000000e+00 9.827403e-01
    endloop
  endfacet
  facet normal 0.000000e+00 -1.000000e+00 0.000000e+00
    outer loop
      vertex   2.176684e+01 0.000000e+00 2.775558e-15
      vertex   1.262625e+00 0.000000e+00 9.827403e-01
      vertex   1.407158e+00 0.000000e+00 7.615158e-01
    endloop
  endfacet
  facet normal 0.000000e+00 -1.000000e+00 0.000000e+00
    outer loop
      vertex   2.661658e+01 0.000000e+00 2.800000e+00
      vertex   2.743637e+01 0.000000e+00 3.450369e+00
      vertex   2.338342e+01 0.000000e+00 2.800000e+00
    endloop
  endfacet
  facet normal 0.000000e+00 -1.000000e+00 0.000000e+00
    outer loop
      vertex   2.338342e+01 0.000000e+00 2.800000e+00
      vertex   2.743637e+01 0.000000e+00 3.450369e+00
      vertex   2.707742e+01 0.000000e+00 3.677670e+00
    endloop
  endfacet
  facet normal 0.000000e+00 -1.000000e+00 0.000000e+00
    outer loop
      vertex   2.338342e+01 0.000000e+00 2.800000e+00
      vertex   2.707742e+01 0.000000e+00 3.677670e+00
      vertex   2.669746e+01 0.000000e+00 3.867761e+00
    endloop
  endfacet
  facet normal 0.000000e+00 -1.000000e+00 0.000000e+00
    outer loop
      vertex   2.823316e+01 0.000000e+00 -4.440892e-15
      vertex   2.896457e+01 0.000000e+00 1.457082e+00
      vertex   2.661658e+01 0.000000e+00 2.800000e+00
    endloop
  endfacet
  facet normal 0.000000e+00 -1.000000e+00 0.000000e+00
    outer loop
      vertex   2.661658e+01 0.000000e+00 2.800000e+00
      vertex   2.896457e+01 0.000000e+00 1.457082e+00
      vertex   2.879814e+01 0.000000e+00 1.847989e+00
    endloop
  endfacet
  facet normal 0.000000e+00 -1.000000e+00 0.000000e+00
    outer loop
      vertex   2.661658e+01 0.000000e+00 2.800000e+00
      vertex   2.879814e+01 0.000000e+00 1.847989e+00
      vertex   2.859328e+01 0.000000e+00 2.220199e+00
    endloop
  endfacet
  facet normal 0.000000e+00 -1.000000e+00 0.000000e+00
    outer loop
      vertex   2.661658e+01 0.000000e+00 -2.800000e+00
      vertex   2.896457e+01 0.000000e+00 -1.457082e+00
      vertex   2.823316e+01 0.000000e+00 -4.440892e-15
    endloop
  endfacet
  facet normal 0.000000e+00 -1.000000e+00 0.000000e+00
    outer loop
      vertex   2.823316e+01 0.000000e+00 -4.440892e-15
      vertex   2.896457e+01 0.000000e+00 -1.457082e+00
      vertex   2.909090e+01 0.000000e+00 -1.051433e+00
    endloop
  endfacet
  facet normal 0.000000e+00 -1.000000e+00 0.000000e+00
    outer loop
      vertex   2.823316e+01 0.000000e+00 -4.440892e-15
      vertex   2.909090e+01 0.000000e+00 -1.051433e+00
      vertex   2.917583e+01 0.000000e+00 -6.351452e-01
    endloop
  endfacet
  facet normal 0.000000e+00 -1.000000e+00 0.000000e+00
    outer loop
      vertex   2.338342e+01 0.000000e+00 -2.800000e+00
      vertex   2.743637e+01 0.000000e+00 -3.450369e+00
      vertex   2.661658e+01 0.000000e+00 -2.800000e+00
    endloop
  endfacet
  facet normal 0.000000e+00 -1.000000e+00 0.000000e+00
    outer loop
      vertex   2.661658e+01 0.000000e+00 -2.800000e+00
      vertex   2.743637e+01 0.000000e+00 -3.450369e+00
      vertex   2.777066e+01 0.000000e+00 -3.188158e+00
    endloop
  endfacet
  facet normal 0.000000e+00 -1.000000e+00 0.000000e+00
    outer loop
      vertex   2.661658e+01 0.000000e+00 -2.800000e+00
      vertex   2.777066e+01 0.000000e+00 -3.188158e+00
      vertex   2.807693e+01 0.000000e+00 -2.893691e+00
    endloop
  endfacet
  facet normal 0.000000e+00 -1.000000e+00 -0.000000e+00
    outer loop
      vertex   2.176684e+01 0.000000e+00 2.775558e-15
      vertex   1.083651e+00 0.000000e+00 -1.177158e+00
      vertex   2.338342e+01 0.000000e+00 -2.800000e+00
    endloop
  endfacet
  facet normal 0.000000e+00 -1.000000e+00 0.000000e+00
    outer loop
      vertex   2.338342e+01 0.000000e+00 -2.800000e+00
      vertex   1.083651e+00 0.000000e+00 -1.177158e+00
      vertex   8.751171e-01 0.000000e+00 -1.339466e+00
    endloop
  endfacet
  facet normal 0.000000e+00 -1.000000e+00 0.000000e+00
    outer loop
      vertex   2.338342e+01 0.000000e+00 -2.800000e+00
      vertex   8.751171e-01 0.000000e+00 -1.339466e+00
      vertex   6.427127e-01 0.000000e+00 -1.465237e+00
    endloop
  endfacet
  facet normal 0.000000e+00 -1.000000e+00 0.000000e+00
    outer loop
      vertex   1.578178e+00 0.000000e+00 2.633513e-01
      vertex   1.600000e+00 0.000000e+00 -1.959435e-16
      vertex   2.176684e+01 0.000000e+00 2.775558e-15
    endloop
  endfacet
  facet normal 0.000000e+00 -1.000000e+00 0.000000e+00
    outer loop
      vertex   2.176684e+01 0.000000e+00 2.775558e-15
      vertex   1.600000e+00 0.000000e+00 -1.959435e-16
      vertex   1.578178e+00 0.000000e+00 -2.633513e-01
    endloop
  endfacet
  facet normal 0.000000e+00 -1.000000e+00 0.000000e+00
    outer loop
      vertex   2.176684e+01 0.000000e+00 2.775558e-15
      vertex   1.578178e+00 0.000000e+00 -2.633513e-01
      vertex   1.513308e+00 0.000000e+00 -5.195192e-01
    endloop
  endfacet
  facet normal 0.000000e+00 -1.000000e+00 -0.000000e+00
    outer loop
      vertex   1.513308e+00 0.000000e+00 -5.195192e-01
      vertex   1.407158e+00 0.000000e+00 -7.615158e-01
      vertex   2.176684e+01 0.000000e+00 2.775558e-15
    endloop
  endfacet
  facet normal 0.000000e+00 -1.000000e+00 0.000000e+00
    outer loop
      vertex   2.176684e+01 0.000000e+00 2.775558e-15
      vertex   1.407158e+00 0.000000e+00 -7.615158e-01
      vertex   1.262625e+00 0.000000e+00 -9.827403e-01
    endloop
  endfacet
  facet normal 0.000000e+00 -1.000000e+00 0.000000e+00
    outer loop
      vertex   2.176684e+01 0.000000e+00 2.775558e-15
      vertex   1.262625e+00 0.000000e+00 -9.827403e-01
      vertex   1.083651e+00 0.000000e+00 -1.177158e+00
    endloop
  endfacet
  facet normal -0.000000e+00 -1.000000e+00 0.000000e+00
    outer loop
      vertex   2.338342e+01 0.000000e+00 -2.800000e+00
      vertex   6.427127e-01 0.000000e+00 -1.465237e+00
      vertex   4.970642e-02 0.000000e+00 -4.499725e+00
    endloop
  endfacet
  facet normal 0.000000e+00 -1.000000e+00 0.000000e+00
    outer loop
      vertex   4.970642e-02 0.000000e+00 -4.499725e+00
      vertex   6.427127e-01 0.000000e+00 -1.465237e+00
      vertex   3.927768e-01 0.000000e+00 -1.551040e+00
    endloop
  endfacet
  facet normal 0.000000e+00 -1.000000e+00 0.000000e+00
    outer loop
      vertex   4.970642e-02 0.000000e+00 -4.499725e+00
      vertex   3.927768e-01 0.000000e+00 -1.551040e+00
      vertex   1.321270e-01 0.000000e+00 -1.594535e+00
    endloop
  endfacet
  facet normal 0.000000e+00 -1.000000e+00 -0.000000e+00
    outer loop
      vertex   -1.321270e-01 0.000000e+00 -1.594535e+00
      vertex   -3.464710e+00 0.000000e+00 -2.871547e+00
      vertex   1.321270e-01 0.000000e+00 -1.594535e+00
    endloop
  endfacet
  facet normal 0.000000e+00 -1.000000e+00 0.000000e+00
    outer loop
      vertex   1.321270e-01 0.000000e+00 -1.594535e+00
      vertex   -3.464710e+00 0.000000e+00 -2.871547e+00
      vertex   -3.164358e+00 0.000000e+00 -3.199506e+00
    endloop
  endfacet
  facet normal 0.000000e+00 -1.000000e+00 0.000000e+00
    outer loop
      vertex   1.321270e-01 0.000000e+00 -1.594535e+00
      vertex   -3.164358e+00 0.000000e+00 -3.199506e+00
      vertex   -2.833101e+00 0.000000e+00 -3.496218e+00
    endloop
  endfacet
  facet normal 0.000000e+00 -1.000000e+00 -0.000000e+00
    outer loop
      vertex   -3.927768e-01 0.000000e+00 -1.551040e+00
      vertex   -3.961300e+00 0.000000e+00 -2.134972e+00
      vertex   -1.321270e-01 0.000000e+00 -1.594535e+00
    endloop
  endfacet
  facet normal 0.000000e+00 -1.000000e+00 0.000000e+00
    outer loop
      vertex   -1.321270e-01 0.000000e+00 -1.594535e+00
      vertex   -3.961300e+00 0.000000e+00 -2.134972e+00
      vertex   -3.731225e+00 0.000000e+00 -2.515543e+00
    endloop
  endfacet
  facet normal 0.000000e+00 -1.000000e+00 0.000000e+00
    outer loop
      vertex   -1.321270e-01 0.000000e+00 -1.594535e+00
      vertex   -3.731225e+00 0.000000e+00 -2.515543e+00
      vertex   -3.464710e+00 0.000000e+00 -2.871547e+00
    endloop
  endfacet
  facet normal 0.000000e+00 -1.000000e+00 0.000000e+00
    outer loop
      vertex   -3.961300e+00 0.000000e+00 -2.134972e+00
      vertex   -3.927768e-01 0.000000e+00 -1.551040e+00
      vertex   -4.152686e+00 0.000000e+00 -1.733550e+00
    endloop
  endfacet
  facet normal 0.000000e+00 -1.000000e+00 0.000000e+00
    outer loop
      vertex   -4.152686e+00 0.000000e+00 -1.733550e+00
      vertex   -3.927768e-01 0.000000e+00 -1.551040e+00
      vertex   -6.427127e-01 0.000000e+00 -1.465237e+00
    endloop
  endfacet
  facet normal 0.000000e+00 -1.000000e+00 0.000000e+00
    outer loop
      vertex   -4.152686e+00 0.000000e+00 -1.733550e+00
      vertex   -6.427127e-01 0.000000e+00 -1.465237e+00
      vertex   -8.751171e-01 0.000000e+00 -1.339466e+00
    endloop
  endfacet
  facet normal 0.000000e+00 -1.000000e+00 0.000000e+00
    outer loop
      vertex   -4.152686e+00 0.000000e+00 -1.733550e+00
      vertex   -8.751171e-01 0.000000e+00 -1.339466e+00
      vertex   -4.303517e+00 0.000000e+00 -1.315197e+00
    endloop
  endfacet
  facet normal 0.000000e+00 -1.000000e+00 0.000000e+00
    outer loop
      vertex   -4.303517e+00 0.000000e+00 -1.315197e+00
      vertex   -8.751171e-01 0.000000e+00 -1.339466e+00
      vertex   -1.083651e+00 0.000000e+00 -1.177158e+00
    endloop
  endfacet
  facet normal 0.000000e+00 -1.000000e+00 0.000000e+00
    outer loop
      vertex   -4.303517e+00 0.000000e+00 -1.315197e+00
      vertex   -1.083651e+00 0.000000e+00 -1.177158e+00
      vertex   -1.262625e+00 0.000000e+00 -9.827403e-01
    endloop
  endfacet
  facet normal 0.000000e+00 -1.000000e+00 0.000000e+00
    outer loop
      vertex   -4.303517e+00 0.000000e+00 -1.315197e+00
      vertex   -1.262625e+00 0.000000e+00 -9.827403e-01
      vertex   -4.412317e+00 0.000000e+00 -8.839997e-01
    endloop
  endfacet
  facet normal 0.000000e+00 -1.000000e+00 0.000000e+00
    outer loop
      vertex   -4.412317e+00 0.000000e+00 -8.839997e-01
      vertex   -1.262625e+00 0.000000e+00 -9.827403e-01
      vertex   -1.407158e+00 0.000000e+00 -7.615158e-01
    endloop
  endfacet
  facet normal 0.000000e+00 -1.000000e+00 0.000000e+00
    outer loop
      vertex   -4.412317e+00 0.000000e+00 -8.839997e-01
      vertex   -1.407158e+00 0.000000e+00 -7.615158e-01
      vertex   -1.513308e+00 0.000000e+00 -5.195192e-01
    endloop
  endfacet
  facet normal 0.000000e+00 -1.000000e+00 0.000000e+00
    outer loop
      vertex   -4.412317e+00 0.000000e+00 -8.839997e-01
      vertex   -1.513308e+00 0.000000e+00 -5.195192e-01
      vertex   -4.478026e+00 0.000000e+00 -4.441688e-01
    endloop
  endfacet
  facet normal 0.000000e+00 -1.000000e+00 0.000000e+00
    outer loop
      vertex   -4.478026e+00 0.000000e+00 -4.441688e-01
      vertex   -1.513308e+00 0.000000e+00 -5.195192e-01
      vertex   -1.578178e+00 0.000000e+00 -2.633513e-01
    endloop
  endfacet
  facet normal 0.000000e+00 -1.000000e+00 0.000000e+00
    outer loop
      vertex   -4.478026e+00 0.000000e+00 -4.441688e-01
      vertex   -1.578178e+00 0.000000e+00 -2.633513e-01
      vertex   -4.500000e+00 0.000000e+00 -1.256807e-14
    endloop
  endfacet
  facet normal 0.000000e+00 -1.000000e+00 0.000000e+00
    outer loop
      vertex   -4.500000e+00 0.000000e+00 -1.256807e-14
      vertex   -1.578178e+00 0.000000e+00 -2.633513e-01
      vertex   -1.600000e+00 0.000000e+00 0.000000e+00
    endloop
  endfacet
  facet normal 0.000000e+00 -1.000000e+00 0.000000e+00
    outer loop
      vertex   -4.500000e+00 0.000000e+00 -1.256807e-14
      vertex   -1.600000e+00 0.000000e+00 0.000000e+00
      vertex   -1.578178e+00 0.000000e+00 2.633513e-01
    endloop
  endfacet
  facet normal 0.000000e+00 -1.000000e+00 0.000000e+00
    outer loop
      vertex   -4.500000e+00 0.000000e+00 -1.256807e-14
      vertex   -1.578178e+00 0.000000e+00 2.633513e-01
      vertex   -4.478026e+00 0.000000e+00 4.441688e-01
    endloop
  endfacet
  facet normal 0.000000e+00 -1.000000e+00 0.000000e+00
    outer loop
      vertex   -4.478026e+00 0.000000e+00 4.441688e-01
      vertex   -1.578178e+00 0.000000e+00 2.633513e-01
      vertex   -1.513308e+00 0.000000e+00 5.195192e-01
    endloop
  endfacet
  facet normal 0.000000e+00 -1.000000e+00 0.000000e+00
    outer loop
      vertex   -4.478026e+00 0.000000e+00 4.441688e-01
      vertex   -1.513308e+00 0.000000e+00 5.195192e-01
      vertex   -4.412317e+00 0.000000e+00 8.839997e-01
    endloop
  endfacet
  facet normal 0.000000e+00 -1.000000e+00 0.000000e+00
    outer loop
      vertex   -4.412317e+00 0.000000e+00 8.839997e-01
      vertex   -1.513308e+00 0.000000e+00 5.195192e-01
      vertex   -1.407158e+00 0.000000e+00 7.615158e-01
    endloop
  endfacet
  facet normal 0.000000e+00 -1.000000e+00 0.000000e+00
    outer loop
      vertex   -4.412317e+00 0.000000e+00 8.839997e-01
      vertex   -1.407158e+00 0.000000e+00 7.615158e-01
      vertex   -1.262625e+00 0.000000e+00 9.827403e-01
    endloop
  endfacet
  facet normal 0.000000e+00 -1.000000e+00 0.000000e+00
    outer loop
      vertex   -4.412317e+00 0.000000e+00 8.839997e-01
      vertex   -1.262625e+00 0.000000e+00 9.827403e-01
      vertex   -4.303517e+00 0.000000e+00 1.315197e+00
    endloop
  endfacet
  facet normal 0.000000e+00 -1.000000e+00 0.000000e+00
    outer loop
      vertex   -4.303517e+00 0.000000e+00 1.315197e+00
      vertex   -1.262625e+00 0.000000e+00 9.827403e-01
      vertex   -1.083651e+00 0.000000e+00 1.177158e+00
    endloop
  endfacet
  facet normal 0.000000e+00 -1.000000e+00 0.000000e+00
    outer loop
      vertex   -4.303517e+00 0.000000e+00 1.315197e+00
      vertex   -1.083651e+00 0.000000e+00 1.177158e+00
      vertex   -8.751171e-01 0.000000e+00 1.339466e+00
    endloop
  endfacet
  facet normal 0.000000e+00 -1.000000e+00 0.000000e+00
    outer loop
      vertex   -4.303517e+00 0.000000e+00 1.315197e+00
      vertex   -8.751171e-01 0.000000e+00 1.339466e+00
      vertex   -4.152686e+00 0.000000e+00 1.733550e+00
    endloop
  endfacet
  facet normal 0.000000e+00 -1.000000e+00 0.000000e+00
    outer loop
      vertex   -4.152686e+00 0.000000e+00 1.733550e+00
      vertex   -8.751171e-01 0.000000e+00 1.339466e+00
      vertex   -6.427127e-01 0.000000e+00 1.465237e+00
    endloop
  endfacet
  facet normal 0.000000e+00 -1.000000e+00 0.000000e+00
    outer loop
      vertex   -4.152686e+00 0.000000e+00 1.733550e+00
      vertex   -6.427127e-01 0.000000e+00 1.465237e+00
      vertex   -3.927768e-01 0.000000e+00 1.551040e+00
    endloop
  endfacet
  facet normal 0.000000e+00 -1.000000e+00 0.000000e+00
    outer loop
      vertex   -4.152686e+00 0.000000e+00 1.733550e+00
      vertex   -3.927768e-01 0.000000e+00 1.551040e+00
      vertex   -3.961300e+00 0.000000e+00 2.134972e+00
    endloop
  endfacet
  facet normal 0.000000e+00 -1.000000e+00 0.000000e+00
    outer loop
      vertex   -3.961300e+00 0.000000e+00 2.134972e+00
      vertex   -3.927768e-01 0.000000e+00 1.551040e+00
      vertex   -1.321270e-01 0.000000e+00 1.594535e+00
    endloop
  endfacet
  facet normal 0.000000e+00 -1.000000e+00 0.000000e+00
    outer loop
      vertex   -3.961300e+00 0.000000e+00 2.134972e+00
      vertex   -1.321270e-01 0.000000e+00 1.594535e+00
      vertex   -3.731225e+00 0.000000e+00 2.515543e+00
    endloop
  endfacet
  facet normal 0.000000e+00 -1.000000e+00 0.000000e+00
    outer loop
      vertex   -3.731225e+00 0.000000e+00 2.515543e+00
      vertex   -1.321270e-01 0.000000e+00 1.594535e+00
      vertex   -3.464710e+00 0.000000e+00 2.871547e+00
    endloop
  endfacet
  facet normal 0.000000e+00 -1.000000e+00 0.000000e+00
    outer loop
      vertex   -3.464710e+00 0.000000e+00 2.871547e+00
      vertex   -1.321270e-01 0.000000e+00 1.594535e+00
      vertex   1.321270e-01 0.000000e+00 1.594535e+00
    endloop
  endfacet
  facet normal 0.000000e+00 -1.000000e+00 0.000000e+00
    outer loop
      vertex   -3.464710e+00 0.000000e+00 2.871547e+00
      vertex   1.321270e-01 0.000000e+00 1.594535e+00
      vertex   -3.164358e+00 0.000000e+00 3.199506e+00
    endloop
  endfacet
  facet normal 0.000000e+00 -1.000000e+00 0.000000e+00
    outer loop
      vertex   -3.164358e+00 0.000000e+00 3.199506e+00
      vertex   1.321270e-01 0.000000e+00 1.594535e+00
      vertex   -2.833101e+00 0.000000e+00 3.496218e+00
    endloop
  endfacet
  facet normal 0.000000e+00 -1.000000e+00 0.000000e+00
    outer loop
      vertex   -2.833101e+00 0.000000e+00 3.496218e+00
      vertex   1.321270e-01 0.000000e+00 1.594535e+00
      vertex   -2.474175e+00 0.000000e+00 3.758784e+00
    endloop
  endfacet
  facet normal 0.000000e+00 -1.000000e+00 0.000000e+00
    outer loop
      vertex   -2.474175e+00 0.000000e+00 3.758784e+00
      vertex   1.321270e-01 0.000000e+00 1.594535e+00
      vertex   4.970642e-02 0.000000e+00 4.499725e+00
    endloop
  endfacet
  facet normal 0.000000e+00 -1.000000e+00 0.000000e+00
    outer loop
      vertex   -2.474175e+00 0.000000e+00 3.758784e+00
      vertex   4.970642e-02 0.000000e+00 4.499725e+00
      vertex   -2.091086e+00 0.000000e+00 3.984641e+00
    endloop
  endfacet
  facet normal 0.000000e+00 -1.000000e+00 0.000000e+00
    outer loop
      vertex   -2.091086e+00 0.000000e+00 3.984641e+00
      vertex   4.970642e-02 0.000000e+00 4.499725e+00
      vertex   -1.687574e+00 0.000000e+00 4.171582e+00
    endloop
  endfacet
  facet normal 0.000000e+00 -1.000000e+00 0.000000e+00
    outer loop
      vertex   -1.687574e+00 0.000000e+00 4.171582e+00
      vertex   4.970642e-02 0.000000e+00 4.499725e+00
      vertex   -1.267581e+00 0.000000e+00 4.317782e+00
    endloop
  endfacet
  facet normal 0.000000e+00 -1.000000e+00 0.000000e+00
    outer loop
      vertex   -1.267581e+00 0.000000e+00 4.317782e+00
      vertex   4.970642e-02 0.000000e+00 4.499725e+00
      vertex   -8.352078e-01 0.000000e+00 4.421813e+00
    endloop
  endfacet
  facet normal 0.000000e+00 -1.000000e+00 0.000000e+00
    outer loop
      vertex   -8.352078e-01 0.000000e+00 4.421813e+00
      vertex   4.970642e-02 0.000000e+00 4.499725e+00
      vertex   -3.946780e-01 0.000000e+00 4.482659e+00
    endloop
  endfacet
  facet normal 0.000000e+00 -1.000000e+00 0.000000e+00
    outer loop
      vertex   1.321270e-01 0.000000e+00 1.594535e+00
      vertex   3.927768e-01 0.000000e+00 1.551040e+00
      vertex   4.970642e-02 0.000000e+00 4.499725e+00
    endloop
  endfacet
  facet normal 0.000000e+00 -1.000000e+00 0.000000e+00
    outer loop
      vertex   4.970642e-02 0.000000e+00 4.499725e+00
      vertex   3.927768e-01 0.000000e+00 1.551040e+00
      vertex   6.427127e-01 0.000000e+00 1.465237e+00
    endloop
  endfacet
  facet normal 0.000000e+00 -1.000000e+00 0.000000e+00
    outer loop
      vertex   4.970642e-02 0.000000e+00 4.499725e+00
      vertex   6.427127e-01 0.000000e+00 1.465237e+00
      vertex   2.338342e+01 0.000000e+00 2.800000e+00
    endloop
  endfacet
  facet normal 0.000000e+00 -1.000000e+00 0.000000e+00
    outer loop
      vertex   2.338342e+01 0.000000e+00 2.800000e+00
      vertex   6.427127e-01 0.000000e+00 1.465237e+00
      vertex   8.751171e-01 0.000000e+00 1.339466e+00
    endloop
  endfacet
  facet normal 0.000000e+00 -1.000000e+00 0.000000e+00
    outer loop
      vertex   2.338342e+01 0.000000e+00 2.800000e+00
      vertex   8.751171e-01 0.000000e+00 1.339466e+00
      vertex   1.083651e+00 0.000000e+00 1.177158e+00
    endloop
  endfacet
  facet normal 0.000000e+00 -1.000000e+00 0.000000e+00
    outer loop
      vertex   1.407158e+00 0.000000e+00 7.615158e-01
      vertex   1.513308e+00 0.000000e+00 5.195192e-01
      vertex   2.176684e+01 0.000000e+00 2.775558e-15
    endloop
  endfacet
  facet normal 0.000000e+00 -1.000000e+00 0.000000e+00
    outer loop
      vertex   2.176684e+01 0.000000e+00 2.775558e-15
      vertex   1.513308e+00 0.000000e+00 5.195192e-01
      vertex   1.578178e+00 0.000000e+00 2.633513e-01
    endloop
  endfacet
  facet normal 0.000000e+00 -1.000000e+00 0.000000e+00
    outer loop
      vertex   -2.833101e+00 0.000000e+00 -3.496218e+00
      vertex   -2.474175e+00 0.000000e+00 -3.758784e+00
      vertex   1.321270e-01 0.000000e+00 -1.594535e+00
    endloop
  endfacet
  facet normal 0.000000e+00 -1.000000e+00 0.000000e+00
    outer loop
      vertex   1.321270e-01 0.000000e+00 -1.594535e+00
      vertex   -2.474175e+00 0.000000e+00 -3.758784e+00
      vertex   4.970642e-02 0.000000e+00 -4.499725e+00
    endloop
  endfacet
  facet normal 0.000000e+00 -1.000000e+00 0.000000e+00
    outer loop
      vertex   -2.474175e+00 0.000000e+00 -3.758784e+00
      vertex   -2.091086e+00 0.000000e+00 -3.984641e+00
      vertex   4.970642e-02 0.000000e+00 -4.499725e+00
    endloop
  endfacet
  facet normal 0.000000e+00 -1.000000e+00 0.000000e+00
    outer loop
      vertex   4.970642e-02 0.000000e+00 -4.499725e+00
      vertex   -2.091086e+00 0.000000e+00 -3.984641e+00
      vertex   -1.687574e+00 0.000000e+00 -4.171582e+00
    endloop
  endfacet
  facet normal 0.000000e+00 -1.000000e+00 0.000000e+00
    outer loop
      vertex   4.970642e-02 0.000000e+00 -4.499725e+00
      vertex   -1.687574e+00 0.000000e+00 -4.171582e+00
      vertex   -1.267581e+00 0.000000e+00 -4.317782e+00
    endloop
  endfacet
  facet normal 0.000000e+00 -1.000000e+00 0.000000e+00
    outer loop
      vertex   -1.267581e+00 0.000000e+00 -4.317782e+00
      vertex   -8.352078e-01 0.000000e+00 -4.421813e+00
      vertex   4.970642e-02 0.000000e+00 -4.499725e+00
    endloop
  endfacet
  facet normal 0.000000e+00 -1.000000e+00 0.000000e+00
    outer loop
      vertex   4.970642e-02 0.000000e+00 -4.499725e+00
      vertex   -8.352078e-01 0.000000e+00 -4.421813e+00
      vertex   -3.946780e-01 0.000000e+00 -4.482659e+00
    endloop
  endfacet
  facet normal 0.000000e+00 -1.000000e+00 0.000000e+00
    outer loop
      vertex   4.970642e-02 0.000000e+00 -4.499725e+00
      vertex   2.504666e+01 0.000000e+00 -4.223596e+00
      vertex   2.338342e+01 0.000000e+00 -2.800000e+00
    endloop
  endfacet
  facet normal 0.000000e+00 -1.000000e+00 0.000000e+00
    outer loop
      vertex   2.338342e+01 0.000000e+00 -2.800000e+00
      vertex   2.504666e+01 0.000000e+00 -4.223596e+00
      vertex   2.630032e+01 0.000000e+00 -4.018720e+00
    endloop
  endfacet
  facet normal 0.000000e+00 -1.000000e+00 0.000000e+00
    outer loop
      vertex   2.338342e+01 0.000000e+00 -2.800000e+00
      vertex   2.630032e+01 0.000000e+00 -4.018720e+00
      vertex   2.669746e+01 0.000000e+00 -3.867761e+00
    endloop
  endfacet
  facet normal -0.000000e+00 -1.000000e+00 0.000000e+00
    outer loop
      vertex   2.547072e+01 0.000000e+00 -4.197542e+00
      vertex   2.589002e+01 0.000000e+00 -4.129019e+00
      vertex   2.504666e+01 0.000000e+00 -4.223596e+00
    endloop
  endfacet
  facet normal 0.000000e+00 -1.000000e+00 0.000000e+00
    outer loop
      vertex   2.504666e+01 0.000000e+00 -4.223596e+00
      vertex   2.589002e+01 0.000000e+00 -4.129019e+00
      vertex   2.630032e+01 0.000000e+00 -4.018720e+00
    endloop
  endfacet
  facet normal 0.000000e+00 -1.000000e+00 0.000000e+00
    outer loop
      vertex   2.669746e+01 0.000000e+00 -3.867761e+00
      vertex   2.707742e+01 0.000000e+00 -3.677670e+00
      vertex   2.338342e+01 0.000000e+00 -2.800000e+00
    endloop
  endfacet
  facet normal 0.000000e+00 -1.000000e+00 0.000000e+00
    outer loop
      vertex   2.338342e+01 0.000000e+00 -2.800000e+00
      vertex   2.707742e+01 0.000000e+00 -3.677670e+00
      vertex   2.743637e+01 0.000000e+00 -3.450369e+00
    endloop
  endfacet
  facet normal 0.000000e+00 -1.000000e+00 0.000000e+00
    outer loop
      vertex   2.807693e+01 0.000000e+00 -2.893691e+00
      vertex   2.835206e+01 0.000000e+00 -2.569946e+00
      vertex   2.661658e+01 0.000000e+00 -2.800000e+00
    endloop
  endfacet
  facet normal 0.000000e+00 -1.000000e+00 0.000000e+00
    outer loop
      vertex   2.661658e+01 0.000000e+00 -2.800000e+00
      vertex   2.835206e+01 0.000000e+00 -2.569946e+00
      vertex   2.859328e+01 0.000000e+00 -2.220199e+00
    endloop
  endfacet
  facet normal 0.000000e+00 -1.000000e+00 0.000000e+00
    outer loop
      vertex   2.661658e+01 0.000000e+00 -2.800000e+00
      vertex   2.859328e+01 0.000000e+00 -2.220199e+00
      vertex   2.879814e+01 0.000000e+00 -1.847989e+00
    endloop
  endfacet
  facet normal -0.000000e+00 -1.000000e+00 0.000000e+00
    outer loop
      vertex   2.879814e+01 0.000000e+00 -1.847989e+00
      vertex   2.896457e+01 0.000000e+00 -1.457082e+00
      vertex   2.661658e+01 0.000000e+00 -2.800000e+00
    endloop
  endfacet
  facet normal 0.000000e+00 -1.000000e+00 0.000000e+00
    outer loop
      vertex   2.917583e+01 0.000000e+00 -6.351452e-01
      vertex   2.921851e+01 0.000000e+00 -2.124315e-01
      vertex   2.823316e+01 0.000000e+00 -4.440892e-15
    endloop
  endfacet
  facet normal 0.000000e+00 -1.000000e+00 0.000000e+00
    outer loop
      vertex   2.823316e+01 0.000000e+00 -4.440892e-15
      vertex   2.921851e+01 0.000000e+00 -2.124315e-01
      vertex   2.921851e+01 0.000000e+00 2.124315e-01
    endloop
  endfacet
  facet normal 0.000000e+00 -1.000000e+00 0.000000e+00
    outer loop
      vertex   2.823316e+01 0.000000e+00 -4.440892e-15
      vertex   2.921851e+01 0.000000e+00 2.124315e-01
      vertex   2.917583e+01 0.000000e+00 6.351452e-01
    endloop
  endfacet
  facet normal -0.000000e+00 -1.000000e+00 0.000000e+00
    outer loop
      vertex   2.917583e+01 0.000000e+00 6.351452e-01
      vertex   2.909090e+01 0.000000e+00 1.051433e+00
      vertex   2.823316e+01 0.000000e+00 -4.440892e-15
    endloop
  endfacet
  facet normal 0.000000e+00 -1.000000e+00 0.000000e+00
    outer loop
      vertex   2.823316e+01 0.000000e+00 -4.440892e-15
      vertex   2.909090e+01 0.000000e+00 1.051433e+00
      vertex   2.896457e+01 0.000000e+00 1.457082e+00
    endloop
  endfacet
  facet normal 0.000000e+00 -1.000000e+00 0.000000e+00
    outer loop
      vertex   2.859328e+01 0.000000e+00 2.220199e+00
      vertex   2.835206e+01 0.000000e+00 2.569946e+00
      vertex   2.661658e+01 0.000000e+00 2.800000e+00
    endloop
  endfacet
  facet normal 0.000000e+00 -1.000000e+00 0.000000e+00
    outer loop
      vertex   2.661658e+01 0.000000e+00 2.800000e+00
      vertex   2.835206e+01 0.000000e+00 2.569946e+00
      vertex   2.807693e+01 0.000000e+00 2.893691e+00
    endloop
  endfacet
  facet normal 0.000000e+00 -1.000000e+00 0.000000e+00
    outer loop
      vertex   2.661658e+01 0.000000e+00 2.800000e+00
      vertex   2.807693e+01 0.000000e+00 2.893691e+00
      vertex   2.777066e+01 0.000000e+00 3.188158e+00
    endloop
  endfacet
  facet normal -0.000000e+00 -1.000000e+00 0.000000e+00
    outer loop
      vertex   2.777066e+01 0.000000e+00 3.188158e+00
      vertex   2.743637e+01 0.000000e+00 3.450369e+00
      vertex   2.661658e+01 0.000000e+00 2.800000e+00
    endloop
  endfacet
  facet normal -0.000000e+00 -1.000000e+00 0.000000e+00
    outer loop
      vertex   2.669746e+01 0.000000e+00 3.867761e+00
      vertex   2.630032e+01 0.000000e+00 4.018720e+00
      vertex   2.338342e+01 0.000000e+00 2.800000e+00
    endloop
  endfacet
  facet normal 0.000000e+00 -1.000000e+00 0.000000e+00
    outer loop
      vertex   2.338342e+01 0.000000e+00 2.800000e+00
      vertex   2.630032e+01 0.000000e+00 4.018720e+00
      vertex   2.504666e+01 0.000000e+00 4.223596e+00
    endloop
  endfacet
  facet normal 0.000000e+00 -1.000000e+00 0.000000e+00
    outer loop
      vertex   2.338342e+01 0.000000e+00 2.800000e+00
      vertex   2.504666e+01 0.000000e+00 4.223596e+00
      vertex   4.970642e-02 0.000000e+00 4.499725e+00
    endloop
  endfacet
  facet normal 0.000000e+00 -1.000000e+00 0.000000e+00
    outer loop
      vertex   2.630032e+01 0.000000e+00 4.018720e+00
      vertex   2.589002e+01 0.000000e+00 4.129019e+00
      vertex   2.504666e+01 0.000000e+00 4.223596e+00
    endloop
  endfacet
  facet normal 0.000000e+00 -1.000000e+00 0.000000e+00
    outer loop
      vertex   2.504666e+01 0.000000e+00 4.223596e+00
      vertex   2.589002e+01 0.000000e+00 4.129019e+00
      vertex   2.547072e+01 0.000000e+00 4.197542e+00
    endloop
  endfacet
endsolid
